BEGIN TRANSACTION;
INSERT INTO `wced_entry` VALUES (2, "a", "1", "<entry page=""1"" id=""2""><form id=""a"" lang=""ceb"">a</form>
<hom role=""n""><pos>n</pos>
<sense n=""0""><trans> letter <tr>A</tr>. </trans>
</sense></hom>
<entry><form id=""walay_a"" lang=""ceb"">walay <abbr expan=""a"" type=""lemma"">—</abbr></form>
<hom>
<sense n=""0""><trans> <tr>illiterate</tr>.
</trans>
</sense></hom></entry></entry>");
INSERT INTO `wced_head` (entryid, head, normalized_head, type, pos) VALUES (2, "a", "a", "m", "n");
INSERT INTO `wced_head` (entryid, head, normalized_head, type, pos) VALUES (2, "walay a", "walay a", "s", "");
INSERT INTO `wced_translation` (entryid, translation) VALUES (2, "A");
INSERT INTO `wced_translation` (entryid, translation) VALUES (2, "illiterate");
INSERT INTO `wced_entry` VALUES (3, "-a", "1", "<entry page=""1"" id=""3""><form id=""x-a"" lang=""ceb"">-a</form>
<hom>
<sense n=""0""><trans> subjunctive direct passive affix. <ix>see</ix> <xr lang=""ceb"" target=""#x-un""><sc>-un</sc></xr>.
</trans>
</sense></hom></entry>");
INSERT INTO `wced_head` (entryid, head, normalized_head, type, pos) VALUES (3, "-a", "-a", "m", "");
INSERT INTO `wced_entry` VALUES (4, "-a(←)", "1", "<entry page=""1"" id=""4""><form id=""x-alx"" lang=""ceb"">-a(←)</form>
<hom>
<sense n=""1""><number>1</number><trans> affix added to nouns forming words which refer to a specific one of several: </trans>
<eg><i lang=""ceb"">Kanang isdáa, dílì kadtu,</i><trans> That fish there, not that one further over. </trans></eg>
<eg><i lang=""ceb"">Háing baláya ang íla?</i><trans> Which house is theirs? </trans></eg>
</sense>
<sense n=""1a""><number>1a</number><trans> added to possessive pronouns: the particular one that belongs to [so-and-so]. </trans>
<eg><i lang=""ceb"">Dakù ang amúang balay, gamay tung iláha,</i><trans> Our house is large, and theirs is small. </trans></eg>
</sense>
<sense n=""2""><number>2</number><trans> affix added to adjectives to form exclamation. </trans>
<eg><i lang=""ceb"">Dakúa uy!</i><trans> My! How big it is! </trans></eg>
<eg><i lang=""ceb"">Patyun tikaw, irúa ka!</i><trans> I’ll kill you, you dog you! </trans></eg>
<eg><i lang=""ceb"">Ngilngígang awtúha à!</i><trans> That’s some car!
</trans></eg>
</sense></hom></entry>");
INSERT INTO `wced_head` (entryid, head, normalized_head, type, pos) VALUES (4, "-a(←)", "-a(←)", "m", "");
INSERT INTO `wced_entry` VALUES (5, "a", "1", "<entry page=""1"" id=""5""><form id=""ax"" lang=""ceb"">á</form>
<hom>
<sense n=""0""><trans> particle used as a pause word before starting to speak. </trans>
</sense>
<sense n=""1""><number>1</number><trans> as a filler. </trans>
<eg><i lang=""ceb"">Á, muanhi ka ugmà?</i><trans> Um, are you going to come here tomorrow? </trans></eg>
</sense>
<sense n=""2""><number>2</number><trans> deprecating or showing unimportance of what just preceded. </trans>
<eg><i lang=""ceb"">Á, paríha ra nákù,</i><trans> Oh, it’s all the same to me. </trans></eg>
<eg><i lang=""ceb"">Á, nagkumidiya lang siya,</i><trans> Oh, he’s just joking. </trans></eg>
</sense>
<sense n=""3""><number>3</number><trans> showing mild disapproval. </trans>
<eg><i lang=""ceb"">Á, dì nà mahímù,</i><trans> Oh, you can’t do that. </trans></eg>
</sense>
<sense n=""4""><number>4</number><trans> recalling or conceding s.t. </trans>
<eg><i lang=""ceb"">Á, duha diay tu,</i><trans> Oh, yes. There were two of them, weren’t there. </trans></eg>
</sense>
<sense n=""4a""><number>4a</number><trans> preceding s.t. just found out. </trans>
<eg><i lang=""ceb"">Á, Lítu diay ímung ngálan,</i><trans> Oh, so your name is Lito. </trans></eg>
<eg><i lang=""ceb"">Á, kanindut,</i><trans> Oh, how nice! </trans></eg>
</sense>
<sense n=""5""><number>5</number><trans> expressing relief. </trans>
<eg><i lang=""ceb"">Á, nahuwasan ku,</i><trans> Ah, what a relief!
</trans></eg>
</sense></hom></entry>");
INSERT INTO `wced_head` (entryid, head, normalized_head, type, pos) VALUES (5, "á", "a", "m", "");
INSERT INTO `wced_entry` VALUES (6, "a", "1", "<entry page=""1"" id=""6""><form id=""aq"" lang=""ceb"">à</form>
<hom>
<sense n=""0""><trans> particle preceding or following a sentence with an adjective predicate. </trans>
</sense>
<sense n=""1""><number>1</number><trans> dismissing s.t. as impractical, too easy, impossible, etc. </trans>
<eg><i lang=""ceb"">À, mu ra diay nà? Kasayun à!</i><trans> Oh, is that all there is to it? How easy it is! </trans></eg>
<eg><i lang=""ceb"">À, ása man ku mutúu nímu,</i><trans> Hm, you think I could believe you? </trans></eg>
</sense>
<sense n=""2""><number>2</number><trans> showing disapproval. </trans>
<eg><i lang=""ceb"">À, hináya nímung mulíhuk,</i><trans> Hm! You sure work slowly! </trans></eg>
</sense>
<sense n=""3""><number>3</number><trans> showing surprise. </trans>
<eg><i lang=""ceb"">À, kanindut nímug sinínà,</i><trans> How come you have such a beautiful dress on!
</trans></eg>
</sense></hom></entry>");
INSERT INTO `wced_head` (entryid, head, normalized_head, type, pos) VALUES (6, "à", "a", "m", "");
INSERT INTO `wced_entry` VALUES (7, "a", "1", "<entry page=""1"" id=""7""><form id=""a6"" lang=""ceb"">ā̀</form>
<hom>
<sense n=""0""><trans> = <xr lang=""ceb"" target=""#axlaq""><sc>álà</sc></xr>.
</trans>
</sense></hom></entry>");
INSERT INTO `wced_head` (entryid, head, normalized_head, type, pos) VALUES (7, "ā̀", "a", "m", "");
INSERT INTO `wced_entry` VALUES (8, "aba1", "1", "<entry page=""1"" id=""8""><form id=""aba"" lang=""ceb"">aba<sub>1</sub></form>
<hom role=""n""><pos>n</pos>
<sense n=""0""><trans> <tr>breast</tr> of fowls.
</trans>
</sense></hom></entry>");
INSERT INTO `wced_head` (entryid, head, normalized_head, type, pos) VALUES (8, "aba", "aba", "s", "n");
INSERT INTO `wced_translation` (entryid, translation) VALUES (8, "breast");
INSERT INTO `wced_entry` VALUES (9, "aba2", "1", "<entry page=""1"" id=""9""><form id=""aba2"" lang=""ceb"">aba<sub>2</sub></form>
<hom>
<sense n=""0""><trans> exclamation of pleasure and surprise. </trans>
<eg><i lang=""ceb"">Aba! Nakadaug ku,</i><trans> My! I won!
</trans></eg>
</sense></hom></entry>");
INSERT INTO `wced_head` (entryid, head, normalized_head, type, pos) VALUES (9, "aba", "aba", "s", "");
INSERT INTO `wced_entry` VALUES (10, "aba tuy", "1", "<entry page=""1"" id=""10""><form id=""axbaq_tuy"" lang=""ceb"">ábà tuy</form>
<hom>
<sense n=""0""><trans> (from <ix>sábà dihà untuy</ix>) <tr>shut up!</tr> </trans>
<eg><i lang=""ceb"">Ábà tuy, maáyu ka lang sa tayáda, wà kay tadtad,</i><trans> Shut up! You’re great at talking, but let’s see you do s.t.
</trans></eg>
</sense></hom></entry>");
INSERT INTO `wced_head` (entryid, head, normalized_head, type, pos) VALUES (10, "ábà tuy", "aba tuy", "m", "");
INSERT INTO `wced_translation` (entryid, translation) VALUES (10, "shut up!");
INSERT INTO `wced_entry` VALUES (11, "abaa", "1", "<entry page=""1"" id=""11""><form id=""abaa"" lang=""ceb"">abaa</form>
<hom>
<sense n=""0""><trans> particle indicating disapproval (literary). </trans>
<eg><i lang=""ceb"">Abaa! Mahū́g ka gánì dihà!</i><trans> Stop that! You might fall!

</trans></eg>
</sense></hom></entry>");
INSERT INTO `wced_head` (entryid, head, normalized_head, type, pos) VALUES (11, "abaa", "abaa", "m", "");
INSERT INTO `wced_entry` VALUES (12, "*abab", "1", "<entry page=""1"" id=""12""><form id=""xxabab"" lang=""ceb"">*abab</form>
<entry><form id=""tagaabad"" lang=""ceb""><abbr expan=""tagaabad"" type=""lemma"">taga-</abbr></form>
<hom role=""n""><pos>n</pos>
<sense n=""0""><trans> <tr>hillbilly</tr>. </trans>
</sense></hom></entry>
<entry><form id=""pakatagaabad"" lang=""ceb""><abbr expan=""pakatagaabad"" type=""lemma"">pakataga-</abbr></form>
<hom role=""v""><pos>v</pos>
<sense n=""0""> <itype>[A13; a12]</itype><trans> act, treat like, consider a hillbilly. </trans>
<eg><i lang=""ceb"">Gipakatagaabab lang ku ninyu. Ihása,</i><trans> You just think I’m a hillbilly. Don’t try to fool me. </trans></eg>
</sense></hom></entry>
<entry><form id=""abab_disaxya"" lang=""ceb""><abbr expan=""abab"" type=""lemma"">—</abbr> disáya</form>
<hom role=""a""><pos>a</pos>
<sense n=""0""><trans> be the <tr>boss</tr> and not henpecked.
</trans>
</sense></hom></entry></entry>");
INSERT INTO `wced_head` (entryid, head, normalized_head, type, pos) VALUES (12, "abab", "abab", "s", "");
INSERT INTO `wced_head` (entryid, head, normalized_head, type, pos) VALUES (12, "tagaabad", "tagaabad", "s", "n");
INSERT INTO `wced_head` (entryid, head, normalized_head, type, pos) VALUES (12, "pakatagaabad", "pakatagaabad", "s", "v");
INSERT INTO `wced_head` (entryid, head, normalized_head, type, pos) VALUES (12, "abab disáya", "abab disaya", "s", "a");
INSERT INTO `wced_translation` (entryid, translation) VALUES (12, "hillbilly");
INSERT INTO `wced_translation` (entryid, translation) VALUES (12, "boss");
INSERT INTO `wced_entry` VALUES (13, "ab-ab", "1", "<entry page=""1"" id=""13""><form id=""ab-ab"" lang=""ceb"">ab-ab</form>
<hom role=""v""><pos>v</pos>
<sense n=""0""> <itype>[A; a]</itype><trans> </trans>
</sense>
<sense n=""1""><number>1</number><trans> <tr>chew</tr> to pieces. </trans>
<eg><i lang=""ceb"">Ab-ábun sa irù ang íyang hikut,</i><trans> The dog will chew up his rope. </trans></eg>
</sense>
<sense n=""2""><number>2</number><trans> <tr>eat away</tr>, <tr>erode</tr>. </trans>
<eg><i lang=""ceb"">Ang pagluib ni Maríya nag-ab-ab sa íyang balatían,</i><trans> Maria’s infidelity ate away at his insides. </trans></eg>
<eg><i lang=""ceb"">Giab-ab ang íyang pinútì sa tayà,</i><trans> His sword was eaten away by rust. </trans></eg>
</sense>
<sense n=""3""><number>3</number><trans> <tr>fester</tr>. </trans>
<eg><i lang=""ceb"">Ang nag-ab-ab kung núka,</i><trans> My festering wound.†
</trans></eg>
</sense></hom></entry>");
INSERT INTO `wced_head` (entryid, head, normalized_head, type, pos) VALUES (13, "ab-ab", "ab-ab", "m", "v");
INSERT INTO `wced_translation` (entryid, translation) VALUES (13, "chew");
INSERT INTO `wced_translation` (entryid, translation) VALUES (13, "eat away");
INSERT INTO `wced_translation` (entryid, translation) VALUES (13, "erode");
INSERT INTO `wced_translation` (entryid, translation) VALUES (13, "fester");
INSERT INTO `wced_entry` VALUES (14, "abad", "1", "<entry page=""1"" id=""14""><form id=""abad"" lang=""ceb"">abad</form>
<hom role=""n""><pos>n</pos>
<sense n=""0""><trans> <tr>abbot</tr>.
</trans>
</sense></hom></entry>");
INSERT INTO `wced_head` (entryid, head, normalized_head, type, pos) VALUES (14, "abad", "abad", "m", "n");
INSERT INTO `wced_translation` (entryid, translation) VALUES (14, "abbot");
INSERT INTO `wced_entry` VALUES (15, "abag", "1", "<entry page=""1"" id=""15""><form id=""axbag"" lang=""ceb"">ábag</form>
<hom role=""v""><pos>v</pos>
<sense n=""0""> <itype>[A; b]</itype><trans> give material <tr>help</tr>, help do work. </trans>
<eg><i lang=""ceb"">Kinsa may mag-ábag nímu sa ímung pag-iskuyla?</i><trans> Who will help pay for your schooling? </trans></eg>
<eg><i lang=""ceb"">Abági ku áring pagsilhig,</i><trans> Help me sweep. </trans></eg>
</sense></hom>
<hom role=""n""><pos>n</pos>
<sense n=""0""><trans> help given. </trans>
</sense></hom>
<entry><form id=""kaaxbag"" lang=""ceb""><abbr expan=""kaábag"" type=""lemma"">ka-</abbr></form>
<hom role=""n""><pos>n</pos>
<sense n=""0""><trans> <tr>helper</tr>.
</trans>
</sense></hom></entry></entry>");
INSERT INTO `wced_head` (entryid, head, normalized_head, type, pos) VALUES (15, "ábag", "abag", "m", "vn");
INSERT INTO `wced_head` (entryid, head, normalized_head, type, pos) VALUES (15, "kaábag", "kaabag", "s", "n");
INSERT INTO `wced_translation` (entryid, translation) VALUES (15, "help");
INSERT INTO `wced_translation` (entryid, translation) VALUES (15, "helper");
INSERT INTO `wced_entry` VALUES (16, "abaga", "1", "<entry page=""1"" id=""16""><form id=""abaga"" lang=""ceb"">abaga</form>
<hom role=""n""><pos>n</pos>
<sense n=""0""><trans> <tr>sweet potatoes</tr> growing from the outer vines and not from the main root.
</trans>
</sense></hom></entry>");
INSERT INTO `wced_head` (entryid, head, normalized_head, type, pos) VALUES (16, "abaga", "abaga", "m", "n");
INSERT INTO `wced_translation` (entryid, translation) VALUES (16, "sweet potatoes");
INSERT INTO `wced_entry` VALUES (17, "abaga", "1", "<entry page=""1"" id=""17""><form id=""abaxga"" lang=""ceb"">abága</form>
<hom role=""n""><pos>n</pos>
<sense n=""0""><trans> <tr>shoulder</tr>. </trans>
</sense></hom>
<hom role=""v""><pos>v</pos>
<sense n=""0""> <itype>[A2SN; b5]</itype><trans> </trans>
</sense>
<sense n=""1""><number>1</number><trans> take financial <tr>responsibility</tr>. </trans>
<eg><i lang=""ceb"">Abagáhun (pangabagáhun, pangabagáhan) ni Mánuy níya ang galastúhan sa pag-iskuyla,</i><trans> His brother will shoulder his school expenses. </trans></eg>
</sense>
<sense n=""2""><number>2</number><trans> take responsibility for accomplishing s.t. </trans>
<eg><i lang=""ceb"">Kita giyuy muabága (mangabága) áning prugramáha,</i><trans> We must undertake to carry out this program. </trans></eg>
</sense></hom>
<entry><form id=""abaga"" lang=""ceb""><abbr expan=""abaga"" type=""lemma"">(→)</abbr></form>
<hom>
<sense n=""0""><trans> = <xr lang=""ceb"" target=""#abaxga""><sc>abága</sc></xr>, <i lang=""ceb"">v</i>. </trans>
</sense></hom></entry>
<entry><form id=""pangabaxga"" lang=""ceb""><abbr expan=""pangabága"" type=""lemma"">paN-</abbr></form>
<hom role=""n""><pos>n</pos>
<sense n=""0""><trans> <tr>right-hand-man</tr>. </trans>
</sense></hom></entry>
<entry><form id=""abagaxhun"" lang=""ceb"">abagáhun</form>
<hom role=""a""><pos>a</pos>
<sense n=""0""><trans> <tr>broad-shouldered</tr>.
</trans>
</sense></hom></entry></entry>");
INSERT INTO `wced_head` (entryid, head, normalized_head, type, pos) VALUES (17, "abága", "abaga", "m", "nv");
INSERT INTO `wced_head` (entryid, head, normalized_head, type, pos) VALUES (17, "abaga", "abaga", "s", "");
INSERT INTO `wced_head` (entryid, head, normalized_head, type, pos) VALUES (17, "pangabága", "pangabaga", "s", "n");
INSERT INTO `wced_head` (entryid, head, normalized_head, type, pos) VALUES (17, "abagáhun", "abagahun", "s", "a");
INSERT INTO `wced_translation` (entryid, translation) VALUES (17, "shoulder");
INSERT INTO `wced_translation` (entryid, translation) VALUES (17, "responsibility");
INSERT INTO `wced_translation` (entryid, translation) VALUES (17, "right-hand-man");
INSERT INTO `wced_translation` (entryid, translation) VALUES (17, "broad-shouldered");
INSERT INTO `wced_entry` VALUES (18, "*abahu", "1", "<entry page=""1"" id=""18""><form id=""xxabaxhu"" lang=""ceb"">*abáhu</form>
<entry><form id=""abaxhu_kunsidirasiyun_abaxhu_dispusisiyun"" lang=""ceb""><abbr expan=""abáhu"" type=""lemma"">—</abbr> kunsidirasiyun, <abbr expan=""abáhu dispusisiyun"" type=""lemma"">dispusisiyun</abbr></form>
<hom role=""n""><pos>n</pos>
<sense n=""0""><trans> <tr>bound</tr> by s.o.’s will. </trans>
<eg><i lang=""ceb"">Abáhu (báhu) <corr sic=""kunsididirasiyun"">kunsidirasiyun</corr> ku sa ákung bána,</i><trans> I am bound by my husband’s decisions.
</trans></eg>
</sense></hom></entry></entry>");
INSERT INTO `wced_head` (entryid, head, normalized_head, type, pos) VALUES (18, "abáhu", "abahu", "s", "");
INSERT INTO `wced_head` (entryid, head, normalized_head, type, pos) VALUES (18, "abáhu kunsidirasiyun", "abahu kunsidirasiyun", "s", "n");
INSERT INTO `wced_head` (entryid, head, normalized_head, type, pos) VALUES (18, "abáhu dispusisiyun", "abahu dispusisiyun", "s", "n");
INSERT INTO `wced_translation` (entryid, translation) VALUES (18, "bound");
INSERT INTO `wced_entry` VALUES (19, "abaka", "1", "<entry page=""1"" id=""19""><form id=""abaka"" lang=""ceb"">abaka</form>
<hom role=""n""><pos>n</pos>
<sense n=""1""><number>1</number><trans> <tr>abaca plant</tr>: <bio>Musa textilis</bio>. </trans>
</sense>
<sense n=""2""><number>2</number><trans> <tr>abaca fiber</tr>. </trans>
</sense></hom>
<entry><form id=""abakahan_abakanhan_abakal"" lang=""ceb"">abakahan, abakanhan, abakal</form>
<hom role=""n""><pos>n</pos>
<sense n=""0""><trans> <tr>abaca plantation</tr>. </trans>
</sense></hom>
<hom role=""v""><pos>v</pos>
<sense n=""0""> <itype>[A3]</itype><trans> own an abaca plantation.
</trans>
</sense></hom></entry></entry>");
INSERT INTO `wced_head` (entryid, head, normalized_head, type, pos) VALUES (19, "abaka", "abaka", "m", "n");
INSERT INTO `wced_head` (entryid, head, normalized_head, type, pos) VALUES (19, "abakahan", "abakahan", "s", "nv");
INSERT INTO `wced_head` (entryid, head, normalized_head, type, pos) VALUES (19, "abakanhan", "abakanhan", "s", "nv");
INSERT INTO `wced_head` (entryid, head, normalized_head, type, pos) VALUES (19, "abakal", "abakal", "s", "nv");
INSERT INTO `wced_translation` (entryid, translation) VALUES (19, "abaca plant");
INSERT INTO `wced_translation` (entryid, translation) VALUES (19, "abaca fiber");
INSERT INTO `wced_translation` (entryid, translation) VALUES (19, "abaca plantation");
INSERT INTO `wced_entry` VALUES (20, "abakada", "1", "<entry page=""1"" id=""20""><form id=""abakaxda"" lang=""ceb"">abakáda</form>
<hom role=""n""><pos>n</pos>
<sense n=""0""><trans> <tr>alphabet</tr>.
</trans>
</sense></hom></entry>");
INSERT INTO `wced_head` (entryid, head, normalized_head, type, pos) VALUES (20, "abakáda", "abakada", "m", "n");
INSERT INTO `wced_translation` (entryid, translation) VALUES (20, "alphabet");
INSERT INTO `wced_entry` VALUES (21, "abakal", "1", "<entry page=""1"" id=""21""><form id=""abakal"" lang=""ceb"">abakal</form>
<hom>
<sense n=""0""><trans> <ix>see</ix> <xr lang=""ceb"" target=""#abaka""><sc>abaka</sc></xr>.
<pb n=""2""/>
</trans>
</sense></hom></entry>");
INSERT INTO `wced_head` (entryid, head, normalized_head, type, pos) VALUES (21, "abakal", "abakal", "m", "");
INSERT INTO `wced_entry` VALUES (22, "abal", "2", "<entry page=""2"" id=""22""><form id=""abal"" lang=""ceb"">abal</form>
<hom role=""n""><pos>n</pos>
<sense n=""0""><trans> = <xr lang=""ceb"" target=""#balbal""><sc>balbal</sc></xr>. </trans>
</sense></hom>
<hom role=""v""><pos>v</pos>
<sense n=""0""><trans> = <xr lang=""ceb"" target=""#abat""><sc>abat</sc></xr>.
</trans>
</sense></hom></entry>");
INSERT INTO `wced_head` (entryid, head, normalized_head, type, pos) VALUES (22, "abal", "abal", "m", "nv");
INSERT INTO `wced_entry` VALUES (23, "abalu", "2", "<entry page=""2"" id=""23""><form id=""abalu"" lang=""ceb"">abalu</form>
<hom role=""n""><pos>n</pos>
<sense n=""0""><trans> <tr>assessed</tr> <tr>value</tr>. </trans>
</sense></hom>
<hom role=""v""><pos>v</pos>
<sense n=""0""> <itype>[AB56; b5c]</itype><trans> <tr>assess</tr>, be assessed at. </trans>
<eg><i lang=""ceb"">Ug ikaw muabalu sa ákung yútà, ayawg dak-a,</i><trans> If you assess my land, don’t set it too high. </trans></eg>
<eg><i lang=""ceb"">Ang yútà miabalu (giabalu, giabaluhan) ug singkwinta mil,</i><trans> The land was assessed at fifty thousand pesos.
</trans></eg>
</sense></hom></entry>");
INSERT INTO `wced_head` (entryid, head, normalized_head, type, pos) VALUES (23, "abalu", "abalu", "m", "nv");
INSERT INTO `wced_translation` (entryid, translation) VALUES (23, "assessed");
INSERT INTO `wced_translation` (entryid, translation) VALUES (23, "value");
INSERT INTO `wced_translation` (entryid, translation) VALUES (23, "assess");
INSERT INTO `wced_entry` VALUES (24, "abalwasiyun", "2", "<entry page=""2"" id=""24""><form id=""abalwasiyun"" lang=""ceb"">abalwasiyun</form>
<hom role=""n""><pos>n</pos>
<sense n=""0""><trans> <tr>assessment</tr>. </trans>
<eg><i lang=""ceb"">Purus dagkug abalwasiyun ang mga yútà dinhi sa syudad,</i><trans> The lots in the city all have high assessments.
</trans></eg>
</sense></hom></entry>");
INSERT INTO `wced_head` (entryid, head, normalized_head, type, pos) VALUES (24, "abalwasiyun", "abalwasiyun", "m", "n");
INSERT INTO `wced_translation` (entryid, translation) VALUES (24, "assessment");
INSERT INTO `wced_entry` VALUES (25, "abandunar", "2", "<entry page=""2"" id=""25""><form id=""abandunar"" lang=""ceb"">abandunar</form>
<hom role=""v""><pos>v</pos>
<sense n=""0""> <itype>[A3P; c1]</itype><trans> <tr>abandon</tr>, <tr>neglect</tr>. </trans>
<eg><i lang=""ceb"">Nag-abandunar na lang siya sa íyang kaugalíngun sukad mamatay ang íyang asáwa,</i><trans> He neglected himself entirely after his wife died. </trans></eg>
<eg><i lang=""ceb"">Ayaw abandunaha (iabandunar) ang ímung pamilya,</i><trans> Do not abandon your family. </trans></eg>
</sense></hom>
<entry><form id=""abandunaxdu"" lang=""ceb"">abandunádu</form>
<hom role=""a""><pos>a</pos>
<sense n=""1""><number>1</number><trans> <tr>abandoned</tr>. </trans>
</sense>
<sense n=""2""><number>2</number><trans> <tr>neglectful</tr>. </trans>
</sense></hom>
<hom role=""v""><pos>v</pos>
<sense n=""0""><trans> = <xr lang=""ceb"" target=""#abandunar""><sc>abandunar</sc></xr>.
</trans>
</sense></hom></entry></entry>");
INSERT INTO `wced_head` (entryid, head, normalized_head, type, pos) VALUES (25, "abandunar", "abandunar", "m", "v");
INSERT INTO `wced_head` (entryid, head, normalized_head, type, pos) VALUES (25, "abandunádu", "abandunadu", "s", "av");
INSERT INTO `wced_translation` (entryid, translation) VALUES (25, "abandon");
INSERT INTO `wced_translation` (entryid, translation) VALUES (25, "neglect");
INSERT INTO `wced_translation` (entryid, translation) VALUES (25, "abandoned");
INSERT INTO `wced_translation` (entryid, translation) VALUES (25, "neglectful");
INSERT INTO `wced_entry` VALUES (26, "abandunu", "2", "<entry page=""2"" id=""26""><form id=""abanduxnu"" lang=""ceb"">abandúnu</form>
<hom>
<sense n=""0""><trans> = <xr lang=""ceb"" target=""#abandunar""><sc>abandunar</sc></xr>.
</trans>
</sense></hom></entry>");
INSERT INTO `wced_head` (entryid, head, normalized_head, type, pos) VALUES (26, "abandúnu", "abandunu", "m", "");
INSERT INTO `wced_entry` VALUES (27, "abang", "2", "<entry page=""2"" id=""27""><form id=""axbang"" lang=""ceb"">ábang</form>
<hom role=""v""><pos>v</pos>
<sense n=""1""><number>1</number> <itype>[A2S; b]</itype><trans> <tr>rent</tr>. </trans>
<eg><i lang=""ceb"">Ang usa ka kwartu giabángan sa tigúlang,</i><trans> The old man rents one of the rooms. </trans></eg>
</sense>
<sense n=""2""><number>2</number> <itype>[b]</itype><trans> hire a prostitute. </trans>
</sense>
<sense n=""3""><number>3</number> <itype>[A2; c]</itype><trans> make an <tr>offering</tr> to a supernatural being for the use of land which is thought to be in his possession. </trans>
<eg><i lang=""ceb"">Iábang ni nákung baktína álang sa uma,</i><trans> I will sacrifice this pig as rental for the land. </trans></eg>
</sense></hom>
<hom role=""n""><pos>n</pos>
<sense n=""1""><number>1</number><trans> rent paid. </trans>
<eg><i lang=""ceb"">Pilay ábang nímu sa libru?</i><trans> How much rent did you pay for the book? </trans></eg>
</sense>
<sense n=""2""><number>2</number><trans> money paid a prostitute. </trans>
</sense>
<sense n=""3""><number>3</number><trans> toil taken by supernatural beings. </trans>
<eg><i lang=""ceb"">Kadtung nalumus dinhi ábang kunu tu sa ingkantu,</i><trans> The man who drowned here is said to have been the rent collected by the supernatural spirit. </trans></eg>
</sense></hom>
<entry><form id=""pangaxbang"" lang=""ceb""><abbr expan=""pangábang"" type=""lemma"">paN-</abbr></form>
<hom role=""v""><pos>v</pos>
<sense n=""0""> <itype>[A2]</itype><trans> <tr>patronize</tr> a prostitute. </trans>
</sense></hom></entry>
<entry><form id=""abangan"" lang=""ceb""><abbr expan=""abangan"" type=""lemma"">-an(→)</abbr><corr><sub>1</sub></corr></form>
<hom>
<sense n=""1, 2, 3""><number>1, 2, 3</number><trans> = <xr lang=""ceb"" target=""#axbang""><sc>ábang</sc></xr>, <ix>n</ix>. </trans>
</sense>
<sense n=""4""><number>4</number><trans> <tr>haunted</tr> place, place where departed spirits take a toll or rent. </trans>
<eg><i lang=""ceb"">Abangan kunu kanang baláya. Náa giyuy mamatay káda túig,</i><trans> That house is haunted (lit. has a rental on it). Each year s.o. dies there.
</trans></eg>
</sense></hom></entry></entry>");
INSERT INTO `wced_head` (entryid, head, normalized_head, type, pos) VALUES (27, "ábang", "abang", "m", "vn");
INSERT INTO `wced_head` (entryid, head, normalized_head, type, pos) VALUES (27, "pangábang", "pangabang", "s", "v");
INSERT INTO `wced_head` (entryid, head, normalized_head, type, pos) VALUES (27, "abangan", "abangan", "s", "");
INSERT INTO `wced_translation` (entryid, translation) VALUES (27, "rent");
INSERT INTO `wced_translation` (entryid, translation) VALUES (27, "offering");
INSERT INTO `wced_translation` (entryid, translation) VALUES (27, "patronize");
INSERT INTO `wced_translation` (entryid, translation) VALUES (27, "haunted");
INSERT INTO `wced_entry` VALUES (28, "abangan2", "2", "<entry page=""2"" id=""28""><form id=""abangan2"" lang=""ceb"">abangan<corr><sub>2</sub></corr></form>
<hom role=""n""><pos>n</pos>
<sense n=""0""><trans> k.o. <tr>rattan</tr> used as anchor rope for a <ix>búbu</ix> fish trap.
</trans>
</sense></hom></entry>");
INSERT INTO `wced_head` (entryid, head, normalized_head, type, pos) VALUES (28, "abangan", "abangan", "s", "n");
INSERT INTO `wced_translation` (entryid, translation) VALUES (28, "rattan");
INSERT INTO `wced_entry` VALUES (29, "abanid", "2", "<entry page=""2"" id=""29""><form id=""abaxnid"" lang=""ceb"">abánid</form>
<hom role=""v""><pos>v</pos>
<sense n=""0""> <itype>[A; c1]</itype><trans> do s.t. <tr>step by step</tr>, and in <tr>sequence</tr>. </trans>
<eg><i lang=""ceb"">Iabánid (abaníra) kini pagpintal arun dílì magkampat,</i><trans> Paint it one square at a time so it will come out even. </trans></eg>
</sense></hom>
<hom role=""a""><pos>a</pos>
<sense n=""0""><trans> done in <tr>succession</tr>, <tr>order</tr>. </trans>
<eg><i lang=""ceb"">Abánid ang íyang pagsukut sa mga istudyanti,</i><trans> He asked the students one after another in turn.
</trans></eg>
</sense></hom></entry>");
INSERT INTO `wced_head` (entryid, head, normalized_head, type, pos) VALUES (29, "abánid", "abanid", "m", "va");
INSERT INTO `wced_translation` (entryid, translation) VALUES (29, "step by step");
INSERT INTO `wced_translation` (entryid, translation) VALUES (29, "sequence");
INSERT INTO `wced_translation` (entryid, translation) VALUES (29, "succession");
INSERT INTO `wced_translation` (entryid, translation) VALUES (29, "order");
INSERT INTO `wced_entry` VALUES (30, "abaniku", "2", "<entry page=""2"" id=""30""><form id=""abanixku"" lang=""ceb"">abaníku</form>
<hom role=""n""><pos>n</pos>
<sense n=""1""><number>1</number><trans> folding <tr>fan</tr>. </trans>
</sense>
<sense n=""1a""><number>1a</number><trans> <tr>fan</tr> of any sort for fanning oneself. </trans>
</sense>
<sense n=""2""><number>2</number><trans> <tr>blackberry lily</tr>, k.o. bulbous ornamental: <bio><corr sic=""Balamcanda"">Belamcanda</corr> chinensis</bio>. It is so called because the leaves are arranged like an opened fan. </trans>
</sense>
<sense n=""3""><number>3</number><trans> = <xr lang=""ceb"" target=""#banixku""><sc>baníku</sc></xr>. </trans>
</sense>
<sense n=""4""><number>4</number> <form id=""kurta_diabanixku"" lang=""ceb"">kurta <abbr expan=""diabaníku"" type=""lemma"">di-</abbr></form><trans> <ix>see</ix> <xr lang=""ceb"" target=""#kurta""><sc>kurta<sub>1</sub></sc></xr>. </trans>
</sense></hom>
<hom role=""v""><pos>v</pos>
<sense n=""1""><number>1</number> <itype>[a12]</itype><trans> make into a fan. </trans>
</sense>
<sense n=""2""><number>2</number> <itype>[A; b6]</itype><trans> <tr>fan</tr> s.o. </trans>
</sense></hom>
<entry><form id=""pangabanixku"" lang=""ceb""><abbr expan=""pangabaníku"" type=""lemma"">paN-</abbr></form>
<hom role=""v""><pos>v</pos>
<sense n=""0""> <itype>[A2]</itype><trans> <tr>fan</tr> oneself. </trans>
</sense></hom></entry>
<entry><form id=""inabanixku"" lang=""ceb"">inabaníku</form>
<hom role=""n""><pos>n</pos>
<sense n=""0""><trans> s.t. made in such a way that it can be folded for storage, e.g., a folding chair, jackknife.
</trans>
</sense></hom></entry></entry>");
INSERT INTO `wced_head` (entryid, head, normalized_head, type, pos) VALUES (30, "abaníku", "abaniku", "m", "nv");
INSERT INTO `wced_head` (entryid, head, normalized_head, type, pos) VALUES (30, "kurta diabaníku", "kurta diabaniku", "s", "");
INSERT INTO `wced_head` (entryid, head, normalized_head, type, pos) VALUES (30, "pangabaníku", "pangabaniku", "s", "v");
INSERT INTO `wced_head` (entryid, head, normalized_head, type, pos) VALUES (30, "inabaníku", "inabaniku", "s", "n");
INSERT INTO `wced_translation` (entryid, translation) VALUES (30, "fan");
INSERT INTO `wced_translation` (entryid, translation) VALUES (30, "blackberry lily");
INSERT INTO `wced_entry` VALUES (31, "abansada", "2", "<entry page=""2"" id=""31""><form id=""abansaxda"" lang=""ceb"">abansáda</form>
<hom role=""a""><pos>a</pos>
<sense n=""0""><trans> <tr>exposed</tr> to the wind. </trans>
</sense></hom>
<hom role=""v""><pos>v</pos>
<sense n=""0""> <itype>[B12; c1]</itype><trans> for s.t. to be directly open to the wind. </trans>
<eg><i lang=""ceb"">Naabansáda sa hángin ang ákung bukubuku, maung gisip-un ku,</i><trans> My back was directly exposed to the wind. That’s why I caught cold. </trans></eg>
<eg><i lang=""ceb"">Ayaw abansadáha (iabansáda) sa hángin ang inyung bintánà,</i><trans> Don’t put a window right where it catches the full breeze.
</trans></eg>
</sense></hom></entry>");
INSERT INTO `wced_head` (entryid, head, normalized_head, type, pos) VALUES (31, "abansáda", "abansada", "m", "av");
INSERT INTO `wced_translation` (entryid, translation) VALUES (31, "exposed");
INSERT INTO `wced_entry` VALUES (32, "*abansi", "2", "<entry page=""2"" id=""32""><form id=""xxabansi"" lang=""ceb"">*abansi</form>
<entry><form id=""miting_di_abansi"" lang=""ceb"">miting di <abbr expan=""abansi"" type=""lemma"">—</abbr></form>
<hom>
<sense n=""0""><trans> <tr>grand rally</tr> immediately prior to an election.
</trans>
</sense></hom></entry></entry>");
INSERT INTO `wced_head` (entryid, head, normalized_head, type, pos) VALUES (32, "abansi", "abansi", "s", "");
INSERT INTO `wced_head` (entryid, head, normalized_head, type, pos) VALUES (32, "miting di abansi", "miting di abansi", "s", "");
INSERT INTO `wced_translation` (entryid, translation) VALUES (32, "grand rally");
INSERT INTO `wced_entry` VALUES (33, "abansin", "2", "<entry page=""2"" id=""33""><form id=""abansin"" lang=""ceb"">abansin</form>
<hom role=""v""><pos>v</pos>
<sense n=""0""> <itype>[A]</itype><trans> <tr>advance</tr>, for a body of people to move forward. </trans>
<eg><i lang=""ceb"">Ang mga Hapúnis miabansin sa pátag sa Lusun,</i><trans> The Japanese advanced over the plains of Luzon.
</trans></eg>
</sense></hom></entry>");
INSERT INTO `wced_head` (entryid, head, normalized_head, type, pos) VALUES (33, "abansin", "abansin", "m", "v");
INSERT INTO `wced_translation` (entryid, translation) VALUES (33, "advance");
INSERT INTO `wced_entry` VALUES (34, "abanti", "2", "<entry page=""2"" id=""34""><form id=""abanti"" lang=""ceb"">abanti</form>
<hom role=""a""><pos>a</pos>
<sense n=""1""><number>1</number><trans> <tr>forward</tr>, <tr>ahead</tr>. </trans>
<eg><i lang=""ceb"">Abanti ka rang milingkud,</i><trans> You took a seat too far to the front. </trans></eg>
</sense>
<sense n=""2""><number>2</number><trans> <tr>ahead</tr> in score. </trans>
</sense></hom>
<hom role=""v""><pos>v</pos>
<sense n=""1a""><number>1a</number> <itype>[A2; c]</itype><trans> move <tr>forward</tr>. </trans>
<eg><i lang=""ceb"">Muabanti kag diyútay, matambug ka sa bangag,</i><trans> If you move forward any more, you will fall into the hole. </trans></eg>
<eg><i lang=""ceb"">Iabanti nang ímung awtug diyútay,</i><trans> Move your car forward a bit. </trans></eg>
</sense>
<sense n=""1b""><number>1b</number> <itype>[A; a]</itype><trans> be ahead, have more points in a game. </trans>
<eg><i lang=""ceb"">Naabantíhan mu námug diyis puntus,</i><trans> We were ten points ahead of you. </trans></eg>
</sense>
<sense n=""2""><number>2</number> <itype>[A2; a12]</itype><trans> <tr>keep up</tr> with s.t. </trans>
<eg><i lang=""ceb"">Dì ku makaabanti sa galastúhan sa iskuylahan,</i><trans> I cannot keep up with the school payments. </trans></eg>
</sense>
<sense n=""3""><number>3</number> <itype>[A2; a12]</itype><trans> <tr>endure</tr> work. </trans>
<eg><i lang=""ceb"">Dì ku makaabanti sa pagdáru kay dautun ku,</i><trans> I can’t keep up with the plowing because I’m sickly. </trans></eg>
</sense>
<sense n=""4a""><number>4a</number> <itype>[A]</itype><trans> ask part payment in advance, especially in salary. </trans>
</sense>
<sense n=""4b""><number>4b</number> <itype>[c]</itype><trans> give s.o. a <tr>cash advance</tr> on his salary or other payment. </trans>
</sense></hom>
<hom role=""n""><pos>n</pos>
<sense n=""1""><number>1</number><trans> <tr>front wheel(s)</tr>. </trans>
<eg><i lang=""ceb"">Nahiyus ang abanti sa mutur,</i><trans> The front tire of the motorcycle is flat. </trans></eg>
</sense>
<sense n=""2""><number>2</number><trans> <tr>forward gear</tr>. </trans>
</sense>
<sense n=""3""><number>3</number><trans> <tr>front seat</tr> in a car. </trans>
</sense></hom>
<entry><form id=""atras_abanti"" lang=""ceb"">atras <abbr expan=""abanti"" type=""lemma"">—</abbr></form>
<hom>
<sense n=""0""><trans> <ix>see</ix> <xr lang=""ceb"" target=""#atras""><sc>atras</sc></xr>.
</trans>
</sense></hom></entry></entry>");
INSERT INTO `wced_head` (entryid, head, normalized_head, type, pos) VALUES (34, "abanti", "abanti", "m", "avn");
INSERT INTO `wced_head` (entryid, head, normalized_head, type, pos) VALUES (34, "atras abanti", "atras abanti", "s", "");
INSERT INTO `wced_translation` (entryid, translation) VALUES (34, "forward");
INSERT INTO `wced_translation` (entryid, translation) VALUES (34, "ahead");
INSERT INTO `wced_translation` (entryid, translation) VALUES (34, "keep up");
INSERT INTO `wced_translation` (entryid, translation) VALUES (34, "endure");
INSERT INTO `wced_translation` (entryid, translation) VALUES (34, "cash advance");
INSERT INTO `wced_translation` (entryid, translation) VALUES (34, "front wheel(s)");
INSERT INTO `wced_translation` (entryid, translation) VALUES (34, "forward gear");
INSERT INTO `wced_translation` (entryid, translation) VALUES (34, "front seat");
INSERT INTO `wced_entry` VALUES (35, "abanu", "2", "<entry page=""2"" id=""35""><form id=""abaxnu"" lang=""ceb"">abánu</form>
<hom role=""n""><pos>n</pos>
<sense n=""0""><trans> factory-made <tr>cigar</tr>. </trans>
</sense></hom>
<hom role=""v""><pos>v</pos>
<sense n=""1""><number>1</number> <itype>[A; a12]</itype><trans> make into a cigar. </trans>
</sense>
<sense n=""2""><number>2</number> <itype>[A123S]</itype><trans> have, obtain a cigar. </trans>
</sense></hom>
<entry><form id=""pangabaxnu"" lang=""ceb""><abbr expan=""pangabánu"" type=""lemma"">paN-</abbr></form>
<hom role=""v""><pos>v</pos>
<sense n=""0""> <itype>[A2]</itype><trans> <tr>smoke</tr> a cigar.
</trans>
</sense></hom></entry></entry>");
INSERT INTO `wced_head` (entryid, head, normalized_head, type, pos) VALUES (35, "abánu", "abanu", "m", "nv");
INSERT INTO `wced_head` (entryid, head, normalized_head, type, pos) VALUES (35, "pangabánu", "pangabanu", "s", "v");
INSERT INTO `wced_translation` (entryid, translation) VALUES (35, "cigar");
INSERT INTO `wced_translation` (entryid, translation) VALUES (35, "smoke");
INSERT INTO `wced_entry` VALUES (36, "abat", "2", "<entry page=""2"" id=""36""><form id=""abat"" lang=""ceb"">abat</form>
<hom role=""n""><pos>n</pos>
<sense n=""1""><number>1</number><trans> any <tr>supernatural being</tr> or human with supernatural powers which shows itself in an unexpected and startling way. </trans>
</sense>
<sense n=""2""><number>2</number><trans> one who is ‘it’ in games. </trans>
</sense></hom>
<hom role=""v""><pos>v</pos>
<sense n=""1""><number>1</number> <itype>[A2; a2]</itype><trans> <tr>head off</tr> s.o. </trans>
<eg><i lang=""ceb"">Maapsan pa nímu siya ug ímung abatun sa iskína,</i><trans> You can still catch up with him if you head him off at the corner. </trans></eg>
</sense>
<sense n=""2""><number>2</number> <itype>[AN; a12]</itype><trans> <tr>frighten</tr> s.o. by appearing suddenly or otherwise startling him. </trans>
<eg><i lang=""ceb"">Ig-ági níya, abta siya,</i><trans> When he comes by, give him a scare. </trans></eg>
</sense></hom>
<entry><form id=""alabtan_abtanan"" lang=""ceb"">alabtan, abtanan</form>
<hom role=""a""><pos>a</pos>
<sense n=""0""><trans> <tr>haunted</tr>, place where things appear suddenly. </trans>
</sense></hom></entry>
<entry><form id=""alabtun"" lang=""ceb"">alabtun</form>
<hom>
<sense n=""0""><trans> s.o. to whom spirits tend to show themselves. </trans>
</sense></hom></entry>
<entry><form id=""abat-axbat"" lang=""ceb"">abat-ábat</form>
<hom role=""n""><pos>n</pos>
<sense n=""0""><trans> <tr>game of tag</tr>. </trans>
</sense></hom>
<hom role=""v""><pos>v</pos>
<sense n=""0""> <itype>[A13]</itype><trans> </trans>
</sense>
<sense n=""1""><number>1</number><trans> play tag. </trans>
</sense>
<sense n=""2""><number>2</number><trans> try to meet without succeeding. </trans>
<eg><i lang=""ceb"">Wà giyud mi magkítà, nag-abat-ábat lang,</i><trans> We just kept missing each other.
<pb n=""3""/>
</trans></eg>
</sense></hom></entry></entry>");
INSERT INTO `wced_head` (entryid, head, normalized_head, type, pos) VALUES (36, "abat", "abat", "m", "nv");
INSERT INTO `wced_head` (entryid, head, normalized_head, type, pos) VALUES (36, "alabtan", "alabtan", "s", "a");
INSERT INTO `wced_head` (entryid, head, normalized_head, type, pos) VALUES (36, "abtanan", "abtanan", "s", "a");
INSERT INTO `wced_head` (entryid, head, normalized_head, type, pos) VALUES (36, "alabtun", "alabtun", "s", "");
INSERT INTO `wced_head` (entryid, head, normalized_head, type, pos) VALUES (36, "abat-ábat", "abat-abat", "s", "nv");
INSERT INTO `wced_translation` (entryid, translation) VALUES (36, "supernatural being");
INSERT INTO `wced_translation` (entryid, translation) VALUES (36, "head off");
INSERT INTO `wced_translation` (entryid, translation) VALUES (36, "frighten");
INSERT INTO `wced_translation` (entryid, translation) VALUES (36, "haunted");
INSERT INTO `wced_translation` (entryid, translation) VALUES (36, "game of tag");
INSERT INTO `wced_entry` VALUES (37, "abat1", "3", "<entry page=""3"" id=""37""><form id=""axbat"" lang=""ceb"">ábat<sub>1</sub></form>
<hom role=""v""><pos>v</pos>
<sense n=""0""> <itype>[A2S; b6]</itype><trans> <tr>hold on</tr> to s.t. fixed to support oneself. </trans>
<eg><i lang=""ceb"">Ang tigúwang miábat sa pasamánu paingun sa táas,</i><trans> The old man held on to the bannister while going upstairs. </trans></eg>
</sense></hom>
<entry><form id=""abatan"" lang=""ceb""><abbr expan=""abatan"" type=""lemma"">-an(→)</abbr></form>
<hom role=""n""><pos>n</pos>
<sense n=""0""><trans> a <tr>railing</tr> in shape of a ladder for baby to cling to when he starts to walk.

</trans>
</sense></hom></entry></entry>");
INSERT INTO `wced_head` (entryid, head, normalized_head, type, pos) VALUES (37, "ábat", "abat", "s", "v");
INSERT INTO `wced_head` (entryid, head, normalized_head, type, pos) VALUES (37, "abatan", "abatan", "s", "n");
INSERT INTO `wced_translation` (entryid, translation) VALUES (37, "hold on");
INSERT INTO `wced_translation` (entryid, translation) VALUES (37, "railing");
INSERT INTO `wced_entry` VALUES (38, "abat2", "3", "<entry page=""3"" id=""38""><form id=""axbat2"" lang=""ceb"">ábat<sub>2</sub></form>
<hom role=""v""><pos>v</pos>
<sense n=""1""><number>1</number> <itype>[A; a1]</itype><trans> <tr>feel</tr> with the hands, esp. to find s.t. out. </trans>
<eg><i lang=""ceb"">Nag-ábat siya sa yáwi sa íyang bulsa kung wà ba hibyai,</i><trans> He felt for the key in his pocket to see if he hadn’t left it behind. </trans></eg>
<eg><i lang=""ceb"">Abátun ku ang íyang agtang ug hilanatun ba,</i><trans> I’ll touch her forehead to see if she is feverish. </trans></eg>
</sense>
<sense n=""2""><number>2</number> <itype>[A123S; a12b2]</itype><trans> feel s.t. with the sense of touch. </trans>
<eg><i lang=""ceb"">Nakaabat ku sa kabugnaw sa sinihan,</i><trans> I felt the coolness of the movie house. </trans></eg>
<eg><i lang=""ceb"">Abátun gánì nímu ang kasakit, musamut giyud,</i><trans> If you think about the pain, it will get worse. </trans></eg>
</sense>
<sense n=""3""><number>3</number> <itype>[A123S; b2]</itype><trans> happen to <tr>notice</tr>, <tr>sense</tr> s.t. </trans>
<eg><i lang=""ceb"">Nakaabat kung mu rag may misaka sa ámung báy,</i><trans> I sensed that s.o. had entered our house.
</trans></eg>
</sense></hom></entry>");
INSERT INTO `wced_head` (entryid, head, normalized_head, type, pos) VALUES (38, "ábat", "abat", "s", "v");
INSERT INTO `wced_translation` (entryid, translation) VALUES (38, "feel");
INSERT INTO `wced_translation` (entryid, translation) VALUES (38, "notice");
INSERT INTO `wced_translation` (entryid, translation) VALUES (38, "sense");
INSERT INTO `wced_entry` VALUES (39, "abay", "3", "<entry page=""3"" id=""39""><form id=""abay"" lang=""ceb"">abay</form>
<hom role=""v""><pos>v</pos>
<sense n=""1""><number>1</number> <itype>[AC; b6]</itype><trans> <tr>move along</tr> together with s.t. moving. </trans>
<eg><i lang=""ceb"">Lagmit hiligsan ang bátà kay nag-abay sa tartanilya,</i><trans> The child is likely to be run over because he is running alongside of the rig. </trans></eg>
<eg><i lang=""ceb"">Silang duha nag-ábay paglanguy,</i><trans> The two swam side by side. </trans></eg>
</sense>
<sense n=""1a""><number>1a</number> <form id=""abay_ug_sawa"" lang=""ceb""><abbr expan=""abay"" type=""lemma"">—</abbr> ug sawa</form><trans> have a snake born at the same time one is born. The snake is called one’s twin (<ix>kalúha</ix>) and is supposed to bring him and his family luck. </trans>
<eg><i lang=""ceb"">Pagkatáwu sa ákung iyaan, giabayan (giabyan) ug sawa. Mau nang nadátù ang íyang inahan,</i><trans> When my aunt was born, a twin snake was born with her, and so her mother became rich. </trans></eg>
</sense>
<sense n=""2""><number>2</number> <itype>[A2; c]</itype><trans> go in with s.o. who buys or invests in s.t. </trans>
<eg><i lang=""ceb"">Ug mupalit kag usa ka sákung humay muabay kug lima ka gantang,</i><trans> If you buy a sack of rice, I will go in with you for five ganta’s worth. </trans></eg>
<eg><i lang=""ceb"">Giabyan níyag singku písus ang ákung pusta,</i><trans> He went in for five pesos on my bet. </trans></eg>
</sense>
<sense n=""3""><number>3</number> <itype>[AN]</itype><trans> go in together in a fishing operation which requires several hands. </trans>
</sense>
<sense n=""4""><number>4</number> <itype>[c1]</itype><trans> attach a gaff in the <ix>abay</ix> way (<ix>see</ix> <xr lang=""ceb"" target=""#abay""><sc>abay</sc></xr>, <ix>n</ix> <bx>4</bx>). </trans>
</sense></hom>
<hom role=""n""><pos>n</pos>
<sense n=""1""><number>1</number><trans> money paid as a <tr>share</tr> in a purchase or investment. </trans>
<eg><i lang=""ceb"">Ang ákung abay bálig dus písus ra,</i><trans> My share is two pesos’ worth. </trans></eg>
</sense>
<sense n=""2""><number>2</number><trans> <tr>bridesmaid</tr> or <tr>best man</tr>. </trans>
</sense>
<sense n=""3""><number>3</number><trans> man’s male <tr>friend</tr>. </trans>
</sense>
<sense n=""3a""><number>3a</number><trans> title used by males of the same age to each other. <ix>short form:</ix> <bx>bay</bx>. </trans>
<eg><i lang=""ceb"">Ása man ning dyípa, bay?</i><trans> Where is this jeep headed for, driver? </trans></eg>
</sense>
<sense n=""4""><number>4</number><trans> manner of tying a gaff to a cock level with and parallel to the spur to offset any advantage it may have over its opponent. </trans>
</sense></hom>
<entry><form id=""mangalaxbay_mangaabay"" lang=""ceb""><abbr expan=""mangalábay"" type=""lemma"">maN-l-(←)</abbr>, <abbr expan=""mangaabay"" type=""lemma"">maN-r-</abbr></form>
<hom role=""n""><pos>n</pos>
<sense n=""0""><trans> persons who go in together in a fishing operation. </trans>
</sense></hom></entry>
<entry><form id=""abayan_abyanan"" lang=""ceb""><abbr expan=""abayan"" type=""lemma"">-an</abbr>, abyanan</form>
<hom role=""n""><pos>n</pos>
<sense n=""0""><trans> <tr>life saver</tr>. </trans>
</sense></hom></entry>
<entry><form id=""abyan"" lang=""ceb"">abyan</form>
<hom role=""n""><pos>n</pos>
<sense n=""1""><number>1</number><trans> <tr>friend</tr>, <tr>companion</tr>. </trans>
<eg><i lang=""ceb"">Alang kaníya walà siyay láing abyan kun dílì álak,</i><trans> He has no other friend except liquor. </trans></eg>
</sense>
<sense n=""2""><number>2</number><trans> supernatural being that provides a shaman or sorcerer with his power. </trans>
</sense></hom>
<hom role=""v""><pos>v</pos>
<sense n=""0""> <itype>[C1]</itype><trans> </trans>
</sense>
<sense n=""1""><number>1</number><trans> be friends. </trans>
<eg><i lang=""ceb"">Kita lay mag-abyan,</i><trans> Let’s be friends. </trans></eg>
</sense>
<sense n=""2""><number>2</number><trans> indulge in a bad habit. </trans>
<eg><i lang=""ceb"">Walà siya makig-abyan sa huguyhúguy,</i><trans> He did not indulge in roaming about.
</trans></eg>
</sense></hom></entry></entry>");
INSERT INTO `wced_head` (entryid, head, normalized_head, type, pos) VALUES (39, "abay", "abay", "m", "vn");
INSERT INTO `wced_head` (entryid, head, normalized_head, type, pos) VALUES (39, "abay ug sawa", "abay ug sawa", "s", "");
INSERT INTO `wced_head` (entryid, head, normalized_head, type, pos) VALUES (39, "mangalábay", "mangalabay", "s", "n");
INSERT INTO `wced_head` (entryid, head, normalized_head, type, pos) VALUES (39, "mangaabay", "mangaabay", "s", "n");
INSERT INTO `wced_head` (entryid, head, normalized_head, type, pos) VALUES (39, "abayan", "abayan", "s", "n");
INSERT INTO `wced_head` (entryid, head, normalized_head, type, pos) VALUES (39, "abyanan", "abyanan", "s", "n");
INSERT INTO `wced_head` (entryid, head, normalized_head, type, pos) VALUES (39, "abyan", "abyan", "s", "nv");
INSERT INTO `wced_translation` (entryid, translation) VALUES (39, "move along");
INSERT INTO `wced_translation` (entryid, translation) VALUES (39, "share");
INSERT INTO `wced_translation` (entryid, translation) VALUES (39, "bridesmaid");
INSERT INTO `wced_translation` (entryid, translation) VALUES (39, "best man");
INSERT INTO `wced_translation` (entryid, translation) VALUES (39, "friend");
INSERT INTO `wced_translation` (entryid, translation) VALUES (39, "life saver");
INSERT INTO `wced_translation` (entryid, translation) VALUES (39, "companion");
INSERT INTO `wced_entry` VALUES (40, "abgaw", "3", "<entry page=""3"" id=""40""><form id=""abgaw"" lang=""ceb"">abgaw</form>
<hom>
<sense n=""0""><trans> = <xr lang=""ceb"" target=""#adgaw""><sc>adgaw</sc></xr>. </trans>
</sense></hom>
<entry><form id=""abgawun"" lang=""ceb""><abbr expan=""abgawun"" type=""lemma"">-un</abbr></form>
<hom role=""n""><pos>n</pos>
<sense n=""0""><trans> k.o. snapper with a yellow streak along the body: <bio>Lutianus sp</bio>.
</trans>
</sense></hom></entry></entry>");
INSERT INTO `wced_head` (entryid, head, normalized_head, type, pos) VALUES (40, "abgaw", "abgaw", "m", "");
INSERT INTO `wced_head` (entryid, head, normalized_head, type, pos) VALUES (40, "abgawun", "abgawun", "s", "n");
INSERT INTO `wced_entry` VALUES (41, "abhak", "3", "<entry page=""3"" id=""41""><form id=""abhak"" lang=""ceb"">abhak</form>
<hom role=""v""><pos>v</pos>
<sense n=""0""> <itype>[A; b5]</itype><trans> <tr>diminish</tr> s.t. by taking away or destroying part of it. </trans>
<eg><i lang=""ceb"">Naabhak (naabhákan) ang íyang abága sa bála,</i><trans> The bullet tore a huge piece out of his shoulder. </trans></eg>
</sense></hom>
<hom role=""n""><pos>n</pos>
<sense n=""0""><trans> hole left when s.t. is chopped off, out. </trans>
<eg><i lang=""ceb"">Dakù kaáyu ang abhak sa káhuy,</i><trans> There’s a big cut in the tree. </trans></eg>
</sense></hom>
<hom role=""a""><pos>a</pos>
<sense n=""0""><trans> done in such a way that s.t. is chopped off. </trans>
<eg><i lang=""ceb"">Abhak nga pagkabuldúsir ang inyung nataran,</i><trans> Your yard was bulldozed clean.
</trans></eg>
</sense></hom></entry>");
INSERT INTO `wced_head` (entryid, head, normalized_head, type, pos) VALUES (41, "abhak", "abhak", "m", "vna");
INSERT INTO `wced_translation` (entryid, translation) VALUES (41, "diminish");
INSERT INTO `wced_entry` VALUES (42, "abhul", "3", "<entry page=""3"" id=""42""><form id=""abhul"" lang=""ceb"">abhul</form>
<hom>
<sense n=""0""><trans> = <xr lang=""ceb"" target=""#abhung""><sc>abhung</sc></xr>.
</trans>
</sense></hom></entry>");
INSERT INTO `wced_head` (entryid, head, normalized_head, type, pos) VALUES (42, "abhul", "abhul", "m", "");
INSERT INTO `wced_entry` VALUES (43, "abhung", "3", "<entry page=""3"" id=""43""><form id=""abhung"" lang=""ceb"">abhung</form>
<hom role=""a""><pos>a</pos>
<sense n=""0""><trans> <tr>musty</tr> and flat in smell: damp clothing, rice, sweet potatoes, salted fish, et al. </trans>
</sense></hom>
<hom role=""v""><pos>v</pos>
<sense n=""0""> <itype>[B; b6]</itype><trans> be, become musty. </trans>
</sense></hom>
<entry><form id=""abhungun"" lang=""ceb""><abbr expan=""abhungun"" type=""lemma"">-un(→)</abbr></form>
<hom role=""a""><pos>a</pos>
<sense n=""0""><trans> of a musty kind.
</trans>
</sense></hom></entry></entry>");
INSERT INTO `wced_head` (entryid, head, normalized_head, type, pos) VALUES (43, "abhung", "abhung", "m", "av");
INSERT INTO `wced_head` (entryid, head, normalized_head, type, pos) VALUES (43, "abhungun", "abhungun", "s", "a");
INSERT INTO `wced_translation` (entryid, translation) VALUES (43, "musty");
INSERT INTO `wced_entry` VALUES (44, "abi", "3", "<entry page=""3"" id=""44""><form id=""abi"" lang=""ceb"">abi</form>
<hom>
<sense n=""0""><trans> = <xr lang=""ceb"" target=""#abir""><sc>abir</sc></xr> <bx>1, 2</bx>.

</trans>
</sense></hom></entry>");
INSERT INTO `wced_head` (entryid, head, normalized_head, type, pos) VALUES (44, "abi", "abi", "m", "");
INSERT INTO `wced_entry` VALUES (45, "abi", "3", "<entry page=""3"" id=""45""><form id=""axbi"" lang=""ceb"">ábi</form>
<hom>
<sense n=""1""><number>1</number> <form id=""axbi_gen."" lang=""ceb""><abbr expan=""ábi"" type=""lemma"">—</abbr> <r>[<ix>gen.</ix>]</r></form><trans> [gen.] <tr>thought</tr>, took for granted. </trans>
<eg><i lang=""ceb"">Ábi nákug tinúud,</i><trans> I thought it was true. </trans></eg>
</sense></hom>
<entry><form id=""axbi_nixmu"" lang=""ceb""><abbr expan=""ábi"" type=""lemma"">—</abbr> nímu</form>
<hom>
<sense n=""0""><trans><corr sic="",""/> You know what? </trans>
<eg><i lang=""ceb"">Ábi nímu? Nakit-an ku siya nga láig kúyug,</i><trans> You know what? I saw him going out with s.o. else. </trans></eg>
</sense>
<sense n=""2""><number>2</number> <form id=""axbi_kay"" lang=""ceb""><abbr expan=""ábi"" type=""lemma"">—</abbr> kay</form><trans> just because. </trans>
<eg><i lang=""ceb"">Ábi kay nakadaug sa byúti kuntis midakù na ang úlu,</i><trans> Just because she won the beauty contest she thinks she is s.t. </trans></eg>
</sense>
<sense n=""3""><number>3</number> <form id=""axbi_na_lang"" lang=""ceb""><abbr expan=""ábi"" type=""lemma"">—</abbr> na lang</form><trans> s.o. might think that. </trans>
<eg><i lang=""ceb"">Súkul. Ábi na lang, daug.</i><trans> Fight back. They might think you give up.
</trans></eg>
</sense></hom></entry></entry>");
INSERT INTO `wced_head` (entryid, head, normalized_head, type, pos) VALUES (45, "ábi", "abi", "m", "");
INSERT INTO `wced_head` (entryid, head, normalized_head, type, pos) VALUES (45, "ábi [gen.]", "abi [gen.]", "s", "");
INSERT INTO `wced_head` (entryid, head, normalized_head, type, pos) VALUES (45, "ábi nímu", "abi nimu", "s", "");
INSERT INTO `wced_head` (entryid, head, normalized_head, type, pos) VALUES (45, "ábi kay", "abi kay", "s", "");
INSERT INTO `wced_head` (entryid, head, normalized_head, type, pos) VALUES (45, "ábi na lang", "abi na lang", "s", "");
INSERT INTO `wced_translation` (entryid, translation) VALUES (45, "thought");
INSERT INTO `wced_entry` VALUES (46, "abiabi", "3", "<entry page=""3"" id=""46""><form id=""abiaxbi"" lang=""ceb"">abiábi</form>
<hom role=""v""><pos>v</pos>
<sense n=""0""> <itype>[A; a12]</itype><trans> show <tr>hospitality</tr> to. </trans>
<eg><i lang=""ceb"">Mu giyud ning táwung iládu, abiabíhun giyud sa mga tagilungsud,</i><trans> The townspeople show hospitality to any famous visitor. </trans></eg>
</sense></hom>
<entry><form id=""maabiabixhun_manggiabiabixhun"" lang=""ceb"">maabiabíhun, manggiabiabíhun</form>
<hom role=""a""><pos>a</pos>
<sense n=""0""><trans> <tr>hospitable</tr>.
</trans>
</sense></hom></entry></entry>");
INSERT INTO `wced_head` (entryid, head, normalized_head, type, pos) VALUES (46, "abiábi", "abiabi", "m", "v");
INSERT INTO `wced_head` (entryid, head, normalized_head, type, pos) VALUES (46, "maabiabíhun", "maabiabihun", "s", "a");
INSERT INTO `wced_head` (entryid, head, normalized_head, type, pos) VALUES (46, "manggiabiabíhun", "manggiabiabihun", "s", "a");
INSERT INTO `wced_translation` (entryid, translation) VALUES (46, "hospitality");
INSERT INTO `wced_translation` (entryid, translation) VALUES (46, "hospitable");
INSERT INTO `wced_entry` VALUES (47, "abiba, abibar", "3", "<entry page=""3"" id=""47""><form id=""abixba_abibar"" lang=""ceb"">abíba, abibar</form>
<hom role=""v""><pos>v</pos>
<sense n=""0""> <itype>[A; b5]</itype><trans> <tr>cheer</tr> one on, <tr>encourage</tr> to do. </trans>
<eg><i lang=""ceb"">Nag-abíba sa mga bátag binúang,</i><trans> Egging the children on in their naughtiness. </trans></eg>
</sense></hom>
<hom role=""n""><pos>n</pos>
<sense n=""0""><trans> <tr>encouragement</tr>, egging on. </trans>
</sense></hom>
<entry><form id=""maabibaxhun"" lang=""ceb"">maabibáhun</form>
<hom role=""a""><pos>a</pos>
<sense n=""0""><trans> giving encouragement, egging on.
</trans>
</sense></hom></entry></entry>");
INSERT INTO `wced_head` (entryid, head, normalized_head, type, pos) VALUES (47, "abíba", "abiba", "s", "vn");
INSERT INTO `wced_head` (entryid, head, normalized_head, type, pos) VALUES (47, "abibar", "abibar", "s", "vn");
INSERT INTO `wced_head` (entryid, head, normalized_head, type, pos) VALUES (47, "maabibáhun", "maabibahun", "s", "a");
INSERT INTO `wced_translation` (entryid, translation) VALUES (47, "cheer");
INSERT INTO `wced_translation` (entryid, translation) VALUES (47, "encourage");
INSERT INTO `wced_translation` (entryid, translation) VALUES (47, "encouragement");
INSERT INTO `wced_entry` VALUES (48, "abihid", "3", "<entry page=""3"" id=""48""><form id=""abixhid"" lang=""ceb"">abíhid</form>
<hom>
<sense n=""0""><trans> = <xr lang=""ceb"" target=""#alabixhid""><sc>alabíhid</sc></xr>.
</trans>
</sense></hom></entry>");
INSERT INTO `wced_head` (entryid, head, normalized_head, type, pos) VALUES (48, "abíhid", "abihid", "m", "");
INSERT INTO `wced_entry` VALUES (49, "abilay", "3", "<entry page=""3"" id=""49""><form id=""abilay"" lang=""ceb"">abilay</form>
<hom>
<sense n=""0""><trans> = <xr lang=""ceb"" target=""#sambilay""><sc>sambilay</sc></xr>.
</trans>
</sense></hom></entry>");
INSERT INTO `wced_head` (entryid, head, normalized_head, type, pos) VALUES (49, "abilay", "abilay", "m", "");
INSERT INTO `wced_entry` VALUES (50, "abilidad", "3", "<entry page=""3"" id=""50""><form id=""abilidad"" lang=""ceb"">abilidad</form>
<hom role=""n""><pos>n</pos>
<sense n=""0""><trans> <tr>ability</tr>, <tr>capacity</tr> or <tr>skill</tr> to accomplish s.t. </trans>
</sense></hom>
<hom role=""v""><pos>v</pos>
<sense n=""0""> <itype>[A12]</itype><trans> obtain a certain ability. </trans>
</sense></hom>
<entry><form id=""abilidaran"" lang=""ceb"">abilidaran</form>
<hom role=""a""><pos>a</pos>
<sense n=""0""><trans> <tr>skilled</tr>, <tr>able</tr>. </trans>
<eg><i lang=""ceb"">Abilidaran nà si Tunyu. Bansayng mutínis,</i><trans> Tony has talent. He plays tennis well.
</trans></eg>
</sense></hom></entry></entry>");
INSERT INTO `wced_head` (entryid, head, normalized_head, type, pos) VALUES (50, "abilidad", "abilidad", "m", "nv");
INSERT INTO `wced_head` (entryid, head, normalized_head, type, pos) VALUES (50, "abilidaran", "abilidaran", "s", "a");
INSERT INTO `wced_translation` (entryid, translation) VALUES (50, "ability");
INSERT INTO `wced_translation` (entryid, translation) VALUES (50, "capacity");
INSERT INTO `wced_translation` (entryid, translation) VALUES (50, "skill");
INSERT INTO `wced_translation` (entryid, translation) VALUES (50, "skilled");
INSERT INTO `wced_translation` (entryid, translation) VALUES (50, "able");
INSERT INTO `wced_entry` VALUES (51, "abilyana", "3", "<entry page=""3"" id=""51""><form id=""abilyaxna"" lang=""ceb"">abilyána</form>
<hom role=""a""><pos>a</pos>
<sense n=""0""><trans> <tr>tan-colored</tr> shoes. </trans>
</sense></hom>
<hom role=""n""><pos>n</pos>
<sense n=""0""><trans> tan polish. </trans>
</sense></hom>
<hom role=""v""><pos>v</pos>
<sense n=""0""> <itype>[A13]</itype><trans> polish shoes with a light tan polish, color them tan. </trans>
<eg><i lang=""ceb"">Abilyanáha (abilyanáhi) ning sapátus kung putì,</i><trans> Dye these shoes of mine tan. </trans></eg>
<eg><i lang=""ceb"">Wà kuy bitung itum. Abilyanáhi <pb n=""4""/>lang,</i><trans> I don’t have any black polish. Just put tan polish on them.
</trans></eg>
</sense></hom></entry>");
INSERT INTO `wced_head` (entryid, head, normalized_head, type, pos) VALUES (51, "abilyána", "abilyana", "m", "anv");
INSERT INTO `wced_translation` (entryid, translation) VALUES (51, "tan-colored");
INSERT INTO `wced_entry` VALUES (52, "abin", "4", "<entry page=""4"" id=""52""><form id=""axbin"" lang=""ceb"">ábin</form>
<hom role=""v""><pos>v</pos>
<sense n=""0""> <itype>[A2C; b]</itype><trans> </trans>
</sense>
<sense n=""1""><number>1</number><trans> engage in an enterprise or game together. </trans>
<eg><i lang=""ceb"">Mag-ábin ta sa pamaligyag pagkáun,</i><trans> Let’s become partners in selling food. </trans></eg>
</sense>
<sense n=""2""><number>2</number><trans> <tr>ally</tr> on oneself with. </trans>
<eg><i lang=""ceb"">Mga hakug sa gahum ang miábin kaníya,</i><trans> People who were greedy for power allied themselves with him. </trans></eg>
<eg><i lang=""ceb"">Nakig-ábin aku kaníya sa íyang mga panglantaw sa unáhan,</i><trans> I share his views of the future. </trans></eg>
</sense></hom>
<hom role=""n""><pos>n</pos>
<sense n=""0""><trans> partner in business or game. </trans>
<eg><i lang=""ceb"">Ug siyay ákung ábin sa bíku kanúnay ming mudaug,</i><trans> When she is my partner in hopscotch, we always win. </trans></eg>
</sense></hom>
<entry><form id=""kaaxbin"" lang=""ceb""><abbr expan=""kaábin"" type=""lemma"">ka-</abbr></form>
<hom role=""n""><pos>n</pos>
<sense n=""0""><trans> = <xr lang=""ceb"" target=""#axbin""><sc>ábin</sc></xr>.
</trans>
</sense></hom></entry></entry>");
INSERT INTO `wced_head` (entryid, head, normalized_head, type, pos) VALUES (52, "ábin", "abin", "m", "vn");
INSERT INTO `wced_head` (entryid, head, normalized_head, type, pos) VALUES (52, "kaábin", "kaabin", "s", "n");
INSERT INTO `wced_translation` (entryid, translation) VALUES (52, "ally");
INSERT INTO `wced_entry` VALUES (53, "abintura", "4", "<entry page=""4"" id=""53""><form id=""abintuxra"" lang=""ceb"">abintúra</form>
<hom role=""n""><pos>n</pos>
<sense n=""1""><number>1</number><trans> <tr>adventures</tr>. </trans>
</sense>
<sense n=""2""><number>2</number><trans> <tr>adventure film</tr>, story. </trans>
<eg><i lang=""ceb"">Makítà siya sa mga lílas abintúra,</i><trans> He appears in adventure films. </trans></eg>
</sense></hom>
<hom role=""v""><pos>v</pos>
<sense n=""0""> <itype>[A; b5]</itype><trans> </trans>
</sense>
<sense n=""1""><number>1</number><trans> try going s.w. for the adventure of it. </trans>
<eg><i lang=""ceb"">Nag-abintúra mig katkat sa Manunggal,</i><trans> We went on an expedition to Mt. Manunggal. </trans></eg>
</sense>
<sense n=""2""><number>2</number><trans> = <xr lang=""ceb"" target=""#abinturar""><sc>abinturar</sc></xr>.
</trans>
</sense></hom></entry>");
INSERT INTO `wced_head` (entryid, head, normalized_head, type, pos) VALUES (53, "abintúra", "abintura", "m", "nv");
INSERT INTO `wced_translation` (entryid, translation) VALUES (53, "adventures");
INSERT INTO `wced_translation` (entryid, translation) VALUES (53, "adventure film");
INSERT INTO `wced_entry` VALUES (54, "abinturar", "4", "<entry page=""4"" id=""54""><form id=""abinturar"" lang=""ceb"">abinturar</form>
<hom role=""v""><pos>v</pos>
<sense n=""0""> <itype>[AN; b5]</itype><trans> <tr>try</tr> one’s luck. </trans>
<eg><i lang=""ceb"">Miabinturar (nangabinturar) lang siyag aplay básig madáwat,</i><trans> He tried his luck in applying in hopes he might be accepted. </trans></eg>
<eg><i lang=""ceb"">Abinturahi (abinturaha) lang si Maríyag hangyù,</i><trans> Try your luck with Maria and ask her. </trans></eg>
</sense></hom>
<entry><form id=""abinturixru_abinturixra"" lang=""ceb"">abinturíru, <abbr expan=""abinturíra"" type=""lemma"">-a</abbr></form>
<hom>
<sense n=""0""><trans> = <xr lang=""ceb"" target=""#abinturista""><sc>abinturista</sc></xr>. </trans>
</sense></hom></entry>
<entry><form id=""abinturista"" lang=""ceb"">abinturista</form>
<hom role=""a""><pos>a</pos>
<sense n=""0""><trans> <tr>adventurous</tr>, tending to try things out without knowing the outcome. </trans>
<eg><i lang=""ceb"">Dì ku mugugul ug kwarta niánà kay dì ku abinturista. Básig dì musalir,</i><trans> I won’t invest my money on that because I’m not daring. It might just fail.
</trans></eg>
</sense></hom></entry></entry>");
INSERT INTO `wced_head` (entryid, head, normalized_head, type, pos) VALUES (54, "abinturar", "abinturar", "m", "v");
INSERT INTO `wced_head` (entryid, head, normalized_head, type, pos) VALUES (54, "abinturíru", "abinturiru", "s", "");
INSERT INTO `wced_head` (entryid, head, normalized_head, type, pos) VALUES (54, "abinturíra", "abinturira", "s", "");
INSERT INTO `wced_head` (entryid, head, normalized_head, type, pos) VALUES (54, "abinturista", "abinturista", "s", "a");
INSERT INTO `wced_translation` (entryid, translation) VALUES (54, "try");
INSERT INTO `wced_translation` (entryid, translation) VALUES (54, "adventurous");
INSERT INTO `wced_entry` VALUES (55, "abir", "4", "<entry page=""4"" id=""55""><form id=""abir"" lang=""ceb"">abir</form>
<hom>
<sense n=""1""><number>1</number><trans> particle used in calling attention to a point in contention. </trans>
<eg><i lang=""ceb"">Ang diyus makagagáhum. Abir, unsáun man nímu pagpangutána diin siya manukad,</i><trans> God is almighty. All right then, how can you ask where He comes from? </trans></eg>
</sense>
<sense n=""1a""><number>1a</number><trans> particle used in inciting a person to do s.t. </trans>
<eg><i lang=""ceb"">Abir, sulayi ug musalir ba nang paagíha,</i><trans> <asc>O.K.</asc> Just see if that procedure works out. </trans></eg>
<eg><i lang=""ceb"">Abir, sumbága kunu ku kay isumbung tikaw ni Pápa,</i><trans> All right, just try hitting me, and I’ll tell Daddy on you. </trans></eg>
</sense>
<sense n=""2""><number>2</number><trans> pause word expressing hesitation when one doesn’t know how to do s.t. </trans>
<eg><i lang=""ceb"">Abir, lisúa nag hínay dúngan sa pagtulbuk ári,</i><trans> Let’s see now, turn that slowly and press this at the same time. </trans></eg>
</sense>
<sense n=""3""><number>3</number><trans> = <xr lang=""ceb"" target=""#ambi""><sc>ambi</sc></xr>. <bx>4</bx> </trans>
</sense></hom>
<hom role=""v""><pos>v</pos>
<sense n=""0""> <itype>[AN; ac]</itype><trans> try one’s luck, take a stab at. </trans>
<eg><i lang=""ceb"">Nangabir (miabir) lang siyag panlútù. Dì hinúun siya kamau,</i><trans> He just took a try at cooking. He doesn’t really know how. </trans></eg>
<eg><i lang=""ceb"">Abirun unyà nákug hangyù si Maríya,</i><trans> I’ll just take a stab at asking Maria. </trans></eg>
<eg><i lang=""ceb"">Iabir kunu ni sa ahinsiya ug dawátun ba,</i><trans> Try taking this to the pawnshop and see if they will accept it.
</trans></eg>
</sense></hom></entry>");
INSERT INTO `wced_head` (entryid, head, normalized_head, type, pos) VALUES (55, "abir", "abir", "m", "v");
INSERT INTO `wced_entry` VALUES (56, "abirids", "4", "<entry page=""4"" id=""56""><form id=""abirids"" lang=""ceb"">abirids</form>
<hom role=""n""><pos>n</pos>
<sense n=""1""><number>1</number><trans> <tr>average</tr>, the usual size or quantity. </trans>
</sense>
<sense n=""2""><number>2</number><trans> <tr>average</tr> rating in school. </trans>
<eg><i lang=""ceb"">Pasar ku kay utsinta ákung abirids,</i><trans> I passed because my average was eighty. </trans></eg>
</sense></hom>
<hom role=""v""><pos>v</pos>
<sense n=""0""> <itype>[A]</itype><trans> </trans>
</sense>
<sense n=""1""><number>1</number><trans> average so and so much. </trans>
<eg><i lang=""ceb"">Makaabirids mig lima adlaw-adlaw,</i><trans> We can sell on the average five every day. </trans></eg>
</sense>
<sense n=""2""><number>2</number><trans> have an average grade of.
</trans>
</sense></hom></entry>");
INSERT INTO `wced_head` (entryid, head, normalized_head, type, pos) VALUES (56, "abirids", "abirids", "m", "nv");
INSERT INTO `wced_translation` (entryid, translation) VALUES (56, "average");
INSERT INTO `wced_entry` VALUES (57, "abiriya", "4", "<entry page=""4"" id=""57""><form id=""abirixya"" lang=""ceb"">abiríya</form>
<hom role=""a""><pos>a</pos>
<sense n=""0""><trans> be <tr>broken</tr>, <tr>inoperative</tr>. </trans>
</sense></hom>
<hom role=""v""><pos>v</pos>
<sense n=""0""> <itype>[B]</itype><trans> </trans>
</sense>
<sense n=""1""><number>1</number><trans> for an engine to <tr>break down</tr>. </trans>
<eg><i lang=""ceb"">Kining trak dílì magámit. Nag-abiríya man,</i><trans> This truck cannot be used. It is broken. </trans></eg>
</sense>
<sense n=""2""><number>2</number><trans> be under the weather. </trans>
<eg><i lang=""ceb"">Naabiríya aku kay nagkalíbang aku gahápun,</i><trans> I’m not feeling well because I had diarrhea yesterday.
</trans></eg>
</sense></hom></entry>");
INSERT INTO `wced_head` (entryid, head, normalized_head, type, pos) VALUES (57, "abiríya", "abiriya", "m", "av");
INSERT INTO `wced_translation` (entryid, translation) VALUES (57, "broken");
INSERT INTO `wced_translation` (entryid, translation) VALUES (57, "inoperative");
INSERT INTO `wced_translation` (entryid, translation) VALUES (57, "break down");
INSERT INTO `wced_entry` VALUES (58, "abirtu", "4", "<entry page=""4"" id=""58""><form id=""abirtu"" lang=""ceb"">abirtu</form>
<hom>
<sense n=""0""><trans> = <xr lang=""ceb"" target=""#abyirtu""><sc>abyirtu</sc></xr>.
</trans>
</sense></hom></entry>");
INSERT INTO `wced_head` (entryid, head, normalized_head, type, pos) VALUES (58, "abirtu", "abirtu", "m", "");
INSERT INTO `wced_entry` VALUES (59, "abis", "4", "<entry page=""4"" id=""59""><form id=""abis"" lang=""ceb"">abis</form>
<hom role=""v""><pos>v</pos>
<sense n=""0""> <itype>[A; ab7]</itype><trans> <tr>slice</tr> with a curved blade, <tr>cut</tr> a small or thin part from a bigger piece. </trans>
<eg><i lang=""ceb"">Abisig diyútay nà,</i><trans> Slice a piece off of it. </trans></eg>
</sense></hom>
<entry><form id=""pangabis"" lang=""ceb""><abbr expan=""pangabis"" type=""lemma"">paN-</abbr></form>
<hom role=""v""><pos>v</pos>
<sense n=""0""> <itype>[A2]</itype><trans> <tr>slice</tr> the terminal portion of a coconut bud to induce sap flow. </trans>
<eg><i lang=""ceb"">Kaduha sila mangabis káda adlaw,</i><trans> They make an incision in the bud twice a day.
</trans></eg>
</sense></hom></entry></entry>");
INSERT INTO `wced_head` (entryid, head, normalized_head, type, pos) VALUES (59, "abis", "abis", "m", "v");
INSERT INTO `wced_head` (entryid, head, normalized_head, type, pos) VALUES (59, "pangabis", "pangabis", "s", "v");
INSERT INTO `wced_translation` (entryid, translation) VALUES (59, "slice");
INSERT INTO `wced_translation` (entryid, translation) VALUES (59, "cut");
INSERT INTO `wced_entry` VALUES (60, "abisu", "4", "<entry page=""4"" id=""60""><form id=""abixsu"" lang=""ceb"">abísu</form>
<hom role=""n""><pos>n</pos>
<sense n=""0""><trans> <tr>announcement</tr> of s.t. to come. </trans>
</sense></hom>
<hom role=""v""><pos>v</pos>
<sense n=""1""><number>1</number> <itype>[A; c]</itype><trans> <tr>announce</tr> s.t. to come. </trans>
<eg><i lang=""ceb"">Nag-abísu ang radyu nga adúnay bagyung umaábut,</i><trans> The radio announced that there is a typhoon coming. </trans></eg>
</sense>
<sense n=""2""><number>2</number> <itype>[A12]</itype><trans> receive an announcement. </trans>
<eg><i lang=""ceb"">Nakaabísu ming way túbig ugmà,</i><trans> We received the announcement that there would be no water tomorrow.
</trans></eg>
</sense></hom></entry>");
INSERT INTO `wced_head` (entryid, head, normalized_head, type, pos) VALUES (60, "abísu", "abisu", "m", "nv");
INSERT INTO `wced_translation` (entryid, translation) VALUES (60, "announcement");
INSERT INTO `wced_translation` (entryid, translation) VALUES (60, "announce");
INSERT INTO `wced_entry` VALUES (61, "abitsuylas", "4", "<entry page=""4"" id=""61""><form id=""abitsuylas"" lang=""ceb"">abitsuylas</form>
<hom>
<sense n=""0""><trans> = <xr lang=""ceb"" target=""#habitsuylas""><sc>habitsuylas</sc></xr>.
</trans>
</sense></hom></entry>");
INSERT INTO `wced_head` (entryid, head, normalized_head, type, pos) VALUES (61, "abitsuylas", "abitsuylas", "m", "");
INSERT INTO `wced_entry` VALUES (62, "abitu", "4", "<entry page=""4"" id=""62""><form id=""abitu"" lang=""ceb"">abitu</form>
<hom role=""n""><pos>n</pos>
<sense n=""0""><trans> <tr>habit</tr>, a distinctive apparel worn by devotees, priests, monks, and the like. </trans>
</sense></hom>
<hom role=""v""><pos>v</pos>
<sense n=""0""> <itype>[A]</itype><trans> wear a habit.
</trans>
</sense></hom></entry>");
INSERT INTO `wced_head` (entryid, head, normalized_head, type, pos) VALUES (62, "abitu", "abitu", "m", "nv");
INSERT INTO `wced_translation` (entryid, translation) VALUES (62, "habit");
INSERT INTO `wced_entry` VALUES (63, "abiyu", "4", "<entry page=""4"" id=""63""><form id=""abixyu"" lang=""ceb"">abíyu</form>
<hom role=""n""><pos>n</pos>
<sense n=""0""><trans> <tr>food</tr>, <tr>provisions</tr>, <tr>money</tr>, <tr>supplies</tr> for daily consumption. </trans>
</sense></hom>
<hom role=""v""><pos>v</pos>
<sense n=""0""> <itype>[A; c]</itype><trans> provide food, etc. </trans>
<eg><i lang=""ceb"">Báhin sa mga kinahanglanun matag adlaw akuy muabíyu,</i><trans> As far as your daily needs go, I will provide. </trans></eg>
<eg><i lang=""ceb"">Abyúhan ta lang mug usa ka sákung humay matag búlan,</i><trans> We’ll supply you with one sack of rice a month.
</trans></eg>
</sense></hom></entry>");
INSERT INTO `wced_head` (entryid, head, normalized_head, type, pos) VALUES (63, "abíyu", "abiyu", "m", "nv");
INSERT INTO `wced_translation` (entryid, translation) VALUES (63, "food");
INSERT INTO `wced_translation` (entryid, translation) VALUES (63, "provisions");
INSERT INTO `wced_translation` (entryid, translation) VALUES (63, "money");
INSERT INTO `wced_translation` (entryid, translation) VALUES (63, "supplies");
INSERT INTO `wced_entry` VALUES (64, "abiyun", "4", "<entry page=""4"" id=""64""><form id=""abiyun"" lang=""ceb"">abiyun</form>
<hom role=""n""><pos>n</pos>
<sense n=""0""><trans> <tr>airplane</tr>. </trans>
</sense></hom>
<entry><form id=""kaaxbiyunan"" lang=""ceb""><abbr expan=""kaábiyunan"" type=""lemma"">ka-an(←)</abbr></form>
<hom role=""n""><pos>n</pos>
<sense n=""0""><trans> group of airplanes.
</trans>
</sense></hom></entry></entry>");
INSERT INTO `wced_head` (entryid, head, normalized_head, type, pos) VALUES (64, "abiyun", "abiyun", "m", "n");
INSERT INTO `wced_head` (entryid, head, normalized_head, type, pos) VALUES (64, "kaábiyunan", "kaabiyunan", "s", "n");
INSERT INTO `wced_translation` (entryid, translation) VALUES (64, "airplane");
INSERT INTO `wced_entry` VALUES (65, "abkay", "4", "<entry page=""4"" id=""65""><form id=""abkay"" lang=""ceb"">abkay</form>
<hom role=""v""><pos>v</pos>
<sense n=""0""> <itype>[A; a]</itype><trans> <tr>dig up</tr>, out. </trans>
<eg><i lang=""ceb"">Abkáyun ku ang kwarta nga ákung gilubung dinhi,</i><trans> I will dig up the money that I buried here.
</trans></eg>
</sense></hom></entry>");
INSERT INTO `wced_head` (entryid, head, normalized_head, type, pos) VALUES (65, "abkay", "abkay", "m", "v");
INSERT INTO `wced_translation` (entryid, translation) VALUES (65, "dig up");
INSERT INTO `wced_entry` VALUES (66, "abla", "4", "<entry page=""4"" id=""66""><form id=""abla"" lang=""ceb"">abla</form>
<hom role=""v""><pos>v</pos>
<sense n=""0""> <itype>[A; c]</itype><trans> <tr>speak</tr> to s.o. with some purpose in mind. </trans>
<eg><i lang=""ceb"">Abláhi kunu si Máma, básin pag musugut,</i><trans> Try to talk mother into it. She might let us. </trans></eg>
</sense></hom>
<hom role=""n""><pos>n</pos>
<sense n=""1""><number>1</number><trans> persuasive talk. </trans>
<eg><i lang=""ceb"">Dílì ka sugtun niánang bayhána kun walà kay abla,</i><trans> That woman will not accept you if you don’t sweet-talk her. </trans></eg>
</sense>
<sense n=""2""><number>2</number><trans> <tr>big talk</tr>. </trans>
<eg><i lang=""ceb"">Abla lay nagdaghan. Walay líhuk,</i><trans> It was all just big talk. No action. </trans></eg>
</sense></hom>
<entry><form id=""pangabla"" lang=""ceb""><abbr expan=""pangabla"" type=""lemma"">paN-</abbr></form>
<hom role=""n""><pos>n</pos>
<sense n=""0""><trans> art or technique of <tr>expressing</tr> one’s viewpoint. </trans>
<eg><i lang=""ceb"">Malampúsun siyang abugádu kay maáyu siya sa pangabla,</i><trans> He is a successful lawyer because he has a <pb n=""5""/>good technique in talking.
</trans></eg>
</sense></hom></entry></entry>");
INSERT INTO `wced_head` (entryid, head, normalized_head, type, pos) VALUES (66, "abla", "abla", "m", "vn");
INSERT INTO `wced_head` (entryid, head, normalized_head, type, pos) VALUES (66, "pangabla", "pangabla", "s", "n");
INSERT INTO `wced_translation` (entryid, translation) VALUES (66, "speak");
INSERT INTO `wced_translation` (entryid, translation) VALUES (66, "big talk");
INSERT INTO `wced_translation` (entryid, translation) VALUES (66, "expressing");
INSERT INTO `wced_entry` VALUES (67, "abladu", "5", "<entry page=""5"" id=""67""><form id=""ablaxdu"" lang=""ceb"">abládu</form>
<hom role=""n""><pos>n</pos>
<sense n=""1""><number>1</number><trans> delivered in <tr>spoken</tr> fashion. </trans>
<eg><i lang=""ceb"">Ang kúru abládu, dílì kantáhun,</i><trans> The chorus is spoken, not sung. </trans></eg>
</sense>
<sense n=""2""><number>2</number><trans> lines of a play. </trans>
</sense></hom>
<hom role=""v""><pos>v</pos>
<sense n=""0""> <itype>[A]</itype><trans> <tr>speak</tr> lines.
</trans>
</sense></hom></entry>");
INSERT INTO `wced_head` (entryid, head, normalized_head, type, pos) VALUES (67, "abládu", "abladu", "m", "nv");
INSERT INTO `wced_translation` (entryid, translation) VALUES (67, "spoken");
INSERT INTO `wced_translation` (entryid, translation) VALUES (67, "speak");
INSERT INTO `wced_entry` VALUES (68, "ablasa", "5", "<entry page=""5"" id=""68""><form id=""ablaxsa"" lang=""ceb"">ablása</form>
<hom>
<sense n=""0""><trans> = <xr lang=""ceb"" target=""#abraxsa""><sc>abrása</sc></xr>.
</trans>
</sense></hom></entry>");
INSERT INTO `wced_head` (entryid, head, normalized_head, type, pos) VALUES (68, "ablása", "ablasa", "m", "");
INSERT INTO `wced_entry` VALUES (69, "abli", "5", "<entry page=""5"" id=""69""><form id=""abli"" lang=""ceb"">abli</form>
<hom role=""v""><pos>v</pos>
<sense n=""0""> <itype>[AB; b5]</itype><trans> </trans>
</sense>
<sense n=""1""><number>1</number><trans> <tr>open</tr> s.t., be open. </trans>
<eg><i lang=""ceb"">Ikaw bay nag-abli sa pultahan?</i><trans> Were you the one who opened the door? </trans></eg>
<eg><i lang=""ceb"">Sulud lang kay nag-abli ang pultahan,</i><trans> Just come right in. The door is open. </trans></eg>
</sense>
<sense n=""2""><number>2</number><trans> <tr>begin</tr>, <tr>start</tr> a class, business, etc. </trans>
<eg><i lang=""ceb"">Muabli ang klási sa Hunyu,</i><trans> Classes begin in June. </trans></eg>
<eg><i lang=""ceb"">Ablíhag (ablíhug) sayu ang klási sunud túig,</i><trans> Classes will open early next year. </trans></eg>
</sense>
<sense n=""3""><number>3</number><trans> <tr>found</tr>, <tr>establish</tr> an enterprise. </trans>
<eg><i lang=""ceb"">Anus-a man ablíhi (ablíha) ang inyung iskuylahan sa panahì?</i><trans> When will you open your sewing school? </trans></eg>
</sense></hom>
<hom role=""n""><pos>n</pos>
<sense n=""1""><number>1</number><trans> <tr>opening</tr>. </trans>
<eg><i lang=""ceb"">Dakug abli nang tarúha,</i><trans> That can has a big opening. </trans></eg>
</sense>
<sense n=""2""><number>2</number><trans> opening of classes. </trans>
</sense></hom>
<hom role=""a""><pos>a</pos>
<sense n=""1""><number>1</number><trans> open. </trans>
<eg><i lang=""ceb"">Abli ang bintánà. Sirhi ra gud,</i><trans> The window is open. Please close it. </trans></eg>
</sense>
<sense n=""2""><number>2</number><trans> be started. </trans>
<eg><i lang=""ceb"">Abli na ang tindáhan. Palit ngadtug kapi,</i><trans> The store is open now. Go buy some coffee.
</trans></eg>
</sense></hom></entry>");
INSERT INTO `wced_head` (entryid, head, normalized_head, type, pos) VALUES (69, "abli", "abli", "m", "vna");
INSERT INTO `wced_translation` (entryid, translation) VALUES (69, "open");
INSERT INTO `wced_translation` (entryid, translation) VALUES (69, "begin");
INSERT INTO `wced_translation` (entryid, translation) VALUES (69, "start");
INSERT INTO `wced_translation` (entryid, translation) VALUES (69, "found");
INSERT INTO `wced_translation` (entryid, translation) VALUES (69, "establish");
INSERT INTO `wced_translation` (entryid, translation) VALUES (69, "opening");
INSERT INTO `wced_entry` VALUES (70, "abr.", "5", "<entry page=""5"" id=""70""><form id=""Abr."" lang=""ceb"">Abr.</form>
<hom>
<sense n=""0""><trans> abbreviation for <ix>Abril,</ix> ‘April’.
</trans>
</sense></hom></entry>");
INSERT INTO `wced_head` (entryid, head, normalized_head, type, pos) VALUES (70, "Abr.", "abr.", "m", "");
INSERT INTO `wced_entry` VALUES (71, "abrap", "5", "<entry page=""5"" id=""71""><form id=""abrap"" lang=""ceb"">abrap</form>
<hom role=""a""><pos>a</pos>
<sense n=""1""><number>1</number><trans> <tr>sudden</tr>. </trans>
<eg><i lang=""ceb"">Abrap ra kaáyu nang ímung pag-anhi,</i><trans> Your coming is very sudden. </trans></eg>
</sense>
<sense n=""2""><number>2</number><trans> <tr>brusque</tr>. </trans>
</sense></hom>
<hom role=""v""><pos>v</pos>
<sense n=""0""> <itype>[B12; c1]</itype><trans> </trans>
</sense>
<sense n=""1""><number>1</number><trans> be sudden, do s.t. by plunging right into it. </trans>
</sense>
<sense n=""2""><number>2</number><trans> be brusque. </trans>
<eg><i lang=""ceb"">Naabrap ra tu nímu pagkatubag,</i><trans> You answered in a brusque way.
</trans></eg>
</sense></hom></entry>");
INSERT INTO `wced_head` (entryid, head, normalized_head, type, pos) VALUES (71, "abrap", "abrap", "m", "av");
INSERT INTO `wced_translation` (entryid, translation) VALUES (71, "sudden");
INSERT INTO `wced_translation` (entryid, translation) VALUES (71, "brusque");
INSERT INTO `wced_entry` VALUES (72, "abrasa", "5", "<entry page=""5"" id=""72""><form id=""abraxsa"" lang=""ceb"">abrása</form>
<hom role=""v""><pos>v</pos>
<sense n=""0""> <itype>[AC; bc3]</itype><trans> <tr>walk side by side</tr> with. </trans>
<eg><i lang=""ceb"">Hulat kay muabrása kug lakaw ninyu,</i><trans> Wait for me. I’m going to walk next to you. </trans></eg>
<eg><i lang=""ceb"">Dílì ta mag-abrásag lakaw sa karsádang hagip-ut,</i><trans> We shouldn’t walk side by side on a narrow street.
</trans></eg>
</sense></hom></entry>");
INSERT INTO `wced_head` (entryid, head, normalized_head, type, pos) VALUES (72, "abrása", "abrasa", "m", "v");
INSERT INTO `wced_translation` (entryid, translation) VALUES (72, "walk side by side");
INSERT INTO `wced_entry` VALUES (73, "abrasadur", "5", "<entry page=""5"" id=""73""><form id=""abrasadur"" lang=""ceb"">abrasadur</form>
<hom role=""n""><pos>n</pos>
<sense n=""0""><trans> = <xr lang=""ceb"" target=""#tangdayan""><sc>tangdayan</sc></xr>. </trans>
</sense></hom>
<hom role=""v""><pos>v</pos>
<sense n=""0""><trans> = <xr lang=""ceb"" target=""#tangday""><sc>tangday</sc></xr>, <bx>2</bx>.
</trans>
</sense></hom></entry>");
INSERT INTO `wced_head` (entryid, head, normalized_head, type, pos) VALUES (73, "abrasadur", "abrasadur", "m", "nv");
INSERT INTO `wced_entry` VALUES (74, "abrasiti", "5", "<entry page=""5"" id=""74""><form id=""abrasixti"" lang=""ceb"">abrasíti</form>
<hom role=""v""><pos>v</pos>
<sense n=""0""> <itype>[C2; c2]</itype><trans> promenade arm in arm or side by side. </trans>
<eg><i lang=""ceb"">Nakit-an kung ímung bánang may giabrasíting (giabrasitíhang) babáyi,</i><trans> I saw your husband walking arm in arm with a woman (with a woman holding on to his arms).
</trans></eg>
</sense></hom></entry>");
INSERT INTO `wced_head` (entryid, head, normalized_head, type, pos) VALUES (74, "abrasíti", "abrasiti", "m", "v");
INSERT INTO `wced_entry` VALUES (75, "abrasyiti", "5", "<entry page=""5"" id=""75""><form id=""abrasyixti"" lang=""ceb"">abrasyíti</form>
<hom>
<sense n=""0""><trans> = <xr lang=""ceb"" target=""#abrasixti""><sc>abrasíti</sc></xr>.
</trans>
</sense></hom></entry>");
INSERT INTO `wced_head` (entryid, head, normalized_head, type, pos) VALUES (75, "abrasyíti", "abrasyiti", "m", "");
INSERT INTO `wced_entry` VALUES (76, "abri1", "5", "<entry page=""5"" id=""76""><form id=""abri"" lang=""ceb"">abri<sub>1</sub></form>
<hom>
<sense n=""0""><trans> = <xr lang=""ceb"" target=""#abli""><sc>abli</sc></xr>. </trans>
</sense></hom>
<entry><form id=""abridur"" lang=""ceb""><abbr expan=""abridur"" type=""lemma"">-dur</abbr></form>
<hom role=""n""><pos>n</pos>
<sense n=""0""><trans> <tr>opener</tr>.†
</trans>
</sense></hom></entry></entry>");
INSERT INTO `wced_head` (entryid, head, normalized_head, type, pos) VALUES (76, "abri", "abri", "s", "");
INSERT INTO `wced_head` (entryid, head, normalized_head, type, pos) VALUES (76, "abridur", "abridur", "s", "n");
INSERT INTO `wced_translation` (entryid, translation) VALUES (76, "opener");
INSERT INTO `wced_entry` VALUES (77, "abri2", "5", "<entry page=""5"" id=""77""><form id=""abri2"" lang=""ceb"">abri<sub>2</sub></form>
<hom>
<sense n=""0""><trans> = <xr lang=""ceb"" target=""#abyirtu2""><sc>abyirtu<sub>2</sub></sc></xr>.
</trans>
</sense></hom></entry>");
INSERT INTO `wced_head` (entryid, head, normalized_head, type, pos) VALUES (77, "abri", "abri", "s", "");
INSERT INTO `wced_entry` VALUES (78, "abrigana", "5", "<entry page=""5"" id=""78""><form id=""abrigaxna"" lang=""ceb"">abrigána</form>
<hom role=""n""><pos>n</pos>
<sense n=""0""><trans> s.t. that stimulates the appetite. </trans>
<eg><i lang=""ceb"">Maáyung abrigána ang bír,</i><trans> Beer is good to <tr>stimulate the appetite</tr>.
</trans></eg>
</sense></hom></entry>");
INSERT INTO `wced_head` (entryid, head, normalized_head, type, pos) VALUES (78, "abrigána", "abrigana", "m", "n");
INSERT INTO `wced_translation` (entryid, translation) VALUES (78, "stimulate the appetite");
INSERT INTO `wced_entry` VALUES (79, "abrigawu", "5", "<entry page=""5"" id=""79""><form id=""abrigaxwu"" lang=""ceb"">abrigáwu</form>
<hom role=""n""><pos>n</pos>
<sense n=""1""><number>1</number><trans> <tr>apprentice</tr> on a ship. </trans>
</sense>
<sense n=""2""><number>2</number><trans> one who works on a boat for his passage. </trans>
</sense></hom>
<hom role=""v""><pos>v</pos>
<sense n=""0""> <itype>[A1; a12]</itype><trans> </trans>
</sense>
<sense n=""1""><number>1</number><trans> be an apprentice, apprentice s.o. to. </trans>
</sense>
<sense n=""2""><number>2</number><trans> work in lieu of paying passage.
</trans>
</sense></hom></entry>");
INSERT INTO `wced_head` (entryid, head, normalized_head, type, pos) VALUES (79, "abrigáwu", "abrigawu", "m", "nv");
INSERT INTO `wced_translation` (entryid, translation) VALUES (79, "apprentice");
INSERT INTO `wced_entry` VALUES (80, "abrigu", "5", "<entry page=""5"" id=""80""><form id=""abrixgu"" lang=""ceb"">abrígu</form>
<hom role=""n""><pos>n</pos>
<sense n=""0""><trans> <tr>shawl</tr>. </trans>
</sense></hom>
<hom role=""v""><pos>v</pos>
<sense n=""0""> <itype>[A1; a]</itype><trans> wear, make, receive a shawl.
</trans>
</sense></hom></entry>");
INSERT INTO `wced_head` (entryid, head, normalized_head, type, pos) VALUES (80, "abrígu", "abrigu", "m", "nv");
INSERT INTO `wced_translation` (entryid, translation) VALUES (80, "shawl");
INSERT INTO `wced_entry` VALUES (81, "abril", "5", "<entry page=""5"" id=""81""><form id=""Abril"" lang=""ceb"">Abril</form>
<hom role=""n""><pos>n</pos>
<sense n=""0""><trans> <tr>April</tr>. </trans>
</sense></hom>
<hom role=""v""><pos>v</pos>
<sense n=""0""> <itype>[a]</itype><trans> </trans>
</sense>
<sense n=""1""><number>1</number><trans> do s.t. in April. </trans>
<eg><i lang=""ceb"">Magbakasyun mu sa Hunyu? Ah, Abrila lang,</i><trans> Will you take your vacation in June? Oh, just make it in April. </trans></eg>
</sense>
<sense n=""2""><number>2</number><trans> write down April in a document. </trans>
<eg><i lang=""ceb"">Máyu ímung nabutang? Abrila lang hinúun,</i><trans> Did you write May? It should be April.
</trans></eg>
</sense></hom></entry>");
INSERT INTO `wced_head` (entryid, head, normalized_head, type, pos) VALUES (81, "Abril", "abril", "m", "nv");
INSERT INTO `wced_translation` (entryid, translation) VALUES (81, "April");
INSERT INTO `wced_entry` VALUES (82, "abrilata", "5", "<entry page=""5"" id=""82""><form id=""abrilaxta"" lang=""ceb"">abriláta</form>
<hom role=""n""><pos>n</pos>
<sense n=""0""><trans> <tr>can opener</tr>.
</trans>
</sense></hom></entry>");
INSERT INTO `wced_head` (entryid, head, normalized_head, type, pos) VALUES (82, "abriláta", "abrilata", "m", "n");
INSERT INTO `wced_translation` (entryid, translation) VALUES (82, "can opener");
INSERT INTO `wced_entry` VALUES (83, "absin", "5", "<entry page=""5"" id=""83""><form id=""absin"" lang=""ceb"">absin</form>
<hom role=""v""><pos>v</pos>
<sense n=""0""> <itype>[A2; b6]</itype><trans> </trans>
</sense>
<sense n=""1""><number>1</number><trans> <tr>absent</tr>, fail to attend work or class. </trans>
<eg><i lang=""ceb"">Absínig kas-a nang klasíha nímu,</i><trans> Just miss your class this one time. </trans></eg>
</sense>
<sense n=""2""><number>2</number><trans> mark one absent. </trans>
<eg><i lang=""ceb"">Absínan tikaw,</i><trans> I’ll mark you absent. </trans></eg>
</sense></hom>
<hom role=""n""><pos>n</pos>
<sense n=""0""><trans> <tr>absence</tr>, time away from class. </trans>
<eg><i lang=""ceb"">Daghag absin nímu Dyú, lagmit ka mahagbung,</i><trans> How many absences you have, Joe! You’re likely to flunk. </trans></eg>
</sense></hom>
<entry><form id=""hingabsin_palaabsin_absinixru_absinus"" lang=""ceb""><abbr expan=""hingabsin"" type=""lemma"">hiN-</abbr>, <abbr expan=""palaabsin"" type=""lemma"">pala-</abbr>, absiníru, absinus</form>
<hom role=""a""><pos>a</pos>
<sense n=""0""><trans> given to missing classes. </trans>
<eg><i lang=""ceb"">Anus-a gud nà siya makapasar nga absinus man nà sa klási,</i><trans> How can he pass if he always misses classes? </trans></eg>
</sense></hom></entry>
<entry><form id=""absin_mayindid"" lang=""ceb""><abbr expan=""absin"" type=""lemma"">—</abbr> mayindid</form>
<hom role=""a""><pos>a</pos>
<sense n=""0""><trans> <tr>absent-minded</tr>.
</trans>
</sense></hom></entry></entry>");
INSERT INTO `wced_head` (entryid, head, normalized_head, type, pos) VALUES (83, "absin", "absin", "m", "vn");
INSERT INTO `wced_head` (entryid, head, normalized_head, type, pos) VALUES (83, "hingabsin", "hingabsin", "s", "a");
INSERT INTO `wced_head` (entryid, head, normalized_head, type, pos) VALUES (83, "palaabsin", "palaabsin", "s", "a");
INSERT INTO `wced_head` (entryid, head, normalized_head, type, pos) VALUES (83, "absiníru", "absiniru", "s", "a");
INSERT INTO `wced_head` (entryid, head, normalized_head, type, pos) VALUES (83, "absinus", "absinus", "s", "a");
INSERT INTO `wced_head` (entryid, head, normalized_head, type, pos) VALUES (83, "absin mayindid", "absin mayindid", "s", "a");
INSERT INTO `wced_translation` (entryid, translation) VALUES (83, "absent");
INSERT INTO `wced_translation` (entryid, translation) VALUES (83, "absence");
INSERT INTO `wced_translation` (entryid, translation) VALUES (83, "absent-minded");
INSERT INTO `wced_entry` VALUES (84, "absinus", "5", "<entry page=""5"" id=""84""><form id=""absinus"" lang=""ceb"">absinus</form>
<hom>
<sense n=""0""><trans> <ix>see</ix> <xr lang=""ceb"" target=""#absin""><sc>absin</sc></xr>.
</trans>
</sense></hom></entry>");
INSERT INTO `wced_head` (entryid, head, normalized_head, type, pos) VALUES (84, "absinus", "absinus", "m", "");
INSERT INTO `wced_entry` VALUES (85, "absulusiyun", "5", "<entry page=""5"" id=""85""><form id=""absulusiyun"" lang=""ceb"">absulusiyun</form>
<hom role=""n""><pos>n</pos>
<sense n=""0""><trans> <tr>absolution</tr>. </trans>
</sense></hom>
<hom role=""v""><pos>v</pos>
<sense n=""0""> <itype>[b6]</itype><trans> give absolution. </trans>
<eg><i lang=""ceb"">Gilubung siya nga walà gánì kaabsulusyuni,</i><trans> He was buried without having received absolution.
</trans></eg>
</sense></hom></entry>");
INSERT INTO `wced_head` (entryid, head, normalized_head, type, pos) VALUES (85, "absulusiyun", "absulusiyun", "m", "nv");
INSERT INTO `wced_translation` (entryid, translation) VALUES (85, "absolution");
INSERT INTO `wced_entry` VALUES (86, "absuwiltu", "5", "<entry page=""5"" id=""86""><form id=""absuwiltu"" lang=""ceb"">absuwiltu</form>
<hom role=""n""><pos>n</pos>
<sense n=""0""><trans> <tr>acquitted</tr> in court. </trans>
</sense></hom>
<hom role=""v""><pos>v</pos>
<sense n=""0""> <itype>[A3P; a12]</itype><trans> <tr>acquit</tr>.
</trans>
</sense></hom></entry>");
INSERT INTO `wced_head` (entryid, head, normalized_head, type, pos) VALUES (86, "absuwiltu", "absuwiltu", "m", "nv");
INSERT INTO `wced_translation` (entryid, translation) VALUES (86, "acquitted");
INSERT INTO `wced_translation` (entryid, translation) VALUES (86, "acquit");
INSERT INTO `wced_entry` VALUES (87, "abtik", "5", "<entry page=""5"" id=""87""><form id=""abtik"" lang=""ceb"">abtik</form>
<hom role=""a""><pos>a</pos>
<sense n=""1""><number>1</number><trans> <tr>nimble</tr>, <tr>quick</tr> in reaction. </trans>
<eg><i lang=""ceb"">Ang musáyaw sa tinikling kinahanglang abtik ug tiil,</i><trans> Whoever dances the <ix>tinikling</ix> has to have nimble feet. </trans></eg>
</sense>
<sense n=""2""><number>2</number><trans> <tr>fast</tr>, live in action. </trans>
<eg><i lang=""ceb"">Mahuman ni dáyug abtik lang mutrabáhu,</i><trans> It will get done right away if you work rapidly. </trans></eg>
</sense>
<sense n=""3""><number>3</number><trans> <tr>cunning</tr>, <tr>sly</tr>. </trans>
<eg><i lang=""ceb"">Abtik giyud siya kay midáwat imbis mubáyad,</i><trans> He sure is sharp. Instead of paying as he should have, he got paid. </trans></eg>
</sense></hom>
<hom role=""v""><pos>v</pos>
<sense n=""0""> <itype>[B]</itype><trans> </trans>
</sense>
<sense n=""1""><number>1</number><trans> get to be nimble. </trans>
</sense>
<sense n=""2""><number>2</number><trans> get to be fast in action. </trans>
<eg><i lang=""ceb"">Muabtik (maabtik) lagi ang íyang panglíhuk basta pakit-ug sápì,</i><trans> He’ll get moving fast as long as you show him money. </trans></eg>
</sense>
<sense n=""3""><number>3</number> <itype>[B12]</itype><trans> get to be <tr>cunning</tr>, sly. </trans>
</sense>
<sense n=""4""><number>4</number> <itype>[b4(1)]</itype><trans> <tr>outsmart</tr>. </trans>
<eg><i lang=""ceb"">Naabtikan sad ku sa bátà,</i><trans> The child put one over on me. </trans></eg>
</sense></hom>
<entry><form id=""pangabtik"" lang=""ceb""><abbr expan=""pangabtik"" type=""lemma"">paN-</abbr></form>
<hom role=""v""><pos>v</pos>
<sense n=""0""> <itype>[A2; b6]</itype><trans> engage in <tr>chicanery</tr>. </trans>
<eg><i lang=""ceb"">Ayaw kug pangabtíki kay suhítu ku,</i><trans> Don’t try to put a fast one over on me, because I know my way around.
</trans></eg>
</sense></hom></entry></entry>");
INSERT INTO `wced_head` (entryid, head, normalized_head, type, pos) VALUES (87, "abtik", "abtik", "m", "av");
INSERT INTO `wced_head` (entryid, head, normalized_head, type, pos) VALUES (87, "pangabtik", "pangabtik", "s", "v");
INSERT INTO `wced_translation` (entryid, translation) VALUES (87, "nimble");
INSERT INTO `wced_translation` (entryid, translation) VALUES (87, "quick");
INSERT INTO `wced_translation` (entryid, translation) VALUES (87, "fast");
INSERT INTO `wced_translation` (entryid, translation) VALUES (87, "cunning");
INSERT INTO `wced_translation` (entryid, translation) VALUES (87, "sly");
INSERT INTO `wced_translation` (entryid, translation) VALUES (87, "outsmart");
INSERT INTO `wced_translation` (entryid, translation) VALUES (87, "chicanery");
INSERT INTO `wced_entry` VALUES (88, "abtung", "5", "<entry page=""5"" id=""88""><form id=""abtung"" lang=""ceb"">abtung</form>
<hom role=""n""><pos>n</pos>
<sense n=""0""><trans> <tr>rope</tr> used for tying the plow to the crosstree.
</trans>
</sense></hom></entry>");
INSERT INTO `wced_head` (entryid, head, normalized_head, type, pos) VALUES (88, "abtung", "abtung", "m", "n");
INSERT INTO `wced_translation` (entryid, translation) VALUES (88, "rope");
INSERT INTO `wced_entry` VALUES (89, "abu", "5", "<entry page=""5"" id=""89""><form id=""abu"" lang=""ceb"">abu</form>
<hom role=""n""><pos>n</pos>
<sense n=""1""><number>1</number><trans> <tr>ashes</tr>. </trans>
</sense>
<sense n=""2""><number>2</number><trans> = <xr lang=""ceb"" target=""#alabuxhan""><sc>alabúhan</sc></xr>. </trans>
</sense></hom>
<hom role=""v""><pos>v</pos>
<sense n=""1""><number>1</number> <itype>[A; a12]</itype><trans> make ashes. </trans>
<eg><i lang=""ceb"">Abuha nang mga palwa ug gam-ang sabun,</i><trans> Make the palm stems into ashes to make soap out of. </trans></eg>
</sense>
<sense n=""2""><number>2</number> <itype>[B1256]</itype><trans> be <tr>razed</tr> or <tr>burned</tr> to the ground. </trans>
<eg><i lang=""ceb"">Pag-abut nákù naabu na ang balay,</i><trans> When I arrived, the house was already burned to the ground. </trans></eg>
</sense></hom>
<entry><form id=""kaaxbu"" lang=""ceb""><abbr expan=""kaábu"" type=""lemma"">ka-(←)</abbr></form>
<hom role=""v""><pos>v</pos>
<sense n=""0""> <itype>[A13]</itype><trans> get ashes all over one. </trans>
<eg><i lang=""ceb"">Nagkaábu ku kay misum-uk ku sa nasunúgan,</i><trans> I got ashes all over me because I went into the burned-out area. </trans></eg>
</sense></hom></entry>
<entry><form id=""alabuxhan"" lang=""ceb"">alabúhan</form>
<hom role=""n""><pos>n</pos>
<sense n=""0""><trans> <tr>stove</tr> or <pb n=""6""/>any place a fire for cooking is built. </trans>
</sense></hom></entry>
<entry><form id=""abuhun"" lang=""ceb"">abuhun</form>
<hom role=""n""><pos>n</pos>
<sense n=""0""><trans> <tr>ash-colored</tr>. </trans>
<eg><i lang=""ceb"">Manuk nga abuhun,</i><trans> Gray-colored cock.
</trans></eg>
</sense></hom></entry></entry>");
INSERT INTO `wced_head` (entryid, head, normalized_head, type, pos) VALUES (89, "abu", "abu", "m", "nv");
INSERT INTO `wced_head` (entryid, head, normalized_head, type, pos) VALUES (89, "kaábu", "kaabu", "s", "v");
INSERT INTO `wced_head` (entryid, head, normalized_head, type, pos) VALUES (89, "alabúhan", "alabuhan", "s", "n");
INSERT INTO `wced_head` (entryid, head, normalized_head, type, pos) VALUES (89, "abuhun", "abuhun", "s", "n");
INSERT INTO `wced_translation` (entryid, translation) VALUES (89, "ashes");
INSERT INTO `wced_translation` (entryid, translation) VALUES (89, "razed");
INSERT INTO `wced_translation` (entryid, translation) VALUES (89, "burned");
INSERT INTO `wced_translation` (entryid, translation) VALUES (89, "stove");
INSERT INTO `wced_translation` (entryid, translation) VALUES (89, "ash-colored");
INSERT INTO `wced_entry` VALUES (90, "abuabu", "6", "<entry page=""6"" id=""90""><form id=""abuaxbu"" lang=""ceb"">abuábu</form>
<hom role=""n""><pos>n</pos>
<sense n=""0""><trans> k.o. <tr>fish</tr>.
</trans>
</sense></hom></entry>");
INSERT INTO `wced_head` (entryid, head, normalized_head, type, pos) VALUES (90, "abuábu", "abuabu", "m", "n");
INSERT INTO `wced_translation` (entryid, translation) VALUES (90, "fish");
INSERT INTO `wced_entry` VALUES (91, "*abubhu", "6", "<entry page=""6"" id=""91""><form id=""xxabubhu"" lang=""ceb"">*abubhu</form>
<entry><form id=""pangabubhu"" lang=""ceb""><abbr expan=""pangabubhu"" type=""lemma"">paN-</abbr></form>
<hom role=""v""><pos>v</pos>
<sense n=""0""> <itype>[A2; b6]</itype><trans> be <tr>jealous</tr> of a loved one. </trans>
</sense></hom>
<hom role=""n""><pos>n</pos>
<sense n=""0""><trans> <tr>jealousy</tr>. </trans>
</sense></hom></entry>
<entry><form id=""abubhuan"" lang=""ceb"">abubhuan</form>
<hom role=""a""><pos>a</pos>
<sense n=""0""><trans> <tr>jealous</tr>. </trans>
<eg><i lang=""ceb"">Abubhuang bána,</i><trans> A jealous husband. </trans></eg>
</sense></hom></entry>
<entry><form id=""mapangabubhuxun"" lang=""ceb"">mapangabubhúun</form>
<hom role=""a""><pos>a</pos>
<sense n=""0""><trans> of a jealous type. </trans>
<eg><i lang=""ceb"">Mapangabubhúun nga pasiklap,</i><trans> A jealous glance.
</trans></eg>
</sense></hom></entry></entry>");
INSERT INTO `wced_head` (entryid, head, normalized_head, type, pos) VALUES (91, "abubhu", "abubhu", "s", "");
INSERT INTO `wced_head` (entryid, head, normalized_head, type, pos) VALUES (91, "pangabubhu", "pangabubhu", "s", "vn");
INSERT INTO `wced_head` (entryid, head, normalized_head, type, pos) VALUES (91, "abubhuan", "abubhuan", "s", "a");
INSERT INTO `wced_head` (entryid, head, normalized_head, type, pos) VALUES (91, "mapangabubhúun", "mapangabubhuun", "s", "a");
INSERT INTO `wced_translation` (entryid, translation) VALUES (91, "jealous");
INSERT INTO `wced_translation` (entryid, translation) VALUES (91, "jealousy");
INSERT INTO `wced_entry` VALUES (92, "abud, abud1", "6", "<entry page=""6"" id=""92""><form id=""abud_axbud"" lang=""ceb"">abud, ábud<sub>1</sub></form>
<hom role=""v""><pos>v</pos>
<sense n=""0""> <itype>[A; c]</itype><trans> </trans>
</sense>
<sense n=""1""><number>1</number><trans> <tr>throw</tr> grains, throw grains to. </trans>
<eg><i lang=""ceb"">Ang bukbukung mais mauy iábud sa manuk,</i><trans> Throw the beetle-infested corn to the chickens. </trans></eg>
</sense>
<sense n=""2""><number>2</number><trans> drop grains into a hole in planting. </trans>
<eg><i lang=""ceb"">Mag-abud sila sa ílang baul,</i><trans> They will plant their field. </trans></eg>
</sense>
<sense n=""3""><number>3</number><trans> <tr>feed</tr> grain into a mill. </trans>
<eg><i lang=""ceb"">Ímu síging abdan (abúran) ang galingan,</i><trans> Keep feeding grains into the mill. </trans></eg>
</sense>
<sense n=""4""><number>4</number><trans> <tr>supply</tr> a factory with raw materials. </trans>
<eg><i lang=""ceb"">Kanang kumpaniyáha mauy tig-abud sa mga papil sa imprinta,</i><trans> That company supplies paper to the printing press. </trans></eg>
</sense>
<sense n=""5""><number>5</number><trans> feed news, gossip. Aha! </trans>
<eg><i lang=""ceb"">Ikaw diay nag-abud sa mga nutisya,</i><trans> So you were the one who spread the news! </trans></eg>
</sense></hom>
<hom role=""n""><pos>n</pos>
<sense n=""1""><number>1</number><trans> feed for fowls. </trans>
</sense>
<sense n=""2""><number>2</number><trans> one’s turn to throw grains. </trans>
<eg><i lang=""ceb"">Ákù na rung abud,</i><trans> It’s my turn to feed (the chickens). </trans></eg>
</sense></hom>
<entry><form id=""alabdan"" lang=""ceb"">alabdan</form>
<hom>
<sense n=""0""><trans> = <xr lang=""ceb"" target=""#abud""><sc>abud</sc></xr>, <ix>n</ix> 2.
</trans>
</sense></hom></entry></entry>");
INSERT INTO `wced_head` (entryid, head, normalized_head, type, pos) VALUES (92, "abud", "abud", "s", "vn");
INSERT INTO `wced_head` (entryid, head, normalized_head, type, pos) VALUES (92, "ábud", "abud", "s", "vn");
INSERT INTO `wced_head` (entryid, head, normalized_head, type, pos) VALUES (92, "alabdan", "alabdan", "s", "");
INSERT INTO `wced_translation` (entryid, translation) VALUES (92, "throw");
INSERT INTO `wced_translation` (entryid, translation) VALUES (92, "feed");
INSERT INTO `wced_translation` (entryid, translation) VALUES (92, "supply");
INSERT INTO `wced_entry` VALUES (93, "abud2", "6", "<entry page=""6"" id=""93""><form id=""axbud2"" lang=""ceb"">ábud<sub>2</sub></form>
<hom role=""n""><pos>n</pos>
<sense n=""0""><trans> ornamental bulbous <tr>plant</tr>: <bio>Eurycles amboinensis</bio>. The leaves are applied over the bladder to facilitate urination.
</trans>
</sense></hom></entry>");
INSERT INTO `wced_head` (entryid, head, normalized_head, type, pos) VALUES (93, "ábud", "abud", "s", "n");
INSERT INTO `wced_translation` (entryid, translation) VALUES (93, "plant");
INSERT INTO `wced_entry` VALUES (94, "abud3", "6", "<entry page=""6"" id=""94""><form id=""axbud3"" lang=""ceb"">ábud<sub>3</sub></form>
<hom role=""n""><pos>n</pos>
<sense n=""0""><trans> k.o. <tr>head louse</tr> lighter in color and with a longer and more slender body than the ordinary head louse (<ix>kútu</ix>).
</trans>
</sense></hom></entry>");
INSERT INTO `wced_head` (entryid, head, normalized_head, type, pos) VALUES (94, "ábud", "abud", "s", "n");
INSERT INTO `wced_translation` (entryid, translation) VALUES (94, "head louse");
INSERT INTO `wced_entry` VALUES (95, "abug1", "6", "<entry page=""6"" id=""95""><form id=""abug"" lang=""ceb"">abug<sub>1</sub></form>
<hom role=""n""><pos>n</pos>
<sense n=""0""><trans> <tr>dust</tr>. </trans>
</sense></hom>
<hom role=""v""><pos>v</pos>
<sense n=""1""><number>1</number> <itype>[B46; a4b4(1)]</itype><trans> become <tr>dusty</tr>. </trans>
<eg><i lang=""ceb"">Muabug ang karsáda ug dúgayng uwanun,</i><trans> The road gets dusty if the rains come late. </trans></eg>
<eg><i lang=""ceb"">Giabug ang ámung balay kay dúgay na nga wà puy-i,</i><trans> Our house became all dusty because it hadn’t been lived in for a long time. </trans></eg>
<eg><i lang=""ceb"">Tabúni ang libru arun dílì maabugan,</i><trans> Cover the books so they won’t get dusty. </trans></eg>
</sense>
<sense n=""2""><number>2</number> <itype>[B1256]</itype><trans> turn into dust. </trans>
<eg><i lang=""ceb"">Sa kadugáyan kitang tanan maabug,</i><trans> In the end we will all turn to dust. </trans></eg>
</sense></hom>
<entry><form id=""kaaxbug"" lang=""ceb""><abbr expan=""kaábug"" type=""lemma"">ka-(←)</abbr></form>
<hom role=""v""><pos>v</pos>
<sense n=""0""> <itype>[A13]</itype><trans> get dust all over it. </trans>
<eg><i lang=""ceb"">Nagkaábug ang ákung buhuk tungud sa byáhi,</i><trans> My hair is all covered with dust because I’ve just gotten off the bus. </trans></eg>
</sense></hom></entry>
<entry><form id=""abugun"" lang=""ceb""><abbr expan=""abugun"" type=""lemma"">-un</abbr></form>
<hom role=""a""><pos>a</pos>
<sense n=""0""><trans> <tr>dusty</tr>. </trans>
</sense></hom></entry>
<entry><form id=""alabuxgan"" lang=""ceb""><abbr expan=""alabúgan"" type=""lemma"">-l-an(←)</abbr></form>
<hom>
<sense n=""0""><trans> exposed to dust. </trans>
<eg><i lang=""ceb"">Kining kwartúha alabúgan. Duul man gud sa karsáda,</i><trans> This room is exposed to dust. It’s close to the street.
</trans></eg>
</sense></hom></entry></entry>");
INSERT INTO `wced_head` (entryid, head, normalized_head, type, pos) VALUES (95, "abug", "abug", "s", "nv");
INSERT INTO `wced_head` (entryid, head, normalized_head, type, pos) VALUES (95, "kaábug", "kaabug", "s", "v");
INSERT INTO `wced_head` (entryid, head, normalized_head, type, pos) VALUES (95, "abugun", "abugun", "s", "a");
INSERT INTO `wced_head` (entryid, head, normalized_head, type, pos) VALUES (95, "alabúgan", "alabugan", "s", "");
INSERT INTO `wced_translation` (entryid, translation) VALUES (95, "dust");
INSERT INTO `wced_translation` (entryid, translation) VALUES (95, "dusty");
INSERT INTO `wced_entry` VALUES (96, "*abug2", "6", "<entry page=""6"" id=""96""><form id=""xxabug2"" lang=""ceb"">*abug<sub>2</sub></form>
<entry><form id=""pangabug"" lang=""ceb""><abbr expan=""pangabug"" type=""lemma"">paN-</abbr></form>
<hom>
<sense n=""0""><trans> euphemism for <xr lang=""ceb"" target=""#pangabughu""><sc>pangabughu</sc></xr>. <ix>see</ix> <xr lang=""ceb"" target=""#xxabubhu""><sc><corr>*</corr>abubhu</sc></xr>.
</trans>
</sense></hom></entry></entry>");
INSERT INTO `wced_head` (entryid, head, normalized_head, type, pos) VALUES (96, "abug", "abug", "s", "");
INSERT INTO `wced_head` (entryid, head, normalized_head, type, pos) VALUES (96, "pangabug", "pangabug", "s", "");
INSERT INTO `wced_entry` VALUES (97, "abug1", "6", "<entry page=""6"" id=""97""><form id=""axbug"" lang=""ceb"">ábug<sub>1</sub></form>
<hom role=""v""><pos>v</pos>
<sense n=""0""> <itype>[A; a]</itype><trans> </trans>
</sense>
<sense n=""1""><number>1</number><trans> <tr>chase</tr>, <tr>drive</tr>, <tr>drive away</tr>. </trans>
<eg><i lang=""ceb"">Abúga ang bábuy ngadtu sa tangkal,</i><trans> Drive the pig into the pen. </trans></eg>
<eg><i lang=""ceb"">Abúgi sa lángaw ang lamísa,</i><trans> Drive the flies away from the table. </trans></eg>
</sense>
<sense n=""2""><number>2</number><trans> <tr>drive</tr> s.o. to do s.t. </trans>
<eg><i lang=""ceb"">Ang kaúlaw mauy nag-ábug kanákù pagpaháwà sa ámung lungsud,</i><trans> Shame drove me to move out of town. </trans></eg>
</sense></hom>
<entry><form id=""anug"" lang=""ceb""><abbr expan=""anug"" type=""lemma"">(→)</abbr></form>
<hom role=""n""><pos>n</pos>
<sense n=""0""><trans> <tr>stick</tr> with strips of paper, plastic, etc., attached on one end, used to chase flies away. </trans>
</sense></hom></entry>
<entry><form id=""abugan"" lang=""ceb""><abbr expan=""abugan"" type=""lemma"">-an(→)</abbr></form>
<hom role=""n""><pos>n</pos>
<sense n=""0""><trans> an enclosure of the fish corral into which the fish are driven before being caught.
</trans>
</sense></hom></entry></entry>");
INSERT INTO `wced_head` (entryid, head, normalized_head, type, pos) VALUES (97, "ábug", "abug", "s", "v");
INSERT INTO `wced_head` (entryid, head, normalized_head, type, pos) VALUES (97, "anug", "anug", "s", "n");
INSERT INTO `wced_head` (entryid, head, normalized_head, type, pos) VALUES (97, "abugan", "abugan", "s", "n");
INSERT INTO `wced_translation` (entryid, translation) VALUES (97, "chase");
INSERT INTO `wced_translation` (entryid, translation) VALUES (97, "drive");
INSERT INTO `wced_translation` (entryid, translation) VALUES (97, "drive away");
INSERT INTO `wced_translation` (entryid, translation) VALUES (97, "stick");
INSERT INTO `wced_entry` VALUES (98, "abug2", "6", "<entry page=""6"" id=""98""><form id=""axbug2"" lang=""ceb"">ábug<sub>2</sub></form>
<hom>
<sense n=""0""><trans> = <xr lang=""ceb"" target=""#abyug""><sc>abyug</sc></xr>.
</trans>
</sense></hom></entry>");
INSERT INTO `wced_head` (entryid, head, normalized_head, type, pos) VALUES (98, "ábug", "abug", "s", "");
INSERT INTO `wced_entry` VALUES (99, "abugada", "6", "<entry page=""6"" id=""99""><form id=""abugaxda"" lang=""ceb"">abugáda</form>
<hom role=""n""><pos>n</pos>
<sense n=""0""><trans> <tr>female lawyer</tr>.
</trans>
</sense></hom></entry>");
INSERT INTO `wced_head` (entryid, head, normalized_head, type, pos) VALUES (99, "abugáda", "abugada", "m", "n");
INSERT INTO `wced_translation` (entryid, translation) VALUES (99, "female lawyer");
INSERT INTO `wced_entry` VALUES (100, "abugadu", "6", "<entry page=""6"" id=""100""><form id=""abugaxdu"" lang=""ceb"">abugádu</form>
<hom role=""n""><pos>n</pos>
<sense n=""0""><trans> <tr>lawyer</tr>. </trans>
</sense></hom>
<hom role=""v""><pos>v</pos>
<sense n=""1""><number>1</number> <itype>[B16; a2]</itype><trans> be, become a lawyer. </trans>
</sense>
<sense n=""2""><number>2</number> <itype>[A; b]</itype><trans> speak for s.o. </trans>
<eg><i lang=""ceb"">Abugadúhan ta lang ka kay wà kay pangabla,</i><trans> I’ll speak for you because you don’t have the knack of saying what you want. </trans></eg>
</sense></hom>
<entry><form id=""abugaduhun"" lang=""ceb"">abugaduhun</form>
<hom role=""a""><pos>a</pos>
<sense n=""0""><trans> <tr>lawyer-like</tr>. </trans>
<eg><i lang=""ceb"">Abugaduhung pangatarúngan,</i><trans> Lawyer-like reasoning.
</trans></eg>
</sense></hom></entry></entry>");
INSERT INTO `wced_head` (entryid, head, normalized_head, type, pos) VALUES (100, "abugádu", "abugadu", "m", "nv");
INSERT INTO `wced_head` (entryid, head, normalized_head, type, pos) VALUES (100, "abugaduhun", "abugaduhun", "s", "a");
INSERT INTO `wced_translation` (entryid, translation) VALUES (100, "lawyer");
INSERT INTO `wced_translation` (entryid, translation) VALUES (100, "lawyer-like");
INSERT INTO `wced_entry` VALUES (101, "abugagu", "6", "<entry page=""6"" id=""101""><form id=""abugaxgu"" lang=""ceb"">abugágu</form>
<hom role=""n""><pos>n</pos>
<sense n=""0""><trans> <tr>dumb lawyer</tr> (play on the words <ix>abugádu</ix> ‘lawyer’ and <ix>gágu</ix> ‘stupid’).
</trans>
</sense></hom></entry>");
INSERT INTO `wced_head` (entryid, head, normalized_head, type, pos) VALUES (101, "abugágu", "abugagu", "m", "n");
INSERT INTO `wced_translation` (entryid, translation) VALUES (101, "dumb lawyer");
INSERT INTO `wced_entry` VALUES (102, "abugar", "6", "<entry page=""6"" id=""102""><form id=""abugar"" lang=""ceb"">abugar</form>
<hom>
<sense n=""0""><trans> = <xr lang=""ceb"" target=""#abugaxdu""><sc>abugádu</sc></xr>, <ix>v</ix> <bx>2</bx>.
</trans>
</sense></hom></entry>");
INSERT INTO `wced_head` (entryid, head, normalized_head, type, pos) VALUES (102, "abugar", "abugar", "m", "");
INSERT INTO `wced_entry` VALUES (103, "abugasiya", "6", "<entry page=""6"" id=""103""><form id=""abugasixya"" lang=""ceb"">abugasíya</form>
<hom role=""n""><pos>n</pos>
<sense n=""1""><number>1</number><trans> <tr>law course</tr>. </trans>
</sense>
<sense n=""2""><number>2</number><trans> <tr>law profession</tr>. </trans>
<eg><i lang=""ceb"">Sa abugasíya kinahanglan mamakak ug panalagsa,</i><trans> In the law profession it is necessary to lie once in a while.
</trans></eg>
</sense></hom></entry>");
INSERT INTO `wced_head` (entryid, head, normalized_head, type, pos) VALUES (103, "abugasíya", "abugasiya", "m", "n");
INSERT INTO `wced_translation` (entryid, translation) VALUES (103, "law course");
INSERT INTO `wced_translation` (entryid, translation) VALUES (103, "law profession");
INSERT INTO `wced_entry` VALUES (104, "abughu, abughu", "6", "<entry page=""6"" id=""104""><form id=""abughu_abughuq"" lang=""ceb"">abughu, abughù</form>
<hom>
<sense n=""0""><trans> = <xr lang=""ceb"" target=""#xxabubhu""><sc>*abubhu</sc></xr>.
</trans>
</sense></hom></entry>");
INSERT INTO `wced_head` (entryid, head, normalized_head, type, pos) VALUES (104, "abughu", "abughu", "s", "");
INSERT INTO `wced_head` (entryid, head, normalized_head, type, pos) VALUES (104, "abughù", "abughu", "s", "");
INSERT INTO `wced_entry` VALUES (105, "abukadu", "6", "<entry page=""6"" id=""105""><form id=""abukaxdu"" lang=""ceb"">abukádu</form>
<hom role=""n""><pos>n</pos>
<sense n=""0""><trans> <tr>avocado</tr> or <tr>alligator pear</tr>: <bio>Persea sp</bio>. It is usually eaten with sugar and milk.
</trans>
</sense></hom></entry>");
INSERT INTO `wced_head` (entryid, head, normalized_head, type, pos) VALUES (105, "abukádu", "abukadu", "m", "n");
INSERT INTO `wced_translation` (entryid, translation) VALUES (105, "avocado");
INSERT INTO `wced_translation` (entryid, translation) VALUES (105, "alligator pear");
INSERT INTO `wced_entry` VALUES (106, "abukay", "6", "<entry page=""6"" id=""106""><form id=""abuxkay"" lang=""ceb"">abúkay</form>
<hom role=""n""><pos>n</pos>
<sense n=""0""><trans> k.o. white <tr>cockatoo</tr>, often kept as pet: <bio>Cacatua haematuropygia</bio>. </trans>
</sense></hom>
<entry><form id=""abukay_abuxkay"" lang=""ceb""><abbr expan=""abukay"" type=""lemma"">(→)</abbr>, abúkay</form>
<hom role=""v""><pos>v</pos>
<sense n=""0""> <itype>[A]</itype><trans> for babies to make noises like a cockatoo.
</trans>
</sense></hom></entry></entry>");
INSERT INTO `wced_head` (entryid, head, normalized_head, type, pos) VALUES (106, "abúkay", "abukay", "m", "n");
INSERT INTO `wced_head` (entryid, head, normalized_head, type, pos) VALUES (106, "abukay", "abukay", "s", "v");
INSERT INTO `wced_translation` (entryid, translation) VALUES (106, "cockatoo");
INSERT INTO `wced_entry` VALUES (107, "abunansiya", "6", "<entry page=""6"" id=""107""><form id=""abunansiya"" lang=""ceb"">abunansiya</form>
<hom>
<sense n=""0""><trans> = <xr lang=""ceb"" target=""#abunda""><sc>abunda</sc></xr>.
</trans>
</sense></hom></entry>");
INSERT INTO `wced_head` (entryid, head, normalized_head, type, pos) VALUES (107, "abunansiya", "abunansiya", "m", "");
INSERT INTO `wced_entry` VALUES (108, "abunda", "6", "<entry page=""6"" id=""108""><form id=""abunda"" lang=""ceb"">abunda</form>
<hom role=""a""><pos>a</pos>
<sense n=""1""><number>1</number><trans> <tr>abundant</tr>. </trans>
<eg><i lang=""ceb"">Abunda ang bugas karun,</i><trans> There’s plenty of rice now. </trans></eg>
</sense>
<sense n=""2""><number>2</number><trans> have <tr>plenty</tr>. </trans>
<eg><i lang=""ceb"">Ug abunda ka sa sápì, mamalit kag yútà,</i><trans> If you have lots of money, you should buy land. </trans></eg>
</sense></hom>
<hom role=""v""><pos>v</pos>
<sense n=""0""> <itype>[B]</itype><trans> be, become abundant. </trans>
<eg><i lang=""ceb"">Unyà ra ta mamalit ug mangga ug muabunda (maabunda) na,</i><trans> We will buy mangoes later when they become abundant. </trans></eg>
</sense></hom>
<hom role=""n""><pos>n</pos>
<sense n=""0""><trans> <tr>abundance</tr>.
</trans>
</sense></hom></entry>");
INSERT INTO `wced_head` (entryid, head, normalized_head, type, pos) VALUES (108, "abunda", "abunda", "m", "avn");
INSERT INTO `wced_translation` (entryid, translation) VALUES (108, "abundant");
INSERT INTO `wced_translation` (entryid, translation) VALUES (108, "plenty");
INSERT INTO `wced_translation` (entryid, translation) VALUES (108, "abundance");
INSERT INTO `wced_entry` VALUES (109, "abundansiya", "6", "<entry page=""6"" id=""109""><form id=""abundansiya"" lang=""ceb"">abundansiya</form>
<hom>
<sense n=""0""><trans> = <xr lang=""ceb"" target=""#abunda""><sc>abunda</sc></xr>.

</trans>
</sense></hom></entry>");
INSERT INTO `wced_head` (entryid, head, normalized_head, type, pos) VALUES (109, "abundansiya", "abundansiya", "m", "");
INSERT INTO `wced_entry` VALUES (110, "abung1", "6", "<entry page=""6"" id=""110""><form id=""axbung"" lang=""ceb"">ábung<sub>1</sub></form>
<hom role=""v""><pos>v</pos>
<sense n=""0""> <itype>[A; c]</itype><trans> <tr>bar</tr>, <tr>block</tr> the way. </trans>
<eg><i lang=""ceb"">Abúngan ta ning karsádag dakung batu,</i><trans> Let’s block the road with a big stone. </trans></eg>
</sense></hom>
<hom role=""n""><pos>n</pos>
<sense n=""0""><trans> k.o. <tr>fishing equipment</tr> consisting of dried coconut leaves tied to a raft. </trans>
</sense></hom>
<entry><form id=""abung"" lang=""ceb""><abbr expan=""abung"" type=""lemma"">(→)</abbr></form>
<hom role=""n""><pos>n</pos>
<sense n=""0""><trans> s.t. which blocks the way. </trans>
<eg><i lang=""ceb"">Ang káhuy nga abung sa pultahan,</i><trans> The wood that was blocking the door. </trans></eg>
</sense></hom>
<hom role=""a""><pos>a</pos>
<sense n=""0""><trans> in the path of the wind, smoke, smells, and the like. </trans>
<eg><i lang=""ceb"">Abung sa hángin,</i><trans> Exposed to the wind. </trans></eg>
<eg><i lang=""ceb"">Abung ka kaáyu sa íyang dautang tingúhà,</i><trans> You are very much exposed to his evil powers. </trans></eg>
</sense></hom></entry>
<entry><form id=""paabung_paaxbung"" lang=""ceb""><abbr expan=""paabung"" type=""lemma"">pa-(→)</abbr>, <abbr expan=""paábung"" type=""lemma"">pa-</abbr></form>
<hom role=""v""><pos>v</pos>
<sense n=""1""><number>1</number> <itype>[A13; ac]</itype><trans> put in an exposed position. </trans>
<eg><i lang=""ceb"">Ug magpaabung ka sa sílit sa túbig, mahumud ka,</i><trans> If you put yourself in the path of a jet of water, you’ll get wet. </trans></eg>
<eg><i lang=""ceb"">Paabungig asu ang mangga,</i><trans> (Make the fire so that) the mango tree will be in <pb n=""7""/>the path of the smoke. </trans></eg>
</sense></hom>
<hom role=""n""><pos>n</pos>
<sense n=""0""><trans> k.o. fishing whereby a net is set across the path of a fish. </trans>
</sense>
<sense n=""2""><number>2</number> <itype>[a]</itype><trans> give allowance in measuring s.t. </trans>
<eg><i lang=""ceb"">Paabungan ug diyútay ang sukud ígù pagsipilya,</i><trans> Measure it with a little allowance for planing. </trans></eg>
<eg><i lang=""ceb"">Mutíru gánì kag langgam nga naglupad paabungig diyútay,</i><trans> If you shoot at a flying bird, aim a little ahead. </trans></eg>
</sense></hom></entry>
<entry><form id=""pangabung"" lang=""ceb""><abbr expan=""pangabung"" type=""lemma"">paN-</abbr></form>
<hom role=""v""><pos>v</pos>
<sense n=""0""> <itype>[A2]</itype><trans> do s.t. in anticipation of a favor or reward. </trans>
<eg><i lang=""ceb"">Buútan nà siya run kay nangábung man nga hitagaan ug diyis,</i><trans> He’s obedient this time because he’s anticipating getting a dime. </trans></eg>
</sense></hom>
<hom role=""n""><pos>n</pos>
<sense n=""0""><trans> <tr>preparation</tr> of oil and plants medicinal roots and herbs used as a protection against some evil.†
</trans>
</sense></hom></entry></entry>");
INSERT INTO `wced_head` (entryid, head, normalized_head, type, pos) VALUES (110, "ábung", "abung", "s", "vn");
INSERT INTO `wced_head` (entryid, head, normalized_head, type, pos) VALUES (110, "abung", "abung", "s", "na");
INSERT INTO `wced_head` (entryid, head, normalized_head, type, pos) VALUES (110, "paabung", "paabung", "s", "vn");
INSERT INTO `wced_head` (entryid, head, normalized_head, type, pos) VALUES (110, "paábung", "paabung", "s", "vn");
INSERT INTO `wced_head` (entryid, head, normalized_head, type, pos) VALUES (110, "pangabung", "pangabung", "s", "vn");
INSERT INTO `wced_translation` (entryid, translation) VALUES (110, "bar");
INSERT INTO `wced_translation` (entryid, translation) VALUES (110, "block");
INSERT INTO `wced_translation` (entryid, translation) VALUES (110, "fishing equipment");
INSERT INTO `wced_translation` (entryid, translation) VALUES (110, "preparation");
INSERT INTO `wced_entry` VALUES (111, "abungaw1", "7", "<entry page=""7"" id=""111""><form id=""abungaw"" lang=""ceb"">abungaw<sub>1</sub></form>
<hom role=""n""><pos>n</pos>
<sense n=""0""><trans> k.o. tiny, light brown <tr>insect</tr> which swarms over food and the like, similar in appearance to a fly. </trans>
</sense></hom>
<hom role=""v""><pos>v</pos>
<sense n=""0""> <itype>[a4]</itype><trans> be infested with <ix>abungaw.</ix>
</trans>
</sense></hom></entry>");
INSERT INTO `wced_head` (entryid, head, normalized_head, type, pos) VALUES (111, "abungaw", "abungaw", "s", "nv");
INSERT INTO `wced_translation` (entryid, translation) VALUES (111, "insect");
INSERT INTO `wced_entry` VALUES (112, "abungaw2", "7", "<entry page=""7"" id=""112""><form id=""abungaw2"" lang=""ceb"">abungaw<sub>2</sub></form>
<hom>
<sense n=""0""><trans> = <xr lang=""ceb"" target=""#bungaw""><sc>bungaw</sc></xr>.
</trans>
</sense></hom></entry>");
INSERT INTO `wced_head` (entryid, head, normalized_head, type, pos) VALUES (112, "abungaw", "abungaw", "s", "");
INSERT INTO `wced_entry` VALUES (113, "abunu", "7", "<entry page=""7"" id=""113""><form id=""abuxnu"" lang=""ceb"">abúnu</form>
<hom role=""n""><pos>n</pos>
<sense n=""1""><number>1</number><trans> <tr>fertilizer</tr>. </trans>
</sense>
<sense n=""2""><number>2</number><trans> <tr>transfusion</tr> or <tr>infusion</tr>. </trans>
<eg><i lang=""ceb"">Nagkinahanglan siyag abúnu kay gisulgan sa dugù,</i><trans> He needs a transfusion because he lost a lot of blood. </trans></eg>
</sense></hom>
<hom role=""v""><pos>v</pos>
<sense n=""0""> <itype>[A; c]</itype><trans> </trans>
</sense>
<sense n=""1""><number>1</number><trans> put fertilizer on. </trans>
<eg><i lang=""ceb"">Abunúhi ang rúsas,</i><trans> Put fertilizer on the roses. </trans></eg>
</sense>
<sense n=""2""><number>2</number><trans> give a transfusion or infusion. </trans>
</sense>
<sense n=""3""><number>3</number><trans> supplement, fill in. </trans>
<eg><i lang=""ceb"">Ikaw bay mag-abúnu sa kúlang?</i><trans> Will you make up the lack? </trans></eg>
<eg><i lang=""ceb"">Ang gísu mauy iabúnu sa batsi,</i><trans> They use limestone to fill the rough spots in the road.

</trans></eg>
</sense></hom></entry>");
INSERT INTO `wced_head` (entryid, head, normalized_head, type, pos) VALUES (113, "abúnu", "abunu", "m", "nv");
INSERT INTO `wced_translation` (entryid, translation) VALUES (113, "fertilizer");
INSERT INTO `wced_translation` (entryid, translation) VALUES (113, "transfusion");
INSERT INTO `wced_translation` (entryid, translation) VALUES (113, "infusion");
INSERT INTO `wced_entry` VALUES (114, "aburidu", "7", "<entry page=""7"" id=""114""><form id=""aburixdu"" lang=""ceb"">aburídu</form>
<hom role=""a""><pos>a</pos>
<sense n=""0""> <form id=""aburixdu_ang_uxlu_pangixsip"" lang=""ceb""><abbr expan=""aburídu"" type=""lemma"">—</abbr> ang úlu, pangísip</form><trans>, etc. be <tr>upset</tr>, <tr>irritable</tr>. </trans>
</sense></hom>
<hom role=""v""><pos>v</pos>
<sense n=""0""> <itype>[B]</itype><trans> be upset. </trans>
<eg><i lang=""ceb"">Kadtung ímung tahù nakaaburídu (nakapaaburídu) sa ákung úlu,</i><trans> Your news got me all upset.
</trans></eg>
</sense></hom></entry>");
INSERT INTO `wced_head` (entryid, head, normalized_head, type, pos) VALUES (114, "aburídu", "aburidu", "m", "av");
INSERT INTO `wced_head` (entryid, head, normalized_head, type, pos) VALUES (114, "aburídu ang úlu", "aburidu ang ulu", "s", "");
INSERT INTO `wced_head` (entryid, head, normalized_head, type, pos) VALUES (114, "pangísip", "pangisip", "s", "");
INSERT INTO `wced_translation` (entryid, translation) VALUES (114, "upset");
INSERT INTO `wced_translation` (entryid, translation) VALUES (114, "irritable");
INSERT INTO `wced_entry` VALUES (115, "abusada", "7", "<entry page=""7"" id=""115""><form id=""abusaxda"" lang=""ceb"">abusáda</form>
<hom>
<sense n=""0""><trans> = <xr lang=""ceb"" target=""#abusaxdu""><sc>abusádu</sc></xr> (female).
</trans>
</sense></hom></entry>");
INSERT INTO `wced_head` (entryid, head, normalized_head, type, pos) VALUES (115, "abusáda", "abusada", "m", "");
INSERT INTO `wced_entry` VALUES (116, "abusadu", "7", "<entry page=""7"" id=""116""><form id=""abusaxdu"" lang=""ceb"">abusádu</form>
<hom role=""a""><pos>a</pos>
<sense n=""0""><trans> tending to <tr>take advantage</tr>, <tr>infringe</tr> on rights. </trans>
<eg><i lang=""ceb"">Abusádu ang mga kutsíru dinhi. Basta muulan, pabayrun ta nílag dubli,</i><trans> The rig drivers are abusive. If it rains, they double the fare. </trans></eg>
<eg><i lang=""ceb"">Nagníwang lang nà siya kay abusádu man gud sa íyang láwas,</i><trans> He is thin because he neglects his body. </trans></eg>
</sense></hom>
<hom role=""v""><pos>v</pos>
<sense n=""0""> <itype>[B126]</itype><trans> become abusive.
</trans>
</sense></hom></entry>");
INSERT INTO `wced_head` (entryid, head, normalized_head, type, pos) VALUES (116, "abusádu", "abusadu", "m", "av");
INSERT INTO `wced_translation` (entryid, translation) VALUES (116, "take advantage");
INSERT INTO `wced_translation` (entryid, translation) VALUES (116, "infringe");
INSERT INTO `wced_entry` VALUES (117, "abusar", "7", "<entry page=""7"" id=""117""><form id=""abusar"" lang=""ceb"">abusar</form>
<hom role=""v""><pos>v</pos>
<sense n=""1""><number>1</number> <itype>[A3; b(1)]</itype><trans> a do s.t. one is not entitled to, take advantage of s.o. by infringing on his rights. </trans>
<eg><i lang=""ceb"">Nag-abusar siya paggáwì sa makinilya nga way pananghid,</i><trans> He took the liberty of using the typewriter without permission. </trans></eg>
<eg><i lang=""ceb"">Giabusahan sila sa magbabaligyà kay way kumpitinsiya,</i><trans> The storekeeper took advantage of them because there was no competition. </trans></eg>
</sense>
<sense n=""b""><number>b</number><trans> mistreat one’s health. </trans>
<eg><i lang=""ceb"">Nag-abusar ka lang sa ímung láwas sa ímung pag-inum,</i><trans> You’re abusing your health with all your drinking. </trans></eg>
</sense>
<sense n=""2""><number>2</number> <itype>[A]</itype><trans> do s.t. to a superfluous degree. </trans>
<eg><i lang=""ceb"">Wà na nà magkaun; nag-abusar na nà,</i><trans> That is not eating; that is excessive indulgence.
</trans></eg>
</sense></hom></entry>");
INSERT INTO `wced_head` (entryid, head, normalized_head, type, pos) VALUES (117, "abusar", "abusar", "m", "v");
INSERT INTO `wced_entry` VALUES (118, "abusu", "7", "<entry page=""7"" id=""118""><form id=""abuxsu"" lang=""ceb"">abúsu</form>
<hom role=""n""><pos>n</pos>
<sense n=""0""><trans> <tr>taking advantage</tr>, acting beyond one’s rights. </trans>
<eg><i lang=""ceb"">Ang pagdáwat sa suburnu usa sa mga abúsu,</i><trans> Taking bribes is one of their abuses. </trans></eg>
</sense></hom>
<hom role=""v""><pos>v</pos>
<sense n=""0""><trans> = <xr lang=""ceb"" target=""#abusar""><sc>abusar</sc></xr>.
</trans>
</sense></hom></entry>");
INSERT INTO `wced_head` (entryid, head, normalized_head, type, pos) VALUES (118, "abúsu", "abusu", "m", "nv");
INSERT INTO `wced_translation` (entryid, translation) VALUES (118, "taking advantage");
INSERT INTO `wced_entry` VALUES (119, "abut", "7", "<entry page=""7"" id=""119""><form id=""abut"" lang=""ceb"">abut</form>
<hom role=""v""><pos>v</pos>
<sense n=""1""><number>1</number> <itype>[A; a12]</itype><trans> <tr>arrive</tr>, reach a place. </trans>
<eg><i lang=""ceb"">Dì pa makaabut (maabut) ang suwat,</i><trans> The letter won’t have arrived yet. </trans></eg>
<eg><i lang=""ceb"">Duul ra. Maabut ug lud-an,</i><trans> It’s close by, within spitting distance (can be reached by spitting). </trans></eg>
</sense>
<sense n=""1a""><number>1a</number> <itype>[A; ac]</itype><trans> lead to and reach a place. </trans>
<eg><i lang=""ceb"">Muabut ba ning karsadáha sa subà?</i><trans> Does this road reach the river? </trans></eg>
<eg><i lang=""ceb"">Kining lugára dílì abutun sa táub,</i><trans> The tide doesn’t get as far as this place. </trans></eg>
</sense>
<sense n=""1b""><number>1b</number> <itype>[A; ac]</itype><trans> reach s.t. with the arms. </trans>
<eg><i lang=""ceb"">Maabut ba nímu ang sanga?</i><trans> Can you reach the branch? </trans></eg>
<eg><i lang=""ceb"">Iabut kunu nang ímung kamut sa bungbung,</i><trans> Reach your hands out to the wall. </trans></eg>
</sense>
<sense n=""1c""><number>1c</number> <itype>[B; b4]</itype><trans> reach an amount, last a certain length. </trans>
<eg><i lang=""ceb"">Ang ákung swildu dílì muabut ug dus mil,</i><trans> My salary doesn’t reach two thousand. </trans></eg>
<eg><i lang=""ceb"">Walà abtig duha ka adlaw ang bugas,</i><trans> The rice did not last two days. </trans></eg>
</sense>
<sense n=""1d""><number>1d</number> <form id=""abut_sa_hunaqhuxnaq"" lang=""ceb""><abbr expan=""abut"" type=""lemma"">—</abbr> sa hunàhúnà</form><trans> come to the mind. </trans>
</sense>
<sense n=""1e""><number>1e</number> <itype>[b4]</itype><trans> <tr>receive</tr> money. </trans>
<eg><i lang=""ceb"">Abtan (abutan) ku tingálig kwarta rung hápun,</i><trans> I’ll probably get my money this afternoon. </trans></eg>
</sense>
<sense n=""2""><number>2</number> <itype>[a4]</itype><trans> have a feeling come over one. </trans>
<eg><i lang=""ceb"">Giabut siyag kakulbà,</i><trans> A feeling of terror came over her. </trans></eg>
</sense>
<sense n=""3a""><number>3a</number> <itype>[A23; b4]</itype><trans> catch s.o. doing s.t. </trans>
<eg><i lang=""ceb"">Si Turyuy nakaabut nílang nagháluk,</i><trans> It was Torio who came upon them kissing. </trans></eg>
</sense>
<sense n=""3b""><number>3b</number> <itype>[b4]</itype><trans> be <tr>overtaken</tr>. </trans>
<eg><i lang=""ceb"">Abtan kag gabíi sa dálan,</i><trans> You will be overtaken by night on the road. </trans></eg>
</sense>
<sense n=""4""><number>4</number> <itype>[A2; b4]</itype><trans> come to an <tr>orgasm</tr>. </trans>
<eg><i lang=""ceb"">Dílì giyud muabut ang lamì,</i><trans> She won’t have an orgasm. (The delicious feeling will not arrive.) </trans></eg>
<eg><i lang=""ceb"">Abtan ra gihápun síya basta maningkámut ang duruha,</i><trans> She will have an orgasm if both try their best. </trans></eg>
</sense>
<sense n=""5""><number>5</number> <itype>[A23]</itype><trans> for an event or season of the year to come around. </trans>
<eg><i lang=""ceb"">Dì na madúgay muabut na ang Pasku,</i><trans> It won’t be long before Christmas comes. </trans></eg>
</sense>
<sense n=""6""><number>6</number> <itype>[A12; b]</itype><trans> be on time for s.t. </trans>
<eg><i lang=""ceb"">Nakaabut ka ba sa panahun sa Katsílà?</i><trans> Do you go back as far as the Spanish times? </trans></eg>
<eg><i lang=""ceb"">Maabtan pa nímu ang barku,</i><trans> You can still catch the boat. </trans></eg>
</sense>
<sense n=""7a""><number>7a</number> <itype>[A12; a1]</itype><trans> afford to pay for s.t. </trans>
<eg><i lang=""ceb"">Dì ku makaabut ug palit niánà,</i><trans> I can’t afford to buy that. </trans></eg>
<eg><i lang=""ceb"">Wà siyay ikaabut sa báyad,</i><trans> He has no funds to meet the payments with. </trans></eg>
</sense>
<sense n=""7b""><number>7b</number> <itype>[a3]</itype><trans> can be done, reached. </trans>
<eg><i lang=""ceb"">Tabángan tikaw kútub sa ákung maabut,</i><trans> I’ll help you as much as I can. </trans></eg>
</sense>
<sense n=""8""><number>8</number> <itype>[A; b6]</itype><trans> stay temporarily some place. </trans>
<eg><i lang=""ceb"">Háin man ka mag-abut run?</i><trans> Where are you staying now? </trans></eg>
</sense></hom>
<hom role=""n""><pos>n</pos>
<sense n=""1""><number>1</number><trans> s.t. or s.o. that has arrived s.w. </trans>
<eg><i lang=""ceb"">Dílì ni karáan uy. Bag-u ning abut,</i><trans> This is not old stock. It just arrived. </trans></eg>
<eg><i lang=""ceb"">Bag-u kung abut dinhi. Wà pa ku kadumdum,</i><trans> I am a newcomer here. I don’t <pb n=""8""/>know how to get there. </trans></eg>
</sense>
<sense n=""2""><number>2</number><trans> <tr>yield</tr>, <tr>proceeds</tr> from an effort, <tr>income</tr>, <tr>harvest</tr>. </trans>
<eg><i lang=""ceb"">Pilay abut sa yútà káda túig?</i><trans> How much does the land yield each year? </trans></eg>
<eg><i lang=""ceb"">Gamay rag abut ang munisipyu,</i><trans> The town has a small income. </trans></eg>
</sense></hom>
<entry><form id=""axbut"" lang=""ceb""><abbr expan=""ábut"" type=""lemma"">(←)</abbr></form>
<hom role=""v""><pos>v</pos>
<sense n=""0""> <itype>[C; ac]</itype><trans> </trans>
</sense>
<sense n=""1""><number>1</number><trans> <tr>meet</tr> together. </trans>
<eg><i lang=""ceb"">Abútun nákù ang duha ka tumuy,</i><trans> I will make the two ends meet. </trans></eg>
<eg><i lang=""ceb"">Mau kadtung lugára ang ámung gikaabútan (gipanag-abútan),</i><trans> That is the place where we met. </trans></eg>
</sense>
<sense n=""2""><number>2</number><trans> <tr>overlap</tr> in time. </trans>
<eg><i lang=""ceb"">Nag-ábut na man gánì ang sinanggì karun ug sa miáging túig,</i><trans> This year’s corn crop overlaps with last year’s. (I.e., this year’s crop was harvested before last year’s crop had been used up.) </trans></eg>
</sense>
<sense n=""3""><number>3</number> <itype>[A13]</itype><trans> <form id=""abut_ang_ginhaxwa"" lang=""ceb""><abbr expan=""abut"" type=""lemma"">—</abbr> ang ginháwa</form> be <tr>panting for breath</tr> (gasps of breath overlap). </trans>
<eg><i lang=""ceb"">Giúyug siya sa ubu. Nag-ábut ang íyang pagginháwa,</i><trans> He was shaken by his coughing fit. He was panting for breath. </trans></eg>
</sense></hom></entry>
<entry><form id=""paaxbut"" lang=""ceb""><abbr expan=""paábut"" type=""lemma"">pa-(←)</abbr></form>
<hom role=""v""><pos>v</pos>
<sense n=""0""> <itype>[A; a]</itype><trans> wait in expectation for. </trans>
<eg><i lang=""ceb"">Dì na ku mupaábut sa kumbira,</i><trans> I won’t wait for the party. </trans></eg>
<eg><i lang=""ceb"">Paabútun tikaw hangtud sa alas kwatru,</i><trans> I’ll wait for you until four o’clock. </trans></eg>
</sense></hom></entry>
<entry><form id=""abut-abut"" lang=""ceb"">abut-abut</form>
<hom role=""v""><pos>v</pos>
<sense n=""0""> <itype>[A3; b6]</itype><trans> arrive in close succession. </trans>
<eg><i lang=""ceb"">Nag-abut-abut ang mga bisíta,</i><trans> Visitors came one after another. </trans></eg>
</sense></hom></entry>
<entry><form id=""abut-axbut"" lang=""ceb"">abut-ábut</form>
<hom role=""v""><pos>v</pos>
<sense n=""0""> <itype>[A3; b6]</itype><trans> go every now and then. </trans>
<eg><i lang=""ceb"">Nag-abut-ábut nà siya sa Hungkung,</i><trans> She goes to Hong Kong often. </trans></eg>
</sense></hom></entry>
<entry><form id=""singabut"" lang=""ceb""><abbr expan=""singabut"" type=""lemma"">siN-</abbr></form>
<hom role=""v""><pos>v</pos>
<sense n=""0""> <itype>[A13]</itype><trans> </trans>
</sense>
<sense n=""1""><number>1</number><trans> for a time, event to <tr>approach</tr>. </trans>
<eg><i lang=""ceb"">Nagsingabut ang pista,</i><trans> The fiesta is approaching. </trans></eg>
</sense>
<sense n=""1a""><number>1a</number><trans> for one’s time of the month to approach. </trans>
<eg><i lang=""ceb"">Nagsingabut na, maung saputun,</i><trans> She’s in a bad mood because her time of the month is approaching. </trans></eg>
</sense>
<sense n=""2""><number>2</number><trans> be in expectations of, look forward to. </trans>
<eg><i lang=""ceb"">Nagsingabut ku nga mahuman ang trabáhug sayu,</i><trans> I’m expecting to finish the work early. </trans></eg>
</sense></hom></entry>
<entry><form id=""alabuxtun"" lang=""ceb""><abbr expan=""alabútun"" type=""lemma"">-l-un(←)</abbr></form>
<hom role=""n""><pos>n</pos>
<sense n=""1""><number>1</number><trans> subject to periodic attacks of an illness. </trans>
</sense>
<sense n=""2""><number>2</number><trans> s.o. who has the fortune of getting a large yield from an effort. </trans>
</sense></hom></entry>
<entry><form id=""alabtan_abtanan"" lang=""ceb"">alabtan, abtanan</form>
<hom role=""n""><pos>n</pos>
<sense n=""0""><trans> place one usually stays temporarily. </trans>
</sense></hom></entry>
<entry><form id=""alabuxtan"" lang=""ceb""><abbr expan=""alabútan"" type=""lemma"">-l-an-(←)</abbr></form>
<hom role=""n""><pos>n</pos>
<sense n=""1""><number>1</number><trans> = <xr lang=""ceb"" target=""#abtanan""><sc>abtanan</sc></xr>. </trans>
</sense>
<sense n=""2""><number>2</number><trans> place one meets s.o. else. </trans>
</sense></hom></entry>
<entry><form id=""umaaxbut_umalaxbut_taliabut_taliaxbut_saliabut_saliaxbut"" lang=""ceb""><abbr expan=""umaábut"" type=""lemma"">um-r-(←)</abbr>, <abbr expan=""umalábut"" type=""lemma"">um-l-(←)</abbr>, <abbr expan=""taliabut"" type=""lemma"">tali-</abbr>, <abbr expan=""taliábut"" type=""lemma"">tali-(←)</abbr>, <abbr expan=""saliabut"" type=""lemma"">sali-</abbr>, <abbr expan=""saliábut"" type=""lemma"">sali-(←)</abbr></form>
<hom role=""n""><pos>n</pos>
<sense n=""0""><trans> about to arrive. </trans>
<eg><i lang=""ceb"">May umaábut (umalábut, taliabut, taliábut, saliabut, saliábut) nga mga bisíta,</i><trans> There are some visitors about to arrive.†
</trans></eg>
</sense></hom></entry></entry>");
INSERT INTO `wced_head` (entryid, head, normalized_head, type, pos) VALUES (119, "abut", "abut", "m", "vn");
INSERT INTO `wced_head` (entryid, head, normalized_head, type, pos) VALUES (119, "abut sa hunàhúnà", "abut sa hunahuna", "s", "");
INSERT INTO `wced_head` (entryid, head, normalized_head, type, pos) VALUES (119, "ábut", "abut", "s", "v");
INSERT INTO `wced_head` (entryid, head, normalized_head, type, pos) VALUES (119, "abut ang ginháwa", "abut ang ginhawa", "s", "");
INSERT INTO `wced_head` (entryid, head, normalized_head, type, pos) VALUES (119, "paábut", "paabut", "s", "v");
INSERT INTO `wced_head` (entryid, head, normalized_head, type, pos) VALUES (119, "abut-abut", "abut-abut", "s", "v");
INSERT INTO `wced_head` (entryid, head, normalized_head, type, pos) VALUES (119, "abut-ábut", "abut-abut", "s", "v");
INSERT INTO `wced_head` (entryid, head, normalized_head, type, pos) VALUES (119, "singabut", "singabut", "s", "v");
INSERT INTO `wced_head` (entryid, head, normalized_head, type, pos) VALUES (119, "alabútun", "alabutun", "s", "n");
INSERT INTO `wced_head` (entryid, head, normalized_head, type, pos) VALUES (119, "alabtan", "alabtan", "s", "n");
INSERT INTO `wced_head` (entryid, head, normalized_head, type, pos) VALUES (119, "abtanan", "abtanan", "s", "n");
INSERT INTO `wced_head` (entryid, head, normalized_head, type, pos) VALUES (119, "alabútan", "alabutan", "s", "n");
INSERT INTO `wced_head` (entryid, head, normalized_head, type, pos) VALUES (119, "umaábut", "umaabut", "s", "n");
INSERT INTO `wced_head` (entryid, head, normalized_head, type, pos) VALUES (119, "umalábut", "umalabut", "s", "n");
INSERT INTO `wced_head` (entryid, head, normalized_head, type, pos) VALUES (119, "taliabut", "taliabut", "s", "n");
INSERT INTO `wced_head` (entryid, head, normalized_head, type, pos) VALUES (119, "taliábut", "taliabut", "s", "n");
INSERT INTO `wced_head` (entryid, head, normalized_head, type, pos) VALUES (119, "saliabut", "saliabut", "s", "n");
INSERT INTO `wced_head` (entryid, head, normalized_head, type, pos) VALUES (119, "saliábut", "saliabut", "s", "n");
INSERT INTO `wced_translation` (entryid, translation) VALUES (119, "arrive");
INSERT INTO `wced_translation` (entryid, translation) VALUES (119, "receive");
INSERT INTO `wced_translation` (entryid, translation) VALUES (119, "overtaken");
INSERT INTO `wced_translation` (entryid, translation) VALUES (119, "orgasm");
INSERT INTO `wced_translation` (entryid, translation) VALUES (119, "yield");
INSERT INTO `wced_translation` (entryid, translation) VALUES (119, "proceeds");
INSERT INTO `wced_translation` (entryid, translation) VALUES (119, "income");
INSERT INTO `wced_translation` (entryid, translation) VALUES (119, "harvest");
INSERT INTO `wced_translation` (entryid, translation) VALUES (119, "meet");
INSERT INTO `wced_translation` (entryid, translation) VALUES (119, "overlap");
INSERT INTO `wced_translation` (entryid, translation) VALUES (119, "panting for breath");
INSERT INTO `wced_translation` (entryid, translation) VALUES (119, "approach");
INSERT INTO `wced_entry` VALUES (120, "abwag", "8", "<entry page=""8"" id=""120""><form id=""abwag"" lang=""ceb"">abwag</form>
<hom role=""v""><pos>v</pos>
<sense n=""0""> <itype>[AP; c1]</itype><trans> <tr>break up</tr>, <tr>scatter</tr>. </trans>
<eg><i lang=""ceb"">Miabwag ang mitambung sa ráli pag-ulan,</i><trans> The people at the rally scattered when it started to rain. </trans></eg>
<eg><i lang=""ceb"">Abwagun (iabwag) nátù ang mga papil,</i><trans> Let us scatter the pieces of paper.
</trans></eg>
</sense></hom></entry>");
INSERT INTO `wced_head` (entryid, head, normalized_head, type, pos) VALUES (120, "abwag", "abwag", "m", "v");
INSERT INTO `wced_translation` (entryid, translation) VALUES (120, "break up");
INSERT INTO `wced_translation` (entryid, translation) VALUES (120, "scatter");
INSERT INTO `wced_entry` VALUES (121, "abyadur", "8", "<entry page=""8"" id=""121""><form id=""abyadur"" lang=""ceb"">abyadur</form>
<hom role=""n""><pos>n</pos>
<sense n=""0""><trans> <tr>aviator</tr>. </trans>
</sense></hom>
<hom role=""v""><pos>v</pos>
<sense n=""0""> <itype>[B156; a12]</itype><trans> be, make into an aviator.†
</trans>
</sense></hom></entry>");
INSERT INTO `wced_head` (entryid, head, normalized_head, type, pos) VALUES (121, "abyadur", "abyadur", "m", "nv");
INSERT INTO `wced_translation` (entryid, translation) VALUES (121, "aviator");
INSERT INTO `wced_entry` VALUES (122, "abyan", "8", "<entry page=""8"" id=""122""><form id=""abyan"" lang=""ceb"">abyan</form>
<hom>
<sense n=""0""><trans> <ix>see</ix> <xr lang=""ceb"" target=""#abay""><sc>abay</sc></xr>.
</trans>
</sense></hom></entry>");
INSERT INTO `wced_head` (entryid, head, normalized_head, type, pos) VALUES (122, "abyan", "abyan", "m", "");
INSERT INTO `wced_entry` VALUES (123, "abyasiyun, abyasyun", "8", "<entry page=""8"" id=""123""><form id=""abyasiyun_abyasyun"" lang=""ceb"">abyasiyun, abyasyun</form>
<hom role=""n""><pos>n</pos>
<sense n=""0""><trans> <tr>aviation</tr>.
</trans>
</sense></hom></entry>");
INSERT INTO `wced_head` (entryid, head, normalized_head, type, pos) VALUES (123, "abyasiyun", "abyasiyun", "s", "n");
INSERT INTO `wced_head` (entryid, head, normalized_head, type, pos) VALUES (123, "abyasyun", "abyasyun", "s", "n");
INSERT INTO `wced_translation` (entryid, translation) VALUES (123, "aviation");
INSERT INTO `wced_entry` VALUES (124, "abyirtu1", "8", "<entry page=""8"" id=""124""><form id=""abyirtu"" lang=""ceb"">abyirtu<sub>1</sub></form>
<hom role=""a""><pos>a</pos>
<sense n=""0""><trans> <tr>open</tr>. </trans>
<eg><i lang=""ceb"">Abyirtu ang ganghaan,</i><trans> The door is open. </trans></eg>
</sense></hom>
<hom role=""v""><pos>v</pos>
<sense n=""0""> <itype>[A2PB; c1]</itype><trans> open s.t.; be opened.
</trans>
</sense></hom></entry>");
INSERT INTO `wced_head` (entryid, head, normalized_head, type, pos) VALUES (124, "abyirtu", "abyirtu", "s", "av");
INSERT INTO `wced_translation` (entryid, translation) VALUES (124, "open");
INSERT INTO `wced_entry` VALUES (125, "abyirtu2", "8", "<entry page=""8"" id=""125""><form id=""abyirtu2"" lang=""ceb"">abyirtu<sub>2</sub></form>
<hom role=""n""><pos>n</pos>
<sense n=""0""><trans> <tr>seventh chord</tr>. </trans>
</sense></hom>
<hom role=""v""><pos>v</pos>
<sense n=""0""> <itype>[A2; c1]</itype><trans> play a seventh chord. </trans>
<eg><i lang=""ceb"">Iabyirtu (abyirtúha) ang tapuy ig-abut sa dapit nga muingun ‘Matam-is uyámut’,</i><trans> When you get to the part that goes ‘How very sweet ...’ play a seventh chord.
</trans></eg>
</sense></hom></entry>");
INSERT INTO `wced_head` (entryid, head, normalized_head, type, pos) VALUES (125, "abyirtu", "abyirtu", "s", "nv");
INSERT INTO `wced_translation` (entryid, translation) VALUES (125, "seventh chord");
INSERT INTO `wced_entry` VALUES (126, "abyug", "8", "<entry page=""8"" id=""126""><form id=""abyug"" lang=""ceb"">abyug</form>
<hom role=""v""><pos>v</pos>
<sense n=""0""> <itype>[A; c1]</itype><trans> <tr>rock</tr> s.t. hanging back and forth. </trans>
<eg><i lang=""ceb"">Abyúga (iabyug) lang ang bátà sa dúyan kun muhílak na,</i><trans> Just rock the baby in the hammock if he starts to cry. </trans></eg>
</sense></hom>
<hom role=""n""><pos>n</pos>
<sense n=""0""><trans> action of rocking s.t.
</trans>
</sense></hom></entry>");
INSERT INTO `wced_head` (entryid, head, normalized_head, type, pos) VALUES (126, "abyug", "abyug", "m", "vn");
INSERT INTO `wced_translation` (entryid, translation) VALUES (126, "rock");
INSERT INTO `wced_entry` VALUES (127, "a.d.", "8", "<entry page=""8"" id=""127""><form id=""A.D."" lang=""ceb"">A.D.</form>
<hom>
<sense n=""0""><trans> Anno Domini.
</trans>
</sense></hom></entry>");
INSERT INTO `wced_head` (entryid, head, normalized_head, type, pos) VALUES (127, "A.D.", "a.d.", "m", "");
INSERT INTO `wced_entry` VALUES (128, "ad1", "8", "<entry page=""8"" id=""128""><form id=""axd"" lang=""ceb"">ád<sub>1</sub></form>
<hom role=""v""><pos>v</pos>
<sense n=""0""> <itype>[A; ac]</itype><trans> <tr>add</tr> up. </trans>
<eg><i lang=""ceb"">Ádun (adun) nátù ni,</i><trans> Let’s add this up. </trans></eg>
<eg><i lang=""ceb"">Iád ang kwatru ári,</i><trans> Add the four to this column.
</trans></eg>
</sense></hom></entry>");
INSERT INTO `wced_head` (entryid, head, normalized_head, type, pos) VALUES (128, "ád", "ad", "s", "v");
INSERT INTO `wced_translation` (entryid, translation) VALUES (128, "add");
INSERT INTO `wced_entry` VALUES (129, "ad2", "8", "<entry page=""8"" id=""129""><form id=""axd2"" lang=""ceb"">ád<sub>2</sub></form>
<hom>
<sense n=""0""><trans> = <xr lang=""ceb"" target=""#axlad""><sc>álad</sc></xr>.
</trans>
</sense></hom></entry>");
INSERT INTO `wced_head` (entryid, head, normalized_head, type, pos) VALUES (129, "ád", "ad", "s", "");
INSERT INTO `wced_entry` VALUES (130, "ada", "8", "<entry page=""8"" id=""130""><form id=""ada"" lang=""ceb"">ada</form>
<hom>
<sense n=""1""><number>1</number><trans> particle showing that s.t. is not important. </trans>
<eg><i lang=""ceb"">Ada, irù ra gud tu. Kahadluk na man nímu!</i><trans> Heck, that was just a dog. What a scaredy cat you are! </trans></eg>
</sense>
<sense n=""2""><number>2</number><trans> particle expressing annoyance. </trans>
<eg><i lang=""ceb"">Ada! Sábà na,</i><trans> Oh, be quiet! </trans></eg>
</sense></hom>
<entry><form id=""ada_uruy"" lang=""ceb""><abbr expan=""ada"" type=""lemma"">—</abbr> uruy</form>
<hom>
<sense n=""0""><trans> = <xr lang=""ceb"" target=""#ada""><sc>ada</sc></xr>, <bx>1</bx>. </trans>
</sense></hom></entry>
<entry><form id=""ada_uy"" lang=""ceb""><abbr expan=""ada"" type=""lemma"">—</abbr> uy</form>
<hom>
<sense n=""0""><trans> particle expressing exasperation at being unable to cope with s.t. (used only by women). </trans>
<eg><i lang=""ceb"">Da uy, lisud kaáyu,</i><trans> Oh dear! That is so hard!
</trans></eg>
</sense></hom></entry></entry>");
INSERT INTO `wced_head` (entryid, head, normalized_head, type, pos) VALUES (130, "ada", "ada", "m", "");
INSERT INTO `wced_head` (entryid, head, normalized_head, type, pos) VALUES (130, "ada uruy", "ada uruy", "s", "");
INSERT INTO `wced_head` (entryid, head, normalized_head, type, pos) VALUES (130, "ada uy", "ada uy", "s", "");
INSERT INTO `wced_entry` VALUES (131, "ada", "8", "<entry page=""8"" id=""131""><form id=""axda"" lang=""ceb"">áda</form>
<hom role=""n""><pos>n</pos>
<sense n=""0""><trans> mythological beings represented as beautiful maidens living in forests, streams, etc. </trans>
</sense></hom>
<hom role=""v""><pos>v</pos>
<sense n=""0""> <itype>[B126]</itype><trans> become an <ix>áda.</ix>
</trans>
</sense></hom></entry>");
INSERT INTO `wced_head` (entryid, head, normalized_head, type, pos) VALUES (131, "áda", "ada", "m", "nv");
INSERT INTO `wced_entry` VALUES (132, "ada", "8", "<entry page=""8"" id=""132""><form id=""adax"" lang=""ceb"">adá</form>
<hom>
<sense n=""0""><trans> = <xr lang=""ceb"" target=""#ada""><sc>ada</sc></xr>.
</trans>
</sense></hom></entry>");
INSERT INTO `wced_head` (entryid, head, normalized_head, type, pos) VALUES (132, "adá", "ada", "m", "");
INSERT INTO `wced_entry` VALUES (133, "ad-ad", "8", "<entry page=""8"" id=""133""><form id=""ad-ad"" lang=""ceb"">ad-ad</form>
<hom role=""v""><pos>v</pos>
<sense n=""0""> <itype>[A; a]</itype><trans> <tr>slice</tr> into thin, but not long pieces. </trans>
<eg><i lang=""ceb"">Ang baláni ad-árun únà iláwug sa bábuy,</i><trans> The banana trunk is chopped up finely before it is fed to the pigs. </trans></eg>
</sense></hom>
<entry><form id=""ad-aran"" lang=""ceb"">ad-aran</form>
<hom role=""n""><pos>n</pos>
<sense n=""0""><trans> <tr>slicing board</tr>.
</trans>
</sense></hom></entry></entry>");
INSERT INTO `wced_head` (entryid, head, normalized_head, type, pos) VALUES (133, "ad-ad", "ad-ad", "m", "v");
INSERT INTO `wced_head` (entryid, head, normalized_head, type, pos) VALUES (133, "ad-aran", "ad-aran", "s", "n");
INSERT INTO `wced_translation` (entryid, translation) VALUES (133, "slice");
INSERT INTO `wced_translation` (entryid, translation) VALUES (133, "slicing board");
INSERT INTO `wced_entry` VALUES (134, "adan", "8", "<entry page=""8"" id=""134""><form id=""Adan"" lang=""ceb"">Adan</form>
<hom>
<sense n=""0""><trans> <ix>name:</ix> Adam.
</trans>
</sense></hom></entry>");
INSERT INTO `wced_head` (entryid, head, normalized_head, type, pos) VALUES (134, "Adan", "adan", "m", "");
INSERT INTO `wced_entry` VALUES (135, "adbans", "8", "<entry page=""8"" id=""135""><form id=""adbans"" lang=""ceb"">adbans</form>
<hom role=""n""><pos>n</pos>
<sense n=""0""><trans> <tr>advance</tr> payment on a salary, debt, etc. </trans>
</sense></hom>
<hom role=""v""><pos>v</pos>
<sense n=""1""><number>1</number> <itype>[AP; cP]</itype><trans> give an advance. </trans>
<eg><i lang=""ceb"">Adbansan ka nákug singku,</i><trans> I’ll advance you five pesos. </trans></eg>
</sense>
<sense n=""2""><number>2</number> <itype>[A; a]</itype><trans> ask for an advance. </trans>
<eg><i lang=""ceb"">Muadbans akug singku pára sa kumpra,</i><trans> I would like to have five pesos in advance for shopping. </trans></eg>
</sense>
<sense n=""3""><number>3</number> <itype>[A; c]</itype><trans> for soldiers to advance. </trans>
<eg><i lang=""ceb"">Miadbans ang mga Hapun,</i><trans> The Japanese advanced. </trans></eg>
<eg><i lang=""ceb"">Ílang giadbans ang mga kanyun,</i><trans> They put the artillery on the front line. </trans></eg>
</sense></hom>
<entry><form id=""adbans_gard"" lang=""ceb""><abbr expan=""adbans"" type=""lemma"">—</abbr> gard</form>
<hom role=""n""><pos>n</pos>
<sense n=""1""><number>1</number><trans> a contingent sent ahead to the front. </trans>
</sense>
<sense n=""2""><number>2</number><trans> s.t. sent s.w. to prepare the way (humorous metaphor). </trans>
<eg><i lang=""ceb"">Nag-una ang mga adbans gard kay silay magpriparar,</i><trans> The advance guard has gone ahead because they will get things ready.
</trans></eg>
</sense></hom></entry></entry>");
INSERT INTO `wced_head` (entryid, head, normalized_head, type, pos) VALUES (135, "adbans", "adbans", "m", "nv");
INSERT INTO `wced_head` (entryid, head, normalized_head, type, pos) VALUES (135, "adbans gard", "adbans gard", "s", "n");
INSERT INTO `wced_translation` (entryid, translation) VALUES (135, "advance");
INSERT INTO `wced_entry` VALUES (136, "adbaysir", "8", "<entry page=""8"" id=""136""><form id=""adbaysir"" lang=""ceb"">adbaysir</form>
<hom role=""n""><pos>n</pos>
<sense n=""0""><trans> <tr>adviser</tr>. </trans>
</sense></hom>
<hom role=""v""><pos>v</pos>
<sense n=""0""> <itype>[A13; b6]</itype><trans> act as class adviser in school. </trans>
<eg><i lang=""ceb"">Giadbaysíran ku ang primíru anyu,</i><trans> I am adviser to the freshmen. </trans></eg>
</sense></hom>
<entry><form id=""klas_adbaysir"" lang=""ceb"">klas <abbr expan=""adbaysir"" type=""lemma"">—</abbr></form>
<hom>
<sense n=""0""><trans> class adviser in school. </trans>
</sense></hom></entry>
<entry><form id=""idituryal_adbaysir"" lang=""ceb"">idituryal <abbr expan=""adbaysir"" type=""lemma"">—</abbr></form>
<hom>
<sense n=""0""><trans> editorial advisor.
</trans>
</sense></hom></entry></entry>");
INSERT INTO `wced_head` (entryid, head, normalized_head, type, pos) VALUES (136, "adbaysir", "adbaysir", "m", "nv");
INSERT INTO `wced_head` (entryid, head, normalized_head, type, pos) VALUES (136, "klas adbaysir", "klas adbaysir", "s", "");
INSERT INTO `wced_head` (entryid, head, normalized_head, type, pos) VALUES (136, "idituryal adbaysir", "idituryal adbaysir", "s", "");
INSERT INTO `wced_translation` (entryid, translation) VALUES (136, "adviser");
INSERT INTO `wced_entry` VALUES (137, "adbintista", "8", "<entry page=""8"" id=""137""><form id=""adbintista"" lang=""ceb"">adbintista</form>
<hom role=""n""><pos>n</pos>
<sense n=""0""><trans> a Seventh Day <tr>Adventist</tr>. </trans>
</sense></hom>
<hom role=""v""><pos>v</pos>
<sense n=""0""> <itype>[B1256]</itype><trans> <pb n=""9""/>be, become a Seventh Day Adventist.
</trans>
</sense></hom></entry>");
INSERT INTO `wced_head` (entryid, head, normalized_head, type, pos) VALUES (137, "adbintista", "adbintista", "m", "nv");
INSERT INTO `wced_translation` (entryid, translation) VALUES (137, "Adventist");
INSERT INTO `wced_entry` VALUES (138, "adbirbiyu", "9", "<entry page=""9"" id=""138""><form id=""adbirbiyu"" lang=""ceb"">adbirbiyu</form>
<hom role=""n""><pos>n</pos>
<sense n=""0""><trans> <tr>adverb</tr>.
</trans>
</sense></hom></entry>");
INSERT INTO `wced_head` (entryid, head, normalized_head, type, pos) VALUES (138, "adbirbiyu", "adbirbiyu", "m", "n");
INSERT INTO `wced_translation` (entryid, translation) VALUES (138, "adverb");
INSERT INTO `wced_entry` VALUES (139, "adbiyintu", "9", "<entry page=""9"" id=""139""><form id=""Adbiyintu"" lang=""ceb"">Adbiyintu</form>
<hom role=""n""><pos>n</pos>
<sense n=""0""><trans> <tr>Advent</tr>.
</trans>
</sense></hom></entry>");
INSERT INTO `wced_head` (entryid, head, normalized_head, type, pos) VALUES (139, "Adbiyintu", "adbiyintu", "m", "n");
INSERT INTO `wced_translation` (entryid, translation) VALUES (139, "Advent");
INSERT INTO `wced_entry` VALUES (140, "adgaw", "9", "<entry page=""9"" id=""140""><form id=""adgaw"" lang=""ceb"">adgaw</form>
<hom role=""n""><pos>n</pos>
<sense n=""0""><trans> k.o. small tree: <bio>Premna odorata</bio>. The leaves are fragrant and used medicinally.
</trans>
</sense></hom></entry>");
INSERT INTO `wced_head` (entryid, head, normalized_head, type, pos) VALUES (140, "adgaw", "adgaw", "m", "n");
INSERT INTO `wced_entry` VALUES (141, "adia", "9", "<entry page=""9"" id=""141""><form id=""adixa"" lang=""ceb"">adía</form>
<hom>
<sense n=""0""> <ix>short form:</ix> <form id=""dixa"" lang=""ceb"">día</form><trans> </trans>
</sense>
<sense n=""1""><number>1</number><trans> <tr>is here</tr> (nearer me than you). </trans>
<eg><i lang=""ceb"">Adía sa táas ang lamísa, ikanáug,</i><trans> The table is up here. Bring it downstairs. </trans></eg>
</sense>
<sense n=""2""><number>2</number><trans> <ix>in narration:</ix> <tr>now</tr>, at this juncture. </trans>
<eg><i lang=""ceb"">Nalípay siya kay, día, nadátù na man pud siya,</i><trans> He was happy because, here he was, he managed to become rich in turn.
</trans></eg>
</sense></hom></entry>");
INSERT INTO `wced_head` (entryid, head, normalized_head, type, pos) VALUES (141, "adía", "adia", "m", "");
INSERT INTO `wced_head` (entryid, head, normalized_head, type, pos) VALUES (141, "día", "dia", "s", "");
INSERT INTO `wced_translation` (entryid, translation) VALUES (141, "is here");
INSERT INTO `wced_translation` (entryid, translation) VALUES (141, "now");
INSERT INTO `wced_entry` VALUES (142, "adik", "9", "<entry page=""9"" id=""142""><form id=""axdik"" lang=""ceb"">ádik</form>
<hom role=""n""><pos>n</pos>
<sense n=""0""><trans> drug <tr>addict</tr>. </trans>
</sense></hom>
<hom role=""v""><pos>v</pos>
<sense n=""0""> <itype>[B1256]</itype><trans> become a drug addict.
</trans>
</sense></hom></entry>");
INSERT INTO `wced_head` (entryid, head, normalized_head, type, pos) VALUES (142, "ádik", "adik", "m", "nv");
INSERT INTO `wced_translation` (entryid, translation) VALUES (142, "addict");
INSERT INTO `wced_entry` VALUES (143, "adilantadu", "9", "<entry page=""9"" id=""143""><form id=""adilantaxdu"" lang=""ceb"">adilantádu</form>
<hom role=""a""><pos>a</pos>
<sense n=""1""><number>1</number><trans> developed, <tr>advanced</tr>. </trans>
<eg><i lang=""ceb"">Adilantádu ang Pilipínas sa Aprika sa panguma,</i><trans> The Philippines is ahead of Africa in agriculture. </trans></eg>
</sense>
<sense n=""2""><number>2</number><trans> for a watch to be advanced.
</trans>
</sense></hom></entry>");
INSERT INTO `wced_head` (entryid, head, normalized_head, type, pos) VALUES (143, "adilantádu", "adilantadu", "m", "a");
INSERT INTO `wced_translation` (entryid, translation) VALUES (143, "advanced");
INSERT INTO `wced_entry` VALUES (144, "adilantar", "9", "<entry page=""9"" id=""144""><form id=""adilantar"" lang=""ceb"">adilantar</form>
<hom>
<sense n=""0""><trans> = <xr lang=""ceb"" target=""#adilantu""><sc>adilantu</sc></xr>.
</trans>
</sense></hom></entry>");
INSERT INTO `wced_head` (entryid, head, normalized_head, type, pos) VALUES (144, "adilantar", "adilantar", "m", "");
INSERT INTO `wced_entry` VALUES (145, "adilantu", "9", "<entry page=""9"" id=""145""><form id=""adilantu"" lang=""ceb"">adilantu</form>
<hom role=""v""><pos>v</pos>
<sense n=""0""> <itype>[B2]</itype><trans> become better. </trans>
<eg><i lang=""ceb"">Dílì ta muadilantu niánang pangitáa,</i><trans> Our financial situation won’t <tr>improve</tr> if that is the only way we can make our living. </trans></eg>
</sense></hom>
<entry><form id=""kaadilantuxhan"" lang=""ceb"">kaadilantúhan</form>
<hom role=""n""><pos>n</pos>
<sense n=""0""><trans> <tr>improvement</tr>. </trans>
<eg><i lang=""ceb"">Pára sa kaadilantúhan sa átung panimúyù,</i><trans> For the improvement of our standard of living.
</trans></eg>
</sense></hom></entry></entry>");
INSERT INTO `wced_head` (entryid, head, normalized_head, type, pos) VALUES (145, "adilantu", "adilantu", "m", "v");
INSERT INTO `wced_head` (entryid, head, normalized_head, type, pos) VALUES (145, "kaadilantúhan", "kaadilantuhan", "s", "n");
INSERT INTO `wced_translation` (entryid, translation) VALUES (145, "improve");
INSERT INTO `wced_translation` (entryid, translation) VALUES (145, "improvement");
INSERT INTO `wced_entry` VALUES (146, "adilpa", "9", "<entry page=""9"" id=""146""><form id=""adilpa"" lang=""ceb"">adilpa</form>
<hom role=""n""><pos>n</pos>
<sense n=""0""><trans> <tr>oleander</tr>, k.o. highly poisonous, tall ornamental shrub with showy pink or white flowers: <bio>Nerium indicum</bio>.
</trans>
</sense></hom></entry>");
INSERT INTO `wced_head` (entryid, head, normalized_head, type, pos) VALUES (146, "adilpa", "adilpa", "m", "n");
INSERT INTO `wced_translation` (entryid, translation) VALUES (146, "oleander");
INSERT INTO `wced_entry` VALUES (147, "adimas", "9", "<entry page=""9"" id=""147""><form id=""adimas"" lang=""ceb"">adimas</form>
<hom>
<sense n=""0""><trans> furthermore, <tr>besides</tr>. </trans>
<eg><i lang=""ceb"">Adimas utúkan man sab siya,</i><trans> Besides, he’s intelligent, too.
</trans></eg>
</sense></hom></entry>");
INSERT INTO `wced_head` (entryid, head, normalized_head, type, pos) VALUES (147, "adimas", "adimas", "m", "");
INSERT INTO `wced_translation` (entryid, translation) VALUES (147, "besides");
INSERT INTO `wced_entry` VALUES (148, "adingmasin", "9", "<entry page=""9"" id=""148""><form id=""adingmasin"" lang=""ceb"">adingmasin</form>
<hom role=""n""><pos>n</pos>
<sense n=""0""><trans> <tr>adding machine</tr>. </trans>
</sense></hom>
<hom role=""v""><pos>v</pos>
<sense n=""0""> <itype>[a12]</itype><trans> add up on a machine. </trans>
<eg><i lang=""ceb"">Adingmasina lang ni arun way sayup,</i><trans> Add this up on the machine, so there won’t be any mistakes.
</trans></eg>
</sense></hom></entry>");
INSERT INTO `wced_head` (entryid, head, normalized_head, type, pos) VALUES (148, "adingmasin", "adingmasin", "m", "nv");
INSERT INTO `wced_translation` (entryid, translation) VALUES (148, "adding machine");
INSERT INTO `wced_entry` VALUES (149, "adinuwid", "9", "<entry page=""9"" id=""149""><form id=""adinuxwid"" lang=""ceb"">adinúwid</form>
<hom role=""n""><pos>n</pos>
<sense n=""0""><trans> <tr>adenoids</tr>. </trans>
</sense></hom>
<hom role=""v""><pos>v</pos>
<sense n=""0""> <itype>[a4]</itype><trans> have adenoid trouble.
</trans>
</sense></hom></entry>");
INSERT INTO `wced_head` (entryid, head, normalized_head, type, pos) VALUES (149, "adinúwid", "adinuwid", "m", "nv");
INSERT INTO `wced_translation` (entryid, translation) VALUES (149, "adenoids");
INSERT INTO `wced_entry` VALUES (150, "adisir, adisir", "9", "<entry page=""9"" id=""150""><form id=""adisir_adixsir"" lang=""ceb"">adisir, adísir</form>
<hom>
<sense n=""0""><trans> <tr>before</tr> [so-and-so] happens. </trans>
<eg><i lang=""ceb"">Adisir ka muadtu, pagtilipunu úsà,</i><trans> Before you go there, phone him first.
</trans></eg>
</sense></hom></entry>");
INSERT INTO `wced_head` (entryid, head, normalized_head, type, pos) VALUES (150, "adisir", "adisir", "s", "");
INSERT INTO `wced_head` (entryid, head, normalized_head, type, pos) VALUES (150, "adísir", "adisir", "s", "");
INSERT INTO `wced_translation` (entryid, translation) VALUES (150, "before");
INSERT INTO `wced_entry` VALUES (151, "adiyus, adiyus", "9", "<entry page=""9"" id=""151""><form id=""adiyus_adiyuxs"" lang=""ceb"">adiyus, adiyús</form>
<hom>
<sense n=""1""><number>1</number><trans> <tr>farewell</tr> (literary). </trans>
</sense>
<sense n=""2""><number>2</number> <form id=""adiyus_na_laxmang"" lang=""ceb""><abbr expan=""adiyus"" type=""lemma"">—</abbr> na lámang</form><trans> never mind, forget about s.t. expended for nothing. </trans>
<eg><i lang=""ceb"">Ug mupahulam ka níyag kwarta, adiyus na lang,</i><trans> If you lend him money, you might as well kiss it <corr sic=""good-bye"">goodbye</corr>. </trans></eg>
</sense>
<sense n=""3""><number>3</number><trans> exclamation at the unpleasant consequences of s.t. one has observed taking place. </trans>
<eg><i lang=""ceb"">Adiyús nabásag na hinúun,</i><trans> Oh Jesus! It broke! </trans></eg>
<eg><i lang=""ceb"">Adiyús nalimtan nákù ag pitáka,</i><trans> Jesus! I forgot my purse!

</trans></eg>
</sense></hom></entry>");
INSERT INTO `wced_head` (entryid, head, normalized_head, type, pos) VALUES (151, "adiyus", "adiyus", "s", "");
INSERT INTO `wced_head` (entryid, head, normalized_head, type, pos) VALUES (151, "adiyús", "adiyus", "s", "");
INSERT INTO `wced_head` (entryid, head, normalized_head, type, pos) VALUES (151, "adiyus na lámang", "adiyus na lamang", "s", "");
INSERT INTO `wced_translation` (entryid, translation) VALUES (151, "farewell");
INSERT INTO `wced_entry` VALUES (152, "adlaw", "9", "<entry page=""9"" id=""152""><form id=""adlaw"" lang=""ceb"">adlaw</form>
<hom role=""n""><pos>n</pos>
<sense n=""1""><number>1</number><trans> <tr>sun</tr>. </trans>
</sense>
<sense n=""2""><number>2</number><trans> <tr>day</tr>. </trans>
<eg><i lang=""ceb"">May adlaw nga magbásul ka,</i><trans> The day will come that you will be sorry. </trans></eg>
</sense>
<sense n=""2a""><number>2a</number><trans> day, as opposed to night. </trans>
</sense></hom>
<entry><form id=""pila_ka_adlaw"" lang=""ceb"">pila ka <abbr expan=""adlaw"" type=""lemma"">—</abbr></form>
<hom>
<sense n=""0""><trans> it won’t be long. </trans>
<eg><i lang=""ceb"">Pila ka adlaw makapánaw ta sa búwan,</i><trans> Soon we’ll be able to take trips to the moon. </trans></eg>
</sense>
<sense n=""2b""><number>2b</number><trans> one’s day for winning. </trans>
<eg><i lang=""ceb"">Ímu tanang adlaw,</i><trans> You get all the breaks. </trans></eg>
</sense>
<sense n=""3""><number>3</number><trans> <tr>birthday</tr>. </trans>
</sense>
<sense n=""4""><number>4</number><trans> amount earned in a day. </trans>
<eg><i lang=""ceb"">Singku ra may íyang adlaw niánà,</i><trans> He only gets five pesos a day from it. </trans></eg>
</sense></hom></entry>
<entry><form id=""adlaw_sa_minatay"" lang=""ceb""><abbr expan=""adlaw"" type=""lemma"">—</abbr> sa minatay</form>
<hom>
<sense n=""0""><trans> <tr>All Soul’s Day</tr>. </trans>
</sense></hom></entry>
<entry><form id=""Mahal_nga_adlaw"" lang=""ceb"">Mahal nga <abbr expan=""adlaw"" type=""lemma"">—</abbr></form>
<hom>
<sense n=""0""><trans> <tr>Holy Week</tr>. </trans>
</sense></hom>
<hom role=""v""><pos>v</pos>
<sense n=""1""><number>1</number> <itype>[A3; b6]</itype><trans> receive a certain amount daily. </trans>
<eg><i lang=""ceb"">Muadlaw kug tagduha ka líbu ka písus,</i><trans> I net two thousand pesos a day. </trans></eg>
<eg><i lang=""ceb"">Adláwi lang siyag tag-diyis,</i><trans> Pay him ten pesos per day. </trans></eg>
</sense>
<sense n=""2""><number>2</number> <itype>[A; b6]</itype><trans> celebrate a birthday. </trans>
<eg><i lang=""ceb"">Adtu nyà sa ámù kay mag-adlaw ku,</i><trans> Come to my house for my birthday party. </trans></eg>
</sense></hom></entry>
<entry><form id=""adlaw-adlaw"" lang=""ceb"">adlaw-adlaw</form>
<hom>
<sense n=""0""><trans> every day. </trans>
</sense></hom></entry>
<entry><form id=""adlaxwan"" lang=""ceb""><abbr expan=""adláwan"" type=""lemma"">-an</abbr></form>
<hom role=""a""><pos>a</pos>
<sense n=""0""><trans> for it to be daylight. </trans>
<eg><i lang=""ceb"">Ayaw úsà pagpaúli. Adláwan pa bítaw,</i><trans> Don’t go home yet! It’s still daylight anyway. </trans></eg>
</sense></hom></entry>
<entry><form id=""adlawan"" lang=""ceb""><abbr expan=""adlawan"" type=""lemma"">-an(→)</abbr></form>
<hom role=""n""><pos>n</pos>
<sense n=""0""><trans> food used to celebrate a birthday with. </trans>
<eg><i lang=""ceb"">Iháwa na ang adlawan,</i><trans> Slaughter the birthday pig. </trans></eg>
</sense></hom></entry>
<entry><form id=""inadlaw"" lang=""ceb""><abbr expan=""inadlaw"" type=""lemma"">-in-</abbr></form>
<hom role=""a""><pos>a</pos>
<sense n=""1""><number>1</number><trans> <tr>daily</tr>, by the day. </trans>
</sense>
<sense n=""2""><number>2</number><trans> <tr>lukewarm</tr> (lit. put in the sun). </trans>
<eg><i lang=""ceb"">Túbig inadlaw,</i><trans> Warm water. </trans></eg>
</sense></hom>
<hom role=""v""><pos>v</pos>
<sense n=""1""><number>1</number> <itype>[A; a2]</itype><trans> do on a daily basis. </trans>
<eg><i lang=""ceb"">Inadlawun (inadláwun) ka nákug dúaw,</i><trans> I will visit you daily. </trans></eg>
</sense>
<sense n=""2""><number>2</number> <itype>[A; c1]</itype><trans> make water warm. </trans>
</sense></hom></entry>
<entry><form id=""inadlaxwan"" lang=""ceb""><abbr expan=""inadláwan"" type=""lemma"">-in-an</abbr></form>
<hom role=""n""><pos>n</pos>
<sense n=""0""><trans> <tr>birthday present</tr>. </trans>
</sense></hom></entry>
<entry><form id=""kaadlaxwan"" lang=""ceb""><abbr expan=""kaadláwan"" type=""lemma"">ka-an</abbr></form>
<hom role=""n""><pos>n</pos>
<sense n=""0""><trans> <tr>birthday</tr>, day of patron saint. </trans>
</sense></hom></entry>
<entry><form id=""kaadlaxwun"" lang=""ceb""><abbr expan=""kaadláwun"" type=""lemma"">ka-un</abbr></form>
<hom role=""n""><pos>n</pos>
<sense n=""0""><trans> <tr>dawn</tr>. </trans>
<eg><i lang=""ceb"">Mugíkan ku ugmà sa kaadláwun,</i><trans> I’ll leave tomorrow at dawn. </trans></eg>
</sense></hom></entry>
<entry><form id=""pang-adlaw"" lang=""ceb""><abbr expan=""pang-adlaw"" type=""lemma"">pang-</abbr></form>
<hom role=""n""><pos>n</pos>
<sense n=""1""><number>1</number><trans> s.t. used during daytime. </trans>
<eg><i lang=""ceb"">Sanínang pang-adlaw,</i><trans> Dress for daytime wear. </trans></eg>
</sense>
<sense n=""2""><number>2</number><trans> day shift work. </trans>
</sense></hom></entry>
<entry><form id=""talaadlawan"" lang=""ceb""><abbr expan=""talaadlawan"" type=""lemma"">tala-an</abbr></form>
<hom role=""n""><pos>n</pos>
<sense n=""0""><trans> <tr>diary</tr>. </trans>
</sense></hom></entry>
<entry><form id=""tiadlaw"" lang=""ceb""><abbr expan=""tiadlaw"" type=""lemma"">ti-</abbr></form>
<hom>
<sense n=""1""><number>1</number><trans> = <xr lang=""ceb"" target=""#ting-adlaw""><sc><abbr expan=""ting-adlaw"" type=""lemma"">ting-</abbr></sc></xr>. <bx>2</bx> </trans>
</sense></hom>
<hom role=""a""><pos>a</pos>
<sense n=""0""><trans> <tr>sunny</tr>. </trans>
<eg><i lang=""ceb"">Sa buntag tiadlaw, apan sa hápun nag-ulan,</i><trans> In the morning it was sunny, but in the afternoon it rained. </trans></eg>
</sense></hom></entry>
<entry><form id=""ting-adlaw"" lang=""ceb""><abbr expan=""ting-adlaw"" type=""lemma"">ting-</abbr></form>
<hom role=""n""><pos>n</pos>
<sense n=""0""><trans> <tr>dry season</tr>.†
</trans>
</sense></hom></entry></entry>");
INSERT INTO `wced_head` (entryid, head, normalized_head, type, pos) VALUES (152, "adlaw", "adlaw", "m", "n");
INSERT INTO `wced_head` (entryid, head, normalized_head, type, pos) VALUES (152, "pila ka adlaw", "pila ka adlaw", "s", "");
INSERT INTO `wced_head` (entryid, head, normalized_head, type, pos) VALUES (152, "adlaw sa minatay", "adlaw sa minatay", "s", "");
INSERT INTO `wced_head` (entryid, head, normalized_head, type, pos) VALUES (152, "Mahal nga adlaw", "mahal nga adlaw", "s", "v");
INSERT INTO `wced_head` (entryid, head, normalized_head, type, pos) VALUES (152, "adlaw-adlaw", "adlaw-adlaw", "s", "");
INSERT INTO `wced_head` (entryid, head, normalized_head, type, pos) VALUES (152, "adláwan", "adlawan", "s", "a");
INSERT INTO `wced_head` (entryid, head, normalized_head, type, pos) VALUES (152, "adlawan", "adlawan", "s", "n");
INSERT INTO `wced_head` (entryid, head, normalized_head, type, pos) VALUES (152, "inadlaw", "inadlaw", "s", "av");
INSERT INTO `wced_head` (entryid, head, normalized_head, type, pos) VALUES (152, "inadláwan", "inadlawan", "s", "n");
INSERT INTO `wced_head` (entryid, head, normalized_head, type, pos) VALUES (152, "kaadláwan", "kaadlawan", "s", "n");
INSERT INTO `wced_head` (entryid, head, normalized_head, type, pos) VALUES (152, "kaadláwun", "kaadlawun", "s", "n");
INSERT INTO `wced_head` (entryid, head, normalized_head, type, pos) VALUES (152, "pang-adlaw", "pang-adlaw", "s", "n");
INSERT INTO `wced_head` (entryid, head, normalized_head, type, pos) VALUES (152, "talaadlawan", "talaadlawan", "s", "n");
INSERT INTO `wced_head` (entryid, head, normalized_head, type, pos) VALUES (152, "tiadlaw", "tiadlaw", "s", "a");
INSERT INTO `wced_head` (entryid, head, normalized_head, type, pos) VALUES (152, "ting-adlaw", "ting-adlaw", "s", "n");
INSERT INTO `wced_translation` (entryid, translation) VALUES (152, "sun");
INSERT INTO `wced_translation` (entryid, translation) VALUES (152, "day");
INSERT INTO `wced_translation` (entryid, translation) VALUES (152, "birthday");
INSERT INTO `wced_translation` (entryid, translation) VALUES (152, "All Soul’s Day");
INSERT INTO `wced_translation` (entryid, translation) VALUES (152, "Holy Week");
INSERT INTO `wced_translation` (entryid, translation) VALUES (152, "daily");
INSERT INTO `wced_translation` (entryid, translation) VALUES (152, "lukewarm");
INSERT INTO `wced_translation` (entryid, translation) VALUES (152, "birthday present");
INSERT INTO `wced_translation` (entryid, translation) VALUES (152, "dawn");
INSERT INTO `wced_translation` (entryid, translation) VALUES (152, "diary");
INSERT INTO `wced_translation` (entryid, translation) VALUES (152, "sunny");
INSERT INTO `wced_translation` (entryid, translation) VALUES (152, "dry season");
INSERT INTO `wced_entry` VALUES (153, "adlib2, adlip1", "9", "<entry page=""9"" id=""153""><form id=""adlib2_adlip"" lang=""ceb"">adlib<sub>2</sub>, adlip<sub>1</sub></form>
<hom>
<sense n=""0""><trans> <tr>ad lib</tr> in music. </trans>
</sense></hom>
<hom role=""v""><pos>v</pos>
<sense n=""0""> <itype>[A; b6(1)]</itype><trans> perform music ad lib.
</trans>
</sense></hom></entry>");
INSERT INTO `wced_head` (entryid, head, normalized_head, type, pos) VALUES (153, "adlib", "adlib", "s", "v");
INSERT INTO `wced_head` (entryid, head, normalized_head, type, pos) VALUES (153, "adlip", "adlip", "s", "v");
INSERT INTO `wced_translation` (entryid, translation) VALUES (153, "ad lib");
INSERT INTO `wced_entry` VALUES (154, "adlip2", "9", "<entry page=""9"" id=""154""><form id=""adlip2"" lang=""ceb"">adlip<sub>2</sub></form>
<hom role=""v""><pos>v</pos>
<sense n=""0""> <itype>[A; ab27]</itype><trans> <tr>slice</tr> into long pieces. </trans>
<eg><i lang=""ceb"">Adlípa ang mangga sa makatulu,</i><trans> Slice the mango into three pieces. </trans></eg>
<eg><i lang=""ceb"">Hiadlipan ákung tudlù,</i><trans> My finger got cut as I was slicing s.t. </trans></eg>
</sense></hom>
<hom role=""n""><pos>n</pos>
<sense n=""0""><trans> <tr>slice</tr>.
</trans>
</sense></hom></entry>");
INSERT INTO `wced_head` (entryid, head, normalized_head, type, pos) VALUES (154, "adlip", "adlip", "s", "vn");
INSERT INTO `wced_translation` (entryid, translation) VALUES (154, "slice");
INSERT INTO `wced_entry` VALUES (155, "adlu", "9", "<entry page=""9"" id=""155""><form id=""adluq"" lang=""ceb"">adlù</form>
<hom role=""n""><pos>n</pos>
<sense n=""0""><trans> k.o. fish.
</trans>
</sense></hom></entry>");
INSERT INTO `wced_head` (entryid, head, normalized_head, type, pos) VALUES (155, "adlù", "adlu", "m", "n");
INSERT INTO `wced_entry` VALUES (156, "administradur", "9", "<entry page=""9"" id=""156""><form id=""administradur"" lang=""ceb"">administradur</form>
<hom role=""n""><pos>n</pos>
<sense n=""1""><number>1</number><trans> <tr>administrator</tr> of an estate. </trans>
</sense>
<sense n=""2""><number>2</number><trans> <tr>head</tr> of a government agency. </trans>
</sense></hom>
<hom role=""v""><pos>v</pos>
<sense n=""0""> <itype>[A; a2]</itype><trans> be an administrator.
</trans>
</sense></hom></entry>");
INSERT INTO `wced_head` (entryid, head, normalized_head, type, pos) VALUES (156, "administradur", "administradur", "m", "nv");
INSERT INTO `wced_translation` (entryid, translation) VALUES (156, "administrator");
INSERT INTO `wced_translation` (entryid, translation) VALUES (156, "head");
INSERT INTO `wced_entry` VALUES (157, "administrasiyun", "9", "<entry page=""9"" id=""157""><form id=""administrasiyun"" lang=""ceb"">administrasiyun</form>
<hom role=""n""><pos>n</pos>
<sense n=""0""><trans> the <tr>administration</tr> incumbent at a certain period. </trans>
<eg><i lang=""ceb"">Sa administrasiyun ni Garsíya,</i><trans> During Garcia’s administration.
</trans></eg>
</sense></hom></entry>");
INSERT INTO `wced_head` (entryid, head, normalized_head, type, pos) VALUES (157, "administrasiyun", "administrasiyun", "m", "n");
INSERT INTO `wced_translation` (entryid, translation) VALUES (157, "administration");
INSERT INTO `wced_entry` VALUES (158, "administratibu", "9", "<entry page=""9"" id=""158""><form id=""administratixbu"" lang=""ceb"">administratíbu</form>
<hom role=""n""><pos>n</pos>
<sense n=""0""><trans> <tr>administrative</tr>.
</trans>
</sense></hom></entry>");
INSERT INTO `wced_head` (entryid, head, normalized_head, type, pos) VALUES (158, "administratíbu", "administratibu", "m", "n");
INSERT INTO `wced_translation` (entryid, translation) VALUES (158, "administrative");
INSERT INTO `wced_entry` VALUES (159, "admirar", "9", "<entry page=""9"" id=""159""><form id=""admirar"" lang=""ceb"">admirar</form>
<hom role=""v""><pos>v</pos>
<sense n=""0""> <itype>[A; b]</itype><trans> <tr>admire</tr>. </trans>
<eg><i lang=""ceb"">Ug buhátun nà nímu, admirahan ka giyud,</i><trans> If you do that, people will admire you for it.†
</trans></eg>
</sense></hom></entry>");
INSERT INTO `wced_head` (entryid, head, normalized_head, type, pos) VALUES (159, "admirar", "admirar", "m", "v");
INSERT INTO `wced_translation` (entryid, translation) VALUES (159, "admire");
INSERT INTO `wced_entry` VALUES (160, "admisiyun", "9", "<entry page=""9"" id=""160""><form id=""admisiyun"" lang=""ceb"">admisiyun</form>
<hom role=""n""><pos>n</pos>
<sense n=""1""><number>1</number><trans> general <tr>admission</tr> section in a theater or stadium. </trans>
</sense>
<sense n=""2""><number>2</number><trans> cost of admission in a theater or stadium. </trans>
</sense>
<sense n=""3""><number>3</number><trans> admission slip to an exam.
</trans>
</sense></hom></entry>");
INSERT INTO `wced_head` (entryid, head, normalized_head, type, pos) VALUES (160, "admisiyun", "admisiyun", "m", "n");
INSERT INTO `wced_translation` (entryid, translation) VALUES (160, "admission");
INSERT INTO `wced_entry` VALUES (161, "admitar", "9", "<entry page=""9"" id=""161""><form id=""admitar"" lang=""ceb"">admitar</form>
<hom role=""v""><pos>v</pos>
<sense n=""1""><number>1</number> <itype>[A; b(1)]</itype><trans> <tr>admit</tr>, <tr>concede</tr> a point. </trans>
<eg><i lang=""ceb"">Admitahi lang nà,</i><trans> Just admit it. </trans></eg>
</sense>
<sense n=""2""><number>2</number> <itype>[A; a12]</itype><trans> admit to a hospital.
</trans>
</sense></hom></entry>");
INSERT INTO `wced_head` (entryid, head, normalized_head, type, pos) VALUES (161, "admitar", "admitar", "m", "v");
INSERT INTO `wced_translation` (entryid, translation) VALUES (161, "admit");
INSERT INTO `wced_translation` (entryid, translation) VALUES (161, "concede");
INSERT INTO `wced_entry` VALUES (162, "admitidu", "9", "<entry page=""9"" id=""162""><form id=""admitixdu"" lang=""ceb"">admitídu</form>
<hom role=""n""><pos>n</pos>
<sense n=""0""><trans> one who has conceded a point, admitted s.t. </trans>
<eg><i lang=""ceb"">Admitídu siya nga siya nakadawat <pb n=""10""/>sa sulat,</i><trans> He admits that he has received the letter.
</trans></eg>
</sense></hom></entry>");
INSERT INTO `wced_head` (entryid, head, normalized_head, type, pos) VALUES (162, "admitídu", "admitidu", "m", "n");
INSERT INTO `wced_entry` VALUES (163, "admitir", "10", "<entry page=""10"" id=""163""><form id=""admitir"" lang=""ceb"">admitir</form>
<hom>
<sense n=""0""><trans> = <xr lang=""ceb"" target=""#admitar""><sc>admitar</sc></xr>.
</trans>
</sense></hom></entry>");
INSERT INTO `wced_head` (entryid, head, normalized_head, type, pos) VALUES (163, "admitir", "admitir", "m", "");
INSERT INTO `wced_entry` VALUES (164, "adngan", "10", "<entry page=""10"" id=""164""><form id=""adngan"" lang=""ceb"">adngan</form>
<hom role=""n""><pos>n</pos>
<sense n=""0""><trans> k.o. small fish.
</trans>
</sense></hom></entry>");
INSERT INTO `wced_head` (entryid, head, normalized_head, type, pos) VALUES (164, "adngan", "adngan", "m", "n");
INSERT INTO `wced_entry` VALUES (165, "adpan", "10", "<entry page=""10"" id=""165""><form id=""adpan"" lang=""ceb"">adpan</form>
<hom role=""v""><pos>v</pos>
<sense n=""0""> <itype>[B1; a4]</itype><trans> be slightly <tr>scorched</tr> to the point of being discolored. </trans>
<eg><i lang=""ceb"">Naadpan (giadpan) ang ákung pánit,</i><trans> My skin became <tr>tanned</tr>. </trans></eg>
</sense></hom>
<entry><form id=""adpanan"" lang=""ceb""><abbr expan=""adpanan"" type=""lemma"">-an</abbr></form>
<hom role=""a""><pos>a</pos>
<sense n=""0""><trans> tending to get easily tanned.
</trans>
</sense></hom></entry></entry>");
INSERT INTO `wced_head` (entryid, head, normalized_head, type, pos) VALUES (165, "adpan", "adpan", "m", "v");
INSERT INTO `wced_head` (entryid, head, normalized_head, type, pos) VALUES (165, "adpanan", "adpanan", "s", "a");
INSERT INTO `wced_translation` (entryid, translation) VALUES (165, "scorched");
INSERT INTO `wced_translation` (entryid, translation) VALUES (165, "tanned");
INSERT INTO `wced_entry` VALUES (166, "adris", "10", "<entry page=""10"" id=""166""><form id=""adris"" lang=""ceb"">adris</form>
<hom role=""n""><pos>n</pos>
<sense n=""0""><trans> <tr>address</tr>. </trans>
</sense></hom>
<entry><form id=""way_adris"" lang=""ceb"">way <abbr expan=""adris"" type=""lemma"">—</abbr></form>
<hom role=""n""><pos>n</pos>
<sense n=""0""><trans> tough guy, police character (lit. one who does not have an established residence). </trans>
<eg><i lang=""ceb"">Ikaw nga maistru makigbúnù ánang way adris,</i><trans> You, a teacher, want to fight with that police character? </trans></eg>
</sense></hom>
<hom role=""v""><pos>v</pos>
<sense n=""0""> <itype>[A; c]</itype><trans> write an address. </trans>
<eg><i lang=""ceb"">Unsay ákung iadris sa suwat?</i><trans> What address shall I put on the letter?
</trans></eg>
</sense></hom></entry></entry>");
INSERT INTO `wced_head` (entryid, head, normalized_head, type, pos) VALUES (166, "adris", "adris", "m", "n");
INSERT INTO `wced_head` (entryid, head, normalized_head, type, pos) VALUES (166, "way adris", "way adris", "s", "nv");
INSERT INTO `wced_translation` (entryid, translation) VALUES (166, "address");
INSERT INTO `wced_entry` VALUES (167, "adtu1", "10", "<entry page=""10"" id=""167""><form id=""adtu"" lang=""ceb"">adtu<sub>1</sub></form>
<hom>
<sense n=""1""><number>1</number><trans> <tr>there</tr> (far away, future). </trans>
<eg><i lang=""ceb"">Adtu ku higdà sa íla,</i><trans> I will sleep there at their house. </trans></eg>
</sense>
<sense n=""2""><number>2</number><trans> will go s.w. far. </trans>
<eg><i lang=""ceb"">Adtu ku sa Karbun,</i><trans> I’m going to the market. </trans></eg>
</sense>
<sense n=""3""><number>3</number><trans> there he (she, etc.) goes doing it (although he shouldn’t be). </trans>
<eg><i lang=""ceb"">Adtu nanghambug na sad,</i><trans> There he goes again, showing off. </trans></eg>
</sense></hom>
<hom role=""v""><pos>v</pos>
<sense n=""1""><number>1</number> <itype>[A2; b3c]</itype><trans> go, bring to a place. </trans>
<eg><i lang=""ceb"">Nakaadtu na ku didtu kas-a,</i><trans> I went there once. </trans></eg>
<eg><i lang=""ceb"">Unsa mang lugára ang giadtúan ninyu?</i><trans> What place did you go to? </trans></eg>
<eg><i lang=""ceb"">Iadtu kini ngadtu sa íla,</i><trans> Go bring this to their house. </trans></eg>
</sense>
<sense n=""2""><number>2</number> <itype>[A13; a2]</itype><trans> go get s.t. </trans>
<eg><i lang=""ceb"">Ikaw bay nag-adtu kang Pidru arun paanhíun siya?</i><trans> Were you the one who went to Pedro’s to tell him to come? </trans></eg>
<eg><i lang=""ceb"">Ug dì ka manáug ánang kahúya adtúun tika,</i><trans> If you do not come down from that tree, I’ll come up after you. </trans></eg>
</sense></hom>
<entry><form id=""hiadtu_haadtu"" lang=""ceb""><abbr expan=""hiadtu"" type=""lemma"">hi-</abbr>/<abbr expan=""haadtu"" type=""lemma"">ha-</abbr></form>
<hom role=""v""><pos>v</pos>
<sense n=""0""> <itype>[B1256; b6]</itype><trans> happen to go. </trans>
<eg><i lang=""ceb"">Diyútay ra kaáyu ang mahiadtu sa mga táwu,</i><trans> A very small amount seeps down to the people. </trans></eg>
</sense></hom></entry>
<entry><form id=""adtuan"" lang=""ceb"">adtuan</form>
<hom role=""v""><pos>v</pos>
<sense n=""0""> <itype>[A13]</itype><trans> <tr>always go</tr> s.w. </trans>
<eg><i lang=""ceb"">Mag-adtuan ku sa íla káda buntag,</i><trans> I always go see them every morning. </trans></eg>
</sense></hom></entry>
<entry><form id=""adtuuxnun_aladtuxun"" lang=""ceb"">adtuúnun, aladtúun</form>
<hom role=""n""><pos>n</pos>
<sense n=""0""><trans> things one has to get. </trans>
</sense></hom>
<hom role=""a""><pos>a</pos>
<sense n=""0""><trans> hard to get to. </trans>
<eg><i lang=""ceb"">Dì ku muadtu sa inyu kay aladtúun kaáyu,</i><trans> I won’t go to your place because it is hard to get to. </trans></eg>
</sense></hom></entry>
<entry><form id=""umaadtuxay_umaadtu"" lang=""ceb"">umaadtúay, umaadtu</form>
<hom role=""n""><pos>n</pos>
<sense n=""0""><trans> about to go. </trans>
</sense></hom></entry>
<entry><form id=""kaadtuun"" lang=""ceb"">kaadtuun</form>
<hom role=""a""><pos>a</pos>
<sense n=""0""><trans> feel very much like going s.w.
</trans>
</sense></hom></entry></entry>");
INSERT INTO `wced_head` (entryid, head, normalized_head, type, pos) VALUES (167, "adtu", "adtu", "s", "v");
INSERT INTO `wced_head` (entryid, head, normalized_head, type, pos) VALUES (167, "hiadtu", "hiadtu", "s", "v");
INSERT INTO `wced_head` (entryid, head, normalized_head, type, pos) VALUES (167, "haadtu", "haadtu", "s", "v");
INSERT INTO `wced_head` (entryid, head, normalized_head, type, pos) VALUES (167, "adtuan", "adtuan", "s", "v");
INSERT INTO `wced_head` (entryid, head, normalized_head, type, pos) VALUES (167, "adtuúnun", "adtuunun", "s", "na");
INSERT INTO `wced_head` (entryid, head, normalized_head, type, pos) VALUES (167, "aladtúun", "aladtuun", "s", "na");
INSERT INTO `wced_head` (entryid, head, normalized_head, type, pos) VALUES (167, "umaadtúay", "umaadtuay", "s", "n");
INSERT INTO `wced_head` (entryid, head, normalized_head, type, pos) VALUES (167, "umaadtu", "umaadtu", "s", "n");
INSERT INTO `wced_head` (entryid, head, normalized_head, type, pos) VALUES (167, "kaadtuun", "kaadtuun", "s", "a");
INSERT INTO `wced_translation` (entryid, translation) VALUES (167, "there");
INSERT INTO `wced_translation` (entryid, translation) VALUES (167, "always go");
INSERT INTO `wced_entry` VALUES (168, "adtu2", "10", "<entry page=""10"" id=""168""><form id=""adtu2"" lang=""ceb"">adtu<sub>2</sub></form>
<hom>
<sense n=""1""><number>1</number><trans> short for <xr lang=""ceb"" target=""#niadtu""><sc>niadtu</sc></xr>. </trans>
</sense>
<sense n=""2""><number>2</number><trans> short for <xr lang=""ceb"" target=""#kaniadtu""><sc>kaniadtu</sc></xr>. </trans>
</sense>
<sense n=""3""><number>3</number><trans> = <xr lang=""ceb"" target=""#kadtu""><sc>kadtu</sc></xr> (dialectal).
</trans>
</sense></hom></entry>");
INSERT INTO `wced_head` (entryid, head, normalized_head, type, pos) VALUES (168, "adtu", "adtu", "s", "");
INSERT INTO `wced_entry` VALUES (169, "adtut", "10", "<entry page=""10"" id=""169""><form id=""adtut"" lang=""ceb"">adtut</form>
<hom>
<sense n=""0""><trans> = <xr lang=""ceb"" target=""#adtu""><sc>adtu</sc></xr> (colloquial).
</trans>
</sense></hom></entry>");
INSERT INTO `wced_head` (entryid, head, normalized_head, type, pos) VALUES (169, "adtut", "adtut", "m", "");
INSERT INTO `wced_entry` VALUES (170, "adubadu", "10", "<entry page=""10"" id=""170""><form id=""adubaxdu"" lang=""ceb"">adubádu</form>
<hom>
<sense n=""0""><trans> = <xr lang=""ceb"" target=""#adubaxwu""><sc>adubáwu</sc></xr>.
</trans>
</sense></hom></entry>");
INSERT INTO `wced_head` (entryid, head, normalized_head, type, pos) VALUES (170, "adubádu", "adubadu", "m", "");
INSERT INTO `wced_entry` VALUES (171, "adubawu1", "10", "<entry page=""10"" id=""171""><form id=""adubaxwu"" lang=""ceb"">adubáwu<sub>1</sub></form>
<hom role=""n""><pos>n</pos>
<sense n=""0""><trans> meat cooked in salt, vinegar with spices then fried, with fat or liquid leftover. </trans>
</sense></hom>
<hom role=""v""><pos>v</pos>
<sense n=""0""> <itype>[A; a]</itype><trans> cook <ix>adubáwu.</ix> </trans>
<eg><i lang=""ceb"">Átù lang adubawúhun ning bábuy,</i><trans> We’ll just make <ix>adubáwu</ix> out of this pork.
</trans></eg>
</sense></hom></entry>");
INSERT INTO `wced_head` (entryid, head, normalized_head, type, pos) VALUES (171, "adubáwu", "adubawu", "s", "nv");
INSERT INTO `wced_entry` VALUES (172, "adubawu2", "10", "<entry page=""10"" id=""172""><form id=""adubaxwu2"" lang=""ceb"">adubáwu<sub>2</sub></form>
<hom>
<sense n=""0""><trans> = <xr lang=""ceb"" target=""#kuxtil""><sc>kútil</sc></xr>, <ix>n</ix>, <ix>v1.</ix>
</trans>
</sense></hom></entry>");
INSERT INTO `wced_head` (entryid, head, normalized_head, type, pos) VALUES (172, "adubáwu", "adubawu", "s", "");
INSERT INTO `wced_entry` VALUES (173, "adubi", "10", "<entry page=""10"" id=""173""><form id=""aduxbi"" lang=""ceb"">adúbi</form>
<hom role=""n""><pos>n</pos>
<sense n=""0""><trans> <tr>adobe</tr>, bricks made of clay. </trans>
</sense></hom>
<hom role=""v""><pos>v</pos>
<sense n=""0""> <itype>[A; a12]</itype><trans> build s.t. with adobe.
</trans>
</sense></hom></entry>");
INSERT INTO `wced_head` (entryid, head, normalized_head, type, pos) VALUES (173, "adúbi", "adubi", "m", "nv");
INSERT INTO `wced_translation` (entryid, translation) VALUES (173, "adobe");
INSERT INTO `wced_entry` VALUES (174, "adubu", "10", "<entry page=""10"" id=""174""><form id=""aduxbu"" lang=""ceb"">adúbu</form>
<hom role=""n""><pos>n</pos>
<sense n=""0""><trans> meat fried in salt and vinegar. </trans>
</sense></hom>
<hom role=""v""><pos>v</pos>
<sense n=""0""> <itype>[A; a]</itype><trans> cook <ix>adúbu.</ix>
</trans>
</sense></hom></entry>");
INSERT INTO `wced_head` (entryid, head, normalized_head, type, pos) VALUES (174, "adúbu", "adubu", "m", "nv");
INSERT INTO `wced_entry` VALUES (175, "adul", "10", "<entry page=""10"" id=""175""><form id=""adul"" lang=""ceb"">adul</form>
<hom role=""a""><pos>a</pos>
<sense n=""0""><trans> mentally deficient. </trans>
<eg><i lang=""ceb"">Dì giyud kasabut ang adul bísag unsáug isplikar,</i><trans> No matter how you explain it to the imbecile, he will never understand.

</trans></eg>
</sense></hom></entry>");
INSERT INTO `wced_head` (entryid, head, normalized_head, type, pos) VALUES (175, "adul", "adul", "m", "a");
INSERT INTO `wced_entry` VALUES (176, "*adult", "10", "<entry page=""10"" id=""176""><form id=""xxadult"" lang=""ceb"">*adult</form>
<hom role=""n""><pos>n</pos></hom>
<entry><form id=""adult_idyukisyun"" lang=""ceb""><abbr expan=""adult"" type=""lemma"">—</abbr> idyukisyun</form>
<hom>
<sense n=""0""><trans> adult education.†
</trans>
</sense></hom></entry></entry>");
INSERT INTO `wced_head` (entryid, head, normalized_head, type, pos) VALUES (176, "adult", "adult", "s", "n");
INSERT INTO `wced_head` (entryid, head, normalized_head, type, pos) VALUES (176, "adult idyukisyun", "adult idyukisyun", "s", "");
INSERT INTO `wced_entry` VALUES (177, "adultiryu", "10", "<entry page=""10"" id=""177""><form id=""adultiryu"" lang=""ceb"">adultiryu</form>
<hom role=""n""><pos>n</pos>
<sense n=""0""><trans> <tr>adultery</tr>.
</trans>
</sense></hom></entry>");
INSERT INTO `wced_head` (entryid, head, normalized_head, type, pos) VALUES (177, "adultiryu", "adultiryu", "m", "n");
INSERT INTO `wced_translation` (entryid, translation) VALUES (177, "adultery");
INSERT INTO `wced_entry` VALUES (178, "ad-un", "10", "<entry page=""10"" id=""178""><form id=""ad-un"" lang=""ceb"">ad-un</form>
<hom>
<sense n=""0""><trans> = <xr lang=""ceb"" target=""#aduxna""><sc>adúna</sc></xr> (dialectal).
</trans>
</sense></hom></entry>");
INSERT INTO `wced_head` (entryid, head, normalized_head, type, pos) VALUES (178, "ad-un", "ad-un", "m", "");
INSERT INTO `wced_entry` VALUES (179, "aduna", "10", "<entry page=""10"" id=""179""><form id=""aduxna"" lang=""ceb"">adúna</form>
<hom>
<sense n=""0""> <ix>short form:</ix> <form id=""duxna"" lang=""ceb"">dúna</form><trans> there is, are, will be. </trans>
<eg><i lang=""ceb"">Dúnay libru sa lamísa,</i><trans> There is a book on the table. </trans></eg>
</sense></hom>
<entry><form id=""aduxnay_subject"" lang=""ceb""><abbr expan=""adúnay"" type=""lemma"">-y</abbr> <r>[<ix>subject</ix>]</r></form>
<hom>
<sense n=""0""><trans> [subject] has. </trans>
<eg><i lang=""ceb"">Dúnay libru si Huwan,</i><trans> John has a book. </trans></eg>
</sense></hom></entry>
<entry><form id=""pakaaduxna"" lang=""ceb""><abbr expan=""pakaadúna"" type=""lemma"">paka-</abbr></form>
<hom role=""v""><pos>v</pos>
<sense n=""0""> <itype>[A; a]</itype><trans> </trans>
</sense>
<sense n=""1""><number>1</number><trans> strive to have s.t. </trans>
<eg><i lang=""ceb"">Bisag wà kuy kwarta, pakaadunáhun giyud aku nímu,</i><trans> Even though I have no money, you want to force me to get some. </trans></eg>
</sense>
<sense n=""2""><number>2</number><trans> = <xr lang=""ceb"" target=""#pakaadunaxhan""><sc>pakaadunáhan</sc></xr>. </trans>
</sense></hom></entry>
<entry><form id=""adunaxhan"" lang=""ceb"">adunáhan</form>
<hom role=""a""><pos>a</pos>
<sense n=""0""><trans> wealthy. </trans>
<eg><i lang=""ceb"">Usa siya sa mga adunáhan sa ámung lungsud,</i><trans> He is one of the wealthy people in our town. </trans></eg>
</sense></hom></entry>
<entry><form id=""pakaadunaxhan"" lang=""ceb"">pakaadunáhan</form>
<hom role=""v""><pos>v</pos>
<sense n=""0""> <itype>[A13; a12]</itype><trans> pretend to be wealthy, consider to be wealthy. </trans>
<eg><i lang=""ceb"">Nagpakaadunáhan siya bisag way nahut,</i><trans> He pretends to be rich even though he hasn’t got a penny. </trans></eg>
<eg><i lang=""ceb"">Gipakaadunáhan ba aku nímu?</i><trans> Do you think I’m rich?
</trans></eg>
</sense></hom></entry></entry>");
INSERT INTO `wced_head` (entryid, head, normalized_head, type, pos) VALUES (179, "adúna", "aduna", "m", "");
INSERT INTO `wced_head` (entryid, head, normalized_head, type, pos) VALUES (179, "dúna", "duna", "s", "");
INSERT INTO `wced_head` (entryid, head, normalized_head, type, pos) VALUES (179, "adúnay [subject]", "adunay [subject]", "s", "");
INSERT INTO `wced_head` (entryid, head, normalized_head, type, pos) VALUES (179, "pakaadúna", "pakaaduna", "s", "v");
INSERT INTO `wced_head` (entryid, head, normalized_head, type, pos) VALUES (179, "adunáhan", "adunahan", "s", "a");
INSERT INTO `wced_head` (entryid, head, normalized_head, type, pos) VALUES (179, "pakaadunáhan", "pakaadunahan", "s", "v");
INSERT INTO `wced_entry` VALUES (180, "aduptar", "10", "<entry page=""10"" id=""180""><form id=""adupta4r"" lang=""ceb"">aduptǎr</form>
<hom role=""v""><pos>v</pos>
<sense n=""0""> <itype>[A; a12]</itype><trans> <tr>adopt</tr> a child.†
</trans>
</sense></hom></entry>");
INSERT INTO `wced_head` (entryid, head, normalized_head, type, pos) VALUES (180, "aduptǎr", "aduptar", "m", "v");
INSERT INTO `wced_translation` (entryid, translation) VALUES (180, "adopt");
INSERT INTO `wced_entry` VALUES (181, "adurnu", "10", "<entry page=""10"" id=""181""><form id=""adurnu"" lang=""ceb"">adurnu</form>
<hom role=""n""><pos>n</pos>
<sense n=""0""><trans> <tr>decoration</tr>. </trans>
</sense></hom>
<hom role=""v""><pos>v</pos>
<sense n=""0""> <itype>[A; c]</itype><trans> <tr>decorate</tr>. </trans>
<eg><i lang=""ceb"">Nindut kaáyu ang kapilya nga giadurnúhan ug búlak,</i><trans> The chapel was beautifully decorated with flowers. </trans></eg>
</sense></hom>
<entry><form id=""pangadurnu"" lang=""ceb""><abbr expan=""pangadurnu"" type=""lemma"">paN-</abbr></form>
<hom role=""v""><pos>v</pos>
<sense n=""0""> <itype>[A2]</itype><trans> make oneself up, put on s.t. special. </trans>
<eg><i lang=""ceb"">Nangadurnu ang mga dalága,</i><trans> The girls are getting themselves all fixed up.
</trans></eg>
</sense></hom></entry></entry>");
INSERT INTO `wced_head` (entryid, head, normalized_head, type, pos) VALUES (181, "adurnu", "adurnu", "m", "nv");
INSERT INTO `wced_head` (entryid, head, normalized_head, type, pos) VALUES (181, "pangadurnu", "pangadurnu", "s", "v");
INSERT INTO `wced_translation` (entryid, translation) VALUES (181, "decoration");
INSERT INTO `wced_translation` (entryid, translation) VALUES (181, "decorate");
INSERT INTO `wced_entry` VALUES (182, "adwana", "10", "<entry page=""10"" id=""182""><form id=""adwaxna"" lang=""ceb"">adwána</form>
<hom role=""n""><pos>n</pos>
<sense n=""0""><trans> <tr>customs</tr>.†
</trans>
</sense></hom></entry>");
INSERT INTO `wced_head` (entryid, head, normalized_head, type, pos) VALUES (182, "adwána", "adwana", "m", "n");
INSERT INTO `wced_translation` (entryid, translation) VALUES (182, "customs");
INSERT INTO `wced_entry` VALUES (183, "*adya", "10", "<entry page=""10"" id=""183""><form id=""xxadyaq"" lang=""ceb"">*adyà</form>
<entry><form id=""adyaan"" lang=""ceb""><abbr expan=""adyaan"" type=""lemma"">-an</abbr></form>
<hom role=""a""><pos>a</pos>
<sense n=""0""><trans> selective, <tr>choosy</tr>. </trans>
<eg><i lang=""ceb"">Adyaan man gud nang bayhána; mau nga wà maminyù,</i><trans> That woman is choosy; that is why she did not get married. </trans></eg>
</sense></hom>
<hom role=""v""><pos>v</pos>
<sense n=""0""> <itype>[B12]</itype><trans> become choosy.
</trans>
</sense></hom></entry></entry>");
INSERT INTO `wced_head` (entryid, head, normalized_head, type, pos) VALUES (183, "adyà", "adya", "s", "");
INSERT INTO `wced_head` (entryid, head, normalized_head, type, pos) VALUES (183, "adyaan", "adyaan", "s", "av");
INSERT INTO `wced_translation` (entryid, translation) VALUES (183, "choosy");
INSERT INTO `wced_entry` VALUES (184, "adyaks", "10", "<entry page=""10"" id=""184""><form id=""adyaks"" lang=""ceb"">adyaks</form>
<hom role=""n""><pos>n</pos>
<sense n=""1""><number>1</number><trans> a brand name for a dish cleanser. </trans>
</sense>
<sense n=""2""><number>2</number><trans> prostitute (slang).
</trans>
</sense></hom></entry>");
INSERT INTO `wced_head` (entryid, head, normalized_head, type, pos) VALUES (184, "adyaks", "adyaks", "m", "n");
INSERT INTO `wced_entry` VALUES (185, "adyas", "10", "<entry page=""10"" id=""185""><form id=""adyas"" lang=""ceb"">adyas</form>
<hom role=""v""><pos>v</pos>
<sense n=""0""> <itype>[A; c]</itype><trans> put at a specific setting, <tr>adjust</tr>. </trans>
<eg><i lang=""ceb"">Ákung adyasun (iadyas) ang pabílu sa sugà,</i><trans> I’ll adjust the lamp wick.
</trans></eg>
</sense></hom></entry>");
INSERT INTO `wced_head` (entryid, head, normalized_head, type, pos) VALUES (185, "adyas", "adyas", "m", "v");
INSERT INTO `wced_translation` (entryid, translation) VALUES (185, "adjust");
INSERT INTO `wced_entry` VALUES (186, "adyinda", "10", "<entry page=""10"" id=""186""><form id=""adyinda"" lang=""ceb"">adyinda</form>
<hom role=""n""><pos>n</pos>
<sense n=""0""><trans> <tr>agenda</tr>. </trans>
</sense></hom>
<hom role=""v""><pos>v</pos>
<sense n=""0""> <itype>[A; c]</itype><trans> put on the agenda. </trans>
<eg><i lang=""ceb"">Iadyinda nà sa sunud míting,</i><trans> Put that in the agenda for the next meeting.
</trans></eg>
</sense></hom></entry>");
INSERT INTO `wced_head` (entryid, head, normalized_head, type, pos) VALUES (186, "adyinda", "adyinda", "m", "nv");
INSERT INTO `wced_translation` (entryid, translation) VALUES (186, "agenda");
INSERT INTO `wced_entry` VALUES (187, "adyinumutu", "10", "<entry page=""10"" id=""187""><form id=""adyinumuxtu"" lang=""ceb"">adyinumútu</form>
<hom role=""n""><pos>n</pos>
<sense n=""0""><trans> brand of monosodium glutamate. </trans>
</sense></hom>
<hom role=""v""><pos>v</pos>
<sense n=""0""> <itype>[A; bc]</itype><trans> cook with Ajinomoto.
</trans>
</sense></hom></entry>");
INSERT INTO `wced_head` (entryid, head, normalized_head, type, pos) VALUES (187, "adyinumútu", "adyinumutu", "m", "nv");
INSERT INTO `wced_entry` VALUES (188, "ag", "10", "<entry page=""10"" id=""188""><form id=""ag"" lang=""ceb"">ag</form>
<hom>
<sense n=""0""> <ix>short form:</ix> <form id=""g"" lang=""ceb"">g</form><trans> subject marker for specific or past time subject (dialectal). </trans>
<eg><i lang=""ceb"">Ag táwung gibukbuk sa buguy namatay ganíha,</i><trans> The man that was mauled by the ruffian died a while ago. </trans></eg>
</sense></hom>
<entry><form id=""ag_sa"" lang=""ceb""><abbr expan=""ag"" type=""lemma"">—</abbr> sa</form>
<hom>
<sense n=""0""><trans> past time substitute for <ix>sa.</ix> </trans>
<eg><i lang=""ceb"">Pwirting uwánga ag sa irù,</i><trans> My, how that dog barked.
</trans></eg>
</sense></hom></entry></entry>");
INSERT INTO `wced_head` (entryid, head, normalized_head, type, pos) VALUES (188, "ag", "ag", "m", "");
INSERT INTO `wced_head` (entryid, head, normalized_head, type, pos) VALUES (188, "g", "g", "s", "");
INSERT INTO `wced_head` (entryid, head, normalized_head, type, pos) VALUES (188, "ag sa", "ag sa", "s", "");
INSERT INTO `wced_entry` VALUES (189, "agaab", "10", "<entry page=""10"" id=""189""><form id=""agaab"" lang=""ceb"">agaab</form>
<hom role=""v""><pos>v</pos>
<sense n=""0""> <itype>[A2; b3]</itype><trans> cry out loudly. </trans>
<eg><i lang=""ceb"">Miagaab ang bátà kay giilúgan sa íyang duláan,</i><trans> The child cried loudly when his toys were <pb n=""11""/>snatched away.
</trans></eg>
</sense></hom></entry>");
INSERT INTO `wced_head` (entryid, head, normalized_head, type, pos) VALUES (189, "agaab", "agaab", "m", "v");
INSERT INTO `wced_entry` VALUES (190, "agaak", "11", "<entry page=""11"" id=""190""><form id=""agaxak"" lang=""ceb"">agáak</form>
<hom>
<sense n=""0""><trans> = <xr lang=""ceb"" target=""#akaxak""><sc>akáak</sc></xr>.

</trans>
</sense></hom></entry>");
INSERT INTO `wced_head` (entryid, head, normalized_head, type, pos) VALUES (190, "agáak", "agaak", "m", "");
INSERT INTO `wced_entry` VALUES (191, "*agad", "11", "<entry page=""11"" id=""191""><form id=""xxagad"" lang=""ceb"">*agad</form>
<entry><form id=""agad_ug_y"" lang=""ceb""><abbr expan=""agad"" type=""lemma"">—</abbr> ug, y</form>
<hom>
<sense n=""0""><trans> it would be a good thing if such-and-such were the case. </trans>
<eg><i lang=""ceb"">Agad pag magtuun ka imbis magdúlà,</i><trans> It would be better for you to study instead of playing. </trans></eg>
<eg><i lang=""ceb"">Agad pa untay nagduktur ka sa kaping mag-abugádu,</i><trans> It would have been nice if you had become a doctor instead of a lawyer. </trans></eg>
</sense></hom></entry>
<entry><form id=""agad_nga"" lang=""ceb""><abbr expan=""agad"" type=""lemma"">—</abbr> nga</form>
<hom>
<sense n=""0""><trans> it was good enough as it was before a change took place. </trans>
<eg><i lang=""ceb"">Agad siyang natúlug, ngánu pa mang ímung gipúkaw?</i><trans> He was doing all right sleeping. What did you have to go and wake him up for?
</trans></eg>
</sense></hom></entry></entry>");
INSERT INTO `wced_head` (entryid, head, normalized_head, type, pos) VALUES (191, "agad", "agad", "s", "");
INSERT INTO `wced_head` (entryid, head, normalized_head, type, pos) VALUES (191, "agad ug", "agad ug", "s", "");
INSERT INTO `wced_head` (entryid, head, normalized_head, type, pos) VALUES (191, "y", "y", "s", "");
INSERT INTO `wced_head` (entryid, head, normalized_head, type, pos) VALUES (191, "agad nga", "agad nga", "s", "");
INSERT INTO `wced_entry` VALUES (192, "agad", "11", "<entry page=""11"" id=""192""><form id=""axgad"" lang=""ceb"">ágad</form>
<hom>
<sense n=""0""><trans> = <xr lang=""ceb"" target=""#alaxgad""><sc>alágad</sc></xr>. </trans>
</sense></hom>
<entry><form id=""pangaxgad"" lang=""ceb""><abbr expan=""pangágad"" type=""lemma"">paN-</abbr></form>
<hom role=""v""><pos>v</pos>
<sense n=""0""> <itype>[A2; b6]</itype><trans> for a prospective bridegroom to stay in the girl’s place just prior to the marriage ceremony in order to serve the family. </trans>
<eg><i lang=""ceb"">Pangagáran úsà nímu ang ginikánan arun kauyúnan ka níla,</i><trans> You serve the girl’s parents so that they will come to like you. </trans></eg>
</sense></hom></entry>
<entry><form id=""umagad"" lang=""ceb""><abbr expan=""umagad"" type=""lemma"">-um-</abbr></form>
<hom role=""n""><pos>n</pos>
<sense n=""0""><trans> <tr>son-in-law</tr>. </trans>
</sense></hom>
<hom role=""v""><pos>v</pos>
<sense n=""0""> <itype>[A23S; a12]</itype><trans> take as a son-in-law. </trans>
</sense></hom></entry>
<entry><form id=""umagarun"" lang=""ceb"">umagarun</form>
<hom role=""n""><pos>n</pos>
<sense n=""0""><trans> prospective son-in-law.
</trans>
</sense></hom></entry></entry>");
INSERT INTO `wced_head` (entryid, head, normalized_head, type, pos) VALUES (192, "ágad", "agad", "m", "");
INSERT INTO `wced_head` (entryid, head, normalized_head, type, pos) VALUES (192, "pangágad", "pangagad", "s", "v");
INSERT INTO `wced_head` (entryid, head, normalized_head, type, pos) VALUES (192, "umagad", "umagad", "s", "nv");
INSERT INTO `wced_head` (entryid, head, normalized_head, type, pos) VALUES (192, "umagarun", "umagarun", "s", "n");
INSERT INTO `wced_translation` (entryid, translation) VALUES (192, "son-in-law");
INSERT INTO `wced_entry` VALUES (193, "agad-ad1", "11", "<entry page=""11"" id=""193""><form id=""agad-ad"" lang=""ceb"">agad-ad<sub>1</sub></form>
<hom role=""a""><pos>a</pos>
<sense n=""0""><trans> slightly <tr>rubbery</tr>, but soft to chew. </trans>
<eg><i lang=""ceb"">Ang alud-ud sa manuk agad-ad kaúnun,</i><trans> Chicken cartilage is soft to chew.
</trans></eg>
</sense></hom></entry>");
INSERT INTO `wced_head` (entryid, head, normalized_head, type, pos) VALUES (193, "agad-ad", "agad-ad", "s", "a");
INSERT INTO `wced_translation` (entryid, translation) VALUES (193, "rubbery");
INSERT INTO `wced_entry` VALUES (194, "agad-ad2", "11", "<entry page=""11"" id=""194""><form id=""agad-ad2"" lang=""ceb"">agad-ad<sub>2</sub></form>
<hom role=""v""><pos>v</pos>
<sense n=""0""> <itype>[A]</itype><trans> <tr>grunt</tr> contentedly. </trans>
<eg><i lang=""ceb"">Muagad-ad ang anay ug magpasúsu sa íyang mga baktin,</i><trans> A sow grunts when nursing its litter. </trans></eg>
</sense></hom>
<hom role=""n""><pos>n</pos>
<sense n=""0""><trans> prolonged grunt of contentment emitted by pigs.
</trans>
</sense></hom></entry>");
INSERT INTO `wced_head` (entryid, head, normalized_head, type, pos) VALUES (194, "agad-ad", "agad-ad", "s", "vn");
INSERT INTO `wced_translation` (entryid, translation) VALUES (194, "grunt");
INSERT INTO `wced_entry` VALUES (195, "ag-ag", "11", "<entry page=""11"" id=""195""><form id=""ag-ag"" lang=""ceb"">ag-ag</form>
<hom>
<sense n=""0""><trans> = <xr lang=""ceb"" target=""#alag-ag""><sc>alag-ag</sc></xr>.
</trans>
</sense></hom></entry>");
INSERT INTO `wced_head` (entryid, head, normalized_head, type, pos) VALUES (195, "ag-ag", "ag-ag", "m", "");
INSERT INTO `wced_entry` VALUES (196, "*agagang", "11", "<entry page=""11"" id=""196""><form id=""xxagagang"" lang=""ceb"">*agagang</form>
<entry><form id=""hiagang_haagang"" lang=""ceb""><abbr expan=""hiagang"" type=""lemma"">hi-</abbr>/<abbr expan=""haagang"" type=""lemma"">ha-</abbr></form>
<hom role=""v""><pos>v</pos>
<sense n=""0""> <itype>[B1256]</itype><trans> <tr>hesitate</tr> doing s.t. due to indecision or confusion. </trans>
<eg><i lang=""ceb"">Nahiagagang siya pagdáwat sa rigálu,</i><trans> She hesitated before accepting the present.
</trans></eg>
</sense></hom></entry></entry>");
INSERT INTO `wced_head` (entryid, head, normalized_head, type, pos) VALUES (196, "agagang", "agagang", "s", "");
INSERT INTO `wced_head` (entryid, head, normalized_head, type, pos) VALUES (196, "hiagang", "hiagang", "s", "v");
INSERT INTO `wced_head` (entryid, head, normalized_head, type, pos) VALUES (196, "haagang", "haagang", "s", "v");
INSERT INTO `wced_translation` (entryid, translation) VALUES (196, "hesitate");
INSERT INTO `wced_entry` VALUES (197, "agahad", "11", "<entry page=""11"" id=""197""><form id=""agaxhad"" lang=""ceb"">agáhad</form>
<hom role=""v""><pos>v</pos>
<sense n=""0""> <itype>[A; b6]</itype><trans> clear one’s throat. </trans>
<eg><i lang=""ceb"">Miagáhad siya, unyà nangluwà,</i><trans> He cleared his throat, then spat. </trans></eg>
</sense></hom>
<hom role=""n""><pos>n</pos>
<sense n=""0""><trans> action of clearing the throat.
</trans>
</sense></hom></entry>");
INSERT INTO `wced_head` (entryid, head, normalized_head, type, pos) VALUES (197, "agáhad", "agahad", "m", "vn");
INSERT INTO `wced_entry` VALUES (198, "agak", "11", "<entry page=""11"" id=""198""><form id=""axgak"" lang=""ceb"">ágak</form>
<hom role=""v""><pos>v</pos>
<sense n=""1""><number>1</number> <itype>[A; a12]</itype><trans> give the hand to lead or lend <tr>support</tr>. </trans>
<eg><i lang=""ceb"">Akù siyang agákun tapun sa karsáda,</i><trans> I’ll help him cross the street. </trans></eg>
</sense>
<sense n=""2""><number>2</number> <itype>[A; a12]</itype><trans> <tr>guide</tr> s.o. in moral principles. </trans>
<eg><i lang=""ceb"">Kitang mga hamtung angayang muágak sa mga batan-un,</i><trans> We older folks should guide the younger generation. </trans></eg>
</sense></hom>
<entry><form id=""agakay"" lang=""ceb""><abbr expan=""agakay"" type=""lemma"">-ay</abbr></form>
<hom>
<sense n=""0""><trans> = <xr lang=""ceb"" target=""#axgak""><sc>ágak</sc></xr>. </trans>
</sense></hom></entry>
<entry><form id=""magaagak_magaaxgak"" lang=""ceb""><abbr expan=""magaagak"" type=""lemma"">mag-r-(→)</abbr>, <abbr expan=""magaágak"" type=""lemma"">mag-r-</abbr></form>
<hom role=""n""><pos>n</pos>
<sense n=""0""><trans> trainer, one who guides others in learning s.t. </trans>
</sense></hom></entry>
<entry><form id=""alagakun"" lang=""ceb""><abbr expan=""alagakun"" type=""lemma"">-l-un(→)</abbr></form>
<hom role=""a""><pos>a</pos>
<sense n=""0""><trans> weak, to be led when walking. </trans>
<eg><i lang=""ceb"">Gúlang na táwun si Lúlu alagakun ug mulakaw,</i><trans> Grandpa is so old that he is to be led when he walks.†
</trans></eg>
</sense></hom></entry></entry>");
INSERT INTO `wced_head` (entryid, head, normalized_head, type, pos) VALUES (198, "ágak", "agak", "m", "v");
INSERT INTO `wced_head` (entryid, head, normalized_head, type, pos) VALUES (198, "agakay", "agakay", "s", "");
INSERT INTO `wced_head` (entryid, head, normalized_head, type, pos) VALUES (198, "magaagak", "magaagak", "s", "n");
INSERT INTO `wced_head` (entryid, head, normalized_head, type, pos) VALUES (198, "magaágak", "magaagak", "s", "n");
INSERT INTO `wced_head` (entryid, head, normalized_head, type, pos) VALUES (198, "alagakun", "alagakun", "s", "a");
INSERT INTO `wced_translation` (entryid, translation) VALUES (198, "support");
INSERT INTO `wced_translation` (entryid, translation) VALUES (198, "guide");
INSERT INTO `wced_entry` VALUES (199, "agak-ak", "11", "<entry page=""11"" id=""199""><form id=""agak-ak"" lang=""ceb"">agak-ak</form>
<hom role=""v""><pos>v</pos>
<sense n=""0""> <itype>[A]</itype><trans> </trans>
</sense>
<sense n=""1""><number>1</number><trans> for chickens to make the <tr>clucking sound</tr> of being disturbed. </trans>
<eg><i lang=""ceb"">Miagak-ak ang manuk kay nasangkilan,</i><trans> The chicken squawked when s.o. touched it. </trans></eg>
</sense>
<sense n=""2""><number>2</number><trans> <tr>cackle</tr>, <tr>squawk</tr> with laughter.
</trans>
</sense></hom></entry>");
INSERT INTO `wced_head` (entryid, head, normalized_head, type, pos) VALUES (199, "agak-ak", "agak-ak", "m", "v");
INSERT INTO `wced_translation` (entryid, translation) VALUES (199, "clucking sound");
INSERT INTO `wced_translation` (entryid, translation) VALUES (199, "cackle");
INSERT INTO `wced_translation` (entryid, translation) VALUES (199, "squawk");
INSERT INTO `wced_entry` VALUES (200, "agalun", "11", "<entry page=""11"" id=""200""><form id=""agaxlun"" lang=""ceb"">agálun</form>
<hom>
<sense n=""0""><trans> (from <ix>ágad</ix>) </trans>
</sense></hom>
<hom role=""n""><pos>n</pos>
<sense n=""0""><trans> <tr>master</tr>, <tr>boss</tr>. </trans>
</sense></hom>
<hom role=""v""><pos>v</pos>
<sense n=""1""><number>1</number> <itype>[A123S]</itype><trans> happen to get a master. </trans>
<eg><i lang=""ceb"">Nakaagawun akug dagmalan,</i><trans> I happened to work for a cruel master. </trans></eg>
</sense>
<sense n=""2""><number>2</number> <itype>[A2SN]</itype><trans> for animals or possessions to allow only the owner to make use of it. </trans>
<eg><i lang=""ceb"">Nag-agawun kining ákung kabáyù, aku ray makakabayù,</i><trans> My horse is <tr>choosy</tr>. I’m the only one who can ride on him. </trans></eg>
</sense></hom>
<entry><form id=""pangagaxlun"" lang=""ceb""><abbr expan=""pangagálun"" type=""lemma"">paN-</abbr></form>
<hom role=""v""><pos>v</pos>
<sense n=""0""> <itype>[A2S; b(1)]</itype><trans> work for a master. </trans>
<eg><i lang=""ceb"">Mangagálun lang kug way láing kapangabuhían,</i><trans> I’ll work as a servant if I can’t find any other job. </trans></eg>
<eg><i lang=""ceb"">Insik ang íyang gipangagawunan,</i><trans> He worked for a Chinese.†
</trans></eg>
</sense></hom></entry></entry>");
INSERT INTO `wced_head` (entryid, head, normalized_head, type, pos) VALUES (200, "agálun", "agalun", "m", "nv");
INSERT INTO `wced_head` (entryid, head, normalized_head, type, pos) VALUES (200, "pangagálun", "pangagalun", "s", "v");
INSERT INTO `wced_translation` (entryid, translation) VALUES (200, "master");
INSERT INTO `wced_translation` (entryid, translation) VALUES (200, "boss");
INSERT INTO `wced_translation` (entryid, translation) VALUES (200, "choosy");
INSERT INTO `wced_entry` VALUES (201, "agan-an", "11", "<entry page=""11"" id=""201""><form id=""agan-an"" lang=""ceb"">agan-an</form>
<hom role=""n""><pos>n</pos>
<sense n=""0""><trans> sand-like <tr>pellets</tr> which are the droppings of a k.o. wood-boring insect. </trans>
</sense></hom>
<hom role=""v""><pos>v</pos>
<sense n=""0""> <itype>[a4b4]</itype><trans> be infested with wood-borers. </trans>
</sense></hom>
<entry><form id=""agan-anun"" lang=""ceb""><abbr expan=""agan-anun"" type=""lemma"">-un(→)</abbr></form>
<hom role=""a""><pos>a</pos>
<sense n=""0""><trans> having <ix>agan-an.</ix>
</trans>
</sense></hom></entry></entry>");
INSERT INTO `wced_head` (entryid, head, normalized_head, type, pos) VALUES (201, "agan-an", "agan-an", "m", "nv");
INSERT INTO `wced_head` (entryid, head, normalized_head, type, pos) VALUES (201, "agan-anun", "agan-anun", "s", "a");
INSERT INTO `wced_translation` (entryid, translation) VALUES (201, "pellets");
INSERT INTO `wced_entry` VALUES (202, "agang", "11", "<entry page=""11"" id=""202""><form id=""agaxng"" lang=""ceb"">agáng</form>
<hom>
<sense n=""1""><number>1</number><trans> exclamation uttered upon experiencing pain. </trans>
<eg><i lang=""ceb"">Agáng sakíta!</i><trans> <tr>Ouch</tr>, how painful! </trans></eg>
</sense>
<sense n=""2""><number>2</number><trans> exclamation of disbelief or disgust. </trans>
<eg><i lang=""ceb"">Agáng, ikaw na lang nawnga ang manlangyaw? Tapulan!</i><trans> Humph! The likes of you immigrating? You’re too lazy.
</trans></eg>
</sense></hom></entry>");
INSERT INTO `wced_head` (entryid, head, normalized_head, type, pos) VALUES (202, "agáng", "agang", "m", "");
INSERT INTO `wced_translation` (entryid, translation) VALUES (202, "Ouch");
INSERT INTO `wced_entry` VALUES (203, "agang-agang", "11", "<entry page=""11"" id=""203""><form id=""agang-agang"" lang=""ceb"">agang-agang</form>
<hom role=""v""><pos>v</pos>
<sense n=""1""><number>1</number> <itype>[A; b(1)]</itype><trans> <tr>hesitate</tr> before doing s.t. </trans>
<eg><i lang=""ceb"">Miagang-agang kug palit, mau nga naunhan aku,</i><trans> I hesitated before buying, so s.o. got it before me. </trans></eg>
<eg><i lang=""ceb"">Dílì ku nímu ángay nga agang-agangan,</i><trans> You should not hesitate (to ask) me. </trans></eg>
</sense>
<sense n=""2""><number>2</number> <itype>[AN23; a12]</itype><trans> shoulder work, responsibility, and other duties which ought to be done by s.o. else. </trans>
<eg><i lang=""ceb"">Dílì maáyu nga ang mga inahan mauy muagang-agang (mangagang-agang) sa trabáhu sa balay ug dagkù na ang mga anak,</i><trans> It’s not good for a mother to do the household chores when her children are big. </trans></eg>
</sense></hom>
<entry><form id=""agang-agangun"" lang=""ceb""><abbr expan=""agang-agangun"" type=""lemma"">-un</abbr></form>
<hom role=""a""><pos>a</pos>
<sense n=""0""><trans> tending to shouldering work, responsibilities, and the like which should be done by other persons.
</trans>
</sense></hom></entry></entry>");
INSERT INTO `wced_head` (entryid, head, normalized_head, type, pos) VALUES (203, "agang-agang", "agang-agang", "m", "v");
INSERT INTO `wced_head` (entryid, head, normalized_head, type, pos) VALUES (203, "agang-agangun", "agang-agangun", "s", "a");
INSERT INTO `wced_translation` (entryid, translation) VALUES (203, "hesitate");
INSERT INTO `wced_entry` VALUES (204, "agap", "11", "<entry page=""11"" id=""204""><form id=""agap"" lang=""ceb"">agap</form>
<hom role=""a""><pos>a</pos>
<sense n=""1""><number>1</number><trans> in a great <tr>hurry</tr> to do s.t. </trans>
<eg><i lang=""ceb"">Agap ka ra kaáyung misudyà níya,</i><trans> You were much too quick to remind him he was wrong. </trans></eg>
</sense>
<sense n=""2""><number>2</number><trans> intensely interested in obtaining s.t. </trans>
<eg><i lang=""ceb"">Aku nga agap ug salapì mihátag sa ákung láwas,</i><trans> Greedy for money, I surrendered my body. </trans></eg>
</sense></hom>
<hom role=""v""><pos>v</pos>
<sense n=""0""> <itype>[A13; a12]</itype><trans> </trans>
</sense>
<sense n=""1""><number>1</number><trans> make haste to. </trans>
<eg><i lang=""ceb"">Agapun nátù pagtabuk únà magbálud,</i><trans> Let’s make haste to cross before the waves rise. </trans></eg>
</sense>
<sense n=""2""><number>2</number><trans> be after s.t. </trans>
<eg><i lang=""ceb"">Nagpabulubuútan uruy nà siya kay nag-agap man ug dulsi,</i><trans> He is pretending to be well-behaved because he is interested in getting candy.
</trans></eg>
</sense></hom></entry>");
INSERT INTO `wced_head` (entryid, head, normalized_head, type, pos) VALUES (204, "agap", "agap", "m", "av");
INSERT INTO `wced_translation` (entryid, translation) VALUES (204, "hurry");
INSERT INTO `wced_entry` VALUES (205, "agapang", "11", "<entry page=""11"" id=""205""><form id=""agaxpang"" lang=""ceb"">agápang</form>
<hom role=""n""><pos>n</pos>
<sense n=""0""><trans> k.o. <tr>mullet</tr>.
</trans>
</sense></hom></entry>");
INSERT INTO `wced_head` (entryid, head, normalized_head, type, pos) VALUES (205, "agápang", "agapang", "m", "n");
INSERT INTO `wced_translation` (entryid, translation) VALUES (205, "mullet");
INSERT INTO `wced_entry` VALUES (206, "agara", "11", "<entry page=""11"" id=""206""><form id=""agaxra"" lang=""ceb"">agára</form>
<hom role=""v""><pos>v</pos>
<sense n=""0""> <itype>[A; a2]</itype><trans> <tr>claim</tr> as his own s.t. owned in common with s.o. else or belonging to s.o. else. </trans>
<eg><i lang=""ceb"">Hasta ang ákung tutbras ímung agaráhun,</i><trans> You want to lay claim to my toothbrush, too? </trans></eg>
<eg><i lang=""ceb"">Giagaráhan mig yútà sa asindíru,</i><trans> The landowner laid claim to our land.
</trans></eg>
</sense></hom></entry>");
INSERT INTO `wced_head` (entryid, head, normalized_head, type, pos) VALUES (206, "agára", "agara", "m", "v");
INSERT INTO `wced_translation` (entryid, translation) VALUES (206, "claim");
INSERT INTO `wced_entry` VALUES (207, "agaray", "11", "<entry page=""11"" id=""207""><form id=""agaray"" lang=""ceb"">agaray</form>
<hom>
<sense n=""0""><trans> <tr>ouch</tr>! </trans>
<eg><i lang=""ceb"">Agaray! Bídang sakíta nímung <pb n=""12""/>mangusì!</i><trans> Ouch! That pinch hurt. </trans></eg>
</sense></hom>
<hom role=""v""><pos>v</pos>
<sense n=""0""> <itype>[A]</itype><trans> say ‘ouch’.
</trans>
</sense></hom></entry>");
INSERT INTO `wced_head` (entryid, head, normalized_head, type, pos) VALUES (207, "agaray", "agaray", "m", "v");
INSERT INTO `wced_translation` (entryid, translation) VALUES (207, "ouch");
INSERT INTO `wced_entry` VALUES (208, "agas", "12", "<entry page=""12"" id=""208""><form id=""axgas"" lang=""ceb"">ágas</form>
<hom role=""v""><pos>v</pos>
<sense n=""0""> <itype>[A2S; b6]</itype><trans> <tr>flow</tr> from an opening. </trans>
<eg><i lang=""ceb"">Nag-agas na ang túbig,</i><trans> There is water now. (Lit. The water is flowing now.) </trans></eg>
<eg><i lang=""ceb"">Giagásan ang dálan ug gasulína,</i><trans> Gasoline flowed over the street. </trans></eg>
</sense></hom>
<entry><form id=""agas"" lang=""ceb""><abbr expan=""agas"" type=""lemma"">(→)</abbr></form>
<hom role=""a""><pos>a</pos>
<sense n=""0""><trans> <tr>leaky</tr>. </trans>
<eg><i lang=""ceb"">Agas kaáyu ang táru,</i><trans> The can is leaky. </trans></eg>
</sense></hom></entry>
<entry><form id=""axgas_ug_paxlad"" lang=""ceb""><abbr expan=""ágas"" type=""lemma"">—</abbr> ug pálad</form>
<hom>
<sense n=""0""><trans> <tr>spendthrift</tr> (lit. having leaky hands).
</trans>
</sense></hom></entry></entry>");
INSERT INTO `wced_head` (entryid, head, normalized_head, type, pos) VALUES (208, "ágas", "agas", "m", "v");
INSERT INTO `wced_head` (entryid, head, normalized_head, type, pos) VALUES (208, "agas", "agas", "s", "a");
INSERT INTO `wced_head` (entryid, head, normalized_head, type, pos) VALUES (208, "ágas ug pálad", "agas ug palad", "s", "");
INSERT INTO `wced_translation` (entryid, translation) VALUES (208, "flow");
INSERT INTO `wced_translation` (entryid, translation) VALUES (208, "leaky");
INSERT INTO `wced_translation` (entryid, translation) VALUES (208, "spendthrift");
INSERT INTO `wced_entry` VALUES (209, "agaw", "12", "<entry page=""12"" id=""209""><form id=""agaw"" lang=""ceb"">agaw</form>
<hom>
<sense n=""0""> <ix>short form:</ix> <form id=""gaw"" lang=""ceb"">gaw</form><trans> title for people who are cousins. </trans>
<eg><i lang=""ceb"">Anía si Agaw Tídu,</i><trans> Here is Cousin Tido. </trans></eg>
</sense></hom>
<entry><form id=""ig-axgaw"" lang=""ceb""><abbr expan=""ig-ágaw"" type=""lemma"">ig-(←)</abbr></form>
<hom role=""n""><pos>n</pos>
<sense n=""0""><trans> <tr>cousin</tr>: children of one’s parent’s sibling or parent’s <ix>ig-ágaw.</ix> </trans>
</sense></hom></entry>
<entry><form id=""ig-axgaw_igtagsa"" lang=""ceb""><abbr expan=""ig-ágaw"" type=""lemma"">ig-(←)</abbr> igtagsa</form>
<hom>
<sense n=""0""><trans> first cousin, children of a parent’s siblings. </trans>
</sense></hom></entry>
<entry><form id=""ig-axgaw_igtagurha"" lang=""ceb""><abbr expan=""ig-ágaw"" type=""lemma"">ig-(←)</abbr> igtagurha</form>
<hom>
<sense n=""0""><trans> second cousin, children of a parent’s <ix>ig-ágaw igtagsa.</ix> </trans>
</sense></hom></entry>
<entry><form id=""ig-axgaw_igtagutlu"" lang=""ceb""><abbr expan=""ig-ágaw"" type=""lemma"">ig-(←)</abbr> igtagutlu</form>
<hom>
<sense n=""0""><trans> third cousin, children of a parent’s <ix>ig-ágaw igtagurha.</ix> </trans>
</sense></hom></entry>
<entry><form id=""ig-axgaw_sa_kasingkaxsing"" lang=""ceb""><abbr expan=""ig-ágaw"" type=""lemma"">ig-(←)</abbr> sa kasingkásing</form>
<hom role=""n""><pos>n</pos>
<sense n=""0""><trans> a lover one pretends is his cousin in public. </trans>
</sense></hom></entry>
<entry><form id=""mag-axgaw_manag-axgaw"" lang=""ceb""><abbr expan=""mag-ágaw"" type=""lemma"">mag-(←)</abbr>, <abbr expan=""manag-ágaw"" type=""lemma"">manag-(←)</abbr></form>
<hom role=""n""><pos>n</pos>
<sense n=""0""><trans> people who are <ix>ig-ágaw</ix> with each other. </trans>
</sense></hom></entry>
<entry><form id=""pag-agaxwan_panag-agaxwan"" lang=""ceb"">pag-agáwan, panag-agáwan</form>
<hom role=""n""><pos>n</pos></hom></entry>
<entry><form id=""sa_agaw"" lang=""ceb"">sa <abbr expan=""agaw"" type=""lemma"">—</abbr></form>
<hom>
<sense n=""0""><trans> related by virtue of being <ix>ig-ágaw</ix> to the (grand)parents or (grand)children of one’s cousin. </trans>
<eg><i lang=""ceb"">Uyuan ku siya sa panag-agáwan,</i><trans> He is my uncle by being a cousin of my parents. </trans></eg>
<eg><i lang=""ceb"">Pag-umangkun ku siya sa panag-agáwan,</i><trans> She is my niece by being a daughter of my cousin.†
</trans></eg>
</sense></hom></entry></entry>");
INSERT INTO `wced_head` (entryid, head, normalized_head, type, pos) VALUES (209, "agaw", "agaw", "m", "");
INSERT INTO `wced_head` (entryid, head, normalized_head, type, pos) VALUES (209, "gaw", "gaw", "s", "");
INSERT INTO `wced_head` (entryid, head, normalized_head, type, pos) VALUES (209, "ig-ágaw", "ig-agaw", "s", "n");
INSERT INTO `wced_head` (entryid, head, normalized_head, type, pos) VALUES (209, "ig-ágaw igtagsa", "ig-agaw igtagsa", "s", "");
INSERT INTO `wced_head` (entryid, head, normalized_head, type, pos) VALUES (209, "ig-ágaw igtagurha", "ig-agaw igtagurha", "s", "");
INSERT INTO `wced_head` (entryid, head, normalized_head, type, pos) VALUES (209, "ig-ágaw igtagutlu", "ig-agaw igtagutlu", "s", "");
INSERT INTO `wced_head` (entryid, head, normalized_head, type, pos) VALUES (209, "ig-ágaw sa kasingkásing", "ig-agaw sa kasingkasing", "s", "n");
INSERT INTO `wced_head` (entryid, head, normalized_head, type, pos) VALUES (209, "mag-ágaw", "mag-agaw", "s", "n");
INSERT INTO `wced_head` (entryid, head, normalized_head, type, pos) VALUES (209, "manag-ágaw", "manag-agaw", "s", "n");
INSERT INTO `wced_head` (entryid, head, normalized_head, type, pos) VALUES (209, "pag-agáwan", "pag-agawan", "s", "n");
INSERT INTO `wced_head` (entryid, head, normalized_head, type, pos) VALUES (209, "panag-agáwan", "panag-agawan", "s", "n");
INSERT INTO `wced_head` (entryid, head, normalized_head, type, pos) VALUES (209, "sa agaw", "sa agaw", "s", "");
INSERT INTO `wced_translation` (entryid, translation) VALUES (209, "cousin");
INSERT INTO `wced_entry` VALUES (210, "agaw", "12", "<entry page=""12"" id=""210""><form id=""axgaw"" lang=""ceb"">ágaw</form>
<hom role=""v""><pos>v</pos>
<sense n=""0""> <itype>[A, A3S; a]</itype><trans> <tr>take</tr> s.t. away from s.o. </trans>
<eg><i lang=""ceb"">Ayawg agáwa ang duláan sa bátà,</i><trans> Don’t take the toy away from the child. </trans></eg>
</sense></hom>
<entry><form id=""agawan"" lang=""ceb""><abbr expan=""agawan"" type=""lemma"">-an(→)</abbr></form>
<hom role=""a""><pos>a</pos>
<sense n=""0""><trans> fond of <tr>snatching</tr>. </trans>
<eg><i lang=""ceb"">Babáying agawag bána,</i><trans> A woman that is a husband snatcher. </trans></eg>
</sense></hom></entry>
<entry><form id=""mangaagaw"" lang=""ceb""><abbr expan=""mangaagaw"" type=""lemma"">maN-r-</abbr></form>
<hom role=""n""><pos>n</pos>
<sense n=""0""><trans> one who snatches.
</trans>
</sense></hom></entry></entry>");
INSERT INTO `wced_head` (entryid, head, normalized_head, type, pos) VALUES (210, "ágaw", "agaw", "m", "v");
INSERT INTO `wced_head` (entryid, head, normalized_head, type, pos) VALUES (210, "agawan", "agawan", "s", "a");
INSERT INTO `wced_head` (entryid, head, normalized_head, type, pos) VALUES (210, "mangaagaw", "mangaagaw", "s", "n");
INSERT INTO `wced_translation` (entryid, translation) VALUES (210, "take");
INSERT INTO `wced_translation` (entryid, translation) VALUES (210, "snatching");
INSERT INTO `wced_entry` VALUES (211, "agawun", "12", "<entry page=""12"" id=""211""><form id=""agaxwun"" lang=""ceb"">agáwun</form>
<hom>
<sense n=""0""><trans> = <xr lang=""ceb"" target=""#agaxlun""><sc>agálun</sc></xr>.
</trans>
</sense></hom></entry>");
INSERT INTO `wced_head` (entryid, head, normalized_head, type, pos) VALUES (211, "agáwun", "agawun", "m", "");
INSERT INTO `wced_entry` VALUES (212, "agay", "12", "<entry page=""12"" id=""212""><form id=""agay"" lang=""ceb"">agay</form>
<hom>
<sense n=""0""><trans> <tr>ouch</tr>!
</trans>
</sense></hom></entry>");
INSERT INTO `wced_head` (entryid, head, normalized_head, type, pos) VALUES (212, "agay", "agay", "m", "");
INSERT INTO `wced_translation` (entryid, translation) VALUES (212, "ouch");
INSERT INTO `wced_entry` VALUES (213, "agay", "12", "<entry page=""12"" id=""213""><form id=""axgay"" lang=""ceb"">ágay</form>
<hom role=""v""><pos>v</pos>
<sense n=""0""> <itype>[A2S; b6]</itype><trans> <tr>flow</tr> from a faucet, in a stream. </trans>
<eg><i lang=""ceb"">Dílì muágay ang túbig kay gisiradúhan ang grípu,</i><trans> The water won’t flow because the faucet is closed. </trans></eg>
<eg><i lang=""ceb"">Nag-ágay ang íyang mga lúhà,</i><trans> Her tears flowed.

</trans></eg>
</sense></hom></entry>");
INSERT INTO `wced_head` (entryid, head, normalized_head, type, pos) VALUES (213, "ágay", "agay", "m", "v");
INSERT INTO `wced_translation` (entryid, translation) VALUES (213, "flow");
INSERT INTO `wced_entry` VALUES (214, "agay-ay1", "12", "<entry page=""12"" id=""214""><form id=""agay-ay"" lang=""ceb"">agay-ay<sub>1</sub></form>
<hom>
<sense n=""0""><trans> = <xr lang=""ceb"" target=""#agan-an""><sc>agan-an</sc></xr>.
</trans>
</sense></hom></entry>");
INSERT INTO `wced_head` (entryid, head, normalized_head, type, pos) VALUES (214, "agay-ay", "agay-ay", "s", "");
INSERT INTO `wced_entry` VALUES (215, "agbat", "12", "<entry page=""12"" id=""215""><form id=""agbat"" lang=""ceb"">agbat</form>
<hom role=""v""><pos>v</pos>
<sense n=""1""><number>1</number><trans> = <xr lang=""ceb"" target=""#axbat""><sc>ábat<sub>1</sub></sc></xr>, <ix>v</ix>. </trans>
</sense>
<sense n=""2""><number>2</number> <itype>[A; ab2]</itype><trans> <tr>go after</tr> s.o. to catch up with him. </trans>
<eg><i lang=""ceb"">Dalì<corr>,</corr> agbata si Tátay,</i><trans> Quick<corr>,</corr> go catch up with Father. </trans></eg>
<eg><i lang=""ceb"">Maagbatan pa nímu ang íyang grádu,</i><trans> You can still catch up to him in your grades.
</trans></eg>
</sense></hom></entry>");
INSERT INTO `wced_head` (entryid, head, normalized_head, type, pos) VALUES (215, "agbat", "agbat", "m", "v");
INSERT INTO `wced_translation` (entryid, translation) VALUES (215, "go after");
INSERT INTO `wced_entry` VALUES (216, "agbati", "12", "<entry page=""12"" id=""216""><form id=""agbaxti"" lang=""ceb"">agbáti</form>
<hom>
<sense n=""0""><trans> = <xr lang=""ceb"" target=""#alugbaxti""><sc>alugbáti</sc></xr>.
</trans>
</sense></hom></entry>");
INSERT INTO `wced_head` (entryid, head, normalized_head, type, pos) VALUES (216, "agbáti", "agbati", "m", "");
INSERT INTO `wced_entry` VALUES (217, "agbaw", "12", "<entry page=""12"" id=""217""><form id=""agbaw"" lang=""ceb"">agbaw</form>
<hom>
<sense n=""0""><trans> = <xr lang=""ceb"" target=""#adgaw""><sc>adgaw</sc></xr>.
</trans>
</sense></hom></entry>");
INSERT INTO `wced_head` (entryid, head, normalized_head, type, pos) VALUES (217, "agbaw", "agbaw", "m", "");
INSERT INTO `wced_entry` VALUES (218, "agbay", "12", "<entry page=""12"" id=""218""><form id=""agbay"" lang=""ceb"">agbay</form>
<hom>
<sense n=""0""><trans> = <xr lang=""ceb"" target=""#alagbay""><sc>alagbay</sc></xr>.
</trans>
</sense></hom></entry>");
INSERT INTO `wced_head` (entryid, head, normalized_head, type, pos) VALUES (218, "agbay", "agbay", "m", "");
INSERT INTO `wced_entry` VALUES (219, "agbun", "12", "<entry page=""12"" id=""219""><form id=""agbun"" lang=""ceb"">agbun</form>
<hom role=""n""><pos>n</pos>
<sense n=""0""><trans> fine <tr>particles</tr> of soil or <tr>ashes</tr>. </trans>
</sense></hom>
<hom role=""v""><pos>v</pos>
<sense n=""1""><number>1</number> <itype>[A]</itype><trans> fly in fine particles. </trans>
<eg><i lang=""ceb"">Ayawg isagudsud ang ímung tiil kay muagbun ang abug,</i><trans> Don’t drag your feet because dust will fly. </trans></eg>
</sense>
<sense n=""2""><number>2</number> <itype>[B12]</itype><trans> turn to <tr>dust</tr>. </trans>
<eg><i lang=""ceb"">Nagkaagbun na ang mga karáang mga papílis,</i><trans> The old papers are turning into dust.
</trans></eg>
</sense></hom></entry>");
INSERT INTO `wced_head` (entryid, head, normalized_head, type, pos) VALUES (219, "agbun", "agbun", "m", "nv");
INSERT INTO `wced_translation` (entryid, translation) VALUES (219, "particles");
INSERT INTO `wced_translation` (entryid, translation) VALUES (219, "ashes");
INSERT INTO `wced_translation` (entryid, translation) VALUES (219, "dust");
INSERT INTO `wced_entry` VALUES (220, "agda", "12", "<entry page=""12"" id=""220""><form id=""agda"" lang=""ceb"">agda</form>
<hom role=""v""><pos>v</pos>
<sense n=""0""> <itype>[AN; a12]</itype><trans> invite s.o. to do s.t. </trans>
<eg><i lang=""ceb"">Miagda (nangagda) ku níya ug pakigkalígù,</i><trans> I invited him to join me in going swimming. </trans></eg>
<eg><i lang=""ceb"">Paghulat lag agdáhun kag káun,</i><trans> Just wait until you’re invited to eat. </trans></eg>
</sense></hom>
<hom role=""n""><pos>n</pos>
<sense n=""0""><trans> <tr>request</tr>, <tr>invitation</tr> to s.o. to do s.t. </trans>
</sense></hom>
<entry><form id=""alagdahun_agdahuxnun"" lang=""ceb"">alagdahun, agdahúnun</form>
<hom role=""n""><pos>n</pos>
<sense n=""0""><trans> one who has to be told to do things. </trans>
<eg><i lang=""ceb"">Ang alagdahung binatunan maáyu dáyung ilísan,</i><trans> A servant that needs a special invitation to work should be immediately replaced.
</trans></eg>
</sense></hom></entry></entry>");
INSERT INTO `wced_head` (entryid, head, normalized_head, type, pos) VALUES (220, "agda", "agda", "m", "vn");
INSERT INTO `wced_head` (entryid, head, normalized_head, type, pos) VALUES (220, "alagdahun", "alagdahun", "s", "n");
INSERT INTO `wced_head` (entryid, head, normalized_head, type, pos) VALUES (220, "agdahúnun", "agdahunun", "s", "n");
INSERT INTO `wced_translation` (entryid, translation) VALUES (220, "request");
INSERT INTO `wced_translation` (entryid, translation) VALUES (220, "invitation");
INSERT INTO `wced_entry` VALUES (221, "agdul", "12", "<entry page=""12"" id=""221""><form id=""agdul"" lang=""ceb"">agdul</form>
<hom>
<sense n=""0""><trans> = <xr lang=""ceb"" target=""#arul""><sc>arul</sc></xr>, <ix>v 2.</ix>
</trans>
</sense></hom></entry>");
INSERT INTO `wced_head` (entryid, head, normalized_head, type, pos) VALUES (221, "agdul", "agdul", "m", "");
INSERT INTO `wced_entry` VALUES (222, "agh", "12", "<entry page=""12"" id=""222""><form id=""agh"" lang=""ceb"">agh</form>
<hom>
<sense n=""0""><trans> written representation of throaty sound produced in uttering a gasp of pain or in clearing the throat.
</trans>
</sense></hom></entry>");
INSERT INTO `wced_head` (entryid, head, normalized_head, type, pos) VALUES (222, "agh", "agh", "m", "");
INSERT INTO `wced_entry` VALUES (223, "aghad", "12", "<entry page=""12"" id=""223""><form id=""aghad"" lang=""ceb"">aghad</form>
<hom>
<sense n=""0""><trans> = <xr lang=""ceb"" target=""#ughad""><sc>ughad</sc></xr>.
</trans>
</sense></hom></entry>");
INSERT INTO `wced_head` (entryid, head, normalized_head, type, pos) VALUES (223, "aghad", "aghad", "m", "");
INSERT INTO `wced_entry` VALUES (224, "aghat", "12", "<entry page=""12"" id=""224""><form id=""aghat"" lang=""ceb"">aghat</form>
<hom role=""v""><pos>v</pos>
<sense n=""1""><number>1</number> <itype>[A; a12b2]</itype><trans> <tr>challenge</tr> s.o. to a fight. </trans>
<eg><i lang=""ceb"">Aghátun siya nátug sumbagay,</i><trans> Let’s challenge him to a fight. </trans></eg>
</sense>
<sense n=""2""><number>2</number> <itype>[A3P; a12]</itype><trans> <tr>induce</tr>, <tr>prompt</tr> s.o. to do s.t. </trans>
<eg><i lang=""ceb"">Ang kapubri makaaghat (makapaaghat) nátù sa pagpangáwat,</i><trans> Poverty can drive us to steal. </trans></eg>
<eg><i lang=""ceb"">Aghátun tikaw sa pagbása sa libru,</i><trans> I will urge you to read the book. </trans></eg>
</sense></hom>
<entry><form id=""maaghaxtun"" lang=""ceb""><abbr expan=""maaghátun"" type=""lemma"">ma-un</abbr></form>
<hom role=""a""><pos>a</pos>
<sense n=""0""><trans> <tr>provoking</tr>, <tr>inviting</tr>. </trans>
<eg><i lang=""ceb"">Nadápit ku pagdúul níya sa maaghátun niyang pahiyum,</i><trans> I was drawn to her by her inviting smile.
</trans></eg>
</sense></hom></entry></entry>");
INSERT INTO `wced_head` (entryid, head, normalized_head, type, pos) VALUES (224, "aghat", "aghat", "m", "v");
INSERT INTO `wced_head` (entryid, head, normalized_head, type, pos) VALUES (224, "maaghátun", "maaghatun", "s", "a");
INSERT INTO `wced_translation` (entryid, translation) VALUES (224, "challenge");
INSERT INTO `wced_translation` (entryid, translation) VALUES (224, "induce");
INSERT INTO `wced_translation` (entryid, translation) VALUES (224, "prompt");
INSERT INTO `wced_translation` (entryid, translation) VALUES (224, "provoking");
INSERT INTO `wced_translation` (entryid, translation) VALUES (224, "inviting");
INSERT INTO `wced_entry` VALUES (225, "aghud", "12", "<entry page=""12"" id=""225""><form id=""aghud"" lang=""ceb"">aghud</form>
<hom role=""v""><pos>v</pos>
<sense n=""0""> <itype>[A3; b(1)]</itype><trans> force oneself to bear with a backbreaking task. </trans>
<eg><i lang=""ceb"">Ngánung nag-aghud ka <corr sic=""mag uma"">mag-uma</corr> nga tigúlang ka na man?</i><trans> Why are you breaking your back farming when you are old?
</trans></eg>
</sense></hom></entry>");
INSERT INTO `wced_head` (entryid, head, normalized_head, type, pos) VALUES (225, "aghud", "aghud", "m", "v");
INSERT INTO `wced_entry` VALUES (226, "aghup", "12", "<entry page=""12"" id=""226""><form id=""aghup"" lang=""ceb"">aghup</form>
<hom role=""a""><pos>a</pos>
<sense n=""0""><trans> <tr>tender</tr> in feelings or treatment. </trans>
</sense></hom>
<entry><form id=""maaghup"" lang=""ceb""><abbr expan=""maaghup"" type=""lemma"">ma-</abbr></form>
<hom role=""a""><pos>a</pos>
<sense n=""0""><trans> <tr>tender</tr>. </trans>
</sense></hom>
<hom role=""v""><pos>v</pos>
<sense n=""0""> <itype>[a12]</itype><trans> do in a tender way. </trans>
<eg><i lang=""ceb"">Giaghup ku silag buyag,</i><trans> I scolded them tenderly.
</trans></eg>
</sense></hom></entry></entry>");
INSERT INTO `wced_head` (entryid, head, normalized_head, type, pos) VALUES (226, "aghup", "aghup", "m", "a");
INSERT INTO `wced_head` (entryid, head, normalized_head, type, pos) VALUES (226, "maaghup", "maaghup", "s", "av");
INSERT INTO `wced_translation` (entryid, translation) VALUES (226, "tender");
INSERT INTO `wced_entry` VALUES (227, "aghuy1", "12", "<entry page=""12"" id=""227""><form id=""aghuy"" lang=""ceb"">aghuy<sub>1</sub></form>
<hom role=""n""><pos>n</pos>
<sense n=""0""><trans> <tr>supernatural being</tr> which does good, does not show itself, and puts itself at the service of a single sorcerer and no other person. He cures sick persons and sorcery victims only through the intercession of this sorcerer. He also acts as a spy for the sorcerer. </trans>
</sense></hom>
<entry><form id=""aghuyan"" lang=""ceb""><abbr expan=""aghuyan"" type=""lemma"">-an</abbr></form>
<hom role=""n""><pos>n</pos>
<sense n=""0""><trans> a <tr>sorcerer</tr> with an <ix>aghuy</ix>.
</trans>
</sense></hom></entry></entry>");
INSERT INTO `wced_head` (entryid, head, normalized_head, type, pos) VALUES (227, "aghuy", "aghuy", "s", "n");
INSERT INTO `wced_head` (entryid, head, normalized_head, type, pos) VALUES (227, "aghuyan", "aghuyan", "s", "n");
INSERT INTO `wced_translation` (entryid, translation) VALUES (227, "supernatural being");
INSERT INTO `wced_translation` (entryid, translation) VALUES (227, "sorcerer");
INSERT INTO `wced_entry` VALUES (228, "aghuy2", "12", "<entry page=""12"" id=""228""><form id=""aghuy2"" lang=""ceb"">aghuy<sub>2</sub></form>
<hom role=""v""><pos>v</pos>
<sense n=""0""> <itype>[A; ab5]</itype><trans> <tr>shout</tr> over distance to attract attention. </trans>
<eg><i lang=""ceb"">Adtúa na lang; ayaw na lang aghuya (aghuyi),</i><trans> Just go to him; don’t shout to call his attention. </trans></eg>
</sense></hom>
<hom role=""n""><pos>n</pos>
<sense n=""0""><trans> a shout over a distance.
</trans>
</sense></hom></entry>");
INSERT INTO `wced_head` (entryid, head, normalized_head, type, pos) VALUES (228, "aghuy", "aghuy", "s", "vn");
INSERT INTO `wced_translation` (entryid, translation) VALUES (228, "shout");
INSERT INTO `wced_entry` VALUES (229, "agi", "12", "<entry page=""12"" id=""229""><form id=""agi"" lang=""ceb"">agi</form>
<hom>
<sense n=""1""><number>1</number><trans> <tr>oh my!</tr>, expression of surprise. </trans>
<eg><i lang=""ceb"">Agi, kadakù ánang isdáa!</i><trans> Oh my! How big that fish is! </trans></eg>
</sense>
<sense n=""1a""><number>1a</number><trans> expression of revulsion to s.t. perceived. </trans>
<eg><i lang=""ceb"">Agi, kangilngig naadtu!</i><trans> My! how terrible that was! </trans></eg>
</sense>
<sense n=""1b""><number>1b</number><trans> expression of objection to s.t. different from what is desired. </trans>
<eg><i lang=""ceb"">Agi! Dì man nà mau!</i><trans> My! That is not the one I asked for. </trans></eg>
</sense>
<sense n=""1c""><number>1c</number><trans> expression of happiness at s.t. found out. </trans>
<eg><i lang=""ceb"">Agi, kanindut, kun tinúud,</i><trans> My! How nice, if it’s true. </trans></eg>
</sense>
<sense n=""2""><number>2</number><trans> expression of sudden pain. </trans>
<eg><i lang=""ceb"">Agi! Sakíta,</i><trans> Ow! That hurts.
</trans></eg>
</sense></hom></entry>");
INSERT INTO `wced_head` (entryid, head, normalized_head, type, pos) VALUES (229, "agi", "agi", "m", "");
INSERT INTO `wced_translation` (entryid, translation) VALUES (229, "oh my!");
INSERT INTO `wced_entry` VALUES (230, "agi", "12", "<entry page=""12"" id=""230""><form id=""axgi"" lang=""ceb"">ági</form>
<hom role=""v""><pos>v</pos>
<sense n=""0""> <itype>[A2S3S; b6]</itype><trans> </trans>
</sense>
<sense n=""1""><number>1</number><trans> go by, through a place. <pb n=""13""/></trans>
<eg><i lang=""ceb"">Dílì ku muági dihà kay náay irù,</i><trans> I won’t go that way because there’s a dog there. </trans></eg>
</sense>
<sense n=""1a""><number>1a</number> <itype>[A2S; c]</itype><trans> for food to be cooked in s.t. </trans>
<eg><i lang=""ceb"">Dì ku makakáug sud-an nga giági ug mantíkà,</i><trans> I can’t eat food that was cooked in fat. </trans></eg>
</sense>
<sense n=""2""><number>2</number><trans> for time to go by. </trans>
<eg><i lang=""ceb"">Nakadaug aku sa swipstik sa miáging simána,</i><trans> I won the sweepstakes last week. </trans></eg>
<eg><i lang=""ceb"">Sa nag-aging mga búlan, nagkaluya pud siya,</i><trans> As the months went by, he became steadily weaker. </trans></eg>
</sense>
<sense n=""3""><number>3</number><trans> gone through one’s hands, had experience with one. </trans>
<eg><i lang=""ceb"">Pila na ka babáyi ang niági kaníya?</i><trans> How many women have gone through his hands? </trans></eg>
<eg><i lang=""ceb"">Daghan na ang ispisyalista nga miági kaníya,</i><trans> Many specialists have examined her. </trans></eg>
</sense>
<sense n=""4""><number>4</number><trans> have experienced s.t. </trans>
<eg><i lang=""ceb"">Nakaagi na ku sa pagpamutsatsu,</i><trans> I have already experienced being a servant. </trans></eg>
</sense>
<sense n=""5""><number>5</number> <itype>[A23]</itype><trans> for a writing instrument to work. </trans>
<eg><i lang=""ceb"">Dì na muági ning bulpína,</i><trans> This ballpoint pen doesn’t write any more. </trans></eg>
</sense></hom>
<hom role=""n""><pos>n</pos>
<sense n=""1""><number>1</number><trans> path traversed. </trans>
<eg><i lang=""ceb"">Mibálik siya sa íyang ági,</i><trans> He retraced his steps. </trans></eg>
</sense>
<sense n=""2""><number>2</number><trans> result of the action of some instrument. </trans>
<eg><i lang=""ceb"">Ági sa gabas,</i><trans> The kerf of the saw. </trans></eg>
<eg><i lang=""ceb"">Ági sa lápis,</i><trans> The imprint of the pencil. </trans></eg>
<eg><i lang=""ceb"">Ági sa makina,</i><trans> Stitches of the sewing machine. </trans></eg>
<eg><i lang=""ceb"">Ági sa bunal,</i><trans> Welts made by a whip. </trans></eg>
<eg><i lang=""ceb"">Ági sa dáru,</i><trans> Furrows. </trans></eg>
</sense>
<sense n=""3""><number>3</number><trans> handwriting. </trans>
</sense>
<sense n=""4""><number>4</number><trans> <tr>output</tr>, work accomplished. </trans>
<eg><i lang=""ceb"">Gamay kaáyu siyag ági kay tapulan,</i><trans> He has little output because he’s lazy. </trans></eg>
</sense>
<sense n=""6""><number>6</number><trans> profits. </trans>
<eg><i lang=""ceb"">Dakù siyag ági sa pagpahulam,</i><trans> He made big profits from his usury. </trans></eg>
</sense>
<sense n=""7""><number>7</number><trans> transient. </trans>
<eg><i lang=""ceb"">Ági lang ang íyang kasukù,</i><trans> His anger will soon pass. </trans></eg>
</sense>
<sense n=""8""><number>8</number> <form id=""axgi_ug_axgi_sa"" lang=""ceb""><abbr expan=""ági"" type=""lemma"">—</abbr> ug, <abbr expan=""ági sa"" type=""lemma"">sa</abbr></form><trans> by way of, as an expression of. </trans>
<eg><i lang=""ceb"">Kining rilu ágig handumánan nátù,</i><trans> This watch is by way of remembrance. </trans></eg>
</sense></hom>
<entry><form id=""agi"" lang=""ceb""><abbr expan=""agi"" type=""lemma"">(→)</abbr></form>
<hom role=""v""><pos>v</pos>
<sense n=""0""> <itype>[A; ac]</itype><trans> pass by to pick up or leave s.t. on the way. </trans>
<eg><i lang=""ceb"">Agiun tika unyà,</i><trans> I’ll stop by to pick you up. </trans></eg>
<eg><i lang=""ceb"">Iagi ang karsunsilyu sa ka Pidru,</i><trans> Bring the shorts to Pedro’s on your way. </trans></eg>
</sense></hom>
<hom role=""a""><pos>a</pos>
<sense n=""0""><trans> <tr>leaky</tr>. </trans>
<eg><i lang=""ceb"">Tárung agi,</i><trans> A leaky can. </trans></eg>
</sense></hom>
<hom role=""v""><pos>v</pos>
<sense n=""0""> <itype>[B1256]</itype><trans> become leaky. </trans>
</sense></hom></entry>
<entry><form id=""paaxgi"" lang=""ceb""><abbr expan=""paági"" type=""lemma"">pa-</abbr></form>
<hom role=""v""><pos>v</pos>
<sense n=""1""><number>1</number> <itype>[A; ac]</itype><trans> cause to go in a certain way. </trans>
<eg><i lang=""ceb"">Unsáun man nátù pagpaági nga dílì mailhan?</i><trans> How will we do it so it won’t be recognized? </trans></eg>
<eg><i lang=""ceb"">Ang íyang gugma gipaági níya sa suwat,</i><trans> He made his love known through letters. </trans></eg>
</sense></hom>
<hom role=""n""><pos>n</pos>
<sense n=""0""><trans> <tr>way</tr>. </trans>
<eg><i lang=""ceb"">Unsay maáyung paági sa paglútug bam-i?</i><trans> What is a good way to prepare noodles? </trans></eg>
</sense></hom></entry>
<entry><form id=""pinaaxgi"" lang=""ceb""><abbr expan=""pinaági"" type=""lemma"">pina-</abbr></form>
<hom role=""n""><pos>n</pos>
<sense n=""0""><trans> <tr>means</tr>. </trans>
<eg><i lang=""ceb"">Nabuksan ang kandádu pinaági sa yáwi,</i><trans> The lock was opened by means of a key. </trans></eg>
</sense></hom></entry>
<entry><form id=""pangaxgi"" lang=""ceb""><abbr expan=""pangági"" type=""lemma"">paN-</abbr></form>
<hom role=""v""><pos>v</pos>
<sense n=""0""> <itype>[b4]</itype><trans> for an expectant mother to have her bag of waters break. </trans>
<eg><i lang=""ceb"">Gipangagían na siya piru wà pa magbatì,</i><trans> Her bag of waters has broken, but she is not in labor yet. </trans></eg>
</sense></hom></entry>
<entry><form id=""agiaxnan"" lang=""ceb"">agiánan</form>
<hom role=""n""><pos>n</pos>
<sense n=""1""><number>1</number><trans> <tr>passageway</tr>. </trans>
<eg><i lang=""ceb"">Makalapus ka ngadtu kay náa may agiánan,</i><trans> You can pass <corr sic=""thru"">through</corr> there because there is a passageway. </trans></eg>
</sense>
<sense n=""2""><number>2</number><trans> a means to an end or accomplishment. </trans>
<eg><i lang=""ceb"">Kanang hulamhúlam ug libru mauy usa ka pasángil, agiánan sa panagsulátay níla,</i><trans> Borrowing each other’s books was a means for them to write each other. </trans></eg>
</sense></hom></entry>
<entry><form id=""alagixan"" lang=""ceb"">alagían</form>
<hom role=""n""><pos>n</pos>
<sense n=""0""><trans> = <xr lang=""ceb"" target=""#agiaxnan""><sc>agiánan</sc></xr>. </trans>
</sense></hom>
<hom role=""a""><pos>a</pos>
<sense n=""0""><trans> near a place people pass. </trans>
<eg><i lang=""ceb"">Ang ílang balay alagían kanang paingun ta sa lungsud,</i><trans> Their house is right on the way when we go to town. </trans></eg>
</sense></hom></entry>
<entry><form id=""umaaxgi_umalaxgi"" lang=""ceb""><abbr expan=""umaági"" type=""lemma"">-um-r-</abbr>, <abbr expan=""umalági"" type=""lemma"">-um-l-</abbr></form>
<hom role=""n""><pos>n</pos>
<sense n=""1""><number>1</number><trans> about to <tr>pass</tr>. </trans>
</sense>
<sense n=""2""><number>2</number><trans> of a passing character. </trans>
<eg><i lang=""ceb"">Umaági (umalági) ra ning ulána,</i><trans> This is just a passing rain. </trans></eg>
</sense></hom></entry>
<entry><form id=""kaaxgi"" lang=""ceb""><abbr expan=""kaági"" type=""lemma"">ka-</abbr></form>
<hom role=""n""><pos>n</pos>
<sense n=""0""><trans> an event, <tr>happening</tr>, or experience. </trans>
<eg><i lang=""ceb"">Ang súnug usa ka kaági nga dílì malimtan,</i><trans> The conflagration is an unforgettable event. </trans></eg>
</sense></hom></entry>
<entry><form id=""kaaginhun_maaginhun"" lang=""ceb"">kaaginhun, maaginhun</form>
<hom role=""a""><pos>a</pos>
<sense n=""0""><trans> full of history, <tr>eventful</tr>.†
</trans>
</sense></hom></entry></entry>");
INSERT INTO `wced_head` (entryid, head, normalized_head, type, pos) VALUES (230, "ági", "agi", "m", "vn");
INSERT INTO `wced_head` (entryid, head, normalized_head, type, pos) VALUES (230, "ági ug", "agi ug", "s", "");
INSERT INTO `wced_head` (entryid, head, normalized_head, type, pos) VALUES (230, "ági sa", "agi sa", "s", "");
INSERT INTO `wced_head` (entryid, head, normalized_head, type, pos) VALUES (230, "agi", "agi", "s", "vav");
INSERT INTO `wced_head` (entryid, head, normalized_head, type, pos) VALUES (230, "paági", "paagi", "s", "vn");
INSERT INTO `wced_head` (entryid, head, normalized_head, type, pos) VALUES (230, "pinaági", "pinaagi", "s", "n");
INSERT INTO `wced_head` (entryid, head, normalized_head, type, pos) VALUES (230, "pangági", "pangagi", "s", "v");
INSERT INTO `wced_head` (entryid, head, normalized_head, type, pos) VALUES (230, "agiánan", "agianan", "s", "n");
INSERT INTO `wced_head` (entryid, head, normalized_head, type, pos) VALUES (230, "alagían", "alagian", "s", "na");
INSERT INTO `wced_head` (entryid, head, normalized_head, type, pos) VALUES (230, "umaági", "umaagi", "s", "n");
INSERT INTO `wced_head` (entryid, head, normalized_head, type, pos) VALUES (230, "umalági", "umalagi", "s", "n");
INSERT INTO `wced_head` (entryid, head, normalized_head, type, pos) VALUES (230, "kaági", "kaagi", "s", "n");
INSERT INTO `wced_head` (entryid, head, normalized_head, type, pos) VALUES (230, "kaaginhun", "kaaginhun", "s", "a");
INSERT INTO `wced_head` (entryid, head, normalized_head, type, pos) VALUES (230, "maaginhun", "maaginhun", "s", "a");
INSERT INTO `wced_translation` (entryid, translation) VALUES (230, "output");
INSERT INTO `wced_translation` (entryid, translation) VALUES (230, "leaky");
INSERT INTO `wced_translation` (entryid, translation) VALUES (230, "way");
INSERT INTO `wced_translation` (entryid, translation) VALUES (230, "means");
INSERT INTO `wced_translation` (entryid, translation) VALUES (230, "passageway");
INSERT INTO `wced_translation` (entryid, translation) VALUES (230, "pass");
INSERT INTO `wced_translation` (entryid, translation) VALUES (230, "happening");
INSERT INTO `wced_translation` (entryid, translation) VALUES (230, "eventful");
INSERT INTO `wced_entry` VALUES (231, "agid", "13", "<entry page=""13"" id=""231""><form id=""axgid"" lang=""ceb"">ágid</form>
<hom>
<sense n=""0""><trans> = <xr lang=""ceb"" target=""#amgid""><sc>amgid</sc></xr>.
</trans>
</sense></hom></entry>");
INSERT INTO `wced_head` (entryid, head, normalized_head, type, pos) VALUES (231, "ágid", "agid", "m", "");
INSERT INTO `wced_entry` VALUES (232, "agigising", "13", "<entry page=""13"" id=""232""><form id=""agigixsing"" lang=""ceb"">agigísing</form>
<hom role=""n""><pos>n</pos>
<sense n=""0""><trans> <tr>temples</tr>, hair on the temples.
</trans>
</sense></hom></entry>");
INSERT INTO `wced_head` (entryid, head, normalized_head, type, pos) VALUES (232, "agigísing", "agigising", "m", "n");
INSERT INTO `wced_translation` (entryid, translation) VALUES (232, "temples");
INSERT INTO `wced_entry` VALUES (233, "agiik", "13", "<entry page=""13"" id=""233""><form id=""agixik"" lang=""ceb"">agíik</form>
<hom role=""n""><pos>n</pos>
<sense n=""0""><trans> <tr>creak</tr>, squeak. </trans>
</sense></hom>
<hom role=""v""><pos>v</pos>
<sense n=""0""> <itype>[A; c1]</itype><trans> creak, squeak. </trans>
<eg><i lang=""ceb"">Nag-agíik ang íyang mga túhud,</i><trans> His knees creaked. </trans></eg>
<eg><i lang=""ceb"">Ayawg agiíka (iagíik) ang sira,</i><trans> Don’t let the door creak.
</trans></eg>
</sense></hom></entry>");
INSERT INTO `wced_head` (entryid, head, normalized_head, type, pos) VALUES (233, "agíik", "agiik", "m", "nv");
INSERT INTO `wced_translation` (entryid, translation) VALUES (233, "creak");
INSERT INTO `wced_entry` VALUES (234, "agik-ik", "13", "<entry page=""13"" id=""234""><form id=""agik-ik"" lang=""ceb"">agik-ik</form>
<hom role=""v""><pos>v</pos>
<sense n=""0""> <itype>[A; b6]</itype><trans> laugh, but not openly. </trans>
<eg><i lang=""ceb"">Nag-agik-ik sila pagpangutut sa maistra,</i><trans> They snickered when the teacher broke wind.
</trans></eg>
</sense></hom></entry>");
INSERT INTO `wced_head` (entryid, head, normalized_head, type, pos) VALUES (234, "agik-ik", "agik-ik", "m", "v");
INSERT INTO `wced_entry` VALUES (235, "agil", "13", "<entry page=""13"" id=""235""><form id=""agil"" lang=""ceb"">agil</form>
<hom role=""v""><pos>v</pos>
<sense n=""0""> <itype>[AN; b5]</itype><trans> shave hair off (not beard). </trans>
<eg><i lang=""ceb"">Ug mangagil (mangágil) ka sa bábuy ayawg samári ang pánit,</i><trans> When you shave the pig, do not damage the skin. </trans></eg>
<eg><i lang=""ceb"">Ayaw ug agila (agili) ang patilya,</i><trans> Don’t shave the sideburns. </trans></eg>
</sense></hom>
<hom role=""n""><pos>n</pos>
<sense n=""0""><trans> <tr>razor</tr>. </trans>
</sense></hom>
<entry><form id=""igalagil"" lang=""ceb""><abbr expan=""igalagil"" type=""lemma"">ig-l-(←)</abbr></form>
<hom role=""n""><pos>n</pos>
<sense n=""0""><trans> razor to shave pig bristle.
</trans>
</sense></hom></entry></entry>");
INSERT INTO `wced_head` (entryid, head, normalized_head, type, pos) VALUES (235, "agil", "agil", "m", "vn");
INSERT INTO `wced_head` (entryid, head, normalized_head, type, pos) VALUES (235, "igalagil", "igalagil", "s", "n");
INSERT INTO `wced_translation` (entryid, translation) VALUES (235, "razor");
INSERT INTO `wced_entry` VALUES (236, "agila", "13", "<entry page=""13"" id=""236""><form id=""agila"" lang=""ceb"">agila</form>
<hom role=""n""><pos>n</pos>
<sense n=""0""><trans> <tr>eagle</tr>.
</trans>
</sense></hom></entry>");
INSERT INTO `wced_head` (entryid, head, normalized_head, type, pos) VALUES (236, "agila", "agila", "m", "n");
INSERT INTO `wced_translation` (entryid, translation) VALUES (236, "eagle");
INSERT INTO `wced_entry` VALUES (237, "agimud", "13", "<entry page=""13"" id=""237""><form id=""agixmud"" lang=""ceb"">agímud</form>
<hom role=""v""><pos>v</pos>
<sense n=""0""> <itype>[AN; c1]</itype><trans> stick out the lips in pouting or in displeasure. </trans>
<eg><i lang=""ceb"">Muagímud (mangagímud) man lang ug átung sugúun,</i><trans> He just puckers his lips when we ask him to run an errand.
</trans></eg>
</sense></hom></entry>");
INSERT INTO `wced_head` (entryid, head, normalized_head, type, pos) VALUES (237, "agímud", "agimud", "m", "v");
INSERT INTO `wced_entry` VALUES (238, "*aginaldu", "13", "<entry page=""13"" id=""238""><form id=""xxaginaldu"" lang=""ceb"">*aginaldu</form>
<entry><form id=""mixsa_diaginaldu"" lang=""ceb"">mísa <abbr expan=""diaginaldu"" type=""lemma"">di-</abbr></form>
<hom>
<sense n=""0""><trans> = <xr lang=""ceb"" target=""#mixsa_digalyu""><sc>mísa digalyu</sc></xr>.
</trans>
</sense></hom></entry></entry>");
INSERT INTO `wced_head` (entryid, head, normalized_head, type, pos) VALUES (238, "aginaldu", "aginaldu", "s", "");
INSERT INTO `wced_head` (entryid, head, normalized_head, type, pos) VALUES (238, "mísa diaginaldu", "misa diaginaldu", "s", "");
INSERT INTO `wced_entry` VALUES (239, "agingay", "13", "<entry page=""13"" id=""239""><form id=""agixngay"" lang=""ceb"">agíngay</form>
<hom role=""n""><pos>n</pos>
<sense n=""0""><trans> k.o. tall hairy grass of open fields used as forage.
</trans>
</sense></hom></entry>");
INSERT INTO `wced_head` (entryid, head, normalized_head, type, pos) VALUES (239, "agíngay", "agingay", "m", "n");
INSERT INTO `wced_entry` VALUES (240, "aginsud", "13", "<entry page=""13"" id=""240""><form id=""aginsud"" lang=""ceb"">aginsud</form>
<hom>
<sense n=""0""><trans> = <xr lang=""ceb"" target=""#agixnud""><sc>agínud</sc></xr>.
</trans>
</sense></hom></entry>");
INSERT INTO `wced_head` (entryid, head, normalized_head, type, pos) VALUES (240, "aginsud", "aginsud", "m", "");
INSERT INTO `wced_entry` VALUES (241, "aginud", "13", "<entry page=""13"" id=""241""><form id=""agixnud"" lang=""ceb"">agínud</form>
<hom role=""v""><pos>v</pos>
<sense n=""0""> <itype>[A2S; a]</itype><trans> </trans>
</sense>
<sense n=""1""><number>1</number><trans> move dragging s.t. on the ground. </trans>
<eg><i lang=""ceb"">Nag-agínud ang bakul padúng sa simbahan,</i><trans> The cripple dragged himself to the church. </trans></eg>
</sense>
<sense n=""2""><number>2</number><trans> move forward slowly but steadily. </trans>
<eg><i lang=""ceb"">Miagínud ang barku pagsulud sa dungguánan,</i><trans> The boat slowly moved into the dock. </trans></eg>
</sense></hom>
<hom role=""n""><pos>n</pos>
<sense n=""0""><trans> slow, dragging movement. </trans>
<eg><i lang=""ceb"">Agínud sa hálas,</i><trans> The creeping of a snake. </trans></eg>
<eg><i lang=""ceb"">Ang agínud sa mga úras,</i><trans> The slow passing of the hours.
</trans></eg>
</sense></hom></entry>");
INSERT INTO `wced_head` (entryid, head, normalized_head, type, pos) VALUES (241, "agínud", "aginud", "m", "vn");
INSERT INTO `wced_entry` VALUES (242, "agipu", "13", "<entry page=""13"" id=""242""><form id=""agipu"" lang=""ceb"">agipu</form>
<hom role=""n""><pos>n</pos>
<sense n=""0""><trans> piece of wood with a glowing or burning tip.
</trans>
</sense></hom></entry>");
INSERT INTO `wced_head` (entryid, head, normalized_head, type, pos) VALUES (242, "agipu", "agipu", "m", "n");
INSERT INTO `wced_entry` VALUES (243, "agiri", "13", "<entry page=""13"" id=""243""><form id=""agiri"" lang=""ceb"">agiri</form>
<hom>
<sense n=""1""><number>1</number><trans> ouch! </trans>
</sense>
<sense n=""2""><number>2</number><trans> exclamation of jubilation.
</trans>
</sense></hom></entry>");
INSERT INTO `wced_head` (entryid, head, normalized_head, type, pos) VALUES (243, "agiri", "agiri", "m", "");
INSERT INTO `wced_entry` VALUES (244, "agis-is", "13", "<entry page=""13"" id=""244""><form id=""agis-is"" lang=""ceb"">agis-is</form>
<hom role=""n""><pos>n</pos>
<sense n=""0""><trans> white scales on skin of the type which develop when the skin is dry. </trans>
</sense></hom>
<hom role=""v""><pos>v</pos>
<sense n=""0""> <itype>[B6; a4]</itype><trans> develop whitish scales on skin. </trans>
<eg><i lang=""ceb"">Muagis-is (maagis-is, agis-isun) ang íyang bagtak,</i><trans> Her legs develop whitish scales.
<pb n=""14""/>
</trans></eg>
</sense></hom></entry>");
INSERT INTO `wced_head` (entryid, head, normalized_head, type, pos) VALUES (244, "agis-is", "agis-is", "m", "nv");
INSERT INTO `wced_entry` VALUES (245, "agit-it1", "14", "<entry page=""14"" id=""245""><form id=""agit-it"" lang=""ceb"">agit-it<sub>1</sub></form>
<hom role=""n""><pos>n</pos>
<sense n=""0""><trans> squeaking strident sound made by two surfaces rubbing against each other. </trans>
</sense></hom>
<hom role=""v""><pos>v</pos>
<sense n=""0""> <itype>[B]</itype><trans> squeak stridently, become squeaky. </trans>
<eg><i lang=""ceb"">Kasábà sad íning siráha, muagit-it (nag-agit-it) man,</i><trans> How noisy this door is! It squeaks.
</trans></eg>
</sense></hom></entry>");
INSERT INTO `wced_head` (entryid, head, normalized_head, type, pos) VALUES (245, "agit-it", "agit-it", "s", "nv");
INSERT INTO `wced_entry` VALUES (246, "agit-it2", "14", "<entry page=""14"" id=""246""><form id=""agit-it2"" lang=""ceb"">agit-it<sub>2</sub></form>
<hom role=""n""><pos>n</pos>
<sense n=""1""><number>1</number><trans> white streaks of dirt or dried up perspiration. </trans>
</sense>
<sense n=""2""><number>2</number><trans> dirt that sticks to things or the skin. </trans>
</sense></hom>
<hom role=""v""><pos>v</pos>
<sense n=""0""> <itype>[a4b4]</itype><trans> be begrimed with <ix>agit-it.</ix> </trans>
<eg><i lang=""ceb"">Giagit-itan (giagit-it) ang ímung líug,</i><trans> Your neck is streaked with dirt. </trans></eg>
</sense></hom>
<entry><form id=""agit-itun"" lang=""ceb""><abbr expan=""agit-itun"" type=""lemma"">-un(→)</abbr></form>
<hom role=""a""><pos>a</pos>
<sense n=""0""><trans> covered with <ix>agit-it.</ix>
</trans>
</sense></hom></entry></entry>");
INSERT INTO `wced_head` (entryid, head, normalized_head, type, pos) VALUES (246, "agit-it", "agit-it", "s", "nv");
INSERT INTO `wced_head` (entryid, head, normalized_head, type, pos) VALUES (246, "agit-itun", "agit-itun", "s", "a");
INSERT INTO `wced_entry` VALUES (247, "agitung", "14", "<entry page=""14"" id=""247""><form id=""agixtung"" lang=""ceb"">agítung</form>
<hom role=""a""><pos>a</pos>
<sense n=""0""><trans> <tr>burnt to charcoal</tr>. </trans>
</sense></hom>
<hom role=""v""><pos>v</pos>
<sense n=""0""> <itype>[B2; c1]</itype><trans> get burnt to become charcoal. </trans>
<eg><i lang=""ceb"">Miagítung (naagítung) ang mais nga ákung gisugba,</i><trans> I broiled the corn on the cob until it turned to charcoal. </trans></eg>
</sense></hom>
<entry><form id=""agitung"" lang=""ceb""><abbr expan=""agitung"" type=""lemma"">(→)</abbr></form>
<hom role=""n""><pos>n</pos>
<sense n=""0""><trans> fire kept burning low over a long period of time so that it won’t have to be rekindled.
</trans>
</sense></hom></entry></entry>");
INSERT INTO `wced_head` (entryid, head, normalized_head, type, pos) VALUES (247, "agítung", "agitung", "m", "av");
INSERT INTO `wced_head` (entryid, head, normalized_head, type, pos) VALUES (247, "agitung", "agitung", "s", "n");
INSERT INTO `wced_translation` (entryid, translation) VALUES (247, "burnt to charcoal");
INSERT INTO `wced_entry` VALUES (248, "agiw", "14", "<entry page=""14"" id=""248""><form id=""axgiw"" lang=""ceb"">ágiw</form>
<hom role=""n""><pos>n</pos>
<sense n=""0""><trans> fine, white <tr>ashes</tr>. </trans>
</sense></hom>
<hom role=""v""><pos>v</pos>
<sense n=""0""> <itype>[AB2; a12]</itype><trans> burn to white ashes, cause to burn to ashes. </trans>
<eg><i lang=""ceb"">Muágiw (maágiw) na gánì nang úling tayhúpi,</i><trans> When the charcoal turns to ashes, blow some of them away. </trans></eg>
<eg><i lang=""ceb"">Mag-ágiw kug tabákù nga itambal,</i><trans> I’ll make some tobacco ashes to use as medicine. </trans></eg>
</sense></hom>
<entry><form id=""paaxgiw"" lang=""ceb""><abbr expan=""paágiw"" type=""lemma"">pa-</abbr></form>
<hom role=""v""><pos>v</pos>
<sense n=""1""><number>1</number> <itype>[A; c1]</itype><trans> let s.t. turn into ashes. </trans>
<eg><i lang=""ceb"">Ayaw ipaágiw (paagíwa) ang úling,</i><trans> Don’t let the charcoal burn to ashes. </trans></eg>
</sense>
<sense n=""2""><number>2</number> <itype>[A; ac]</itype><trans> have s.o. make ashes. </trans>
</sense></hom></entry>
<entry><form id=""alagiwan_axgiwanan"" lang=""ceb""><abbr expan=""alagiwan"" type=""lemma"">-l-an</abbr>, <abbr expan=""ágiwanan"" type=""lemma"">-anan</abbr></form>
<hom role=""n""><pos>n</pos>
<sense n=""0""><trans> ash tray.
</trans>
</sense></hom></entry></entry>");
INSERT INTO `wced_head` (entryid, head, normalized_head, type, pos) VALUES (248, "ágiw", "agiw", "m", "nv");
INSERT INTO `wced_head` (entryid, head, normalized_head, type, pos) VALUES (248, "paágiw", "paagiw", "s", "v");
INSERT INTO `wced_head` (entryid, head, normalized_head, type, pos) VALUES (248, "alagiwan", "alagiwan", "s", "n");
INSERT INTO `wced_head` (entryid, head, normalized_head, type, pos) VALUES (248, "ágiwanan", "agiwanan", "s", "n");
INSERT INTO `wced_translation` (entryid, translation) VALUES (248, "ashes");
INSERT INTO `wced_entry` VALUES (249, "agkut", "14", "<entry page=""14"" id=""249""><form id=""agkut"" lang=""ceb"">agkut</form>
<hom>
<sense n=""0""><trans> = <xr lang=""ceb"" target=""#hagkut""><sc>hagkut</sc></xr>.
</trans>
</sense></hom></entry>");
INSERT INTO `wced_head` (entryid, head, normalized_head, type, pos) VALUES (249, "agkut", "agkut", "m", "");
INSERT INTO `wced_entry` VALUES (250, "aglidulsi", "14", "<entry page=""14"" id=""250""><form id=""aglidulsi"" lang=""ceb"">aglidulsi</form>
<hom>
<sense n=""0""><trans> = <xr lang=""ceb"" target=""#limunsixtu""><sc>limunsítu</sc></xr>.
</trans>
</sense></hom></entry>");
INSERT INTO `wced_head` (entryid, head, normalized_head, type, pos) VALUES (250, "aglidulsi", "aglidulsi", "m", "");
INSERT INTO `wced_entry` VALUES (251, "aglipay, aglipayanu", "14", "<entry page=""14"" id=""251""><form id=""aglixpay_aglipayaxnu"" lang=""ceb"">aglípay, aglipayánu</form>
<hom role=""n""><pos>n</pos>
<sense n=""0""><trans> member of the Aglipayan religious sect. </trans>
</sense></hom>
<hom role=""v""><pos>v</pos>
<sense n=""0""> <itype>[B1]</itype><trans> become an Aglipayan.
</trans>
</sense></hom></entry>");
INSERT INTO `wced_head` (entryid, head, normalized_head, type, pos) VALUES (251, "aglípay", "aglipay", "s", "nv");
INSERT INTO `wced_head` (entryid, head, normalized_head, type, pos) VALUES (251, "aglipayánu", "aglipayanu", "s", "nv");
INSERT INTO `wced_entry` VALUES (252, "agmang", "14", "<entry page=""14"" id=""252""><form id=""agmang"" lang=""ceb"">agmang</form>
<hom role=""n""><pos>n</pos>
<sense n=""0""><trans> k.o. eel.
</trans>
</sense></hom></entry>");
INSERT INTO `wced_head` (entryid, head, normalized_head, type, pos) VALUES (252, "agmang", "agmang", "m", "n");
INSERT INTO `wced_entry` VALUES (253, "agmud", "14", "<entry page=""14"" id=""253""><form id=""agmud"" lang=""ceb"">agmud</form>
<hom role=""n""><pos>n</pos>
<sense n=""0""><trans> grunting, snorting noises. </trans>
</sense></hom>
<hom role=""v""><pos>v</pos>
<sense n=""0""> <itype>[AN; c1]</itype><trans> <tr>grunt</tr>, snort. </trans>
<eg><i lang=""ceb"">Ígù lang siyang miagmud (nangagmud) sa ákung pagpananghid,</i><trans> He just grunted when I asked his permission.
</trans></eg>
</sense></hom></entry>");
INSERT INTO `wced_head` (entryid, head, normalized_head, type, pos) VALUES (253, "agmud", "agmud", "m", "nv");
INSERT INTO `wced_translation` (entryid, translation) VALUES (253, "grunt");
INSERT INTO `wced_entry` VALUES (254, "agngan", "14", "<entry page=""14"" id=""254""><form id=""agngan"" lang=""ceb"">agngan</form>
<hom role=""n""><pos>n</pos>
<sense n=""0""><trans> = <xr lang=""ceb"" target=""#adngan""><sc>adngan</sc></xr>.
</trans>
</sense></hom></entry>");
INSERT INTO `wced_head` (entryid, head, normalized_head, type, pos) VALUES (254, "agngan", "agngan", "m", "n");
INSERT INTO `wced_entry` VALUES (255, "agni", "14", "<entry page=""14"" id=""255""><form id=""agni"" lang=""ceb"">agni</form>
<hom role=""v""><pos>v</pos>
<sense n=""0""> <itype>[A; a12]</itype><trans> <tr>urge</tr> s.o. to do s.t. </trans>
<eg><i lang=""ceb"">Giagni siya sa pagpaúlì sa asáwa,</i><trans> He was urged to return to his wife.
</trans></eg>
</sense></hom></entry>");
INSERT INTO `wced_head` (entryid, head, normalized_head, type, pos) VALUES (255, "agni", "agni", "m", "v");
INSERT INTO `wced_translation` (entryid, translation) VALUES (255, "urge");
INSERT INTO `wced_entry` VALUES (256, "agnus", "14", "<entry page=""14"" id=""256""><form id=""agnus"" lang=""ceb"">agnus</form>
<hom role=""n""><pos>n</pos>
<sense n=""0""><trans> holy <tr>charm</tr> or relic affixed to the body to ward off evil. </trans>
</sense></hom>
<hom role=""v""><pos>v</pos>
<sense n=""0""> <itype>[A1; b]</itype><trans> wear an <ix>agnus.</ix>
</trans>
</sense></hom></entry>");
INSERT INTO `wced_head` (entryid, head, normalized_head, type, pos) VALUES (256, "agnus", "agnus", "m", "nv");
INSERT INTO `wced_translation` (entryid, translation) VALUES (256, "charm");
INSERT INTO `wced_entry` VALUES (257, "agpan", "14", "<entry page=""14"" id=""257""><form id=""agpan"" lang=""ceb"">agpan</form>
<hom>
<sense n=""0""><trans> = <xr lang=""ceb"" target=""#adpan""><sc>adpan</sc></xr>.
</trans>
</sense></hom></entry>");
INSERT INTO `wced_head` (entryid, head, normalized_head, type, pos) VALUES (257, "agpan", "agpan", "m", "");
INSERT INTO `wced_entry` VALUES (258, "agpang", "14", "<entry page=""14"" id=""258""><form id=""agpang"" lang=""ceb"">agpang</form>
<hom role=""n""><pos>n</pos>
<sense n=""0""><trans> a thin piece of bamboo, three or four inches in length used to set the size of the hole in weaving fish nets.
</trans>
</sense></hom></entry>");
INSERT INTO `wced_head` (entryid, head, normalized_head, type, pos) VALUES (258, "agpang", "agpang", "m", "n");
INSERT INTO `wced_entry` VALUES (259, "agpas", "14", "<entry page=""14"" id=""259""><form id=""agpas"" lang=""ceb"">agpas</form>
<hom role=""v""><pos>v</pos>
<sense n=""0""> <itype>[A; a12b2]</itype><trans> </trans>
</sense>
<sense n=""1""><number>1</number><trans> go after s.o. to catch up with him. </trans>
<eg><i lang=""ceb"">Agpása, kay wà tu siya kabayad,</i><trans> Go after him. He hasn’t paid. </trans></eg>
</sense>
<sense n=""2""><number>2</number><trans> meet a seller’s offer. </trans>
<eg><i lang=""ceb"">Dì pud ku muagpas ug baynti ánang sapatúsa,</i><trans> I would not even give you twenty for those shoes. </trans></eg>
</sense>
<sense n=""3""><number>3</number><trans> catch up in time. </trans>
<eg><i lang=""ceb"">Dì na nákù maagpas ang trabáhu, taudtaud na kung naabsin,</i><trans> I can’t catch up with the work. I’ve been absent too long. </trans></eg>
</sense>
<sense n=""4""><number>4</number><trans> be after, interested in obtaining s.t. </trans>
<eg><i lang=""ceb"">Kwarta lay íyang giagpas,</i><trans> All she’s after is money. </trans></eg>
</sense>
<sense n=""5""><number>5</number> <itype>[A12; b5]</itype><trans> </trans>
</sense>
<sense n=""a""><number>a</number><trans> catch a meaning. </trans>
<eg><i lang=""ceb"">Wà siya kaagpas sa lísu,</i><trans> He didn’t catch the joke. </trans></eg>
</sense>
<sense n=""b""><number>b</number><trans> know the cause or defect. </trans>
<eg><i lang=""ceb"">Wà ku kaagpas unsay dipiktu íning mutúra,</i><trans> I can’t figure out what is wrong with this motorcycle. </trans></eg>
</sense>
<sense n=""6""><number>6</number> <itype>[AN; c]</itype><trans> think of s.t. to say. </trans>
<eg><i lang=""ceb"">Walà nay ikapangagpas (ikaagpas) ang dalága sa pagpamalíbad,</i><trans> The girl could think of no more excuses for refusing him. </trans></eg>
</sense></hom>
<hom role=""n""><pos>n</pos>
<sense n=""0""><trans> highest price offered in buying s.t. </trans>
<eg><i lang=""ceb"">Pila man giyuy agpas mu?</i><trans> What is the highest price you offer? </trans></eg>
</sense></hom>
<entry><form id=""paagpas"" lang=""ceb""><abbr expan=""paagpas"" type=""lemma"">pa-</abbr></form>
<hom role=""v""><pos>v</pos>
<sense n=""0""> <itype>[A; c]</itype><trans> say s.t. additional as an afterthought. </trans>
<eg><i lang=""ceb"">Mipaagpas siyag túgun sa paglakaw nákù,</i><trans> He called after me to ask me to do s.t. for him as I was leaving. </trans></eg>
</sense></hom></entry>
<entry><form id=""pangagpas"" lang=""ceb""><abbr expan=""pangagpas"" type=""lemma"">paN-</abbr></form>
<hom role=""v""><pos>v</pos>
<sense n=""0""> <itype>[A]</itype><trans> </trans>
</sense>
<sense n=""1""><number>1</number><trans> go after s.t. and take advantage of it in time. </trans>
<eg><i lang=""ceb"">Mangagpas ta sa higayun samtang barátu pa,</i><trans> Let’s take advantage of the opportunity while it is still cheap. </trans></eg>
</sense>
<sense n=""2""><number>2</number><trans> figure s.t. out. </trans>
<eg><i lang=""ceb"">May nangagpas nga láin siyag túyù,</i><trans> S.o. figured out that he had evil intentions. </trans></eg>
</sense></hom>
<hom role=""n""><pos>n</pos>
<sense n=""1""><number>1</number><trans> <tr>interpretation</tr> of a situation. </trans>
</sense>
<sense n=""2""><number>2</number><trans> a second planting to replace seeds that did not do well. </trans>
<eg><i lang=""ceb"">Namatay ang ubang tanum. Pangagpas ning tanúma,</i><trans> Some of the plants died. This planting is to replace them.†
</trans></eg>
</sense></hom></entry></entry>");
INSERT INTO `wced_head` (entryid, head, normalized_head, type, pos) VALUES (259, "agpas", "agpas", "m", "vn");
INSERT INTO `wced_head` (entryid, head, normalized_head, type, pos) VALUES (259, "paagpas", "paagpas", "s", "v");
INSERT INTO `wced_head` (entryid, head, normalized_head, type, pos) VALUES (259, "pangagpas", "pangagpas", "s", "vn");
INSERT INTO `wced_translation` (entryid, translation) VALUES (259, "interpretation");
INSERT INTO `wced_entry` VALUES (260, "agrabiyar", "14", "<entry page=""14"" id=""260""><form id=""agrabiyar"" lang=""ceb"">agrabiyar</form>
<hom role=""v""><pos>v</pos>
<sense n=""0""> <itype>[A2]</itype><trans> have a <tr>complaint</tr> about treatment. </trans>
<eg><i lang=""ceb"">Makaagrabiyar ka pa uruy nga nakabintahà ka man,</i><trans> You claim you’re being treated unfairly, though before, you had the advantage.
</trans></eg>
</sense></hom></entry>");
INSERT INTO `wced_head` (entryid, head, normalized_head, type, pos) VALUES (260, "agrabiyar", "agrabiyar", "m", "v");
INSERT INTO `wced_translation` (entryid, translation) VALUES (260, "complaint");
INSERT INTO `wced_entry` VALUES (261, "agrabyadu", "14", "<entry page=""14"" id=""261""><form id=""agrabyaxdu"" lang=""ceb"">agrabyádu</form>
<hom role=""a""><pos>a</pos>
<sense n=""1""><number>1</number><trans> <tr>taking offense</tr>. </trans>
<eg><i lang=""ceb"">Agrabyádu ku sa ímung gisulti,</i><trans> I feel offended at what you said. </trans></eg>
</sense>
<sense n=""2""><number>2</number><trans> having a <tr>grievance</tr>, reason for complaint.
</trans>
</sense></hom></entry>");
INSERT INTO `wced_head` (entryid, head, normalized_head, type, pos) VALUES (261, "agrabyádu", "agrabyadu", "m", "a");
INSERT INTO `wced_translation` (entryid, translation) VALUES (261, "taking offense");
INSERT INTO `wced_translation` (entryid, translation) VALUES (261, "grievance");
INSERT INTO `wced_entry` VALUES (262, "agrabyu", "14", "<entry page=""14"" id=""262""><form id=""agrabyu"" lang=""ceb"">agrabyu</form>
<hom role=""v""><pos>v</pos>
<sense n=""0""> <itype>[A2; a2b3]</itype><trans> have a <tr>complaint</tr> about a treatment. </trans>
<eg><i lang=""ceb"">Ayaw agrabyúha ning ákung gibúhat,</i><trans> Don’t complain about what I did. </trans></eg>
</sense></hom>
<hom role=""n""><pos>n</pos>
<sense n=""0""><trans> s.t. which gives rise to grievances. </trans>
<eg><i lang=""ceb"">Ang agrabyu sa mga Pilipínu gíkan sa mga Katsílà walà na maagwanta,</i><trans> The Filipinos could no longer endure their grievances against the Spaniards.
</trans></eg>
</sense></hom></entry>");
INSERT INTO `wced_head` (entryid, head, normalized_head, type, pos) VALUES (262, "agrabyu", "agrabyu", "m", "vn");
INSERT INTO `wced_translation` (entryid, translation) VALUES (262, "complaint");
INSERT INTO `wced_entry` VALUES (263, "agri, agridulsi", "14", "<entry page=""14"" id=""263""><form id=""agri_agridulsi"" lang=""ceb"">agri, agridulsi</form>
<hom>
<sense n=""0""><trans> = <xr lang=""ceb"" target=""#limunsixtu""><sc>limunsítu</sc></xr>.
</trans>
</sense></hom></entry>");
INSERT INTO `wced_head` (entryid, head, normalized_head, type, pos) VALUES (263, "agri", "agri", "s", "");
INSERT INTO `wced_head` (entryid, head, normalized_head, type, pos) VALUES (263, "agridulsi", "agridulsi", "s", "");
INSERT INTO `wced_entry` VALUES (264, "agrigawu", "14", "<entry page=""14"" id=""264""><form id=""agrigaxwu"" lang=""ceb"">agrigáwu</form>
<hom>
<sense n=""0""><trans> = <xr lang=""ceb"" target=""#abrigaxwu""><sc>abrigáwu</sc></xr>.
</trans>
</sense></hom></entry>");
INSERT INTO `wced_head` (entryid, head, normalized_head, type, pos) VALUES (264, "agrigáwu", "agrigawu", "m", "");
INSERT INTO `wced_entry` VALUES (265, "agrikultura", "14", "<entry page=""14"" id=""265""><form id=""agrikultuxra"" lang=""ceb"">agrikultúra</form>
<hom role=""n""><pos>n</pos>
<sense n=""0""><trans> <tr>agriculture</tr>. </trans>
</sense></hom>
<entry><form id=""agrikulturista"" lang=""ceb"">agrikulturista</form>
<hom role=""n""><pos>n</pos>
<sense n=""0""><trans> <tr>agriculturist</tr>. </trans>
</sense></hom>
<hom role=""v""><pos>v</pos>
<sense n=""0""> <itype>[B156]</itype><trans> be an agriculturist.
</trans>
</sense></hom></entry></entry>");
INSERT INTO `wced_head` (entryid, head, normalized_head, type, pos) VALUES (265, "agrikultúra", "agrikultura", "m", "n");
INSERT INTO `wced_head` (entryid, head, normalized_head, type, pos) VALUES (265, "agrikulturista", "agrikulturista", "s", "nv");
INSERT INTO `wced_translation` (entryid, translation) VALUES (265, "agriculture");
INSERT INTO `wced_translation` (entryid, translation) VALUES (265, "agriculturist");
INSERT INTO `wced_entry` VALUES (266, "agriminsur", "14", "<entry page=""14"" id=""266""><form id=""agriminsur"" lang=""ceb"">agriminsur</form>
<hom role=""n""><pos>n</pos>
<sense n=""0""><trans> land <tr>surveyor</tr>. </trans>
</sense></hom>
<hom role=""v""><pos>v</pos>
<sense n=""0""> <itype>[B156]</itype><trans> be a land surveyor.
</trans>
</sense></hom></entry>");
INSERT INTO `wced_head` (entryid, head, normalized_head, type, pos) VALUES (266, "agriminsur", "agriminsur", "m", "nv");
INSERT INTO `wced_translation` (entryid, translation) VALUES (266, "surveyor");
INSERT INTO `wced_entry` VALUES (267, "agrisib", "14", "<entry page=""14"" id=""267""><form id=""agrixsib"" lang=""ceb"">agrísib</form>
<hom>
<sense n=""0""><trans> = <xr lang=""ceb"" target=""#agrisixba""><sc>agrisíba</sc></xr>, <xr lang=""ceb"" target=""#agrisixbu""><sc>agrisíbu</sc></xr>.
</trans>
</sense></hom></entry>");
INSERT INTO `wced_head` (entryid, head, normalized_head, type, pos) VALUES (267, "agrísib", "agrisib", "m", "");
INSERT INTO `wced_entry` VALUES (268, "agrisiba", "14", "<entry page=""14"" id=""268""><form id=""agrisixba"" lang=""ceb"">agrisíba</form>
<hom role=""a""><pos>a</pos>
<sense n=""1""><number>1</number><trans> = <xr lang=""ceb"" target=""#agrisixbu""><sc>agrisíbu</sc></xr>, (female). </trans>
</sense>
<sense n=""2""><number>2</number><trans> <tr>aggressive</tr>, eager for sex. </trans>
<eg><i lang=""ceb"">Agrisíba kunu ang mga mistísa,</i><trans> They say the mestiza girls are sexually <corr sic=""aggresive"">aggressive</corr>. </trans></eg>
</sense></hom>
<hom role=""v""><pos>v</pos>
<sense n=""0""> <itype>[B12]</itype><trans> be sexually aggressive.
<pb n=""15""/>
</trans>
</sense></hom></entry>");
INSERT INTO `wced_head` (entryid, head, normalized_head, type, pos) VALUES (268, "agrisíba", "agrisiba", "m", "av");
INSERT INTO `wced_translation` (entryid, translation) VALUES (268, "aggressive");
INSERT INTO `wced_entry` VALUES (269, "agrisibu", "15", "<entry page=""15"" id=""269""><form id=""agrisixbu"" lang=""ceb"">agrisíbu</form>
<hom role=""a""><pos>a</pos>
<sense n=""0""><trans> <tr>aggressive</tr>. </trans>
</sense></hom>
<hom role=""v""><pos>v</pos>
<sense n=""0""> <itype>[B1; b]</itype><trans> be aggressive. </trans>
</sense></hom>
<entry><form id=""inagrisixbu"" lang=""ceb""><abbr expan=""inagrisíbu"" type=""lemma"">-in-</abbr></form>
<hom role=""a""><pos>a</pos>
<sense n=""0""><trans> in an aggressive manner. </trans>
</sense></hom>
<hom role=""v""><pos>v</pos>
<sense n=""0""> <itype>[A13; a12]</itype><trans> do s.t. aggressively. </trans>
<eg><i lang=""ceb"">Inagrisibúhun nátù pag-aplay ang trabáhu,</i><trans> Let’s be aggressive in our application for the job.
</trans></eg>
</sense></hom></entry></entry>");
INSERT INTO `wced_head` (entryid, head, normalized_head, type, pos) VALUES (269, "agrisíbu", "agrisibu", "m", "av");
INSERT INTO `wced_head` (entryid, head, normalized_head, type, pos) VALUES (269, "inagrisíbu", "inagrisibu", "s", "av");
INSERT INTO `wced_translation` (entryid, translation) VALUES (269, "aggressive");
INSERT INTO `wced_entry` VALUES (270, "agsa1", "15", "<entry page=""15"" id=""270""><form id=""agsa"" lang=""ceb"">agsa<sub>1</sub></form>
<hom role=""v""><pos>v</pos>
<sense n=""0""> <itype>[A; b5]</itype><trans> work on s.t. and be paid with half of product. </trans>
<eg><i lang=""ceb"">Muagsa ku sa ímung tíkug kay wà kuy puhúnan,</i><trans> I will work with your material for half the output, as I have none of my own.
</trans></eg>
</sense></hom></entry>");
INSERT INTO `wced_head` (entryid, head, normalized_head, type, pos) VALUES (270, "agsa", "agsa", "s", "v");
INSERT INTO `wced_entry` VALUES (271, "agsa2", "15", "<entry page=""15"" id=""271""><form id=""agsa2"" lang=""ceb"">agsa<sub>2</sub></form>
<hom>
<sense n=""0""><trans> = <xr lang=""ceb"" target=""#igtagsa""><sc>igtagsa</sc></xr>. <ix>see</ix> <xr lang=""ceb"" target=""#agaw""><sc>agaw</sc></xr>.
</trans>
</sense></hom></entry>");
INSERT INTO `wced_head` (entryid, head, normalized_head, type, pos) VALUES (271, "agsa", "agsa", "s", "");
INSERT INTO `wced_entry` VALUES (272, "agsing", "15", "<entry page=""15"" id=""272""><form id=""agsing"" lang=""ceb"">agsing</form>
<hom role=""v""><pos>v</pos>
<sense n=""0""> <itype>[A; b2]</itype><trans> for a missile to graze s.o. </trans>
<eg><i lang=""ceb"">Ígù lang nakaagsing ang bála sa íyang agtang,</i><trans> The bullet just grazed his forehead.
</trans></eg>
</sense></hom></entry>");
INSERT INTO `wced_head` (entryid, head, normalized_head, type, pos) VALUES (272, "agsing", "agsing", "m", "v");
INSERT INTO `wced_entry` VALUES (273, "agta", "15", "<entry page=""15"" id=""273""><form id=""agtaq"" lang=""ceb"">agtà</form>
<hom role=""n""><pos>n</pos>
<sense n=""1""><number>1</number><trans> supernatural man of dark complexion and extraordinary size, said to inhabit trees, cliffs, or empty houses. He is said to play practical jokes on people, kidnap them. He has a large cigar in his mouth. </trans>
</sense>
<sense n=""2""><number>2</number><trans> name occasionally given to <corr sic=""Negritoes"">Negritos</corr>.
</trans>
</sense></hom></entry>");
INSERT INTO `wced_head` (entryid, head, normalized_head, type, pos) VALUES (273, "agtà", "agta", "m", "n");
INSERT INTO `wced_entry` VALUES (274, "agtang", "15", "<entry page=""15"" id=""274""><form id=""agtang"" lang=""ceb"">agtang</form>
<hom role=""n""><pos>n</pos>
<sense n=""1""><number>1</number><trans> <tr>forehead</tr>. </trans>
</sense>
<sense n=""2""><number>2</number><trans> region just above the genitalia (humorous metaphorical). </trans>
</sense></hom>
<entry><form id=""agtang"" lang=""ceb""><abbr expan=""agtang"" type=""lemma"">(→)</abbr></form>
<hom role=""v""><pos>v</pos>
<sense n=""0""> <itype>[A; a12]</itype><trans> hit at the forehead. </trans>
<eg><i lang=""ceb"">Agtangun tika run,</i><trans> I will hit you on the forehead. </trans></eg>
</sense></hom></entry>
<entry><form id=""agtangun"" lang=""ceb""><abbr expan=""agtangun"" type=""lemma"">-un</abbr></form>
<hom role=""a""><pos>a</pos>
<sense n=""0""><trans> having a prominent forehead.
</trans>
</sense></hom></entry></entry>");
INSERT INTO `wced_head` (entryid, head, normalized_head, type, pos) VALUES (274, "agtang", "agtang", "m", "n");
INSERT INTO `wced_head` (entryid, head, normalized_head, type, pos) VALUES (274, "agtangun", "agtangun", "s", "a");
INSERT INTO `wced_translation` (entryid, translation) VALUES (274, "forehead");
INSERT INTO `wced_entry` VALUES (275, "agti", "15", "<entry page=""15"" id=""275""><form id=""agtiq"" lang=""ceb"">agtì</form>
<hom role=""v""><pos>v</pos>
<sense n=""0""> <itype>[BN]</itype><trans> </trans>
</sense>
<sense n=""1""><number>1</number><trans> become very dark due to heat. </trans>
<eg><i lang=""ceb"">Miagtì (nangagtì) íyang nawung sa ínit,</i><trans> His face has become black because of the sun. </trans></eg>
</sense>
<sense n=""2""><number>2</number><trans> be dry and brittle. </trans>
<eg><i lang=""ceb"">Ning-agtì ang káhuy,</i><trans> The wood became dry and brittle.
</trans></eg>
</sense></hom></entry>");
INSERT INTO `wced_head` (entryid, head, normalized_head, type, pos) VALUES (275, "agtì", "agti", "m", "v");
INSERT INTO `wced_entry` VALUES (276, "agu", "15", "<entry page=""15"" id=""276""><form id=""agux"" lang=""ceb"">agú</form>
<hom>
<sense n=""0""><trans> exclamation of woe or pain: ouch! </trans>
<eg><i lang=""ceb"">Agú! Kalisud sa way inahan,</i><trans> Woe, how difficult it is to have no mother. </trans></eg>
</sense></hom>
<hom role=""v""><pos>v</pos>
<sense n=""0""> <itype>[A2]</itype><trans> exclaim <ix>agú.</ix>
</trans>
</sense></hom></entry>");
INSERT INTO `wced_head` (entryid, head, normalized_head, type, pos) VALUES (276, "agú", "agu", "m", "v");
INSERT INTO `wced_entry` VALUES (277, "agu.", "15", "<entry page=""15"" id=""277""><form id=""Agu."" lang=""ceb"">Agu.</form>
<hom>
<sense n=""0""><trans> abbreviation for <ix>Agustu,</ix> August.
</trans>
</sense></hom></entry>");
INSERT INTO `wced_head` (entryid, head, normalized_head, type, pos) VALUES (277, "Agu.", "agu.", "m", "");
INSERT INTO `wced_entry` VALUES (278, "agu", "15", "<entry page=""15"" id=""278""><form id=""agu6"" lang=""ceb"">agū̀</form>
<hom>
<sense n=""0""><trans> = <xr lang=""ceb"" target=""#aguxluq""><sc>agúlù</sc></xr>.
</trans>
</sense></hom></entry>");
INSERT INTO `wced_head` (entryid, head, normalized_head, type, pos) VALUES (278, "agū̀", "agu", "m", "");
INSERT INTO `wced_entry` VALUES (279, "agubhub", "15", "<entry page=""15"" id=""279""><form id=""agubhub"" lang=""ceb"">agubhub</form>
<hom role=""n""><pos>n</pos>
<sense n=""0""><trans> hollow thudding sound. </trans>
</sense></hom>
<hom role=""v""><pos>v</pos>
<sense n=""0""> <itype>[A]</itype><trans> resound with hollow thudding sound. </trans>
<eg><i lang=""ceb"">Miagubhub ang platapurma nga ílang gisayáwan ug tiniil,</i><trans> The platform they were dancing on in their bare feet resounded with a thudding sound.
</trans></eg>
</sense></hom></entry>");
INSERT INTO `wced_head` (entryid, head, normalized_head, type, pos) VALUES (279, "agubhub", "agubhub", "m", "nv");
INSERT INTO `wced_entry` VALUES (280, "agub-ub1", "15", "<entry page=""15"" id=""280""><form id=""agub-ub"" lang=""ceb"">agub-ub<sub>1</sub></form>
<hom role=""a""><pos>a</pos>
<sense n=""0""><trans> crunchy and hard to chew, like hardtack. </trans>
<eg><i lang=""ceb"">Agub-ub kaúnun ang sinángag pasì,</i><trans> Fried corn grains are crunchy to eat. </trans></eg>
</sense></hom>
<hom role=""v""><pos>v</pos>
<sense n=""0""> <itype>[A4]</itype><trans> make crunchy sound.
</trans>
</sense></hom></entry>");
INSERT INTO `wced_head` (entryid, head, normalized_head, type, pos) VALUES (280, "agub-ub", "agub-ub", "s", "av");
INSERT INTO `wced_entry` VALUES (281, "agub-ub2", "15", "<entry page=""15"" id=""281""><form id=""agub-ub2"" lang=""ceb"">agub-ub<sub>2</sub></form>
<hom role=""n""><pos>n</pos>
<sense n=""0""><trans> <tr>mold</tr>. </trans>
</sense></hom>
<hom role=""v""><pos>v</pos>
<sense n=""0""> <itype>[A123P; a4b4]</itype><trans> be moldy. </trans>
<eg><i lang=""ceb"">Giagub-ub (giagub-uban) ang surísu nga dúgayng gitagúan,</i><trans> The sausages have become moldy because they were kept too long.
</trans></eg>
</sense></hom></entry>");
INSERT INTO `wced_head` (entryid, head, normalized_head, type, pos) VALUES (281, "agub-ub", "agub-ub", "s", "nv");
INSERT INTO `wced_translation` (entryid, translation) VALUES (281, "mold");
INSERT INTO `wced_entry` VALUES (282, "agud", "15", "<entry page=""15"" id=""282""><form id=""agud"" lang=""ceb"">agud</form>
<hom>
<sense n=""0""><trans> = <xr lang=""ceb"" target=""#arun""><sc>arun<sub>1</sub></sc></xr> (dialectal).
</trans>
</sense></hom></entry>");
INSERT INTO `wced_head` (entryid, head, normalized_head, type, pos) VALUES (282, "agud", "agud", "m", "");
INSERT INTO `wced_entry` VALUES (283, "aguha", "15", "<entry page=""15"" id=""283""><form id=""aguxha"" lang=""ceb"">agúha</form>
<hom role=""n""><pos>n</pos>
<sense n=""1""><number>1</number><trans> big sewing needle for sewing up sacks. </trans>
</sense>
<sense n=""2""><number>2</number><trans> name given to any large needle or safety pin.
</trans>
</sense></hom></entry>");
INSERT INTO `wced_head` (entryid, head, normalized_head, type, pos) VALUES (283, "agúha", "aguha", "m", "n");
INSERT INTO `wced_entry` VALUES (284, "aguhilya", "15", "<entry page=""15"" id=""284""><form id=""aguhilya"" lang=""ceb"">aguhilya</form>
<hom role=""n""><pos>n</pos>
<sense n=""1""><number>1</number><trans> U-shaped hairpin. </trans>
</sense>
<sense n=""2""><number>2</number><trans> a small <tr>needle</tr> bigger than the ordinary sewing needle, but smaller than the <ix>agúha.</ix> </trans>
</sense>
<sense n=""3""><number>3</number><trans> hypodermic needle. </trans>
</sense></hom>
<hom role=""v""><pos>v</pos>
<sense n=""1""><number>1</number> <itype>[A; a]</itype><trans> use an <ix>aguhilya.</ix> </trans>
<eg><i lang=""ceb"">Aguhilyáun lang ni nátung gisì sa sáku,</i><trans> Let’s sew the sack with a large needle. </trans></eg>
<eg><i lang=""ceb"">Ug dílì ka mukáun, maaguhilyáan ka sa duktur,</i><trans> If you refuse to eat, the doctor will have to use his needle on you. </trans></eg>
</sense>
<sense n=""2""><number>2</number> <itype>[a12]</itype><trans> make an <ix>aguhilya.</ix>
</trans>
</sense></hom></entry>");
INSERT INTO `wced_head` (entryid, head, normalized_head, type, pos) VALUES (284, "aguhilya", "aguhilya", "m", "nv");
INSERT INTO `wced_translation` (entryid, translation) VALUES (284, "needle");
INSERT INTO `wced_entry` VALUES (285, "aguhu", "15", "<entry page=""15"" id=""285""><form id=""aguxhuq"" lang=""ceb"">agúhù</form>
<hom role=""n""><pos>n</pos>
<sense n=""0""><trans> <tr>Australian pine</tr>: <bio>Casuarina equistifolia</bio>. Lumber and ornamental tree. The roots and bark have medicinal uses. Young specimens are used as Christmas trees.
</trans>
</sense></hom></entry>");
INSERT INTO `wced_head` (entryid, head, normalized_head, type, pos) VALUES (285, "agúhù", "aguhu", "m", "n");
INSERT INTO `wced_translation` (entryid, translation) VALUES (285, "Australian pine");
INSERT INTO `wced_entry` VALUES (286, "aguk-uk", "15", "<entry page=""15"" id=""286""><form id=""aguk-uk"" lang=""ceb"">aguk-uk</form>
<hom role=""v""><pos>v</pos>
<sense n=""0""> <itype>[A; b3]</itype><trans> laugh vigorously in suppressed or stifled laughter. </trans>
<eg><i lang=""ceb"">Muaguk-uk giyud kug katáwa kun mahinumdum ku,</i><trans> I break into suppressed laughter when I think about it. </trans></eg>
</sense></hom>
<hom role=""n""><pos>n</pos>
<sense n=""0""><trans> vigorous but suppressed laughter. </trans>
</sense></hom>
<hom role=""n""><pos>n</pos>
<sense n=""0""><trans> k.o. grunt: <bio>Pomadasys hasta</bio>.
</trans>
</sense></hom></entry>");
INSERT INTO `wced_head` (entryid, head, normalized_head, type, pos) VALUES (286, "aguk-uk", "aguk-uk", "m", "vnn");
INSERT INTO `wced_entry` VALUES (287, "agukuy", "15", "<entry page=""15"" id=""287""><form id=""aguxkuy"" lang=""ceb"">agúkuy</form>
<hom>
<sense n=""0""><trans> <ix>see</ix> <xr lang=""ceb"" target=""#alaguxkuy""><sc>alagúkuy</sc></xr>.
</trans>
</sense></hom></entry>");
INSERT INTO `wced_head` (entryid, head, normalized_head, type, pos) VALUES (287, "agúkuy", "agukuy", "m", "");
INSERT INTO `wced_entry` VALUES (288, "agul", "15", "<entry page=""15"" id=""288""><form id=""agul"" lang=""ceb"">agul</form>
<hom role=""a""><pos>a</pos>
<sense n=""0""><trans> with the hair completely shaved off. </trans>
</sense></hom>
<hom role=""v""><pos>v</pos>
<sense n=""0""><trans> = <xr lang=""ceb"" target=""#agil""><sc>agil</sc></xr>.
</trans>
</sense></hom></entry>");
INSERT INTO `wced_head` (entryid, head, normalized_head, type, pos) VALUES (288, "agul", "agul", "m", "av");
INSERT INTO `wced_entry` VALUES (289, "agulang", "15", "<entry page=""15"" id=""289""><form id=""agulang"" lang=""ceb"">agulang</form>
<hom>
<sense n=""0""><trans> <ix>see</ix> <xr lang=""ceb"" target=""#guxlang""><sc>gúlang</sc></xr>.
</trans>
</sense></hom></entry>");
INSERT INTO `wced_head` (entryid, head, normalized_head, type, pos) VALUES (289, "agulang", "agulang", "m", "");
INSERT INTO `wced_entry` VALUES (290, "agulu", "15", "<entry page=""15"" id=""290""><form id=""aguxluq"" lang=""ceb"">agúlù</form>
<hom role=""v""><pos>v</pos>
<sense n=""0""> <itype>[A2S]</itype><trans> <tr>groan</tr>, moan. </trans>
<eg><i lang=""ceb"">Ngánung nag-agúlù man ka, may sakit ka ba sa tiyan?</i><trans> Why are you groaning? Do you have a stomach ache? </trans></eg>
</sense></hom>
<hom role=""n""><pos>n</pos>
<sense n=""0""><trans> groan.
</trans>
</sense></hom></entry>");
INSERT INTO `wced_head` (entryid, head, normalized_head, type, pos) VALUES (290, "agúlù", "agulu", "m", "vn");
INSERT INTO `wced_translation` (entryid, translation) VALUES (290, "groan");
INSERT INTO `wced_entry` VALUES (291, "agum", "15", "<entry page=""15"" id=""291""><form id=""agum"" lang=""ceb"">agum</form>
<hom>
<sense n=""0""><trans> = <xr lang=""ceb"" target=""#lagum""><sc>lagum</sc></xr>.
</trans>
</sense></hom></entry>");
INSERT INTO `wced_head` (entryid, head, normalized_head, type, pos) VALUES (291, "agum", "agum", "m", "");
INSERT INTO `wced_entry` VALUES (292, "agum", "15", "<entry page=""15"" id=""292""><form id=""axgum"" lang=""ceb"">águm</form>
<hom role=""v""><pos>v</pos>
<sense n=""0""> <itype>[B1256; b4(1)]</itype><trans> </trans>
</sense>
<sense n=""1""><number>1</number><trans> undergo a bitter or painful experience. </trans>
<eg><i lang=""ceb"">Naágum sa dakung kapildíhan ang lungsud adtung bagyúha,</i><trans> The town suffered a great loss in that storm. </trans></eg>
</sense>
<sense n=""2""><number>2</number><trans> get full use out of some benefit s.o. bestows on one. </trans>
<eg><i lang=""ceb"">Makaminyù ka na kay naágum na ku sa ímung kabudlay,</i><trans> I allow you to get married because I made use of your labor (while you were single). </trans></eg>
</sense></hom>
<entry><form id=""paaxgum"" lang=""ceb""><abbr expan=""paágum"" type=""lemma"">pa-</abbr></form>
<hom role=""v""><pos>v</pos>
<sense n=""0""> <itype>[A12]</itype><trans> cause one to learn a lesson. </trans>
<eg><i lang=""ceb"">Ang dakung pildi nakapaágum nákù,</i><trans> Losing a large amount taught me a lesson. </trans></eg>
</sense></hom></entry>
<entry><form id=""hiaxgum_haaxgum"" lang=""ceb""><abbr expan=""hiágum"" type=""lemma"">hi-</abbr>/<abbr expan=""haágum"" type=""lemma"">ha-</abbr></form>
<hom>
<sense n=""0""><trans> = <xr lang=""ceb"" target=""#axgum""><sc>águm</sc></xr>. </trans>
</sense></hom></entry>
<entry><form id=""kaaxguman"" lang=""ceb""><abbr expan=""kaáguman"" type=""lemma"">ka-an</abbr></form>
<hom role=""n""><pos>n</pos>
<sense n=""0""><trans> bitter experience.
</trans>
</sense></hom></entry></entry>");
INSERT INTO `wced_head` (entryid, head, normalized_head, type, pos) VALUES (292, "águm", "agum", "m", "v");
INSERT INTO `wced_head` (entryid, head, normalized_head, type, pos) VALUES (292, "paágum", "paagum", "s", "v");
INSERT INTO `wced_head` (entryid, head, normalized_head, type, pos) VALUES (292, "hiágum", "hiagum", "s", "");
INSERT INTO `wced_head` (entryid, head, normalized_head, type, pos) VALUES (292, "haágum", "haagum", "s", "");
INSERT INTO `wced_head` (entryid, head, normalized_head, type, pos) VALUES (292, "kaáguman", "kaaguman", "s", "n");
INSERT INTO `wced_entry` VALUES (293, "agumaa", "15", "<entry page=""15"" id=""293""><form id=""agumaxa"" lang=""ceb"">agumáa</form>
<hom role=""n""><pos>n</pos>
<sense n=""0""><trans> chub or striped mackerel: <bio>Rastrelliger sp</bio>.
</trans>
</sense></hom></entry>");
INSERT INTO `wced_head` (entryid, head, normalized_head, type, pos) VALUES (293, "agumáa", "agumaa", "m", "n");
INSERT INTO `wced_entry` VALUES (294, "agumud", "15", "<entry page=""15"" id=""294""><form id=""aguxmud"" lang=""ceb"">agúmud</form>
<hom role=""v""><pos>v</pos>
<sense n=""0""> <itype>[A2; c]</itype><trans> <tr>grunt</tr>. </trans>
<eg><i lang=""ceb"">Nag-agumud ang bábuy nga naglúnang,</i><trans> The pig was grunting as he wallowed in the mud.
</trans></eg>
</sense></hom></entry>");
INSERT INTO `wced_head` (entryid, head, normalized_head, type, pos) VALUES (294, "agúmud", "agumud", "m", "v");
INSERT INTO `wced_translation` (entryid, translation) VALUES (294, "grunt");
INSERT INTO `wced_entry` VALUES (295, "agum-um", "15", "<entry page=""15"" id=""295""><form id=""agum-um"" lang=""ceb"">agum-um</form>
<hom role=""n""><pos>n</pos>
<sense n=""0""><trans> k.o. large dove.
</trans>
</sense></hom></entry>");
INSERT INTO `wced_head` (entryid, head, normalized_head, type, pos) VALUES (295, "agum-um", "agum-um", "m", "n");
INSERT INTO `wced_entry` VALUES (296, "agung", "15", "<entry page=""15"" id=""296""><form id=""axgung"" lang=""ceb"">águng</form>
<hom role=""n""><pos>n</pos>
<sense n=""0""><trans> <tr>gong</tr>. </trans>
</sense></hom>
<hom role=""v""><pos>v</pos>
<sense n=""0""> <itype>[A; a]</itype><trans> sound a gong.
</trans>
</sense></hom></entry>");
INSERT INTO `wced_head` (entryid, head, normalized_head, type, pos) VALUES (296, "águng", "agung", "m", "nv");
INSERT INTO `wced_translation` (entryid, translation) VALUES (296, "gong");
INSERT INTO `wced_entry` VALUES (297, "agungal", "15", "<entry page=""15"" id=""297""><form id=""aguxngal"" lang=""ceb"">agúngal</form>
<hom role=""n""><pos>n</pos>
<sense n=""0""><trans> <tr>corn cob</tr>.
</trans>
</sense></hom></entry>");
INSERT INTO `wced_head` (entryid, head, normalized_head, type, pos) VALUES (297, "agúngal", "agungal", "m", "n");
INSERT INTO `wced_translation` (entryid, translation) VALUES (297, "corn cob");
INSERT INTO `wced_entry` VALUES (298, "agung-ung1", "15", "<entry page=""15"" id=""298""><form id=""agung-ung"" lang=""ceb"">agung-ung<sub>1</sub></form>
<hom role=""n""><pos>n</pos>
<sense n=""0""><trans> loud sound that reverberates. </trans>
</sense></hom>
<hom role=""v""><pos>v</pos>
<sense n=""0""> <itype>[AB46]</itype><trans> <tr>reverberate</tr>, make s.t. reverberate. </trans>
<eg><i lang=""ceb"">Muagung-ung na gánì ang ayruplánu,</i><trans> When the roar of the airplane resounds.
</trans></eg>
</sense></hom></entry>");
INSERT INTO `wced_head` (entryid, head, normalized_head, type, pos) VALUES (298, "agung-ung", "agung-ung", "s", "nv");
INSERT INTO `wced_translation` (entryid, translation) VALUES (298, "reverberate");
INSERT INTO `wced_entry` VALUES (299, "agung-ung2", "15", "<entry page=""15"" id=""299""><form id=""agung-ung2"" lang=""ceb"">agung-ung<sub>2</sub></form>
<hom role=""v""><pos>v</pos>
<sense n=""0""> <itype>[A; b3]</itype><trans> <tr>whine</tr> in a somewhat suppressed way, as in pain. </trans>
<eg><i lang=""ceb"">Nakaagung-ung sa kasakit ang irù nga gibunálan,</i><trans> The dog he whipped whined in pain.
</trans></eg>
</sense></hom></entry>");
INSERT INTO `wced_head` (entryid, head, normalized_head, type, pos) VALUES (299, "agung-ung", "agung-ung", "s", "v");
INSERT INTO `wced_translation` (entryid, translation) VALUES (299, "whine");
INSERT INTO `wced_entry` VALUES (300, "agunguy", "15", "<entry page=""15"" id=""300""><form id=""aguxnguy"" lang=""ceb"">agúnguy</form>
<hom role=""n""><pos>n</pos>
<sense n=""0""><trans> prolonged <tr>wail</tr> of grief or pain, any wailing-like sound. </trans>
<eg><i lang=""ceb"">Agúnguy sa ambulansiya,</i><trans> The wail of the ambulance. </trans></eg>
</sense></hom>
<hom role=""v""><pos>v</pos>
<sense n=""0""> <itype>[A; b3]</itype><trans> wail. </trans>
<eg><i lang=""ceb"">Dì man angayang agungúyan nang <pb n=""16""/>samára,</i><trans> That wound is nothing to wail about.
</trans></eg>
</sense></hom></entry>");
INSERT INTO `wced_head` (entryid, head, normalized_head, type, pos) VALUES (300, "agúnguy", "agunguy", "m", "nv");
INSERT INTO `wced_translation` (entryid, translation) VALUES (300, "wail");
INSERT INTO `wced_entry` VALUES (301, "aguniyas", "16", "<entry page=""16"" id=""301""><form id=""agunixyas"" lang=""ceb"">aguníyas</form>
<hom role=""n""><pos>n</pos>
<sense n=""0""><trans> <tr>death knell</tr> at a funeral; also the knell on Good Friday to indicate the hour of Christ’s death. </trans>
</sense></hom>
<hom role=""v""><pos>v</pos>
<sense n=""0""> <itype>[A; b6]</itype><trans> sound the death knell.
</trans>
</sense></hom></entry>");
INSERT INTO `wced_head` (entryid, head, normalized_head, type, pos) VALUES (301, "aguníyas", "aguniyas", "m", "nv");
INSERT INTO `wced_translation` (entryid, translation) VALUES (301, "death knell");
INSERT INTO `wced_entry` VALUES (302, "aguntu", "16", "<entry page=""16"" id=""302""><form id=""aguntuq"" lang=""ceb"">aguntù</form>
<hom role=""v""><pos>v</pos>
<sense n=""0""> <itype>[A]</itype><trans> emit a short grunt when hit in the pit of the stomach or when exerting an effort. </trans>
<eg><i lang=""ceb"">Miaguntù siya dihang naigù sa kutukutu,</i><trans> He groaned when he was hit in the pit of the stomach. </trans></eg>
</sense></hom>
<hom role=""n""><pos>n</pos>
<sense n=""0""><trans> <tr>short grunt</tr>.
</trans>
</sense></hom></entry>");
INSERT INTO `wced_head` (entryid, head, normalized_head, type, pos) VALUES (302, "aguntù", "aguntu", "m", "vn");
INSERT INTO `wced_translation` (entryid, translation) VALUES (302, "short grunt");
INSERT INTO `wced_entry` VALUES (303, "agup-up", "16", "<entry page=""16"" id=""303""><form id=""agup-up"" lang=""ceb"">agup-up</form>
<hom role=""n""><pos>n</pos>
<sense n=""0""><trans> <tr>mildew</tr>, mold. </trans>
</sense></hom>
<hom role=""v""><pos>v</pos>
<sense n=""0""> <itype>[a4b4]</itype><trans> get mildewed, moldy. </trans>
<eg><i lang=""ceb"">Ayawg paumgi ang ímung dintru arun dílì agup-upun,</i><trans> Don’t let your shirt get moist so that it won’t get mildewed. </trans></eg>
<eg><i lang=""ceb"">Giagup-up (giagup-upan) na ang sud-ang hikalimtan,</i><trans> The food they forgot about got all moldy. </trans></eg>
</sense></hom>
<entry><form id=""agup-upun"" lang=""ceb""><abbr expan=""agup-upun"" type=""lemma"">-un(→)</abbr></form>
<hom role=""a""><pos>a</pos>
<sense n=""0""><trans> mildewy, moldy.
</trans>
</sense></hom></entry></entry>");
INSERT INTO `wced_head` (entryid, head, normalized_head, type, pos) VALUES (303, "agup-up", "agup-up", "m", "nv");
INSERT INTO `wced_head` (entryid, head, normalized_head, type, pos) VALUES (303, "agup-upun", "agup-upun", "s", "a");
INSERT INTO `wced_translation` (entryid, translation) VALUES (303, "mildew");
INSERT INTO `wced_entry` VALUES (304, "aguruy", "16", "<entry page=""16"" id=""304""><form id=""aguruy"" lang=""ceb"">aguruy</form>
<hom>
<sense n=""0""><trans> <tr>ouch</tr>! </trans>
<eg><i lang=""ceb"">Aguruy, ngánung namáak man ka?</i><trans> Ouch! Why did you bite me? </trans></eg>
</sense></hom>
<hom role=""v""><pos>v</pos>
<sense n=""0""> <itype>[A]</itype><trans> cry ‘ouch’.
</trans>
</sense></hom></entry>");
INSERT INTO `wced_head` (entryid, head, normalized_head, type, pos) VALUES (304, "aguruy", "aguruy", "m", "v");
INSERT INTO `wced_translation` (entryid, translation) VALUES (304, "ouch");
INSERT INTO `wced_entry` VALUES (305, "agus", "16", "<entry page=""16"" id=""305""><form id=""axgus"" lang=""ceb"">águs</form>
<hom role=""v""><pos>v</pos>
<sense n=""0""> <itype>[A2S]</itype><trans> <tr>ooze</tr>, flow out slowly. </trans>
<eg><i lang=""ceb"">Miágus ang nánà,</i><trans> The pus oozed out.
</trans></eg>
</sense></hom></entry>");
INSERT INTO `wced_head` (entryid, head, normalized_head, type, pos) VALUES (305, "águs", "agus", "m", "v");
INSERT INTO `wced_translation` (entryid, translation) VALUES (305, "ooze");
INSERT INTO `wced_entry` VALUES (306, "agusahis", "16", "<entry page=""16"" id=""306""><form id=""agusahis"" lang=""ceb"">agusahis</form>
<hom role=""n""><pos>n</pos>
<sense n=""0""><trans> k.o. shrub or small tree. The leaves have rough upper surface and are used as sandpaper: <bio>Ficus odorata</bio> and <bio>ulmifolia</bio>. </trans>
</sense></hom>
<hom role=""v""><pos>v</pos>
<sense n=""0""> <itype>[A13; b(1)]</itype><trans> sand s.t. with <ix>agusahis</ix> leaves.
</trans>
</sense></hom></entry>");
INSERT INTO `wced_head` (entryid, head, normalized_head, type, pos) VALUES (306, "agusahis", "agusahis", "m", "nv");
INSERT INTO `wced_entry` VALUES (307, "agustu", "16", "<entry page=""16"" id=""307""><form id=""Agustu"" lang=""ceb"">Agustu</form>
<hom role=""n""><pos>n</pos>
<sense n=""0""><trans> August. </trans>
</sense></hom>
<hom role=""v""><pos>v</pos>
<sense n=""0""><trans> <ix>see</ix> <xr lang=""ceb"" target=""#abril""><sc>abril</sc></xr>.
</trans>
</sense></hom></entry>");
INSERT INTO `wced_head` (entryid, head, normalized_head, type, pos) VALUES (307, "Agustu", "agustu", "m", "nv");
INSERT INTO `wced_entry` VALUES (308, "agus-us", "16", "<entry page=""16"" id=""308""><form id=""agus-us"" lang=""ceb"">agus-us</form>
<hom role=""n""><pos>n</pos>
<sense n=""1""><number>1</number><trans> delicacy made of cornstarch mixed with sugar, water, and sometimes other ingredients made into cylindrical rolls with banana leaves and broiled. </trans>
</sense>
<sense n=""2""><number>2</number><trans> delicacy made of sweet potatoes and pork wrapped in coconut leaves. </trans>
</sense></hom>
<hom role=""v""><pos>v</pos>
<sense n=""0""> <itype>[AC12; a2]</itype><trans> make <ix>agus-us.</ix>
</trans>
</sense></hom></entry>");
INSERT INTO `wced_head` (entryid, head, normalized_head, type, pos) VALUES (308, "agus-us", "agus-us", "m", "nv");
INSERT INTO `wced_entry` VALUES (309, "agut", "16", "<entry page=""16"" id=""309""><form id=""agut"" lang=""ceb"">agut</form>
<hom role=""a""><pos>a</pos>
<sense n=""1""><number>1</number><trans> simple-minded. </trans>
<eg><i lang=""ceb"">Dalì mutúu ang agut,</i><trans> The simple-minded fool believes anything you tell him. </trans></eg>
</sense>
<sense n=""2""><number>2</number><trans> slow, stunted in growth. </trans>
<eg><i lang=""ceb"">Agut ka man. Hilabwan na man lang ka sa ímung manghud,</i><trans> You are stunted. Your little brother is taller than you are. </trans></eg>
</sense></hom>
<hom role=""v""><pos>v</pos>
<sense n=""1""><number>1</number> <itype>[B; a]</itype><trans> be ignorant, simple-minded. </trans>
<eg><i lang=""ceb"">Makaagut man diay ning mag-istar ug búkid,</i><trans> Staying in the mountains makes you simple-minded. </trans></eg>
</sense>
<sense n=""2""><number>2</number><trans> be stunted in growth. </trans>
</sense></hom>
<entry><form id=""agutun"" lang=""ceb""><abbr expan=""agutun"" type=""lemma"">-un</abbr></form>
<hom role=""a""><pos>a</pos>
<sense n=""0""><trans> of a stunted or simple-minded sort. </trans>
<eg><i lang=""ceb"">Agutun mig kalíwat,</i><trans> We are a family of short people.
</trans></eg>
</sense></hom></entry></entry>");
INSERT INTO `wced_head` (entryid, head, normalized_head, type, pos) VALUES (309, "agut", "agut", "m", "av");
INSERT INTO `wced_head` (entryid, head, normalized_head, type, pos) VALUES (309, "agutun", "agutun", "s", "a");
INSERT INTO `wced_entry` VALUES (310, "agut", "16", "<entry page=""16"" id=""310""><form id=""aguxt"" lang=""ceb"">agút</form>
<hom role=""a""><pos>a</pos>
<sense n=""0""><trans> <tr>gritty</tr>. </trans>
<eg><i lang=""ceb"">Agút ang ginamus sa bás,</i><trans> The fish paste is gritty with sand. </trans></eg>
</sense></hom>
<hom role=""v""><pos>v</pos>
<sense n=""0""> <itype>[B; b]</itype><trans> become gritty.
</trans>
</sense></hom></entry>");
INSERT INTO `wced_head` (entryid, head, normalized_head, type, pos) VALUES (310, "agút", "agut", "m", "av");
INSERT INTO `wced_translation` (entryid, translation) VALUES (310, "gritty");
INSERT INTO `wced_entry` VALUES (311, "agutay", "16", "<entry page=""16"" id=""311""><form id=""aguxtay"" lang=""ceb"">agútay</form>
<hom role=""n""><pos>n</pos>
<sense n=""0""><trans> k.o. wild banana, producing <measure reg=""5.1 cm"">2″</measure> long seedy fruit with a yellowish peel and sweet orange meat when ripe.
</trans>
</sense></hom></entry>");
INSERT INTO `wced_head` (entryid, head, normalized_head, type, pos) VALUES (311, "agútay", "agutay", "m", "n");
INSERT INTO `wced_entry` VALUES (312, "aguting", "16", "<entry page=""16"" id=""312""><form id=""aguting"" lang=""ceb"">aguting</form>
<hom role=""n""><pos>n</pos>
<sense n=""1""><number>1</number><trans> k.o. tobacco blight which makes the leaves turn whitish and curl up when they are dried. </trans>
</sense>
<sense n=""2""><number>2</number><trans> k.o. banana blight which forms spots and makes the meat hard and inedible. </trans>
</sense></hom>
<hom role=""v""><pos>v</pos>
<sense n=""0""> <itype>[a4]</itype><trans> be affected with <ix>aguting.</ix>
</trans>
</sense></hom></entry>");
INSERT INTO `wced_head` (entryid, head, normalized_head, type, pos) VALUES (312, "aguting", "aguting", "m", "nv");
INSERT INTO `wced_entry` VALUES (313, "agutiut", "16", "<entry page=""16"" id=""313""><form id=""agutixut"" lang=""ceb"">agutíut</form>
<hom role=""n""><pos>n</pos>
<sense n=""0""><trans> squeaking, creaking sound produced by two surfaces rubbing against each other. </trans>
</sense></hom>
<hom role=""v""><pos>v</pos>
<sense n=""0""> <itype>[A]</itype><trans> for surfaces to <tr>squeak</tr>, <tr>creak</tr>. </trans>
<eg><i lang=""ceb"">Muagutíut man ning ákung sapátus,</i><trans> My shoes squeak.
</trans></eg>
</sense></hom></entry>");
INSERT INTO `wced_head` (entryid, head, normalized_head, type, pos) VALUES (313, "agutíut", "agutiut", "m", "nv");
INSERT INTO `wced_translation` (entryid, translation) VALUES (313, "squeak");
INSERT INTO `wced_translation` (entryid, translation) VALUES (313, "creak");
INSERT INTO `wced_entry` VALUES (314, "agutnga", "16", "<entry page=""16"" id=""314""><form id=""agutnga"" lang=""ceb"">agutnga</form>
<hom role=""v""><pos>v</pos>
<sense n=""0""> <itype>[A; b6]</itype><trans> emit a somewhat prolonged <tr>grunt</tr> as when one is lifting a heavy load or has suffered pain. </trans>
<eg><i lang=""ceb"">Miagutnga siya sa kabug-at sa íyang gipas-an,</i><trans> He groaned under the load he was carrying. </trans></eg>
</sense></hom>
<hom role=""n""><pos>n</pos>
<sense n=""0""><trans> grunt.
</trans>
</sense></hom></entry>");
INSERT INTO `wced_head` (entryid, head, normalized_head, type, pos) VALUES (314, "agutnga", "agutnga", "m", "vn");
INSERT INTO `wced_translation` (entryid, translation) VALUES (314, "grunt");
INSERT INTO `wced_entry` VALUES (315, "agut-ut1", "16", "<entry page=""16"" id=""315""><form id=""agut-ut"" lang=""ceb"">agut-ut<sub>1</sub></form>
<hom role=""n""><pos>n</pos>
<sense n=""0""><trans> <tr>squeaking</tr> sound like that made by chewing on meat. </trans>
</sense></hom>
<hom role=""v""><pos>v</pos>
<sense n=""0""> <itype>[A]</itype><trans> make a squeaking sound.
</trans>
</sense></hom></entry>");
INSERT INTO `wced_head` (entryid, head, normalized_head, type, pos) VALUES (315, "agut-ut", "agut-ut", "s", "nv");
INSERT INTO `wced_translation` (entryid, translation) VALUES (315, "squeaking");
INSERT INTO `wced_entry` VALUES (316, "agut-ut2", "16", "<entry page=""16"" id=""316""><form id=""agut-ut2"" lang=""ceb"">agut-ut<sub>2</sub></form>
<hom role=""a""><pos>a</pos>
<sense n=""0""><trans> <tr>stunted</tr> in growth. </trans>
</sense></hom>
<hom role=""v""><pos>v</pos>
<sense n=""0""> <itype>[B; a]</itype><trans> be stunted in growth. </trans>
<eg><i lang=""ceb"">Nagkaagut-ut ang mga tanum kay kúlang na sa tambuk ang yútà,</i><trans> The plants are coming out stunted because the soil is infertile.
</trans></eg>
</sense></hom></entry>");
INSERT INTO `wced_head` (entryid, head, normalized_head, type, pos) VALUES (316, "agut-ut", "agut-ut", "s", "av");
INSERT INTO `wced_translation` (entryid, translation) VALUES (316, "stunted");
INSERT INTO `wced_entry` VALUES (317, "agut-ut3", "16", "<entry page=""16"" id=""317""><form id=""agut-ut3"" lang=""ceb"">agut-ut<sub>3</sub></form>
<hom role=""a""><pos>a</pos>
<sense n=""0""><trans> <tr>painful</tr> in a throbbing, gnawing way. </trans>
</sense></hom>
<hom role=""v""><pos>v</pos>
<sense n=""0""> <itype>[B46; b4]</itype><trans> be throbbingly painful. </trans>
<eg><i lang=""ceb"">Nag-agut-ut ang ákung hubag,</i><trans> My boil is giving me a gnawing pain. </trans></eg>
<eg><i lang=""ceb"">Muhílak ku ug agut-utan ku sa ákung upirasyun,</i><trans> I cry if the wound from my operation gnaws painfully.
</trans></eg>
</sense></hom></entry>");
INSERT INTO `wced_head` (entryid, head, normalized_head, type, pos) VALUES (317, "agut-ut", "agut-ut", "s", "av");
INSERT INTO `wced_translation` (entryid, translation) VALUES (317, "painful");
INSERT INTO `wced_entry` VALUES (318, "aguut", "16", "<entry page=""16"" id=""318""><form id=""aguxut"" lang=""ceb"">agúut</form>
<hom role=""a""><pos>a</pos>
<sense n=""0""><trans> for s.t. soft or smooth to have a sandy, gritty texture because of improper cooking or some hard materials mixed in with it. </trans>
<eg><i lang=""ceb"">Agúut pa kaáyu ning kan-un, pataudtauri pa,</i><trans> This rice is still hard in the center. Leave it on a little longer. </trans></eg>
</sense></hom>
<hom role=""v""><pos>v</pos>
<sense n=""0""> <itype>[B; b6]</itype><trans> be <tr>gritty</tr>. </trans>
<eg><i lang=""ceb"">Nag-agúut ang ginamus sa balas,</i><trans> The fish paste is gritty because of the sand.
</trans></eg>
</sense></hom></entry>");
INSERT INTO `wced_head` (entryid, head, normalized_head, type, pos) VALUES (318, "agúut", "aguut", "m", "av");
INSERT INTO `wced_translation` (entryid, translation) VALUES (318, "gritty");
INSERT INTO `wced_entry` VALUES (319, "aguy", "16", "<entry page=""16"" id=""319""><form id=""aguy"" lang=""ceb"">aguy</form>
<hom>
<sense n=""1""><number>1</number><trans> <tr>ouch</tr>! </trans>
<eg><i lang=""ceb"">Aguy, sakíta! Nasuyuran kus buyug,</i><trans> Ouch! It hurts. I was stung by a wasp! </trans></eg>
</sense>
<sense n=""2""><number>2</number><trans> particle expressing pleasant surprise. </trans>
<eg><i lang=""ceb"">Aguy! Dúna diay kuy bag-ung sapátus<corr sic=""."">,</corr></i><trans> <ix>Yipee!</ix> I have a new pair of shoes! </trans></eg>
</sense></hom>
<hom role=""v""><pos>v</pos>
<sense n=""0""> <itype>[A]</itype><trans> shout <ix>aguy.</ix>
</trans>
</sense></hom></entry>");
INSERT INTO `wced_head` (entryid, head, normalized_head, type, pos) VALUES (319, "aguy", "aguy", "m", "v");
INSERT INTO `wced_translation` (entryid, translation) VALUES (319, "ouch");
INSERT INTO `wced_entry` VALUES (320, "aguyangyang1", "16", "<entry page=""16"" id=""320""><form id=""aguyangyang"" lang=""ceb"">aguyangyang<sub>1</sub></form>
<hom role=""n""><pos>n</pos>
<sense n=""0""><trans> a k.o. poisonous field <tr>spider</tr> with a red tip at the abdomen.
</trans>
</sense></hom></entry>");
INSERT INTO `wced_head` (entryid, head, normalized_head, type, pos) VALUES (320, "aguyangyang", "aguyangyang", "s", "n");
INSERT INTO `wced_translation` (entryid, translation) VALUES (320, "spider");
INSERT INTO `wced_entry` VALUES (321, "aguyangyang2", "16", "<entry page=""16"" id=""321""><form id=""aguyangyang2"" lang=""ceb"">aguyangyang<sub>2</sub></form>
<hom role=""n""><pos>n</pos>
<sense n=""0""><trans> k.o. wild annual <tr>vine</tr> that bears small, poisonous beans which are hard and red with a black tip. The beans are used ornamentally and medicinally: <bio>Abrus precatorius</bio>.

</trans>
</sense></hom></entry>");
INSERT INTO `wced_head` (entryid, head, normalized_head, type, pos) VALUES (321, "aguyangyang", "aguyangyang", "s", "n");
INSERT INTO `wced_translation` (entryid, translation) VALUES (321, "vine");
INSERT INTO `wced_entry` VALUES (322, "agwa", "16", "<entry page=""16"" id=""322""><form id=""agwa"" lang=""ceb"">agwa</form>
<hom role=""n""><pos>n</pos>
<sense n=""0""><trans> <tr>perfume</tr>, <tr>lotion</tr>. </trans>
</sense></hom>
<entry><form id=""agwa_bindixta"" lang=""ceb""><abbr expan=""agwa"" type=""lemma"">—</abbr> bindíta</form>
<hom role=""n""><pos>n</pos>
<sense n=""0""><trans> <tr>holy water</tr>. </trans>
</sense></hom>
<hom role=""v""><pos>v</pos>
<sense n=""1""><number>1</number> <itype>[A; b6]</itype><trans> apply perfume to s.o. </trans>
</sense>
<sense n=""2""><number>2</number> <itype>[A12]</itype><trans> get perfume. </trans>
</sense></hom></entry>
<entry><form id=""pangagwa"" lang=""ceb""><abbr expan=""pangagwa"" type=""lemma"">paN-</abbr></form>
<hom role=""v""><pos>v</pos>
<sense n=""0""> <itype>[A2]</itype><trans> use perfume. </trans>
<eg><i lang=""ceb"">Humut ka dà. Nangagwa ka ba?</i><trans> You smell nice. Are you using perfume? </trans></eg>
</sense></hom></entry>
<entry><form id=""agwahan"" lang=""ceb"">agwahan</form>
<hom role=""n""><pos>n</pos>
<sense n=""0""><trans> <tr>perfume atomizer</tr>. </trans>
</sense></hom></entry>
<entry><form id=""agwa_uksinaxda"" lang=""ceb""><abbr expan=""agwa"" type=""lemma"">—</abbr> uksináda</form>
<hom role=""n""><pos>n</pos>
<sense n=""0""><trans> <tr>hydrogen peroxide</tr>.
</trans>
</sense></hom></entry></entry>");
INSERT INTO `wced_head` (entryid, head, normalized_head, type, pos) VALUES (322, "agwa", "agwa", "m", "n");
INSERT INTO `wced_head` (entryid, head, normalized_head, type, pos) VALUES (322, "agwa bindíta", "agwa bindita", "s", "nv");
INSERT INTO `wced_head` (entryid, head, normalized_head, type, pos) VALUES (322, "pangagwa", "pangagwa", "s", "v");
INSERT INTO `wced_head` (entryid, head, normalized_head, type, pos) VALUES (322, "agwahan", "agwahan", "s", "n");
INSERT INTO `wced_head` (entryid, head, normalized_head, type, pos) VALUES (322, "agwa uksináda", "agwa uksinada", "s", "n");
INSERT INTO `wced_translation` (entryid, translation) VALUES (322, "perfume");
INSERT INTO `wced_translation` (entryid, translation) VALUES (322, "lotion");
INSERT INTO `wced_translation` (entryid, translation) VALUES (322, "holy water");
INSERT INTO `wced_translation` (entryid, translation) VALUES (322, "perfume atomizer");
INSERT INTO `wced_translation` (entryid, translation) VALUES (322, "hydrogen peroxide");
INSERT INTO `wced_entry` VALUES (323, "agwada", "16", "<entry page=""16"" id=""323""><form id=""agwaxda"" lang=""ceb"">agwáda</form>
<hom role=""v""><pos>v</pos>
<sense n=""0""> <itype>[A; a2]</itype><trans> <tr>fetch</tr> water. </trans>
<eg><i lang=""ceb"">Agwadáhan lang tikag túbig,</i><trans> I’ll fetch water for you. </trans></eg>
</sense></hom>
<entry><form id=""pangagwaxda"" lang=""ceb""><abbr expan=""pangagwáda"" type=""lemma"">paN-</abbr></form>
<hom role=""v""><pos>v</pos>
<sense n=""0""> <itype>[A2]</itype><trans> fetch water for a fee. </trans>
</sense></hom>
<hom role=""n""><pos>n</pos>
<sense n=""0""><trans> the occupation of fetching water. </trans>
<eg><i lang=""ceb"">Makasapì pud siyag diyútay sa pangagwáda,</i><trans> He can earn a little money in fetching water.†
<pb n=""17""/>
</trans></eg>
</sense></hom></entry></entry>");
INSERT INTO `wced_head` (entryid, head, normalized_head, type, pos) VALUES (323, "agwáda", "agwada", "m", "v");
INSERT INTO `wced_head` (entryid, head, normalized_head, type, pos) VALUES (323, "pangagwáda", "pangagwada", "s", "vn");
INSERT INTO `wced_translation` (entryid, translation) VALUES (323, "fetch");
INSERT INTO `wced_entry` VALUES (324, "agwadu", "17", "<entry page=""17"" id=""324""><form id=""agwaxdu"" lang=""ceb"">agwádu</form>
<hom role=""a""><pos>a</pos>
<sense n=""0""><trans> <tr>watery</tr>, of a thin mixture. </trans>
<eg><i lang=""ceb"">Pagkaagwádu sa ímung tsukuláti, mu rag hinúgas,</i><trans> How watery your chocolate is. It is like dishwater. </trans></eg>
</sense></hom>
<hom role=""v""><pos>v</pos>
<sense n=""0""> <itype>[A; a12]</itype><trans> make a thin mixture.†
</trans>
</sense></hom></entry>");
INSERT INTO `wced_head` (entryid, head, normalized_head, type, pos) VALUES (324, "agwádu", "agwadu", "m", "av");
INSERT INTO `wced_translation` (entryid, translation) VALUES (324, "watery");
INSERT INTO `wced_entry` VALUES (325, "agwadur", "17", "<entry page=""17"" id=""325""><form id=""agwadur"" lang=""ceb"">agwadur</form>
<hom role=""n""><pos>n</pos>
<sense n=""0""><trans> <tr>water vendor</tr>. </trans>
</sense></hom>
<hom role=""v""><pos>v</pos>
<sense n=""0""> <itype>[B156]</itype><trans> be a water vendor.


</trans>
</sense></hom></entry>");
INSERT INTO `wced_head` (entryid, head, normalized_head, type, pos) VALUES (325, "agwadur", "agwadur", "m", "nv");
INSERT INTO `wced_translation` (entryid, translation) VALUES (325, "water vendor");
INSERT INTO `wced_entry` VALUES (326, "agwanta", "17", "<entry page=""17"" id=""326""><form id=""agwanta"" lang=""ceb"">agwanta</form>
<hom role=""v""><pos>v</pos>
<sense n=""1""><number>1</number> <itype>[A; a12]</itype><trans> <tr>endure</tr>, put up with. </trans>
<eg><i lang=""ceb"">Walay pawntinping muagwanta ánang ímung ginawian,</i><trans> No pen can last the way you are using it. </trans></eg>
<eg><i lang=""ceb"">Dì kung kaagwanta níya,</i><trans> I cannot stand her. </trans></eg>
<eg><i lang=""ceb"">Agwantahun lang nátù ang kagútum,</i><trans> We’ll just endure our hunger. </trans></eg>
</sense>
<sense n=""2""><number>2</number> <itype>[A; b5]</itype><trans> put up with. </trans>
<eg><i lang=""ceb"">Bisag bagìbian ang asáwa, agwantahan (agwantahun) ku na lang,</i><trans> My wife is a shrew, but I’ll just put up with her. </trans></eg>
</sense></hom>
<entry><form id=""agwanta_nga"" lang=""ceb""><abbr expan=""agwanta"" type=""lemma"">—</abbr> nga</form>
<hom>
<sense n=""0""><trans> how very. </trans>
<eg><i lang=""ceb"">Agwantang lisúra,</i><trans> My! How difficult it is! </trans></eg>
</sense></hom></entry>
<entry><form id=""agwanta_muy"" lang=""ceb""><abbr expan=""agwanta"" type=""lemma"">—</abbr> muy</form>
<hom>
<sense n=""0""><trans> Can you imagine! </trans>
<eg><i lang=""ceb"">Agwanta mu bay mupalit ug kadilak mukás dáyun!</i><trans> Can you imagine? He bought a Cadillac for cash! </trans></eg>
</sense></hom></entry>
<entry><form id=""agwantadu_agwantadur"" lang=""ceb""><abbr expan=""agwantadu"" type=""lemma"">-du</abbr>, <abbr expan=""agwantadur"" type=""lemma"">-dur(→)</abbr></form>
<hom role=""a""><pos>a</pos>
<sense n=""0""><trans> able to endure. </trans>
<eg><i lang=""ceb"">Agwantadur ang tagabaryu sa trabáhu,</i><trans> Village folk can endure hard work. <ix>see also</ix> †<xr lang=""ceb"" target=""#marixya""><sc>maríya</sc></xr>.
</trans></eg>
</sense></hom></entry></entry>");
INSERT INTO `wced_head` (entryid, head, normalized_head, type, pos) VALUES (326, "agwanta", "agwanta", "m", "v");
INSERT INTO `wced_head` (entryid, head, normalized_head, type, pos) VALUES (326, "agwanta nga", "agwanta nga", "s", "");
INSERT INTO `wced_head` (entryid, head, normalized_head, type, pos) VALUES (326, "agwanta muy", "agwanta muy", "s", "");
INSERT INTO `wced_head` (entryid, head, normalized_head, type, pos) VALUES (326, "agwantadu", "agwantadu", "s", "a");
INSERT INTO `wced_head` (entryid, head, normalized_head, type, pos) VALUES (326, "agwantadur", "agwantadur", "s", "a");
INSERT INTO `wced_translation` (entryid, translation) VALUES (326, "endure");
INSERT INTO `wced_entry` VALUES (327, "agwardiyinti", "17", "<entry page=""17"" id=""327""><form id=""agwardiyinti"" lang=""ceb"">agwardiyinti</form>
<hom role=""n""><pos>n</pos>
<sense n=""0""><trans> refined alcohol, usually used in making liquor.
</trans>
</sense></hom></entry>");
INSERT INTO `wced_head` (entryid, head, normalized_head, type, pos) VALUES (327, "agwardiyinti", "agwardiyinti", "m", "n");
INSERT INTO `wced_entry` VALUES (328, "agwas", "17", "<entry page=""17"" id=""328""><form id=""agwas"" lang=""ceb"">agwas</form>
<hom role=""n""><pos>n</pos>
<sense n=""0""><trans> <tr>public water system</tr>. </trans>
<eg><i lang=""ceb"">Ámung túbig gíkan sa agwas,</i><trans> Our water comes from the public supply. </trans></eg>
</sense></hom>
<entry><form id=""agwas_putablis"" lang=""ceb""><abbr expan=""agwas"" type=""lemma"">—</abbr> putablis</form>
<hom>
<sense n=""0""><trans> = <xr lang=""ceb"" target=""#agwas""><sc>agwas</sc></xr>.
</trans>
</sense></hom></entry></entry>");
INSERT INTO `wced_head` (entryid, head, normalized_head, type, pos) VALUES (328, "agwas", "agwas", "m", "n");
INSERT INTO `wced_head` (entryid, head, normalized_head, type, pos) VALUES (328, "agwas putablis", "agwas putablis", "s", "");
INSERT INTO `wced_translation` (entryid, translation) VALUES (328, "public water system");
INSERT INTO `wced_entry` VALUES (329, "agwasil", "17", "<entry page=""17"" id=""329""><form id=""agwasil"" lang=""ceb"">agwasil</form>
<hom role=""n""><pos>n</pos>
<sense n=""0""><trans> = <xr lang=""ceb"" target=""#alguwasil""><sc>alguwasil</sc></xr>.
</trans>
</sense></hom></entry>");
INSERT INTO `wced_head` (entryid, head, normalized_head, type, pos) VALUES (329, "agwasil", "agwasil", "m", "n");
INSERT INTO `wced_entry` VALUES (330, "agwasun", "17", "<entry page=""17"" id=""330""><form id=""agwaxsun"" lang=""ceb"">agwásun</form>
<hom role=""n""><pos>n</pos>
<sense n=""0""><trans> k.o. large poisonous snake, black on the back and yellow-bellied.
</trans>
</sense></hom></entry>");
INSERT INTO `wced_head` (entryid, head, normalized_head, type, pos) VALUES (330, "agwásun", "agwasun", "m", "n");
INSERT INTO `wced_entry` VALUES (331, "ah", "17", "<entry page=""17"" id=""331""><form id=""ah"" lang=""ceb"">ah</form>
<hom>
<sense n=""0""><trans> particle expressing rejection or denial. </trans>
<eg><i lang=""ceb"">Ah! Dílì kanà mahímù,</i><trans> Oh! That’s impossible. </trans></eg>
<eg><i lang=""ceb"">Ah, dì ku. Kápuy,</i><trans> Oh, I don’t want to. It’s too much like work.
</trans></eg>
</sense></hom></entry>");
INSERT INTO `wced_head` (entryid, head, normalized_head, type, pos) VALUES (331, "ah", "ah", "m", "");
INSERT INTO `wced_entry` VALUES (332, "aha", "17", "<entry page=""17"" id=""332""><form id=""aha"" lang=""ceb"">aha</form>
<hom>
<sense n=""0""><trans> <tr>aha</tr>! </trans>
<eg><i lang=""ceb"">Aha! Nasakpan ka na giyud,</i><trans> Aha! At last I’ve caught you!
</trans></eg>
</sense></hom></entry>");
INSERT INTO `wced_head` (entryid, head, normalized_head, type, pos) VALUES (332, "aha", "aha", "m", "");
INSERT INTO `wced_translation` (entryid, translation) VALUES (332, "aha");
INSERT INTO `wced_entry` VALUES (333, "ahaan", "17", "<entry page=""17"" id=""333""><form id=""ahaxan"" lang=""ceb"">aháan</form>
<hom role=""n""><pos>n</pos>
<sense n=""0""><trans> k.o. blue-lined snapper: <bio>Lutianus rivulatus</bio>.
</trans>
</sense></hom></entry>");
INSERT INTO `wced_head` (entryid, head, normalized_head, type, pos) VALUES (333, "aháan", "ahaan", "m", "n");
INSERT INTO `wced_entry` VALUES (334, "ahag", "17", "<entry page=""17"" id=""334""><form id=""axhag"" lang=""ceb"">áhag</form>
<hom role=""v""><pos>v</pos>
<sense n=""0""> <itype>[A; a]</itype><trans> </trans>
</sense>
<sense n=""1""><number>1</number><trans> <tr>sift</tr> fine particles from coarser ones. </trans>
<eg><i lang=""ceb"">Ahágun ku ang ginaling kapi,</i><trans> I’ll sift the ground coffee. </trans></eg>
</sense>
<sense n=""2""><number>2</number><trans> shake the remaining grains out of rice straw. </trans>
<eg><i lang=""ceb"">Ahága ang uhut,</i><trans> Shake out the straw. </trans></eg>
</sense>
<sense n=""3""><number>3</number><trans> choose the best or biggest from a group. </trans>
<eg><i lang=""ceb"">Ikaw bay muáhag sa maáyung klásing isdà,</i><trans> You choose the best fish. </trans></eg>
</sense></hom>
<entry><form id=""axhagan"" lang=""ceb""><abbr expan=""áhagan"" type=""lemma"">-an</abbr></form>
<hom role=""n""><pos>n</pos>
<sense n=""0""><trans> <tr>sifter</tr> for milled corn.
</trans>
</sense></hom></entry></entry>");
INSERT INTO `wced_head` (entryid, head, normalized_head, type, pos) VALUES (334, "áhag", "ahag", "m", "v");
INSERT INTO `wced_head` (entryid, head, normalized_head, type, pos) VALUES (334, "áhagan", "ahagan", "s", "n");
INSERT INTO `wced_translation` (entryid, translation) VALUES (334, "sift");
INSERT INTO `wced_translation` (entryid, translation) VALUES (334, "sifter");
INSERT INTO `wced_entry` VALUES (335, "ahak", "17", "<entry page=""17"" id=""335""><form id=""axhak"" lang=""ceb"">áhak</form>
<hom role=""a""><pos>a</pos>
<sense n=""0""><trans> <tr>crazy</tr> (used only in exclamations).</trans>
<eg><i lang=""ceb""> Aháka sad nímu uy!</i><trans> You’re nuts! </trans></eg>
</sense></hom>
<hom role=""v""><pos>v</pos>
<sense n=""0""> <itype>[a4]</itype><trans> be crazy. </trans>
<eg><i lang=""ceb"">Gipabáyad kag singku? Giáhak,</i><trans> She made you pay five pesos? Is she out of her mind? </trans></eg>
<eg><i lang=""ceb"">Wà ku nímu sugta. Ahákun ka pa untà,</i><trans> You don’t accept me? I hope you go mad.
</trans></eg>
</sense></hom></entry>");
INSERT INTO `wced_head` (entryid, head, normalized_head, type, pos) VALUES (335, "áhak", "ahak", "m", "av");
INSERT INTO `wced_translation` (entryid, translation) VALUES (335, "crazy");
INSERT INTO `wced_entry` VALUES (336, "ahas1", "17", "<entry page=""17"" id=""336""><form id=""axhas"" lang=""ceb"">áhas<sub>1</sub></form>
<hom role=""v""><pos>v</pos>
<sense n=""0""> <itype>[A; a]</itype><trans> </trans>
</sense>
<sense n=""1""><number>1</number><trans> haul in a fishing net. </trans>
<eg><i lang=""ceb"">Ahásun ni Durik ug sayu ang íyang púkut,</i><trans> Doric will haul in his net early. </trans></eg>
</sense>
<sense n=""2""><number>2</number><trans> get s.t. from s.t. </trans>
<eg><i lang=""ceb"">Wà tay maáhas ug mangasáwa tag way kanghu,</i><trans> There’s no profit in marrying a poor woman.
</trans></eg>
</sense></hom></entry>");
INSERT INTO `wced_head` (entryid, head, normalized_head, type, pos) VALUES (336, "áhas", "ahas", "s", "v");
INSERT INTO `wced_entry` VALUES (337, "ahas2", "17", "<entry page=""17"" id=""337""><form id=""axhas2"" lang=""ceb"">áhas<sub>2</sub></form>
<hom role=""v""><pos>v</pos>
<sense n=""0""> <itype>[A12; c1]</itype><trans> separate husked from unhusked rice. </trans>
<eg><i lang=""ceb"">Ahása (iáhas) pag-alig-ig ang gilubuk,</i><trans> Separate the husked from the unhusked rice by shaking it.
</trans></eg>
</sense></hom></entry>");
INSERT INTO `wced_head` (entryid, head, normalized_head, type, pos) VALUES (337, "áhas", "ahas", "s", "v");
INSERT INTO `wced_entry` VALUES (338, "ahat", "17", "<entry page=""17"" id=""338""><form id=""ahat"" lang=""ceb"">ahat</form>
<hom role=""a""><pos>a</pos>
<sense n=""1""><number>1</number><trans> done before the proper time. </trans>
<eg><i lang=""ceb"">Ahat nga kamatáyun,</i><trans> <tr>Premature</tr> death. </trans></eg>
</sense>
<sense n=""2""><number>2</number><trans> <tr>forced</tr>. </trans>
<eg><i lang=""ceb"">Ahat nga pahiyum,</i><trans> A forced smile. </trans></eg>
<eg><i lang=""ceb"">Ahat nga pagkaminyù,</i><trans> Forced marriage. </trans></eg>
</sense></hom>
<hom role=""v""><pos>v</pos>
<sense n=""1""><number>1</number> <itype>[A23]</itype><trans> do s.t. suddenly and unexpectedly. </trans>
<eg><i lang=""ceb"">Giunsa man nímu tung bátà nga miahat <corr sic=""mag hílak"">maghílak</corr>?</i><trans> What did you do to the child that it cried suddenly? </trans></eg>
</sense>
<sense n=""2""><number>2</number> <itype>[B3(1); a12]</itype><trans> </trans>
</sense>
<sense n=""a""><number>a</number><trans> do s.t. before the proper time. </trans>
<eg><i lang=""ceb"">Kinsa may nag-ahat ug pùpù sa mangga?</i><trans> Who picked the mango prematurely? </trans></eg>
<eg><i lang=""ceb"">Naahat siyag pagkabut-an pagkamatay sa íyang amahan,</i><trans> He had to become a grown-up before his time, when his father died. </trans></eg>
</sense>
<sense n=""b""><number>b</number><trans> do s.t. at an inopportune time. </trans>
<eg><i lang=""ceb"">Nakaahat lang kug katáwa. Nangutut man gud ka!</i><trans> I couldn’t help laughing. You broke wind! </trans></eg>
</sense>
<sense n=""3""><number>3</number><trans> be forced into doing s.t. by circumstances. </trans>
<eg><i lang=""ceb"">Miahat kug huwam ug kwarta,</i><trans> I was forced to borrow money. </trans></eg>
</sense></hom>
<entry><form id=""athanay"" lang=""ceb"">athanay</form>
<hom role=""v""><pos>v</pos>
<sense n=""0""> <itype>[C3]</itype><trans> force each other to do s.t.
</trans>
</sense></hom></entry></entry>");
INSERT INTO `wced_head` (entryid, head, normalized_head, type, pos) VALUES (338, "ahat", "ahat", "m", "av");
INSERT INTO `wced_head` (entryid, head, normalized_head, type, pos) VALUES (338, "athanay", "athanay", "s", "v");
INSERT INTO `wced_translation` (entryid, translation) VALUES (338, "Premature");
INSERT INTO `wced_translation` (entryid, translation) VALUES (338, "forced");
INSERT INTO `wced_entry` VALUES (339, "ahaw", "17", "<entry page=""17"" id=""339""><form id=""ahaw"" lang=""ceb"">ahaw</form>
<hom role=""a""><pos>a</pos>
<sense n=""0""><trans> lacking entirely. </trans>
<eg><i lang=""ceb"">Ahaw sa tanum ang yútà nga palanas,</i><trans> The rocky area is bare of plants. </trans></eg>
<eg><i lang=""ceb"">Ahaw ang bátà sa pagpanggà sa inahan,</i><trans> The child lacks a mother’s love. </trans></eg>
</sense></hom>
<hom role=""n""><pos>n</pos>
<sense n=""0""><trans> vegetable cooked with no meat or other condiments except, perhaps, tomatoes, onions, and salt. </trans>
</sense></hom>
<hom role=""v""><pos>v</pos>
<sense n=""1""><number>1</number> <itype>[B1; b6]</itype><trans> <tr>be empty</tr>, lacking. </trans>
<eg><i lang=""ceb"">Nag-ahaw ang ákung kinabúhì sukad aku papháa sa trabáhu,</i><trans> My life has been empty ever since I was fired. </trans></eg>
<eg><i lang=""ceb"">Giahawan aku sa ímung pangatarúngan,</i><trans> I consider your reasoning to be empty. </trans></eg>
</sense>
<sense n=""2""><number>2</number> <itype>[A13; a]</itype><trans> cook vegetables plain. </trans>
<eg><i lang=""ceb"">Ahawun ku ang útan,</i><trans> I will cook the vegetables plain.†
</trans></eg>
</sense></hom></entry>");
INSERT INTO `wced_head` (entryid, head, normalized_head, type, pos) VALUES (339, "ahaw", "ahaw", "m", "anv");
INSERT INTO `wced_translation` (entryid, translation) VALUES (339, "be empty");
INSERT INTO `wced_entry` VALUES (340, "ahay", "17", "<entry page=""17"" id=""340""><form id=""ahay"" lang=""ceb"">ahay</form>
<hom>
<sense n=""0""><trans> exclamation expressing utter tiredness or frustration. </trans>
<eg><i lang=""ceb"">Ahay, kapait ning walay ginikánan,</i><trans> My! How bitter it is not to have parents.
</trans></eg>
</sense></hom></entry>");
INSERT INTO `wced_head` (entryid, head, normalized_head, type, pos) VALUES (340, "ahay", "ahay", "m", "");
INSERT INTO `wced_entry` VALUES (341, "ahidris", "17", "<entry page=""17"" id=""341""><form id=""ahidris"" lang=""ceb"">ahidris</form>
<hom role=""n""><pos>n</pos>
<sense n=""0""><trans> <tr>chess</tr> set. </trans>
</sense></hom>
<hom role=""v""><pos>v</pos>
<sense n=""0""> <itype>[AC3; c3]</itype><trans> play chess. </trans>
</sense></hom>
<entry><form id=""ahidrisan"" lang=""ceb""><abbr expan=""ahidrisan"" type=""lemma"">-an(→)</abbr></form>
<hom role=""n""><pos>n</pos>
<sense n=""0""><trans> chessboard.
</trans>
</sense></hom></entry></entry>");
INSERT INTO `wced_head` (entryid, head, normalized_head, type, pos) VALUES (341, "ahidris", "ahidris", "m", "nv");
INSERT INTO `wced_head` (entryid, head, normalized_head, type, pos) VALUES (341, "ahidrisan", "ahidrisan", "s", "n");
INSERT INTO `wced_translation` (entryid, translation) VALUES (341, "chess");
INSERT INTO `wced_entry` VALUES (342, "ahinghu", "17", "<entry page=""17"" id=""342""><form id=""ahinghu"" lang=""ceb"">ahinghu</form>
<hom role=""n""><pos>n</pos>
<sense n=""0""><trans> tiny shrub grown in flower pots, not native to the Visayas: <bio>Crossostephium chinense</bio>.
</trans>
</sense></hom></entry>");
INSERT INTO `wced_head` (entryid, head, normalized_head, type, pos) VALUES (342, "ahinghu", "ahinghu", "m", "n");
INSERT INTO `wced_entry` VALUES (343, "ahinsiya", "17", "<entry page=""17"" id=""343""><form id=""ahinsiya"" lang=""ceb"">ahinsiya</form>
<hom role=""n""><pos>n</pos>
<sense n=""1""><number>1</number><trans> <tr>pawnshop</tr>. </trans>
</sense>
<sense n=""2""><number>2</number><trans> <tr>agency</tr>. </trans>
<eg><i lang=""ceb"">Ahinsiya sa trabáhu,</i><trans> Employment agency. </trans></eg>
</sense></hom>
<hom role=""v""><pos>v</pos>
<sense n=""0""> <itype>[A13]</itype><trans> open up a pawnshop.
</trans>
</sense></hom></entry>");
INSERT INTO `wced_head` (entryid, head, normalized_head, type, pos) VALUES (343, "ahinsiya", "ahinsiya", "m", "nv");
INSERT INTO `wced_translation` (entryid, translation) VALUES (343, "pawnshop");
INSERT INTO `wced_translation` (entryid, translation) VALUES (343, "agency");
INSERT INTO `wced_entry` VALUES (344, "ahinti", "17", "<entry page=""17"" id=""344""><form id=""ahinti"" lang=""ceb"">ahinti</form>
<hom role=""n""><pos>n</pos>
<sense n=""0""><trans> agent, one who sells on commission. </trans>
<eg><i lang=""ceb"">Níay ahinti sa sabun,</i><trans> There’s a man selling soap here. </trans></eg>
</sense></hom>
<hom role=""v""><pos>v</pos>
<sense n=""0""> <itype>[BN56; b6]</itype><trans> be a salesman on commission. </trans>
<eg><i lang=""ceb"">Ahintíhan ku ning ímung yútà,</i><trans> I’ll be your agent in selling the land. </trans></eg>
</sense></hom>
<entry><form id=""ahinti_sa_baxbuy"" lang=""ceb""><abbr expan=""ahinti"" type=""lemma"">—</abbr> sa bábuy</form>
<hom>
<sense n=""0""><trans> one with an AB (humorous).
<pb n=""18""/>
</trans>
</sense></hom></entry></entry>");
INSERT INTO `wced_head` (entryid, head, normalized_head, type, pos) VALUES (344, "ahinti", "ahinti", "m", "nv");
INSERT INTO `wced_head` (entryid, head, normalized_head, type, pos) VALUES (344, "ahinti sa bábuy", "ahinti sa babuy", "s", "");
INSERT INTO `wced_entry` VALUES (345, "ahitu", "18", "<entry page=""18"" id=""345""><form id=""ahixtu"" lang=""ceb"">ahítu</form>
<hom role=""n""><pos>n</pos>
<sense n=""0""><trans> marigold.
</trans>
</sense></hom></entry>");
INSERT INTO `wced_head` (entryid, head, normalized_head, type, pos) VALUES (345, "ahítu", "ahitu", "m", "n");
INSERT INTO `wced_entry` VALUES (346, "ahu", "18", "<entry page=""18"" id=""346""><form id=""axhuq"" lang=""ceb"">áhù</form>
<hom>
<sense n=""0""><trans> = <xr lang=""ceb"" target=""#axkuq""><sc>ákù</sc></xr>; <ix>see</ix> <xr lang=""ceb"" target=""#aku""><sc>aku</sc></xr>. </trans>
</sense></hom>
<entry><form id=""idyaidya_ahuaxhuq"" lang=""ceb"">idyaidya ahuáhù</form>
<hom>
<sense n=""0""><trans> <ix>see</ix> <xr lang=""ceb"" target=""#idyaidya""><sc>idyaidya</sc></xr>.
</trans>
</sense></hom></entry></entry>");
INSERT INTO `wced_head` (entryid, head, normalized_head, type, pos) VALUES (346, "áhù", "ahu", "m", "");
INSERT INTO `wced_head` (entryid, head, normalized_head, type, pos) VALUES (346, "idyaidya ahuáhù", "idyaidya ahuahu", "s", "");
INSERT INTO `wced_entry` VALUES (347, "ahug", "18", "<entry page=""18"" id=""347""><form id=""axhug"" lang=""ceb"">áhug</form>
<hom role=""v""><pos>v</pos>
<sense n=""0""> <itype>[AC; ac]</itype><trans> <tr>mix</tr> s.t. moist or wet with s.t. dry. </trans>
<eg><i lang=""ceb"">Nag-áhug ang gátas ug harína,</i><trans> The flour and the milk are mixed together. </trans></eg>
</sense></hom>
<entry><form id=""ahug"" lang=""ceb""><abbr expan=""ahug"" type=""lemma"">(→)</abbr></form>
<hom role=""n""><pos>n</pos>
<sense n=""0""><trans> <tr>mixture</tr>. </trans>
<eg><i lang=""ceb"">Gátas, harína, kámay. Hustu giyud nang ahug,</i><trans> Milk, flour, sugar are just the right mixture.
</trans></eg>
</sense></hom></entry></entry>");
INSERT INTO `wced_head` (entryid, head, normalized_head, type, pos) VALUES (347, "áhug", "ahug", "m", "v");
INSERT INTO `wced_head` (entryid, head, normalized_head, type, pos) VALUES (347, "ahug", "ahug", "s", "n");
INSERT INTO `wced_translation` (entryid, translation) VALUES (347, "mix");
INSERT INTO `wced_translation` (entryid, translation) VALUES (347, "mixture");
INSERT INTO `wced_entry` VALUES (348, "ahus", "18", "<entry page=""18"" id=""348""><form id=""axhus"" lang=""ceb"">áhus</form>
<hom role=""n""><pos>n</pos>
<sense n=""0""><trans> <tr>garlic</tr>. </trans>
</sense></hom>
<entry><form id=""ahus"" lang=""ceb""><abbr expan=""ahus"" type=""lemma"">(→)</abbr></form>
<hom role=""v""><pos>v</pos>
<sense n=""0""> <itype>[c]</itype><trans> season with garlic. </trans>
<eg><i lang=""ceb"">Dì ba nímu ahusan ang tinúlang isdà?</i><trans> Are you not going to season the stewed fish with garlic? </trans></eg>
</sense></hom></entry>
<entry><form id=""ahusan"" lang=""ceb""><abbr expan=""ahusan"" type=""lemma"">-an(→)</abbr></form>
<hom role=""n""><pos>n</pos>
<sense n=""0""><trans> garlic patch. </trans>
</sense></hom></entry>
<entry><form id=""ahus-axhus"" lang=""ceb"">ahus-áhus</form>
<hom role=""n""><pos>n</pos>
<sense n=""0""><trans> = <xr lang=""ceb"" target=""#awruxra2""><sc>awrúra<sub>2</sub></sc></xr>. </trans>
</sense></hom></entry>
<entry><form id=""ahus-ahus"" lang=""ceb"">ahus-ahus</form>
<hom role=""n""><pos>n</pos>
<sense n=""0""><trans> ornamental vine with purple flowers which smells somewhat like garlic. </trans>
</sense></hom></entry>
<entry><form id=""axhus_nga_putiq"" lang=""ceb""><abbr expan=""áhus"" type=""lemma"">—</abbr> nga putì</form>
<hom role=""n""><pos>n</pos>
<sense n=""0""><trans> k.o. ornamental bulb with white flowers.
</trans>
</sense></hom></entry></entry>");
INSERT INTO `wced_head` (entryid, head, normalized_head, type, pos) VALUES (348, "áhus", "ahus", "m", "n");
INSERT INTO `wced_head` (entryid, head, normalized_head, type, pos) VALUES (348, "ahus", "ahus", "s", "v");
INSERT INTO `wced_head` (entryid, head, normalized_head, type, pos) VALUES (348, "ahusan", "ahusan", "s", "n");
INSERT INTO `wced_head` (entryid, head, normalized_head, type, pos) VALUES (348, "ahus-áhus", "ahus-ahus", "s", "n");
INSERT INTO `wced_head` (entryid, head, normalized_head, type, pos) VALUES (348, "ahus-ahus", "ahus-ahus", "s", "n");
INSERT INTO `wced_head` (entryid, head, normalized_head, type, pos) VALUES (348, "áhus nga putì", "ahus nga puti", "s", "n");
INSERT INTO `wced_translation` (entryid, translation) VALUES (348, "garlic");
INSERT INTO `wced_entry` VALUES (349, "ak", "18", "<entry page=""18"" id=""349""><form id=""ak"" lang=""ceb"">ak</form>
<hom>
<sense n=""0""><trans> word used in writing to represent the sound of a blow.
</trans>
</sense></hom></entry>");
INSERT INTO `wced_head` (entryid, head, normalized_head, type, pos) VALUES (349, "ak", "ak", "m", "");
INSERT INTO `wced_entry` VALUES (350, "akaak", "18", "<entry page=""18"" id=""350""><form id=""akaxak"" lang=""ceb"">akáak</form>
<hom role=""v""><pos>v</pos>
<sense n=""0""> <itype>[A]</itype><trans> make a cracking sound, loud creaking sound. </trans>
<eg><i lang=""ceb"">Miakáak ang pultahan sa pag-abri námù,</i><trans> The door creaked (went <ix>aak</ix>) when we opened it.
</trans></eg>
</sense></hom></entry>");
INSERT INTO `wced_head` (entryid, head, normalized_head, type, pos) VALUES (350, "akáak", "akaak", "m", "v");
INSERT INTO `wced_entry` VALUES (351, "akab", "18", "<entry page=""18"" id=""351""><form id=""axkab"" lang=""ceb"">ákab</form>
<hom>
<sense n=""0""><trans> = <xr lang=""ceb"" target=""#abhak""><sc>abhak</sc></xr>.
</trans>
</sense></hom></entry>");
INSERT INTO `wced_head` (entryid, head, normalized_head, type, pos) VALUES (351, "ákab", "akab", "m", "");
INSERT INTO `wced_entry` VALUES (352, "akadimiya", "18", "<entry page=""18"" id=""352""><form id=""akadimixya"" lang=""ceb"">akadimíya</form>
<hom role=""n""><pos>n</pos>
<sense n=""0""><trans> <tr>academy</tr>.
</trans>
</sense></hom></entry>");
INSERT INTO `wced_head` (entryid, head, normalized_head, type, pos) VALUES (352, "akadimíya", "akadimiya", "m", "n");
INSERT INTO `wced_translation` (entryid, translation) VALUES (352, "academy");
INSERT INTO `wced_entry` VALUES (353, "ak-ak", "18", "<entry page=""18"" id=""353""><form id=""ak-ak"" lang=""ceb"">ak-ak</form>
<hom role=""v""><pos>v</pos>
<sense n=""0""> <itype>[A; a2]</itype><trans> peel, <tr>rip off</tr>, usually s.t. not flexible. </trans>
<eg><i lang=""ceb"">Ikaw bay muak-ak sa pánit sa káhuy?</i><trans> Will you strip the bark off the tree? </trans></eg>
<eg><i lang=""ceb"">Naak-ak ang lapalapa sa ákung sapátus,</i><trans> The sole of my shoe came off.
</trans></eg>
</sense></hom></entry>");
INSERT INTO `wced_head` (entryid, head, normalized_head, type, pos) VALUES (353, "ak-ak", "ak-ak", "m", "v");
INSERT INTO `wced_translation` (entryid, translation) VALUES (353, "rip off");
INSERT INTO `wced_entry` VALUES (354, "akal", "18", "<entry page=""18"" id=""354""><form id=""axkal"" lang=""ceb"">ákal</form>
<hom role=""a""><pos>a</pos>
<sense n=""0""><trans> bulging and bulky in the pocket or pocketbook. </trans>
</sense></hom>
<hom role=""v""><pos>v</pos>
<sense n=""0""> <itype>[B]</itype><trans> be bulgy. </trans>
<eg><i lang=""ceb"">Nag-ákal ang íyang bulsa sa batu,</i><trans> His pocket was bulging with rocks.
</trans></eg>
</sense></hom></entry>");
INSERT INTO `wced_head` (entryid, head, normalized_head, type, pos) VALUES (354, "ákal", "akal", "m", "av");
INSERT INTO `wced_entry` VALUES (355, "akasya", "18", "<entry page=""18"" id=""355""><form id=""akasya"" lang=""ceb"">akasya</form>
<hom role=""n""><pos>n</pos>
<sense n=""0""><trans> <tr>monkey-pod tree</tr>, a large tree extensively planted as shade tree and producing excellent lumber: <bio>Samanea saman</bio>. </trans>
</sense></hom>
<entry><form id=""akasyahan"" lang=""ceb"">akasyahan</form>
<hom role=""n""><pos>n</pos>
<sense n=""0""><trans> acacia tree stand.
</trans>
</sense></hom></entry></entry>");
INSERT INTO `wced_head` (entryid, head, normalized_head, type, pos) VALUES (355, "akasya", "akasya", "m", "n");
INSERT INTO `wced_head` (entryid, head, normalized_head, type, pos) VALUES (355, "akasyahan", "akasyahan", "s", "n");
INSERT INTO `wced_translation` (entryid, translation) VALUES (355, "monkey-pod tree");
INSERT INTO `wced_entry` VALUES (356, "akata, akatar", "18", "<entry page=""18"" id=""356""><form id=""akata_akatar"" lang=""ceb"">akata, akatar</form>
<hom role=""v""><pos>v</pos>
<sense n=""0""> <itype>[A; b5]</itype><trans> <tr>look after</tr>, take care of. </trans>
<eg><i lang=""ceb"">Kinsa may muakatar sa tigúlang ug muuban ku nímu?</i><trans> Who will look after the old man if I go with you? </trans></eg>
<eg><i lang=""ceb"">Ang táwung kasámuk ray akatahan (akatahun) dì giyud muhangtud,</i><trans> A man that has nothing to do except look for trouble will not live long.
</trans></eg>
</sense></hom></entry>");
INSERT INTO `wced_head` (entryid, head, normalized_head, type, pos) VALUES (356, "akata", "akata", "s", "v");
INSERT INTO `wced_head` (entryid, head, normalized_head, type, pos) VALUES (356, "akatar", "akatar", "s", "v");
INSERT INTO `wced_translation` (entryid, translation) VALUES (356, "look after");
INSERT INTO `wced_entry` VALUES (357, "akawntant", "18", "<entry page=""18"" id=""357""><form id=""akawntant"" lang=""ceb"">akawntant</form>
<hom role=""n""><pos>n</pos>
<sense n=""0""><trans> <tr>accountant</tr>. </trans>
</sense></hom>
<hom role=""v""><pos>v</pos>
<sense n=""0""> <itype>[B16]</itype><trans> be an accountant.
</trans>
</sense></hom></entry>");
INSERT INTO `wced_head` (entryid, head, normalized_head, type, pos) VALUES (357, "akawntant", "akawntant", "m", "nv");
INSERT INTO `wced_translation` (entryid, translation) VALUES (357, "accountant");
INSERT INTO `wced_entry` VALUES (358, "akba", "18", "<entry page=""18"" id=""358""><form id=""akba"" lang=""ceb"">akba</form>
<hom role=""v""><pos>v</pos>
<sense n=""1""><number>1</number> <itype>[B3(1); c]</itype><trans> lean on the chest with the arms hanging over the edge. </trans>
<eg><i lang=""ceb"">Nag-akba siya sa pasamánu samtang nagtambù sa sílung,</i><trans> She was leaning over the <corr sic=""bannister"">banister</corr> as she looked downstairs. </trans></eg>
</sense>
<sense n=""2""><number>2</number> <itype>[A; c1P]</itype><trans> carry s.o. with his chest just below or against the shoulder. </trans>
<eg><i lang=""ceb"">Iakba (akbaha, ipaakba) ang bátà arun manug-ab,</i><trans> Pick up the child with his chest facing you to burp him.
</trans></eg>
</sense></hom></entry>");
INSERT INTO `wced_head` (entryid, head, normalized_head, type, pos) VALUES (358, "akba", "akba", "m", "v");
INSERT INTO `wced_entry` VALUES (359, "akbay", "18", "<entry page=""18"" id=""359""><form id=""akbay"" lang=""ceb"">akbay</form>
<hom>
<sense n=""0""><trans> = <xr lang=""ceb"" target=""#alagbay""><sc>alagbay</sc></xr>.
</trans>
</sense></hom></entry>");
INSERT INTO `wced_head` (entryid, head, normalized_head, type, pos) VALUES (359, "akbay", "akbay", "m", "");
INSERT INTO `wced_entry` VALUES (360, "akbu", "18", "<entry page=""18"" id=""360""><form id=""akbuq"" lang=""ceb"">akbù</form>
<hom role=""v""><pos>v</pos>
<sense n=""0""> <itype>[A; a]</itype><trans> lean on the lower arms. </trans>
<eg><i lang=""ceb"">Nag-akbù siya sa bintánà,</i><trans> She’s in the window leaning on her arms. </trans></eg>
<eg><i lang=""ceb"">Ayaw ug akbúi nang balabag,</i><trans> Don’t lean on that rail. </trans></eg>
</sense></hom>
<entry><form id=""akbuaxnan"" lang=""ceb""><abbr expan=""akbuánan"" type=""lemma"">-anan</abbr></form>
<hom role=""n""><pos>n</pos>
<sense n=""0""><trans> <tr>rail</tr> over which one usually leans. </trans>
<eg><i lang=""ceb"">Akbuánan sa kumpisyunaryu,</i><trans> Confessional rail.
</trans></eg>
</sense></hom></entry></entry>");
INSERT INTO `wced_head` (entryid, head, normalized_head, type, pos) VALUES (360, "akbù", "akbu", "m", "v");
INSERT INTO `wced_head` (entryid, head, normalized_head, type, pos) VALUES (360, "akbuánan", "akbuanan", "s", "n");
INSERT INTO `wced_translation` (entryid, translation) VALUES (360, "rail");
INSERT INTO `wced_entry` VALUES (361, "akhab", "18", "<entry page=""18"" id=""361""><form id=""akhab"" lang=""ceb"">akhab</form>
<hom>
<sense n=""0""><trans> = <xr lang=""ceb"" target=""#abhak""><sc>abhak</sc></xr>.
</trans>
</sense></hom></entry>");
INSERT INTO `wced_head` (entryid, head, normalized_head, type, pos) VALUES (361, "akhab", "akhab", "m", "");
INSERT INTO `wced_entry` VALUES (362, "akin", "18", "<entry page=""18"" id=""362""><form id=""akin"" lang=""ceb"">akin</form>
<hom>
<sense n=""0""><trans> = <xr lang=""ceb"" target=""#nakinnaxkin""><sc>nakinnákin</sc></xr>.
</trans>
</sense></hom></entry>");
INSERT INTO `wced_head` (entryid, head, normalized_head, type, pos) VALUES (362, "akin", "akin", "m", "");
INSERT INTO `wced_entry` VALUES (363, "akip", "18", "<entry page=""18"" id=""363""><form id=""akip"" lang=""ceb"">akip</form>
<hom role=""v""><pos>v</pos>
<sense n=""0""> <itype>[B6; c1]</itype><trans> be <tr>included</tr>, <tr>include</tr> oneself in s.t. </trans>
<eg><i lang=""ceb"">Ang bátang mag-akip ug sulti sa dagkù way batásan,</i><trans> A child who joins in an adults’ conversation is ill-mannered. </trans></eg>
<eg><i lang=""ceb"">Kinsay nakaakip ug kúhà sa ákung papílis?</i><trans> Who accidentally took my papers along with his? </trans></eg>
</sense></hom>
<entry><form id=""akip-akipun"" lang=""ceb"">akip-akipun</form>
<hom role=""a""><pos>a</pos>
<sense n=""0""><trans> tending to include oneself in on things.
</trans>
</sense></hom></entry></entry>");
INSERT INTO `wced_head` (entryid, head, normalized_head, type, pos) VALUES (363, "akip", "akip", "m", "v");
INSERT INTO `wced_head` (entryid, head, normalized_head, type, pos) VALUES (363, "akip-akipun", "akip-akipun", "s", "a");
INSERT INTO `wced_translation` (entryid, translation) VALUES (363, "included");
INSERT INTO `wced_translation` (entryid, translation) VALUES (363, "include");
INSERT INTO `wced_entry` VALUES (364, "aklas", "18", "<entry page=""18"" id=""364""><form id=""aklas"" lang=""ceb"">aklas</form>
<hom role=""v""><pos>v</pos>
<sense n=""0""> <itype>[A; a2]</itype><trans> go on <tr>strike</tr>. </trans>
<eg><i lang=""ceb"">Ug dílì ta tugtan, aklásun nátù,</i><trans> If our demands are not met, we’ll strike. </trans></eg>
<eg><i lang=""ceb"">Giaklásan ang kumpaníya,</i><trans> They went on strike against the company. </trans></eg>
</sense></hom>
<hom role=""n""><pos>n</pos>
<sense n=""0""><trans> strike of workers.
</trans>
</sense></hom></entry>");
INSERT INTO `wced_head` (entryid, head, normalized_head, type, pos) VALUES (364, "aklas", "aklas", "m", "vn");
INSERT INTO `wced_translation` (entryid, translation) VALUES (364, "strike");
INSERT INTO `wced_entry` VALUES (365, "akmu", "18", "<entry page=""18"" id=""365""><form id=""akmuq"" lang=""ceb"">akmù</form>
<hom>
<sense n=""0""><trans> = <xr lang=""ceb"" target=""#akbuq""><sc>akbù</sc></xr>.
</trans>
</sense></hom></entry>");
INSERT INTO `wced_head` (entryid, head, normalized_head, type, pos) VALUES (365, "akmù", "akmu", "m", "");
INSERT INTO `wced_entry` VALUES (366, "akni", "18", "<entry page=""18"" id=""366""><form id=""akni"" lang=""ceb"">akni</form>
<hom role=""n""><pos>n</pos>
<sense n=""0""><trans> <tr>acne</tr>.
</trans>
</sense></hom></entry>");
INSERT INTO `wced_head` (entryid, head, normalized_head, type, pos) VALUES (366, "akni", "akni", "m", "n");
INSERT INTO `wced_translation` (entryid, translation) VALUES (366, "acne");
INSERT INTO `wced_entry` VALUES (367, "aknit", "18", "<entry page=""18"" id=""367""><form id=""aknit"" lang=""ceb"">aknit</form>
<hom role=""v""><pos>v</pos>
<sense n=""0""> <itype>[A; a2]</itype><trans> peel s.t. flexible off in such a way that it does not get torn. </trans>
<eg><i lang=""ceb"">Akníta ang silyu,</i><trans> Peel the stamps off carefully.
</trans></eg>
</sense></hom></entry>");
INSERT INTO `wced_head` (entryid, head, normalized_head, type, pos) VALUES (367, "aknit", "aknit", "m", "v");
INSERT INTO `wced_entry` VALUES (368, "aksi", "18", "<entry page=""18"" id=""368""><form id=""aksiq"" lang=""ceb"">aksì</form>
<hom role=""v""><pos>v</pos>
<sense n=""0""> <itype>[A; a]</itype><trans> <tr>tear off</tr> flexible material attached or pasted to s.t. </trans>
<eg><i lang=""ceb"">Wà níya aksía ang pahibalu nga gitaput sa bungbung,</i><trans> He didn’t rip off the poster pasted on the wall.
</trans></eg>
</sense></hom></entry>");
INSERT INTO `wced_head` (entryid, head, normalized_head, type, pos) VALUES (368, "aksì", "aksi", "m", "v");
INSERT INTO `wced_translation` (entryid, translation) VALUES (368, "tear off");
INSERT INTO `wced_entry` VALUES (369, "aksidinti", "18", "<entry page=""18"" id=""369""><form id=""aksidinti"" lang=""ceb"">aksidinti</form>
<hom role=""n""><pos>n</pos>
<sense n=""1""><number>1</number><trans> <tr>accident</tr>. </trans>
</sense>
<sense n=""2""><number>2</number><trans> accident, <tr>happenstance</tr>. </trans>
<eg><i lang=""ceb"">Aksidinti lang nga nagkítà mi,</i><trans> We just met by accident. </trans></eg>
</sense></hom>
<hom role=""v""><pos>v</pos>
<sense n=""0""> <itype>[B126]</itype><trans> have an accident. </trans>
<eg><i lang=""ceb"">Naaksidinti si Pidru,</i><trans> Pedro had an accident.
</trans></eg>
</sense></hom></entry>");
INSERT INTO `wced_head` (entryid, head, normalized_head, type, pos) VALUES (369, "aksidinti", "aksidinti", "m", "nv");
INSERT INTO `wced_translation` (entryid, translation) VALUES (369, "accident");
INSERT INTO `wced_translation` (entryid, translation) VALUES (369, "happenstance");
INSERT INTO `wced_entry` VALUES (370, "aksidu", "18", "<entry page=""18"" id=""370""><form id=""aksidu"" lang=""ceb"">aksidu</form>
<hom role=""n""><pos>n</pos>
<sense n=""0""><trans> <tr>acid</tr>, usually hydrochloric acid. </trans>
</sense></hom>
<hom role=""v""><pos>v</pos>
<sense n=""0""> <itype>[A]</itype><trans> put acid. </trans>
<eg><i lang=""ceb"">Aksiduhan nímug diyútay ang batiríya,</i><trans> Put a little acid in the battery. </trans></eg>
</sense></hom>
<entry><form id=""kaaxksidu"" lang=""ceb""><abbr expan=""kaáksidu"" type=""lemma"">ka-(←)</abbr></form>
<hom role=""v""><pos>v</pos>
<sense n=""0""> <itype>[A13]</itype><trans> get covered with acid.
</trans>
</sense></hom></entry></entry>");
INSERT INTO `wced_head` (entryid, head, normalized_head, type, pos) VALUES (370, "aksidu", "aksidu", "m", "nv");
INSERT INTO `wced_head` (entryid, head, normalized_head, type, pos) VALUES (370, "kaáksidu", "kaaksidu", "s", "v");
INSERT INTO `wced_translation` (entryid, translation) VALUES (370, "acid");
INSERT INTO `wced_entry` VALUES (371, "aksintu", "18", "<entry page=""18"" id=""371""><form id=""aksintu"" lang=""ceb"">aksintu</form>
<hom role=""n""><pos>n</pos>
<sense n=""0""><trans> <tr>accent</tr>, <tr>mark</tr>. </trans>
</sense></hom>
<hom role=""v""><pos>v</pos>
<sense n=""0""> <itype>[A3; b6]</itype><trans> put an accent, mark.
</trans>
</sense></hom></entry>");
INSERT INTO `wced_head` (entryid, head, normalized_head, type, pos) VALUES (371, "aksintu", "aksintu", "m", "nv");
INSERT INTO `wced_translation` (entryid, translation) VALUES (371, "accent");
INSERT INTO `wced_translation` (entryid, translation) VALUES (371, "mark");
INSERT INTO `wced_entry` VALUES (372, "aksiyun", "18", "<entry page=""18"" id=""372""><form id=""aksiyun"" lang=""ceb"">aksiyun</form>
<hom role=""n""><pos>n</pos>
<sense n=""1""><number>1</number><trans> <tr>action</tr>, <tr>movement</tr>. </trans>
</sense>
<sense n=""2""><number>2</number><trans> <tr>interest</tr> or part owned in a business. </trans>
<eg><i lang=""ceb"">May aksiyun siya sa Maníla Iliktrik,</i><trans> He has part interest in the Manila Electric Company. </trans></eg>
<eg><i lang=""ceb"">Usa lang ka aksiyun sa swipstik,</i><trans> One share of a lottery ticket. </trans></eg>
</sense></hom>
<hom role=""v""><pos>v</pos>
<sense n=""0""> <itype>[A2; b]</itype><trans> make a move to, show signs of doing s.t. </trans>
<eg><i lang=""ceb"">Wà makaaksiyun ug pamúlak ang tanum,</i><trans> The plants haven’t shown any signs of flowering yet. </trans></eg>
<eg><i lang=""ceb"">Giaksiyunan ku siyag pátid,</i><trans> I made a move to kick him. </trans></eg>
</sense></hom>
<entry><form id=""aksiyunista"" lang=""ceb""><abbr expan=""aksiyunista"" type=""lemma"">-ista</abbr></form>
<hom role=""n""><pos>n</pos>
<sense n=""0""><trans> one who has an interest or share in a business.
</trans>
</sense></hom></entry></entry>");
INSERT INTO `wced_head` (entryid, head, normalized_head, type, pos) VALUES (372, "aksiyun", "aksiyun", "m", "nv");
INSERT INTO `wced_head` (entryid, head, normalized_head, type, pos) VALUES (372, "aksiyunista", "aksiyunista", "s", "n");
INSERT INTO `wced_translation` (entryid, translation) VALUES (372, "action");
INSERT INTO `wced_translation` (entryid, translation) VALUES (372, "movement");
INSERT INTO `wced_translation` (entryid, translation) VALUES (372, "interest");
INSERT INTO `wced_entry` VALUES (373, "aksul", "18", "<entry page=""18"" id=""373""><form id=""aksul"" lang=""ceb"">aksul</form>
<hom role=""n""><pos>n</pos>
<sense n=""0""><trans> <tr>axle</tr>. </trans>
</sense></hom>
<hom role=""v""><pos>v</pos>
<sense n=""0""> <itype>[A13; a]</itype><trans> make into, supply with an axle. </trans>
<eg><i lang=""ceb"">Giaksúlan níya ang karumátag káhuy,</i><trans> He put a wooden axle on the cart.
</trans></eg>
</sense></hom></entry>");
INSERT INTO `wced_head` (entryid, head, normalized_head, type, pos) VALUES (373, "aksul", "aksul", "m", "nv");
INSERT INTO `wced_translation` (entryid, translation) VALUES (373, "axle");
INSERT INTO `wced_entry` VALUES (374, "akta", "18", "<entry page=""18"" id=""374""><form id=""akta"" lang=""ceb"">akta</form>
<hom role=""n""><pos>n</pos>
<sense n=""0""><trans> <tr>minutes</tr> of a business meeting.
</trans>
</sense></hom></entry>");
INSERT INTO `wced_head` (entryid, head, normalized_head, type, pos) VALUES (374, "akta", "akta", "m", "n");
INSERT INTO `wced_translation` (entryid, translation) VALUES (374, "minutes");
INSERT INTO `wced_entry` VALUES (375, "aktibidadis", "18", "<entry page=""18"" id=""375""><form id=""aktibidaxdis"" lang=""ceb"">aktibidádis</form>
<hom role=""n""><pos>n</pos>
<sense n=""0""><trans> <tr>activities</tr>.
<pb n=""19""/>
</trans>
</sense></hom></entry>");
INSERT INTO `wced_head` (entryid, head, normalized_head, type, pos) VALUES (375, "aktibidádis", "aktibidadis", "m", "n");
INSERT INTO `wced_translation` (entryid, translation) VALUES (375, "activities");
INSERT INTO `wced_entry` VALUES (376, "aktibista", "19", "<entry page=""19"" id=""376""><form id=""aktibista"" lang=""ceb"">aktibista</form>
<hom role=""n""><pos>n</pos>
<sense n=""0""><trans> political activist.
</trans>
</sense></hom></entry>");
INSERT INTO `wced_head` (entryid, head, normalized_head, type, pos) VALUES (376, "aktibista", "aktibista", "m", "n");
INSERT INTO `wced_entry` VALUES (377, "aktibu", "19", "<entry page=""19"" id=""377""><form id=""aktixbu"" lang=""ceb"">aktíbu</form>
<hom role=""a""><pos>a</pos>
<sense n=""0""><trans> <tr>active</tr>, energetic. </trans>
<eg><i lang=""ceb"">Aktíbu kaáyu ang inyung mga bátà,</i><trans> Your children are very active. </trans></eg>
<eg><i lang=""ceb"">Aktíbung mimbru,</i><trans> An active member. </trans></eg>
<eg><i lang=""ceb"">Bulkan nga aktíbu,</i><trans> An active volcano. </trans></eg>
<eg><i lang=""ceb"">Ingridiyinting aktíbu,</i><trans> An active ingredient. </trans></eg>
</sense></hom>
<hom role=""v""><pos>v</pos>
<sense n=""0""> <itype>[B2; b6]</itype><trans> get to be active.
</trans>
</sense></hom></entry>");
INSERT INTO `wced_head` (entryid, head, normalized_head, type, pos) VALUES (377, "aktíbu", "aktibu", "m", "av");
INSERT INTO `wced_translation` (entryid, translation) VALUES (377, "active");
INSERT INTO `wced_entry` VALUES (378, "akting", "19", "<entry page=""19"" id=""378""><form id=""akting"" lang=""ceb"">akting</form>
<hom role=""n""><pos>n</pos>
<sense n=""1""><number>1</number><trans> <tr>acting</tr>, functioning in a temporary capacity. </trans>
</sense>
<sense n=""2""><number>2</number><trans> way of acting. </trans>
<eg><i lang=""ceb"">Layhan ku sa akting ni Gluriya Rumíru,</i><trans> I like Gloria Romero’s acting.
</trans></eg>
</sense></hom></entry>");
INSERT INTO `wced_head` (entryid, head, normalized_head, type, pos) VALUES (378, "akting", "akting", "m", "n");
INSERT INTO `wced_translation` (entryid, translation) VALUES (378, "acting");
INSERT INTO `wced_entry` VALUES (379, "aktitud", "19", "<entry page=""19"" id=""379""><form id=""aktitud"" lang=""ceb"">aktitud</form>
<hom role=""n""><pos>n</pos>
<sense n=""0""><trans> <tr>attitude</tr>. </trans>
<eg><i lang=""ceb"">Ang aktitud sa mga táwu báhin sa prisidinti,</i><trans> The people’s attitude towards the president.
</trans></eg>
</sense></hom></entry>");
INSERT INTO `wced_head` (entryid, head, normalized_head, type, pos) VALUES (379, "aktitud", "aktitud", "m", "n");
INSERT INTO `wced_translation` (entryid, translation) VALUES (379, "attitude");
INSERT INTO `wced_entry` VALUES (380, "aktris", "19", "<entry page=""19"" id=""380""><form id=""aktris"" lang=""ceb"">aktris</form>
<hom role=""n""><pos>n</pos>
<sense n=""0""><trans> <tr>actress</tr>. </trans>
</sense></hom>
<hom role=""v""><pos>v</pos>
<sense n=""0""> <itype>[B156]</itype><trans> be an actress. </trans>
</sense></hom>
<entry><form id=""alaktrisun"" lang=""ceb""><abbr expan=""alaktrisun"" type=""lemma"">-l-un(→)</abbr></form>
<hom role=""a""><pos>a</pos>
<sense n=""0""><trans> having the looks or character of an actress. </trans>
<eg><i lang=""ceb"">Musalir sa pilikula si Tirya kay alaktrisun ug hitsúra,</i><trans> Terry will do well in the film because she has the appearance of an actress.
</trans></eg>
</sense></hom></entry></entry>");
INSERT INTO `wced_head` (entryid, head, normalized_head, type, pos) VALUES (380, "aktris", "aktris", "m", "nv");
INSERT INTO `wced_head` (entryid, head, normalized_head, type, pos) VALUES (380, "alaktrisun", "alaktrisun", "s", "a");
INSERT INTO `wced_translation` (entryid, translation) VALUES (380, "actress");
INSERT INTO `wced_entry` VALUES (381, "aktu", "19", "<entry page=""19"" id=""381""><form id=""aktu"" lang=""ceb"">aktu</form>
<hom role=""n""><pos>n</pos>
<sense n=""1""><number>1</number><trans> the <tr>act</tr> of doing s.t. </trans>
<eg><i lang=""ceb"">Ang tanang mga aktu sa simbahan pagabayran na,</i><trans> You have to pay for every church ceremony now. </trans></eg>
<eg><i lang=""ceb"">Nasakpan siya sa aktu,</i><trans> He was caught in the act. </trans></eg>
</sense>
<sense n=""1a""><number>1a</number><trans> acts in the church. </trans>
<eg><i lang=""ceb"">Aktu sa pagbásul, kuntrisiyun,</i><trans> Act of Contrition. </trans></eg>
</sense>
<sense n=""2""><number>2</number><trans> the time that s.t. happens. </trans>
<eg><i lang=""ceb"">Sa aksidinti tulu ang namatay sa aktu,</i><trans> In the accident three died on the spot. </trans></eg>
<eg><i lang=""ceb"">Ang táwu nga náa sa aktu sa kamatáyun dílì mamakak,</i><trans> A man does not lie when he is at the point of death. </trans></eg>
</sense>
<sense n=""3""><number>3</number><trans> acts of a legislative body. </trans>
</sense>
<sense n=""4""><number>4</number><trans> acts of a drama. </trans>
</sense></hom>
<hom role=""v""><pos>v</pos>
<sense n=""1""><number>1</number> <itype>[b4(1)]</itype><trans> be caught in doing an act. </trans>
<eg><i lang=""ceb"">Hiaktuhan siyang nangáwat,</i><trans> He was caught in the act of stealing. </trans></eg>
</sense>
<sense n=""2""><number>2</number> <itype>[A]</itype><trans> a engage in some action. </trans>
<eg><i lang=""ceb"">Ug muaktu siyag dautan, singgit,</i><trans> If he acts suspiciously, scream. </trans></eg>
</sense>
<sense n=""b""><number>b</number><trans> show signs of dying. </trans>
<eg><i lang=""ceb"">Ug muaktu na, ipatawag ku,</i><trans> If he shows signs of dying, send for me.
</trans></eg>
</sense></hom></entry>");
INSERT INTO `wced_head` (entryid, head, normalized_head, type, pos) VALUES (381, "aktu", "aktu", "m", "nv");
INSERT INTO `wced_translation` (entryid, translation) VALUES (381, "act");
INSERT INTO `wced_entry` VALUES (382, "aktur", "19", "<entry page=""19"" id=""382""><form id=""aktur"" lang=""ceb"">aktur</form>
<hom role=""n""><pos>n</pos>
<sense n=""0""><trans> <tr>actor</tr> on stage or screen. </trans>
</sense></hom>
<hom role=""v""><pos>v</pos>
<sense n=""0""> <itype>[B156]</itype><trans> be an actor. </trans>
</sense></hom>
<entry><form id=""alakturun"" lang=""ceb""><abbr expan=""alakturun"" type=""lemma"">-l-un(→)</abbr></form>
<hom role=""a""><pos>a</pos>
<sense n=""0""><trans> be like an actor. </trans>
</sense></hom></entry>
<entry><form id=""aktur_kantur"" lang=""ceb""><abbr expan=""aktur"" type=""lemma"">—</abbr> kantur</form>
<hom role=""n""><pos>n</pos>
<sense n=""0""><trans> actor-singer.
</trans>
</sense></hom></entry></entry>");
INSERT INTO `wced_head` (entryid, head, normalized_head, type, pos) VALUES (382, "aktur", "aktur", "m", "nv");
INSERT INTO `wced_head` (entryid, head, normalized_head, type, pos) VALUES (382, "alakturun", "alakturun", "s", "a");
INSERT INTO `wced_head` (entryid, head, normalized_head, type, pos) VALUES (382, "aktur kantur", "aktur kantur", "s", "n");
INSERT INTO `wced_translation` (entryid, translation) VALUES (382, "actor");
INSERT INTO `wced_entry` VALUES (383, "aktuwal", "19", "<entry page=""19"" id=""383""><form id=""aktuwal"" lang=""ceb"">aktuwal</form>
<hom role=""n""><pos>n</pos></hom>
<entry><form id=""sa_aktuwal"" lang=""ceb"">sa <abbr expan=""aktuwal"" type=""lemma"">—</abbr></form>
<hom>
<sense n=""1""><number>1</number><trans> at the very moment. </trans>
<eg><i lang=""ceb"">Sa aktuwal na giyud siya midágan, gitirúhan dáyun,</i><trans> The very moment he made to run away, he was shot. </trans></eg>
</sense>
<sense n=""2""><number>2</number><trans> in person, in real life. </trans>
<eg><i lang=""ceb"">Sa aktuwal batan-un pa kay sa litrátu,</i><trans> He is younger looking in real life than in his picture. </trans></eg>
<eg><i lang=""ceb"">Isturiya lang nà. Dílì sa aktuwal,</i><trans> It’s just a story, not real.
</trans></eg>
</sense></hom></entry></entry>");
INSERT INTO `wced_head` (entryid, head, normalized_head, type, pos) VALUES (383, "aktuwal", "aktuwal", "m", "n");
INSERT INTO `wced_head` (entryid, head, normalized_head, type, pos) VALUES (383, "sa aktuwal", "sa aktuwal", "s", "");
INSERT INTO `wced_entry` VALUES (384, "aku", "19", "<entry page=""19"" id=""384""><form id=""aku"" lang=""ceb"">aku</form>
<hom>
<sense n=""0""><trans> <tr>I, me</tr>. </trans>
<eg><i lang=""ceb"">Aku lang,</i> Let me do it. <ix>Short form:</ix> <form id=""ku"" lang=""ceb"">ku</form><trans>. </trans></eg>
<eg><i lang=""ceb"">Adtu na ku (aku),</i><trans> I’m going now. </trans></eg>
</sense></hom>
<entry><form id=""ay_ku_nixmu"" lang=""ceb"">ay <abbr expan=""ku"" type=""lemma"">—</abbr> nímu</form>
<hom>
<sense n=""0""><trans> expression of helpless frustration at s.o.’s incompetence. </trans>
<eg><i lang=""ceb"">Ay ku nímu, undù. Mag-unsa man lang ka ug wà na ku,</i><trans> My God, son. What will you do when I am not around any more! </trans></eg>
</sense></hom></entry>
<entry><form id=""tig-akuaku"" lang=""ceb"">tig-akuaku</form>
<hom role=""a""><pos>a</pos>
<sense n=""0""><trans> always say ‘<ix>aku</ix>’. </trans>
<eg><i lang=""ceb"">Tig-akuaku ka man bisag dílì ka kamau,</i><trans> You don’t know how, but you keep saying ‘lemme’. </trans></eg>
</sense></hom></entry>
<entry><form id=""axkuq"" lang=""ceb"">ákù</form>
<hom>
<sense n=""1""><number>1</number><trans> <ix>preposed gen.:</ix> <tr>me</tr>, <tr>my</tr>. </trans>
<eg><i lang=""ceb"">Ákung anak,</i><trans> My child. </trans></eg>
<eg><i lang=""ceb"">Ákung gibása,</i><trans> I read it. </trans></eg>
</sense>
<sense n=""2""><number>2</number><trans> be mine. </trans>
<eg><i lang=""ceb"">Ákù nà,</i><trans> That is mine. </trans></eg>
<eg><i lang=""ceb"">Unsa may ákù niánà?</i><trans> What do I get out of that? </trans></eg>
</sense></hom>
<hom role=""v""><pos>v</pos>
<sense n=""0""> <itype>[B1256]</itype><trans> become mine. </trans>
<eg><i lang=""ceb"">Maákù ka na giyud,</i><trans> At last you will be mine. </trans></eg>
</sense></hom></entry>
<entry><form id=""axkuq_na"" lang=""ceb""><abbr expan=""ákù"" type=""lemma"">—</abbr> na</form>
<hom>
<sense n=""0""><trans> May I have to keep? </trans>
<eg><i lang=""ceb"">Ákù na nang kindi, ha?</i><trans> May I have that candy? </trans></eg>
</sense></hom></entry>
<entry><form id=""Ang_axkuq_gud"" lang=""ceb"">Ang <abbr expan=""ákù"" type=""lemma"">—</abbr> gud</form>
<hom>
<sense n=""1""><number>1</number><trans> what worries me. </trans>
<eg><i lang=""ceb"">Ang ákù gud ug dì siya kaanhi,</i><trans> What worries me is if he can’t come. </trans></eg>
</sense>
<sense n=""2""><number>2</number><trans> all I am concerned with, interested in. </trans>
<eg><i lang=""ceb"">Ang ákù gud nga makatinir kug pruyba,</i><trans> All I care about is that I can have proof. </trans></eg>
</sense></hom></entry>
<entry><form id=""maakuakuun"" lang=""ceb"">maakuakuun</form>
<hom role=""a""><pos>a</pos>
<sense n=""0""><trans> tending to want things for oneself. </trans>
</sense></hom></entry>
<entry><form id=""akuxa"" lang=""ceb"">akúa</form>
<hom>
<sense n=""0""><trans> mine as opposed to other things that are not. </trans>
<eg><i lang=""ceb"">Akúa nà,</i><trans> That one (as opposed to the others) is mine. </trans></eg>
</sense></hom></entry>
<entry><form id=""kanaxkuq"" lang=""ceb"">kanákù</form>
<hom>
<sense n=""0""><trans> <ix>dat.:</ix> <tr>me</tr>. </trans>
<eg><i lang=""ceb"">Ihátag kanákù,</i><trans> Give it to me. </trans></eg>
<eg><i lang=""ceb"">Nagtan-aw siya kanákù,</i><trans> He was looking at me. </trans></eg>
</sense></hom></entry>
<entry><form id=""ku"" lang=""ceb"">ku</form>
<hom>
<sense n=""1""><number>1</number> <ix>nom.</ix> (<ix>short for</ix> <form id=""aku"" lang=""ceb"">aku</form><trans>). </trans>
</sense>
<sense n=""2""><number>2</number><trans> <ix>gen.:</ix> = <xr lang=""ceb"" target=""#naxkuq""><sc>nákù</sc></xr>. </trans>
</sense></hom></entry>
<entry><form id=""naxkuq"" lang=""ceb"">nákù</form>
<hom>
<sense n=""1""><number>1</number><trans> <ix>gen.:</ix> <tr>my</tr>, by me. </trans>
<eg><i lang=""ceb"">Anak nákù,</i><trans> My son. </trans></eg>
<eg><i lang=""ceb"">Gibása nákù,</i><trans> I read it. </trans></eg>
</sense></hom></entry>
<entry><form id=""naxkuq_ug"" lang=""ceb""><abbr expan=""nákù"" type=""lemma"">—</abbr> ug</form>
<hom>
<sense n=""0""> (<ix>short for</ix> <form id=""gipakaingun_naxkuq"" lang=""ceb"">gipakaingun nákù</form><trans>) I thought. </trans>
<eg><i lang=""ceb"">Nákug muadtu ka,</i><trans> I thought you would go. </trans></eg>
</sense>
<sense n=""2""><number>2</number><trans> short for <xr lang=""ceb"" target=""#kanaxkuq""><sc>kanákù</sc></xr>.
</trans>
</sense></hom></entry></entry>");
INSERT INTO `wced_head` (entryid, head, normalized_head, type, pos) VALUES (384, "aku", "aku", "m", "");
INSERT INTO `wced_head` (entryid, head, normalized_head, type, pos) VALUES (384, "ku", "ku", "s", "");
INSERT INTO `wced_head` (entryid, head, normalized_head, type, pos) VALUES (384, "ay ku nímu", "ay ku nimu", "s", "");
INSERT INTO `wced_head` (entryid, head, normalized_head, type, pos) VALUES (384, "tig-akuaku", "tig-akuaku", "s", "a");
INSERT INTO `wced_head` (entryid, head, normalized_head, type, pos) VALUES (384, "ákù", "aku", "s", "v");
INSERT INTO `wced_head` (entryid, head, normalized_head, type, pos) VALUES (384, "ákù na", "aku na", "s", "");
INSERT INTO `wced_head` (entryid, head, normalized_head, type, pos) VALUES (384, "Ang ákù gud", "ang aku gud", "s", "");
INSERT INTO `wced_head` (entryid, head, normalized_head, type, pos) VALUES (384, "maakuakuun", "maakuakuun", "s", "a");
INSERT INTO `wced_head` (entryid, head, normalized_head, type, pos) VALUES (384, "akúa", "akua", "s", "");
INSERT INTO `wced_head` (entryid, head, normalized_head, type, pos) VALUES (384, "kanákù", "kanaku", "s", "");
INSERT INTO `wced_head` (entryid, head, normalized_head, type, pos) VALUES (384, "nákù", "naku", "s", "");
INSERT INTO `wced_head` (entryid, head, normalized_head, type, pos) VALUES (384, "nákù ug", "naku ug", "s", "");
INSERT INTO `wced_head` (entryid, head, normalized_head, type, pos) VALUES (384, "gipakaingun nákù", "gipakaingun naku", "s", "");
INSERT INTO `wced_translation` (entryid, translation) VALUES (384, "I");
INSERT INTO `wced_translation` (entryid, translation) VALUES (384, "me");
INSERT INTO `wced_translation` (entryid, translation) VALUES (384, "my");
INSERT INTO `wced_entry` VALUES (385, "aku", "19", "<entry page=""19"" id=""385""><form id=""axku"" lang=""ceb"">áku</form>
<hom>
<sense n=""0""><trans> (from <ix>aku</ix>) </trans>
</sense></hom>
<hom role=""v""><pos>v</pos>
<sense n=""0""> <itype>[A12]</itype><trans> </trans>
</sense>
<sense n=""1""><number>1</number><trans> stand to do s.t. </trans>
<eg><i lang=""ceb"">Dì ku kaákug tan-aw nímu,</i><trans> I cannot stand to look at you. </trans></eg>
</sense>
<sense n=""2""><number>2</number><trans> = <xr lang=""ceb"" target=""#pangaxku""><sc><abbr expan=""pangáku"" type=""lemma"">paN-</abbr></sc></xr>. </trans>
</sense></hom>
<entry><form id=""pangaxku"" lang=""ceb""><abbr expan=""pangáku"" type=""lemma"">paN-</abbr></form>
<hom role=""v""><pos>v</pos>
<sense n=""1""><number>1</number> <itype>[A2]</itype><trans> have nerve to do s.t. </trans>
<eg><i lang=""ceb"">Walà giyud ku makapangáku (makaáku) sa pagbuyag kang Maríya,</i><trans> I couldn’t gather the nerve to admonish Maria. </trans></eg>
</sense>
<sense n=""2""><number>2</number> <itype>[A2; b5]</itype><trans> do s.t. on one’s own responsibility. </trans>
<eg><i lang=""ceb"">Dílì ku mangáku sa pagpaandar sa makina,</i><trans> I will not take it on myself to start the engine. </trans></eg>
<eg><i lang=""ceb"">Ngánung gipangakúhan (gipangáku) man nímu <corr sic=""nag istrungkar"">nag-istrungkar</corr>?</i><trans> Why did you take it on yourself to take that apart? </trans></eg>
</sense></hom>
<hom role=""n""><pos>n</pos>
<sense n=""0""><trans> particular <tr>responsibility</tr> or <tr>task</tr>. </trans>
<eg><i lang=""ceb"">Dakù kaáyung pangáku sa lungsud ang pagtúkud sa simbahan,</i><trans> It was a great responsibility which the town undertook to build the church. </trans></eg>
</sense></hom></entry>
<entry><form id=""kaakuxhan_kapangakuxhan"" lang=""ceb"">kaakúhan, kapangakúhan</form>
<hom role=""n""><pos>n</pos>
<sense n=""0""><trans> <tr>responsibility</tr>. </trans>
<eg><i lang=""ceb"">Kaakúhan (kapangakúhan) sa usa ka amahan,</i><trans> A father’s responsibility. </trans></eg>
</sense></hom></entry>
<entry><form id=""akuakuhan_maakuakuhan_manggiakuakuhan"" lang=""ceb"">akuakuhan, maakuakuhan, manggiakuakuhan</form>
<hom role=""a""><pos>a</pos>
<sense n=""0""><trans> tending to take things on oneself one should not. </trans>
<eg><i lang=""ceb"">Akuakuhan kaáyu siya manlísù sa twirka,</i><trans> He likes to take it on himself to mess around with the screws. </trans></eg>
</sense></hom>
<hom role=""v""><pos>v</pos>
<sense n=""0""> <itype>[B12]</itype><trans> get to be so that one takes on things one should not.
</trans>
</sense></hom></entry></entry>");
INSERT INTO `wced_head` (entryid, head, normalized_head, type, pos) VALUES (385, "áku", "aku", "m", "v");
INSERT INTO `wced_head` (entryid, head, normalized_head, type, pos) VALUES (385, "pangáku", "pangaku", "s", "vn");
INSERT INTO `wced_head` (entryid, head, normalized_head, type, pos) VALUES (385, "kaakúhan", "kaakuhan", "s", "n");
INSERT INTO `wced_head` (entryid, head, normalized_head, type, pos) VALUES (385, "kapangakúhan", "kapangakuhan", "s", "n");
INSERT INTO `wced_head` (entryid, head, normalized_head, type, pos) VALUES (385, "akuakuhan", "akuakuhan", "s", "av");
INSERT INTO `wced_head` (entryid, head, normalized_head, type, pos) VALUES (385, "maakuakuhan", "maakuakuhan", "s", "av");
INSERT INTO `wced_head` (entryid, head, normalized_head, type, pos) VALUES (385, "manggiakuakuhan", "manggiakuakuhan", "s", "av");
INSERT INTO `wced_translation` (entryid, translation) VALUES (385, "responsibility");
INSERT INTO `wced_translation` (entryid, translation) VALUES (385, "task");
INSERT INTO `wced_entry` VALUES (386, "akub", "19", "<entry page=""19"" id=""386""><form id=""akub"" lang=""ceb"">akub</form>
<hom role=""v""><pos>v</pos>
<sense n=""0""> <itype>[AC; ac]</itype><trans> fit s.t. over s.t. else face to face so that the edges meet, or the edge of the cover overlaps the edges of the thing covered. </trans>
<eg><i lang=""ceb"">Kinsa may nag-akub sa nígu sa tabig?</i><trans> Who covered the clothes basket with a winnowing tray? </trans></eg>
<eg><i lang=""ceb"">Ang duha ka bagaw sa imbaw nag-ákub,</i><trans> The two shells of the clam fit together precisely. </trans></eg>
<eg><i lang=""ceb"">Akúba ang duha <pb n=""20""/>ka papil,</i><trans> Lay the two papers face to face with the edges even. </trans></eg>
<eg><i lang=""ceb"">Akbi ang pawntinpin,</i><trans> Put the top on the fountain pen. </trans></eg>
</sense></hom>
<entry><form id=""axkub"" lang=""ceb""><abbr expan=""ákub"" type=""lemma"">(←)</abbr></form>
<hom role=""n""><pos>n</pos>
<sense n=""0""><trans> things that fit against each other with the outer edges matching. </trans>
<eg><i lang=""ceb"">Duha ka ákub ang ílang kík,</i><trans> Their cake has two layers.
</trans></eg>
</sense></hom></entry></entry>");
INSERT INTO `wced_head` (entryid, head, normalized_head, type, pos) VALUES (386, "akub", "akub", "m", "v");
INSERT INTO `wced_head` (entryid, head, normalized_head, type, pos) VALUES (386, "ákub", "akub", "s", "n");
INSERT INTO `wced_entry` VALUES (387, "akud1", "20", "<entry page=""20"" id=""387""><form id=""axkud"" lang=""ceb"">ákud<sub>1</sub></form>
<hom role=""a""><pos>a</pos>
<sense n=""0""><trans> for the chest to be tight or heart to be heaving. </trans>
<eg><i lang=""ceb"">Nagsubsub ang ákud sa íyang dughan. Gihúbak na sad,</i><trans> Her wheezing fits in her chest intensified. She was having another asthma attack.
</trans></eg>
</sense></hom></entry>");
INSERT INTO `wced_head` (entryid, head, normalized_head, type, pos) VALUES (387, "ákud", "akud", "s", "a");
INSERT INTO `wced_entry` VALUES (388, "akud2", "20", "<entry page=""20"" id=""388""><form id=""axkud2"" lang=""ceb"">ákud<sub>2</sub></form>
<hom role=""v""><pos>v</pos>
<sense n=""0""> <itype>[AB126; b5]</itype><trans> <tr>disable</tr>, be disabled. </trans>
<eg><i lang=""ceb"">Naákud ang táwu nga nabalían sa páa,</i><trans> The man who broke his thigh became crippled. </trans></eg>
<eg><i lang=""ceb"">Akúrun (akúran) tikaw run yawáa ka,</i><trans> I’ll disable you, you devil. </trans></eg>
</sense></hom>
<entry><form id=""akud"" lang=""ceb""><abbr expan=""akud"" type=""lemma"">(→)</abbr></form>
<hom role=""n""><pos>n</pos>
<sense n=""0""><trans> <tr>cripple</tr>.
</trans>
</sense></hom></entry></entry>");
INSERT INTO `wced_head` (entryid, head, normalized_head, type, pos) VALUES (388, "ákud", "akud", "s", "v");
INSERT INTO `wced_head` (entryid, head, normalized_head, type, pos) VALUES (388, "akud", "akud", "s", "n");
INSERT INTO `wced_translation` (entryid, translation) VALUES (388, "disable");
INSERT INTO `wced_translation` (entryid, translation) VALUES (388, "cripple");
INSERT INTO `wced_entry` VALUES (389, "akudi", "20", "<entry page=""20"" id=""389""><form id=""akuxdi"" lang=""ceb"">akúdi</form>
<hom role=""v""><pos>v</pos>
<sense n=""0""> <itype>[A; b5c]</itype><trans> mind, <tr>take care</tr>, look after. </trans>
<eg><i lang=""ceb"">Maakúdi (maakudíhan) nákù ang tanan kung mga anak bísag wà kuy katábang,</i><trans> I can take care of all my children even without a helper. </trans></eg>
<eg><i lang=""ceb"">Akudíha, akudíhig maáyu nang ímung kabílin,</i><trans> Take good care of your inheritance.
</trans></eg>
</sense></hom></entry>");
INSERT INTO `wced_head` (entryid, head, normalized_head, type, pos) VALUES (389, "akúdi", "akudi", "m", "v");
INSERT INTO `wced_translation` (entryid, translation) VALUES (389, "take care");
INSERT INTO `wced_entry` VALUES (390, "akulitu", "20", "<entry page=""20"" id=""390""><form id=""akulitu"" lang=""ceb"">akulitu</form>
<hom role=""n""><pos>n</pos>
<sense n=""1""><number>1</number><trans> <tr>altar boy</tr>, server in a mass. </trans>
</sense>
<sense n=""2""><number>2</number><trans> one who is at a person’s beck and call and kowtows to him. </trans>
<eg><i lang=""ceb"">Ása man nà mudáut ni Markus. Akulitu man nà siya,</i><trans> He would never talk against Marcos. All he is is his yes-man. </trans></eg>
</sense></hom>
<hom role=""v""><pos>v</pos>
<sense n=""0""> <itype>[B56]</itype><trans> be a server.
</trans>
</sense></hom></entry>");
INSERT INTO `wced_head` (entryid, head, normalized_head, type, pos) VALUES (390, "akulitu", "akulitu", "m", "nv");
INSERT INTO `wced_translation` (entryid, translation) VALUES (390, "altar boy");
INSERT INTO `wced_entry` VALUES (391, "akumpaniing", "20", "<entry page=""20"" id=""391""><form id=""akumpaniing"" lang=""ceb"">akumpaniing</form>
<hom role=""n""><pos>n</pos>
<sense n=""0""><trans> one who stays with a patient in a hospital to look after his needs. </trans>
<eg><i lang=""ceb"">Kaning katríha pára sa akumpaniing,</i><trans> This bed is for the one who stays in the room with the patient to attend to him. </trans></eg>
</sense></hom>
<hom role=""v""><pos>v</pos>
<sense n=""0""> <itype>[B; a]</itype><trans> be, become the one who stays with a patient in a hospital to attend to his needs. </trans>
<eg><i lang=""ceb"">Giakumpaniing ku sa ámung silíngan nga naaksidinti,</i><trans> I went to the hospital to stay in the room with our neighbor that met an accident.
</trans></eg>
</sense></hom></entry>");
INSERT INTO `wced_head` (entryid, head, normalized_head, type, pos) VALUES (391, "akumpaniing", "akumpaniing", "m", "nv");
INSERT INTO `wced_entry` VALUES (392, "akumpaniyamintu", "20", "<entry page=""20"" id=""392""><form id=""akumpaniyamintu"" lang=""ceb"">akumpaniyamintu</form>
<hom role=""n""><pos>n</pos>
<sense n=""0""><trans> <tr>accompaniment</tr> in music.
</trans>
</sense></hom></entry>");
INSERT INTO `wced_head` (entryid, head, normalized_head, type, pos) VALUES (392, "akumpaniyamintu", "akumpaniyamintu", "m", "n");
INSERT INTO `wced_translation` (entryid, translation) VALUES (392, "accompaniment");
INSERT INTO `wced_entry` VALUES (393, "akumpaniyar", "20", "<entry page=""20"" id=""393""><form id=""akumpaniyar"" lang=""ceb"">akumpaniyar</form>
<hom role=""v""><pos>v</pos>
<sense n=""0""> <itype>[A; b]</itype><trans> </trans>
</sense>
<sense n=""1""><number>1</number><trans> <tr>accompany</tr> s.o. in music. </trans>
<eg><i lang=""ceb"">Akumpanyahi aku sa ímung sista,</i><trans> Accompany me with your guitar. </trans></eg>
</sense>
<sense n=""2""><number>2</number><trans> go with s.o. </trans>
<eg><i lang=""ceb"">Akumpanyahi ku didtu bi,</i><trans> Accompany me there.
</trans></eg>
</sense></hom></entry>");
INSERT INTO `wced_head` (entryid, head, normalized_head, type, pos) VALUES (393, "akumpaniyar", "akumpaniyar", "m", "v");
INSERT INTO `wced_translation` (entryid, translation) VALUES (393, "accompany");
INSERT INTO `wced_entry` VALUES (394, "akumplisi", "20", "<entry page=""20"" id=""394""><form id=""akumplixsi"" lang=""ceb"">akumplísi</form>
<hom role=""n""><pos>n</pos>
<sense n=""0""><trans> <tr>accomplice</tr>.
</trans>
</sense></hom></entry>");
INSERT INTO `wced_head` (entryid, head, normalized_head, type, pos) VALUES (394, "akumplísi", "akumplisi", "m", "n");
INSERT INTO `wced_translation` (entryid, translation) VALUES (394, "accomplice");
INSERT INTO `wced_entry` VALUES (395, "akup-akup", "20", "<entry page=""20"" id=""395""><form id=""akup-akup"" lang=""ceb"">akup-akup</form>
<hom role=""v""><pos>v</pos>
<sense n=""0""> <itype>[A3; a12]</itype><trans> <tr>monopolize</tr> a job, possession, or enjoyment of s.t. </trans>
<eg><i lang=""ceb"">Kinsay layhan mutábang nga muakup-akup man siya sa mga trabahuun?</i><trans> Who likes to help when he monopolizes all the work? </trans></eg>
<eg><i lang=""ceb"">Ayaw akup-akupa ang tanang duwáan,</i><trans> Don’t monopolize all of the toys.
</trans></eg>
</sense></hom></entry>");
INSERT INTO `wced_head` (entryid, head, normalized_head, type, pos) VALUES (395, "akup-akup", "akup-akup", "m", "v");
INSERT INTO `wced_translation` (entryid, translation) VALUES (395, "monopolize");
INSERT INTO `wced_entry` VALUES (396, "akurdiyun", "20", "<entry page=""20"" id=""396""><form id=""akurdiyun"" lang=""ceb"">akurdiyun</form>
<hom role=""n""><pos>n</pos>
<sense n=""0""><trans> <tr>accordion</tr>. </trans>
</sense></hom>
<hom role=""v""><pos>v</pos>
<sense n=""0""> <itype>[A]</itype><trans> play the accordion.
</trans>
</sense></hom></entry>");
INSERT INTO `wced_head` (entryid, head, normalized_head, type, pos) VALUES (396, "akurdiyun", "akurdiyun", "m", "nv");
INSERT INTO `wced_translation` (entryid, translation) VALUES (396, "accordion");
INSERT INTO `wced_entry` VALUES (397, "akusadu", "20", "<entry page=""20"" id=""397""><form id=""akusaxdu"" lang=""ceb"">akusádu</form>
<hom>
<sense n=""0""><trans> <ix>see</ix> <xr lang=""ceb"" target=""#akusar""><sc>akusar</sc></xr>.
</trans>
</sense></hom></entry>");
INSERT INTO `wced_head` (entryid, head, normalized_head, type, pos) VALUES (397, "akusádu", "akusadu", "m", "");
INSERT INTO `wced_entry` VALUES (398, "akusar", "20", "<entry page=""20"" id=""398""><form id=""akusar"" lang=""ceb"">akusar</form>
<hom role=""v""><pos>v</pos>
<sense n=""0""> <itype>[A; b5c1]</itype><trans> <tr>accuse</tr>. </trans>
<eg><i lang=""ceb"">Ayaw ku akusaha (akusahi, iakusar),</i><trans> Don’t accuse me. </trans></eg>
</sense></hom>
<entry><form id=""akusaxdu"" lang=""ceb"">akusádu</form>
<hom role=""n""><pos>n</pos>
<sense n=""0""><trans> one accused, <tr>defendant</tr>. </trans>
</sense></hom></entry>
<entry><form id=""akusasiyun"" lang=""ceb"">akusasiyun</form>
<hom role=""n""><pos>n</pos>
<sense n=""0""><trans> <tr>accusation</tr>.
</trans>
</sense></hom></entry></entry>");
INSERT INTO `wced_head` (entryid, head, normalized_head, type, pos) VALUES (398, "akusar", "akusar", "m", "v");
INSERT INTO `wced_head` (entryid, head, normalized_head, type, pos) VALUES (398, "akusádu", "akusadu", "s", "n");
INSERT INTO `wced_head` (entryid, head, normalized_head, type, pos) VALUES (398, "akusasiyun", "akusasiyun", "s", "n");
INSERT INTO `wced_translation` (entryid, translation) VALUES (398, "accuse");
INSERT INTO `wced_translation` (entryid, translation) VALUES (398, "defendant");
INSERT INTO `wced_translation` (entryid, translation) VALUES (398, "accusation");
INSERT INTO `wced_entry` VALUES (399, "akwaryum", "20", "<entry page=""20"" id=""399""><form id=""akwaryum"" lang=""ceb"">akwaryum</form>
<hom role=""n""><pos>n</pos>
<sense n=""0""><trans> <tr>aquarium</tr>.
</trans>
</sense></hom></entry>");
INSERT INTO `wced_head` (entryid, head, normalized_head, type, pos) VALUES (399, "akwaryum", "akwaryum", "m", "n");
INSERT INTO `wced_translation` (entryid, translation) VALUES (399, "aquarium");
INSERT INTO `wced_entry` VALUES (400, "akwintans", "20", "<entry page=""20"" id=""400""><form id=""akwintans"" lang=""ceb"">akwintans</form>
<hom role=""n""><pos>n</pos>
<sense n=""0""><trans> <tr>acquaintance</tr>. </trans>
</sense></hom>
<entry><form id=""akwintans_parti"" lang=""ceb""><abbr expan=""akwintans"" type=""lemma"">—</abbr> parti</form>
<hom role=""n""><pos>n</pos>
<sense n=""0""><trans> <tr>get-acquainted party</tr>.
</trans>
</sense></hom></entry></entry>");
INSERT INTO `wced_head` (entryid, head, normalized_head, type, pos) VALUES (400, "akwintans", "akwintans", "m", "n");
INSERT INTO `wced_head` (entryid, head, normalized_head, type, pos) VALUES (400, "akwintans parti", "akwintans parti", "s", "n");
INSERT INTO `wced_translation` (entryid, translation) VALUES (400, "acquaintance");
INSERT INTO `wced_translation` (entryid, translation) VALUES (400, "get-acquainted party");
INSERT INTO `wced_entry` VALUES (401, "akyut", "20", "<entry page=""20"" id=""401""><form id=""akyut"" lang=""ceb"">akyut</form>
<hom role=""a""><pos>a</pos>
<sense n=""0""><trans> <tr>acute</tr>, <tr>critical</tr> sickness. </trans>
</sense></hom>
<hom role=""v""><pos>v</pos>
<sense n=""0""> <itype>[B]</itype><trans> for a sickness to become acute. </trans>
<eg><i lang=""ceb"">Naakyut ang íyang apindisaytis,</i><trans> His appendicitis has gotten acute.
</trans></eg>
</sense></hom></entry>");
INSERT INTO `wced_head` (entryid, head, normalized_head, type, pos) VALUES (401, "akyut", "akyut", "m", "av");
INSERT INTO `wced_translation` (entryid, translation) VALUES (401, "acute");
INSERT INTO `wced_translation` (entryid, translation) VALUES (401, "critical");
INSERT INTO `wced_entry` VALUES (402, "*ala", "20", "<entry page=""20"" id=""402""><form id=""xxala"" lang=""ceb"">*ala</form>
<hom>
<sense n=""0""><trans> (not without <ix>l</ix>) </trans>
</sense></hom>
<entry><form id=""ala_uxna"" lang=""ceb""><abbr expan=""ala"" type=""lemma"">—</abbr> úna</form>
<hom>
<sense n=""1""><number>1</number><trans> <tr>one o’clock</tr>. </trans>
</sense>
<sense n=""2""><number>2</number><trans> <tr>going once</tr> (in auction). </trans>
<eg><i lang=""ceb"">Dusintus. Ala úna, alas dus, alas tris, sirtu,</i><trans> Two hundred. Going once, going twice, gone. </trans></eg>
</sense></hom>
<hom role=""v""><pos>v</pos>
<sense n=""0""> <itype>[B5; b]</itype><trans> <ix>see</ix> <xr lang=""ceb"" target=""#alas""><sc>alas<sub>1</sub></sc></xr>.
</trans>
</sense></hom></entry></entry>");
INSERT INTO `wced_head` (entryid, head, normalized_head, type, pos) VALUES (402, "ala", "ala", "s", "");
INSERT INTO `wced_head` (entryid, head, normalized_head, type, pos) VALUES (402, "ala úna", "ala una", "s", "v");
INSERT INTO `wced_translation` (entryid, translation) VALUES (402, "one o’clock");
INSERT INTO `wced_translation` (entryid, translation) VALUES (402, "going once");
INSERT INTO `wced_entry` VALUES (403, "ala", "20", "<entry page=""20"" id=""403""><form id=""Ála"" lang=""ceb"">Ála</form>
<hom>
<sense n=""0""><trans> (not without <ix>l</ix>) </trans>
</sense></hom>
<hom role=""n""><pos>n</pos>
<sense n=""0""><trans> <tr>Allah</tr>.
</trans>
</sense></hom></entry>");
INSERT INTO `wced_head` (entryid, head, normalized_head, type, pos) VALUES (403, "Ála", "ala", "m", "n");
INSERT INTO `wced_translation` (entryid, translation) VALUES (403, "Allah");
INSERT INTO `wced_entry` VALUES (404, "ala", "20", "<entry page=""20"" id=""404""><form id=""alaq"" lang=""ceb"">alà</form>
<hom role=""v""><pos>v</pos>
<sense n=""0""> <itype>[A13P; c6]</itype><trans> <tr>avoid</tr> engaging in certain activities, esp. eating proscribed foods. </trans>
<eg><i lang=""ceb"">Dì gánì ka mag-alà sa ímung pagkáun, dì ka giyud mamaáyu,</i><trans> If you don’t avoid eating proscribed foods, you will never get better. </trans></eg>
<eg><i lang=""ceb"">Kining ákung balatían mauy nakaalà (nakapaalà) nákù sa pagkalígù sa dágat,</i><trans> My ailment has kept me from bathing in the sea. </trans></eg>
</sense></hom>
<entry><form id=""walay_alaq"" lang=""ceb"">walay <abbr expan=""alà"" type=""lemma"">—</abbr></form>
<hom>
<sense n=""0""><trans> not avoiding things, esp. in eating. </trans>
<eg><i lang=""ceb"">Wà siyay alà. Mukáun bisag unsa,</i><trans> He’s not choosy. He’ll eat anything. </trans></eg>
</sense></hom></entry>
<entry><form id=""pangaxlaq"" lang=""ceb""><abbr expan=""pangálà"" type=""lemma"">paN-(←)</abbr></form>
<hom role=""v""><pos>v</pos>
<sense n=""1""><number>1</number> <itype>[A; b]</itype><trans> for pregnant women to conceive an intense desire for or dislike for s.t. </trans>
<eg><i lang=""ceb"">Si Íli nangálà sa ímung ilung, básin pag muliwat ang bátà,</i><trans> Ely has a great liking for your nose. Maybe her baby will get that nose. </trans></eg>
<eg><i lang=""ceb"">Manggang hilaw ang íyang gipangaláan,</i><trans> She had an intense craving for green mangoes. </trans></eg>
</sense>
<sense n=""2""><number>2</number> <itype>[A]</itype><trans> be in the early months of pregnancy. </trans>
<eg><i lang=""ceb"">Bag-u pa siyang nanganak, nangálà na pud,</i><trans> She just had a baby, but she’s pregnant again.
</trans></eg>
</sense></hom></entry></entry>");
INSERT INTO `wced_head` (entryid, head, normalized_head, type, pos) VALUES (404, "alà", "ala", "m", "v");
INSERT INTO `wced_head` (entryid, head, normalized_head, type, pos) VALUES (404, "walay alà", "walay ala", "s", "");
INSERT INTO `wced_head` (entryid, head, normalized_head, type, pos) VALUES (404, "pangálà", "pangala", "s", "v");
INSERT INTO `wced_translation` (entryid, translation) VALUES (404, "avoid");
INSERT INTO `wced_entry` VALUES (405, "ala", "20", "<entry page=""20"" id=""405""><form id=""axlaq"" lang=""ceb"">álà</form>
<hom role=""v""><pos>v</pos>
<sense n=""0""> <itype>[b]</itype><trans> be <tr>mistaken</tr> for another person. </trans>
<eg><i lang=""ceb"">Naaláan ku siyang kawatan,</i><trans> I mistook him for a thief.
</trans></eg>
</sense></hom></entry>");
INSERT INTO `wced_head` (entryid, head, normalized_head, type, pos) VALUES (405, "álà", "ala", "m", "v");
INSERT INTO `wced_translation` (entryid, translation) VALUES (405, "mistaken");
INSERT INTO `wced_entry` VALUES (406, "alabadu", "20", "<entry page=""20"" id=""406""><form id=""alabaxdu"" lang=""ceb"">alabádu</form>
<hom>
<sense n=""0""><trans> (not without <ix>l</ix>) </trans>
</sense></hom>
<hom role=""v""><pos>v</pos>
<sense n=""0""> <itype>[AN; c1]</itype><trans> say the final prayer in a novena, on any day. </trans>
<eg><i lang=""ceb"">Hápit na mahuman ang pangadyì kay nag-alabádu na,</i><trans> The prayer is about to end because they are offering the final prayer.
</trans></eg>
</sense></hom></entry>");
INSERT INTO `wced_head` (entryid, head, normalized_head, type, pos) VALUES (406, "alabádu", "alabadu", "m", "v");
INSERT INTO `wced_entry` VALUES (407, "alabanit", "20", "<entry page=""20"" id=""407""><form id=""alabanit"" lang=""ceb"">alabanit</form>
<hom>
<sense n=""0""><trans> = <xr lang=""ceb"" target=""#rabanit""><sc>rabanit</sc></xr>.
</trans>
</sense></hom></entry>");
INSERT INTO `wced_head` (entryid, head, normalized_head, type, pos) VALUES (407, "alabanit", "alabanit", "m", "");
INSERT INTO `wced_entry` VALUES (408, "alabihid", "20", "<entry page=""20"" id=""408""><form id=""alabixhid"" lang=""ceb"">alabíhid</form>
<hom role=""n""><pos>n</pos>
<sense n=""0""><trans> wild <tr>tree</tr> in same genus as <ix>siriguylas</ix> with sour leaves and fruits: <bio>Spondias pinnata</bio>. The leaves and fruits are used in stews, and the leaves have medicinal uses.
</trans>
</sense></hom></entry>");
INSERT INTO `wced_head` (entryid, head, normalized_head, type, pos) VALUES (408, "alabíhid", "alabihid", "m", "n");
INSERT INTO `wced_translation` (entryid, translation) VALUES (408, "tree");
INSERT INTO `wced_entry` VALUES (409, "alabutun", "20", "<entry page=""20"" id=""409""><form id=""alabuxtun"" lang=""ceb"">alabútun</form>
<hom>
<sense n=""0""><trans> <ix>see</ix> <xr lang=""ceb"" target=""#abut""><sc>abut</sc></xr>.
</trans>
</sense></hom></entry>");
INSERT INTO `wced_head` (entryid, head, normalized_head, type, pos) VALUES (409, "alabútun", "alabutun", "m", "");
INSERT INTO `wced_entry` VALUES (410, "alad", "20", "<entry page=""20"" id=""410""><form id=""axlad"" lang=""ceb"">álad</form>
<hom role=""n""><pos>n</pos>
<sense n=""1""><number>1</number><trans> wooden <tr>fence</tr>, <tr>enclosure</tr>. </trans>
</sense>
<sense n=""2""><number>2</number><trans> pig sty. </trans>
</sense></hom>
<hom role=""v""><pos>v</pos>
<sense n=""0""> <itype>[A1; a]</itype><trans> enclose in a fence. </trans>
<eg><i lang=""ceb"">Alára ning babúya,</i><trans> Put this pig in an enclosure. </trans></eg>
<eg><i lang=""ceb"">Alári ang mga tinanum,</i><trans> Put a fence around the plants.
</trans></eg>
</sense></hom></entry>");
INSERT INTO `wced_head` (entryid, head, normalized_head, type, pos) VALUES (410, "álad", "alad", "m", "nv");
INSERT INTO `wced_translation` (entryid, translation) VALUES (410, "fence");
INSERT INTO `wced_translation` (entryid, translation) VALUES (410, "enclosure");
INSERT INTO `wced_entry` VALUES (411, "alagad", "20", "<entry page=""20"" id=""411""><form id=""alagad"" lang=""ceb"">alagad</form>
<hom role=""v""><pos>v</pos>
<sense n=""0""> <itype>[A13; a12]</itype><trans> wait for s.o. to do s.t. </trans>
<eg><i lang=""ceb"">Muagad lang ku sa inyung hukum,</i><trans> I am guided by your decision. </trans></eg>
<eg><i lang=""ceb"">Panahun ray ákung <pb n=""21""/>agdun,</i><trans> I will let time decide. </trans></eg>
</sense></hom>
<entry><form id=""ulualaxgad_agad-axgad"" lang=""ceb"">ulualágad, agad-ágad</form>
<hom role=""v""><pos>v</pos>
<sense n=""1""><number>1</number> <itype>[A13; c1]</itype><trans> put off doing s.t. temporarily until s.t. else happens. </trans>
<eg><i lang=""ceb"">Mag-agad-ágad ku sa pag-abut ni Tátay úsà ku mulakaw,</i><trans> I am waiting for Dad to get here before I go. </trans></eg>
<eg><i lang=""ceb"">Iagad-ágad (agad-agára) lang úsà ang báyad,</i><trans> Put the payment off awhile. </trans></eg>
</sense>
<sense n=""2""><number>2</number> <itype>[a12]</itype><trans> put off doing s.t. to wait for s.o. </trans>
<eg><i lang=""ceb"">Agad-agára ku kadiyut arun magkúyug ta,</i><trans> Wait a second for me, so we can go together.
</trans></eg>
</sense></hom></entry></entry>");
INSERT INTO `wced_head` (entryid, head, normalized_head, type, pos) VALUES (411, "alagad", "alagad", "m", "v");
INSERT INTO `wced_head` (entryid, head, normalized_head, type, pos) VALUES (411, "ulualágad", "ulualagad", "s", "v");
INSERT INTO `wced_head` (entryid, head, normalized_head, type, pos) VALUES (411, "agad-ágad", "agad-agad", "s", "v");
INSERT INTO `wced_entry` VALUES (412, "alagad", "21", "<entry page=""21"" id=""412""><form id=""alaxgad"" lang=""ceb"">alágad</form>
<hom>
<sense n=""0""><trans> (not without <ix>l</ix>) </trans>
</sense></hom>
<hom role=""n""><pos>n</pos>
<sense n=""1""><number>1</number> <tr>servant</tr>, <tr>employee</tr>. <form id=""alaxgad_sa_balaxud"" lang=""ceb""><abbr expan=""alágad"" type=""lemma"">—</abbr> sa baláud</form><trans> <tr>law officer</tr>. </trans>
</sense>
<sense n=""2""><number>2</number><trans> <tr>service</tr> rendered. </trans>
<eg><i lang=""ceb"">Mapasalamátun kami sa alágad sa Krus nga Pula,</i><trans> We are grateful for the services of the Red Cross. </trans></eg>
</sense></hom>
<hom role=""v""><pos>v</pos>
<sense n=""0""> <itype>[A; c]</itype><trans> </trans>
</sense>
<sense n=""1""><number>1</number><trans> serve, be a servant or employee. </trans>
<eg><i lang=""ceb"">Dílì siya layhang mualágad sa pamilya nga daghag kasíra,</i><trans> She doesn’t like to serve in a household with lots of boarders. </trans></eg>
<eg><i lang=""ceb"">Nag-alágad siya sa gubyirnu,</i><trans> He works for the government. </trans></eg>
<eg><i lang=""ceb"">Dúgay ku níyang gialagáran, ningbíyà na lang ku sa tindáhan,</i><trans> It took her a long time to wait on me, so I just left the store. </trans></eg>
</sense>
<sense n=""2""><number>2</number><trans> attend to, care for. </trans>
<eg><i lang=""ceb"">Aku ang mualágad sa bátà samtang túa pa sa huspital ang inahan,</i><trans> I will take care of the child while the mother is in the hospital. </trans></eg>
</sense></hom>
<entry><form id=""kaalagaxran"" lang=""ceb"">kaalagáran</form>
<hom role=""n""><pos>n</pos>
<sense n=""0""><trans> <tr>duty</tr>. </trans>
</sense></hom></entry>
<entry><form id=""maalagaxrun"" lang=""ceb"">maalagárun</form>
<hom role=""a""><pos>a</pos>
<sense n=""0""><trans> serving conscientiously. </trans>
<eg><i lang=""ceb"">Kanímu maalagárun,</i><trans> Your faithful servant. </trans></eg>
</sense></hom></entry>
<entry><form id=""alagdun"" lang=""ceb"">alagdun</form>
<hom role=""a""><pos>a</pos>
<sense n=""0""><trans> requiring intensive care. </trans>
<eg><i lang=""ceb"">Alagdung masakitun,</i><trans> Patients who require intensive care.
</trans></eg>
</sense></hom></entry></entry>");
INSERT INTO `wced_head` (entryid, head, normalized_head, type, pos) VALUES (412, "alágad", "alagad", "m", "nv");
INSERT INTO `wced_head` (entryid, head, normalized_head, type, pos) VALUES (412, "alágad sa baláud", "alagad sa balaud", "s", "");
INSERT INTO `wced_head` (entryid, head, normalized_head, type, pos) VALUES (412, "kaalagáran", "kaalagaran", "s", "n");
INSERT INTO `wced_head` (entryid, head, normalized_head, type, pos) VALUES (412, "maalagárun", "maalagarun", "s", "a");
INSERT INTO `wced_head` (entryid, head, normalized_head, type, pos) VALUES (412, "alagdun", "alagdun", "s", "a");
INSERT INTO `wced_translation` (entryid, translation) VALUES (412, "servant");
INSERT INTO `wced_translation` (entryid, translation) VALUES (412, "employee");
INSERT INTO `wced_translation` (entryid, translation) VALUES (412, "law officer");
INSERT INTO `wced_translation` (entryid, translation) VALUES (412, "service");
INSERT INTO `wced_translation` (entryid, translation) VALUES (412, "duty");
INSERT INTO `wced_entry` VALUES (413, "alag-ag", "21", "<entry page=""21"" id=""413""><form id=""alag-ag"" lang=""ceb"">alag-ag</form>
<hom role=""v""><pos>v</pos>
<sense n=""0""> <itype>[A; a]</itype><trans> <tr>sift</tr>. </trans>
<eg><i lang=""ceb"">Ag-águn ta ni rung buli,</i><trans> Let’s sift the buri flour. </trans></eg>
</sense></hom>
<entry><form id=""alalag-agun"" lang=""ceb""><abbr expan=""alalag-agun"" type=""lemma"">-l-un(→)</abbr></form>
<hom role=""n""><pos>n</pos>
<sense n=""0""><trans> powdered matter ready for sifting. </trans>
</sense></hom></entry>
<entry><form id=""alag-agan"" lang=""ceb""><abbr expan=""alag-agan"" type=""lemma"">-an(→)</abbr></form>
<hom role=""n""><pos>n</pos>
<sense n=""0""><trans> a device for sifting.
</trans>
</sense></hom></entry></entry>");
INSERT INTO `wced_head` (entryid, head, normalized_head, type, pos) VALUES (413, "alag-ag", "alag-ag", "m", "v");
INSERT INTO `wced_head` (entryid, head, normalized_head, type, pos) VALUES (413, "alalag-agun", "alalag-agun", "s", "n");
INSERT INTO `wced_head` (entryid, head, normalized_head, type, pos) VALUES (413, "alag-agan", "alag-agan", "s", "n");
INSERT INTO `wced_translation` (entryid, translation) VALUES (413, "sift");
INSERT INTO `wced_entry` VALUES (414, "alagasi", "21", "<entry page=""21"" id=""414""><form id=""alagaxsi"" lang=""ceb"">alagási</form>
<hom role=""n""><pos>n</pos>
<sense n=""0""><trans> k.o. small tree of thickets producing soft wood: <bio>Leucosyke capitellata</bio>.
</trans>
</sense></hom></entry>");
INSERT INTO `wced_head` (entryid, head, normalized_head, type, pos) VALUES (414, "alagási", "alagasi", "m", "n");
INSERT INTO `wced_entry` VALUES (415, "alagaw", "21", "<entry page=""21"" id=""415""><form id=""alagaw"" lang=""ceb"">alagaw</form>
<hom>
<sense n=""0""><trans> = <xr lang=""ceb"" target=""#adgaw""><sc>adgaw</sc></xr>.
</trans>
</sense></hom></entry>");
INSERT INTO `wced_head` (entryid, head, normalized_head, type, pos) VALUES (415, "alagaw", "alagaw", "m", "");
INSERT INTO `wced_entry` VALUES (416, "alagay", "21", "<entry page=""21"" id=""416""><form id=""alagay"" lang=""ceb"">alagay</form>
<hom role=""v""><pos>v</pos>
<sense n=""0""> <itype>[A; b3]</itype><trans> <tr>groan</tr> in pain. </trans>
<eg><i lang=""ceb"">Nag-alagay siya sa kasakit,</i><trans> He groaned in pain.
</trans></eg>
</sense></hom></entry>");
INSERT INTO `wced_head` (entryid, head, normalized_head, type, pos) VALUES (416, "alagay", "alagay", "m", "v");
INSERT INTO `wced_translation` (entryid, translation) VALUES (416, "groan");
INSERT INTO `wced_entry` VALUES (417, "alagbati", "21", "<entry page=""21"" id=""417""><form id=""alagbaxti"" lang=""ceb"">alagbáti</form>
<hom>
<sense n=""0""><trans> = <xr lang=""ceb"" target=""#alugbaxti""><sc>alugbáti</sc></xr>.
</trans>
</sense></hom></entry>");
INSERT INTO `wced_head` (entryid, head, normalized_head, type, pos) VALUES (417, "alagbáti", "alagbati", "m", "");
INSERT INTO `wced_entry` VALUES (418, "alagbay", "21", "<entry page=""21"" id=""418""><form id=""alagbay"" lang=""ceb"">alagbay</form>
<hom role=""v""><pos>v</pos>
<sense n=""0""> <itype>[AC; c]</itype><trans> to put one’s arm around s.o.’s shoulders. </trans>
<eg><i lang=""ceb"">Miagbay ang ryumáhun sa nars,</i><trans> The rheumatic patient put his arm around the nurse’s shoulders. </trans></eg>
<eg><i lang=""ceb"">Ayaw ku agbáyi,</i><trans> Don’t put your arm around my shoulder.
</trans></eg>
</sense></hom></entry>");
INSERT INTO `wced_head` (entryid, head, normalized_head, type, pos) VALUES (418, "alagbay", "alagbay", "m", "v");
INSERT INTO `wced_entry` VALUES (419, "alagubay", "21", "<entry page=""21"" id=""419""><form id=""alaguxbay"" lang=""ceb"">alagúbay</form>
<hom>
<sense n=""0""><trans> = <xr lang=""ceb"" target=""#bagaybay""><sc>bagaybay</sc></xr>.
</trans>
</sense></hom></entry>");
INSERT INTO `wced_head` (entryid, head, normalized_head, type, pos) VALUES (419, "alagúbay", "alagubay", "m", "");
INSERT INTO `wced_entry` VALUES (420, "alagukuy", "21", "<entry page=""21"" id=""420""><form id=""alaguxkuy"" lang=""ceb"">alagúkuy</form>
<hom role=""n""><pos>n</pos>
<sense n=""0""><trans> k.o. light orange <tr>crab</tr> living in holes along the shore. It is about <measure reg=""2.5 cm"">an inch</measure> across, and one claw is much bigger than the other.
</trans>
</sense></hom></entry>");
INSERT INTO `wced_head` (entryid, head, normalized_head, type, pos) VALUES (420, "alagúkuy", "alagukuy", "m", "n");
INSERT INTO `wced_translation` (entryid, translation) VALUES (420, "crab");
INSERT INTO `wced_entry` VALUES (421, "alahas", "21", "<entry page=""21"" id=""421""><form id=""alaxhas"" lang=""ceb"">aláhas</form>
<hom>
<sense n=""0""><trans> (not without <ix>l</ix>) </trans>
</sense></hom>
<hom role=""n""><pos>n</pos>
<sense n=""0""><trans> <tr>jewelry</tr>. </trans>
</sense></hom>
<entry><form id=""mangaalahas_alahixru"" lang=""ceb""><abbr expan=""mangaalahas"" type=""lemma"">maN-r-(→)</abbr>, alahíru</form>
<hom role=""n""><pos>n</pos>
<sense n=""0""><trans> <tr>jewelry dealer</tr>.
</trans>
</sense></hom></entry></entry>");
INSERT INTO `wced_head` (entryid, head, normalized_head, type, pos) VALUES (421, "aláhas", "alahas", "m", "n");
INSERT INTO `wced_head` (entryid, head, normalized_head, type, pos) VALUES (421, "mangaalahas", "mangaalahas", "s", "n");
INSERT INTO `wced_head` (entryid, head, normalized_head, type, pos) VALUES (421, "alahíru", "alahiru", "s", "n");
INSERT INTO `wced_translation` (entryid, translation) VALUES (421, "jewelry");
INSERT INTO `wced_translation` (entryid, translation) VALUES (421, "jewelry dealer");
INSERT INTO `wced_entry` VALUES (422, "alahiru", "21", "<entry page=""21"" id=""422""><form id=""alahixru"" lang=""ceb"">alahíru</form>
<hom>
<sense n=""0""><trans> = <xr lang=""ceb"" target=""#mangangalahas""><sc>mangangalahas</sc></xr>. <ix>see</ix> <xr lang=""ceb"" target=""#alaxhas""><sc>aláhas</sc></xr>.
</trans>
</sense></hom></entry>");
INSERT INTO `wced_head` (entryid, head, normalized_head, type, pos) VALUES (422, "alahíru", "alahiru", "m", "");
INSERT INTO `wced_entry` VALUES (423, "alak", "21", "<entry page=""21"" id=""423""><form id=""axlak"" lang=""ceb"">álak</form>
<hom>
<sense n=""0""><trans> (not without <ix>l</ix>) </trans>
</sense></hom>
<hom role=""n""><pos>n</pos>
<sense n=""0""><trans> <tr>liquor</tr>, strong alcoholic beverage.
</trans>
</sense></hom></entry>");
INSERT INTO `wced_head` (entryid, head, normalized_head, type, pos) VALUES (423, "álak", "alak", "m", "n");
INSERT INTO `wced_translation` (entryid, translation) VALUES (423, "liquor");
INSERT INTO `wced_entry` VALUES (424, "alakaak", "21", "<entry page=""21"" id=""424""><form id=""alakaxak"" lang=""ceb"">alakáak</form>
<hom role=""n""><pos>n</pos>
<sense n=""0""><trans> k.o. edible mollusk resembling the chiton, about <measure reg=""2.5 cm"">an inch</measure> in length.
</trans>
</sense></hom></entry>");
INSERT INTO `wced_head` (entryid, head, normalized_head, type, pos) VALUES (424, "alakáak", "alakaak", "m", "n");
INSERT INTO `wced_entry` VALUES (425, "alakri", "21", "<entry page=""21"" id=""425""><form id=""alakri"" lang=""ceb"">alakri</form>
<hom>
<sense n=""0""><trans> (not without <ix>l</ix>) </trans>
</sense></hom>
<hom role=""n""><pos>n</pos>
<sense n=""0""><trans> <tr>sealing wax</tr>, for package, letters, etc. </trans>
</sense></hom>
<hom role=""v""><pos>v</pos>
<sense n=""0""> <itype>[b]</itype><trans> <tr>seal</tr> s.t. with sealing wax.
</trans>
</sense></hom></entry>");
INSERT INTO `wced_head` (entryid, head, normalized_head, type, pos) VALUES (425, "alakri", "alakri", "m", "nv");
INSERT INTO `wced_translation` (entryid, translation) VALUES (425, "sealing wax");
INSERT INTO `wced_translation` (entryid, translation) VALUES (425, "seal");
INSERT INTO `wced_entry` VALUES (426, "alaksiw", "21", "<entry page=""21"" id=""426""><form id=""alaksiw"" lang=""ceb"">alaksiw</form>
<hom>
<sense n=""0""><trans> (not without <ix>l</ix>) </trans>
</sense></hom>
<hom role=""n""><pos>n</pos>
<sense n=""0""><trans> <tr>hard liquor of the cheapest sort</tr>.
</trans>
</sense></hom></entry>");
INSERT INTO `wced_head` (entryid, head, normalized_head, type, pos) VALUES (426, "alaksiw", "alaksiw", "m", "n");
INSERT INTO `wced_translation` (entryid, translation) VALUES (426, "hard liquor of the cheapest sort");
INSERT INTO `wced_entry` VALUES (427, "al-al1", "21", "<entry page=""21"" id=""427""><form id=""al-al"" lang=""ceb"">al-al<sub>1</sub></form>
<hom role=""a""><pos>a</pos>
<sense n=""0""><trans> <tr>adult</tr>, <tr>full-grown</tr> birds. </trans>
<eg><i lang=""ceb"">Lisud tudlúag sulti ning al-al nga piríku,</i><trans> It’s hard to teach a full-grown parrot to speak. </trans></eg>
</sense></hom>
<hom role=""v""><pos>v</pos>
<sense n=""0""> <itype>[B15]</itype><trans> <tr>become full-grown</tr>. </trans>
<eg><i lang=""ceb"">Samtang nagkaal-al ang langgam nagsúgud pud ug kapakápa,</i><trans> As the bird was growing up it began to flap its wings.
</trans></eg>
</sense></hom></entry>");
INSERT INTO `wced_head` (entryid, head, normalized_head, type, pos) VALUES (427, "al-al", "al-al", "s", "av");
INSERT INTO `wced_translation` (entryid, translation) VALUES (427, "adult");
INSERT INTO `wced_translation` (entryid, translation) VALUES (427, "full-grown");
INSERT INTO `wced_translation` (entryid, translation) VALUES (427, "become full-grown");
INSERT INTO `wced_entry` VALUES (428, "al-al2", "21", "<entry page=""21"" id=""428""><form id=""al-al2"" lang=""ceb"">al-al<sub>2</sub></form>
<hom role=""n""><pos>n</pos>
<sense n=""0""><trans> <tr>childish</tr> in action, particularly in speech and articulation. </trans>
<eg><i lang=""ceb"">Kadakù na nímu. Al-al gihápun kang musulti,</i><trans> How big you are, but you still talk like a child! </trans></eg>
</sense></hom>
<hom role=""v""><pos>v</pos>
<sense n=""0""> <itype>[B]</itype><trans> become, consider <tr>childish</tr>. </trans>
<eg><i lang=""ceb"">Mual-al giyud ang bátà basta labihan sa paráyig,</i><trans> A child will stay immature as long as he is spoiled.
</trans></eg>
</sense></hom></entry>");
INSERT INTO `wced_head` (entryid, head, normalized_head, type, pos) VALUES (428, "al-al", "al-al", "s", "nv");
INSERT INTO `wced_translation` (entryid, translation) VALUES (428, "childish");
INSERT INTO `wced_entry` VALUES (429, "alalay", "21", "<entry page=""21"" id=""429""><form id=""alaxlay"" lang=""ceb"">alálay</form>
<hom>
<sense n=""0""><trans> (not without <ix>l</ix>) </trans>
</sense></hom>
<hom role=""n""><pos>n</pos>
<sense n=""0""><trans> one who helps or supports s.o. in doing s.t. (slang). </trans>
<eg><i lang=""ceb"">Dì siya mahadluk mamarigla kay daghan mag alálay,</i><trans> He is not afraid to maul anybody without provocation because he has plenty of supporters. </trans></eg>
</sense></hom>
<hom role=""v""><pos>v</pos>
<sense n=""0""> <itype>[A; b(1)]</itype><trans> <tr>help s.o.</tr> (slang). </trans>
<eg><i lang=""ceb"">Alaláyan ta ka sa pag-iksplikar,</i><trans> I’ll help you explain.
</trans></eg>
</sense></hom></entry>");
INSERT INTO `wced_head` (entryid, head, normalized_head, type, pos) VALUES (429, "alálay", "alalay", "m", "nv");
INSERT INTO `wced_translation` (entryid, translation) VALUES (429, "help s.o.");
INSERT INTO `wced_entry` VALUES (430, "*alam", "21", "<entry page=""21"" id=""430""><form id=""xxaxlam"" lang=""ceb"">*álam</form>
<hom>
<sense n=""0""><trans> (not without <ix>l</ix>) </trans>
</sense></hom>
<entry><form id=""kaaxlam"" lang=""ceb""><abbr expan=""kaálam"" type=""lemma"">ka-</abbr></form>
<hom role=""n""><pos>n</pos>
<sense n=""0""><trans> <tr>knowledge</tr> of some special field, specific know-how. </trans>
<eg><i lang=""ceb"">Wà kuy kaálam sa pagpanghílut,</i><trans> I have no expertise in massage. </trans></eg>
</sense></hom></entry>
<entry><form id=""kinaadman"" lang=""ceb"">kinaadman</form>
<hom role=""n""><pos>n</pos>
<sense n=""1""><number>1</number><trans> <tr>general knowledge</tr>. </trans>
<eg><i lang=""ceb"">Lalum siyag kinaadman,</i><trans> He is deeply learned. </trans></eg>
</sense>
<sense n=""2""><number>2</number><trans> <tr>special magical knowledge</tr>. </trans>
</sense></hom></entry>
<entry><form id=""maaxlam"" lang=""ceb""><abbr expan=""maálam"" type=""lemma"">ma-</abbr></form>
<hom role=""a""><pos>a</pos>
<sense n=""0""><trans> know how to [do]. </trans>
<eg><i lang=""ceb"">Maálam siya nga mutukar ug pyánu,</i><trans> He knows how to play the piano. </trans></eg>
</sense></hom></entry>
<entry><form id=""maaxlamun_manggiaxlamun_makinaadmaxnun"" lang=""ceb""><abbr expan=""maálamun"" type=""lemma"">ma-un</abbr>, <abbr expan=""manggiálamun"" type=""lemma"">manggi-un</abbr>, makinaadmánun</form>
<hom role=""a""><pos>a</pos>
<sense n=""0""><trans> <tr>wise, knowledgeable</tr>. </trans>
<eg><i lang=""ceb"">Nahibúlung ang mga tigúlang sa makinaadmánun nga tubag ni Hisus,</i><trans> The old men were amazed at Jesus’ wise answers. </trans></eg>
</sense></hom></entry>
<entry><form id=""pakamaaxlamun_pakamanggiun_pakamakinaadmaxnun"" lang=""ceb""><abbr expan=""pakamaálamun"" type=""lemma"">pakama-un</abbr>, pakamanggiun, pakamakinaadmánun</form>
<hom role=""v""><pos>v</pos>
<sense n=""0""> <itype>[A13; a12]</itype><trans> <tr>pretend to be, consider wise</tr>.†
</trans>
</sense></hom></entry></entry>");
INSERT INTO `wced_head` (entryid, head, normalized_head, type, pos) VALUES (430, "álam", "alam", "s", "");
INSERT INTO `wced_head` (entryid, head, normalized_head, type, pos) VALUES (430, "kaálam", "kaalam", "s", "n");
INSERT INTO `wced_head` (entryid, head, normalized_head, type, pos) VALUES (430, "kinaadman", "kinaadman", "s", "n");
INSERT INTO `wced_head` (entryid, head, normalized_head, type, pos) VALUES (430, "maálam", "maalam", "s", "a");
INSERT INTO `wced_head` (entryid, head, normalized_head, type, pos) VALUES (430, "maálamun", "maalamun", "s", "a");
INSERT INTO `wced_head` (entryid, head, normalized_head, type, pos) VALUES (430, "manggiálamun", "manggialamun", "s", "a");
INSERT INTO `wced_head` (entryid, head, normalized_head, type, pos) VALUES (430, "makinaadmánun", "makinaadmanun", "s", "a");
INSERT INTO `wced_head` (entryid, head, normalized_head, type, pos) VALUES (430, "pakamaálamun", "pakamaalamun", "s", "v");
INSERT INTO `wced_head` (entryid, head, normalized_head, type, pos) VALUES (430, "pakamanggiun", "pakamanggiun", "s", "v");
INSERT INTO `wced_head` (entryid, head, normalized_head, type, pos) VALUES (430, "pakamakinaadmánun", "pakamakinaadmanun", "s", "v");
INSERT INTO `wced_translation` (entryid, translation) VALUES (430, "knowledge");
INSERT INTO `wced_translation` (entryid, translation) VALUES (430, "general knowledge");
INSERT INTO `wced_translation` (entryid, translation) VALUES (430, "special magical knowledge");
INSERT INTO `wced_translation` (entryid, translation) VALUES (430, "wise");
INSERT INTO `wced_translation` (entryid, translation) VALUES (430, "knowledgeable");
INSERT INTO `wced_translation` (entryid, translation) VALUES (430, "pretend to be");
INSERT INTO `wced_translation` (entryid, translation) VALUES (430, "consider wise");
INSERT INTO `wced_entry` VALUES (431, "alamag", "21", "<entry page=""21"" id=""431""><form id=""alaxmag"" lang=""ceb"">alámag</form>
<hom role=""n""><pos>n</pos>
<sense n=""1""><number>1</number><trans> <tr>reflected, luminescent light</tr>. </trans>
<eg><i lang=""ceb"">Ang alámag nga ímung makítà sa túbig gíkan sa sugà sa mga mananagat,</i><trans> The light you see in the water is from the fishermen’s lamps. </trans></eg>
</sense>
<sense n=""2""><number>2</number> <form id=""may_walay_alaxmag"" lang=""ceb"">may, walay <abbr expan=""alámag"" type=""lemma"">—</abbr></form><trans> (<ix>l</ix> not dropped) </trans>
</sense>
<sense n=""a""><number>a</number><trans> <tr>be informed, uninformed</tr>. </trans>
<eg><i lang=""ceb"">Walà siyay alámag sa baláud,</i><trans> He is ignorant of the law. </trans></eg>
</sense>
<sense n=""b""><number>b</number><trans> have awareness of a happening. </trans>
<eg><i lang=""ceb"">Pagbisíta námù sa uspital walà na siyay alámag,</i><trans> When we visited him in the hospital he had no awareness of his surroundings. </trans></eg>
</sense></hom>
<hom role=""v""><pos>v</pos>
<sense n=""0""><trans> (<ix>l</ix> usually dropped) </trans>
</sense>
<sense n=""1""><number>1</number> <itype>[AP2S; b2S]</itype><trans> gleam, cause to gleam, usually with reflected light. </trans>
<eg><i lang=""ceb"">Ang kaháit sa suwab miámag,</i><trans> The blade gleamed because <pb n=""22""/>of its sharpness. </trans></eg>
<eg><i lang=""ceb"">Mialámag ang íyang mata sa túmang kalípay,</i><trans> Her eyes gleamed with joy. </trans></eg>
<eg><i lang=""ceb"">Ang mga sugà nag-ámag (nag-amag, nagpaámag) sa túbig,</i><trans> The water reflected the lights. </trans></eg>
</sense>
<sense n=""2""><number>2</number> <itype>[APB; c]</itype><trans> <tr>enlighten</tr>, make aware. </trans>
<eg><i lang=""ceb"">Mialámag sa ákung panumdúman ang hustung tubag,</i><trans> The correct answer presented itself to my mind. </trans></eg>
<eg><i lang=""ceb"">Kun alamágan lang sa Diyus ang Santu Pápa,</i><trans> If God would only enlighten the Pope. </trans></eg>
</sense></hom>
<entry><form id=""pangalaxmag"" lang=""ceb""><abbr expan=""pangalámag"" type=""lemma"">paN-</abbr></form>
<hom role=""v""><pos>v</pos>
<sense n=""0""> <itype>[A; b5]</itype><trans> stay up late in doing s.t. </trans>
<eg><i lang=""ceb"">Nangalámag aku pagpanahì,</i><trans> I stayed up late sewing. </trans></eg>
</sense></hom></entry>
<entry><form id=""alamag"" lang=""ceb""><abbr expan=""alamag"" type=""lemma"">(→)</abbr></form>
<hom role=""n""><pos>n</pos>
<sense n=""1""><number>1</number><trans> k.o. glowing <tr>toadstool</tr>. </trans>
</sense>
<sense n=""2""><number>2</number><trans> k.o. <tr>fish</tr>. </trans>
</sense></hom></entry>
<entry><form id=""amag-amag_amagan"" lang=""ceb"">amag-amag, amagan</form>
<hom role=""n""><pos>n</pos>
<sense n=""0""><trans> k.o. small <tr>fish</tr>.
</trans>
</sense></hom></entry></entry>");
INSERT INTO `wced_head` (entryid, head, normalized_head, type, pos) VALUES (431, "alámag", "alamag", "m", "nv");
INSERT INTO `wced_head` (entryid, head, normalized_head, type, pos) VALUES (431, "may", "may", "s", "");
INSERT INTO `wced_head` (entryid, head, normalized_head, type, pos) VALUES (431, "walay alámag", "walay alamag", "s", "");
INSERT INTO `wced_head` (entryid, head, normalized_head, type, pos) VALUES (431, "pangalámag", "pangalamag", "s", "v");
INSERT INTO `wced_head` (entryid, head, normalized_head, type, pos) VALUES (431, "alamag", "alamag", "s", "n");
INSERT INTO `wced_head` (entryid, head, normalized_head, type, pos) VALUES (431, "amag-amag", "amag-amag", "s", "n");
INSERT INTO `wced_head` (entryid, head, normalized_head, type, pos) VALUES (431, "amagan", "amagan", "s", "n");
INSERT INTO `wced_translation` (entryid, translation) VALUES (431, "reflected");
INSERT INTO `wced_translation` (entryid, translation) VALUES (431, "luminescent light");
INSERT INTO `wced_translation` (entryid, translation) VALUES (431, "be informed");
INSERT INTO `wced_translation` (entryid, translation) VALUES (431, "uninformed");
INSERT INTO `wced_translation` (entryid, translation) VALUES (431, "enlighten");
INSERT INTO `wced_translation` (entryid, translation) VALUES (431, "toadstool");
INSERT INTO `wced_translation` (entryid, translation) VALUES (431, "fish");
INSERT INTO `wced_entry` VALUES (432, "alam-alam", "22", "<entry page=""22"" id=""432""><form id=""alam-axlam"" lang=""ceb"">alam-álam</form>
<hom role=""v""><pos>v</pos>
<sense n=""0""> <itype>[A; c]</itype><trans> </trans>
</sense>
<sense n=""1""><number>1</number><trans> <tr>coax</tr> s.o. to do s.t. he does not want to do. </trans>
<eg><i lang=""ceb"">Alam-alámi siya,</i><trans> Coax him. </trans></eg>
</sense>
<sense n=""2""><number>2</number><trans> <tr>mollify</tr> or <tr>assuage</tr> s.o. by comforting him. </trans>
</sense></hom>
<entry><form id=""maalam-alaxmun"" lang=""ceb""><abbr expan=""maalam-alámun"" type=""lemma"">ma-un</abbr></form>
<hom role=""a""><pos>a</pos>
<sense n=""1""><number>1</number><trans> <tr>coaxing</tr>. </trans>
</sense>
<sense n=""2""><number>2</number><trans> <tr>assuaging</tr>. </trans>
<eg><i lang=""ceb"">‘Dì bitaw ka nákù unsáun,’ maalam-alámun níyang sulti,</i><trans> ‘I’m not going to hurt you,’ she said, mollifying me.
</trans></eg>
</sense></hom></entry></entry>");
INSERT INTO `wced_head` (entryid, head, normalized_head, type, pos) VALUES (432, "alam-álam", "alam-alam", "m", "v");
INSERT INTO `wced_head` (entryid, head, normalized_head, type, pos) VALUES (432, "maalam-alámun", "maalam-alamun", "s", "a");
INSERT INTO `wced_translation` (entryid, translation) VALUES (432, "coax");
INSERT INTO `wced_translation` (entryid, translation) VALUES (432, "mollify");
INSERT INTO `wced_translation` (entryid, translation) VALUES (432, "assuage");
INSERT INTO `wced_translation` (entryid, translation) VALUES (432, "coaxing");
INSERT INTO `wced_translation` (entryid, translation) VALUES (432, "assuaging");
INSERT INTO `wced_entry` VALUES (433, "alambihid, alambihud", "22", "<entry page=""22"" id=""433""><form id=""alambixhid_alambixhud"" lang=""ceb"">alambíhid, alambíhud</form>
<hom>
<sense n=""0""><trans> = <xr lang=""ceb"" target=""#alabixhid""><sc>alabíhid</sc></xr>.
</trans>
</sense></hom></entry>");
INSERT INTO `wced_head` (entryid, head, normalized_head, type, pos) VALUES (433, "alambíhid", "alambihid", "s", "");
INSERT INTO `wced_head` (entryid, head, normalized_head, type, pos) VALUES (433, "alambíhud", "alambihud", "s", "");
INSERT INTO `wced_entry` VALUES (434, "alambri1", "22", "<entry page=""22"" id=""434""><form id=""alambri"" lang=""ceb"">alambri<sub>1</sub></form>
<hom role=""n""><pos>n</pos>
<sense n=""0""><trans> <tr>wire</tr>. </trans>
</sense></hom>
<entry><form id=""alambring_pinutus"" lang=""ceb""><abbr expan=""alambring"" type=""lemma"">-ng</abbr> pinutus</form>
<hom>
<sense n=""0""><trans> <tr>insulated wire</tr>. </trans>
</sense></hom></entry>
<entry><form id=""alambring_tunukun"" lang=""ceb""><abbr expan=""alambring"" type=""lemma"">-ng</abbr> tunukun</form>
<hom>
<sense n=""0""><trans> <tr>barbed wire</tr>.
</trans>
</sense></hom></entry></entry>");
INSERT INTO `wced_head` (entryid, head, normalized_head, type, pos) VALUES (434, "alambri", "alambri", "s", "n");
INSERT INTO `wced_head` (entryid, head, normalized_head, type, pos) VALUES (434, "alambring pinutus", "alambring pinutus", "s", "");
INSERT INTO `wced_head` (entryid, head, normalized_head, type, pos) VALUES (434, "alambring tunukun", "alambring tunukun", "s", "");
INSERT INTO `wced_translation` (entryid, translation) VALUES (434, "wire");
INSERT INTO `wced_translation` (entryid, translation) VALUES (434, "insulated wire");
INSERT INTO `wced_translation` (entryid, translation) VALUES (434, "barbed wire");
INSERT INTO `wced_entry` VALUES (435, "alambri2", "22", "<entry page=""22"" id=""435""><form id=""alambri2"" lang=""ceb"">alambri<sub>2</sub></form>
<hom>
<sense n=""0""><trans> = <xr lang=""ceb"" target=""#alambrilyu""><sc>alambrilyu</sc></xr>.
</trans>
</sense></hom></entry>");
INSERT INTO `wced_head` (entryid, head, normalized_head, type, pos) VALUES (435, "alambri", "alambri", "s", "");
INSERT INTO `wced_entry` VALUES (436, "alambrilyu", "22", "<entry page=""22"" id=""436""><form id=""alambrilyu"" lang=""ceb"">alambrilyu</form>
<hom role=""n""><pos>n</pos>
<sense n=""0""><trans> name given to several ornamental <tr>ferns</tr>, e.g., <bio>Adiantum capillus-veneris</bio>.
</trans>
</sense></hom></entry>");
INSERT INTO `wced_head` (entryid, head, normalized_head, type, pos) VALUES (436, "alambrilyu", "alambrilyu", "m", "n");
INSERT INTO `wced_translation` (entryid, translation) VALUES (436, "ferns");
INSERT INTO `wced_entry` VALUES (437, "alambriru", "22", "<entry page=""22"" id=""437""><form id=""alambrixru"" lang=""ceb"">alambríru</form>
<hom>
<sense n=""0""><trans> (not without <ix>l</ix>) </trans>
</sense></hom>
<hom role=""n""><pos>n</pos>
<sense n=""0""><trans> the <tr>rigger</tr> in logging. </trans>
</sense></hom>
<hom role=""v""><pos>v</pos>
<sense n=""0""> <itype>[B6; c1]</itype><trans> be, make s.o. the <tr>cable man</tr> in logging.
</trans>
</sense></hom></entry>");
INSERT INTO `wced_head` (entryid, head, normalized_head, type, pos) VALUES (437, "alambríru", "alambriru", "m", "nv");
INSERT INTO `wced_translation` (entryid, translation) VALUES (437, "rigger");
INSERT INTO `wced_translation` (entryid, translation) VALUES (437, "cable man");
INSERT INTO `wced_entry` VALUES (438, "alampad", "22", "<entry page=""22"" id=""438""><form id=""alampad"" lang=""ceb"">alampad</form>
<hom role=""v""><pos>v</pos>
<sense n=""0""> <itype>[A12C; ac]</itype><trans> go up <tr>alongside</tr>, be <tr>side by side</tr>. </trans>
<eg><i lang=""ceb"">Miampad siya sa ákung sakayan,</i><trans> He tied up alongside of my boat. </trans></eg>
<eg><i lang=""ceb"">Nagkaampad mi ug lingkud sa sini,</i><trans> We happened to sit side by side in the movie. </trans></eg>
</sense></hom>
<hom role=""n""><pos>n</pos>
<sense n=""0""><trans> being beside. </trans>
</sense></hom>
<entry><form id=""kaalampad"" lang=""ceb""><abbr expan=""kaalampad"" type=""lemma"">ka-</abbr></form>
<hom role=""n""><pos>n</pos>
<sense n=""0""><trans> one who is alongside of one.
</trans>
</sense></hom></entry></entry>");
INSERT INTO `wced_head` (entryid, head, normalized_head, type, pos) VALUES (438, "alampad", "alampad", "m", "vn");
INSERT INTO `wced_head` (entryid, head, normalized_head, type, pos) VALUES (438, "kaalampad", "kaalampad", "s", "n");
INSERT INTO `wced_translation` (entryid, translation) VALUES (438, "alongside");
INSERT INTO `wced_translation` (entryid, translation) VALUES (438, "side by side");
INSERT INTO `wced_entry` VALUES (439, "alampat", "22", "<entry page=""22"" id=""439""><form id=""alampat"" lang=""ceb"">alampat</form>
<hom role=""n""><pos>n</pos>
<sense n=""0""><trans> <tr>intelligence</tr>, <tr>brilliance</tr> of mind. </trans>
<eg><i lang=""ceb"">Alampat sa pagbálak,</i><trans> Brilliance in writing poetry.
</trans></eg>
</sense></hom></entry>");
INSERT INTO `wced_head` (entryid, head, normalized_head, type, pos) VALUES (439, "alampat", "alampat", "m", "n");
INSERT INTO `wced_translation` (entryid, translation) VALUES (439, "intelligence");
INSERT INTO `wced_translation` (entryid, translation) VALUES (439, "brilliance");
INSERT INTO `wced_entry` VALUES (440, "alan", "22", "<entry page=""22"" id=""440""><form id=""axlan"" lang=""ceb"">álan</form>
<hom role=""a""><pos>a</pos>
<sense n=""0""><trans> having a <tr>bitter</tr> taste similar to that of half-cooked <ix>kamunggay</ix> leaves. </trans>
</sense></hom>
<hom role=""v""><pos>v</pos>
<sense n=""0""> <itype>[B; b6]</itype><trans> be <tr>bitterish</tr> in taste. </trans>
<eg><i lang=""ceb"">Muálan ang kamunggay ug haúnun kun dì pa lútù,</i><trans> <ix>Kamunggay</ix> leaves become somewhat bitter if you fail to cook them well.
</trans></eg>
</sense></hom></entry>");
INSERT INTO `wced_head` (entryid, head, normalized_head, type, pos) VALUES (440, "álan", "alan", "m", "av");
INSERT INTO `wced_translation` (entryid, translation) VALUES (440, "bitter");
INSERT INTO `wced_translation` (entryid, translation) VALUES (440, "bitterish");
INSERT INTO `wced_entry` VALUES (441, "alang", "22", "<entry page=""22"" id=""441""><form id=""axlang"" lang=""ceb"">álang</form>
<hom>
<sense n=""0""><trans> (not without <ix>l</ix>) for the <tr>sake</tr> of. </trans>
<eg><i lang=""ceb"">Kini álang kanímu,</i><trans> This is for you. </trans></eg>
<eg><i lang=""ceb"">Álang kanákù dílì nà ángayng ikasukù,</i><trans> As far as I’m concerned, that’s nothing worth getting angry about.
</trans></eg>
</sense></hom></entry>");
INSERT INTO `wced_head` (entryid, head, normalized_head, type, pos) VALUES (441, "álang", "alang", "m", "");
INSERT INTO `wced_translation` (entryid, translation) VALUES (441, "sake");
INSERT INTO `wced_entry` VALUES (442, "alangaang", "22", "<entry page=""22"" id=""442""><form id=""alangaxang"" lang=""ceb"">alangáang</form>
<hom role=""n""><pos>n</pos>
<sense n=""0""><trans> for weather to be oppressively <tr>hot</tr> and moist with no wind. </trans>
<eg><i lang=""ceb"">Alangáang kaáyu; tingáli muulan,</i><trans> It is very hot and muggy; maybe it’s going to rain. </trans></eg>
</sense></hom>
<hom role=""v""><pos>v</pos>
<sense n=""1""><number>1</number> <itype>[B2S]</itype><trans> be <tr>muggy</tr>. </trans>
</sense>
<sense n=""2""><number>2</number> <itype>[B2S3]</itype><trans> ache with heat. </trans>
<eg><i lang=""ceb"">Mualangáang (maalangáang) ang ímung kamut ug makahikap kag dugà sa síli,</i><trans> Your fingers will hurt if you let hot pepper juice get on them.
</trans></eg>
</sense></hom></entry>");
INSERT INTO `wced_head` (entryid, head, normalized_head, type, pos) VALUES (442, "alangáang", "alangaang", "m", "nv");
INSERT INTO `wced_translation` (entryid, translation) VALUES (442, "hot");
INSERT INTO `wced_translation` (entryid, translation) VALUES (442, "muggy");
INSERT INTO `wced_entry` VALUES (443, "alang-alang", "22", "<entry page=""22"" id=""443""><form id=""alang-axlang"" lang=""ceb"">alang-álang</form>
<hom role=""a""><pos>a</pos>
<sense n=""1""><number>1</number><trans> not quite time, unseasonable. </trans>
<eg><i lang=""ceb"">Ang-ā́ng na run igikan. Dì na ka kaabut,</i><trans> It’s no use going now. You’ll never make it. </trans></eg>
<eg><i lang=""ceb"">Ang-ā́ng iadtu run kay sayu pa,</i><trans> No use going so early. </trans></eg>
</sense>
<sense n=""2""><number>2</number><trans> not quite the right amount. </trans>
<eg><i lang=""ceb"">Alang-álang pa ning kwartang ilukat sa prinda,</i><trans> This money is insufficient to pay off the mortgage. </trans></eg>
<eg><i lang=""ceb"">Ang-ā́ng ning panaptúna pára karsúnis,</i><trans> This is not enough cloth for a pair of pants. </trans></eg>
</sense>
<sense n=""3""><number>3</number><trans> not up to a certain level. </trans>
<eg><i lang=""ceb"">Ang-ā́ng pagkapanday,</i><trans> It was poorly done. </trans></eg>
<eg><i lang=""ceb"">Sumbágun ta untà ka, apan ang-ā́ng ka ra nákù,</i><trans> I would love to fight you, but you’re too small for me. </trans></eg>
</sense>
<sense n=""4""><number>4</number><trans> <tr>somewhat</tr>, but not quite. </trans>
<eg><i lang=""ceb"">Ang lamì alang-álang nangkà, alang-álang pinya,</i><trans> The taste is somewhat like jackfruit, somewhat like pineapple. </trans></eg>
</sense></hom>
<hom role=""n""><pos>n</pos>
<sense n=""1""><number>1</number><trans> it would be silly if, it would be the wrong thing to do if. </trans>
<eg><i lang=""ceb"">Ang-ā́ng dílì dawátun. Gihátag man,</i><trans> It would be silly not to accept it. It was given to you, wasn’t it? </trans></eg>
<eg><i lang=""ceb"">Ang-ā́ng akuy manghúgas nga náa may masúgù,</i><trans> Why should I do the dishes when there’s s.o. I can tell to do them. </trans></eg>
</sense>
<sense n=""2""><number>2</number><trans> of course. </trans>
<eg><i lang=""ceb"">‘Malígù ka?’—‘Ang-ā́ng. Mau bitaw nay átung gianhi,’</i><trans> ‘Are you going to swim?’—‘Of course, that’s what we came here for, isn’t it?’ </trans></eg>
</sense></hom>
<hom role=""v""><pos>v</pos>
<sense n=""0""> <itype>[A; b5c1]</itype><trans> </trans>
</sense>
<sense n=""1""><number>1</number><trans> do s.t. poorly, halfway. </trans>
<eg><i lang=""ceb"">Ug alang-alángun (alang-alángan, ialang-álang) nà nímug búhat, ay na lang,</i><trans> If you’re going to do a poor job, never mind. </trans></eg>
</sense>
<sense n=""2""><number>2</number><trans> do s.t. at an inopportune time. </trans>
<eg><i lang=""ceb"">Dílì pa ku run mualang-álang ug minyù nga walà kuy salapì,</i><trans> I’m not going to go and get married at this time when I don’t have any money. </trans></eg>
</sense>
<sense n=""3""><number>3</number> <itype>[B256N; b4(1)]</itype><trans> arrive a little too late or early for s.t. </trans>
<eg><i lang=""ceb"">Mangang-ā́ng kug larga,</i><trans> I’ll leave a bit ahead. </trans></eg>
</sense>
<sense n=""4""><number>4</number> <itype>[b4]</itype><trans> lacking s.t. </trans>
<eg><i lang=""ceb"">Naang-ángan ku sa kwarta,</i><trans> I am short of money. </trans></eg>
</sense>
<sense n=""5""><number>5</number> <itype>[ab2]</itype><trans> be put in a difficult situation by s.t. inopportune. </trans>
<eg><i lang=""ceb"">Ímu kung alang-alángug pangutána nga náa may láing namátì,</i><trans> You put me in a difficult situation asking that question when s.o. else is listening. </trans></eg>
</sense>
<sense n=""6""><number>6</number> <itype>[A23]</itype><trans> have hesitations about doing s.t. </trans>
<eg><i lang=""ceb"">Dílì giyud aku mualang-álang nímug pangutánag dílì pa tinúud,</i><trans> I wouldn’t have reservations about asking you if it weren’t true. </trans></eg>
</sense>
<sense n=""7""><number>7</number> <itype>[b6]</itype><trans> consider s.t. <ix>alang-álang.</ix> </trans>
<eg><i lang=""ceb"">Giang-ā́ngan aku sa íyang hitsúra,</i><trans> I consider his looks not up to par. </trans></eg>
<eg><i lang=""ceb"">Giang-ā́ngan akug hangyù níya,</i><trans> It’s a bad time for me to ask him. </trans></eg>
</sense></hom>
<entry><form id=""alang-alang"" lang=""ceb""><abbr expan=""alang-alang"" type=""lemma"">(→)</abbr></form>
<hom>
<sense n=""0""><trans> = <xr lang=""ceb"" target=""#alang-axlang""><sc>alang-álang</sc></xr>, <ix>v</ix>, <ix>a3.</ix> </trans>
</sense></hom></entry>
<entry><form id=""pangalang-axlang"" lang=""ceb""><abbr expan=""pangalang-álang"" type=""lemma"">paN-</abbr></form>
<hom role=""v""><pos>v</pos>
<sense n=""0""> <itype>[A2; c6]</itype><trans> eat a single heavy meal in between mealtimes to make one do for two. </trans>
<eg><i lang=""ceb"">Mangalang-álang lang ta kay kúlang tag bugas,</i><trans> Let’s eat two meals in one because we don’t have enough rice. </trans></eg>
</sense></hom>
<hom role=""n""><pos>n</pos>
<sense n=""0""><trans> single <pb n=""23""/>meal eaten in place of two.
</trans>
</sense></hom></entry></entry>");
INSERT INTO `wced_head` (entryid, head, normalized_head, type, pos) VALUES (443, "alang-álang", "alang-alang", "m", "anv");
INSERT INTO `wced_head` (entryid, head, normalized_head, type, pos) VALUES (443, "alang-alang", "alang-alang", "s", "");
INSERT INTO `wced_head` (entryid, head, normalized_head, type, pos) VALUES (443, "pangalang-álang", "pangalang-alang", "s", "vn");
INSERT INTO `wced_translation` (entryid, translation) VALUES (443, "somewhat");
INSERT INTO `wced_entry` VALUES (444, "alangiing", "23", "<entry page=""23"" id=""444""><form id=""alangixing"" lang=""ceb"">alangíing</form>
<hom role=""a""><pos>a</pos>
<sense n=""0""><trans> giving off intense and penetrating heat in the atmosphere. </trans>
</sense></hom>
<hom role=""v""><pos>v</pos>
<sense n=""0""> <itype>[B2S]</itype><trans> be very hot. </trans>
<eg><i lang=""ceb"">Basta ting-init mag-alangíing ang adlaw sa palis,</i><trans> During summer the sun gets to be stinging hot in the early afternoon.
</trans></eg>
</sense></hom></entry>");
INSERT INTO `wced_head` (entryid, head, normalized_head, type, pos) VALUES (444, "alangíing", "alangiing", "m", "av");
INSERT INTO `wced_entry` VALUES (445, "alangilan", "23", "<entry page=""23"" id=""445""><form id=""alangixlan"" lang=""ceb"">alangílan</form>
<hom role=""n""><pos>n</pos>
<sense n=""0""><trans> k.o. medium- to large-sized tree which produces a multitude of fragrant flowers, esp. in May and June: <bio>Cananga odorata</bio>. The flowers are made into flower necklaces, and a scented oil is extracted from them which is made into perfume.
</trans>
</sense></hom></entry>");
INSERT INTO `wced_head` (entryid, head, normalized_head, type, pos) VALUES (445, "alangílan", "alangilan", "m", "n");
INSERT INTO `wced_entry` VALUES (446, "alangisig", "23", "<entry page=""23"" id=""446""><form id=""alangixsig"" lang=""ceb"">alangísig</form>
<hom>
<sense n=""0""><trans> = <xr lang=""ceb"" target=""#alingixsi""><sc>alingísi</sc></xr>.
</trans>
</sense></hom></entry>");
INSERT INTO `wced_head` (entryid, head, normalized_head, type, pos) VALUES (446, "alangísig", "alangisig", "m", "");
INSERT INTO `wced_entry` VALUES (447, "alangitngit", "23", "<entry page=""23"" id=""447""><form id=""alangitngit"" lang=""ceb"">alangitngit</form>
<hom role=""n""><pos>n</pos>
<sense n=""0""><trans> woody herb of open waste places; used as a poultice: <bio>Ehretia microphylla</bio>.
</trans>
</sense></hom></entry>");
INSERT INTO `wced_head` (entryid, head, normalized_head, type, pos) VALUES (447, "alangitngit", "alangitngit", "m", "n");
INSERT INTO `wced_entry` VALUES (448, "alangsuhan", "23", "<entry page=""23"" id=""448""><form id=""alangsuxhan"" lang=""ceb"">alangsúhan</form>
<hom role=""n""><pos>n</pos>
<sense n=""0""><trans> a medium-sized forest tree: <bio>Alphitonia philippinensis</bio>.
</trans>
</sense></hom></entry>");
INSERT INTO `wced_head` (entryid, head, normalized_head, type, pos) VALUES (448, "alangsúhan", "alangsuhan", "m", "n");
INSERT INTO `wced_entry` VALUES (449, "alapahap", "23", "<entry page=""23"" id=""449""><form id=""alapaxhap"" lang=""ceb"">alapáhap</form>
<hom role=""n""><pos>n</pos>
<sense n=""0""><trans> k.o. fish.
</trans>
</sense></hom></entry>");
INSERT INTO `wced_head` (entryid, head, normalized_head, type, pos) VALUES (449, "alapáhap", "alapahap", "m", "n");
INSERT INTO `wced_entry` VALUES (450, "alap-alap", "23", "<entry page=""23"" id=""450""><form id=""alap-alap"" lang=""ceb"">alap-alap</form>
<hom role=""v""><pos>v</pos>
<sense n=""0""> <itype>[BN16]</itype><trans> be in <tr>doubt</tr>, uncertain of. </trans>
<eg><i lang=""ceb"">Nagpangalap-alap (nag-alap-alap) ku nga muanhi pa siya,</i><trans> I doubt if he is still coming.
</trans></eg>
</sense></hom></entry>");
INSERT INTO `wced_head` (entryid, head, normalized_head, type, pos) VALUES (450, "alap-alap", "alap-alap", "m", "v");
INSERT INTO `wced_translation` (entryid, translation) VALUES (450, "doubt");
INSERT INTO `wced_entry` VALUES (451, "alap-ap", "23", "<entry page=""23"" id=""451""><form id=""alap-ap"" lang=""ceb"">alap-ap</form>
<hom role=""n""><pos>n</pos>
<sense n=""0""><trans> k.o. fungus skin disease characterized by white splotches on the skin. </trans>
</sense></hom>
<hom role=""v""><pos>v</pos>
<sense n=""0""> <itype>[a4]</itype><trans> be infected with <ix>alap-ap.</ix> </trans>
<eg><i lang=""ceb"">Giap-ap ang íyang pánit,</i><trans> She had <ix>ap-ap</ix> on her skin. </trans></eg>
</sense></hom>
<entry><form id=""alap-apun"" lang=""ceb""><abbr expan=""alap-apun"" type=""lemma"">-un(→)</abbr></form>
<hom role=""a""><pos>a</pos>
<sense n=""0""><trans> covered with or infected with <ix>alap-ap.</ix>
</trans>
</sense></hom></entry></entry>");
INSERT INTO `wced_head` (entryid, head, normalized_head, type, pos) VALUES (451, "alap-ap", "alap-ap", "m", "nv");
INSERT INTO `wced_head` (entryid, head, normalized_head, type, pos) VALUES (451, "alap-apun", "alap-apun", "s", "a");
INSERT INTO `wced_entry` VALUES (452, "alarma", "23", "<entry page=""23"" id=""452""><form id=""alarma"" lang=""ceb"">alarma</form>
<hom>
<sense n=""0""><trans> (not without <ix>l</ix>) </trans>
</sense></hom>
<hom role=""n""><pos>n</pos>
<sense n=""1""><number>1</number><trans> <tr>alarm</tr>, sound notifying danger. </trans>
</sense>
<sense n=""2""><number>2</number><trans> report of danger. </trans>
<eg><i lang=""ceb"">May alarma nga náay púga,</i><trans> There was an alarm out that there was a jailbreak. </trans></eg>
</sense></hom>
<hom role=""v""><pos>v</pos>
<sense n=""1""><number>1</number> <itype>[A; b6]</itype><trans> give an alarm. </trans>
<eg><i lang=""ceb"">Alarmáhan ta sa gwardiya ug muabut ang kuntra,</i><trans> The guard will give us a warning when the enemy arrives. </trans></eg>
</sense>
<sense n=""2""><number>2</number> <itype>[A; c]</itype><trans> report danger. </trans>
<eg><i lang=""ceb"">Walà pa ialarma sa pulisíya ang túlis,</i><trans> The police has not been given an alarm about the robbery.†
</trans></eg>
</sense></hom></entry>");
INSERT INTO `wced_head` (entryid, head, normalized_head, type, pos) VALUES (452, "alarma", "alarma", "m", "nv");
INSERT INTO `wced_translation` (entryid, translation) VALUES (452, "alarm");
INSERT INTO `wced_entry` VALUES (453, "alaru", "23", "<entry page=""23"" id=""453""><form id=""alaxru"" lang=""ceb"">aláru</form>
<hom>
<sense n=""0""><trans> (not without <ix>l</ix>) </trans>
</sense></hom>
<hom role=""n""><pos>n</pos>
<sense n=""0""><trans> <tr>arrowroot</tr>: <bio>Maranta arundinacea</bio>.
</trans>
</sense></hom></entry>");
INSERT INTO `wced_head` (entryid, head, normalized_head, type, pos) VALUES (453, "aláru", "alaru", "m", "n");
INSERT INTO `wced_translation` (entryid, translation) VALUES (453, "arrowroot");
INSERT INTO `wced_entry` VALUES (454, "*alas1", "23", "<entry page=""23"" id=""454""><form id=""xxalas"" lang=""ceb"">*alas<sub>1</sub></form>
<hom>
<sense n=""0""><trans> (not without <ix>l</ix>) </trans>
</sense></hom>
<entry><form id=""alas_number"" lang=""ceb""><abbr expan=""alas"" type=""lemma"">—</abbr> <r>[<ix>number</ix>]</r></form>
<hom>
<sense n=""0""><trans> [so-and-so] <tr>o</tr>’clock. </trans>
<eg><i lang=""ceb"">Alas dus na ba?</i><trans> Is it two o’clock yet? </trans></eg>
<eg><i lang=""ceb"">Alas sayis ang puntaríya sa pusil,</i><trans> The sight of his gun is at six o’clock. </trans></eg>
</sense></hom></entry>
<entry><form id=""Ala_uxna_alas_dus_alas_tris"" lang=""ceb"">Ala úna, <abbr expan=""alas"" type=""lemma"">—</abbr> dus, <abbr expan=""alas"" type=""lemma"">—</abbr> tris</form>
<hom>
<sense n=""0""><trans> (in auction) going once, going twice, gone! </trans>
</sense></hom></entry>
<entry><form id=""tuxlin_pa_sa_alas_kwatru"" lang=""ceb"">túlin pa sa <abbr expan=""alas"" type=""lemma"">—</abbr> kwatru</form>
<hom>
<sense n=""0""><trans> faster than blazes. </trans>
</sense></hom>
<hom role=""v""><pos>v</pos>
<sense n=""0""> <itype>[B5; b4(1)]</itype><trans> be [so-and-so] o’clock. </trans>
<eg><i lang=""ceb"">Nialas tris na lang, wà gihápun,</i><trans> It got to be three and he still did not come. </trans></eg>
<eg><i lang=""ceb"">Sa nag-alas dus na, nagsúgud na sila,</i><trans> When it was two o’clock, they began. </trans></eg>
<eg><i lang=""ceb"">Ug maalas kwatru na, ayaw na lag lakaw,</i><trans> If it gets to be four, don’t bother going. </trans></eg>
<eg><i lang=""ceb"">Pagkaala úna na, namatay,</i><trans> By one o’clock he was dead. </trans></eg>
<eg><i lang=""ceb"">Nagkaalas dúsi na lang,</i><trans> It was getting toward twelve o’clock. </trans></eg>
<eg><i lang=""ceb"">Naalasnuybihan mig mata,</i><trans> We didn’t wake up until nine. (We were overtaken by nine o’clock in waking up.) </trans></eg>
<eg><i lang=""ceb"">Alas dusa (ialas dus) ang pagsúgud,</i><trans> Have it start at two. </trans></eg>
</sense></hom></entry>
<entry><form id=""ikaalas"" lang=""ceb""><abbr expan=""ikaalas"" type=""lemma"">ika-</abbr></form>
<hom>
<sense n=""0""><trans> at [so-and-so] o’clock. </trans>
<eg><i lang=""ceb"">Sa ikaalas singku ang taknà,</i><trans> At five o’clock. (At the fifth o’clock hour.)
</trans></eg>
</sense></hom></entry></entry>");
INSERT INTO `wced_head` (entryid, head, normalized_head, type, pos) VALUES (454, "alas", "alas", "s", "");
INSERT INTO `wced_head` (entryid, head, normalized_head, type, pos) VALUES (454, "alas [number]", "alas [number]", "s", "");
INSERT INTO `wced_head` (entryid, head, normalized_head, type, pos) VALUES (454, "Ala úna", "ala una", "s", "");
INSERT INTO `wced_head` (entryid, head, normalized_head, type, pos) VALUES (454, "alas dus", "alas dus", "s", "");
INSERT INTO `wced_head` (entryid, head, normalized_head, type, pos) VALUES (454, "alas tris", "alas tris", "s", "");
INSERT INTO `wced_head` (entryid, head, normalized_head, type, pos) VALUES (454, "túlin pa sa alas kwatru", "tulin pa sa alas kwatru", "s", "v");
INSERT INTO `wced_head` (entryid, head, normalized_head, type, pos) VALUES (454, "ikaalas", "ikaalas", "s", "");
INSERT INTO `wced_translation` (entryid, translation) VALUES (454, "o");
INSERT INTO `wced_entry` VALUES (455, "alas2", "23", "<entry page=""23"" id=""455""><form id=""alas2"" lang=""ceb"">alas<sub>2</sub></form>
<hom>
<sense n=""0""><trans> (not without <ix>l</ix>) </trans>
</sense></hom>
<hom role=""n""><pos>n</pos>
<sense n=""0""><trans> <tr>ace</tr>, a card or die marked with a single spot. </trans>
</sense></hom>
<hom role=""v""><pos>v</pos>
<sense n=""0""> <itype>[B23; a12]</itype><trans> be an ace, draw an ace. </trans>
<eg><i lang=""ceb"">Mualas (maalas) gánì ning ákung mahulbut, pildi ka,</i><trans> If I draw an ace, you lose.
</trans></eg>
</sense></hom></entry>");
INSERT INTO `wced_head` (entryid, head, normalized_head, type, pos) VALUES (455, "alas", "alas", "s", "nv");
INSERT INTO `wced_translation` (entryid, translation) VALUES (455, "ace");
INSERT INTO `wced_entry` VALUES (456, "alasan", "23", "<entry page=""23"" id=""456""><form id=""alasan"" lang=""ceb"">alasan</form>
<hom>
<sense n=""0""><trans> (not without <ix>l</ix>) </trans>
</sense></hom>
<hom role=""n""><pos>n</pos>
<sense n=""0""><trans> chestnut-colored <tr>horse</tr> with small white speckles.
</trans>
</sense></hom></entry>");
INSERT INTO `wced_head` (entryid, head, normalized_head, type, pos) VALUES (456, "alasan", "alasan", "m", "n");
INSERT INTO `wced_translation` (entryid, translation) VALUES (456, "horse");
INSERT INTO `wced_entry` VALUES (457, "alas dusi", "23", "<entry page=""23"" id=""457""><form id=""alas_duxsi"" lang=""ceb"">alas dúsi</form>
<hom role=""n""><pos>n</pos>
<sense n=""0""><trans> name given to various <tr>ornamental plants</tr>, the flowers of which tend to open at noon or midnight.
</trans>
</sense></hom></entry>");
INSERT INTO `wced_head` (entryid, head, normalized_head, type, pos) VALUES (457, "alas dúsi", "alas dusi", "m", "n");
INSERT INTO `wced_translation` (entryid, translation) VALUES (457, "ornamental plants");
INSERT INTO `wced_entry` VALUES (458, "alasiman", "23", "<entry page=""23"" id=""458""><form id=""alasixman"" lang=""ceb"">alasíman</form>
<hom>
<sense n=""0""><trans> = <xr lang=""ceb"" target=""#ulasixman""><sc>ulasíman</sc></xr>.
</trans>
</sense></hom></entry>");
INSERT INTO `wced_head` (entryid, head, normalized_head, type, pos) VALUES (458, "alasíman", "alasiman", "m", "");
INSERT INTO `wced_entry` VALUES (459, "alasiwsiw", "23", "<entry page=""23"" id=""459""><form id=""alasiwsiw"" lang=""ceb"">alasiwsiw</form>
<hom>
<sense n=""0""><trans> = <xr lang=""ceb"" target=""#alisiwsiw""><sc>alisiwsiw</sc></xr>.
</trans>
</sense></hom></entry>");
INSERT INTO `wced_head` (entryid, head, normalized_head, type, pos) VALUES (459, "alasiwsiw", "alasiwsiw", "m", "");
INSERT INTO `wced_entry` VALUES (460, "alas kwatru", "23", "<entry page=""23"" id=""460""><form id=""alas_kwatru"" lang=""ceb"">alas kwatru</form>
<hom>
<sense n=""0""><trans> = <xr lang=""ceb"" target=""#marabilyas""><sc>marabilyas</sc></xr>.
</trans>
</sense></hom></entry>");
INSERT INTO `wced_head` (entryid, head, normalized_head, type, pos) VALUES (460, "alas kwatru", "alas kwatru", "m", "");
INSERT INTO `wced_entry` VALUES (461, "alas utsu", "23", "<entry page=""23"" id=""461""><form id=""alas_utsu"" lang=""ceb"">alas utsu</form>
<hom role=""n""><pos>n</pos>
<sense n=""0""><trans> k.o. ornamental climbing <tr>cactus</tr> the fragrant flowers of which open around eight in the evening and close within two or three hours: <bio>Hylocereus sp</bio>.
</trans>
</sense></hom></entry>");
INSERT INTO `wced_head` (entryid, head, normalized_head, type, pos) VALUES (461, "alas utsu", "alas utsu", "m", "n");
INSERT INTO `wced_translation` (entryid, translation) VALUES (461, "cactus");
INSERT INTO `wced_entry` VALUES (462, "alasuus", "23", "<entry page=""23"" id=""462""><form id=""alasuxus"" lang=""ceb"">alasúus</form>
<hom role=""n""><pos>n</pos>
<sense n=""0""><trans> k.o. <tr>fish</tr>: <bio>Sillago sp</bio>.
</trans>
</sense></hom></entry>");
INSERT INTO `wced_head` (entryid, head, normalized_head, type, pos) VALUES (462, "alasúus", "alasuus", "m", "n");
INSERT INTO `wced_translation` (entryid, translation) VALUES (462, "fish");
INSERT INTO `wced_entry` VALUES (463, "alat", "23", "<entry page=""23"" id=""463""><form id=""alat"" lang=""ceb"">alat</form>
<hom role=""n""><pos>n</pos>
<sense n=""0""><trans> big and tall wide-mouthed <tr>basket</tr> with loose hexagonal mesh weave. </trans>
</sense></hom>
<hom role=""v""><pos>v</pos>
<sense n=""0""> <itype>[A]</itype><trans> make into an <ix>alat.</ix>
</trans>
</sense></hom></entry>");
INSERT INTO `wced_head` (entryid, head, normalized_head, type, pos) VALUES (463, "alat", "alat", "m", "nv");
INSERT INTO `wced_translation` (entryid, translation) VALUES (463, "basket");
INSERT INTO `wced_entry` VALUES (464, "alat1", "23", "<entry page=""23"" id=""464""><form id=""axlat"" lang=""ceb"">álat<sub>1</sub></form>
<hom>
<sense n=""0""><trans> (not without <ix>l</ix>) </trans>
</sense></hom>
<hom role=""n""><pos>n</pos>
<sense n=""0""><trans> <tr>cop</tr> (slang).
</trans>
</sense></hom></entry>");
INSERT INTO `wced_head` (entryid, head, normalized_head, type, pos) VALUES (464, "álat", "alat", "s", "n");
INSERT INTO `wced_translation` (entryid, translation) VALUES (464, "cop");
INSERT INTO `wced_entry` VALUES (465, "alat2", "23", "<entry page=""23"" id=""465""><form id=""axlat2"" lang=""ceb"">álat<sub>2</sub></form>
<hom>
<sense n=""0""><trans> (not without <ix>l</ix>) </trans>
</sense></hom>
<hom role=""n""><pos>n</pos>
<sense n=""0""><trans> <tr>salted eggs</tr>.
</trans>
</sense></hom></entry>");
INSERT INTO `wced_head` (entryid, head, normalized_head, type, pos) VALUES (465, "álat", "alat", "s", "n");
INSERT INTO `wced_translation` (entryid, translation) VALUES (465, "salted eggs");
INSERT INTO `wced_entry` VALUES (466, "alatan", "23", "<entry page=""23"" id=""466""><form id=""alatan"" lang=""ceb"">alatan</form>
<hom role=""n""><pos>n</pos>
<sense n=""0""><trans> k.o. <tr>grunt</tr>: <bio>Plectorhynchus sp</bio>.
</trans>
</sense></hom></entry>");
INSERT INTO `wced_head` (entryid, head, normalized_head, type, pos) VALUES (466, "alatan", "alatan", "m", "n");
INSERT INTO `wced_translation` (entryid, translation) VALUES (466, "grunt");
INSERT INTO `wced_entry` VALUES (467, "alaut", "23", "<entry page=""23"" id=""467""><form id=""alaxut"" lang=""ceb"">aláut</form>
<hom>
<sense n=""0""><trans> (not without <ix>l.</ix> from <ix>dáut</ix>) </trans>
</sense></hom>
<hom role=""a""><pos>a</pos>
<sense n=""0""><trans> <tr>unfortunate</tr>, <tr>wretched</tr>. </trans>
<eg><i lang=""ceb"">Aláut nga biktima sa bagyu,</i><trans> The unfortunate victims of the typhoon. </trans></eg>
</sense></hom>
<hom role=""v""><pos>v</pos>
<sense n=""0""> <itype>[APB12]</itype><trans> make, become wretched.
</trans>
</sense></hom></entry>");
INSERT INTO `wced_head` (entryid, head, normalized_head, type, pos) VALUES (467, "aláut", "alaut", "m", "av");
INSERT INTO `wced_translation` (entryid, translation) VALUES (467, "unfortunate");
INSERT INTO `wced_translation` (entryid, translation) VALUES (467, "wretched");
INSERT INTO `wced_entry` VALUES (468, "alaw", "23", "<entry page=""23"" id=""468""><form id=""alaw"" lang=""ceb"">alaw</form>
<hom>
<sense n=""0""><trans> (not without <ix>l</ix>) </trans>
</sense></hom>
<hom role=""v""><pos>v</pos>
<sense n=""0""> <itype>[A; a12]</itype><trans> </trans>
</sense>
<sense n=""1""><number>1</number><trans> <tr>watch</tr> s.o. from hiding unobserved. </trans>
<eg><i lang=""ceb"">Iring nga nag-alaw sa pisù,</i><trans> The cat that is stalking the chick. </trans></eg>
<eg><i lang=""ceb"">Alawa ag bátà ug unsay buhátun,</i><trans> Spy on the child and see what he does. </trans></eg>
</sense>
<sense n=""2""><number>2</number><trans> <tr>watch</tr> for, <tr>wait</tr> for. </trans>
<eg><i lang=""ceb"">Pag-alaw didtu ug taksi,</i><trans> Watch for a taxi. </trans></eg>
</sense>
<sense n=""3""><number>3</number> <itype>[A3; a12]</itype><trans> be after s.t. with a hidden motive. </trans>
<eg><i lang=""ceb"">Ang íyang kadátù ray alawun sa mangulitáwu,</i><trans> Her suitors are only after her wealth. </trans></eg>
</sense></hom>
<entry><form id=""alaw-axlaw"" lang=""ceb"">alaw-álaw</form>
<hom role=""v""><pos>v</pos>
<sense n=""0""> <itype>[A; b5]</itype><trans> try to get to see s.o. hard to see by catching him s.w. </trans>
<eg><i lang=""ceb"">Dúgay kung gaalaw-álaw ánang pulitikúha arun irikumindar ku,</i><trans> I have been trying for the longest time to run into that politician so he will recommend me.
</trans></eg>
</sense></hom></entry></entry>");
INSERT INTO `wced_head` (entryid, head, normalized_head, type, pos) VALUES (468, "alaw", "alaw", "m", "v");
INSERT INTO `wced_head` (entryid, head, normalized_head, type, pos) VALUES (468, "alaw-álaw", "alaw-alaw", "s", "v");
INSERT INTO `wced_translation` (entryid, translation) VALUES (468, "watch");
INSERT INTO `wced_translation` (entryid, translation) VALUES (468, "wait");
INSERT INTO `wced_entry` VALUES (469, "alaw", "23", "<entry page=""23"" id=""469""><form id=""axlaw"" lang=""ceb"">álaw</form>
<hom>
<sense n=""0""><trans> (not without <ix>l</ix>) <tr>not have</tr> (slang for <ix>walà</ix>). </trans>
<eg><i lang=""ceb"">Álaw kuy bugas,</i><trans> I don’t have anything to eat.
</trans></eg>
</sense></hom></entry>");
INSERT INTO `wced_head` (entryid, head, normalized_head, type, pos) VALUES (469, "álaw", "alaw", "m", "");
INSERT INTO `wced_translation` (entryid, translation) VALUES (469, "not have");
INSERT INTO `wced_entry` VALUES (470, "alawans", "23", "<entry page=""23"" id=""470""><form id=""alaxwans"" lang=""ceb"">aláwans</form>
<hom>
<sense n=""0""><trans> (not without <ix>l</ix>) </trans>
</sense></hom>
<hom role=""n""><pos>n</pos>
<sense n=""1""><number>1</number><trans> <tr>allowance</tr>, amount of money given regularly. </trans>
</sense>
<sense n=""2""><number>2</number><trans> <tr>leeway</tr>, extra <tr>space</tr>. </trans>
</sense></hom>
<hom role=""v""><pos>v</pos>
<sense n=""0""> <itype>[A; c6]</itype><trans> </trans>
</sense>
<sense n=""1""><number>1</number><trans> give or receive an <tr>allowance</tr>. </trans>
<eg><i lang=""ceb"">Mualáwans akug singku písus,</i><trans> I will get an allowance of five pesos. </trans></eg>
<eg><i lang=""ceb"">Mualáwans ku nímug singku,</i><trans> I will give you an allowance of five pesos. </trans></eg>
</sense>
<sense n=""2""><number>2</number><trans> give allowance, leeway. </trans>
<eg><i lang=""ceb"">Mag-aláwans kag purgáda arun dì <pb n=""24""/>háyan mamabà,</i><trans> Leave an inch allowance so it won’t come out too short.
</trans></eg>
</sense></hom></entry>");
INSERT INTO `wced_head` (entryid, head, normalized_head, type, pos) VALUES (470, "aláwans", "alawans", "m", "nv");
INSERT INTO `wced_translation` (entryid, translation) VALUES (470, "allowance");
INSERT INTO `wced_translation` (entryid, translation) VALUES (470, "leeway");
INSERT INTO `wced_translation` (entryid, translation) VALUES (470, "space");
INSERT INTO `wced_entry` VALUES (471, "alawihaw", "24", "<entry page=""24"" id=""471""><form id=""alawixhaw"" lang=""ceb"">alawíhaw</form>
<hom>
<sense n=""0""><trans> = <xr lang=""ceb"" target=""#aluwixhaw""><sc>aluwíhaw</sc></xr>.
</trans>
</sense></hom></entry>");
INSERT INTO `wced_head` (entryid, head, normalized_head, type, pos) VALUES (471, "alawíhaw", "alawihaw", "m", "");
INSERT INTO `wced_entry` VALUES (472, "alawiswis", "24", "<entry page=""24"" id=""472""><form id=""alawiswis"" lang=""ceb"">alawiswis</form>
<hom>
<sense n=""0""><trans> (not without <ix>l</ix>) </trans>
</sense></hom>
<hom role=""n""><pos>n</pos>
<sense n=""1""><number>1</number><trans> bamboo stem <measure reg=""2.5 cm"">an inch</measure> around or less: the top part of a stem or a young stem. </trans>
</sense>
<sense n=""2""><number>2</number><trans> the top part of a palm frond.
</trans>
</sense></hom></entry>");
INSERT INTO `wced_head` (entryid, head, normalized_head, type, pos) VALUES (472, "alawiswis", "alawiswis", "m", "n");
INSERT INTO `wced_entry` VALUES (473, "alayun", "24", "<entry page=""24"" id=""473""><form id=""alaxyun"" lang=""ceb"">aláyun</form>
<hom role=""n""><pos>n</pos>
<sense n=""0""><trans> group of people who work together on jobs on a more or less permanent basis. The person for whom the job is done has an obligation to repay each worker with an equal amount of time. </trans>
</sense></hom>
<hom role=""v""><pos>v</pos>
<sense n=""1""><number>1</number> <itype>[A2C; b5c4]</itype><trans> work on the <ix>aláyun</ix> basis. </trans>
<eg><i lang=""ceb"">Alayúnun (alayúnan) nátù ang pagpananggì,</i><trans> We’ll harvest on the mutual help basis. </trans></eg>
<eg><i lang=""ceb"">Alayúnan tika karun, ug impas na,</i><trans> I’ll work for you now, and we’re all square. </trans></eg>
</sense>
<sense n=""2""><number>2</number> <itype>[A3; b6(1)]</itype><trans> do s.t. as a favor. </trans>
<eg><i lang=""ceb"">Nag-aláyun siya nákug hatud ngadtu,</i><trans> He did me the favor of taking me there. </trans></eg>
<eg><i lang=""ceb"">Alayúni siyag panghúgas,</i><trans> Do him the favor of helping him wash the dishes. </trans></eg>
<eg><i lang=""ceb"">Ialáyun kug kúhag túbig,</i><trans> Please get me some water. </trans></eg>
</sense>
<sense n=""2a""><number>2a</number><trans> <tr>please</tr>. </trans>
<eg><i lang=""ceb"">Aláyun, ambi ra nang libru,</i><trans> Please, give me that book. </trans></eg>
</sense></hom>
<entry><form id=""kaalaxyun"" lang=""ceb""><abbr expan=""kaaláyun"" type=""lemma"">ka-</abbr></form>
<hom role=""n""><pos>n</pos>
<sense n=""0""><trans> one with whom one has an <ix>aláyun</ix> arrangement. </trans>
</sense></hom></entry>
<entry><form id=""alaxyunan"" lang=""ceb""><abbr expan=""aláyunan"" type=""lemma"">-an</abbr></form>
<hom role=""n""><pos>n</pos>
<sense n=""0""><trans> work obligation one has.
</trans>
</sense></hom></entry></entry>");
INSERT INTO `wced_head` (entryid, head, normalized_head, type, pos) VALUES (473, "aláyun", "alayun", "m", "nv");
INSERT INTO `wced_head` (entryid, head, normalized_head, type, pos) VALUES (473, "kaaláyun", "kaalayun", "s", "n");
INSERT INTO `wced_head` (entryid, head, normalized_head, type, pos) VALUES (473, "aláyunan", "alayunan", "s", "n");
INSERT INTO `wced_translation` (entryid, translation) VALUES (473, "please");
INSERT INTO `wced_entry` VALUES (474, "alayupiyup", "24", "<entry page=""24"" id=""474""><form id=""alayupiyup"" lang=""ceb"">alayupiyup</form>
<hom>
<sense n=""0""><trans> = <xr lang=""ceb"" target=""#aliyupyup""><sc>aliyupyup</sc></xr>.
</trans>
</sense></hom></entry>");
INSERT INTO `wced_head` (entryid, head, normalized_head, type, pos) VALUES (474, "alayupiyup", "alayupiyup", "m", "");
INSERT INTO `wced_entry` VALUES (475, "alba", "24", "<entry page=""24"" id=""475""><form id=""alba"" lang=""ceb"">alba</form>
<hom role=""n""><pos>n</pos>
<sense n=""0""><trans> <tr>alb</tr>, a type of priest’s garment. </trans>
</sense></hom>
<hom role=""v""><pos>v</pos>
<sense n=""0""> <itype>[A; a]</itype><trans> wear an alb, make into an alb. </trans>
</sense></hom>
<entry><form id=""inalba"" lang=""ceb""><abbr expan=""inalba"" type=""lemma"">-in-</abbr></form>
<hom role=""n""><pos>n</pos>
<sense n=""0""><trans> dress shaped like an alb. </trans>
</sense></hom>
<hom role=""v""><pos>v</pos>
<sense n=""0""> <itype>[A; a]</itype><trans> wear, make into a dress of this sort.
</trans>
</sense></hom></entry></entry>");
INSERT INTO `wced_head` (entryid, head, normalized_head, type, pos) VALUES (475, "alba", "alba", "m", "nv");
INSERT INTO `wced_head` (entryid, head, normalized_head, type, pos) VALUES (475, "inalba", "inalba", "s", "nv");
INSERT INTO `wced_translation` (entryid, translation) VALUES (475, "alb");
INSERT INTO `wced_entry` VALUES (476, "albahaka", "24", "<entry page=""24"" id=""476""><form id=""albahaxka"" lang=""ceb"">albaháka</form>
<hom role=""n""><pos>n</pos>
<sense n=""0""><trans> name given to several herbs with a sweet mint-like aroma used as a condiment, medicinally, and for delousing fowls. </trans>
</sense>
<sense n=""1""><number>1</number><trans> <bio>Ocimum basilicum</bio>. </trans>
</sense>
<sense n=""2""><number>2</number><trans> = <xr lang=""ceb"" target=""#kalugungkugung""><sc>kalugungkugung</sc></xr>.
</trans>
</sense></hom></entry>");
INSERT INTO `wced_head` (entryid, head, normalized_head, type, pos) VALUES (476, "albaháka", "albahaka", "m", "n");
INSERT INTO `wced_entry` VALUES (477, "albangku", "24", "<entry page=""24"" id=""477""><form id=""albangku"" lang=""ceb"">albangku</form>
<hom>
<sense n=""0""><trans> clear away from the sides of the billiard table. </trans>
<eg><i lang=""ceb"">Albangku, mga mirun,</i><trans> Spectators, get out of the way.
</trans></eg>
</sense></hom></entry>");
INSERT INTO `wced_head` (entryid, head, normalized_head, type, pos) VALUES (477, "albangku", "albangku", "m", "");
INSERT INTO `wced_entry` VALUES (478, "albati", "24", "<entry page=""24"" id=""478""><form id=""albaxti"" lang=""ceb"">albáti</form>
<hom>
<sense n=""0""><trans> = <xr lang=""ceb"" target=""#alugbaxti""><sc>alugbáti</sc></xr>.
</trans>
</sense></hom></entry>");
INSERT INTO `wced_head` (entryid, head, normalized_head, type, pos) VALUES (478, "albáti", "albati", "m", "");
INSERT INTO `wced_entry` VALUES (479, "albinu", "24", "<entry page=""24"" id=""479""><form id=""albixnu"" lang=""ceb"">albínu</form>
<hom role=""n""><pos>n</pos>
<sense n=""0""><trans> <tr>albino</tr>.
</trans>
</sense></hom></entry>");
INSERT INTO `wced_head` (entryid, head, normalized_head, type, pos) VALUES (479, "albínu", "albinu", "m", "n");
INSERT INTO `wced_translation` (entryid, translation) VALUES (479, "albino");
INSERT INTO `wced_entry` VALUES (480, "albularyu", "24", "<entry page=""24"" id=""480""><form id=""albularyu"" lang=""ceb"">albularyu</form>
<hom>
<sense n=""0""><trans> = <xr lang=""ceb"" target=""#arbularyu""><sc>arbularyu</sc></xr>.
</trans>
</sense></hom></entry>");
INSERT INTO `wced_head` (entryid, head, normalized_head, type, pos) VALUES (480, "albularyu", "albularyu", "m", "");
INSERT INTO `wced_entry` VALUES (481, "album", "24", "<entry page=""24"" id=""481""><form id=""album"" lang=""ceb"">album</form>
<hom role=""n""><pos>n</pos>
<sense n=""0""><trans> <tr>album</tr>, scrapbook. </trans>
</sense></hom>
<hom role=""v""><pos>v</pos>
<sense n=""1""><number>1</number> <itype>[A; c]</itype><trans> put in an album. </trans>
<eg><i lang=""ceb"">Albúmun ku ning ákung mga ritrátu,</i><trans> I’ll collect these pictures in an album. </trans></eg>
</sense>
<sense n=""2""><number>2</number> <itype>[A12]</itype><trans> get or obtain an album.
</trans>
</sense></hom></entry>");
INSERT INTO `wced_head` (entryid, head, normalized_head, type, pos) VALUES (481, "album", "album", "m", "nv");
INSERT INTO `wced_translation` (entryid, translation) VALUES (481, "album");
INSERT INTO `wced_entry` VALUES (482, "algudun", "24", "<entry page=""24"" id=""482""><form id=""algudun"" lang=""ceb"">algudun</form>
<hom role=""n""><pos>n</pos>
<sense n=""0""><trans> <tr>cotton</tr> as manufactured, commercial cotton.
</trans>
</sense></hom></entry>");
INSERT INTO `wced_head` (entryid, head, normalized_head, type, pos) VALUES (482, "algudun", "algudun", "m", "n");
INSERT INTO `wced_translation` (entryid, translation) VALUES (482, "cotton");
INSERT INTO `wced_entry` VALUES (483, "alguwasil", "24", "<entry page=""24"" id=""483""><form id=""alguwasil"" lang=""ceb"">alguwasil</form>
<hom role=""n""><pos>n</pos>
<sense n=""1""><number>1</number><trans> s.o. employed as a general office boy-janitor combination in offices in Spanish times. </trans>
</sense>
<sense n=""2""><number>2</number><trans> <tr>constable</tr>. </trans>
</sense></hom>
<hom role=""v""><pos>v</pos>
<sense n=""0""> <itype>[B6; a]</itype><trans> be an <ix>alguwasil.</ix>
</trans>
</sense></hom></entry>");
INSERT INTO `wced_head` (entryid, head, normalized_head, type, pos) VALUES (483, "alguwasil", "alguwasil", "m", "nv");
INSERT INTO `wced_translation` (entryid, translation) VALUES (483, "constable");
INSERT INTO `wced_entry` VALUES (484, "alhibi", "24", "<entry page=""24"" id=""484""><form id=""alhixbi"" lang=""ceb"">alhíbi</form>
<hom role=""n""><pos>n</pos>
<sense n=""0""><trans> a large water container with a faucet at the bottom.
</trans>
</sense></hom></entry>");
INSERT INTO `wced_head` (entryid, head, normalized_head, type, pos) VALUES (484, "alhíbi", "alhibi", "m", "n");
INSERT INTO `wced_entry` VALUES (485, "alhu", "24", "<entry page=""24"" id=""485""><form id=""alhu"" lang=""ceb"">alhu</form>
<hom role=""n""><pos>n</pos>
<sense n=""0""><trans> <tr>pestle</tr>. </trans>
</sense></hom>
<hom role=""v""><pos>v</pos>
<sense n=""1""><number>1</number> <itype>[A12]</itype><trans> make into a pestle. </trans>
</sense>
<sense n=""2""><number>2</number> <itype>[a12]</itype><trans> hit with a pestle. </trans>
<eg><i lang=""ceb"">Alhúun tika run,</i><trans> I’ll hit you with a pestle.
</trans></eg>
</sense></hom></entry>");
INSERT INTO `wced_head` (entryid, head, normalized_head, type, pos) VALUES (485, "alhu", "alhu", "m", "nv");
INSERT INTO `wced_translation` (entryid, translation) VALUES (485, "pestle");
INSERT INTO `wced_entry` VALUES (486, "ali", "24", "<entry page=""24"" id=""486""><form id=""axli"" lang=""ceb"">áli</form>
<hom role=""v""><pos>v</pos>
<sense n=""0""> <itype>[A; c]</itype><trans> <tr>block</tr> a path, prevent passage, be a <tr>barrier</tr>. </trans>
<eg><i lang=""ceb"">Ang bahà nakaáli sa ámung pagtabuk,</i><trans> The flood prevented us from crossing to the other side. </trans></eg>
<eg><i lang=""ceb"">Gialíhan ku ang íyang dálan,</i><trans> I blocked his way. </trans></eg>
<eg><i lang=""ceb"">Kiring kaban iáli sa pultahan,</i><trans> Put this trunk as a barrier behind the door. </trans></eg>
</sense></hom>
<entry><form id=""ali"" lang=""ceb""><abbr expan=""ali"" type=""lemma"">(→)</abbr></form>
<hom role=""n""><pos>n</pos>
<sense n=""1""><number>1</number><trans> <tr>barrier</tr>. </trans>
</sense>
<sense n=""2""><number>2</number><trans> a gill net set as a barrier to catch stunned fish.
</trans>
</sense></hom></entry></entry>");
INSERT INTO `wced_head` (entryid, head, normalized_head, type, pos) VALUES (486, "áli", "ali", "m", "v");
INSERT INTO `wced_head` (entryid, head, normalized_head, type, pos) VALUES (486, "ali", "ali", "s", "n");
INSERT INTO `wced_translation` (entryid, translation) VALUES (486, "block");
INSERT INTO `wced_translation` (entryid, translation) VALUES (486, "barrier");
INSERT INTO `wced_entry` VALUES (487, "*alibagbag", "24", "<entry page=""24"" id=""487""><form id=""xxalibagbag"" lang=""ceb"">*alibagbag</form>
<entry><form id=""paalibagbag"" lang=""ceb""><abbr expan=""paalibagbag"" type=""lemma"">pa-</abbr></form>
<hom>
<sense n=""0""> <corr><pos>v</pos> </corr><itype>[A; b6]</itype><trans> <tr>avoid answering</tr> or seeming to heed by speaking off the topic, or pretend to be doing s.t. else in order to avoid the embarrassment of a confrontation. </trans>
<eg><i lang=""ceb"">Ayaw paalibagbag ug basabása myintras gisultíhan ka nákù,</i><trans> Don’t sit there reading while I am talking to you. </trans></eg>
<eg><i lang=""ceb"">Gialibagbágan (gipaalibagbágan) ku níyag tubag kay dì man siya muadmitir nákù,</i><trans> He answered me off the topic to avoid admitting it.
</trans></eg>
</sense></hom></entry></entry>");
INSERT INTO `wced_head` (entryid, head, normalized_head, type, pos) VALUES (487, "alibagbag", "alibagbag", "s", "");
INSERT INTO `wced_head` (entryid, head, normalized_head, type, pos) VALUES (487, "paalibagbag", "paalibagbag", "s", "");
INSERT INTO `wced_translation` (entryid, translation) VALUES (487, "avoid answering");
INSERT INTO `wced_entry` VALUES (488, "alibangbang", "24", "<entry page=""24"" id=""488""><form id=""alibangbang"" lang=""ceb"">alibangbang</form>
<hom role=""n""><pos>n</pos>
<sense n=""1""><number>1</number><trans> <tr>butterfly</tr>. </trans>
</sense>
<sense n=""2a""><number>2a</number><trans> butterfly fish: <bio>Chaetodon sp</bio>. </trans>
</sense>
<sense n=""2b""><number>2b</number><trans> by extension, angel fish: <bio>Holacanthus sp</bio>. </trans>
</sense>
<sense n=""3""><number>3</number><trans> k.o. seashell. </trans>
</sense></hom>
<entry><form id=""alibangbangun"" lang=""ceb""><abbr expan=""alibangbangun"" type=""lemma"">-un</abbr></form>
<hom>
<sense n=""0""><trans> butterfly fish.
</trans>
</sense></hom></entry></entry>");
INSERT INTO `wced_head` (entryid, head, normalized_head, type, pos) VALUES (488, "alibangbang", "alibangbang", "m", "n");
INSERT INTO `wced_head` (entryid, head, normalized_head, type, pos) VALUES (488, "alibangbangun", "alibangbangun", "s", "");
INSERT INTO `wced_translation` (entryid, translation) VALUES (488, "butterfly");
INSERT INTO `wced_entry` VALUES (489, "alibangu", "24", "<entry page=""24"" id=""489""><form id=""alibaxngu"" lang=""ceb"">alibángu</form>
<hom role=""a""><pos>a</pos>
<sense n=""0""><trans> bothering others by being noisy. </trans>
</sense></hom>
<hom role=""v""><pos>v</pos>
<sense n=""0""> <itype>[B1; b6]</itype><trans> <tr>bother</tr> s.o. by being noisy. </trans>
<eg><i lang=""ceb"">Gialibangúhan ku sa ímung pangyawyaw,</i><trans> I find your grumbling bothersome.

</trans></eg>
</sense></hom></entry>");
INSERT INTO `wced_head` (entryid, head, normalized_head, type, pos) VALUES (489, "alibángu", "alibangu", "m", "av");
INSERT INTO `wced_translation` (entryid, translation) VALUES (489, "bother");
INSERT INTO `wced_entry` VALUES (490, "alibay1", "24", "<entry page=""24"" id=""490""><form id=""alibay"" lang=""ceb"">alibay<sub>1</sub></form>
<hom role=""n""><pos>n</pos>
<sense n=""0""><trans> <tr>excuse</tr> for failing to do s.t. </trans>
</sense></hom>
<hom role=""v""><pos>v</pos>
<sense n=""0""> <itype>[A; c]</itype><trans> give an excuse. </trans>
<eg><i lang=""ceb"">Ialibay nga namatyan kag lúla,</i><trans> Give the excuse that your grandmother died.
</trans></eg>
</sense></hom></entry>");
INSERT INTO `wced_head` (entryid, head, normalized_head, type, pos) VALUES (490, "alibay", "alibay", "s", "nv");
INSERT INTO `wced_translation` (entryid, translation) VALUES (490, "excuse");
INSERT INTO `wced_entry` VALUES (491, "alibhat", "24", "<entry page=""24"" id=""491""><form id=""alibhat"" lang=""ceb"">alibhat</form>
<hom role=""v""><pos>v</pos>
<sense n=""0""> <itype>[A; b5]</itype><trans> head s.o. off. </trans>
<eg><i lang=""ceb"">Mualibhat lang ta sa parid,</i><trans> Let’s catch up to the parade by heading it off. </trans></eg>
<eg><i lang=""ceb"">Alibháti (alibháta) siya. Didtu ági sa luyu,</i><trans> Head him off by going around the other way.
</trans></eg>
</sense></hom></entry>");
INSERT INTO `wced_head` (entryid, head, normalized_head, type, pos) VALUES (491, "alibhat", "alibhat", "m", "v");
INSERT INTO `wced_entry` VALUES (492, "alibi", "24", "<entry page=""24"" id=""492""><form id=""alixbi"" lang=""ceb"">alíbi</form>
<hom>
<sense n=""0""><trans> = <xr lang=""ceb"" target=""#alhixbi""><sc>alhíbi</sc></xr>.
</trans>
</sense></hom></entry>");
INSERT INTO `wced_head` (entryid, head, normalized_head, type, pos) VALUES (492, "alíbi", "alibi", "m", "");
INSERT INTO `wced_entry` VALUES (493, "alibusbus", "24", "<entry page=""24"" id=""493""><form id=""alibusbus"" lang=""ceb"">alibusbus</form>
<hom role=""n""><pos>n</pos>
<sense n=""0""><trans> k.o. winged large red house ants that come in swarms, esp. during rainy days, and hover around bright lights.
</trans>
</sense></hom></entry>");
INSERT INTO `wced_head` (entryid, head, normalized_head, type, pos) VALUES (493, "alibusbus", "alibusbus", "m", "n");
INSERT INTO `wced_entry` VALUES (494, "alibwag", "24", "<entry page=""24"" id=""494""><form id=""alibwag"" lang=""ceb"">alibwag</form>
<hom role=""v""><pos>v</pos>
<sense n=""0""> <itype>[AB3(1); aPc]</itype><trans> <tr>disperse</tr>, scatter in all directions, scatter s.t. </trans>
<eg><i lang=""ceb"">Mialibwag ang báhù sa kasuuksuukan,</i><trans> The smell spread to every corner. </trans></eg>
<eg><i lang=""ceb"">Kinsay nag-alibwag sa duldul?</i><trans> Who scattered the kapok all over the place? </trans></eg>
<eg><i lang=""ceb"">Alibwágun ang punduk sa tirgas,</i><trans> The tear gas will disperse the crowd.
</trans></eg>
</sense></hom></entry>");
INSERT INTO `wced_head` (entryid, head, normalized_head, type, pos) VALUES (494, "alibwag", "alibwag", "m", "v");
INSERT INTO `wced_translation` (entryid, translation) VALUES (494, "disperse");
INSERT INTO `wced_entry` VALUES (495, "alibyu", "24", "<entry page=""24"" id=""495""><form id=""alibyu"" lang=""ceb"">alibyu</form>
<hom role=""n""><pos>n</pos>
<sense n=""1""><number>1</number><trans> alleviation, <tr>improvement</tr> of an affliction. </trans>
</sense>
<sense n=""2""><number>2</number><trans> improvement. </trans>
<eg><i lang=""ceb"">Walay alibyu ang ámung kahimtang,</i><trans> Our financial condition is no better. </trans></eg>
</sense></hom>
<hom role=""v""><pos>v</pos>
<sense n=""0""> <itype>[APB; b3c5]</itype><trans> get better, make s.t. get better in health. </trans>
<eg><i lang=""ceb"">Ang biks mualibyu (mupaalibyu) sa sip-un,</i><trans> Vicks alleviates a cold. </trans></eg>
<eg><i lang=""ceb"">Mialibyu ang ákung ubu,</i><trans> My cold got better.
</trans></eg>
</sense></hom></entry>");
INSERT INTO `wced_head` (entryid, head, normalized_head, type, pos) VALUES (495, "alibyu", "alibyu", "m", "nv");
INSERT INTO `wced_translation` (entryid, translation) VALUES (495, "improvement");
INSERT INTO `wced_entry` VALUES (496, "alid-an, alid-i", "24", "<entry page=""24"" id=""496""><form id=""alid-an_alid-i"" lang=""ceb"">alid-an, alid-i</form>
<hom>
<sense n=""0""><trans> <ix>see</ix> <xr lang=""ceb"" target=""#alixli""><sc>alíli</sc></xr>.
</trans>
</sense></hom></entry>");
INSERT INTO `wced_head` (entryid, head, normalized_head, type, pos) VALUES (496, "alid-an", "alid-an", "s", "");
INSERT INTO `wced_head` (entryid, head, normalized_head, type, pos) VALUES (496, "alid-i", "alid-i", "s", "");
INSERT INTO `wced_entry` VALUES (497, "alig-alig", "24", "<entry page=""24"" id=""497""><form id=""alig-alig"" lang=""ceb"">alig-alig</form>
<hom role=""v""><pos>v</pos>
<sense n=""0""> <itype>[AP; b(1)]</itype><trans> </trans>
</sense>
<sense n=""1""><number>1</number><trans> do s.t. which is not one’s ordinary duty, take s.t. on oneself. </trans>
<eg><i lang=""ceb"">Ngánung gialig-aligan man nà nímug táud nga wà pa man mahuman ug pintal?</i><trans> Why <pb n=""25""/>did you go and put it up when we hadn’t finished painting it? </trans></eg>
</sense>
<sense n=""2""><number>2</number><trans> undertake a task which one is not up to doing. </trans>
<eg><i lang=""ceb"">Bisag dì kamau mudrayib, mualig-alig nà siyag maníhu,</i><trans> He doesn’t know how to drive, but he takes it on himself to do so.
</trans></eg>
</sense></hom></entry>");
INSERT INTO `wced_head` (entryid, head, normalized_head, type, pos) VALUES (497, "alig-alig", "alig-alig", "m", "v");
INSERT INTO `wced_entry` VALUES (498, "aligasiyun", "25", "<entry page=""25"" id=""498""><form id=""aligasiyun"" lang=""ceb"">aligasiyun</form>
<hom role=""n""><pos>n</pos>
<sense n=""0""><trans> <tr>allegation</tr>.
</trans>
</sense></hom></entry>");
INSERT INTO `wced_head` (entryid, head, normalized_head, type, pos) VALUES (498, "aligasiyun", "aligasiyun", "m", "n");
INSERT INTO `wced_translation` (entryid, translation) VALUES (498, "allegation");
INSERT INTO `wced_entry` VALUES (499, "aligatu", "25", "<entry page=""25"" id=""499""><form id=""aligatu"" lang=""ceb"">aligatu</form>
<hom role=""n""><pos>n</pos>
<sense n=""0""><trans> <tr>fiery particles</tr> carried off from a <tr>fire</tr> by the updraft. </trans>
</sense></hom>
<hom role=""v""><pos>v</pos>
<sense n=""0""> <itype>[A; b6]</itype><trans> give off flaming particles. </trans>
<eg><i lang=""ceb"">Piligru ug aligatuhan ang atup nga nípà,</i><trans> It’s dangerous if flying embers hit the roof because it is palm thatch.
</trans></eg>
</sense></hom></entry>");
INSERT INTO `wced_head` (entryid, head, normalized_head, type, pos) VALUES (499, "aligatu", "aligatu", "m", "nv");
INSERT INTO `wced_translation` (entryid, translation) VALUES (499, "fiery particles");
INSERT INTO `wced_translation` (entryid, translation) VALUES (499, "fire");
INSERT INTO `wced_entry` VALUES (500, "aligaya", "25", "<entry page=""25"" id=""500""><form id=""aligaxya"" lang=""ceb"">aligáya</form>
<hom role=""v""><pos>v</pos>
<sense n=""0""> <itype>[A; b6]</itype><trans> <tr>take a nap</tr>. </trans>
<eg><i lang=""ceb"">Nag-aligáya siya sa dúyan,</i><trans> He is taking his nap in the hammock.
</trans></eg>
</sense></hom></entry>");
INSERT INTO `wced_head` (entryid, head, normalized_head, type, pos) VALUES (500, "aligáya", "aligaya", "m", "v");
INSERT INTO `wced_translation` (entryid, translation) VALUES (500, "take a nap");
INSERT INTO `wced_entry` VALUES (501, "aligi", "25", "<entry page=""25"" id=""501""><form id=""aligi"" lang=""ceb"">aligi</form>
<hom role=""n""><pos>n</pos>
<sense n=""0""><trans> <tr>the yellow fat of crabs</tr>. </trans>
</sense></hom>
<hom role=""v""><pos>v</pos>
<sense n=""0""> <itype>[A13; b4]</itype><trans> </trans>
</sense>
<sense n=""1""><number>1</number><trans> for crabs to have fat in abundant quantities. </trans>
<eg><i lang=""ceb"">Kasag nga gialigihan,</i><trans> Crabs with plenty of fat. </trans></eg>
</sense>
<sense n=""2""><number>2</number><trans> for dirt to be present in thick rolls like fat on a crab. </trans>
<eg><i lang=""ceb"">Nag-aligi ang buling sa ímung líug,</i><trans> You have deep rolls of dirt on your neck.
</trans></eg>
</sense></hom></entry>");
INSERT INTO `wced_head` (entryid, head, normalized_head, type, pos) VALUES (501, "aligi", "aligi", "m", "nv");
INSERT INTO `wced_translation` (entryid, translation) VALUES (501, "the yellow fat of crabs");
INSERT INTO `wced_entry` VALUES (502, "alig-ig", "25", "<entry page=""25"" id=""502""><form id=""alig-ig"" lang=""ceb"">alig-ig</form>
<hom role=""v""><pos>v</pos>
<sense n=""0""> <itype>[A; a]</itype><trans> </trans>
</sense>
<sense n=""1""><number>1</number><trans> <tr>separate</tr> coarse and fine grains by <tr>shaking</tr> them on a tray. A jerking motion is made in one direction so that the heavier grains collect at one end of the tray. </trans>
<eg><i lang=""ceb"">Alig-íga ang ginaling,</i><trans> Shake out the ground corn. </trans></eg>
</sense>
<sense n=""2""><number>2</number><trans> <tr>rock</tr> vigorously from side to side. </trans>
<eg><i lang=""ceb"">Makusug nga línug nga mialig-ig sa Manílà,</i><trans> A strong earthquake that rocked Manila. </trans></eg>
<eg><i lang=""ceb"">Pastilan níyang nakaalig-ig sa samput dihang hápit na,</i><trans> My, how she moved her buttocks from side to side when she was about to come. </trans></eg>
</sense>
<sense n=""3""><number>3</number><trans> <tr>shake</tr> up personnel. </trans>
<eg><i lang=""ceb"">Kinsay gialig-ig ni Markus?</i><trans> Who did Marcos dismiss (from his cabinet)? </trans></eg>
</sense></hom>
<entry><form id=""inalig-ixgay"" lang=""ceb""><abbr expan=""inalig-ígay"" type=""lemma"">-in-ay</abbr></form>
<hom role=""n""><pos>n</pos>
<sense n=""0""><trans> <tr>shake-up</tr> of personnel. </trans>
<eg><i lang=""ceb"">Human sa iliksiyun, dakù giyung inalig-ígay,</i><trans> After the election, there will be a big shake-up. </trans></eg>
</sense></hom></entry>
<entry><form id=""alig-igun_alig-igunun"" lang=""ceb""><abbr expan=""alig-igun"" type=""lemma"">-un(→)</abbr>, <abbr expan=""alig-igunun"" type=""lemma"">-unun</abbr></form>
<hom role=""n""><pos>n</pos>
<sense n=""0""><trans> ground cereal to be winnowed.
</trans>
</sense></hom></entry></entry>");
INSERT INTO `wced_head` (entryid, head, normalized_head, type, pos) VALUES (502, "alig-ig", "alig-ig", "m", "v");
INSERT INTO `wced_head` (entryid, head, normalized_head, type, pos) VALUES (502, "inalig-ígay", "inalig-igay", "s", "n");
INSERT INTO `wced_head` (entryid, head, normalized_head, type, pos) VALUES (502, "alig-igun", "alig-igun", "s", "n");
INSERT INTO `wced_head` (entryid, head, normalized_head, type, pos) VALUES (502, "alig-igunun", "alig-igunun", "s", "n");
INSERT INTO `wced_translation` (entryid, translation) VALUES (502, "separate");
INSERT INTO `wced_translation` (entryid, translation) VALUES (502, "shaking");
INSERT INTO `wced_translation` (entryid, translation) VALUES (502, "rock");
INSERT INTO `wced_translation` (entryid, translation) VALUES (502, "shake");
INSERT INTO `wced_translation` (entryid, translation) VALUES (502, "shake-up");
INSERT INTO `wced_entry` VALUES (503, "aligri", "25", "<entry page=""25"" id=""503""><form id=""aligri"" lang=""ceb"">aligri</form>
<hom role=""a""><pos>a</pos>
<sense n=""0""><trans> <tr>lively, gay</tr>. </trans>
<eg><i lang=""ceb"">Aligri ang ílang piging,</i><trans> Their party was gay. </trans></eg>
<eg><i lang=""ceb"">Aligring ikúyug si Pingping,</i><trans> Pingping would be fun to take along. </trans></eg>
</sense></hom>
<hom role=""v""><pos>v</pos>
<sense n=""0""> <itype>[B; a]</itype><trans> be or become gay or lively. </trans>
</sense></hom>
<entry><form id=""aligrihun"" lang=""ceb"">aligrihun</form>
<hom role=""a""><pos>a</pos>
<sense n=""0""><trans> of a lively type.
</trans>
</sense></hom></entry></entry>");
INSERT INTO `wced_head` (entryid, head, normalized_head, type, pos) VALUES (503, "aligri", "aligri", "m", "av");
INSERT INTO `wced_head` (entryid, head, normalized_head, type, pos) VALUES (503, "aligrihun", "aligrihun", "s", "a");
INSERT INTO `wced_translation` (entryid, translation) VALUES (503, "lively");
INSERT INTO `wced_translation` (entryid, translation) VALUES (503, "gay");
INSERT INTO `wced_entry` VALUES (504, "aliguriya", "25", "<entry page=""25"" id=""504""><form id=""aligurixya"" lang=""ceb"">aliguríya</form>
<hom role=""n""><pos>n</pos>
<sense n=""0""><trans> <tr>parable, allegory</tr>. </trans>
</sense></hom>
<hom role=""v""><pos>v</pos>
<sense n=""0""> <itype>[A2; c1]</itype><trans> speak by way of allegory.
</trans>
</sense></hom></entry>");
INSERT INTO `wced_head` (entryid, head, normalized_head, type, pos) VALUES (504, "aliguríya", "aliguriya", "m", "nv");
INSERT INTO `wced_translation` (entryid, translation) VALUES (504, "parable");
INSERT INTO `wced_translation` (entryid, translation) VALUES (504, "allegory");
INSERT INTO `wced_entry` VALUES (505, "aligutgut1", "25", "<entry page=""25"" id=""505""><form id=""aligutgut"" lang=""ceb"">aligutgut<sub>1</sub></form>
<hom role=""n""><pos>n</pos>
<sense n=""0""><trans> a <tr>prayer</tr> imploring the saving of a soul recited or sung in recitation-response style at the end of a novena.
</trans>
</sense></hom></entry>");
INSERT INTO `wced_head` (entryid, head, normalized_head, type, pos) VALUES (505, "aligutgut", "aligutgut", "s", "n");
INSERT INTO `wced_translation` (entryid, translation) VALUES (505, "prayer");
INSERT INTO `wced_entry` VALUES (506, "aligutgut2", "25", "<entry page=""25"" id=""506""><form id=""aligutgut2"" lang=""ceb"">aligutgut<sub>2</sub></form>
<hom role=""n""><pos>n</pos>
<sense n=""0""><trans> <tr>rancor</tr>, deep abiding anger. </trans>
</sense></hom>
<hom role=""v""><pos>v</pos>
<sense n=""0""> <itype>[B; b3]</itype><trans> feel rancor, bitterness, or hatred. </trans>
<eg><i lang=""ceb"">Gialigutgútan níya si Pidru,</i><trans> He feels rancor towards Pedro. </trans></eg>
<eg><i lang=""ceb"">Ang ímung pagbutar sa píkas mauy íyang gikaaligutgútan pag-áyu,</i><trans> What embittered him most is that you voted for the other side. </trans></eg>
</sense></hom>
<entry><form id=""kaaligutgut"" lang=""ceb""><abbr expan=""kaaligutgut"" type=""lemma"">ka-</abbr></form>
<hom role=""n""><pos>n</pos>
<sense n=""0""><trans> = <xr lang=""ceb"" target=""#aligutgut2""><sc>aligutgut<sub>2</sub></sc></xr>.
</trans>
</sense></hom></entry></entry>");
INSERT INTO `wced_head` (entryid, head, normalized_head, type, pos) VALUES (506, "aligutgut", "aligutgut", "s", "nv");
INSERT INTO `wced_head` (entryid, head, normalized_head, type, pos) VALUES (506, "kaaligutgut", "kaaligutgut", "s", "n");
INSERT INTO `wced_translation` (entryid, translation) VALUES (506, "rancor");
INSERT INTO `wced_entry` VALUES (507, "alihid", "25", "<entry page=""25"" id=""507""><form id=""alihid"" lang=""ceb"">alihid</form>
<hom role=""v""><pos>v</pos>
<sense n=""0""> <itype>[B; c16]</itype><trans> <tr>lean</tr> to one side. </trans>
<eg><i lang=""ceb"">Nag-alihid ang balay sa kadáan,</i><trans> The house is leaning to one side from age. </trans></eg>
<eg><i lang=""ceb"">Nagkaalihid ang linaktan sa táwung nagdalag bug-at,</i><trans> The man is walking leaning to one side because of the burden he’s carrying.
</trans></eg>
</sense></hom></entry>");
INSERT INTO `wced_head` (entryid, head, normalized_head, type, pos) VALUES (507, "alihid", "alihid", "m", "v");
INSERT INTO `wced_translation` (entryid, translation) VALUES (507, "lean");
INSERT INTO `wced_entry` VALUES (508, "aliid", "25", "<entry page=""25"" id=""508""><form id=""alixid"" lang=""ceb"">alíid</form>
<hom role=""v""><pos>v</pos>
<sense n=""0""> <itype>[A2S; a12]</itype><trans> <tr>stagger</tr> under a heavy load. </trans>
<eg><i lang=""ceb"">Nag-aliid ang bátà ug pas-an sa táru,</i><trans> The child is staggering under the weight of the can of water. </trans></eg>
<eg><i lang=""ceb"">Nag-aliid siya sa túmang kawad-un,</i><trans> He was staggering under the burden of his poverty.
</trans></eg>
</sense></hom></entry>");
INSERT INTO `wced_head` (entryid, head, normalized_head, type, pos) VALUES (508, "alíid", "aliid", "m", "v");
INSERT INTO `wced_translation` (entryid, translation) VALUES (508, "stagger");
INSERT INTO `wced_entry` VALUES (509, "alikabu", "25", "<entry page=""25"" id=""509""><form id=""alikabu"" lang=""ceb"">alikabu</form>
<hom>
<sense n=""0""><trans> = <xr lang=""ceb"" target=""#abug""><sc>abug<sub>1</sub></sc></xr>.
</trans>
</sense></hom></entry>");
INSERT INTO `wced_head` (entryid, head, normalized_head, type, pos) VALUES (509, "alikabu", "alikabu", "m", "");
INSERT INTO `wced_entry` VALUES (510, "alikasi", "25", "<entry page=""25"" id=""510""><form id=""alikaxsi"" lang=""ceb"">alikási</form>
<hom role=""a""><pos>a</pos>
<sense n=""0""><trans> nervously <tr>restless</tr>. </trans>
</sense></hom>
<hom role=""v""><pos>v</pos>
<sense n=""0""> <itype>[B; b6]</itype><trans> be <tr>nervous</tr> and restless. </trans>
<eg><i lang=""ceb"">Mualikási (maalikási) kug maduul na ang ting-iksam,</i><trans> I get nervous when exams approach.
</trans></eg>
</sense></hom></entry>");
INSERT INTO `wced_head` (entryid, head, normalized_head, type, pos) VALUES (510, "alikási", "alikasi", "m", "av");
INSERT INTO `wced_translation` (entryid, translation) VALUES (510, "restless");
INSERT INTO `wced_translation` (entryid, translation) VALUES (510, "nervous");
INSERT INTO `wced_entry` VALUES (511, "alikati", "25", "<entry page=""25"" id=""511""><form id=""alikaxti"" lang=""ceb"">alikáti</form>
<hom role=""n""><pos>n</pos>
<sense n=""0""><trans> long-nosed <tr>pliers</tr>. </trans>
</sense></hom>
<hom role=""v""><pos>v</pos>
<sense n=""0""> <itype>[a12]</itype><trans> do <corr>s.t. </corr>with a long-nosed pliers. </trans>
<eg><i lang=""ceb"">Gialikáti ang paglarut sa ákung ngípun,</i><trans> My tooth was extracted using a long-nosed pliers.
</trans></eg>
</sense></hom></entry>");
INSERT INTO `wced_head` (entryid, head, normalized_head, type, pos) VALUES (511, "alikáti", "alikati", "m", "nv");
INSERT INTO `wced_translation` (entryid, translation) VALUES (511, "pliers");
INSERT INTO `wced_entry` VALUES (512, "alikati sa murus", "25", "<entry page=""25"" id=""512""><form id=""alikaxti_sa_muxrus"" lang=""ceb"">alikáti sa múrus</form>
<hom role=""n""><pos>n</pos>
<sense n=""0""><trans> k.o. <tr>herb</tr> of waste places, growing to <measure reg=""61 cm"">2′</measure>, widely used as a poultice for wounds. It has alternate ovate leaves with dentate margins, decreasing in size toward the ends of the branches and multiple branching, with a branch growing in the axils of the larger leaves. Flowers are in axillary spikes, colored green, with small, tri-segmented fruit in the calyx, bearing tiny rounded seeds.
</trans>
</sense></hom></entry>");
INSERT INTO `wced_head` (entryid, head, normalized_head, type, pos) VALUES (512, "alikáti sa múrus", "alikati sa murus", "m", "n");
INSERT INTO `wced_translation` (entryid, translation) VALUES (512, "herb");
INSERT INTO `wced_entry` VALUES (513, "alikumu", "25", "<entry page=""25"" id=""513""><form id=""alikuxmuq"" lang=""ceb"">alikúmù</form>
<hom>
<sense n=""0""><trans> (from <ix>kúmù</ix>) </trans>
</sense></hom>
<hom role=""n""><pos>n</pos>
<sense n=""0""><trans> k.o. sea <tr>crab</tr> with roundish bulging body, <measure reg=""5.1 cm"">2″</measure> in length, yellowish green, with fat stubby claws and appendages for paddling. Not usually eaten.
</trans>
</sense></hom></entry>");
INSERT INTO `wced_head` (entryid, head, normalized_head, type, pos) VALUES (513, "alikúmù", "alikumu", "m", "n");
INSERT INTO `wced_translation` (entryid, translation) VALUES (513, "crab");
INSERT INTO `wced_entry` VALUES (514, "alikun", "25", "<entry page=""25"" id=""514""><form id=""alikuxn"" lang=""ceb"">alikún</form>
<hom role=""n""><pos>n</pos>
<sense n=""0""><trans> k.o. <tr>fish</tr>.
</trans>
</sense></hom></entry>");
INSERT INTO `wced_head` (entryid, head, normalized_head, type, pos) VALUES (514, "alikún", "alikun", "m", "n");
INSERT INTO `wced_translation` (entryid, translation) VALUES (514, "fish");
INSERT INTO `wced_entry` VALUES (515, "alikway", "25", "<entry page=""25"" id=""515""><form id=""alikway"" lang=""ceb"">alikway</form>
<hom role=""n""><pos>n</pos>
<sense n=""1""><number>1</number><trans> shoots of the <tr>taro</tr> (<ix>gabi</ix>) before they develop leaves. </trans>
</sense>
<sense n=""2""><number>2</number><trans> k.o. vegetable eaten by the Suban-un.
</trans>
</sense></hom></entry>");
INSERT INTO `wced_head` (entryid, head, normalized_head, type, pos) VALUES (515, "alikway", "alikway", "m", "n");
INSERT INTO `wced_translation` (entryid, translation) VALUES (515, "taro");
INSERT INTO `wced_entry` VALUES (516, "alili", "25", "<entry page=""25"" id=""516""><form id=""alixli"" lang=""ceb"">alíli</form>
<hom role=""v""><pos>v</pos>
<sense n=""0""> <itype>[AC; ac2]</itype><trans> <tr>swap</tr>, <tr>exchange</tr>. </trans>
<eg><i lang=""ceb"">Kinsay mualílig kabáyù sa ákung kábaw?</i><trans> Who will swap a horse for my carabao? </trans></eg>
<eg><i lang=""ceb"">Nagkaalíli kami sa ámung pawntinpin,</i><trans> We took each other’s pens by mistake. </trans></eg>
<eg><i lang=""ceb"">Alilíhun ta ning síya ug kulumpiyu,</i><trans> Let’s put the chair where the rocking chair is and put the rocking chair here where the chair is.
</trans></eg>
</sense></hom></entry>");
INSERT INTO `wced_head` (entryid, head, normalized_head, type, pos) VALUES (516, "alíli", "alili", "m", "v");
INSERT INTO `wced_translation` (entryid, translation) VALUES (516, "swap");
INSERT INTO `wced_translation` (entryid, translation) VALUES (516, "exchange");
INSERT INTO `wced_entry` VALUES (517, "aliling", "25", "<entry page=""25"" id=""517""><form id=""alixling"" lang=""ceb"">alíling</form>
<hom role=""n""><pos>n</pos>
<sense n=""0""><trans> k.o. <tr>ant</tr>, slightly bigger than the red ant (<ix>umígas</ix>), dark orange, somewhat translucent. It does not bite and is found swarming in all directions over sugar.
</trans>
</sense></hom></entry>");
INSERT INTO `wced_head` (entryid, head, normalized_head, type, pos) VALUES (517, "alíling", "aliling", "m", "n");
INSERT INTO `wced_translation` (entryid, translation) VALUES (517, "ant");
INSERT INTO `wced_entry` VALUES (518, "alilis", "25", "<entry page=""25"" id=""518""><form id=""alixlis"" lang=""ceb"">alílis</form>
<hom>
<sense n=""0""><trans> = <xr lang=""ceb"" target=""#alixli""><sc>alíli</sc></xr>.
</trans>
</sense></hom></entry>");
INSERT INTO `wced_head` (entryid, head, normalized_head, type, pos) VALUES (518, "alílis", "alilis", "m", "");
INSERT INTO `wced_entry` VALUES (519, "aliluya", "25", "<entry page=""25"" id=""519""><form id=""aliluxya"" lang=""ceb"">alilúya</form>
<hom role=""n""><pos>n</pos>
<sense n=""1""><number>1</number><trans> <tr>alleluia</tr>, song in the church. </trans>
</sense>
<sense n=""2""><number>2</number><trans> the name given to the child playing the role of the angel in the pageant performed on Easter Sunday dawn depicting the meeting of Mary and the Lord Jesus (<ix>súgat</ix>). The child is suspended from an arch which is placed in the spot where Mary and Jesus <pb n=""26""/>are to meet after their separate processions from the cathedral. </trans>
</sense>
<sense n=""3""><number>3</number><trans> name of this pageant.
</trans>
</sense></hom></entry>");
INSERT INTO `wced_head` (entryid, head, normalized_head, type, pos) VALUES (519, "alilúya", "aliluya", "m", "n");
INSERT INTO `wced_translation` (entryid, translation) VALUES (519, "alleluia");
INSERT INTO `wced_entry` VALUES (520, "aliluyuk", "26", "<entry page=""26"" id=""520""><form id=""aliluxyuk"" lang=""ceb"">alilúyuk</form>
<hom role=""n""><pos>n</pos>
<sense n=""0""><trans> <tr>whirlpool</tr>. </trans>
</sense></hom>
<hom role=""v""><pos>v</pos>
<sense n=""0""> <itype>[B46; b(1)]</itype><trans> form a whirlpool. </trans>
<eg><i lang=""ceb"">Mualilúyuk ang subà ug magbahà,</i><trans> The river forms a whirlpool when it floods.
</trans></eg>
</sense></hom></entry>");
INSERT INTO `wced_head` (entryid, head, normalized_head, type, pos) VALUES (520, "alilúyuk", "aliluyuk", "m", "nv");
INSERT INTO `wced_translation` (entryid, translation) VALUES (520, "whirlpool");
INSERT INTO `wced_entry` VALUES (521, "alim1", "26", "<entry page=""26"" id=""521""><form id=""axlim"" lang=""ceb"">álim<sub>1</sub></form>
<hom role=""v""><pos>v</pos>
<sense n=""0""> <itype>[APB2S]</itype><trans> <tr>heal</tr>, make s.t. heal. </trans>
<eg><i lang=""ceb"">Muálim (maálim) ning ákung samad,</i><trans> My wound will heal. </trans></eg>
<eg><i lang=""ceb"">Kining tambála muálim (mupaálim) sa ímung núka,</i><trans> This medicine will heal your sore. </trans></eg>
<eg><i lang=""ceb"">Panahun ray makaálim (makapaálim) sa ímung kaguul,</i><trans> Only time will <tr>assuage</tr> your sorrow. </trans></eg>
</sense></hom>
<entry><form id=""paaxlim"" lang=""ceb""><abbr expan=""paálim"" type=""lemma"">pa-</abbr></form>
<hom role=""v""><pos>v</pos>
<sense n=""0""> <itype>[A; a]</itype><trans> allow s.t. to heal.
</trans>
</sense></hom></entry></entry>");
INSERT INTO `wced_head` (entryid, head, normalized_head, type, pos) VALUES (521, "álim", "alim", "s", "v");
INSERT INTO `wced_head` (entryid, head, normalized_head, type, pos) VALUES (521, "paálim", "paalim", "s", "v");
INSERT INTO `wced_translation` (entryid, translation) VALUES (521, "heal");
INSERT INTO `wced_translation` (entryid, translation) VALUES (521, "assuage");
INSERT INTO `wced_entry` VALUES (522, "alim2", "26", "<entry page=""26"" id=""522""><form id=""axlim2"" lang=""ceb"">álim<sub>2</sub></form>
<hom>
<sense n=""0""><trans> = <xr lang=""ceb"" target=""#axlum""><sc>álum</sc></xr>.
</trans>
</sense></hom></entry>");
INSERT INTO `wced_head` (entryid, head, normalized_head, type, pos) VALUES (522, "álim", "alim", "s", "");
INSERT INTO `wced_entry` VALUES (523, "alima", "26", "<entry page=""26"" id=""523""><form id=""alixma"" lang=""ceb"">alíma</form>
<hom>
<sense n=""0""><trans> (from <ix>líma</ix>) </trans>
</sense></hom>
<hom role=""v""><pos>v</pos>
<sense n=""0""> <itype>[A; b]</itype><trans> <tr>take care</tr> of s.o. by administering to his needs. </trans>
<eg><i lang=""ceb"">Alimáhi ang ímung manghud,</i><trans> Take good care of your younger brother. </trans></eg>
</sense></hom>
<hom role=""n""><pos>n</pos>
<sense n=""0""><trans> <tr>hand</tr> (dialectal).
</trans>
</sense></hom></entry>");
INSERT INTO `wced_head` (entryid, head, normalized_head, type, pos) VALUES (523, "alíma", "alima", "m", "vn");
INSERT INTO `wced_translation` (entryid, translation) VALUES (523, "take care");
INSERT INTO `wced_translation` (entryid, translation) VALUES (523, "hand");
INSERT INTO `wced_entry` VALUES (524, "alimadmad", "26", "<entry page=""26"" id=""524""><form id=""alimadmad"" lang=""ceb"">alimadmad</form>
<hom>
<sense n=""0""><trans> = <xr lang=""ceb"" target=""#alimatmat""><sc>alimatmat</sc></xr>.
</trans>
</sense></hom></entry>");
INSERT INTO `wced_head` (entryid, head, normalized_head, type, pos) VALUES (524, "alimadmad", "alimadmad", "m", "");
INSERT INTO `wced_entry` VALUES (525, "aliman", "26", "<entry page=""26"" id=""525""><form id=""aliman"" lang=""ceb"">aliman</form>
<hom role=""n""><pos>n</pos>
<sense n=""0""><trans> <tr>German</tr>.
</trans>
</sense></hom></entry>");
INSERT INTO `wced_head` (entryid, head, normalized_head, type, pos) VALUES (525, "aliman", "aliman", "m", "n");
INSERT INTO `wced_translation` (entryid, translation) VALUES (525, "German");
INSERT INTO `wced_entry` VALUES (526, "alimangu", "26", "<entry page=""26"" id=""526""><form id=""alimaxngu"" lang=""ceb"">alimángu</form>
<hom role=""n""><pos>n</pos>
<sense n=""0""><trans> k.o. edible <tr>crab</tr> of tidal swamps, black on the back, but lighter on the inside and on claws. It has large meaty claws, is round in shape, thick-shelled, without spikes and occasionally reaches <measure reg=""26 cm"">10″</measure> in diameter. </trans>
</sense></hom>
<entry><form id=""alimanguhun"" lang=""ceb"">alimanguhun</form>
<hom role=""a""><pos>a</pos>
<sense n=""0""><trans> having large lower arms and small biceps like a crab.
</trans>
</sense></hom></entry></entry>");
INSERT INTO `wced_head` (entryid, head, normalized_head, type, pos) VALUES (526, "alimángu", "alimangu", "m", "n");
INSERT INTO `wced_head` (entryid, head, normalized_head, type, pos) VALUES (526, "alimanguhun", "alimanguhun", "s", "a");
INSERT INTO `wced_translation` (entryid, translation) VALUES (526, "crab");
INSERT INTO `wced_entry` VALUES (527, "alimanya", "26", "<entry page=""26"" id=""527""><form id=""Alimanya"" lang=""ceb"">Alimanya</form>
<hom role=""n""><pos>n</pos>
<sense n=""0""><trans> <tr>Germany</tr>.
</trans>
</sense></hom></entry>");
INSERT INTO `wced_head` (entryid, head, normalized_head, type, pos) VALUES (527, "Alimanya", "alimanya", "m", "n");
INSERT INTO `wced_translation` (entryid, translation) VALUES (527, "Germany");
INSERT INTO `wced_entry` VALUES (528, "alimasa", "26", "<entry page=""26"" id=""528""><form id=""alimaxsa"" lang=""ceb"">alimása</form>
<hom role=""v""><pos>v</pos>
<sense n=""0""> <itype>[A; a]</itype><trans> <tr>wash</tr> the body, esp. the lower limbs. </trans>
<eg><i lang=""ceb"">Akuy mualimása (mag-alimása) sa mga bátà,</i><trans> I’ll wash the children. </trans></eg>
</sense></hom>
<entry><form id=""pangalimaxsa"" lang=""ceb""><abbr expan=""pangalimása"" type=""lemma"">paN-</abbr></form>
<hom role=""v""><pos>v</pos>
<sense n=""0""> <itype>[A]</itype><trans> wash oneself.
</trans>
</sense></hom></entry></entry>");
INSERT INTO `wced_head` (entryid, head, normalized_head, type, pos) VALUES (528, "alimása", "alimasa", "m", "v");
INSERT INTO `wced_head` (entryid, head, normalized_head, type, pos) VALUES (528, "pangalimása", "pangalimasa", "s", "v");
INSERT INTO `wced_translation` (entryid, translation) VALUES (528, "wash");
INSERT INTO `wced_entry` VALUES (529, "alimasag", "26", "<entry page=""26"" id=""529""><form id=""alimaxsag"" lang=""ceb"">alimásag</form>
<hom role=""n""><pos>n</pos>
<sense n=""0""><trans> k.o. edible <tr>crab</tr>.
</trans>
</sense></hom></entry>");
INSERT INTO `wced_head` (entryid, head, normalized_head, type, pos) VALUES (529, "alimásag", "alimasag", "m", "n");
INSERT INTO `wced_translation` (entryid, translation) VALUES (529, "crab");
INSERT INTO `wced_entry` VALUES (530, "alimatmat", "26", "<entry page=""26"" id=""530""><form id=""alimatmat"" lang=""ceb"">alimatmat</form>
<hom role=""v""><pos>v</pos>
<sense n=""0""> <itype>[A12; b8]</itype><trans> </trans>
</sense>
<sense n=""1""><number>1</number><trans> regain <tr>consciousness</tr>. </trans>
<eg><i lang=""ceb"">Dihà na ku makaalimatmat ug buut sa uspital,</i><trans> I was in the hospital when I regained consciousness. </trans></eg>
</sense>
<sense n=""2""><number>2</number><trans> have earliest <tr>awareness</tr> of life. </trans>
<eg><i lang=""ceb"">Sukad ku makaalimatmat ug buut wà pa ku hibunali,</i><trans> I have not been spanked since the earliest time I can remember.
</trans></eg>
</sense></hom></entry>");
INSERT INTO `wced_head` (entryid, head, normalized_head, type, pos) VALUES (530, "alimatmat", "alimatmat", "m", "v");
INSERT INTO `wced_translation` (entryid, translation) VALUES (530, "consciousness");
INSERT INTO `wced_translation` (entryid, translation) VALUES (530, "awareness");
INSERT INTO `wced_entry` VALUES (531, "alimatuk", "26", "<entry page=""26"" id=""531""><form id=""alimaxtuk"" lang=""ceb"">alimátuk</form>
<hom role=""n""><pos>n</pos>
<sense n=""0""><trans> <tr>leech</tr>. </trans>
</sense></hom>
<hom role=""v""><pos>v</pos>
<sense n=""0""> <itype>[a4b4]</itype><trans> be infested with leeches. </trans>
</sense></hom>
<entry><form id=""kaalimaxtuk"" lang=""ceb""><abbr expan=""kaalimátuk"" type=""lemma"">ka-</abbr></form>
<hom role=""v""><pos>v</pos>
<sense n=""0""> <itype>[A13]</itype><trans> covered with leeches. </trans>
</sense></hom></entry>
<entry><form id=""alimatukan"" lang=""ceb""><abbr expan=""alimatukan"" type=""lemma"">-an(→)</abbr></form>
<hom role=""n""><pos>n</pos>
<sense n=""0""><trans> place infested with leeches.
</trans>
</sense></hom></entry></entry>");
INSERT INTO `wced_head` (entryid, head, normalized_head, type, pos) VALUES (531, "alimátuk", "alimatuk", "m", "nv");
INSERT INTO `wced_head` (entryid, head, normalized_head, type, pos) VALUES (531, "kaalimátuk", "kaalimatuk", "s", "v");
INSERT INTO `wced_head` (entryid, head, normalized_head, type, pos) VALUES (531, "alimatukan", "alimatukan", "s", "n");
INSERT INTO `wced_translation` (entryid, translation) VALUES (531, "leech");
INSERT INTO `wced_entry` VALUES (532, "alimbrilyu", "26", "<entry page=""26"" id=""532""><form id=""alimbrilyu"" lang=""ceb"">alimbrilyu</form>
<hom>
<sense n=""0""><trans> = <xr lang=""ceb"" target=""#alambrilyu""><sc>alambrilyu</sc></xr>.
</trans>
</sense></hom></entry>");
INSERT INTO `wced_head` (entryid, head, normalized_head, type, pos) VALUES (532, "alimbrilyu", "alimbrilyu", "m", "");
INSERT INTO `wced_entry` VALUES (533, "alimbukad", "26", "<entry page=""26"" id=""533""><form id=""alimbuxkad"" lang=""ceb"">alimbúkad</form>
<hom>
<sense n=""0""><trans> (from <ix>bukad</ix>) </trans>
</sense></hom>
<hom role=""v""><pos>v</pos>
<sense n=""0""> <itype>[A2S]</itype><trans> </trans>
</sense>
<sense n=""1""><number>1</number><trans> <tr>expand</tr> in an upward direction, <tr>well</tr> upwards. </trans>
<eg><i lang=""ceb"">Mialimbúkad ang asu pagkasúnug sa asíti sa baril,</i><trans> The smoke welled up as the oil in the barrel burned. </trans></eg>
</sense>
<sense n=""2""><number>2</number><trans> for feelings to well up. </trans>
<eg><i lang=""ceb"">Mialimbúkad sa íyang kahiladman ang kahínam,</i><trans> A feeling of eager expectations welled up inside him. </trans></eg>
</sense>
<sense n=""3""><number>3</number><trans> pull in the cheeks and stick out the lips slightly in an expression of distaste. </trans>
</sense></hom>
<hom role=""n""><pos>n</pos>
<sense n=""0""><trans> an underwater <tr>source</tr> of a lake from which water rushes into the lake.
</trans>
</sense></hom></entry>");
INSERT INTO `wced_head` (entryid, head, normalized_head, type, pos) VALUES (533, "alimbúkad", "alimbukad", "m", "vn");
INSERT INTO `wced_translation` (entryid, translation) VALUES (533, "expand");
INSERT INTO `wced_translation` (entryid, translation) VALUES (533, "well");
INSERT INTO `wced_translation` (entryid, translation) VALUES (533, "source");
INSERT INTO `wced_entry` VALUES (534, "alimgas", "26", "<entry page=""26"" id=""534""><form id=""alimgas"" lang=""ceb"">alimgas</form>
<hom role=""n""><pos>n</pos>
<sense n=""0""><trans> <tr>tobacco seed</tr>. </trans>
</sense></hom>
<entry><form id=""alimgasan"" lang=""ceb""><abbr expan=""alimgasan"" type=""lemma"">-an(→)</abbr></form>
<hom role=""n""><pos>n</pos>
<sense n=""0""><trans> tobacco seed container.
</trans>
</sense></hom></entry></entry>");
INSERT INTO `wced_head` (entryid, head, normalized_head, type, pos) VALUES (534, "alimgas", "alimgas", "m", "n");
INSERT INTO `wced_head` (entryid, head, normalized_head, type, pos) VALUES (534, "alimgasan", "alimgasan", "s", "n");
INSERT INTO `wced_translation` (entryid, translation) VALUES (534, "tobacco seed");
INSERT INTO `wced_entry` VALUES (535, "alimgat", "26", "<entry page=""26"" id=""535""><form id=""alimgat"" lang=""ceb"">alimgat</form>
<hom>
<sense n=""0""><trans> = <xr lang=""ceb"" target=""#alinggat""><sc>alinggat</sc></xr>.
</trans>
</sense></hom></entry>");
INSERT INTO `wced_head` (entryid, head, normalized_head, type, pos) VALUES (535, "alimgat", "alimgat", "m", "");
INSERT INTO `wced_entry` VALUES (536, "alimpatakan", "26", "<entry page=""26"" id=""536""><form id=""alimpatakan"" lang=""ceb"">alimpatakan</form>
<hom role=""n""><pos>n</pos>
<sense n=""1""><number>1</number><trans> the <tr>mind</tr> as the seat of thinking processes. </trans>
<eg><i lang=""ceb"">Isilsil pag-áyu sa inyung alimpatakan arun dì giyud ninyu hikalimtan,</i><trans> Imprint it indelibly in your mind so you don’t forget it ever. </trans></eg>
</sense>
<sense n=""2""><number>2</number><trans> <tr>cranium</tr>. </trans>
<eg><i lang=""ceb"">Dakdákan ku nang ímung alimpatakan,</i><trans> I’ll knock you on your skull.
</trans></eg>
</sense></hom></entry>");
INSERT INTO `wced_head` (entryid, head, normalized_head, type, pos) VALUES (536, "alimpatakan", "alimpatakan", "m", "n");
INSERT INTO `wced_translation` (entryid, translation) VALUES (536, "mind");
INSERT INTO `wced_translation` (entryid, translation) VALUES (536, "cranium");
INSERT INTO `wced_entry` VALUES (537, "alimpulu", "26", "<entry page=""26"" id=""537""><form id=""alimpuxlu"" lang=""ceb"">alimpúlu</form>
<hom role=""n""><pos>n</pos>
<sense n=""1""><number>1</number><trans> <tr>crown</tr>, part of the skull in the back where the hair forms a whorl. </trans>
</sense>
<sense n=""2""><number>2</number><trans> topmost part of a mountain. </trans>
</sense>
<sense n=""3""><number>3</number><trans> = <xr lang=""ceb"" target=""#alimpuxlus""><sc>alimpúlus</sc></xr>. </trans>
</sense></hom>
<entry><form id=""alimpuluxhan"" lang=""ceb"">alimpulúhan</form>
<hom role=""n""><pos>n</pos>
<sense n=""0""><trans> place where the crown is or place analogous to it. </trans>
<eg><i lang=""ceb"">Nakatungtung siya sa alimpúhan sa dakung batu,</i><trans> He was perched on the topmost part of the rock. </trans></eg>
</sense></hom></entry>
<entry><form id=""kinaalimpuluhan"" lang=""ceb"">kinaalimpuluhan</form>
<hom role=""n""><pos>n</pos>
<sense n=""0""><trans> the very spot at the center of the back of the head.
</trans>
</sense></hom></entry></entry>");
INSERT INTO `wced_head` (entryid, head, normalized_head, type, pos) VALUES (537, "alimpúlu", "alimpulu", "m", "n");
INSERT INTO `wced_head` (entryid, head, normalized_head, type, pos) VALUES (537, "alimpulúhan", "alimpuluhan", "s", "n");
INSERT INTO `wced_head` (entryid, head, normalized_head, type, pos) VALUES (537, "kinaalimpuluhan", "kinaalimpuluhan", "s", "n");
INSERT INTO `wced_translation` (entryid, translation) VALUES (537, "crown");
INSERT INTO `wced_entry` VALUES (538, "alimpulus", "26", "<entry page=""26"" id=""538""><form id=""alimpuxlus"" lang=""ceb"">alimpúlus</form>
<hom role=""n""><pos>n</pos>
<sense n=""0""><trans> small <tr>whirlwind</tr>. </trans>
</sense></hom>
<hom role=""v""><pos>v</pos>
<sense n=""0""> <itype>[B346; a4b4]</itype><trans> for there to be a whirlwind. </trans>
<eg><i lang=""ceb"">Naukab ang ámung atup nga nípà dihang mialimpús,</i><trans> Our thatched roof was blown away when there was a small whirlwind.
</trans></eg>
</sense></hom></entry>");
INSERT INTO `wced_head` (entryid, head, normalized_head, type, pos) VALUES (538, "alimpúlus", "alimpulus", "m", "nv");
INSERT INTO `wced_translation` (entryid, translation) VALUES (538, "whirlwind");
INSERT INTO `wced_entry` VALUES (539, "alimpuyang", "26", "<entry page=""26"" id=""539""><form id=""alimpuyang"" lang=""ceb"">alimpuyang</form>
<hom>
<sense n=""0""><trans> = <xr lang=""ceb"" target=""#luy-aluy-a""><sc>luy-aluy-a</sc></xr>. <ix>see</ix> <xr lang=""ceb"" target=""#luy-a""><sc>luy-a</sc></xr>.
</trans>
</sense></hom></entry>");
INSERT INTO `wced_head` (entryid, head, normalized_head, type, pos) VALUES (539, "alimpuyang", "alimpuyang", "m", "");
INSERT INTO `wced_entry` VALUES (540, "alimpuyas", "26", "<entry page=""26"" id=""540""><form id=""alimpuyas"" lang=""ceb"">alimpuyas</form>
<hom role=""n""><pos>n</pos>
<sense n=""0""><trans> k.o. <tr>plant</tr> similar to <ix>luy-aluy-a,</ix> the rhizomes of which are used medicinally: <bio>Curcuma zedoaria</bio>.
</trans>
</sense></hom></entry>");
INSERT INTO `wced_head` (entryid, head, normalized_head, type, pos) VALUES (540, "alimpuyas", "alimpuyas", "m", "n");
INSERT INTO `wced_translation` (entryid, translation) VALUES (540, "plant");
INSERT INTO `wced_entry` VALUES (541, "alimpuying", "26", "<entry page=""26"" id=""541""><form id=""alimpuying"" lang=""ceb"">alimpuying</form>
<hom>
<sense n=""0""><trans> = <xr lang=""ceb"" target=""#luy-aluy-a""><sc>luy-aluy-a</sc></xr>. <ix>see</ix> <xr lang=""ceb"" target=""#luy-a""><sc>luy-a</sc></xr>.
</trans>
</sense></hom></entry>");
INSERT INTO `wced_head` (entryid, head, normalized_head, type, pos) VALUES (541, "alimpuying", "alimpuying", "m", "");
INSERT INTO `wced_entry` VALUES (542, "alimugmug", "26", "<entry page=""26"" id=""542""><form id=""alimugmug"" lang=""ceb"">alimugmug</form>
<hom>
<sense n=""0""><trans> = <xr lang=""ceb"" target=""#limugmug""><sc>limugmug</sc></xr>.
</trans>
</sense></hom></entry>");
INSERT INTO `wced_head` (entryid, head, normalized_head, type, pos) VALUES (542, "alimugmug", "alimugmug", "m", "");
INSERT INTO `wced_entry` VALUES (543, "alimukaw", "26", "<entry page=""26"" id=""543""><form id=""alimuxkaw"" lang=""ceb"">alimúkaw</form>
<hom role=""n""><pos>n</pos>
<sense n=""1""><number>1</number><trans> state of <tr>semiconsciousness</tr> just before falling asleep or awakening. </trans>
<eg><i lang=""ceb"">Ang íyang gisulti búnga lang sa íyang alimúkaw,</i><trans> What he said was the product of his semiconsciousness. </trans></eg>
</sense>
<sense n=""2""><number>2</number><trans> action of the sort performed by fully conscious persons performed in one’s sleep. </trans>
<eg><i lang=""ceb"">Wà ka nákù tuyúag igù. Alimúkaw lang kadtu,</i><trans> I didn’t mean to strike you. I did it in my sleep. </trans></eg>
</sense></hom>
<hom role=""v""><pos>v</pos>
<sense n=""0""> <itype>[b4]</itype><trans> do s.t. in one’s sleep of the sort one normally does awake. </trans>
<eg><i lang=""ceb"">Nanáug siya tungang gabíi. Gialimukáwan diay,</i><trans> He went downstairs in the middle of his sleep.
</trans></eg>
</sense></hom></entry>");
INSERT INTO `wced_head` (entryid, head, normalized_head, type, pos) VALUES (543, "alimúkaw", "alimukaw", "m", "nv");
INSERT INTO `wced_translation` (entryid, translation) VALUES (543, "semiconsciousness");
INSERT INTO `wced_entry` VALUES (544, "alimukun", "26", "<entry page=""26"" id=""544""><form id=""alimuxkun"" lang=""ceb"">alimúkun</form>
<hom role=""n""><pos>n</pos>
<sense n=""0""><trans> k.o. wild <tr>dove</tr> with white ears and light brown feathers speckled with black: <bio>Phapitreron leucotis</bio>.
</trans>
</sense></hom></entry>");
INSERT INTO `wced_head` (entryid, head, normalized_head, type, pos) VALUES (544, "alimúkun", "alimukun", "m", "n");
INSERT INTO `wced_translation` (entryid, translation) VALUES (544, "dove");
INSERT INTO `wced_entry` VALUES (545, "alimungaw", "26", "<entry page=""26"" id=""545""><form id=""alimuxngaw"" lang=""ceb"">alimúngaw</form>
<hom>
<sense n=""0""><trans> (from <ix>bungaw</ix>) = <xr lang=""ceb"" target=""#alimuxkaw""><sc>alimúkaw</sc></xr>.
</trans>
</sense></hom></entry>");
INSERT INTO `wced_head` (entryid, head, normalized_head, type, pos) VALUES (545, "alimúngaw", "alimungaw", "m", "");
INSERT INTO `wced_entry` VALUES (546, "alimungawung", "26", "<entry page=""26"" id=""546""><form id=""alimungaxwung"" lang=""ceb"">alimungáwung</form>
<hom role=""n""><pos>n</pos>
<sense n=""0""><trans> s.t. faintly <tr>similar</tr> to s.t. else in appearance. </trans>
<eg><i lang=""ceb"">Alimungáwung ang hitsúra sa plurdilis sa ahítu,</i><trans> The zinnia is faintly like a marigold in appearance. </trans></eg>
</sense></hom>
<hom role=""v""><pos>v</pos>
<sense n=""1""><number>1</number> <itype>[BC13; b6]</itype><trans> come to resemble faintly. </trans>
<eg><i lang=""ceb"">Mialimungáwung (naalimungáwung) ang bátang sinagup kaníla,</i><trans> The adopted child came to look like them. </trans></eg>
</sense>
<sense n=""2""><number>2</number> <itype>[A12; b8]</itype><trans> faintly discern a resemblance. </trans>
<eg><i lang=""ceb"">Nakaalimungáwung ku nímu kay may-ungmay-ung ka sa ímung igsúun,</i><trans> I recognized you because you look like your brother. </trans></eg>
<eg><i lang=""ceb"">Hing-alimungawúngan siya sa bantay <pb n=""27""/>nga mauy nangáwat sa kwarta,</i><trans> The guard faintly recognized him as the one who stole the money.
</trans></eg>
</sense></hom></entry>");
INSERT INTO `wced_head` (entryid, head, normalized_head, type, pos) VALUES (546, "alimungáwung", "alimungawung", "m", "nv");
INSERT INTO `wced_translation` (entryid, translation) VALUES (546, "similar");
INSERT INTO `wced_entry` VALUES (547, "alimusan", "27", "<entry page=""27"" id=""547""><form id=""alimuxsan"" lang=""ceb"">alimúsan</form>
<hom role=""n""><pos>n</pos>
<sense n=""0""><trans> k.o. fish raised in fishponds: <bio>Paraplotosus albilabris</bio>.

</trans>
</sense></hom></entry>");
INSERT INTO `wced_head` (entryid, head, normalized_head, type, pos) VALUES (547, "alimúsan", "alimusan", "m", "n");
INSERT INTO `wced_entry` VALUES (548, "alimuut", "27", "<entry page=""27"" id=""548""><form id=""alimuxut"" lang=""ceb"">alimúut</form>
<hom>
<sense n=""0""><trans> (from <ix>púut</ix>) </trans>
</sense></hom>
<hom role=""a""><pos>a</pos>
<sense n=""0""><trans> confining, <tr>oppressive</tr> so as to make people feel uncomfortably hot. </trans>
<eg><i lang=""ceb"">Alimúut nang naylung isul-ub,</i><trans> Nylon is <tr>oppressively hot</tr> to wear. </trans></eg>
<eg><i lang=""ceb"">Alimúut sa Magalyánis, way hángin,</i><trans> It’s oppressively hot downtown. There’s no wind. </trans></eg>
</sense></hom>
<entry><form id=""alimuxut_ug_nawung"" lang=""ceb""><abbr expan=""alimúut"" type=""lemma"">—</abbr> ug nawung</form>
<hom>
<sense n=""1""><number>1</number><trans> <tr>sour-faced</tr>. </trans>
</sense>
<sense n=""2""><number>2</number><trans> be so ugly as not to have one redeeming feature in one’s face. </trans>
</sense></hom>
<hom role=""v""><pos>v</pos>
<sense n=""0""> <itype>[B; b3]</itype><trans> be oppressively warm. </trans>
<eg><i lang=""ceb"">Mualimúut (maalimúut) ang kwartu ug mahápun,</i><trans> It gets hot (might get hot) in the room in the afternoon. </trans></eg>
<eg><i lang=""ceb"">Gialimuútan (gialimut-an) ka?</i><trans> Do you feel hot?
</trans></eg>
</sense></hom></entry></entry>");
INSERT INTO `wced_head` (entryid, head, normalized_head, type, pos) VALUES (548, "alimúut", "alimuut", "m", "a");
INSERT INTO `wced_head` (entryid, head, normalized_head, type, pos) VALUES (548, "alimúut ug nawung", "alimuut ug nawung", "s", "v");
INSERT INTO `wced_translation` (entryid, translation) VALUES (548, "oppressive");
INSERT INTO `wced_translation` (entryid, translation) VALUES (548, "oppressively hot");
INSERT INTO `wced_translation` (entryid, translation) VALUES (548, "sour-faced");
INSERT INTO `wced_entry` VALUES (549, "alimyun", "27", "<entry page=""27"" id=""549""><form id=""alimyun"" lang=""ceb"">alimyun</form>
<hom role=""n""><pos>n</pos>
<sense n=""0""><trans> sweet smell, <tr>fragrance</tr>. </trans>
<eg><i lang=""ceb"">Ang alimyun sa mga búlak,</i><trans> The fragrance of the flowers. </trans></eg>
</sense></hom>
<entry><form id=""pangalimyun"" lang=""ceb""><abbr expan=""pangalimyun"" type=""lemma"">paN-</abbr></form>
<hom role=""v""><pos>v</pos>
<sense n=""0""> <itype>[A; b(1)]</itype><trans> <tr>smell sweet</tr>, give off fragrance. </trans>
<eg><i lang=""ceb"">Nangalimyun ang mga dalága nga nagpadúng sa bayli,</i><trans> The girls that were headed for the dance smelled sweet.
</trans></eg>
</sense></hom></entry></entry>");
INSERT INTO `wced_head` (entryid, head, normalized_head, type, pos) VALUES (549, "alimyun", "alimyun", "m", "n");
INSERT INTO `wced_head` (entryid, head, normalized_head, type, pos) VALUES (549, "pangalimyun", "pangalimyun", "s", "v");
INSERT INTO `wced_translation` (entryid, translation) VALUES (549, "fragrance");
INSERT INTO `wced_translation` (entryid, translation) VALUES (549, "smell sweet");
INSERT INTO `wced_entry` VALUES (550, "alindahaw", "27", "<entry page=""27"" id=""550""><form id=""alindaxhaw"" lang=""ceb"">alindáhaw</form>
<hom role=""n""><pos>n</pos>
<sense n=""0""><trans> <tr>drizzle</tr>. </trans>
</sense></hom>
<hom role=""v""><pos>v</pos>
<sense n=""0""> <itype>[A; b4]</itype><trans> drizzle.
</trans>
</sense></hom></entry>");
INSERT INTO `wced_head` (entryid, head, normalized_head, type, pos) VALUES (550, "alindáhaw", "alindahaw", "m", "nv");
INSERT INTO `wced_translation` (entryid, translation) VALUES (550, "drizzle");
INSERT INTO `wced_entry` VALUES (551, "alindanaw", "27", "<entry page=""27"" id=""551""><form id=""alindaxnaw"" lang=""ceb"">alindánaw</form>
<hom>
<sense n=""0""><trans> (from <ix>danaw</ix>) </trans>
</sense></hom>
<hom role=""n""><pos>n</pos>
<sense n=""0""><trans> <tr>dragonfly</tr>.
</trans>
</sense></hom></entry>");
INSERT INTO `wced_head` (entryid, head, normalized_head, type, pos) VALUES (551, "alindánaw", "alindanaw", "m", "n");
INSERT INTO `wced_translation` (entryid, translation) VALUES (551, "dragonfly");
INSERT INTO `wced_entry` VALUES (552, "alindanga", "27", "<entry page=""27"" id=""552""><form id=""alindaxnga"" lang=""ceb"">alindánga</form>
<hom role=""a""><pos>a</pos>
<sense n=""0""><trans> <tr>hot and sticky</tr>. </trans>
</sense></hom>
<hom role=""v""><pos>v</pos>
<sense n=""0""> <itype>[B; b4]</itype><trans> become hot and sticky. </trans>
<eg><i lang=""ceb"">Hukásun ku ning ákung swítir kay gialindangáhan ku,</i><trans> I’ll take my sweater off because I feel hot and sticky.
</trans></eg>
</sense></hom></entry>");
INSERT INTO `wced_head` (entryid, head, normalized_head, type, pos) VALUES (552, "alindánga", "alindanga", "m", "av");
INSERT INTO `wced_translation` (entryid, translation) VALUES (552, "hot and sticky");
INSERT INTO `wced_entry` VALUES (553, "alindangay", "27", "<entry page=""27"" id=""553""><form id=""alindaxngay"" lang=""ceb"">alindángay</form>
<hom role=""a""><pos>a</pos>
<sense n=""0""><trans> slightly <tr>feverish</tr>, uneasy in the body because of a slight fever. </trans>
<eg><i lang=""ceb"">Dì ku mutarbáhu run kay mu rag alindángay ang ákung láwas,</i><trans> I won’t work today because my body is somewhat feverish. </trans></eg>
</sense></hom>
<hom role=""v""><pos>v</pos>
<sense n=""0""> <itype>[B; a4]</itype><trans> have a slight fever, be restless. </trans>
<eg><i lang=""ceb"">Nag-alindángay ang bátà kay gihilantan,</i><trans> The child is restless because he has a fever.
</trans></eg>
</sense></hom></entry>");
INSERT INTO `wced_head` (entryid, head, normalized_head, type, pos) VALUES (553, "alindángay", "alindangay", "m", "av");
INSERT INTO `wced_translation` (entryid, translation) VALUES (553, "feverish");
INSERT INTO `wced_entry` VALUES (554, "alindasay", "27", "<entry page=""27"" id=""554""><form id=""alindasay"" lang=""ceb"">alindasay</form>
<hom role=""v""><pos>v</pos>
<sense n=""0""> <itype>[B46]</itype><trans> uneasy, <tr>restless</tr> in place one is lying. </trans>
<eg><i lang=""ceb"">Nag-alindasay ang bátang taas kaáyug hilánat,</i><trans> The child was restless because of his high fever.

</trans></eg>
</sense></hom></entry>");
INSERT INTO `wced_head` (entryid, head, normalized_head, type, pos) VALUES (554, "alindasay", "alindasay", "m", "v");
INSERT INTO `wced_translation` (entryid, translation) VALUES (554, "restless");
INSERT INTO `wced_entry` VALUES (555, "alinga", "27", "<entry page=""27"" id=""555""><form id=""alinga"" lang=""ceb"">alinga</form>
<hom role=""v""><pos>v</pos>
<sense n=""0""> <itype>[A; b5]</itype><trans> give one’s attention to, care for. </trans>
<eg><i lang=""ceb"">Walà siya mag-alinga sa daghang táwung nagpaábut kaníya,</i><trans> He paid no attention to the people waiting for him. </trans></eg>
<eg><i lang=""ceb"">Alingaha (alingahi)g maáyu ang mga bátà samtang wà ku dinhi,</i><trans> Watch the children carefully while I’m not here.
</trans></eg>
</sense></hom></entry>");
INSERT INTO `wced_head` (entryid, head, normalized_head, type, pos) VALUES (555, "alinga", "alinga", "m", "v");
INSERT INTO `wced_entry` VALUES (556, "alingabngab", "27", "<entry page=""27"" id=""556""><form id=""alingabngab"" lang=""ceb"">alingabngab</form>
<hom role=""v""><pos>v</pos>
<sense n=""0""> <itype>[B; b6c1]</itype><trans> for s.t. to be <tr>wide open</tr>. </trans>
<eg><i lang=""ceb"">Mualingabngab (maalingabngab) nang ímung samad ug dì tahiun,</i><trans> If you don’t stitch that wound, it will gape. </trans></eg>
<eg><i lang=""ceb"">Nag-alingabngab ang ímung pitáka, wà kasirhi,</i><trans> Your bag is wide open. You didn’t close it. </trans></eg>
<eg><i lang=""ceb"">Ayaw alingabngaba (ialingabngab) ang ímung bàbà arun dì masudlag lángaw,</i><trans> If you open your mouth wide like that, flies will get in it.
</trans></eg>
</sense></hom></entry>");
INSERT INTO `wced_head` (entryid, head, normalized_head, type, pos) VALUES (556, "alingabngab", "alingabngab", "m", "v");
INSERT INTO `wced_translation` (entryid, translation) VALUES (556, "wide open");
INSERT INTO `wced_entry` VALUES (557, "alingagngag", "27", "<entry page=""27"" id=""557""><form id=""alingagngag"" lang=""ceb"">alingagngag</form>
<hom role=""n""><pos>n</pos>
<sense n=""0""><trans> upper part of throat and back part of oral cavity, including the soft palate. </trans>
</sense></hom>
<entry><form id=""alingagngagan"" lang=""ceb""><abbr expan=""alingagngagan"" type=""lemma"">-an(→)</abbr></form>
<hom role=""n""><pos>n</pos>
<sense n=""0""><trans> the general area where the <ix>alingagngag</ix> is.
</trans>
</sense></hom></entry></entry>");
INSERT INTO `wced_head` (entryid, head, normalized_head, type, pos) VALUES (557, "alingagngag", "alingagngag", "m", "n");
INSERT INTO `wced_head` (entryid, head, normalized_head, type, pos) VALUES (557, "alingagngagan", "alingagngagan", "s", "n");
INSERT INTO `wced_entry` VALUES (558, "alingasa1", "27", "<entry page=""27"" id=""558""><form id=""alingaxsa"" lang=""ceb"">alingása<sub>1</sub></form>
<hom role=""a""><pos>a</pos>
<sense n=""0""><trans> annoyingly <tr>noisy</tr>. </trans>
<eg><i lang=""ceb"">Alingása ang bátà,</i><trans> The child is annoyingly noisy. </trans></eg>
<eg><i lang=""ceb"">Alingása ang íyang pandungug,</i><trans> His ears are full of a disturbing din. </trans></eg>
</sense></hom>
<hom role=""v""><pos>v</pos>
<sense n=""0""> <itype>[B1; a2]</itype><trans> be noisy. </trans>
</sense></hom>
<entry><form id=""kaalingaxsa"" lang=""ceb""><abbr expan=""kaalingása"" type=""lemma"">ka-</abbr></form>
<hom role=""n""><pos>n</pos>
<sense n=""0""><trans> <tr>noise</tr>.
</trans>
</sense></hom></entry></entry>");
INSERT INTO `wced_head` (entryid, head, normalized_head, type, pos) VALUES (558, "alingása", "alingasa", "s", "av");
INSERT INTO `wced_head` (entryid, head, normalized_head, type, pos) VALUES (558, "kaalingása", "kaalingasa", "s", "n");
INSERT INTO `wced_translation` (entryid, translation) VALUES (558, "noisy");
INSERT INTO `wced_translation` (entryid, translation) VALUES (558, "noise");
INSERT INTO `wced_entry` VALUES (559, "alingasa2", "27", "<entry page=""27"" id=""559""><form id=""alingaxsa2"" lang=""ceb"">alingása<sub>2</sub></form>
<hom role=""a""><pos>a</pos>
<sense n=""0""><trans> feeling hot and humid. </trans>
<eg><i lang=""ceb"">Alingása kining sinináang isul-ub,</i><trans> This shirt is hot to wear. </trans></eg>
</sense></hom>
<hom role=""v""><pos>v</pos>
<sense n=""0""> <itype>[B; b6]</itype><trans> be hot. </trans>
<eg><i lang=""ceb"">Ug maalingása (mualingása) ang panahun, mulupad ta sa Bagyu,</i><trans> When it gets hot, we fly to Baguio. </trans></eg>
</sense></hom>
<hom role=""n""><pos>n</pos>
<sense n=""0""><trans> = <xr lang=""ceb"" target=""#kaalingaxsa""><sc><abbr expan=""kaalingása"" type=""lemma"">ka-</abbr></sc></xr>. </trans>
</sense></hom>
<entry><form id=""kaalingaxsa"" lang=""ceb""><abbr expan=""kaalingása"" type=""lemma"">ka-</abbr></form>
<hom role=""n""><pos>n</pos>
<sense n=""0""><trans> <tr>heat</tr>.
</trans>
</sense></hom></entry></entry>");
INSERT INTO `wced_head` (entryid, head, normalized_head, type, pos) VALUES (559, "alingása", "alingasa", "s", "avn");
INSERT INTO `wced_head` (entryid, head, normalized_head, type, pos) VALUES (559, "kaalingása", "kaalingasa", "s", "n");
INSERT INTO `wced_translation` (entryid, translation) VALUES (559, "heat");
INSERT INTO `wced_entry` VALUES (560, "alingasu", "27", "<entry page=""27"" id=""560""><form id=""alingaxsu"" lang=""ceb"">alingásu</form>
<hom>
<sense n=""0""><trans> (from <ix>asu</ix>) </trans>
</sense></hom>
<hom role=""a""><pos>a</pos>
<sense n=""0""><trans> <tr>smoky</tr>. </trans>
</sense></hom>
<hom role=""v""><pos>v</pos>
<sense n=""0""> <itype>[B; b6]</itype><trans> get filled with smoke. </trans>
<eg><i lang=""ceb"">Ug magsugba ka dinhi, mualingásu (maalingásu) ang kwartu,</i><trans> If you broil food here, the room will get filled with smoke. </trans></eg>
</sense></hom>
<hom role=""n""><pos>n</pos>
<sense n=""0""><trans> <tr>smokiness</tr>. </trans>
<eg><i lang=""ceb"">Ang alingásu mauy nakalagum sa pintal,</i><trans> Smoke tarnished the paint. </trans></eg>
</sense></hom>
<entry><form id=""alingasuxhun"" lang=""ceb"">alingasúhun</form>
<hom role=""a""><pos>a</pos>
<sense n=""0""><trans> of a somewhat smoky sort.
</trans>
</sense></hom></entry></entry>");
INSERT INTO `wced_head` (entryid, head, normalized_head, type, pos) VALUES (560, "alingásu", "alingasu", "m", "avn");
INSERT INTO `wced_head` (entryid, head, normalized_head, type, pos) VALUES (560, "alingasúhun", "alingasuhun", "s", "a");
INSERT INTO `wced_translation` (entryid, translation) VALUES (560, "smoky");
INSERT INTO `wced_translation` (entryid, translation) VALUES (560, "smokiness");
INSERT INTO `wced_entry` VALUES (561, "*alingawngaw1", "27", "<entry page=""27"" id=""561""><form id=""xxalingawngaw"" lang=""ceb"">*alingawngaw<sub>1</sub></form>
<entry><form id=""paalingawngaw"" lang=""ceb""><abbr expan=""paalingawngaw"" type=""lemma"">pa-</abbr></form>
<hom role=""v""><pos>v</pos>
<sense n=""0""> <itype>[A; b6]</itype><trans> <tr>pretend</tr> not to hear or see or know about s.t. one knows very well about. </trans>
<eg><i lang=""ceb"">Mipaalingawngaw siyag basabása labun síging pasiplat,</i><trans> She pretended to be absorbed in her reading, but she kept on peeping out from the corner of her eyes. </trans></eg>
<eg><i lang=""ceb"">Mipaalingawngaw ang mangingilad dakù nga wà siya makautang nákù sa maung kantidad,</i><trans> The swindler denied knowing anything about the money he owed me.
</trans></eg>
</sense></hom></entry></entry>");
INSERT INTO `wced_head` (entryid, head, normalized_head, type, pos) VALUES (561, "alingawngaw", "alingawngaw", "s", "");
INSERT INTO `wced_head` (entryid, head, normalized_head, type, pos) VALUES (561, "paalingawngaw", "paalingawngaw", "s", "v");
INSERT INTO `wced_translation` (entryid, translation) VALUES (561, "pretend");
INSERT INTO `wced_entry` VALUES (562, "alingawngaw2", "27", "<entry page=""27"" id=""562""><form id=""alingawngaw2"" lang=""ceb"">alingawngaw<sub>2</sub></form>
<hom role=""n""><pos>n</pos>
<sense n=""0""><trans> a k.o. very small gnats that swarm over leftover foods. </trans>
</sense></hom>
<hom role=""v""><pos>v</pos>
<sense n=""0""> <itype>[a4]</itype><trans> have <ix>alingawngaw</ix> swarming over it. </trans>
<eg><i lang=""ceb"">Gialingawngaw ang kan-un,</i><trans> The food had gnats all over it.
</trans></eg>
</sense></hom></entry>");
INSERT INTO `wced_head` (entryid, head, normalized_head, type, pos) VALUES (562, "alingawngaw", "alingawngaw", "s", "nv");
INSERT INTO `wced_entry` VALUES (563, "alingganay", "27", "<entry page=""27"" id=""563""><form id=""alinggaxnay"" lang=""ceb"">alinggánay</form>
<hom>
<sense n=""0""><trans> = <xr lang=""ceb"" target=""#linggaxnay""><sc>linggánay</sc></xr>.
</trans>
</sense></hom></entry>");
INSERT INTO `wced_head` (entryid, head, normalized_head, type, pos) VALUES (563, "alinggánay", "alingganay", "m", "");
INSERT INTO `wced_entry` VALUES (564, "alinggat", "27", "<entry page=""27"" id=""564""><form id=""alinggat"" lang=""ceb"">alinggat</form>
<hom role=""v""><pos>v</pos>
<sense n=""0""> <itype>[A12; b8]</itype><trans> be aware, take <tr>notice</tr> of s.t. </trans>
<eg><i lang=""ceb"">Nakaalinggat ka ba nga niwangniwang na run si Tasya?</i><trans> Have you noticed that Tasia is a little thinner now? </trans></eg>
<eg><i lang=""ceb"">Hialinggatan nákù nga wà na ang táwu,</i><trans> I noticed that the man was gone.
</trans></eg>
</sense></hom></entry>");
INSERT INTO `wced_head` (entryid, head, normalized_head, type, pos) VALUES (564, "alinggat", "alinggat", "m", "v");
INSERT INTO `wced_translation` (entryid, translation) VALUES (564, "notice");
INSERT INTO `wced_entry` VALUES (565, "alingiing", "27", "<entry page=""27"" id=""565""><form id=""alingixing"" lang=""ceb"">alingíing</form>
<hom>
<sense n=""0""><trans> = <xr lang=""ceb"" target=""#alangixing""><sc>alangíing</sc></xr>.
</trans>
</sense></hom></entry>");
INSERT INTO `wced_head` (entryid, head, normalized_head, type, pos) VALUES (565, "alingíing", "alingiing", "m", "");
INSERT INTO `wced_entry` VALUES (566, "alingisi", "27", "<entry page=""27"" id=""566""><form id=""alingixsi"" lang=""ceb"">alingísi</form>
<hom role=""a""><pos>a</pos>
<sense n=""0""><trans> making a piercing, screeching noise. </trans>
<eg><i lang=""ceb"">Alingísi siyag tíngug,</i><trans> She has a piercing voice. </trans></eg>
</sense></hom>
<hom role=""v""><pos>v</pos>
<sense n=""0""> <itype>[B; a2]</itype><trans> be noisy. </trans>
<eg><i lang=""ceb"">Naalingísi ang tíngug sa kutsi sa gibríkan,</i><trans> The car screeched as the brakes were put on.
</trans></eg>
</sense></hom></entry>");
INSERT INTO `wced_head` (entryid, head, normalized_head, type, pos) VALUES (566, "alingísi", "alingisi", "m", "av");
INSERT INTO `wced_entry` VALUES (567, "alingisig", "27", "<entry page=""27"" id=""567""><form id=""alingixsig"" lang=""ceb"">alingísig</form>
<hom>
<sense n=""0""><trans> = <xr lang=""ceb"" target=""#alingixsi""><sc>alingísi</sc></xr>.
</trans>
</sense></hom></entry>");
INSERT INTO `wced_head` (entryid, head, normalized_head, type, pos) VALUES (567, "alingísig", "alingisig", "m", "");
INSERT INTO `wced_entry` VALUES (568, "alingisngis", "27", "<entry page=""27"" id=""568""><form id=""alingisngis"" lang=""ceb"">alingisngis</form>
<hom role=""a""><pos>a</pos>
<sense n=""0""><trans> making very high-pitched and drawn out piercing noise. </trans>
<eg><i lang=""ceb"">Ayaw ug ikágis ang ímung kuku sa pisára kay alingisngis,</i><trans> Don’t run your fingernails over the blackboard because it’s screechy. </trans></eg>
</sense></hom>
<hom role=""v""><pos>v</pos>
<sense n=""0""> <itype>[B; c1]</itype><trans> be high-pitched and screeching. </trans>
<eg><i lang=""ceb"">Nag-alingisngis ang sín nga gigúyud,</i><trans> The iron sheeting they <pb n=""28""/>are dragging is making a screeching sound.
</trans></eg>
</sense></hom></entry>");
INSERT INTO `wced_head` (entryid, head, normalized_head, type, pos) VALUES (568, "alingisngis", "alingisngis", "m", "av");
INSERT INTO `wced_entry` VALUES (569, "alingit", "28", "<entry page=""28"" id=""569""><form id=""alingit"" lang=""ceb"">alingit</form>
<hom role=""a""><pos>a</pos>
<sense n=""0""><trans> <tr>short-tempered</tr>, <tr>irritable</tr>. </trans>
</sense></hom>
<hom role=""v""><pos>v</pos>
<sense n=""0""> <itype>[B; ab3]</itype><trans> be irritable. </trans>
<eg><i lang=""ceb"">Pakatulga nang bátà ug udtu arun dílì mualingit (maalingit),</i><trans> Have the child take an afternoon nap so he won’t be irritable later. </trans></eg>
<eg><i lang=""ceb"">Mauy ialingit (alingitan) níya ug hilabtan ang íyang gamit,</i><trans> If you touch his things it will make him mad.
</trans></eg>
</sense></hom></entry>");
INSERT INTO `wced_head` (entryid, head, normalized_head, type, pos) VALUES (569, "alingit", "alingit", "m", "av");
INSERT INTO `wced_translation` (entryid, translation) VALUES (569, "short-tempered");
INSERT INTO `wced_translation` (entryid, translation) VALUES (569, "irritable");
INSERT INTO `wced_entry` VALUES (570, "alingiting", "28", "<entry page=""28"" id=""570""><form id=""alingiting"" lang=""ceb"">alingiting</form>
<hom role=""n""><pos>n</pos>
<sense n=""0""><trans> intense dry <tr>heat</tr>, greater than <ix>alangíing.</ix> </trans>
</sense></hom>
<hom role=""v""><pos>v</pos>
<sense n=""0""> <itype>[B; b6]</itype><trans> be exceedingly hot. </trans>
<eg><i lang=""ceb"">Ang adlaw mag-alingiting lang, basta kwarisma,</i><trans> The sun is scorching during Lent.
</trans></eg>
</sense></hom></entry>");
INSERT INTO `wced_head` (entryid, head, normalized_head, type, pos) VALUES (570, "alingiting", "alingiting", "m", "nv");
INSERT INTO `wced_translation` (entryid, translation) VALUES (570, "heat");
INSERT INTO `wced_entry` VALUES (571, "alingkawas", "28", "<entry page=""28"" id=""571""><form id=""alingkawas"" lang=""ceb"">alingkawas</form>
<hom>
<sense n=""0""><trans> = <xr lang=""ceb"" target=""#lingkawas""><sc>lingkawas</sc></xr>.
</trans>
</sense></hom></entry>");
INSERT INTO `wced_head` (entryid, head, normalized_head, type, pos) VALUES (571, "alingkawas", "alingkawas", "m", "");
INSERT INTO `wced_entry` VALUES (572, "alingugngug", "28", "<entry page=""28"" id=""572""><form id=""alingugngug"" lang=""ceb"">alingugngug</form>
<hom role=""a""><pos>a</pos>
<sense n=""0""><trans> <tr>noisy</tr> in a constant drumming way. </trans>
<eg><i lang=""ceb"">Alingugngug kaáyu ang tíngug sa tambul,</i><trans> The drum made an annoying sound. </trans></eg>
</sense></hom>
<hom role=""v""><pos>v</pos>
<sense n=""0""> <itype>[B]</itype><trans> be annoyingly noisy. </trans>
</sense></hom>
<hom role=""n""><pos>n</pos>
<sense n=""0""><trans> constant <tr>noise</tr> which drums in the ears.
</trans>
</sense></hom></entry>");
INSERT INTO `wced_head` (entryid, head, normalized_head, type, pos) VALUES (572, "alingugngug", "alingugngug", "m", "avn");
INSERT INTO `wced_translation` (entryid, translation) VALUES (572, "noisy");
INSERT INTO `wced_translation` (entryid, translation) VALUES (572, "noise");
INSERT INTO `wced_entry` VALUES (573, "alinsuub", "28", "<entry page=""28"" id=""573""><form id=""alinsuxub"" lang=""ceb"">alinsúub</form>
<hom role=""a""><pos>a</pos>
<sense n=""0""><trans> <tr>warm</tr>, <tr>moist</tr> and <tr>stuffy</tr> without wind. </trans>
<eg><i lang=""ceb"">Alinsúub ang panahun. Kauwanun tingáli,</i><trans> The weather is hot and stuffy. It’s probably going to rain. </trans></eg>
</sense></hom>
<hom role=""v""><pos>v</pos>
<sense n=""0""> <itype>[B; b6]</itype><trans> be hot and airless. </trans>
<eg><i lang=""ceb"">Nag-alinsúub lang ang barungbárung,</i><trans> The shanty is cramped and poorly ventilated.
</trans></eg>
</sense></hom></entry>");
INSERT INTO `wced_head` (entryid, head, normalized_head, type, pos) VALUES (573, "alinsúub", "alinsuub", "m", "av");
INSERT INTO `wced_translation` (entryid, translation) VALUES (573, "warm");
INSERT INTO `wced_translation` (entryid, translation) VALUES (573, "moist");
INSERT INTO `wced_translation` (entryid, translation) VALUES (573, "stuffy");
INSERT INTO `wced_entry` VALUES (574, "alintabu", "28", "<entry page=""28"" id=""574""><form id=""alintabu"" lang=""ceb"">alintabu</form>
<hom role=""v""><pos>v</pos>
<sense n=""0""> <itype>[B; c1]</itype><trans> <tr>turn over</tr>, producing a loud turmoil. </trans>
<eg><i lang=""ceb"">Nagkaalintabu ang mga balud,</i><trans> The waves churned more and more vigorously. </trans></eg>
<eg><i lang=""ceb"">Nag-alintabu sa hilabihang kayugut ang ákung kahiladman,</i><trans> I was in complete turmoil within myself because of my great anger. </trans></eg>
<eg><i lang=""ceb"">Alintabuhun (ialintabu) ku ning mga gamit nátù ug dílì ka musugut,</i><trans> I’ll turn this house upside down if you don’t agree. </trans></eg>
</sense></hom>
<hom role=""n""><pos>n</pos>
<sense n=""0""><trans> <tr>noise</tr> produced by things turned upside down with a crash.
</trans>
</sense></hom></entry>");
INSERT INTO `wced_head` (entryid, head, normalized_head, type, pos) VALUES (574, "alintabu", "alintabu", "m", "vn");
INSERT INTO `wced_translation` (entryid, translation) VALUES (574, "turn over");
INSERT INTO `wced_translation` (entryid, translation) VALUES (574, "noise");
INSERT INTO `wced_entry` VALUES (575, "alinupung", "28", "<entry page=""28"" id=""575""><form id=""alinupung"" lang=""ceb"">alinupung</form>
<hom>
<sense n=""0""><trans> (from <ix>túpung</ix>) </trans>
</sense></hom>
<hom role=""v""><pos>v</pos>
<sense n=""0""> <itype>[A3; a]</itype><trans> </trans>
</sense>
<sense n=""1""><number>1</number><trans> for vertical things to be almost the same height, esp. for children to be so close together they are almost the same height. </trans>
<eg><i lang=""ceb"">Ug alinupungun ninyu ang inyung anak, magsangkiig mu,</i><trans> If you have your children one after another, you’ll reel under the burden. </trans></eg>
</sense>
<sense n=""2""><number>2</number><trans> coming one after another (figurative). </trans>
<eg><i lang=""ceb"">Nag-alinupung nga suliran,</i><trans> Problems that come one after another.
</trans></eg>
</sense></hom></entry>");
INSERT INTO `wced_head` (entryid, head, normalized_head, type, pos) VALUES (575, "alinupung", "alinupung", "m", "v");
INSERT INTO `wced_entry` VALUES (576, "alipadnu", "28", "<entry page=""28"" id=""576""><form id=""alipadnu"" lang=""ceb"">alipadnu</form>
<hom role=""n""><pos>n</pos>
<sense n=""0""><trans> k.o. edible fresh-water <tr>limpet</tr> of dark olive green to grey color, oblong, growing to <measure reg=""2.6 cm"">1″</measure>. It clings to stones.
</trans>
</sense></hom></entry>");
INSERT INTO `wced_head` (entryid, head, normalized_head, type, pos) VALUES (576, "alipadnu", "alipadnu", "m", "n");
INSERT INTO `wced_translation` (entryid, translation) VALUES (576, "limpet");
INSERT INTO `wced_entry` VALUES (577, "alipadsay", "28", "<entry page=""28"" id=""577""><form id=""alipadsay"" lang=""ceb"">alipadsay</form>
<hom role=""v""><pos>v</pos>
<sense n=""0""> <itype>[B; c1]</itype><trans> </trans>
</sense>
<sense n=""1""><number>1</number><trans> for good-sized things <tr>to be scattered</tr>. </trans>
<eg><i lang=""ceb"">Ang ímung mga butang nagkaalipadsay lang sa kwartu,</i><trans> Your things are scattered all over the room. </trans></eg>
<eg><i lang=""ceb"">Alipadsáyun (ialipadsay) ang mga papílis sa hángin,</i><trans> The papers will be scattered by the wind. </trans></eg>
</sense>
<sense n=""2""><number>2</number><trans> for s.t. to be consumed rapidly as if scattered. </trans>
<eg><i lang=""ceb"">Kadalì rang mualipadsay ang kwarta karun,</i><trans> How quickly money vanishes these days. </trans></eg>
<eg><i lang=""ceb"">Gialipadsay lag kausa ang mga pagkáung giaray sa lamísa,</i><trans> The food that was heaped on the table vanished in one fell swoop.
</trans></eg>
</sense></hom></entry>");
INSERT INTO `wced_head` (entryid, head, normalized_head, type, pos) VALUES (577, "alipadsay", "alipadsay", "m", "v");
INSERT INTO `wced_translation` (entryid, translation) VALUES (577, "to be scattered");
INSERT INTO `wced_entry` VALUES (578, "alipanti", "28", "<entry page=""28"" id=""578""><form id=""alipanti"" lang=""ceb"">alipanti</form>
<hom>
<sense n=""0""><trans> = <xr lang=""ceb"" target=""#ilipanti""><sc>ilipanti</sc></xr>.
</trans>
</sense></hom></entry>");
INSERT INTO `wced_head` (entryid, head, normalized_head, type, pos) VALUES (578, "alipanti", "alipanti", "m", "");
INSERT INTO `wced_entry` VALUES (579, "alipasa", "28", "<entry page=""28"" id=""579""><form id=""alipasa"" lang=""ceb"">alipasa</form>
<hom role=""v""><pos>v</pos>
<sense n=""0""> <itype>[B46; b4]</itype><trans> for a child lying in bed to be <tr>restless</tr> due to discomfort, worry, etc. </trans>
<eg><i lang=""ceb"">Ang bútud sa tiyan mauy makaalipasa (makapaalipasa) sa bátà,</i><trans> Gas pains can cause a child to become restless.
</trans></eg>
</sense></hom></entry>");
INSERT INTO `wced_head` (entryid, head, normalized_head, type, pos) VALUES (579, "alipasa", "alipasa", "m", "v");
INSERT INTO `wced_translation` (entryid, translation) VALUES (579, "restless");
INSERT INTO `wced_entry` VALUES (580, "alipata, alipata", "28", "<entry page=""28"" id=""580""><form id=""alipaxta_alipaxtaq"" lang=""ceb"">alipáta, alipátà</form>
<hom role=""n""><pos>n</pos>
<sense n=""0""><trans> k.o. medium-sized <tr>tree</tr> of the seashore, the ashes of which are used for soap making. Ingredient for a broth to counter <ix>bárang:</ix> <bio>Excoecaria agallocha</bio>.
</trans>
</sense></hom></entry>");
INSERT INTO `wced_head` (entryid, head, normalized_head, type, pos) VALUES (580, "alipáta", "alipata", "s", "n");
INSERT INTO `wced_head` (entryid, head, normalized_head, type, pos) VALUES (580, "alipátà", "alipata", "s", "n");
INSERT INTO `wced_translation` (entryid, translation) VALUES (580, "tree");
INSERT INTO `wced_entry` VALUES (581, "alipatpat", "28", "<entry page=""28"" id=""581""><form id=""alipatpat"" lang=""ceb"">alipatpat</form>
<hom role=""a""><pos>a</pos>
<sense n=""0""><trans> for vision to be <tr>blurred</tr>. </trans>
</sense></hom>
<hom role=""v""><pos>v</pos>
<sense n=""0""> <itype>[BN]</itype><trans> become <tr>blurred</tr> or <tr>bleary</tr>. </trans>
<eg><i lang=""ceb"">Mialipatpat (nangalipatpat) ang ákung panan-aw sa dúgay nákung binása,</i><trans> My vision became blurred from reading too long.
</trans></eg>
</sense></hom></entry>");
INSERT INTO `wced_head` (entryid, head, normalized_head, type, pos) VALUES (581, "alipatpat", "alipatpat", "m", "av");
INSERT INTO `wced_translation` (entryid, translation) VALUES (581, "blurred");
INSERT INTO `wced_translation` (entryid, translation) VALUES (581, "bleary");
INSERT INTO `wced_entry` VALUES (582, "alip-ip1", "28", "<entry page=""28"" id=""582""><form id=""alip-ip"" lang=""ceb"">alip-ip<sub>1</sub></form>
<hom role=""n""><pos>n</pos>
<sense n=""1""><number>1</number><trans> person’s <tr>back</tr> reaching from the shoulders as far as the waist. </trans>
</sense>
<sense n=""2""><number>2</number><trans> <tr>waist</tr>, part on the side directly beneath the lower rib.
</trans>
</sense></hom></entry>");
INSERT INTO `wced_head` (entryid, head, normalized_head, type, pos) VALUES (582, "alip-ip", "alip-ip", "s", "n");
INSERT INTO `wced_translation` (entryid, translation) VALUES (582, "back");
INSERT INTO `wced_translation` (entryid, translation) VALUES (582, "waist");
INSERT INTO `wced_entry` VALUES (583, "alip-ip2", "28", "<entry page=""28"" id=""583""><form id=""alip-ip2"" lang=""ceb"">alip-ip<sub>2</sub></form>
<hom role=""v""><pos>v</pos>
<sense n=""0""> <itype>[AP]</itype><trans> </trans>
</sense>
<sense n=""1""><number>1</number><trans> <tr>hide</tr> by making oneself as small as possible behind s.t. </trans>
<eg><i lang=""ceb"">Mialip-ip (mipaalip-ip) ang kawatan sa bungbung,</i><trans> The robber pressed himself against the wall so he couldn’t be seen. </trans></eg>
</sense>
<sense n=""2""><number>2</number><trans> <tr>peer</tr> or look furtively from behind s.t. </trans>
<eg><i lang=""ceb"">Ang sanlahun mialip-ip (mipaalip-ip) lang ug tan-aw sa luyu sa bintánà,</i><trans> The leper peered furtively from behind the windows.
</trans></eg>
</sense></hom></entry>");
INSERT INTO `wced_head` (entryid, head, normalized_head, type, pos) VALUES (583, "alip-ip", "alip-ip", "s", "v");
INSERT INTO `wced_translation` (entryid, translation) VALUES (583, "hide");
INSERT INTO `wced_translation` (entryid, translation) VALUES (583, "peer");
INSERT INTO `wced_entry` VALUES (584, "alipulu", "28", "<entry page=""28"" id=""584""><form id=""alipuxlu"" lang=""ceb"">alipúlu</form>
<hom>
<sense n=""0""><trans> = <xr lang=""ceb"" target=""#alimpuxlu""><sc>alimpúlu</sc></xr>.
</trans>
</sense></hom></entry>");
INSERT INTO `wced_head` (entryid, head, normalized_head, type, pos) VALUES (584, "alipúlu", "alipulu", "m", "");
INSERT INTO `wced_entry` VALUES (585, "alipulung", "28", "<entry page=""28"" id=""585""><form id=""alipuxlung"" lang=""ceb"">alipúlung</form>
<hom role=""v""><pos>v</pos>
<sense n=""0""> <itype>[b4]</itype><trans> feel <tr>dizzy</tr>. </trans>
<eg><i lang=""ceb"">Alipudngan ku ug gutmun ku,</i><trans> I feel dizzy when I’m hungry.
</trans></eg>
</sense></hom></entry>");
INSERT INTO `wced_head` (entryid, head, normalized_head, type, pos) VALUES (585, "alipúlung", "alipulung", "m", "v");
INSERT INTO `wced_translation` (entryid, translation) VALUES (585, "dizzy");
INSERT INTO `wced_entry` VALUES (586, "alipunga, alipunga", "28", "<entry page=""28"" id=""586""><form id=""alipunga_alipungaq"" lang=""ceb"">alipunga, alipungà</form>
<hom role=""n""><pos>n</pos>
<sense n=""1""><number>1</number><trans> <tr>eczema</tr> caused by allergy. </trans>
</sense>
<sense n=""2""><number>2</number><trans> <tr>athlete’s foot</tr>. </trans>
</sense></hom>
<hom role=""v""><pos>v</pos>
<sense n=""0""> <itype>[a4]</itype><trans> get a <tr>rash</tr> or athlete’s foot. </trans>
<eg><i lang=""ceb"">Alipungahun ku ug malígù kug sayu sa buntag,</i><trans> I get a rash when I bathe early in the morning.
</trans></eg>
</sense></hom></entry>");
INSERT INTO `wced_head` (entryid, head, normalized_head, type, pos) VALUES (586, "alipunga", "alipunga", "s", "nv");
INSERT INTO `wced_head` (entryid, head, normalized_head, type, pos) VALUES (586, "alipungà", "alipunga", "s", "nv");
INSERT INTO `wced_translation` (entryid, translation) VALUES (586, "eczema");
INSERT INTO `wced_translation` (entryid, translation) VALUES (586, "athlete’s foot");
INSERT INTO `wced_translation` (entryid, translation) VALUES (586, "rash");
INSERT INTO `wced_entry` VALUES (587, "alipunga1", "28", "<entry page=""28"" id=""587""><form id=""alipuxnga"" lang=""ceb"">alipúnga<sub>1</sub></form>
<hom role=""a""><pos>a</pos>
<sense n=""0""><trans> having difficulty in breathing. </trans>
</sense></hom>
<hom role=""v""><pos>v</pos>
<sense n=""0""> <itype>[BN; a4b4]</itype><trans> have difficulty in breathing. </trans>
<eg><i lang=""ceb"">Nangalipunga ang ákung gininháwa kay gibutdan aku,</i><trans> I had a hard time breathing because of the gas in my stomach.
</trans></eg>
</sense></hom></entry>");
INSERT INTO `wced_head` (entryid, head, normalized_head, type, pos) VALUES (587, "alipúnga", "alipunga", "s", "av");
INSERT INTO `wced_entry` VALUES (588, "alipunga2", "28", "<entry page=""28"" id=""588""><form id=""alipuxnga2"" lang=""ceb"">alipúnga<sub>2</sub></form>
<hom role=""a""><pos>a</pos>
<sense n=""0""><trans> noisily <tr>bothersome</tr>. </trans>
<eg><i lang=""ceb"">Alipúnga ning batáa, síging hílak,</i><trans> The child is very bothersome. He keeps crying. </trans></eg>
</sense></hom>
<hom role=""v""><pos>v</pos>
<sense n=""0""> <itype>[BN; b6]</itype><trans> be noisily bothersome.
</trans>
</sense></hom></entry>");
INSERT INTO `wced_head` (entryid, head, normalized_head, type, pos) VALUES (588, "alipúnga", "alipunga", "s", "av");
INSERT INTO `wced_translation` (entryid, translation) VALUES (588, "bothersome");
INSERT INTO `wced_entry` VALUES (589, "aliputu, aliputu", "28", "<entry page=""28"" id=""589""><form id=""aliputu_alipuxtu"" lang=""ceb"">aliputu, alipútu</form>
<hom role=""a""><pos>a</pos>
<sense n=""0""><trans> <tr>short tempered</tr> because of s.t. which is weighing on the mind. </trans>
<eg><i lang=""ceb"">Alipútu run nà siya kay napildi sa súgal,</i><trans> He is in an <tr>irritable</tr> mood because he lost in gambling. </trans></eg>
</sense></hom>
<hom role=""v""><pos>v</pos>
<sense n=""0""> <itype>[B; a2c5]</itype><trans> get to be in a bad mood. </trans>
<eg><i lang=""ceb"">Gialipútu na sad ku níya sa íyang mga binúang,</i><trans> He irritated me with his foolishness.
</trans></eg>
</sense></hom></entry>");
INSERT INTO `wced_head` (entryid, head, normalized_head, type, pos) VALUES (589, "aliputu", "aliputu", "s", "av");
INSERT INTO `wced_head` (entryid, head, normalized_head, type, pos) VALUES (589, "alipútu", "aliputu", "s", "av");
INSERT INTO `wced_translation` (entryid, translation) VALUES (589, "short tempered");
INSERT INTO `wced_translation` (entryid, translation) VALUES (589, "irritable");
INSERT INTO `wced_entry` VALUES (590, "aliraw", "28", "<entry page=""28"" id=""590""><form id=""alixraw"" lang=""ceb"">alíraw</form>
<hom>
<sense n=""0""><trans> = <xr lang=""ceb"" target=""#lixraw""><sc>líraw</sc></xr>.
</trans>
</sense></hom></entry>");
INSERT INTO `wced_head` (entryid, head, normalized_head, type, pos) VALUES (590, "alíraw", "aliraw", "m", "");
INSERT INTO `wced_entry` VALUES (591, "alirdyik", "28", "<entry page=""28"" id=""591""><form id=""alirdyik"" lang=""ceb"">alirdyik</form>
<hom role=""a""><pos>a</pos>
<sense n=""1""><number>1</number><trans> <tr>allergic</tr>. </trans>
</sense>
<sense n=""2""><number>2</number><trans> tending to react to s.t. nice more than usual (humorous). </trans>
<eg><i lang=""ceb"">Alirdyik kus mga gwápa,</i><trans> Good-looking girls turn me <pb n=""29""/>on. </trans></eg>
</sense></hom>
<hom role=""v""><pos>v</pos>
<sense n=""0""> <itype>[B12; a4b3(1)]</itype><trans> be allergic. </trans>
<eg><i lang=""ceb"">Ug mutúu kang alirdyik, maalirdyik ka núun,</i><trans> If you think you’re allergic to s.t. you will be allergic. </trans></eg>
<eg><i lang=""ceb"">Gialirdyik kug pasáyan,</i><trans> I’m allergic to shrimps. </trans></eg>
<eg><i lang=""ceb"">Unsay ímung kaalirdyíkan?</i><trans> What caused your allergy?†
</trans></eg>
</sense></hom></entry>");
INSERT INTO `wced_head` (entryid, head, normalized_head, type, pos) VALUES (591, "alirdyik", "alirdyik", "m", "av");
INSERT INTO `wced_translation` (entryid, translation) VALUES (591, "allergic");
INSERT INTO `wced_entry` VALUES (592, "alirung", "29", "<entry page=""29"" id=""592""><form id=""alixrung"" lang=""ceb"">alírung</form>
<hom role=""v""><pos>v</pos>
<sense n=""0""> <itype>[AB3(1); c]</itype><trans> <tr>gather</tr> around s.t. </trans>
<eg><i lang=""ceb"">Nag-alírung ang mga táwu sa sugálan,</i><trans> The people stood around the gambling table. </trans></eg>
<eg><i lang=""ceb"">Nag-alírung siya sa silya sa lamísa,</i><trans> He put the chairs around the table. </trans></eg>
</sense></hom>
<hom role=""n""><pos>n</pos>
<sense n=""1""><number>1</number><trans> people gathered around. </trans>
</sense>
<sense n=""2""><number>2</number><trans> the <tr>surroundings</tr>, the space around. </trans>
<eg><i lang=""ceb"">Ang mga gángis lámay nagtingug sa alírung,</i><trans> Only the crickets were chirping in the area.
</trans></eg>
</sense></hom></entry>");
INSERT INTO `wced_head` (entryid, head, normalized_head, type, pos) VALUES (592, "alírung", "alirung", "m", "vn");
INSERT INTO `wced_translation` (entryid, translation) VALUES (592, "gather");
INSERT INTO `wced_translation` (entryid, translation) VALUES (592, "surroundings");
INSERT INTO `wced_entry` VALUES (593, "alisbu", "29", "<entry page=""29"" id=""593""><form id=""alisbu"" lang=""ceb"">alisbu</form>
<hom role=""n""><pos>n</pos>
<sense n=""0""><trans> bad <tr>smell</tr> permeating the air. </trans>
<eg><i lang=""ceb"">Ang alisbu sa patayng irù,</i><trans> The <tr>stench</tr> of the dead dog. </trans></eg>
</sense></hom>
<hom role=""v""><pos>v</pos>
<sense n=""0""> <itype>[BN46; b4(1)]</itype><trans> give off a bad smell. </trans>
<eg><i lang=""ceb"">Naalisbuhan ku sa báhù sa íhì,</i><trans> The stench of the urine reached me.
</trans></eg>
</sense></hom></entry>");
INSERT INTO `wced_head` (entryid, head, normalized_head, type, pos) VALUES (593, "alisbu", "alisbu", "m", "nv");
INSERT INTO `wced_translation` (entryid, translation) VALUES (593, "smell");
INSERT INTO `wced_translation` (entryid, translation) VALUES (593, "stench");
INSERT INTO `wced_entry` VALUES (594, "alisbung", "29", "<entry page=""29"" id=""594""><form id=""alisbung"" lang=""ceb"">alisbung</form>
<hom>
<sense n=""0""><trans> = <xr lang=""ceb"" target=""#alisbu""><sc>alisbu</sc></xr>.
</trans>
</sense></hom></entry>");
INSERT INTO `wced_head` (entryid, head, normalized_head, type, pos) VALUES (594, "alisbung", "alisbung", "m", "");
INSERT INTO `wced_entry` VALUES (595, "alisdan, alisdi", "29", "<entry page=""29"" id=""595""><form id=""alisdan_alisdi"" lang=""ceb"">alisdan, alisdi</form>
<hom>
<sense n=""0""><trans> = <xr lang=""ceb"" target=""#ilisdi""><sc>ilisdan/<abbr expan=""ilisdi"" type=""lemma"">-i</abbr></sc></xr>.
</trans>
</sense></hom></entry>");
INSERT INTO `wced_head` (entryid, head, normalized_head, type, pos) VALUES (595, "alisdan", "alisdan", "s", "");
INSERT INTO `wced_head` (entryid, head, normalized_head, type, pos) VALUES (595, "alisdi", "alisdi", "s", "");
INSERT INTO `wced_entry` VALUES (596, "alisiwsiw", "29", "<entry page=""29"" id=""596""><form id=""alisiwsiw"" lang=""ceb"">alisiwsiw</form>
<hom role=""n""><pos>n</pos>
<sense n=""0""><trans> k.o. <tr>grasshopper</tr> about 25 to 30 mm. long, abounding in open grasslands, light yellow-green dorsal side and yellowish dirty gray underside, not glossy. Not migratory or destructive to crops.
</trans>
</sense></hom></entry>");
INSERT INTO `wced_head` (entryid, head, normalized_head, type, pos) VALUES (596, "alisiwsiw", "alisiwsiw", "m", "n");
INSERT INTO `wced_translation` (entryid, translation) VALUES (596, "grasshopper");
INSERT INTO `wced_entry` VALUES (597, "alisngaw", "29", "<entry page=""29"" id=""597""><form id=""alisngaw"" lang=""ceb"">alisngaw</form>
<hom role=""v""><pos>v</pos>
<sense n=""0""> <itype>[A; b6]</itype><trans> </trans>
</sense>
<sense n=""1""><number>1</number><trans> <tr>evaporate</tr>, give off steam. </trans>
<eg><i lang=""ceb"">Mualisngaw ang alkuhul,</i><trans> The alcohol will evaporate. </trans></eg>
<eg><i lang=""ceb"">Ínit pa diay ang túbig kay nag-alisngaw man,</i><trans> The water is still hot, then, because it’s giving off steam. </trans></eg>
</sense>
<sense n=""2""><number>2</number><trans> for anger to vent itself. </trans>
<eg><i lang=""ceb"">Mualisngaw na ning ákung kasukù,</i><trans> I’m going to blow up in a minute. </trans></eg>
</sense></hom>
<hom role=""n""><pos>n</pos>
<sense n=""0""><trans> steam or evaporation given off. </trans>
</sense></hom>
<entry><form id=""pangalisngaw"" lang=""ceb""><abbr expan=""pangalisngaw"" type=""lemma"">paN-</abbr></form>
<hom role=""v""><pos>v</pos>
<sense n=""0""> <itype>[A; b6]</itype><trans> give off a smell. </trans>
<eg><i lang=""ceb"">Nangalisngaw ang tanglad,</i><trans> The lemon grass gave off a pleasant smell. </trans></eg>
</sense></hom></entry>
<entry><form id=""inalisngaw"" lang=""ceb""><abbr expan=""inalisngaw"" type=""lemma"">-in-</abbr></form>
<hom role=""n""><pos>n</pos>
<sense n=""1""><number>1</number><trans> thing given off as steam or evaporation. </trans>
</sense>
<sense n=""2""><number>2</number><trans> shadow, small portion of a character trait which is exuded. </trans>
<eg><i lang=""ceb"">Ug daghan may natuntu níya, inalisngaw lang tu sa íyang kamaldítu,</i><trans> He cheated lots of people, but that was just a fraction of his mischief. </trans></eg>
<eg><i lang=""ceb"">Kadtung kasábà inalisngaw lang tu sa ákung kasukù,</i><trans> The scolding was just a faint shadow of what I really felt.
</trans></eg>
</sense></hom></entry></entry>");
INSERT INTO `wced_head` (entryid, head, normalized_head, type, pos) VALUES (597, "alisngaw", "alisngaw", "m", "vn");
INSERT INTO `wced_head` (entryid, head, normalized_head, type, pos) VALUES (597, "pangalisngaw", "pangalisngaw", "s", "v");
INSERT INTO `wced_head` (entryid, head, normalized_head, type, pos) VALUES (597, "inalisngaw", "inalisngaw", "s", "n");
INSERT INTO `wced_translation` (entryid, translation) VALUES (597, "evaporate");
INSERT INTO `wced_entry` VALUES (598, "alistu", "29", "<entry page=""29"" id=""598""><form id=""alistu"" lang=""ceb"">alistu</form>
<hom role=""a""><pos>a</pos>
<sense n=""1a""><number>1a</number><trans> <tr>energetic</tr>. </trans>
<eg><i lang=""ceb"">Alistu siyang mutrabáhu,</i><trans> He works energetically. </trans></eg>
</sense>
<sense n=""b""><number>b</number><trans> <tr>agile</tr>. </trans>
<eg><i lang=""ceb"">Alistu siyang milikay,</i><trans> He dodged agily. </trans></eg>
</sense>
<sense n=""2""><number>2</number><trans> <tr>shrewd</tr>, <tr>clever</tr>. </trans>
<eg><i lang=""ceb"">Alistu siyang musabut,</i><trans> He understands things readily. </trans></eg>
<eg><i lang=""ceb"">Alistu, apuntin, puygu<corr sic="","">!</corr></i><trans> <tr>Ready</tr>, aim, fire! </trans></eg>
</sense>
<sense n=""3""><number>3</number><trans> do s.t. well. </trans>
<eg><i lang=""ceb"">Alistu siyang mulútù,</i><trans> She cooks well. </trans></eg>
</sense></hom>
<hom role=""v""><pos>v</pos>
<sense n=""1""><number>1</number> <itype>[B2]</itype><trans> be energetic, agile. </trans>
<eg><i lang=""ceb"">Mualistu (maalistu) ka man lang ug makakità ug kwarta,</i><trans> You only move if you see money. </trans></eg>
</sense>
<sense n=""2""><number>2</number> <itype>[B1]</itype><trans> be clever, smart. </trans>
<eg><i lang=""ceb"">Ug makig-úban ka sa mga abtik maalistu ka giyud,</i><trans> If you go around with shrewd people, you’ll become shrewd, too. </trans></eg>
<eg><i lang=""ceb"">Alistu ka lang kay itug-an tikang Pápa,</i><trans> Better watch out because I’ll tell Father on you. </trans></eg>
</sense>
<sense n=""3""><number>3</number> <itype>[b4(1)]</itype><trans> be outsmarted. </trans>
<eg><i lang=""ceb"">Naglágut ku kay naalistuhan kung Husi,</i><trans> I’m mad because Jose put one over on me.
</trans></eg>
</sense></hom></entry>");
INSERT INTO `wced_head` (entryid, head, normalized_head, type, pos) VALUES (598, "alistu", "alistu", "m", "av");
INSERT INTO `wced_translation` (entryid, translation) VALUES (598, "energetic");
INSERT INTO `wced_translation` (entryid, translation) VALUES (598, "agile");
INSERT INTO `wced_translation` (entryid, translation) VALUES (598, "shrewd");
INSERT INTO `wced_translation` (entryid, translation) VALUES (598, "clever");
INSERT INTO `wced_translation` (entryid, translation) VALUES (598, "Ready");
INSERT INTO `wced_entry` VALUES (599, "alisuksuk", "29", "<entry page=""29"" id=""599""><form id=""alisuksuk"" lang=""ceb"">alisuksuk</form>
<hom>
<sense n=""0""><trans> = <xr lang=""ceb"" target=""#saluksuk2""><sc>saluksuk<sub>2</sub></sc></xr>.
</trans>
</sense></hom></entry>");
INSERT INTO `wced_head` (entryid, head, normalized_head, type, pos) VALUES (599, "alisuksuk", "alisuksuk", "m", "");
INSERT INTO `wced_entry` VALUES (600, "alitundan", "29", "<entry page=""29"" id=""600""><form id=""alitundan"" lang=""ceb"">alitundan</form>
<hom role=""n""><pos>n</pos>
<sense n=""0""><trans> k.o. <tr>banana</tr> with light yellow skin, which grows to six inches. One of the most important commercial bananas, it is eaten uncooked.
</trans>
</sense></hom></entry>");
INSERT INTO `wced_head` (entryid, head, normalized_head, type, pos) VALUES (600, "alitundan", "alitundan", "m", "n");
INSERT INTO `wced_translation` (entryid, translation) VALUES (600, "banana");
INSERT INTO `wced_entry` VALUES (601, "aliwalang", "29", "<entry page=""29"" id=""601""><form id=""aliwaxlang"" lang=""ceb"">aliwálang</form>
<hom>
<sense n=""0""><trans> = <xr lang=""ceb"" target=""#alixling""><sc>alíling</sc></xr>.
</trans>
</sense></hom></entry>");
INSERT INTO `wced_head` (entryid, head, normalized_head, type, pos) VALUES (601, "aliwálang", "aliwalang", "m", "");
INSERT INTO `wced_entry` VALUES (602, "aliwarus", "29", "<entry page=""29"" id=""602""><form id=""aliwarus"" lang=""ceb"">aliwarus</form>
<hom role=""v""><pos>v</pos>
<sense n=""0""> <itype>[A13]</itype><trans> be restless in expectation of s.t. </trans>
<eg><i lang=""ceb"">Nag-aliwarus siyang nagpaábut sa íyang trátu,</i><trans> She nervously awaited her sweetheart.
</trans></eg>
</sense></hom></entry>");
INSERT INTO `wced_head` (entryid, head, normalized_head, type, pos) VALUES (602, "aliwarus", "aliwarus", "m", "v");
INSERT INTO `wced_entry` VALUES (603, "aliwarus", "29", "<entry page=""29"" id=""603""><form id=""aliwaxrus"" lang=""ceb"">aliwárus</form>
<hom role=""a""><pos>a</pos>
<sense n=""0""><trans> <tr>nuisance</tr>, annoyance caused by noise and motion. </trans>
<eg><i lang=""ceb"">Ang daghang pidikab mauy nakaaliwárus (nakapaaliwárus) sa karsáda,</i><trans> The large number of pedicabs are a nuisance in the streets. </trans></eg>
<eg><i lang=""ceb"">Maaliwárus lang ang balay kun magdagandágan ang mga bátà,</i><trans> The house will just be in commotion if the children keep running about.
</trans></eg>
</sense></hom></entry>");
INSERT INTO `wced_head` (entryid, head, normalized_head, type, pos) VALUES (603, "aliwárus", "aliwarus", "m", "a");
INSERT INTO `wced_translation` (entryid, translation) VALUES (603, "nuisance");
INSERT INTO `wced_entry` VALUES (604, "aliwas", "29", "<entry page=""29"" id=""604""><form id=""alixwas"" lang=""ceb"">alíwas</form>
<hom role=""n""><pos>n</pos>
<sense n=""0""><trans> large monkey, <tr>ape</tr>. </trans>
</sense></hom>
<entry><form id=""alixwasun"" lang=""ceb""><abbr expan=""alíwasun"" type=""lemma"">-un</abbr></form>
<hom role=""a""><pos>a</pos>
<sense n=""0""><trans> ape-like.
</trans>
</sense></hom></entry></entry>");
INSERT INTO `wced_head` (entryid, head, normalized_head, type, pos) VALUES (604, "alíwas", "aliwas", "m", "n");
INSERT INTO `wced_head` (entryid, head, normalized_head, type, pos) VALUES (604, "alíwasun", "aliwasun", "s", "a");
INSERT INTO `wced_translation` (entryid, translation) VALUES (604, "ape");
INSERT INTO `wced_entry` VALUES (605, "aliwasa, aliwasa", "29", "<entry page=""29"" id=""605""><form id=""aliwasa_aliwaxsa"" lang=""ceb"">aliwasa, aliwása</form>
<hom role=""v""><pos>v</pos>
<sense n=""0""> <itype>[B2S; a4b34]</itype><trans> restless because of discomfort or worry. </trans>
<eg><i lang=""ceb"">Nag-aliwasa siya kay nagabin-an ang íyang bátà,</i><trans> She was restless because her child came home late.
</trans></eg>
</sense></hom></entry>");
INSERT INTO `wced_head` (entryid, head, normalized_head, type, pos) VALUES (605, "aliwasa", "aliwasa", "s", "v");
INSERT INTO `wced_head` (entryid, head, normalized_head, type, pos) VALUES (605, "aliwása", "aliwasa", "s", "v");
INSERT INTO `wced_entry` VALUES (606, "aliyupyup", "29", "<entry page=""29"" id=""606""><form id=""aliyupyup"" lang=""ceb"">aliyupyup</form>
<hom role=""n""><pos>n</pos>
<sense n=""0""><trans> shrub of clearings: <bio>Pseuderantheum bicolor</bio>. The leaves are used for uterine bleeding and roots and trunk for stomach ache.
</trans>
</sense></hom></entry>");
INSERT INTO `wced_head` (entryid, head, normalized_head, type, pos) VALUES (606, "aliyupyup", "aliyupyup", "m", "n");
INSERT INTO `wced_entry` VALUES (607, "alkabala", "29", "<entry page=""29"" id=""607""><form id=""alkabaxla"" lang=""ceb"">alkabála</form>
<hom role=""n""><pos>n</pos>
<sense n=""0""><trans> fee charged for the use of a space to vend. </trans>
</sense></hom>
<hom role=""v""><pos>v</pos>
<sense n=""0""> <itype>[A; c]</itype><trans> charge a fee for that. </trans>
<eg><i lang=""ceb"">Alkabaláhan kag bayinti,</i><trans> You will be charged twenty centavos for a place in the market.
</trans></eg>
</sense></hom></entry>");
INSERT INTO `wced_head` (entryid, head, normalized_head, type, pos) VALUES (607, "alkabála", "alkabala", "m", "nv");
INSERT INTO `wced_entry` VALUES (608, "alkaldi", "29", "<entry page=""29"" id=""608""><form id=""alkaldi"" lang=""ceb"">alkaldi</form>
<hom role=""n""><pos>n</pos>
<sense n=""0""><trans> <tr>mayor</tr>. </trans>
</sense></hom>
<hom role=""v""><pos>v</pos>
<sense n=""0""> <itype>[B126]</itype><trans> be mayor.
</trans>
</sense></hom></entry>");
INSERT INTO `wced_head` (entryid, head, normalized_head, type, pos) VALUES (608, "alkaldi", "alkaldi", "m", "nv");
INSERT INTO `wced_translation` (entryid, translation) VALUES (608, "mayor");
INSERT INTO `wced_entry` VALUES (609, "alkampur", "29", "<entry page=""29"" id=""609""><form id=""alkampur"" lang=""ceb"">alkampur</form>
<hom role=""n""><pos>n</pos>
<sense n=""1""><number>1</number><trans> <tr>camphor</tr> wood. </trans>
</sense>
<sense n=""2""><number>2</number><trans> name of a folk dance. </trans>
</sense></hom>
<entry><form id=""alkampuradu_asayti_alkampuradu_dialkampur"" lang=""ceb""><abbr expan=""alkampuradu"" type=""lemma"">-adu</abbr>, asayti <abbr expan=""alkampuradu"" type=""lemma"">-adu</abbr>, <abbr expan=""dialkampur"" type=""lemma"">di-</abbr></form>
<hom>
<sense n=""0""><trans> camphorated oil.
</trans>
</sense></hom></entry></entry>");
INSERT INTO `wced_head` (entryid, head, normalized_head, type, pos) VALUES (609, "alkampur", "alkampur", "m", "n");
INSERT INTO `wced_head` (entryid, head, normalized_head, type, pos) VALUES (609, "alkampuradu", "alkampuradu", "s", "");
INSERT INTO `wced_head` (entryid, head, normalized_head, type, pos) VALUES (609, "asayti alkampuradu", "asayti alkampuradu", "s", "");
INSERT INTO `wced_head` (entryid, head, normalized_head, type, pos) VALUES (609, "dialkampur", "dialkampur", "s", "");
INSERT INTO `wced_translation` (entryid, translation) VALUES (609, "camphor");
INSERT INTO `wced_entry` VALUES (610, "alkansi", "29", "<entry page=""29"" id=""610""><form id=""alkansi"" lang=""ceb"">alkansi</form>
<hom role=""a""><pos>a</pos>
<sense n=""0""><trans> <tr>losing</tr>, without gain or advantage. </trans>
<eg><i lang=""ceb"">Alkansi kaáyu kug singkwintay ibáyad mu,</i><trans> I lose a lot if you pay fifty. </trans></eg>
<eg><i lang=""ceb"">Alkansi aku niya sa pagkáun,</i><trans> I lose on his food. </trans></eg>
<eg><i lang=""ceb"">Alkansi aku níya sa báhin,</i><trans> I lose out the way it is divided. </trans></eg>
</sense></hom>
<hom role=""n""><pos>n</pos>
<sense n=""1""><number>1</number><trans> <tr>loss</tr>. </trans>
<eg><i lang=""ceb"">Dakù silag alkansi sa ílang nigusyu,</i><trans> They incurred a big loss in their business. </trans></eg>
</sense>
<sense n=""2""><number>2</number><trans> <tr>lacking</tr> in amount. </trans>
<eg><i lang=""ceb"">Dus mitrus alkansi sa sukud pára sa usa ka páris karsúnis,</i><trans> Two meters is not enough material for a pair of pants. </trans></eg>
<eg><i lang=""ceb"">Alkansi ning ímung gihátag sa pagpangumpra,</i><trans> You haven’t given me enough shopping money. </trans></eg>
</sense></hom>
<hom role=""v""><pos>v</pos>
<sense n=""0""> <itype>[B; c]</itype><trans> </trans>
</sense>
<sense n=""1""><number>1</number><trans> incur a loss. </trans>
<eg><i lang=""ceb"">Alkansíhan aku nímug diyútay,</i><trans> You will take a small loss on me. </trans></eg>
</sense>
<sense n=""2""><number>2</number><trans> cause to take a loss. </trans>
<eg><i lang=""ceb"">Alkansíhun aku nímug singkwinta <pb n=""30""/>ray ímung ihátag,</i><trans> You will make me take a loss if you only give me fifty pesos. </trans></eg>
</sense>
<sense n=""3""><number>3</number> <itype>[AP; a]</itype><trans> cause to get insufficient return from an investment. </trans>
<eg><i lang=""ceb"">Ug siyay ímung suluguun, mag-alkansi lang siya sa káun,</i><trans> If he is your servant, you lose out on his food. </trans></eg>
</sense></hom>
<entry><form id=""alkansi_sa_lutaw"" lang=""ceb""><abbr expan=""alkansi"" type=""lemma"">—</abbr> sa lutaw</form>
<hom role=""v""><pos>v</pos>
<sense n=""0""> <itype>[APB]</itype><trans> cause to have a small amount of freeboard, have less freeboard. </trans>
<eg><i lang=""ceb"">Ang karga mualkansi sa lutaw sa sakayan,</i><trans> The cargo lessens the amount of freeboard which the boat has.
</trans></eg>
</sense></hom></entry></entry>");
INSERT INTO `wced_head` (entryid, head, normalized_head, type, pos) VALUES (610, "alkansi", "alkansi", "m", "anv");
INSERT INTO `wced_head` (entryid, head, normalized_head, type, pos) VALUES (610, "alkansi sa lutaw", "alkansi sa lutaw", "s", "v");
INSERT INTO `wced_translation` (entryid, translation) VALUES (610, "losing");
INSERT INTO `wced_translation` (entryid, translation) VALUES (610, "loss");
INSERT INTO `wced_translation` (entryid, translation) VALUES (610, "lacking");
INSERT INTO `wced_entry` VALUES (611, "alkansiya", "30", "<entry page=""30"" id=""611""><form id=""alkansixya"" lang=""ceb"">alkansíya</form>
<hom role=""n""><pos>n</pos>
<sense n=""0""><trans> <tr>container</tr> for saving coins, piggy bank. </trans>
</sense></hom>
<hom role=""v""><pos>v</pos>
<sense n=""0""> <itype>[A; a2c]</itype><trans> make, obtain, put in a piggy bank. </trans>
<eg><i lang=""ceb"">Ialkansíya ang kwartang ímung hikit-an,</i><trans> Put the money you found into the piggy bank.
</trans></eg>
</sense></hom></entry>");
INSERT INTO `wced_head` (entryid, head, normalized_head, type, pos) VALUES (611, "alkansíya", "alkansiya", "m", "nv");
INSERT INTO `wced_translation` (entryid, translation) VALUES (611, "container");
INSERT INTO `wced_entry` VALUES (612, "alkaydi", "30", "<entry page=""30"" id=""612""><form id=""alkaydi"" lang=""ceb"">alkaydi</form>
<hom role=""n""><pos>n</pos>
<sense n=""0""><trans> = <xr lang=""ceb"" target=""#alkaldi""><sc>alkaldi</sc></xr>.
</trans>
</sense></hom></entry>");
INSERT INTO `wced_head` (entryid, head, normalized_head, type, pos) VALUES (612, "alkaydi", "alkaydi", "m", "n");
INSERT INTO `wced_entry` VALUES (613, "alkila", "30", "<entry page=""30"" id=""613""><form id=""alkila"" lang=""ceb"">alkila</form>
<hom>
<sense n=""0""><trans> = <xr lang=""ceb"" target=""#arkila""><sc>arkila</sc></xr>.
</trans>
</sense></hom></entry>");
INSERT INTO `wced_head` (entryid, head, normalized_head, type, pos) VALUES (613, "alkila", "alkila", "m", "");
INSERT INTO `wced_entry` VALUES (614, "alkitran", "30", "<entry page=""30"" id=""614""><form id=""alkitran"" lang=""ceb"">alkitran</form>
<hom role=""n""><pos>n</pos>
<sense n=""0""><trans> mixture of <tr>tar</tr> and <tr>creosote</tr> painted on wood to preserve it. </trans>
</sense></hom>
<hom role=""v""><pos>v</pos>
<sense n=""0""> <itype>[AN; a1b]</itype><trans> apply, make into tar of this sort.
</trans>
</sense></hom></entry>");
INSERT INTO `wced_head` (entryid, head, normalized_head, type, pos) VALUES (614, "alkitran", "alkitran", "m", "nv");
INSERT INTO `wced_translation` (entryid, translation) VALUES (614, "tar");
INSERT INTO `wced_translation` (entryid, translation) VALUES (614, "creosote");
INSERT INTO `wced_entry` VALUES (615, "alkuba", "30", "<entry page=""30"" id=""615""><form id=""alkuxba"" lang=""ceb"">alkúba</form>
<hom role=""n""><pos>n</pos>
<sense n=""1""><number>1</number><trans> <tr>ceiling</tr>. </trans>
<eg><i lang=""ceb"">Amákan ang alkúba sa ílang balay,</i><trans> The ceiling of their house is made of woven bamboo. </trans></eg>
</sense>
<sense n=""2""><number>2</number><trans> space between the ceiling and roof, <tr>attic</tr>. </trans>
<eg><i lang=""ceb"">Isang-at sa alkúba ang mga ginámit nga kahun,</i><trans> Put the used boxes in the attic. </trans></eg>
</sense>
<sense n=""3""><number>3</number><trans> <tr>canopy</tr> of a bed. </trans>
</sense></hom>
<hom role=""v""><pos>v</pos>
<sense n=""0""> <itype>[A; b6(1)]</itype><trans> put a ceiling.
</trans>
</sense></hom></entry>");
INSERT INTO `wced_head` (entryid, head, normalized_head, type, pos) VALUES (615, "alkúba", "alkuba", "m", "nv");
INSERT INTO `wced_translation` (entryid, translation) VALUES (615, "ceiling");
INSERT INTO `wced_translation` (entryid, translation) VALUES (615, "attic");
INSERT INTO `wced_translation` (entryid, translation) VALUES (615, "canopy");
INSERT INTO `wced_entry` VALUES (616, "alkuhiris", "30", "<entry page=""30"" id=""616""><form id=""alkuhixris"" lang=""ceb"">alkuhíris</form>
<hom role=""n""><pos>n</pos>
<sense n=""0""><trans> <tr>mosaic disease</tr> that affects abaca and bananas. </trans>
</sense></hom>
<hom role=""v""><pos>v</pos>
<sense n=""0""> <itype>[a4]</itype><trans> get mosaic disease.
</trans>
</sense></hom></entry>");
INSERT INTO `wced_head` (entryid, head, normalized_head, type, pos) VALUES (616, "alkuhíris", "alkuhiris", "m", "nv");
INSERT INTO `wced_translation` (entryid, translation) VALUES (616, "mosaic disease");
INSERT INTO `wced_entry` VALUES (617, "alkuhul", "30", "<entry page=""30"" id=""617""><form id=""alkuhul"" lang=""ceb"">alkuhul</form>
<hom role=""n""><pos>n</pos>
<sense n=""0""><trans> <tr>alcohol</tr>. </trans>
</sense></hom>
<entry><form id=""alkuhulixra"" lang=""ceb""><abbr expan=""alkuhulíra"" type=""lemma"">-íra</abbr></form>
<hom role=""n""><pos>n</pos>
<sense n=""0""><trans> <tr>alcohol container</tr> with a pouring spout.
</trans>
</sense></hom></entry></entry>");
INSERT INTO `wced_head` (entryid, head, normalized_head, type, pos) VALUES (617, "alkuhul", "alkuhul", "m", "n");
INSERT INTO `wced_head` (entryid, head, normalized_head, type, pos) VALUES (617, "alkuhulíra", "alkuhulira", "s", "n");
INSERT INTO `wced_translation` (entryid, translation) VALUES (617, "alcohol");
INSERT INTO `wced_translation` (entryid, translation) VALUES (617, "alcohol container");
INSERT INTO `wced_entry` VALUES (618, "alkumbra", "30", "<entry page=""30"" id=""618""><form id=""alkumbra"" lang=""ceb"">alkumbra</form>
<hom role=""n""><pos>n</pos>
<sense n=""1""><number>1</number><trans> <tr>rug</tr>. </trans>
</sense>
<sense n=""2""><number>2</number><trans> k.o. tall ornamental <tr>ginger plant</tr> with soft velvety leaves: <bio>Costus speciosus</bio>.
</trans>
</sense></hom></entry>");
INSERT INTO `wced_head` (entryid, head, normalized_head, type, pos) VALUES (618, "alkumbra", "alkumbra", "m", "n");
INSERT INTO `wced_translation` (entryid, translation) VALUES (618, "rug");
INSERT INTO `wced_translation` (entryid, translation) VALUES (618, "ginger plant");
INSERT INTO `wced_entry` VALUES (619, "alkuntra", "30", "<entry page=""30"" id=""619""><form id=""alkuntra"" lang=""ceb"">alkuntra</form>
<hom role=""n""><pos>n</pos>
<sense n=""0""><trans> s.t. put behind s.t. else which is to be hammered in order to absorb the blow, acting as a <tr>counterpoise</tr>. </trans>
</sense></hom>
<hom role=""v""><pos>v</pos>
<sense n=""1""><number>1</number> <itype>[a]</itype><trans> make into a counterpoise. </trans>
<eg><i lang=""ceb"">Alkuntráhig pintul dinhing pikása ug paknga ug martilyu sa píkas,</i><trans> Put a piece of wood on this side to absorb the blow and strike it with a hammer on the other side. </trans></eg>
</sense>
<sense n=""2""><number>2</number> <itype>[A; c1]</itype><trans> react in opposition to s.t. </trans>
<eg><i lang=""ceb"">Ang pagkagastadur sa asáwa gialkuntráhan (gialkuntra) sa katihik sa bána,</i><trans> The husband’s tightfistedness acted as a counterpoise (was used as a counterpoise) to the wife’s spending.
</trans></eg>
</sense></hom></entry>");
INSERT INTO `wced_head` (entryid, head, normalized_head, type, pos) VALUES (619, "alkuntra", "alkuntra", "m", "nv");
INSERT INTO `wced_translation` (entryid, translation) VALUES (619, "counterpoise");
INSERT INTO `wced_entry` VALUES (620, "almagri", "30", "<entry page=""30"" id=""620""><form id=""almagri"" lang=""ceb"">almagri</form>
<hom role=""n""><pos>n</pos>
<sense n=""0""><trans> powder put on materials to dye them red or brown prior to applying finish. </trans>
</sense></hom>
<hom role=""v""><pos>v</pos>
<sense n=""0""> <itype>[A; b6]</itype><trans> apply <ix>almagri</ix> powder. </trans>
<eg><i lang=""ceb"">Átung almagríhan ang simintu arun mapula,</i><trans> We’ll dye the cement so that it gets red.
</trans></eg>
</sense></hom></entry>");
INSERT INTO `wced_head` (entryid, head, normalized_head, type, pos) VALUES (620, "almagri", "almagri", "m", "nv");
INSERT INTO `wced_entry` VALUES (621, "almamatir", "30", "<entry page=""30"" id=""621""><form id=""almamaxtir"" lang=""ceb"">almamátir</form>
<hom role=""n""><pos>n</pos>
<sense n=""0""><trans> <tr>Alma Mater</tr>.
</trans>
</sense></hom></entry>");
INSERT INTO `wced_head` (entryid, head, normalized_head, type, pos) VALUES (621, "almamátir", "almamatir", "m", "n");
INSERT INTO `wced_translation` (entryid, translation) VALUES (621, "Alma Mater");
INSERT INTO `wced_entry` VALUES (622, "almanaki", "30", "<entry page=""30"" id=""622""><form id=""almanaxki"" lang=""ceb"">almanáki</form>
<hom role=""n""><pos>n</pos>
<sense n=""0""><trans> <tr>almanac</tr>. </trans>
</sense></hom>
<hom role=""v""><pos>v</pos>
<sense n=""1""><number>1</number> <itype>[a12]</itype><trans> do by means of an almanac. </trans>
<eg><i lang=""ceb"">Ug lisdan kag hunàhúnag ngálan, almanakíhun na lang nátù,</i><trans> If you have a hard time thinking of a name, let’s find one in the almanac. </trans></eg>
</sense>
<sense n=""2""><number>2</number> <itype>[A12]</itype><trans> obtain an almanac.
</trans>
</sense></hom></entry>");
INSERT INTO `wced_head` (entryid, head, normalized_head, type, pos) VALUES (622, "almanáki", "almanaki", "m", "nv");
INSERT INTO `wced_translation` (entryid, translation) VALUES (622, "almanac");
INSERT INTO `wced_entry` VALUES (623, "almasiga", "30", "<entry page=""30"" id=""623""><form id=""almasixga"" lang=""ceb"">almasíga</form>
<hom role=""n""><pos>n</pos>
<sense n=""0""><trans> <tr>almaciga</tr>, a large forest tree producing lumber, <ix>balaw,</ix> and the dammar resin important in trade since prehistoric times: <bio>Agathis philippinensis</bio>. </trans>
</sense></hom>
<hom role=""v""><pos>v</pos>
<sense n=""0""> <itype>[A; a12]</itype><trans> make s.t. of almaciga wood.
</trans>
</sense></hom></entry>");
INSERT INTO `wced_head` (entryid, head, normalized_head, type, pos) VALUES (623, "almasíga", "almasiga", "m", "nv");
INSERT INTO `wced_translation` (entryid, translation) VALUES (623, "almaciga");
INSERT INTO `wced_entry` VALUES (624, "almasin", "30", "<entry page=""30"" id=""624""><form id=""almasin"" lang=""ceb"">almasin</form>
<hom role=""n""><pos>n</pos>
<sense n=""1""><number>1</number><trans> dry goods <tr>store</tr>. </trans>
<eg><i lang=""ceb"">Sapían siya kay dakug almasin,</i><trans> He is rich because he has a big store. </trans></eg>
</sense>
<sense n=""2""><number>2</number><trans> a k.o. thick cloth with large prints, not locally woven, formerly sold in stores. </trans>
<eg><i lang=""ceb"">Ang panaptung almasin naúsu sa mga mil nuybi sintus bayinti,</i><trans> The <ix>almasin</ix> cloth was widely used in the twenties.
</trans></eg>
</sense></hom></entry>");
INSERT INTO `wced_head` (entryid, head, normalized_head, type, pos) VALUES (624, "almasin", "almasin", "m", "n");
INSERT INTO `wced_translation` (entryid, translation) VALUES (624, "store");
INSERT INTO `wced_entry` VALUES (625, "almindras", "30", "<entry page=""30"" id=""625""><form id=""almindras"" lang=""ceb"">almindras</form>
<hom role=""n""><pos>n</pos>
<sense n=""0""><trans> <tr>almonds</tr>.
</trans>
</sense></hom></entry>");
INSERT INTO `wced_head` (entryid, head, normalized_head, type, pos) VALUES (625, "almindras", "almindras", "m", "n");
INSERT INTO `wced_translation` (entryid, translation) VALUES (625, "almonds");
INSERT INTO `wced_entry` VALUES (626, "almiranti", "30", "<entry page=""30"" id=""626""><form id=""almiranti"" lang=""ceb"">almiranti</form>
<hom role=""n""><pos>n</pos>
<sense n=""0""><trans> <tr>admiral</tr>. </trans>
</sense></hom>
<hom role=""v""><pos>v</pos>
<sense n=""0""> <itype>[B156; a12]</itype><trans> be an admiral.
</trans>
</sense></hom></entry>");
INSERT INTO `wced_head` (entryid, head, normalized_head, type, pos) VALUES (626, "almiranti", "almiranti", "m", "nv");
INSERT INTO `wced_translation` (entryid, translation) VALUES (626, "admiral");
INSERT INTO `wced_entry` VALUES (627, "almiris", "30", "<entry page=""30"" id=""627""><form id=""almiris"" lang=""ceb"">almiris</form>
<hom role=""n""><pos>n</pos>
<sense n=""0""><trans> a small <tr>mortar</tr> used in cooking or pharmaceutical work. </trans>
</sense></hom>
<hom role=""v""><pos>v</pos>
<sense n=""0""> <itype>[a12]</itype><trans> make into a small mortar.
</trans>
</sense></hom></entry>");
INSERT INTO `wced_head` (entryid, head, normalized_head, type, pos) VALUES (627, "almiris", "almiris", "m", "nv");
INSERT INTO `wced_translation` (entryid, translation) VALUES (627, "mortar");
INSERT INTO `wced_entry` VALUES (628, "almirul", "30", "<entry page=""30"" id=""628""><form id=""almirul"" lang=""ceb"">almirul</form>
<hom role=""n""><pos>n</pos>
<sense n=""0""><trans> prepared <tr>starch</tr> used for clothing. </trans>
</sense></hom>
<hom role=""v""><pos>v</pos>
<sense n=""1""><number>1</number> <itype>[AN; b]</itype><trans> starch clothes. </trans>
<eg><i lang=""ceb"">Ímu na bang gialmirulan ang karsúnis?</i><trans> Have you starched the pants yet? </trans></eg>
</sense>
<sense n=""2""><number>2</number> <itype>[a12]</itype><trans> make into starch.
</trans>
</sense></hom></entry>");
INSERT INTO `wced_head` (entryid, head, normalized_head, type, pos) VALUES (628, "almirul", "almirul", "m", "nv");
INSERT INTO `wced_translation` (entryid, translation) VALUES (628, "starch");
INSERT INTO `wced_entry` VALUES (629, "almismutyimpu", "30", "<entry page=""30"" id=""629""><form id=""almismutyimpu"" lang=""ceb"">almismutyimpu</form>
<hom>
<sense n=""0""><trans> occupying a certain position concurrently. </trans>
<eg><i lang=""ceb"">Prisidinti siya, almismutyimpu tisuríru,</i><trans> He’s president and at the same time treasurer.
</trans></eg>
</sense></hom></entry>");
INSERT INTO `wced_head` (entryid, head, normalized_head, type, pos) VALUES (629, "almismutyimpu", "almismutyimpu", "m", "");
INSERT INTO `wced_entry` VALUES (630, "almuhada", "30", "<entry page=""30"" id=""630""><form id=""almuhaxda"" lang=""ceb"">almuháda</form>
<hom role=""n""><pos>n</pos>
<sense n=""0""><trans> <tr>uterus</tr> of female animals.
</trans>
</sense></hom></entry>");
INSERT INTO `wced_head` (entryid, head, normalized_head, type, pos) VALUES (630, "almuháda", "almuhada", "m", "n");
INSERT INTO `wced_translation` (entryid, translation) VALUES (630, "uterus");
INSERT INTO `wced_entry` VALUES (631, "almuhadun", "30", "<entry page=""30"" id=""631""><form id=""almuhadun"" lang=""ceb"">almuhadun</form>
<hom role=""n""><pos>n</pos>
<sense n=""0""><trans> <tr>cushion</tr>. </trans>
</sense></hom>
<hom role=""v""><pos>v</pos>
<sense n=""0""> <itype>[a]</itype><trans> make into a cushion.
</trans>
</sense></hom></entry>");
INSERT INTO `wced_head` (entryid, head, normalized_head, type, pos) VALUES (631, "almuhadun", "almuhadun", "m", "nv");
INSERT INTO `wced_translation` (entryid, translation) VALUES (631, "cushion");
INSERT INTO `wced_entry` VALUES (632, "almundigas", "30", "<entry page=""30"" id=""632""><form id=""almundigas"" lang=""ceb"">almundigas</form>
<hom role=""n""><pos>n</pos>
<sense n=""0""><trans> dish consisting of meat balls with plain sauce. </trans>
</sense></hom>
<hom role=""v""><pos>v</pos>
<sense n=""0""> <itype>[A1; c1]</itype><trans> make this dish.
</trans>
</sense></hom></entry>");
INSERT INTO `wced_head` (entryid, head, normalized_head, type, pos) VALUES (632, "almundigas", "almundigas", "m", "nv");
INSERT INTO `wced_entry` VALUES (633, "almunida", "30", "<entry page=""30"" id=""633""><form id=""almunixda"" lang=""ceb"">almunída</form>
<hom role=""n""><pos>n</pos>
<sense n=""0""><trans> <tr>bargain</tr> sale. </trans>
</sense></hom>
<hom role=""v""><pos>v</pos>
<sense n=""0""> <itype>[A; c]</itype><trans> sell at a cheap price. </trans>
<eg><i lang=""ceb"">Gialmunidáhan aku ug balay,</i><trans> I was offered a house for sale at a low price.
</trans></eg>
</sense></hom></entry>");
INSERT INTO `wced_head` (entryid, head, normalized_head, type, pos) VALUES (633, "almunída", "almunida", "m", "nv");
INSERT INTO `wced_translation` (entryid, translation) VALUES (633, "bargain");
INSERT INTO `wced_entry` VALUES (634, "almuranas", "30", "<entry page=""30"" id=""634""><form id=""almuraxnas"" lang=""ceb"">almuránas</form>
<hom role=""n""><pos>n</pos>
<sense n=""0""><trans> <tr>hemorrhoids</tr>. </trans>
</sense></hom>
<hom role=""v""><pos>v</pos>
<sense n=""0""> <itype>[a4]</itype><trans> be afflicted with hemorrhoids. </trans>
<eg><i lang=""ceb"">Kanà kunung hingaug síli lagmit almuranásun,</i><trans> They say people who eat hot peppers tend to get hemorrhoids.
</trans></eg>
</sense></hom></entry>");
INSERT INTO `wced_head` (entryid, head, normalized_head, type, pos) VALUES (634, "almuránas", "almuranas", "m", "nv");
INSERT INTO `wced_translation` (entryid, translation) VALUES (634, "hemorrhoids");
INSERT INTO `wced_entry` VALUES (635, "alpa", "30", "<entry page=""30"" id=""635""><form id=""alpa"" lang=""ceb"">alpa</form>
<hom role=""n""><pos>n</pos>
<sense n=""0""><trans> <tr>harp</tr>. </trans>
</sense></hom>
<hom role=""v""><pos>v</pos>
<sense n=""0""> <itype>[A1; a12]</itype><trans> make a harp. </trans>
</sense></hom>
<entry><form id=""pangalpa"" lang=""ceb""><abbr expan=""pangalpa"" type=""lemma"">paN-</abbr></form>
<hom>
<sense n=""0""> <itype>[A; b6]</itype><trans> play the harp.
</trans>
</sense></hom></entry></entry>");
INSERT INTO `wced_head` (entryid, head, normalized_head, type, pos) VALUES (635, "alpa", "alpa", "m", "nv");
INSERT INTO `wced_head` (entryid, head, normalized_head, type, pos) VALUES (635, "pangalpa", "pangalpa", "s", "");
INSERT INTO `wced_translation` (entryid, translation) VALUES (635, "harp");
INSERT INTO `wced_entry` VALUES (636, "alpabitayis", "30", "<entry page=""30"" id=""636""><form id=""alpabitayis"" lang=""ceb"">alpabitayis</form>
<hom role=""v""><pos>v</pos>
<sense n=""0""> <itype>[A; a12]</itype><trans> <tr>alphabetize</tr>. </trans>
<eg><i lang=""ceb"">Alpabitayisa kunu ring lista sa mga ngálan,</i><trans> Please alphabetize this list.
</trans></eg>
</sense></hom></entry>");
INSERT INTO `wced_head` (entryid, head, normalized_head, type, pos) VALUES (636, "alpabitayis", "alpabitayis", "m", "v");
INSERT INTO `wced_translation` (entryid, translation) VALUES (636, "alphabetize");
INSERT INTO `wced_entry` VALUES (637, "alpaka", "30", "<entry page=""30"" id=""637""><form id=""alpaxka"" lang=""ceb"">alpáka</form>
<hom role=""n""><pos>n</pos>
<sense n=""0""><trans> <tr>alpaca</tr> cloth.
</trans>
</sense></hom></entry>");
INSERT INTO `wced_head` (entryid, head, normalized_head, type, pos) VALUES (637, "alpáka", "alpaka", "m", "n");
INSERT INTO `wced_translation` (entryid, translation) VALUES (637, "alpaca");
INSERT INTO `wced_entry` VALUES (638, "alpalpa", "30", "<entry page=""30"" id=""638""><form id=""alpalpa"" lang=""ceb"">alpalpa</form>
<hom role=""n""><pos>n</pos>
<sense n=""0""><trans> <tr>alfalfa</tr>. </trans>
</sense></hom>
<entry><form id=""alpalpahan"" lang=""ceb"">alpalpahan</form>
<hom role=""n""><pos>n</pos>
<sense n=""0""><trans> alfalfa field.
</trans>
</sense></hom></entry></entry>");
INSERT INTO `wced_head` (entryid, head, normalized_head, type, pos) VALUES (638, "alpalpa", "alpalpa", "m", "n");
INSERT INTO `wced_head` (entryid, head, normalized_head, type, pos) VALUES (638, "alpalpahan", "alpalpahan", "s", "n");
INSERT INTO `wced_translation` (entryid, translation) VALUES (638, "alfalfa");
INSERT INTO `wced_entry` VALUES (639, "alpilir", "30", "<entry page=""30"" id=""639""><form id=""alpilir"" lang=""ceb"">alpilir</form>
<hom role=""n""><pos>n</pos>
<sense n=""0""><trans> <tr>safety pin</tr>. </trans>
</sense></hom>
<hom role=""v""><pos>v</pos>
<sense n=""0""> <itype>[A; b6]</itype><trans> put a safety pin in s.t. </trans>
<eg><i lang=""ceb"">Ímu lang alpiliran ang karsúnis kay wà nay butúnis,</i><trans> Just put a safety pin in the trousers because they have no buttons. </trans></eg>
</sense></hom>
<entry><form id=""pangalpilir"" lang=""ceb""><abbr expan=""pangalpilir"" type=""lemma"">paN-</abbr></form>
<hom role=""v""><pos>v</pos>
<sense n=""0""> <itype>[A]</itype><trans> pin oneself up with a safety pin. </trans>
<eg><i lang=""ceb"">Mangalpilir ku arun dì mahushus ang ákung sáya,</i><trans> I’ll use a safety pin so my skirt won’t slip down. </trans></eg>
</sense></hom></entry>
<entry><form id=""alpilir_dinaxgum"" lang=""ceb""><abbr expan=""alpilir"" type=""lemma"">—</abbr> dinágum</form>
<hom>
<sense n=""0""><trans> = <xr lang=""ceb"" target=""#dinaxgum""><sc>dinágum</sc></xr>. <ix>see</ix> <xr lang=""ceb"" target=""#daxgum""><sc>dágum</sc></xr>.
</trans>
</sense></hom></entry></entry>");
INSERT INTO `wced_head` (entryid, head, normalized_head, type, pos) VALUES (639, "alpilir", "alpilir", "m", "nv");
INSERT INTO `wced_head` (entryid, head, normalized_head, type, pos) VALUES (639, "pangalpilir", "pangalpilir", "s", "v");
INSERT INTO `wced_head` (entryid, head, normalized_head, type, pos) VALUES (639, "alpilir dinágum", "alpilir dinagum", "s", "");
INSERT INTO `wced_translation` (entryid, translation) VALUES (639, "safety pin");
INSERT INTO `wced_entry` VALUES (640, "alpiril, alpirin", "30", "<entry page=""30"" id=""640""><form id=""alpiril_alpirin"" lang=""ceb"">alpiril, alpirin</form>
<hom>
<sense n=""0""><trans> = <xr lang=""ceb"" target=""#alpilir""><sc>alpilir</sc></xr>.
</trans>
</sense></hom></entry>");
INSERT INTO `wced_head` (entryid, head, normalized_head, type, pos) VALUES (640, "alpiril", "alpiril", "s", "");
INSERT INTO `wced_head` (entryid, head, normalized_head, type, pos) VALUES (640, "alpirin", "alpirin", "s", "");
INSERT INTO `wced_entry` VALUES (641, "alpirisiya", "30", "<entry page=""30"" id=""641""><form id=""alpirisixya"" lang=""ceb"">alpirisíya</form>
<hom role=""n""><pos>n</pos>
<sense n=""0""><trans> k.o. children’s disease.
<pb n=""31""/>
</trans>
</sense></hom></entry>");
INSERT INTO `wced_head` (entryid, head, normalized_head, type, pos) VALUES (641, "alpirisíya", "alpirisiya", "m", "n");
INSERT INTO `wced_entry` VALUES (642, "alpumbra", "31", "<entry page=""31"" id=""642""><form id=""alpumbra"" lang=""ceb"">alpumbra</form>
<hom role=""n""><pos>n</pos>
<sense n=""0""><trans> <tr>rug</tr>, <tr>carpet</tr>. </trans>
</sense></hom>
<hom role=""v""><pos>v</pos>
<sense n=""0""> <itype>[b6]</itype><trans> put or spread a carpet on.
</trans>
</sense></hom></entry>");
INSERT INTO `wced_head` (entryid, head, normalized_head, type, pos) VALUES (642, "alpumbra", "alpumbra", "m", "nv");
INSERT INTO `wced_translation` (entryid, translation) VALUES (642, "rug");
INSERT INTO `wced_translation` (entryid, translation) VALUES (642, "carpet");
INSERT INTO `wced_entry` VALUES (643, "alpunsinu", "31", "<entry page=""31"" id=""643""><form id=""alpunsixnu"" lang=""ceb"">alpunsínu</form>
<hom role=""n""><pos>n</pos>
<sense n=""0""><trans> style of haircut where the hair is short at the side, but enough is left on the top to part in the middle (the style worn by King Alfonso of Spain). </trans>
</sense></hom>
<hom role=""v""><pos>v</pos>
<sense n=""0""> <itype>[a12]</itype><trans> cut the hair in the <ix><corr sic=""alpunsinu"">alpunsínu</corr></ix> style.
</trans>
</sense></hom></entry>");
INSERT INTO `wced_head` (entryid, head, normalized_head, type, pos) VALUES (643, "alpunsínu", "alpunsinu", "m", "nv");
INSERT INTO `wced_entry` VALUES (644, "alput", "31", "<entry page=""31"" id=""644""><form id=""alput"" lang=""ceb"">alput</form>
<hom role=""n""><pos>n</pos>
<sense n=""0""><trans> <tr>prostitute</tr> (euphemism for <ix>púta</ix>). </trans>
</sense></hom>
<hom role=""v""><pos>v</pos>
<sense n=""0""> <itype>[B16; a12]</itype><trans> become, make into a prostitute.
</trans>
</sense></hom></entry>");
INSERT INTO `wced_head` (entryid, head, normalized_head, type, pos) VALUES (644, "alput", "alput", "m", "nv");
INSERT INTO `wced_translation` (entryid, translation) VALUES (644, "prostitute");
INSERT INTO `wced_entry` VALUES (645, "alsa", "31", "<entry page=""31"" id=""645""><form id=""alsa"" lang=""ceb"">alsa</form>
<hom role=""v""><pos>v</pos>
<sense n=""1""><number>1</number> <itype>[A; a12]</itype><trans> <tr>lift</tr> s.t. from underneath. </trans>
<eg><i lang=""ceb"">Alsáhun nátù ning lamísa,</i><trans> Let’s lift the table. </trans></eg>
</sense>
<sense n=""2""><number>2</number> <itype>[A2]</itype><trans> <tr>rise</tr> in rebellion. </trans>
<eg><i lang=""ceb"">Mialsa ang mga Pilipínu bátuk sa Katsílà,</i><trans> The Filipinos rose against the Spaniards. </trans></eg>
</sense>
<sense n=""3""><number>3</number> <itype>[A]</itype><trans> for dough to rise in baking. </trans>
<eg><i lang=""ceb"">Ug mualsa na gánì ang minása,</i><trans> When the dough rises. </trans></eg>
</sense>
<sense n=""4""><number>4</number> <itype>[A6; b4]</itype><trans> <form id=""alsa_ang_kabuxhiq"" lang=""ceb""><abbr expan=""alsa"" type=""lemma"">—</abbr> ang kabúhì</form> for the <ix>kabúhì</ix> to rise out of its place from fright. </trans>
<eg><i lang=""ceb"">Gialsáhan ku sa kabúhì sa pagbutu,</i><trans> I had a severe case of fright when it exploded. </trans></eg>
</sense></hom>
<hom role=""n""><pos>n</pos>
<sense n=""1""><number>1</number><trans> action of having lifted. </trans>
<eg><i lang=""ceb"">Tulu ka alsa, kutasan na ku,</i><trans> If I do three lifts, I’m out of breath. </trans></eg>
</sense>
<sense n=""2""><number>2</number><trans> <tr>load</tr> that can be carried in a trip. </trans>
<eg><i lang=""ceb"">Pila ka alsa úsà matiwas ug hákut?</i><trans> How many loads till it’s all delivered? </trans></eg>
</sense></hom>
<entry><form id=""alsa_butang"" lang=""ceb""><abbr expan=""alsa"" type=""lemma"">—</abbr> butang</form>
<hom role=""v""><pos>v</pos>
<sense n=""0""> <itype>[B1456; c6]</itype><trans> for various medicines to be applied in succession without waiting for results. </trans>
</sense></hom></entry>
<entry><form id=""inalsa"" lang=""ceb""><abbr expan=""inalsa"" type=""lemma"">-in-</abbr></form>
<hom role=""n""><pos>n</pos>
<sense n=""0""><trans> k.o. haircut where the top of the head has hair and the sides cropped short. </trans>
</sense></hom></entry>
<entry><form id=""alsaxdu_--_ug_kabuxhiq"" lang=""ceb""><abbr expan=""alsádu"" type=""lemma"">-du</abbr> — ug kabúhì</form>
<hom role=""a""><pos>a</pos>
<sense n=""0""><trans> easily frightened. </trans>
<eg><i lang=""ceb"">Alsádu ra pud nímug kabúhì, kasíkas ra tu sa dáhun,</i><trans> How jittery you are. It was only the rustling of leaves. </trans></eg>
</sense></hom>
<hom role=""v""><pos>v</pos>
<sense n=""0""> <itype>[B12]</itype><trans> get to be easily frightened. </trans>
<eg><i lang=""ceb"">Naalsádu ang ákung kabúhì sukad ku makatunub ug bitin,</i><trans> Ever since I stepped on a snake, I have been jittery. </trans></eg>
</sense></hom></entry>
<entry><form id=""alsa_ug_kamut"" lang=""ceb""><abbr expan=""alsa"" type=""lemma"">—</abbr> ug kamut</form>
<hom>
<sense n=""0""><trans> quick to lift the hand in anger. </trans>
</sense></hom>
<hom role=""v""><pos>v</pos>
<sense n=""0""> <itype>[B12]</itype><trans> be quick to lift the hand in anger. </trans>
</sense></hom></entry>
<entry><form id=""alsamyintu"" lang=""ceb""><abbr expan=""alsamyintu"" type=""lemma"">-myintu</abbr></form>
<hom role=""n""><pos>n</pos>
<sense n=""0""><trans> <tr>uprising</tr>, <tr>revolt</tr>. </trans>
<eg><i lang=""ceb"">Ang alsamyintu bátuk sa Katsílà,</i><trans> The uprising against the Spaniards. </trans></eg>
</sense></hom>
<hom role=""v""><pos>v</pos>
<sense n=""0""> <itype>[A; a12]</itype><trans> <tr>rise up</tr>. </trans>
<eg><i lang=""ceb"">Dílì ni madala ug kumpirinsiya, alsamyintúhun lang nátù ni,</i><trans> A conference is no good. We’ll have to revolt in this case.
</trans></eg>
</sense></hom></entry></entry>");
INSERT INTO `wced_head` (entryid, head, normalized_head, type, pos) VALUES (645, "alsa", "alsa", "m", "vn");
INSERT INTO `wced_head` (entryid, head, normalized_head, type, pos) VALUES (645, "alsa ang kabúhì", "alsa ang kabuhi", "s", "");
INSERT INTO `wced_head` (entryid, head, normalized_head, type, pos) VALUES (645, "alsa butang", "alsa butang", "s", "v");
INSERT INTO `wced_head` (entryid, head, normalized_head, type, pos) VALUES (645, "inalsa", "inalsa", "s", "n");
INSERT INTO `wced_head` (entryid, head, normalized_head, type, pos) VALUES (645, "alsádu — ug kabúhì", "alsadu — ug kabuhi", "s", "av");
INSERT INTO `wced_head` (entryid, head, normalized_head, type, pos) VALUES (645, "alsa ug kamut", "alsa ug kamut", "s", "v");
INSERT INTO `wced_head` (entryid, head, normalized_head, type, pos) VALUES (645, "alsamyintu", "alsamyintu", "s", "nv");
INSERT INTO `wced_translation` (entryid, translation) VALUES (645, "lift");
INSERT INTO `wced_translation` (entryid, translation) VALUES (645, "rise");
INSERT INTO `wced_translation` (entryid, translation) VALUES (645, "load");
INSERT INTO `wced_translation` (entryid, translation) VALUES (645, "uprising");
INSERT INTO `wced_translation` (entryid, translation) VALUES (645, "revolt");
INSERT INTO `wced_translation` (entryid, translation) VALUES (645, "rise up");
INSERT INTO `wced_entry` VALUES (646, "*alta", "31", "<entry page=""31"" id=""646""><form id=""xxalta"" lang=""ceb"">*alta</form>
<entry><form id=""alta_prisyun"" lang=""ceb""><abbr expan=""alta"" type=""lemma"">—</abbr> prisyun</form>
<hom role=""n""><pos>n</pos>
<sense n=""0""><trans> high blood pressure. </trans>
</sense></hom>
<hom role=""v""><pos>v</pos>
<sense n=""0""> <itype>[B12; a4]</itype><trans> have high blood pressure. </trans>
<eg><i lang=""ceb"">Ayawg hingárig káug tambuk kay alta prisyunun (maalta prisyun) ka,</i><trans> Don’t keep eating fat because you will get (might get) high blood pressure. </trans></eg>
</sense></hom></entry>
<entry><form id=""alta_susyidad"" lang=""ceb""><abbr expan=""alta"" type=""lemma"">—</abbr> susyidad</form>
<hom>
<sense n=""0""><trans> high society. </trans>
</sense></hom></entry>
<entry><form id=""dialta"" lang=""ceb""><abbr expan=""dialta"" type=""lemma"">di-</abbr></form>
<hom role=""n""><pos>n</pos>
<sense n=""0""><trans> <tr>dignitaries</tr>. </trans>
<eg><i lang=""ceb"">Ang prisidinti gitagbù sa mga dialta,</i><trans> The president was met by the dignitaries. </trans></eg>
</sense></hom>
<hom role=""a""><pos>a</pos>
<sense n=""0""><trans> suitable for high society. </trans>
</sense></hom></entry>
<entry><form id=""dialta_mar"" lang=""ceb""><abbr expan=""dialta"" type=""lemma"">di-</abbr> mar</form>
<hom role=""a""><pos>a</pos>
<sense n=""0""><trans> <tr>high-class</tr>, <tr>luxurious</tr>.
</trans>
</sense></hom></entry></entry>");
INSERT INTO `wced_head` (entryid, head, normalized_head, type, pos) VALUES (646, "alta", "alta", "s", "");
INSERT INTO `wced_head` (entryid, head, normalized_head, type, pos) VALUES (646, "alta prisyun", "alta prisyun", "s", "nv");
INSERT INTO `wced_head` (entryid, head, normalized_head, type, pos) VALUES (646, "alta susyidad", "alta susyidad", "s", "");
INSERT INTO `wced_head` (entryid, head, normalized_head, type, pos) VALUES (646, "dialta", "dialta", "s", "na");
INSERT INTO `wced_head` (entryid, head, normalized_head, type, pos) VALUES (646, "dialta mar", "dialta mar", "s", "a");
INSERT INTO `wced_translation` (entryid, translation) VALUES (646, "dignitaries");
INSERT INTO `wced_translation` (entryid, translation) VALUES (646, "high-class");
INSERT INTO `wced_translation` (entryid, translation) VALUES (646, "luxurious");
INSERT INTO `wced_entry` VALUES (647, "altar", "31", "<entry page=""31"" id=""647""><form id=""altar"" lang=""ceb"">altar</form>
<hom role=""n""><pos>n</pos>
<sense n=""0""><trans> <tr>altar</tr>.
</trans>
</sense></hom></entry>");
INSERT INTO `wced_head` (entryid, head, normalized_head, type, pos) VALUES (647, "altar", "altar", "m", "n");
INSERT INTO `wced_translation` (entryid, translation) VALUES (647, "altar");
INSERT INTO `wced_entry` VALUES (648, "altu1", "31", "<entry page=""31"" id=""648""><form id=""altu"" lang=""ceb"">altu<sub>1</sub></form>
<hom role=""v""><pos>v</pos>
<sense n=""0""> <itype>[A3P; b(1)]</itype><trans> <tr>halt</tr>. </trans>
<eg><i lang=""ceb"">Mialtu siya pagkabatì sa mandar,</i><trans> He halted on hearing the command. </trans></eg>
<eg><i lang=""ceb"">Gialtúhan úsag kadiyut ang trabáhu karun sa mína,</i><trans> The work in the mine has come to a stop for the moment.
</trans></eg>
</sense></hom></entry>");
INSERT INTO `wced_head` (entryid, head, normalized_head, type, pos) VALUES (648, "altu", "altu", "s", "v");
INSERT INTO `wced_translation` (entryid, translation) VALUES (648, "halt");
INSERT INTO `wced_entry` VALUES (649, "altu2", "31", "<entry page=""31"" id=""649""><form id=""altu2"" lang=""ceb"">altu<sub>2</sub></form>
<hom role=""n""><pos>n</pos>
<sense n=""0""><trans> <tr>alto</tr> voice, part, or instrument. </trans>
</sense></hom>
<hom role=""v""><pos>v</pos>
<sense n=""0""> <itype>[A; b6]</itype><trans> play or sing the alto part. </trans>
<eg><i lang=""ceb"">Altúhi ang átung áwit,</i><trans> You sing the alto to our song.
</trans></eg>
</sense></hom></entry>");
INSERT INTO `wced_head` (entryid, head, normalized_head, type, pos) VALUES (649, "altu", "altu", "s", "nv");
INSERT INTO `wced_translation` (entryid, translation) VALUES (649, "alto");
INSERT INTO `wced_entry` VALUES (650, "*alu", "31", "<entry page=""31"" id=""650""><form id=""xxalu"" lang=""ceb"">*alu</form>
<hom>
<sense n=""0""><trans> (not without <ix>l</ix>) </trans>
</sense></hom>
<entry><form id=""aluaxlu"" lang=""ceb"">aluálu</form>
<hom role=""v""><pos>v</pos>
<sense n=""0""> <itype>[A; a12]</itype><trans> <tr>tease</tr>. </trans>
<eg><i lang=""ceb"">Ug mag-aluálu kas irù, paakan ka,</i><trans> If you tease the dog, you will get bitten. </trans></eg>
<eg><i lang=""ceb"">Ayaw alualúha ang bungì,</i><trans> Don’t tease the harelip. </trans></eg>
</sense></hom>
<hom role=""n""><pos>n</pos>
<sense n=""0""><trans> act of <tr>teasing</tr>. </trans>
</sense></hom></entry>
<entry><form id=""alualuhan"" lang=""ceb"">alualuhan</form>
<hom role=""a""><pos>a</pos>
<sense n=""0""><trans> fond of teasing. </trans>
</sense></hom>
<hom role=""v""><pos>v</pos>
<sense n=""0""> <itype>[B12]</itype><trans> get to be fond of teasing. </trans>
</sense></hom></entry>
<entry><form id=""maalualuhun"" lang=""ceb"">maalualuhun</form>
<hom role=""a""><pos>a</pos>
<sense n=""0""><trans> of a teasing nature. </trans>
</sense></hom></entry>
<entry><form id=""aluhaxnay"" lang=""ceb"">aluhánay</form>
<hom role=""n""><pos>n</pos>
<sense n=""0""><trans> game of tag where everybody chases everybody else. </trans>
</sense></hom>
<hom role=""v""><pos>v</pos>
<sense n=""0""> <itype>[C; c3]</itype><trans> <tr>play tag</tr>.
</trans>
</sense></hom></entry></entry>");
INSERT INTO `wced_head` (entryid, head, normalized_head, type, pos) VALUES (650, "alu", "alu", "s", "");
INSERT INTO `wced_head` (entryid, head, normalized_head, type, pos) VALUES (650, "aluálu", "alualu", "s", "vn");
INSERT INTO `wced_head` (entryid, head, normalized_head, type, pos) VALUES (650, "alualuhan", "alualuhan", "s", "av");
INSERT INTO `wced_head` (entryid, head, normalized_head, type, pos) VALUES (650, "maalualuhun", "maalualuhun", "s", "a");
INSERT INTO `wced_head` (entryid, head, normalized_head, type, pos) VALUES (650, "aluhánay", "aluhanay", "s", "nv");
INSERT INTO `wced_translation` (entryid, translation) VALUES (650, "tease");
INSERT INTO `wced_translation` (entryid, translation) VALUES (650, "teasing");
INSERT INTO `wced_translation` (entryid, translation) VALUES (650, "play tag");
INSERT INTO `wced_entry` VALUES (651, "alu", "31", "<entry page=""31"" id=""651""><form id=""axluq"" lang=""ceb"">álù</form>
<hom role=""n""><pos>n</pos>
<sense n=""0""><trans> <tr>channel</tr> in tidal flats.
</trans>
</sense></hom></entry>");
INSERT INTO `wced_head` (entryid, head, normalized_head, type, pos) VALUES (651, "álù", "alu", "m", "n");
INSERT INTO `wced_translation` (entryid, translation) VALUES (651, "channel");
INSERT INTO `wced_entry` VALUES (652, "alubihid", "31", "<entry page=""31"" id=""652""><form id=""alubixhid"" lang=""ceb"">alubíhid</form>
<hom>
<sense n=""0""><trans> = <xr lang=""ceb"" target=""#alabixhid""><sc>alabíhid</sc></xr>.
</trans>
</sense></hom></entry>");
INSERT INTO `wced_head` (entryid, head, normalized_head, type, pos) VALUES (652, "alubíhid", "alubihid", "m", "");
INSERT INTO `wced_entry` VALUES (653, "alud-ud", "31", "<entry page=""31"" id=""653""><form id=""alud-ud"" lang=""ceb"">alud-ud</form>
<hom role=""n""><pos>n</pos>
<sense n=""1""><number>1</number><trans> s.t. which has the chewing quality of soft bones: the tender part of a stem, the husk of young coconuts near the bud, bone <tr>cartilage</tr>. </trans>
<eg><i lang=""ceb"">Nahíwì ang íyang ilung kay napislat ang alud-ud,</i><trans> His nose got crooked because the cartilage was squashed. </trans></eg>
</sense>
<sense n=""2""><number>2</number><trans> top half of the coconut bud which is soft and edible with a somewhat bitter taste. </trans>
</sense></hom>
<entry><form id=""alud-uxdun"" lang=""ceb""><abbr expan=""alud-údun"" type=""lemma"">-un</abbr></form>
<hom role=""a""><pos>a</pos>
<sense n=""0""><trans> having the quality of <ix>alud-ud.</ix>
</trans>
</sense></hom></entry></entry>");
INSERT INTO `wced_head` (entryid, head, normalized_head, type, pos) VALUES (653, "alud-ud", "alud-ud", "m", "n");
INSERT INTO `wced_head` (entryid, head, normalized_head, type, pos) VALUES (653, "alud-údun", "alud-udun", "s", "a");
INSERT INTO `wced_translation` (entryid, translation) VALUES (653, "cartilage");
INSERT INTO `wced_entry` VALUES (654, "alug", "31", "<entry page=""31"" id=""654""><form id=""alug"" lang=""ceb"">alug</form>
<hom role=""v""><pos>v</pos>
<sense n=""0""> <itype>[A; a]</itype><trans> go down to get water. </trans>
<eg><i lang=""ceb"">Mag-alug ang <corr sic=""taga búkid"">tagabúkid</corr> ug túbig,</i><trans> The mountaineers will be going down to get water.
</trans></eg>
</sense></hom></entry>");
INSERT INTO `wced_head` (entryid, head, normalized_head, type, pos) VALUES (654, "alug", "alug", "m", "v");
INSERT INTO `wced_entry` VALUES (655, "alugbati", "31", "<entry page=""31"" id=""655""><form id=""alugbaxti"" lang=""ceb"">alugbáti</form>
<hom role=""n""><pos>n</pos>
<sense n=""0""><trans> k.o. vine, the leaves of which are widely used as a vegetable. Wild and cultivated, it has cordate leaves which come in green and purple-tinged varieties, slightly mucilagenous when cooked: <bio>Basilla rubra</bio>. </trans>
</sense></hom>
<hom role=""v""><pos>v</pos>
<sense n=""0""> <itype>[A1; b6]</itype><trans> cook <ix>alugbáti.</ix>
</trans>
</sense></hom></entry>");
INSERT INTO `wced_head` (entryid, head, normalized_head, type, pos) VALUES (655, "alugbáti", "alugbati", "m", "nv");
INSERT INTO `wced_entry` VALUES (656, "alug-ug", "31", "<entry page=""31"" id=""656""><form id=""alug-ug"" lang=""ceb"">alug-ug</form>
<hom role=""v""><pos>v</pos>
<sense n=""0""> <itype>[A; c]</itype><trans> <tr>shake</tr> in short jerky motions. </trans>
<eg><i lang=""ceb"">Gialug-ug níya sa butilya ang túbig,</i><trans> He sloshed the water around in the bottle.
</trans></eg>
</sense></hom></entry>");
INSERT INTO `wced_head` (entryid, head, normalized_head, type, pos) VALUES (656, "alug-ug", "alug-ug", "m", "v");
INSERT INTO `wced_translation` (entryid, translation) VALUES (656, "shake");
INSERT INTO `wced_entry` VALUES (657, "aluhanay", "31", "<entry page=""31"" id=""657""><form id=""aluhaxnay"" lang=""ceb"">aluhánay</form>
<hom>
<sense n=""0""><trans> <ix>see</ix> <xr lang=""ceb"" target=""#xxalu""><sc>*alu</sc></xr>.
</trans>
</sense></hom></entry>");
INSERT INTO `wced_head` (entryid, head, normalized_head, type, pos) VALUES (657, "aluhánay", "aluhanay", "m", "");
INSERT INTO `wced_entry` VALUES (658, "aluhipan", "31", "<entry page=""31"" id=""658""><form id=""aluhixpan"" lang=""ceb"">aluhípan</form>
<hom>
<sense n=""0""><trans> = <xr lang=""ceb"" target=""#ulahixpan""><sc>ulahípan</sc></xr>.
</trans>
</sense></hom></entry>");
INSERT INTO `wced_head` (entryid, head, normalized_head, type, pos) VALUES (658, "aluhípan", "aluhipan", "m", "");
INSERT INTO `wced_entry` VALUES (659, "alukaba", "31", "<entry page=""31"" id=""659""><form id=""alukaba"" lang=""ceb"">alukaba</form>
<hom role=""n""><pos>n</pos>
<sense n=""0""><trans> <tr>eggshell</tr>.
</trans>
</sense></hom></entry>");
INSERT INTO `wced_head` (entryid, head, normalized_head, type, pos) VALUES (659, "alukaba", "alukaba", "m", "n");
INSERT INTO `wced_translation` (entryid, translation) VALUES (659, "eggshell");
INSERT INTO `wced_entry` VALUES (660, "alukabhang", "31", "<entry page=""31"" id=""660""><form id=""alukabhang"" lang=""ceb"">alukabhang</form>
<hom role=""n""><pos>n</pos>
<sense n=""1""><number>1</number><trans> <tr>shell</tr> of eggs, sea shell, cartridge shell. </trans>
</sense>
<sense n=""2""><number>2</number><trans> housing, <tr>skeletal structure</tr> of s.t. </trans>
<eg><i lang=""ceb"">Maáyung pagkahimulbul. Alukabhang na lay nahibilin,</i><trans> It was completely stripped down. The only thing that remained of the car was the frame of the body.
</trans></eg>
</sense></hom></entry>");
INSERT INTO `wced_head` (entryid, head, normalized_head, type, pos) VALUES (660, "alukabhang", "alukabhang", "m", "n");
INSERT INTO `wced_translation` (entryid, translation) VALUES (660, "shell");
INSERT INTO `wced_translation` (entryid, translation) VALUES (660, "skeletal structure");
INSERT INTO `wced_entry` VALUES (661, "alula", "31", "<entry page=""31"" id=""661""><form id=""aluxla"" lang=""ceb"">alúla</form>
<hom>
<sense n=""0""><trans> (not without <ix>l</ix>) </trans>
</sense></hom>
<hom role=""n""><pos>n</pos>
<sense n=""0""><trans> cylindrical <tr>basket</tr> made of coconut leaves, holding about <measure reg=""70 liters"">two bushels</measure>, container for <ix>buláhan.</ix> </trans>
</sense></hom>
<hom role=""v""><pos>v</pos>
<sense n=""1""><number>1</number> <itype>[A; a]</itype><trans> make an <ix>alúla.</ix> </trans>
</sense>
<sense n=""2""><number>2</number> <itype>[A; bc1]</itype><trans> put s.t. into an <ix>alúla.</ix> </trans>
<eg><i lang=""ceb"">Aluláhun (ialúla) nátù ning buwáhan arun itúmud,</i><trans> We will put the lanzones in the <ix>alúla</ix> to bring them to market.
</trans></eg>
</sense></hom></entry>");
INSERT INTO `wced_head` (entryid, head, normalized_head, type, pos) VALUES (661, "alúla", "alula", "m", "nv");
INSERT INTO `wced_translation` (entryid, translation) VALUES (661, "basket");
INSERT INTO `wced_entry` VALUES (662, "alum", "31", "<entry page=""31"" id=""662""><form id=""alum"" lang=""ceb"">alum</form>
<hom role=""n""><pos>n</pos>
<sense n=""0""><trans> <tr>mole</tr>. </trans>
</sense></hom>
<entry><form id=""aluxman"" lang=""ceb""><abbr expan=""alúman"" type=""lemma"">-an</abbr></form>
<hom role=""a""><pos>a</pos>
<sense n=""0""><trans> having a mole. </trans>
</sense></hom></entry>
<entry><form id=""axlum"" lang=""ceb""><abbr expan=""álum"" type=""lemma"">(←)</abbr></form>
<hom role=""n""><pos>n</pos>
<sense n=""0""><trans> snappers which have dorsal moles on the side just in front of the tail: <bio>Lutianus sp</bio>. </trans>
</sense></hom></entry>
<entry><form id=""aluxmun"" lang=""ceb""><abbr expan=""alúmun"" type=""lemma"">-un</abbr></form>
<hom role=""a""><pos>a</pos>
<sense n=""0""><trans> having lots of moles.
</trans>
</sense></hom></entry></entry>");
INSERT INTO `wced_head` (entryid, head, normalized_head, type, pos) VALUES (662, "alum", "alum", "m", "n");
INSERT INTO `wced_head` (entryid, head, normalized_head, type, pos) VALUES (662, "alúman", "aluman", "s", "a");
INSERT INTO `wced_head` (entryid, head, normalized_head, type, pos) VALUES (662, "álum", "alum", "s", "n");
INSERT INTO `wced_head` (entryid, head, normalized_head, type, pos) VALUES (662, "alúmun", "alumun", "s", "a");
INSERT INTO `wced_translation` (entryid, translation) VALUES (662, "mole");
INSERT INTO `wced_entry` VALUES (663, "alum", "31", "<entry page=""31"" id=""663""><form id=""axlum"" lang=""ceb"">álum</form>
<hom role=""n""><pos>n</pos>
<sense n=""0""><trans> k.o. small tree, with itchy leaves which are used as a poultice: <bio>Melanolepis <pb n=""32""/>multiglandulosa</bio>.
</trans>
</sense></hom></entry>");
INSERT INTO `wced_head` (entryid, head, normalized_head, type, pos) VALUES (663, "álum", "alum", "m", "n");
INSERT INTO `wced_entry` VALUES (664, "aluminum", "32", "<entry page=""32"" id=""664""><form id=""aluminum"" lang=""ceb"">aluminum</form>
<hom>
<sense n=""0""><trans> (not without <ix>l</ix>) </trans>
</sense></hom>
<hom role=""n""><pos>n</pos>
<sense n=""0""><trans> <tr>aluminum</tr> metal. </trans>
</sense></hom>
<entry><form id=""aluminum_raxpir"" lang=""ceb""><abbr expan=""aluminum"" type=""lemma"">—</abbr> rápir</form>
<hom role=""n""><pos>n</pos>
<sense n=""0""><trans> aluminum foil.
</trans>
</sense></hom></entry></entry>");
INSERT INTO `wced_head` (entryid, head, normalized_head, type, pos) VALUES (664, "aluminum", "aluminum", "m", "n");
INSERT INTO `wced_head` (entryid, head, normalized_head, type, pos) VALUES (664, "aluminum rápir", "aluminum rapir", "s", "n");
INSERT INTO `wced_translation` (entryid, translation) VALUES (664, "aluminum");
INSERT INTO `wced_entry` VALUES (665, "aluminus", "32", "<entry page=""32"" id=""665""><form id=""alumixnus"" lang=""ceb"">alumínus</form>
<hom>
<sense n=""0""><trans> (not without <ix>l</ix>) [so-and-so] (which is not desirable) is better than for s.t. else to happen. </trans>
<eg><i lang=""ceb"">Pangayúun, pangayúun. Alumínus hulaman nga dílì iúlì,</i><trans> If you want it, ask for it. Better than borrowing s.t. without giving it back. </trans></eg>
<eg><i lang=""ceb"">Puwis palitan ta ka. Alumínus maghásul ka,</i><trans> All right, I’ll buy you some. Better than you bothering me all the time.
</trans></eg>
</sense></hom></entry>");
INSERT INTO `wced_head` (entryid, head, normalized_head, type, pos) VALUES (665, "alumínus", "aluminus", "m", "");
INSERT INTO `wced_entry` VALUES (666, "alumnus", "32", "<entry page=""32"" id=""666""><form id=""alumnus"" lang=""ceb"">alumnus</form>
<hom>
<sense n=""0""><trans> (not without <ix>l</ix>) </trans>
</sense></hom>
<hom role=""n""><pos>n</pos>
<sense n=""0""><trans> breed of large, meaty pig with a short snout, broad face, and roundish body.
</trans>
</sense></hom></entry>");
INSERT INTO `wced_head` (entryid, head, normalized_head, type, pos) VALUES (666, "alumnus", "alumnus", "m", "n");
INSERT INTO `wced_entry` VALUES (667, "alum-um", "32", "<entry page=""32"" id=""667""><form id=""alum-um"" lang=""ceb"">alum-um</form>
<hom role=""a""><pos>a</pos>
<sense n=""0""><trans> for the sky to be <tr>overcast</tr>. </trans>
</sense></hom>
<hom role=""v""><pos>v</pos>
<sense n=""1""><number>1</number> <itype>[B]</itype><trans> become overcast. </trans>
<eg><i lang=""ceb"">Mialum-um ang búwan,</i><trans> The moon became covered with a thin veil of clouds. </trans></eg>
</sense>
<sense n=""2""><number>2</number> <itype>[b7c1]</itype><trans> dim s.t. </trans>
<eg><i lang=""ceb"">Alum-úmi (alum-uma, ialum-um) ang síga sa pulawan,</i><trans> Turn the night lamp down. </trans></eg>
</sense>
<sense n=""3""><number>3</number> <itype>[b]</itype><trans> be surpassed, put into the shadow by s.t. better. </trans>
<eg><i lang=""ceb"">Gwápa siya apan naalum-uman siya ni Tidang,</i><trans> She is beautiful, but she is overshadowed by Tidang.
</trans></eg>
</sense></hom></entry>");
INSERT INTO `wced_head` (entryid, head, normalized_head, type, pos) VALUES (667, "alum-um", "alum-um", "m", "av");
INSERT INTO `wced_translation` (entryid, translation) VALUES (667, "overcast");
INSERT INTO `wced_entry` VALUES (668, "alun", "32", "<entry page=""32"" id=""668""><form id=""axlun"" lang=""ceb"">álun</form>
<hom role=""n""><pos>n</pos>
<sense n=""0""><trans> long rolling <tr>wave</tr>, <tr>swell</tr>. </trans>
</sense></hom>
<hom role=""v""><pos>v</pos>
<sense n=""0""> <itype>[B46; a4]</itype><trans> for there to be big waves. </trans>
<eg><i lang=""ceb"">Miálun sa dágat paghuyup sa amíhan,</i><trans> The sea had big waves when the northwind blew. </trans></eg>
<eg><i lang=""ceb"">Manday dinhà na mi sa píliw giálun hinúun mi,</i><trans> Just as we reached the shallow waters we were buffeted by big waves.
</trans></eg>
</sense></hom></entry>");
INSERT INTO `wced_head` (entryid, head, normalized_head, type, pos) VALUES (668, "álun", "alun", "m", "nv");
INSERT INTO `wced_translation` (entryid, translation) VALUES (668, "wave");
INSERT INTO `wced_translation` (entryid, translation) VALUES (668, "swell");
INSERT INTO `wced_entry` VALUES (669, "alundris1", "32", "<entry page=""32"" id=""669""><form id=""alundris"" lang=""ceb"">alundris<sub>1</sub></form>
<hom>
<sense n=""0""><trans> (not without <ix>l</ix>) </trans>
</sense></hom>
<hom role=""n""><pos>n</pos>
<sense n=""0""><trans> sewing <tr>thread</tr>. </trans>
</sense></hom>
<hom role=""v""><pos>v</pos>
<sense n=""1""><number>1</number> <itype>[b6]</itype><trans> thread a needle. </trans>
<eg><i lang=""ceb"">Ákung gialundrísan ang makina,</i><trans> I threaded the machine. </trans></eg>
</sense>
<sense n=""2""><number>2</number> <itype>[a1]</itype><trans> make into sewing thread.
</trans>
</sense></hom></entry>");
INSERT INTO `wced_head` (entryid, head, normalized_head, type, pos) VALUES (669, "alundris", "alundris", "s", "nv");
INSERT INTO `wced_translation` (entryid, translation) VALUES (669, "thread");
INSERT INTO `wced_entry` VALUES (670, "alundris2", "32", "<entry page=""32"" id=""670""><form id=""alundris2"" lang=""ceb"">alundris<sub>2</sub></form>
<hom role=""n""><pos>n</pos>
<sense n=""0""><trans> wild vine with a disagreeable odor, the berries of which are edible: <bio>Passiflora foetida</bio>.
</trans>
</sense></hom></entry>");
INSERT INTO `wced_head` (entryid, head, normalized_head, type, pos) VALUES (670, "alundris", "alundris", "s", "n");
INSERT INTO `wced_entry` VALUES (671, "alung1", "32", "<entry page=""32"" id=""671""><form id=""axlung"" lang=""ceb"">álung<sub>1</sub></form>
<hom role=""v""><pos>v</pos>
<sense n=""0""> <itype>[A; b6]</itype><trans> cast a shadow over s.t. </trans>
<eg><i lang=""ceb"">Ang taas káhuy nag-álung sa ákung gardin,</i><trans> The tall tree casts a shadow over my garden. </trans></eg>
<eg><i lang=""ceb"">Ang íyang panganduy alúngan sa kahadluk,</i><trans> His hopes are overshadowed by fear. </trans></eg>
</sense></hom>
<hom role=""n""><pos>n</pos>
<sense n=""0""><trans> place that is overshadowed. </trans>
<eg><i lang=""ceb"">Muayun sa áwung ang kapi,</i><trans> Coffee plants do best in the <tr>shade</tr>.
</trans></eg>
</sense></hom></entry>");
INSERT INTO `wced_head` (entryid, head, normalized_head, type, pos) VALUES (671, "álung", "alung", "s", "vn");
INSERT INTO `wced_translation` (entryid, translation) VALUES (671, "shade");
INSERT INTO `wced_entry` VALUES (672, "alung2", "32", "<entry page=""32"" id=""672""><form id=""axlung2"" lang=""ceb"">álung<sub>2</sub></form>
<hom role=""v""><pos>v</pos>
<sense n=""0""> <itype>[A2; b6]</itype><trans> be attracted to go near s.t. </trans>
<eg><i lang=""ceb"">Ang dinagkutan nga kandílà gialúngan sa mga anunugba,</i><trans> The moths were attracted to the lighted candle. </trans></eg>
</sense></hom>
<hom role=""n""><pos>n</pos>
<sense n=""0""><trans> fish attracted to the light in fishing that uses lights. </trans>
<eg><i lang=""ceb"">Mga tugnus ang mga álung nákù,</i><trans> The fish attracted to my light were sardines. </trans></eg>
</sense></hom>
<entry><form id=""alung-axlung"" lang=""ceb"">alung-álung</form>
<hom role=""v""><pos>v</pos>
<sense n=""0""> <itype>[ANP; b5]</itype><trans> secretly keep watch on s.o. in hopes of getting a chance to see him. </trans>
<eg><i lang=""ceb"">Ang laláking nangulitáwu níya pirming muawung-áwung (mangawung-áwung, mupaawung-áwung) níya sa dálan,</i><trans> The man who is courting her keeps waiting in the street for a chance to talk with her.
</trans></eg>
</sense></hom></entry></entry>");
INSERT INTO `wced_head` (entryid, head, normalized_head, type, pos) VALUES (672, "álung", "alung", "s", "vn");
INSERT INTO `wced_head` (entryid, head, normalized_head, type, pos) VALUES (672, "alung-álung", "alung-alung", "s", "v");
INSERT INTO `wced_entry` VALUES (673, "alungaing", "32", "<entry page=""32"" id=""673""><form id=""alungaxing"" lang=""ceb"">alungáing</form>
<hom role=""n""><pos>n</pos>
<sense n=""0""><trans> <tr>jaw</tr>, <tr>mandible</tr>. </trans>
</sense></hom>
<entry><form id=""alungaxingun"" lang=""ceb""><abbr expan=""alungáingun"" type=""lemma"">-un</abbr></form>
<hom role=""a""><pos>a</pos>
<sense n=""0""><trans> having a prominent jawbone.
</trans>
</sense></hom></entry></entry>");
INSERT INTO `wced_head` (entryid, head, normalized_head, type, pos) VALUES (673, "alungáing", "alungaing", "m", "n");
INSERT INTO `wced_head` (entryid, head, normalized_head, type, pos) VALUES (673, "alungáingun", "alungaingun", "s", "a");
INSERT INTO `wced_translation` (entryid, translation) VALUES (673, "jaw");
INSERT INTO `wced_translation` (entryid, translation) VALUES (673, "mandible");
INSERT INTO `wced_entry` VALUES (674, "alungaug", "32", "<entry page=""32"" id=""674""><form id=""alungaug"" lang=""ceb"">alungaug</form>
<hom role=""a""><pos>a</pos>
<sense n=""0""><trans> having a <tr>heavy feeling</tr> in the head from lack of sleep, hangover, blow, etc. </trans>
</sense></hom>
<hom role=""v""><pos>v</pos>
<sense n=""0""> <itype>[BN]</itype><trans> for head to be heavy. </trans>
<eg><i lang=""ceb"">Mialungaug (naalungaug, nangalungaug) ang ákung úlu sa íyang kusug nga sumbag,</i><trans> I got a <tr>headache</tr> after she smacked me one.
</trans></eg>
</sense></hom></entry>");
INSERT INTO `wced_head` (entryid, head, normalized_head, type, pos) VALUES (674, "alungaug", "alungaug", "m", "av");
INSERT INTO `wced_translation` (entryid, translation) VALUES (674, "heavy feeling");
INSERT INTO `wced_translation` (entryid, translation) VALUES (674, "headache");
INSERT INTO `wced_entry` VALUES (675, "alungnan", "32", "<entry page=""32"" id=""675""><form id=""alungnan"" lang=""ceb"">alungnan</form>
<hom>
<sense n=""0""><trans> = <xr lang=""ceb"" target=""#unlan""><sc>unlan</sc></xr>. <ix>see</ix> <xr lang=""ceb"" target=""#ulun""><sc>ulun</sc></xr>.
</trans>
</sense></hom></entry>");
INSERT INTO `wced_head` (entryid, head, normalized_head, type, pos) VALUES (675, "alungnan", "alungnan", "m", "");
INSERT INTO `wced_entry` VALUES (676, "alup", "32", "<entry page=""32"" id=""676""><form id=""axlup"" lang=""ceb"">álup</form>
<hom role=""v""><pos>v</pos>
<sense n=""0""> <itype>[B]</itype><trans> </trans>
</sense>
<sense n=""1""><number>1</number><trans> for light, sense of sight to become <tr>dim</tr>. </trans>
<eg><i lang=""ceb"">Nag-álup man nang ímung kaláyu,</i><trans> Your fire is low. </trans></eg>
<eg><i lang=""ceb"">Nagkaálup na ang íyang panan-aw,</i><trans> His sight is getting dim now. </trans></eg>
</sense>
<sense n=""2""><number>2</number><trans> for sounds to dim. </trans>
<eg><i lang=""ceb"">Sa nagkalayù siya, <corr sic=""nagkaalup"">nagkaálup</corr> pud ang íyang tíngug,</i><trans> As she got further away, her voice grew fainter. </trans></eg>
</sense></hom>
<entry><form id=""alup"" lang=""ceb""><abbr expan=""alup"" type=""lemma"">(→)</abbr></form>
<hom role=""a""><pos>a</pos>
<sense n=""0""><trans> <tr>dim</tr>. </trans>
<eg><i lang=""ceb"">Alup ang sugà,</i><trans> The light is dim.
</trans></eg>
</sense></hom></entry></entry>");
INSERT INTO `wced_head` (entryid, head, normalized_head, type, pos) VALUES (676, "álup", "alup", "m", "v");
INSERT INTO `wced_head` (entryid, head, normalized_head, type, pos) VALUES (676, "alup", "alup", "s", "a");
INSERT INTO `wced_translation` (entryid, translation) VALUES (676, "dim");
INSERT INTO `wced_entry` VALUES (677, "alupaup", "32", "<entry page=""32"" id=""677""><form id=""alupaup"" lang=""ceb"">alupaup</form>
<hom>
<sense n=""0""><trans> = <xr lang=""ceb"" target=""#axlup""><sc>álup</sc></xr>, <ix>1</ix>.
</trans>
</sense></hom></entry>");
INSERT INTO `wced_head` (entryid, head, normalized_head, type, pos) VALUES (677, "alupaup", "alupaup", "m", "");
INSERT INTO `wced_entry` VALUES (678, "alupi", "32", "<entry page=""32"" id=""678""><form id=""alupiq"" lang=""ceb"">alupì</form>
<hom>
<sense n=""0""><trans> (from <ix>lupi</ix>) </trans>
</sense></hom>
<hom role=""n""><pos>n</pos>
<sense n=""0""><trans> k.o. tidbit made from grated young corn, optionally with milk or coconut milk, wrapped in corn husks and boiled. </trans>
</sense></hom>
<hom role=""v""><pos>v</pos>
<sense n=""0""> <itype>[A; a12]</itype><trans> make into an <ix>alupì.</ix>
</trans>
</sense></hom></entry>");
INSERT INTO `wced_head` (entryid, head, normalized_head, type, pos) VALUES (678, "alupì", "alupi", "m", "nv");
INSERT INTO `wced_entry` VALUES (679, "alup-up, alupuup", "32", "<entry page=""32"" id=""679""><form id=""alup-up_alupuup"" lang=""ceb"">alup-up, alupuup</form>
<hom>
<sense n=""0""><trans> = <xr lang=""ceb"" target=""#axlup""><sc>álup</sc></xr>, <i lang=""ceb"">1.</i>
</trans>
</sense></hom></entry>");
INSERT INTO `wced_head` (entryid, head, normalized_head, type, pos) VALUES (679, "alup-up", "alup-up", "s", "");
INSERT INTO `wced_head` (entryid, head, normalized_head, type, pos) VALUES (679, "alupuup", "alupuup", "s", "");
INSERT INTO `wced_entry` VALUES (680, "*alus", "32", "<entry page=""32"" id=""680""><form id=""xxaxlus"" lang=""ceb"">*álus</form>
<entry><form id=""paaxlus"" lang=""ceb""><abbr expan=""paálus"" type=""lemma"">pa-</abbr></form>
<hom role=""v""><pos>v</pos>
<sense n=""0""> <itype>[A; b5]</itype><trans> <tr>stretch</tr> one’s patience, control oneself when provoked or distressed. </trans>
<eg><i lang=""ceb"">Dì ku makapaálus sa mga táwung gágu,</i><trans> I can’t tolerate morons. </trans></eg>
<eg><i lang=""ceb"">Paalúsa (paalúsi) lang nang ímung bána ug masukù kay daghan mag prublíma,</i><trans> Just be patient with your husband when he gets angry because he is beset with many problems.
</trans></eg>
</sense></hom></entry></entry>");
INSERT INTO `wced_head` (entryid, head, normalized_head, type, pos) VALUES (680, "álus", "alus", "s", "");
INSERT INTO `wced_head` (entryid, head, normalized_head, type, pos) VALUES (680, "paálus", "paalus", "s", "v");
INSERT INTO `wced_translation` (entryid, translation) VALUES (680, "stretch");
INSERT INTO `wced_entry` VALUES (681, "alusiman", "32", "<entry page=""32"" id=""681""><form id=""alusixman"" lang=""ceb"">alusíman</form>
<hom>
<sense n=""0""><trans> = <xr lang=""ceb"" target=""#ulasixman""><sc>ulasíman</sc></xr>.
</trans>
</sense></hom></entry>");
INSERT INTO `wced_head` (entryid, head, normalized_head, type, pos) VALUES (681, "alusíman", "alusiman", "m", "");
INSERT INTO `wced_entry` VALUES (682, "alut", "32", "<entry page=""32"" id=""682""><form id=""alut"" lang=""ceb"">alut</form>
<hom role=""v""><pos>v</pos>
<sense n=""0""> <itype>[AC2; b(1)]</itype><trans> </trans>
</sense>
<sense n=""1""><number>1</number><trans> <tr>shave</tr> the head. </trans>
</sense>
<sense n=""2""><number>2</number><trans> <tr>cut</tr> hair. </trans>
<eg><i lang=""ceb"">Aluti ku,</i><trans> Cut my hair. </trans></eg>
</sense>
<sense n=""3""><number>3</number> <itype>[A; b7]</itype><trans> eat a portion of food intended for s.o. else. </trans>
<eg><i lang=""ceb"">Ubang míd muawut sa litsi sa bátà,</i><trans> There are maids that help themselves to the baby’s milk. </trans></eg>
</sense></hom>
<hom role=""n""><pos>n</pos>
<sense n=""1""><number>1</number><trans> <tr>shaved</tr> bald. </trans>
</sense>
<sense n=""2""><number>2</number><trans> <tr>haircut</tr>. </trans>
<eg><i lang=""ceb"">Wà kay alut,</i><trans> You need a haircut. </trans></eg>
</sense></hom>
<entry><form id=""paalut"" lang=""ceb""><abbr expan=""paalut"" type=""lemma"">pa-</abbr></form>
<hom role=""v""><pos>v</pos>
<sense n=""0""> <itype>[A1; b(1)]</itype><trans> get a haircut, have s.o. get a haircut. </trans>
<eg><i lang=""ceb"">Magpaalut ku,</i><trans> I’ll get a haircut. </trans></eg>
<eg><i lang=""ceb"">Paalutan ku si Pidru,</i><trans> I’ll have Pedro get a haircut.
</trans></eg>
</sense></hom></entry></entry>");
INSERT INTO `wced_head` (entryid, head, normalized_head, type, pos) VALUES (682, "alut", "alut", "m", "vn");
INSERT INTO `wced_head` (entryid, head, normalized_head, type, pos) VALUES (682, "paalut", "paalut", "s", "v");
INSERT INTO `wced_translation` (entryid, translation) VALUES (682, "shave");
INSERT INTO `wced_translation` (entryid, translation) VALUES (682, "cut");
INSERT INTO `wced_translation` (entryid, translation) VALUES (682, "shaved");
INSERT INTO `wced_translation` (entryid, translation) VALUES (682, "haircut");
INSERT INTO `wced_entry` VALUES (683, "aluwihaw", "32", "<entry page=""32"" id=""683""><form id=""aluwixhaw"" lang=""ceb"">aluwíhaw</form>
<hom role=""n""><pos>n</pos>
<sense n=""0""><trans> k.o. <tr>tree</tr> of second growth forest bearing small, depressed, globular yellow fruit, edible but acidic.
</trans>
</sense></hom></entry>");
INSERT INTO `wced_head` (entryid, head, normalized_head, type, pos) VALUES (683, "aluwíhaw", "aluwihaw", "m", "n");
INSERT INTO `wced_translation` (entryid, translation) VALUES (683, "tree");
INSERT INTO `wced_entry` VALUES (684, "aluy1", "32", "<entry page=""32"" id=""684""><form id=""aluy"" lang=""ceb"">aluy<sub>1</sub></form>
<hom>
<sense n=""0""><trans> (not without <ix>l</ix>) </trans>
</sense></hom>
<entry><form id=""aluy_subjunctive_passive_verb"" lang=""ceb""><abbr expan=""aluy"" type=""lemma"">—</abbr> <ix>subjunctive passive verb</ix></form>
<hom>
<sense n=""0""><trans> [so-and-so] almost happened. </trans>
<eg><i lang=""ceb"">Aluy siya hiligsi,</i><trans> He was almost run over.
</trans></eg>
</sense></hom></entry></entry>");
INSERT INTO `wced_head` (entryid, head, normalized_head, type, pos) VALUES (684, "aluy", "aluy", "s", "");
INSERT INTO `wced_head` (entryid, head, normalized_head, type, pos) VALUES (684, "aluy subjunctive passive verb", "aluy subjunctive passive verb", "s", "");
INSERT INTO `wced_entry` VALUES (685, "aluy2", "32", "<entry page=""32"" id=""685""><form id=""aluy2"" lang=""ceb"">aluy<sub>2</sub></form>
<hom role=""n""><pos>n</pos>
<sense n=""0""><trans> k.o. large <tr>mackerel</tr> or <tr>tuna</tr>.
</trans>
</sense></hom></entry>");
INSERT INTO `wced_head` (entryid, head, normalized_head, type, pos) VALUES (685, "aluy", "aluy", "s", "n");
INSERT INTO `wced_translation` (entryid, translation) VALUES (685, "mackerel");
INSERT INTO `wced_translation` (entryid, translation) VALUES (685, "tuna");
INSERT INTO `wced_entry` VALUES (686, "aluy", "32", "<entry page=""32"" id=""686""><form id=""axluy"" lang=""ceb"">áluy</form>
<hom>
<sense n=""0""><trans> (not without <ix>l</ix>) </trans>
</sense></hom>
<hom role=""n""><pos>n</pos>
<sense n=""0""><trans> money (slang).
</trans>
</sense></hom></entry>");
INSERT INTO `wced_head` (entryid, head, normalized_head, type, pos) VALUES (686, "áluy", "aluy", "m", "n");
INSERT INTO `wced_entry` VALUES (687, "aluyan", "32", "<entry page=""32"" id=""687""><form id=""aluyan"" lang=""ceb"">aluyan</form>
<hom>
<sense n=""0""><trans> = <xr lang=""ceb"" target=""#ayayan""><sc>ayayan</sc></xr>. <ix>see</ix> <xr lang=""ceb"" target=""#ayay""><sc>ayay</sc></xr>.
</trans>
</sense></hom></entry>");
INSERT INTO `wced_head` (entryid, head, normalized_head, type, pos) VALUES (687, "aluyan", "aluyan", "m", "");
INSERT INTO `wced_entry` VALUES (688, "aluyuk", "32", "<entry page=""32"" id=""688""><form id=""aluxyuk"" lang=""ceb"">alúyuk</form>
<hom>
<sense n=""0""><trans> (not without <ix>l</ix>) </trans>
</sense></hom>
<hom role=""n""><pos>n</pos>
<sense n=""0""><trans> part of the skull where the hair forms a whorl. </trans>
</sense></hom>
<entry><form id=""aluxyukan"" lang=""ceb""><abbr expan=""alúyukan"" type=""lemma"">-an</abbr></form>
<hom role=""a""><pos>a</pos>
<sense n=""0""><trans> having a whorl on the head. </trans>
<eg><i lang=""ceb"">Gwápu si Pidru kay aluyúkan sa buna,</i><trans> Pedro is handsome because he has a whorl on the front of his <pb n=""33""/>head. </trans></eg>
</sense></hom></entry>
<entry><form id=""kinaaluyukan"" lang=""ceb""><abbr expan=""kinaaluyukan"" type=""lemma"">kina-an(→)</abbr></form>
<hom role=""n""><pos>n</pos>
<sense n=""0""><trans> topmost or innermost part of s.t. </trans>
<eg><i lang=""ceb"">Ang mga Magahat túa magpuyù sa kinaaluyukan sa lasang,</i><trans> The Magahats live in the very center of the forest. <ix>see</ix> <xr lang=""ceb"" target=""#uxyuk""><sc>úyuk</sc></xr>.
</trans></eg>
</sense></hom></entry></entry>");
INSERT INTO `wced_head` (entryid, head, normalized_head, type, pos) VALUES (688, "alúyuk", "aluyuk", "m", "n");
INSERT INTO `wced_head` (entryid, head, normalized_head, type, pos) VALUES (688, "alúyukan", "aluyukan", "s", "a");
INSERT INTO `wced_head` (entryid, head, normalized_head, type, pos) VALUES (688, "kinaaluyukan", "kinaaluyukan", "s", "n");
INSERT INTO `wced_entry` VALUES (689, "alyadu", "33", "<entry page=""33"" id=""689""><form id=""alyaxdu"" lang=""ceb"">alyádu</form>
<hom role=""n""><pos>n</pos>
<sense n=""1""><number>1</number><trans> <tr>ally</tr>. </trans>
</sense>
<sense n=""2""><number>2</number><trans> <tr>employee</tr> (humorous). </trans>
<eg><i lang=""ceb"">Alyádu siya nákù sa upisína,</i><trans> He’s an employee of mine in the office. </trans></eg>
</sense></hom>
<hom role=""v""><pos>v</pos>
<sense n=""1""><number>1</number> <itype>[AC; b5]</itype><trans> ally with, to become an ally with. </trans>
<eg><i lang=""ceb"">Maáyung alyadúhun (alyadúhan) ang Pilipínas,</i><trans> It is good to make an ally of (ally oneself with) the Philippines. </trans></eg>
</sense>
<sense n=""2""><number>2</number> <itype>[A; c1]</itype><trans> have an employee.
</trans>
</sense></hom></entry>");
INSERT INTO `wced_head` (entryid, head, normalized_head, type, pos) VALUES (689, "alyádu", "alyadu", "m", "nv");
INSERT INTO `wced_translation` (entryid, translation) VALUES (689, "ally");
INSERT INTO `wced_translation` (entryid, translation) VALUES (689, "employee");
INSERT INTO `wced_entry` VALUES (690, "alyadus", "33", "<entry page=""33"" id=""690""><form id=""alyaxdus"" lang=""ceb"">alyádus</form>
<hom>
<sense n=""0""><trans> = <xr lang=""ceb"" target=""#alyaxdu""><sc>alyádu</sc></xr>.
</trans>
</sense></hom></entry>");
INSERT INTO `wced_head` (entryid, head, normalized_head, type, pos) VALUES (690, "alyádus", "alyadus", "m", "");
INSERT INTO `wced_entry` VALUES (691, "alyansa", "33", "<entry page=""33"" id=""691""><form id=""alyansa"" lang=""ceb"">alyansa</form>
<hom role=""n""><pos>n</pos>
<sense n=""0""><trans> <tr>alliance</tr>. </trans>
</sense></hom>
<hom role=""v""><pos>v</pos>
<sense n=""0""> <itype>[C2; b(1)]</itype><trans> have an alliance. </trans>
<eg><i lang=""ceb"">Ang Amirika gialyansáhan sa Pilipínas,</i><trans> The Philippines had an alliance with America.
</trans></eg>
</sense></hom></entry>");
INSERT INTO `wced_head` (entryid, head, normalized_head, type, pos) VALUES (691, "alyansa", "alyansa", "m", "nv");
INSERT INTO `wced_translation` (entryid, translation) VALUES (691, "alliance");
INSERT INTO `wced_entry` VALUES (692, "alyas", "33", "<entry page=""33"" id=""692""><form id=""alyas"" lang=""ceb"">alyas</form>
<hom role=""n""><pos>n</pos>
<sense n=""0""><trans> <tr>alias</tr>. </trans>
</sense></hom>
<hom role=""v""><pos>v</pos>
<sense n=""0""> <itype>[B1; c]</itype><trans> give, have an alias. </trans>
<eg><i lang=""ceb"">Alyásan ka ug Rúhas,</i><trans> You’ll be given the name Roxas as an alias.
</trans></eg>
</sense></hom></entry>");
INSERT INTO `wced_head` (entryid, head, normalized_head, type, pos) VALUES (692, "alyas", "alyas", "m", "nv");
INSERT INTO `wced_translation` (entryid, translation) VALUES (692, "alias");
INSERT INTO `wced_entry` VALUES (693, "alyin", "33", "<entry page=""33"" id=""693""><form id=""alyin"" lang=""ceb"">alyin</form>
<hom role=""n""><pos>n</pos>
<sense n=""0""><trans> <tr>aliens</tr> (euphemism for Chinese).
</trans>
</sense></hom></entry>");
INSERT INTO `wced_head` (entryid, head, normalized_head, type, pos) VALUES (693, "alyin", "alyin", "m", "n");
INSERT INTO `wced_translation` (entryid, translation) VALUES (693, "aliens");
INSERT INTO `wced_entry` VALUES (694, "*ama", "33", "<entry page=""33"" id=""694""><form id=""xxama"" lang=""ceb"">*ama</form>
<entry><form id=""ama_naxmuq"" lang=""ceb""><abbr expan=""ama"" type=""lemma"">—</abbr> námù</form>
<hom role=""n""><pos>n</pos>
<sense n=""0""> <tr>the Lord’s Prayer</tr>. <ix>short form:</ix> <form id=""manaxmuq."" lang=""ceb"">manámù.</form><trans> </trans>
</sense></hom></entry>
<entry><form id=""pangama"" lang=""ceb""><abbr expan=""pangama"" type=""lemma"">paN-</abbr></form>
<hom role=""v""><pos>v</pos>
<sense n=""0""> <itype>[A; b5]</itype><trans> go to s.o. as if he were one’s father to ask for help. </trans>
<eg><i lang=""ceb"">Kinsay inyung gipangama (gipangamahan) sa pagkasúd sa inyung bátà sa trabáhu?</i><trans> Who did you approach to get a job for your son? </trans></eg>
</sense></hom></entry>
<entry><form id=""amaaxma"" lang=""ceb"">amaáma</form>
<hom role=""n""><pos>n</pos>
<sense n=""0""><trans> <tr>stepfather</tr>. </trans>
</sense></hom></entry>
<entry><form id=""amaaxma_sa_buti"" lang=""ceb"">amaáma sa buti</form>
<hom role=""n""><pos>n</pos>
<sense n=""0""><trans> the first single eruption of smallpox before spreading. </trans>
</sense></hom></entry>
<entry><form id=""amahan"" lang=""ceb"">amahan</form>
<hom role=""n""><pos>n</pos>
<sense n=""0""><trans> <tr>father</tr>. </trans>
</sense></hom></entry>
<entry><form id=""amahan_naxmuq"" lang=""ceb""><abbr expan=""amahan"" type=""lemma"">—</abbr> námù</form>
<hom role=""n""><pos>n</pos>
<sense n=""0""><trans> <tr>the Lord’s Prayer</tr>. </trans>
</sense></hom>
<hom role=""v""><pos>v</pos>
<sense n=""0""> <itype>[A1]</itype><trans> act as, have a father. </trans>
<eg><i lang=""ceb"">Dimálas nga nakaamahan kag mangtas,</i><trans> It is unfortunate that you have a beast for a father. </trans></eg>
</sense></hom></entry>
<entry><form id=""pangamahan"" lang=""ceb"">pangamahan</form>
<hom role=""v""><pos>v</pos>
<sense n=""1""><number>1</number> <itype>[A2]</itype><trans> act as a father. </trans>
<eg><i lang=""ceb"">Siya na lang ang nangamahan sa mga bátang ilu,</i><trans> He was the only one left to act as a father to the orphaned children. </trans></eg>
</sense>
<sense n=""2""><number>2</number> <itype>[A2; b(1)]</itype><trans> <tr>sponsor</tr>. </trans>
<eg><i lang=""ceb"">Ang balaudun gipangamahan ni Briyúnis,</i><trans> The bill was sponsored by Briones. </trans></eg>
</sense>
<sense n=""3""><number>3</number><trans> = <xr lang=""ceb"" target=""#pangama""><sc>pangama</sc></xr>. </trans>
</sense></hom></entry>
<entry><form id=""amaxun"" lang=""ceb"">amáun</form>
<hom role=""n""><pos>n</pos>
<sense n=""0""><trans> <tr>godfather</tr> in any ceremony.
</trans>
</sense></hom></entry></entry>");
INSERT INTO `wced_head` (entryid, head, normalized_head, type, pos) VALUES (694, "ama", "ama", "s", "");
INSERT INTO `wced_head` (entryid, head, normalized_head, type, pos) VALUES (694, "ama námù", "ama namu", "s", "n");
INSERT INTO `wced_head` (entryid, head, normalized_head, type, pos) VALUES (694, "manámù.", "manamu.", "s", "");
INSERT INTO `wced_head` (entryid, head, normalized_head, type, pos) VALUES (694, "pangama", "pangama", "s", "v");
INSERT INTO `wced_head` (entryid, head, normalized_head, type, pos) VALUES (694, "amaáma", "amaama", "s", "n");
INSERT INTO `wced_head` (entryid, head, normalized_head, type, pos) VALUES (694, "amaáma sa buti", "amaama sa buti", "s", "n");
INSERT INTO `wced_head` (entryid, head, normalized_head, type, pos) VALUES (694, "amahan", "amahan", "s", "n");
INSERT INTO `wced_head` (entryid, head, normalized_head, type, pos) VALUES (694, "amahan námù", "amahan namu", "s", "nv");
INSERT INTO `wced_head` (entryid, head, normalized_head, type, pos) VALUES (694, "pangamahan", "pangamahan", "s", "v");
INSERT INTO `wced_head` (entryid, head, normalized_head, type, pos) VALUES (694, "amáun", "amaun", "s", "n");
INSERT INTO `wced_translation` (entryid, translation) VALUES (694, "the Lord’s Prayer");
INSERT INTO `wced_translation` (entryid, translation) VALUES (694, "stepfather");
INSERT INTO `wced_translation` (entryid, translation) VALUES (694, "father");
INSERT INTO `wced_translation` (entryid, translation) VALUES (694, "sponsor");
INSERT INTO `wced_translation` (entryid, translation) VALUES (694, "godfather");
INSERT INTO `wced_entry` VALUES (695, "ama", "33", "<entry page=""33"" id=""695""><form id=""amax"" lang=""ceb"">amá</form>
<hom>
<sense n=""0""><trans> (from <ix>ama</ix>) <ix>expression uttered when frightened:</ix> <tr>help</tr>! </trans>
<eg><i lang=""ceb"">Amá! Náay sawa!</i><trans> Help! There’s a snake!
</trans></eg>
</sense></hom></entry>");
INSERT INTO `wced_head` (entryid, head, normalized_head, type, pos) VALUES (695, "amá", "ama", "m", "");
INSERT INTO `wced_translation` (entryid, translation) VALUES (695, "help");
INSERT INTO `wced_entry` VALUES (696, "amag", "33", "<entry page=""33"" id=""696""><form id=""axmag"" lang=""ceb"">ámag</form>
<hom>
<sense n=""0""><trans> = <xr lang=""ceb"" target=""#alaxmag""><sc>alámag</sc></xr>, <ix>v, n1</ix>.
</trans>
</sense></hom></entry>");
INSERT INTO `wced_head` (entryid, head, normalized_head, type, pos) VALUES (696, "ámag", "amag", "m", "");
INSERT INTO `wced_entry` VALUES (697, "amaga", "33", "<entry page=""33"" id=""697""><form id=""amaga"" lang=""ceb"">amaga</form>
<hom role=""n""><pos>n</pos>
<sense n=""0""><trans> <corr>k.o. </corr>forest tree: <bio>Diospyros sp</bio>.
</trans>
</sense></hom></entry>");
INSERT INTO `wced_head` (entryid, head, normalized_head, type, pos) VALUES (697, "amaga", "amaga", "m", "n");
INSERT INTO `wced_entry` VALUES (698, "amag-amag", "33", "<entry page=""33"" id=""698""><form id=""amag-amag"" lang=""ceb"">amag-amag</form>
<hom>
<sense n=""0""><trans> (from <ix>alámag</ix>) </trans>
</sense></hom>
<hom role=""n""><pos>n</pos>
<sense n=""0""><trans> k.o. fish that stays near the shore and glows.
</trans>
</sense></hom></entry>");
INSERT INTO `wced_head` (entryid, head, normalized_head, type, pos) VALUES (698, "amag-amag", "amag-amag", "m", "n");
INSERT INTO `wced_entry` VALUES (699, "amagan", "33", "<entry page=""33"" id=""699""><form id=""amagan"" lang=""ceb"">amagan</form>
<hom>
<sense n=""0""><trans> <ix>see</ix> <xr lang=""ceb"" target=""#alaxmag""><sc>alámag</sc></xr>.
</trans>
</sense></hom></entry>");
INSERT INTO `wced_head` (entryid, head, normalized_head, type, pos) VALUES (699, "amagan", "amagan", "m", "");
INSERT INTO `wced_entry` VALUES (700, "amagus", "33", "<entry page=""33"" id=""700""><form id=""amagus"" lang=""ceb"">amagus</form>
<hom role=""n""><pos>n</pos>
<sense n=""0""><trans> small, black, fresh-water <tr>shrimp</tr> that has a small white stripe on the back. </trans>
</sense></hom>
<hom role=""a""><pos>a</pos>
<sense n=""0""><trans> <tr>black-complexioned</tr>.
</trans>
</sense></hom></entry>");
INSERT INTO `wced_head` (entryid, head, normalized_head, type, pos) VALUES (700, "amagus", "amagus", "m", "na");
INSERT INTO `wced_translation` (entryid, translation) VALUES (700, "shrimp");
INSERT INTO `wced_translation` (entryid, translation) VALUES (700, "black-complexioned");
INSERT INTO `wced_entry` VALUES (701, "amagus", "33", "<entry page=""33"" id=""701""><form id=""amaxgus"" lang=""ceb"">amágus</form>
<hom role=""n""><pos>n</pos>
<sense n=""0""><trans> k.o. <tr>shrub</tr> bearing juicy dark red berries, 1 cm. in diameter with a nauseous taste: <bio>Homonoia riparia</bio>.
</trans>
</sense></hom></entry>");
INSERT INTO `wced_head` (entryid, head, normalized_head, type, pos) VALUES (701, "amágus", "amagus", "m", "n");
INSERT INTO `wced_translation` (entryid, translation) VALUES (701, "shrub");
INSERT INTO `wced_entry` VALUES (702, "amahan", "33", "<entry page=""33"" id=""702""><form id=""amahan"" lang=""ceb"">amahan</form>
<hom>
<sense n=""0""><trans> <ix>see</ix> <xr lang=""ceb"" target=""#xxama""><sc>*ama</sc></xr>.
</trans>
</sense></hom></entry>");
INSERT INTO `wced_head` (entryid, head, normalized_head, type, pos) VALUES (702, "amahan", "amahan", "m", "");
INSERT INTO `wced_entry` VALUES (703, "amahung", "33", "<entry page=""33"" id=""703""><form id=""amahung"" lang=""ceb"">amahung</form>
<hom role=""n""><pos>n</pos>
<sense n=""0""><trans> k.o. bivalve of sea, greenish brown in color, oblong, <measure reg=""5.1 cm"">2″</measure> in length, with orange meat. Found clinging to rocks. Popularly eaten preserved in salt.
</trans>
</sense></hom></entry>");
INSERT INTO `wced_head` (entryid, head, normalized_head, type, pos) VALUES (703, "amahung", "amahung", "m", "n");
INSERT INTO `wced_entry` VALUES (704, "amakan", "33", "<entry page=""33"" id=""704""><form id=""amaxkan"" lang=""ceb"">amákan</form>
<hom role=""n""><pos>n</pos>
<sense n=""0""><trans> <tr>bamboo matting</tr> woven with a k.o. twill weave, commonly used for walling. The weft is passed over two and under two warp pieces. The successive weft is passed over two and under two warp pieces again, but such that the second weft passes over one and under one of the warp pieces that the first weft had passed over, and over one and under one of the warp pieces that the first weft had passed under. </trans>
</sense></hom>
<hom role=""v""><pos>v</pos>
<sense n=""0""> <itype>[A; a12]</itype><trans> weave <ix>amákan.</ix> </trans>
</sense></hom>
<entry><form id=""inamaxkan"" lang=""ceb""><abbr expan=""inamákan"" type=""lemma"">-in-</abbr></form>
<hom role=""n""><pos>n</pos>
<sense n=""0""><trans> s.t. woven like <ix>amákan</ix>.
</trans>
</sense></hom></entry></entry>");
INSERT INTO `wced_head` (entryid, head, normalized_head, type, pos) VALUES (704, "amákan", "amakan", "m", "nv");
INSERT INTO `wced_head` (entryid, head, normalized_head, type, pos) VALUES (704, "inamákan", "inamakan", "s", "n");
INSERT INTO `wced_translation` (entryid, translation) VALUES (704, "bamboo matting");
INSERT INTO `wced_entry` VALUES (705, "am-am", "33", "<entry page=""33"" id=""705""><form id=""am-am"" lang=""ceb"">am-am</form>
<hom role=""v""><pos>v</pos>
<sense n=""0""> <itype>[B1256]</itype><trans> </trans>
</sense>
<sense n=""1""><number>1</number><trans> be open-mouthed from having eaten s.t. spicy. </trans>
<eg><i lang=""ceb"">Naam-am (nahaam-am) ang ákung bàbà sa síling kulikut,</i><trans> I opened my mouth wide when I ate the hot peppers. </trans></eg>
</sense>
<sense n=""2""><number>2</number><trans> feel stung by words of derogation which are true. </trans>
<eg><i lang=""ceb"">Nahaam-am (naam-am) ku pag-ingun níya nga tapulan kaáyu ku,</i><trans> I got stung by her words that I was very lazy. </trans></eg>
</sense></hom>
<entry><form id=""hiam-am_haam-am"" lang=""ceb""><abbr expan=""hiam-am"" type=""lemma"">hi-</abbr>/<abbr expan=""haam-am"" type=""lemma"">ha-</abbr></form>
<hom>
<sense n=""0""><trans> = <xr lang=""ceb"" target=""#am-am""><sc>am-am</sc></xr>.
</trans>
</sense></hom></entry></entry>");
INSERT INTO `wced_head` (entryid, head, normalized_head, type, pos) VALUES (705, "am-am", "am-am", "m", "v");
INSERT INTO `wced_head` (entryid, head, normalized_head, type, pos) VALUES (705, "hiam-am", "hiam-am", "s", "");
INSERT INTO `wced_head` (entryid, head, normalized_head, type, pos) VALUES (705, "haam-am", "haam-am", "s", "");
INSERT INTO `wced_entry` VALUES (706, "am-am", "33", "<entry page=""33"" id=""706""><form id=""am-axm"" lang=""ceb"">am-ám</form>
<hom>
<sense n=""0""><trans> = <xr lang=""ceb"" target=""#alam-axlam""><sc>alam-álam</sc></xr>.
</trans>
</sense></hom></entry>");
INSERT INTO `wced_head` (entryid, head, normalized_head, type, pos) VALUES (706, "am-ám", "am-am", "m", "");
INSERT INTO `wced_entry` VALUES (707, "amamahung", "33", "<entry page=""33"" id=""707""><form id=""amamahung"" lang=""ceb"">amamahung</form>
<hom>
<sense n=""0""><trans> = <xr lang=""ceb"" target=""#amahung""><sc>amahung</sc></xr>.
</trans>
</sense></hom></entry>");
INSERT INTO `wced_head` (entryid, head, normalized_head, type, pos) VALUES (707, "amamahung", "amamahung", "m", "");
INSERT INTO `wced_entry` VALUES (708, "amamakul", "33", "<entry page=""33"" id=""708""><form id=""amamakul"" lang=""ceb"">amamakul</form>
<hom role=""n""><pos>n</pos>
<sense n=""0""><trans> k.o. edible <tr>mushroom</tr> that grows on decayed banana stalks. It has a slender stem, thin skin, and is dark grey in color.
</trans>
</sense></hom></entry>");
INSERT INTO `wced_head` (entryid, head, normalized_head, type, pos) VALUES (708, "amamakul", "amamakul", "m", "n");
INSERT INTO `wced_translation` (entryid, translation) VALUES (708, "mushroom");
INSERT INTO `wced_entry` VALUES (709, "amamaliw", "33", "<entry page=""33"" id=""709""><form id=""amamaliw"" lang=""ceb"">amamaliw</form>
<hom>
<sense n=""0""><trans> (from <ix>baliw</ix>) </trans>
</sense></hom>
<hom role=""n""><pos>n</pos>
<sense n=""0""><trans> s.o. incestuous who gets struck by a thunderbolt as divine punishment. </trans>
</sense></hom>
<hom role=""v""><pos>v</pos>
<sense n=""0""> <itype>[B126]</itype><trans> become an <ix>amamaliw.</ix>
</trans>
</sense></hom></entry>");
INSERT INTO `wced_head` (entryid, head, normalized_head, type, pos) VALUES (709, "amamaliw", "amamaliw", "m", "nv");
INSERT INTO `wced_entry` VALUES (710, "amamangkas", "33", "<entry page=""33"" id=""710""><form id=""amamangkas"" lang=""ceb"">amamangkas</form>
<hom role=""n""><pos>n</pos>
<sense n=""0""><trans> k.o. thick-bodied and thick-shelled, edible, fresh-water <tr>crab</tr> growing to <measure reg=""7.7 cm"">3″</measure>, found in rivers and rice paddies. They are so called because they climb on water lilies and ride them (<ix>angkas</ix>) to the sea.
</trans>
</sense></hom></entry>");
INSERT INTO `wced_head` (entryid, head, normalized_head, type, pos) VALUES (710, "amamangkas", "amamangkas", "m", "n");
INSERT INTO `wced_translation` (entryid, translation) VALUES (710, "crab");
INSERT INTO `wced_entry` VALUES (711, "amamangluy", "33", "<entry page=""33"" id=""711""><form id=""amamangluy"" lang=""ceb"">amamangluy</form>
<hom role=""n""><pos>n</pos>
<sense n=""0""><trans> <tr>insect</tr> similar to the katydid. It makes a chirping sound in the evening.
</trans>
</sense></hom></entry>");
INSERT INTO `wced_head` (entryid, head, normalized_head, type, pos) VALUES (711, "amamangluy", "amamangluy", "m", "n");
INSERT INTO `wced_translation` (entryid, translation) VALUES (711, "insect");
INSERT INTO `wced_entry` VALUES (712, "amamangpang", "33", "<entry page=""33"" id=""712""><form id=""amamangpang"" lang=""ceb"">amamangpang</form>
<hom role=""n""><pos>n</pos>
<sense n=""0""><trans> k.o. <tr>fish</tr> of shallow waters.
</trans>
</sense></hom></entry>");
INSERT INTO `wced_head` (entryid, head, normalized_head, type, pos) VALUES (712, "amamangpang", "amamangpang", "m", "n");
INSERT INTO `wced_translation` (entryid, translation) VALUES (712, "fish");
INSERT INTO `wced_entry` VALUES (713, "amamaylan", "33", "<entry page=""33"" id=""713""><form id=""amamaylan"" lang=""ceb"">amamaylan</form>
<hom>
<sense n=""0""><trans> = <xr lang=""ceb"" target=""#baylan""><sc>baylan</sc></xr>.
</trans>
</sense></hom></entry>");
INSERT INTO `wced_head` (entryid, head, normalized_head, type, pos) VALUES (713, "amamaylan", "amamaylan", "m", "");
INSERT INTO `wced_entry` VALUES (714, "amang", "33", "<entry page=""33"" id=""714""><form id=""amang"" lang=""ceb"">amang</form>
<hom role=""a""><pos>a</pos>
<sense n=""1""><number>1</number><trans> <tr>mute</tr>. </trans>
<eg><i lang=""ceb"">Unsáun pagtubag ni Pidru ug amang siya?</i><trans> How can Pedro answer if he is mute? </trans></eg>
</sense>
<sense n=""2""><number>2</number><trans> <tr>silent</tr>. </trans>
<eg><i lang=""ceb"">Ang bungbung ray amang nga saksi sa ílang gibúhat,</i><trans> The walls were the mute witnesses to their deeds. </trans></eg>
</sense></hom>
<hom role=""v""><pos>v</pos>
<sense n=""0""> <itype>[B123(1)]</itype><trans> become mute, struck speechless. </trans>
<eg><i lang=""ceb"">Naamang si Pidru sa pagkadungug sa balità,</i><trans> Peter was struck speechless upon hearing the news. </trans></eg>
</sense></hom>
<entry><form id=""inamang"" lang=""ceb""><abbr expan=""inamang"" type=""lemma"">-in-</abbr></form>
<hom role=""n""><pos>n</pos>
<sense n=""0""><trans> <tr>pantomime</tr>, in sign language.
</trans>
</sense></hom></entry></entry>");
INSERT INTO `wced_head` (entryid, head, normalized_head, type, pos) VALUES (714, "amang", "amang", "m", "av");
INSERT INTO `wced_head` (entryid, head, normalized_head, type, pos) VALUES (714, "inamang", "inamang", "s", "n");
INSERT INTO `wced_translation` (entryid, translation) VALUES (714, "mute");
INSERT INTO `wced_translation` (entryid, translation) VALUES (714, "silent");
INSERT INTO `wced_translation` (entryid, translation) VALUES (714, "pantomime");
INSERT INTO `wced_entry` VALUES (715, "amang-amang", "33", "<entry page=""33"" id=""715""><form id=""amang-amang"" lang=""ceb"">amang-amang</form>
<hom role=""v""><pos>v</pos>
<sense n=""0""> <itype>[A; b(1)]</itype><trans> have the nerve to do s.t. which an ordinary person wouldn’t dare do. </trans>
<eg><i lang=""ceb"">Mu ra nay ímung abilidad, unyà mag-amang-amang kag pangulitáwu sa anak sa ímung manidyir?</i><trans> You are a nobody, but you dare propose to your manager’s daughter?
<pb n=""34""/>
</trans></eg>
</sense></hom></entry>");
INSERT INTO `wced_head` (entryid, head, normalized_head, type, pos) VALUES (715, "amang-amang", "amang-amang", "m", "v");
INSERT INTO `wced_entry` VALUES (716, "amangtan", "34", "<entry page=""34"" id=""716""><form id=""amangtan"" lang=""ceb"">amangtan</form>
<hom role=""n""><pos>n</pos>
<sense n=""0""><trans> k.o. <tr>fish</tr> of shallow waters.
</trans>
</sense></hom></entry>");
INSERT INTO `wced_head` (entryid, head, normalized_head, type, pos) VALUES (716, "amangtan", "amangtan", "m", "n");
INSERT INTO `wced_translation` (entryid, translation) VALUES (716, "fish");
INSERT INTO `wced_entry` VALUES (717, "*amanti", "34", "<entry page=""34"" id=""717""><form id=""xxamanti"" lang=""ceb"">*amanti</form>
<entry><form id=""prinsipi_amanti"" lang=""ceb"">prinsipi <abbr expan=""amanti"" type=""lemma"">—</abbr></form>
<hom>
<sense n=""0""><trans> Prince Charming.
</trans>
</sense></hom></entry></entry>");
INSERT INTO `wced_head` (entryid, head, normalized_head, type, pos) VALUES (717, "amanti", "amanti", "s", "");
INSERT INTO `wced_head` (entryid, head, normalized_head, type, pos) VALUES (717, "prinsipi amanti", "prinsipi amanti", "s", "");
INSERT INTO `wced_entry` VALUES (718, "amanus", "34", "<entry page=""34"" id=""718""><form id=""amaxnus"" lang=""ceb"">amánus</form>
<hom role=""a""><pos>a</pos>
<sense n=""0""><trans> <tr>equal</tr>, even stevens. </trans>
<eg><i lang=""ceb"">Pildi kug diyis, pildi sad kag diyis, dì amánus na ta,</i><trans> I lost ten pesos and you lost ten pesos, so that makes us even. </trans></eg>
</sense></hom>
<hom role=""v""><pos>v</pos>
<sense n=""1""><number>1</number> <itype>[B1C; c1]</itype><trans> make things come out even. </trans>
<eg><i lang=""ceb"">Amanúsun (iamánus) ku lang ang ímung útang sa útang ni Máma kanímu,</i><trans> You owe me the same amount my mother owes you, so I’ll call it even. </trans></eg>
</sense>
<sense n=""2""><number>2</number> <itype>[C; c1]</itype><trans> call it quits, declare a tie. </trans>
<eg><i lang=""ceb"">Amanúsun (iamánus) ta ning átung tsis,</i><trans> Let’s call our chess game quits.
</trans></eg>
</sense></hom></entry>");
INSERT INTO `wced_head` (entryid, head, normalized_head, type, pos) VALUES (718, "amánus", "amanus", "m", "av");
INSERT INTO `wced_translation` (entryid, translation) VALUES (718, "equal");
INSERT INTO `wced_entry` VALUES (719, "amapulun", "34", "<entry page=""34"" id=""719""><form id=""amapuxlun"" lang=""ceb"">amapúlun</form>
<hom role=""n""><pos>n</pos>
<sense n=""0""><trans> <tr>blood clots</tr> in the womb after delivery. </trans>
</sense></hom>
<hom role=""v""><pos>v</pos>
<sense n=""0""> <itype>[b4]</itype><trans> have blood clots in the womb after delivery. </trans>
<eg><i lang=""ceb"">Giamapúnan ku mau nga misakit ang ákung tiyan,</i><trans> I had blood clots in my womb so I had stomach pains.
</trans></eg>
</sense></hom></entry>");
INSERT INTO `wced_head` (entryid, head, normalized_head, type, pos) VALUES (719, "amapúlun", "amapulun", "m", "nv");
INSERT INTO `wced_translation` (entryid, translation) VALUES (719, "blood clots");
INSERT INTO `wced_entry` VALUES (720, "amapung", "34", "<entry page=""34"" id=""720""><form id=""amapuxng"" lang=""ceb"">amapúng</form>
<hom role=""n""><pos>n</pos>
<sense n=""0""><trans> <tr>wild vine</tr> with round leaves and bell-shaped white axillary flowers. The leaves are cooked as a vegetable.
</trans>
</sense></hom></entry>");
INSERT INTO `wced_head` (entryid, head, normalized_head, type, pos) VALUES (720, "amapúng", "amapung", "m", "n");
INSERT INTO `wced_translation` (entryid, translation) VALUES (720, "wild vine");
INSERT INTO `wced_entry` VALUES (721, "amargusu", "34", "<entry page=""34"" id=""721""><form id=""amarguxsu"" lang=""ceb"">amargúsu</form>
<hom>
<sense n=""0""><trans> = <xr lang=""ceb"" target=""#paliya""><sc>paliya</sc></xr>.
</trans>
</sense></hom></entry>");
INSERT INTO `wced_head` (entryid, head, normalized_head, type, pos) VALUES (721, "amargúsu", "amargusu", "m", "");
INSERT INTO `wced_entry` VALUES (722, "amarilyu", "34", "<entry page=""34"" id=""722""><form id=""amarilyu"" lang=""ceb"">amarilyu</form>
<hom role=""a""><pos>a</pos>
<sense n=""0""><trans> <tr>yellow</tr>. </trans>
</sense></hom>
<hom role=""v""><pos>v</pos>
<sense n=""0""> <itype>[B; a]</itype><trans> be, color s.t. yellow. </trans>
<eg><i lang=""ceb"">Ug dulaw ipulug, maamarilyu ang buluk,</i><trans> If you dye it with <corr sic=""tumeric"">turmeric</corr>, it will come out yellow.
</trans></eg>
</sense></hom></entry>");
INSERT INTO `wced_head` (entryid, head, normalized_head, type, pos) VALUES (722, "amarilyu", "amarilyu", "m", "av");
INSERT INTO `wced_translation` (entryid, translation) VALUES (722, "yellow");
INSERT INTO `wced_entry` VALUES (723, "amaspas", "34", "<entry page=""34"" id=""723""><form id=""amaspas"" lang=""ceb"">amaspas</form>
<hom role=""n""><pos>n</pos>
<sense n=""0""><trans> <tr>sawfish</tr>.
</trans>
</sense></hom></entry>");
INSERT INTO `wced_head` (entryid, head, normalized_head, type, pos) VALUES (723, "amaspas", "amaspas", "m", "n");
INSERT INTO `wced_translation` (entryid, translation) VALUES (723, "sawfish");
INSERT INTO `wced_entry` VALUES (724, "amasuna", "34", "<entry page=""34"" id=""724""><form id=""amasuxna"" lang=""ceb"">amasúna</form>
<hom role=""n""><pos>n</pos>
<sense n=""0""><trans> <tr>amazon</tr>.
</trans>
</sense></hom></entry>");
INSERT INTO `wced_head` (entryid, head, normalized_head, type, pos) VALUES (724, "amasúna", "amasuna", "m", "n");
INSERT INTO `wced_translation` (entryid, translation) VALUES (724, "amazon");
INSERT INTO `wced_entry` VALUES (725, "amat", "34", "<entry page=""34"" id=""725""><form id=""amat"" lang=""ceb"">amat</form>
<hom role=""a""><pos>a</pos>
<sense n=""0""><trans> <tr>bad</tr>, <tr>ugly</tr>, poor in quality. </trans>
<eg><i lang=""ceb"">Amat ang klási ning panaptúna,</i><trans> This cloth is of poor quality. </trans></eg>
<eg><i lang=""ceb"">Amat siyag batásan,</i><trans> She has bad ways about her. </trans></eg>
</sense></hom>
<hom role=""v""><pos>v</pos>
<sense n=""0""> <itype>[B; a2]</itype><trans> be poor in quality, bad, ugly. </trans>
<eg><i lang=""ceb"">Ayawg amata nà pagbúhat,</i><trans> Don’t do it untidily.
</trans></eg>
</sense></hom></entry>");
INSERT INTO `wced_head` (entryid, head, normalized_head, type, pos) VALUES (725, "amat", "amat", "m", "av");
INSERT INTO `wced_translation` (entryid, translation) VALUES (725, "bad");
INSERT INTO `wced_translation` (entryid, translation) VALUES (725, "ugly");
INSERT INTO `wced_entry` VALUES (726, "amat", "34", "<entry page=""34"" id=""726""><form id=""axmat"" lang=""ceb"">ámat</form>
<hom role=""n""><pos>n</pos>
<sense n=""0""><trans> <tr>sweet potato sprout</tr>, esp. those which come from potatoes missed in the harvest. </trans>
</sense></hom>
<entry><form id=""pangaxmat"" lang=""ceb""><abbr expan=""pangámat"" type=""lemma"">paN-</abbr></form>
<hom role=""v""><pos>v</pos>
<sense n=""0""> <itype>[A2; b(1)]</itype><trans> dig out the <corr sic=""left-over"">leftover</corr> sweet potatoes that have sprouted. </trans>
<eg><i lang=""ceb"">Nangámat silag kamúting ílang isugba,</i><trans> They looked for leftover sweet potatoes to broil.
</trans></eg>
</sense></hom></entry></entry>");
INSERT INTO `wced_head` (entryid, head, normalized_head, type, pos) VALUES (726, "ámat", "amat", "m", "n");
INSERT INTO `wced_head` (entryid, head, normalized_head, type, pos) VALUES (726, "pangámat", "pangamat", "s", "v");
INSERT INTO `wced_translation` (entryid, translation) VALUES (726, "sweet potato sprout");
INSERT INTO `wced_entry` VALUES (727, "amatung", "34", "<entry page=""34"" id=""727""><form id=""amaxtung"" lang=""ceb"">amátung</form>
<hom role=""n""><pos>n</pos>
<sense n=""0""><trans> <tr>method of catching crabs</tr> by using shredded coconut as bait. </trans>
</sense></hom>
<hom role=""v""><pos>v</pos>
<sense n=""0""> <itype>[A; a]</itype><trans> catch land crabs by strewing coconut around.
</trans>
</sense></hom></entry>");
INSERT INTO `wced_head` (entryid, head, normalized_head, type, pos) VALUES (727, "amátung", "amatung", "m", "nv");
INSERT INTO `wced_translation` (entryid, translation) VALUES (727, "method of catching crabs");
INSERT INTO `wced_entry` VALUES (728, "amatyur", "34", "<entry page=""34"" id=""728""><form id=""amatyur"" lang=""ceb"">amatyur</form>
<hom role=""n""><pos>n</pos>
<sense n=""1""><number>1</number><trans> <tr>singing contest</tr> for amateurs. </trans>
<eg><i lang=""ceb"">Muapil ka sa amatyur sa diway-arsi?</i><trans> Will you take part in the singing contest over <asc>DYRC</asc>? </trans></eg>
</sense>
<sense n=""2""><number>2</number><trans> <tr>amateur</tr> singer, athlete, etc. </trans>
</sense></hom>
<hom role=""v""><pos>v</pos>
<sense n=""0""> <itype>[A1; b(1)]</itype><trans> hold an amateur contest.
</trans>
</sense></hom></entry>");
INSERT INTO `wced_head` (entryid, head, normalized_head, type, pos) VALUES (728, "amatyur", "amatyur", "m", "nv");
INSERT INTO `wced_translation` (entryid, translation) VALUES (728, "singing contest");
INSERT INTO `wced_translation` (entryid, translation) VALUES (728, "amateur");
INSERT INTO `wced_entry` VALUES (729, "amaun", "34", "<entry page=""34"" id=""729""><form id=""amaxun"" lang=""ceb"">amáun</form>
<hom>
<sense n=""0""><trans> <ix>see</ix> <xr lang=""ceb"" target=""#ama""><sc>ama</sc></xr>.
</trans>
</sense></hom></entry>");
INSERT INTO `wced_head` (entryid, head, normalized_head, type, pos) VALUES (729, "amáun", "amaun", "m", "");
INSERT INTO `wced_entry` VALUES (730, "amaw", "34", "<entry page=""34"" id=""730""><form id=""amaw"" lang=""ceb"">amaw</form>
<hom role=""n""><pos>n</pos>
<sense n=""0""><trans> <tr>feeble-minded</tr>. </trans>
<eg><i lang=""ceb"">Ang amaw maglisud ug sabut sa mga túgun,</i><trans> The feeble-minded person has a hard time understanding instructions. </trans></eg>
</sense></hom>
<hom role=""v""><pos>v</pos>
<sense n=""0""> <itype>[B12]</itype><trans> be, become feeble-minded. </trans>
</sense></hom>
<entry><form id=""amaxwun"" lang=""ceb""><abbr expan=""amáwun"" type=""lemma"">-un</abbr></form>
<hom role=""a""><pos>a</pos>
<sense n=""0""><trans> of a feeble-minded sort.
</trans>
</sense></hom></entry></entry>");
INSERT INTO `wced_head` (entryid, head, normalized_head, type, pos) VALUES (730, "amaw", "amaw", "m", "nv");
INSERT INTO `wced_head` (entryid, head, normalized_head, type, pos) VALUES (730, "amáwun", "amawun", "s", "a");
INSERT INTO `wced_translation` (entryid, translation) VALUES (730, "feeble-minded");
INSERT INTO `wced_entry` VALUES (731, "amay", "34", "<entry page=""34"" id=""731""><form id=""axmay"" lang=""ceb"">ámay</form>
<hom role=""n""><pos>n</pos>
<sense n=""1""><number>1</number><trans> <tr>marrow</tr> of the bones. </trans>
</sense>
<sense n=""2""><number>2</number><trans> outermost layer of the timber next to the bark. </trans>
</sense></hom>
<hom role=""v""><pos>v</pos>
<sense n=""0""> <itype>[c1]</itype><trans> make s.t. out of this material.
</trans>
</sense></hom></entry>");
INSERT INTO `wced_head` (entryid, head, normalized_head, type, pos) VALUES (731, "ámay", "amay", "m", "nv");
INSERT INTO `wced_translation` (entryid, translation) VALUES (731, "marrow");
INSERT INTO `wced_entry` VALUES (732, "amayung", "34", "<entry page=""34"" id=""732""><form id=""amaxyung"" lang=""ceb"">amáyung</form>
<hom role=""a""><pos>a</pos>
<sense n=""0""><trans> <tr>gloomy</tr>, lightly <tr>overcast</tr>. </trans>
</sense></hom>
<hom role=""v""><pos>v</pos>
<sense n=""0""> <itype>[B]</itype><trans> be or become gloomy, lightly overcast. </trans>
<eg><i lang=""ceb"">Muamáyung gánì hipúsa ang binulad nga humay,</i><trans> If it gets overcast, gather the rice grains.
</trans></eg>
</sense></hom></entry>");
INSERT INTO `wced_head` (entryid, head, normalized_head, type, pos) VALUES (732, "amáyung", "amayung", "m", "av");
INSERT INTO `wced_translation` (entryid, translation) VALUES (732, "gloomy");
INSERT INTO `wced_translation` (entryid, translation) VALUES (732, "overcast");
INSERT INTO `wced_entry` VALUES (733, "amba", "34", "<entry page=""34"" id=""733""><form id=""ambaq"" lang=""ceb"">ambà</form>
<hom role=""v""><pos>v</pos>
<sense n=""0""> <itype>[A; b3]</itype><trans> <tr>low</tr>, <tr>moo</tr>. </trans>
<eg><i lang=""ceb"">Nag-ambà ang báka,</i><trans> The cow is lowing.
</trans></eg>
</sense></hom></entry>");
INSERT INTO `wced_head` (entryid, head, normalized_head, type, pos) VALUES (733, "ambà", "amba", "m", "v");
INSERT INTO `wced_translation` (entryid, translation) VALUES (733, "low");
INSERT INTO `wced_translation` (entryid, translation) VALUES (733, "moo");
INSERT INTO `wced_entry` VALUES (734, "ambahan", "34", "<entry page=""34"" id=""734""><form id=""ambaxhan"" lang=""ceb"">ambáhan</form>
<hom role=""v""><pos>v</pos>
<sense n=""0""> <itype>[A; b(1)]</itype><trans> go s.w. in a <tr>large group</tr>. </trans>
<eg><i lang=""ceb"">Nag-ambáhan ang mga táwung nanagbù sa bag-ung kardinal,</i><trans> The people trooped in to greet the new cardinal. </trans></eg>
</sense></hom>
<hom role=""n""><pos>n</pos>
<sense n=""0""><trans> large moving group.
</trans>
</sense></hom></entry>");
INSERT INTO `wced_head` (entryid, head, normalized_head, type, pos) VALUES (734, "ambáhan", "ambahan", "m", "vn");
INSERT INTO `wced_translation` (entryid, translation) VALUES (734, "large group");
INSERT INTO `wced_entry` VALUES (735, "ambak1", "34", "<entry page=""34"" id=""735""><form id=""ambak"" lang=""ceb"">ambak<sub>1</sub></form>
<hom role=""v""><pos>v</pos>
<sense n=""0""> <itype>[A; c]</itype><trans> <tr>jump</tr> down to a lower place. </trans>
<eg><i lang=""ceb"">Ang túbig nga nag-ambak sa línaw gíkan sa humayan,</i><trans> The water that falls into the pool comes from the ricefield. </trans></eg>
<eg><i lang=""ceb"">Giambakan ku sa ungguy,</i><trans> The monkey jumped down on me. </trans></eg>
<eg><i lang=""ceb"">Iambak nang písì didtu,</i><trans> Throw that rope down there. </trans></eg>
</sense></hom>
<entry><form id=""ambak-ambak"" lang=""ceb"">ambak-ambak<corr><sub>1</sub></corr></form>
<hom role=""v""><pos>v</pos>
<sense n=""0""> <itype>[A; b(1)]</itype><trans> <tr>jump</tr> up and down.†
</trans>
</sense></hom></entry></entry>");
INSERT INTO `wced_head` (entryid, head, normalized_head, type, pos) VALUES (735, "ambak", "ambak", "s", "v");
INSERT INTO `wced_head` (entryid, head, normalized_head, type, pos) VALUES (735, "ambak-ambak", "ambak-ambak", "s", "v");
INSERT INTO `wced_translation` (entryid, translation) VALUES (735, "jump");
INSERT INTO `wced_entry` VALUES (736, "ambak2", "34", "<entry page=""34"" id=""736""><form id=""ambak2"" lang=""ceb"">ambak<sub>2</sub></form>
<hom role=""n""><pos>n</pos>
<sense n=""0""><trans> <tr>headhunters</tr> in Negros of former times who killed strangers to bury with their dead.
</trans>
</sense></hom></entry>");
INSERT INTO `wced_head` (entryid, head, normalized_head, type, pos) VALUES (736, "ambak", "ambak", "s", "n");
INSERT INTO `wced_translation` (entryid, translation) VALUES (736, "headhunters");
INSERT INTO `wced_entry` VALUES (737, "ambak-ambak2", "34", "<entry page=""34"" id=""737""><form id=""ambak-ambak2"" lang=""ceb"">ambak-ambak<corr><sub>2</sub></corr></form>
<hom role=""n""><pos>n</pos>
<sense n=""0""><trans> k.o. <tr>fish</tr>.
</trans>
</sense></hom></entry>");
INSERT INTO `wced_head` (entryid, head, normalized_head, type, pos) VALUES (737, "ambak-ambak", "ambak-ambak", "s", "n");
INSERT INTO `wced_translation` (entryid, translation) VALUES (737, "fish");
INSERT INTO `wced_entry` VALUES (738, "ambalang", "34", "<entry page=""34"" id=""738""><form id=""ambalang"" lang=""ceb"">ambalang</form>
<hom role=""n""><pos>n</pos>
<sense n=""0""><trans> k.o. edible <tr>seaweed</tr> found in tidal flats. It is green, soft, and has short straight branches similar to corals.
</trans>
</sense></hom></entry>");
INSERT INTO `wced_head` (entryid, head, normalized_head, type, pos) VALUES (738, "ambalang", "ambalang", "m", "n");
INSERT INTO `wced_translation` (entryid, translation) VALUES (738, "seaweed");
INSERT INTO `wced_entry` VALUES (739, "ambang", "34", "<entry page=""34"" id=""739""><form id=""ambaxng"" lang=""ceb"">ambáng</form>
<hom>
<sense n=""0""><trans> = <xr lang=""ceb"" target=""#ambalang""><sc>ambalang</sc></xr>.
</trans>
</sense></hom></entry>");
INSERT INTO `wced_head` (entryid, head, normalized_head, type, pos) VALUES (739, "ambáng", "ambang", "m", "");
INSERT INTO `wced_entry` VALUES (740, "ambangul", "34", "<entry page=""34"" id=""740""><form id=""ambangul"" lang=""ceb"">ambangul</form>
<hom>
<sense n=""0""><trans> = <xr lang=""ceb"" target=""#umbangul""><sc>umbangul</sc></xr>.
</trans>
</sense></hom></entry>");
INSERT INTO `wced_head` (entryid, head, normalized_head, type, pos) VALUES (740, "ambangul", "ambangul", "m", "");
INSERT INTO `wced_entry` VALUES (741, "ambas", "34", "<entry page=""34"" id=""741""><form id=""ambas"" lang=""ceb"">ambas</form>
<hom role=""a""><pos>a</pos>
<sense n=""0""><trans> <tr>equal</tr> in some way. </trans>
<eg><i lang=""ceb"">Ambas si Pidru ug Husi ug abilidad,</i><trans> Pedro and Jose are equal in ability. </trans></eg>
</sense></hom>
<hom role=""v""><pos>v</pos>
<sense n=""0""> <itype>[BC3; b]</itype><trans> be <tr>equal</tr> in quality or ability. </trans>
<eg><i lang=""ceb"">Muambas ang tíngug mu sa kang Husi,</i><trans> Your voice is just like Jose’s. </trans></eg>
<eg><i lang=""ceb"">Dílì kaambásan kining pintúra,</i><trans> This paint job cannot be matched.†
</trans></eg>
</sense></hom></entry>");
INSERT INTO `wced_head` (entryid, head, normalized_head, type, pos) VALUES (741, "ambas", "ambas", "m", "av");
INSERT INTO `wced_translation` (entryid, translation) VALUES (741, "equal");
INSERT INTO `wced_entry` VALUES (742, "ambaw", "34", "<entry page=""34"" id=""742""><form id=""ambaw"" lang=""ceb"">ambaw</form>
<hom role=""n""><pos>n</pos>
<sense n=""0""><trans> a k.o. small <tr>mouse</tr>.
</trans>
</sense></hom></entry>");
INSERT INTO `wced_head` (entryid, head, normalized_head, type, pos) VALUES (742, "ambaw", "ambaw", "m", "n");
INSERT INTO `wced_translation` (entryid, translation) VALUES (742, "mouse");
INSERT INTO `wced_entry` VALUES (743, "ambi", "34", "<entry page=""34"" id=""743""><form id=""ambi"" lang=""ceb"">ambi</form>
<hom>
<sense n=""1""><number>1</number><trans> <tr>give</tr> it to me. </trans>
<eg><i lang=""ceb"">Ambi ra gud ang butilya,</i><trans> Let me have the bottle. </trans></eg>
</sense>
<sense n=""2""><number>2</number><trans> particle used in making a request or asking permission. </trans>
<eg><i lang=""ceb"">Ambi, tugtúga kunu tung ‘Sa Kabukíran’,</i><trans> Here, play ‘In the Mountains’. </trans></eg>
<eg><i lang=""ceb"">Ambi, pasimhúta kunu ta,</i><trans> Here, let me take a whiff. </trans></eg>
</sense>
<sense n=""3""><number>3</number><trans> here, let’s give it a try. </trans>
<eg><i lang=""ceb"">Ambi, átung basáhun áring pahináha. Día tingáli,</i><trans> Here, let me take a look at this page. It’s probably here. </trans></eg>
</sense>
<sense n=""4""><number>4</number><trans> particle expressing a concession for the sake of argument. </trans>
<eg><i lang=""ceb"">Ambi, ug walà pa ka dinhi, dì tà ka hikit-an,</i><trans> All right, if you were not here, nobody could have seen you, right?
</trans></eg>
</sense></hom></entry>");
INSERT INTO `wced_head` (entryid, head, normalized_head, type, pos) VALUES (743, "ambi", "ambi", "m", "");
INSERT INTO `wced_translation` (entryid, translation) VALUES (743, "give");
INSERT INTO `wced_entry` VALUES (744, "ambid, ambig", "34", "<entry page=""34"" id=""744""><form id=""ambid_ambig"" lang=""ceb"">ambid, ambig</form>
<hom>
<sense n=""0""><trans> = <xr lang=""ceb"" target=""#amgid""><sc>amgid</sc></xr>.
</trans>
</sense></hom></entry>");
INSERT INTO `wced_head` (entryid, head, normalized_head, type, pos) VALUES (744, "ambid", "ambid", "s", "");
INSERT INTO `wced_head` (entryid, head, normalized_head, type, pos) VALUES (744, "ambig", "ambig", "s", "");
INSERT INTO `wced_entry` VALUES (745, "ambihas, ambihas", "34", "<entry page=""34"" id=""745""><form id=""ambihas_ambixhas"" lang=""ceb"">ambihas, ambíhas</form>
<hom role=""a""><pos>a</pos>
<sense n=""0""><trans> two things <tr>parallel</tr> or <tr>face to face</tr> but one slightly behind or to the side. </trans>
<eg><i lang=""ceb"">Ambíhas ang duha ka gawang,</i><trans> The two doors are opposite but not face to face. </trans></eg>
</sense></hom>
<hom role=""v""><pos>v</pos>
<sense n=""1""><number>1</number> <itype>[B56; a12]</itype><trans> for things to be parallel but not face to face or in line. </trans>
<eg><i lang=""ceb"">Ug muambíhas ang paglátid muhíwì ang bungbung,</i><trans> If the measurements are out of line, <pb n=""35""/>the wall will turn out crooked. </trans></eg>
<eg><i lang=""ceb"">Ambihása pagbutang ang duha ka silya arun makakità ang maglingkud sa luyu,</i><trans> Stagger the two chairs so that whoever is at the back can see. </trans></eg>
</sense>
<sense n=""2""><number>2</number> <itype>[C]</itype><trans> pass each other while travelling in opposite directions along the parallel routes. </trans>
<eg><i lang=""ceb"">Ang duha ka trín nagkaambíhas,</i><trans> The two trains passed each other.
</trans></eg>
</sense></hom></entry>");
INSERT INTO `wced_head` (entryid, head, normalized_head, type, pos) VALUES (745, "ambihas", "ambihas", "s", "av");
INSERT INTO `wced_head` (entryid, head, normalized_head, type, pos) VALUES (745, "ambíhas", "ambihas", "s", "av");
INSERT INTO `wced_translation` (entryid, translation) VALUES (745, "parallel");
INSERT INTO `wced_translation` (entryid, translation) VALUES (745, "face to face");
INSERT INTO `wced_entry` VALUES (746, "ambilay", "35", "<entry page=""35"" id=""746""><form id=""ambilay"" lang=""ceb"">ambilay</form>
<hom role=""v""><pos>v</pos>
<sense n=""0""> <itype>[A; c1]</itype><trans> carry s.t. with a strap slung over the shoulder. </trans>
<eg><i lang=""ceb"">Nag-ambilay siya sa íyang kamira,</i><trans> He is carrying his camera slung over his shoulder. </trans></eg>
<eg><i lang=""ceb"">Iambilay nang ripli,</i><trans> Carry your rifle slung over your shoulder.
</trans></eg>
</sense></hom></entry>");
INSERT INTO `wced_head` (entryid, head, normalized_head, type, pos) VALUES (746, "ambilay", "ambilay", "m", "v");
INSERT INTO `wced_entry` VALUES (747, "ambir", "35", "<entry page=""35"" id=""747""><form id=""ambir"" lang=""ceb"">ambir</form>
<hom>
<sense n=""0""><trans> = <xr lang=""ceb"" target=""#abir""><sc>abir</sc></xr>.
</trans>
</sense></hom></entry>");
INSERT INTO `wced_head` (entryid, head, normalized_head, type, pos) VALUES (747, "ambir", "ambir", "m", "");
INSERT INTO `wced_entry` VALUES (748, "ambisiyun", "35", "<entry page=""35"" id=""748""><form id=""ambisiyun"" lang=""ceb"">ambisiyun</form>
<hom role=""n""><pos>n</pos>
<sense n=""0""><trans> <tr>ambition</tr>, aspiration. </trans>
<eg><i lang=""ceb"">Mu ray íyang ambisiyun ang pagkamaistru,</i><trans> Being a teacher is his only ambition. </trans></eg>
</sense></hom>
<hom role=""v""><pos>v</pos>
<sense n=""0""> <itype>[A1N]</itype><trans> <tr>aspire</tr>. </trans>
<eg><i lang=""ceb"">Nag-ambisiyun (nangambisiyun) siyag palit ug awtu,</i><trans> He has ambitions of buying a car.†
</trans></eg>
</sense></hom></entry>");
INSERT INTO `wced_head` (entryid, head, normalized_head, type, pos) VALUES (748, "ambisiyun", "ambisiyun", "m", "nv");
INSERT INTO `wced_translation` (entryid, translation) VALUES (748, "ambition");
INSERT INTO `wced_translation` (entryid, translation) VALUES (748, "aspire");
INSERT INTO `wced_entry` VALUES (749, "ambisyusu", "35", "<entry page=""35"" id=""749""><form id=""ambisyuxsu"" lang=""ceb"">ambisyúsu</form>
<hom role=""a""><pos>a</pos>
<sense n=""0""><trans> <tr>ambitious</tr>. </trans>
<eg><i lang=""ceb"">Kining búang nga ambisyúsu kaáyu nangulitáwu sa prinsísa,</i><trans> This ambitious fool is courting the princess. </trans></eg>
</sense></hom>
<hom role=""v""><pos>v</pos>
<sense n=""0""> <itype>[B12]</itype><trans> become ambitious.
</trans>
</sense></hom></entry>");
INSERT INTO `wced_head` (entryid, head, normalized_head, type, pos) VALUES (749, "ambisyúsu", "ambisyusu", "m", "av");
INSERT INTO `wced_translation` (entryid, translation) VALUES (749, "ambitious");
INSERT INTO `wced_entry` VALUES (750, "ambit", "35", "<entry page=""35"" id=""750""><form id=""ambit"" lang=""ceb"">ambit</form>
<hom role=""v""><pos>v</pos>
<sense n=""1""><number>1</number> <itype>[A; a2b7]</itype><trans> get a <tr>share</tr>. </trans>
<eg><i lang=""ceb"">Kiri rang usa ka kílu ákung ambítun,</i><trans> I’ll take only this one kilogram as my share. </trans></eg>
<eg><i lang=""ceb"">Ambítan tag duha ka gantang ning ímung humay,</i><trans> I’ll take six quarts as my portion of your rice. </trans></eg>
<eg><i lang=""ceb"">Ambíti kug gamay,</i><trans> Let me have a small share. </trans></eg>
</sense></hom>
<entry><form id=""ambit_sa_kasubuq_ambit_sa_kalixpay"" lang=""ceb""><abbr expan=""ambit"" type=""lemma"">—</abbr> sa kasubù, <abbr expan=""ambit sa kalípay"" type=""lemma"">kalípay</abbr></form>
<hom>
<sense n=""0""><trans> <tr>share</tr> in one’s sorrow, happiness. </trans>
</sense>
<sense n=""2""><number>2</number> <itype>[A2; a2]</itype><trans> get in on <tr>gossip</tr>. </trans>
<eg><i lang=""ceb"">Diin na pud ka makaambit ánang tabía?</i><trans> Where did you hear that gossip?
</trans></eg>
</sense></hom></entry></entry>");
INSERT INTO `wced_head` (entryid, head, normalized_head, type, pos) VALUES (750, "ambit", "ambit", "m", "v");
INSERT INTO `wced_head` (entryid, head, normalized_head, type, pos) VALUES (750, "ambit sa kasubù", "ambit sa kasubu", "s", "");
INSERT INTO `wced_head` (entryid, head, normalized_head, type, pos) VALUES (750, "ambit sa kalípay", "ambit sa kalipay", "s", "");
INSERT INTO `wced_translation` (entryid, translation) VALUES (750, "share");
INSERT INTO `wced_translation` (entryid, translation) VALUES (750, "gossip");
INSERT INTO `wced_entry` VALUES (751, "ambu", "35", "<entry page=""35"" id=""751""><form id=""ambuq"" lang=""ceb"">ambù</form>
<hom role=""v""><pos>v</pos>
<sense n=""0""> <itype>[AN; acP]</itype><trans> <tr>overlook</tr>, look from a high point, tower over. </trans>
<eg><i lang=""ceb"">Ambúa tung táwu sa sílung,</i><trans> Look down at the man downstairs. </trans></eg>
<eg><i lang=""ceb"">Ang gamayng balay giambúan sa dakung balay,</i><trans> The large house towered over the small one.
</trans></eg>
</sense></hom></entry>");
INSERT INTO `wced_head` (entryid, head, normalized_head, type, pos) VALUES (751, "ambù", "ambu", "m", "v");
INSERT INTO `wced_translation` (entryid, translation) VALUES (751, "overlook");
INSERT INTO `wced_entry` VALUES (752, "ambug", "35", "<entry page=""35"" id=""752""><form id=""ambug"" lang=""ceb"">ambug</form>
<hom role=""v""><pos>v</pos>
<sense n=""1""><number>1</number> <itype>[<sic>Ab2</sic>; ac]</itype><trans> go, bring down from the mountains to the lowlands. </trans>
<eg><i lang=""ceb"">Unsay ímung ambúgun?</i><trans> What are you going down to get? </trans></eg>
<eg><i lang=""ceb"">Iambug ning kamúti arun ibaligyà,</i><trans> Bring these sweet potatoes down to sell them. </trans></eg>
</sense>
<sense n=""2""><number>2</number> <itype>[A13]</itype><trans> looking over. </trans>
<eg><i lang=""ceb"">Ang káhuy nag-ambug sa ngilit sa pangpang,</i><trans> The tree is overlooking the edge of the cliff. </trans></eg>
</sense></hom>
<entry><form id=""paambug"" lang=""ceb""><abbr expan=""paambug"" type=""lemma"">pa-</abbr></form>
<hom role=""v""><pos>v</pos>
<sense n=""0""> <itype>[a]</itype><trans> build s.t. so it overlooks. </trans>
<eg><i lang=""ceb"">Gipaambug ku ang ámung payag sa ngilit sa pangpang,</i><trans> I built my hut looking over the edge of the cliff.
</trans></eg>
</sense></hom></entry></entry>");
INSERT INTO `wced_head` (entryid, head, normalized_head, type, pos) VALUES (752, "ambug", "ambug", "m", "v");
INSERT INTO `wced_head` (entryid, head, normalized_head, type, pos) VALUES (752, "paambug", "paambug", "s", "v");
INSERT INTO `wced_entry` VALUES (753, "ambuhut", "35", "<entry page=""35"" id=""753""><form id=""ambuxhut"" lang=""ceb"">ambúhut</form>
<hom role=""v""><pos>v</pos>
<sense n=""0""> <itype>[A]</itype><trans> belch forth smoke. </trans>
<eg><i lang=""ceb"">Nag-ambúhut ang asu,</i><trans> Smoke is billowing up. </trans></eg>
</sense></hom>
<entry><form id=""paambuxhut"" lang=""ceb""><abbr expan=""paambúhut"" type=""lemma"">pa-</abbr></form>
<hom role=""v""><pos>v</pos>
<sense n=""0""> <itype>[A; b(1)]</itype><trans> blow smoke from cigarette. </trans>
<eg><i lang=""ceb"">Gipaambuhútan níya ang ákung nawung,</i><trans> He blew smoke into my face. </trans></eg>
</sense></hom></entry>
<entry><form id=""ambuhutan"" lang=""ceb""><abbr expan=""ambuhutan"" type=""lemma"">-an</abbr></form>
<hom role=""n""><pos>n</pos>
<sense n=""0""><trans> <tr>whale</tr>.
</trans>
</sense></hom></entry></entry>");
INSERT INTO `wced_head` (entryid, head, normalized_head, type, pos) VALUES (753, "ambúhut", "ambuhut", "m", "v");
INSERT INTO `wced_head` (entryid, head, normalized_head, type, pos) VALUES (753, "paambúhut", "paambuhut", "s", "v");
INSERT INTO `wced_head` (entryid, head, normalized_head, type, pos) VALUES (753, "ambuhutan", "ambuhutan", "s", "n");
INSERT INTO `wced_translation` (entryid, translation) VALUES (753, "whale");
INSERT INTO `wced_entry` VALUES (754, "ambulansiya", "35", "<entry page=""35"" id=""754""><form id=""ambulansiya"" lang=""ceb"">ambulansiya</form>
<hom role=""n""><pos>n</pos>
<sense n=""0""><trans> <tr>ambulance</tr>. </trans>
</sense></hom>
<hom role=""v""><pos>v</pos>
<sense n=""1""><number>1</number> <itype>[A13; a12]</itype><trans> go by ambulance. </trans>
<eg><i lang=""ceb"">Ambulansiyáhun nátù ang angul,</i><trans> Let’s take the injured person in an ambulance. </trans></eg>
</sense>
<sense n=""2""><number>2</number> <itype>[a12]</itype><trans> make into an ambulance.
</trans>
</sense></hom></entry>");
INSERT INTO `wced_head` (entryid, head, normalized_head, type, pos) VALUES (754, "ambulansiya", "ambulansiya", "m", "nv");
INSERT INTO `wced_translation` (entryid, translation) VALUES (754, "ambulance");
INSERT INTO `wced_entry` VALUES (755, "*ambung1", "35", "<entry page=""35"" id=""755""><form id=""xxambung"" lang=""ceb"">*ambung<sub>1</sub></form>
<entry><form id=""ambuxngan"" lang=""ceb""><abbr expan=""ambúngan"" type=""lemma"">-an</abbr></form>
<hom role=""a""><pos>a</pos>
<sense n=""0""><trans> <tr>beautiful</tr>, <tr>handsome</tr>. </trans>
<eg><i lang=""ceb"">Ambúngan kaáyu ka ánang sinináa,</i><trans> You are very handsome in that shirt. </trans></eg>
</sense></hom>
<hom role=""v""><pos>v</pos>
<sense n=""0""> <itype>[B12]</itype><trans> become beautiful, handsome. </trans>
</sense></hom></entry>
<entry><form id=""kaambung"" lang=""ceb""><abbr expan=""kaambung"" type=""lemma"">ka-</abbr></form>
<hom role=""n""><pos>n</pos>
<sense n=""0""><trans> <tr>beauty</tr>, handsomeness. </trans>
<eg><i lang=""ceb"">Ang kaambung ni Maríya walay ingun,</i><trans> Mary’s beauty is unequalled.
</trans></eg>
</sense></hom></entry></entry>");
INSERT INTO `wced_head` (entryid, head, normalized_head, type, pos) VALUES (755, "ambung", "ambung", "s", "");
INSERT INTO `wced_head` (entryid, head, normalized_head, type, pos) VALUES (755, "ambúngan", "ambungan", "s", "av");
INSERT INTO `wced_head` (entryid, head, normalized_head, type, pos) VALUES (755, "kaambung", "kaambung", "s", "n");
INSERT INTO `wced_translation` (entryid, translation) VALUES (755, "beautiful");
INSERT INTO `wced_translation` (entryid, translation) VALUES (755, "handsome");
INSERT INTO `wced_translation` (entryid, translation) VALUES (755, "beauty");
INSERT INTO `wced_entry` VALUES (756, "*ambung2", "35", "<entry page=""35"" id=""756""><form id=""xxambung2"" lang=""ceb"">*ambung<sub>2</sub></form>
<entry><form id=""ambuxngan"" lang=""ceb""><abbr expan=""ambúngan"" type=""lemma"">-an</abbr></form>
<hom role=""a""><pos>a</pos>
<sense n=""0""><trans> giving the illusion of bigness or bulk. </trans>
<eg><i lang=""ceb"">Ambúngan kang tan-áwun ánang sinináa, piru wà ka muángay,</i><trans> You look impressively big in that dress, but you don’t look good in it. </trans></eg>
</sense></hom>
<hom role=""v""><pos>v</pos>
<sense n=""0""> <itype>[B2]</itype><trans> look impressively big and bulky. </trans>
<eg><i lang=""ceb"">Nagkaambungan ang labadúra nga ákung gihurnu,</i><trans> The batter that I am baking is beginning to rise.
</trans></eg>
</sense></hom></entry></entry>");
INSERT INTO `wced_head` (entryid, head, normalized_head, type, pos) VALUES (756, "ambung", "ambung", "s", "");
INSERT INTO `wced_head` (entryid, head, normalized_head, type, pos) VALUES (756, "ambúngan", "ambungan", "s", "av");
INSERT INTO `wced_entry` VALUES (757, "ambus", "35", "<entry page=""35"" id=""757""><form id=""ambus"" lang=""ceb"">ambus</form>
<hom role=""v""><pos>v</pos>
<sense n=""1""><number>1</number> <itype>[AN; b(1)]</itype><trans> <tr>ambush</tr>, <tr>waylay</tr>. </trans>
</sense>
<sense n=""2""><number>2</number> <itype>[A2]</itype><trans> go meet a girl at her place of work or study to accompany her home. </trans>
<eg><i lang=""ceb"">Nía na pud si Pidru nangambus sa íyang giulitawhan,</i><trans> Here comes Pedro to meet his girl friend and take her home. </trans></eg>
</sense>
<sense n=""3""><number>3</number><trans> join a group with food or other provisions to avail oneself of them (colloquial). </trans>
<eg><i lang=""ceb"">Nangambus lang ku sa ílang bálun,</i><trans> I just joined them and got some of their picnic food. </trans></eg>
<eg><i lang=""ceb"">Makaambus ku sa ímung hábul?</i><trans> Can I use part of your blanket?
</trans></eg>
</sense></hom></entry>");
INSERT INTO `wced_head` (entryid, head, normalized_head, type, pos) VALUES (757, "ambus", "ambus", "m", "v");
INSERT INTO `wced_translation` (entryid, translation) VALUES (757, "ambush");
INSERT INTO `wced_translation` (entryid, translation) VALUES (757, "waylay");
INSERT INTO `wced_entry` VALUES (758, "ambut", "35", "<entry page=""35"" id=""758""><form id=""ambut"" lang=""ceb"">ambut</form>
<hom>
<sense n=""0""><trans> <tr>I don’t know</tr>. </trans>
<eg><i lang=""ceb"">Ambut ug kinsa nang bayhána,</i><trans> I don’t know who that woman is. </trans></eg>
</sense></hom>
<entry><form id=""ambut_gen."" lang=""ceb""><abbr expan=""ambut"" type=""lemma"">—</abbr> <r>[<ix>gen.</ix>]</r></form>
<hom>
<sense n=""0""><trans> it’s up to [gen.]. </trans>
<eg><i lang=""ceb"">Ambut nímug pilay ihátag,</i><trans> It’s up to you how much we should give. </trans></eg>
</sense></hom></entry>
<entry><form id=""ambut_sa_laxngaw_ambut_sa_lagung_ambut_sa_kaxgang"" lang=""ceb""><abbr expan=""ambut"" type=""lemma"">—</abbr> sa lángaw, <abbr expan=""ambut sa lagung"" type=""lemma"">lagung</abbr>, <abbr expan=""ambut sa kágang"" type=""lemma"">kágang</abbr></form>
<hom>
<sense n=""0""><trans> I don’t know and I don’t care (it’s up to the fly, crab). </trans>
<eg><i lang=""ceb"">Ambut sa lángaw ug muanhi,</i><trans> I don’t know if he’s coming, and I don’t care. </trans></eg>
</sense></hom></entry>
<entry><form id=""pangambut"" lang=""ceb""><abbr expan=""pangambut"" type=""lemma"">paN-</abbr></form>
<hom role=""v""><pos>v</pos>
<sense n=""0""> <itype>[A]</itype><trans> say ‘I don’t know’. </trans>
<eg><i lang=""ceb"">Ug pangutan-un, mangambut lang,</i><trans> If you ask him, he just says he doesn’t know.
</trans></eg>
</sense></hom></entry></entry>");
INSERT INTO `wced_head` (entryid, head, normalized_head, type, pos) VALUES (758, "ambut", "ambut", "m", "");
INSERT INTO `wced_head` (entryid, head, normalized_head, type, pos) VALUES (758, "ambut [gen.]", "ambut [gen.]", "s", "");
INSERT INTO `wced_head` (entryid, head, normalized_head, type, pos) VALUES (758, "ambut sa lángaw", "ambut sa langaw", "s", "");
INSERT INTO `wced_head` (entryid, head, normalized_head, type, pos) VALUES (758, "ambut sa lagung", "ambut sa lagung", "s", "");
INSERT INTO `wced_head` (entryid, head, normalized_head, type, pos) VALUES (758, "ambut sa kágang", "ambut sa kagang", "s", "");
INSERT INTO `wced_head` (entryid, head, normalized_head, type, pos) VALUES (758, "pangambut", "pangambut", "s", "v");
INSERT INTO `wced_translation` (entryid, translation) VALUES (758, "I don’t know");
INSERT INTO `wced_entry` VALUES (759, "ambuy1", "35", "<entry page=""35"" id=""759""><form id=""ambuy"" lang=""ceb"">ambuy<sub>1</sub></form>
<hom role=""n""><pos>n</pos>
<sense n=""0""><trans> a nickname of Pablo. </trans>
</sense></hom>
<hom role=""a""><pos>a</pos>
<sense n=""1""><number>1</number><trans> a <tr>slow-witted</tr> person. </trans>
<eg><i lang=""ceb"">Ambuy ka man diay, ngánung ímu nang gikaun?</i><trans> What did you eat that for, you fool? </trans></eg>
</sense>
<sense n=""2""><number>2</number><trans> <tr>penniless</tr>. </trans>
<eg><i lang=""ceb"">Ayaw nà sugta, ambuy nà,</i><trans> Don’t marry him. He doesn’t have a penny. </trans></eg>
</sense></hom>
<hom role=""v""><pos>v</pos>
<sense n=""1""><number>1</number> <itype>[AB; a]</itype><trans> be, become slow-witted, make a fool of s.o. </trans>
<eg><i lang=""ceb"">Ang gugma mauy nakaambuy (nakapaambuy) sa ákung anak,</i><trans> Love has dulled my son’s wits. </trans></eg>
</sense>
<sense n=""2""><number>2</number> <itype>[B12; a1]</itype><trans> be short of cash, penniless.
</trans>
</sense></hom></entry>");
INSERT INTO `wced_head` (entryid, head, normalized_head, type, pos) VALUES (759, "ambuy", "ambuy", "s", "nav");
INSERT INTO `wced_translation` (entryid, translation) VALUES (759, "slow-witted");
INSERT INTO `wced_translation` (entryid, translation) VALUES (759, "penniless");
INSERT INTO `wced_entry` VALUES (760, "ambuy2", "35", "<entry page=""35"" id=""760""><form id=""ambuy2"" lang=""ceb"">ambuy<sub>2</sub></form>
<hom role=""n""><pos>n</pos>
<sense n=""0""><trans> a style of men’s sport shirt the lower end of which extends below the level of the buttocks and with two tapering slits on the sides, close-fitting around the waist. </trans>
</sense></hom>
<hom role=""v""><pos>v</pos>
<sense n=""1""><number>1</number> <itype>[A]</itype><trans> wear this sort of shirt. </trans>
</sense>
<sense n=""2""><number>2</number> <itype>[c1]</itype><trans> tailor into this sort of shirt.
</trans>
</sense></hom></entry>");
INSERT INTO `wced_head` (entryid, head, normalized_head, type, pos) VALUES (760, "ambuy", "ambuy", "s", "nv");
INSERT INTO `wced_entry` VALUES (761, "amgid", "35", "<entry page=""35"" id=""761""><form id=""amgid"" lang=""ceb"">amgid</form>
<hom role=""a""><pos>a</pos>
<sense n=""0""><trans> <tr>similar</tr>. </trans>
</sense></hom>
<hom role=""v""><pos>v</pos>
<sense n=""1""><number>1</number> <itype>[BC; ac1c3]</itype><trans> be similar. <pb n=""36""/></trans>
<eg><i lang=""ceb"">Miamgid (naamgid) ang istatuwa sa mudílu,</i><trans> The statue grew to be more and more like the model. </trans></eg>
<eg><i lang=""ceb"">Ngánung nagkaamgid ang inyung tubag?</i><trans> Why were your answers similar? </trans></eg>
<eg><i lang=""ceb"">Iamgid (amgíra) lang ang ímung sinulat sa ákù,</i><trans> Make your composition like mine. </trans></eg>
</sense>
<sense n=""2""><number>2</number> <itype>[A2; b]</itype><trans> <tr>imitate</tr>. </trans>
<eg><i lang=""ceb"">Ang mga Insik maáyung muamgid sa mga búhat sa Hapun,</i><trans> The Chinese imitate the Japanese products well. </trans></eg>
<eg><i lang=""ceb"">Giamgiran (giamgíran) sa arkitiktu ang dibúhu sa katidral,</i><trans> The architect imitated the sketch of the cathedral. </trans></eg>
</sense>
<sense n=""3""><number>3</number> <itype>[A; ac]</itype><trans> <tr>compare</tr>. </trans>
<eg><i lang=""ceb"">Amgíra sila kung háin ang maanyag,</i><trans> Compare them to judge which one is most beautiful. </trans></eg>
<eg><i lang=""ceb"">Ang íyang kaanyag ikaamgid sa bitúun,</i><trans> Her beauty can be compared to the stars. </trans></eg>
</sense></hom>
<hom role=""n""><pos>n</pos>
<sense n=""0""><trans> one’s double. </trans>
<eg><i lang=""ceb"">Ákung kalúha nang ákung amgid,</i><trans> The fellow that looks just like me is my twin brother. </trans></eg>
</sense></hom>
<entry><form id=""ig-amgid_kaamgid"" lang=""ceb""><abbr expan=""ig-amgid"" type=""lemma"">ig-</abbr>, <abbr expan=""kaamgid"" type=""lemma"">ka-</abbr></form>
<hom>
<sense n=""0""><trans> = <xr lang=""ceb"" target=""#amgid""><sc>amgid</sc></xr>, <ix>n</ix>.
</trans>
</sense></hom></entry></entry>");
INSERT INTO `wced_head` (entryid, head, normalized_head, type, pos) VALUES (761, "amgid", "amgid", "m", "avn");
INSERT INTO `wced_head` (entryid, head, normalized_head, type, pos) VALUES (761, "ig-amgid", "ig-amgid", "s", "");
INSERT INTO `wced_head` (entryid, head, normalized_head, type, pos) VALUES (761, "kaamgid", "kaamgid", "s", "");
INSERT INTO `wced_translation` (entryid, translation) VALUES (761, "similar");
INSERT INTO `wced_translation` (entryid, translation) VALUES (761, "imitate");
INSERT INTO `wced_translation` (entryid, translation) VALUES (761, "compare");
INSERT INTO `wced_entry` VALUES (762, "amgu", "36", "<entry page=""36"" id=""762""><form id=""amgu"" lang=""ceb"">amgu</form>
<hom role=""v""><pos>v</pos>
<sense n=""0""> <itype>[A12; b8]</itype><trans> be <tr>aware</tr> of s.t. </trans>
<eg><i lang=""ceb"">Mauy ákung naamguhan nga dinhay miabli sa bintánà,</i><trans> All I was aware of was that s.o. opened the window. </trans></eg>
</sense></hom>
<entry><form id=""paghiamgu_pagkaamgu"" lang=""ceb""><abbr expan=""paghiamgu"" type=""lemma"">paghi-</abbr>, <abbr expan=""pagkaamgu"" type=""lemma"">pagka-</abbr></form>
<hom>
<sense n=""0""><trans> upon reaching consciousness. </trans>
<eg><i lang=""ceb"">Paghiamgu (pagkaamgu) níya, dihà na siya sa uspital,</i><trans> When he regained consciousness, he was in the hospital.
</trans></eg>
</sense></hom></entry></entry>");
INSERT INTO `wced_head` (entryid, head, normalized_head, type, pos) VALUES (762, "amgu", "amgu", "m", "v");
INSERT INTO `wced_head` (entryid, head, normalized_head, type, pos) VALUES (762, "paghiamgu", "paghiamgu", "s", "");
INSERT INTO `wced_head` (entryid, head, normalized_head, type, pos) VALUES (762, "pagkaamgu", "pagkaamgu", "s", "");
INSERT INTO `wced_translation` (entryid, translation) VALUES (762, "aware");
INSERT INTO `wced_entry` VALUES (763, "amiga", "36", "<entry page=""36"" id=""763""><form id=""amixga"" lang=""ceb"">amíga</form>
<hom role=""n""><pos>n</pos>
<sense n=""1""><number>1</number><trans> close <tr>friend</tr> (female). </trans>
</sense>
<sense n=""2""><number>2</number><trans> <tr>girl friend</tr> (circumlocution to avoid saying <ix>trátu</ix> ‘fiancée’). </trans>
</sense></hom>
<entry><form id=""miga"" lang=""ceb"">miga</form>
<hom>
<sense n=""0""><trans> (vocative) <tr>friend</tr>.
</trans>
</sense></hom></entry></entry>");
INSERT INTO `wced_head` (entryid, head, normalized_head, type, pos) VALUES (763, "amíga", "amiga", "m", "n");
INSERT INTO `wced_head` (entryid, head, normalized_head, type, pos) VALUES (763, "miga", "miga", "s", "");
INSERT INTO `wced_translation` (entryid, translation) VALUES (763, "friend");
INSERT INTO `wced_translation` (entryid, translation) VALUES (763, "girl friend");
INSERT INTO `wced_entry` VALUES (764, "amigas", "36", "<entry page=""36"" id=""764""><form id=""amixgas"" lang=""ceb"">amígas</form>
<hom>
<sense n=""0""><trans> = <xr lang=""ceb"" target=""#hulmixgas""><sc>hulmígas</sc></xr>.
</trans>
</sense></hom></entry>");
INSERT INTO `wced_head` (entryid, head, normalized_head, type, pos) VALUES (764, "amígas", "amigas", "m", "");
INSERT INTO `wced_entry` VALUES (765, "amigu", "36", "<entry page=""36"" id=""765""><form id=""amixgu"" lang=""ceb"">amígu</form>
<hom role=""n""><pos>n</pos>
<sense n=""1""><number>1</number><trans> close <tr>friend</tr>. </trans>
</sense>
<sense n=""2""><number>2</number><trans> <tr>boy friend</tr> (circumlocution). </trans>
</sense></hom>
<hom role=""v""><pos>v</pos>
<sense n=""1""><number>1</number> <itype>[C; a12]</itype><trans> be <tr>friends</tr>. </trans>
<eg><i lang=""ceb"">Mag-amígu ta,</i><trans> Let’s be friends! </trans></eg>
<eg><i lang=""ceb"">Amigúha siya kay makatábang nátù,</i><trans> Befriend him, because he can help us. </trans></eg>
</sense>
<sense n=""2""><number>2</number> <itype>[A123S]</itype><trans> get as a friend. </trans>
<eg><i lang=""ceb"">Nakaamigu kug tagaadwána,</i><trans> I managed to make friends with s.o. in the customs. </trans></eg>
</sense></hom>
<entry><form id=""pangamixgu"" lang=""ceb""><abbr expan=""pangamígu"" type=""lemma"">paN-</abbr></form>
<hom role=""v""><pos>v</pos>
<sense n=""0""> <itype>[A23]</itype><trans> become friends. </trans>
<eg><i lang=""ceb"">Ayaw pangamígug buguy,</i><trans> Do not become friends with those no-goods. </trans></eg>
</sense></hom></entry>
<entry><form id=""migu"" lang=""ceb"">migu</form>
<hom>
<sense n=""0""><trans> (vocative) <tr>friend</tr>. </trans>
<eg><i lang=""ceb"">Ása ka, migu?</i><trans> Where are you going, friend?
</trans></eg>
</sense></hom></entry></entry>");
INSERT INTO `wced_head` (entryid, head, normalized_head, type, pos) VALUES (765, "amígu", "amigu", "m", "nv");
INSERT INTO `wced_head` (entryid, head, normalized_head, type, pos) VALUES (765, "pangamígu", "pangamigu", "s", "v");
INSERT INTO `wced_head` (entryid, head, normalized_head, type, pos) VALUES (765, "migu", "migu", "s", "");
INSERT INTO `wced_translation` (entryid, translation) VALUES (765, "friend");
INSERT INTO `wced_translation` (entryid, translation) VALUES (765, "boy friend");
INSERT INTO `wced_translation` (entryid, translation) VALUES (765, "friends");
INSERT INTO `wced_entry` VALUES (766, "amihan", "36", "<entry page=""36"" id=""766""><form id=""amixhan"" lang=""ceb"">amíhan</form>
<hom role=""n""><pos>n</pos>
<sense n=""0""><trans> wind from the north. </trans>
</sense></hom>
<entry><form id=""pangamixhan"" lang=""ceb""><abbr expan=""pangamíhan"" type=""lemma"">paN-</abbr></form>
<hom role=""v""><pos>v</pos>
<sense n=""0""> <itype>[A23]</itype><trans> blow from the north. </trans>
<eg><i lang=""ceb"">Kun Nubimbri mangamíhan,</i><trans> The northwind blows in November. </trans></eg>
</sense></hom>
<hom role=""n""><pos>n</pos>
<sense n=""0""><trans> northeast monsoon time. </trans>
<eg><i lang=""ceb"">Uktubri hangtud sa Disyimbri mauy pangamíhan,</i><trans> It’s the northeast monsoon from October to December. </trans></eg>
</sense></hom></entry>
<entry><form id=""amihanan"" lang=""ceb""><abbr expan=""amihanan"" type=""lemma"">-an(→)</abbr></form>
<hom role=""n""><pos>n</pos>
<sense n=""0""><trans> <tr>north</tr>, <tr>northern</tr>. </trans>
<eg><i lang=""ceb"">Milálin sila sa Amihanang Lusun,</i><trans> They moved to Northern Luzon.
</trans></eg>
</sense></hom></entry></entry>");
INSERT INTO `wced_head` (entryid, head, normalized_head, type, pos) VALUES (766, "amíhan", "amihan", "m", "n");
INSERT INTO `wced_head` (entryid, head, normalized_head, type, pos) VALUES (766, "pangamíhan", "pangamihan", "s", "vn");
INSERT INTO `wced_head` (entryid, head, normalized_head, type, pos) VALUES (766, "amihanan", "amihanan", "s", "n");
INSERT INTO `wced_translation` (entryid, translation) VALUES (766, "north");
INSERT INTO `wced_translation` (entryid, translation) VALUES (766, "northern");
INSERT INTO `wced_entry` VALUES (767, "amimihid, amimihig", "36", "<entry page=""36"" id=""767""><form id=""amimihid_amimihig"" lang=""ceb"">amimihid, amimihig</form>
<hom>
<sense n=""0""><trans> (from <ix>bihig</ix>) </trans>
</sense></hom>
<hom role=""n""><pos>n</pos>
<sense n=""0""><trans> <tr>fiddler crab</tr>, k.o. small crab of tidal flats with one large red claw bigger than the other which moves in a fiddling-like motion.
</trans>
</sense></hom></entry>");
INSERT INTO `wced_head` (entryid, head, normalized_head, type, pos) VALUES (767, "amimihid", "amimihid", "s", "n");
INSERT INTO `wced_head` (entryid, head, normalized_head, type, pos) VALUES (767, "amimihig", "amimihig", "s", "n");
INSERT INTO `wced_translation` (entryid, translation) VALUES (767, "fiddler crab");
INSERT INTO `wced_entry` VALUES (768, "amimislun", "36", "<entry page=""36"" id=""768""><form id=""amimislun"" lang=""ceb"">amimislun</form>
<hom role=""n""><pos>n</pos>
<sense n=""0""><trans> <tr>kidney</tr> of animals.
</trans>
</sense></hom></entry>");
INSERT INTO `wced_head` (entryid, head, normalized_head, type, pos) VALUES (768, "amimislun", "amimislun", "m", "n");
INSERT INTO `wced_translation` (entryid, translation) VALUES (768, "kidney");
INSERT INTO `wced_entry` VALUES (769, "amimitas", "36", "<entry page=""36"" id=""769""><form id=""amimitas"" lang=""ceb"">amimitas</form>
<hom>
<sense n=""0""><trans> (from <ix>bítas</ix>) </trans>
</sense></hom>
<hom role=""n""><pos>n</pos>
<sense n=""0""><trans> k.o. large biting black and red <tr>ants</tr> with long pincers, found in rotten wood.
</trans>
</sense></hom></entry>");
INSERT INTO `wced_head` (entryid, head, normalized_head, type, pos) VALUES (769, "amimitas", "amimitas", "m", "n");
INSERT INTO `wced_translation` (entryid, translation) VALUES (769, "ants");
INSERT INTO `wced_entry` VALUES (770, "amin", "36", "<entry page=""36"" id=""770""><form id=""amin"" lang=""ceb"">amin</form>
<hom>
<sense n=""0""><trans> amen. </trans>
</sense></hom>
<hom role=""v""><pos>v</pos>
<sense n=""1""><number>1</number> <itype>[A; b(1)]</itype><trans> kiss the hand or take a hand to the forehead. </trans>
<eg><i lang=""ceb"">Amini si Tiyù mu,</i><trans> Kiss your uncle’s hand. </trans></eg>
</sense>
<sense n=""2""><number>2</number> <itype>[A3; b(1)]</itype><trans> <tr>give in</tr>, <tr>concede</tr>, <tr>surrender</tr>. </trans>
<eg><i lang=""ceb"">Human sa ámung panagbúngul miamin siya kanákù,</i><trans> After we had not been on speaking terms, he gave in to me. </trans></eg>
<eg><i lang=""ceb"">Ang mayur lang kunuy íyang aminan,</i><trans> He says he will surrender only to the mayor. </trans></eg>
</sense></hom>
<entry><form id=""amin-axmin"" lang=""ceb"">amin-ámin</form>
<hom role=""n""><pos>n</pos>
<sense n=""0""><trans> <tr>food</tr> prepared for the last day of the novena (slang). </trans>
</sense></hom>
<hom role=""v""><pos>v</pos>
<sense n=""0""> <itype>[A13; b]</itype><trans> prepare some food for the guests on the last day of a novena. </trans>
<eg><i lang=""ceb"">Mutambung ta sa katapúsan ug mag-amin-ámin sila,</i><trans> We will attend the last day of the novena if they prepare s.t. </trans></eg>
</sense></hom></entry>
<entry><form id=""paamin"" lang=""ceb""><abbr expan=""paamin"" type=""lemma"">pa-</abbr></form>
<hom role=""v""><pos>v</pos>
<sense n=""0""> <itype>[A; a]</itype><trans> have s.o. kiss the hand. </trans>
<eg><i lang=""ceb"">Paaminun tikaw áring kinúmù!</i><trans> I’ll let you kiss my fist (i.e. smack you one).†
</trans></eg>
</sense></hom></entry></entry>");
INSERT INTO `wced_head` (entryid, head, normalized_head, type, pos) VALUES (770, "amin", "amin", "m", "v");
INSERT INTO `wced_head` (entryid, head, normalized_head, type, pos) VALUES (770, "amin-ámin", "amin-amin", "s", "nv");
INSERT INTO `wced_head` (entryid, head, normalized_head, type, pos) VALUES (770, "paamin", "paamin", "s", "v");
INSERT INTO `wced_translation` (entryid, translation) VALUES (770, "give in");
INSERT INTO `wced_translation` (entryid, translation) VALUES (770, "concede");
INSERT INTO `wced_translation` (entryid, translation) VALUES (770, "surrender");
INSERT INTO `wced_translation` (entryid, translation) VALUES (770, "food");
INSERT INTO `wced_entry` VALUES (771, "amindar", "36", "<entry page=""36"" id=""771""><form id=""amindar"" lang=""ceb"">amindar</form>
<hom role=""v""><pos>v</pos>
<sense n=""0""> <itype>[A; a]</itype><trans> </trans>
</sense>
<sense n=""1""><number>1</number><trans> <tr>amend</tr>. </trans>
<eg><i lang=""ceb"">Muamindar sa baláud ang Kungrísu,</i><trans> Congress will amend the law. </trans></eg>
<eg><i lang=""ceb"">Nag-amindar ang hunta sa mga lagdà niíni,</i><trans> The board is amending its policies. </trans></eg>
</sense>
<sense n=""2""><number>2</number><trans> make amends for. </trans>
<eg><i lang=""ceb"">Nakaamindar giyud siyas íyang mga salà,</i><trans> He was able to make amends for his offenses. </trans></eg>
</sense>
<sense n=""3""><number>3</number><trans> restore good feelings. </trans>
<eg><i lang=""ceb"">Giamindar níya ang nagúbà nílang panaghigalaay,</i><trans> He patched their broken friendship up.
</trans></eg>
</sense></hom></entry>");
INSERT INTO `wced_head` (entryid, head, normalized_head, type, pos) VALUES (771, "amindar", "amindar", "m", "v");
INSERT INTO `wced_translation` (entryid, translation) VALUES (771, "amend");
INSERT INTO `wced_entry` VALUES (772, "amirika", "36", "<entry page=""36"" id=""772""><form id=""Amirika"" lang=""ceb"">Amirika</form>
<hom role=""n""><pos>n</pos>
<sense n=""0""><trans> <tr>America</tr>.
</trans>
</sense></hom></entry>");
INSERT INTO `wced_head` (entryid, head, normalized_head, type, pos) VALUES (772, "Amirika", "amirika", "m", "n");
INSERT INTO `wced_translation` (entryid, translation) VALUES (772, "America");
INSERT INTO `wced_entry` VALUES (773, "amirikana", "36", "<entry page=""36"" id=""773""><form id=""Amirikaxna"" lang=""ceb"">Amirikána</form>
<hom>
<sense n=""0""> <ix>short forms:</ix> <form id=""Amirkaxna_Mirkaxna"" lang=""ceb"">Amirkána, Mirkána</form><trans>. </trans>
</sense></hom>
<hom role=""n""><pos>n</pos>
<sense n=""1""><number>1</number><trans> American woman. </trans>
</sense>
<sense n=""2""><number>2</number><trans> sport or suit jacket. </trans>
</sense></hom>
<hom role=""v""><pos>v</pos>
<sense n=""0""> <itype>[A; a]</itype><trans> wear, make into, get a jacket. </trans>
<eg><i lang=""ceb"">Mag-amirkána ka ba sa bayli?</i><trans> Will you wear a jacket to the dance?
</trans></eg>
</sense></hom></entry>");
INSERT INTO `wced_head` (entryid, head, normalized_head, type, pos) VALUES (773, "Amirikána", "amirikana", "m", "nv");
INSERT INTO `wced_head` (entryid, head, normalized_head, type, pos) VALUES (773, "Amirkána", "amirkana", "s", "");
INSERT INTO `wced_head` (entryid, head, normalized_head, type, pos) VALUES (773, "Mirkána", "mirkana", "s", "");
INSERT INTO `wced_entry` VALUES (774, "amirikanayis", "36", "<entry page=""36"" id=""774""><form id=""amirikanayis"" lang=""ceb"">amirikanayis</form>
<hom role=""a""><pos>a</pos>
<sense n=""0""><trans> <tr>Americanized</tr>. </trans>
</sense></hom>
<hom role=""v""><pos>v</pos>
<sense n=""0""> <itype>[B12]</itype><trans> become Americanized. </trans>
<eg><i lang=""ceb"">Nagkaamirikanayis ang ininglisan ni Prid,</i><trans> Fred’s way of speaking English is becoming Americanized.
</trans></eg>
</sense></hom></entry>");
INSERT INTO `wced_head` (entryid, head, normalized_head, type, pos) VALUES (774, "amirikanayis", "amirikanayis", "m", "av");
INSERT INTO `wced_translation` (entryid, translation) VALUES (774, "Americanized");
INSERT INTO `wced_entry` VALUES (775, "amirikanu", "36", "<entry page=""36"" id=""775""><form id=""Amirikaxnu"" lang=""ceb"">Amirikánu</form>
<hom>
<sense n=""0""> <ix>short forms:</ix> <form id=""Amirkaxnu_Mirkaxnu"" lang=""ceb"">Amirkánu, Mirkánu</form><trans>. </trans>
</sense></hom>
<hom role=""n""><pos>n</pos>
<sense n=""0""><trans> <tr>American</tr>. </trans>
</sense></hom>
<entry><form id=""inamirikaxnu"" lang=""ceb""><abbr expan=""inamirikánu"" type=""lemma"">-in-</abbr></form>
<hom role=""v""><pos>v</pos>
<sense n=""0""> <itype>[A; c1]</itype><trans> speak English.
</trans>
</sense></hom></entry></entry>");
INSERT INTO `wced_head` (entryid, head, normalized_head, type, pos) VALUES (775, "Amirikánu", "amirikanu", "m", "n");
INSERT INTO `wced_head` (entryid, head, normalized_head, type, pos) VALUES (775, "Amirkánu", "amirkanu", "s", "");
INSERT INTO `wced_head` (entryid, head, normalized_head, type, pos) VALUES (775, "Mirkánu", "mirkanu", "s", "");
INSERT INTO `wced_head` (entryid, head, normalized_head, type, pos) VALUES (775, "inamirikánu", "inamirikanu", "s", "v");
INSERT INTO `wced_translation` (entryid, translation) VALUES (775, "American");
INSERT INTO `wced_entry` VALUES (776, "amirul", "36", "<entry page=""36"" id=""776""><form id=""amirul"" lang=""ceb"">amirul</form>
<hom>
<sense n=""0""><trans> = <xr lang=""ceb"" target=""#almirul""><sc>almirul</sc></xr>.
</trans>
</sense></hom></entry>");
INSERT INTO `wced_head` (entryid, head, normalized_head, type, pos) VALUES (776, "amirul", "amirul", "m", "");
INSERT INTO `wced_entry` VALUES (777, "amistad", "36", "<entry page=""36"" id=""777""><form id=""amistad"" lang=""ceb"">amistad</form>
<hom role=""n""><pos>n</pos>
<sense n=""0""><trans> <tr>amnesty</tr>.
</trans>
</sense></hom></entry>");
INSERT INTO `wced_head` (entryid, head, normalized_head, type, pos) VALUES (777, "amistad", "amistad", "m", "n");
INSERT INTO `wced_translation` (entryid, translation) VALUES (777, "amnesty");
INSERT INTO `wced_entry` VALUES (778, "amitu", "36", "<entry page=""36"" id=""778""><form id=""amitu"" lang=""ceb"">amitu</form>
<hom role=""n""><pos>n</pos>
<sense n=""0""><trans> <tr>amice</tr>.
</trans>
</sense></hom></entry>");
INSERT INTO `wced_head` (entryid, head, normalized_head, type, pos) VALUES (778, "amitu", "amitu", "m", "n");
INSERT INTO `wced_translation` (entryid, translation) VALUES (778, "amice");
INSERT INTO `wced_entry` VALUES (779, "ampa", "36", "<entry page=""36"" id=""779""><form id=""ampa"" lang=""ceb"">ampa</form>
<hom role=""v""><pos>v</pos>
<sense n=""0""> <itype>[AC2; b6]</itype><trans> want to have just as much work and not a bit more than the others. </trans>
<eg><i lang=""ceb"">Ang mga suluguun dì paalkansi. Gustu giyung makig-ampa sa trabáhu,</i><trans> Helpers insist on a fair deal. They argue about who has the most work. </trans></eg>
<eg><i lang=""ceb"">Unsang trabahúa nang inyung giampáhan?</i><trans> What work are you bickering about? </trans></eg>
</sense></hom>
<entry><form id=""ampaampa"" lang=""ceb"">ampaampa</form>
<hom>
<sense n=""0""><trans> = <xr lang=""ceb"" target=""#ampa""><sc>ampa</sc></xr>.
</trans>
</sense></hom></entry></entry>");
INSERT INTO `wced_head` (entryid, head, normalized_head, type, pos) VALUES (779, "ampa", "ampa", "m", "v");
INSERT INTO `wced_head` (entryid, head, normalized_head, type, pos) VALUES (779, "ampaampa", "ampaampa", "s", "");
INSERT INTO `wced_entry` VALUES (780, "ampad", "36", "<entry page=""36"" id=""780""><form id=""ampad"" lang=""ceb"">ampad</form>
<hom>
<sense n=""0""><trans> = <xr lang=""ceb"" target=""#alampad""><sc>alampad</sc></xr>.
</trans>
</sense></hom></entry>");
INSERT INTO `wced_head` (entryid, head, normalized_head, type, pos) VALUES (780, "ampad", "ampad", "m", "");
INSERT INTO `wced_entry` VALUES (781, "ampahan", "36", "<entry page=""36"" id=""781""><form id=""ampaxhan"" lang=""ceb"">ampáhan</form>
<hom role=""n""><pos>n</pos>
<sense n=""0""><trans> k.o. good-sized carangoid <tr>fish</tr> that fetches a high price.
</trans>
</sense></hom></entry>");
INSERT INTO `wced_head` (entryid, head, normalized_head, type, pos) VALUES (781, "ampáhan", "ampahan", "m", "n");
INSERT INTO `wced_translation` (entryid, translation) VALUES (781, "fish");
INSERT INTO `wced_entry` VALUES (782, "ampalaya", "36", "<entry page=""36"" id=""782""><form id=""ampalaxya"" lang=""ceb"">ampaláya</form>
<hom>
<sense n=""0""><trans> = <xr lang=""ceb"" target=""#paliya""><sc>paliya</sc></xr>.
</trans>
</sense></hom></entry>");
INSERT INTO `wced_head` (entryid, head, normalized_head, type, pos) VALUES (782, "ampaláya", "ampalaya", "m", "");
INSERT INTO `wced_entry` VALUES (783, "ampapangig", "36", "<entry page=""36"" id=""783""><form id=""ampapaxngig"" lang=""ceb"">ampapángig</form>
<hom>
<sense n=""0""><trans> = <xr lang=""ceb"" target=""#apapaxngig""><sc>apapángig</sc></xr>.
</trans>
</sense></hom></entry>");
INSERT INTO `wced_head` (entryid, head, normalized_head, type, pos) VALUES (783, "ampapángig", "ampapangig", "m", "");
INSERT INTO `wced_entry` VALUES (784, "ampara", "36", "<entry page=""36"" id=""784""><form id=""ampara"" lang=""ceb"">ampara</form>
<hom role=""v""><pos>v</pos>
<sense n=""0""> <itype>[A; a12]</itype><trans> <tr>interrupt a wedding ceremony</tr> by objecting. </trans>
<eg><i lang=""ceb"">Wà makaampara sa kasal ang puyùpúyù,</i><trans> The common-law wife <pb n=""37""/>couldn’t interrupt the wedding.
</trans></eg>
</sense></hom></entry>");
INSERT INTO `wced_head` (entryid, head, normalized_head, type, pos) VALUES (784, "ampara", "ampara", "m", "v");
INSERT INTO `wced_translation` (entryid, translation) VALUES (784, "interrupt a wedding ceremony");
INSERT INTO `wced_entry` VALUES (785, "ampaw", "37", "<entry page=""37"" id=""785""><form id=""ampaw"" lang=""ceb"">ampaw</form>
<hom role=""n""><pos>n</pos>
<sense n=""0""><trans> <tr>delicacy</tr> consisting of puffed rice coated with caramel and stuck into bricks. </trans>
</sense></hom>
<hom role=""v""><pos>v</pos>
<sense n=""0""> <itype>[A1; a12]</itype><trans> make <ix>ampaw.</ix>
</trans>
</sense></hom></entry>");
INSERT INTO `wced_head` (entryid, head, normalized_head, type, pos) VALUES (785, "ampaw", "ampaw", "m", "nv");
INSERT INTO `wced_translation` (entryid, translation) VALUES (785, "delicacy");
INSERT INTO `wced_entry` VALUES (786, "ampay", "37", "<entry page=""37"" id=""786""><form id=""ampay"" lang=""ceb"">ampay</form>
<hom role=""a""><pos>a</pos>
<sense n=""1""><number>1</number><trans> <tr>favorite</tr>. </trans>
<eg><i lang=""ceb"">Ampay ku ang mangga,</i><trans> Mangoes are my favorite. </trans></eg>
</sense>
<sense n=""2""><number>2</number><trans> much to one’s liking. </trans>
<eg><i lang=""ceb"">Ampay kaáyu níya nga tawgun siya ug lúlu,</i><trans> He likes it very much if they call him ‘granddad’.
</trans></eg>
</sense></hom></entry>");
INSERT INTO `wced_head` (entryid, head, normalized_head, type, pos) VALUES (786, "ampay", "ampay", "m", "a");
INSERT INTO `wced_translation` (entryid, translation) VALUES (786, "favorite");
INSERT INTO `wced_entry` VALUES (787, "ampayir", "37", "<entry page=""37"" id=""787""><form id=""ampaxyir"" lang=""ceb"">ampáyir</form>
<hom role=""n""><pos>n</pos>
<sense n=""0""><trans> <tr>umpire</tr>. </trans>
<eg><i lang=""ceb"">Si Pidru bay ampáyir sa buksing?</i><trans> Is Pedro the umpire in boxing? </trans></eg>
</sense></hom>
<hom role=""v""><pos>v</pos>
<sense n=""0""> <itype>[A; b(1)]</itype><trans> be the umpire. </trans>
<eg><i lang=""ceb"">Ampayíri ring dúlà,</i><trans> Umpire this game.
</trans></eg>
</sense></hom></entry>");
INSERT INTO `wced_head` (entryid, head, normalized_head, type, pos) VALUES (787, "ampáyir", "ampayir", "m", "nv");
INSERT INTO `wced_translation` (entryid, translation) VALUES (787, "umpire");
INSERT INTO `wced_entry` VALUES (788, "amping", "37", "<entry page=""37"" id=""788""><form id=""amping"" lang=""ceb"">amping</form>
<hom role=""v""><pos>v</pos>
<sense n=""0""> <itype>[A; b(1)]</itype><trans> <tr>treat s.t. with care</tr>, be careful with s.t. </trans>
<eg><i lang=""ceb"">Mag-amping ka arun dílì ka masámad,</i><trans> Be careful so you don’t get hurt. </trans></eg>
<eg><i lang=""ceb"">Ampíngi nang makinilya,</i><trans> Be careful with that typewriter. </trans></eg>
</sense></hom>
<entry><form id=""maampixngun_mainampixngun"" lang=""ceb""><abbr expan=""maampíngun"" type=""lemma"">ma-un</abbr>, <abbr expan=""mainampíngun"" type=""lemma"">ma-in-un</abbr></form>
<hom role=""a""><pos>a</pos>
<sense n=""0""><trans> <tr>careful</tr>. </trans>
<eg><i lang=""ceb"">Maampíngun (mainampíngun) siyang nanáug sa dakung káhuy,</i><trans> He was careful in going down the big tree.†
</trans></eg>
</sense></hom></entry></entry>");
INSERT INTO `wced_head` (entryid, head, normalized_head, type, pos) VALUES (788, "amping", "amping", "m", "v");
INSERT INTO `wced_head` (entryid, head, normalized_head, type, pos) VALUES (788, "maampíngun", "maampingun", "s", "a");
INSERT INTO `wced_head` (entryid, head, normalized_head, type, pos) VALUES (788, "mainampíngun", "mainampingun", "s", "a");
INSERT INTO `wced_translation` (entryid, translation) VALUES (788, "treat s.t. with care");
INSERT INTO `wced_translation` (entryid, translation) VALUES (788, "careful");
INSERT INTO `wced_entry` VALUES (789, "ampityatru", "37", "<entry page=""37"" id=""789""><form id=""ampityatru"" lang=""ceb"">ampityatru</form>
<hom role=""n""><pos>n</pos>
<sense n=""0""><trans> <tr>amphitheater</tr>. </trans>
</sense></hom>
<hom role=""v""><pos>v</pos>
<sense n=""0""> <itype>[A1]</itype><trans> make an amphitheater. </trans>
</sense></hom>
<entry><form id=""inampityatru"" lang=""ceb""><abbr expan=""inampityatru"" type=""lemma"">-in-</abbr></form>
<hom role=""n""><pos><corr sic=""a"">n</corr></pos>
<sense n=""0""><trans> an <tr>amphitheater</tr>. </trans>
</sense></hom>
<hom role=""v""><pos>v</pos>
<sense n=""0""> <itype>[B1456; a12]</itype><trans> be constructed into an <tr>amphitheater</tr>.
</trans>
</sense></hom></entry></entry>");
INSERT INTO `wced_head` (entryid, head, normalized_head, type, pos) VALUES (789, "ampityatru", "ampityatru", "m", "nv");
INSERT INTO `wced_head` (entryid, head, normalized_head, type, pos) VALUES (789, "inampityatru", "inampityatru", "s", "nv");
INSERT INTO `wced_translation` (entryid, translation) VALUES (789, "amphitheater");
INSERT INTO `wced_entry` VALUES (790, "ampiyun1", "37", "<entry page=""37"" id=""790""><form id=""ampiyun"" lang=""ceb"">ampiyun<sub>1</sub></form>
<hom role=""n""><pos>n</pos>
<sense n=""0""><trans> <tr>opium</tr>. </trans>
</sense></hom>
<hom role=""v""><pos>v</pos>
<sense n=""0""> <itype>[A12; a12]</itype><trans> obtain opium, make opium. </trans>
<eg><i lang=""ceb"">Ang lísu mauy ampiyunun,</i><trans> They make opium from the seeds. </trans></eg>
</sense></hom>
<entry><form id=""pangampiyun"" lang=""ceb""><abbr expan=""pangampiyun"" type=""lemma"">paN-</abbr></form>
<hom role=""v""><pos>v</pos>
<sense n=""0""> <itype>[A2; b(1)]</itype><trans> <tr>smoke opium</tr>. </trans>
<eg><i lang=""ceb"">Kasagáran sa mangampiyun Insik,</i><trans> It’s usually Chinese who smoke opium. </trans></eg>
</sense></hom></entry>
<entry><form id=""ampiyunixru"" lang=""ceb""><abbr expan=""ampiyuníru"" type=""lemma"">-íru</abbr></form>
<hom role=""n""><pos>n</pos>
<sense n=""0""><trans> <tr>opium addict</tr>. </trans>
</sense></hom>
<hom role=""v""><pos>v</pos>
<sense n=""0""> <itype>[B126]</itype><trans> be, become an opium addict.
</trans>
</sense></hom></entry></entry>");
INSERT INTO `wced_head` (entryid, head, normalized_head, type, pos) VALUES (790, "ampiyun", "ampiyun", "s", "nv");
INSERT INTO `wced_head` (entryid, head, normalized_head, type, pos) VALUES (790, "pangampiyun", "pangampiyun", "s", "v");
INSERT INTO `wced_head` (entryid, head, normalized_head, type, pos) VALUES (790, "ampiyuníru", "ampiyuniru", "s", "nv");
INSERT INTO `wced_translation` (entryid, translation) VALUES (790, "opium");
INSERT INTO `wced_translation` (entryid, translation) VALUES (790, "smoke opium");
INSERT INTO `wced_translation` (entryid, translation) VALUES (790, "opium addict");
INSERT INTO `wced_entry` VALUES (791, "ampiyun2", "37", "<entry page=""37"" id=""791""><form id=""ampiyun2"" lang=""ceb"">ampiyun<sub>2</sub></form>
<hom role=""n""><pos>n</pos>
<sense n=""0""><trans> a small tree that bears large yellow flowers and large black pods reaching 40 cm. The pulp found in the pod is used to cure stomach pains: <bio>Cassia sp</bio>.
</trans>
</sense></hom></entry>");
INSERT INTO `wced_head` (entryid, head, normalized_head, type, pos) VALUES (791, "ampiyun", "ampiyun", "s", "n");
INSERT INTO `wced_entry` VALUES (792, "ampli", "37", "<entry page=""37"" id=""792""><form id=""ampli"" lang=""ceb"">ampli</form>
<hom role=""n""><pos>n</pos>
<sense n=""0""><trans> short for <ix>amplipáyir.</ix>
</trans>
</sense></hom></entry>");
INSERT INTO `wced_head` (entryid, head, normalized_head, type, pos) VALUES (792, "ampli", "ampli", "m", "n");
INSERT INTO `wced_entry` VALUES (793, "amplipayir", "37", "<entry page=""37"" id=""793""><form id=""amplipaxyir"" lang=""ceb"">amplipáyir</form>
<hom role=""n""><pos>n</pos>
<sense n=""0""><trans> <tr>amplifier</tr>, <tr>public address system</tr>. </trans>
</sense></hom>
<hom role=""v""><pos>v</pos>
<sense n=""0""> <itype>[A1]</itype><trans> use a public address system. </trans>
</sense></hom>
<entry><form id=""amplipaxyiran"" lang=""ceb""><abbr expan=""amplipáyiran"" type=""lemma"">-an</abbr></form>
<hom role=""n""><pos>n</pos>
<sense n=""0""><trans> possessing, having a public address system.
</trans>
</sense></hom></entry></entry>");
INSERT INTO `wced_head` (entryid, head, normalized_head, type, pos) VALUES (793, "amplipáyir", "amplipayir", "m", "nv");
INSERT INTO `wced_head` (entryid, head, normalized_head, type, pos) VALUES (793, "amplipáyiran", "amplipayiran", "s", "n");
INSERT INTO `wced_translation` (entryid, translation) VALUES (793, "amplifier");
INSERT INTO `wced_translation` (entryid, translation) VALUES (793, "public address system");
INSERT INTO `wced_entry` VALUES (794, "ampu", "37", "<entry page=""37"" id=""794""><form id=""ampuq"" lang=""ceb"">ampù</form>
<hom role=""v""><pos>v</pos>
<sense n=""0""> <itype>[A; c]</itype><trans> </trans>
</sense>
<sense n=""1""><number>1</number><trans> <tr>pray</tr>, <tr>worship</tr>. </trans>
<eg><i lang=""ceb"">Dílì mu ampúan ang mga diyusdíyus,</i><trans> Don’t worship false gods. </trans></eg>
<eg><i lang=""ceb"">Birhin Maríya, <corr sic=""ig-ampu"">ig-ampù</corr> mu kami,</i><trans> Virgin Mary, pray for us. </trans></eg>
<eg><i lang=""ceb"">Giampù ku ang ímung kalampúsan,</i><trans> I pray for your success. </trans></eg>
</sense>
<sense n=""2""><number>2</number><trans> <tr>adore</tr>. </trans>
<eg><i lang=""ceb"">Giampúan ku ang ímung kaanyag,</i><trans> I worship your beauty. </trans></eg>
</sense>
<sense n=""3""><number>3</number> <itype>[A2; b6]</itype><trans> <tr>surrender</tr>, turn oneself in to the authorities. </trans>
<eg><i lang=""ceb"">Mamatay ku úsà ku muampù,</i><trans> I’ll die before I will turn myself in. </trans></eg>
</sense>
<sense n=""3a""><number>3a</number><trans> admit one was wrong or ask for forgiveness in order to make up. </trans>
<eg><i lang=""ceb"">Dì ku muampù nímu kay wà kuy salà,</i><trans> I won’t take steps to make up with you because I didn’t do anything wrong. </trans></eg>
</sense></hom>
<entry><form id=""alampuanan"" lang=""ceb""><abbr expan=""alampuanan"" type=""lemma"">-l-anan</abbr></form>
<hom role=""n""><pos>n</pos>
<sense n=""1""><number>1</number><trans> <tr>altar</tr>, place one worships. </trans>
</sense>
<sense n=""2""><number>2</number><trans> thing worshipped. </trans>
</sense></hom></entry>
<entry><form id=""maampuun_main-ampuun_maalampuun"" lang=""ceb""><abbr expan=""maampuun"" type=""lemma"">ma-un</abbr>, <abbr expan=""main-ampuun"" type=""lemma"">ma-in-un</abbr>, <abbr expan=""maalampuun"" type=""lemma"">ma-l-un</abbr></form>
<hom role=""a""><pos>a</pos>
<sense n=""0""><trans> prayerful. </trans>
</sense></hom></entry>
<entry><form id=""mag-aampuq_mag-alampuq"" lang=""ceb""><abbr expan=""mag-aampù"" type=""lemma"">mag-r-</abbr>, <abbr expan=""mag-alampù"" type=""lemma"">mag-l-</abbr></form>
<hom role=""n""><pos>n</pos>
<sense n=""0""><trans> one who prays on behalf of another. </trans>
<eg><i lang=""ceb"">Ang mga santus mauy mag-alampù (mag-aampù),</i><trans> The saints are the intercessors.
</trans></eg>
</sense></hom></entry></entry>");
INSERT INTO `wced_head` (entryid, head, normalized_head, type, pos) VALUES (794, "ampù", "ampu", "m", "v");
INSERT INTO `wced_head` (entryid, head, normalized_head, type, pos) VALUES (794, "alampuanan", "alampuanan", "s", "n");
INSERT INTO `wced_head` (entryid, head, normalized_head, type, pos) VALUES (794, "maampuun", "maampuun", "s", "a");
INSERT INTO `wced_head` (entryid, head, normalized_head, type, pos) VALUES (794, "main-ampuun", "main-ampuun", "s", "a");
INSERT INTO `wced_head` (entryid, head, normalized_head, type, pos) VALUES (794, "maalampuun", "maalampuun", "s", "a");
INSERT INTO `wced_head` (entryid, head, normalized_head, type, pos) VALUES (794, "mag-aampù", "mag-aampu", "s", "n");
INSERT INTO `wced_head` (entryid, head, normalized_head, type, pos) VALUES (794, "mag-alampù", "mag-alampu", "s", "n");
INSERT INTO `wced_translation` (entryid, translation) VALUES (794, "pray");
INSERT INTO `wced_translation` (entryid, translation) VALUES (794, "worship");
INSERT INTO `wced_translation` (entryid, translation) VALUES (794, "adore");
INSERT INTO `wced_translation` (entryid, translation) VALUES (794, "surrender");
INSERT INTO `wced_translation` (entryid, translation) VALUES (794, "altar");
INSERT INTO `wced_entry` VALUES (795, "ampungul", "37", "<entry page=""37"" id=""795""><form id=""ampuxngul"" lang=""ceb"">ampúngul</form>
<hom role=""n""><pos>n</pos>
<sense n=""0""><trans> <tr>head of octopus or squid</tr> (including the tentacles of the squid).
</trans>
</sense></hom></entry>");
INSERT INTO `wced_head` (entryid, head, normalized_head, type, pos) VALUES (795, "ampúngul", "ampungul", "m", "n");
INSERT INTO `wced_translation` (entryid, translation) VALUES (795, "head of octopus or squid");
INSERT INTO `wced_entry` VALUES (796, "amu", "37", "<entry page=""37"" id=""796""><form id=""amu"" lang=""ceb"">amu</form>
<hom>
<sense n=""0""><trans> = <xr lang=""ceb"" target=""#mau""><sc>mau</sc></xr> (dialectal).
</trans>
</sense></hom></entry>");
INSERT INTO `wced_head` (entryid, head, normalized_head, type, pos) VALUES (796, "amu", "amu", "m", "");
INSERT INTO `wced_entry` VALUES (797, "amu", "37", "<entry page=""37"" id=""797""><form id=""axmu"" lang=""ceb"">ámu</form>
<hom>
<sense n=""0""> <ix>vocative short form:</ix> <form id=""mu"" lang=""ceb"">mu</form><trans> </trans>
</sense></hom>
<hom role=""n""><pos>n</pos>
<sense n=""0""><trans> <tr>master</tr>, <tr>employer</tr>. </trans>
<eg><i lang=""ceb"">Makagáwì ba ta sa ímung tilipunu, mu?</i><trans> May I use your phone, boss? </trans></eg>
</sense></hom>
<hom role=""v""><pos>v</pos>
<sense n=""0""> <itype>[A123S]</itype><trans> happen to have a master, employer. </trans>
<eg><i lang=""ceb"">Lisud ning makaamu tag istriktu,</i><trans> It’s difficult if you happen to have a strict employer. </trans></eg>
</sense></hom>
<entry><form id=""pangaxmu"" lang=""ceb""><abbr expan=""pangámu"" type=""lemma"">paN-</abbr></form>
<hom role=""v""><pos>v</pos>
<sense n=""0""> <itype>[A2]</itype><trans> have s.o. as an employer. </trans>
<eg><i lang=""ceb"">Nakapangámu na ku ug Katsílà,</i><trans> I have already experienced having a Spaniard as employer. </trans></eg>
</sense></hom></entry>
<entry><form id=""maistru_axmu"" lang=""ceb"">maistru <abbr expan=""ámu"" type=""lemma"">—</abbr></form>
<hom role=""n""><pos>n</pos>
<sense n=""0""><trans> one who oversees the preparation of s.t., e.g. the head chef on a boat or the quality controller in a factory.
</trans>
</sense></hom></entry></entry>");
INSERT INTO `wced_head` (entryid, head, normalized_head, type, pos) VALUES (797, "ámu", "amu", "m", "nv");
INSERT INTO `wced_head` (entryid, head, normalized_head, type, pos) VALUES (797, "mu", "mu", "s", "");
INSERT INTO `wced_head` (entryid, head, normalized_head, type, pos) VALUES (797, "pangámu", "pangamu", "s", "v");
INSERT INTO `wced_head` (entryid, head, normalized_head, type, pos) VALUES (797, "maistru ámu", "maistru amu", "s", "n");
INSERT INTO `wced_translation` (entryid, translation) VALUES (797, "master");
INSERT INTO `wced_translation` (entryid, translation) VALUES (797, "employer");
INSERT INTO `wced_entry` VALUES (798, "amu", "37", "<entry page=""37"" id=""798""><form id=""amuq"" lang=""ceb"">amù</form>
<hom role=""n""><pos>n</pos>
<sense n=""0""><trans> <tr>monkey</tr>, <tr>ape</tr>. </trans>
<eg><i lang=""ceb"">Pubri pa sa amù,</i><trans> Poorer than a monkey (which has what looks like two one-centavo coins in its buttocks). </trans></eg>
</sense></hom>
<entry><form id=""inuxlug_amuq"" lang=""ceb"">inúlug <abbr expan=""amù"" type=""lemma"">—</abbr></form>
<hom>
<sense n=""0""><trans> waxing gibbous moon. </trans>
</sense></hom>
<hom role=""v""><pos>v</pos>
<sense n=""0""> <itype>[B126; b6]</itype><trans> get broke (get to be like a monkey that has only two centavos) (colloquial). </trans>
</sense></hom>
<hom role=""a""><pos>a</pos>
<sense n=""0""><trans> <tr>broke</tr>. </trans>
</sense></hom></entry>
<entry><form id=""Amuxay"" lang=""ceb""><abbr expan=""Amúay"" type=""lemma"">-ay(←)</abbr></form>
<hom role=""n""><pos>n</pos>
<sense n=""0""><trans> <tr>Mr. Monkey</tr>. </trans>
<eg><i lang=""ceb"">Si Amúay nangáwat sa ságing ni Baúhay,</i><trans> Mr. Monkey stole Mr. Turtle’s bananas. </trans></eg>
</sense></hom></entry>
<entry><form id=""alamuxan"" lang=""ceb""><abbr expan=""alamúan"" type=""lemma"">-l-an(←)</abbr></form>
<hom role=""n""><pos>n</pos>
<sense n=""0""><trans> place infested with monkeys.†
</trans>
</sense></hom></entry></entry>");
INSERT INTO `wced_head` (entryid, head, normalized_head, type, pos) VALUES (798, "amù", "amu", "m", "n");
INSERT INTO `wced_head` (entryid, head, normalized_head, type, pos) VALUES (798, "inúlug amù", "inulug amu", "s", "va");
INSERT INTO `wced_head` (entryid, head, normalized_head, type, pos) VALUES (798, "Amúay", "amuay", "s", "n");
INSERT INTO `wced_head` (entryid, head, normalized_head, type, pos) VALUES (798, "alamúan", "alamuan", "s", "n");
INSERT INTO `wced_translation` (entryid, translation) VALUES (798, "monkey");
INSERT INTO `wced_translation` (entryid, translation) VALUES (798, "ape");
INSERT INTO `wced_translation` (entryid, translation) VALUES (798, "broke");
INSERT INTO `wced_translation` (entryid, translation) VALUES (798, "Mr. Monkey");
INSERT INTO `wced_entry` VALUES (799, "amu", "37", "<entry page=""37"" id=""799""><form id=""axmuq"" lang=""ceb"">ámù</form>
<hom>
<sense n=""0""><trans> <ix>see</ix> <xr lang=""ceb"" target=""#kami""><sc>kami</sc></xr>.
</trans>
</sense></hom></entry>");
INSERT INTO `wced_head` (entryid, head, normalized_head, type, pos) VALUES (799, "ámù", "amu", "m", "");
INSERT INTO `wced_entry` VALUES (800, "amul", "37", "<entry page=""37"" id=""800""><form id=""amul"" lang=""ceb"">amul</form>
<hom role=""a""><pos>a</pos>
<sense n=""0""><trans> for a blade to be very <tr>dull</tr>. </trans>
<eg><i lang=""ceb"">Amul ang sundang,</i><trans> The machete is dull. </trans></eg>
</sense></hom>
<hom role=""v""><pos>v</pos>
<sense n=""0""> <itype>[B12; a12]</itype><trans> become dull. </trans>
</sense></hom>
<entry><form id=""amuxlan_amuxlun"" lang=""ceb""><abbr expan=""amúlan"" type=""lemma"">-an</abbr>, <abbr expan=""amúlun"" type=""lemma"">-un</abbr></form>
<hom role=""a""><pos>a</pos>
<sense n=""0""><trans> of dull kind.
</trans>
</sense></hom></entry></entry>");
INSERT INTO `wced_head` (entryid, head, normalized_head, type, pos) VALUES (800, "amul", "amul", "m", "av");
INSERT INTO `wced_head` (entryid, head, normalized_head, type, pos) VALUES (800, "amúlan", "amulan", "s", "a");
INSERT INTO `wced_head` (entryid, head, normalized_head, type, pos) VALUES (800, "amúlun", "amulun", "s", "a");
INSERT INTO `wced_translation` (entryid, translation) VALUES (800, "dull");
INSERT INTO `wced_entry` VALUES (801, "amuma", "37", "<entry page=""37"" id=""801""><form id=""amuxma"" lang=""ceb"">amúma</form>
<hom role=""v""><pos>v</pos>
<sense n=""0""> <itype>[A; b5]</itype><trans> take care of s.o. and guide him. </trans>
<eg><i lang=""ceb"">Giamúma (giamumáhan) siya sa inaína sáma sa kaugalíngung anak,</i><trans> Her stepmother took care of her like her own child.
</trans></eg>
</sense></hom></entry>");
INSERT INTO `wced_head` (entryid, head, normalized_head, type, pos) VALUES (801, "amúma", "amuma", "m", "v");
INSERT INTO `wced_entry` VALUES (802, "*amumun", "37", "<entry page=""37"" id=""802""><form id=""xxamumun"" lang=""ceb"">*amumun</form>
<entry><form id=""amumun_lumban_sa_daxgat"" lang=""ceb""><abbr expan=""amumun"" type=""lemma"">—</abbr> lumban sa dágat</form>
<hom role=""n""><pos>n</pos>
<sense n=""0""><trans> <tr>sundials</tr>, k.o. sea shell.
</trans>
</sense></hom></entry></entry>");
INSERT INTO `wced_head` (entryid, head, normalized_head, type, pos) VALUES (802, "amumun", "amumun", "s", "");
INSERT INTO `wced_head` (entryid, head, normalized_head, type, pos) VALUES (802, "amumun lumban sa dágat", "amumun lumban sa dagat", "s", "n");
INSERT INTO `wced_translation` (entryid, translation) VALUES (802, "sundials");
INSERT INTO `wced_entry` VALUES (803, "amumung", "37", "<entry page=""37"" id=""803""><form id=""amumuxng"" lang=""ceb"">amumúng</form>
<hom role=""v""><pos>v</pos>
<sense n=""0""> <itype>[a4]</itype><trans> lose one’s way under spell of evil spirit. </trans>
<eg><i lang=""ceb"">Kun amumúngun ka baliha lang ang ímung sinínà arun makatultul kag bálik,</i><trans> If you lose your way, put your clothes on inside out, and you’ll find your way back.
</trans></eg>
</sense></hom></entry>");
INSERT INTO `wced_head` (entryid, head, normalized_head, type, pos) VALUES (803, "amumúng", "amumung", "m", "v");
INSERT INTO `wced_entry` VALUES (804, "amumunggut", "37", "<entry page=""37"" id=""804""><form id=""amumunggut"" lang=""ceb"">amumunggut</form>
<hom>
<sense n=""0""><trans> = <xr lang=""ceb"" target=""#tibalas""><sc>tibalas</sc></xr>.
</trans>
</sense></hom></entry>");
INSERT INTO `wced_head` (entryid, head, normalized_head, type, pos) VALUES (804, "amumunggut", "amumunggut", "m", "");
INSERT INTO `wced_entry` VALUES (805, "amumungpung", "37", "<entry page=""37"" id=""805""><form id=""amumungpung"" lang=""ceb"">amumungpung</form>
<hom role=""n""><pos>n</pos>
<sense n=""0""><trans> k.o. edible top <tr>shell</tr> reaching <measure reg=""2.5 cm"">an inch</measure>, pyramid-shaped.
</trans>
</sense></hom></entry>");
INSERT INTO `wced_head` (entryid, head, normalized_head, type, pos) VALUES (805, "amumungpung", "amumungpung", "m", "n");
INSERT INTO `wced_translation` (entryid, translation) VALUES (805, "shell");
INSERT INTO `wced_entry` VALUES (806, "amumuntag", "37", "<entry page=""37"" id=""806""><form id=""amumuntag"" lang=""ceb"">amumuntag</form>
<hom role=""n""><pos>n</pos>
<sense n=""0""><trans> k.o. <tr>octopus</tr> which tends to come out when the moon rises.
</trans>
</sense></hom></entry>");
INSERT INTO `wced_head` (entryid, head, normalized_head, type, pos) VALUES (806, "amumuntag", "amumuntag", "m", "n");
INSERT INTO `wced_translation` (entryid, translation) VALUES (806, "octopus");
INSERT INTO `wced_entry` VALUES (807, "amung", "37", "<entry page=""37"" id=""807""><form id=""amung"" lang=""ceb"">amung</form>
<hom role=""v""><pos>v</pos>
<sense n=""0""> <itype>[A; c1]</itype><trans> drag s.t. to perdition, bring s.t. to ruin together with it. </trans>
<eg><i lang=""ceb"">Ang mga latang kamátis makaamung sa uban,</i><trans> The rotten tomatoes can ruin the others that are packed together with them. </trans></eg>
<eg><i lang=""ceb"">Ayaw ku iamung (amunga) sa inyung kabúang,</i><trans> Do not involve me in your foolishness. </trans></eg>
<eg><i lang=""ceb"">Sa pinusílay naamung ang inusinting bátà,</i><trans> During the gunfight an innocent child was hit in the crossfire. </trans></eg>
</sense></hom>
<entry><form id=""pangamung"" lang=""ceb""><abbr expan=""pangamung"" type=""lemma"">paN-</abbr></form>
<hom role=""v""><pos>v</pos>
<sense n=""0""> <itype>[A2]</itype><trans> </trans>
</sense>
<sense n=""1""><number>1</number><trans> exert bad influence. </trans>
</sense>
<sense n=""2""><number>2</number><trans> try <pb n=""38""/>s.t. on a long shot. </trans>
<eg><i lang=""ceb"">Nangamung siyag pangulitáwu, básig sugtun,</i><trans> He tried his luck at courting her in hopes of succeeding. </trans></eg>
</sense></hom></entry>
<entry><form id=""amung-axmung"" lang=""ceb"">amung-ámung</form>
<hom role=""v""><pos>v</pos>
<sense n=""0""> <itype>[A; b(1)]</itype><trans> </trans>
</sense>
<sense n=""1""><number>1</number><trans> inflict malicious, needless harm. </trans>
<eg><i lang=""ceb"">Ang mga tulisan nag-amung-ámung pa giyud níya,</i><trans> The bandits raped her as well. </trans></eg>
<eg><i lang=""ceb"">Giamung-amungan tingáli ang masitíra sa irù kay nangabúak man,</i><trans> The dogs probably messed up the flower pots, because they are broken. </trans></eg>
</sense>
<sense n=""2""><number>2</number><trans> <tr>tease</tr> maliciously. </trans>
<eg><i lang=""ceb"">Giamung-amúngan níla ang irù paghikut ug láta,</i><trans> They teased the dog by tying a can to it. </trans></eg>
</sense></hom></entry>
<entry><form id=""amung-amungan_maamung-amungun"" lang=""ceb"">amung-amungan, maamung-amungun</form>
<hom role=""a""><pos>a</pos>
<sense n=""0""><trans> maliciously destructive.
</trans>
</sense></hom></entry></entry>");
INSERT INTO `wced_head` (entryid, head, normalized_head, type, pos) VALUES (807, "amung", "amung", "m", "v");
INSERT INTO `wced_head` (entryid, head, normalized_head, type, pos) VALUES (807, "pangamung", "pangamung", "s", "v");
INSERT INTO `wced_head` (entryid, head, normalized_head, type, pos) VALUES (807, "amung-ámung", "amung-amung", "s", "v");
INSERT INTO `wced_head` (entryid, head, normalized_head, type, pos) VALUES (807, "amung-amungan", "amung-amungan", "s", "a");
INSERT INTO `wced_head` (entryid, head, normalized_head, type, pos) VALUES (807, "maamung-amungun", "maamung-amungun", "s", "a");
INSERT INTO `wced_translation` (entryid, translation) VALUES (807, "tease");
INSERT INTO `wced_entry` VALUES (808, "amunistal", "38", "<entry page=""38"" id=""808""><form id=""amunistal"" lang=""ceb"">amunistal</form>
<hom role=""v""><pos>v</pos>
<sense n=""0""> <itype>[A; c6]</itype><trans> <tr>register</tr> for marriage in the church. </trans>
</sense></hom>
<hom role=""n""><pos>n</pos>
<sense n=""0""><trans> <tr>payment</tr> for church services in marriage. </trans>
<eg><i lang=""ceb"">Mahal ang amunistal sa kasal nga ispisyal,</i><trans> The payment for the church services in a special marriage is dear.
</trans></eg>
</sense></hom></entry>");
INSERT INTO `wced_head` (entryid, head, normalized_head, type, pos) VALUES (808, "amunistal", "amunistal", "m", "vn");
INSERT INTO `wced_translation` (entryid, translation) VALUES (808, "register");
INSERT INTO `wced_translation` (entryid, translation) VALUES (808, "payment");
INSERT INTO `wced_entry` VALUES (809, "amur", "38", "<entry page=""38"" id=""809""><form id=""amur"" lang=""ceb"">amur</form>
<hom role=""n""><pos>n</pos>
<sense n=""0""><trans> <tr>liking</tr>. </trans>
<eg><i lang=""ceb"">Wà giyud kuy amur sa dayuk,</i><trans> I cannot bring myself to like salted fish innards. </trans></eg>
<eg><i lang=""ceb"">Gitugkan siyag amur kang Birtu,</i><trans> She developed a liking for Bert. </trans></eg>
</sense></hom>
<entry><form id=""amur_prupiyu"" lang=""ceb""><abbr expan=""amur"" type=""lemma"">—</abbr> prupiyu</form>
<hom>
<sense n=""0""><trans> <tr>amor propio</tr>.
</trans>
</sense></hom></entry></entry>");
INSERT INTO `wced_head` (entryid, head, normalized_head, type, pos) VALUES (809, "amur", "amur", "m", "n");
INSERT INTO `wced_head` (entryid, head, normalized_head, type, pos) VALUES (809, "amur prupiyu", "amur prupiyu", "s", "");
INSERT INTO `wced_translation` (entryid, translation) VALUES (809, "liking");
INSERT INTO `wced_translation` (entryid, translation) VALUES (809, "amor propio");
INSERT INTO `wced_entry` VALUES (810, "amuradu", "38", "<entry page=""38"" id=""810""><form id=""amuraxdu"" lang=""ceb"">amurádu</form>
<hom role=""n""><pos>n</pos>
<sense n=""0""><trans> k.o. red, thick, <tr>sweet banana</tr>, eaten raw. It is starchier than the yellow bananas usually sold commercially in the States.
</trans>
</sense></hom></entry>");
INSERT INTO `wced_head` (entryid, head, normalized_head, type, pos) VALUES (810, "amurádu", "amuradu", "m", "n");
INSERT INTO `wced_translation` (entryid, translation) VALUES (810, "sweet banana");
INSERT INTO `wced_entry` VALUES (811, "amural", "38", "<entry page=""38"" id=""811""><form id=""amural"" lang=""ceb"">amural</form>
<hom role=""v""><pos>v</pos>
<sense n=""0""> <itype>[A; a12]</itype><trans> </trans>
</sense>
<sense n=""1""><number>1</number><trans> speak one’s love to. </trans>
<eg><i lang=""ceb"">Giamural níya si Maríya, piru wà sugta,</i><trans> He proposed to Maria, but she turned him down. </trans></eg>
</sense>
<sense n=""2""><number>2</number><trans> speak out one’s purpose asking for s.t. </trans>
<eg><i lang=""ceb"">Nag-amural kung Tiyù pára sa ákung karsúnis,</i><trans> I am asking my uncle for money to buy a pair of pants.
</trans></eg>
</sense></hom></entry>");
INSERT INTO `wced_head` (entryid, head, normalized_head, type, pos) VALUES (811, "amural", "amural", "m", "v");
INSERT INTO `wced_entry` VALUES (812, "amur sikritu", "38", "<entry page=""38"" id=""812""><form id=""amur_sikrixtu"" lang=""ceb"">amur sikrítu</form>
<hom role=""n""><pos>n</pos>
<sense n=""0""><trans> <tr>bleeding heart</tr>, k.o. ornamental vine with heart-shaped flowers: <bio>Clerodendrum <corr sic=""thomponae"">thomsoniae</corr></bio>.
</trans>
</sense></hom></entry>");
INSERT INTO `wced_head` (entryid, head, normalized_head, type, pos) VALUES (812, "amur sikrítu", "amur sikritu", "m", "n");
INSERT INTO `wced_translation` (entryid, translation) VALUES (812, "bleeding heart");
INSERT INTO `wced_entry` VALUES (813, "amursiku", "38", "<entry page=""38"" id=""813""><form id=""amursixku"" lang=""ceb"">amursíku</form>
<hom role=""n""><pos>n</pos>
<sense n=""0""><trans> k.o. <tr>crab grass</tr> with long towering stems bearing barbed spikelets which adhere to the clothes: <bio>Andropogon aciculatus</bio>. </trans>
</sense></hom>
<entry><form id=""kaamursixku"" lang=""ceb""><abbr expan=""kaamursíku"" type=""lemma"">ka-</abbr></form>
<hom role=""v""><pos>v</pos>
<sense n=""0""> <itype>[A13]</itype><trans> be full of amorseco spikes. </trans>
<eg><i lang=""ceb"">Nagkaamursíku ang ákung sinínà,</i><trans> My dress has amorseco all over it.
</trans></eg>
</sense></hom></entry></entry>");
INSERT INTO `wced_head` (entryid, head, normalized_head, type, pos) VALUES (813, "amursíku", "amursiku", "m", "n");
INSERT INTO `wced_head` (entryid, head, normalized_head, type, pos) VALUES (813, "kaamursíku", "kaamursiku", "s", "v");
INSERT INTO `wced_translation` (entryid, translation) VALUES (813, "crab grass");
INSERT INTO `wced_entry` VALUES (814, "amurtisasiyun", "38", "<entry page=""38"" id=""814""><form id=""amurtisasiyun"" lang=""ceb"">amurtisasiyun</form>
<hom role=""n""><pos>n</pos>
<sense n=""0""><trans> <tr>amortization</tr>. </trans>
</sense></hom>
<hom role=""v""><pos>v</pos>
<sense n=""1""><number>1</number> <itype>[A1]</itype><trans> be <tr>amortized</tr>. </trans>
<eg><i lang=""ceb"">Ang ákung útang nag-amurtisasiyun ug dusyintus matag búlan,</i><trans> The amortization on my debt is two hundred every month. </trans></eg>
</sense>
<sense n=""2""><number>2</number> <itype>[ac]</itype><trans> <tr>pay off</tr> an amortization. </trans>
<eg><i lang=""ceb""><sic>Amurtisasyunan</sic> ku ang útang ug katungà,</i><trans> I’ll amortize half of my debt.
</trans></eg>
</sense></hom></entry>");
INSERT INTO `wced_head` (entryid, head, normalized_head, type, pos) VALUES (814, "amurtisasiyun", "amurtisasiyun", "m", "nv");
INSERT INTO `wced_translation` (entryid, translation) VALUES (814, "amortization");
INSERT INTO `wced_translation` (entryid, translation) VALUES (814, "amortized");
INSERT INTO `wced_translation` (entryid, translation) VALUES (814, "pay off");
INSERT INTO `wced_entry` VALUES (815, "amurusu", "38", "<entry page=""38"" id=""815""><form id=""amuruxsu"" lang=""ceb"">amurúsu</form>
<hom role=""n""><pos>n</pos>
<sense n=""0""><trans> <tr>delinquency</tr> in paying off an obligation. </trans>
<eg><i lang=""ceb"">Upat ka búwan ang ákung amurúsu sa bangku,</i><trans> I’m four months delinquent in my payments to the bank. </trans></eg>
</sense></hom>
<hom role=""v""><pos>v</pos>
<sense n=""0""> <itype>[B1256]</itype><trans> be delinquent in paying off an obligation.
</trans>
</sense></hom></entry>");
INSERT INTO `wced_head` (entryid, head, normalized_head, type, pos) VALUES (815, "amurúsu", "amurusu", "m", "nv");
INSERT INTO `wced_translation` (entryid, translation) VALUES (815, "delinquency");
INSERT INTO `wced_entry` VALUES (816, "amut", "38", "<entry page=""38"" id=""816""><form id=""axmut"" lang=""ceb"">ámut</form>
<hom role=""n""><pos>n</pos>
<sense n=""0""><trans> <tr>contribution</tr>. </trans>
<eg><i lang=""ceb"">Pilay ámut sa salusálù káda usa?</i><trans> How much is each person’s contribution to the party? </trans></eg>
</sense></hom>
<hom role=""v""><pos>v</pos>
<sense n=""0""> <itype>[A; c]</itype><trans> </trans>
</sense>
<sense n=""1""><number>1</number><trans> <tr>contribute</tr>. </trans>
<eg><i lang=""ceb"">Daghan siyag ikaámut sa kauswágan sa násud,</i><trans> He has much to contribute to the development of the country. </trans></eg>
</sense>
<sense n=""2""><number>2</number><trans> contribute to increase the intensity or quality. </trans>
<eg><i lang=""ceb"">Ang kaígang nakaámut sa íyang kapungut,</i><trans> The heat contributed to making his anger worse. </trans></eg>
</sense></hom>
<entry><form id=""alamuxtan_alamutan"" lang=""ceb""><abbr expan=""alamútan"" type=""lemma"">-l-an</abbr>, <abbr expan=""alamutan"" type=""lemma"">-l-an(→)</abbr></form>
<hom role=""n""><pos>n</pos>
<sense n=""0""><trans> <tr>contribution</tr>. </trans>
<eg><i lang=""ceb"">Pagkadaghag alamútan (alamutan) sa iskuylahan, makapubri!</i><trans> You can go broke with all the contributions you have to make in school.
</trans></eg>
</sense></hom></entry></entry>");
INSERT INTO `wced_head` (entryid, head, normalized_head, type, pos) VALUES (816, "ámut", "amut", "m", "nv");
INSERT INTO `wced_head` (entryid, head, normalized_head, type, pos) VALUES (816, "alamútan", "alamutan", "s", "n");
INSERT INTO `wced_head` (entryid, head, normalized_head, type, pos) VALUES (816, "alamutan", "alamutan", "s", "n");
INSERT INTO `wced_translation` (entryid, translation) VALUES (816, "contribution");
INSERT INTO `wced_translation` (entryid, translation) VALUES (816, "contribute");
INSERT INTO `wced_entry` VALUES (817, "amuti", "38", "<entry page=""38"" id=""817""><form id=""amuxti"" lang=""ceb"">amúti</form>
<hom>
<sense n=""0""><trans> = <xr lang=""ceb"" target=""#kamuxti""><sc>kamúti</sc></xr>.
</trans>
</sense></hom></entry>");
INSERT INTO `wced_head` (entryid, head, normalized_head, type, pos) VALUES (817, "amúti", "amuti", "m", "");
INSERT INTO `wced_entry` VALUES (818, "amuy1", "38", "<entry page=""38"" id=""818""><form id=""axmuy"" lang=""ceb"">ámuy<sub>1</sub></form>
<hom role=""n""><pos>n</pos>
<sense n=""1""><number>1</number><trans> <tr>icon</tr>. </trans>
</sense>
<sense n=""2""><number>2</number><trans> the name of <tr>God</tr> used in speaking to small children. </trans>
<eg><i lang=""ceb"">Ayaw pangáway kay masukù ang ámuy,</i><trans> Don’t quarrel because God will get angry.
</trans></eg>
</sense></hom></entry>");
INSERT INTO `wced_head` (entryid, head, normalized_head, type, pos) VALUES (818, "ámuy", "amuy", "s", "n");
INSERT INTO `wced_translation` (entryid, translation) VALUES (818, "icon");
INSERT INTO `wced_translation` (entryid, translation) VALUES (818, "God");
INSERT INTO `wced_entry` VALUES (819, "amuy2", "38", "<entry page=""38"" id=""819""><form id=""axmuy2"" lang=""ceb"">ámuy<sub>2</sub></form>
<hom role=""n""><pos>n</pos>
<sense n=""0""><trans> term of address for very old men of respectability. </trans>
<eg><i lang=""ceb"">Kanà si Ámuy Militun kapitan sa panahun sa Katsílà,</i><trans> Amoy Meliton was a village head during the Spanish times. </trans></eg>
</sense></hom>
<hom role=""v""><pos>v</pos>
<sense n=""0""> <itype>[a12]</itype><trans> call s.o. Amoy.
</trans>
</sense></hom></entry>");
INSERT INTO `wced_head` (entryid, head, normalized_head, type, pos) VALUES (819, "ámuy", "amuy", "s", "nv");
INSERT INTO `wced_entry` VALUES (820, "amyun", "38", "<entry page=""38"" id=""820""><form id=""amyun"" lang=""ceb"">amyun</form>
<hom role=""v""><pos>v</pos>
<sense n=""0""> <itype>[BN]</itype><trans> <tr>emit</tr> a sweet fragrance. </trans>
<eg><i lang=""ceb"">Miamyun (nangamyun) ang kahumut sa mga búlak,</i><trans> The flowers emitted a sweet fragrance. </trans></eg>
</sense></hom>
<entry><form id=""kaamyun"" lang=""ceb""><abbr expan=""kaamyun"" type=""lemma"">ka-</abbr></form>
<hom role=""n""><pos>n</pos>
<sense n=""0""><trans> <tr>sweet smell</tr>.
</trans>
</sense></hom></entry></entry>");
INSERT INTO `wced_head` (entryid, head, normalized_head, type, pos) VALUES (820, "amyun", "amyun", "m", "v");
INSERT INTO `wced_head` (entryid, head, normalized_head, type, pos) VALUES (820, "kaamyun", "kaamyun", "s", "n");
INSERT INTO `wced_translation` (entryid, translation) VALUES (820, "emit");
INSERT INTO `wced_translation` (entryid, translation) VALUES (820, "sweet smell");
INSERT INTO `wced_entry` VALUES (821, "-an1", "38", "<entry page=""38"" id=""821""><form id=""x-an"" lang=""ceb"">-an<sub>1</sub></form>
<hom>
<sense n=""0""><trans> local passive verb affix, future. (<ix>past</ix> <bx>gi-an</bx>; <ix>subjunctive</ix> <bx>-i</bx>. <ix>Potential forms: past</ix> <bx>na-an</bx>; <ix>future</ix> <bx>ma-an</bx> or, alternatively, <bx>ka-an</bx>; <ix>subjunctive</ix> <bx>ma-i</bx> or, alternatively, <bx>ka-i</bx>.) Not all verbs occur with this affix, and those that do may occur with only one or two or all of the meanings. </trans>
</sense>
<sense n=""1""><number>1</number><trans> [do] for, at, on, in. </trans>
<eg><i lang=""ceb"">Palitan ku siyag kík,</i><trans> I will buy him cake (or buy cake from him). </trans></eg>
<eg><i lang=""ceb"">Gipalitan ku siya,</i><trans> I bought some for (from) him. </trans></eg>
<eg><i lang=""ceb"">Wà ku siya paliti,</i><trans> I didn’t buy any for (from) him. </trans></eg>
<eg><i lang=""ceb"">Mapalitan (kapalitan) ku siya,</i><trans> I can buy some for (from) him. </trans></eg>
<eg><i lang=""ceb"">Napalitan ku siya,</i><trans> I managed to buy some for (from) him. </trans></eg>
<eg><i lang=""ceb"">Wà ku siya mapaliti (kapaliti),</i><trans> I couldn’t buy any for (from) him. </trans></eg>
</sense>
<sense n=""1a""><number>1a</number><trans> <ix>with noun bases:</ix> give, provide s.o. [noun]. </trans>
<eg><i lang=""ceb"">Sirúhan ka nákù,</i><trans> I will give you a zero. </trans></eg>
<eg><i lang=""ceb"">Sapatúsan ku ang bátà,</i><trans> I will put shoes on the child. </trans></eg>
</sense>
<sense n=""2""><number>2</number><trans> [do] directly to s.o. or s.t. </trans>
<eg><i lang=""ceb"">Hagkan ku ikaw,</i><trans> I will kiss you. </trans></eg>
<eg><i lang=""ceb"">Bantayan ninyu ang prísu,</i><trans> Watch the prisoner. </trans></eg>
</sense>
<sense n=""2a""><number>2a</number><trans> [do] to part of s.t. </trans>
<eg><i lang=""ceb"">Kuháan ku ang ímung kík ug gamay,</i><trans> I will take a little of your cake. </trans></eg>
<eg><i lang=""ceb"">Kunhúran ku ang prisyu,</i><trans> I will take a little off the price. </trans></eg>
</sense>
<sense n=""3""><number>3</number><trans> <ix>with verbs from adjectives:</ix> consider s.t. as. </trans>
<eg><i lang=""ceb"">Lisdan siya sa átung sinultihan,</i><trans> He will find our language difficult. </trans></eg>
<eg><i lang=""ceb"">Gipilahan ka lang uruy niánà?</i><trans> Do you consider that a small amount? </trans></eg>
</sense>
<sense n=""4""><number>4</number><trans> have [verb] happen to one. </trans>
<eg><i lang=""ceb"">Naulanan aku,</i><trans> I was caught in the rain. </trans></eg>
<eg><i lang=""ceb"">Labdan ka sa úlu,</i><trans> You will get a headache. (It will happen to you that your head will ache.) </trans></eg>
</sense>
<sense n=""5""><number>5</number><trans> <pb n=""39""/>[do] because of, due to. </trans>
<eg><i lang=""ceb"">Unsay gihilákan mu?</i><trans> What is it you are crying about? </trans></eg>
<eg><i lang=""ceb"">Dílì nà ángayng kabalak-an,</i><trans> That is not worth getting worried over. </trans></eg>
</sense>
<sense n=""6""><number>6</number><trans> do in [such-and-such a manner]. </trans>
<eg><i lang=""ceb"">Usaan nà nákug alsa,</i><trans> I will lift that with one (hand). </trans></eg>
<eg><i lang=""ceb"">Datadatáhan ku nag báyad,</i><trans> I will pay for that in installments. </trans></eg>
</sense>
<sense n=""7""><number>7</number><trans> work off a debt, pay for by [do]ing. </trans>
<eg><i lang=""ceb"">Mahímù nímung trabahúan ang ímung útang nákù,</i><trans> You may work off your debt to me. </trans></eg>
<eg><i lang=""ceb"">Buk-an kug lubi kining bugas,</i><trans> I’ll pay for this rice by splitting coconuts.
</trans></eg>
</sense></hom></entry>");
INSERT INTO `wced_head` (entryid, head, normalized_head, type, pos) VALUES (821, "-an", "-an", "s", "");
INSERT INTO `wced_entry` VALUES (822, "-an2", "39", "<entry page=""39"" id=""822""><form id=""x-an2"" lang=""ceb"">-an<sub>2</sub></form>
<hom>
<sense n=""0""><trans> suffix forming verb bases to which the prefixes <ix>mag-, tig-</ix> and <ix>pag-</ix> may be added. The verb with these affixes always has stress on the final syllable and means ‘[do] s.t. at a certain place habitually’. </trans>
<eg><i lang=""ceb"">Mag-anhian siya dinhig maduminggu,</i><trans> He comes here on Sundays. </trans></eg>
<eg><i lang=""ceb"">Siyay tig-anhian dinhi,</i><trans> He comes here often. </trans></eg>
<eg><i lang=""ceb"">Sa ímung pag-adtuan didtu, nakailaíla kag usa ka Mang Tiryu?</i><trans> In the times you’ve been going to that place, did you ever meet a certain Mang Terio?
</trans></eg>
</sense></hom></entry>");
INSERT INTO `wced_head` (entryid, head, normalized_head, type, pos) VALUES (822, "-an", "-an", "s", "");
INSERT INTO `wced_entry` VALUES (823, "-an3", "39", "<entry page=""39"" id=""823""><form id=""x-an3"" lang=""ceb"">-an<sub>3</sub></form>
<hom>
<sense n=""0""><trans> noun forming affix. </trans>
</sense>
<sense n=""1""><number>1</number><trans> forming nouns which refer to a place where s.t. is found, done, held, located. </trans>
<eg><i lang=""ceb"">Humayan,</i><trans> Rice field. </trans></eg>
<eg><i lang=""ceb"">Tubaan,</i><trans> Place where toddy is sold. </trans></eg>
<eg><i lang=""ceb"">Baskitbulan,</i><trans> Place basketball is played. </trans></eg>
<eg><i lang=""ceb"">Habagatan,</i><trans> West (place from which the <ix>habágat</ix> ‘west wind’ blows). </trans></eg>
<eg><i lang=""ceb"">Bairan,</i><trans> Sharpener (thing on which one sharpens). </trans></eg>
<eg><i lang=""ceb"">Tindáhan,</i><trans> Store (place one sells). </trans></eg>
</sense>
<sense n=""2""><number>2</number><trans> forming nouns which refer to a person possessed of a certain power. Nouns of this sort always have long penults. </trans>
<eg><i lang=""ceb"">Tambálan,</i><trans> Folk doctor. </trans></eg>
<eg><i lang=""ceb"">Hilútan,</i><trans> Doctor specializing in massage. </trans></eg>
<eg><i lang=""ceb"">Barángan,</i><trans> A sorcerer with magic insects at his disposal.
</trans></eg>
</sense></hom></entry>");
INSERT INTO `wced_head` (entryid, head, normalized_head, type, pos) VALUES (823, "-an", "-an", "s", "");
INSERT INTO `wced_entry` VALUES (824, "-an4", "39", "<entry page=""39"" id=""824""><form id=""x-an4"" lang=""ceb"">-an<sub>4</sub></form>
<hom>
<sense n=""0""><trans> adjective forming affix. </trans>
</sense>
<sense n=""1""><number>1</number><trans> forming adjectives which mean ‘characterized by being [so-and-so]’. Words of this sort have the stress on the final syllable. </trans>
<eg><i lang=""ceb"">Langasan,</i><trans> Of a noisy type. </trans></eg>
<eg><i lang=""ceb"">Talawan,</i><trans> Cowardly. </trans></eg>
<eg><i lang=""ceb"">Gahian,</i><trans> Of a hard sort. </trans></eg>
</sense>
<sense n=""2""><number>2</number><trans> added to nouns to form adjectives which mean ‘having [so-and-so]’. </trans>
<eg><i lang=""ceb"">Utúkan,</i><trans> Brainy. </trans></eg>
<eg><i lang=""ceb"">Kwartáhan,</i><trans> Moneyed.
</trans></eg>
</sense></hom></entry>");
INSERT INTO `wced_head` (entryid, head, normalized_head, type, pos) VALUES (824, "-an", "-an", "s", "");
INSERT INTO `wced_entry` VALUES (825, "-an(→)", "39", "<entry page=""39"" id=""825""><form id=""x-anrx"" lang=""ceb"">-an(→)</form>
<hom>
<sense n=""0""><trans> short for <bx>hi-an(→)</bx>.
</trans>
</sense></hom></entry>");
INSERT INTO `wced_head` (entryid, head, normalized_head, type, pos) VALUES (825, "-an(→)", "-an(→)", "m", "");
INSERT INTO `wced_entry` VALUES (826, "-an-", "39", "<entry page=""39"" id=""826""><form id=""x-an-"" lang=""ceb"">-an-</form>
<hom>
<sense n=""0""><trans> infix optionally added to all forms with the prefixes <ix>nag-, mag-, pag-,</ix> indicating that affixed forms refer to more than one person. </trans>
<eg><i lang=""ceb"">Nanagsábut sila,</i><trans> They made (plurally) an agreement. </trans></eg>
<eg><i lang=""ceb"">Duha ka managsúun,</i><trans> Two brothers. </trans></eg>
<eg><i lang=""ceb"">Ang ílang panagsábut,</i><trans> Their (plural) agreement with each other.
</trans></eg>
</sense></hom></entry>");
INSERT INTO `wced_head` (entryid, head, normalized_head, type, pos) VALUES (826, "-an-", "-an-", "m", "");
INSERT INTO `wced_entry` VALUES (827, "ana", "39", "<entry page=""39"" id=""827""><form id=""ana6"" lang=""ceb"">anā̀</form>
<hom>
<sense n=""1""><number>1</number><trans> expression of surprise. </trans>
</sense>
<sense n=""a""><number>a</number><trans> at s.t. pleasant. </trans>
<eg><i lang=""ceb"">Anā̀, kanindut sa ímung ariyus,</i><trans> Oh what beautiful earrings you have! </trans></eg>
</sense>
<sense n=""b""><number>b</number><trans> at s.t. which causes worry. </trans>
<eg><i lang=""ceb"">Anā̀! Nabuak,</i><trans> Oh-Oh! It broke. </trans></eg>
</sense>
<sense n=""2""><number>2</number><trans> expression chiding s.o. </trans>
<eg><i lang=""ceb"">Anā̀! Nagpabuyag man ka!</i><trans> My! You’re making a nuisance of yourself.
</trans></eg>
</sense></hom></entry>");
INSERT INTO `wced_head` (entryid, head, normalized_head, type, pos) VALUES (827, "anā̀", "ana", "m", "");
INSERT INTO `wced_entry` VALUES (828, "ana", "39", "<entry page=""39"" id=""828""><form id=""axnaq"" lang=""ceb"">ánà</form>
<hom>
<sense n=""0""><trans> = <xr lang=""ceb"" target=""#niaxnaq""><sc>niánà</sc></xr>. <ix>see</ix> <xr lang=""ceb"" target=""#kanaq""><sc>kanà</sc></xr>.

</trans>
</sense></hom></entry>");
INSERT INTO `wced_head` (entryid, head, normalized_head, type, pos) VALUES (828, "ánà", "ana", "m", "");
INSERT INTO `wced_entry` VALUES (829, "anaa", "39", "<entry page=""39"" id=""829""><form id=""anaxa"" lang=""ceb"">anáa</form>
<hom>
<sense n=""0""> <ix>short form:</ix> <form id=""naxa"" lang=""ceb"">náa</form><trans>. </trans>
</sense>
<sense n=""1""><number>1</number><trans> be <tr>there</tr> (near you). </trans>
<eg><i lang=""ceb"">Náa ba dihà ang yáwi?</i><trans> Do you have (is there) the key? </trans></eg>
</sense>
<sense n=""1a""><number>1a</number><trans> be employed at, work at. </trans>
<eg><i lang=""ceb"">Náa siya sa Atlas,</i><trans> He works for Atlas. </trans></eg>
<eg><i lang=""ceb"">Náa ra siya sa báy,</i><trans> He is always at home. </trans></eg>
</sense>
<sense n=""2""><number>2</number><trans> there is. </trans>
<eg><i lang=""ceb"">Náay suwat pára nímu,</i><trans> There is a letter for you. </trans></eg>
</sense>
<sense n=""3a""><number>3a</number> <form id=""anaxa_dat."" lang=""ceb""><abbr expan=""anáa"" type=""lemma"">—</abbr> <r><ix>dat.</ix></r></form><trans> [dat.] <tr>has</tr>. </trans>
<eg><i lang=""ceb"">Náa kaníya ang yáwi,</i><trans> He has the key. </trans></eg>
</sense>
<sense n=""3b""><number>3b</number><trans> it depends upon [dat.]. </trans>
<eg><i lang=""ceb"">Náa ra nímug muadtu ta,</i><trans> It’s up to you if we should go. </trans></eg>
</sense>
<sense n=""3c""><number>3c</number><trans> be menstruating. </trans>
<eg><i lang=""ceb"">Dílì mudúul ang bána ug náa sa asáwa,</i><trans> A husband cannot have intercourse with his wife when she is menstruating. </trans></eg>
</sense>
<sense n=""4""><number>4</number> <form id=""unsa_may_anaxa_niaxnaq_sa_noun?"" lang=""ceb"">unsa may <abbr expan=""anáa"" type=""lemma"">—</abbr> niánà, sa <r>[<ix>noun</ix>]</r>?</form><trans> what does that, [noun] have to do with it? </trans>
<eg><i lang=""ceb"">Unsa ba guy náa sa idad?</i><trans> And what does age have to do with it? </trans></eg>
</sense></hom>
<entry><form id=""pagkaanaxa"" lang=""ceb""><abbr expan=""pagkaanáa"" type=""lemma"">pagka-</abbr></form>
<hom role=""n""><pos>n</pos>
<sense n=""0""><trans> the state of being there. </trans>
<eg><i lang=""ceb"">Ang íyang pagkaanáa sa balay,</i><trans> His presence in the house. </trans></eg>
</sense></hom></entry>
<entry><form id=""pakaanaxa"" lang=""ceb""><abbr expan=""pakaanáa"" type=""lemma"">paka-</abbr></form>
<hom role=""v""><pos>v</pos>
<sense n=""0""> <itype>[A13; a12]</itype><trans> strive to have s.t. </trans>
<eg><i lang=""ceb"">Ímu kung pakaanaáhun bisan wà kuy nahut,</i><trans> You try to get s.t. from me even though I haven’t anything. </trans></eg>
</sense></hom></entry>
<entry><form id=""anaaxhun"" lang=""ceb"">anaáhun</form>
<hom role=""a""><pos>a</pos>
<sense n=""0""><trans> well-to-do.
</trans>
</sense></hom></entry></entry>");
INSERT INTO `wced_head` (entryid, head, normalized_head, type, pos) VALUES (829, "anáa", "anaa", "m", "");
INSERT INTO `wced_head` (entryid, head, normalized_head, type, pos) VALUES (829, "náa", "naa", "s", "");
INSERT INTO `wced_head` (entryid, head, normalized_head, type, pos) VALUES (829, "anáa dat.", "anaa dat.", "s", "");
INSERT INTO `wced_head` (entryid, head, normalized_head, type, pos) VALUES (829, "unsa may anáa niánà", "unsa may anaa niana", "s", "");
INSERT INTO `wced_head` (entryid, head, normalized_head, type, pos) VALUES (829, "sa [noun]?", "sa [noun]?", "s", "");
INSERT INTO `wced_head` (entryid, head, normalized_head, type, pos) VALUES (829, "pagkaanáa", "pagkaanaa", "s", "n");
INSERT INTO `wced_head` (entryid, head, normalized_head, type, pos) VALUES (829, "pakaanáa", "pakaanaa", "s", "v");
INSERT INTO `wced_head` (entryid, head, normalized_head, type, pos) VALUES (829, "anaáhun", "anaahun", "s", "a");
INSERT INTO `wced_translation` (entryid, translation) VALUES (829, "there");
INSERT INTO `wced_translation` (entryid, translation) VALUES (829, "has");
INSERT INTO `wced_entry` VALUES (830, "anab", "39", "<entry page=""39"" id=""830""><form id=""axnab"" lang=""ceb"">ánab</form>
<hom>
<sense n=""0""><trans> (from <ix>bána</ix>) </trans>
</sense></hom>
<hom role=""n""><pos>n</pos>
<sense n=""0""><trans> <tr>husband</tr> (slang).
</trans>
</sense></hom></entry>");
INSERT INTO `wced_head` (entryid, head, normalized_head, type, pos) VALUES (830, "ánab", "anab", "m", "n");
INSERT INTO `wced_translation` (entryid, translation) VALUES (830, "husband");
INSERT INTO `wced_entry` VALUES (831, "anabu", "39", "<entry page=""39"" id=""831""><form id=""anabu"" lang=""ceb"">anabu</form>
<hom role=""n""><pos>n</pos>
<sense n=""0""><trans> k.o. shrub or small tree which produces strong bark fiber of commercial importance: <bio>Abroma augusta</bio>.
</trans>
</sense></hom></entry>");
INSERT INTO `wced_head` (entryid, head, normalized_head, type, pos) VALUES (831, "anabu", "anabu", "m", "n");
INSERT INTO `wced_entry` VALUES (832, "anabyung", "39", "<entry page=""39"" id=""832""><form id=""anabyung"" lang=""ceb"">anabyung</form>
<hom>
<sense n=""0""><trans> = <xr lang=""ceb"" target=""#hinagdung""><sc>hinagdung</sc></xr>.
</trans>
</sense></hom></entry>");
INSERT INTO `wced_head` (entryid, head, normalized_head, type, pos) VALUES (832, "anabyung", "anabyung", "m", "");
INSERT INTO `wced_entry` VALUES (833, "anad", "39", "<entry page=""39"" id=""833""><form id=""axnad"" lang=""ceb"">ánad</form>
<hom role=""v""><pos>v</pos>
<sense n=""1""><number>1</number> <itype>[B23(1); b(1)]</itype><trans> take to, become fond of. </trans>
<eg><i lang=""ceb"">Pakúgus ang bátà nga nakaánad na nímu,</i><trans> A child that has become fond of you will want you to carry him. </trans></eg>
</sense>
<sense n=""2""><number>2</number> <itype>[B2S; b8]</itype><trans> get accustomed, get in the habit of doing s.t. </trans>
<eg><i lang=""ceb"">Muánad (maánad) siyag panghilabut sa ákung butang,</i><trans> He will (might) get used to touching my things. </trans></eg>
<eg><i lang=""ceb"">Naandan na níya ang pamakak,</i><trans> She is accustomed to lying. </trans></eg>
<eg><i lang=""ceb"">Ang naandan nga paági,</i><trans> The usual way. </trans></eg>
</sense>
<sense n=""2a""><number>2a</number> <itype>[b8]</itype><trans> treat s.o. too familiarly. </trans>
<eg><i lang=""ceb"">Hiandan ka lang; ábi níla maáyu ka man,</i><trans> They’re just abusing you; they think you’re nice. </trans></eg>
<eg><i lang=""ceb"">Naandan ka níya ug kumidiya,</i><trans> He has gotten in the habit of joking with you (when he should not have). </trans></eg>
</sense></hom>
<entry><form id=""anad"" lang=""ceb""><abbr expan=""anad"" type=""lemma"">(→)</abbr></form>
<hom role=""a""><pos>a</pos>
<sense n=""1""><number>1</number><trans> <tr>accustomed to</tr>, familiar with s.t. </trans>
<eg><i lang=""ceb"">Anad kaáyu ku ug byáhi,</i><trans> I am accustomed to travelling. </trans></eg>
</sense>
<sense n=""2""><number>2</number><trans> <tr>tame</tr>. </trans>
<eg><i lang=""ceb"">Anad ang langgam,</i><trans> The bird is tame. </trans></eg>
<eg><i lang=""ceb"">Kaanad nga batáa bísan kinsa makakúgus níya,</i><trans> That child is not afraid of people. Anybody can hold him. </trans></eg>
</sense></hom>
<hom role=""v""><pos>v</pos>
<sense n=""0""> <itype>[B12]</itype><trans> become accustomed. </trans>
<eg><i lang=""ceb"">Ug maanad ka na ánang trabahúa, dì ka na lisdan,</i><trans> When you get used to the work, you won’t find it hard. </trans></eg>
</sense></hom></entry>
<entry><form id=""anaran"" lang=""ceb"">anaran</form>
<hom role=""a""><pos>a</pos>
<sense n=""0""><trans> having a special appeal to animals, children, etc. so that they feel immediately at home.
<pb n=""40""/>
</trans>
</sense></hom></entry></entry>");
INSERT INTO `wced_head` (entryid, head, normalized_head, type, pos) VALUES (833, "ánad", "anad", "m", "v");
INSERT INTO `wced_head` (entryid, head, normalized_head, type, pos) VALUES (833, "anad", "anad", "s", "av");
INSERT INTO `wced_head` (entryid, head, normalized_head, type, pos) VALUES (833, "anaran", "anaran", "s", "a");
INSERT INTO `wced_translation` (entryid, translation) VALUES (833, "accustomed to");
INSERT INTO `wced_translation` (entryid, translation) VALUES (833, "tame");
INSERT INTO `wced_entry` VALUES (834, "anag", "40", "<entry page=""40"" id=""834""><form id=""axnag"" lang=""ceb"">ánag</form>
<hom role=""v""><pos>v</pos>
<sense n=""0""> <itype>[A; a12b(1)]</itype><trans> <tr>broil crops</tr> to eat. </trans>
<eg><i lang=""ceb"">Anága ang mais nga húmuk,</i><trans> Broil the soft corn. </trans></eg>
</sense></hom>
<entry><form id=""inaxnag"" lang=""ceb""><abbr expan=""inánag"" type=""lemma"">-in-</abbr></form>
<hom role=""n""><pos>n</pos>
<sense n=""0""><trans> broiled crop. </trans>
</sense></hom></entry>
<entry><form id=""anagun"" lang=""ceb""><abbr expan=""anagun"" type=""lemma"">-un(→)</abbr></form>
<hom role=""n""><pos>n</pos>
<sense n=""0""><trans> young corn. </trans>
<eg><i lang=""ceb"">Gitanuk níla ang anagun,</i><trans> They <corr sic=""boiled"">broiled</corr> the young corn. </trans></eg>
</sense></hom>
<hom role=""v""><pos>v</pos>
<sense n=""0""> <itype>[B3]</itype><trans> for corn to be at an edible but not yet full-grown stage. </trans>
<eg><i lang=""ceb"">Nag-anagun na ang mais. Hápit na ang sanggì,</i><trans> The corn is growing ears. Harvest time is near. </trans></eg>
</sense></hom></entry>
<entry><form id=""anagunan"" lang=""ceb"">anagunan</form>
<hom role=""n""><pos>n</pos>
<sense n=""0""><trans> field of corn with young ears.
</trans>
</sense></hom></entry></entry>");
INSERT INTO `wced_head` (entryid, head, normalized_head, type, pos) VALUES (834, "ánag", "anag", "m", "v");
INSERT INTO `wced_head` (entryid, head, normalized_head, type, pos) VALUES (834, "inánag", "inanag", "s", "n");
INSERT INTO `wced_head` (entryid, head, normalized_head, type, pos) VALUES (834, "anagun", "anagun", "s", "nv");
INSERT INTO `wced_head` (entryid, head, normalized_head, type, pos) VALUES (834, "anagunan", "anagunan", "s", "n");
INSERT INTO `wced_translation` (entryid, translation) VALUES (834, "broil crops");
INSERT INTO `wced_entry` VALUES (835, "anagasi", "40", "<entry page=""40"" id=""835""><form id=""anagaxsi"" lang=""ceb"">anagási</form>
<hom>
<sense n=""0""><trans> = <xr lang=""ceb"" target=""#alagaxsi""><sc>alagási</sc></xr>.
</trans>
</sense></hom></entry>");
INSERT INTO `wced_head` (entryid, head, normalized_head, type, pos) VALUES (835, "anagási", "anagasi", "m", "");
INSERT INTO `wced_entry` VALUES (836, "anagu, anagu", "40", "<entry page=""40"" id=""836""><form id=""anagu_anaxgu"" lang=""ceb"">anagu, anágu</form>
<hom role=""n""><pos>n</pos>
<sense n=""0""><trans> hazy, <tr>unclear image</tr>. </trans>
<eg><i lang=""ceb"">Ang anágu sa dálan gibantayan pag-áyu sa draybir,</i><trans> The driver paid close attention to the blurred outline of the road. </trans></eg>
</sense></hom>
<hom role=""v""><pos>v</pos>
<sense n=""0""> <itype>[B2S]</itype><trans> appear hazily. </trans>
<eg><i lang=""ceb"">Nag-anagu ang balay sa bungtud tungud sa gábun,</i><trans> The house on the hill was hazy because of the mist.
</trans></eg>
</sense></hom></entry>");
INSERT INTO `wced_head` (entryid, head, normalized_head, type, pos) VALUES (836, "anagu", "anagu", "s", "nv");
INSERT INTO `wced_head` (entryid, head, normalized_head, type, pos) VALUES (836, "anágu", "anagu", "s", "nv");
INSERT INTO `wced_translation` (entryid, translation) VALUES (836, "unclear image");
INSERT INTO `wced_entry` VALUES (837, "anaha", "40", "<entry page=""40"" id=""837""><form id=""anahaq"" lang=""ceb"">anahà</form>
<hom role=""n""><pos>n</pos>
<sense n=""0""><trans> k.o. small ant with a light tan color and with a black spot on the body and which takes to sugar. It inflicts a mild bite. </trans>
</sense></hom>
<hom role=""v""><pos>v</pos>
<sense n=""0""> <itype>[B125; a4]</itype><trans> be infested with <ix>anahà</ix> ants. </trans>
<eg><i lang=""ceb"">Sus, nagkaanahà (gianahà) ang asúkar!</i><trans> Heavens! The sugar is swarming with ants.
</trans></eg>
</sense></hom></entry>");
INSERT INTO `wced_head` (entryid, head, normalized_head, type, pos) VALUES (837, "anahà", "anaha", "m", "nv");
INSERT INTO `wced_entry` VALUES (838, "anahaw", "40", "<entry page=""40"" id=""838""><form id=""anaxhaw"" lang=""ceb"">anáhaw</form>
<hom role=""n""><pos>n</pos>
<sense n=""0""><trans> k.o. palm with fan-shaped leaves: <bio>Livistona rotundifolia</bio>. The leaves are used for mats, hats, etc. Potted <ix>anáhaw</ix> are widely used for ornamental purposes. </trans>
</sense></hom>
<entry><form id=""anaxhaw_lagwis"" lang=""ceb""><abbr expan=""anáhaw"" type=""lemma"">—</abbr> lagwis</form>
<hom>
<sense n=""0""><trans> = <xr lang=""ceb"" target=""#anaxhaw""><sc>anáhaw</sc></xr>. </trans>
</sense></hom></entry>
<entry><form id=""anaxhaw_mubuq"" lang=""ceb""><abbr expan=""anáhaw"" type=""lemma"">—</abbr> mubù</form>
<hom>
<sense n=""0""><trans> ornamental palm similar in appearance to <ix>anáhaw:</ix> <bio>Licuala spinosa</bio>.
</trans>
</sense></hom></entry></entry>");
INSERT INTO `wced_head` (entryid, head, normalized_head, type, pos) VALUES (838, "anáhaw", "anahaw", "m", "n");
INSERT INTO `wced_head` (entryid, head, normalized_head, type, pos) VALUES (838, "anáhaw lagwis", "anahaw lagwis", "s", "");
INSERT INTO `wced_head` (entryid, head, normalized_head, type, pos) VALUES (838, "anáhaw mubù", "anahaw mubu", "s", "");
INSERT INTO `wced_entry` VALUES (839, "anak", "40", "<entry page=""40"" id=""839""><form id=""anak"" lang=""ceb"">anak</form>
<hom role=""n""><pos>n</pos>
<sense n=""0""><trans> son, daughter. </trans>
</sense></hom>
<entry><form id=""anak_sa_buxhat"" lang=""ceb""><abbr expan=""anak"" type=""lemma"">—</abbr> sa búhat</form>
<hom>
<sense n=""1""><number>1</number><trans> <tr>laborer</tr>. </trans>
</sense>
<sense n=""2""><number>2</number><trans> accustomed to hard work. </trans>
<eg><i lang=""ceb"">Way báli kanà, kay anak man aku sa búhat,</i><trans> I don’t mind that, because I’m used to hard work. </trans></eg>
</sense>
<sense n=""3""><number>3</number><trans> <tr>poor people</tr>. </trans>
<eg><i lang=""ceb"">Lisud ang panginabúhì sa mga anak sa búhat,</i><trans> Life for the poor is very difficult nowadays. </trans></eg>
</sense></hom></entry>
<entry><form id=""anak_sa_bunyag"" lang=""ceb""><abbr expan=""anak"" type=""lemma"">—</abbr> sa bunyag</form>
<hom>
<sense n=""0""><trans> <tr>godson</tr> or daughter at baptism. </trans>
</sense></hom></entry>
<entry><form id=""anak_sa_gawas"" lang=""ceb""><abbr expan=""anak"" type=""lemma"">—</abbr> sa gawas</form>
<hom>
<sense n=""0""><trans> illegitimate child. </trans>
</sense></hom></entry>
<entry><form id=""anak_sa_huxlaw"" lang=""ceb""><abbr expan=""anak"" type=""lemma"">—</abbr> sa húlaw</form>
<hom>
<sense n=""0""><trans> short person (son of the dry, lean times). </trans>
</sense></hom></entry>
<entry><form id=""anak_sa_kaxgang"" lang=""ceb""><abbr expan=""anak"" type=""lemma"">—</abbr> sa kágang</form>
<hom>
<sense n=""0""><trans> <ix>exclamation of discomfiture:</ix> My! </trans>
<eg><i lang=""ceb"">Anak sa kágang! Ngánu nga naílad ka man!</i><trans> My heavens! Why did you let them cheat you! </trans></eg>
</sense></hom></entry>
<entry><form id=""anak_sa_saxpiq"" lang=""ceb""><abbr expan=""anak"" type=""lemma"">—</abbr> sa sápì</form>
<hom>
<sense n=""0""><trans> child that has been adopted by purchase. </trans>
</sense></hom>
<hom role=""v""><pos>v</pos>
<sense n=""0""> <itype>[AN; cN]</itype><trans> </trans>
</sense>
<sense n=""1""><number>1</number><trans> <tr>give birth</tr>. </trans>
<eg><i lang=""ceb"">Dì na muanak (manganak) nà si Kurdapya kay gúlang na,</i><trans> Cordapia will not have any more children because she’s old. </trans></eg>
<eg><i lang=""ceb"">Nag-anak siyag kalúha,</i><trans> She had twins. </trans></eg>
<eg><i lang=""ceb"">Ang banig nga gianakan (giangkan, gipanganakan),</i><trans> The mat she gave birth on. </trans></eg>
<eg><i lang=""ceb"">Diin ka ianak (ipanganak)?</i><trans> Where were you born? </trans></eg>
</sense>
<sense n=""2""><number>2</number> <itype>[A12]</itype><trans> happen to have for a child. </trans>
<eg><i lang=""ceb"">Nakaanak si Pidru ug abilidaran,</i><trans> Pedro had a genius for a son. </trans></eg>
</sense></hom></entry>
<entry><form id=""Ának"" lang=""ceb""><abbr expan=""Ának"" type=""lemma"">(←)</abbr></form>
<hom role=""n""><pos>n</pos>
<sense n=""0""><trans> <ix>in prayers:</ix> Son of God. </trans>
<eg><i lang=""ceb"">Sa ngálan sa Amahan, sa Ának, sa Ispiritu Santu ...<corr>,</corr></i><trans> In the name of the Father, of the Son, and of the Holy Ghost ... </trans></eg>
</sense></hom></entry>
<entry><form id=""paanak"" lang=""ceb""><abbr expan=""paanak"" type=""lemma"">pa-</abbr></form>
<hom role=""v""><pos>v</pos>
<sense n=""1""><number>1</number> <itype>[A; a2]</itype><trans> assist in childbirth, cause s.t. to be born. </trans>
<eg><i lang=""ceb"">Mananabang ang nagpaanak kanákù,</i><trans> A folk-midwife assisted me in childbirth. </trans></eg>
<eg><i lang=""ceb"">Paangka siya sa matirniti,</i><trans> Let her have her baby in the clinic. </trans></eg>
</sense>
<sense n=""2""><number>2</number> <itype>[A; b(1)]</itype><trans> make <tr>pregnant</tr>. </trans>
<eg><i lang=""ceb"">Ang mutsatsa gipaangkan sa kutsíru,</i><trans> The rig driver got the maid pregnant. </trans></eg>
</sense></hom></entry>
<entry><form id=""palaangkanan"" lang=""ceb"">palaangkanan</form>
<hom role=""n""><pos>n</pos>
<sense n=""0""><trans> <tr>delivery table</tr>. </trans>
</sense></hom></entry>
<entry><form id=""pinaangkan"" lang=""ceb"">pinaangkan</form>
<hom role=""n""><pos>n</pos>
<sense n=""1""><number>1</number><trans> <tr>illegitimate child</tr>. </trans>
</sense>
<sense n=""2""><number>2</number><trans> one who gave birth out of wedlock. (Cf. <bx>paangkan</bx> <ix>v 1,</ix> below.) </trans>
</sense></hom></entry>
<entry><form id=""panganak"" lang=""ceb""><abbr expan=""panganak"" type=""lemma"">paN-</abbr></form>
<hom role=""v""><pos>v</pos>
<sense n=""1""><number>1</number> = <xr lang=""ceb"" target=""#anak""><sc>anak</sc></xr>, <ix>v</ix>. <bx>2</bx> <itype>[A]</itype><trans> sponsor in a baptism. </trans>
<eg><i lang=""ceb"">Aku ang nanganak ni Bíbi sa bunyag,</i><trans> I was Baby’s godfather in her baptism. </trans></eg>
</sense></hom></entry>
<entry><form id=""pangaxnak"" lang=""ceb""><abbr expan=""pangának"" type=""lemma"">paN-(←)</abbr></form>
<hom role=""n""><pos>n</pos>
<sense n=""0""><trans> <tr>pebble</tr> in game of <ix>pungga.</ix> </trans>
</sense></hom></entry>
<entry><form id=""pinanganak"" lang=""ceb"">pinanganak</form>
<hom role=""n""><pos>n</pos>
<sense n=""0""><trans> <tr>godson</tr> or daughter. </trans>
</sense></hom></entry>
<entry><form id=""anak-axnak"" lang=""ceb"">anak-ának</form>
<hom role=""n""><pos>n</pos>
<sense n=""1""><number>1</number><trans> <tr>adopted child</tr>. </trans>
<eg><i lang=""ceb"">Anak-ának ra man nà si Kadyu kay walay bátà ang magtiáyun,</i><trans> Cadio is just an adopted child because the couple is childless. </trans></eg>
</sense>
<sense n=""2""><number>2</number><trans> in a child’s game, the pretend child. </trans>
</sense></hom></entry>
<entry><form id=""angkan"" lang=""ceb"">angkan</form>
<hom role=""a""><pos>a</pos>
<sense n=""0""><trans> having given birth. </trans>
<eg><i lang=""ceb"">Yàyà ug láwas ni si Kurdapya mu rag angkan,</i><trans> Cordapia’s body is flabby like a woman that has just given birth. </trans></eg>
<eg><i lang=""ceb"">Angkan na siyang dakù pagkaminyù níla,</i><trans> It was well known that she had had a child before they got married. </trans></eg>
</sense></hom></entry>
<entry><form id=""paangkan"" lang=""ceb"">paangkan</form>
<hom role=""v""><pos>v</pos>
<sense n=""0""> <itype>[A13]</itype><trans> make s.o. pregnant. </trans>
<eg><i lang=""ceb"">Kinsa may nagpaangkan sa labandíra?</i><trans> Who made the laundry woman pregnant? </trans></eg>
</sense></hom></entry>
<entry><form id=""pinaangkan"" lang=""ceb"">pinaangkan</form>
<hom role=""n""><pos>n</pos>
<sense n=""0""><trans> one who gave birth to an illegitimate child. </trans>
</sense></hom></entry>
<entry><form id=""angkaxnun"" lang=""ceb"">angkánun</form>
<hom role=""a""><pos>a</pos>
<sense n=""0""><trans> for people to be prolific in childbirth. </trans>
<eg><i lang=""ceb"">Angkánun (palaának) kaáyu si Maríya. Manganak káda túig,</i><trans> Maria is prolific. She gives birth every year. </trans></eg>
</sense></hom></entry>
<entry><form id=""alangkan"" lang=""ceb"">alangkan</form>
<hom role=""n""><pos>n</pos>
<sense n=""0""><trans> <tr>delivery room</tr>. </trans>
</sense></hom></entry>
<entry><form id=""hinangkan_hingangkan"" lang=""ceb"">hinangkan, hingangkan</form>
<hom role=""n""><pos>n</pos>
<sense n=""0""><trans> hen that has raised a brood. </trans>
</sense></hom></entry>
<entry><form id=""ig-axnak"" lang=""ceb""><abbr expan=""ig-ának"" type=""lemma"">ig-(←)</abbr></form>
<hom role=""n""><pos>n</pos>
<sense n=""0""><trans> <tr>relative</tr> of any sort. </trans>
</sense></hom>
<hom role=""v""><pos>v</pos>
<sense n=""0""> <itype>[A12; c1]</itype><trans> be <tr>related</tr>. </trans>
<eg><i lang=""ceb"">Naig-ának siya sa mga Blangku kay naasáwa man níya ang anak,</i><trans> He became related to the Blancos because he married the daughter. </trans></eg>
</sense></hom></entry>
<entry><form id=""ig-alaxnak"" lang=""ceb"">ig-alának</form>
<hom role=""n""><pos>n</pos>
<sense n=""1""><number>1</number><trans> child in the womb. </trans>
</sense>
<sense n=""2""><number>2</number><trans> in a condition about to give birth. </trans>
<eg><i lang=""ceb"">Ig-alának na kaáyu ang íyang tiyan,</i><trans> Her stomach looks as though she’s about to give birth. </trans></eg>
</sense></hom></entry>
<entry><form id=""inanak"" lang=""ceb""><abbr expan=""inanak"" type=""lemma"">-in-</abbr></form>
<hom role=""n""><pos>n</pos>
<sense n=""1""><number>1</number><trans> <tr>godson</tr>, daughter in any ceremony. </trans>
<eg><i lang=""ceb"">Inanak ku siya sa kasal,</i><trans> He is my godson because I sponsored his wedding. </trans></eg>
</sense>
<sense n=""2""><number>2</number><trans> child born. </trans>
<eg><i lang=""ceb"">Bag-ung inanak,</i><trans> Newly born child. </trans></eg>
</sense></hom></entry>
<entry><form id=""mag-alaxnak_taliaxnak_umaaxnak"" lang=""ceb"">mag-alának, taliának, umaának</form>
<hom role=""n""><pos>n</pos>
<sense n=""0""><trans> about to give birth. </trans>
</sense></hom></entry>
<entry><form id=""axnakun"" lang=""ceb""><abbr expan=""ánakun"" type=""lemma"">-un(←)</abbr></form>
<hom>
<sense n=""1""><number>1</number><trans> = <xr lang=""ceb"" target=""#inanak""><sc>inanak</sc></xr>. </trans>
</sense>
<sense n=""2""><number>2</number><trans> = <xr lang=""ceb"" target=""#pag-umangkun""><sc>pag-umangkun</sc></xr>. </trans>
</sense></hom></entry>
<entry><form id=""palaaxnak"" lang=""ceb""><abbr expan=""palaának"" type=""lemma"">pala-(←)</abbr></form>
<hom role=""a""><pos>a</pos>
<sense n=""1""><number>1</number><trans> for people or animals to be <tr>prolific</tr> in childbirth. </trans>
<eg><i lang=""ceb"">Palaának ang ákung anay,</i><trans> My pig is very prolific. </trans></eg>
</sense>
<sense n=""2""><number>2</number><trans> prolific in output. <ix>see also</ix> <xr lang=""ceb"" target=""#pag-umangkun""><sc>pag-umangkun</sc></xr>, <xr lang=""ceb"" target=""#mantiaxnak""><sc>mantiának</sc></xr>, <xr lang=""ceb"" target=""#taguangkan""><sc>taguangkan</sc></xr>.†
</trans>
</sense></hom></entry></entry>");
INSERT INTO `wced_head` (entryid, head, normalized_head, type, pos) VALUES (839, "anak", "anak", "m", "n");
INSERT INTO `wced_head` (entryid, head, normalized_head, type, pos) VALUES (839, "anak sa búhat", "anak sa buhat", "s", "");
INSERT INTO `wced_head` (entryid, head, normalized_head, type, pos) VALUES (839, "anak sa bunyag", "anak sa bunyag", "s", "");
INSERT INTO `wced_head` (entryid, head, normalized_head, type, pos) VALUES (839, "anak sa gawas", "anak sa gawas", "s", "");
INSERT INTO `wced_head` (entryid, head, normalized_head, type, pos) VALUES (839, "anak sa húlaw", "anak sa hulaw", "s", "");
INSERT INTO `wced_head` (entryid, head, normalized_head, type, pos) VALUES (839, "anak sa kágang", "anak sa kagang", "s", "");
INSERT INTO `wced_head` (entryid, head, normalized_head, type, pos) VALUES (839, "anak sa sápì", "anak sa sapi", "s", "v");
INSERT INTO `wced_head` (entryid, head, normalized_head, type, pos) VALUES (839, "Ának", "anak", "s", "n");
INSERT INTO `wced_head` (entryid, head, normalized_head, type, pos) VALUES (839, "paanak", "paanak", "s", "v");
INSERT INTO `wced_head` (entryid, head, normalized_head, type, pos) VALUES (839, "palaangkanan", "palaangkanan", "s", "n");
INSERT INTO `wced_head` (entryid, head, normalized_head, type, pos) VALUES (839, "pinaangkan", "pinaangkan", "s", "n");
INSERT INTO `wced_head` (entryid, head, normalized_head, type, pos) VALUES (839, "panganak", "panganak", "s", "v");
INSERT INTO `wced_head` (entryid, head, normalized_head, type, pos) VALUES (839, "pangának", "panganak", "s", "n");
INSERT INTO `wced_head` (entryid, head, normalized_head, type, pos) VALUES (839, "pinanganak", "pinanganak", "s", "n");
INSERT INTO `wced_head` (entryid, head, normalized_head, type, pos) VALUES (839, "anak-ának", "anak-anak", "s", "n");
INSERT INTO `wced_head` (entryid, head, normalized_head, type, pos) VALUES (839, "angkan", "angkan", "s", "a");
INSERT INTO `wced_head` (entryid, head, normalized_head, type, pos) VALUES (839, "paangkan", "paangkan", "s", "v");
INSERT INTO `wced_head` (entryid, head, normalized_head, type, pos) VALUES (839, "angkánun", "angkanun", "s", "a");
INSERT INTO `wced_head` (entryid, head, normalized_head, type, pos) VALUES (839, "alangkan", "alangkan", "s", "n");
INSERT INTO `wced_head` (entryid, head, normalized_head, type, pos) VALUES (839, "hinangkan", "hinangkan", "s", "n");
INSERT INTO `wced_head` (entryid, head, normalized_head, type, pos) VALUES (839, "hingangkan", "hingangkan", "s", "n");
INSERT INTO `wced_head` (entryid, head, normalized_head, type, pos) VALUES (839, "ig-ának", "ig-anak", "s", "nv");
INSERT INTO `wced_head` (entryid, head, normalized_head, type, pos) VALUES (839, "ig-alának", "ig-alanak", "s", "n");
INSERT INTO `wced_head` (entryid, head, normalized_head, type, pos) VALUES (839, "inanak", "inanak", "s", "n");
INSERT INTO `wced_head` (entryid, head, normalized_head, type, pos) VALUES (839, "mag-alának", "mag-alanak", "s", "n");
INSERT INTO `wced_head` (entryid, head, normalized_head, type, pos) VALUES (839, "taliának", "talianak", "s", "n");
INSERT INTO `wced_head` (entryid, head, normalized_head, type, pos) VALUES (839, "umaának", "umaanak", "s", "n");
INSERT INTO `wced_head` (entryid, head, normalized_head, type, pos) VALUES (839, "ánakun", "anakun", "s", "");
INSERT INTO `wced_head` (entryid, head, normalized_head, type, pos) VALUES (839, "palaának", "palaanak", "s", "a");
INSERT INTO `wced_translation` (entryid, translation) VALUES (839, "laborer");
INSERT INTO `wced_translation` (entryid, translation) VALUES (839, "poor people");
INSERT INTO `wced_translation` (entryid, translation) VALUES (839, "godson");
INSERT INTO `wced_translation` (entryid, translation) VALUES (839, "give birth");
INSERT INTO `wced_translation` (entryid, translation) VALUES (839, "pregnant");
INSERT INTO `wced_translation` (entryid, translation) VALUES (839, "delivery table");
INSERT INTO `wced_translation` (entryid, translation) VALUES (839, "illegitimate child");
INSERT INTO `wced_translation` (entryid, translation) VALUES (839, "pebble");
INSERT INTO `wced_translation` (entryid, translation) VALUES (839, "adopted child");
INSERT INTO `wced_translation` (entryid, translation) VALUES (839, "delivery room");
INSERT INTO `wced_translation` (entryid, translation) VALUES (839, "relative");
INSERT INTO `wced_translation` (entryid, translation) VALUES (839, "related");
INSERT INTO `wced_translation` (entryid, translation) VALUES (839, "prolific");
INSERT INTO `wced_entry` VALUES (840, "anam", "40", "<entry page=""40"" id=""840""><form id=""anam"" lang=""ceb"">anam</form>
<hom role=""v""><pos>v</pos>
<sense n=""1""><number>1</number> <itype>[A; c1]</itype><trans> take care of s.t. as fast or before the next comes around. </trans>
<eg><i lang=""ceb"">Anamun (ianam) ku nig hákut sa táas,</i><trans> I will take these upstairs as fast as they arrive. </trans></eg>
</sense>
<sense n=""2""><number>2</number> <itype>[A23]</itype><trans> become gradually. </trans>
<eg><i lang=""ceb"">Samtang sila nag-ínum, <pb n=""41""/>nag-anam kapula ang íyang nawung,</i><trans> As they were drinking, his face gradually got redder and redder. </trans></eg>
</sense></hom>
<entry><form id=""paanam"" lang=""ceb""><abbr expan=""paanam"" type=""lemma"">pa-</abbr></form>
<hom>
<sense n=""0""> <itype>[A]</itype><trans> <tr>waste time</tr>. </trans>
<eg><i lang=""ceb"">Dì ku paanam sa úras,</i><trans> I won’t waste time.
</trans></eg>
</sense></hom></entry></entry>");
INSERT INTO `wced_head` (entryid, head, normalized_head, type, pos) VALUES (840, "anam", "anam", "m", "v");
INSERT INTO `wced_head` (entryid, head, normalized_head, type, pos) VALUES (840, "paanam", "paanam", "s", "");
INSERT INTO `wced_translation` (entryid, translation) VALUES (840, "waste time");
INSERT INTO `wced_entry` VALUES (841, "-anan1", "41", "<entry page=""41"" id=""841""><form id=""x-anan"" lang=""ceb"">-anan<sub>1</sub></form>
<hom>
<sense n=""0""><trans> affix added to verbs to form nouns which have meanings analogous to the meanings of the local passive verbs. Cf. <xr lang=""ceb"" target=""#x-an""><sc>-an<sub>1</sub></sc></xr>. </trans>
</sense>
<sense n=""1""><number>1</number><trans> place or person for whom s.t. is done. </trans>
<eg><i lang=""ceb"">Palitánan sa bugas,</i><trans> Place one buys rice. </trans></eg>
<eg><i lang=""ceb"">Lingkuránan,</i><trans> Seat. </trans></eg>
<eg><i lang=""ceb"">Hatagánan sa limus,</i><trans> Persons to whom the alms are given. </trans></eg>
</sense>
<sense n=""2""><number>2</number><trans> thing to which s.t. is to be done. </trans>
<eg><i lang=""ceb"">Labhanan,</i><trans> Wash to be done. </trans></eg>
<eg><i lang=""ceb"">Handumánan,</i><trans> Keepsake (thing which one thinks back on).
</trans></eg>
</sense></hom></entry>");
INSERT INTO `wced_head` (entryid, head, normalized_head, type, pos) VALUES (841, "-anan", "-anan", "s", "");
INSERT INTO `wced_entry` VALUES (842, "-anan2(→)", "41", "<entry page=""41"" id=""842""><form id=""x-anan2rx"" lang=""ceb"">-anan<sub>2</sub>(→)</form>
<hom>
<sense n=""0""><trans> alternant of <ix>-an<sub>2</sub></ix> used with roots that have a short penultimate vowel that is dropped on suffixation. </trans>
<eg><i lang=""ceb"">Maghagkanan sa tiil sa birhin,</i><trans> They kiss the feet of the Virgin.
</trans></eg>
</sense></hom></entry>");
INSERT INTO `wced_head` (entryid, head, normalized_head, type, pos) VALUES (842, "-anan(→)", "-anan(→)", "s", "");
INSERT INTO `wced_entry` VALUES (843, "an-an", "41", "<entry page=""41"" id=""843""><form id=""an-an"" lang=""ceb"">an-an</form>
<hom role=""n""><pos>n</pos>
<sense n=""0""><trans> k.o. small tree of thickets: <bio>Buchanania arborescens</bio>.
</trans>
</sense></hom></entry>");
INSERT INTO `wced_head` (entryid, head, normalized_head, type, pos) VALUES (843, "an-an", "an-an", "m", "n");
INSERT INTO `wced_entry` VALUES (844, "ananaklaw", "41", "<entry page=""41"" id=""844""><form id=""ananaklaw"" lang=""ceb"">ananaklaw</form>
<hom>
<sense n=""0""><trans> (from <ix>saklaw</ix>) </trans>
</sense></hom>
<hom role=""n""><pos>n</pos>
<sense n=""0""><trans> k.o. tiny house spider that jumps on its prey.
</trans>
</sense></hom></entry>");
INSERT INTO `wced_head` (entryid, head, normalized_head, type, pos) VALUES (844, "ananaklaw", "ananaklaw", "m", "n");
INSERT INTO `wced_entry` VALUES (845, "ananakyud", "41", "<entry page=""41"" id=""845""><form id=""ananakyud"" lang=""ceb"">ananakyud</form>
<hom>
<sense n=""0""><trans> (from <ix>sakyud</ix>) </trans>
</sense></hom>
<hom role=""n""><pos>n</pos>
<sense n=""0""><trans> k.o. bird of the seashore that moves its buttocks up and down.
</trans>
</sense></hom></entry>");
INSERT INTO `wced_head` (entryid, head, normalized_head, type, pos) VALUES (845, "ananakyud", "ananakyud", "m", "n");
INSERT INTO `wced_entry` VALUES (846, "ananamsi", "41", "<entry page=""41"" id=""846""><form id=""ananamsi"" lang=""ceb"">ananamsi</form>
<hom role=""n""><pos>n</pos>
<sense n=""0""><trans> k.o. small timber tree.
</trans>
</sense></hom></entry>");
INSERT INTO `wced_head` (entryid, head, normalized_head, type, pos) VALUES (846, "ananamsi", "ananamsi", "m", "n");
INSERT INTO `wced_entry` VALUES (847, "anananggal", "41", "<entry page=""41"" id=""847""><form id=""anananggal"" lang=""ceb"">anananggal</form>
<hom role=""n""><pos>n</pos>
<sense n=""0""><trans> k.o. <ix>unglù</ix> who, when under his supernatural spell, detaches the portion of his body above the waist from the lower portion and flies away with trailing intestines in search of his prey, leaving the lower portion. This detachment occurs only at night, and the <ix>anananggal</ix> dies if the sun strikes any portion of the separated body. He can also be killed by putting salt on the lower portion. <ix>see also</ix> <xr lang=""ceb"" target=""#tanggal""><sc>tanggal</sc></xr>.
</trans>
</sense></hom></entry>");
INSERT INTO `wced_head` (entryid, head, normalized_head, type, pos) VALUES (847, "anananggal", "anananggal", "m", "n");
INSERT INTO `wced_entry` VALUES (848, "ananangkil", "41", "<entry page=""41"" id=""848""><form id=""ananangkil"" lang=""ceb"">ananangkil</form>
<hom>
<sense n=""0""><trans> (from <ix>sangkil</ix>) </trans>
</sense></hom>
<hom role=""n""><pos>n</pos>
<sense n=""0""><trans> k.o. small hawk with black and brown speckles on a light brown and white background.
</trans>
</sense></hom></entry>");
INSERT INTO `wced_head` (entryid, head, normalized_head, type, pos) VALUES (848, "ananangkil", "ananangkil", "m", "n");
INSERT INTO `wced_entry` VALUES (849, "anapug", "41", "<entry page=""41"" id=""849""><form id=""anapug"" lang=""ceb"">anapug</form>
<hom role=""n""><pos>n</pos>
<sense n=""1""><number>1</number><trans> k.o. soft shale. </trans>
</sense>
<sense n=""2""><number>2</number><trans> soft coral rock. </trans>
</sense></hom>
<entry><form id=""anapugan"" lang=""ceb""><abbr expan=""anapugan"" type=""lemma"">-an</abbr></form>
<hom role=""n""><pos>n</pos>
<sense n=""0""><trans> place where there is shale or coral rock. </trans>
</sense></hom></entry>
<entry><form id=""anapugun"" lang=""ceb""><abbr expan=""anapugun"" type=""lemma"">-un</abbr></form>
<hom role=""a""><pos>a</pos>
<sense n=""0""><trans> full of shale, coral rock.
</trans>
</sense></hom></entry></entry>");
INSERT INTO `wced_head` (entryid, head, normalized_head, type, pos) VALUES (849, "anapug", "anapug", "m", "n");
INSERT INTO `wced_head` (entryid, head, normalized_head, type, pos) VALUES (849, "anapugan", "anapugan", "s", "n");
INSERT INTO `wced_head` (entryid, head, normalized_head, type, pos) VALUES (849, "anapugun", "anapugun", "s", "a");
INSERT INTO `wced_entry` VALUES (850, "anas", "41", "<entry page=""41"" id=""850""><form id=""axnas"" lang=""ceb"">ánas</form>
<hom role=""v""><pos>v</pos>
<sense n=""0""> <itype>[B; c1]</itype><trans> <tr>landslide</tr>. </trans>
<eg><i lang=""ceb"">Muánas (maánas) gánì kanang búkid, malubung giyud mung búhì,</i><trans> If there is a landslide on that mountain, you’ll be buried alive. </trans></eg>
<eg><i lang=""ceb"">Kun mukusug ang ulan, iánas kanang ímung baul,</i><trans> If it rains hard, your field will be washed down.
</trans></eg>
</sense></hom></entry>");
INSERT INTO `wced_head` (entryid, head, normalized_head, type, pos) VALUES (850, "ánas", "anas", "m", "v");
INSERT INTO `wced_translation` (entryid, translation) VALUES (850, "landslide");
INSERT INTO `wced_entry` VALUES (851, "anaw1", "41", "<entry page=""41"" id=""851""><form id=""axnaw"" lang=""ceb"">ánaw<sub>1</sub></form>
<hom role=""v""><pos>v</pos>
<sense n=""0""> <itype>[A; a12]</itype><trans> determine truth by careful deliberation. </trans>
<eg><i lang=""ceb"">Anáwa ang tahù úsà ipublikar,</i><trans> Verify the report before publishing it.
</trans></eg>
</sense></hom></entry>");
INSERT INTO `wced_head` (entryid, head, normalized_head, type, pos) VALUES (851, "ánaw", "anaw", "s", "v");
INSERT INTO `wced_entry` VALUES (852, "anaw2", "41", "<entry page=""41"" id=""852""><form id=""axnaw2"" lang=""ceb"">ánaw<sub>2</sub></form>
<hom role=""n""><pos>n</pos>
<sense n=""0""><trans> area of the surface of the sea which has a different texture from the surrounding area, usually visible when the sea is calm.
</trans>
</sense></hom></entry>");
INSERT INTO `wced_head` (entryid, head, normalized_head, type, pos) VALUES (852, "ánaw", "anaw", "s", "n");
INSERT INTO `wced_entry` VALUES (853, "anawnsir", "41", "<entry page=""41"" id=""853""><form id=""anawnsir"" lang=""ceb"">anawnsir</form>
<hom role=""n""><pos>n</pos>
<sense n=""1""><number>1</number><trans> <tr>announcer</tr>. </trans>
</sense>
<sense n=""2""><number>2</number><trans> <tr>dispatcher</tr> of buses and jeeps (slang). </trans>
</sense></hom>
<hom role=""v""><pos>v</pos>
<sense n=""0""> <itype>[A13; a12]</itype><trans> be, make into an announcer.
</trans>
</sense></hom></entry>");
INSERT INTO `wced_head` (entryid, head, normalized_head, type, pos) VALUES (853, "anawnsir", "anawnsir", "m", "nv");
INSERT INTO `wced_translation` (entryid, translation) VALUES (853, "announcer");
INSERT INTO `wced_translation` (entryid, translation) VALUES (853, "dispatcher");
INSERT INTO `wced_entry` VALUES (854, "anay1", "41", "<entry page=""41"" id=""854""><form id=""anay"" lang=""ceb"">anay<sub>1</sub></form>
<hom>
<sense n=""0""><trans> (from <ix>ina</ix>) </trans>
</sense></hom>
<hom role=""n""><pos>n</pos>
<sense n=""1""><number>1</number><trans> <tr>sow</tr>. </trans>
</sense>
<sense n=""2""><number>2</number><trans> woman that is a mother. </trans>
<eg><i lang=""ceb"">Dílì ka ángay nga mag-istiwardis kay anay ka na,</i><trans> You are not fit to be a stewardess because you are a mother now. </trans></eg>
</sense></hom>
<entry><form id=""anayun_axnayun"" lang=""ceb""><abbr expan=""anayun"" type=""lemma"">-un</abbr>, <abbr expan=""ánayun"" type=""lemma"">-un(←)</abbr></form>
<hom role=""n""><pos>n</pos>
<sense n=""0""><trans> pig raised to bear a litter. </trans>
</sense></hom>
<hom role=""v""><pos>v</pos>
<sense n=""0""> <itype>[A; a12]</itype><trans> raise to be a sow. </trans>
<eg><i lang=""ceb"">Anayúnun ni nátung baktin,</i><trans> Let’s use this piglet for a sow. </trans></eg>
</sense></hom></entry>
<entry><form id=""alanayun_anayuxnun"" lang=""ceb""><abbr expan=""alanayun"" type=""lemma"">-l-un(←)</abbr>, <abbr expan=""anayúnun"" type=""lemma"">-unun(←)</abbr></form>
<hom role=""a""><pos>a</pos>
<sense n=""0""><trans> for a woman that is nursing to be thin like a sow that has been nursing her litter.
</trans>
</sense></hom></entry></entry>");
INSERT INTO `wced_head` (entryid, head, normalized_head, type, pos) VALUES (854, "anay", "anay", "s", "n");
INSERT INTO `wced_head` (entryid, head, normalized_head, type, pos) VALUES (854, "anayun", "anayun", "s", "nv");
INSERT INTO `wced_head` (entryid, head, normalized_head, type, pos) VALUES (854, "ánayun", "anayun", "s", "nv");
INSERT INTO `wced_head` (entryid, head, normalized_head, type, pos) VALUES (854, "alanayun", "alanayun", "s", "a");
INSERT INTO `wced_head` (entryid, head, normalized_head, type, pos) VALUES (854, "anayúnun", "anayunun", "s", "a");
INSERT INTO `wced_translation` (entryid, translation) VALUES (854, "sow");
INSERT INTO `wced_entry` VALUES (855, "anay2", "41", "<entry page=""41"" id=""855""><form id=""anay2"" lang=""ceb"">anay<sub>2</sub></form>
<hom>
<sense n=""0""><trans> (from <ix>ina</ix>) exclamation uttered in fear. </trans>
<eg><i lang=""ceb"">Anay! Náay íhu!</i><trans> Help! Sharks!
</trans></eg>
</sense></hom></entry>");
INSERT INTO `wced_head` (entryid, head, normalized_head, type, pos) VALUES (855, "anay", "anay", "s", "");
INSERT INTO `wced_entry` VALUES (856, "anay1", "41", "<entry page=""41"" id=""856""><form id=""axnay"" lang=""ceb"">ánay<sub>1</sub></form>
<hom role=""n""><pos>n</pos>
<sense n=""0""><trans> <tr>termite</tr>. </trans>
</sense></hom>
<hom role=""v""><pos>v</pos>
<sense n=""0""> <itype>[a4b4]</itype><trans> be infested with termites. </trans>
<eg><i lang=""ceb"">Gianáyan (giánay) ang balay,</i><trans> The house was infested with termites.
</trans></eg>
</sense></hom></entry>");
INSERT INTO `wced_head` (entryid, head, normalized_head, type, pos) VALUES (856, "ánay", "anay", "s", "nv");
INSERT INTO `wced_translation` (entryid, translation) VALUES (856, "termite");
INSERT INTO `wced_entry` VALUES (857, "anay2", "41", "<entry page=""41"" id=""857""><form id=""axnay2"" lang=""ceb"">ánay<sub>2</sub></form>
<hom>
<sense n=""0""><trans> = <xr lang=""ceb"" target=""#uxnaq""><sc>únà</sc></xr> (dialectal). </trans>
</sense></hom>
<entry><form id=""pangaxnay"" lang=""ceb""><abbr expan=""pangánay"" type=""lemma"">paN-</abbr></form>
<hom role=""n""><pos>n</pos>
<sense n=""1""><number>1</number><trans> <tr>first born</tr>. </trans>
<eg><i lang=""ceb"">Mu ni si Bingbing ámung pangánay,</i><trans> This is Bingbing, our eldest child. </trans></eg>
</sense>
<sense n=""2""><number>2</number><trans> one who bears a child for the first time. </trans>
<eg><i lang=""ceb"">Pangánay ka ra ba ayaw paghárig katúlug,</i><trans> This is your first time to bear a child. Don’t sleep too much.
</trans></eg>
</sense></hom></entry></entry>");
INSERT INTO `wced_head` (entryid, head, normalized_head, type, pos) VALUES (857, "ánay", "anay", "s", "");
INSERT INTO `wced_head` (entryid, head, normalized_head, type, pos) VALUES (857, "pangánay", "panganay", "s", "n");
INSERT INTO `wced_translation` (entryid, translation) VALUES (857, "first born");
INSERT INTO `wced_entry` VALUES (858, "-anay", "41", "<entry page=""41"" id=""858""><form id=""x-anay"" lang=""ceb"">-anay</form>
<hom>
<sense n=""0""><trans> alternant of <ix>-ay<sub>1</sub>.</ix>
</trans>
</sense></hom></entry>");
INSERT INTO `wced_head` (entryid, head, normalized_head, type, pos) VALUES (858, "-anay", "-anay", "m", "");
INSERT INTO `wced_entry` VALUES (859, "anay-anay", "41", "<entry page=""41"" id=""859""><form id=""anay-anay"" lang=""ceb"">anay-anay</form>
<hom role=""n""><pos>n</pos>
<sense n=""0""><trans> k.o. small <tr>fish</tr> of shallow water belonging to the family <bio>Blennidae</bio>.
</trans>
</sense></hom></entry>");
INSERT INTO `wced_head` (entryid, head, normalized_head, type, pos) VALUES (859, "anay-anay", "anay-anay", "m", "n");
INSERT INTO `wced_translation` (entryid, translation) VALUES (859, "fish");
INSERT INTO `wced_entry` VALUES (860, "anda1", "41", "<entry page=""41"" id=""860""><form id=""anda"" lang=""ceb"">anda<sub>1</sub></form>
<hom>
<sense n=""0""><trans> give me. </trans>
<eg><i lang=""ceb"">Anda ug súpas bi kay gigútum ku,</i><trans> Give me some cookies because I’m hungry.
</trans></eg>
</sense></hom></entry>");
INSERT INTO `wced_head` (entryid, head, normalized_head, type, pos) VALUES (860, "anda", "anda", "s", "");
INSERT INTO `wced_entry` VALUES (861, "anda2", "41", "<entry page=""41"" id=""861""><form id=""anda2"" lang=""ceb"">anda<sub>2</sub></form>
<hom>
<sense n=""0""><trans> be gone! <tr>leave</tr>! (Biblical usage). </trans>
<eg><i lang=""ceb"">Anda, <sic>Samuel</sic> sa paglakat,</i><trans> Be gone, Samuel. Be on your way.
</trans></eg>
</sense></hom></entry>");
INSERT INTO `wced_head` (entryid, head, normalized_head, type, pos) VALUES (861, "anda", "anda", "s", "");
INSERT INTO `wced_translation` (entryid, translation) VALUES (861, "leave");
INSERT INTO `wced_entry` VALUES (862, "andadur", "41", "<entry page=""41"" id=""862""><form id=""andadur"" lang=""ceb"">andadur</form>
<hom role=""n""><pos>n</pos>
<sense n=""0""><trans> <tr>walker</tr> on rollers for a baby to learn to walk on. </trans>
</sense></hom>
<hom role=""v""><pos>v</pos>
<sense n=""0""> <itype>[A1; a12]</itype><trans> obtain, make into, use a walker. </trans>
<eg><i lang=""ceb"">Makalakaw na siya apan mag-andadur,</i><trans> He can walk, but only with a walker.
</trans></eg>
</sense></hom></entry>");
INSERT INTO `wced_head` (entryid, head, normalized_head, type, pos) VALUES (862, "andadur", "andadur", "m", "nv");
INSERT INTO `wced_translation` (entryid, translation) VALUES (862, "walker");
INSERT INTO `wced_entry` VALUES (863, "*andak", "41", "<entry page=""41"" id=""863""><form id=""xxandak"" lang=""ceb"">*andak</form>
<entry><form id=""pangandak"" lang=""ceb""><abbr expan=""pangandak"" type=""lemma"">paN-</abbr></form>
<hom role=""v""><pos>v</pos>
<sense n=""0""> <itype>[A]</itype><trans> <tr>boast</tr> that one can do s.t. </trans>
<eg><i lang=""ceb"">Nagpangandak siya nga musúkul siya nímu bísan anus-a,</i><trans> He was boasting that he would stand up to you any time. </trans></eg>
</sense></hom>
<hom role=""n""><pos>n</pos>
<sense n=""0""><trans> <tr>boasting</tr> that one can do s.t. </trans>
</sense></hom></entry>
<entry><form id=""andakan"" lang=""ceb""><abbr expan=""andakan"" type=""lemma"">-an(→)</abbr></form>
<hom role=""a""><pos>a</pos>
<sense n=""0""><trans> <tr>boastful</tr> about things one can do. </trans>
</sense></hom>
<hom role=""v""><pos>v</pos>
<sense n=""0""> <itype>[B12]</itype><trans> get to be boastful. </trans>
<eg><i lang=""ceb"">Nagkaandakan siya samtang nagkasuhitu sa pag-áyu sa makina,</i><trans> He got so he claimed he could do more and more as he grew better at fixing engines. </trans></eg>
</sense></hom></entry>
<entry><form id=""mapangandaxkun_mangandaxkun"" lang=""ceb""><abbr expan=""mapangandákun"" type=""lemma"">mapaN-un</abbr>, <abbr expan=""mangandákun"" type=""lemma"">maN-un</abbr></form>
<hom role=""a""><pos>a</pos>
<sense n=""0""><trans> <tr>over-confident</tr>. </trans>
<eg><i lang=""ceb"">Mapangandákung tingúhà,</i><trans> Over-ambitious in one’s aims.
</trans></eg>
</sense></hom></entry></entry>");
INSERT INTO `wced_head` (entryid, head, normalized_head, type, pos) VALUES (863, "andak", "andak", "s", "");
INSERT INTO `wced_head` (entryid, head, normalized_head, type, pos) VALUES (863, "pangandak", "pangandak", "s", "vn");
INSERT INTO `wced_head` (entryid, head, normalized_head, type, pos) VALUES (863, "andakan", "andakan", "s", "av");
INSERT INTO `wced_head` (entryid, head, normalized_head, type, pos) VALUES (863, "mapangandákun", "mapangandakun", "s", "a");
INSERT INTO `wced_head` (entryid, head, normalized_head, type, pos) VALUES (863, "mangandákun", "mangandakun", "s", "a");
INSERT INTO `wced_translation` (entryid, translation) VALUES (863, "boast");
INSERT INTO `wced_translation` (entryid, translation) VALUES (863, "boasting");
INSERT INTO `wced_translation` (entryid, translation) VALUES (863, "boastful");
INSERT INTO `wced_translation` (entryid, translation) VALUES (863, "over-confident");
INSERT INTO `wced_entry` VALUES (864, "andam", "41", "<entry page=""41"" id=""864""><form id=""andam"" lang=""ceb"">andam</form>
<hom role=""a""><pos>a</pos>
<sense n=""0""><trans> <tr>prepared</tr>. </trans>
<eg><i lang=""ceb"">Andam ka na sa pagtubag?</i><trans> Are you prepared to answer? </trans></eg>
<eg><i lang=""ceb"">Andam na ang tanan,</i><trans> Everything is ready. </trans></eg>
</sense></hom>
<hom role=""v""><pos>v</pos>
<sense n=""0""> <itype>[A; c1]</itype><trans> <tr>prepare</tr> s.t. </trans>
<eg><i lang=""ceb"">Kinsay muandam sa pagkáun?</i><trans> Who will prepare the food? </trans></eg>
<eg><i lang=""ceb"">Mag-andam ka sa kamatáyun,</i><trans> Prepare for death. </trans></eg>
</sense></hom>
<hom role=""n""><pos>n</pos>
<sense n=""0""><trans> <tr>preparation</tr> for a banquet. </trans>
<eg><i lang=""ceb"">Dílì dakù ang andam níla sa kumbira,</i><trans> They did not make big preparations for the banquet. </trans></eg>
</sense></hom>
<entry><form id=""pangandam"" lang=""ceb""><abbr expan=""pangandam"" type=""lemma"">paN-</abbr></form>
<hom role=""v""><pos>v</pos>
<sense n=""0""> <itype>[A]</itype><trans> </trans>
</sense>
<sense n=""1""><number>1</number><trans> <tr>prepare</tr>. </trans>
</sense>
<sense n=""2""><number>2</number><trans> get ready for, be on guard. <pb n=""42""/></trans>
<eg><i lang=""ceb"">Pangandam sa banhig,</i><trans> Be ready for an attack. </trans></eg>
</sense></hom>
<hom role=""n""><pos>n</pos>
<sense n=""0""><trans> <tr>preparation</tr>. </trans>
</sense></hom></entry>
<entry><form id=""mapangandaxmun"" lang=""ceb""><abbr expan=""mapangandámun"" type=""lemma"">mapaN-un</abbr></form>
<hom role=""a""><pos>a</pos>
<sense n=""0""><trans> <tr>watchful</tr>.
</trans>
</sense></hom></entry></entry>");
INSERT INTO `wced_head` (entryid, head, normalized_head, type, pos) VALUES (864, "andam", "andam", "m", "avn");
INSERT INTO `wced_head` (entryid, head, normalized_head, type, pos) VALUES (864, "pangandam", "pangandam", "s", "vn");
INSERT INTO `wced_head` (entryid, head, normalized_head, type, pos) VALUES (864, "mapangandámun", "mapangandamun", "s", "a");
INSERT INTO `wced_translation` (entryid, translation) VALUES (864, "prepared");
INSERT INTO `wced_translation` (entryid, translation) VALUES (864, "prepare");
INSERT INTO `wced_translation` (entryid, translation) VALUES (864, "preparation");
INSERT INTO `wced_translation` (entryid, translation) VALUES (864, "watchful");
INSERT INTO `wced_entry` VALUES (865, "andamyu", "42", "<entry page=""42"" id=""865""><form id=""andamyu"" lang=""ceb"">andamyu</form>
<hom role=""n""><pos>n</pos>
<sense n=""0""><trans> <tr>gangplank</tr>. </trans>
</sense></hom>
<hom role=""v""><pos>v</pos>
<sense n=""0""> <itype>[A1; a]</itype><trans> make into, put a gangplank to s.t.
</trans>
</sense></hom></entry>");
INSERT INTO `wced_head` (entryid, head, normalized_head, type, pos) VALUES (865, "andamyu", "andamyu", "m", "nv");
INSERT INTO `wced_translation` (entryid, translation) VALUES (865, "gangplank");
INSERT INTO `wced_entry` VALUES (866, "andana", "42", "<entry page=""42"" id=""866""><form id=""andaxna"" lang=""ceb"">andána</form>
<hom role=""n""><pos>n</pos>
<sense n=""1""><number>1</number><trans> <tr>storey</tr>. </trans>
</sense>
<sense n=""2""><number>2</number><trans> <tr>deck</tr> of a multi-decked ship. </trans>
</sense></hom>
<hom role=""v""><pos>v</pos>
<sense n=""0""> <itype>[b6]</itype><trans> construct a house in storeys.
</trans>
</sense></hom></entry>");
INSERT INTO `wced_head` (entryid, head, normalized_head, type, pos) VALUES (866, "andána", "andana", "m", "nv");
INSERT INTO `wced_translation` (entryid, translation) VALUES (866, "storey");
INSERT INTO `wced_translation` (entryid, translation) VALUES (866, "deck");
INSERT INTO `wced_entry` VALUES (867, "andar", "42", "<entry page=""42"" id=""867""><form id=""andar"" lang=""ceb"">andar</form>
<hom role=""v""><pos>v</pos>
<sense n=""1""><number>1</number> <itype>[A]</itype><trans> for s.t. mechanical to <tr>run</tr>. </trans>
<eg><i lang=""ceb"">Dílì muandar ang awtu,</i><trans> The car won’t start. </trans></eg>
</sense>
<sense n=""2""><number>2</number> <itype>[A2]</itype><trans> for a peculiar trait to show itself. </trans>
<eg><i lang=""ceb"">Miandar na pug íyang pagkahinugsū́g,</i><trans> His fondness for teasing is making its appearance again. </trans></eg>
</sense>
<sense n=""3""><number>3</number> <itype>[A2; b2]</itype><trans> <tr>make trouble</tr>. </trans>
<eg><i lang=""ceb"">Giandaran níya ang tindíra,</i><trans> He made trouble for the salesgirl. </trans></eg>
</sense></hom>
<hom role=""n""><pos>n</pos>
<sense n=""0""><trans> the way an engine runs. </trans>
<eg><i lang=""ceb"">Maáyu ug andar ang ákung makina,</i><trans> My machine runs well. </trans></eg>
</sense></hom>
<entry><form id=""hingandar"" lang=""ceb""><abbr expan=""hingandar"" type=""lemma"">hiN-</abbr></form>
<hom role=""a""><pos>a</pos>
<sense n=""0""><trans> fond of making trouble.
</trans>
</sense></hom></entry></entry>");
INSERT INTO `wced_head` (entryid, head, normalized_head, type, pos) VALUES (867, "andar", "andar", "m", "vn");
INSERT INTO `wced_head` (entryid, head, normalized_head, type, pos) VALUES (867, "hingandar", "hingandar", "s", "a");
INSERT INTO `wced_translation` (entryid, translation) VALUES (867, "run");
INSERT INTO `wced_translation` (entryid, translation) VALUES (867, "make trouble");
INSERT INTO `wced_entry` VALUES (868, "andarul", "42", "<entry page=""42"" id=""868""><form id=""andarul"" lang=""ceb"">andarul</form>
<hom role=""n""><pos>n</pos>
<sense n=""1""><number>1</number><trans> k.o. chair for an infant suspended from a springpole or from springs in which the baby can bounce around. </trans>
</sense>
<sense n=""2""><number>2</number><trans> = <xr lang=""ceb"" target=""#andadur""><sc>andadur</sc></xr>.
</trans>
</sense></hom></entry>");
INSERT INTO `wced_head` (entryid, head, normalized_head, type, pos) VALUES (868, "andarul", "andarul", "m", "n");
INSERT INTO `wced_entry` VALUES (869, "andas", "42", "<entry page=""42"" id=""869""><form id=""andas"" lang=""ceb"">andas</form>
<hom role=""n""><pos>n</pos>
<sense n=""0""><trans> a stretcher-like contraption used to carry a corpse. </trans>
</sense></hom>
<hom role=""v""><pos>v</pos>
<sense n=""0""> <itype>[A12]</itype><trans> make into, carry in a stretcher-like contraption. </trans>
<eg><i lang=""ceb"">Andásun níla ang minatay,</i><trans> They will carry the body in a <tr>stretcher</tr>.
</trans></eg>
</sense></hom></entry>");
INSERT INTO `wced_head` (entryid, head, normalized_head, type, pos) VALUES (869, "andas", "andas", "m", "nv");
INSERT INTO `wced_translation` (entryid, translation) VALUES (869, "stretcher");
INSERT INTO `wced_entry` VALUES (870, "*andaw", "42", "<entry page=""42"" id=""870""><form id=""xxandaw"" lang=""ceb"">*andaw</form>
<entry><form id=""tuli_andaw"" lang=""ceb"">tuli <abbr expan=""andaw"" type=""lemma"">—</abbr></form>
<hom>
<sense n=""0""><trans> <tr><corr sic=""circumcized"">circumcised</corr></tr> naturally from birth, born with the glans penis exposed.
</trans>
</sense></hom></entry></entry>");
INSERT INTO `wced_head` (entryid, head, normalized_head, type, pos) VALUES (870, "andaw", "andaw", "s", "");
INSERT INTO `wced_head` (entryid, head, normalized_head, type, pos) VALUES (870, "tuli andaw", "tuli andaw", "s", "");
INSERT INTO `wced_translation` (entryid, translation) VALUES (870, "circumcised");
INSERT INTO `wced_entry` VALUES (871, "andayag", "42", "<entry page=""42"" id=""871""><form id=""andaxyag"" lang=""ceb"">andáyag</form>
<hom role=""n""><pos>n</pos>
<sense n=""0""><trans> <tr>medicine</tr> of snake feces, herbs, bark for stomach complaints.
</trans>
</sense></hom></entry>");
INSERT INTO `wced_head` (entryid, head, normalized_head, type, pos) VALUES (871, "andáyag", "andayag", "m", "n");
INSERT INTO `wced_translation` (entryid, translation) VALUES (871, "medicine");
INSERT INTO `wced_entry` VALUES (872, "andayun", "42", "<entry page=""42"" id=""872""><form id=""andaxyun"" lang=""ceb"">andáyun</form>
<hom>
<sense n=""0""><trans> = <xr lang=""ceb"" target=""#undayun""><sc>undayun</sc></xr>.
</trans>
</sense></hom></entry>");
INSERT INTO `wced_head` (entryid, head, normalized_head, type, pos) VALUES (872, "andáyun", "andayun", "m", "");
INSERT INTO `wced_entry` VALUES (873, "anding", "42", "<entry page=""42"" id=""873""><form id=""anding"" lang=""ceb"">anding</form>
<hom role=""n""><pos>n</pos>
<sense n=""0""><trans> title for an older female to whom one is related.

</trans>
</sense></hom></entry>");
INSERT INTO `wced_head` (entryid, head, normalized_head, type, pos) VALUES (873, "anding", "anding", "m", "n");
INSERT INTO `wced_entry` VALUES (874, "andir", "42", "<entry page=""42"" id=""874""><form id=""andir"" lang=""ceb"">andir</form>
<hom role=""a""><pos>a</pos>
<sense n=""1""><number>1</number><trans> short for <bx>andir dibúnal, bakyà, sáya</bx> be <tr>dominated</tr>, <tr>subjugated</tr> to one’s wife. </trans>
</sense>
<sense n=""2""><number>2</number><trans> subordinate to. </trans>
<eg><i lang=""ceb"">Andir ku ni Kapitan Santus,</i><trans> Captain Santos is my superior. </trans></eg>
</sense>
<sense n=""3""><number>3</number><trans> be a student of. </trans>
<eg><i lang=""ceb"">Andir ku ni Lúpis sa mat,</i><trans> I studied math with Lopez. </trans></eg>
</sense>
<sense n=""4""><number>4</number><trans> under the net in tennis, volleyball, etc. </trans>
</sense></hom>
<hom role=""v""><pos>v</pos>
<sense n=""1""><number>1</number> <itype>[A; a12]</itype><trans> <tr>dominate</tr>. </trans>
<eg><i lang=""ceb"">Dì giyud ku maandir,</i><trans> I will not be <tr>henpecked</tr>. </trans></eg>
</sense>
<sense n=""2""><number>2</number> <itype>[B1256]</itype><trans> get to be under s.o., student of s.o. </trans>
</sense>
<sense n=""3""><number>3</number> <itype>[B1256]</itype><trans> for the ball to be under the net. </trans>
</sense>
<sense n=""4""><number>4</number><trans> <ix>in phrases:</ix> <bx><abbr expan=""andir"" type=""lemma"">—</abbr> dibakyà, búnal, sáya</bx> = <xr lang=""ceb"" target=""#andir""><sc>andir</sc></xr>, <i lang=""ceb"">1.</i> </trans>
</sense></hom>
<entry><form id=""andir_ditixbul"" lang=""ceb""><abbr expan=""andir"" type=""lemma"">—</abbr> ditíbul</form>
<hom role=""n""><pos>n</pos>
<sense n=""0""><trans> s.t. given under the table. </trans>
<eg><i lang=""ceb"">Ug way andir ditíbul dì mulusut ang ímung papílis,</i><trans> Your papers won’t get through without s.t. given under the table. </trans></eg>
</sense></hom>
<hom role=""v""><pos>v</pos>
<sense n=""0""> <itype>[A; c1]</itype><trans> <tr>bribe</tr>. </trans>
</sense></hom></entry>
<entry><form id=""andir_grawun"" lang=""ceb""><abbr expan=""andir"" type=""lemma"">—</abbr> grawun</form>
<hom role=""n""><pos>n</pos>
<sense n=""0""><trans> <tr>underground</tr> place, <tr>cellar</tr>. </trans>
<eg><i lang=""ceb"">Dúnay andir grawun ámung balay,</i><trans> Our house has a cellar. </trans></eg>
</sense></hom></entry>
<entry><form id=""andir_gul"" lang=""ceb""><abbr expan=""andir"" type=""lemma"">—</abbr> gul</form>
<hom role=""n""><pos>n</pos>
<sense n=""1""><number>1</number><trans> the area directly beneath the goal in basketball. </trans>
</sense>
<sense n=""2""><number>2</number><trans> being directly beneath the basket. </trans>
<eg><i lang=""ceb"">Ayawg syát ug way andir gul,</i><trans> Don’t shoot if there is no one in the area under the basket. </trans></eg>
</sense>
<sense n=""3""><number>3</number><trans> a shot from directly beneath the basket. </trans>
</sense></hom>
<hom role=""v""><pos>v</pos>
<sense n=""1""><number>1</number> <itype>[A]</itype><trans> man the area beneath the basket. </trans>
</sense>
<sense n=""2""><number>2</number> <itype>[A; c6]</itype><trans> make a shot from directly beneath the basket. </trans>
<eg><i lang=""ceb"">Inigpása nákù nímu iandir gul dáyun,</i><trans> When I pass you the ball, shoot from directly beneath the basket. </trans></eg>
</sense></hom></entry>
<entry><form id=""andir_ids"" lang=""ceb""><abbr expan=""andir"" type=""lemma"">—</abbr> ids</form>
<hom>
<sense n=""0""><trans> <tr>underage</tr>. </trans>
</sense></hom>
<hom role=""v""><pos>v</pos>
<sense n=""0""> <itype>[B1256]</itype><trans> be underage. </trans>
</sense></hom></entry>
<entry><form id=""andir_kuxbir"" lang=""ceb""><abbr expan=""andir"" type=""lemma"">—</abbr> kúbir</form>
<hom role=""n""><pos>n</pos>
<sense n=""0""><trans> <tr>undercover agent</tr>. </trans>
</sense></hom>
<hom role=""v""><pos>v</pos>
<sense n=""0""> <itype>[B156]</itype><trans> be an undercover agent. </trans>
</sense></hom></entry>
<entry><form id=""andir_pas"" lang=""ceb""><abbr expan=""andir"" type=""lemma"">—</abbr> pas</form>
<hom role=""n""><pos>n</pos>
<sense n=""0""><trans> <tr>underpass</tr>. </trans>
</sense></hom></entry>
<entry><form id=""andir_tayim"" lang=""ceb""><abbr expan=""andir"" type=""lemma"">—</abbr> tayim</form>
<hom>
<sense n=""0""><trans> <tr>undertime</tr> in job. </trans>
</sense></hom>
<hom role=""v""><pos>v</pos>
<sense n=""0""> <itype>[B6; b]</itype><trans> do undertime.†
</trans>
</sense></hom></entry></entry>");
INSERT INTO `wced_head` (entryid, head, normalized_head, type, pos) VALUES (874, "andir", "andir", "m", "av");
INSERT INTO `wced_head` (entryid, head, normalized_head, type, pos) VALUES (874, "andir ditíbul", "andir ditibul", "s", "nv");
INSERT INTO `wced_head` (entryid, head, normalized_head, type, pos) VALUES (874, "andir grawun", "andir grawun", "s", "n");
INSERT INTO `wced_head` (entryid, head, normalized_head, type, pos) VALUES (874, "andir gul", "andir gul", "s", "nv");
INSERT INTO `wced_head` (entryid, head, normalized_head, type, pos) VALUES (874, "andir ids", "andir ids", "s", "v");
INSERT INTO `wced_head` (entryid, head, normalized_head, type, pos) VALUES (874, "andir kúbir", "andir kubir", "s", "nv");
INSERT INTO `wced_head` (entryid, head, normalized_head, type, pos) VALUES (874, "andir pas", "andir pas", "s", "n");
INSERT INTO `wced_head` (entryid, head, normalized_head, type, pos) VALUES (874, "andir tayim", "andir tayim", "s", "v");
INSERT INTO `wced_translation` (entryid, translation) VALUES (874, "dominated");
INSERT INTO `wced_translation` (entryid, translation) VALUES (874, "subjugated");
INSERT INTO `wced_translation` (entryid, translation) VALUES (874, "dominate");
INSERT INTO `wced_translation` (entryid, translation) VALUES (874, "henpecked");
INSERT INTO `wced_translation` (entryid, translation) VALUES (874, "bribe");
INSERT INTO `wced_translation` (entryid, translation) VALUES (874, "underground");
INSERT INTO `wced_translation` (entryid, translation) VALUES (874, "cellar");
INSERT INTO `wced_translation` (entryid, translation) VALUES (874, "underage");
INSERT INTO `wced_translation` (entryid, translation) VALUES (874, "undercover agent");
INSERT INTO `wced_translation` (entryid, translation) VALUES (874, "underpass");
INSERT INTO `wced_translation` (entryid, translation) VALUES (874, "undertime");
INSERT INTO `wced_entry` VALUES (875, "andu, andu1", "42", "<entry page=""42"" id=""875""><form id=""andu_anduq"" lang=""ceb"">andu, andù<sub>1</sub></form>
<hom role=""v""><pos>v</pos>
<sense n=""1""><number>1</number> <itype>[A1; a12]</itype><trans> expect to realize s.t. out of s.t. </trans>
<eg><i lang=""ceb"">Mag-andu kag hángin ánang pangitáa,</i><trans> You will get exactly nothing from that sort of livelihood. </trans></eg>
<eg><i lang=""ceb"">Unsay maandu mu ánang pagpúnay ug katúlug?</i><trans> What do you expect to get out of sleeping all the time? </trans></eg>
</sense>
<sense n=""2""><number>2</number> <itype>[A; a]</itype><trans> <tr>sum up</tr>, make an account of. </trans>
<eg><i lang=""ceb"">Nag-andu siya sa mga butang nga wà gánì níya mahímu,</i><trans> She is counting up things for credit to get credit for them, when she hasn’t even done them. </trans></eg>
<eg><i lang=""ceb"">Ayaw kug paningli, kay ug andúhun nátù ag ákung nagastu nímu, dì ka kabayad,</i><trans> Do not try to collect what I owe you, because if we sum up all that I spent on you, you could never pay. </trans></eg>
</sense>
<sense n=""3""><number>3</number> <itype>[A; b4(1)]</itype><trans> lay open one’s cards. </trans>
<eg><i lang=""ceb"">Kun makaandu na ka, dì ka na makapunù,</i><trans> When you have already laid your cards on the table, you cannot add any more cards. </trans></eg>
</sense>
<sense n=""3a""><number>3a</number> <form id=""pag-anduq_inig-anduq_pa"" lang=""ceb""><abbr expan=""pag-andù"" type=""lemma"">pag-</abbr> (<abbr expan=""inig-andù"" type=""lemma"">inig-</abbr>) pa</form><trans> but actually, when it came (comes) to the test (when the cards were laid on the table). </trans>
<eg><i lang=""ceb"">Sígi siyang hangyù. Pag-andù pa, dì diay gustu,</i><trans> He kept begging, but when I finally agreed to it, he didn’t want to. </trans></eg>
<eg><i lang=""ceb"">Padatùdátù siya. Pag-andù pa, pubri kaáyu,</i><trans> He pretended to be rich. But when it came to the test, he turned out to be poor. </trans></eg>
</sense></hom>
<hom role=""n""><pos>n</pos>
<sense n=""0""> <form id=""way_andu"" lang=""ceb"">way <abbr expan=""andu"" type=""lemma"">—</abbr></form><trans> <tr>not certain</tr>. </trans>
<eg><i lang=""ceb"">Wà pay andu ug maghíkay ba mi sa pyista,</i><trans> We’re undecided as yet whether to prepare for the fiesta. </trans></eg>
</sense></hom>
<entry><form id=""anduxhay"" lang=""ceb"">andúhay</form>
<hom role=""n""><pos>n</pos>
<sense n=""0""><trans> <tr>confrontation</tr>. </trans>
</sense></hom>
<hom role=""v""><pos>v</pos>
<sense n=""0""> <itype>[C]</itype><trans> have a confrontation. </trans>
<eg><i lang=""ceb"">Mag-andúhay ta arun mahúsay ang tanan,</i><trans> Let’s have it out to settle everything. </trans></eg>
</sense></hom></entry>
<entry><form id=""anduhuxnun"" lang=""ceb"">anduhúnun</form>
<hom role=""n""><pos>n</pos>
<sense n=""0""><trans> matter to be decided. </trans>
<eg><i lang=""ceb"">Anduhúnun pa ning ákung pagpaiskuyla nímug midisína,</i><trans> I’m not sure whether we will send you to medical school.
</trans></eg>
</sense></hom></entry></entry>");
INSERT INTO `wced_head` (entryid, head, normalized_head, type, pos) VALUES (875, "andu", "andu", "s", "vn");
INSERT INTO `wced_head` (entryid, head, normalized_head, type, pos) VALUES (875, "andù", "andu", "s", "vn");
INSERT INTO `wced_head` (entryid, head, normalized_head, type, pos) VALUES (875, "pag-andù (inig-andù) pa", "pag-andu (inig-andu) pa", "s", "");
INSERT INTO `wced_head` (entryid, head, normalized_head, type, pos) VALUES (875, "way andu", "way andu", "s", "");
INSERT INTO `wced_head` (entryid, head, normalized_head, type, pos) VALUES (875, "andúhay", "anduhay", "s", "nv");
INSERT INTO `wced_head` (entryid, head, normalized_head, type, pos) VALUES (875, "anduhúnun", "anduhunun", "s", "n");
INSERT INTO `wced_translation` (entryid, translation) VALUES (875, "sum up");
INSERT INTO `wced_translation` (entryid, translation) VALUES (875, "not certain");
INSERT INTO `wced_translation` (entryid, translation) VALUES (875, "confrontation");
INSERT INTO `wced_entry` VALUES (876, "andu2", "42", "<entry page=""42"" id=""876""><form id=""anduq2"" lang=""ceb"">andù<sub>2</sub></form>
<hom role=""n""><pos>n</pos>
<sense n=""0""><trans> k.o. tall wild <tr>tuber</tr> the corm of which is eaten in times of famine: <bio>Amorphophallus campanulatus</bio>.
</trans>
</sense></hom></entry>");
INSERT INTO `wced_head` (entryid, head, normalized_head, type, pos) VALUES (876, "andù", "andu", "s", "n");
INSERT INTO `wced_translation` (entryid, translation) VALUES (876, "tuber");
INSERT INTO `wced_entry` VALUES (877, "andu3", "42", "<entry page=""42"" id=""877""><form id=""anduq3"" lang=""ceb"">andù<sub>3</sub></form>
<hom>
<sense n=""0""><trans> = <xr lang=""ceb"" target=""#angduq""><sc>angdù</sc></xr>.
</trans>
</sense></hom></entry>");
INSERT INTO `wced_head` (entryid, head, normalized_head, type, pos) VALUES (877, "andù", "andu", "s", "");
INSERT INTO `wced_entry` VALUES (878, "anduhaw", "42", "<entry page=""42"" id=""878""><form id=""anduxhaw"" lang=""ceb"">andúhaw</form>
<hom>
<sense n=""0""><trans> = <xr lang=""ceb"" target=""#agumaxa""><sc>agumáa</sc></xr>.
</trans>
</sense></hom></entry>");
INSERT INTO `wced_head` (entryid, head, normalized_head, type, pos) VALUES (878, "andúhaw", "anduhaw", "m", "");
INSERT INTO `wced_entry` VALUES (879, "anduhay", "42", "<entry page=""42"" id=""879""><form id=""anduxhay"" lang=""ceb"">andúhay</form>
<hom>
<sense n=""0""><trans> <ix>see</ix> <xr lang=""ceb"" target=""#andu""><sc>andu</sc></xr>.
</trans>
</sense></hom></entry>");
INSERT INTO `wced_head` (entryid, head, normalized_head, type, pos) VALUES (879, "andúhay", "anduhay", "m", "");
INSERT INTO `wced_entry` VALUES (880, "ang", "42", "<entry page=""42"" id=""880""><form id=""ang"" lang=""ceb"">ang</form>
<hom>
<sense n=""0""><trans> <ix>short form:</ix> <bx>ng</bx> </trans>
</sense>
<sense n=""1""><number>1</number><trans> subject marker. </trans>
<eg><i lang=""ceb"">Nawálà ang libru,</i><trans> The book is lost. </trans></eg>
</sense>
<sense n=""2""><number>2</number><trans> marker for definite predicate. </trans>
<eg><i lang=""ceb"">Ang íyang libru mauy nawálà,</i><trans> It was his book that was lost. </trans></eg>
</sense>
<sense n=""3""><number>3</number><trans> following a form meaning including, together with. </trans>
<eg><i lang=""ceb"">Sitinta ang ábang, apil ang túbig,</i><trans> The rent is seventy pesos including the water. </trans></eg>
</sense>
<sense n=""4""><number>4</number><trans> <ix>preceding forms referring to quantity or measurement:</ix> each. </trans>
<eg><i lang=""ceb"">Ang ábang, sitinta ang <pb n=""43""/>búlan,</i><trans> The rent is seventy a month.
</trans></eg>
</sense></hom></entry>");
INSERT INTO `wced_head` (entryid, head, normalized_head, type, pos) VALUES (880, "ang", "ang", "m", "");
INSERT INTO `wced_entry` VALUES (881, "anga1", "43", "<entry page=""43"" id=""881""><form id=""axnga"" lang=""ceb"">ánga<sub>1</sub></form>
<hom role=""n""><pos>n</pos>
<sense n=""0""><trans> the fry of some kinds of goby.
</trans>
</sense></hom></entry>");
INSERT INTO `wced_head` (entryid, head, normalized_head, type, pos) VALUES (881, "ánga", "anga", "s", "n");
INSERT INTO `wced_entry` VALUES (882, "anga2", "43", "<entry page=""43"" id=""882""><form id=""axnga2"" lang=""ceb"">ánga<sub>2</sub></form>
<hom>
<sense n=""0""><trans> = <xr lang=""ceb"" target=""#axngal""><sc>ángal</sc></xr>.
</trans>
</sense></hom></entry>");
INSERT INTO `wced_head` (entryid, head, normalized_head, type, pos) VALUES (882, "ánga", "anga", "s", "");
INSERT INTO `wced_entry` VALUES (883, "angaang", "43", "<entry page=""43"" id=""883""><form id=""angaxang"" lang=""ceb"">angáang</form>
<hom>
<sense n=""0""><trans> = <xr lang=""ceb"" target=""#alangaxang""><sc>alangáang</sc></xr>.
</trans>
</sense></hom></entry>");
INSERT INTO `wced_head` (entryid, head, normalized_head, type, pos) VALUES (883, "angáang", "angaang", "m", "");
INSERT INTO `wced_entry` VALUES (884, "angal", "43", "<entry page=""43"" id=""884""><form id=""axngal"" lang=""ceb"">ángal</form>
<hom role=""v""><pos>v</pos>
<sense n=""0""> <itype>[B; b3]</itype><trans> find s.t. to complain about. </trans>
<eg><i lang=""ceb"">Unsa may angálan nímu sa trabáhu ug sayun man gáling?</i><trans> What is there to complain about when the job is so easy? </trans></eg>
</sense></hom>
<entry><form id=""axngalan"" lang=""ceb""><abbr expan=""ángalan"" type=""lemma"">-an</abbr></form>
<hom role=""a""><pos>a</pos>
<sense n=""0""><trans> given to complaints.†
</trans>
</sense></hom></entry></entry>");
INSERT INTO `wced_head` (entryid, head, normalized_head, type, pos) VALUES (884, "ángal", "angal", "m", "v");
INSERT INTO `wced_head` (entryid, head, normalized_head, type, pos) VALUES (884, "ángalan", "angalan", "s", "a");
INSERT INTO `wced_entry` VALUES (885, "angalaskalas", "43", "<entry page=""43"" id=""885""><form id=""angalaskaxlas"" lang=""ceb"">angalaskálas</form>
<hom role=""n""><pos>n</pos>
<sense n=""0""><trans> k.o. green crab with splotches of dirty yellow between, <measure reg=""6.4–7.7 cm cm"">2½″–3″</measure> in diameter, commonly found on wharves.
</trans>
</sense></hom></entry>");
INSERT INTO `wced_head` (entryid, head, normalized_head, type, pos) VALUES (885, "angalaskálas", "angalaskalas", "m", "n");
INSERT INTO `wced_entry` VALUES (886, "angan-angan", "43", "<entry page=""43"" id=""886""><form id=""angan-axngan"" lang=""ceb"">angan-ángan</form>
<hom role=""v""><pos>v</pos>
<sense n=""0""> <itype>[A; b5c1]</itype><trans> <tr>delay</tr> awhile. </trans>
<eg><i lang=""ceb"">Muangan-ángan ku ug pila ka minútu,</i><trans> I will wait for a few minutes more. </trans></eg>
<eg><i lang=""ceb"">Angan-angána (angan-angáni, iangan-ángan) ang ímung paglarga,</i><trans> Put off your departure.
</trans></eg>
</sense></hom></entry>");
INSERT INTO `wced_head` (entryid, head, normalized_head, type, pos) VALUES (886, "angan-ángan", "angan-angan", "m", "v");
INSERT INTO `wced_translation` (entryid, translation) VALUES (886, "delay");
INSERT INTO `wced_entry` VALUES (887, "ang-ang", "43", "<entry page=""43"" id=""887""><form id=""ang-ang"" lang=""ceb"">ang-ang</form>
<hom role=""n""><pos>n</pos>
<sense n=""1""><number>1</number><trans> <tr>steps</tr> of stairs, ladder. </trans>
</sense>
<sense n=""2""><number>2</number><trans> <tr>grade</tr> or year of a course. </trans>
<eg><i lang=""ceb"">Náa pa siya sa ikaduhang ang-ang sa abugasíya,</i><trans> He is still in the second year of his law course. </trans></eg>
</sense></hom>
<hom role=""v""><pos>v</pos>
<sense n=""0""> <itype>[A3; a1]</itype><trans> put steps into, make into steps. </trans>
<eg><i lang=""ceb"">Ang-ángan lang nímug tulu ang hagdan,</i><trans> Just put three steps in the stairs. </trans></eg>
</sense></hom>
<entry><form id=""ang-angan"" lang=""ceb""><abbr expan=""ang-angan"" type=""lemma"">-an(→)</abbr></form>
<hom role=""n""><pos>n</pos>
<sense n=""0""><trans> = <xr lang=""ceb"" target=""#ang-ang""><sc>ang-ang</sc></xr>.
</trans>
</sense></hom></entry></entry>");
INSERT INTO `wced_head` (entryid, head, normalized_head, type, pos) VALUES (887, "ang-ang", "ang-ang", "m", "nv");
INSERT INTO `wced_head` (entryid, head, normalized_head, type, pos) VALUES (887, "ang-angan", "ang-angan", "s", "n");
INSERT INTO `wced_translation` (entryid, translation) VALUES (887, "steps");
INSERT INTO `wced_translation` (entryid, translation) VALUES (887, "grade");
INSERT INTO `wced_entry` VALUES (888, "angat1", "43", "<entry page=""43"" id=""888""><form id=""angat"" lang=""ceb"">angat<sub>1</sub></form>
<hom role=""n""><pos>n</pos>
<sense n=""0""><trans> <tr>teeth marks</tr>. </trans>
<eg><i lang=""ceb"">Angat sa pinaakan sa hálas,</i><trans> Teeth marks of a snake.

</trans></eg>
</sense></hom></entry>");
INSERT INTO `wced_head` (entryid, head, normalized_head, type, pos) VALUES (888, "angat", "angat", "s", "n");
INSERT INTO `wced_translation` (entryid, translation) VALUES (888, "teeth marks");
INSERT INTO `wced_entry` VALUES (889, "*angat2", "43", "<entry page=""43"" id=""889""><form id=""xxangat2"" lang=""ceb"">*angat<sub>2</sub></form>
<entry><form id=""angat_sa"" lang=""ceb""><abbr expan=""angat"" type=""lemma"">—</abbr> sa</form>
<hom>
<sense n=""0""><trans> as [such-and-such] approaches. </trans>
<eg><i lang=""ceb"">Ínit ang kampanya angat sa iliksyun,</i><trans> The campaign went into high gear as elections approached. </trans></eg>
</sense></hom>
<hom role=""v""><pos>v</pos>
<sense n=""0""> <itype>[B145]</itype><trans> for an event to approach. </trans>
<eg><i lang=""ceb"">Nag-angat na ang pista,</i><trans> Fiesta time is approaching.
</trans></eg>
</sense></hom></entry></entry>");
INSERT INTO `wced_head` (entryid, head, normalized_head, type, pos) VALUES (889, "angat", "angat", "s", "");
INSERT INTO `wced_head` (entryid, head, normalized_head, type, pos) VALUES (889, "angat sa", "angat sa", "s", "v");
INSERT INTO `wced_entry` VALUES (890, "angat", "43", "<entry page=""43"" id=""890""><form id=""axngat"" lang=""ceb"">ángat</form>
<hom role=""v""><pos>v</pos>
<sense n=""0""> <itype>[A; ac]</itype><trans> <tr>go, bring up</tr> a hill or place in the hills. </trans>
<eg><i lang=""ceb"">Angátun sa mga turista ang bulkan sa Mayun,</i><trans> The tourists are going to climb Mount Mayon. </trans></eg>
<eg><i lang=""ceb"">Iángat ni nátù sa bū́d,</i><trans> We will bring this up the hill. </trans></eg>
</sense></hom>
<entry><form id=""pangaxngat"" lang=""ceb""><abbr expan=""pangángat"" type=""lemma"">paN-</abbr></form>
<hom role=""n""><pos>n</pos>
<sense n=""0""><trans> tool for mountain-climbing. </trans>
</sense></hom></entry>
<entry><form id=""angatun"" lang=""ceb"">angatun</form>
<hom role=""a""><pos>a</pos>
<sense n=""0""><trans> steep to climb.
</trans>
</sense></hom></entry></entry>");
INSERT INTO `wced_head` (entryid, head, normalized_head, type, pos) VALUES (890, "ángat", "angat", "m", "v");
INSERT INTO `wced_head` (entryid, head, normalized_head, type, pos) VALUES (890, "pangángat", "pangangat", "s", "n");
INSERT INTO `wced_head` (entryid, head, normalized_head, type, pos) VALUES (890, "angatun", "angatun", "s", "a");
INSERT INTO `wced_translation` (entryid, translation) VALUES (890, "go");
INSERT INTO `wced_translation` (entryid, translation) VALUES (890, "bring up");
INSERT INTO `wced_entry` VALUES (891, "angay", "43", "<entry page=""43"" id=""891""><form id=""axngay"" lang=""ceb"">ángay</form>
<hom>
<sense n=""0""><trans> <tr>ought</tr> to. </trans>
<eg><i lang=""ceb"">Ángay kang magtuun arun makapasar ka,</i><trans> You ought to study if you want to pass. </trans></eg>
<eg><i lang=""ceb"">Dì nà ángay nímu ikabaláka,</i><trans> You should not worry about that. </trans></eg>
</sense></hom>
<hom role=""a""><pos>a</pos>
<sense n=""1""><number>1</number><trans> fitting, <tr>proper</tr>, right time or situation. </trans>
<eg><i lang=""ceb"">Ángay ni nímung kulúra,</i><trans> This color suits you. </trans></eg>
</sense>
<sense n=""2""><number>2</number><trans> evenly cut, equally spaced. </trans>
<eg><i lang=""ceb"">Ángayng pagkaputul ang mga pánid,</i><trans> The pages are evenly cut. </trans></eg>
<eg><i lang=""ceb"">Ángayng pagkatisuk ang mga pásuk,</i><trans> The stakes are evenly spaced. </trans></eg>
</sense></hom>
<hom role=""v""><pos>v</pos>
<sense n=""1a""><number>1a</number> <itype>[B3S6; b8]</itype><trans> be appropriate. </trans>
<eg><i lang=""ceb"">Miángay ang ímung ilung sa ímung nawung,</i><trans> Your nose goes well with your face. </trans></eg>
</sense>
<sense n=""1b""><number>1b</number> <itype>[A23S]</itype><trans> like s.t., consider s.t. suitable to one’s taste. </trans>
<eg><i lang=""ceb"">Dílì ku muángay ánang tubà nga initlugan,</i><trans> I don’t like toddy mixed with eggs. </trans></eg>
</sense>
<sense n=""2a""><number>2a</number> <itype>[A; a]</itype><trans> make s.t. equal, even. </trans>
<eg><i lang=""ceb"">Angáya ang káyu,</i><trans> Make the flame even. </trans></eg>
</sense>
<sense n=""2b""><number>2b</number> <itype>[A; a12]</itype><trans> tune a musical instrument. </trans>
<eg><i lang=""ceb"">Angáyun ta ning pyánu,</i><trans> Let’s tune this piano. </trans></eg>
</sense>
<sense n=""2c""><number>2c</number> <itype>[C; a12]</itype><trans> treat each other equally, do s.t. equally to several people. </trans>
<eg><i lang=""ceb"">Mag-ángay mig káun sa ámù. Way pinihig,</i><trans> We all eat the same food at home. Nobody gets anything special. </trans></eg>
<eg><i lang=""ceb"">Angáyun ta mug dukduk sa úlu,</i><trans> I will knock you all on your heads. </trans></eg>
</sense>
<sense n=""2d""><number>2d</number> <itype>[C; b]</itype><trans> be in agreement. </trans>
<eg><i lang=""ceb"">Nag-ángay ang ílang mga disisyun,</i><trans> They were in agreement in their decisions. </trans></eg>
</sense></hom>
<entry><form id=""angay"" lang=""ceb""><abbr expan=""angay"" type=""lemma"">(→)</abbr></form>
<hom>
<sense n=""0""> <form id=""walay_angay"" lang=""ceb"">walay <abbr expan=""angay"" type=""lemma"">—(→)</abbr></form><trans> </trans>
</sense></hom>
<hom role=""a""><pos>a</pos>
<sense n=""0""><trans> <tr>unbecoming</tr>, <tr>ugly</tr>. </trans>
</sense></hom>
<hom role=""v""><pos>v</pos>
<sense n=""0""> <itype>[B12]</itype><trans> be unbecoming, ugly. </trans>
<eg><i lang=""ceb"">Mawalà kay angay ug itum isul-ub,</i><trans> It will not become you if you wear black. </trans></eg>
</sense></hom></entry>
<entry><form id=""paaxngay_pahiaxngay"" lang=""ceb""><abbr expan=""paángay"" type=""lemma"">pa-</abbr>, <abbr expan=""pahiángay"" type=""lemma"">pahi-</abbr></form>
<hom role=""v""><pos>v</pos>
<sense n=""0""> <itype>[A; c]</itype><trans> </trans>
</sense>
<sense n=""1""><number>1</number><trans> <tr>put, place carefully in order</tr>. </trans>
<eg><i lang=""ceb"">Gipaángay (gipahiángay) níya ang búlak sa bukag,</i><trans> He placed the flowers carefully in the basket. </trans></eg>
</sense>
<sense n=""2""><number>2</number><trans> <tr>furnish</tr>. </trans>
<eg><i lang=""ceb"">Gipaangáyan mig pridyidir,</i><trans> We were furnished a refrigerator. </trans></eg>
</sense></hom></entry>
<entry><form id=""paangay"" lang=""ceb""><abbr expan=""paangay"" type=""lemma"">pa-(→)</abbr></form>
<hom role=""v""><pos>v</pos>
<sense n=""0""> <itype>[A; b]</itype><trans> make s.t. <tr>even</tr>. </trans>
<eg><i lang=""ceb"">Paangayi ang linung-ag,</i><trans> Let the food get cooked evenly. </trans></eg>
</sense></hom></entry>
<entry><form id=""paangayan"" lang=""ceb""><abbr expan=""paangayan"" type=""lemma"">-an(→)</abbr></form>
<hom role=""a""><pos>a</pos>
<sense n=""0""><trans> for a person to be becoming, proper. </trans>
</sense></hom>
<hom role=""v""><pos>v</pos>
<sense n=""0""> <itype>[B]</itype><trans> get to be becoming. </trans>
<eg><i lang=""ceb"">Nagkaangayan ka sa ímung úban,</i><trans> Your grey hairs become you more and more. </trans></eg>
</sense></hom></entry>
<entry><form id=""kaangaxyan"" lang=""ceb""><abbr expan=""kaangáyan"" type=""lemma"">ka-an</abbr></form>
<hom role=""n""><pos>n</pos>
<sense n=""0""><trans> <tr>just, equal treatment</tr>. </trans>
</sense></hom></entry>
<entry><form id=""maangaxyun"" lang=""ceb""><abbr expan=""maangáyun"" type=""lemma"">ma-un</abbr></form>
<hom role=""n""><pos>n</pos>
<sense n=""0""><trans> <tr>just</tr>, <tr>equal</tr>. </trans>
<eg><i lang=""ceb"">Maangáyung pagbáhin sa kabílin,</i><trans> A just division of the inheritance. </trans></eg>
</sense></hom></entry>
<entry><form id=""makiangaxyun"" lang=""ceb""><abbr expan=""makiangáyun"" type=""lemma"">maki-un</abbr></form>
<hom role=""a""><pos>a</pos>
<sense n=""0""><trans> tending to be on equal terms with everyone.
</trans>
</sense></hom></entry></entry>");
INSERT INTO `wced_head` (entryid, head, normalized_head, type, pos) VALUES (891, "ángay", "angay", "m", "av");
INSERT INTO `wced_head` (entryid, head, normalized_head, type, pos) VALUES (891, "angay", "angay", "s", "av");
INSERT INTO `wced_head` (entryid, head, normalized_head, type, pos) VALUES (891, "walay angay", "walay angay", "s", "");
INSERT INTO `wced_head` (entryid, head, normalized_head, type, pos) VALUES (891, "paángay", "paangay", "s", "v");
INSERT INTO `wced_head` (entryid, head, normalized_head, type, pos) VALUES (891, "pahiángay", "pahiangay", "s", "v");
INSERT INTO `wced_head` (entryid, head, normalized_head, type, pos) VALUES (891, "paangay", "paangay", "s", "v");
INSERT INTO `wced_head` (entryid, head, normalized_head, type, pos) VALUES (891, "paangayan", "paangayan", "s", "av");
INSERT INTO `wced_head` (entryid, head, normalized_head, type, pos) VALUES (891, "kaangáyan", "kaangayan", "s", "n");
INSERT INTO `wced_head` (entryid, head, normalized_head, type, pos) VALUES (891, "maangáyun", "maangayun", "s", "n");
INSERT INTO `wced_head` (entryid, head, normalized_head, type, pos) VALUES (891, "makiangáyun", "makiangayun", "s", "a");
INSERT INTO `wced_translation` (entryid, translation) VALUES (891, "ought");
INSERT INTO `wced_translation` (entryid, translation) VALUES (891, "proper");
INSERT INTO `wced_translation` (entryid, translation) VALUES (891, "unbecoming");
INSERT INTO `wced_translation` (entryid, translation) VALUES (891, "ugly");
INSERT INTO `wced_translation` (entryid, translation) VALUES (891, "put");
INSERT INTO `wced_translation` (entryid, translation) VALUES (891, "place carefully in order");
INSERT INTO `wced_translation` (entryid, translation) VALUES (891, "furnish");
INSERT INTO `wced_translation` (entryid, translation) VALUES (891, "even");
INSERT INTO `wced_translation` (entryid, translation) VALUES (891, "just");
INSERT INTO `wced_translation` (entryid, translation) VALUES (891, "equal treatment");
INSERT INTO `wced_translation` (entryid, translation) VALUES (891, "equal");
INSERT INTO `wced_entry` VALUES (892, "angdu", "43", "<entry page=""43"" id=""892""><form id=""angduq"" lang=""ceb"">angdù</form>
<hom role=""v""><pos>v</pos>
<sense n=""0""> <itype>[A; a12]</itype><trans> <tr>consent</tr>. </trans>
<eg><i lang=""ceb"">Dílì siya muandù ánang paagíha kay lángan,</i><trans> He won’t consent to doing it that way because it’s too slow. </trans></eg>
<eg><i lang=""ceb"">Andúun ka lang ug dílì siya mubúhat sa gisúgù,</i><trans> He will just say yes to you and then won’t do what you told him to. </trans></eg>
</sense></hom>
<entry><form id=""maangduun"" lang=""ceb""><abbr expan=""maangduun"" type=""lemma"">ma-un</abbr></form>
<hom role=""a""><pos>a</pos>
<sense n=""0""><trans> readily giving one’s consent.
</trans>
</sense></hom></entry></entry>");
INSERT INTO `wced_head` (entryid, head, normalized_head, type, pos) VALUES (892, "angdù", "angdu", "m", "v");
INSERT INTO `wced_head` (entryid, head, normalized_head, type, pos) VALUES (892, "maangduun", "maangduun", "s", "a");
INSERT INTO `wced_translation` (entryid, translation) VALUES (892, "consent");
INSERT INTO `wced_entry` VALUES (893, "angga", "43", "<entry page=""43"" id=""893""><form id=""anggaq"" lang=""ceb"">anggà</form>
<hom role=""n""><pos>n</pos>
<sense n=""0""><trans> <tr>nickname</tr>. </trans>
<eg><i lang=""ceb"">Si Bituy ang ákung anggà,</i><trans> My nickname is Bitoy. </trans></eg>
</sense></hom>
<hom role=""v""><pos>v</pos>
<sense n=""0""> <itype>[A; c]</itype><trans> give a nickname. </trans>
<eg><i lang=""ceb"">Gianggáan siya ug pakà,</i><trans> They nicknamed him ‘frog’.
</trans></eg>
</sense></hom></entry>");
INSERT INTO `wced_head` (entryid, head, normalized_head, type, pos) VALUES (893, "anggà", "angga", "m", "nv");
INSERT INTO `wced_translation` (entryid, translation) VALUES (893, "nickname");
INSERT INTO `wced_entry` VALUES (894, "anggal", "43", "<entry page=""43"" id=""894""><form id=""anggal"" lang=""ceb"">anggal</form>
<hom role=""n""><pos>n</pos>
<sense n=""1""><number>1</number><trans> birds that have their full feathers but cannot fly yet. </trans>
</sense>
<sense n=""2""><number>2</number><trans> for children to be nearly grown up. </trans>
<eg><i lang=""ceb"">Ayaw paghulat nga hungitun ka sa ímung inahan, anggal ka na,</i><trans> Don’t wait for your mother to feed you. You’re grown-up now. </trans></eg>
</sense></hom>
<hom role=""a""><pos>a</pos>
<sense n=""0""><trans> grown-up and still unable to speak properly.
</trans>
</sense></hom></entry>");
INSERT INTO `wced_head` (entryid, head, normalized_head, type, pos) VALUES (894, "anggal", "anggal", "m", "na");
INSERT INTO `wced_entry` VALUES (895, "anggid", "43", "<entry page=""43"" id=""895""><form id=""anggid"" lang=""ceb"">anggid</form>
<hom>
<sense n=""0""><trans> = <xr lang=""ceb"" target=""#amgid""><sc>amgid</sc></xr>.
</trans>
</sense></hom></entry>");
INSERT INTO `wced_head` (entryid, head, normalized_head, type, pos) VALUES (895, "anggid", "anggid", "m", "");
INSERT INTO `wced_entry` VALUES (896, "angguy", "43", "<entry page=""43"" id=""896""><form id=""angguy"" lang=""ceb"">angguy</form>
<hom role=""n""><pos>n</pos>
<sense n=""0""><trans> <ix>familiar term of address for boy or man much younger than speaker:</ix> <tr>sonny</tr>, <tr>lad</tr>. </trans>
<eg><i lang=""ceb"">Purbída, angguy, lisud nà kung masukù,</i><trans> If he gets angry, lad, he is hard to control. </trans></eg>
</sense></hom>
<hom role=""v""><pos>v</pos>
<sense n=""0""> <itype>[A13; a12]</itype><trans> call s.o. <ix>angguy.</ix>
</trans>
</sense></hom></entry>");
INSERT INTO `wced_head` (entryid, head, normalized_head, type, pos) VALUES (896, "angguy", "angguy", "m", "nv");
INSERT INTO `wced_translation` (entryid, translation) VALUES (896, "sonny");
INSERT INTO `wced_translation` (entryid, translation) VALUES (896, "lad");
INSERT INTO `wced_entry` VALUES (897, "anghal", "43", "<entry page=""43"" id=""897""><form id=""anghal"" lang=""ceb"">anghal</form>
<hom role=""v""><pos>v</pos>
<sense n=""0""> <itype>[B]</itype><trans> become <tr>ajar</tr>. </trans>
</sense></hom>
<entry><form id=""paanghal"" lang=""ceb""><abbr expan=""paanghal"" type=""lemma"">pa-</abbr></form>
<hom role=""v""><pos>v</pos>
<sense n=""0""> <itype>[b5]</itype><trans> keep s.t. ajar. </trans>
<eg><i lang=""ceb"">Paanghála (paanghali) ang pultahan arun makítà sila,</i><trans> Keep the door ajar so we can see them.
</trans></eg>
</sense></hom></entry></entry>");
INSERT INTO `wced_head` (entryid, head, normalized_head, type, pos) VALUES (897, "anghal", "anghal", "m", "v");
INSERT INTO `wced_head` (entryid, head, normalized_head, type, pos) VALUES (897, "paanghal", "paanghal", "s", "v");
INSERT INTO `wced_translation` (entryid, translation) VALUES (897, "ajar");
INSERT INTO `wced_entry` VALUES (898, "anghaw", "43", "<entry page=""43"" id=""898""><form id=""anghaw"" lang=""ceb"">anghaw</form>
<hom>
<sense n=""0""><trans> = <xr lang=""ceb"" target=""#anghal""><sc>anghal</sc></xr>.
</trans>
</sense></hom></entry>");
INSERT INTO `wced_head` (entryid, head, normalized_head, type, pos) VALUES (898, "anghaw", "anghaw", "m", "");
INSERT INTO `wced_entry` VALUES (899, "anghil", "43", "<entry page=""43"" id=""899""><form id=""anghil"" lang=""ceb"">anghil</form>
<hom role=""n""><pos>n</pos>
<sense n=""1""><number>1</number><trans> <tr>angel</tr>. </trans>
</sense>
<sense n=""2""><number>2</number><trans> short for <ix>— magbalantay.</ix> <pb n=""44""/></trans>
<eg><i lang=""ceb"">Gibyáan siya sa íyang anghil,</i><trans> Her guardian angel left her. </trans></eg>
</sense></hom>
<hom role=""v""><pos>v</pos>
<sense n=""0""> <itype>[A12; b2]</itype><trans> save s.o. like a guardian angel. </trans>
<eg><i lang=""ceb"">Ang paghut sa irù nakaanghil kay nakamata ku,</i><trans> The dog’s barking saved me in the nick of time because I woke up. </trans></eg>
</sense></hom>
<entry><form id=""anghil_magbalantay"" lang=""ceb""><abbr expan=""anghil"" type=""lemma"">—</abbr> magbalantay</form>
<hom role=""n""><pos>n</pos>
<sense n=""0""><trans> <tr>guardian angel</tr>.
</trans>
</sense></hom></entry></entry>");
INSERT INTO `wced_head` (entryid, head, normalized_head, type, pos) VALUES (899, "anghil", "anghil", "m", "nv");
INSERT INTO `wced_head` (entryid, head, normalized_head, type, pos) VALUES (899, "anghil magbalantay", "anghil magbalantay", "s", "n");
INSERT INTO `wced_translation` (entryid, translation) VALUES (899, "angel");
INSERT INTO `wced_translation` (entryid, translation) VALUES (899, "guardian angel");
INSERT INTO `wced_entry` VALUES (900, "anghilika", "44", "<entry page=""44"" id=""900""><form id=""anghilika"" lang=""ceb"">anghilika</form>
<hom role=""n""><pos>n</pos>
<sense n=""0""><trans> k.o. flowering <tr>herb</tr>, cultivated and wild, which has large succulent, ovoid, undulating leaves from which new plants sprout: <bio>Bryophyllum pinnatum</bio>.
</trans>
</sense></hom></entry>");
INSERT INTO `wced_head` (entryid, head, normalized_head, type, pos) VALUES (900, "anghilika", "anghilika", "m", "n");
INSERT INTO `wced_translation` (entryid, translation) VALUES (900, "herb");
INSERT INTO `wced_entry` VALUES (901, "anghinghu", "44", "<entry page=""44"" id=""901""><form id=""anghinghu"" lang=""ceb"">anghinghu</form>
<hom>
<sense n=""0""><trans> = <xr lang=""ceb"" target=""#ahinghu""><sc>ahinghu</sc></xr>.
</trans>
</sense></hom></entry>");
INSERT INTO `wced_head` (entryid, head, normalized_head, type, pos) VALUES (901, "anghinghu", "anghinghu", "m", "");
INSERT INTO `wced_entry` VALUES (902, "anghit", "44", "<entry page=""44"" id=""902""><form id=""anghit"" lang=""ceb"">anghit</form>
<hom role=""a""><pos>a</pos>
<sense n=""0""><trans> <tr>smell bad</tr> like the body, rancid meat, milk, goats, cows. </trans>
</sense></hom>
<hom role=""v""><pos>v</pos>
<sense n=""0""> <itype>[B; b6]</itype><trans> get to smell bad. </trans>
<eg><i lang=""ceb"">Muanghit ang rípridyirítur ug butangan ug karni sa kanding,</i><trans> The refrigerator will smell if you put goat meat into it. </trans></eg>
</sense></hom>
<entry><form id=""kaanghit"" lang=""ceb""><abbr expan=""kaanghit"" type=""lemma"">ka-</abbr></form>
<hom role=""n""><pos>n</pos>
<sense n=""0""><trans> <tr>foul smell</tr>. </trans>
<eg><i lang=""ceb"">Ang kaanghit sa litsi dílì kaáyu ísug,</i><trans> Milk does not have a terribly strong smell.
</trans></eg>
</sense></hom></entry></entry>");
INSERT INTO `wced_head` (entryid, head, normalized_head, type, pos) VALUES (902, "anghit", "anghit", "m", "av");
INSERT INTO `wced_head` (entryid, head, normalized_head, type, pos) VALUES (902, "kaanghit", "kaanghit", "s", "n");
INSERT INTO `wced_translation` (entryid, translation) VALUES (902, "smell bad");
INSERT INTO `wced_translation` (entryid, translation) VALUES (902, "foul smell");
INSERT INTO `wced_entry` VALUES (903, "angiing", "44", "<entry page=""44"" id=""903""><form id=""angixing"" lang=""ceb"">angíing</form>
<hom>
<sense n=""0""><trans> = <xr lang=""ceb"" target=""#alangixing""><sc>alangíing</sc></xr>.
</trans>
</sense></hom></entry>");
INSERT INTO `wced_head` (entryid, head, normalized_head, type, pos) VALUES (903, "angíing", "angiing", "m", "");
INSERT INTO `wced_entry` VALUES (904, "angilan", "44", "<entry page=""44"" id=""904""><form id=""angixlan"" lang=""ceb"">angílan</form>
<hom>
<sense n=""0""><trans> = <xr lang=""ceb"" target=""#alangixlan""><sc>alangílan</sc></xr>.
</trans>
</sense></hom></entry>");
INSERT INTO `wced_head` (entryid, head, normalized_head, type, pos) VALUES (904, "angílan", "angilan", "m", "");
INSERT INTO `wced_entry` VALUES (905, "angin", "44", "<entry page=""44"" id=""905""><form id=""axngin"" lang=""ceb"">ángin</form>
<hom role=""v""><pos>v</pos>
<sense n=""0""> <itype>[A; c1]</itype><trans> bring s.t. to <tr>ruin</tr> together with it. </trans>
<eg><i lang=""ceb"">Ang ínum nakaángin sa ákung pagtuun,</i><trans> Drinking brought my studies to ruination. </trans></eg>
<eg><i lang=""ceb"">Daghang kinabúhing naángin pagkahúlug sa trák,</i><trans> Many people lost their lives when the bus fell.
</trans></eg>
</sense></hom></entry>");
INSERT INTO `wced_head` (entryid, head, normalized_head, type, pos) VALUES (905, "ángin", "angin", "m", "v");
INSERT INTO `wced_translation` (entryid, translation) VALUES (905, "ruin");
INSERT INTO `wced_entry` VALUES (906, "angitngit", "44", "<entry page=""44"" id=""906""><form id=""angitngit"" lang=""ceb"">angitngit</form>
<hom>
<sense n=""0""><trans> = <xr lang=""ceb"" target=""#alangitngit""><sc>alangitngit</sc></xr>.
</trans>
</sense></hom></entry>");
INSERT INTO `wced_head` (entryid, head, normalized_head, type, pos) VALUES (906, "angitngit", "angitngit", "m", "");
INSERT INTO `wced_entry` VALUES (907, "angka", "44", "<entry page=""44"" id=""907""><form id=""angka"" lang=""ceb"">angka</form>
<hom role=""v""><pos>v</pos>
<sense n=""1""><number>1</number> <itype>[B4]</itype><trans> for s.t. to get <tr>loose</tr>, <tr>give way</tr>. </trans>
<eg><i lang=""ceb"">Muangka dáyun ang tikud sa sapátus,</i><trans> The heels of the shoes will come off right away. </trans></eg>
<eg><i lang=""ceb"">Miangka ang silya tungud sa íyang kabug-at,</i><trans> The chair gave way because she was too heavy. </trans></eg>
</sense>
<sense n=""2""><number>2</number> <itype>[c1]</itype><trans> <tr>remove</tr> s.t. to leave a gap. </trans>
<eg><i lang=""ceb"">Ayaw iangka (angkáha) ang tabun sa kaldíru,</i><trans> Do not lift the cover off the pot. </trans></eg>
</sense>
<sense n=""3""><number>3</number> <itype>[A23; b3]</itype><trans> <tr>quit</tr> doing s.t., a job. </trans>
<eg><i lang=""ceb"">Muangka ka na nga wà pay úras?</i><trans> You’re quitting now, when it hasn’t even been an hour? </trans></eg>
<eg><i lang=""ceb"">Hápit na mamatay, piru wà gihápun muangka ang ugis,</i><trans> The white cock was nearly dead, but he didn’t desist.†
</trans></eg>
</sense></hom></entry>");
INSERT INTO `wced_head` (entryid, head, normalized_head, type, pos) VALUES (907, "angka", "angka", "m", "v");
INSERT INTO `wced_translation` (entryid, translation) VALUES (907, "loose");
INSERT INTO `wced_translation` (entryid, translation) VALUES (907, "give way");
INSERT INTO `wced_translation` (entryid, translation) VALUES (907, "remove");
INSERT INTO `wced_translation` (entryid, translation) VALUES (907, "quit");
INSERT INTO `wced_entry` VALUES (908, "angkab", "44", "<entry page=""44"" id=""908""><form id=""angkab"" lang=""ceb"">angkab</form>
<hom role=""v""><pos>v</pos>
<sense n=""0""> <itype>[A; ab7]</itype><trans> take a big <tr>bite</tr>. </trans>
<eg><i lang=""ceb"">Angkábun (angkában) ku ug kausa ning ímung mansánas,</i><trans> May I take one big bite from your apple? </trans></eg>
</sense></hom>
<hom role=""n""><pos>n</pos>
<sense n=""0""><trans> <tr>bite</tr>, result of the bite. </trans>
<eg><i lang=""ceb"">Dakug angkab ang irù,</i><trans> The dog has a big bite.
</trans></eg>
</sense></hom></entry>");
INSERT INTO `wced_head` (entryid, head, normalized_head, type, pos) VALUES (908, "angkab", "angkab", "m", "vn");
INSERT INTO `wced_translation` (entryid, translation) VALUES (908, "bite");
INSERT INTO `wced_entry` VALUES (909, "angkas", "44", "<entry page=""44"" id=""909""><form id=""angkas"" lang=""ceb"">angkas</form>
<hom role=""v""><pos>v</pos>
<sense n=""1""><number>1</number> <itype>[A; b]</itype><trans> <tr>ride</tr> mounted on s.t. </trans>
<eg><i lang=""ceb"">Bátang nag-angkas ug kábaw,</i><trans> A child mounted on a water buffalo. </trans></eg>
</sense>
<sense n=""2""><number>2</number> <itype>[AC; c]</itype><trans> <tr>ride</tr> double on a cycle or horse. </trans>
<eg><i lang=""ceb"">Nag-angkas sila sa mutur,</i><trans> They rode one behind the other on the motorcycle. </trans></eg>
<eg><i lang=""ceb"">Iangkas ta ka sa bisiklíta,</i><trans> I’ll take you on the back of my bicycle. </trans></eg>
</sense></hom>
<entry><form id=""angkasanan"" lang=""ceb""><abbr expan=""angkasanan"" type=""lemma"">-anan</abbr></form>
<hom role=""n""><pos>n</pos>
<sense n=""0""><trans> <tr>carrier</tr> at the back part of the bicycle.
</trans>
</sense></hom></entry></entry>");
INSERT INTO `wced_head` (entryid, head, normalized_head, type, pos) VALUES (909, "angkas", "angkas", "m", "v");
INSERT INTO `wced_head` (entryid, head, normalized_head, type, pos) VALUES (909, "angkasanan", "angkasanan", "s", "n");
INSERT INTO `wced_translation` (entryid, translation) VALUES (909, "ride");
INSERT INTO `wced_translation` (entryid, translation) VALUES (909, "carrier");
INSERT INTO `wced_entry` VALUES (910, "angkat", "44", "<entry page=""44"" id=""910""><form id=""angkat"" lang=""ceb"">angkat</form>
<hom role=""v""><pos>v</pos>
<sense n=""0""> <itype>[A; a12]</itype><trans> take s.t. for resale on credit. </trans>
<eg><i lang=""ceb"">Angkátun sà run nákù ang isdà kay walà kuy puhúnan,</i><trans> I’ll take the fish on credit this time because I have no capital. </trans></eg>
</sense></hom>
<hom role=""n""><pos>n</pos>
<sense n=""0""><trans> amount for which s.t. is taken on credit. </trans>
<eg><i lang=""ceb"">Dì ni ikabaligyà ug tris kay kwatru ang angkat áni,</i><trans> I can’t let you have it for three because I had to pay four for it. </trans></eg>
</sense></hom>
<entry><form id=""mangalangkat_mangaangkat"" lang=""ceb""><abbr expan=""mangalangkat"" type=""lemma"">maN-l-</abbr>, <abbr expan=""mangaangkat"" type=""lemma"">maN-r-</abbr></form>
<hom role=""n""><pos>n</pos>
<sense n=""0""><trans> one who obtains things for sale on credit.
</trans>
</sense></hom></entry></entry>");
INSERT INTO `wced_head` (entryid, head, normalized_head, type, pos) VALUES (910, "angkat", "angkat", "m", "vn");
INSERT INTO `wced_head` (entryid, head, normalized_head, type, pos) VALUES (910, "mangalangkat", "mangalangkat", "s", "n");
INSERT INTO `wced_head` (entryid, head, normalized_head, type, pos) VALUES (910, "mangaangkat", "mangaangkat", "s", "n");
INSERT INTO `wced_entry` VALUES (911, "angkla", "44", "<entry page=""44"" id=""911""><form id=""angkla"" lang=""ceb"">angkla</form>
<hom role=""n""><pos>n</pos>
<sense n=""1""><number>1</number><trans> <tr>anchor</tr>. </trans>
</sense>
<sense n=""2""><number>2</number><trans> anchor-type contraption used for fishing for squid. </trans>
</sense></hom>
<hom role=""v""><pos>v</pos>
<sense n=""0""> <itype>[A12; a12]</itype><trans> obtain, make into an anchor.
</trans>
</sense></hom></entry>");
INSERT INTO `wced_head` (entryid, head, normalized_head, type, pos) VALUES (911, "angkla", "angkla", "m", "nv");
INSERT INTO `wced_translation` (entryid, translation) VALUES (911, "anchor");
INSERT INTO `wced_entry` VALUES (912, "angkub", "44", "<entry page=""44"" id=""912""><form id=""angkub"" lang=""ceb"">angkub</form>
<hom role=""n""><pos>n</pos>
<sense n=""0""><trans> a <tr>covering</tr> over the opening of a small boat, the analogue of a deck on large boats. </trans>
</sense></hom>
<hom role=""v""><pos>v</pos>
<sense n=""1""><number>1</number> <itype>[AN; b5]</itype><trans> make, put a cover for a boat. </trans>
<eg><i lang=""ceb"">Ílang angkubun (angkuban) ang sakayan ug playwud,</i><trans> They will make a plywood cover for the boat. </trans></eg>
</sense>
<sense n=""2""><number>2</number> <itype>[AN; ac]</itype><trans> <tr>fill</tr> s.t. in to cover up a deficiency. </trans>
<eg><i lang=""ceb"">Angkúba ra ang lab-ang sa ímung pinintálan,</i><trans> Fill in the spots you missed painting. </trans></eg>
<eg><i lang=""ceb"">Angkúbi ang kúwang sa ákung twisyun,</i><trans> Make up the balance of my tuition fees. </trans></eg>
<eg><i lang=""ceb"">Iangkub kining usa ka gantang humay arun mahustung usa ka bákid,</i><trans> Add this one ganta of rice to make it one cavan. </trans></eg>
</sense></hom>
<hom role=""a""><pos>a</pos>
<sense n=""1""><number>1</number><trans> for boats to be covered, having an <ix>angkub.</ix> </trans>
</sense>
<sense n=""2""><number>2</number><trans> <tr>complete</tr>, nothing lacking. </trans>
<eg><i lang=""ceb"">Angkub ang ímung paghátag kanámù sa diriksiyun,</i><trans> You gave complete directions.
</trans></eg>
</sense></hom></entry>");
INSERT INTO `wced_head` (entryid, head, normalized_head, type, pos) VALUES (912, "angkub", "angkub", "m", "nva");
INSERT INTO `wced_translation` (entryid, translation) VALUES (912, "covering");
INSERT INTO `wced_translation` (entryid, translation) VALUES (912, "fill");
INSERT INTO `wced_translation` (entryid, translation) VALUES (912, "complete");
INSERT INTO `wced_entry` VALUES (913, "angkun", "44", "<entry page=""44"" id=""913""><form id=""angkun"" lang=""ceb"">angkun</form>
<hom role=""v""><pos>v</pos>
<sense n=""0""> <itype>[A; a12]</itype><trans> claim as one’s own, <tr>admit</tr> authorship of an act. </trans>
<eg><i lang=""ceb"">Dì siya muangkun nga siyay may salà,</i><trans> He will not admit that he is wrong. </trans></eg>
<eg><i lang=""ceb"">Kinsay nag-angkun nga iyáha ning libru?</i><trans> Who is claiming that this book is his? </trans></eg>
</sense>
<sense n=""2""><number>2</number> <itype>[A2; a12]</itype><trans> <tr>acquire</tr>, <tr>get</tr> as one’s portion, share or luck. </trans>
<eg><i lang=""ceb"">Mau niy pálad ákung naangkun,</i><trans> This is my lot in life. </trans></eg>
</sense>
<sense n=""2a""><number>2a</number> <itype>[A23]</itype><trans> be in a certain situation. </trans>
<eg><i lang=""ceb"">Dílì siya gustung muangkun sa kinabúhing pinubri,</i><trans> He does not want to lead the life of a poor man. </trans></eg>
</sense>
<sense n=""3""><number>3</number> <itype>[A3; a12]</itype><trans> take as one’s share of contributions or responsibility. </trans>
<eg><i lang=""ceb"">Akuy muangkun sa ilimnun,</i><trans> I’ll take care of the drinks. </trans></eg>
<eg><i lang=""ceb"">Angkúnun ku ang panghúgas sa plátu,</i><trans> I’ll take care of washing the plates. </trans></eg>
</sense></hom>
<hom role=""n""><pos>n</pos>
<sense n=""0""><trans> share claimed, turn being claimed. </trans>
<eg><i lang=""ceb"">Ákung angkun ning lutíha,</i><trans> This lot is my share. </trans></eg>
<eg><i lang=""ceb"">Ákung angkun sa pag-adurnu sa simbahan ugmà,</i><trans> It’s my turn to decorate the church tomorrow. </trans></eg>
</sense></hom>
<entry><form id=""mangaangkun"" lang=""ceb""><abbr expan=""mangaangkun"" type=""lemma"">maN-r-</abbr></form>
<hom role=""n""><pos>n</pos>
<sense n=""0""><trans> one who lays claim to things that are not his. </trans>
</sense></hom></entry>
<entry><form id=""hingangkun_angkunixru"" lang=""ceb""><abbr expan=""hingangkun"" type=""lemma"">hiN-</abbr>, <abbr expan=""angkuníru"" type=""lemma"">-íru</abbr></form>
<hom role=""a""><pos>a</pos>
<sense n=""0""><trans> fond of claiming as one’s own.
</trans>
</sense></hom></entry></entry>");
INSERT INTO `wced_head` (entryid, head, normalized_head, type, pos) VALUES (913, "angkun", "angkun", "m", "vn");
INSERT INTO `wced_head` (entryid, head, normalized_head, type, pos) VALUES (913, "mangaangkun", "mangaangkun", "s", "n");
INSERT INTO `wced_head` (entryid, head, normalized_head, type, pos) VALUES (913, "hingangkun", "hingangkun", "s", "a");
INSERT INTO `wced_head` (entryid, head, normalized_head, type, pos) VALUES (913, "angkuníru", "angkuniru", "s", "a");
INSERT INTO `wced_translation` (entryid, translation) VALUES (913, "admit");
INSERT INTO `wced_translation` (entryid, translation) VALUES (913, "acquire");
INSERT INTO `wced_translation` (entryid, translation) VALUES (913, "get");
INSERT INTO `wced_entry` VALUES (914, "anglit", "44", "<entry page=""44"" id=""914""><form id=""anglit"" lang=""ceb"">anglit</form>
<hom role=""n""><pos>n</pos>
<sense n=""0""><trans> small earthen <tr>pot</tr>. </trans>
<eg><i lang=""ceb"">Anglit ray lung-ági kay duha ra ta,</i><trans> Just cook in the small earthen pot because there is only two of us. </trans></eg>
</sense></hom>
<hom role=""v""><pos>v</pos>
<sense n=""0""> <itype>[A12; a12]</itype><trans> get, make into a small earthen pot.
</trans>
</sense></hom></entry>");
INSERT INTO `wced_head` (entryid, head, normalized_head, type, pos) VALUES (914, "anglit", "anglit", "m", "nv");
INSERT INTO `wced_translation` (entryid, translation) VALUES (914, "pot");
INSERT INTO `wced_entry` VALUES (915, "angsu", "44", "<entry page=""44"" id=""915""><form id=""angsu"" lang=""ceb"">angsu</form>
<hom role=""a""><pos>a</pos>
<sense n=""0""><trans> <tr>smelling</tr> of urine. </trans>
<eg><i lang=""ceb"">Angsu ang ílang kasilyas,</i><trans> Their toilet smells. </trans></eg>
</sense></hom>
<hom role=""v""><pos>v</pos>
<sense n=""0""> <itype>[BN; b6]</itype><trans> become smelly. </trans>
</sense></hom>
<entry><form id=""kaangsu"" lang=""ceb""><abbr expan=""kaangsu"" type=""lemma"">ka-</abbr></form>
<hom role=""n""><pos>n</pos>
<sense n=""0""><trans> <tr>foulness</tr>. </trans>
</sense></hom></entry>
<entry><form id=""angsuxhan"" lang=""ceb"">angsúhan</form>
<hom role=""n""><pos>n</pos>
<sense n=""1""><number>1</number><trans> k.o. small ash-grey <tr>shark</tr> that has an odor <pb n=""45""/>like urine. </trans>
</sense>
<sense n=""2""><number>2</number><trans> = <xr lang=""ceb"" target=""#alangsuxhan""><sc>alangsúhan</sc></xr>.
</trans>
</sense></hom></entry></entry>");
INSERT INTO `wced_head` (entryid, head, normalized_head, type, pos) VALUES (915, "angsu", "angsu", "m", "av");
INSERT INTO `wced_head` (entryid, head, normalized_head, type, pos) VALUES (915, "kaangsu", "kaangsu", "s", "n");
INSERT INTO `wced_head` (entryid, head, normalized_head, type, pos) VALUES (915, "angsúhan", "angsuhan", "s", "n");
INSERT INTO `wced_translation` (entryid, translation) VALUES (915, "smelling");
INSERT INTO `wced_translation` (entryid, translation) VALUES (915, "foulness");
INSERT INTO `wced_translation` (entryid, translation) VALUES (915, "shark");
INSERT INTO `wced_entry` VALUES (916, "angsud", "45", "<entry page=""45"" id=""916""><form id=""angsud"" lang=""ceb"">angsud</form>
<hom role=""a""><pos>a</pos>
<sense n=""1""><number>1</number><trans> <tr>having body odor</tr>. </trans>
<eg><i lang=""ceb"">Kalígù na kay angsud ka na kaáyu,</i><trans> Take a bath. You have awful <asc><abbr expan=""body odor"">B.O.</abbr></asc> </trans></eg>
</sense>
<sense n=""2""><number>2</number><trans> = <xr lang=""ceb"" target=""#angsu""><sc>angsu</sc></xr>. </trans>
</sense></hom>
<hom role=""v""><pos>v</pos>
<sense n=""0""> <itype>[BN]</itype><trans> have <asc>B.O.</asc>
</trans>
</sense></hom></entry>");
INSERT INTO `wced_head` (entryid, head, normalized_head, type, pos) VALUES (916, "angsud", "angsud", "m", "av");
INSERT INTO `wced_translation` (entryid, translation) VALUES (916, "having body odor");
INSERT INTO `wced_entry` VALUES (917, "angtad", "45", "<entry page=""45"" id=""917""><form id=""angtad"" lang=""ceb"">angtad</form>
<hom role=""a""><pos>a</pos>
<sense n=""0""><trans> be in <tr>line of sight</tr>. </trans>
<eg><i lang=""ceb"">Angtad ra sa bintánà ang tíbi,</i><trans> You can watch <asc>TV</asc> through the window. </trans></eg>
<eg><i lang=""ceb"">Maigù giyud nà siya kay angtad kaáyu siya sa ákung punting,</i><trans> I can hit him because he is in my line of fire. </trans></eg>
</sense></hom>
<hom role=""v""><pos>v</pos>
<sense n=""0""> <itype>[B; c1]</itype><trans> be where one can see it. </trans>
<eg><i lang=""ceb"">Naangtad (miangtad) sa ákung mga mata ang ugdu sa íyang dughan,</i><trans> Her bulging breasts were right in my line of sight. </trans></eg>
<eg><i lang=""ceb"">Ug ímung ibutang ang sámin dinhi muangtad (maangtad) sa sílaw sa adlaw,</i><trans> If you put the mirror here, the sun’s rays will be reflected directly off of it. </trans></eg>
</sense></hom>
<entry><form id=""paangtag"" lang=""ceb""><abbr expan=""paangtag"" type=""lemma"">pa-</abbr></form>
<hom role=""v""><pos>v</pos>
<sense n=""0""> <itype>[A; ac]</itype><trans> put s.t. in the line of sight. </trans>
<eg><i lang=""ceb"">Ang nawung bayà sa nagpaangtad, mu ra ug gwápa,</i><trans> Some nerve of her to make herself the center of attention, as if she were beautiful.
</trans></eg>
</sense></hom></entry></entry>");
INSERT INTO `wced_head` (entryid, head, normalized_head, type, pos) VALUES (917, "angtad", "angtad", "m", "av");
INSERT INTO `wced_head` (entryid, head, normalized_head, type, pos) VALUES (917, "paangtag", "paangtag", "s", "v");
INSERT INTO `wced_translation` (entryid, translation) VALUES (917, "line of sight");
INSERT INTO `wced_entry` VALUES (918, "angtud", "45", "<entry page=""45"" id=""918""><form id=""angtud"" lang=""ceb"">angtud</form>
<hom role=""a""><pos>a</pos>
<sense n=""0""><trans> having the smell of burnt hair, cloth, or flesh without fat. </trans>
</sense></hom>
<hom role=""v""><pos>v</pos>
<sense n=""0""> <itype>[BN; b6]</itype><trans> smell of burnt hair. </trans>
<eg><i lang=""ceb"">Náay nangangtud kay nagsúnug siya sa balhíbu,</i><trans> S.t. smells bad because he is burning feathers. </trans></eg>
</sense></hom>
<entry><form id=""angturun"" lang=""ceb"">angturun</form>
<hom role=""a""><pos>a</pos>
<sense n=""0""><trans> smelling somewhat of burnt feathers.
</trans>
</sense></hom></entry></entry>");
INSERT INTO `wced_head` (entryid, head, normalized_head, type, pos) VALUES (918, "angtud", "angtud", "m", "av");
INSERT INTO `wced_head` (entryid, head, normalized_head, type, pos) VALUES (918, "angturun", "angturun", "s", "a");
INSERT INTO `wced_entry` VALUES (919, "anguangu", "45", "<entry page=""45"" id=""919""><form id=""anguangu"" lang=""ceb"">anguangu</form>
<hom role=""v""><pos>v</pos>
<sense n=""0""> <itype>[a4]</itype><trans> be <tr>senile</tr>. </trans>
<eg><i lang=""ceb"">Gianguangu ka na,</i><trans> You’re getting senile. </trans></eg>
</sense></hom>
<entry><form id=""anguanguhun"" lang=""ceb"">anguanguhun</form>
<hom role=""a""><pos>a</pos>
<sense n=""0""><trans> somewhat senile.
</trans>
</sense></hom></entry></entry>");
INSERT INTO `wced_head` (entryid, head, normalized_head, type, pos) VALUES (919, "anguangu", "anguangu", "m", "v");
INSERT INTO `wced_head` (entryid, head, normalized_head, type, pos) VALUES (919, "anguanguhun", "anguanguhun", "s", "a");
INSERT INTO `wced_translation` (entryid, translation) VALUES (919, "senile");
INSERT INTO `wced_entry` VALUES (920, "angul, angul", "45", "<entry page=""45"" id=""920""><form id=""angul_axngul"" lang=""ceb"">angul, ángul</form>
<hom role=""v""><pos>v</pos>
<sense n=""0""> <itype>[B126]</itype><trans> be <tr>injured</tr> to the point of incapacity. </trans>
<eg><i lang=""ceb"">Tulu ang naángul sa aksidinti,</i><trans> Three people were injured in the accident. </trans></eg>
</sense></hom>
<entry><form id=""angul"" lang=""ceb""><abbr expan=""angul"" type=""lemma"">(→)</abbr></form>
<hom role=""n""><pos>n</pos>
<sense n=""0""><trans> injured and incapacitated persons or animals. </trans>
<eg><i lang=""ceb"">Ang mga angul giíhaw,</i><trans> The injured animals were slaughtered. </trans></eg>
<eg><i lang=""ceb"">Angul nga bitiránu,</i><trans> Incapacitated veteran. </trans></eg>
</sense></hom></entry>
<entry><form id=""angul-angul"" lang=""ceb"">angul-angul</form>
<hom role=""v""><pos>v</pos>
<sense n=""0""> <itype>[A13; a12]</itype><trans> satisfy only partly. </trans>
<eg><i lang=""ceb"">Angul-angulun man ku nímu sa diyútay nga pagkáun,</i><trans> I won’t get full with just a little food.
</trans></eg>
</sense></hom></entry></entry>");
INSERT INTO `wced_head` (entryid, head, normalized_head, type, pos) VALUES (920, "angul", "angul", "s", "v");
INSERT INTO `wced_head` (entryid, head, normalized_head, type, pos) VALUES (920, "ángul", "angul", "s", "v");
INSERT INTO `wced_head` (entryid, head, normalized_head, type, pos) VALUES (920, "angul-angul", "angul-angul", "s", "v");
INSERT INTO `wced_translation` (entryid, translation) VALUES (920, "injured");
INSERT INTO `wced_entry` VALUES (921, "angulunkulun", "45", "<entry page=""45"" id=""921""><form id=""angulunkulun"" lang=""ceb"">angulunkulun</form>
<hom role=""n""><pos>n</pos>
<sense n=""0""><trans> k.o. large black hornet, the dwelling of which looks like a clay pot (<ix>kúlun</ix>).
</trans>
</sense></hom></entry>");
INSERT INTO `wced_head` (entryid, head, normalized_head, type, pos) VALUES (921, "angulunkulun", "angulunkulun", "m", "n");
INSERT INTO `wced_entry` VALUES (922, "angus", "45", "<entry page=""45"" id=""922""><form id=""angus"" lang=""ceb"">angus</form>
<hom>
<sense n=""0""><trans> = <xr lang=""ceb"" target=""#angsu""><sc>angsu</sc></xr>.
</trans>
</sense></hom></entry>");
INSERT INTO `wced_head` (entryid, head, normalized_head, type, pos) VALUES (922, "angus", "angus", "m", "");
INSERT INTO `wced_entry` VALUES (923, "angut, angut1", "45", "<entry page=""45"" id=""923""><form id=""angut_axngut"" lang=""ceb"">angut, ángut<sub>1</sub></form>
<hom role=""a""><pos>a</pos>
<sense n=""0""><trans> disfigured by pockmarks or large scars. </trans>
</sense></hom>
<hom role=""v""><pos>v</pos>
<sense n=""0""> <itype>[B2]</itype><trans> be disfigured by thick pockmarks or large scars.
</trans>
</sense></hom></entry>");
INSERT INTO `wced_head` (entryid, head, normalized_head, type, pos) VALUES (923, "angut", "angut", "s", "av");
INSERT INTO `wced_head` (entryid, head, normalized_head, type, pos) VALUES (923, "ángut", "angut", "s", "av");
INSERT INTO `wced_entry` VALUES (924, "angut2", "45", "<entry page=""45"" id=""924""><form id=""axngut2"" lang=""ceb"">ángut<sub>2</sub></form>
<hom role=""v""><pos>v</pos>
<sense n=""0""> <itype>[A2; c1]</itype><trans> </trans>
</sense>
<sense n=""1""><number>1</number><trans> <tr>last</tr> long. </trans>
<eg><i lang=""ceb"">Makaángut kahà nang nagpinal hangtud matígum ang tanang anak?</i><trans> Can the dying man last until all his children get here? </trans></eg>
<eg><i lang=""ceb"">Iángut (angúta) ang ginamus hangtud tápus búlan,</i><trans> Make the salted fish last until the end of the month. </trans></eg>
</sense>
<sense n=""2""><number>2</number><trans> <tr>persevere</tr>, have strength to endure. </trans>
<eg><i lang=""ceb"">Dì na ku makaángut ug saka sa hagdan,</i><trans> I don’t have the strength to climb the stairs.
</trans></eg>
</sense></hom></entry>");
INSERT INTO `wced_head` (entryid, head, normalized_head, type, pos) VALUES (924, "ángut", "angut", "s", "v");
INSERT INTO `wced_translation` (entryid, translation) VALUES (924, "last");
INSERT INTO `wced_translation` (entryid, translation) VALUES (924, "persevere");
INSERT INTO `wced_entry` VALUES (925, "anha", "45", "<entry page=""45"" id=""925""><form id=""anhaq"" lang=""ceb"">anhà</form>
<hom>
<sense n=""0""><trans> <tr>there</tr>, far from the first person, near the second person; or near s.t. remote in time but just referred to. </trans>
<eg><i lang=""ceb"">Anhà ibutang ang mga mangga,</i><trans> Put the mangoes down near you. </trans></eg>
<eg><i lang=""ceb"">Anhà ra bítaw nà,</i><trans> You’ll get it (lit. it will be there) in good time. </trans></eg>
</sense></hom>
<entry><form id=""anhaq_pa"" lang=""ceb""><abbr expan=""anhà"" type=""lemma"">—</abbr> pa</form>
<hom>
<sense n=""0""><trans> that’s the only time [so-and-so] will happen. </trans>
<eg><i lang=""ceb"">Anhà pa ku makaawtu ug makadaug ku sa swipstik,</i><trans> I could get a car only if I were to win the sweepstakes. </trans></eg>
</sense></hom></entry>
<entry><form id=""anhaq_ku"" lang=""ceb""><abbr expan=""anhà"" type=""lemma"">—</abbr> ku</form>
<hom>
<sense n=""0""><trans> I bet on. </trans>
<eg><i lang=""ceb"">Anhà ku sa putì,</i><trans> I will bet on the white cock. </trans></eg>
</sense></hom>
<hom role=""v""><pos>v</pos>
<sense n=""1""><number>1</number> <itype>[A2; b3c]</itype><trans> go there. </trans>
<eg><i lang=""ceb"">Muanhà ku dihà,</i><trans> I will go there. </trans></eg>
</sense>
<sense n=""2""><number>2</number> <itype>[A13; a2]</itype><trans> go get s.t. </trans>
<eg><i lang=""ceb"">Kinsa may nag-anhà nímu dihà gahápun?</i><trans> Who went to get you yesterday? </trans></eg>
<eg><i lang=""ceb"">Anháun ku nà rung hápun,</i><trans> I will go to your place for it this afternoon. </trans></eg>
</sense></hom></entry>
<entry><form id=""anhaan"" lang=""ceb"">anhaan</form>
<hom role=""v""><pos>v</pos>
<sense n=""0""> <itype>[A13]</itype><trans> habitually go s.w. </trans>
</sense></hom></entry>
<entry><form id=""hianhaq_haanhaq"" lang=""ceb""><abbr expan=""hianhà"" type=""lemma"">hi-</abbr>/<abbr expan=""haanhà"" type=""lemma"">ha-</abbr></form>
<hom role=""v""><pos>v</pos>
<sense n=""0""> <itype>[B1256; b8]</itype><trans> happen to go, be brought. </trans>
<eg><i lang=""ceb"">Nahaanhà sa inyu ang librung ipaari untà nákù,</i><trans> The book which was supposed to be sent to me, wound up in your place. </trans></eg>
</sense></hom></entry>
<entry><form id=""kaanhaun"" lang=""ceb"">kaanhaun</form>
<hom role=""a""><pos>a</pos>
<sense n=""0""><trans> feel like going s.w.
</trans>
</sense></hom></entry></entry>");
INSERT INTO `wced_head` (entryid, head, normalized_head, type, pos) VALUES (925, "anhà", "anha", "m", "");
INSERT INTO `wced_head` (entryid, head, normalized_head, type, pos) VALUES (925, "anhà pa", "anha pa", "s", "");
INSERT INTO `wced_head` (entryid, head, normalized_head, type, pos) VALUES (925, "anhà ku", "anha ku", "s", "v");
INSERT INTO `wced_head` (entryid, head, normalized_head, type, pos) VALUES (925, "anhaan", "anhaan", "s", "v");
INSERT INTO `wced_head` (entryid, head, normalized_head, type, pos) VALUES (925, "hianhà", "hianha", "s", "v");
INSERT INTO `wced_head` (entryid, head, normalized_head, type, pos) VALUES (925, "haanhà", "haanha", "s", "v");
INSERT INTO `wced_head` (entryid, head, normalized_head, type, pos) VALUES (925, "kaanhaun", "kaanhaun", "s", "a");
INSERT INTO `wced_translation` (entryid, translation) VALUES (925, "there");
INSERT INTO `wced_entry` VALUES (926, "anhi", "45", "<entry page=""45"" id=""926""><form id=""anhi"" lang=""ceb"">anhi</form>
<hom>
<sense n=""1""><number>1</number><trans> <tr>here</tr>, in this place. </trans>
<eg><i lang=""ceb"">Anhi ibutang ang síya,</i><trans> Put the chair here. </trans></eg>
</sense>
<sense n=""2""><number>2</number><trans> let’s get to [such-and-such] a matter. </trans>
<eg><i lang=""ceb"">Karun anhi kita báhin sa túbig nga gawíun sa panimalay,</i><trans> Now let’s get to the matter of water for household use. </trans></eg>
</sense></hom>
<hom role=""v""><pos>v</pos>
<sense n=""1""><number>1</number> <itype>[A2; b3c]</itype><trans> come, bring here. </trans>
<eg><i lang=""ceb"">Muanhi ka ba ugmà?</i><trans> Will you come here tomorrow? </trans></eg>
<eg><i lang=""ceb"">Ianhi nà dinhi,</i><trans> Bring it here. </trans></eg>
</sense>
<sense n=""2""><number>2</number> <itype>[A13; a2]</itype><trans> come to get s.t. </trans>
<eg><i lang=""ceb"">Nag-anhi ku sa libru,</i><trans> I came for the book. </trans></eg>
<eg><i lang=""ceb"">Anhíun ta ka rung hápun,</i><trans> I’ll come here to get you this afternoon. </trans></eg>
</sense></hom>
<entry><form id=""anhian"" lang=""ceb"">anhian</form>
<hom role=""v""><pos>v</pos>
<sense n=""0""> <itype>[A13]</itype><trans> habitually go s.w. </trans>
</sense></hom></entry>
<entry><form id=""hianhi_haanhi"" lang=""ceb""><abbr expan=""hianhi"" type=""lemma"">hi-</abbr>/<abbr expan=""haanhi"" type=""lemma"">ha-</abbr></form>
<hom role=""v""><pos>v</pos>
<sense n=""0""> <itype>[B1256; b8]</itype><trans> happen to come, be brought here. </trans>
<eg><i lang=""ceb"">Nahianhi lang mi dinhi sa ámung libutlíbut,</i><trans> In our wandering, we wound up here. </trans></eg>
</sense></hom></entry>
<entry><form id=""kaanhiun"" lang=""ceb"">kaanhiun</form>
<hom role=""a""><pos>a</pos>
<sense n=""0""><trans> feel like coming here.
</trans>
</sense></hom></entry></entry>");
INSERT INTO `wced_head` (entryid, head, normalized_head, type, pos) VALUES (926, "anhi", "anhi", "m", "v");
INSERT INTO `wced_head` (entryid, head, normalized_head, type, pos) VALUES (926, "anhian", "anhian", "s", "v");
INSERT INTO `wced_head` (entryid, head, normalized_head, type, pos) VALUES (926, "hianhi", "hianhi", "s", "v");
INSERT INTO `wced_head` (entryid, head, normalized_head, type, pos) VALUES (926, "haanhi", "haanhi", "s", "v");
INSERT INTO `wced_head` (entryid, head, normalized_head, type, pos) VALUES (926, "kaanhiun", "kaanhiun", "s", "a");
INSERT INTO `wced_translation` (entryid, translation) VALUES (926, "here");
INSERT INTO `wced_entry` VALUES (927, "anhin, anhing", "45", "<entry page=""45"" id=""927""><form id=""anhin_anhing"" lang=""ceb"">anhin, anhing</form>
<hom>
<sense n=""0""><trans> the <tr>late</tr>. </trans>
<eg><i lang=""ceb"">Si anhing Uy,</i><trans> The late Uy. </trans></eg>
</sense></hom>
<hom role=""v""><pos>v</pos>
<sense n=""0""> <itype>[B1256; a12]</itype><trans> be, become <tr>dead</tr>, <tr>kill</tr>. </trans>
<eg><i lang=""ceb"">Anhíngun ta ka run ug magbinúang ka nákù,</i><trans> I will kill you if you make a fool of me.
</trans></eg>
</sense></hom></entry>");
INSERT INTO `wced_head` (entryid, head, normalized_head, type, pos) VALUES (927, "anhin", "anhin", "s", "v");
INSERT INTO `wced_head` (entryid, head, normalized_head, type, pos) VALUES (927, "anhing", "anhing", "s", "v");
INSERT INTO `wced_translation` (entryid, translation) VALUES (927, "late");
INSERT INTO `wced_translation` (entryid, translation) VALUES (927, "dead");
INSERT INTO `wced_translation` (entryid, translation) VALUES (927, "kill");
INSERT INTO `wced_entry` VALUES (928, "anhuy", "45", "<entry page=""45"" id=""928""><form id=""anhuy"" lang=""ceb"">anhuy</form>
<hom role=""a""><pos>a</pos>
<sense n=""0""><trans> smell of boiled starchy foods which have been burnt. </trans>
</sense></hom>
<hom role=""v""><pos>v</pos>
<sense n=""0""> <itype>[BN; a2]</itype><trans> for boiled starchy foods to smell burnt. </trans>
<eg><i lang=""ceb"">Ang kamúti maanhuy ug pahubsan,</i><trans> The sweet potatoes will get a burnt odor if you let the water boil away.
</trans></eg>
</sense></hom></entry>");
INSERT INTO `wced_head` (entryid, head, normalized_head, type, pos) VALUES (928, "anhuy", "anhuy", "m", "av");
INSERT INTO `wced_entry` VALUES (929, "ani", "45", "<entry page=""45"" id=""929""><form id=""axni"" lang=""ceb"">áni</form>
<hom role=""v""><pos>v</pos>
<sense n=""0""> <itype>[A; a12]</itype><trans> </trans>
</sense>
<sense n=""1""><number>1</number><trans> <tr>harvest</tr> (usually rice, but by extension, other crops). </trans>
</sense>
<sense n=""2""><number>2</number><trans> get benefit from s.t. </trans>
<eg><i lang=""ceb"">Way maáni sa ímung pagsúgal,</i><trans> You can get no benefit from your gambling. </trans></eg>
</sense></hom>
<hom role=""n""><pos>n</pos>
<sense n=""0""><trans> harvest. </trans>
<eg><i lang=""ceb"">Dakù mig áni nga humay rung tuíga,</i><trans> We had a big rice harvest this year. </trans></eg>
</sense></hom>
<entry><form id=""inaxni"" lang=""ceb""><abbr expan=""ináni"" type=""lemma"">-in-</abbr></form>
<hom role=""n""><pos>n</pos>
<sense n=""0""><trans> harvested rice or millet.
</trans>
</sense></hom></entry></entry>");
INSERT INTO `wced_head` (entryid, head, normalized_head, type, pos) VALUES (929, "áni", "ani", "m", "vn");
INSERT INTO `wced_head` (entryid, head, normalized_head, type, pos) VALUES (929, "ináni", "inani", "s", "n");
INSERT INTO `wced_translation` (entryid, translation) VALUES (929, "harvest");
INSERT INTO `wced_entry` VALUES (930, "ania", "45", "<entry page=""45"" id=""930""><form id=""anixa"" lang=""ceb"">anía</form>
<hom>
<sense n=""0""><trans> <ix>short form:</ix> <bx>nía</bx> <tr>is here</tr>, where you and I are. </trans>
<eg><i lang=""ceb"">Anía si Pidru sa Sibu,</i><trans> Pedro is here in Cebu. </trans></eg>
<eg><i lang=""ceb"">Aníay dus písus,</i><trans> Here is two pesos. </trans></eg>
<eg><i lang=""ceb"">Mau kanay nía sa ákung hunàhúnà,</i><trans> That is <pb n=""46""/>what is (here) in my mind. </trans></eg>
</sense></hom>
<entry><form id=""anixa_kanaxkuq"" lang=""ceb""><abbr expan=""anía"" type=""lemma"">—</abbr> kanákù</form>
<hom>
<sense n=""1""><number>1</number><trans> I have. </trans>
</sense>
<sense n=""2""><number>2</number><trans> I’m menstruating.
</trans>
</sense></hom></entry></entry>");
INSERT INTO `wced_head` (entryid, head, normalized_head, type, pos) VALUES (930, "anía", "ania", "m", "");
INSERT INTO `wced_head` (entryid, head, normalized_head, type, pos) VALUES (930, "anía kanákù", "ania kanaku", "s", "");
INSERT INTO `wced_translation` (entryid, translation) VALUES (930, "is here");
INSERT INTO `wced_entry` VALUES (931, "aniag", "46", "<entry page=""46"" id=""931""><form id=""aniag"" lang=""ceb"">aniag</form>
<hom>
<sense n=""0""><trans> = <xr lang=""ceb"" target=""#taniag""><sc>taniag</sc></xr>.
</trans>
</sense></hom></entry>");
INSERT INTO `wced_head` (entryid, head, normalized_head, type, pos) VALUES (931, "aniag", "aniag", "m", "");
INSERT INTO `wced_entry` VALUES (932, "anib1", "46", "<entry page=""46"" id=""932""><form id=""axnib"" lang=""ceb"">ánib<sub>1</sub></form>
<hom role=""n""><pos>n</pos>
<sense n=""1""><number>1</number><trans> <tr>chapter</tr> in a book. </trans>
</sense>
<sense n=""2""><number>2</number><trans> a span of time in one’s life. </trans>
<eg><i lang=""ceb"">Ang panahun sa gúbat mauy usa ka maitum nga ánib sa ákung kinabúhì,</i><trans> The war period was a dark chapter in my life.
</trans></eg>
</sense></hom></entry>");
INSERT INTO `wced_head` (entryid, head, normalized_head, type, pos) VALUES (932, "ánib", "anib", "s", "n");
INSERT INTO `wced_translation` (entryid, translation) VALUES (932, "chapter");
INSERT INTO `wced_entry` VALUES (933, "*anib2", "46", "<entry page=""46"" id=""933""><form id=""xxaxnib2"" lang=""ceb"">*ánib<sub>2</sub></form>
<entry><form id=""kaaxnib"" lang=""ceb""><abbr expan=""kaánib"" type=""lemma"">ka-</abbr></form>
<hom>
<sense n=""0""><trans> <tr>allies</tr>. </trans>
<eg><i lang=""ceb"">Ang mga huk kaánib sa mga kumunista,</i><trans> The Huks are allies of the Communists. </trans></eg>
</sense></hom>
<hom role=""v""><pos>v</pos>
<sense n=""0""> <itype>[C2; c]</itype><trans> be allies.
</trans>
</sense></hom></entry></entry>");
INSERT INTO `wced_head` (entryid, head, normalized_head, type, pos) VALUES (933, "ánib", "anib", "s", "");
INSERT INTO `wced_head` (entryid, head, normalized_head, type, pos) VALUES (933, "kaánib", "kaanib", "s", "v");
INSERT INTO `wced_translation` (entryid, translation) VALUES (933, "allies");
INSERT INTO `wced_entry` VALUES (934, "anibal", "46", "<entry page=""46"" id=""934""><form id=""anixbal"" lang=""ceb"">aníbal</form>
<hom role=""n""><pos>n</pos>
<sense n=""0""><trans> <tr>syrup</tr>. </trans>
</sense></hom>
<hom role=""v""><pos>v</pos>
<sense n=""0""> <itype>[A; a1]</itype><trans> make, have syrup.
</trans>
</sense></hom></entry>");
INSERT INTO `wced_head` (entryid, head, normalized_head, type, pos) VALUES (934, "aníbal", "anibal", "m", "nv");
INSERT INTO `wced_translation` (entryid, translation) VALUES (934, "syrup");
INSERT INTO `wced_entry` VALUES (935, "anibirsaryu", "46", "<entry page=""46"" id=""935""><form id=""anibirsaryu"" lang=""ceb"">anibirsaryu</form>
<hom role=""n""><pos>n</pos>
<sense n=""0""><trans> <tr>anniversary</tr>. </trans>
</sense></hom>
<hom role=""v""><pos>v</pos>
<sense n=""0""> <itype>[A; b6]</itype><trans> celebrate one’s anniversary. </trans>
<eg><i lang=""ceb"">Anibirsaryúhan giyud níla ang pitsa sa kasal,</i><trans> They will celebrate their wedding anniversary.
</trans></eg>
</sense></hom></entry>");
INSERT INTO `wced_head` (entryid, head, normalized_head, type, pos) VALUES (935, "anibirsaryu", "anibirsaryu", "m", "nv");
INSERT INTO `wced_translation` (entryid, translation) VALUES (935, "anniversary");
INSERT INTO `wced_entry` VALUES (936, "anibung", "46", "<entry page=""46"" id=""936""><form id=""anixbung"" lang=""ceb"">aníbung</form>
<hom role=""n""><pos>n</pos>
<sense n=""0""><trans> <tr>fishtail palm</tr>: <bio>Caryota spp</bio>. It is found in forests and used as flooring.
</trans>
</sense></hom></entry>");
INSERT INTO `wced_head` (entryid, head, normalized_head, type, pos) VALUES (936, "aníbung", "anibung", "m", "n");
INSERT INTO `wced_translation` (entryid, translation) VALUES (936, "fishtail palm");
INSERT INTO `wced_entry` VALUES (937, "anig-ig", "46", "<entry page=""46"" id=""937""><form id=""anig-ig"" lang=""ceb"">anig-ig</form>
<hom role=""v""><pos>v</pos>
<sense n=""0""> <itype>[B46]</itype><trans> for a stream to flow <tr>slowly</tr> and <tr>gently</tr>. </trans>
<eg><i lang=""ceb"">Nag-anig-ig ang sapà kay taudtaud na mang way ulan,</i><trans> The brook is flowing slowly and gently because it has not rained for some time.
</trans></eg>
</sense></hom></entry>");
INSERT INTO `wced_head` (entryid, head, normalized_head, type, pos) VALUES (937, "anig-ig", "anig-ig", "m", "v");
INSERT INTO `wced_translation` (entryid, translation) VALUES (937, "slowly");
INSERT INTO `wced_translation` (entryid, translation) VALUES (937, "gently");
INSERT INTO `wced_entry` VALUES (938, "anihag", "46", "<entry page=""46"" id=""938""><form id=""anixhag"" lang=""ceb"">aníhag</form>
<hom>
<sense n=""0""><trans> (from <ix>síhag</ix>) </trans>
</sense></hom>
<hom role=""v""><pos>v</pos>
<sense n=""1""><number>1</number> <itype>[A; c1]</itype><trans> <tr>peer</tr> or <tr>look</tr> through s.t. transparent. </trans>
<eg><i lang=""ceb"">Dihay mianihag (nag-anihag) sa bildung takup,</i><trans> S.o. peered through the glass shutter. </trans></eg>
</sense>
<sense n=""2""><number>2</number> <itype>[B26]</itype><trans> be clearly visible through s.t. transparent. </trans>
<eg><i lang=""ceb"">Muanihag ang mga isdà kun tin-aw ang túbig,</i><trans> You can see the fish clearly when the water is clear. </trans></eg>
<eg><i lang=""ceb"">Maanihag ang íyang láwas sa nipis nga sinínà,</i><trans> Her body showed through her flimsy dress. </trans></eg>
</sense>
<sense n=""3""><number>3</number> <itype>[B]</itype><trans> become clear or transparent. </trans>
<eg><i lang=""ceb"">Muanihag (maanihag) ang bildu kun trapúhan,</i><trans> The glass will become transparent if you wipe it. </trans></eg>
</sense>
<sense n=""4""><number>4</number> <itype>[B4N]</itype><trans> become <tr>bright</tr> and <tr>clear</tr>. </trans>
<eg><i lang=""ceb"">Mianihag (nanganihag) na ang kadaúgan sa kandidátu,</i><trans> The candidate’s victory is already clear. </trans></eg>
<eg><i lang=""ceb"">Nagkaanihag na ang lángit,</i><trans> The sky is getting clearer. </trans></eg>
</sense></hom>
<hom role=""n""><pos>n</pos>
<sense n=""0""><trans> <tr>crystal ball</tr>.
</trans>
</sense></hom></entry>");
INSERT INTO `wced_head` (entryid, head, normalized_head, type, pos) VALUES (938, "aníhag", "anihag", "m", "vn");
INSERT INTO `wced_translation` (entryid, translation) VALUES (938, "peer");
INSERT INTO `wced_translation` (entryid, translation) VALUES (938, "look");
INSERT INTO `wced_translation` (entryid, translation) VALUES (938, "bright");
INSERT INTO `wced_translation` (entryid, translation) VALUES (938, "clear");
INSERT INTO `wced_translation` (entryid, translation) VALUES (938, "crystal ball");
INSERT INTO `wced_entry` VALUES (939, "anii", "46", "<entry page=""46"" id=""939""><form id=""anii"" lang=""ceb"">anii</form>
<hom role=""n""><pos>n</pos>
<sense n=""0""><trans> shade <tr>tree</tr>: <bio>Erythrina fusca</bio>.
</trans>
</sense></hom></entry>");
INSERT INTO `wced_head` (entryid, head, normalized_head, type, pos) VALUES (939, "anii", "anii", "m", "n");
INSERT INTO `wced_translation` (entryid, translation) VALUES (939, "tree");
INSERT INTO `wced_entry` VALUES (940, "anikad", "46", "<entry page=""46"" id=""940""><form id=""anikad"" lang=""ceb"">anikad</form>
<hom>
<sense n=""0""><trans> = <xr lang=""ceb"" target=""#aninikad""><sc>aninikad</sc></xr>.
</trans>
</sense></hom></entry>");
INSERT INTO `wced_head` (entryid, head, normalized_head, type, pos) VALUES (940, "anikad", "anikad", "m", "");
INSERT INTO `wced_entry` VALUES (941, "anilaw", "46", "<entry page=""46"" id=""941""><form id=""anixlaw"" lang=""ceb"">anílaw</form>
<hom role=""n""><pos>n</pos>
<sense n=""0""><trans> name given to trees of the genera <bio>Columbia</bio> and <bio>Grewia</bio>. The <ix>anílaw</ix> are small trees or shrubs found in second growth forests.
</trans>
</sense></hom></entry>");
INSERT INTO `wced_head` (entryid, head, normalized_head, type, pos) VALUES (941, "anílaw", "anilaw", "m", "n");
INSERT INTO `wced_entry` VALUES (942, "anilyu", "46", "<entry page=""46"" id=""942""><form id=""anilyu"" lang=""ceb"">anilyu</form>
<hom role=""n""><pos>n</pos>
<sense n=""1""><number>1</number><trans> <tr>game</tr> in which a number of one-inch rattan or metal rings with ribbons are suspended at a height within reach of a player riding a bicycle. The contestants speed towards them holding a dart, trying to hook a ring with it. </trans>
</sense>
<sense n=""2""><number>2</number><trans> the ring used in such a game. </trans>
</sense></hom>
<hom role=""v""><pos>v</pos>
<sense n=""0""> <itype>[A13; b6]</itype><trans> play <ix>anilyu</ix>.
</trans>
</sense></hom></entry>");
INSERT INTO `wced_head` (entryid, head, normalized_head, type, pos) VALUES (942, "anilyu", "anilyu", "m", "nv");
INSERT INTO `wced_translation` (entryid, translation) VALUES (942, "game");
INSERT INTO `wced_entry` VALUES (943, "animal", "46", "<entry page=""46"" id=""943""><form id=""animal"" lang=""ceb"">animal</form>
<hom role=""n""><pos>n</pos>
<sense n=""0""><trans> <tr>vile</tr>, <tr>brutal</tr> person. </trans>
<eg><i lang=""ceb"">Buhíi ku, animal!</i><trans> Let me go, you beast! </trans></eg>
</sense></hom>
<hom role=""v""><pos>v</pos>
<sense n=""0""> <itype>[B]</itype><trans> become a vile person.
</trans>
</sense></hom></entry>");
INSERT INTO `wced_head` (entryid, head, normalized_head, type, pos) VALUES (943, "animal", "animal", "m", "nv");
INSERT INTO `wced_translation` (entryid, translation) VALUES (943, "vile");
INSERT INTO `wced_translation` (entryid, translation) VALUES (943, "brutal");
INSERT INTO `wced_entry` VALUES (944, "animar", "46", "<entry page=""46"" id=""944""><form id=""animar"" lang=""ceb"">animar</form>
<hom role=""v""><pos>v</pos>
<sense n=""0""> <itype>[A; b5]</itype><trans> <tr>encourage</tr>. </trans>
<eg><i lang=""ceb"">Ikaw giyuy nag-animar níla sa binúang,</i><trans> You encouraged them to be naughty. </trans></eg>
<eg><i lang=""ceb"">Akù siyang gianimar (gianimahan) sa pagpaninda,</i><trans> I encouraged her to open a small store.
</trans></eg>
</sense></hom></entry>");
INSERT INTO `wced_head` (entryid, head, normalized_head, type, pos) VALUES (944, "animar", "animar", "m", "v");
INSERT INTO `wced_translation` (entryid, translation) VALUES (944, "encourage");
INSERT INTO `wced_entry` VALUES (945, "animas", "46", "<entry page=""46"" id=""945""><form id=""animas"" lang=""ceb"">animas</form>
<hom role=""a""><pos>a</pos>
<sense n=""1""><number>1</number><trans> for a person to be <tr>emaciated</tr> and <tr>ugly</tr> in appearance. </trans>
<eg><i lang=""ceb"">Pagkasakit níya sa tísis, daut siya kaáyu daw animas,</i><trans> When he got sick with <asc>TB</asc> he became thin, like a skeleton. </trans></eg>
</sense>
<sense n=""2""><number>2</number><trans> <ix>term of reproach:</ix> You <tr>beast</tr>! </trans>
<eg><i lang=""ceb"">Paháwà dihà animása ka!</i><trans> Get out of there, you beast, you! </trans></eg>
</sense></hom>
<entry><form id=""panganimas"" lang=""ceb""><abbr expan=""panganimas"" type=""lemma"">paN-</abbr></form>
<hom role=""v""><pos>v</pos>
<sense n=""0""> <itype>[A2; b6(1)]</itype><trans> say a prayer for the dead when the church bells ring at eight o’clock in the evening.
</trans>
</sense></hom></entry></entry>");
INSERT INTO `wced_head` (entryid, head, normalized_head, type, pos) VALUES (945, "animas", "animas", "m", "a");
INSERT INTO `wced_head` (entryid, head, normalized_head, type, pos) VALUES (945, "panganimas", "panganimas", "s", "v");
INSERT INTO `wced_translation` (entryid, translation) VALUES (945, "emaciated");
INSERT INTO `wced_translation` (entryid, translation) VALUES (945, "ugly");
INSERT INTO `wced_translation` (entryid, translation) VALUES (945, "beast");
INSERT INTO `wced_entry` VALUES (946, "animasiyun", "46", "<entry page=""46"" id=""946""><form id=""animasiyun"" lang=""ceb"">animasiyun</form>
<hom role=""n""><pos>n</pos>
<sense n=""0""><trans> <tr>animation</tr>.
</trans>
</sense></hom></entry>");
INSERT INTO `wced_head` (entryid, head, normalized_head, type, pos) VALUES (946, "animasiyun", "animasiyun", "m", "n");
INSERT INTO `wced_translation` (entryid, translation) VALUES (946, "animation");
INSERT INTO `wced_entry` VALUES (947, "animik, animiku", "46", "<entry page=""46"" id=""947""><form id=""anixmik_animiku"" lang=""ceb"">anímik, animiku</form>
<hom role=""n""><pos>n</pos>
<sense n=""0""><trans> <tr>anemic</tr>. </trans>
</sense></hom>
<hom role=""v""><pos>v</pos>
<sense n=""0""> <itype>[B]</itype><trans> become anemic.
</trans>
</sense></hom></entry>");
INSERT INTO `wced_head` (entryid, head, normalized_head, type, pos) VALUES (947, "anímik", "animik", "s", "nv");
INSERT INTO `wced_head` (entryid, head, normalized_head, type, pos) VALUES (947, "animiku", "animiku", "s", "nv");
INSERT INTO `wced_translation` (entryid, translation) VALUES (947, "anemic");
INSERT INTO `wced_entry` VALUES (948, "animu", "46", "<entry page=""46"" id=""948""><form id=""animu"" lang=""ceb"">animu</form>
<hom role=""n""><pos>n</pos>
<sense n=""0""><trans> <tr>consciousness</tr>, <tr>awareness</tr>. </trans>
<eg><i lang=""ceb"">Nawad-an siya sa animu,</i><trans> She lost consciousness. </trans></eg>
<eg><i lang=""ceb"">Walà intáwuy animu ang bána sa gibúhat sa asáwa,</i><trans> The husband has no idea of what his wife is doing.
</trans></eg>
</sense></hom></entry>");
INSERT INTO `wced_head` (entryid, head, normalized_head, type, pos) VALUES (948, "animu", "animu", "m", "n");
INSERT INTO `wced_translation` (entryid, translation) VALUES (948, "consciousness");
INSERT INTO `wced_translation` (entryid, translation) VALUES (948, "awareness");
INSERT INTO `wced_entry` VALUES (949, "animya", "46", "<entry page=""46"" id=""949""><form id=""animya"" lang=""ceb"">animya</form>
<hom role=""n""><pos>n</pos>
<sense n=""0""><trans> <tr>anemia</tr>. </trans>
</sense></hom>
<hom role=""v""><pos>v</pos>
<sense n=""0""> <itype>[a4]</itype><trans> get anemia. </trans>
<eg><i lang=""ceb"">Káun ug atay arun dílì ka animyáhun,</i><trans> Eat liver so you won’t get anemia.
</trans></eg>
</sense></hom></entry>");
INSERT INTO `wced_head` (entryid, head, normalized_head, type, pos) VALUES (949, "animya", "animya", "m", "nv");
INSERT INTO `wced_translation` (entryid, translation) VALUES (949, "anemia");
INSERT INTO `wced_entry` VALUES (950, "aninag", "46", "<entry page=""46"" id=""950""><form id=""anixnag"" lang=""ceb"">anínag</form>
<hom role=""v""><pos>v</pos>
<sense n=""0""> <itype>[BN; b6]</itype><trans> <tr>become visible</tr>. </trans>
<eg><i lang=""ceb"">Mianínag ang usa ka hanap nga pahíyum sa íyang mga ngábil,</i><trans> A faint smile appeared on her lips. </trans></eg>
<eg><i lang=""ceb"">Wà pa manganínag ang adlaw,</i><trans> The sun had not yet appeared. </trans></eg>
<eg><i lang=""ceb"">Ang íyang nawung naaninágan sa ispat,</i><trans> Her face appeared in the rays of the flashlight.
</trans></eg>
</sense></hom></entry>");
INSERT INTO `wced_head` (entryid, head, normalized_head, type, pos) VALUES (950, "anínag", "aninag", "m", "v");
INSERT INTO `wced_translation` (entryid, translation) VALUES (950, "become visible");
INSERT INTO `wced_entry` VALUES (951, "aninaw", "46", "<entry page=""46"" id=""951""><form id=""anixnaw"" lang=""ceb"">anínaw</form>
<hom role=""v""><pos>v</pos>
<sense n=""1""><number>1</number> <itype>[A; a12]</itype><trans> <tr>observe</tr> carefully. </trans>
<eg><i lang=""ceb"">Gianínaw níya kun natúlug na ba ang tanan únà manáug,</i><trans> She looked carefully to see, listened carefully to hear, if everybody was asleep before going out. </trans></eg>
</sense>
<sense n=""2""><number>2</number> <itype>[A12; a3]</itype><trans> come to sense s.t. </trans>
<eg><i lang=""ceb"">Samtang natagpilaw siya, nakaanínaw siyag kasíkas sa píkas lawak,</i><trans> As he was dozing off to sleep, he noticed a rustling sound in the next room. </trans></eg>
<eg><i lang=""ceb"">Naanínaw ku nga buntag na diay,</i><trans> I became aware that it was already morning. </trans></eg>
</sense></hom>
<hom role=""n""><pos>n</pos>
<sense n=""0""><trans> <tr>observation</tr>. </trans>
<eg><i lang=""ceb"">Sa ákung anínaw wà siyay gustu nímu,</i><trans> I notice that she doesn’t like you.

</trans></eg>
</sense></hom></entry>");
INSERT INTO `wced_head` (entryid, head, normalized_head, type, pos) VALUES (951, "anínaw", "aninaw", "m", "vn");
INSERT INTO `wced_translation` (entryid, translation) VALUES (951, "observe");
INSERT INTO `wced_translation` (entryid, translation) VALUES (951, "observation");
INSERT INTO `wced_entry` VALUES (952, "anindut", "46", "<entry page=""46"" id=""952""><form id=""anindut"" lang=""ceb"">anindut</form>
<hom>
<sense n=""0""><trans> <ix>short form:</ix> <bx>nindut</bx> </trans>
</sense></hom>
<hom role=""a""><pos>a</pos>
<sense n=""0""><trans> <tr>nice</tr>, <tr>beautiful</tr>. </trans>
<eg><i lang=""ceb"">Nindut ímung bistídu,</i><trans> You have a beautiful dress on. </trans></eg>
<eg><i lang=""ceb"">Kanindut sa pagkáun,</i><trans> What nice food! </trans></eg>
</sense></hom>
<entry><form id=""anindut_nixmu_aq"" lang=""ceb""><abbr expan=""anindut"" type=""lemma"">—</abbr> nímu à</form>
<hom>
<sense n=""0""><trans> sarcastic expression of disapproval. </trans>
<eg><i lang=""ceb"">Nindut nímu à, ímung gilingkúran ang ákung kálù!</i><trans> How nice of you to sit on my hat! </trans></eg>
</sense></hom>
<hom role=""v""><pos>v</pos>
<sense n=""0""> <itype>[APB; a2]</itype><trans> become, make s.t. beautiful. </trans>
<eg><i lang=""ceb"">Kinsay munindut (mupanindut) sa intabládu?</i><trans> Who will beautify the stage? </trans></eg>
<eg><i lang=""ceb"">Nindúta ang ímung diskursu,</i><trans> Make your talk fancy. </trans></eg>
</sense></hom></entry>
<entry><form id=""maanindut"" lang=""ceb""><abbr expan=""maanindut"" type=""lemma"">ma-</abbr></form>
<hom role=""a""><pos>a</pos>
<sense n=""0""><trans> <tr>nice</tr>, <tr>beautiful</tr>.
</trans>
</sense></hom></entry></entry>");
INSERT INTO `wced_head` (entryid, head, normalized_head, type, pos) VALUES (952, "anindut", "anindut", "m", "a");
INSERT INTO `wced_head` (entryid, head, normalized_head, type, pos) VALUES (952, "anindut nímu à", "anindut nimu a", "s", "v");
INSERT INTO `wced_head` (entryid, head, normalized_head, type, pos) VALUES (952, "maanindut", "maanindut", "s", "a");
INSERT INTO `wced_translation` (entryid, translation) VALUES (952, "nice");
INSERT INTO `wced_translation` (entryid, translation) VALUES (952, "beautiful");
INSERT INTO `wced_entry` VALUES (953, "aninikad", "46", "<entry page=""46"" id=""953""><form id=""aninikad"" lang=""ceb"">aninikad</form>
<hom>
<sense n=""0""><trans> (from <ix>síkad</ix>) </trans>
</sense></hom>
<hom role=""n""><pos>n</pos>
<sense n=""0""><trans> k.o. edible small <tr>conch</tr> which moves forward with a kicking-like <pb n=""47""/>motion.
</trans>
</sense></hom></entry>");
INSERT INTO `wced_head` (entryid, head, normalized_head, type, pos) VALUES (953, "aninikad", "aninikad", "m", "n");
INSERT INTO `wced_translation` (entryid, translation) VALUES (953, "conch");
INSERT INTO `wced_entry` VALUES (954, "aniningsing", "47", "<entry page=""47"" id=""954""><form id=""aniningsing"" lang=""ceb"">aniningsing</form>
<hom>
<sense n=""0""><trans> (from <ix>singsing</ix>) </trans>
</sense></hom>
<hom role=""n""><pos>n</pos>
<sense n=""0""><trans> <tr>ring finger</tr>.
</trans>
</sense></hom></entry>");
INSERT INTO `wced_head` (entryid, head, normalized_head, type, pos) VALUES (954, "aniningsing", "aniningsing", "m", "n");
INSERT INTO `wced_translation` (entryid, translation) VALUES (954, "ring finger");
INSERT INTO `wced_entry` VALUES (955, "aniniput", "47", "<entry page=""47"" id=""955""><form id=""aninixput"" lang=""ceb"">aniníput</form>
<hom>
<sense n=""0""><trans> (from <ix>kíput</ix>) </trans>
</sense></hom>
<hom role=""n""><pos>n</pos>
<sense n=""0""><trans> <tr>firefly</tr>. </trans>
<eg><i lang=""ceb"">Makaiksplikar ka ngánung musíga ang aniníput?</i><trans> Can you explain why the firefly lights up? </trans></eg>
</sense></hom>
<entry><form id=""kitaq_ug_aninixput"" lang=""ceb"">kità ug <abbr expan=""aniníput"" type=""lemma"">—</abbr></form>
<hom>
<sense n=""0""><trans> <tr>see stars</tr>. </trans>
<eg><i lang=""ceb"">Suntuk nga nakapakakità nákug aniníput,</i><trans> A blow that made me see stars. </trans></eg>
</sense></hom></entry>
<entry><form id=""panganinixput"" lang=""ceb""><abbr expan=""panganiníput"" type=""lemma"">paN-</abbr></form>
<hom role=""v""><pos>v</pos>
<sense n=""0""> <itype>[A23]</itype><trans> see stars. </trans>
<eg><i lang=""ceb"">Nanganiníput ákung panan-aw sa nasumbagan ku níya,</i><trans> I saw stars (lit. fireflies formed in my sight) when he struck me.
</trans></eg>
</sense></hom></entry></entry>");
INSERT INTO `wced_head` (entryid, head, normalized_head, type, pos) VALUES (955, "aniníput", "aniniput", "m", "n");
INSERT INTO `wced_head` (entryid, head, normalized_head, type, pos) VALUES (955, "kità ug aniníput", "kita ug aniniput", "s", "");
INSERT INTO `wced_head` (entryid, head, normalized_head, type, pos) VALUES (955, "panganiníput", "panganiniput", "s", "v");
INSERT INTO `wced_translation` (entryid, translation) VALUES (955, "firefly");
INSERT INTO `wced_translation` (entryid, translation) VALUES (955, "see stars");
INSERT INTO `wced_entry` VALUES (956, "aninu", "47", "<entry page=""47"" id=""956""><form id=""anixnu"" lang=""ceb"">anínu</form>
<hom role=""n""><pos>n</pos>
<sense n=""0""><trans> <tr>shadow</tr>. </trans>
</sense></hom>
<entry><form id=""dakuq_ug_anixnu"" lang=""ceb"">dakù ug <abbr expan=""anínu"" type=""lemma"">—</abbr></form>
<hom>
<sense n=""0""><trans> <tr>important, prominent person</tr>. </trans>
</sense></hom>
<hom role=""v""><pos>v</pos>
<sense n=""0""> <itype>[A; a2]</itype><trans> cast a shadow on. </trans>
<eg><i lang=""ceb"">Muanínu ang káhuy sa tanáman,</i><trans> The tree will cast a shadow on the garden. </trans></eg>
</sense></hom></entry>
<entry><form id=""panganixnu"" lang=""ceb""><abbr expan=""panganínu"" type=""lemma"">paN-</abbr></form>
<hom role=""v""><pos>v</pos>
<sense n=""0""> <itype>[A2]</itype><trans> reflect a certain feeling, for a feeling to reflect itself. </trans>
<eg><i lang=""ceb"">Nanganínu ang kamatáyun sa íyang panagway (sa kamatáyun ang íyang panagway),</i><trans> Her face showed that she was a dying woman.
</trans></eg>
</sense></hom></entry></entry>");
INSERT INTO `wced_head` (entryid, head, normalized_head, type, pos) VALUES (956, "anínu", "aninu", "m", "n");
INSERT INTO `wced_head` (entryid, head, normalized_head, type, pos) VALUES (956, "dakù ug anínu", "daku ug aninu", "s", "v");
INSERT INTO `wced_head` (entryid, head, normalized_head, type, pos) VALUES (956, "panganínu", "panganinu", "s", "v");
INSERT INTO `wced_translation` (entryid, translation) VALUES (956, "shadow");
INSERT INTO `wced_translation` (entryid, translation) VALUES (956, "important");
INSERT INTO `wced_translation` (entryid, translation) VALUES (956, "prominent person");
INSERT INTO `wced_entry` VALUES (957, "anipay", "47", "<entry page=""47"" id=""957""><form id=""anipay"" lang=""ceb"">anipay</form>
<hom role=""n""><pos>n</pos>
<sense n=""0""><trans> k.o. <tr>vine</tr> producing oval pods covered with irritating hairs: <bio>Mucuna nigricans</bio>.
</trans>
</sense></hom></entry>");
INSERT INTO `wced_head` (entryid, head, normalized_head, type, pos) VALUES (957, "anipay", "anipay", "m", "n");
INSERT INTO `wced_translation` (entryid, translation) VALUES (957, "vine");
INSERT INTO `wced_entry` VALUES (958, "anis", "47", "<entry page=""47"" id=""958""><form id=""anis"" lang=""ceb"">anis</form>
<hom role=""n""><pos>n</pos>
<sense n=""0""><trans> <tr>fennel</tr>. </trans>
</sense></hom>
<hom role=""v""><pos>v</pos>
<sense n=""0""> <itype>[B6]</itype><trans> cook s.t. with fennel. </trans>
</sense></hom>
<entry><form id=""anisaxdu"" lang=""ceb""><abbr expan=""anisádu"" type=""lemma"">-ádu</abbr></form>
<hom role=""n""><pos>n</pos>
<sense n=""0""><trans> flavored with fennel. </trans>
</sense></hom>
<hom role=""v""><pos>v</pos>
<sense n=""0""> <itype>[a12]</itype><trans> flavor s.t. with fennel.
</trans>
</sense></hom></entry></entry>");
INSERT INTO `wced_head` (entryid, head, normalized_head, type, pos) VALUES (958, "anis", "anis", "m", "nv");
INSERT INTO `wced_head` (entryid, head, normalized_head, type, pos) VALUES (958, "anisádu", "anisadu", "s", "nv");
INSERT INTO `wced_translation` (entryid, translation) VALUES (958, "fennel");
INSERT INTO `wced_entry` VALUES (959, "anis, anist", "47", "<entry page=""47"" id=""959""><form id=""axnis_axnist"" lang=""ceb"">ánis, ánist</form>
<hom role=""a""><pos>a</pos>
<sense n=""1""><number>1</number><trans> <tr>honest</tr>. </trans>
</sense>
<sense n=""2""><number>2</number><trans> <tr>in earnest</tr>. </trans>
<eg><i lang=""ceb"">Ánis ka, way klási?</i><trans> You’re not kidding me, are you? There’s no classes today? </trans></eg>
</sense></hom>
<hom role=""v""><pos>v</pos>
<sense n=""0""> <itype>[B12]</itype><trans> be honest. </trans>
<eg><i lang=""ceb"">Maánist man lang nà siya ug arayan ug bunal,</i><trans> He is honest only when they show him the whip. </trans></eg>
</sense></hom>
<entry><form id=""anisay"" lang=""ceb"">anisay</form>
<hom role=""v""><pos>v</pos>
<sense n=""0""> <itype>[A13]</itype><trans> play without a referee, agreeing to call the points honestly. </trans>
<eg><i lang=""ceb"">Mag-anisay lang ta kay wà may muripiri,</i><trans> We’ll just play honestly since there’s no referee. </trans></eg>
</sense></hom>
<hom role=""n""><pos>n</pos>
<sense n=""0""><trans> playing without referee.
</trans>
</sense></hom></entry></entry>");
INSERT INTO `wced_head` (entryid, head, normalized_head, type, pos) VALUES (959, "ánis", "anis", "s", "av");
INSERT INTO `wced_head` (entryid, head, normalized_head, type, pos) VALUES (959, "ánist", "anist", "s", "av");
INSERT INTO `wced_head` (entryid, head, normalized_head, type, pos) VALUES (959, "anisay", "anisay", "s", "vn");
INSERT INTO `wced_translation` (entryid, translation) VALUES (959, "honest");
INSERT INTO `wced_translation` (entryid, translation) VALUES (959, "in earnest");
INSERT INTO `wced_entry` VALUES (960, "anis-is", "47", "<entry page=""47"" id=""960""><form id=""anis-is"" lang=""ceb"">anis-is</form>
<hom role=""a""><pos>a</pos>
<sense n=""0""><trans> immaculately <tr>white</tr> and <tr>smooth</tr>. </trans>
<eg><i lang=""ceb"">Anis-is nga pamánit,</i><trans> Smooth, fair complexion. </trans></eg>
<eg><i lang=""ceb"">Anis-is ang lángit,</i><trans> The sky is smooth and white. </trans></eg>
</sense></hom>
<hom role=""v""><pos>v</pos>
<sense n=""0""> <itype>[B]</itype><trans> become, make smooth and white. </trans>
<eg><i lang=""ceb"">Muanis-is ang bisting putig labhag Tayid,</i><trans> White clothing becomes immaculate if you wash it with Tide.
</trans></eg>
</sense></hom></entry>");
INSERT INTO `wced_head` (entryid, head, normalized_head, type, pos) VALUES (960, "anis-is", "anis-is", "m", "av");
INSERT INTO `wced_translation` (entryid, translation) VALUES (960, "white");
INSERT INTO `wced_translation` (entryid, translation) VALUES (960, "smooth");
INSERT INTO `wced_entry` VALUES (961, "anislag", "47", "<entry page=""47"" id=""961""><form id=""anislag"" lang=""ceb"">anislag</form>
<hom role=""n""><pos>n</pos>
<sense n=""0""><trans> k.o. <tr>shrub</tr> or small tree used for firewood: <bio>Securinaga flexuosa</bio>.†
</trans>
</sense></hom></entry>");
INSERT INTO `wced_head` (entryid, head, normalized_head, type, pos) VALUES (961, "anislag", "anislag", "m", "n");
INSERT INTO `wced_translation` (entryid, translation) VALUES (961, "shrub");
INSERT INTO `wced_entry` VALUES (962, "anistisya", "47", "<entry page=""47"" id=""962""><form id=""anistisya"" lang=""ceb"">anistisya</form>
<hom role=""n""><pos>n</pos>
<sense n=""0""><trans> <tr>anesthesia</tr>. </trans>
</sense></hom>
<hom role=""v""><pos>v</pos>
<sense n=""0""> <itype>[A; a12]</itype><trans> <tr>anesthetize</tr>. </trans>
<eg><i lang=""ceb"">Parabir ka upirahan, anistisyáhun úsà ka,</i><trans> Before you are operated, you will be anesthetized.
</trans></eg>
</sense></hom></entry>");
INSERT INTO `wced_head` (entryid, head, normalized_head, type, pos) VALUES (962, "anistisya", "anistisya", "m", "nv");
INSERT INTO `wced_translation` (entryid, translation) VALUES (962, "anesthesia");
INSERT INTO `wced_translation` (entryid, translation) VALUES (962, "anesthetize");
INSERT INTO `wced_entry` VALUES (963, "anit", "47", "<entry page=""47"" id=""963""><form id=""axnit"" lang=""ceb"">ánit</form>
<hom role=""n""><pos>n</pos>
<sense n=""0""><trans> <tr>leather</tr>. </trans>
<eg><i lang=""ceb"">Ang bag nga ánit mas lig-un kay sa plastik,</i><trans> A bag made of leather is much stronger than one of plastic. </trans></eg>
</sense></hom>
<hom role=""v""><pos>v</pos>
<sense n=""0""> <itype>[A; b]</itype><trans> remove the skin, peels.†
</trans>
</sense></hom></entry>");
INSERT INTO `wced_head` (entryid, head, normalized_head, type, pos) VALUES (963, "ánit", "anit", "m", "nv");
INSERT INTO `wced_translation` (entryid, translation) VALUES (963, "leather");
INSERT INTO `wced_entry` VALUES (964, "anitu", "47", "<entry page=""47"" id=""964""><form id=""anixtu"" lang=""ceb"">anítu</form>
<hom role=""n""><pos>n</pos>
<sense n=""0""><trans> supernatural beings which do not show themselves and do good to people. </trans>
<eg><i lang=""ceb"">Ang mga anítu mag-uban kanímu sa inyung pánaw,</i><trans> May the good spirits accompany you in your trip!
</trans></eg>
</sense></hom></entry>");
INSERT INTO `wced_head` (entryid, head, normalized_head, type, pos) VALUES (964, "anítu", "anitu", "m", "n");
INSERT INTO `wced_entry` VALUES (965, "aniyu", "47", "<entry page=""47"" id=""965""><form id=""anixyu"" lang=""ceb"">aníyu</form>
<hom role=""n""><pos>n</pos>
<sense n=""0""><trans> the short rope passed through the nose of a carabao to which the tether rope is joined. </trans>
</sense></hom>
<hom role=""v""><pos>v</pos>
<sense n=""0""> <itype>[A; b]</itype><trans> put an <ix>aníyu,</ix> use as an <ix>aníyu.</ix>
</trans>
</sense></hom></entry>");
INSERT INTO `wced_head` (entryid, head, normalized_head, type, pos) VALUES (965, "aníyu", "aniyu", "m", "nv");
INSERT INTO `wced_entry` VALUES (966, "anlit", "47", "<entry page=""47"" id=""966""><form id=""anlit"" lang=""ceb"">anlit</form>
<hom role=""n""><pos>n</pos>
<sense n=""0""><trans> = <xr lang=""ceb"" target=""#anglit""><sc>anglit</sc></xr>.
</trans>
</sense></hom></entry>");
INSERT INTO `wced_head` (entryid, head, normalized_head, type, pos) VALUES (966, "anlit", "anlit", "m", "n");
INSERT INTO `wced_entry` VALUES (967, "ansir", "47", "<entry page=""47"" id=""967""><form id=""ansir"" lang=""ceb"">ansir</form>
<hom role=""n""><pos>n</pos>
<sense n=""0""><trans> <tr>answer</tr>. </trans>
</sense></hom>
<hom role=""v""><pos>v</pos>
<sense n=""0""> <itype>[A; c]</itype><trans> answer a letter, question, problem. </trans>
<eg><i lang=""ceb"">Ansíran ku na ba nang sulat?</i><trans> Shall I answer that letter? </trans></eg>
<eg><i lang=""ceb"">Unsay ákung iansir?</i><trans> What answer shall I give?
</trans></eg>
</sense></hom></entry>");
INSERT INTO `wced_head` (entryid, head, normalized_head, type, pos) VALUES (967, "ansir", "ansir", "m", "nv");
INSERT INTO `wced_translation` (entryid, translation) VALUES (967, "answer");
INSERT INTO `wced_entry` VALUES (968, "*ansiyanu", "47", "<entry page=""47"" id=""968""><form id=""xxansiyaxnu"" lang=""ceb"">*ansiyánu</form>
<hom role=""n""><pos>n</pos></hom>
<entry><form id=""ansiyaxnu_sa_simbahan"" lang=""ceb""><abbr expan=""ansiyánu"" type=""lemma"">—</abbr> sa simbahan</form>
<hom>
<sense n=""0""><trans> <tr>church elder</tr>.
</trans>
</sense></hom></entry></entry>");
INSERT INTO `wced_head` (entryid, head, normalized_head, type, pos) VALUES (968, "ansiyánu", "ansiyanu", "s", "n");
INSERT INTO `wced_head` (entryid, head, normalized_head, type, pos) VALUES (968, "ansiyánu sa simbahan", "ansiyanu sa simbahan", "s", "");
INSERT INTO `wced_translation` (entryid, translation) VALUES (968, "church elder");
INSERT INTO `wced_entry` VALUES (969, "ansu", "47", "<entry page=""47"" id=""969""><form id=""ansu"" lang=""ceb"">ansu</form>
<hom>
<sense n=""0""><trans> = <xr lang=""ceb"" target=""#angsu""><sc>angsu</sc></xr>.
</trans>
</sense></hom></entry>");
INSERT INTO `wced_head` (entryid, head, normalized_head, type, pos) VALUES (969, "ansu", "ansu", "m", "");
INSERT INTO `wced_entry` VALUES (970, "ansuy", "47", "<entry page=""47"" id=""970""><form id=""ansuy"" lang=""ceb"">ansuy</form>
<hom role=""v""><pos>v</pos>
<sense n=""0""> <itype>[A123P; b4]</itype><trans> get <tr>infected</tr>. </trans>
<eg><i lang=""ceb"">Ang húgaw nga túbig mauy nakaansuy (nakapaansuy) sa íyang samad,</i><trans> The dirty water caused his wound to get infected. </trans></eg>
<eg><i lang=""ceb"">Ansúyan ang samad,</i><trans> The wound will get infected.†
</trans></eg>
</sense></hom></entry>");
INSERT INTO `wced_head` (entryid, head, normalized_head, type, pos) VALUES (970, "ansuy", "ansuy", "m", "v");
INSERT INTO `wced_translation` (entryid, translation) VALUES (970, "infected");
INSERT INTO `wced_entry` VALUES (971, "antad", "47", "<entry page=""47"" id=""971""><form id=""antad"" lang=""ceb"">antad</form>
<hom>
<sense n=""0""><trans> = <xr lang=""ceb"" target=""#angtad""><sc>angtad</sc></xr>.
</trans>
</sense></hom></entry>");
INSERT INTO `wced_head` (entryid, head, normalized_head, type, pos) VALUES (971, "antad", "antad", "m", "");
INSERT INTO `wced_entry` VALUES (972, "antagunismu", "47", "<entry page=""47"" id=""972""><form id=""antagunismu"" lang=""ceb"">antagunismu</form>
<hom role=""n""><pos>n</pos>
<sense n=""0""><trans> <tr>antagonism</tr>. </trans>
<eg><i lang=""ceb"">Ang antagunismu tálì sa duha ka tríbu,</i><trans> The antagonism between the two tribes.
</trans></eg>
</sense></hom></entry>");
INSERT INTO `wced_head` (entryid, head, normalized_head, type, pos) VALUES (972, "antagunismu", "antagunismu", "m", "n");
INSERT INTO `wced_translation` (entryid, translation) VALUES (972, "antagonism");
INSERT INTO `wced_entry` VALUES (973, "antahay", "47", "<entry page=""47"" id=""973""><form id=""antaxhay"" lang=""ceb"">antáhay</form>
<hom role=""v""><pos>v</pos>
<sense n=""0""> <itype>[A3P; b1]</itype><trans> <tr>hesitate</tr>, have second thoughts about doing s.t. </trans>
<eg><i lang=""ceb"">Ang maldítung anak dì muantáhay sa súkul bisag ginikánan,</i><trans> The naughty child doesn’t hesitate to talk back to his own parents. </trans></eg>
<eg><i lang=""ceb"">Wà nà nákù antaháyig palit,</i><trans> I had no hesitations about buying that.
</trans></eg>
</sense></hom></entry>");
INSERT INTO `wced_head` (entryid, head, normalized_head, type, pos) VALUES (973, "antáhay", "antahay", "m", "v");
INSERT INTO `wced_translation` (entryid, translation) VALUES (973, "hesitate");
INSERT INTO `wced_entry` VALUES (974, "antak", "47", "<entry page=""47"" id=""974""><form id=""antak"" lang=""ceb"">antak</form>
<hom role=""v""><pos>v</pos>
<sense n=""0""> <itype>[A; b36]</itype><trans> <tr>stamp</tr> one’s foot. </trans>
<eg><i lang=""ceb"">Ayaw kug antáki sa tiil,</i><trans> Don’t stamp your foot at me. </trans></eg>
<eg><i lang=""ceb"">Ayaw ug antáki ang kartun,</i><trans> Don’t stamp on the cardboard box.
</trans></eg>
</sense></hom></entry>");
INSERT INTO `wced_head` (entryid, head, normalized_head, type, pos) VALUES (974, "antak", "antak", "m", "v");
INSERT INTO `wced_translation` (entryid, translation) VALUES (974, "stamp");
INSERT INTO `wced_entry` VALUES (975, "antaw", "47", "<entry page=""47"" id=""975""><form id=""antaw"" lang=""ceb"">antaw</form>
<hom role=""a""><pos>a</pos>
<sense n=""0""><trans> for things at a distance to be <tr>visible</tr>. </trans>
<eg><i lang=""ceb"">Ang Buhul antaw sa Talísay,</i><trans> Bohol is visible from Talisay. </trans></eg>
</sense></hom>
<hom role=""v""><pos>v</pos>
<sense n=""0""> <itype>[B156]</itype><trans> be <tr>visible</tr>. </trans>
<eg><i lang=""ceb"">Sa unáhan ang íyang balay nag-antaw,</i><trans> His house is visible in the distance. </trans></eg>
</sense></hom>
<entry><form id=""paantaw"" lang=""ceb""><abbr expan=""paantaw"" type=""lemma"">pa-</abbr></form>
<hom role=""v""><pos>v</pos>
<sense n=""1""><number>1</number> <itype>[A; b6]</itype><trans> be at a distance. </trans>
<eg><i lang=""ceb"">Gipaantáwan níla ang namúhì ug dinamíta,</i><trans> They kept their distance from the dynamiters. </trans></eg>
</sense>
<sense n=""2""><number>2</number> <itype>[A13]</itype><trans> look at s.t. from a distant, detached point of view. </trans>
<eg><i lang=""ceb"">Magpaantaw lang siya sa mga katarúngan ug dílì muapil sa lantúgì,</i><trans> He just takes a detached view of the reasons and doesn’t get into the argument. </trans></eg>
</sense>
<sense n=""3""><number>3</number> <itype>[A13]</itype><trans> be <tr>aloof</tr>. </trans>
<eg><i lang=""ceb"">Sa mga tígum si Lúlit magpaantaw ug dílì muapil sa kulukabildu,</i><trans> At parties Lolette would keep to herself and not join in any of the conversations.
</trans></eg>
</sense></hom></entry></entry>");
INSERT INTO `wced_head` (entryid, head, normalized_head, type, pos) VALUES (975, "antaw", "antaw", "m", "av");
INSERT INTO `wced_head` (entryid, head, normalized_head, type, pos) VALUES (975, "paantaw", "paantaw", "s", "v");
INSERT INTO `wced_translation` (entryid, translation) VALUES (975, "visible");
INSERT INTO `wced_translation` (entryid, translation) VALUES (975, "aloof");
INSERT INTO `wced_entry` VALUES (976, "anti1", "47", "<entry page=""47"" id=""976""><form id=""anti"" lang=""ceb"">anti<sub>1</sub></form>
<hom role=""n""><pos>n</pos>
<sense n=""0""><trans> k.o. erect branched <tr>weed</tr>, the leaves of which have a peppery taste and are used as a vegetable: <bio>Solanum nigrum</bio>.
</trans>
</sense></hom></entry>");
INSERT INTO `wced_head` (entryid, head, normalized_head, type, pos) VALUES (976, "anti", "anti", "s", "n");
INSERT INTO `wced_translation` (entryid, translation) VALUES (976, "weed");
INSERT INTO `wced_entry` VALUES (977, "anti-2", "47", "<entry page=""47"" id=""977""><form id=""anti-2"" lang=""ceb"">anti-<sub>2</sub></form>
<hom>
<sense n=""0""><trans> <tr>anti-</tr>. </trans>
<eg><i lang=""ceb"">Anti-Amirikánu,</i><trans> Anti-American.
</trans></eg>
</sense></hom></entry>");
INSERT INTO `wced_head` (entryid, head, normalized_head, type, pos) VALUES (977, "anti-", "anti-", "s", "");
INSERT INTO `wced_translation` (entryid, translation) VALUES (977, "anti-");
INSERT INTO `wced_entry` VALUES (978, "anti3", "47", "<entry page=""47"" id=""978""><form id=""anti3"" lang=""ceb"">anti<sub>3</sub></form>
<hom role=""n""><pos>n</pos>
<sense n=""1""><number>1</number><trans> <tr>aunt</tr>, parent’s or grandparent’s sisters or their female cousins of any degree. </trans>
</sense>
<sense n=""2""><number>2</number><trans> title given to such a relation.
</trans>
</sense></hom></entry>");
INSERT INTO `wced_head` (entryid, head, normalized_head, type, pos) VALUES (978, "anti", "anti", "s", "n");
INSERT INTO `wced_translation` (entryid, translation) VALUES (978, "aunt");
INSERT INTO `wced_entry` VALUES (979, "antibayutiku", "47", "<entry page=""47"" id=""979""><form id=""antibayutiku"" lang=""ceb"">antibayutiku</form>
<hom role=""n""><pos>n</pos>
<sense n=""0""><trans> <tr>antibiotic</tr>.
</trans>
</sense></hom></entry>");
INSERT INTO `wced_head` (entryid, head, normalized_head, type, pos) VALUES (979, "antibayutiku", "antibayutiku", "m", "n");
INSERT INTO `wced_translation` (entryid, translation) VALUES (979, "antibiotic");
INSERT INTO `wced_entry` VALUES (980, "antigu", "47", "<entry page=""47"" id=""980""><form id=""antixgu"" lang=""ceb"">antígu</form>
<hom role=""a""><pos>a</pos>
<sense n=""0""><trans> know how to. </trans>
<eg><i lang=""ceb"">Dì ku antígung mupasipála,</i><trans> I don’t know how to harm others. </trans></eg>
</sense></hom>
<hom role=""v""><pos>v</pos>
<sense n=""0""> <itype>[B123; b8]</itype><trans> know how to do s.t. </trans>
<eg><i lang=""ceb"">Makaantígu <pb n=""48""/>ka ba nga mukuskus ug sista?</i><trans> Do you know how to play the guitar? </trans></eg>
<eg><i lang=""ceb"">Unsay ímung naantiguhan sa tantu nímung tuuntúun?</i><trans> What have you learned to do after studying so much? </trans></eg>
</sense></hom>
<entry><form id=""inantigu"" lang=""ceb""><abbr expan=""inantigu"" type=""lemma"">-in-(→)</abbr></form>
<hom role=""a""><pos>a</pos>
<sense n=""0""><trans> requiring skill or know-how. </trans>
<eg><i lang=""ceb"">Ang pagdala ug awtu sa syudad inantigu,</i><trans> It takes skill to drive a car in the city.
</trans></eg>
</sense></hom></entry></entry>");
INSERT INTO `wced_head` (entryid, head, normalized_head, type, pos) VALUES (980, "antígu", "antigu", "m", "av");
INSERT INTO `wced_head` (entryid, head, normalized_head, type, pos) VALUES (980, "inantigu", "inantigu", "s", "a");
INSERT INTO `wced_entry` VALUES (981, "antihay", "48", "<entry page=""48"" id=""981""><form id=""antixhay"" lang=""ceb"">antíhay</form>
<hom role=""v""><pos>v</pos>
<sense n=""1""><number>1</number> <itype>[A; c]</itype><trans> <tr>dodge</tr> a blow. </trans>
<eg><i lang=""ceb"">Wà níya iantíhay ang íyang kamut, mau nga naigù,</i><trans> He did not get his hand out of the way in time, so it was hit. </trans></eg>
</sense>
<sense n=""2""><number>2</number> <itype>[A; b6]</itype><trans> <tr>avoid</tr> a fight because of cowardice. </trans>
<eg><i lang=""ceb"">Ikaw na lay ákung antiháyan?</i><trans> Do you think I would avoid a fight with you?
</trans></eg>
</sense></hom></entry>");
INSERT INTO `wced_head` (entryid, head, normalized_head, type, pos) VALUES (981, "antíhay", "antihay", "m", "v");
INSERT INTO `wced_translation` (entryid, translation) VALUES (981, "dodge");
INSERT INTO `wced_translation` (entryid, translation) VALUES (981, "avoid");
INSERT INTO `wced_entry` VALUES (982, "antikristu", "48", "<entry page=""48"" id=""982""><form id=""antikristu"" lang=""ceb"">antikristu</form>
<hom role=""n""><pos>n</pos>
<sense n=""0""><trans> <tr>anti-Christ</tr>.
</trans>
</sense></hom></entry>");
INSERT INTO `wced_head` (entryid, head, normalized_head, type, pos) VALUES (982, "antikristu", "antikristu", "m", "n");
INSERT INTO `wced_translation` (entryid, translation) VALUES (982, "anti-Christ");
INSERT INTO `wced_entry` VALUES (983, "antimanu", "48", "<entry page=""48"" id=""983""><form id=""antimaxnu"" lang=""ceb"">antimánu</form>
<hom role=""v""><pos>v</pos>
<sense n=""1""><number>1</number> <itype>[A; b5c1]</itype><trans> do s.t. <tr>early</tr> before s.t. else happens. </trans>
<eg><i lang=""ceb"">Muantimánu kug lakaw arun dílì hiabtan sa ulan,</i><trans> I will leave early before I get caught in the rain. </trans></eg>
<eg><i lang=""ceb"">Antimanúhun (antimanúhan) ta sila ug sulti arun dílì hiunhan,</i><trans> Let’s tell them early before s.o. else does. </trans></eg>
</sense>
<sense n=""2a""><number>2a</number> <itype>[A3P; a12]</itype><trans> kill s.t. with a single blow. </trans>
<eg><i lang=""ceb"">Wà nímu maantimánug patay ang bábuy,</i><trans> You didn’t kill the pig at the first blow. </trans></eg>
</sense>
<sense n=""2b""><number>2b</number> <itype>[A3P; b5c1]</itype><trans> do s.t. <tr>immediately</tr> with finality. </trans>
<eg><i lang=""ceb"">Iantimánu (antimanúhun, antimanúhan) giyud ang pagbalíbad arun dílì na magbalikbálik,</i><trans> You should refuse him with finality then and there so that he will not keep coming back. </trans></eg>
</sense></hom>
<hom role=""a""><pos>a</pos>
<sense n=""0""><trans> for a killing to be done with one blow.
</trans>
</sense></hom></entry>");
INSERT INTO `wced_head` (entryid, head, normalized_head, type, pos) VALUES (983, "antimánu", "antimanu", "m", "va");
INSERT INTO `wced_translation` (entryid, translation) VALUES (983, "early");
INSERT INTO `wced_translation` (entryid, translation) VALUES (983, "immediately");
INSERT INTO `wced_entry` VALUES (984, "antina", "48", "<entry page=""48"" id=""984""><form id=""antixna"" lang=""ceb"">antína</form>
<hom role=""n""><pos>n</pos>
<sense n=""0""><trans> <tr>antenna</tr>, <tr>aerial</tr>. </trans>
</sense></hom>
<hom role=""v""><pos>v</pos>
<sense n=""0""> <itype>[A; a]</itype><trans> put, make into an antenna.
</trans>
</sense></hom></entry>");
INSERT INTO `wced_head` (entryid, head, normalized_head, type, pos) VALUES (984, "antína", "antina", "m", "nv");
INSERT INTO `wced_translation` (entryid, translation) VALUES (984, "antenna");
INSERT INTO `wced_translation` (entryid, translation) VALUES (984, "aerial");
INSERT INTO `wced_entry` VALUES (985, "anting-anting", "48", "<entry page=""48"" id=""985""><form id=""anting-anting"" lang=""ceb"">anting-anting</form>
<hom role=""n""><pos>n</pos>
<sense n=""0""><trans> a <tr>charm</tr>, <tr>amulet</tr>. </trans>
<eg><i lang=""ceb"">Naghábak siya ug anting-anting arun dì siya madutlan sa bála,</i><trans> He is wearing an amulet so that bullets cannot penetrate him. </trans></eg>
</sense></hom>
<hom role=""v""><pos>v</pos>
<sense n=""0""> <itype>[A1; a]</itype><trans> wear, have, make into an amulet. </trans>
<eg><i lang=""ceb"">Gianting-antíngan ang igtalarì,</i><trans> The cock had a charm tied to it.
</trans></eg>
</sense></hom></entry>");
INSERT INTO `wced_head` (entryid, head, normalized_head, type, pos) VALUES (985, "anting-anting", "anting-anting", "m", "nv");
INSERT INTO `wced_translation` (entryid, translation) VALUES (985, "charm");
INSERT INTO `wced_translation` (entryid, translation) VALUES (985, "amulet");
INSERT INTO `wced_entry` VALUES (986, "antipara", "48", "<entry page=""48"" id=""986""><form id=""antipaxra"" lang=""ceb"">antipára</form>
<hom role=""n""><pos>n</pos>
<sense n=""1""><number>1</number><trans> <tr>eyeglasses</tr>. </trans>
</sense>
<sense n=""2""><number>2</number><trans> <tr>diving goggles</tr>. </trans>
</sense></hom>
<hom role=""v""><pos>v</pos>
<sense n=""0""> <itype>[AN; a]</itype><trans> make into, wear eyeglasses or diving goggles.
</trans>
</sense></hom></entry>");
INSERT INTO `wced_head` (entryid, head, normalized_head, type, pos) VALUES (986, "antipára", "antipara", "m", "nv");
INSERT INTO `wced_translation` (entryid, translation) VALUES (986, "eyeglasses");
INSERT INTO `wced_translation` (entryid, translation) VALUES (986, "diving goggles");
INSERT INTO `wced_entry` VALUES (987, "antipas", "48", "<entry page=""48"" id=""987""><form id=""antipas"" lang=""ceb"">antipas</form>
<hom role=""n""><pos>n</pos>
<sense n=""0""><trans> <tr>mask</tr> covering the eyes. </trans>
</sense></hom>
<hom role=""v""><pos>v</pos>
<sense n=""0""> <itype>[A1; ac]</itype><trans> wear, obtain, make into a mask. </trans>
<eg><i lang=""ceb"">Walà giyud mailhi ang kawatan kay nag-antipas man,</i><trans> They could not recognize the thief because he was wearing a mask.
</trans></eg>
</sense></hom></entry>");
INSERT INTO `wced_head` (entryid, head, normalized_head, type, pos) VALUES (987, "antipas", "antipas", "m", "nv");
INSERT INTO `wced_translation` (entryid, translation) VALUES (987, "mask");
INSERT INTO `wced_entry` VALUES (988, "antipatiku", "48", "<entry page=""48"" id=""988""><form id=""antipatiku"" lang=""ceb"">antipatiku</form>
<hom role=""n""><pos>n</pos>
<sense n=""0""><trans> <tr>antagonistic</tr>. </trans>
</sense></hom>
<hom role=""v""><pos>v</pos>
<sense n=""0""> <itype>[B12; a]</itype><trans> be, make s.o. antagonistic. </trans>
<eg><i lang=""ceb"">Ayawg adtu sa íla kay giantipatikuhan ka sa íyang ginikánan,</i><trans> Don’t go to their house because her parents are antagonistic to you.
</trans></eg>
</sense></hom></entry>");
INSERT INTO `wced_head` (entryid, head, normalized_head, type, pos) VALUES (988, "antipatiku", "antipatiku", "m", "nv");
INSERT INTO `wced_translation` (entryid, translation) VALUES (988, "antagonistic");
INSERT INTO `wced_entry` VALUES (989, "antipulu", "48", "<entry page=""48"" id=""989""><form id=""antipuxlu"" lang=""ceb"">antipúlu</form>
<hom role=""n""><pos>n</pos>
<sense n=""0""><trans> k.o. <tr>toilet</tr> with a long hole dug as the receptacle for waste.
</trans>
</sense></hom></entry>");
INSERT INTO `wced_head` (entryid, head, normalized_head, type, pos) VALUES (989, "antipúlu", "antipulu", "m", "n");
INSERT INTO `wced_translation` (entryid, translation) VALUES (989, "toilet");
INSERT INTO `wced_entry` VALUES (990, "antipun", "48", "<entry page=""48"" id=""990""><form id=""antipun"" lang=""ceb"">antipun</form>
<hom>
<sense n=""0""><trans> = <xr lang=""ceb"" target=""#awruxra""><sc>awrúra<sub>1</sub></sc></xr>.
</trans>
</sense></hom></entry>");
INSERT INTO `wced_head` (entryid, head, normalized_head, type, pos) VALUES (990, "antipun", "antipun", "m", "");
INSERT INTO `wced_entry` VALUES (991, "antipuna", "48", "<entry page=""48"" id=""991""><form id=""antipuxna"" lang=""ceb"">antipúna</form>
<hom role=""n""><pos>n</pos>
<sense n=""0""><trans> a <tr>prayer</tr> in a novena or rosary, read by the leader.
</trans>
</sense></hom></entry>");
INSERT INTO `wced_head` (entryid, head, normalized_head, type, pos) VALUES (991, "antipúna", "antipuna", "m", "n");
INSERT INTO `wced_translation` (entryid, translation) VALUES (991, "prayer");
INSERT INTO `wced_entry` VALUES (992, "antirabis", "48", "<entry page=""48"" id=""992""><form id=""antiraxbis"" lang=""ceb"">antirábis</form>
<hom role=""n""><pos>n</pos>
<sense n=""0""><trans> <tr>anti-rabies</tr> vaccine.
</trans>
</sense></hom></entry>");
INSERT INTO `wced_head` (entryid, head, normalized_head, type, pos) VALUES (992, "antirábis", "antirabis", "m", "n");
INSERT INTO `wced_translation` (entryid, translation) VALUES (992, "anti-rabies");
INSERT INTO `wced_entry` VALUES (993, "antis", "48", "<entry page=""48"" id=""993""><form id=""antis"" lang=""ceb"">antis</form>
<hom>
<sense n=""0""><trans> before doing s.t. </trans>
<eg><i lang=""ceb"">Antis nímu lung-ága nà, hugási úsà,</i><trans> Wash it before you cook it.
</trans></eg>
</sense></hom></entry>");
INSERT INTO `wced_head` (entryid, head, normalized_head, type, pos) VALUES (993, "antis", "antis", "m", "");
INSERT INTO `wced_entry` VALUES (994, "antisiptiku", "48", "<entry page=""48"" id=""994""><form id=""antisiptiku"" lang=""ceb"">antisiptiku</form>
<hom role=""n""><pos>n</pos>
<sense n=""0""><trans> <tr>antiseptic</tr>.
</trans>
</sense></hom></entry>");
INSERT INTO `wced_head` (entryid, head, normalized_head, type, pos) VALUES (994, "antisiptiku", "antisiptiku", "m", "n");
INSERT INTO `wced_translation` (entryid, translation) VALUES (994, "antiseptic");
INSERT INTO `wced_entry` VALUES (995, "antisipu", "48", "<entry page=""48"" id=""995""><form id=""antisixpu"" lang=""ceb"">antisípu</form>
<hom role=""n""><pos>n</pos>
<sense n=""0""><trans> <tr>advance</tr> payment. </trans>
<eg><i lang=""ceb"">Díay singku nga sabtun antisípu sa ímung kabáyù,</i><trans> Here is five pesos as down payment for your horse. </trans></eg>
</sense></hom>
<hom role=""v""><pos>v</pos>
<sense n=""0""> <itype>[A; c]</itype><trans> give down payment.
</trans>
</sense></hom></entry>");
INSERT INTO `wced_head` (entryid, head, normalized_head, type, pos) VALUES (995, "antisípu", "antisipu", "m", "nv");
INSERT INTO `wced_translation` (entryid, translation) VALUES (995, "advance");
INSERT INTO `wced_entry` VALUES (996, "antitirhi", "48", "<entry page=""48"" id=""996""><form id=""antitirhi"" lang=""ceb"">antitirhi</form>
<hom role=""n""><pos>n</pos>
<sense n=""0""><trans> <tr>genital organs</tr> (derogatory). </trans>
<eg><i lang=""ceb"">Pagtárug lingkud arun dílì makítà ang ímung antitirhi,</i><trans> Sit properly so you don’t display your genitalia to the whole world.
</trans></eg>
</sense></hom></entry>");
INSERT INTO `wced_head` (entryid, head, normalized_head, type, pos) VALUES (996, "antitirhi", "antitirhi", "m", "n");
INSERT INTO `wced_translation` (entryid, translation) VALUES (996, "genital organs");
INSERT INTO `wced_entry` VALUES (997, "antiuhus, antiyuhus", "48", "<entry page=""48"" id=""997""><form id=""antiuxhus_antiyuxhus"" lang=""ceb"">antiúhus, antiyúhus</form>
<hom role=""n""><pos>n</pos>
<sense n=""0""><trans> <tr>eyeglasses</tr>. </trans>
</sense></hom>
<hom role=""v""><pos>v</pos>
<sense n=""0""> <itype>[AN2; a]</itype><trans> wear, make into, get eyeglasses. </trans>
<eg><i lang=""ceb"">Kadtung nag-antiyúhus si Pidru,</i><trans> The one wearing eyeglasses is Pedro.†
</trans></eg>
</sense></hom></entry>");
INSERT INTO `wced_head` (entryid, head, normalized_head, type, pos) VALUES (997, "antiúhus", "antiuhus", "s", "nv");
INSERT INTO `wced_head` (entryid, head, normalized_head, type, pos) VALUES (997, "antiyúhus", "antiyuhus", "s", "nv");
INSERT INTO `wced_translation` (entryid, translation) VALUES (997, "eyeglasses");
INSERT INTO `wced_entry` VALUES (998, "antu", "48", "<entry page=""48"" id=""998""><form id=""antu6"" lang=""ceb"">antū̀</form>
<hom>
<sense n=""0""><trans> = <xr lang=""ceb"" target=""#antuxlu""><sc>antúlu</sc></xr>.
</trans>
</sense></hom></entry>");
INSERT INTO `wced_head` (entryid, head, normalized_head, type, pos) VALUES (998, "antū̀", "antu", "m", "");
INSERT INTO `wced_entry` VALUES (999, "antuan", "48", "<entry page=""48"" id=""999""><form id=""antuxan"" lang=""ceb"">antúan</form>
<hom role=""n""><pos>n</pos>
<sense n=""0""><trans> medium-sized <tr>tree</tr> of second growth forests: <bio>Pittosporum pentandrum</bio>.
</trans>
</sense></hom></entry>");
INSERT INTO `wced_head` (entryid, head, normalized_head, type, pos) VALUES (999, "antúan", "antuan", "m", "n");
INSERT INTO `wced_translation` (entryid, translation) VALUES (999, "tree");
INSERT INTO `wced_entry` VALUES (1000, "antubung", "48", "<entry page=""48"" id=""1000""><form id=""antuxbung"" lang=""ceb"">antúbung</form>
<hom role=""n""><pos>n</pos>
<sense n=""0""><trans> k.o. large, branching <tr>coral</tr>.
</trans>
</sense></hom></entry>");
INSERT INTO `wced_head` (entryid, head, normalized_head, type, pos) VALUES (1000, "antúbung", "antubung", "m", "n");
INSERT INTO `wced_translation` (entryid, translation) VALUES (1000, "coral");
INSERT INTO `wced_entry` VALUES (1001, "antud", "48", "<entry page=""48"" id=""1001""><form id=""antud"" lang=""ceb"">antud</form>
<hom role=""a""><pos>a</pos>
<sense n=""0""><trans> = <xr lang=""ceb"" target=""#angtud""><sc>angtud</sc></xr>.
</trans>
</sense></hom></entry>");
INSERT INTO `wced_head` (entryid, head, normalized_head, type, pos) VALUES (1001, "antud", "antud", "m", "a");
INSERT INTO `wced_entry` VALUES (1002, "antug1", "48", "<entry page=""48"" id=""1002""><form id=""antug"" lang=""ceb"">antug<sub>1</sub></form>
<hom role=""v""><pos>v</pos>
<sense n=""0""> <itype>[A; c]</itype><trans> </trans>
</sense>
<sense n=""1""><number>1</number><trans> <tr>toss</tr> the coin in a coin-tossing game (<ix>hantak</ix>). </trans>
<eg><i lang=""ceb"">Ayaw ug antúgi ning batúha,</i><trans> Don’t toss coins on this stone. </trans></eg>
</sense>
<sense n=""2""><number>2</number><trans> <tr>slam</tr> s.t. down as a coin is slammed down. </trans>
<eg><i lang=""ceb"">Iantug ta ka run,</i><trans> I’ll throw you on the ground (said to a child one is holding in his arms). </trans></eg>
</sense>
<sense n=""3""><number>3</number><trans> <tr>shoot</tr> the ball in a basketball game. </trans>
<eg><i lang=""ceb"">Inigkagunit níyag búla muantug dáyun,</i><trans> The moment he gets hold of the ball, he shoots it right away. </trans></eg>
</sense></hom>
<hom role=""n""><pos>n</pos>
<sense n=""0""><trans> turn to toss the coin. </trans>
</sense></hom>
<entry><form id=""antugan"" lang=""ceb""><abbr expan=""antugan"" type=""lemma"">-an(→)</abbr></form>
<hom role=""n""><pos>n</pos>
<sense n=""0""><trans> place on which coins are thrown in <ix>hantak.</ix> </trans>
</sense></hom></entry>
<entry><form id=""antugun"" lang=""ceb""><abbr expan=""antugun"" type=""lemma"">-un(→)</abbr></form>
<hom role=""n""><pos>n</pos>
<sense n=""0""><trans> coins used in <ix>hantak.</ix>
</trans>
</sense></hom></entry></entry>");
INSERT INTO `wced_head` (entryid, head, normalized_head, type, pos) VALUES (1002, "antug", "antug", "s", "vn");
INSERT INTO `wced_head` (entryid, head, normalized_head, type, pos) VALUES (1002, "antugan", "antugan", "s", "n");
INSERT INTO `wced_head` (entryid, head, normalized_head, type, pos) VALUES (1002, "antugun", "antugun", "s", "n");
INSERT INTO `wced_translation` (entryid, translation) VALUES (1002, "toss");
INSERT INTO `wced_translation` (entryid, translation) VALUES (1002, "slam");
INSERT INTO `wced_translation` (entryid, translation) VALUES (1002, "shoot");
INSERT INTO `wced_entry` VALUES (1003, "antug2", "48", "<entry page=""48"" id=""1003""><form id=""antug2"" lang=""ceb"">antug<sub>2</sub></form>
<hom role=""a""><pos>a</pos>
<sense n=""0""><trans> rather <tr>heavy</tr> to lift. </trans>
<eg><i lang=""ceb"">Antug ra kanang malíta nímu,</i><trans> That suitcase is too heavy for you. </trans></eg>
<eg><i lang=""ceb"">Antug nga káhuy,</i><trans> Dense and heavy wood. </trans></eg>
</sense></hom>
<hom role=""v""><pos>v</pos>
<sense n=""0""> <itype>[B2]</itype><trans> become heavy.
</trans>
</sense></hom></entry>");
INSERT INTO `wced_head` (entryid, head, normalized_head, type, pos) VALUES (1003, "antug", "antug", "s", "av");
INSERT INTO `wced_translation` (entryid, translation) VALUES (1003, "heavy");
INSERT INTO `wced_entry` VALUES (1004, "antuhuy", "48", "<entry page=""48"" id=""1004""><form id=""antuxhuy"" lang=""ceb"">antúhuy</form>
<hom>
<sense n=""0""><trans> = <xr lang=""ceb"" target=""#anhuy""><sc>anhuy</sc></xr>.
</trans>
</sense></hom></entry>");
INSERT INTO `wced_head` (entryid, head, normalized_head, type, pos) VALUES (1004, "antúhuy", "antuhuy", "m", "");
INSERT INTO `wced_entry` VALUES (1005, "antulang", "48", "<entry page=""48"" id=""1005""><form id=""antuxlang"" lang=""ceb"">antúlang</form>
<hom>
<sense n=""0""><trans> (not without <ix>l</ix>) </trans>
</sense></hom>
<hom role=""n""><pos>n</pos>
<sense n=""0""><trans> k.o. big bivalve, the empty shells of which are used for decorative purposes.
</trans>
</sense></hom></entry>");
INSERT INTO `wced_head` (entryid, head, normalized_head, type, pos) VALUES (1005, "antúlang", "antulang", "m", "n");
INSERT INTO `wced_entry` VALUES (1006, "antulanga", "48", "<entry page=""48"" id=""1006""><form id=""antulaxnga"" lang=""ceb"">antulánga</form>
<hom role=""n""><pos>n</pos>
<sense n=""0""><trans> <tr>hibiscus</tr>. </trans>
</sense></hom>
<entry><form id=""antulaxnga_nga_lut-ud"" lang=""ceb""><abbr expan=""antulánga"" type=""lemma"">—</abbr> nga lut-ud</form>
<hom role=""n""><pos>n</pos>
<sense n=""0""><trans> double or triple petaled hibiscus. </trans>
</sense></hom></entry>
<entry><form id=""antulaxnga_nga_asul"" lang=""ceb""><abbr expan=""antulánga"" type=""lemma"">—</abbr> nga asul</form>
<hom role=""n""><pos>n</pos>
<sense n=""0""><trans> a blue hibiscus, cultivated as an ornamental: <bio>Hibiscus syriacus</bio>.
</trans>
</sense></hom></entry></entry>");
INSERT INTO `wced_head` (entryid, head, normalized_head, type, pos) VALUES (1006, "antulánga", "antulanga", "m", "n");
INSERT INTO `wced_head` (entryid, head, normalized_head, type, pos) VALUES (1006, "antulánga nga lut-ud", "antulanga nga lut-ud", "s", "n");
INSERT INTO `wced_head` (entryid, head, normalized_head, type, pos) VALUES (1006, "antulánga nga asul", "antulanga nga asul", "s", "n");
INSERT INTO `wced_translation` (entryid, translation) VALUES (1006, "hibiscus");
INSERT INTO `wced_entry` VALUES (1007, "antulihaw", "48", "<entry page=""48"" id=""1007""><form id=""antulixhaw"" lang=""ceb"">antulíhaw</form>
<hom role=""n""><pos>n</pos>
<sense n=""0""><trans> k.o. small yellow-colored <tr>bird</tr>. </trans>
</sense></hom>
<entry><form id=""antulixhawun"" lang=""ceb""><abbr expan=""antulíhawun"" type=""lemma"">-un</abbr></form>
<hom role=""a""><pos>a</pos>
<sense n=""0""><trans> having the yellowish color of this bird.
</trans>
</sense></hom></entry></entry>");
INSERT INTO `wced_head` (entryid, head, normalized_head, type, pos) VALUES (1007, "antulíhaw", "antulihaw", "m", "n");
INSERT INTO `wced_head` (entryid, head, normalized_head, type, pos) VALUES (1007, "antulíhawun", "antulihawun", "s", "a");
INSERT INTO `wced_translation` (entryid, translation) VALUES (1007, "bird");
INSERT INTO `wced_entry` VALUES (1008, "antulu", "48", "<entry page=""48"" id=""1008""><form id=""antuxluq"" lang=""ceb"">antúlù</form>
<hom role=""v""><pos>v</pos>
<sense n=""0""> <itype>[B2]</itype><trans> <tr>pause</tr> in surprise, be taken aback. </trans>
<eg><i lang=""ceb"">Miantū̀ (naantū̀) siya sa pultahan pagkadungug sa singgit sa sulud,</i><trans> He paused in surprise at the door when he heard the cry within.
</trans></eg>
</sense></hom></entry>");
INSERT INTO `wced_head` (entryid, head, normalized_head, type, pos) VALUES (1008, "antúlù", "antulu", "m", "v");
INSERT INTO `wced_translation` (entryid, translation) VALUES (1008, "pause");
INSERT INTO `wced_entry` VALUES (1009, "antus", "48", "<entry page=""48"" id=""1009""><form id=""antus"" lang=""ceb"">antus</form>
<hom role=""v""><pos>v</pos>
<sense n=""0""> <itype>[A; a1]</itype><trans> </trans>
</sense>
<sense n=""1""><number>1</number><trans> <tr>endure</tr>, <tr>stand</tr>. </trans>
<eg><i lang=""ceb"">Mag-antus arun masantus,</i><trans> Endure if you are to become a saint. </trans></eg>
<eg><i lang=""ceb"">Makaantus ka ba sa kabahù sa lápuk?</i><trans> Can you stand the stench of the mud? <pb n=""49""/></trans></eg>
<eg><i lang=""ceb"">Antúsun ku na lang ang íyang mga pagtámay kanákù,</i><trans> I will just endure his words of disparagement. </trans></eg>
</sense>
<sense n=""2""><number>2</number><trans> <tr>suffer</tr>. </trans>
<eg><i lang=""ceb"">Nag-antus siyag dúgay úsà mamatay,</i><trans> She suffered for a long time before she died. </trans></eg>
</sense></hom>
<entry><form id=""alantuxsun"" lang=""ceb""><abbr expan=""alantúsun"" type=""lemma"">-l-un</abbr></form>
<hom role=""a""><pos>a</pos>
<sense n=""0""><trans> needing endurance, perseverance. </trans>
<eg><i lang=""ceb"">Alantúsun kaáyu ning batáa kay mahilak,</i><trans> This child needs patient handling because he is very sensitive. </trans></eg>
</sense></hom></entry>
<entry><form id=""mainantuxsun_maantuxsun"" lang=""ceb""><abbr expan=""mainantúsun"" type=""lemma"">ma-in-un</abbr>, <abbr expan=""maantúsun"" type=""lemma"">ma-un</abbr></form>
<hom role=""a""><pos>a</pos>
<sense n=""0""><trans> <tr>patient</tr>, persevering. </trans>
<eg><i lang=""ceb"">Ang mainantúsun nga kinaíya ni Husi mauy makapalampus níya,</i><trans> Jose’s patient nature will make him succeed.
</trans></eg>
</sense></hom></entry></entry>");
INSERT INTO `wced_head` (entryid, head, normalized_head, type, pos) VALUES (1009, "antus", "antus", "m", "v");
INSERT INTO `wced_head` (entryid, head, normalized_head, type, pos) VALUES (1009, "alantúsun", "alantusun", "s", "a");
INSERT INTO `wced_head` (entryid, head, normalized_head, type, pos) VALUES (1009, "mainantúsun", "mainantusun", "s", "a");
INSERT INTO `wced_head` (entryid, head, normalized_head, type, pos) VALUES (1009, "maantúsun", "maantusun", "s", "a");
INSERT INTO `wced_translation` (entryid, translation) VALUES (1009, "endure");
INSERT INTO `wced_translation` (entryid, translation) VALUES (1009, "stand");
INSERT INTO `wced_translation` (entryid, translation) VALUES (1009, "suffer");
INSERT INTO `wced_translation` (entryid, translation) VALUES (1009, "patient");
INSERT INTO `wced_entry` VALUES (1010, "antutu", "49", "<entry page=""49"" id=""1010""><form id=""antutu"" lang=""ceb"">antutu</form>
<hom role=""v""><pos>v</pos>
<sense n=""0""> <itype>[B46; b6]</itype><trans> pour forth smoke in quantities. </trans>
<eg><i lang=""ceb"">Dakù giyung hikáya kay nag-antutu ang kusína,</i><trans> It must be a big feast because their kitchen has been belching forth smoke.
</trans></eg>
</sense></hom></entry>");
INSERT INTO `wced_head` (entryid, head, normalized_head, type, pos) VALUES (1010, "antutu", "antutu", "m", "v");
INSERT INTO `wced_entry` VALUES (1011, "antuwanga", "49", "<entry page=""49"" id=""1011""><form id=""antuwaxnga"" lang=""ceb"">antuwánga</form>
<hom>
<sense n=""0""><trans> = <xr lang=""ceb"" target=""#antulaxnga""><sc>antulánga</sc></xr>.
</trans>
</sense></hom></entry>");
INSERT INTO `wced_head` (entryid, head, normalized_head, type, pos) VALUES (1011, "antuwánga", "antuwanga", "m", "");
INSERT INTO `wced_entry` VALUES (1012, "anu", "49", "<entry page=""49"" id=""1012""><form id=""anu"" lang=""ceb"">anu</form>
<hom>
<sense n=""0""><trans> = <xr lang=""ceb"" target=""#unsa""><sc>unsa</sc></xr> (dialectal).
</trans>
</sense></hom></entry>");
INSERT INTO `wced_head` (entryid, head, normalized_head, type, pos) VALUES (1012, "anu", "anu", "m", "");
INSERT INTO `wced_entry` VALUES (1013, "anud", "49", "<entry page=""49"" id=""1013""><form id=""axnud"" lang=""ceb"">ánud</form>
<hom role=""v""><pos>v</pos>
<sense n=""0""> <itype>[AP; c1]</itype><trans> for the current to carry s.t. off. </trans>
<eg><i lang=""ceb"">Ang bahà nag-ánud (nagpaánud) sa ílang balay,</i><trans> The flood washed their house away. </trans></eg>
<eg><i lang=""ceb"">Walà siya anúra (iánud) sa lawud,</i><trans> He wasn’t carried off into the deep. </trans></eg>
</sense></hom>
<entry><form id=""anud"" lang=""ceb""><abbr expan=""anud"" type=""lemma"">(→)</abbr></form>
<hom role=""n""><pos>n</pos>
<sense n=""1""><number>1</number><trans> things carried away by floodwater. </trans>
</sense>
<sense n=""2""><number>2</number><trans> a person who just drifted s.w. or into s.t. </trans>
<eg><i lang=""ceb"">Usa lang siya ka anud sa pulitika,</i><trans> He is s.o. who just drifted into politics. </trans></eg>
</sense>
<sense n=""3""><number>3</number><trans> = <xr lang=""ceb"" target=""#paanud""><sc><abbr expan=""paanud"" type=""lemma"">pa-(→)</abbr></sc></xr>. </trans>
</sense></hom></entry>
<entry><form id=""patiaxnud"" lang=""ceb""><abbr expan=""patiánud"" type=""lemma"">pati-</abbr></form>
<hom role=""v""><pos>v</pos>
<sense n=""0""> <itype>[A; c1]</itype><trans> allow oneself to go with the current, but with control. </trans>
<eg><i lang=""ceb"">Kun kapúyun siya sa paglinánguy mupatiánud lang siya sa sulug,</i><trans> When she becomes tired of swimming, she just lets herself drift in the current. </trans></eg>
<eg><i lang=""ceb"">Patianúrun (ipatiánud) námù sa luyu sa sakayan ang bugkus sa káhuy,</i><trans> We will let the bundle of wood be carried along behind the boat. </trans></eg>
</sense></hom></entry>
<entry><form id=""paanud"" lang=""ceb""><abbr expan=""paanud"" type=""lemma"">pa-(→)</abbr></form>
<hom role=""n""><pos>n</pos>
<sense n=""0""><trans> <tr>drift net</tr> which is left to float in the sea and catches fish by the gills. </trans>
</sense></hom></entry>
<entry><form id=""pangaxnud"" lang=""ceb""><abbr expan=""pangánud"" type=""lemma"">paN-</abbr></form>
<hom role=""n""><pos>n</pos>
<sense n=""0""><trans> <tr>cloud</tr>. </trans>
</sense></hom></entry>
<entry><form id=""kapanganuxran"" lang=""ceb"">kapanganúran</form>
<hom role=""n""><pos>n</pos>
<sense n=""0""><trans> <tr>clouds</tr>. </trans>
</sense></hom></entry>
<entry><form id=""panganuxrun"" lang=""ceb"">panganúrun</form>
<hom role=""n""><pos>n</pos>
<sense n=""0""><trans> spirits of children that have died unbaptized that are believed to be wafted in the skies.
</trans>
</sense></hom></entry></entry>");
INSERT INTO `wced_head` (entryid, head, normalized_head, type, pos) VALUES (1013, "ánud", "anud", "m", "v");
INSERT INTO `wced_head` (entryid, head, normalized_head, type, pos) VALUES (1013, "anud", "anud", "s", "n");
INSERT INTO `wced_head` (entryid, head, normalized_head, type, pos) VALUES (1013, "patiánud", "patianud", "s", "v");
INSERT INTO `wced_head` (entryid, head, normalized_head, type, pos) VALUES (1013, "paanud", "paanud", "s", "n");
INSERT INTO `wced_head` (entryid, head, normalized_head, type, pos) VALUES (1013, "pangánud", "panganud", "s", "n");
INSERT INTO `wced_head` (entryid, head, normalized_head, type, pos) VALUES (1013, "kapanganúran", "kapanganuran", "s", "n");
INSERT INTO `wced_head` (entryid, head, normalized_head, type, pos) VALUES (1013, "panganúrun", "panganurun", "s", "n");
INSERT INTO `wced_translation` (entryid, translation) VALUES (1013, "drift net");
INSERT INTO `wced_translation` (entryid, translation) VALUES (1013, "cloud");
INSERT INTO `wced_translation` (entryid, translation) VALUES (1013, "clouds");
INSERT INTO `wced_entry` VALUES (1014, "anugas", "49", "<entry page=""49"" id=""1014""><form id=""anugas"" lang=""ceb"">anugas</form>
<hom role=""n""><pos>n</pos>
<sense n=""0""><trans> k.o. small tree which is a violent contact poison: <bio>Semecarpus cuneiformis</bio>.
</trans>
</sense></hom></entry>");
INSERT INTO `wced_head` (entryid, head, normalized_head, type, pos) VALUES (1014, "anugas", "anugas", "m", "n");
INSERT INTO `wced_entry` VALUES (1015, "anugun", "49", "<entry page=""49"" id=""1015""><form id=""anuxgun"" lang=""ceb"">anúgun</form>
<hom>
<sense n=""0""><trans> <ix>short form:</ix> <bx>núgun</bx> (from <ix>hinúgun</ix>) what a pity, it is a waste. </trans>
<eg><i lang=""ceb"">Anúgun sa ímung nawung,</i><trans> I expected more of you. (Lit. Your nice face is just being wasted.) </trans></eg>
<eg><i lang=""ceb"">Anúgun nga walà siya dinhi,</i><trans> What a pity he’s not here! </trans></eg>
</sense></hom>
<hom role=""v""><pos>v</pos>
<sense n=""0""> <itype>[B1256; b6]</itype><trans> consider s.t. a waste. </trans>
<eg><i lang=""ceb"">Naanúgun na lang ang kwarta,</i><trans> The money just went to waste. </trans></eg>
<eg><i lang=""ceb"">Gianugnan ku sa mga patátas nga gipanglábay,</i><trans> I considered it a waste that the potatoes should be thrown away. </trans></eg>
</sense></hom>
<entry><form id=""panganuxgun"" lang=""ceb""><abbr expan=""panganúgun"" type=""lemma"">paN-</abbr></form>
<hom role=""v""><pos>v</pos>
<sense n=""0""> <itype>[A12]</itype><trans> feel bad about s.t. wasted. </trans>
<eg><i lang=""ceb"">Nanganúgun ku sa kwartang giusíkan,</i><trans> I feel bad about the money that went to waste.
</trans></eg>
</sense></hom></entry></entry>");
INSERT INTO `wced_head` (entryid, head, normalized_head, type, pos) VALUES (1015, "anúgun", "anugun", "m", "v");
INSERT INTO `wced_head` (entryid, head, normalized_head, type, pos) VALUES (1015, "panganúgun", "panganugun", "s", "v");
INSERT INTO `wced_entry` VALUES (1016, "anugut", "49", "<entry page=""49"" id=""1016""><form id=""anugut"" lang=""ceb"">anugut</form>
<hom role=""n""><pos>n</pos>
<sense n=""0""><trans> <tr>torch</tr> made from dried coconut blossom sheaths.
</trans>
</sense></hom></entry>");
INSERT INTO `wced_head` (entryid, head, normalized_head, type, pos) VALUES (1016, "anugut", "anugut", "m", "n");
INSERT INTO `wced_translation` (entryid, translation) VALUES (1016, "torch");
INSERT INTO `wced_entry` VALUES (1017, "anuhus", "49", "<entry page=""49"" id=""1017""><form id=""anuxhus"" lang=""ceb"">anúhus</form>
<hom>
<sense n=""0""><trans> = <xr lang=""ceb"" target=""#anuxus""><sc>anúus</sc></xr>.
</trans>
</sense></hom></entry>");
INSERT INTO `wced_head` (entryid, head, normalized_head, type, pos) VALUES (1017, "anúhus", "anuhus", "m", "");
INSERT INTO `wced_entry` VALUES (1018, "*anuk, *anuk", "49", "<entry page=""49"" id=""1018""><form id=""xxanuk_xxaxnuk"" lang=""ceb"">*anuk, *ánuk</form>
<entry><form id=""paanuk"" lang=""ceb""><abbr expan=""paanuk"" type=""lemma"">pa-</abbr></form>
<hom role=""v""><pos>v</pos>
<sense n=""0""> <itype>[A3; b(1)]</itype><trans> keep cooked food over the embers so that it will be evenly cooked. </trans>
<eg><i lang=""ceb"">Ayaw haúna inighubas, paanuki úsà,</i><trans> Don’t remove the pot when the water evaporates. Let it stay over the fire.
</trans></eg>
</sense></hom></entry></entry>");
INSERT INTO `wced_head` (entryid, head, normalized_head, type, pos) VALUES (1018, "anuk", "anuk", "s", "");
INSERT INTO `wced_head` (entryid, head, normalized_head, type, pos) VALUES (1018, "ánuk", "anuk", "s", "");
INSERT INTO `wced_head` (entryid, head, normalized_head, type, pos) VALUES (1018, "paanuk", "paanuk", "s", "v");
INSERT INTO `wced_entry` VALUES (1019, "anular", "49", "<entry page=""49"" id=""1019""><form id=""anular"" lang=""ceb"">anular</form>
<hom role=""v""><pos>v</pos>
<sense n=""0""> <itype>[A; a12]</itype><trans> <tr>annul</tr>, <tr>void</tr>. </trans>
<eg><i lang=""ceb"">Anulahun ang kuntrátu kay walay pirma,</i><trans> The contract will be annulled because it has no signature.
</trans></eg>
</sense></hom></entry>");
INSERT INTO `wced_head` (entryid, head, normalized_head, type, pos) VALUES (1019, "anular", "anular", "m", "v");
INSERT INTO `wced_translation` (entryid, translation) VALUES (1019, "annul");
INSERT INTO `wced_translation` (entryid, translation) VALUES (1019, "void");
INSERT INTO `wced_entry` VALUES (1020, "anumaliya", "49", "<entry page=""49"" id=""1020""><form id=""anumalixya"" lang=""ceb"">anumalíya</form>
<hom role=""n""><pos>n</pos>
<sense n=""0""><trans> <tr>anomaly</tr>, usually said euphemistically of fraudulent transactions.
</trans>
</sense></hom></entry>");
INSERT INTO `wced_head` (entryid, head, normalized_head, type, pos) VALUES (1020, "anumalíya", "anumaliya", "m", "n");
INSERT INTO `wced_translation` (entryid, translation) VALUES (1020, "anomaly");
INSERT INTO `wced_entry` VALUES (1021, "-anun", "49", "<entry page=""49"" id=""1021""><form id=""x-anun"" lang=""ceb"">-anun</form>
<hom>
<sense n=""0""><trans> adjective forming affix added to roots which are nouns and which usually occur in the alternant <ix>-nun,</ix> with the a of the penult dropped. </trans>
</sense>
<sense n=""1""><number>1</number><trans> having the characteristics of [noun]. </trans>
<eg><i lang=""ceb"">Hariánun nga balay,</i><trans> A palatial (lit. kingly) house. </trans></eg>
<eg><i lang=""ceb"">Yawan-ung hunàhúnà,</i><trans> Devilish thoughts. </trans></eg>
</sense>
<sense n=""2""><number>2</number><trans> being from [such-and-such] a place or like s.t. from that place. </trans>
<eg><i lang=""ceb"">Dagatnun nga mga binúhat,</i><trans> Creatures of the sea. </trans></eg>
<eg><i lang=""ceb"">Bul-ánun,</i><trans> One from Bohol. </trans></eg>
<eg><i lang=""ceb"">Bukidnun,</i><trans> A mountaineer.
</trans></eg>
</sense></hom></entry>");
INSERT INTO `wced_head` (entryid, head, normalized_head, type, pos) VALUES (1021, "-anun", "-anun", "m", "");
INSERT INTO `wced_entry` VALUES (1022, "an-un", "49", "<entry page=""49"" id=""1022""><form id=""an-un"" lang=""ceb"">an-un</form>
<hom>
<sense n=""0""><trans> = <xr lang=""ceb"" target=""#unsaxun""><sc>unsáun</sc></xr> (dialectal). <ix>see</ix> <xr lang=""ceb"" target=""#unsa""><sc>unsa</sc></xr>.
</trans>
</sense></hom></entry>");
INSERT INTO `wced_head` (entryid, head, normalized_head, type, pos) VALUES (1022, "an-un", "an-un", "m", "");
INSERT INTO `wced_entry` VALUES (1023, "anunang1", "49", "<entry page=""49"" id=""1023""><form id=""anuxnang"" lang=""ceb"">anúnang<sub>1</sub></form>
<hom role=""n""><pos>n</pos>
<sense n=""0""><trans> name given to <tr>sharks</tr> that look like sawfishes and guitarfishes.
</trans>
</sense></hom></entry>");
INSERT INTO `wced_head` (entryid, head, normalized_head, type, pos) VALUES (1023, "anúnang", "anunang", "s", "n");
INSERT INTO `wced_translation` (entryid, translation) VALUES (1023, "sharks");
INSERT INTO `wced_entry` VALUES (1024, "anunang2", "49", "<entry page=""49"" id=""1024""><form id=""anuxnang2"" lang=""ceb"">anúnang<sub>2</sub></form>
<hom role=""n""><pos>n</pos>
<sense n=""0""><trans> k.o. small tree with a yellow-white fruit like a cherry, round and with a single pit: <bio>Cordia dichotoma</bio>. The fruit is mucilaginous and is used for paste. A sticky sap in the inner portion of the bark is scraped off for poultices.
</trans>
</sense></hom></entry>");
INSERT INTO `wced_head` (entryid, head, normalized_head, type, pos) VALUES (1024, "anúnang", "anunang", "s", "n");
INSERT INTO `wced_entry` VALUES (1025, "anunas", "49", "<entry page=""49"" id=""1025""><form id=""anuxnas"" lang=""ceb"">anúnas</form>
<hom role=""n""><pos>n</pos>
<sense n=""0""><trans> k.o. heart-shaped fruit similar to <ix>átis</ix>: <bio><corr sic=""Anona"">Annona</corr> reticulata</bio>.
</trans>
</sense></hom></entry>");
INSERT INTO `wced_head` (entryid, head, normalized_head, type, pos) VALUES (1025, "anúnas", "anunas", "m", "n");
INSERT INTO `wced_entry` VALUES (1026, "anunimus", "49", "<entry page=""49"" id=""1026""><form id=""anunimus"" lang=""ceb"">anunimus</form>
<hom role=""n""><pos>n</pos>
<sense n=""0""><trans> <tr>anonymous</tr> person. </trans>
<eg><i lang=""ceb"">Anunimus ang nagpadala sa sulat,</i><trans> The person who sent the letter remained anonymous.
</trans></eg>
</sense></hom></entry>");
INSERT INTO `wced_head` (entryid, head, normalized_head, type, pos) VALUES (1026, "anunimus", "anunimus", "m", "n");
INSERT INTO `wced_translation` (entryid, translation) VALUES (1026, "anonymous");
INSERT INTO `wced_entry` VALUES (1027, "anunsiyu", "49", "<entry page=""49"" id=""1027""><form id=""anunsiyu"" lang=""ceb"">anunsiyu</form>
<hom role=""n""><pos>n</pos>
<sense n=""0""><trans> <tr>announcement</tr>. </trans>
</sense></hom>
<hom role=""v""><pos>v</pos>
<sense n=""0""> <itype>[A; c]</itype><trans> <tr>announce</tr>. </trans>
<eg><i lang=""ceb"">Ianunsiyu sa radyu,</i><trans> Announce it over the radio.
</trans></eg>
</sense></hom></entry>");
INSERT INTO `wced_head` (entryid, head, normalized_head, type, pos) VALUES (1027, "anunsiyu", "anunsiyu", "m", "nv");
INSERT INTO `wced_translation` (entryid, translation) VALUES (1027, "announcement");
INSERT INTO `wced_translation` (entryid, translation) VALUES (1027, "announce");
INSERT INTO `wced_entry` VALUES (1028, "anunugba", "49", "<entry page=""49"" id=""1028""><form id=""anunugba"" lang=""ceb"">anunugba</form>
<hom>
<sense n=""0""><trans> (from <ix>sugba</ix>) </trans>
</sense></hom>
<hom role=""n""><pos>n</pos>
<sense n=""0""><trans> <tr>moth</tr> that gathers around a light at night. </trans>
</sense></hom>
<hom role=""v""><pos>v</pos>
<sense n=""0""> <itype>[B1256]</itype><trans> be, become a moth.
</trans>
</sense></hom></entry>");
INSERT INTO `wced_head` (entryid, head, normalized_head, type, pos) VALUES (1028, "anunugba", "anunugba", "m", "nv");
INSERT INTO `wced_translation` (entryid, translation) VALUES (1028, "moth");
INSERT INTO `wced_entry` VALUES (1029, "anunugbu", "49", "<entry page=""49"" id=""1029""><form id=""anunugbu"" lang=""ceb"">anunugbu</form>
<hom>
<sense n=""0""><trans> (from <ix>sugbu</ix>) </trans>
</sense></hom>
<hom role=""n""><pos>n</pos>
<sense n=""0""><trans> k.o. brown edible fresh-water crab reaching <measure reg=""7.7 cm"">3″</measure> in diameter, usually used as bait in <ix>bantak</ix> fishing.
</trans>
</sense></hom></entry>");
INSERT INTO `wced_head` (entryid, head, normalized_head, type, pos) VALUES (1029, "anunugbu", "anunugbu", "m", "n");
INSERT INTO `wced_entry` VALUES (1030, "anupug", "49", "<entry page=""49"" id=""1030""><form id=""anupug"" lang=""ceb"">anupug</form>
<hom>
<sense n=""0""><trans> = <xr lang=""ceb"" target=""#anapug""><sc>anapug</sc></xr>.
</trans>
</sense></hom></entry>");
INSERT INTO `wced_head` (entryid, head, normalized_head, type, pos) VALUES (1030, "anupug", "anupug", "m", "");
INSERT INTO `wced_entry` VALUES (1031, "anup-up", "49", "<entry page=""49"" id=""1031""><form id=""anup-up"" lang=""ceb"">anup-up</form>
<hom>
<sense n=""0""><trans> = <xr lang=""ceb"" target=""#alup""><sc>alup</sc></xr>.

</trans>
</sense></hom></entry>");
INSERT INTO `wced_head` (entryid, head, normalized_head, type, pos) VALUES (1031, "anup-up", "anup-up", "m", "");
INSERT INTO `wced_entry` VALUES (1032, "anur", "49", "<entry page=""49"" id=""1032""><form id=""axnur"" lang=""ceb"">ánur</form>
<hom role=""a""><pos>a</pos>
<sense n=""0""><trans> an <tr>honor student</tr>. </trans>
</sense></hom>
<hom role=""v""><pos>v</pos>
<sense n=""0""> <itype>[B1236]</itype><trans> make the honor roll. </trans>
<eg><i lang=""ceb"">Nakaánur (naánur) ku kas-a,</i><trans> I made the honor roll once. </trans></eg>
</sense></hom>
<entry><form id=""axnur_rul"" lang=""ceb""><abbr expan=""ánur"" type=""lemma"">—</abbr> rul</form>
<hom>
<sense n=""0""><trans> <tr>honor roll</tr>. </trans>
</sense></hom>
<hom role=""v""><pos>v</pos>
<sense n=""0""><trans> = <xr lang=""ceb"" target=""#axnur""><sc>ánur</sc></xr>.
</trans>
</sense></hom></entry></entry>");
INSERT INTO `wced_head` (entryid, head, normalized_head, type, pos) VALUES (1032, "ánur", "anur", "m", "av");
INSERT INTO `wced_head` (entryid, head, normalized_head, type, pos) VALUES (1032, "ánur rul", "anur rul", "s", "v");
INSERT INTO `wced_translation` (entryid, translation) VALUES (1032, "honor student");
INSERT INTO `wced_translation` (entryid, translation) VALUES (1032, "honor roll");
INSERT INTO `wced_entry` VALUES (1033, "anus-a", "49", "<entry page=""49"" id=""1033""><form id=""anus-a"" lang=""ceb"">anus-a</form>
<hom>
<sense n=""0""><trans> <tr>when</tr>? (future). </trans>
<eg><i lang=""ceb"">Anus-a nímu dad-a?</i><trans> When will you bring it? </trans></eg>
<eg><i lang=""ceb"">Anus-a pa gud ku mutúu!</i><trans> I certainly would not believe that! (Lit. When would I ever believe that?)
</trans></eg>
</sense></hom></entry>");
INSERT INTO `wced_head` (entryid, head, normalized_head, type, pos) VALUES (1033, "anus-a", "anus-a", "m", "");
INSERT INTO `wced_translation` (entryid, translation) VALUES (1033, "when");
INSERT INTO `wced_entry` VALUES (1034, "anut", "49", "<entry page=""49"" id=""1034""><form id=""anut"" lang=""ceb"">anut</form>
<hom role=""n""><pos>n</pos>
<sense n=""0""><trans> <tr>second growth</tr>. </trans>
</sense></hom>
<hom role=""v""><pos>v</pos>
<sense n=""0""> <itype>[B13(1)6; b4]</itype><trans> become a second-growth forest. </trans>
<eg><i lang=""ceb"">Ang kaíngin <pb n=""50""/>kaniadtu hápit na pud maanut,</i><trans> What was once a clearing is now practically a jungle again.
</trans></eg>
</sense></hom></entry>");
INSERT INTO `wced_head` (entryid, head, normalized_head, type, pos) VALUES (1034, "anut", "anut", "m", "nv");
INSERT INTO `wced_translation` (entryid, translation) VALUES (1034, "second growth");
INSERT INTO `wced_entry` VALUES (1035, "anutasiyun", "50", "<entry page=""50"" id=""1035""><form id=""anutasiyun"" lang=""ceb"">anutasiyun</form>
<hom role=""n""><pos>n</pos>
<sense n=""0""><trans> annotation.
</trans>
</sense></hom></entry>");
INSERT INTO `wced_head` (entryid, head, normalized_head, type, pos) VALUES (1035, "anutasiyun", "anutasiyun", "m", "n");
INSERT INTO `wced_entry` VALUES (1036, "anuus", "50", "<entry page=""50"" id=""1036""><form id=""anuxus"" lang=""ceb"">anúus</form>
<hom role=""n""><pos>n</pos>
<sense n=""0""><trans> <tr>soot</tr>. </trans>
</sense></hom>
<entry><form id=""anak_sa_anuxus"" lang=""ceb"">anak sa <abbr expan=""anúus"" type=""lemma"">—</abbr></form>
<hom>
<sense n=""0""><trans> a very dark-complexioned person. </trans>
</sense></hom>
<hom role=""v""><pos>v</pos>
<sense n=""0""> <itype>[A23; b(1)]</itype><trans> give off soot. </trans>
<eg><i lang=""ceb"">Ug muanúus ang sugà, pagamyi ang pabílu,</i><trans> If the lamp gives off soot, shorten the wick.
</trans></eg>
</sense></hom></entry></entry>");
INSERT INTO `wced_head` (entryid, head, normalized_head, type, pos) VALUES (1036, "anúus", "anuus", "m", "n");
INSERT INTO `wced_head` (entryid, head, normalized_head, type, pos) VALUES (1036, "anak sa anúus", "anak sa anuus", "s", "v");
INSERT INTO `wced_translation` (entryid, translation) VALUES (1036, "soot");
INSERT INTO `wced_entry` VALUES (1037, "anuwal", "50", "<entry page=""50"" id=""1037""><form id=""anuwal"" lang=""ceb"">anuwal</form>
<hom role=""n""><pos>n</pos>
<sense n=""0""><trans> a school <tr>yearbook</tr>. </trans>
</sense></hom>
<hom role=""v""><pos>v</pos>
<sense n=""0""> <itype>[A1]</itype><trans> publish, get a yearbook.
</trans>
</sense></hom></entry>");
INSERT INTO `wced_head` (entryid, head, normalized_head, type, pos) VALUES (1037, "anuwal", "anuwal", "m", "nv");
INSERT INTO `wced_translation` (entryid, translation) VALUES (1037, "yearbook");
INSERT INTO `wced_entry` VALUES (1038, "anyag", "50", "<entry page=""50"" id=""1038""><form id=""anyag"" lang=""ceb"">anyag</form>
<hom role=""a""><pos>a</pos>
<sense n=""0""><trans> for s.t. in nature or women <tr>to be beautiful</tr>. </trans>
</sense></hom>
<hom role=""v""><pos>v</pos>
<sense n=""0""> <itype>[AB2; b5]</itype><trans> become, make beautiful. </trans>
<eg><i lang=""ceb"">Naanyag si Maríya human siya mamulbus,</i><trans> Maria became beautiful after she powdered herself. </trans></eg>
</sense></hom>
<entry><form id=""kaanyag"" lang=""ceb""><abbr expan=""kaanyag"" type=""lemma"">ka-</abbr></form>
<hom role=""n""><pos>n</pos>
<sense n=""0""><trans> <tr>beauty</tr>. </trans>
<eg><i lang=""ceb"">Ang kaanyag sa palíbut,</i><trans> The beauty of the surroundings. </trans></eg>
</sense></hom></entry>
<entry><form id=""maanyag"" lang=""ceb""><abbr expan=""maanyag"" type=""lemma"">ma-</abbr></form>
<hom role=""a""><pos>a</pos>
<sense n=""0""><trans> <tr>beautiful</tr>.
</trans>
</sense></hom></entry></entry>");
INSERT INTO `wced_head` (entryid, head, normalized_head, type, pos) VALUES (1038, "anyag", "anyag", "m", "av");
INSERT INTO `wced_head` (entryid, head, normalized_head, type, pos) VALUES (1038, "kaanyag", "kaanyag", "s", "n");
INSERT INTO `wced_head` (entryid, head, normalized_head, type, pos) VALUES (1038, "maanyag", "maanyag", "s", "a");
INSERT INTO `wced_translation` (entryid, translation) VALUES (1038, "to be beautiful");
INSERT INTO `wced_translation` (entryid, translation) VALUES (1038, "beauty");
INSERT INTO `wced_translation` (entryid, translation) VALUES (1038, "beautiful");
INSERT INTO `wced_entry` VALUES (1039, "anyil", "50", "<entry page=""50"" id=""1039""><form id=""anyil"" lang=""ceb"">anyil</form>
<hom role=""n""><pos>n</pos>
<sense n=""0""><trans> <tr>bluing</tr> for wash. </trans>
</sense></hom>
<hom role=""v""><pos>v</pos>
<sense n=""0""> <itype>[A; b6]</itype><trans> put bluing in wash.†

</trans>
</sense></hom></entry>");
INSERT INTO `wced_head` (entryid, head, normalized_head, type, pos) VALUES (1039, "anyil", "anyil", "m", "nv");
INSERT INTO `wced_translation` (entryid, translation) VALUES (1039, "bluing");
INSERT INTO `wced_entry` VALUES (1040, "anyu", "50", "<entry page=""50"" id=""1040""><form id=""anyu"" lang=""ceb"">anyu</form>
<hom role=""n""><pos>n</pos>
<sense n=""1""><number>1</number><trans> a certain <tr>year</tr>. </trans>
<eg><i lang=""ceb"">Unsang anyúha ka matáwu?</i><trans> What year were you born? </trans></eg>
</sense>
<sense n=""2""><number>2</number><trans> [such-and-such] a grade, year in school. </trans>
<eg><i lang=""ceb"">Ang ákung bátà sigundu anyu na sa hayskul,</i><trans> My son is already a sophomore in high school. </trans></eg>
</sense></hom>
<entry><form id=""anyu_nuybu"" lang=""ceb""><abbr expan=""anyu"" type=""lemma"">—</abbr> nuybu</form>
<hom>
<sense n=""0""><trans> New Year. </trans>
</sense></hom>
<hom role=""v""><pos>v</pos>
<sense n=""1""><number>1</number> <itype>[AN]</itype><trans> celebrate New Year’s. </trans>
<eg><i lang=""ceb"">Manganyu nuybu (mag-anyu nuybu) ku dinhi,</i><trans> I will celebrate New Year’s here. </trans></eg>
</sense>
<sense n=""2""><number>2</number> <itype>[B256]</itype><trans> get to be New Year’s<corr>.</corr>
</trans>
</sense></hom></entry></entry>");
INSERT INTO `wced_head` (entryid, head, normalized_head, type, pos) VALUES (1040, "anyu", "anyu", "m", "n");
INSERT INTO `wced_head` (entryid, head, normalized_head, type, pos) VALUES (1040, "anyu nuybu", "anyu nuybu", "s", "v");
INSERT INTO `wced_translation` (entryid, translation) VALUES (1040, "year");
INSERT INTO `wced_entry` VALUES (1041, "anyus", "50", "<entry page=""50"" id=""1041""><form id=""anyus"" lang=""ceb"">anyus</form>
<hom>
<sense n=""0""><trans> following a number of Spanish origin: [so-and-so] many <tr>years</tr>. </trans>
<eg><i lang=""ceb"">Bayinti anyus na ku dinhi,</i><trans> I have been here for twenty years.
</trans></eg>
</sense></hom></entry>");
INSERT INTO `wced_head` (entryid, head, normalized_head, type, pos) VALUES (1041, "anyus", "anyus", "m", "");
INSERT INTO `wced_translation` (entryid, translation) VALUES (1041, "years");
INSERT INTO `wced_entry` VALUES (1042, "apa", "50", "<entry page=""50"" id=""1042""><form id=""apa"" lang=""ceb"">apa</form>
<hom>
<sense n=""0""><trans> = <xr lang=""ceb"" target=""#apla""><sc>apla</sc></xr>.
</trans>
</sense></hom></entry>");
INSERT INTO `wced_head` (entryid, head, normalized_head, type, pos) VALUES (1042, "apa", "apa", "m", "");
INSERT INTO `wced_entry` VALUES (1043, "apa", "50", "<entry page=""50"" id=""1043""><form id=""axpa"" lang=""ceb"">ápa</form>
<hom role=""n""><pos>n</pos>
<sense n=""0""><trans> thin pastry of the sort used as ice cream cones or wrappers of egg rolls. </trans>
</sense>
<sense n=""1a""><number>1a</number><trans> <tr>ice cream cone</tr>. </trans>
</sense>
<sense n=""1b""><number>1b</number><trans> by extension, <tr>crackers</tr>. </trans>
</sense></hom>
<hom role=""v""><pos>v</pos>
<sense n=""0""> <itype>[A1; a12]</itype><trans> make, make into thin pastry.
</trans>
</sense></hom></entry>");
INSERT INTO `wced_head` (entryid, head, normalized_head, type, pos) VALUES (1043, "ápa", "apa", "m", "nv");
INSERT INTO `wced_translation` (entryid, translation) VALUES (1043, "ice cream cone");
INSERT INTO `wced_translation` (entryid, translation) VALUES (1043, "crackers");
INSERT INTO `wced_entry` VALUES (1044, "apahap", "50", "<entry page=""50"" id=""1044""><form id=""apaxhap"" lang=""ceb"">apáhap</form>
<hom>
<sense n=""0""><trans> = <xr lang=""ceb"" target=""#alapaxhap""><sc>alapáhap</sc></xr>.
</trans>
</sense></hom></entry>");
INSERT INTO `wced_head` (entryid, head, normalized_head, type, pos) VALUES (1044, "apáhap", "apahap", "m", "");
INSERT INTO `wced_entry` VALUES (1045, "apali", "50", "<entry page=""50"" id=""1045""><form id=""apaxli"" lang=""ceb"">apáli</form>
<hom role=""n""><pos>n</pos>
<sense n=""0""><trans> k.o. oval-shaped, smooth-textured <tr>yam</tr>, cultivated and growing wild: <bio>Dioscorea esculenta</bio>.
</trans>
</sense></hom></entry>");
INSERT INTO `wced_head` (entryid, head, normalized_head, type, pos) VALUES (1045, "apáli", "apali", "m", "n");
INSERT INTO `wced_translation` (entryid, translation) VALUES (1045, "yam");
INSERT INTO `wced_entry` VALUES (1046, "apan1", "50", "<entry page=""50"" id=""1046""><form id=""apan"" lang=""ceb"">apan<sub>1</sub></form>
<hom>
<sense n=""0""><trans> <tr>but</tr>, on the contrary. </trans>
</sense></hom>
<hom role=""n""><pos>n</pos>
<sense n=""0""><trans> <tr>defect</tr> in a person. </trans>
<eg><i lang=""ceb"">Táwu nga walay apan,</i><trans> A person without defect. </trans></eg>
</sense></hom>
<hom role=""v""><pos>v</pos>
<sense n=""0""> <itype>[A12]</itype><trans> constitute the defect in s.o. or s.t. </trans>
<eg><i lang=""ceb"">Maáyu ang lawlaw. Ang nakaapan bukugun,</i><trans> Salted sardines are good; the only thing wrong with them is that they are boney. </trans></eg>
</sense></hom>
<entry><form id=""apan-axpan"" lang=""ceb"">apan-ápan</form>
<hom role=""v""><pos>v</pos>
<sense n=""0""> <itype>[A13; b6]</itype><trans> keep saying ‘but’ to avoid doing s.t. </trans>
<eg><i lang=""ceb"">Lakaw na, way apan-ápan,</i><trans> Get going, no but’s about it. </trans></eg>
<eg><i lang=""ceb"">Mag-apan-ápan siyag sugúun,</i><trans> He keeps saying ‘but’ when you tell him to do s.t.
</trans></eg>
</sense></hom></entry></entry>");
INSERT INTO `wced_head` (entryid, head, normalized_head, type, pos) VALUES (1046, "apan", "apan", "s", "nv");
INSERT INTO `wced_head` (entryid, head, normalized_head, type, pos) VALUES (1046, "apan-ápan", "apan-apan", "s", "v");
INSERT INTO `wced_translation` (entryid, translation) VALUES (1046, "but");
INSERT INTO `wced_translation` (entryid, translation) VALUES (1046, "defect");
INSERT INTO `wced_entry` VALUES (1047, "apan2, apan-apan1", "50", "<entry page=""50"" id=""1047""><form id=""apan2_apan-apan"" lang=""ceb"">apan<sub>2</sub>, apan-apan<sub>1</sub></form>
<hom>
<sense n=""0""><trans> = <xr lang=""ceb"" target=""#alisiwsiw""><sc>alisiwsiw</sc></xr>.
</trans>
</sense></hom></entry>");
INSERT INTO `wced_head` (entryid, head, normalized_head, type, pos) VALUES (1047, "apan", "apan", "s", "");
INSERT INTO `wced_head` (entryid, head, normalized_head, type, pos) VALUES (1047, "apan-apan", "apan-apan", "s", "");
INSERT INTO `wced_entry` VALUES (1048, "apan-apan2", "50", "<entry page=""50"" id=""1048""><form id=""apan-apan2"" lang=""ceb"">apan-apan<sub>2</sub></form>
<hom role=""n""><pos>n</pos>
<sense n=""0""><trans> dish prepared from the young stems of <ix>kangkung</ix> cut into strips, cooked with spices and vinegar. </trans>
</sense></hom>
<hom role=""v""><pos>v</pos>
<sense n=""0""> <itype>[A; c1]</itype><trans> prepare <ix>apan-apan.</ix>
</trans>
</sense></hom></entry>");
INSERT INTO `wced_head` (entryid, head, normalized_head, type, pos) VALUES (1048, "apan-apan", "apan-apan", "s", "nv");
INSERT INTO `wced_entry` VALUES (1049, "ap-andawun", "50", "<entry page=""50"" id=""1049""><form id=""ap-andawun"" lang=""ceb"">ap-andawun</form>
<hom role=""n""><pos>n</pos>
<sense n=""0""><trans> the situation in a game of mahjong where to obtain mahjong (go out) the player needs to complete only a single straight (sequences of three pieces in numerical order) such that either the lower number of the higher number will complete the sequence. E.g., if a player is complete for mahjong except for one straight for which he has only the pieces five and six, he needs either seven or four to make the straight complete and get mahjong, and thus he is in the <ix>ap-andawun</ix> situation.
</trans>
</sense></hom></entry>");
INSERT INTO `wced_head` (entryid, head, normalized_head, type, pos) VALUES (1049, "ap-andawun", "ap-andawun", "m", "n");
INSERT INTO `wced_entry` VALUES (1050, "ap-ap", "50", "<entry page=""50"" id=""1050""><form id=""ap-ap"" lang=""ceb"">ap-ap</form>
<hom>
<sense n=""0""><trans> = <xr lang=""ceb"" target=""#alap-ap""><sc>alap-ap</sc></xr>.

</trans>
</sense></hom></entry>");
INSERT INTO `wced_head` (entryid, head, normalized_head, type, pos) VALUES (1050, "ap-ap", "ap-ap", "m", "");
INSERT INTO `wced_entry` VALUES (1051, "apapangig", "50", "<entry page=""50"" id=""1051""><form id=""apapaxngig"" lang=""ceb"">apapángig</form>
<hom role=""n""><pos>n</pos>
<sense n=""0""><trans> <tr>jaws</tr>. </trans>
</sense></hom>
<hom role=""v""><pos>v</pos>
<sense n=""0""> <itype>[a12]</itype><trans> hit in the jaw. </trans>
</sense></hom>
<entry><form id=""apapaxngigun"" lang=""ceb""><abbr expan=""apapángigun"" type=""lemma"">-un</abbr></form>
<hom role=""a""><pos>a</pos>
<sense n=""0""><trans> have prominent jaws. </trans>
</sense></hom>
<hom role=""v""><pos>v</pos>
<sense n=""0""> <itype>[B1246]</itype><trans> get a prominent jaw.
</trans>
</sense></hom></entry></entry>");
INSERT INTO `wced_head` (entryid, head, normalized_head, type, pos) VALUES (1051, "apapángig", "apapangig", "m", "nv");
INSERT INTO `wced_head` (entryid, head, normalized_head, type, pos) VALUES (1051, "apapángigun", "apapangigun", "s", "av");
INSERT INTO `wced_translation` (entryid, translation) VALUES (1051, "jaws");
INSERT INTO `wced_entry` VALUES (1052, "aparadur", "50", "<entry page=""50"" id=""1052""><form id=""aparadur"" lang=""ceb"">aparadur</form>
<hom role=""n""><pos>n</pos>
<sense n=""0""><trans> <tr>wardrobe</tr>, <tr>cupboard</tr>. </trans>
<eg><i lang=""ceb"">Ibutang ang sud-an sa aparadur,</i><trans> Put the food in the cupboard. </trans></eg>
</sense></hom>
<hom role=""v""><pos>v</pos>
<sense n=""0""> <itype>[a12]</itype><trans> make into cupboard, wardrobe.
</trans>
</sense></hom></entry>");
INSERT INTO `wced_head` (entryid, head, normalized_head, type, pos) VALUES (1052, "aparadur", "aparadur", "m", "nv");
INSERT INTO `wced_translation` (entryid, translation) VALUES (1052, "wardrobe");
INSERT INTO `wced_translation` (entryid, translation) VALUES (1052, "cupboard");
INSERT INTO `wced_entry` VALUES (1053, "aparatu", "50", "<entry page=""50"" id=""1053""><form id=""aparaxtu"" lang=""ceb"">aparátu</form>
<hom role=""n""><pos>n</pos>
<sense n=""0""><trans> <tr>apparatus</tr>.
</trans>
</sense></hom></entry>");
INSERT INTO `wced_head` (entryid, head, normalized_head, type, pos) VALUES (1053, "aparátu", "aparatu", "m", "n");
INSERT INTO `wced_translation` (entryid, translation) VALUES (1053, "apparatus");
INSERT INTO `wced_entry` VALUES (1054, "aparisyun", "50", "<entry page=""50"" id=""1054""><form id=""aparisyun"" lang=""ceb"">aparisyun</form>
<hom role=""n""><pos>n</pos>
<sense n=""0""><trans> <tr>apparition</tr>.
</trans>
</sense></hom></entry>");
INSERT INTO `wced_head` (entryid, head, normalized_head, type, pos) VALUES (1054, "aparisyun", "aparisyun", "m", "n");
INSERT INTO `wced_translation` (entryid, translation) VALUES (1054, "apparition");
INSERT INTO `wced_entry` VALUES (1055, "apartmin, apartmint", "50", "<entry page=""50"" id=""1055""><form id=""apartmin_apartmint"" lang=""ceb"">apartmin, apartmint</form>
<hom role=""n""><pos>n</pos>
<sense n=""0""><trans> <tr>apartment</tr>. </trans>
</sense></hom>
<hom role=""v""><pos>v</pos>
<sense n=""0""> <itype>[A1; a2]</itype><trans> get, make, make into apartments.
</trans>
</sense></hom></entry>");
INSERT INTO `wced_head` (entryid, head, normalized_head, type, pos) VALUES (1055, "apartmin", "apartmin", "s", "nv");
INSERT INTO `wced_head` (entryid, head, normalized_head, type, pos) VALUES (1055, "apartmint", "apartmint", "s", "nv");
INSERT INTO `wced_translation` (entryid, translation) VALUES (1055, "apartment");
INSERT INTO `wced_entry` VALUES (1056, "apas", "50", "<entry page=""50"" id=""1056""><form id=""axpas"" lang=""ceb"">ápas</form>
<hom role=""v""><pos>v</pos>
<sense n=""1""><number>1</number> <itype>[A2; a12b2]</itype><trans> follow and catch up with. </trans>
<eg><i lang=""ceb"">Muápas níya ang íyang asáwa sa Rúma,</i><trans> His wife will join him in Rome. </trans></eg>
</sense>
<sense n=""2""><number>2</number> <itype>[A; a12]</itype><trans> go after s.o. to bring him home. </trans>
<eg><i lang=""ceb"">Apása siya sa iskuyláhan,</i><trans> Go get him at school. </trans></eg>
</sense>
<sense n=""3""><number>3</number> <itype>[A; a12]</itype><trans> go as high as [such-and-such] an amount in buying s.t. </trans>
<eg><i lang=""ceb"">Dílì ku muápas (muapas) ug bayinti sa ímung bábuy,</i><trans> I will not go as high as twenty for your pig. </trans></eg>
</sense></hom>
<hom role=""n""><pos>n</pos>
<sense n=""1""><number>1</number><trans> amount offered in bargaining after an original offer was made. </trans>
<eg><i lang=""ceb"">Kwatru ni. Dì mahímug tris. Pilay ímung ápas?</i><trans> This costs four pesos. Three is not enough. How high will you offer? </trans></eg>
</sense>
<sense n=""2""><number>2</number><trans> s.t. uttered to s.o. leaving as a reminder. </trans>
<eg><i lang=""ceb"">Ápas pahinumdum,</i><trans> A reminder as he is leaving. </trans></eg>
</sense>
<sense n=""3""><number>3</number> <form id=""axpas_sumpay"" lang=""ceb""><abbr expan=""ápas"" type=""lemma"">—</abbr> sumpay</form><trans> </trans>
</sense></hom>
<hom role=""n""><pos>n</pos>
<sense n=""0""><trans> <tr>sequel</tr>. </trans>
<eg><i lang=""ceb"">Ang ‘Fili’ ni Risal ápas sumpay sa íyang ‘Noli’,</i><trans> Rizal’s ‘Fili’ is a sequel to his ‘Noli’. </trans></eg>
</sense></hom>
<entry><form id=""apas"" lang=""ceb""><abbr expan=""apas"" type=""lemma"">(→)</abbr></form>
<hom>
<sense n=""1""><number>1</number><trans> = <xr lang=""ceb"" target=""#axpas""><sc>ápas</sc></xr>, <bx>3</bx>. </trans>
</sense>
<sense n=""2""><number>2</number> <itype>[A12; b(1)]</itype><trans> <tr>catch up</tr>, <tr>overtake</tr>. </trans>
<eg><i lang=""ceb"">Dì ku makaapas nímu sa lumbà,</i><trans> I can not overtake you in a foot race. </trans></eg>
<eg><i lang=""ceb"">Hiapsan ku sa ulan,</i><trans> I will be caught in the rain. </trans></eg>
</sense>
<sense n=""3""><number>3</number> <itype>[A12; a3]</itype><trans> get meaning of. </trans>
<eg><i lang=""ceb"">Dílì nákù maapas ang íyang gisulti,</i><trans> I cannot get what he’s talking about. </trans></eg>
</sense>
<sense n=""4""><number>4</number> <itype>[A12; a2]</itype><trans> <tr>keep up</tr> with work. </trans>
<eg><i lang=""ceb"">Dílì siya makaapas ug utaw sa ákung paglaba,</i><trans> He cannot keep ironing as fast as I wash. </trans></eg>
<eg><i lang=""ceb"">Apasun ku ning trabáhu,</i><trans> I will keep up with the work. </trans></eg>
</sense>
<sense n=""5""><number>5</number><trans> <tr>effect</tr> s.t. </trans>
<eg><i lang=""ceb"">Dílì maapas sa tambal,</i><trans> The medicine cannot help. </trans></eg>
</sense>
<sense n=""6""><number>6</number> <itype>[A13; a12]</itype><trans> be after s.t. </trans>
<eg><i lang=""ceb"">Nag-apas ka lang sa íyang sápì,</i><trans> You’re only after her money. </trans></eg>
</sense></hom></entry>
<entry><form id=""apas-apas"" lang=""ceb"">apas-apas</form>
<hom role=""v""><pos>v</pos>
<sense n=""0""> <itype>[A]</itype><trans> keep doing one after another. </trans>
<eg><i lang=""ceb"">Nag-apas-apas ug abut ang mga bisíta,</i><trans> The <pb n=""51""/>visitors kept coming, one after another. </trans></eg>
</sense></hom></entry>
<entry><form id=""apas-axpas"" lang=""ceb"">apas-ápas</form>
<hom role=""v""><pos>v</pos>
<sense n=""0""> <itype>[A; a12]</itype><trans> <tr>run</tr> after. </trans>
<eg><i lang=""ceb"">Giapas-ápas siya sa íyang trátu,</i><trans> Her boyfriend ran after her. </trans></eg>
</sense></hom></entry>
<entry><form id=""paaxpas"" lang=""ceb""><abbr expan=""paápas"" type=""lemma"">pa-</abbr></form>
<hom>
<sense n=""0""><trans> = <xr lang=""ceb"" target=""#paagpas""><sc>paagpas</sc></xr>. <ix>see</ix> <xr lang=""ceb"" target=""#agpas""><sc>agpas</sc></xr>. </trans>
</sense></hom></entry>
<entry><form id=""apsunun_alapsunun"" lang=""ceb"">apsunun, alapsunun</form>
<hom role=""a""><pos>a</pos>
<sense n=""0""><trans> requiring instant attention. </trans>
<eg><i lang=""ceb"">Ayaw kug langána kay apsunun ning trabáhu,</i><trans> Don’t delay me because this work needs instant attention.

</trans></eg>
</sense></hom></entry></entry>");
INSERT INTO `wced_head` (entryid, head, normalized_head, type, pos) VALUES (1056, "ápas", "apas", "m", "vnn");
INSERT INTO `wced_head` (entryid, head, normalized_head, type, pos) VALUES (1056, "ápas sumpay", "apas sumpay", "s", "");
INSERT INTO `wced_head` (entryid, head, normalized_head, type, pos) VALUES (1056, "apas", "apas", "s", "");
INSERT INTO `wced_head` (entryid, head, normalized_head, type, pos) VALUES (1056, "apas-apas", "apas-apas", "s", "v");
INSERT INTO `wced_head` (entryid, head, normalized_head, type, pos) VALUES (1056, "apas-ápas", "apas-apas", "s", "v");
INSERT INTO `wced_head` (entryid, head, normalized_head, type, pos) VALUES (1056, "paápas", "paapas", "s", "");
INSERT INTO `wced_head` (entryid, head, normalized_head, type, pos) VALUES (1056, "apsunun", "apsunun", "s", "a");
INSERT INTO `wced_head` (entryid, head, normalized_head, type, pos) VALUES (1056, "alapsunun", "alapsunun", "s", "a");
INSERT INTO `wced_translation` (entryid, translation) VALUES (1056, "sequel");
INSERT INTO `wced_translation` (entryid, translation) VALUES (1056, "catch up");
INSERT INTO `wced_translation` (entryid, translation) VALUES (1056, "overtake");
INSERT INTO `wced_translation` (entryid, translation) VALUES (1056, "keep up");
INSERT INTO `wced_translation` (entryid, translation) VALUES (1056, "effect");
INSERT INTO `wced_translation` (entryid, translation) VALUES (1056, "run");
INSERT INTO `wced_entry` VALUES (1057, "apat", "51", "<entry page=""51"" id=""1057""><form id=""apat"" lang=""ceb"">apat</form>
<hom>
<sense n=""0""><trans> [so-and-so] would be, would have been better. </trans>
<eg><i lang=""ceb"">Apat magtuun ka kay sa magdúlà,</i><trans> You’d do better to study than to play. </trans></eg>
<eg><i lang=""ceb"">Apat pag ímung gipalit ug baktin,</i><trans> You would have done better to buy a pig with the money. </trans></eg>
</sense></hom>
<entry><form id=""apat_kay"" lang=""ceb""><abbr expan=""apat"" type=""lemma"">—</abbr> kay</form>
<hom>
<sense n=""0""><trans> the situation was fine except s.t. happened to make it bad. </trans>
<eg><i lang=""ceb"">Apat kay wà tà tu maghilak, ímung gihilabtan,</i><trans> He wasn’t crying. What did you have to mess with him for? </trans></eg>
<eg><i lang=""ceb"">Apat kay dì ku muuban, gipugus. Naapil ku sa kasábà,</i><trans> I didn’t want to go with you, but you forced me. Now I got in trouble along with you. </trans></eg>
</sense></hom>
<hom role=""n""><pos>n</pos>
<sense n=""0""><trans> action of saying ‘<ix>apat</ix>’. </trans>
<eg><i lang=""ceb"">Walay apat nga mag-una,</i><trans> The <ix>apat</ix> (‘it would have been better’) always comes afterwards.
</trans></eg>
</sense></hom></entry></entry>");
INSERT INTO `wced_head` (entryid, head, normalized_head, type, pos) VALUES (1057, "apat", "apat", "m", "");
INSERT INTO `wced_head` (entryid, head, normalized_head, type, pos) VALUES (1057, "apat kay", "apat kay", "s", "n");
INSERT INTO `wced_entry` VALUES (1058, "apaw", "51", "<entry page=""51"" id=""1058""><form id=""axpaw"" lang=""ceb"">ápaw</form>
<hom role=""v""><pos>v</pos>
<sense n=""0""> <itype>[B23(1); b(1)]</itype><trans> for the surface level of water to rise above s.t. </trans>
<eg><i lang=""ceb"">Wà maápaw ang túbig sa bugas,</i><trans> The water was not enough to submerge the rice. </trans></eg>
<eg><i lang=""ceb"">Muápaw ang bahà sa taytáyan ug mukusug ang ulan,</i><trans> The flood will rise above the bridge if there is a downpour. </trans></eg>
<eg><i lang=""ceb"">Giapáwan sa sabaw ang sálad,</i><trans> The salad was submerged in the sauce.
</trans></eg>
</sense></hom></entry>");
INSERT INTO `wced_head` (entryid, head, normalized_head, type, pos) VALUES (1058, "ápaw", "apaw", "m", "v");
INSERT INTO `wced_entry` VALUES (1059, "apay1", "51", "<entry page=""51"" id=""1059""><form id=""apay"" lang=""ceb"">apay<sub>1</sub></form>
<hom role=""n""><pos>n</pos>
<sense n=""0""><trans> <tr>salad</tr> made of sweet potato tops. </trans>
</sense></hom>
<hom role=""v""><pos>v</pos>
<sense n=""0""> <itype>[A; a]</itype><trans> prepare a salad of sweet potato tops.
</trans>
</sense></hom></entry>");
INSERT INTO `wced_head` (entryid, head, normalized_head, type, pos) VALUES (1059, "apay", "apay", "s", "nv");
INSERT INTO `wced_translation` (entryid, translation) VALUES (1059, "salad");
INSERT INTO `wced_entry` VALUES (1060, "apay2", "51", "<entry page=""51"" id=""1060""><form id=""apay2"" lang=""ceb"">apay<sub>2</sub></form>
<hom role=""a""><pos>a</pos>
<sense n=""0""><trans> <tr>pale-complexioned</tr>. </trans>
<eg><i lang=""ceb"">Apay siya kay anímik,</i><trans> He is pale because he is anemic. </trans></eg>
</sense></hom>
<hom role=""v""><pos>v</pos>
<sense n=""0""> <itype>[B2N; b3]</itype><trans> become pale. </trans>
<eg><i lang=""ceb"">Miapay (naapay) siya sa kahadluk,</i><trans> She grew pale in fright.
</trans></eg>
</sense></hom></entry>");
INSERT INTO `wced_head` (entryid, head, normalized_head, type, pos) VALUES (1060, "apay", "apay", "s", "av");
INSERT INTO `wced_translation` (entryid, translation) VALUES (1060, "pale-complexioned");
INSERT INTO `wced_entry` VALUES (1061, "apayud", "51", "<entry page=""51"" id=""1061""><form id=""apaxyud"" lang=""ceb"">apáyud</form>
<hom role=""n""><pos>n</pos>
<sense n=""0""><trans> <tr>fan</tr>. </trans>
</sense></hom>
<hom role=""v""><pos>v</pos>
<sense n=""0""> <itype>[A; b]</itype><trans> </trans>
</sense>
<sense n=""1""><number>1</number><trans> fan s.t. </trans>
<eg><i lang=""ceb"">Ikay muapáyud sa kaláyu,</i><trans> You fan the fire. </trans></eg>
<eg><i lang=""ceb"">Apayúri ra ang mga bisíta,</i><trans> Fan the visitors. </trans></eg>
</sense>
<sense n=""2""><number>2</number><trans> make into a fan. </trans>
</sense></hom>
<entry><form id=""pangapaxyud"" lang=""ceb""><abbr expan=""pangapáyud"" type=""lemma"">paN-</abbr></form>
<hom role=""v""><pos>v</pos>
<sense n=""0""> <itype>[A13]</itype><trans> fan oneself. </trans>
<eg><i lang=""ceb"">Nangapáyud siya kay giinítan,</i><trans> She fanned herself because she felt hot.
</trans></eg>
</sense></hom></entry></entry>");
INSERT INTO `wced_head` (entryid, head, normalized_head, type, pos) VALUES (1061, "apáyud", "apayud", "m", "nv");
INSERT INTO `wced_head` (entryid, head, normalized_head, type, pos) VALUES (1061, "pangapáyud", "pangapayud", "s", "v");
INSERT INTO `wced_translation` (entryid, translation) VALUES (1061, "fan");
INSERT INTO `wced_entry` VALUES (1062, "apdu", "51", "<entry page=""51"" id=""1062""><form id=""apdu"" lang=""ceb"">apdu</form>
<hom role=""n""><pos>n</pos>
<sense n=""1""><number>1</number><trans> <tr>gall</tr>, <tr>bile</tr>. </trans>
</sense>
<sense n=""2""><number>2</number><trans> s.t. bitter to endure. </trans>
<eg><i lang=""ceb"">Apdu sa kamatuúran,</i><trans> The bitter truth. </trans></eg>
</sense></hom>
<entry><form id=""ispixsu_ug_apdu"" lang=""ceb"">ispísu ug <abbr expan=""apdu"" type=""lemma"">—</abbr></form>
<hom>
<sense n=""0""><trans> <tr>brave</tr>.
</trans>
</sense></hom></entry></entry>");
INSERT INTO `wced_head` (entryid, head, normalized_head, type, pos) VALUES (1062, "apdu", "apdu", "m", "n");
INSERT INTO `wced_head` (entryid, head, normalized_head, type, pos) VALUES (1062, "ispísu ug apdu", "ispisu ug apdu", "s", "");
INSERT INTO `wced_translation` (entryid, translation) VALUES (1062, "gall");
INSERT INTO `wced_translation` (entryid, translation) VALUES (1062, "bile");
INSERT INTO `wced_translation` (entryid, translation) VALUES (1062, "brave");
INSERT INTO `wced_entry` VALUES (1063, "apid", "51", "<entry page=""51"" id=""1063""><form id=""axpid"" lang=""ceb"">ápid</form>
<hom role=""v""><pos>v</pos>
<sense n=""0""> <itype>[A; c1]</itype><trans> arrange things of approximately the same size in a neat <tr>stack</tr>. </trans>
<eg><i lang=""ceb"">Akuy muápid sa mga pinalantsa arun dì malum-it,</i><trans> I will stack the ironed clothes neatly so that they do not get crumpled. </trans></eg>
</sense></hom>
<entry><form id=""apid-apid"" lang=""ceb"">apid-apid</form>
<hom>
<sense n=""1""><number>1</number><trans> be stacked. </trans>
</sense>
<sense n=""2""><number>2</number><trans> numerous. </trans>
<eg><i lang=""ceb"">Apid-apid na ang íyang útang,</i><trans> He has debts to the ceiling. </trans></eg>
</sense></hom>
<hom role=""v""><pos>v</pos>
<sense n=""0""> <itype>[A; c1]</itype><trans> </trans>
</sense>
<sense n=""1""><number>1</number><trans> <tr>stack</tr>. </trans>
</sense>
<sense n=""2""><number>2</number><trans> be numerous. </trans>
<eg><i lang=""ceb"">Giapid-apid man gud níya ang íyang trátu,</i><trans> He has numerous sweethearts (lit. stacked them up).
</trans></eg>
</sense></hom></entry></entry>");
INSERT INTO `wced_head` (entryid, head, normalized_head, type, pos) VALUES (1063, "ápid", "apid", "m", "v");
INSERT INTO `wced_head` (entryid, head, normalized_head, type, pos) VALUES (1063, "apid-apid", "apid-apid", "s", "v");
INSERT INTO `wced_translation` (entryid, translation) VALUES (1063, "stack");
INSERT INTO `wced_entry` VALUES (1064, "apidabit", "51", "<entry page=""51"" id=""1064""><form id=""apidaxbit"" lang=""ceb"">apidábit</form>
<hom role=""n""><pos>n</pos>
<sense n=""0""><trans> <tr>affidavit</tr>.
</trans>
</sense></hom></entry>");
INSERT INTO `wced_head` (entryid, head, normalized_head, type, pos) VALUES (1064, "apidábit", "apidabit", "m", "n");
INSERT INTO `wced_translation` (entryid, translation) VALUES (1064, "affidavit");
INSERT INTO `wced_entry` VALUES (1065, "apiki", "51", "<entry page=""51"" id=""1065""><form id=""apixki"" lang=""ceb"">apíki</form>
<hom role=""a""><pos>a</pos>
<sense n=""1""><number>1</number><trans> <tr>inadequate</tr> in space. </trans>
<eg><i lang=""ceb"">Apíki ang gamayng balay pára kanámung tanan,</i><trans> A small house is inadequate for all of us. </trans></eg>
</sense>
<sense n=""2""><number>2</number><trans> be in a <tr>tight</tr> financial position. </trans>
</sense>
<sense n=""3""><number>3</number><trans> having little time. </trans>
<eg><i lang=""ceb"">Apíki ang panahung itiwas sa trabáhu,</i><trans> There wasn’t enough time to finish the job. </trans></eg>
</sense>
<sense n=""4""><number>4</number><trans> <tr>homely</tr> to the point that one is hard put to find any redeeming feature. </trans>
<eg><i lang=""ceb"">Apíkig nawung tanan íyang mga bátà,</i><trans> His children are all homely. </trans></eg>
</sense>
<sense n=""5""><number>5</number><trans> too near s.t. </trans>
<eg><i lang=""ceb"">Apíki sa karsáda ang balay,</i><trans> The house is too near the street. </trans></eg>
</sense>
<sense n=""6""><number>6</number><trans> <tr>near</tr>. </trans>
<eg><i lang=""ceb"">Apíki sa simbahan ang ámù,</i><trans> We live near the church. </trans></eg>
</sense></hom>
<hom role=""v""><pos>v</pos>
<sense n=""1""><number>1</number> <itype>[B12; b(1)]</itype><trans> get to be <tr>short of</tr> space, money, time. </trans>
<eg><i lang=""ceb"">Ang pyánu nakaapíki (nakapaapíki) sa sála,</i><trans> The piano took up too much space in the living room. </trans></eg>
<eg><i lang=""ceb"">Hing-apikihan ku sa kwarta karun,</i><trans> I happen to be short of money now. </trans></eg>
</sense>
<sense n=""2""><number>2</number> <itype>[A; a12b2]</itype><trans> press s.o. by not giving him time or room for maneuver. </trans>
<eg><i lang=""ceb"">Ayaw ku apikíha, dì lagi ku,</i><trans> Don’t try to force me. I told you I won’t. </trans></eg>
<eg><i lang=""ceb"">Dílì sila mubáyad ug dílì apikíhun,</i><trans> They won’t pay if you don’t press them. </trans></eg>
<eg><i lang=""ceb"">Naapikhan ku sa ahinti, mipalit na lang ku,</i><trans> The agent cornered me, so I just bought one.
</trans></eg>
</sense></hom></entry>");
INSERT INTO `wced_head` (entryid, head, normalized_head, type, pos) VALUES (1065, "apíki", "apiki", "m", "av");
INSERT INTO `wced_translation` (entryid, translation) VALUES (1065, "inadequate");
INSERT INTO `wced_translation` (entryid, translation) VALUES (1065, "tight");
INSERT INTO `wced_translation` (entryid, translation) VALUES (1065, "homely");
INSERT INTO `wced_translation` (entryid, translation) VALUES (1065, "near");
INSERT INTO `wced_translation` (entryid, translation) VALUES (1065, "short of");
INSERT INTO `wced_entry` VALUES (1066, "apikta", "51", "<entry page=""51"" id=""1066""><form id=""apikta"" lang=""ceb"">apikta</form>
<hom>
<sense n=""0""><trans> = <xr lang=""ceb"" target=""#apikta4r""><sc>apiktǎr</sc></xr>.†
</trans>
</sense></hom></entry>");
INSERT INTO `wced_head` (entryid, head, normalized_head, type, pos) VALUES (1066, "apikta", "apikta", "m", "");
INSERT INTO `wced_entry` VALUES (1067, "apiktar", "51", "<entry page=""51"" id=""1067""><form id=""apikta4r"" lang=""ceb"">apiktǎr</form>
<hom role=""v""><pos>v</pos>
<sense n=""0""> <itype>[A; b(1)]</itype><trans> <tr>affect</tr>. </trans>
<eg><i lang=""ceb"">Dílì ku apiktahan (apiktaran) ug usa lang ka básu nga ram,</i><trans> One glass of rum isn’t enough to affect me.
</trans></eg>
</sense></hom></entry>");
INSERT INTO `wced_head` (entryid, head, normalized_head, type, pos) VALUES (1067, "apiktǎr", "apiktar", "m", "v");
INSERT INTO `wced_translation` (entryid, translation) VALUES (1067, "affect");
INSERT INTO `wced_entry` VALUES (1068, "apil", "51", "<entry page=""51"" id=""1068""><form id=""apil"" lang=""ceb"">apil</form>
<hom role=""a""><pos>a</pos>
<sense n=""0""><trans> be <tr>included</tr>. </trans>
<eg><i lang=""ceb"">Ang ábang sitinta apil ang sugà,</i><trans> The rent is seventy including light. </trans></eg>
</sense></hom>
<entry><form id=""walay_apil_subject"" lang=""ceb"">walay <abbr expan=""apil"" type=""lemma"">—</abbr> <r>[<ix>subject</ix>]</r></form>
<hom>
<sense n=""0""><trans> [subject] is not included. </trans>
<eg><i lang=""ceb"">Wà kay apil sa dúlà,</i><trans> You are not included in the game. </trans></eg>
</sense></hom>
<hom role=""v""><pos>v</pos>
<sense n=""1""><number>1</number> <itype>[A13; c1]</itype><trans> <tr>include</tr>, <tr>put</tr> s.t. with s.t. else. </trans>
<eg><i lang=""ceb"">Kinsay nag-apil sa ákung bulpin didtu sa sagbut?</i><trans> Who threw my ballpoint pen out with the trash? </trans></eg>
<eg><i lang=""ceb"">Apilun (iapil) ku ni ug lútù karung gabíi,</i><trans> I will include this in our dinner tonight. </trans></eg>
</sense>
<sense n=""2""><number>2</number> <itype>[B26; b6]</itype><trans> <tr>participate</tr>, <tr>take part</tr> in. </trans>
<eg><i lang=""ceb"">Muapil ka sa ámung dúlà?</i><trans> Will you take part in our game? </trans></eg>
<eg><i lang=""ceb"">Maapil ka unyà sa kasábà,</i><trans> You might get scolded as well. </trans></eg>
</sense></hom></entry>
<entry><form id=""apil-apil"" lang=""ceb"">apil-apil</form>
<hom role=""v""><pos>v</pos>
<sense n=""0""> <itype>[A]</itype><trans> include oneself when one shouldn’t. </trans>
<eg><i lang=""ceb"">Dílì ka muapil-apil ug isturya sa mga tigúlang,</i><trans> You must not insinuate yourself in the grown-ups’ conversation. </trans></eg>
</sense></hom></entry>
<entry><form id=""manggiapil-apilun"" lang=""ceb"">manggiapil-apilun</form>
<hom role=""a""><pos>a</pos>
<sense n=""0""><trans> given to including oneself in conversations. </trans>
</sense></hom></entry>
<entry><form id=""mangaaxpil"" lang=""ceb""><abbr expan=""mangaápil"" type=""lemma"">maN-r-(←)</abbr></form>
<hom role=""n""><pos>n</pos>
<sense n=""0""><trans> <tr>participants</tr>.
</trans>
</sense></hom></entry></entry>");
INSERT INTO `wced_head` (entryid, head, normalized_head, type, pos) VALUES (1068, "apil", "apil", "m", "a");
INSERT INTO `wced_head` (entryid, head, normalized_head, type, pos) VALUES (1068, "walay apil [subject]", "walay apil [subject]", "s", "v");
INSERT INTO `wced_head` (entryid, head, normalized_head, type, pos) VALUES (1068, "apil-apil", "apil-apil", "s", "v");
INSERT INTO `wced_head` (entryid, head, normalized_head, type, pos) VALUES (1068, "manggiapil-apilun", "manggiapil-apilun", "s", "a");
INSERT INTO `wced_head` (entryid, head, normalized_head, type, pos) VALUES (1068, "mangaápil", "mangaapil", "s", "n");
INSERT INTO `wced_translation` (entryid, translation) VALUES (1068, "included");
INSERT INTO `wced_translation` (entryid, translation) VALUES (1068, "include");
INSERT INTO `wced_translation` (entryid, translation) VALUES (1068, "put");
INSERT INTO `wced_translation` (entryid, translation) VALUES (1068, "participate");
INSERT INTO `wced_translation` (entryid, translation) VALUES (1068, "take part");
INSERT INTO `wced_translation` (entryid, translation) VALUES (1068, "participants");
INSERT INTO `wced_entry` VALUES (1069, "apilar", "51", "<entry page=""51"" id=""1069""><form id=""apilar"" lang=""ceb"">apilar</form>
<hom role=""v""><pos>v</pos>
<sense n=""0""> <itype>[A; c]</itype><trans> <tr>appeal</tr> to a higher court. </trans>
<eg><i lang=""ceb"">Iapilar nátù ang kásu ug mapildi ta,</i><trans> We will appeal our case if we lose. </trans></eg>
</sense></hom>
<entry><form id=""apilasiyun"" lang=""ceb"">apilasiyun</form>
<hom role=""n""><pos>n</pos>
<sense n=""0""><trans> <tr>appeal</tr> to a higher court. </trans>
</sense></hom></entry>
<entry><form id=""Kurti_diapilasyuxnis"" lang=""ceb"">Kurti diapilasyúnis</form>
<hom role=""n""><pos>n</pos>
<sense n=""0""><trans> <tr>Court of Appeals</tr>.
</trans>
</sense></hom></entry></entry>");
INSERT INTO `wced_head` (entryid, head, normalized_head, type, pos) VALUES (1069, "apilar", "apilar", "m", "v");
INSERT INTO `wced_head` (entryid, head, normalized_head, type, pos) VALUES (1069, "apilasiyun", "apilasiyun", "s", "n");
INSERT INTO `wced_head` (entryid, head, normalized_head, type, pos) VALUES (1069, "Kurti diapilasyúnis", "kurti diapilasyunis", "s", "n");
INSERT INTO `wced_translation` (entryid, translation) VALUES (1069, "appeal");
INSERT INTO `wced_translation` (entryid, translation) VALUES (1069, "Court of Appeals");
INSERT INTO `wced_entry` VALUES (1070, "apilu", "51", "<entry page=""51"" id=""1070""><form id=""apixlu"" lang=""ceb"">apílu</form>
<hom role=""v""><pos>v</pos>
<sense n=""0""> <itype>[A2; b(1)]</itype><trans> <tr>take sides</tr> with s.o. </trans>
<eg><i lang=""ceb"">Ngánung muapílu ka man níya nga sayup man níya?</i><trans> Why do you take his side when he is <pb n=""52""/>at fault?
</trans></eg>
</sense></hom></entry>");
INSERT INTO `wced_head` (entryid, head, normalized_head, type, pos) VALUES (1070, "apílu", "apilu", "m", "v");
INSERT INTO `wced_translation` (entryid, translation) VALUES (1070, "take sides");
INSERT INTO `wced_entry` VALUES (1071, "apilyidu", "52", "<entry page=""52"" id=""1071""><form id=""apilyixdu"" lang=""ceb"">apilyídu</form>
<hom role=""n""><pos>n</pos>
<sense n=""0""><trans> <tr>surname</tr>. </trans>
</sense></hom>
<hom role=""v""><pos>v</pos>
<sense n=""0""> <itype>[A1; c]</itype><trans> have, give [such-and-such] a surname. </trans>
<eg><i lang=""ceb"">Unáhun pagtawag ang nag-apilyídug Abad,</i><trans> Those who are named Abad will be called first. </trans></eg>
<eg><i lang=""ceb"">Giapilyidúhan siyag Krus gikúhà gíkan sa nagkúgus sa bunyag,</i><trans> He was surnamed Cruz, after his sponsor in baptism.
</trans></eg>
</sense></hom></entry>");
INSERT INTO `wced_head` (entryid, head, normalized_head, type, pos) VALUES (1071, "apilyídu", "apilyidu", "m", "nv");
INSERT INTO `wced_translation` (entryid, translation) VALUES (1071, "surname");
INSERT INTO `wced_entry` VALUES (1072, "apindiks", "52", "<entry page=""52"" id=""1072""><form id=""apindiks"" lang=""ceb"">apindiks</form>
<hom role=""n""><pos>n</pos>
<sense n=""0""><trans> the <tr>appendix</tr> in the body.†
</trans>
</sense></hom></entry>");
INSERT INTO `wced_head` (entryid, head, normalized_head, type, pos) VALUES (1072, "apindiks", "apindiks", "m", "n");
INSERT INTO `wced_translation` (entryid, translation) VALUES (1072, "appendix");
INSERT INTO `wced_entry` VALUES (1073, "apindisaytis", "52", "<entry page=""52"" id=""1073""><form id=""apindisaytis"" lang=""ceb"">apindisaytis</form>
<hom role=""n""><pos>n</pos>
<sense n=""0""><trans> <tr>appendicitis</tr>. </trans>
</sense></hom>
<hom role=""v""><pos>v</pos>
<sense n=""0""> <itype>[A123P; a4]</itype><trans> cause, be afflicted with appendicitis.
</trans>
</sense></hom></entry>");
INSERT INTO `wced_head` (entryid, head, normalized_head, type, pos) VALUES (1073, "apindisaytis", "apindisaytis", "m", "nv");
INSERT INTO `wced_translation` (entryid, translation) VALUES (1073, "appendicitis");
INSERT INTO `wced_entry` VALUES (1074, "aping", "52", "<entry page=""52"" id=""1074""><form id=""axping"" lang=""ceb"">áping</form>
<hom role=""n""><pos>n</pos>
<sense n=""1""><number>1</number><trans> <tr>cheek</tr>. </trans>
</sense>
<sense n=""2""><number>2</number><trans> <tr>surface</tr> (metaphorical). </trans>
<eg><i lang=""ceb"">Ang sakayan mitadlas sa áping sa dágat,</i><trans> The boat traversed the surface of the sea. </trans></eg>
</sense></hom>
<entry><form id=""pangaxping"" lang=""ceb""><abbr expan=""pangáping"" type=""lemma"">paN-</abbr></form>
<hom role=""v""><pos>v</pos>
<sense n=""0""> <itype>[A2]</itype><trans> for the cheeks to fill out. </trans>
<eg><i lang=""ceb"">Uy katambuk na ni Lári. Nangáping na,</i><trans> Larry has gained weight. His cheeks have filled out. </trans></eg>
</sense></hom></entry>
<entry><form id=""kaaxpingan"" lang=""ceb""><abbr expan=""kaápingan"" type=""lemma"">ka-an</abbr></form>
<hom role=""n""><pos>n</pos>
<sense n=""0""><trans> the cheeks.
</trans>
</sense></hom></entry></entry>");
INSERT INTO `wced_head` (entryid, head, normalized_head, type, pos) VALUES (1074, "áping", "aping", "m", "n");
INSERT INTO `wced_head` (entryid, head, normalized_head, type, pos) VALUES (1074, "pangáping", "pangaping", "s", "v");
INSERT INTO `wced_head` (entryid, head, normalized_head, type, pos) VALUES (1074, "kaápingan", "kaapingan", "s", "n");
INSERT INTO `wced_translation` (entryid, translation) VALUES (1074, "cheek");
INSERT INTO `wced_translation` (entryid, translation) VALUES (1074, "surface");
INSERT INTO `wced_entry` VALUES (1075, "apinig", "52", "<entry page=""52"" id=""1075""><form id=""apixnig"" lang=""ceb"">apínig</form>
<hom role=""v""><pos>v</pos>
<sense n=""0""> <itype>[A2; b(1)]</itype><trans> <tr>side with</tr>. </trans>
<eg><i lang=""ceb"">Apinígan nátù si Magsaysay karung iliksiyun,</i><trans> We’ll support Magsaysay this coming election.
</trans></eg>
</sense></hom></entry>");
INSERT INTO `wced_head` (entryid, head, normalized_head, type, pos) VALUES (1075, "apínig", "apinig", "m", "v");
INSERT INTO `wced_translation` (entryid, translation) VALUES (1075, "side with");
INSERT INTO `wced_entry` VALUES (1076, "apir", "52", "<entry page=""52"" id=""1076""><form id=""apir"" lang=""ceb"">apir</form>
<hom role=""n""><pos>n</pos>
<sense n=""0""><trans> <tr>social affair</tr>.
</trans>
</sense></hom></entry>");
INSERT INTO `wced_head` (entryid, head, normalized_head, type, pos) VALUES (1076, "apir", "apir", "m", "n");
INSERT INTO `wced_translation` (entryid, translation) VALUES (1076, "social affair");
INSERT INTO `wced_entry` VALUES (1077, "apir", "52", "<entry page=""52"" id=""1077""><form id=""axpir"" lang=""ceb"">ápir</form>
<hom role=""n""><pos>n</pos>
<sense n=""1""><number>1</number><trans> <ix>short for</ix> <bx>ápir baks</bx> <tr>upper box</tr> in a theater, boxing ring. </trans>
</sense>
<sense n=""2""><number>2</number><trans> <ix>short for</ix> <bx>ápir kat</bx> upper cut in boxing. </trans>
</sense></hom>
<hom role=""v""><pos>v</pos>
<sense n=""0""> <itype>[A2]</itype><trans> hit with an <tr>upper cut</tr>. </trans>
<eg><i lang=""ceb"">Pagbantay kun muápir si Balug,</i><trans> Watch out when Balug hits you with an upper cut.
</trans></eg>
</sense></hom></entry>");
INSERT INTO `wced_head` (entryid, head, normalized_head, type, pos) VALUES (1077, "ápir", "apir", "m", "nv");
INSERT INTO `wced_translation` (entryid, translation) VALUES (1077, "upper box");
INSERT INTO `wced_translation` (entryid, translation) VALUES (1077, "upper cut");
INSERT INTO `wced_entry` VALUES (1078, "apir baks", "52", "<entry page=""52"" id=""1078""><form id=""axpir_baks"" lang=""ceb"">ápir baks</form>
<hom role=""n""><pos>n</pos>
<sense n=""0""><trans> <tr>upper box</tr> of a theater or boxing ring.
</trans>
</sense></hom></entry>");
INSERT INTO `wced_head` (entryid, head, normalized_head, type, pos) VALUES (1078, "ápir baks", "apir baks", "m", "n");
INSERT INTO `wced_translation` (entryid, translation) VALUES (1078, "upper box");
INSERT INTO `wced_entry` VALUES (1079, "apir kat", "52", "<entry page=""52"" id=""1079""><form id=""axpir_kat"" lang=""ceb"">ápir kat</form>
<hom role=""n""><pos>n</pos>
<sense n=""0""><trans> <tr><corr sic=""upper cut"">uppercut</corr></tr> in boxing. </trans>
</sense></hom>
<hom role=""v""><pos>v</pos>
<sense n=""0""> <itype>[A; a12]</itype><trans> hit with an uppercut. </trans>
<eg><i lang=""ceb"">Ápir katun bítaw siya ug sagunsun, plat lagi,</i><trans> He was hit repeatedly with an uppercut, and so he fell flat.
</trans></eg>
</sense></hom></entry>");
INSERT INTO `wced_head` (entryid, head, normalized_head, type, pos) VALUES (1079, "ápir kat", "apir kat", "m", "nv");
INSERT INTO `wced_translation` (entryid, translation) VALUES (1079, "uppercut");
INSERT INTO `wced_entry` VALUES (1080, "apirmatibu", "52", "<entry page=""52"" id=""1080""><form id=""apirmatixbu"" lang=""ceb"">apirmatíbu</form>
<hom role=""a""><pos>a</pos>
<sense n=""0""><trans> affirmative.
</trans>
</sense></hom></entry>");
INSERT INTO `wced_head` (entryid, head, normalized_head, type, pos) VALUES (1080, "apirmatíbu", "apirmatibu", "m", "a");
INSERT INTO `wced_entry` VALUES (1081, "apisiyun", "52", "<entry page=""52"" id=""1081""><form id=""apisiyun"" lang=""ceb"">apisiyun</form>
<hom role=""n""><pos>n</pos>
<sense n=""1""><number>1</number><trans> <tr>craze</tr> for s.t. </trans>
<eg><i lang=""ceb"">May apisiyun siya sa dyás,</i><trans> She is crazy about jazz. </trans></eg>
</sense>
<sense n=""2""><number>2</number><trans> have a <tr>knack</tr> for doing s.t. </trans>
<eg><i lang=""ceb"">Wà kuy apisiyun sa panggansilyu,</i><trans> I have no great ability at crocheting. </trans></eg>
</sense></hom>
<entry><form id=""apisiyunaxda_apisiyunaxdu"" lang=""ceb""><abbr expan=""apisiyunáda"" type=""lemma"">-áda</abbr>, <abbr expan=""apisiyunádu"" type=""lemma"">-ádu</abbr></form>
<hom role=""n""><pos>n</pos>
<sense n=""0""><trans> having a <tr>passion</tr> for s.t. </trans>
<eg><i lang=""ceb"">Apisyunádu siya sa baksing,</i><trans> He is a boxing fan. </trans></eg>
</sense></hom>
<hom role=""v""><pos>v</pos>
<sense n=""0""> <itype>[B12]</itype><trans> develop a passion for s.t. </trans>
<eg><i lang=""ceb"">Naapisyunáda siya sa bayli human makatilaw kas-a,</i><trans> She became passionate over dancing after she tried it once.
</trans></eg>
</sense></hom></entry></entry>");
INSERT INTO `wced_head` (entryid, head, normalized_head, type, pos) VALUES (1081, "apisiyun", "apisiyun", "m", "n");
INSERT INTO `wced_head` (entryid, head, normalized_head, type, pos) VALUES (1081, "apisiyunáda", "apisiyunada", "s", "nv");
INSERT INTO `wced_head` (entryid, head, normalized_head, type, pos) VALUES (1081, "apisiyunádu", "apisiyunadu", "s", "nv");
INSERT INTO `wced_translation` (entryid, translation) VALUES (1081, "craze");
INSERT INTO `wced_translation` (entryid, translation) VALUES (1081, "knack");
INSERT INTO `wced_translation` (entryid, translation) VALUES (1081, "passion");
INSERT INTO `wced_entry` VALUES (1082, "apitung", "52", "<entry page=""52"" id=""1082""><form id=""apixtung"" lang=""ceb"">apítung</form>
<hom role=""n""><pos>n</pos>
<sense n=""0""><trans> name given to three species of primary forest trees, source of timber and <ix>balaw</ix> resin: <bio>Dipterocarpus spp</bio>.
</trans>
</sense></hom></entry>");
INSERT INTO `wced_head` (entryid, head, normalized_head, type, pos) VALUES (1082, "apítung", "apitung", "m", "n");
INSERT INTO `wced_entry` VALUES (1083, "apla", "52", "<entry page=""52"" id=""1083""><form id=""apla"" lang=""ceb"">apla</form>
<hom role=""a""><pos>a</pos>
<sense n=""1""><number>1</number><trans> = <xr lang=""ceb"" target=""#aplud""><sc>aplud</sc></xr>. </trans>
</sense>
<sense n=""2""><number>2</number><trans> having a flat, insipid taste like <ix>tahuri</ix> beans. </trans>
</sense></hom>
<hom role=""v""><pos>v</pos>
<sense n=""0""> <itype>[B; b6]</itype><trans> become <ix>apla</ix> in taste.
</trans>
</sense></hom></entry>");
INSERT INTO `wced_head` (entryid, head, normalized_head, type, pos) VALUES (1083, "apla", "apla", "m", "av");
INSERT INTO `wced_entry` VALUES (1084, "aplay", "52", "<entry page=""52"" id=""1084""><form id=""aplay"" lang=""ceb"">aplay</form>
<hom role=""v""><pos>v</pos>
<sense n=""1""><number>1</number> <itype>[A; b6]</itype><trans> <tr>apply</tr> for a job. </trans>
<eg><i lang=""ceb"">Giaplayan ba nímu ang trabáhu?</i><trans> Did you apply for the job? </trans></eg>
</sense>
<sense n=""1a""><number>1a</number><trans> try one’s hand at courting a girl (humorous). </trans>
<eg><i lang=""ceb"">Ug wà pa kay trátu, muaplay ku,</i><trans> If you have no boy friend, I’d like to apply. </trans></eg>
</sense>
<sense n=""2""><number>2</number> <itype>[AN; b6]</itype><trans> apply cosmetics. </trans>
<eg><i lang=""ceb"">Dì ka ba muaplay (mangaplay) ug mik-ap?</i><trans> Aren’t you going to put make-up on?
</trans></eg>
</sense></hom></entry>");
INSERT INTO `wced_head` (entryid, head, normalized_head, type, pos) VALUES (1084, "aplay", "aplay", "m", "v");
INSERT INTO `wced_translation` (entryid, translation) VALUES (1084, "apply");
INSERT INTO `wced_entry` VALUES (1085, "ap lay", "52", "<entry page=""52"" id=""1085""><form id=""axp_lay"" lang=""ceb"">áp lay</form>
<hom>
<sense n=""0""><trans> <tr>upsy-daisy</tr>. </trans>
<eg><i lang=""ceb"">Íyang giaswat ang bátà ug miingun ‘áp lay’,</i><trans> He lifted the child and said ‘upsy-daisy’.
</trans></eg>
</sense></hom></entry>");
INSERT INTO `wced_head` (entryid, head, normalized_head, type, pos) VALUES (1085, "áp lay", "ap lay", "m", "");
INSERT INTO `wced_translation` (entryid, translation) VALUES (1085, "upsy-daisy");
INSERT INTO `wced_entry` VALUES (1086, "aplikasiyun", "52", "<entry page=""52"" id=""1086""><form id=""aplikasiyun"" lang=""ceb"">aplikasiyun</form>
<hom role=""n""><pos>n</pos>
<sense n=""0""><trans> <tr>application</tr>.
</trans>
</sense></hom></entry>");
INSERT INTO `wced_head` (entryid, head, normalized_head, type, pos) VALUES (1086, "aplikasiyun", "aplikasiyun", "m", "n");
INSERT INTO `wced_translation` (entryid, translation) VALUES (1086, "application");
INSERT INTO `wced_entry` VALUES (1087, "aplud", "52", "<entry page=""52"" id=""1087""><form id=""aplud"" lang=""ceb"">aplud</form>
<hom role=""a""><pos>a</pos>
<sense n=""0""><trans> having an insipid to slightly bitter taste with an astringent effect, such as unripe bananas. </trans>
</sense></hom>
<hom role=""v""><pos>v</pos>
<sense n=""0""> <itype>[B; b6]</itype><trans> get to have an <ix>aplud</ix> taste and texture. </trans>
<eg><i lang=""ceb"">Ang tungug mauy makaaplud (makapaaplud) sa tubà,</i><trans> Mangrove bark is what gives the palm toddy its astringent taste.
</trans></eg>
</sense></hom></entry>");
INSERT INTO `wced_head` (entryid, head, normalized_head, type, pos) VALUES (1087, "aplud", "aplud", "m", "av");
INSERT INTO `wced_entry` VALUES (1088, "aprika", "52", "<entry page=""52"" id=""1088""><form id=""Aprika"" lang=""ceb"">Aprika</form>
<hom role=""n""><pos>n</pos>
<sense n=""0""><trans> <tr>Africa</tr>. </trans>
</sense></hom>
<entry><form id=""Aprikana"" lang=""ceb""><abbr expan=""Aprikana"" type=""lemma"">-na</abbr></form>
<hom role=""n""><pos>n</pos>
<sense n=""0""><trans> African woman. </trans>
</sense></hom></entry>
<entry><form id=""Aprikanu"" lang=""ceb""><abbr expan=""Aprikanu"" type=""lemma"">-nu</abbr></form>
<hom role=""n""><pos>n</pos>
<sense n=""0""><trans> African man.
</trans>
</sense></hom></entry></entry>");
INSERT INTO `wced_head` (entryid, head, normalized_head, type, pos) VALUES (1088, "Aprika", "aprika", "m", "n");
INSERT INTO `wced_head` (entryid, head, normalized_head, type, pos) VALUES (1088, "Aprikana", "aprikana", "s", "n");
INSERT INTO `wced_head` (entryid, head, normalized_head, type, pos) VALUES (1088, "Aprikanu", "aprikanu", "s", "n");
INSERT INTO `wced_translation` (entryid, translation) VALUES (1088, "Africa");
INSERT INTO `wced_entry` VALUES (1089, "aprindis, aprintis", "52", "<entry page=""52"" id=""1089""><form id=""aprindis_aprintis"" lang=""ceb"">aprindis, aprintis</form>
<hom role=""n""><pos>n</pos>
<sense n=""0""><trans> <tr>apprentice</tr>. </trans>
</sense></hom>
<hom role=""v""><pos>v</pos>
<sense n=""0""> <itype>[B136; a2]</itype><trans> be, make into an apprentice.
</trans>
</sense></hom></entry>");
INSERT INTO `wced_head` (entryid, head, normalized_head, type, pos) VALUES (1089, "aprindis", "aprindis", "s", "nv");
INSERT INTO `wced_head` (entryid, head, normalized_head, type, pos) VALUES (1089, "aprintis", "aprintis", "s", "nv");
INSERT INTO `wced_translation` (entryid, translation) VALUES (1089, "apprentice");
INSERT INTO `wced_entry` VALUES (1090, "aprita", "52", "<entry page=""52"" id=""1090""><form id=""aprixta"" lang=""ceb"">apríta</form>
<hom role=""v""><pos>v</pos>
<sense n=""0""> <itype>[A; a2b2]</itype><trans> </trans>
</sense>
<sense n=""1""><number>1</number><trans> force s.o. to do s.t. by pressuring him. </trans>
<eg><i lang=""ceb"">Hing-apritahan siya pagpatug-an,</i><trans> He was pressured into revealing the information. </trans></eg>
</sense>
<sense n=""2""><number>2</number> <itype>[A; a12]</itype><trans> <tr>hurry</tr> up, rush doing s.t. </trans>
<eg><i lang=""ceb"">Mag-apríta tag lakaw kay umuúlan,</i><trans> Let’s walk fast because it’s about to rain. </trans></eg>
</sense></hom>
<entry><form id=""aprixtadu"" lang=""ceb""><abbr expan=""aprítadu"" type=""lemma"">-du</abbr></form>
<hom role=""a""><pos>a</pos>
<sense n=""0""><trans> pesteringly insistent.
</trans>
</sense></hom></entry></entry>");
INSERT INTO `wced_head` (entryid, head, normalized_head, type, pos) VALUES (1090, "apríta", "aprita", "m", "v");
INSERT INTO `wced_head` (entryid, head, normalized_head, type, pos) VALUES (1090, "aprítadu", "apritadu", "s", "a");
INSERT INTO `wced_translation` (entryid, translation) VALUES (1090, "hurry");
INSERT INTO `wced_entry` VALUES (1091, "apritada", "52", "<entry page=""52"" id=""1091""><form id=""apritaxda"" lang=""ceb"">apritáda</form>
<hom>
<sense n=""0""><trans> (from <ix>prítu</ix>) </trans>
</sense></hom>
<hom role=""n""><pos>n</pos>
<sense n=""0""><trans> dish made of sauteed meat, peppers, peas, and potatoes or bananas. </trans>
</sense></hom>
<hom role=""v""><pos>v</pos>
<sense n=""0""> <itype>[A; b2]</itype><trans> make <ix>apritáda.</ix>
</trans>
</sense></hom></entry>");
INSERT INTO `wced_head` (entryid, head, normalized_head, type, pos) VALUES (1091, "apritáda", "apritada", "m", "nv");
INSERT INTO `wced_entry` VALUES (1092, "aprubar", "52", "<entry page=""52"" id=""1092""><form id=""aprubar"" lang=""ceb"">aprubar</form>
<hom role=""v""><pos>v</pos>
<sense n=""0""> <itype>[A; b(1)]</itype><trans> <tr>approve</tr> a request.</trans>
<eg><i lang=""ceb""> Aprubahan ku lang ning hangyù,</i><trans> I’ll just approve this request. </trans></eg>
</sense></hom>
<entry><form id=""aprubaxdu"" lang=""ceb"">aprubádu</form>
<hom role=""a""><pos>a</pos>
<sense n=""1""><number>1</number><trans> approved. </trans>
</sense>
<sense n=""2""><number>2</number><trans> be in favor of s.t. </trans>
<eg><i lang=""ceb"">Háin may ímung gustu? Aprubádu ka íning planúha?</i><trans> Which do you like? Are you in favor of this plan? </trans></eg>
</sense>
<sense n=""3""><number>3</number><trans> proven to be good. </trans>
<eg><i lang=""ceb"">Ang Linimintu Sluwan aprubádu nga maáyu sa panakit sa kalawásan,</i><trans> Sloan’s liniment is proven the best for body pains. </trans></eg>
</sense></hom>
<hom role=""v""><pos>v</pos>
<sense n=""0""> <itype>[B1256]</itype><trans> get to be approved. </trans>
<eg><i lang=""ceb"">Ug maaprubádu ang ákung lún,</i><trans> If my loan is approved.
</trans></eg>
</sense></hom></entry></entry>");
INSERT INTO `wced_head` (entryid, head, normalized_head, type, pos) VALUES (1092, "aprubar", "aprubar", "m", "v");
INSERT INTO `wced_head` (entryid, head, normalized_head, type, pos) VALUES (1092, "aprubádu", "aprubadu", "s", "av");
INSERT INTO `wced_translation` (entryid, translation) VALUES (1092, "approve");
INSERT INTO `wced_entry` VALUES (1093, "aptan", "52", "<entry page=""52"" id=""1093""><form id=""aptan"" lang=""ceb"">aptan</form>
<hom>
<sense n=""0""><trans> <ix>see</ix> <xr lang=""ceb"" target=""#atup""><sc>atup</sc></xr>.
</trans>
</sense></hom></entry>");
INSERT INTO `wced_head` (entryid, head, normalized_head, type, pos) VALUES (1093, "aptan", "aptan", "m", "");
INSERT INTO `wced_entry` VALUES (1094, "apu", "52", "<entry page=""52"" id=""1094""><form id=""apu"" lang=""ceb"">apu</form>
<hom role=""n""><pos>n</pos>
<sense n=""0""><trans> <tr>grandchild</tr>. </trans>
</sense></hom>
<entry><form id=""pangapu"" lang=""ceb""><abbr expan=""pangapu"" type=""lemma"">paN-</abbr></form>
<hom role=""v""><pos>v</pos>
<sense n=""0""> <itype>[A2]</itype><trans> have grandchildren. </trans>
<eg><i lang=""ceb"">Unsang idára ka nangapu?</i><trans> At what age did you have grandchildren? </trans></eg>
</sense></hom></entry>
<entry><form id=""apuhan"" lang=""ceb"">apuhan</form>
<hom role=""n""><pos>n</pos>
<sense n=""0""><trans> <tr>grandparent</tr>. </trans>
</sense></hom></entry>
<entry><form id=""apu_sa_sungkud_apu_sa_tuxhud_apu_sa_matag_bagul"" lang=""ceb""><abbr expan=""apu"" type=""lemma"">—</abbr> sa sungkud, <abbr expan=""apu sa túhud"" type=""lemma"">túhud</abbr>, <abbr expan=""apu sa matag bagul"" type=""lemma"">matag bagul</abbr></form>
<hom>
<sense n=""0""><trans><corr sic="",""/> Great, great-great, great-great-great grandchild, respectively.
</trans>
</sense></hom></entry></entry>");
INSERT INTO `wced_head` (entryid, head, normalized_head, type, pos) VALUES (1094, "apu", "apu", "m", "n");
INSERT INTO `wced_head` (entryid, head, normalized_head, type, pos) VALUES (1094, "pangapu", "pangapu", "s", "v");
INSERT INTO `wced_head` (entryid, head, normalized_head, type, pos) VALUES (1094, "apuhan", "apuhan", "s", "n");
INSERT INTO `wced_head` (entryid, head, normalized_head, type, pos) VALUES (1094, "apu sa sungkud", "apu sa sungkud", "s", "");
INSERT INTO `wced_head` (entryid, head, normalized_head, type, pos) VALUES (1094, "apu sa túhud", "apu sa tuhud", "s", "");
INSERT INTO `wced_head` (entryid, head, normalized_head, type, pos) VALUES (1094, "apu sa matag bagul", "apu sa matag bagul", "s", "");
INSERT INTO `wced_translation` (entryid, translation) VALUES (1094, "grandchild");
INSERT INTO `wced_translation` (entryid, translation) VALUES (1094, "grandparent");
INSERT INTO `wced_entry` VALUES (1095, "apu", "52", "<entry page=""52"" id=""1095""><form id=""axpuq"" lang=""ceb"">ápù</form>
<hom role=""v""><pos>v</pos>
<sense n=""0""> <itype>[APB2S; c1P]</itype><trans> pierce into or go into a hole as far as it will go, cause s.t. to do so. </trans>
<eg><i lang=""ceb"">Siyay miápù (mipaápù) sa lansang,</i><trans> He drove the nail all the way in. </trans></eg>
<eg><i lang=""ceb"">Nag-apù ang gasulinadur ug kusug ang dágan,</i><trans> The accelerator was all the way down and it went fast. </trans></eg>
<eg><i lang=""ceb"">Nagkaapù na ang táwu sa lungag nga íyang gikubkub,</i><trans> The man is getting hidden beneath the hole he is digging. </trans></eg>
</sense></hom>
<hom role=""a""><pos>a</pos>
<sense n=""0""><trans> gone all the way into a hole.
</trans>
</sense></hom></entry>");
INSERT INTO `wced_head` (entryid, head, normalized_head, type, pos) VALUES (1095, "ápù", "apu", "m", "va");
INSERT INTO `wced_entry` VALUES (1096, "apud", "52", "<entry page=""52"" id=""1096""><form id=""apud"" lang=""ceb"">apud</form>
<hom>
<sense n=""0""><trans> = <xr lang=""ceb"" target=""#aplud""><sc>aplud</sc></xr>.
</trans>
</sense></hom></entry>");
INSERT INTO `wced_head` (entryid, head, normalized_head, type, pos) VALUES (1096, "apud", "apud", "m", "");
INSERT INTO `wced_entry` VALUES (1097, "apud", "52", "<entry page=""52"" id=""1097""><form id=""axpud"" lang=""ceb"">ápud</form>
<hom role=""v""><pos>v</pos>
<sense n=""1""><number>1</number> <itype>[A; b5c]</itype><trans> <tr>give each</tr>. </trans>
<eg><i lang=""ceb"">Apúrun (apúran) <pb n=""53""/>ta mu ug tagurha ka libru,</i><trans> I will give each of you two books. </trans></eg>
</sense>
<sense n=""2""><number>2</number> <itype>[B15]</itype><trans> to have [so-and-so-many] each. </trans>
<eg><i lang=""ceb"">Nag-ápud silag pusil,</i><trans> They each have a rifle. </trans></eg>
</sense>
<sense n=""3""><number>3</number> <itype>[A12]</itype><trans> be enough for each to have a share. </trans>
<eg><i lang=""ceb"">Kining prútas dílì makaápud kanátù,</i><trans> These fruits are not enough for all of us. </trans></eg>
</sense></hom>
<entry><form id=""mangaxpud"" lang=""ceb""><abbr expan=""mangápud"" type=""lemma"">maN-</abbr></form>
<hom role=""n""><pos>n</pos>
<sense n=""0""><trans> cost one centavo each. </trans>
<eg><i lang=""ceb"">Ang dulsi mangápud,</i><trans> The candies are one centavo each. </trans></eg>
</sense></hom></entry>
<entry><form id=""pang-axpud"" lang=""ceb""><abbr expan=""pang-ápud"" type=""lemma"">pang-</abbr></form>
<hom role=""n""><pos>n</pos>
<sense n=""0""><trans> <tr>distribution</tr>. </trans>
<eg><i lang=""ceb"">Gipadayúnan ang pang-ápud sa humstid,</i><trans> They continued giving out homestead sites. </trans></eg>
</sense></hom></entry>
<entry><form id=""apud-apud"" lang=""ceb"">apud-apud</form>
<hom role=""v""><pos>v</pos>
<sense n=""0""> <itype>[AN; c]</itype><trans> <tr>distribute</tr>, <tr>divide</tr> among. </trans>
<eg><i lang=""ceb"">Ang pusta giapud-apud sa daghang táwu,</i><trans> The bet was divided up among many people.
</trans></eg>
</sense></hom></entry></entry>");
INSERT INTO `wced_head` (entryid, head, normalized_head, type, pos) VALUES (1097, "ápud", "apud", "m", "v");
INSERT INTO `wced_head` (entryid, head, normalized_head, type, pos) VALUES (1097, "mangápud", "mangapud", "s", "n");
INSERT INTO `wced_head` (entryid, head, normalized_head, type, pos) VALUES (1097, "pang-ápud", "pang-apud", "s", "n");
INSERT INTO `wced_head` (entryid, head, normalized_head, type, pos) VALUES (1097, "apud-apud", "apud-apud", "s", "v");
INSERT INTO `wced_translation` (entryid, translation) VALUES (1097, "give each");
INSERT INTO `wced_translation` (entryid, translation) VALUES (1097, "distribution");
INSERT INTO `wced_translation` (entryid, translation) VALUES (1097, "distribute");
INSERT INTO `wced_translation` (entryid, translation) VALUES (1097, "divide");
INSERT INTO `wced_entry` VALUES (1098, "apug1", "53", "<entry page=""53"" id=""1098""><form id=""axpug"" lang=""ceb"">ápug<sub>1</sub></form>
<hom role=""n""><pos>n</pos>
<sense n=""0""><trans> <tr>lime</tr> made from burnt seashells. </trans>
</sense></hom>
<hom role=""v""><pos>v</pos>
<sense n=""0""> <itype>[A; a12]</itype><trans> make lime. </trans>
<eg><i lang=""ceb"">Mag-ápug ta pára mam-un,</i><trans> Let’s make lime for our betel chewing. </trans></eg>
</sense></hom>
<entry><form id=""alapugan"" lang=""ceb""><abbr expan=""alapugan"" type=""lemma"">-l-an</abbr></form>
<hom role=""n""><pos>n</pos>
<sense n=""1""><number>1</number><trans> lime container for tobacco or betel chewers. </trans>
</sense>
<sense n=""2""><number>2</number><trans> lime factory.
</trans>
</sense></hom></entry></entry>");
INSERT INTO `wced_head` (entryid, head, normalized_head, type, pos) VALUES (1098, "ápug", "apug", "s", "nv");
INSERT INTO `wced_head` (entryid, head, normalized_head, type, pos) VALUES (1098, "alapugan", "alapugan", "s", "n");
INSERT INTO `wced_translation` (entryid, translation) VALUES (1098, "lime");
INSERT INTO `wced_entry` VALUES (1099, "apug2", "53", "<entry page=""53"" id=""1099""><form id=""axpug2"" lang=""ceb"">ápug<sub>2</sub></form>
<hom>
<sense n=""0""><trans> ‘no win’ in a kind of lottery where a black piece of paper, indicating no win, may be drawn. </trans>
<eg><i lang=""ceb"">Walà pay nakadaug, pulus ápug ang nahulbutan,</i><trans> No one has won because all the numbers drawn turned out to be <ix>ápug.</ix> </trans></eg>
</sense></hom>
<hom role=""v""><pos>v</pos>
<sense n=""1""><number>1</number> <itype>[B1256; a12]</itype><trans> turn out to be <ix>ápug.</ix> </trans>
</sense>
<sense n=""2""><number>2</number> <itype>[B12]</itype><trans> for a business to <tr>fail</tr>. </trans>
<eg><i lang=""ceb"">Nagkaapug ang íyang nigusyu tungud sa íyang pagkasugarul,</i><trans> His business is failing because of his gambling.
</trans></eg>
</sense></hom></entry>");
INSERT INTO `wced_head` (entryid, head, normalized_head, type, pos) VALUES (1099, "ápug", "apug", "s", "v");
INSERT INTO `wced_translation` (entryid, translation) VALUES (1099, "fail");
INSERT INTO `wced_entry` VALUES (1100, "apul1", "53", "<entry page=""53"" id=""1100""><form id=""axpul"" lang=""ceb"">ápul<sub>1</sub></form>
<hom role=""n""><pos>n</pos>
<sense n=""0""><trans> <tr>coagulated blood</tr>. </trans>
<eg><i lang=""ceb"">Dinhay daghang ápul namilit sa sundang,</i><trans> A lot of coagulated blood was sticking to the bolo. </trans></eg>
</sense></hom>
<hom role=""v""><pos>v</pos>
<sense n=""0""> <itype>[B3(1); b6]</itype><trans> for blood to coagulate. </trans>
<eg><i lang=""ceb"">Dílì makaápul (maápul) ang dugù kay atimanun ug trápu sa nars,</i><trans> The blood cannot coagulate because the nurse keeps wiping it away.
</trans></eg>
</sense></hom></entry>");
INSERT INTO `wced_head` (entryid, head, normalized_head, type, pos) VALUES (1100, "ápul", "apul", "s", "nv");
INSERT INTO `wced_translation` (entryid, translation) VALUES (1100, "coagulated blood");
INSERT INTO `wced_entry` VALUES (1101, "apul2", "53", "<entry page=""53"" id=""1101""><form id=""axpul2"" lang=""ceb"">ápul<sub>2</sub></form>
<hom role=""n""><pos>n</pos>
<sense n=""0""><trans> <tr>apple</tr>.
</trans>
</sense></hom></entry>");
INSERT INTO `wced_head` (entryid, head, normalized_head, type, pos) VALUES (1101, "ápul", "apul", "s", "n");
INSERT INTO `wced_translation` (entryid, translation) VALUES (1101, "apple");
INSERT INTO `wced_entry` VALUES (1102, "apung", "53", "<entry page=""53"" id=""1102""><form id=""apung"" lang=""ceb"">apung</form>
<hom role=""v""><pos>v</pos>
<sense n=""1""><number>1</number> <itype>[A; b6]</itype><trans> keep <tr>watch</tr>, <tr>wake</tr> over s.t. </trans>
<eg><i lang=""ceb"">Miapung siya sa masakitun,</i><trans> She kept watch over the patient. </trans></eg>
<eg><i lang=""ceb"">Nag-apung ang purman sa nagtrabáhu,</i><trans> The foreman was watching the workers. </trans></eg>
<eg><i lang=""ceb"">Giapungan níla ang minatay,</i><trans> They kept wake over the body. </trans></eg>
</sense>
<sense n=""2""><number>2</number> <itype>[A13; b6]</itype><trans> stand around looking at s.t. </trans>
<eg><i lang=""ceb"">Nag-apung siya ni Maríyang wà mutíngug níya,</i><trans> He was standing by, watching Maria, but she didn’t say anything. </trans></eg>
</sense>
<sense n=""3""><number>3</number> <itype>[A3]</itype><trans> be s.w. without doing anything, hang around a place. </trans>
<eg><i lang=""ceb"">Nía ka na sad mag-apung sa tubaan,</i><trans> Here you are again, hanging around the toddy stand.
</trans></eg>
</sense></hom></entry>");
INSERT INTO `wced_head` (entryid, head, normalized_head, type, pos) VALUES (1102, "apung", "apung", "m", "v");
INSERT INTO `wced_translation` (entryid, translation) VALUES (1102, "watch");
INSERT INTO `wced_translation` (entryid, translation) VALUES (1102, "wake");
INSERT INTO `wced_entry` VALUES (1103, "apung", "53", "<entry page=""53"" id=""1103""><form id=""axpung"" lang=""ceb"">ápung</form>
<hom role=""v""><pos>v</pos>
<sense n=""0""> <itype>[A2; b(1)]</itype><trans> for fish to <tr>gather</tr> in a mass. </trans>
<eg><i lang=""ceb"">Sugà nga giapúngan sa mga bulinaw,</i><trans> Light that the anchovies were attracted to. </trans></eg>
</sense></hom>
<hom role=""n""><pos>n</pos>
<sense n=""0""><trans> mass of fish.
</trans>
</sense></hom></entry>");
INSERT INTO `wced_head` (entryid, head, normalized_head, type, pos) VALUES (1103, "ápung", "apung", "m", "vn");
INSERT INTO `wced_translation` (entryid, translation) VALUES (1103, "gather");
INSERT INTO `wced_entry` VALUES (1104, "apuntadur", "53", "<entry page=""53"" id=""1104""><form id=""apuntadur"" lang=""ceb"">apuntadur</form>
<hom role=""n""><pos>n</pos>
<sense n=""0""><trans> <tr>prompter</tr> in a drama. </trans>
</sense></hom>
<hom role=""v""><pos>v</pos>
<sense n=""0""> <itype>[B156]</itype><trans> be the prompter.
</trans>
</sense></hom></entry>");
INSERT INTO `wced_head` (entryid, head, normalized_head, type, pos) VALUES (1104, "apuntadur", "apuntadur", "m", "nv");
INSERT INTO `wced_translation` (entryid, translation) VALUES (1104, "prompter");
INSERT INTO `wced_entry` VALUES (1105, "apuntasiyun", "53", "<entry page=""53"" id=""1105""><form id=""apuntasiyun"" lang=""ceb"">apuntasiyun</form>
<hom role=""n""><pos>n</pos>
<sense n=""0""><trans> <tr>prompting</tr> in a drama.
</trans>
</sense></hom></entry>");
INSERT INTO `wced_head` (entryid, head, normalized_head, type, pos) VALUES (1105, "apuntasiyun", "apuntasiyun", "m", "n");
INSERT INTO `wced_translation` (entryid, translation) VALUES (1105, "prompting");
INSERT INTO `wced_entry` VALUES (1106, "apunti", "53", "<entry page=""53"" id=""1106""><form id=""apunti"" lang=""ceb"">apunti</form>
<hom role=""v""><pos>v</pos>
<sense n=""0""> <itype>[A; c]</itype><trans> <tr>record</tr>, list s.t. down. </trans>
<eg><i lang=""ceb"">Akuy muapunti sa ímung gikúhà,</i><trans> I’ll write down the amount you borrowed.
</trans></eg>
</sense></hom></entry>");
INSERT INTO `wced_head` (entryid, head, normalized_head, type, pos) VALUES (1106, "apunti", "apunti", "m", "v");
INSERT INTO `wced_translation` (entryid, translation) VALUES (1106, "record");
INSERT INTO `wced_entry` VALUES (1107, "*apuntin", "53", "<entry page=""53"" id=""1107""><form id=""xxapuntin"" lang=""ceb"">*apuntin</form>
<entry><form id=""Alistu_apuntin_puygu"" lang=""ceb"">Alistu, <abbr expan=""apuntin"" type=""lemma"">—</abbr>, puygu</form>
<hom>
<sense n=""0""><trans><corr sic="",""/> Ready, <tr>aim</tr>, fire!
</trans>
</sense></hom></entry></entry>");
INSERT INTO `wced_head` (entryid, head, normalized_head, type, pos) VALUES (1107, "apuntin", "apuntin", "s", "");
INSERT INTO `wced_head` (entryid, head, normalized_head, type, pos) VALUES (1107, "Alistu", "alistu", "s", "");
INSERT INTO `wced_head` (entryid, head, normalized_head, type, pos) VALUES (1107, "puygu", "puygu", "s", "");
INSERT INTO `wced_translation` (entryid, translation) VALUES (1107, "aim");
INSERT INTO `wced_entry` VALUES (1108, "apupa", "53", "<entry page=""53"" id=""1108""><form id=""apuxpa"" lang=""ceb"">apúpa</form>
<hom role=""a""><pos>a</pos>
<sense n=""0""><trans> in the <tr>path</tr> of s.t. that comes from a general direction: rain, wind, smell, etc. </trans>
<eg><i lang=""ceb"">Ang Sibu apúpa sa bagyu,</i><trans> Cebu is in the path of the storm. </trans></eg>
<eg><i lang=""ceb"">Apúpa ang ákung gilingkúran sa báhù,</i><trans> The place I’m sitting is right in the path of the smell. </trans></eg>
</sense></hom>
<hom role=""v""><pos>v</pos>
<sense n=""1""><number>1</number> <itype>[B1256]</itype><trans> get into the path of. </trans>
</sense>
<sense n=""2""><number>2</number> <itype>[cP]</itype><trans> put in the path of. </trans>
<eg><i lang=""ceb"">Ayaw iapúpa (ipaapúpa) ang bátà dihà. Banlásan námù ang salug,</i><trans> Don’t put the child in the way of the water we are going to splash over the floor. </trans></eg>
</sense></hom>
<entry><form id=""paapuxpa"" lang=""ceb""><abbr expan=""paapúpa"" type=""lemma"">pa-</abbr></form>
<hom role=""v""><pos>v</pos>
<sense n=""1""><number>1</number> <itype>[A; a1c]</itype><trans> go into the path of. </trans>
</sense>
<sense n=""2""><number>2</number> <itype>[A; b6]</itype><trans> place oneself in full view of s.o. </trans>
<eg><i lang=""ceb"">Nagpaapúpa si Kurdaping sa mga laláki samtang nalígù,</i><trans> The fairy stood where the boys could look at him while he was bathing.
</trans></eg>
</sense></hom></entry></entry>");
INSERT INTO `wced_head` (entryid, head, normalized_head, type, pos) VALUES (1108, "apúpa", "apupa", "m", "av");
INSERT INTO `wced_head` (entryid, head, normalized_head, type, pos) VALUES (1108, "paapúpa", "paapupa", "s", "v");
INSERT INTO `wced_translation` (entryid, translation) VALUES (1108, "path");
INSERT INTO `wced_entry` VALUES (1109, "apura", "53", "<entry page=""53"" id=""1109""><form id=""apura"" lang=""ceb"">apura</form>
<hom role=""v""><pos>v</pos>
<sense n=""0""> <itype>[A; c1b2]</itype><trans> <tr>hurry</tr> s.o., s.t. up. </trans>
<eg><i lang=""ceb"">Mag-apura kug tuun,</i><trans> I’ll study quickly. </trans></eg>
<eg><i lang=""ceb"">Ayaw apuraha ang draybir kay piligru tag mabanggà,</i><trans> You must not tell the driver to hurry because we might have an accident. </trans></eg>
<eg><i lang=""ceb"">Apuraha (iapura) ang panihápun. Gigútum na ku,</i><trans> Hurry the dinner up. I’m hungry. </trans></eg>
</sense></hom>
<entry><form id=""apuraxdu"" lang=""ceb""><abbr expan=""apurádu"" type=""lemma"">-du(←)</abbr></form>
<hom role=""a""><pos>a</pos>
<sense n=""0""><trans> wanting things done in a hurry. </trans>
<eg><i lang=""ceb"">Apurádu kaáyu siya kay gustu siya nga mahuman dáyun,</i><trans> He always rushes people up because he wants things done right away. </trans></eg>
</sense></hom>
<hom role=""v""><pos>v</pos>
<sense n=""0""> <itype>[B1256]</itype><trans> wanting to do things in a hurry.
</trans>
</sense></hom></entry></entry>");
INSERT INTO `wced_head` (entryid, head, normalized_head, type, pos) VALUES (1109, "apura", "apura", "m", "v");
INSERT INTO `wced_head` (entryid, head, normalized_head, type, pos) VALUES (1109, "apurádu", "apuradu", "s", "av");
INSERT INTO `wced_translation` (entryid, translation) VALUES (1109, "hurry");
INSERT INTO `wced_entry` VALUES (1110, "apuru", "53", "<entry page=""53"" id=""1110""><form id=""apuxru"" lang=""ceb"">apúru</form>
<hom role=""n""><pos>n</pos>
<sense n=""0""><trans> <tr>facing</tr>, piece of cloth added to a material to allow for a hem or any turning. </trans>
</sense></hom>
<hom role=""v""><pos>v</pos>
<sense n=""0""> <itype>[A; a2]</itype><trans> add, make into facing.
</trans>
</sense></hom></entry>");
INSERT INTO `wced_head` (entryid, head, normalized_head, type, pos) VALUES (1110, "apúru", "apuru", "m", "nv");
INSERT INTO `wced_translation` (entryid, translation) VALUES (1110, "facing");
INSERT INTO `wced_entry` VALUES (1111, "apus", "53", "<entry page=""53"" id=""1111""><form id=""apus"" lang=""ceb"">apus</form>
<hom role=""n""><pos>n</pos>
<sense n=""0""><trans> <tr>string</tr> for spinning a top. </trans>
</sense></hom>
<hom role=""v""><pos>v</pos>
<sense n=""0""> <itype>[a12]</itype><trans> hit s.t. with, make into the string for a top. </trans>
<eg><i lang=""ceb"">Apsun (apusun) nímu ang kasing arun magsígi ug úgung,</i><trans> You hit the top with the string so that it will continue to spin.
</trans></eg>
</sense></hom></entry>");
INSERT INTO `wced_head` (entryid, head, normalized_head, type, pos) VALUES (1111, "apus", "apus", "m", "nv");
INSERT INTO `wced_translation` (entryid, translation) VALUES (1111, "string");
INSERT INTO `wced_entry` VALUES (1112, "apustrupi", "53", "<entry page=""53"" id=""1112""><form id=""apustrupi"" lang=""ceb"">apustrupi</form>
<hom role=""n""><pos>n</pos>
<sense n=""0""><trans> <tr>apostrophe</tr>.
</trans>
</sense></hom></entry>");
INSERT INTO `wced_head` (entryid, head, normalized_head, type, pos) VALUES (1112, "apustrupi", "apustrupi", "m", "n");
INSERT INTO `wced_translation` (entryid, translation) VALUES (1112, "apostrophe");
INSERT INTO `wced_entry` VALUES (1113, "apustul1", "53", "<entry page=""53"" id=""1113""><form id=""apustu4l"" lang=""ceb"">apustǔl<sub>1</sub></form>
<hom role=""n""><pos>n</pos>
<sense n=""0""><trans> <tr>apostle</tr>.
</trans>
</sense></hom></entry>");
INSERT INTO `wced_head` (entryid, head, normalized_head, type, pos) VALUES (1113, "apustǔl", "apustul", "s", "n");
INSERT INTO `wced_translation` (entryid, translation) VALUES (1113, "apostle");
INSERT INTO `wced_entry` VALUES (1114, "apustul2", "53", "<entry page=""53"" id=""1114""><form id=""apustu4l2"" lang=""ceb"">apustǔl<sub>2</sub></form>
<hom role=""n""><pos>n</pos>
<sense n=""0""><trans> k.o. <tr>paddy</tr> rice with elongated white grains. </trans>
</sense></hom>
<hom role=""v""><pos>v</pos>
<sense n=""0""> <itype>[A; a2]</itype><trans> plant <ix>apustǔl.</ix> </trans>
<eg><i lang=""ceb"">Apustulun námù ámung basakan,</i><trans> We will plant our paddy to <ix>apustǔl.</ix>
</trans></eg>
</sense></hom></entry>");
INSERT INTO `wced_head` (entryid, head, normalized_head, type, pos) VALUES (1114, "apustǔl", "apustul", "s", "nv");
INSERT INTO `wced_translation` (entryid, translation) VALUES (1114, "paddy");
INSERT INTO `wced_entry` VALUES (1115, "apustulis", "53", "<entry page=""53"" id=""1115""><form id=""apustulis"" lang=""ceb"">apustulis</form>
<hom role=""n""><pos>n</pos>
<sense n=""1""><number>1</number><trans> <tr>apostle</tr>. </trans>
</sense>
<sense n=""2""><number>2</number><trans> persons who take part in a tableau of the Last Supper presented on Holy Thursday.
</trans>
</sense></hom></entry>");
INSERT INTO `wced_head` (entryid, head, normalized_head, type, pos) VALUES (1115, "apustulis", "apustulis", "m", "n");
INSERT INTO `wced_translation` (entryid, translation) VALUES (1115, "apostle");
INSERT INTO `wced_entry` VALUES (1116, "apuwintmint", "53", "<entry page=""53"" id=""1116""><form id=""apuwintmint"" lang=""ceb"">apuwintmint</form>
<hom role=""n""><pos>n</pos>
<sense n=""1""><number>1</number><trans> <tr>appointment</tr> to a job or office. </trans>
</sense>
<sense n=""2""><number>2</number><trans> <tr>date</tr>, <tr>appointment</tr> to meet with s.o.
</trans>
</sense></hom></entry>");
INSERT INTO `wced_head` (entryid, head, normalized_head, type, pos) VALUES (1116, "apuwintmint", "apuwintmint", "m", "n");
INSERT INTO `wced_translation` (entryid, translation) VALUES (1116, "appointment");
INSERT INTO `wced_translation` (entryid, translation) VALUES (1116, "date");
INSERT INTO `wced_entry` VALUES (1117, "apuy", "53", "<entry page=""53"" id=""1117""><form id=""apuy"" lang=""ceb"">apuy</form>
<hom role=""n""><pos>n</pos>
<sense n=""0""><trans> <tr>boil</tr> which goes deep into the flesh and develops slowly, esp. around the knees.
</trans>
</sense></hom></entry>");
INSERT INTO `wced_head` (entryid, head, normalized_head, type, pos) VALUES (1117, "apuy", "apuy", "m", "n");
INSERT INTO `wced_translation` (entryid, translation) VALUES (1117, "boil");
INSERT INTO `wced_entry` VALUES (1118, "apuya", "53", "<entry page=""53"" id=""1118""><form id=""apuxya"" lang=""ceb"">apúya</form>
<hom role=""n""><pos>n</pos>
<sense n=""0""><trans> pulpy, fibrous material left after extracting the juice of s.t. </trans>
<eg><i lang=""ceb"">Apúya sa amirul nga balanghuy,</i><trans> The pulpy material left after starch has been extracted from the cassava. </trans></eg>
<eg><i lang=""ceb"">Apúya sa kapi,</i><trans> Coffee grounds. </trans></eg>
</sense></hom>
<hom role=""v""><pos>v</pos>
<sense n=""0""> <pb n=""54""/><itype>[b6]</itype><trans> consider pulpy. </trans>
<eg><i lang=""ceb"">Giapuyáhan na ku ning nilugáwa kay wà na may lanut,</i><trans> This porridge is all pulp because there is no water.
</trans></eg>
</sense></hom></entry>");
INSERT INTO `wced_head` (entryid, head, normalized_head, type, pos) VALUES (1118, "apúya", "apuya", "m", "nv");
INSERT INTO `wced_entry` VALUES (1119, "apuyus", "54", "<entry page=""54"" id=""1119""><form id=""apuyus"" lang=""ceb"">apuyus</form>
<hom role=""n""><pos>n</pos>
<sense n=""0""><trans> <tr>maggots</tr>. </trans>
</sense></hom>
<hom role=""v""><pos>v</pos>
<sense n=""0""> <itype>[a4]</itype><trans> be maggotty. </trans>
<eg><i lang=""ceb"">Ang kusáhus giapuyus kay dílì maáyung pagkabulad,</i><trans> The jerked meat is full of maggots because it was not well-dried.
</trans></eg>
</sense></hom></entry>");
INSERT INTO `wced_head` (entryid, head, normalized_head, type, pos) VALUES (1119, "apuyus", "apuyus", "m", "nv");
INSERT INTO `wced_translation` (entryid, translation) VALUES (1119, "maggots");
INSERT INTO `wced_entry` VALUES (1120, "apyu", "54", "<entry page=""54"" id=""1120""><form id=""apyu"" lang=""ceb"">apyu</form>
<hom role=""n""><pos>n</pos>
<sense n=""0""><trans> variety of <tr>celery</tr> with a thin body and light green leaves.
</trans>
</sense></hom></entry>");
INSERT INTO `wced_head` (entryid, head, normalized_head, type, pos) VALUES (1120, "apyu", "apyu", "m", "n");
INSERT INTO `wced_translation` (entryid, translation) VALUES (1120, "celery");
INSERT INTO `wced_entry` VALUES (1121, "apyug", "54", "<entry page=""54"" id=""1121""><form id=""apyug"" lang=""ceb"">apyug</form>
<hom role=""n""><pos>n</pos>
<sense n=""1""><number>1</number><trans> general <tr>debility</tr> brought about as a result of sickness or malnutrition. </trans>
<eg><i lang=""ceb"">Human sa tákig gitaptan siya sa apyug,</i><trans> After his malaria a general debility settled over him. </trans></eg>
</sense>
<sense n=""2""><number>2</number><trans> <tr>weakling</tr>. </trans>
</sense></hom>
<hom role=""v""><pos>v</pos>
<sense n=""0""> <itype>[a4]</itype><trans> get to be weak. </trans>
</sense></hom>
<entry><form id=""apyugun"" lang=""ceb""><abbr expan=""apyugun"" type=""lemma"">-un(→)</abbr></form>
<hom role=""a""><pos>a</pos>
<sense n=""0""><trans> <tr>weak</tr>, <tr>debilitated</tr>. </trans>
</sense></hom>
<hom role=""v""><pos>v</pos>
<sense n=""0""> <itype>[B12]</itype><trans> get to be weak, debilitated.
</trans>
</sense></hom></entry></entry>");
INSERT INTO `wced_head` (entryid, head, normalized_head, type, pos) VALUES (1121, "apyug", "apyug", "m", "nv");
INSERT INTO `wced_head` (entryid, head, normalized_head, type, pos) VALUES (1121, "apyugun", "apyugun", "s", "av");
INSERT INTO `wced_translation` (entryid, translation) VALUES (1121, "debility");
INSERT INTO `wced_translation` (entryid, translation) VALUES (1121, "weakling");
INSERT INTO `wced_translation` (entryid, translation) VALUES (1121, "weak");
INSERT INTO `wced_translation` (entryid, translation) VALUES (1121, "debilitated");
INSERT INTO `wced_entry` VALUES (1122, "ara", "54", "<entry page=""54"" id=""1122""><form id=""axraq"" lang=""ceb"">árà</form>
<hom>
<sense n=""0""><trans> = <xr lang=""ceb"" target=""#anaxa""><sc>anáa</sc></xr> (dialectal).
</trans>
</sense></hom></entry>");
INSERT INTO `wced_head` (entryid, head, normalized_head, type, pos) VALUES (1122, "árà", "ara", "m", "");
INSERT INTO `wced_entry` VALUES (1123, "arab1", "54", "<entry page=""54"" id=""1123""><form id=""axrab"" lang=""ceb"">árab<sub>1</sub></form>
<hom role=""v""><pos>v</pos>
<sense n=""0""> <itype>[AB; c1]</itype><trans> <tr>burn</tr> s.t. with a rapid bright flame and then die down. </trans>
<eg><i lang=""ceb"">Ang kaláyu miárab sa kakugnan,</i><trans> The fire burned the cogon grass. </trans></eg>
</sense></hom>
<entry><form id=""arab"" lang=""ceb""><abbr expan=""arab"" type=""lemma"">(→)</abbr></form>
<hom role=""a""><pos>a</pos>
<sense n=""0""><trans> burning readily. </trans>
<eg><i lang=""ceb"">Kining tabakúa barut kay arab,</i><trans> This is a poor k.o. tobacco because it burns fast.
</trans></eg>
</sense></hom></entry></entry>");
INSERT INTO `wced_head` (entryid, head, normalized_head, type, pos) VALUES (1123, "árab", "arab", "s", "v");
INSERT INTO `wced_head` (entryid, head, normalized_head, type, pos) VALUES (1123, "arab", "arab", "s", "a");
INSERT INTO `wced_translation` (entryid, translation) VALUES (1123, "burn");
INSERT INTO `wced_entry` VALUES (1124, "arab2", "54", "<entry page=""54"" id=""1124""><form id=""axrab2"" lang=""ceb"">árab<sub>2</sub></form>
<hom role=""v""><pos>v</pos>
<sense n=""0""> <itype>[AP; b5P]</itype><trans> <tr>cut</tr> s.t. without hesitating or caring much about the result. </trans>
<eg><i lang=""ceb"">Kinsay nag-árab sa ákung karsunisun? Nadáut na,</i><trans> Who did such a sloppy job of cutting my trousers? Now, they are ruined. </trans></eg>
<eg><i lang=""ceb"">Giarában (giárab) lang nímu ang ákung buhuk,</i><trans> You cut my hair too short and in a careless way.
</trans></eg>
</sense></hom></entry>");
INSERT INTO `wced_head` (entryid, head, normalized_head, type, pos) VALUES (1124, "árab", "arab", "s", "v");
INSERT INTO `wced_translation` (entryid, translation) VALUES (1124, "cut");
INSERT INTO `wced_entry` VALUES (1125, "arabi", "54", "<entry page=""54"" id=""1125""><form id=""arabi"" lang=""ceb"">arabi</form>
<hom role=""n""><pos>n</pos>
<sense n=""0""><trans> tall breed of <tr>horse</tr> with a white coat and slender body.
</trans>
</sense></hom></entry>");
INSERT INTO `wced_head` (entryid, head, normalized_head, type, pos) VALUES (1125, "arabi", "arabi", "m", "n");
INSERT INTO `wced_translation` (entryid, translation) VALUES (1125, "horse");
INSERT INTO `wced_entry` VALUES (1126, "arabun", "54", "<entry page=""54"" id=""1126""><form id=""arabun"" lang=""ceb"">arabun</form>
<hom role=""n""><pos>n</pos>
<sense n=""0""><trans> k.o. special sticky <tr>rice</tr> used for the preparation of confections.
</trans>
</sense></hom></entry>");
INSERT INTO `wced_head` (entryid, head, normalized_head, type, pos) VALUES (1126, "arabun", "arabun", "m", "n");
INSERT INTO `wced_translation` (entryid, translation) VALUES (1126, "rice");
INSERT INTO `wced_entry` VALUES (1127, "arabya", "54", "<entry page=""54"" id=""1127""><form id=""arabya"" lang=""ceb"">arabya</form>
<hom>
<sense n=""0""><trans> = <xr lang=""ceb"" target=""#gwayabanu""><sc>gwayabanu</sc></xr>.
</trans>
</sense></hom></entry>");
INSERT INTO `wced_head` (entryid, head, normalized_head, type, pos) VALUES (1127, "arabya", "arabya", "m", "");
INSERT INTO `wced_entry` VALUES (1128, "aradur", "54", "<entry page=""54"" id=""1128""><form id=""aradur"" lang=""ceb"">aradur</form>
<hom role=""n""><pos>n</pos>
<sense n=""0""><trans> full-grown male <tr>carabao</tr>.
</trans>
</sense></hom></entry>");
INSERT INTO `wced_head` (entryid, head, normalized_head, type, pos) VALUES (1128, "aradur", "aradur", "m", "n");
INSERT INTO `wced_translation` (entryid, translation) VALUES (1128, "carabao");
INSERT INTO `wced_entry` VALUES (1129, "arag", "54", "<entry page=""54"" id=""1129""><form id=""axrag"" lang=""ceb"">árag</form>
<hom role=""v""><pos>v</pos>
<sense n=""0""> <itype>[BN]</itype><trans> for leaves to fall off. </trans>
<eg><i lang=""ceb"">Mangárag ang dáhun sa arbul ug ting-init,</i><trans> The poinciana loses its leaves in the hot season.
</trans></eg>
</sense></hom></entry>");
INSERT INTO `wced_head` (entryid, head, normalized_head, type, pos) VALUES (1129, "árag", "arag", "m", "v");
INSERT INTO `wced_entry` VALUES (1130, "arang", "54", "<entry page=""54"" id=""1130""><form id=""arang"" lang=""ceb"">arang</form>
<hom>
<sense n=""1""><number>1</number><trans> <tr>possible and fitting</tr>. </trans>
<eg><i lang=""ceb"">Arang himúung upisína kining baláya,</i><trans> This is a good house to make into an office. </trans></eg>
<eg><i lang=""ceb"">Wà kuy arang ikabáyad,</i><trans> I don’t have enough to pay the debt. </trans></eg>
<eg><i lang=""ceb"">Dì tà nà arang isulti níya,</i><trans> That is not a fitting thing to say to him. </trans></eg>
<eg><i lang=""ceb"">Kinsay arang mugámit niíni?</i><trans> Who has the right to use this? </trans></eg>
</sense>
<sense n=""2""><number>2</number> <form id=""walay_kinsay_arang"" lang=""ceb"">walay, kinsay <abbr expan=""arang"" type=""lemma"">—</abbr></form><trans> no one has, who has more right and power. </trans>
<eg><i lang=""ceb"">Kinsay arang sa Diyus?</i><trans> Who is more powerful than God? </trans></eg>
<eg><i lang=""ceb"">Walay arang nákù dinhi. Ákù ning tanan,</i><trans> No one has more rights around here than I have. All this belongs to me. </trans></eg>
</sense>
<sense n=""3""><number>3</number><trans> <ix>followed by exclamation:</ix> My, how! </trans>
<eg><i lang=""ceb"">Arang paíta!</i><trans> My! How bitter it is! </trans></eg>
</sense></hom>
<hom role=""v""><pos>v</pos>
<sense n=""0""> <itype>[B256]</itype><trans> <tr>fit</tr>, be <corr sic=""accomodated"">accommodated</corr>. </trans>
<eg><i lang=""ceb"">Muarang ning pirnúha ánang bangag?</i><trans> Will this bolt get into that hole? </trans></eg>
<eg><i lang=""ceb"">Maarang ba tang tanan sa dyíp?</i><trans> Can all of us get into the jeep? </trans></eg>
</sense></hom>
<entry><form id=""kun_maarang"" lang=""ceb"">kun <abbr expan=""maarang"" type=""lemma"">ma-</abbr></form>
<hom>
<sense n=""0""><trans> <tr>please</tr>. </trans>
<eg><i lang=""ceb"">Kun maarang ayaw ug sábà,</i><trans> Please don’t make any noise. </trans></eg>
</sense></hom></entry>
<entry><form id=""axrang"" lang=""ceb""><abbr expan=""árang"" type=""lemma"">(←)</abbr></form>
<hom>
<sense n=""0""><trans> = <xr lang=""ceb"" target=""#arang""><sc>arang</sc></xr>, <ix>3.</ix> </trans>
</sense></hom></entry>
<entry><form id=""arangan"" lang=""ceb""><abbr expan=""arangan"" type=""lemma"">-an</abbr></form>
<hom role=""a""><pos>a</pos>
<sense n=""0""><trans> <tr>presentable</tr>, <tr>all right</tr>. </trans>
<eg><i lang=""ceb"">Arangan tà siyag hitsúra apan tagabúkid,</i><trans> She looks all right, but she’s a mountain girl. </trans></eg>
</sense></hom></entry>
<entry><form id=""arang-arang_maarang-arang"" lang=""ceb"">arang-arang, maarang-arang</form>
<hom role=""a""><pos>a</pos>
<sense n=""0""><trans> a bit better. </trans>
<eg><i lang=""ceb"">Arang-arang (maarang-arang) ning ákung sapátus sa imúha,</i><trans> My shoes are a bit better than yours. </trans></eg>
</sense></hom>
<hom role=""v""><pos>v</pos>
<sense n=""0""> <itype>[B]</itype><trans> get better. </trans>
<eg><i lang=""ceb"">Miarang-arang (naarang-arang) na ang ákung památì,</i><trans> I’m feeling a bit better now. </trans></eg>
<eg><i lang=""ceb"">Nagkaarang-arang na ang ílang kahimtang,</i><trans> Their financial situation is improving. </trans></eg>
</sense></hom></entry>
<entry><form id=""karangan"" lang=""ceb""><abbr expan=""karangan"" type=""lemma"">ka-an</abbr></form>
<hom role=""n""><pos>n</pos>
<sense n=""0""><trans> being well-off financially.
</trans>
</sense></hom></entry></entry>");
INSERT INTO `wced_head` (entryid, head, normalized_head, type, pos) VALUES (1130, "arang", "arang", "m", "v");
INSERT INTO `wced_head` (entryid, head, normalized_head, type, pos) VALUES (1130, "walay", "walay", "s", "");
INSERT INTO `wced_head` (entryid, head, normalized_head, type, pos) VALUES (1130, "kinsay arang", "kinsay arang", "s", "");
INSERT INTO `wced_head` (entryid, head, normalized_head, type, pos) VALUES (1130, "kun maarang", "kun maarang", "s", "");
INSERT INTO `wced_head` (entryid, head, normalized_head, type, pos) VALUES (1130, "árang", "arang", "s", "");
INSERT INTO `wced_head` (entryid, head, normalized_head, type, pos) VALUES (1130, "arangan", "arangan", "s", "a");
INSERT INTO `wced_head` (entryid, head, normalized_head, type, pos) VALUES (1130, "arang-arang", "arang-arang", "s", "av");
INSERT INTO `wced_head` (entryid, head, normalized_head, type, pos) VALUES (1130, "maarang-arang", "maarang-arang", "s", "av");
INSERT INTO `wced_head` (entryid, head, normalized_head, type, pos) VALUES (1130, "karangan", "karangan", "s", "n");
INSERT INTO `wced_translation` (entryid, translation) VALUES (1130, "possible and fitting");
INSERT INTO `wced_translation` (entryid, translation) VALUES (1130, "fit");
INSERT INTO `wced_translation` (entryid, translation) VALUES (1130, "please");
INSERT INTO `wced_translation` (entryid, translation) VALUES (1130, "presentable");
INSERT INTO `wced_translation` (entryid, translation) VALUES (1130, "all right");
INSERT INTO `wced_entry` VALUES (1131, "arang", "54", "<entry page=""54"" id=""1131""><form id=""axrang"" lang=""ceb"">árang</form>
<hom role=""v""><pos>v</pos>
<sense n=""0""> <itype>[A13; a12]</itype><trans> <tr>call off</tr> a game. </trans>
<eg><i lang=""ceb"">Arángun ta ning dáma kay sígi ku nímung limbúngan,</i><trans> We’ll call off this checker game because you keep cheating.
</trans></eg>
</sense></hom></entry>");
INSERT INTO `wced_head` (entryid, head, normalized_head, type, pos) VALUES (1131, "árang", "arang", "m", "v");
INSERT INTO `wced_translation` (entryid, translation) VALUES (1131, "call off");
INSERT INTO `wced_entry` VALUES (1132, "arangka1", "54", "<entry page=""54"" id=""1132""><form id=""arangka"" lang=""ceb"">arangka<sub>1</sub></form>
<hom role=""v""><pos>v</pos>
<sense n=""0""> <itype>[A; b(1)]</itype><trans> speak seriously in order to convince. </trans>
<eg><i lang=""ceb"">Arangkáhi si Tasing, básig musugut,</i><trans> Speak seriously to Tasing. She might accept.
</trans></eg>
</sense></hom></entry>");
INSERT INTO `wced_head` (entryid, head, normalized_head, type, pos) VALUES (1132, "arangka", "arangka", "s", "v");
INSERT INTO `wced_entry` VALUES (1133, "arangka2, arangkar", "54", "<entry page=""54"" id=""1133""><form id=""arangka2_arangka4r"" lang=""ceb"">arangka<sub><corr sic=""3"">2</corr></sub>, arangkǎr</form>
<hom role=""v""><pos>v</pos>
<sense n=""0""> <itype>[A; a12]</itype><trans> </trans>
</sense>
<sense n=""1""><number>1</number><trans> force s.t. open, by prying s.t. off. </trans>
<eg><i lang=""ceb"">Ug way yáwi dì arangkáhun!</i><trans> If there’s no key, then force it open! </trans></eg>
</sense>
<sense n=""2""><number>2</number><trans> disassemble a machine. </trans>
<eg><i lang=""ceb"">Siyay nag-arangkar sa makina,</i><trans> He was the one who disassembled the engine.
</trans></eg>
</sense></hom></entry>");
INSERT INTO `wced_head` (entryid, head, normalized_head, type, pos) VALUES (1133, "arangka", "arangka", "s", "v");
INSERT INTO `wced_head` (entryid, head, normalized_head, type, pos) VALUES (1133, "arangkǎr", "arangkar", "s", "v");
INSERT INTO `wced_entry` VALUES (1134, "aransil", "54", "<entry page=""54"" id=""1134""><form id=""aransil"" lang=""ceb"">aransil</form>
<hom role=""n""><pos>n</pos>
<sense n=""1""><number>1</number><trans> <tr>church fees</tr>. </trans>
</sense>
<sense n=""2""><number>2</number><trans> schedule posting church fees.
</trans>
</sense></hom></entry>");
INSERT INTO `wced_head` (entryid, head, normalized_head, type, pos) VALUES (1134, "aransil", "aransil", "m", "n");
INSERT INTO `wced_translation` (entryid, translation) VALUES (1134, "church fees");
INSERT INTO `wced_entry` VALUES (1135, "aranya, aranyas", "54", "<entry page=""54"" id=""1135""><form id=""aranya_aranyas"" lang=""ceb"">aranya, aranyas</form>
<hom role=""n""><pos>n</pos>
<sense n=""1""><number>1</number><trans> <tr>chandelier</tr>. </trans>
</sense>
<sense n=""2""><number>2</number><trans> teardrop-shaped pieces of crystal that hang on a chandelier. </trans>
</sense>
<sense n=""3""><number>3</number><trans> earring with a pendant shaped like a teardrop. </trans>
</sense>
<sense n=""4""><number>4</number><trans> k.o. hanging fancy hibiscus: <bio>Hibiscus schizopetalus</bio>. </trans>
</sense>
<sense n=""5""><number>5</number><trans> = <xr lang=""ceb"" target=""#tahuri""><sc>tahuri</sc></xr> (so called because the <ix>tahuri</ix> is teardrop-shaped).
</trans>
</sense></hom></entry>");
INSERT INTO `wced_head` (entryid, head, normalized_head, type, pos) VALUES (1135, "aranya", "aranya", "s", "n");
INSERT INTO `wced_head` (entryid, head, normalized_head, type, pos) VALUES (1135, "aranyas", "aranyas", "s", "n");
INSERT INTO `wced_translation` (entryid, translation) VALUES (1135, "chandelier");
INSERT INTO `wced_entry` VALUES (1136, "arapal", "54", "<entry page=""54"" id=""1136""><form id=""arapal"" lang=""ceb"">arapal</form>
<hom>
<sense n=""0""><trans> (from <ix>dápal</ix>) </trans>
</sense></hom>
<hom role=""n""><pos>n</pos>
<sense n=""0""><trans> a cactus similar to the prickly pear, but thornless: <bio>Nopalea <corr sic=""cochinellifera"">cochinillifera</corr></bio>. </trans>
</sense></hom>
<hom role=""v""><pos>v</pos>
<sense n=""0""> <itype>[A13]</itype><trans> appear in distinct rounded lumps like a cactus. </trans>
<eg><i lang=""ceb"">Nag-arapal nga pangánud,</i><trans> Billowing clouds.
</trans></eg>
</sense></hom></entry>");
INSERT INTO `wced_head` (entryid, head, normalized_head, type, pos) VALUES (1136, "arapal", "arapal", "m", "nv");
INSERT INTO `wced_entry` VALUES (1137, "araru", "54", "<entry page=""54"" id=""1137""><form id=""araxru"" lang=""ceb"">aráru</form>
<hom>
<sense n=""0""><trans> = <xr lang=""ceb"" target=""#alaxru""><sc>aláru</sc></xr>.
</trans>
</sense></hom></entry>");
INSERT INTO `wced_head` (entryid, head, normalized_head, type, pos) VALUES (1137, "aráru", "araru", "m", "");
INSERT INTO `wced_entry` VALUES (1138, "aras1", "54", "<entry page=""54"" id=""1138""><form id=""axras"" lang=""ceb"">áras<sub>1</sub></form>
<hom role=""n""><pos>n</pos>
<sense n=""0""><trans> <tr>coins</tr> used in a marriage ceremony.
</trans>
</sense></hom></entry>");
INSERT INTO `wced_head` (entryid, head, normalized_head, type, pos) VALUES (1138, "áras", "aras", "s", "n");
INSERT INTO `wced_translation` (entryid, translation) VALUES (1138, "coins");
INSERT INTO `wced_entry` VALUES (1139, "aras2", "54", "<entry page=""54"" id=""1139""><form id=""axras2"" lang=""ceb"">áras<sub>2</sub></form>
<hom role=""n""><pos>n</pos>
<sense n=""0""><trans> <tr>tars</tr> produced by burning s.t. </trans>
</sense></hom>
<hom role=""v""><pos>v</pos>
<sense n=""0""> <itype>[A13]</itype><trans> form, produce tar. </trans>
<eg><i lang=""ceb"">Ang kwáku kusug muáras,</i><trans> The pipe collects lots of tars. </trans></eg>
</sense></hom>
<entry><form id=""araxsun"" lang=""ceb""><abbr expan=""arásun"" type=""lemma"">-un</abbr></form>
<hom role=""a""><pos>a</pos>
<sense n=""0""><trans> producing tar. </trans>
<eg><i lang=""ceb"">Ang byatilis arásung kahúya,</i><trans> The ipil-ipil is a tree that forms lots of tars.
</trans></eg>
</sense></hom></entry></entry>");
INSERT INTO `wced_head` (entryid, head, normalized_head, type, pos) VALUES (1139, "áras", "aras", "s", "nv");
INSERT INTO `wced_head` (entryid, head, normalized_head, type, pos) VALUES (1139, "arásun", "arasun", "s", "a");
INSERT INTO `wced_translation` (entryid, translation) VALUES (1139, "tars");
INSERT INTO `wced_entry` VALUES (1140, "aras3", "54", "<entry page=""54"" id=""1140""><form id=""axras3"" lang=""ceb"">áras<sub>3</sub></form>
<hom>
<sense n=""0""><trans> = <xr lang=""ceb"" target=""#kaxras""><sc>káras<sub>1</sub></sc></xr>.
</trans>
</sense></hom></entry>");
INSERT INTO `wced_head` (entryid, head, normalized_head, type, pos) VALUES (1140, "áras", "aras", "s", "");
INSERT INTO `wced_entry` VALUES (1141, "*arasti", "54", "<entry page=""54"" id=""1141""><form id=""xxarasti"" lang=""ceb"">*arasti</form>
<entry><form id=""pangarasti"" lang=""ceb""><abbr expan=""pangarasti"" type=""lemma"">paN-</abbr></form>
<hom role=""v""><pos>v</pos>
<sense n=""0""> <itype>[A2; b6(1)]</itype><trans> </trans>
</sense>
<sense n=""1""><number>1</number><trans> venture to do s.t. which one is incapable of doing satisfactorily. </trans>
<eg><i lang=""ceb"">Nangarasti kag gubà niánà, ug karun unsa, dì na ka makaúlì?</i><trans> You took it on yourself to take that thing apart, and now you can’t get it back together again? </trans></eg>
</sense>
<sense n=""2""><number>2</number><trans> take a long chance on s.t. </trans>
<eg><i lang=""ceb"">Pangarastíhi lang siyag hangyù. Básig musugut,</i><trans> Try and ask her. <pb n=""55""/>She might just agree.
</trans></eg>
</sense></hom></entry></entry>");
INSERT INTO `wced_head` (entryid, head, normalized_head, type, pos) VALUES (1141, "arasti", "arasti", "s", "");
INSERT INTO `wced_head` (entryid, head, normalized_head, type, pos) VALUES (1141, "pangarasti", "pangarasti", "s", "v");
INSERT INTO `wced_entry` VALUES (1142, "arastri", "55", "<entry page=""55"" id=""1142""><form id=""arastri"" lang=""ceb"">arastri</form>
<hom role=""n""><pos>n</pos>
<sense n=""0""><trans> loading, unloading, transshipping service of goods shipped from abroad.
</trans>
</sense></hom></entry>");
INSERT INTO `wced_head` (entryid, head, normalized_head, type, pos) VALUES (1142, "arastri", "arastri", "m", "n");
INSERT INTO `wced_entry` VALUES (1143, "arat1", "55", "<entry page=""55"" id=""1143""><form id=""axrat"" lang=""ceb"">árat<sub>1</sub></form>
<hom role=""a""><pos>a</pos>
<sense n=""1""><number>1</number><trans> for throat to be sore. </trans>
</sense>
<sense n=""2""><number>2</number><trans> for citrus to have an acrid taste. </trans>
</sense></hom>
<hom role=""v""><pos>v</pos>
<sense n=""1""><number>1</number> <itype>[B3N; a2b4]</itype><trans> for the throat to be sore. </trans>
<eg><i lang=""ceb"">Nangárat ang ákung tutunlan sa pagsinyágit,</i><trans> My throat became sore from shouting. </trans></eg>
<eg><i lang=""ceb"">Arátan ka gánì sa tutunlan ubhun ka,</i><trans> If your throat becomes sore, you are going to catch cold. </trans></eg>
</sense>
<sense n=""2""><number>2</number> <itype>[B; b6]</itype><trans> turn out to have an acrid taste.
</trans>
</sense></hom></entry>");
INSERT INTO `wced_head` (entryid, head, normalized_head, type, pos) VALUES (1143, "árat", "arat", "s", "av");
INSERT INTO `wced_entry` VALUES (1144, "arat2", "55", "<entry page=""55"" id=""1144""><form id=""axrat2"" lang=""ceb"">árat<sub>2</sub></form>
<hom role=""n""><pos>n</pos>
<sense n=""0""><trans> actions to impress others. </trans>
<eg><i lang=""ceb"">Bídag árat ning tawhána,</i><trans> My, how that man puts on. </trans></eg>
</sense></hom>
<entry><form id=""paaxrat"" lang=""ceb""><abbr expan=""paárat"" type=""lemma"">pa-</abbr></form>
<hom role=""v""><pos>v</pos>
<sense n=""0""> <itype>[A1; b(1)]</itype><trans> do s.t. to <tr>impress</tr> s.o.</trans>
<eg><i lang=""ceb""> Dì ku kapaarátan níya. Wà siyay ikapaárat nákù,</i><trans> He can’t impress me. There’s nothing he can do that will impress me.
</trans></eg>
</sense></hom></entry></entry>");
INSERT INTO `wced_head` (entryid, head, normalized_head, type, pos) VALUES (1144, "árat", "arat", "s", "n");
INSERT INTO `wced_head` (entryid, head, normalized_head, type, pos) VALUES (1144, "paárat", "paarat", "s", "v");
INSERT INTO `wced_translation` (entryid, translation) VALUES (1144, "impress");
INSERT INTO `wced_entry` VALUES (1145, "arawkarya", "55", "<entry page=""55"" id=""1145""><form id=""arawkarya"" lang=""ceb"">arawkarya</form>
<hom role=""n""><pos>n</pos>
<sense n=""0""><trans> k.o. ornamental tree similar to a fir but with bright green needles and with fewer branches.
</trans>
</sense></hom></entry>");
INSERT INTO `wced_head` (entryid, head, normalized_head, type, pos) VALUES (1145, "arawkarya", "arawkarya", "m", "n");
INSERT INTO `wced_entry` VALUES (1146, "aray1", "55", "<entry page=""55"" id=""1146""><form id=""aray"" lang=""ceb"">aray<sub>1</sub></form>
<hom>
<sense n=""0""><trans> = <xr lang=""ceb"" target=""#agay""><sc>agay</sc></xr>.
</trans>
</sense></hom></entry>");
INSERT INTO `wced_head` (entryid, head, normalized_head, type, pos) VALUES (1146, "aray", "aray", "s", "");
INSERT INTO `wced_entry` VALUES (1147, "aray2", "55", "<entry page=""55"" id=""1147""><form id=""aray2"" lang=""ceb"">aray<sub>2</sub></form>
<hom role=""v""><pos>v</pos>
<sense n=""0""> <itype>[AP; cP]</itype><trans> set s.t. out before s.o. </trans>
<eg><i lang=""ceb"">Giarayan (gipaarayan) ku siya ug tulu ka butilya, ug mikanta dáyun,</i><trans> I put three bottles in front of him, and he sang at once. </trans></eg>
<eg><i lang=""ceb"">Pagkáun nga giaray (gipaaray) kaníla,</i><trans> The food that was set before them.
</trans></eg>
</sense></hom></entry>");
INSERT INTO `wced_head` (entryid, head, normalized_head, type, pos) VALUES (1147, "aray", "aray", "s", "v");
INSERT INTO `wced_entry` VALUES (1148, "arayis", "55", "<entry page=""55"" id=""1148""><form id=""arayis"" lang=""ceb"">arayis</form>
<hom role=""n""><pos>n</pos>
<sense n=""0""><trans> <tr>skipper</tr> of small boats. </trans>
</sense></hom>
<hom role=""v""><pos>v</pos>
<sense n=""0""> <itype>[B156]</itype><trans> become, make into skipper.
</trans>
</sense></hom></entry>");
INSERT INTO `wced_head` (entryid, head, normalized_head, type, pos) VALUES (1148, "arayis", "arayis", "m", "nv");
INSERT INTO `wced_translation` (entryid, translation) VALUES (1148, "skipper");
INSERT INTO `wced_entry` VALUES (1149, "arbul1", "55", "<entry page=""55"" id=""1149""><form id=""arbul"" lang=""ceb"">arbul<sub>1</sub></form>
<hom role=""v""><pos>v</pos>
<sense n=""0""> <itype>[AN; b5]</itype><trans> join s.o. in s.t. they have to eat, drink, ask for a smoke. </trans>
<eg><i lang=""ceb"">Mangarbul (muarbul) na sad nig sigarilyu,</i><trans> He’ll probably come over to get a cigarette from us.
</trans></eg>
</sense></hom></entry>");
INSERT INTO `wced_head` (entryid, head, normalized_head, type, pos) VALUES (1149, "arbul", "arbul", "s", "v");
INSERT INTO `wced_entry` VALUES (1150, "arbul2", "55", "<entry page=""55"" id=""1150""><form id=""arbul2"" lang=""ceb"">arbul<sub>2</sub></form>
<hom role=""n""><pos>n</pos>
<sense n=""0""><trans> the royal poinciana tree: <bio>Delonix regia</bio>.†
</trans>
</sense></hom></entry>");
INSERT INTO `wced_head` (entryid, head, normalized_head, type, pos) VALUES (1150, "arbul", "arbul", "s", "n");
INSERT INTO `wced_entry` VALUES (1151, "arbularyu", "55", "<entry page=""55"" id=""1151""><form id=""arbularyu"" lang=""ceb"">arbularyu</form>
<hom role=""n""><pos>n</pos>
<sense n=""0""><trans> a <tr>folk doctor</tr> who deals with plants. </trans>
</sense></hom>
<hom role=""v""><pos>v</pos>
<sense n=""0""> <itype>[B156]</itype><trans> be, become an <ix>arbularyu.</ix> </trans>
</sense></hom>
<entry><form id=""paarbularyu"" lang=""ceb""><abbr expan=""paarbularyu"" type=""lemma"">pa-</abbr></form>
<hom role=""v""><pos>v</pos>
<sense n=""0""> <itype>[A1; b6(1)]</itype><trans> have s.o. treated by an <ix>arbularyu.</ix> </trans>
<eg><i lang=""ceb"">Paarbularyúhi na lang nà, kay dì madá sa duktur,</i><trans> Let an <ix>arbularyu</ix> treat it because a regular doctor can do nothing.
</trans></eg>
</sense></hom></entry></entry>");
INSERT INTO `wced_head` (entryid, head, normalized_head, type, pos) VALUES (1151, "arbularyu", "arbularyu", "m", "nv");
INSERT INTO `wced_head` (entryid, head, normalized_head, type, pos) VALUES (1151, "paarbularyu", "paarbularyu", "s", "v");
INSERT INTO `wced_translation` (entryid, translation) VALUES (1151, "folk doctor");
INSERT INTO `wced_entry` VALUES (1152, "argabyadu", "55", "<entry page=""55"" id=""1152""><form id=""argabyaxdu"" lang=""ceb"">argabyádu</form>
<hom>
<sense n=""0""><trans> = <xr lang=""ceb"" target=""#agrabyaxdu""><sc>agrabyádu</sc></xr>.
</trans>
</sense></hom></entry>");
INSERT INTO `wced_head` (entryid, head, normalized_head, type, pos) VALUES (1152, "argabyádu", "argabyadu", "m", "");
INSERT INTO `wced_entry` VALUES (1153, "argabyu", "55", "<entry page=""55"" id=""1153""><form id=""argabyu"" lang=""ceb"">argabyu</form>
<hom>
<sense n=""0""><trans> = <xr lang=""ceb"" target=""#agrabyu""><sc>agrabyu</sc></xr>.
</trans>
</sense></hom></entry>");
INSERT INTO `wced_head` (entryid, head, normalized_head, type, pos) VALUES (1153, "argabyu", "argabyu", "m", "");
INSERT INTO `wced_entry` VALUES (1154, "argardulsi", "55", "<entry page=""55"" id=""1154""><form id=""argardulsi"" lang=""ceb"">argardulsi</form>
<hom>
<sense n=""0""><trans> = <xr lang=""ceb"" target=""#limunsixtu""><sc>limunsítu</sc></xr>.
</trans>
</sense></hom></entry>");
INSERT INTO `wced_head` (entryid, head, normalized_head, type, pos) VALUES (1154, "argardulsi", "argardulsi", "m", "");
INSERT INTO `wced_entry` VALUES (1155, "argh", "55", "<entry page=""55"" id=""1155""><form id=""argh"" lang=""ceb"">argh</form>
<hom>
<sense n=""0""><trans> word used in writing to represent sound of coughing.
</trans>
</sense></hom></entry>");
INSERT INTO `wced_head` (entryid, head, normalized_head, type, pos) VALUES (1155, "argh", "argh", "m", "");
INSERT INTO `wced_entry` VALUES (1156, "argulya", "55", "<entry page=""55"" id=""1156""><form id=""argulya"" lang=""ceb"">argulya</form>
<hom role=""n""><pos>n</pos>
<sense n=""1""><number>1</number><trans> <tr>metal ring</tr>. </trans>
</sense>
<sense n=""2""><number>2</number><trans> k.o. merry-go-round consisting of a wheel mounted on a pole from which metal chains with rings at the end dangle. To operate this contrivance the child holds on to a ring and runs around generating momentum until he can swing around holding on to the ring. Other children can ride by holding rings suspended from the other chains.
</trans>
</sense></hom></entry>");
INSERT INTO `wced_head` (entryid, head, normalized_head, type, pos) VALUES (1156, "argulya", "argulya", "m", "n");
INSERT INTO `wced_translation` (entryid, translation) VALUES (1156, "metal ring");
INSERT INTO `wced_entry` VALUES (1157, "argumintu", "55", "<entry page=""55"" id=""1157""><form id=""argumintu"" lang=""ceb"">argumintu</form>
<hom role=""n""><pos>n</pos>
<sense n=""1""><number>1</number><trans> arguments for or against s.t. </trans>
</sense>
<sense n=""2""><number>2</number><trans> <tr>argument</tr>, discussion. </trans>
</sense></hom>
<hom role=""v""><pos>v</pos>
<sense n=""0""> <itype>[C; a12]</itype><trans> <tr>argue</tr> with s.o. about s.t. </trans>
<eg><i lang=""ceb"">Nagkaargumintu mi mahitungud sa báyad,</i><trans> We had an argument about the payment. </trans></eg>
<eg><i lang=""ceb"">Argumintúhun nátù ni ug dílì ta magkaúyun,</i><trans> We will argue this out if we can’t make each other see eye to eye.
</trans></eg>
</sense></hom></entry>");
INSERT INTO `wced_head` (entryid, head, normalized_head, type, pos) VALUES (1157, "argumintu", "argumintu", "m", "nv");
INSERT INTO `wced_translation` (entryid, translation) VALUES (1157, "argument");
INSERT INTO `wced_translation` (entryid, translation) VALUES (1157, "argue");
INSERT INTO `wced_entry` VALUES (1158, "ari", "55", "<entry page=""55"" id=""1158""><form id=""ari"" lang=""ceb"">ari</form>
<hom>
<sense n=""1""><number>1</number><trans> <tr>here</tr> (near speaker but not near person spoken to). </trans>
<eg><i lang=""ceb"">Ari ibutang ang lamísa,</i><trans> Put the table over here. </trans></eg>
<eg><i lang=""ceb"">Ari na mi,</i><trans> We’re on our way (lit. will be over here) now. </trans></eg>
</sense>
<sense n=""2""><number>2</number><trans> let’s go over to the following point. </trans>
<eg><i lang=""ceb"">Karun ari ta sa ikaduhang ánib sa libru,</i><trans> Now, let’s turn to the second chapter of the book. </trans></eg>
</sense></hom>
<hom role=""v""><pos>v</pos>
<sense n=""1""><number>1</number> <itype>[A2; c]</itype><trans> come over here, bring here. </trans>
<eg><i lang=""ceb"">Makaari ka sa Lúnis?</i><trans> Can you come over on Monday? </trans></eg>
<eg><i lang=""ceb"">Iari nákù ang bátà kay akuy bantay,</i><trans> Bring the child over here and I’ll watch (him). </trans></eg>
</sense>
<sense n=""2""><number>2</number> <itype>[A13; a2]</itype><trans> come to get. </trans>
<eg><i lang=""ceb"">Kinsa may mag-ari diri sa libru?</i><trans> Who is going to come here to get the book? </trans></eg>
<eg><i lang=""ceb"">Aria diri ang libru, kay dì ku makahatud,</i><trans> Come here to get the book, because I have no time to deliver it. </trans></eg>
</sense></hom>
<entry><form id=""umari_ka_marika"" lang=""ceb"">umari ka, marika</form>
<hom>
<sense n=""0""><trans> <tr>come here</tr> (said by superiors to inferiors). </trans>
<eg><i lang=""ceb"">Marika ra gud Pidung,</i><trans> Come here, Pedong. </trans></eg>
</sense></hom></entry>
<entry><form id=""axri"" lang=""ceb""><abbr expan=""ári"" type=""lemma"">(←)</abbr><sub>1</sub></form>
<hom>
<sense n=""0""><trans> = <xr lang=""ceb"" target=""#ari""><sc>ari</sc></xr>. </trans>
</sense></hom></entry>
<entry><form id=""hiari_haari"" lang=""ceb""><abbr expan=""hiari"" type=""lemma"">hi-</abbr>/<abbr expan=""haari"" type=""lemma"">ha-</abbr></form>
<hom role=""v""><pos>v</pos>
<sense n=""0""> <itype>[B1256; b6]</itype><trans> wind up here. </trans>
</sense></hom></entry>
<entry><form id=""arian"" lang=""ceb"">arian</form>
<hom role=""v""><pos>v</pos>
<sense n=""0""> <itype>[A13]</itype><trans> always come here. </trans>
</sense></hom></entry>
<entry><form id=""ariuxnun_alarixun"" lang=""ceb"">ariúnun, alaríun</form>
<hom role=""n""><pos>n</pos>
<sense n=""0""><trans> things one has to come here to get.
</trans>
</sense></hom></entry></entry>");
INSERT INTO `wced_head` (entryid, head, normalized_head, type, pos) VALUES (1158, "ari", "ari", "m", "v");
INSERT INTO `wced_head` (entryid, head, normalized_head, type, pos) VALUES (1158, "umari ka", "umari ka", "s", "");
INSERT INTO `wced_head` (entryid, head, normalized_head, type, pos) VALUES (1158, "marika", "marika", "s", "");
INSERT INTO `wced_head` (entryid, head, normalized_head, type, pos) VALUES (1158, "ári", "ari", "s", "");
INSERT INTO `wced_head` (entryid, head, normalized_head, type, pos) VALUES (1158, "hiari", "hiari", "s", "v");
INSERT INTO `wced_head` (entryid, head, normalized_head, type, pos) VALUES (1158, "haari", "haari", "s", "v");
INSERT INTO `wced_head` (entryid, head, normalized_head, type, pos) VALUES (1158, "arian", "arian", "s", "v");
INSERT INTO `wced_head` (entryid, head, normalized_head, type, pos) VALUES (1158, "ariúnun", "ariunun", "s", "n");
INSERT INTO `wced_head` (entryid, head, normalized_head, type, pos) VALUES (1158, "alaríun", "alariun", "s", "n");
INSERT INTO `wced_translation` (entryid, translation) VALUES (1158, "here");
INSERT INTO `wced_translation` (entryid, translation) VALUES (1158, "come here");
INSERT INTO `wced_entry` VALUES (1159, "ari2", "55", "<entry page=""55"" id=""1159""><form id=""axri2"" lang=""ceb"">ári<sub>2</sub></form>
<hom>
<sense n=""0""><trans> = <xr lang=""ceb"" target=""#niixri""><sc>niíri</sc></xr>. <ix>see</ix> <xr lang=""ceb"" target=""#kiri""><sc>kiri</sc></xr>.
</trans>
</sense></hom></entry>");
INSERT INTO `wced_head` (entryid, head, normalized_head, type, pos) VALUES (1159, "ári", "ari", "s", "");
INSERT INTO `wced_entry` VALUES (1160, "ariba1", "55", "<entry page=""55"" id=""1160""><form id=""arixba"" lang=""ceb"">aríba<sub>1</sub></form>
<hom role=""n""><pos>n</pos>
<sense n=""0""><trans> a percentage deducted by the operator of a gambling game from the proceeds of the winner. </trans>
<eg><i lang=""ceb"">Bayri úsà ang aríba arun makítag pilay limpiyu,</i><trans> Pay the <tr>rake-off</tr> first so we can determine the net winnings. </trans></eg>
</sense></hom>
<hom role=""v""><pos>v</pos>
<sense n=""0""> <itype>[A; b6(1)]</itype><trans> pay the owner his rake-off. </trans>
<eg><i lang=""ceb"">Aribáhan úsà nátù ang bulangan únà bahína ang daug,</i><trans> We’ll pay the arena’s percentage first before we divide the winnings. </trans></eg>
</sense></hom>
<entry><form id=""aribadur"" lang=""ceb""><abbr expan=""aribadur"" type=""lemma"">-dur(→)</abbr></form>
<hom>
<sense n=""1""><number>1</number><trans> one who rents out gambling devices for a percentage of the winnings. </trans>
</sense>
<sense n=""2""><number>2</number><trans> one who gambles with s.o.’s gambling equipment and pays a percentage to him. </trans>
</sense></hom>
<hom role=""v""><pos>v</pos>
<sense n=""0""> <itype>[B16; a12]</itype><trans> be, become a gambling device operator.
</trans>
</sense></hom></entry></entry>");
INSERT INTO `wced_head` (entryid, head, normalized_head, type, pos) VALUES (1160, "aríba", "ariba", "s", "nv");
INSERT INTO `wced_head` (entryid, head, normalized_head, type, pos) VALUES (1160, "aribadur", "aribadur", "s", "v");
INSERT INTO `wced_translation` (entryid, translation) VALUES (1160, "rake-off");
INSERT INTO `wced_entry` VALUES (1161, "ariba2", "55", "<entry page=""55"" id=""1161""><form id=""arixba2"" lang=""ceb"">aríba<sub>2</sub></form>
<hom role=""v""><pos>v</pos>
<sense n=""0""> <itype>[A; c1]</itype><trans> <tr>hoist</tr>, <tr>lift</tr>. </trans>
<eg><i lang=""ceb"">Wà makaaríba pagdúngan ang mga nanaglálung sa balay,</i><trans> The persons who were moving the house didn’t lift it together. </trans></eg>
<eg><i lang=""ceb"">Iaríba (aribáha) ang láyag,</i><trans> Hoist the sail.
</trans></eg>
</sense></hom></entry>");
INSERT INTO `wced_head` (entryid, head, normalized_head, type, pos) VALUES (1161, "aríba", "ariba", "s", "v");
INSERT INTO `wced_translation` (entryid, translation) VALUES (1161, "hoist");
INSERT INTO `wced_translation` (entryid, translation) VALUES (1161, "lift");
INSERT INTO `wced_entry` VALUES (1162, "ariba3", "55", "<entry page=""55"" id=""1162""><form id=""arixba3"" lang=""ceb"">aríba<sub>3</sub></form>
<hom role=""v""><pos>v</pos>
<sense n=""0""> <itype>[A; b]</itype><trans> <tr>block the way</tr>. </trans>
<eg><i lang=""ceb"">Kuháa nang nakaaríbang batu,</i><trans> Remove that stone blocking the way. </trans></eg>
<eg><i lang=""ceb"">Giaribáhan nákù ang awtu,</i><trans> I blocked the path of the car.
</trans></eg>
</sense></hom></entry>");
INSERT INTO `wced_head` (entryid, head, normalized_head, type, pos) VALUES (1162, "aríba", "ariba", "s", "v");
INSERT INTO `wced_translation` (entryid, translation) VALUES (1162, "block the way");
INSERT INTO `wced_entry` VALUES (1163, "aribada", "55", "<entry page=""55"" id=""1163""><form id=""aribaxda"" lang=""ceb"">aribáda</form>
<hom role=""v""><pos>v</pos>
<sense n=""0""> <itype>[A2; c]</itype><trans> go, put s.w. for <tr>refuge</tr> or <tr>safekeeping</tr>. </trans>
<eg><i lang=""ceb"">Didtu mi nakaaribáda sa simbahan pagbagyu,</i><trans> We took refuge in the church during the typhoon. </trans></eg>
<eg><i lang=""ceb"">Ug dúnay Hapun iaribáda sa lángub ang mga babáyi,</i><trans> Hide the women in the cave when the Japanese <pb n=""56""/>soldiers come.
</trans></eg>
</sense></hom></entry>");
INSERT INTO `wced_head` (entryid, head, normalized_head, type, pos) VALUES (1163, "aribáda", "aribada", "m", "v");
INSERT INTO `wced_translation` (entryid, translation) VALUES (1163, "refuge");
INSERT INTO `wced_translation` (entryid, translation) VALUES (1163, "safekeeping");
INSERT INTO `wced_entry` VALUES (1164, "ariglada", "56", "<entry page=""56"" id=""1164""><form id=""ariglaxda"" lang=""ceb"">arigláda</form>
<hom>
<sense n=""0""><trans> = <xr lang=""ceb"" target=""#ariglaxdu""><sc>arigládu</sc></xr>, <ix>1.</ix>
</trans>
</sense></hom></entry>");
INSERT INTO `wced_head` (entryid, head, normalized_head, type, pos) VALUES (1164, "arigláda", "ariglada", "m", "");
INSERT INTO `wced_entry` VALUES (1165, "arigladu", "56", "<entry page=""56"" id=""1165""><form id=""ariglaxdu"" lang=""ceb"">arigládu</form>
<hom role=""a""><pos>a</pos>
<sense n=""1""><number>1</number><trans> <tr>neat</tr>, orderly. </trans>
<eg><i lang=""ceb"">Arigládu siyang mamisti,</i><trans> She dresses neatly. </trans></eg>
<eg><i lang=""ceb"">Arigládu na ang ímung kwartu,</i><trans> Your room is in order now. </trans></eg>
</sense>
<sense n=""2""><number>2</number><trans> <tr>prepared</tr>, ready. </trans>
<eg><i lang=""ceb"">Arigládu na ang papílis pára sa ímung byáhi,</i><trans> The papers for your trip are all in order. </trans></eg>
<eg><i lang=""ceb"">Arigládu na ang panihápun,</i><trans> Dinner is ready now. </trans></eg>
</sense>
<sense n=""3""><number>3</number><trans> in agreement. </trans>
<eg><i lang=""ceb"">Arigládu na. Adtu ta ugmà,</i><trans> It’s all arranged. We’ll go tomorrow. </trans></eg>
</sense>
<sense n=""3a""><number>3a</number><trans> for a quarrel to be settled. </trans>
<eg><i lang=""ceb"">Arigládu na ang ílang áway,</i><trans> Their fight is settled now. </trans></eg>
</sense>
<sense n=""3b""><number>3b</number><trans> <tr>surely</tr>; it’s all right. </trans>
<eg><i lang=""ceb"">Makagáwì ku sa ímung tilipunu? Arigládu,</i><trans> May I use your phone? Surely. </trans></eg>
</sense></hom>
<hom role=""v""><pos>v</pos>
<sense n=""0""> <itype>[B1256]</itype><trans> get neat, in order, reconciled.
</trans>
</sense></hom></entry>");
INSERT INTO `wced_head` (entryid, head, normalized_head, type, pos) VALUES (1165, "arigládu", "arigladu", "m", "av");
INSERT INTO `wced_translation` (entryid, translation) VALUES (1165, "neat");
INSERT INTO `wced_translation` (entryid, translation) VALUES (1165, "prepared");
INSERT INTO `wced_translation` (entryid, translation) VALUES (1165, "surely");
INSERT INTO `wced_entry` VALUES (1166, "ariglar", "56", "<entry page=""56"" id=""1166""><form id=""arigla4r"" lang=""ceb"">ariglǎr</form>
<hom role=""v""><pos>v</pos>
<sense n=""0""> <itype>[A; a12]</itype><trans> </trans>
</sense>
<sense n=""1""><number>1</number><trans> <tr>arrange</tr>, put in good order. </trans>
<eg><i lang=""ceb"">Tabángi ku pag-ariglǎr sa ákung buhuk,</i><trans> Help me fix my hair. </trans></eg>
<eg><i lang=""ceb"">Nakaariglǎr ka na ba sa ákung katri?</i><trans> Have you made my bed yet? </trans></eg>
</sense>
<sense n=""2a""><number>2a</number><trans> attend to, take care of. </trans>
<eg><i lang=""ceb"">Wà ku kapanglaba kay nag-ariglǎr ku sa mga bátà,</i><trans> I wasn’t able to do the washing because I was looking after the children. </trans></eg>
</sense>
<sense n=""2b""><number>2b</number> <itype>[A3; a12]</itype><trans> take charge of, <tr>assume responsibility for</tr>. </trans>
<eg><i lang=""ceb"">Ariglahun ku ang mga gastus sa ímung pag-iskuyla,</i><trans> I will take charge of your school expenses. </trans></eg>
</sense>
<sense n=""3""><number>3</number> <itype>[A; a12]</itype><trans> <tr>settle</tr> a case, quarrel. </trans>
<eg><i lang=""ceb"">Ariglaha na lang ang inyung áway,</i><trans> Settle your dispute. </trans></eg>
</sense>
<sense n=""4a""><number>4a</number> <itype>[a12]</itype><trans> beat s.o. up (lit. put him in order). </trans>
<eg><i lang=""ceb"">Ariglahun ta ning limbungan,</i><trans> Let’s beat this cheater up. </trans></eg>
</sense>
<sense n=""4b""><number>4b</number><trans> do away with s.o. </trans>
<eg><i lang=""ceb"">Giingun nga ariglahun si Bituy sa mga buguy,</i><trans> The thugs said they would liquidate Bitoy. </trans></eg>
</sense>
<sense n=""5""><number>5</number> <itype>[AN; a12]</itype><trans> treat an illness with <ix>ariglǎr</ix>. </trans>
</sense></hom>
<hom role=""n""><pos>n</pos>
<sense n=""0""><trans> treatment in folk medicine with special water made magic by having had a piece of paper with a magic formula (<ix>urasiyun</ix>) put into it. The water is either drunk or applied directly over the diseased part, and the person under this treatment is prohibited from uttering curse words. </trans>
</sense></hom>
<entry><form id=""pangarigla4r"" lang=""ceb""><abbr expan=""pangariglǎr"" type=""lemma"">paN-</abbr></form>
<hom role=""v""><pos>v</pos>
<sense n=""0""> <itype>[A2]</itype><trans> groom oneself nicely. </trans>
<eg><i lang=""ceb"">Nangariglǎr na siya kay mamisíta man ni Tíba,</i><trans> He is grooming himself carefully because he is going to visit Tiba.
</trans></eg>
</sense></hom></entry></entry>");
INSERT INTO `wced_head` (entryid, head, normalized_head, type, pos) VALUES (1166, "ariglǎr", "ariglar", "m", "vn");
INSERT INTO `wced_head` (entryid, head, normalized_head, type, pos) VALUES (1166, "pangariglǎr", "pangariglar", "s", "v");
INSERT INTO `wced_translation` (entryid, translation) VALUES (1166, "arrange");
INSERT INTO `wced_translation` (entryid, translation) VALUES (1166, "assume responsibility for");
INSERT INTO `wced_translation` (entryid, translation) VALUES (1166, "settle");
INSERT INTO `wced_entry` VALUES (1167, "ariglu", "56", "<entry page=""56"" id=""1167""><form id=""ariglu"" lang=""ceb"">ariglu</form>
<hom role=""n""><pos>n</pos>
<sense n=""0""><trans> settlement, compromise. </trans>
<eg><i lang=""ceb"">Maáyu pa ang ariglu nga alang-álang kay sa burúka,</i><trans> A poor compromise is better than a court case. </trans></eg>
</sense></hom>
<hom role=""v""><pos>v</pos>
<sense n=""0""> <itype>[A; a12]</itype><trans> settle by arbitration. </trans>
<eg><i lang=""ceb"">Ariglúhun mu sa kapitan sa baryu,</i><trans> The barrio captain will arbitrate between you two.
</trans></eg>
</sense></hom></entry>");
INSERT INTO `wced_head` (entryid, head, normalized_head, type, pos) VALUES (1167, "ariglu", "ariglu", "m", "nv");
INSERT INTO `wced_entry` VALUES (1168, "arikmitik", "56", "<entry page=""56"" id=""1168""><form id=""arikmitik"" lang=""ceb"">arikmitik</form>
<hom>
<sense n=""0""><trans> = <xr lang=""ceb"" target=""#aritmitik""><sc>aritmitik</sc></xr>.
</trans>
</sense></hom></entry>");
INSERT INTO `wced_head` (entryid, head, normalized_head, type, pos) VALUES (1168, "arikmitik", "arikmitik", "m", "");
INSERT INTO `wced_entry` VALUES (1169, "arimadur", "56", "<entry page=""56"" id=""1169""><form id=""arimadur"" lang=""ceb"">arimadur</form>
<hom role=""n""><pos>n</pos>
<sense n=""0""><trans> the one who brings the fighting cocks into the arena when they are ready.
</trans>
</sense></hom></entry>");
INSERT INTO `wced_head` (entryid, head, normalized_head, type, pos) VALUES (1169, "arimadur", "arimadur", "m", "n");
INSERT INTO `wced_entry` VALUES (1170, "arimar", "56", "<entry page=""56"" id=""1170""><form id=""arimar"" lang=""ceb"">arimar</form>
<hom role=""v""><pos>v</pos>
<sense n=""0""> <itype>[A; b5]</itype><trans> <tr>enliven</tr>, help cheer up. </trans>
<eg><i lang=""ceb"">Ang kumidiyanti mauy mag-arimar sa dúlà,</i><trans> The comedian brings a note of comedy to the play. </trans></eg>
<eg><i lang=""ceb"">Arimáha (arimáhi) ang subù nímung inahan,</i><trans> Cheer up your mother because she is sad.
</trans></eg>
</sense></hom></entry>");
INSERT INTO `wced_head` (entryid, head, normalized_head, type, pos) VALUES (1170, "arimar", "arimar", "m", "v");
INSERT INTO `wced_translation` (entryid, translation) VALUES (1170, "enliven");
INSERT INTO `wced_entry` VALUES (1171, "arina", "56", "<entry page=""56"" id=""1171""><form id=""arixna"" lang=""ceb"">arína</form>
<hom>
<sense n=""0""><trans> = <xr lang=""ceb"" target=""#harixna""><sc>harína</sc></xr>.
</trans>
</sense></hom></entry>");
INSERT INTO `wced_head` (entryid, head, normalized_head, type, pos) VALUES (1171, "arína", "arina", "m", "");
INSERT INTO `wced_entry` VALUES (1172, "arindu", "56", "<entry page=""56"" id=""1172""><form id=""arindu"" lang=""ceb"">arindu</form>
<hom role=""n""><pos>n</pos>
<sense n=""0""><trans> <tr>lease</tr> on land or s.t. that produces an income. </trans>
<eg><i lang=""ceb"">Ang arindu sa ímung yútà mulungtad ug lima ka túig,</i><trans> The lease on your land will last for five years. </trans></eg>
<eg><i lang=""ceb"">Mil písus ra ang arindu sa ákung yútà pára lima ka túig,</i><trans> The lease on my land is a thousand pesos for five years. </trans></eg>
</sense></hom>
<hom role=""v""><pos>v</pos>
<sense n=""0""> <itype>[A; b(1)]</itype><trans> <tr>lease</tr>. </trans>
<eg><i lang=""ceb"">Giarindúhan ku ang ílang panágat,</i><trans> I leased their fishing equipment.
</trans></eg>
</sense></hom></entry>");
INSERT INTO `wced_head` (entryid, head, normalized_head, type, pos) VALUES (1172, "arindu", "arindu", "m", "nv");
INSERT INTO `wced_translation` (entryid, translation) VALUES (1172, "lease");
INSERT INTO `wced_entry` VALUES (1173, "aringkil", "56", "<entry page=""56"" id=""1173""><form id=""aringkil"" lang=""ceb"">aringkil</form>
<hom role=""n""><pos>n</pos>
<sense n=""0""><trans> <tr>clattering sound</tr>. </trans>
<eg><i lang=""ceb"">Ang aringkil sa mga táru,</i><trans> The clattering of the cans. </trans></eg>
</sense></hom>
<hom role=""v""><pos>v</pos>
<sense n=""0""> <itype>[A]</itype><trans> <tr>clatter</tr>, <tr>clink</tr>. </trans>
<eg><i lang=""ceb"">Miaringkil ang mga butilya dihang gipamakling sa iring,</i><trans> The bottles clattered when the cat knocked them over.
</trans></eg>
</sense></hom></entry>");
INSERT INTO `wced_head` (entryid, head, normalized_head, type, pos) VALUES (1173, "aringkil", "aringkil", "m", "nv");
INSERT INTO `wced_translation` (entryid, translation) VALUES (1173, "clattering sound");
INSERT INTO `wced_translation` (entryid, translation) VALUES (1173, "clatter");
INSERT INTO `wced_translation` (entryid, translation) VALUES (1173, "clink");
INSERT INTO `wced_entry` VALUES (1174, "arinula", "56", "<entry page=""56"" id=""1174""><form id=""arinuxla"" lang=""ceb"">arinúla</form>
<hom role=""n""><pos>n</pos>
<sense n=""0""><trans> <tr>chamber pot</tr>. </trans>
</sense></hom>
<hom role=""v""><pos>v</pos>
<sense n=""0""> <itype>[b6]</itype><trans> provide with a chamber pot.
</trans>
</sense></hom></entry>");
INSERT INTO `wced_head` (entryid, head, normalized_head, type, pos) VALUES (1174, "arinúla", "arinula", "m", "nv");
INSERT INTO `wced_translation` (entryid, translation) VALUES (1174, "chamber pot");
INSERT INTO `wced_entry` VALUES (1175, "*arisgar", "56", "<entry page=""56"" id=""1175""><form id=""xxarisga4r"" lang=""ceb"">*arisgǎr</form>
<entry><form id=""pangarisga4r"" lang=""ceb""><abbr expan=""pangarisgǎr"" type=""lemma"">paN-</abbr></form>
<hom role=""v""><pos>v</pos>
<sense n=""0""> <itype>[A; b6]</itype><trans> <tr>try</tr> s.t. regardless of the consequences. </trans>
<eg><i lang=""ceb"">Mangarisgǎr kug panágat bisag dakù ang balud,</i><trans> I will venture out to sea even though there are big waves. </trans></eg>
<eg><i lang=""ceb"">Nagpangarisgǎr siyag tindug bisag lúya pa ang láwas,</i><trans> He’s trying bravely to get up even though his body is weak. </trans></eg>
</sense></hom></entry>
<entry><form id=""arisgaxdu"" lang=""ceb"">arisgádu</form>
<hom role=""a""><pos>a</pos>
<sense n=""0""><trans> <tr>daring</tr>, <tr>bold</tr>. </trans>
<eg><i lang=""ceb"">Ug arisgádu ka pa, mulátay ka sa usa ka bulus kawáyan,</i><trans> If you are daring, you will cross over on a bamboo pole. </trans></eg>
</sense></hom>
<hom role=""v""><pos>v</pos>
<sense n=""0""> <itype>[B12]</itype><trans> become daring.
</trans>
</sense></hom></entry></entry>");
INSERT INTO `wced_head` (entryid, head, normalized_head, type, pos) VALUES (1175, "arisgǎr", "arisgar", "s", "");
INSERT INTO `wced_head` (entryid, head, normalized_head, type, pos) VALUES (1175, "pangarisgǎr", "pangarisgar", "s", "v");
INSERT INTO `wced_head` (entryid, head, normalized_head, type, pos) VALUES (1175, "arisgádu", "arisgadu", "s", "av");
INSERT INTO `wced_translation` (entryid, translation) VALUES (1175, "try");
INSERT INTO `wced_translation` (entryid, translation) VALUES (1175, "daring");
INSERT INTO `wced_translation` (entryid, translation) VALUES (1175, "bold");
INSERT INTO `wced_entry` VALUES (1176, "aristar", "56", "<entry page=""56"" id=""1176""><form id=""arista4r"" lang=""ceb"">aristǎr</form>
<hom role=""v""><pos>v</pos>
<sense n=""0""> <itype>[A; a12]</itype><trans> put under <tr>arrest</tr>. </trans>
<eg><i lang=""ceb"">Aristahun ta ka,</i><trans> I’ll put you under arrest. </trans></eg>
</sense></hom>
<entry><form id=""aristaxdu"" lang=""ceb"">aristádu</form>
<hom>
<sense n=""0""><trans> be under arrest. </trans>
<eg><i lang=""ceb"">Aristádu ka. Ayawg líhuk,</i><trans> You’re under arrest. Don’t move. </trans></eg>
</sense></hom>
<hom role=""v""><pos>v</pos>
<sense n=""0""> <itype>[B1256]</itype><trans> be arrested. </trans>
<eg><i lang=""ceb"">Kun maaristádu ka gánì, ayaw giyud pagsúkul,</i><trans> If you are ever arrested, don’t resist.
</trans></eg>
</sense></hom></entry></entry>");
INSERT INTO `wced_head` (entryid, head, normalized_head, type, pos) VALUES (1176, "aristǎr", "aristar", "m", "v");
INSERT INTO `wced_head` (entryid, head, normalized_head, type, pos) VALUES (1176, "aristádu", "aristadu", "s", "v");
INSERT INTO `wced_translation` (entryid, translation) VALUES (1176, "arrest");
INSERT INTO `wced_entry` VALUES (1177, "*aristu", "56", "<entry page=""56"" id=""1177""><form id=""xxaristu"" lang=""ceb"">*aristu</form>
<entry><form id=""mandamyintu_diaristu"" lang=""ceb"">mandamyintu <abbr expan=""diaristu"" type=""lemma"">di-</abbr></form>
<hom>
<sense n=""0""><trans> <tr>warrant of arrest</tr>.
</trans>
</sense></hom></entry></entry>");
INSERT INTO `wced_head` (entryid, head, normalized_head, type, pos) VALUES (1177, "aristu", "aristu", "s", "");
INSERT INTO `wced_head` (entryid, head, normalized_head, type, pos) VALUES (1177, "mandamyintu diaristu", "mandamyintu diaristu", "s", "");
INSERT INTO `wced_translation` (entryid, translation) VALUES (1177, "warrant of arrest");
INSERT INTO `wced_entry` VALUES (1178, "aristukrata", "56", "<entry page=""56"" id=""1178""><form id=""aristukrata"" lang=""ceb"">aristukrata</form>
<hom role=""a""><pos>a</pos>
<sense n=""0""><trans> <tr>snooty</tr>, <tr>snobbish</tr> in behavior. </trans>
</sense></hom>
<hom role=""v""><pos>v</pos>
<sense n=""0""> <itype>[B12; b6]</itype><trans> become <tr>condescending</tr>, snooty.
</trans>
</sense></hom></entry>");
INSERT INTO `wced_head` (entryid, head, normalized_head, type, pos) VALUES (1178, "aristukrata", "aristukrata", "m", "av");
INSERT INTO `wced_translation` (entryid, translation) VALUES (1178, "snooty");
INSERT INTO `wced_translation` (entryid, translation) VALUES (1178, "snobbish");
INSERT INTO `wced_translation` (entryid, translation) VALUES (1178, "condescending");
INSERT INTO `wced_entry` VALUES (1179, "arit", "56", "<entry page=""56"" id=""1179""><form id=""axrit"" lang=""ceb"">árit</form>
<hom>
<sense n=""0""><trans> (from <ix>tíra</ix>) </trans>
</sense></hom>
<hom role=""v""><pos>v</pos>
<sense n=""0""> <itype>[AC; a2b2]</itype><trans> <tr>have sexual intercourse</tr> (slang). </trans>
<eg><i lang=""ceb"">Kuyugkúyug pa sa ímung trátu ug magabíi hing-aritan unyà ka,</i><trans> Keep going with that boy at night, and you’re going to wind up in bed with him.†
</trans></eg>
</sense></hom></entry>");
INSERT INTO `wced_head` (entryid, head, normalized_head, type, pos) VALUES (1179, "árit", "arit", "m", "v");
INSERT INTO `wced_translation` (entryid, translation) VALUES (1179, "have sexual intercourse");
INSERT INTO `wced_entry` VALUES (1180, "aritis", "56", "<entry page=""56"" id=""1180""><form id=""arixtis"" lang=""ceb"">arítis</form>
<hom>
<sense n=""0""><trans> = <xr lang=""ceb"" target=""#ariyus""><sc>ariyus</sc></xr>.
</trans>
</sense></hom></entry>");
INSERT INTO `wced_head` (entryid, head, normalized_head, type, pos) VALUES (1180, "arítis", "aritis", "m", "");
INSERT INTO `wced_entry` VALUES (1181, "aritmitik", "56", "<entry page=""56"" id=""1181""><form id=""aritmitik"" lang=""ceb"">aritmitik</form>
<hom role=""n""><pos>n</pos>
<sense n=""0""><trans> <tr>arithmetic</tr>. </trans>
</sense></hom>
<hom role=""v""><pos>v</pos>
<sense n=""0""> <itype>[A2; a12]</itype><trans> <tr>figure things out</tr>. </trans>
<eg><i lang=""ceb"">Maáyung muaritmitik ning bat-ána, swítung way Santa Kláwus,</i><trans> This child figures things out fast. He knows there is no Santa Claus.
</trans></eg>
</sense></hom></entry>");
INSERT INTO `wced_head` (entryid, head, normalized_head, type, pos) VALUES (1181, "aritmitik", "aritmitik", "m", "nv");
INSERT INTO `wced_translation` (entryid, translation) VALUES (1181, "arithmetic");
INSERT INTO `wced_translation` (entryid, translation) VALUES (1181, "figure things out");
INSERT INTO `wced_entry` VALUES (1182, "aritmitika, aritmitiku", "56", "<entry page=""56"" id=""1182""><form id=""aritmitika_aritmitiku"" lang=""ceb"">aritmitika, aritmitiku</form>
<hom>
<sense n=""0""><trans> = <xr lang=""ceb"" target=""#aritmitik""><sc>aritmitik</sc></xr>.
</trans>
</sense></hom></entry>");
INSERT INTO `wced_head` (entryid, head, normalized_head, type, pos) VALUES (1182, "aritmitika", "aritmitika", "s", "");
INSERT INTO `wced_head` (entryid, head, normalized_head, type, pos) VALUES (1182, "aritmitiku", "aritmitiku", "s", "");
INSERT INTO `wced_entry` VALUES (1183, "aritus", "56", "<entry page=""56"" id=""1183""><form id=""arixtus"" lang=""ceb"">arítus</form>
<hom>
<sense n=""0""><trans> = <xr lang=""ceb"" target=""#ariyus""><sc>ariyus</sc></xr>.
</trans>
</sense></hom></entry>");
INSERT INTO `wced_head` (entryid, head, normalized_head, type, pos) VALUES (1183, "arítus", "aritus", "m", "");
INSERT INTO `wced_entry` VALUES (1184, "ariya1", "56", "<entry page=""56"" id=""1184""><form id=""arixya"" lang=""ceb"">aríya<sub>1</sub></form>
<hom role=""v""><pos>v</pos>
<sense n=""1""><number>1</number> <itype>[A; b7c1]</itype><trans> <tr>lower</tr>. </trans>
<eg><i lang=""ceb"">Ariyáhi ang písì ug dupa,</i><trans> Pay out a fathom of rope. </trans></eg>
<eg><i lang=""ceb"">Iaríya <pb n=""57""/>(ariyáha) na ang láyag,</i><trans> Lower the sail. </trans></eg>
</sense>
<sense n=""2""><number>2</number> <itype>[A; c]</itype><trans> </trans>
</sense>
<sense n=""2a""><number>2a</number><trans> <tr>unload cargo</tr>. </trans>
<eg><i lang=""ceb"">Iaríya na ang mga kargang humay,</i><trans> The rice cargo will be unloaded now. </trans></eg>
</sense>
<sense n=""2b""><number>2b</number><trans> <tr>throw overboard</tr>. </trans>
<eg><i lang=""ceb"">Iaríya tanang mga karga arun masalbar ta,</i><trans> Throw the cargo overboard so that we may be saved. </trans></eg>
</sense>
<sense n=""3""><number>3</number> <itype>[a2]</itype><trans> <tr>come out</tr>, be released. </trans>
<eg><i lang=""ceb"">Miaríya na ang tumatub,</i><trans> The bag of waters has broken. </trans></eg>
</sense>
<sense n=""4""><number>4</number> <itype>[A; c]</itype><trans> <tr>dispose</tr> of s.t. by sale. </trans>
<eg><i lang=""ceb"">Iaríya dáyun ang abut inigprisyu,</i><trans> Sell the produce at once when the price rises. </trans></eg>
</sense>
<sense n=""5""><number>5</number> <itype>[A; c]</itype><trans> <tr>move</tr> from one place to another. </trans>
<eg><i lang=""ceb"">Muaríya mi íning baláya kay mahal ug ábang,</i><trans> We will move from this house because the rent is too high.†
</trans></eg>
</sense></hom></entry>");
INSERT INTO `wced_head` (entryid, head, normalized_head, type, pos) VALUES (1184, "aríya", "ariya", "s", "v");
INSERT INTO `wced_translation` (entryid, translation) VALUES (1184, "lower");
INSERT INTO `wced_translation` (entryid, translation) VALUES (1184, "unload cargo");
INSERT INTO `wced_translation` (entryid, translation) VALUES (1184, "throw overboard");
INSERT INTO `wced_translation` (entryid, translation) VALUES (1184, "come out");
INSERT INTO `wced_translation` (entryid, translation) VALUES (1184, "dispose");
INSERT INTO `wced_translation` (entryid, translation) VALUES (1184, "move");
INSERT INTO `wced_entry` VALUES (1185, "ariya2", "57", "<entry page=""57"" id=""1185""><form id=""arixya2"" lang=""ceb"">aríya<sub>2</sub></form>
<hom role=""v""><pos>v</pos>
<sense n=""0""> <itype>[A; b(1)]</itype><trans> beat up thoroughly or <tr>rape</tr>. </trans>
<eg><i lang=""ceb"">Giariyáhan ang impurmir sa mga ismaglir,</i><trans> The smugglers mauled the informer.
</trans></eg>
</sense></hom></entry>");
INSERT INTO `wced_head` (entryid, head, normalized_head, type, pos) VALUES (1185, "aríya", "ariya", "s", "v");
INSERT INTO `wced_translation` (entryid, translation) VALUES (1185, "rape");
INSERT INTO `wced_entry` VALUES (1186, "ariyadu", "57", "<entry page=""57"" id=""1186""><form id=""ariyaxdu"" lang=""ceb"">ariyádu</form>
<hom>
<sense n=""0""><trans> <tr>timber</tr> (the tree is falling)!
</trans>
</sense></hom></entry>");
INSERT INTO `wced_head` (entryid, head, normalized_head, type, pos) VALUES (1186, "ariyádu", "ariyadu", "m", "");
INSERT INTO `wced_translation` (entryid, translation) VALUES (1186, "timber");
INSERT INTO `wced_entry` VALUES (1187, "ariyus", "57", "<entry page=""57"" id=""1187""><form id=""ariyus"" lang=""ceb"">ariyus</form>
<hom role=""n""><pos>n</pos>
<sense n=""1""><number>1</number><trans> <tr>earrings</tr>. </trans>
</sense>
<sense n=""2""><number>2</number><trans> seal made of metal fastened to s.t. with wire which locks it. </trans>
</sense></hom>
<hom role=""v""><pos>v</pos>
<sense n=""0""> <itype>[A; a]</itype><trans> </trans>
</sense>
<sense n=""1""><number>1</number><trans> put on, make into earrings. </trans>
<eg><i lang=""ceb"">Kinsay nag-ariyus sa bátà?</i><trans> Who put earrings on the child? </trans></eg>
</sense>
<sense n=""2""><number>2</number><trans> put a seal on s.t. </trans>
<eg><i lang=""ceb"">Dì mahilabtan ang kuntadur kay giariyúsan,</i><trans> Nobody can tamper with the meter because it has a seal on it. </trans></eg>
</sense></hom>
<entry><form id=""pangariyus"" lang=""ceb""><abbr expan=""pangariyus"" type=""lemma"">paN-</abbr></form>
<hom role=""v""><pos>v</pos>
<sense n=""0""> <itype>[A2]</itype><trans> wear earrings. </trans>
<eg><i lang=""ceb"">Ang laláki karun mangaríyus na,</i><trans> Men are wearing earrings these days.
</trans></eg>
</sense></hom></entry></entry>");
INSERT INTO `wced_head` (entryid, head, normalized_head, type, pos) VALUES (1187, "ariyus", "ariyus", "m", "nv");
INSERT INTO `wced_head` (entryid, head, normalized_head, type, pos) VALUES (1187, "pangariyus", "pangariyus", "s", "v");
INSERT INTO `wced_translation` (entryid, translation) VALUES (1187, "earrings");
INSERT INTO `wced_entry` VALUES (1188, "ark", "57", "<entry page=""57"" id=""1188""><form id=""ark"" lang=""ceb"">ark</form>
<hom>
<sense n=""0""><trans> word used in writing to represent sound of infliction of pain.
</trans>
</sense></hom></entry>");
INSERT INTO `wced_head` (entryid, head, normalized_head, type, pos) VALUES (1188, "ark", "ark", "m", "");
INSERT INTO `wced_entry` VALUES (1189, "arka", "57", "<entry page=""57"" id=""1189""><form id=""arka"" lang=""ceb"">arka</form>
<hom role=""n""><pos>n</pos>
<sense n=""1""><number>1</number><trans> <tr>Noah’s ark</tr>. </trans>
</sense>
<sense n=""2""><number>2</number><trans> <tr>ark</tr> of the covenant. </trans>
</sense></hom>
<hom role=""v""><pos>v</pos>
<sense n=""0""> <itype>[A; a]</itype><trans> make, make into the ark.
</trans>
</sense></hom></entry>");
INSERT INTO `wced_head` (entryid, head, normalized_head, type, pos) VALUES (1189, "arka", "arka", "m", "nv");
INSERT INTO `wced_translation` (entryid, translation) VALUES (1189, "Noah’s ark");
INSERT INTO `wced_translation` (entryid, translation) VALUES (1189, "ark");
INSERT INTO `wced_entry` VALUES (1190, "arkabala", "57", "<entry page=""57"" id=""1190""><form id=""arkabaxla"" lang=""ceb"">arkabála</form>
<hom>
<sense n=""0""><trans> = <xr lang=""ceb"" target=""#alkabaxla""><sc>alkabála</sc></xr>.
</trans>
</sense></hom></entry>");
INSERT INTO `wced_head` (entryid, head, normalized_head, type, pos) VALUES (1190, "arkabála", "arkabala", "m", "");
INSERT INTO `wced_entry` VALUES (1191, "arkanghil", "57", "<entry page=""57"" id=""1191""><form id=""arkanghil"" lang=""ceb"">arkanghil</form>
<hom role=""n""><pos>n</pos>
<sense n=""0""><trans> <tr>archangel</tr>. </trans>
<eg><i lang=""ceb"">Si San Migil Arkanghil,</i><trans> St. Michael the Archangel.
</trans></eg>
</sense></hom></entry>");
INSERT INTO `wced_head` (entryid, head, normalized_head, type, pos) VALUES (1191, "arkanghil", "arkanghil", "m", "n");
INSERT INTO `wced_translation` (entryid, translation) VALUES (1191, "archangel");
INSERT INTO `wced_entry` VALUES (1192, "arkaydi", "57", "<entry page=""57"" id=""1192""><form id=""arkaydi"" lang=""ceb"">arkaydi</form>
<hom>
<sense n=""0""><trans> = <xr lang=""ceb"" target=""#alkaldi""><sc>alkaldi</sc></xr>.
</trans>
</sense></hom></entry>");
INSERT INTO `wced_head` (entryid, head, normalized_head, type, pos) VALUES (1192, "arkaydi", "arkaydi", "m", "");
INSERT INTO `wced_entry` VALUES (1193, "arkila", "57", "<entry page=""57"" id=""1193""><form id=""arkila"" lang=""ceb"">arkila</form>
<hom role=""v""><pos>v</pos>
<sense n=""0""> <itype>[AN; b]</itype><trans> <tr>rent</tr>. </trans>
<eg><i lang=""ceb"">Inarkilahan lang kining baláya,</i><trans> We’re just renting this house. </trans></eg>
</sense></hom>
<hom role=""n""><pos>n</pos>
<sense n=""0""><trans> amount of rent. </trans>
<eg><i lang=""ceb"">Pilay arkila sa dyíp?</i><trans> How much is the rent for the jeep?
</trans></eg>
</sense></hom></entry>");
INSERT INTO `wced_head` (entryid, head, normalized_head, type, pos) VALUES (1193, "arkila", "arkila", "m", "vn");
INSERT INTO `wced_translation` (entryid, translation) VALUES (1193, "rent");
INSERT INTO `wced_entry` VALUES (1194, "arkitiktu", "57", "<entry page=""57"" id=""1194""><form id=""arkitiktu"" lang=""ceb"">arkitiktu</form>
<hom role=""n""><pos>n</pos>
<sense n=""0""><trans> <tr>architect</tr>. </trans>
</sense></hom>
<hom role=""v""><pos>v</pos>
<sense n=""0""> <itype>[B156; a12]</itype><trans> become, make into an architect. </trans>
</sense></hom>
<entry><form id=""arkitiktura"" lang=""ceb""><abbr expan=""arkitiktura"" type=""lemma"">-ra</abbr></form>
<hom role=""n""><pos>n</pos>
<sense n=""0""><trans> <tr>architecture</tr> course, subject.
</trans>
</sense></hom></entry></entry>");
INSERT INTO `wced_head` (entryid, head, normalized_head, type, pos) VALUES (1194, "arkitiktu", "arkitiktu", "m", "nv");
INSERT INTO `wced_head` (entryid, head, normalized_head, type, pos) VALUES (1194, "arkitiktura", "arkitiktura", "s", "n");
INSERT INTO `wced_translation` (entryid, translation) VALUES (1194, "architect");
INSERT INTO `wced_translation` (entryid, translation) VALUES (1194, "architecture");
INSERT INTO `wced_entry` VALUES (1195, "arku", "57", "<entry page=""57"" id=""1195""><form id=""arku"" lang=""ceb"">arku</form>
<hom role=""n""><pos>n</pos>
<sense n=""1""><number>1</number><trans> <tr>arch</tr> placed over a thoroughfare to commemorate s.t. </trans>
</sense>
<sense n=""2""><number>2</number><trans> <tr>arc</tr>. </trans>
</sense></hom>
<hom role=""v""><pos>v</pos>
<sense n=""0""> <itype>[A13; a12b(1)]</itype><trans> </trans>
</sense>
<sense n=""1""><number>1</number><trans> make, put an arch s.w. </trans>
</sense>
<sense n=""2""><number>2</number> <itype>[A]</itype><trans> form an arc. </trans>
<eg><i lang=""ceb"">Miarku ang ági sa kwítis,</i><trans> The fireworks formed an arch.
</trans></eg>
</sense></hom></entry>");
INSERT INTO `wced_head` (entryid, head, normalized_head, type, pos) VALUES (1195, "arku", "arku", "m", "nv");
INSERT INTO `wced_translation` (entryid, translation) VALUES (1195, "arch");
INSERT INTO `wced_translation` (entryid, translation) VALUES (1195, "arc");
INSERT INTO `wced_entry` VALUES (1196, "arkuhul", "57", "<entry page=""57"" id=""1196""><form id=""arkuhul"" lang=""ceb"">arkuhul</form>
<hom>
<sense n=""0""><trans> = <xr lang=""ceb"" target=""#alkuhul""><sc>alkuhul</sc></xr>.
</trans>
</sense></hom></entry>");
INSERT INTO `wced_head` (entryid, head, normalized_head, type, pos) VALUES (1196, "arkuhul", "arkuhul", "m", "");
INSERT INTO `wced_entry` VALUES (1197, "arkus", "57", "<entry page=""57"" id=""1197""><form id=""arkus"" lang=""ceb"">arkus</form>
<hom>
<sense n=""0""><trans> = <xr lang=""ceb"" target=""#arku""><sc>arku</sc></xr>.
</trans>
</sense></hom></entry>");
INSERT INTO `wced_head` (entryid, head, normalized_head, type, pos) VALUES (1197, "arkus", "arkus", "m", "");
INSERT INTO `wced_entry` VALUES (1198, "armada", "57", "<entry page=""57"" id=""1198""><form id=""armaxda"" lang=""ceb"">armáda</form>
<hom role=""n""><pos>n</pos>
<sense n=""0""><trans> <tr>armada</tr>.
</trans>
</sense></hom></entry>");
INSERT INTO `wced_head` (entryid, head, normalized_head, type, pos) VALUES (1198, "armáda", "armada", "m", "n");
INSERT INTO `wced_translation` (entryid, translation) VALUES (1198, "armada");
INSERT INTO `wced_entry` VALUES (1199, "armadu", "57", "<entry page=""57"" id=""1199""><form id=""armaxdu"" lang=""ceb"">armádu</form>
<hom>
<sense n=""0""><trans> <corr><pos>a</pos> </corr><tr>armed</tr>. </trans>
<eg><i lang=""ceb"">Usa ka grúpung armádu ang mitúlis sa bálu,</i><trans> An armed group robbed the widow. </trans></eg>
</sense></hom>
<hom role=""v""><pos>v</pos>
<sense n=""0""> <itype>[B1256]</itype><trans> be, become armed.
</trans>
</sense></hom></entry>");
INSERT INTO `wced_head` (entryid, head, normalized_head, type, pos) VALUES (1199, "armádu", "armadu", "m", "v");
INSERT INTO `wced_translation` (entryid, translation) VALUES (1199, "armed");
INSERT INTO `wced_entry` VALUES (1200, "armamintu", "57", "<entry page=""57"" id=""1200""><form id=""armamintu"" lang=""ceb"">armamintu</form>
<hom role=""n""><pos>n</pos>
<sense n=""0""><trans> <tr>armament</tr>. </trans>
<eg><i lang=""ceb"">Lumbà sa armamintu,</i><trans> Armament race.
</trans></eg>
</sense></hom></entry>");
INSERT INTO `wced_head` (entryid, head, normalized_head, type, pos) VALUES (1200, "armamintu", "armamintu", "m", "n");
INSERT INTO `wced_translation` (entryid, translation) VALUES (1200, "armament");
INSERT INTO `wced_entry` VALUES (1201, "armar", "57", "<entry page=""57"" id=""1201""><form id=""armar"" lang=""ceb"">armar</form>
<hom role=""v""><pos>v</pos>
<sense n=""0""> <itype>[A; c]</itype><trans> <tr>set up</tr> s.t. folded or in pieces, or set s.t. in its proper place so it may be operated. </trans>
<eg><i lang=""ceb"">Nag-armar siya sa ulutáwan,</i><trans> He is setting up the ironing board. </trans></eg>
<eg><i lang=""ceb"">Nag-armar mig mga kanyun líbut sa planta,</i><trans> We emplaced cannons around the plant. </trans></eg>
<eg><i lang=""ceb"">Ang bumba sa túbig iarmar duul sa kanal,</i><trans> Emplace the water pump near the canal.
</trans></eg>
</sense></hom></entry>");
INSERT INTO `wced_head` (entryid, head, normalized_head, type, pos) VALUES (1201, "armar", "armar", "m", "v");
INSERT INTO `wced_translation` (entryid, translation) VALUES (1201, "set up");
INSERT INTO `wced_entry` VALUES (1202, "armas", "57", "<entry page=""57"" id=""1202""><form id=""armas"" lang=""ceb"">armas</form>
<hom role=""n""><pos>n</pos>
<sense n=""1""><number>1</number><trans> <tr>arms</tr>, <tr>weapon</tr>. </trans>
</sense>
<sense n=""2""><number>2</number><trans> <tr>penis</tr> (humorous euphemism). </trans>
</sense></hom>
<entry><form id=""armas_dimaxnu"" lang=""ceb""><abbr expan=""armas"" type=""lemma"">—</abbr> dimánu</form>
<hom>
<sense n=""0""><trans> bladed weapons. </trans>
</sense></hom></entry>
<entry><form id=""armas_dipuygu"" lang=""ceb""><abbr expan=""armas"" type=""lemma"">—</abbr> dipuygu</form>
<hom>
<sense n=""0""><trans> <tr>firearms</tr>.
</trans>
</sense></hom></entry></entry>");
INSERT INTO `wced_head` (entryid, head, normalized_head, type, pos) VALUES (1202, "armas", "armas", "m", "n");
INSERT INTO `wced_head` (entryid, head, normalized_head, type, pos) VALUES (1202, "armas dimánu", "armas dimanu", "s", "");
INSERT INTO `wced_head` (entryid, head, normalized_head, type, pos) VALUES (1202, "armas dipuygu", "armas dipuygu", "s", "");
INSERT INTO `wced_translation` (entryid, translation) VALUES (1202, "arms");
INSERT INTO `wced_translation` (entryid, translation) VALUES (1202, "weapon");
INSERT INTO `wced_translation` (entryid, translation) VALUES (1202, "penis");
INSERT INTO `wced_translation` (entryid, translation) VALUES (1202, "firearms");
INSERT INTO `wced_entry` VALUES (1203, "armatyur", "57", "<entry page=""57"" id=""1203""><form id=""armatyur"" lang=""ceb"">armatyur</form>
<hom role=""n""><pos>n</pos>
<sense n=""0""><trans> <tr>armature</tr> of an electric motor or generator. </trans>
</sense></hom>
<hom role=""v""><pos>v</pos>
<sense n=""0""> <itype>[b(1)]</itype><trans> put the armature on a motor.
</trans>
</sense></hom></entry>");
INSERT INTO `wced_head` (entryid, head, normalized_head, type, pos) VALUES (1203, "armatyur", "armatyur", "m", "nv");
INSERT INTO `wced_translation` (entryid, translation) VALUES (1203, "armature");
INSERT INTO `wced_entry` VALUES (1204, "armi", "57", "<entry page=""57"" id=""1204""><form id=""armi"" lang=""ceb"">armi</form>
<hom role=""n""><pos>n</pos>
<sense n=""0""><trans> <tr>army</tr>.
</trans>
</sense></hom></entry>");
INSERT INTO `wced_head` (entryid, head, normalized_head, type, pos) VALUES (1204, "armi", "armi", "m", "n");
INSERT INTO `wced_translation` (entryid, translation) VALUES (1204, "army");
INSERT INTO `wced_entry` VALUES (1205, "armikat", "57", "<entry page=""57"" id=""1205""><form id=""armikat"" lang=""ceb"">armikat</form>
<hom role=""n""><pos>n</pos>
<sense n=""0""><trans> <tr>crew cut</tr>. </trans>
</sense></hom>
<entry><form id=""paarmikat"" lang=""ceb""><abbr expan=""paarmikat"" type=""lemma"">pa-</abbr></form>
<hom role=""v""><pos>v</pos>
<sense n=""0""> <itype>[A13]</itype><trans> get a crew cut. </trans>
<eg><i lang=""ceb"">Magpaarmikat ku kay mag-ar-utísi mi ugmà,</i><trans> I will get a crew cut because we have <asc><abbr expan=""Reserve Officers’ Training Corps"">ROTC</abbr></asc> tomorrow.
</trans></eg>
</sense></hom></entry></entry>");
INSERT INTO `wced_head` (entryid, head, normalized_head, type, pos) VALUES (1205, "armikat", "armikat", "m", "n");
INSERT INTO `wced_head` (entryid, head, normalized_head, type, pos) VALUES (1205, "paarmikat", "paarmikat", "s", "v");
INSERT INTO `wced_translation` (entryid, translation) VALUES (1205, "crew cut");
INSERT INTO `wced_entry` VALUES (1206, "armirul", "57", "<entry page=""57"" id=""1206""><form id=""armirul"" lang=""ceb"">armirul</form>
<hom>
<sense n=""0""><trans> = <xr lang=""ceb"" target=""#almirul""><sc>almirul</sc></xr>.
</trans>
</sense></hom></entry>");
INSERT INTO `wced_head` (entryid, head, normalized_head, type, pos) VALUES (1206, "armirul", "armirul", "m", "");
INSERT INTO `wced_entry` VALUES (1207, "armistisyu", "57", "<entry page=""57"" id=""1207""><form id=""armistisyu"" lang=""ceb"">armistisyu</form>
<hom role=""n""><pos>n</pos>
<sense n=""0""><trans> <tr>armistice</tr>. </trans>
</sense></hom>
<hom role=""v""><pos>v</pos>
<sense n=""0""> <itype>[A1; b(1)]</itype><trans> have an armistice. </trans>
<eg><i lang=""ceb"">Mag-armistisyu sila sa Bitnam,</i><trans> They will have an armistice in Viet Nam.
</trans></eg>
</sense></hom></entry>");
INSERT INTO `wced_head` (entryid, head, normalized_head, type, pos) VALUES (1207, "armistisyu", "armistisyu", "m", "nv");
INSERT INTO `wced_translation` (entryid, translation) VALUES (1207, "armistice");
INSERT INTO `wced_entry` VALUES (1208, "armunyum, armunyun", "57", "<entry page=""57"" id=""1208""><form id=""armunyum_armunyun"" lang=""ceb"">armunyum, armunyun</form>
<hom role=""n""><pos>n</pos>
<sense n=""0""><trans> <tr>harmonium</tr>. </trans>
</sense></hom>
<hom role=""v""><pos>v</pos>
<sense n=""0""> <itype>[AN13]</itype><trans> play the harmonium.
</trans>
</sense></hom></entry>");
INSERT INTO `wced_head` (entryid, head, normalized_head, type, pos) VALUES (1208, "armunyum", "armunyum", "s", "nv");
INSERT INTO `wced_head` (entryid, head, normalized_head, type, pos) VALUES (1208, "armunyun", "armunyun", "s", "nv");
INSERT INTO `wced_translation` (entryid, translation) VALUES (1208, "harmonium");
INSERT INTO `wced_entry` VALUES (1209, "arnibal", "57", "<entry page=""57"" id=""1209""><form id=""arnixbal"" lang=""ceb"">arníbal</form>
<hom>
<sense n=""0""><trans> = <xr lang=""ceb"" target=""#anixbal""><sc>aníbal</sc></xr>.
</trans>
</sense></hom></entry>");
INSERT INTO `wced_head` (entryid, head, normalized_head, type, pos) VALUES (1209, "arníbal", "arnibal", "m", "");
INSERT INTO `wced_entry` VALUES (1210, "arnika1", "57", "<entry page=""57"" id=""1210""><form id=""arnika"" lang=""ceb"">arnika<sub>1</sub></form>
<hom role=""n""><pos>n</pos>
<sense n=""0""><trans> = <xr lang=""ceb"" target=""#anghilika""><sc>anghilika</sc></xr>.
</trans>
</sense></hom></entry>");
INSERT INTO `wced_head` (entryid, head, normalized_head, type, pos) VALUES (1210, "arnika", "arnika", "s", "n");
INSERT INTO `wced_entry` VALUES (1211, "arnika2", "57", "<entry page=""57"" id=""1211""><form id=""arnika2"" lang=""ceb"">arnika<sub>2</sub></form>
<hom>
<sense n=""0""><trans> <corr><pos>n</pos> </corr><tr>arnica</tr>. </trans>
</sense></hom>
<entry><form id=""tintuxra_arnika"" lang=""ceb"">tintúra <abbr expan=""arnika"" type=""lemma"">—</abbr></form>
<hom>
<sense n=""0""><trans> tincture of arnica.
</trans>
</sense></hom></entry></entry>");
INSERT INTO `wced_head` (entryid, head, normalized_head, type, pos) VALUES (1211, "arnika", "arnika", "s", "");
INSERT INTO `wced_head` (entryid, head, normalized_head, type, pos) VALUES (1211, "tintúra arnika", "tintura arnika", "s", "");
INSERT INTO `wced_translation` (entryid, translation) VALUES (1211, "arnica");
INSERT INTO `wced_entry` VALUES (1212, "arnis", "57", "<entry page=""57"" id=""1212""><form id=""arnis"" lang=""ceb"">arnis</form>
<hom role=""v""><pos>v</pos>
<sense n=""1""><number>1</number> <itype>[A; b(1)]</itype><trans> throw s.o. off balance by <tr>tripping</tr> or <tr>shoving</tr>. </trans>
<eg><i lang=""ceb"">Ug ímung arnísan ang ímung kadúlà mapáwul ka,</i><trans> It’s a foul if you trip your fellow player. </trans></eg>
</sense>
<sense n=""2""><number>2</number> <itype>[C; c3]</itype><trans> fence using sticks. </trans>
</sense></hom>
<hom role=""n""><pos>n</pos>
<sense n=""0""><trans> <tr>fencing</tr> with sticks.
</trans>
</sense></hom></entry>");
INSERT INTO `wced_head` (entryid, head, normalized_head, type, pos) VALUES (1212, "arnis", "arnis", "m", "vn");
INSERT INTO `wced_translation` (entryid, translation) VALUES (1212, "tripping");
INSERT INTO `wced_translation` (entryid, translation) VALUES (1212, "shoving");
INSERT INTO `wced_translation` (entryid, translation) VALUES (1212, "fencing");
INSERT INTO `wced_entry` VALUES (1213, "arpa", "57", "<entry page=""57"" id=""1213""><form id=""arpa"" lang=""ceb"">arpa</form>
<hom>
<sense n=""0""><trans> = <xr lang=""ceb"" target=""#alpa""><sc>alpa</sc></xr>.
</trans>
</sense></hom></entry>");
INSERT INTO `wced_head` (entryid, head, normalized_head, type, pos) VALUES (1213, "arpa", "arpa", "m", "");
INSERT INTO `wced_entry` VALUES (1214, "arpilir, arpiril", "57", "<entry page=""57"" id=""1214""><form id=""arpilir_arpiril"" lang=""ceb"">arpilir, arpiril</form>
<hom>
<sense n=""0""><trans> = <xr lang=""ceb"" target=""#alpilir""><sc>alpilir</sc></xr>.
</trans>
</sense></hom></entry>");
INSERT INTO `wced_head` (entryid, head, normalized_head, type, pos) VALUES (1214, "arpilir", "arpilir", "s", "");
INSERT INTO `wced_head` (entryid, head, normalized_head, type, pos) VALUES (1214, "arpiril", "arpiril", "s", "");
INSERT INTO `wced_entry` VALUES (1215, "arsa", "57", "<entry page=""57"" id=""1215""><form id=""arsa"" lang=""ceb"">arsa</form>
<hom>
<sense n=""0""><trans> = <xr lang=""ceb"" target=""#alsa""><sc>alsa</sc></xr>.
</trans>
</sense></hom></entry>");
INSERT INTO `wced_head` (entryid, head, normalized_head, type, pos) VALUES (1215, "arsa", "arsa", "m", "");
INSERT INTO `wced_entry` VALUES (1216, "arsii", "57", "<entry page=""57"" id=""1216""><form id=""arsii"" lang=""ceb"">arsii</form>
<hom role=""n""><pos>n</pos>
<sense n=""0""><trans> <tr><asc>RCA</asc></tr>, abbreviation for the Philippine Government Rice and Corn Administration. </trans>
<eg><i lang=""ceb"">Bugas arsii,</i><trans> Rice from the <asc>RCA</asc>.
</trans></eg>
</sense></hom></entry>");
INSERT INTO `wced_head` (entryid, head, normalized_head, type, pos) VALUES (1216, "arsii", "arsii", "m", "n");
INSERT INTO `wced_translation` (entryid, translation) VALUES (1216, "RCA");
INSERT INTO `wced_entry` VALUES (1217, "arsubispu", "57", "<entry page=""57"" id=""1217""><form id=""arsubispu"" lang=""ceb"">arsubispu</form>
<hom role=""n""><pos>n</pos>
<sense n=""0""><trans> <tr>archbishop</tr>. </trans>
</sense></hom>
<hom role=""v""><pos>v</pos>
<sense n=""0""> <itype>[B16; a12]</itype><trans> be, make into an archbishop. </trans>
</sense></hom>
<entry><form id=""arsubispaxdu"" lang=""ceb"">arsubispádu</form>
<hom role=""n""><pos>n</pos>
<sense n=""0""><trans> <tr>archbishopric</tr>.
</trans>
</sense></hom></entry></entry>");
INSERT INTO `wced_head` (entryid, head, normalized_head, type, pos) VALUES (1217, "arsubispu", "arsubispu", "m", "nv");
INSERT INTO `wced_head` (entryid, head, normalized_head, type, pos) VALUES (1217, "arsubispádu", "arsubispadu", "s", "n");
INSERT INTO `wced_translation` (entryid, translation) VALUES (1217, "archbishop");
INSERT INTO `wced_translation` (entryid, translation) VALUES (1217, "archbishopric");
INSERT INTO `wced_entry` VALUES (1218, "art.", "57", "<entry page=""57"" id=""1218""><form id=""art."" lang=""ceb"">art.</form>
<hom role=""n""><pos>n</pos>
<sense n=""0""><trans> abbreviation for <ix>artikulu.</ix>
</trans>
</sense></hom></entry>");
INSERT INTO `wced_head` (entryid, head, normalized_head, type, pos) VALUES (1218, "art.", "art.", "m", "n");
INSERT INTO `wced_entry` VALUES (1219, "artal", "57", "<entry page=""57"" id=""1219""><form id=""artal"" lang=""ceb"">artal</form>
<hom>
<sense n=""0""><trans> = <xr lang=""ceb"" target=""#altar""><sc>altar</sc></xr>.

</trans>
</sense></hom></entry>");
INSERT INTO `wced_head` (entryid, head, normalized_head, type, pos) VALUES (1219, "artal", "artal", "m", "");
INSERT INTO `wced_entry` VALUES (1220, "arti", "57", "<entry page=""57"" id=""1220""><form id=""arti"" lang=""ceb"">arti</form>
<hom role=""n""><pos>n</pos>
<sense n=""0""><trans> <tr>art</tr>. </trans>
<eg><i lang=""ceb"">Arti sa pamálak,</i><trans> Art of <tr>poetry</tr>. </trans></eg>
</sense></hom>
<entry><form id=""may_arti_walay_arti"" lang=""ceb""><abbr expan=""may arti"" type=""lemma"">may</abbr>, walay <abbr expan=""arti"" type=""lemma"">—</abbr></form>
<hom>
<sense n=""0""><trans> be (not be) <tr>artistic</tr>. </trans>
<eg><i lang=""ceb"">May arti siyang mukanta,</i><trans> She sings artfully. </trans></eg>
</sense></hom>
<hom role=""a""><pos>a</pos>
<sense n=""1""><number>1</number><trans> <tr>affected</tr>. </trans>
<eg><i lang=""ceb"">Arti kaáyu nga manulti ning buánga, mu rag unsay nakamauhan,</i><trans> The fool speaks in an affected way. You’d think he knew s.t. </trans></eg>
</sense>
<sense n=""2""><number>2</number><trans> affected in dress. </trans>
<eg><i lang=""ceb"">Pastilang artíhang mamisti ning bayhána,</i><trans> My! That woman sure does overdress. </trans></eg>
</sense></hom>
<hom role=""v""><pos>v</pos>
<sense n=""0""> <itype>[B3N; a2]</itype><trans> </trans>
</sense>
<sense n=""1""><number>1</number><trans> for speech or behavior to be affected. </trans>
</sense>
<sense n=""2""><number>2</number><trans> <tr>overdress</tr>, have too much make-up on. </trans>
</sense>
<sense n=""3""><number>3</number> <itype>[A23]</itype><trans> put on an act. </trans>
<eg><i lang=""ceb"">Maáyu muarti, makalingaw sa naguul,</i><trans> He puts on a good act which could entertain people who are sad. </trans></eg>
</sense></hom></entry>
<entry><form id=""artiarti"" lang=""ceb"">artiarti</form>
<hom role=""v""><pos>v</pos>
<sense n=""0""> <itype>[A; b6]</itype><trans> do s.t. <tr>unessential</tr> and <tr>unnecessary</tr> <pb n=""58""/>just to put on a big show. </trans>
<eg><i lang=""ceb"">Tuhi, muartiarti pa nà siyag pamaláyi bísag dúgay na nílang púyù,</i><trans> Phooey, he puts on a show of asking for the girl’s hand, as if they hadn’t already been living together for a long time. </trans></eg>
</sense></hom>
<hom role=""n""><pos>n</pos>
<sense n=""0""><trans> action of doing unnecessary things just for show. </trans>
<eg><i lang=""ceb"">Ug náay mangasáwa nákù, minyù dáyun sa way daghang artiarti,</i><trans> If s.o. asks me to marry him, I’ll say yes, without fuss and bother. </trans></eg>
</sense></hom></entry>
<entry><form id=""paarti"" lang=""ceb""><abbr expan=""paarti"" type=""lemma"">pa-</abbr></form>
<hom role=""v""><pos>v</pos>
<sense n=""0""> <itype>[A; b6]</itype><trans> make a <tr>show</tr> of doing s.t. </trans>
<eg><i lang=""ceb"">Magpaarti silag hulgà nímu, piru ayawg tagda,</i><trans> They will put a big show of threatening you, but pay no attention. </trans></eg>
</sense></hom></entry>
<entry><form id=""pangarti"" lang=""ceb""><abbr expan=""pangarti"" type=""lemma"">paN-</abbr></form>
<hom role=""n""><pos>n</pos>
<sense n=""0""><trans> things one wears for vanity’s sake. </trans>
<eg><i lang=""ceb"">Nangáyù siyag lipstik, ariyus ug uban pang mga pangarti,</i><trans> She asked for lipstick, earrings, and other vanities. </trans></eg>
</sense></hom></entry>
<entry><form id=""diarti"" lang=""ceb""><abbr expan=""diarti"" type=""lemma"">di-</abbr></form>
<hom role=""a""><pos>a</pos>
<sense n=""0""><trans> artistic. </trans>
<eg><i lang=""ceb"">Panulat nga diarti,</i><trans> Artistic writings.
</trans></eg>
</sense></hom></entry></entry>");
INSERT INTO `wced_head` (entryid, head, normalized_head, type, pos) VALUES (1220, "arti", "arti", "m", "n");
INSERT INTO `wced_head` (entryid, head, normalized_head, type, pos) VALUES (1220, "may arti", "may arti", "s", "av");
INSERT INTO `wced_head` (entryid, head, normalized_head, type, pos) VALUES (1220, "walay arti", "walay arti", "s", "av");
INSERT INTO `wced_head` (entryid, head, normalized_head, type, pos) VALUES (1220, "artiarti", "artiarti", "s", "vn");
INSERT INTO `wced_head` (entryid, head, normalized_head, type, pos) VALUES (1220, "paarti", "paarti", "s", "v");
INSERT INTO `wced_head` (entryid, head, normalized_head, type, pos) VALUES (1220, "pangarti", "pangarti", "s", "n");
INSERT INTO `wced_head` (entryid, head, normalized_head, type, pos) VALUES (1220, "diarti", "diarti", "s", "a");
INSERT INTO `wced_translation` (entryid, translation) VALUES (1220, "art");
INSERT INTO `wced_translation` (entryid, translation) VALUES (1220, "poetry");
INSERT INTO `wced_translation` (entryid, translation) VALUES (1220, "artistic");
INSERT INTO `wced_translation` (entryid, translation) VALUES (1220, "affected");
INSERT INTO `wced_translation` (entryid, translation) VALUES (1220, "overdress");
INSERT INTO `wced_translation` (entryid, translation) VALUES (1220, "unessential");
INSERT INTO `wced_translation` (entryid, translation) VALUES (1220, "unnecessary");
INSERT INTO `wced_translation` (entryid, translation) VALUES (1220, "show");
INSERT INTO `wced_entry` VALUES (1221, "artikulu", "58", "<entry page=""58"" id=""1221""><form id=""artikulu"" lang=""ceb"">artikulu</form>
<hom role=""n""><pos>n</pos>
<sense n=""1""><number>1</number><trans> <tr>article</tr>, a piece published. </trans>
</sense>
<sense n=""2""><number>2</number><trans> article of a law.
</trans>
</sense></hom></entry>");
INSERT INTO `wced_head` (entryid, head, normalized_head, type, pos) VALUES (1221, "artikulu", "artikulu", "m", "n");
INSERT INTO `wced_translation` (entryid, translation) VALUES (1221, "article");
INSERT INTO `wced_entry` VALUES (1222, "artiliyiriya", "58", "<entry page=""58"" id=""1222""><form id=""artiliyirixya"" lang=""ceb"">artiliyiríya</form>
<hom role=""n""><pos>n</pos>
<sense n=""0""><trans> <tr>artillery</tr>.
</trans>
</sense></hom></entry>");
INSERT INTO `wced_head` (entryid, head, normalized_head, type, pos) VALUES (1222, "artiliyiríya", "artiliyiriya", "m", "n");
INSERT INTO `wced_translation` (entryid, translation) VALUES (1222, "artillery");
INSERT INTO `wced_entry` VALUES (1223, "artipisyal", "58", "<entry page=""58"" id=""1223""><form id=""artipisyal"" lang=""ceb"">artipisyal</form>
<hom role=""a""><pos>a</pos>
<sense n=""1""><number>1</number><trans> <tr>artificial</tr>, affected and not natural. </trans>
<eg><i lang=""ceb"">Dalágang syudadnun nga púlus artipisyal ang panglihuk,</i><trans> City girls that always put on. </trans></eg>
</sense>
<sense n=""2""><number>2</number><trans> not naturally occurring, <tr>contrived</tr>. </trans>
<eg><i lang=""ceb"">Ang kangihit sa humay artipisyal dílì tungud sa húlaw,</i><trans> The scarcity of rice is artificial and not due to the drought. </trans></eg>
</sense></hom>
<hom role=""v""><pos>v</pos>
<sense n=""0""> <itype>[B; a12]</itype><trans> become, make artificial.
</trans>
</sense></hom></entry>");
INSERT INTO `wced_head` (entryid, head, normalized_head, type, pos) VALUES (1223, "artipisyal", "artipisyal", "m", "av");
INSERT INTO `wced_translation` (entryid, translation) VALUES (1223, "artificial");
INSERT INTO `wced_translation` (entryid, translation) VALUES (1223, "contrived");
INSERT INTO `wced_entry` VALUES (1224, "artista", "58", "<entry page=""58"" id=""1224""><form id=""artista"" lang=""ceb"">artista</form>
<hom role=""n""><pos>n</pos>
<sense n=""0""><trans> <tr>actor</tr>, <tr>actress</tr>. </trans>
</sense></hom>
<hom role=""v""><pos>v</pos>
<sense n=""0""> <itype>[B15; a12]</itype><trans> be, become an actor. </trans>
<eg><i lang=""ceb"">Gustu siyang mag-artista sa Haliwud,</i><trans> She wants to become an actress in Hollywood. </trans></eg>
</sense></hom>
<entry><form id=""inartista"" lang=""ceb""><abbr expan=""inartista"" type=""lemma"">-in-</abbr></form>
<hom role=""v""><pos>v</pos>
<sense n=""0""> <itype>[A; a1]</itype><trans> put on an act. </trans>
<eg><i lang=""ceb"">Nag-inartista siyag hangyù,</i><trans> He’s putting on an act while he is asking for it.
</trans></eg>
</sense></hom></entry></entry>");
INSERT INTO `wced_head` (entryid, head, normalized_head, type, pos) VALUES (1224, "artista", "artista", "m", "nv");
INSERT INTO `wced_head` (entryid, head, normalized_head, type, pos) VALUES (1224, "inartista", "inartista", "s", "v");
INSERT INTO `wced_translation` (entryid, translation) VALUES (1224, "actor");
INSERT INTO `wced_translation` (entryid, translation) VALUES (1224, "actress");
INSERT INTO `wced_entry` VALUES (1225, "*artisyanu", "58", "<entry page=""58"" id=""1225""><form id=""xxartisyaxnu"" lang=""ceb"">*artisyánu</form>
<entry><form id=""puxsu_artisyaxnu"" lang=""ceb"">púsu <abbr expan=""artisyánu"" type=""lemma"">—</abbr></form>
<hom>
<sense n=""0""><trans> <tr>artesian well</tr>.
</trans>
</sense></hom></entry></entry>");
INSERT INTO `wced_head` (entryid, head, normalized_head, type, pos) VALUES (1225, "artisyánu", "artisyanu", "s", "");
INSERT INTO `wced_head` (entryid, head, normalized_head, type, pos) VALUES (1225, "púsu artisyánu", "pusu artisyanu", "s", "");
INSERT INTO `wced_translation` (entryid, translation) VALUES (1225, "artesian well");
INSERT INTO `wced_entry` VALUES (1226, "*aru", "58", "<entry page=""58"" id=""1226""><form id=""xxaxruq"" lang=""ceb"">*árù</form>
<entry><form id=""kaaxruq"" lang=""ceb""><abbr expan=""kaárù"" type=""lemma"">ka-</abbr></form>
<hom role=""v""><pos>v</pos>
<sense n=""0""> <itype>[A13]</itype><trans> be in varied profusion. </trans>
<eg><i lang=""ceb"">Nagkaárù ang mga pagkáun nga giaray,</i><trans> Food was set before them in lavish profusion. </trans></eg>
</sense></hom></entry>
<entry><form id=""paaxruq"" lang=""ceb""><abbr expan=""paárù"" type=""lemma"">pa-</abbr></form>
<hom role=""v""><pos>v</pos>
<sense n=""1""><number>1</number> <itype>[A; c]</itype><trans> ask for s.t. to one’s heart’s desire. </trans>
<eg><i lang=""ceb"">Nagpaárù na sad siya sa mga pahindik,</i><trans> She is asking for cosmetics to her heart’s desire. </trans></eg>
</sense>
<sense n=""2""><number>2</number> <itype>[A; c1]</itype><trans> <tr>lavish</tr> on s.o. to his heart’s content. </trans>
<eg><i lang=""ceb"">Gipaarúan na lang siyag unsay gustu,</i><trans> They gave him whatever he wanted to his heart’s content.
</trans></eg>
</sense></hom></entry></entry>");
INSERT INTO `wced_head` (entryid, head, normalized_head, type, pos) VALUES (1226, "árù", "aru", "s", "");
INSERT INTO `wced_head` (entryid, head, normalized_head, type, pos) VALUES (1226, "kaárù", "kaaru", "s", "v");
INSERT INTO `wced_head` (entryid, head, normalized_head, type, pos) VALUES (1226, "paárù", "paaru", "s", "v");
INSERT INTO `wced_translation` (entryid, translation) VALUES (1226, "lavish");
INSERT INTO `wced_entry` VALUES (1227, "aruk", "58", "<entry page=""58"" id=""1227""><form id=""aruk"" lang=""ceb"">aruk</form>
<hom role=""n""><pos>n</pos>
<sense n=""0""><trans> <tr>money</tr> (slang). </trans>
</sense></hom>
<entry><form id=""arukan"" lang=""ceb""><abbr expan=""arukan"" type=""lemma"">-an</abbr></form>
<hom role=""a""><pos>a</pos>
<sense n=""0""><trans> having money (slang).
</trans>
</sense></hom></entry></entry>");
INSERT INTO `wced_head` (entryid, head, normalized_head, type, pos) VALUES (1227, "aruk", "aruk", "m", "n");
INSERT INTO `wced_head` (entryid, head, normalized_head, type, pos) VALUES (1227, "arukan", "arukan", "s", "a");
INSERT INTO `wced_translation` (entryid, translation) VALUES (1227, "money");
INSERT INTO `wced_entry` VALUES (1228, "arul", "58", "<entry page=""58"" id=""1228""><form id=""arul"" lang=""ceb"">arul</form>
<hom role=""v""><pos>v</pos>
<sense n=""1""><number>1</number> <itype>[A3; b6]</itype><trans> <tr>shave</tr> the hair off the head. </trans>
<eg><i lang=""ceb"">Giarulan ang binilanggung patyunun,</i><trans> The condemned prisoner had his hair shaved off. </trans></eg>
</sense>
<sense n=""2""><number>2</number> <itype>[BN; b6]</itype><trans> lose hair, feathers. </trans>
<eg><i lang=""ceb"">Muarul (mangarul) ang manuk ihás ug mating-init,</i><trans> Wild chickens shed their feathers in the hot season.
</trans></eg>
</sense></hom></entry>");
INSERT INTO `wced_head` (entryid, head, normalized_head, type, pos) VALUES (1228, "arul", "arul", "m", "v");
INSERT INTO `wced_translation` (entryid, translation) VALUES (1228, "shave");
INSERT INTO `wced_entry` VALUES (1229, "aruma", "58", "<entry page=""58"" id=""1229""><form id=""aruxma"" lang=""ceb"">arúma</form>
<hom role=""n""><pos>n</pos>
<sense n=""0""><trans> spiny shrub or small tree similar to <ix>ipil-ipil,</ix> used for firewood. Said to be the plant from which Christ’s crown of thorns was made: <bio>Acacia farnesiana</bio>.
</trans>
</sense></hom></entry>");
INSERT INTO `wced_head` (entryid, head, normalized_head, type, pos) VALUES (1229, "arúma", "aruma", "m", "n");
INSERT INTO `wced_entry` VALUES (1230, "arun1", "58", "<entry page=""58"" id=""1230""><form id=""arun"" lang=""ceb"">arun<sub>1</sub></form>
<hom>
<sense n=""0""><trans> <tr>in order to</tr>. </trans>
<eg><i lang=""ceb"">Mupaúlì siya arun pag-utaw (nga mangutaw),</i><trans> She is going home to iron. </trans></eg>
</sense></hom>
<entry><form id=""kay_arun"" lang=""ceb"">kay <abbr expan=""arun"" type=""lemma"">—</abbr></form>
<hom>
<sense n=""0""><trans> in order to, so that. </trans>
<eg><i lang=""ceb"">Magtígum ku kay arun makapalit kug awtu,</i><trans> I will save so that I can buy a car. </trans></eg>
</sense></hom></entry>
<entry><form id=""arun_ingnun"" lang=""ceb""><abbr expan=""arun"" type=""lemma"">—</abbr> ingnun</form>
<hom>
<sense n=""0""><trans> in order to be said, to be mistaken for. </trans>
<eg><i lang=""ceb"">Nagpulupangutána siya arun ingnun walà masáyud,</i><trans> He keeps asking questions so they will think he does not know. </trans></eg>
</sense></hom></entry>
<entry><form id=""paarun_ingnun_pakaarun_ingnun"" lang=""ceb""><abbr expan=""paarun ingnun"" type=""lemma"">pa-</abbr>, <abbr expan=""pakaarun"" type=""lemma"">paka-</abbr> ingnun</form>
<hom role=""v""><pos>v</pos>
<sense n=""0""> <itype>[A13]</itype><trans> make false pretenses. </trans>
<eg><i lang=""ceb"">Adtu siya magpakaarun-ingnun (magpaarun-ingnun) nga dakung táwu,</i><trans> There he goes making pretenses that he is an important person. </trans></eg>
</sense></hom></entry>
<entry><form id=""paarun-axrun"" lang=""ceb"">paarun-árun</form>
<hom role=""v""><pos>v</pos>
<sense n=""0""> <itype>[A13]</itype><trans> do s.t. under pretenses. </trans>
<eg><i lang=""ceb"">Nagpaarun-árun siya ug diskursu bísan ug dílì siya kamau,</i><trans> He made pretensions of delivering a speech though he doesn’t know how.
</trans></eg>
</sense></hom></entry></entry>");
INSERT INTO `wced_head` (entryid, head, normalized_head, type, pos) VALUES (1230, "arun", "arun", "s", "");
INSERT INTO `wced_head` (entryid, head, normalized_head, type, pos) VALUES (1230, "kay arun", "kay arun", "s", "");
INSERT INTO `wced_head` (entryid, head, normalized_head, type, pos) VALUES (1230, "arun ingnun", "arun ingnun", "s", "");
INSERT INTO `wced_head` (entryid, head, normalized_head, type, pos) VALUES (1230, "paarun ingnun", "paarun ingnun", "s", "v");
INSERT INTO `wced_head` (entryid, head, normalized_head, type, pos) VALUES (1230, "pakaarun ingnun", "pakaarun ingnun", "s", "v");
INSERT INTO `wced_head` (entryid, head, normalized_head, type, pos) VALUES (1230, "paarun-árun", "paarun-arun", "s", "v");
INSERT INTO `wced_translation` (entryid, translation) VALUES (1230, "in order to");
INSERT INTO `wced_entry` VALUES (1231, "arun2", "58", "<entry page=""58"" id=""1231""><form id=""arun2"" lang=""ceb"">arun<sub>2</sub></form>
<hom>
<sense n=""0""><trans> (from <ix>karun</ix>) </trans>
</sense>
<sense n=""1""><number>1</number><trans> particle calling s.o.’s attention when he is being spoken to. </trans>
<eg><i lang=""ceb"">Arun, Pidru, gitawag ka,</i><trans> Hey, Pedro! S.o. is calling you! </trans></eg>
</sense>
<sense n=""2""><number>2</number><trans> particle introducing a new subject. </trans>
<eg><i lang=""ceb"">Arun, muadtu ka sa Amirika?</i><trans> Now, are you going to America?
</trans></eg>
</sense></hom></entry>");
INSERT INTO `wced_head` (entryid, head, normalized_head, type, pos) VALUES (1231, "arun", "arun", "s", "");
INSERT INTO `wced_entry` VALUES (1232, "arun", "58", "<entry page=""58"" id=""1232""><form id=""axrun"" lang=""ceb"">árun</form>
<hom>
<sense n=""0""><trans> <ix>see</ix> <xr lang=""ceb"" target=""#karun""><sc>karun</sc></xr>.
</trans>
</sense></hom></entry>");
INSERT INTO `wced_head` (entryid, head, normalized_head, type, pos) VALUES (1232, "árun", "arun", "m", "");
INSERT INTO `wced_entry` VALUES (1233, "arunsa", "58", "<entry page=""58"" id=""1233""><form id=""arunsa"" lang=""ceb"">arunsa</form>
<hom role=""v""><pos>v</pos>
<sense n=""1""><number>1</number> <itype>[A; c]</itype><trans> <tr>move</tr>, move s.t. over. </trans>
<eg><i lang=""ceb"">Iarunsa ngari ang kahun,</i><trans> Move the box this way. </trans></eg>
</sense>
<sense n=""2""><number>2</number> <itype>[B]</itype><trans> <tr>advance</tr>, <tr>progress</tr>. </trans>
<eg><i lang=""ceb"">Muarunsa ang táwu ug magkúgi,</i><trans> A person who works hard will prosper. </trans></eg>
</sense>
<sense n=""3""><number>3</number> <itype>[b7c1]</itype><trans> <tr>advance</tr>, <tr>move</tr> s.t. ahead in time. </trans>
<eg><i lang=""ceb"">Arunsáhun (iarunsa, arunsáhan) nátù ang adlaw sa kasal,</i><trans> Let us advance the date of the marriage. </trans></eg>
</sense>
<sense n=""4""><number>4</number> <itype>[B]</itype><trans> become more and more. </trans>
<eg><i lang=""ceb"">Nag-arunsa siya pagkaabusáda,</i><trans> She is getting more and more abusive. </trans></eg>
</sense>
<sense n=""5""><number>5</number> <itype>[APB; b7c1]</itype><trans> <tr>raise</tr>, <tr>rise</tr>. </trans>
<eg><i lang=""ceb"">Muabut na ang bag-u nátung isták, mag-arunsa (magpaarunsa) ta sa prisyu,</i><trans> When the new stock arrives, let’s raise the price. </trans></eg>
<eg><i lang=""ceb"">Muarunsa ang prisyu sa humay,</i><trans> The price of rice will rise. </trans></eg>
</sense></hom>
<hom role=""n""><pos>n</pos>
<sense n=""0""><trans> <tr>progress</tr>, <tr>advancement</tr>. </trans>
<eg><i lang=""ceb"">Gamay ang arunsa sa íyang swildu,</i><trans> He received a very small increase in pay.
</trans></eg>
</sense></hom></entry>");
INSERT INTO `wced_head` (entryid, head, normalized_head, type, pos) VALUES (1233, "arunsa", "arunsa", "m", "vn");
INSERT INTO `wced_translation` (entryid, translation) VALUES (1233, "move");
INSERT INTO `wced_translation` (entryid, translation) VALUES (1233, "advance");
INSERT INTO `wced_translation` (entryid, translation) VALUES (1233, "progress");
INSERT INTO `wced_translation` (entryid, translation) VALUES (1233, "raise");
INSERT INTO `wced_translation` (entryid, translation) VALUES (1233, "rise");
INSERT INTO `wced_translation` (entryid, translation) VALUES (1233, "advancement");
INSERT INTO `wced_entry` VALUES (1234, "arus1", "58", "<entry page=""58"" id=""1234""><form id=""arus"" lang=""ceb"">arus<sub>1</sub></form>
<hom role=""v""><pos>v</pos>
<sense n=""0""> <itype>[A; a]</itype><trans> cut a growth short: hair, grass, hedge; strip the leaves, fruits, or flowers from a plant. </trans>
<eg><i lang=""ceb"">Kinsay miarus sa mga rúsas?</i><trans> Who picked all of the roses? </trans></eg>
<eg><i lang=""ceb"">Naarus ang íyang kílay dihang mikalit pagsiláub ang kaláyu,</i><trans> Her eyebrow was singed off when the flame suddenly flared up. </trans></eg>
<eg><i lang=""ceb"">Giarusan ku siya kay gikutu,</i><trans> I cut her hair short because she has lice.
</trans></eg>
</sense></hom></entry>");
INSERT INTO `wced_head` (entryid, head, normalized_head, type, pos) VALUES (1234, "arus", "arus", "s", "v");
INSERT INTO `wced_entry` VALUES (1235, "*arus2", "58", "<entry page=""58"" id=""1235""><form id=""xxarus2"" lang=""ceb"">*arus<sub>2</sub></form>
<entry><form id=""arus_ala_balinsiyaxna"" lang=""ceb""><abbr expan=""arus"" type=""lemma"">—</abbr> ala balinsiyána</form>
<hom role=""n""><pos>n</pos>
<sense n=""0""><trans> Arroz a la Valenciana. </trans>
</sense></hom></entry>
<entry><form id=""arus_kaldu"" lang=""ceb""><abbr expan=""arus"" type=""lemma"">—</abbr> kaldu</form>
<hom role=""n""><pos>n</pos>
<sense n=""0""><trans> rice porridge with chicken. </trans>
</sense></hom></entry>
<entry><form id=""arus_kun_kamarun"" lang=""ceb""><abbr expan=""arus"" type=""lemma"">—</abbr> kun kamarun</form>
<hom role=""n""><pos>n</pos>
<sense n=""0""><trans> rice with shrimp. </trans>
</sense></hom>
<hom role=""v""><pos>v</pos>
<sense n=""0""> <itype>[A]</itype><trans> prepare a rice dish.
</trans>
</sense></hom></entry></entry>");
INSERT INTO `wced_head` (entryid, head, normalized_head, type, pos) VALUES (1235, "arus", "arus", "s", "");
INSERT INTO `wced_head` (entryid, head, normalized_head, type, pos) VALUES (1235, "arus ala balinsiyána", "arus ala balinsiyana", "s", "n");
INSERT INTO `wced_head` (entryid, head, normalized_head, type, pos) VALUES (1235, "arus kaldu", "arus kaldu", "s", "n");
INSERT INTO `wced_head` (entryid, head, normalized_head, type, pos) VALUES (1235, "arus kun kamarun", "arus kun kamarun", "s", "nv");
INSERT INTO `wced_entry` VALUES (1236, "ar-utisi", "58", "<entry page=""58"" id=""1236""><form id=""ar-utixsi"" lang=""ceb"">ar-utísi</form>
<hom role=""n""><pos>n</pos>
<sense n=""0""><trans> <tr><asc>ROTC</asc></tr>. </trans>
</sense></hom>
<hom role=""v""><pos>v</pos>
<sense n=""0""> <itype>[A]</itype><trans> hold, attend <asc>ROTC</asc>. </trans>
<eg><i lang=""ceb"">Dílì ku muar-utísi rung hápun kay sakit <pb n=""59""/>ákung tiil,</i><trans> I will not attend <asc>ROTC</asc> drill this afternoon because my foot hurts. </trans></eg>
<eg><i lang=""ceb"">Mag-ar-utísi ba ta ugmà?</i><trans> Will we have <asc>ROTC</asc> tomorrow?
</trans></eg>
</sense></hom></entry>");
INSERT INTO `wced_head` (entryid, head, normalized_head, type, pos) VALUES (1236, "ar-utísi", "ar-utisi", "m", "nv");
INSERT INTO `wced_translation` (entryid, translation) VALUES (1236, "ROTC");
INSERT INTO `wced_entry` VALUES (1237, "aruwaka", "59", "<entry page=""59"" id=""1237""><form id=""aruwaxkaq"" lang=""ceb"">aruwákà</form>
<hom role=""n""><pos>n</pos>
<sense n=""0""><trans> <corr><number>1</number> </corr>k.o. ornamental plant with flowers that bloom at midnight. </trans>
</sense>
<sense n=""2""><number>2</number><trans> <tr>prostitute</tr>. </trans>
</sense></hom>
<hom role=""v""><pos>v</pos>
<sense n=""0""> <itype>[B; b6]</itype><trans> become a <tr>prostitute</tr>.
</trans>
</sense></hom></entry>");
INSERT INTO `wced_head` (entryid, head, normalized_head, type, pos) VALUES (1237, "aruwákà", "aruwaka", "m", "nv");
INSERT INTO `wced_translation` (entryid, translation) VALUES (1237, "prostitute");
INSERT INTO `wced_entry` VALUES (1238, "aruy", "59", "<entry page=""59"" id=""1238""><form id=""aruy"" lang=""ceb"">aruy</form>
<hom>
<sense n=""0""><trans> = <xr lang=""ceb"" target=""#agay""><sc>agay</sc></xr>.
</trans>
</sense></hom></entry>");
INSERT INTO `wced_head` (entryid, head, normalized_head, type, pos) VALUES (1238, "aruy", "aruy", "m", "");
INSERT INTO `wced_entry` VALUES (1239, "arya", "59", "<entry page=""59"" id=""1239""><form id=""arya"" lang=""ceb"">arya</form>
<hom>
<sense n=""0""><trans> = <xr lang=""ceb"" target=""#arixya""><sc>aríya</sc></xr>.
</trans>
</sense></hom></entry>");
INSERT INTO `wced_head` (entryid, head, normalized_head, type, pos) VALUES (1239, "arya", "arya", "m", "");
INSERT INTO `wced_entry` VALUES (1240, "aryat", "59", "<entry page=""59"" id=""1240""><form id=""aryat"" lang=""ceb"">aryat</form>
<hom role=""a""><pos>a</pos>
<sense n=""0""><trans> for women to be vain, choosy, affected, and coquettish. </trans>
</sense></hom>
<hom role=""v""><pos>v</pos>
<sense n=""0""> <itype>[B1N; b6]</itype><trans> be <ix>aryat.</ix> </trans>
<eg><i lang=""ceb"">Nangaryat na sad ang byúda,</i><trans> The widow is putting on airs. </trans></eg>
</sense></hom>
<entry><form id=""inaryat"" lang=""ceb""><abbr expan=""inaryat"" type=""lemma"">-in-</abbr></form>
<hom role=""v""><pos>v</pos>
<sense n=""0""> <itype>[B4; a]</itype><trans> act in a vain, affected way. </trans>
<eg><i lang=""ceb"">Kuntra ku giyud nang mag-inaryat ug sinultihan,</i><trans> How I hate those women that are affected in their speech.
</trans></eg>
</sense></hom></entry></entry>");
INSERT INTO `wced_head` (entryid, head, normalized_head, type, pos) VALUES (1240, "aryat", "aryat", "m", "av");
INSERT INTO `wced_head` (entryid, head, normalized_head, type, pos) VALUES (1240, "inaryat", "inaryat", "s", "v");
INSERT INTO `wced_entry` VALUES (1241, "aryindu", "59", "<entry page=""59"" id=""1241""><form id=""aryindu"" lang=""ceb"">aryindu</form>
<hom>
<sense n=""0""><trans> = <xr lang=""ceb"" target=""#arindu""><sc>arindu</sc></xr>.
</trans>
</sense></hom></entry>");
INSERT INTO `wced_head` (entryid, head, normalized_head, type, pos) VALUES (1241, "aryindu", "aryindu", "m", "");
INSERT INTO `wced_entry` VALUES (1242, "asa", "59", "<entry page=""59"" id=""1242""><form id=""asa"" lang=""ceb"">asa</form>
<hom role=""v""><pos>v</pos>
<sense n=""0""> <itype>[A3; b6]</itype><trans> <tr>pay attention to</tr>, take s.o.’s word or behavior seriously. </trans>
<eg><i lang=""ceb"">Ayawg ashi (asahi) ang sulti sa hubug,</i><trans> Don’t take a drunk’s words seriously.
</trans></eg>
</sense></hom></entry>");
INSERT INTO `wced_head` (entryid, head, normalized_head, type, pos) VALUES (1242, "asa", "asa", "m", "v");
INSERT INTO `wced_translation` (entryid, translation) VALUES (1242, "pay attention to");
INSERT INTO `wced_entry` VALUES (1243, "asa1", "59", "<entry page=""59"" id=""1243""><form id=""axsa"" lang=""ceb"">ása<sub>1</sub></form>
<hom>
<sense n=""1""><number>1</number><trans> <tr>where</tr>? (future). </trans>
<eg><i lang=""ceb"">Ása ka muiskuyla?</i><trans> Where will you go to school? </trans></eg>
</sense>
<sense n=""1a""><number>1a</number><trans> going where? </trans>
<eg><i lang=""ceb"">Ása ka?</i><trans> Where are you going? </trans></eg>
</sense>
<sense n=""2""><number>2</number><trans> <tr>which</tr> (of several) will... </trans>
<eg><i lang=""ceb"">Ása kang siníha mutan-aw?</i><trans> Which movie will you go to see? </trans></eg>
</sense>
<sense n=""3""><number>3</number> <form id=""axsa_verb"" lang=""ceb""><abbr expan=""ása"" type=""lemma"">—</abbr> <r>[<ix>verb</ix>]</r></form><trans> how could [so-and-so] ever happen? </trans>
<eg><i lang=""ceb"">Ása gud siya mutúu nímu?</i><trans> How could she ever believe you? </trans></eg>
</sense>
<sense n=""4""><number>4</number><trans> (short for <ix><abbr expan=""mahiása"" type=""lemma"">mahi-</abbr></ix>) What ever happened to...? </trans>
<eg><i lang=""ceb"">Ása na man tung ákung bulpin?</i><trans> Now, where did my pen go to? </trans></eg>
</sense>
<sense n=""5""><number>5</number><trans> such-and-such a thing is likely to be there in due time. </trans>
<eg><i lang=""ceb"">Ása man nang bisiklítag madakù ka,</i><trans> It’ll be time enough to get a bicycle when you get big. (Lit. Where will your bicycle be when you grow up.) </trans></eg>
<eg><i lang=""ceb"">Ayaw pangulitáwu. Ása ra man nà ug matituládu ka,</i><trans> Don’t propose yet. She’ll still be there (lit. where will she be) after you have graduated. </trans></eg>
<eg><i lang=""ceb"">Ása ka ra man unyà. Magkítà ra ta,</i><trans> You’ll be right there (where I can get you). We’ll meet again some day. </trans></eg>
</sense></hom>
<entry><form id=""iaxsa"" lang=""ceb""><abbr expan=""iása"" type=""lemma"">i-</abbr></form>
<hom>
<sense n=""0""><trans> what can you do with, of what use will it be? </trans>
<eg><i lang=""ceb"">Iása man nà nímung mga dáang papil?</i><trans> What good are those old papers to you? </trans></eg>
<eg><i lang=""ceb"">‘Gustu ka?’—‘Iása.’</i><trans> ‘Do you want it?’ ‘No. What good is it to me?’ </trans></eg>
</sense></hom></entry>
<entry><form id=""maaxsa"" lang=""ceb""><abbr expan=""maása"" type=""lemma"">ma-</abbr></form>
<hom>
<sense n=""1""><number>1</number><trans> = <xr lang=""ceb"" target=""#axsa""><sc>ása</sc></xr>, <ix>5.</ix> </trans>
</sense>
<sense n=""2""><number>2</number><trans> = <xr lang=""ceb"" target=""#mahiaxsa""><sc><abbr expan=""mahiása"" type=""lemma"">mahi-</abbr></sc></xr>. </trans>
</sense></hom></entry>
<entry><form id=""hiaxsa_haaxsa"" lang=""ceb""><abbr expan=""hiása"" type=""lemma"">hi-</abbr>/<abbr expan=""haása"" type=""lemma"">ha-</abbr></form>
<hom role=""v""><pos>v</pos>
<sense n=""0""> <itype>[B1256]</itype><trans> where did/will it wind up at. </trans>
<eg><i lang=""ceb"">Bísag mahiása ku, mabúhì,</i><trans> Wherever I wind up, I can survive.
</trans></eg>
</sense></hom></entry></entry>");
INSERT INTO `wced_head` (entryid, head, normalized_head, type, pos) VALUES (1243, "ása", "asa", "s", "");
INSERT INTO `wced_head` (entryid, head, normalized_head, type, pos) VALUES (1243, "ása [verb]", "asa [verb]", "s", "");
INSERT INTO `wced_head` (entryid, head, normalized_head, type, pos) VALUES (1243, "iása", "iasa", "s", "");
INSERT INTO `wced_head` (entryid, head, normalized_head, type, pos) VALUES (1243, "maása", "maasa", "s", "");
INSERT INTO `wced_head` (entryid, head, normalized_head, type, pos) VALUES (1243, "hiása", "hiasa", "s", "v");
INSERT INTO `wced_head` (entryid, head, normalized_head, type, pos) VALUES (1243, "haása", "haasa", "s", "v");
INSERT INTO `wced_translation` (entryid, translation) VALUES (1243, "where");
INSERT INTO `wced_translation` (entryid, translation) VALUES (1243, "which");
INSERT INTO `wced_entry` VALUES (1244, "asa2", "59", "<entry page=""59"" id=""1244""><form id=""axsa2"" lang=""ceb"">ása<sub>2</sub></form>
<hom role=""v""><pos>v</pos>
<sense n=""0""> <itype>[A; b5]</itype><trans> <tr>keep doing</tr> s.t. </trans>
<eg><i lang=""ceb"">Inay gipahílum miása hinúun,</i><trans> We told her to stop crying, but she kept on. </trans></eg>
<eg><i lang=""ceb"">Wà kay búhat nga mahímù ug mag-ása kag hinuktuk,</i><trans> You won’t accomplish anything if you keep brooding. </trans></eg>
<eg><i lang=""ceb"">Asáhan (asáhun) bítaw námù ug tan-aw, midukù lagi,</i><trans> We kept staring at her until she finally bowed her head.
</trans></eg>
</sense></hom></entry>");
INSERT INTO `wced_head` (entryid, head, normalized_head, type, pos) VALUES (1244, "ása", "asa", "s", "v");
INSERT INTO `wced_translation` (entryid, translation) VALUES (1244, "keep doing");
INSERT INTO `wced_entry` VALUES (1245, "asa3", "59", "<entry page=""59"" id=""1245""><form id=""axsa3"" lang=""ceb"">ása<sub>3</sub></form>
<hom role=""v""><pos>v</pos>
<sense n=""0""> <itype>[ab(1)]</itype><trans> <tr>hope</tr>. </trans>
<eg><i lang=""ceb"">Makaása ba mi sa ímung pagbálik?</i><trans> Can we hope for your return? </trans></eg>
<eg><i lang=""ceb"">Si Dun Magnu ang ílang giasáhan nga muluwas kaníla,</i><trans> They hoped Don Magno would save them.
</trans></eg>
</sense></hom></entry>");
INSERT INTO `wced_head` (entryid, head, normalized_head, type, pos) VALUES (1245, "ása", "asa", "s", "v");
INSERT INTO `wced_translation` (entryid, translation) VALUES (1245, "hope");
INSERT INTO `wced_entry` VALUES (1246, "asadu", "59", "<entry page=""59"" id=""1246""><form id=""asaxdu"" lang=""ceb"">asádu</form>
<hom role=""a""><pos>a</pos>
<sense n=""0""><trans> roasted, <tr>broiled rare</tr>. </trans>
</sense></hom>
<hom role=""v""><pos>v</pos>
<sense n=""0""> <itype>[B1256; a12]</itype><trans> roast, broil rare. </trans>
<eg><i lang=""ceb"">Ayawg lutúa, asadúha lang,</i><trans> Don’t cook it through. Just broil it rare.
</trans></eg>
</sense></hom></entry>");
INSERT INTO `wced_head` (entryid, head, normalized_head, type, pos) VALUES (1246, "asádu", "asadu", "m", "av");
INSERT INTO `wced_translation` (entryid, translation) VALUES (1246, "broiled rare");
INSERT INTO `wced_entry` VALUES (1247, "asal", "59", "<entry page=""59"" id=""1247""><form id=""asal"" lang=""ceb"">asal</form>
<hom role=""v""><pos>v</pos>
<sense n=""0""> <itype>[A; a]</itype><trans> roast over hot coals (not said of sea food). </trans>
<eg><i lang=""ceb"">Kinsay nag-asal íni nga kagubkub man?</i><trans> Who roasted this pig that it is so crisp? </trans></eg>
</sense></hom>
<entry><form id=""aslunun_alaslun"" lang=""ceb"">aslunun, alaslun</form>
<hom role=""n""><pos>n</pos>
<sense n=""0""><trans> a pig of the size right for roasting. </trans>
</sense></hom></entry>
<entry><form id=""inasal"" lang=""ceb""><abbr expan=""inasal"" type=""lemma"">-in-</abbr></form>
<hom role=""n""><pos>n</pos>
<sense n=""0""><trans> roast pig.
</trans>
</sense></hom></entry></entry>");
INSERT INTO `wced_head` (entryid, head, normalized_head, type, pos) VALUES (1247, "asal", "asal", "m", "v");
INSERT INTO `wced_head` (entryid, head, normalized_head, type, pos) VALUES (1247, "aslunun", "aslunun", "s", "n");
INSERT INTO `wced_head` (entryid, head, normalized_head, type, pos) VALUES (1247, "alaslun", "alaslun", "s", "n");
INSERT INTO `wced_head` (entryid, head, normalized_head, type, pos) VALUES (1247, "inasal", "inasal", "s", "n");
INSERT INTO `wced_entry` VALUES (1248, "asambliya", "59", "<entry page=""59"" id=""1248""><form id=""asamblixya"" lang=""ceb"">asamblíya</form>
<hom role=""n""><pos>n</pos>
<sense n=""0""><trans> the <tr>assembly</tr>, the lawmaking body of the Philippine Commonwealth.
</trans>
</sense></hom></entry>");
INSERT INTO `wced_head` (entryid, head, normalized_head, type, pos) VALUES (1248, "asamblíya", "asambliya", "m", "n");
INSERT INTO `wced_translation` (entryid, translation) VALUES (1248, "assembly");
INSERT INTO `wced_entry` VALUES (1249, "as-as", "59", "<entry page=""59"" id=""1249""><form id=""as-as"" lang=""ceb"">as-as</form>
<hom role=""a""><pos>a</pos>
<sense n=""0""><trans> for leaves to be very dry. </trans>
</sense></hom>
<hom role=""v""><pos>v</pos>
<sense n=""0""> <itype>[B2; a12P]</itype><trans> for leaves to become very dry. </trans>
<eg><i lang=""ceb"">Nagkaas-as ang patayng dáhun nga nabulad,</i><trans> The leaves are getting dried out well under the sun.

</trans></eg>
</sense></hom></entry>");
INSERT INTO `wced_head` (entryid, head, normalized_head, type, pos) VALUES (1249, "as-as", "as-as", "m", "av");
INSERT INTO `wced_entry` VALUES (1250, "asawa", "59", "<entry page=""59"" id=""1250""><form id=""asaxwa"" lang=""ceb"">asáwa</form>
<hom role=""n""><pos>n</pos>
<sense n=""0""><trans> <tr>wife</tr>. </trans>
</sense></hom>
<entry><form id=""asaxwa_sa_banig"" lang=""ceb""><abbr expan=""asáwa"" type=""lemma"">—</abbr> sa banig</form>
<hom>
<sense n=""0""><trans> good-for-nothing wife (lit. good only in bed). </trans>
</sense></hom>
<hom role=""v""><pos>v</pos>
<sense n=""0""> <itype>[A123S; a3]</itype><trans> happen to get for a wife, can marry. </trans>
<eg><i lang=""ceb"">Nakaasawa siyag iridíra,</i><trans> He got an heiress for a wife. </trans></eg>
<eg><i lang=""ceb"">Maasáwa ku siya,</i><trans> I can marry her. </trans></eg>
</sense></hom></entry>
<entry><form id=""pangasaxwa"" lang=""ceb""><abbr expan=""pangasáwa"" type=""lemma"">paN-</abbr></form>
<hom role=""v""><pos>v</pos>
<sense n=""0""> <itype>[A1; a12]</itype><trans> for men to get married. </trans>
<eg><i lang=""ceb"">Dì ku siya pangasaw-un,</i><trans> I refuse to marry her. </trans></eg>
</sense></hom></entry>
<entry><form id=""paasaxwa_papangasaxwa"" lang=""ceb""><abbr expan=""paasáwa"" type=""lemma"">pa-</abbr>, <abbr expan=""papangasáwa"" type=""lemma"">papaN-</abbr></form>
<hom role=""v""><pos>v</pos>
<sense n=""0""> <itype>[c4]</itype><trans> be married off to. </trans>
<eg><i lang=""ceb"">Ipaasáwa (ipapangasáwa) ba gud siya nákù ánang hubug?</i><trans> Would I allow her to marry that drunk? </trans></eg>
</sense></hom></entry>
<entry><form id=""mangalasawa"" lang=""ceb""><abbr expan=""mangalasawa"" type=""lemma"">maN-l-</abbr></form>
<hom role=""n""><pos>n</pos>
<sense n=""0""><trans> <tr>bridegroom-to-be</tr>. </trans>
</sense></hom></entry>
<entry><form id=""igpangaasawa"" lang=""ceb""><abbr expan=""igpangaasawa"" type=""lemma"">igpaN-r-(→)</abbr></form>
<hom role=""n""><pos>n</pos>
<sense n=""1""><number>1</number><trans> s.t. used for marriage. </trans>
<eg><i lang=""ceb"">Ang kang Lúlit ang gugma igpapangasawa,</i><trans> As far as Lolet was concerned love (i.e. sex) was s.t. reserved for marriage. </trans></eg>
<eg><i lang=""ceb"">Igpapangasawa ning bábuy,</i><trans> This pig is to be slaughtered at his wedding. </trans></eg>
</sense>
<sense n=""2""><number>2</number><trans> desirous of getting married. </trans>
<eg><i lang=""ceb"">Igpapangasawa na kaáyu ang ákung ginháwa,</i><trans> I am very ready to get married. </trans></eg>
</sense></hom></entry>
<entry><form id=""pangasaw-unun_pangalasaw-un"" lang=""ceb"">pangasaw-unun, pangalasaw-un</form>
<hom>
<sense n=""0""><trans> <tr>wife-to-be</tr>.†
</trans>
</sense></hom></entry></entry>");
INSERT INTO `wced_head` (entryid, head, normalized_head, type, pos) VALUES (1250, "asáwa", "asawa", "m", "n");
INSERT INTO `wced_head` (entryid, head, normalized_head, type, pos) VALUES (1250, "asáwa sa banig", "asawa sa banig", "s", "v");
INSERT INTO `wced_head` (entryid, head, normalized_head, type, pos) VALUES (1250, "pangasáwa", "pangasawa", "s", "v");
INSERT INTO `wced_head` (entryid, head, normalized_head, type, pos) VALUES (1250, "paasáwa", "paasawa", "s", "v");
INSERT INTO `wced_head` (entryid, head, normalized_head, type, pos) VALUES (1250, "papangasáwa", "papangasawa", "s", "v");
INSERT INTO `wced_head` (entryid, head, normalized_head, type, pos) VALUES (1250, "mangalasawa", "mangalasawa", "s", "n");
INSERT INTO `wced_head` (entryid, head, normalized_head, type, pos) VALUES (1250, "igpangaasawa", "igpangaasawa", "s", "n");
INSERT INTO `wced_head` (entryid, head, normalized_head, type, pos) VALUES (1250, "pangasaw-unun", "pangasaw-unun", "s", "");
INSERT INTO `wced_head` (entryid, head, normalized_head, type, pos) VALUES (1250, "pangalasaw-un", "pangalasaw-un", "s", "");
INSERT INTO `wced_translation` (entryid, translation) VALUES (1250, "wife");
INSERT INTO `wced_translation` (entryid, translation) VALUES (1250, "bridegroom-to-be");
INSERT INTO `wced_translation` (entryid, translation) VALUES (1250, "wife-to-be");
INSERT INTO `wced_entry` VALUES (1251, "asayti", "59", "<entry page=""59"" id=""1251""><form id=""asayti"" lang=""ceb"">asayti</form>
<hom role=""n""><pos>n</pos>
<sense n=""0""><trans> <tr>lubricating oil</tr>. </trans>
</sense></hom>
<hom role=""v""><pos>v</pos>
<sense n=""0""> <itype>[A1; b]</itype><trans> apply lubricating oil. </trans>
<eg><i lang=""ceb"">Asaytíhig diyútay arun dílì muígut,</i><trans> Apply a little lubricating oil so that it won’t squeak. </trans></eg>
</sense></hom>
<entry><form id=""asayti_dibakalaw"" lang=""ceb""><abbr expan=""asayti"" type=""lemma"">—</abbr> dibakalaw</form>
<hom>
<sense n=""0""><trans> cod liver oil. </trans>
</sense></hom></entry>
<entry><form id=""asayti_dikastur"" lang=""ceb""><abbr expan=""asayti"" type=""lemma"">—</abbr> dikastur</form>
<hom>
<sense n=""0""><trans> castor oil. </trans>
</sense></hom></entry>
<entry><form id=""asayti_diulixbu"" lang=""ceb""><abbr expan=""asayti"" type=""lemma"">—</abbr> diulíbu</form>
<hom>
<sense n=""0""><trans> olive oil.
</trans>
</sense></hom></entry></entry>");
INSERT INTO `wced_head` (entryid, head, normalized_head, type, pos) VALUES (1251, "asayti", "asayti", "m", "nv");
INSERT INTO `wced_head` (entryid, head, normalized_head, type, pos) VALUES (1251, "asayti dibakalaw", "asayti dibakalaw", "s", "");
INSERT INTO `wced_head` (entryid, head, normalized_head, type, pos) VALUES (1251, "asayti dikastur", "asayti dikastur", "s", "");
INSERT INTO `wced_head` (entryid, head, normalized_head, type, pos) VALUES (1251, "asayti diulíbu", "asayti diulibu", "s", "");
INSERT INTO `wced_translation` (entryid, translation) VALUES (1251, "lubricating oil");
INSERT INTO `wced_entry` VALUES (1252, "asbistus", "59", "<entry page=""59"" id=""1252""><form id=""asbistus"" lang=""ceb"">asbistus</form>
<hom role=""n""><pos>n</pos>
<sense n=""0""><trans> <tr>asbestos</tr>. </trans>
</sense></hom>
<hom role=""v""><pos>v</pos>
<sense n=""0""> <itype>[b(1)]</itype><trans> put asbestos sheets on s.t.
</trans>
</sense></hom></entry>");
INSERT INTO `wced_head` (entryid, head, normalized_head, type, pos) VALUES (1252, "asbistus", "asbistus", "m", "nv");
INSERT INTO `wced_translation` (entryid, translation) VALUES (1252, "asbestos");
INSERT INTO `wced_entry` VALUES (1253, "asdang", "59", "<entry page=""59"" id=""1253""><form id=""asdang"" lang=""ceb"">asdang</form>
<hom role=""v""><pos>v</pos>
<sense n=""0""> <itype>[A; a]</itype><trans> move forward to attack, face in battle. </trans>
<eg><i lang=""ceb"">Asdángun ta ang mga Hapun,</i><trans> We will attack the Japanese. </trans></eg>
</sense></hom>
<hom role=""n""><pos>n</pos>
<sense n=""0""><trans> advance, <tr>attack</tr>.
</trans>
</sense></hom></entry>");
INSERT INTO `wced_head` (entryid, head, normalized_head, type, pos) VALUES (1253, "asdang", "asdang", "m", "vn");
INSERT INTO `wced_translation` (entryid, translation) VALUES (1253, "attack");
INSERT INTO `wced_entry` VALUES (1254, "asgad", "59", "<entry page=""59"" id=""1254""><form id=""asgad"" lang=""ceb"">asgad</form>
<hom role=""a""><pos>a</pos>
<sense n=""0""><trans> very <tr>salty</tr>. </trans>
</sense></hom>
<hom role=""v""><pos>v</pos>
<sense n=""0""> <itype>[B; a]</itype><trans> become salty. </trans>
<eg><i lang=""ceb"">Ug asin sa lawlaw iasgad, mudúgang sa lamì ug muasgad gihápun ang sabaw,</i><trans> If you salt the soup with fish salt, the soup will become more delicious and get salty at the same time. </trans></eg>
</sense></hom>
<entry><form id=""inasgad"" lang=""ceb""><abbr expan=""inasgad"" type=""lemma"">-in-</abbr></form>
<hom role=""n""><pos>n</pos>
<sense n=""0""><trans> salt pork.
</trans>
</sense></hom></entry></entry>");
INSERT INTO `wced_head` (entryid, head, normalized_head, type, pos) VALUES (1254, "asgad", "asgad", "m", "av");
INSERT INTO `wced_head` (entryid, head, normalized_head, type, pos) VALUES (1254, "inasgad", "inasgad", "s", "n");
INSERT INTO `wced_translation` (entryid, translation) VALUES (1254, "salty");
INSERT INTO `wced_entry` VALUES (1255, "asi", "59", "<entry page=""59"" id=""1255""><form id=""axsi"" lang=""ceb"">ási</form>
<hom>
<sense n=""1""><number>1</number><trans> expression needling a person for pretending. </trans>
<eg><i lang=""ceb"">Ási, patulugtúlug. Bákun na dihà,</i><trans> <pb n=""60""/>Ha, pretending to sleep, are you? Get up! </trans></eg>
<eg><i lang=""ceb"">Ási, padilìdílì, apan gustu uruy,</i><trans> Ha, you pretend you don’t want any, but you do. </trans></eg>
</sense>
<sense n=""2""><number>2</number><trans> chiding a person jokingly for s.t. one notices for the first time. </trans>
<eg><i lang=""ceb"">Ási, bag-u ta run ug sapátus,</i><trans> My! I see we have new shoes today. </trans></eg>
<eg><i lang=""ceb"">Ási, kúyug man lagi ka,</i><trans> Ah, I see you are going out with him! </trans></eg>
</sense>
<sense n=""3""><number>3</number><trans> chiding a person for acting beyond his station. </trans>
<eg><i lang=""ceb"">Ási, pasugùsúgù pa man siya nákù!</i><trans> Hey! Where do you get off ordering me around! </trans></eg>
</sense></hom>
<entry><form id=""asiasi"" lang=""ceb"">asiasi</form>
<hom role=""v""><pos>v</pos>
<sense n=""0""> <itype>[A; b5]</itype><trans> </trans>
</sense>
<sense n=""1""><number>1</number><trans> rush in to do s.t. without thought. </trans>
<eg><i lang=""ceb"">Dì ni maáyung asiasihung (asiasihang) trabahúa,</i><trans> This isn’t the sort of thing you should rush in to do without thinking. </trans></eg>
</sense>
<sense n=""2""><number>2</number><trans> presume to do s.t., taking a person for granted. </trans>
<eg><i lang=""ceb"">Nag-asiasi ka lang ug kúhà sa ákung mangga sa way pupananghid nákù,</i><trans> You presumed to take a mango without bothering to ask my permission. </trans></eg>
<eg><i lang=""ceb"">Dì nà nímu maasiasing tawhána,</i><trans> He isn’t the sort of man you can take for granted (rush into doing anything you want him to do on the spur of the moment). </trans></eg>
</sense>
<sense n=""3""><number>3</number> <itype>[AP; b5]</itype><trans> presume to do s.t. one cannot do. </trans>
<eg><i lang=""ceb"">Nag-asiasi (nagpaasiasi) ka mang mag-istrungkar íning makinilya. Na karun, iúlì,</i><trans> You presumed to take the typewriter apart. Now let’s see you put it back together. </trans></eg>
</sense></hom></entry>
<entry><form id=""manggiasiasihun_maasiasihun_asiasihun"" lang=""ceb"">manggiasiasihun, maasiasihun, asiasihun</form>
<hom role=""a""><pos>a</pos>
<sense n=""0""><trans> <tr>presumptuous</tr>, <tr>taking for granted</tr>.
</trans>
</sense></hom></entry></entry>");
INSERT INTO `wced_head` (entryid, head, normalized_head, type, pos) VALUES (1255, "ási", "asi", "m", "");
INSERT INTO `wced_head` (entryid, head, normalized_head, type, pos) VALUES (1255, "asiasi", "asiasi", "s", "v");
INSERT INTO `wced_head` (entryid, head, normalized_head, type, pos) VALUES (1255, "manggiasiasihun", "manggiasiasihun", "s", "a");
INSERT INTO `wced_head` (entryid, head, normalized_head, type, pos) VALUES (1255, "maasiasihun", "maasiasihun", "s", "a");
INSERT INTO `wced_head` (entryid, head, normalized_head, type, pos) VALUES (1255, "asiasihun", "asiasihun", "s", "a");
INSERT INTO `wced_translation` (entryid, translation) VALUES (1255, "presumptuous");
INSERT INTO `wced_translation` (entryid, translation) VALUES (1255, "taking for granted");
INSERT INTO `wced_entry` VALUES (1256, "asidu", "60", "<entry page=""60"" id=""1256""><form id=""asidu"" lang=""ceb"">asidu</form>
<hom role=""n""><pos>n</pos>
<sense n=""0""><trans> <tr>acid</tr>. </trans>
<eg><i lang=""ceb"">Kining tambála makalínis sa asidu,</i><trans> This medicine can dissolve the acid. </trans></eg>
</sense></hom>
<hom role=""v""><pos>v</pos>
<sense n=""0""> <itype>[b(1)]</itype><trans> apply acid to s.t. </trans>
<eg><i lang=""ceb"">Asiduhi ang labábu,</i><trans> Apply acid to the wash bowl.
</trans></eg>
</sense></hom></entry>");
INSERT INTO `wced_head` (entryid, head, normalized_head, type, pos) VALUES (1256, "asidu", "asidu", "m", "nv");
INSERT INTO `wced_translation` (entryid, translation) VALUES (1256, "acid");
INSERT INTO `wced_entry` VALUES (1257, "asikasu", "60", "<entry page=""60"" id=""1257""><form id=""asikaxsu"" lang=""ceb"">asikásu</form>
<hom role=""v""><pos>v</pos>
<sense n=""0""> <itype>[A; a12]</itype><trans> </trans>
</sense>
<sense n=""1""><number>1</number><trans> <tr>pay attention to</tr>. </trans>
<eg><i lang=""ceb"">Wà na lang asikasúhi níya ang mga biaybíay,</i><trans> He just paid no attention to the words of derision. </trans></eg>
</sense>
<sense n=""2""><number>2</number><trans> <tr>attend to</tr>. </trans>
<eg><i lang=""ceb"">Wà siya mag-asikásu sa íyang pamisti,</i><trans> She didn’t pay attention to her appearance. </trans></eg>
<eg><i lang=""ceb"">Dì ku makaasikásu sa ákung papílis,</i><trans> I cannot attend to my papers. </trans></eg>
<eg><i lang=""ceb"">Asikasúha ang mga bisíta,</i><trans> Tend to the visitors. </trans></eg>
</sense>
<sense n=""3""><number>3</number><trans> make an issue out of s.t. </trans>
<eg><i lang=""ceb"">Ug mag-asikásu ka ánang diyútayng tabì,</i><trans> If you make an issue out of that small gossip.
</trans></eg>
</sense></hom></entry>");
INSERT INTO `wced_head` (entryid, head, normalized_head, type, pos) VALUES (1257, "asikásu", "asikasu", "m", "v");
INSERT INTO `wced_translation` (entryid, translation) VALUES (1257, "pay attention to");
INSERT INTO `wced_translation` (entryid, translation) VALUES (1257, "attend to");
INSERT INTO `wced_entry` VALUES (1258, "asilada", "60", "<entry page=""60"" id=""1258""><form id=""asilaxda"" lang=""ceb"">asiláda</form>
<hom role=""n""><pos>n</pos>
<sense n=""0""><trans> a girl student who works for her board and lodging in a dormitory run by nuns. </trans>
</sense></hom>
<hom role=""v""><pos>v</pos>
<sense n=""0""> <itype>[B16; a12]</itype><trans> be an <ix>asiláda</ix>. </trans>
<eg><i lang=""ceb"">Nakaiskuyla ku kay nag-asiláda man ku,</i><trans> I was able to study because I had a job in a dormitory.
</trans></eg>
</sense></hom></entry>");
INSERT INTO `wced_head` (entryid, head, normalized_head, type, pos) VALUES (1258, "asiláda", "asilada", "m", "nv");
INSERT INTO `wced_entry` VALUES (1259, "asilu", "60", "<entry page=""60"" id=""1259""><form id=""asixlu"" lang=""ceb"">asílu</form>
<hom role=""n""><pos>n</pos>
<sense n=""0""><trans> <tr>asylum</tr> for orphans, destitute people.
</trans>
</sense></hom></entry>");
INSERT INTO `wced_head` (entryid, head, normalized_head, type, pos) VALUES (1259, "asílu", "asilu", "m", "n");
INSERT INTO `wced_translation` (entryid, translation) VALUES (1259, "asylum");
INSERT INTO `wced_entry` VALUES (1260, "asiman", "60", "<entry page=""60"" id=""1260""><form id=""asixman"" lang=""ceb"">asíman</form>
<hom>
<sense n=""0""><trans> = <xr lang=""ceb"" target=""#ulasixman""><sc>ulasíman</sc></xr>.

</trans>
</sense></hom></entry>");
INSERT INTO `wced_head` (entryid, head, normalized_head, type, pos) VALUES (1260, "asíman", "asiman", "m", "");
INSERT INTO `wced_entry` VALUES (1261, "asin", "60", "<entry page=""60"" id=""1261""><form id=""asin"" lang=""ceb"">asin</form>
<hom role=""n""><pos>n</pos>
<sense n=""0""><trans> <tr>salt</tr>. </trans>
</sense></hom>
<entry><form id=""walay_asin"" lang=""ceb"">walay <abbr expan=""asin"" type=""lemma"">—</abbr></form>
<hom>
<sense n=""0""><trans> without substance, <tr>unbelievable</tr>. </trans>
<eg><i lang=""ceb"">Walay asin ang íyang mga púlung,</i><trans> His words cannot be believed. </trans></eg>
</sense></hom>
<hom role=""v""><pos>v</pos>
<sense n=""1""><number>1</number> <itype>[A]</itype><trans> form salt. </trans>
<eg><i lang=""ceb"">Muasin ang túbig sa dágat ug itúsun,</i><trans> Sea water forms salt if you boil it. </trans></eg>
</sense>
<sense n=""2""><number>2</number> <itype>[A; b(1)]</itype><trans> make salt. </trans>
<eg><i lang=""ceb"">Nag-asin siya,</i><trans> He’s making salt. </trans></eg>
</sense>
<sense n=""3""><number>3</number> <itype>[A; a12]</itype><trans> <tr>preserve</tr> food with salt. </trans>
<eg><i lang=""ceb"">Asinun ta ning karni,</i><trans> Let’s preserve this meat with salt. </trans></eg>
</sense>
<sense n=""4""><number>4</number> <itype>[A; b(1)]</itype><trans> <tr>season</tr> with salt. </trans>
<eg><i lang=""ceb"">Asini ang sabaw,</i><trans> Put salt in the soup. </trans></eg>
</sense></hom></entry>
<entry><form id=""inasin"" lang=""ceb""><abbr expan=""inasin"" type=""lemma"">-in-</abbr></form>
<hom role=""n""><pos>n</pos>
<sense n=""0""><trans> food preserved in salt. </trans>
</sense></hom></entry>
<entry><form id=""alasixnan"" lang=""ceb""><abbr expan=""alasínan"" type=""lemma"">-l-an(←)</abbr></form>
<hom role=""n""><pos>n</pos>
<sense n=""0""><trans> salt factory. </trans>
</sense></hom></entry>
<entry><form id=""pang-asixnan"" lang=""ceb""><abbr expan=""pang-asínan"" type=""lemma"">pang-an(←)</abbr></form>
<hom role=""n""><pos>n</pos>
<sense n=""0""><trans> salt beds.
</trans>
</sense></hom></entry></entry>");
INSERT INTO `wced_head` (entryid, head, normalized_head, type, pos) VALUES (1261, "asin", "asin", "m", "n");
INSERT INTO `wced_head` (entryid, head, normalized_head, type, pos) VALUES (1261, "walay asin", "walay asin", "s", "v");
INSERT INTO `wced_head` (entryid, head, normalized_head, type, pos) VALUES (1261, "inasin", "inasin", "s", "n");
INSERT INTO `wced_head` (entryid, head, normalized_head, type, pos) VALUES (1261, "alasínan", "alasinan", "s", "n");
INSERT INTO `wced_head` (entryid, head, normalized_head, type, pos) VALUES (1261, "pang-asínan", "pang-asinan", "s", "n");
INSERT INTO `wced_translation` (entryid, translation) VALUES (1261, "salt");
INSERT INTO `wced_translation` (entryid, translation) VALUES (1261, "unbelievable");
INSERT INTO `wced_translation` (entryid, translation) VALUES (1261, "preserve");
INSERT INTO `wced_translation` (entryid, translation) VALUES (1261, "season");
INSERT INTO `wced_entry` VALUES (1262, "asin-asin", "60", "<entry page=""60"" id=""1262""><form id=""asin-axsin"" lang=""ceb"">asin-ásin</form>
<hom role=""n""><pos>n</pos>
<sense n=""0""><trans> rice or corn cooked to a mushy consistency. </trans>
</sense></hom>
<hom role=""v""><pos>v</pos>
<sense n=""0""> <itype>[A; a]</itype><trans> boil rice or corn grits soft, but not watery. </trans>
<eg><i lang=""ceb"">Asin-asína ang sampuraduhun,</i><trans> Cook the rice and chocolate into a pudding.
</trans></eg>
</sense></hom></entry>");
INSERT INTO `wced_head` (entryid, head, normalized_head, type, pos) VALUES (1262, "asin-ásin", "asin-asin", "m", "nv");
INSERT INTO `wced_entry` VALUES (1263, "asinda", "60", "<entry page=""60"" id=""1263""><form id=""asinda"" lang=""ceb"">asinda</form>
<hom role=""n""><pos>n</pos>
<sense n=""0""><trans> <tr>plantation</tr>. </trans>
</sense></hom>
<entry><form id=""asindixru"" lang=""ceb"">asindíru</form>
<hom role=""n""><pos>n</pos>
<sense n=""0""><trans> plantation owner. </trans>
</sense></hom>
<hom role=""v""><pos>v</pos>
<sense n=""0""> <itype>[B56]</itype><trans> become a plantation owner.†
</trans>
</sense></hom></entry></entry>");
INSERT INTO `wced_head` (entryid, head, normalized_head, type, pos) VALUES (1263, "asinda", "asinda", "m", "n");
INSERT INTO `wced_head` (entryid, head, normalized_head, type, pos) VALUES (1263, "asindíru", "asindiru", "s", "nv");
INSERT INTO `wced_translation` (entryid, translation) VALUES (1263, "plantation");
INSERT INTO `wced_entry` VALUES (1264, "asinsiyun", "60", "<entry page=""60"" id=""1264""><form id=""asinsiyun"" lang=""ceb"">asinsiyun</form>
<hom role=""n""><pos>n</pos>
<sense n=""0""><trans> <tr>Ascension Day</tr>.
</trans>
</sense></hom></entry>");
INSERT INTO `wced_head` (entryid, head, normalized_head, type, pos) VALUES (1264, "asinsiyun", "asinsiyun", "m", "n");
INSERT INTO `wced_translation` (entryid, translation) VALUES (1264, "Ascension Day");
INSERT INTO `wced_entry` VALUES (1265, "asinsu", "60", "<entry page=""60"" id=""1265""><form id=""asinsu"" lang=""ceb"">asinsu</form>
<hom role=""v""><pos>v</pos>
<sense n=""0""> <itype>[A; a12]</itype><trans> improve economically. </trans>
<eg><i lang=""ceb"">Dílì ka makaasinsu ánang panginabuhía,</i><trans> You can not better yourself financially in that line of work. </trans></eg>
</sense></hom>
<hom role=""n""><pos>n</pos>
<sense n=""0""><trans> improvement in economic situation. </trans>
<eg><i lang=""ceb"">Walay asinsu kining lungsúra,</i><trans> This town hasn’t shown any improvement.
</trans></eg>
</sense></hom></entry>");
INSERT INTO `wced_head` (entryid, head, normalized_head, type, pos) VALUES (1265, "asinsu", "asinsu", "m", "vn");
INSERT INTO `wced_entry` VALUES (1266, "*as-ip", "60", "<entry page=""60"" id=""1266""><form id=""xxas-ip"" lang=""ceb"">*as-ip</form>
<entry><form id=""paas-ip"" lang=""ceb""><abbr expan=""paas-ip"" type=""lemma"">pa-</abbr></form>
<hom role=""v""><pos>v</pos>
<sense n=""0""> <itype>[A1; b(1)]</itype><trans> pretend to be what one is not. </trans>
<eg><i lang=""ceb"">Magpaas-ip bayà siyang dátù unyà pubri diay,</i><trans> She is pretending to be well-off although she is poor.
</trans></eg>
</sense></hom></entry></entry>");
INSERT INTO `wced_head` (entryid, head, normalized_head, type, pos) VALUES (1266, "as-ip", "as-ip", "s", "");
INSERT INTO `wced_head` (entryid, head, normalized_head, type, pos) VALUES (1266, "paas-ip", "paas-ip", "s", "v");
INSERT INTO `wced_entry` VALUES (1267, "asir", "60", "<entry page=""60"" id=""1267""><form id=""asir"" lang=""ceb"">asir</form>
<hom role=""v""><pos>v</pos>
<sense n=""1""><number>1</number> <itype>[A2]</itype><trans> come out successfully. </trans>
<eg><i lang=""ceb"">Sulayi lang ning tambála básig muasir,</i><trans> Just try this medicine. It might be effective. </trans></eg>
</sense>
<sense n=""2""><number>2</number> <itype>[AN; c1]</itype><trans> <tr>assert</tr>. </trans>
<eg><i lang=""ceb"">Kinahanglan giyud nga mangasir ka sa ímung katungud sa pagkaasáwa,</i><trans> You’ve got to assert your rights as a wife. </trans></eg>
</sense></hom>
<entry><form id=""paasir"" lang=""ceb""><abbr expan=""paasir"" type=""lemma"">pa-</abbr></form>
<hom>
<sense n=""0""> <itype>[A; c]</itype><trans> <tr>prove</tr> s.t. by making it come out. </trans>
<eg><i lang=""ceb"">Ipaasir sab ang ímung pagkaduktur, dílì kay dukturduktur lang,</i><trans> Prove to them that you are a genuine doctor, not just a quack.
</trans></eg>
</sense></hom></entry></entry>");
INSERT INTO `wced_head` (entryid, head, normalized_head, type, pos) VALUES (1267, "asir", "asir", "m", "v");
INSERT INTO `wced_head` (entryid, head, normalized_head, type, pos) VALUES (1267, "paasir", "paasir", "s", "");
INSERT INTO `wced_translation` (entryid, translation) VALUES (1267, "assert");
INSERT INTO `wced_translation` (entryid, translation) VALUES (1267, "prove");
INSERT INTO `wced_entry` VALUES (1268, "asiras", "60", "<entry page=""60"" id=""1268""><form id=""asixras"" lang=""ceb"">asíras</form>
<hom role=""n""><pos>n</pos>
<sense n=""0""><trans> <tr>sidewalk</tr>. </trans>
</sense></hom>
<hom role=""v""><pos>v</pos>
<sense n=""0""> <itype>[A1; b(1)]</itype><trans> put a sidewalk. </trans>
<eg><i lang=""ceb"">Maáyung asirásan ang kílid sa kalyi,</i><trans> It’d be good to put a sidewalk at the side of the street.
</trans></eg>
</sense></hom></entry>");
INSERT INTO `wced_head` (entryid, head, normalized_head, type, pos) VALUES (1268, "asíras", "asiras", "m", "nv");
INSERT INTO `wced_translation` (entryid, translation) VALUES (1268, "sidewalk");
INSERT INTO `wced_entry` VALUES (1269, "asirawu", "60", "<entry page=""60"" id=""1269""><form id=""asiraxwu"" lang=""ceb"">asiráwu</form>
<hom role=""a""><pos>a</pos>
<sense n=""0""><trans> for a steel to be <tr>mild-tempered</tr>, soft. </trans>
<eg><i lang=""ceb"">Asiráwu nang kutsilyúha kay dalì rang mahábul,</i><trans> That knife is mild-tempered because it easily gets dull. </trans></eg>
</sense></hom>
<hom role=""v""><pos>v</pos>
<sense n=""0""> <itype>[B12; a12]</itype><trans> for steel to come out mild-tempered.†
</trans>
</sense></hom></entry>");
INSERT INTO `wced_head` (entryid, head, normalized_head, type, pos) VALUES (1269, "asiráwu", "asirawu", "m", "av");
INSERT INTO `wced_translation` (entryid, translation) VALUES (1269, "mild-tempered");
INSERT INTO `wced_entry` VALUES (1270, "asiru", "60", "<entry page=""60"" id=""1270""><form id=""asixru"" lang=""ceb"">asíru</form>
<hom role=""n""><pos>n</pos>
<sense n=""1""><number>1</number><trans> <tr>steel</tr>. </trans>
</sense>
<sense n=""2""><number>2</number><trans> steel wire leader of fishlines. </trans>
</sense></hom>
<hom role=""v""><pos>v</pos>
<sense n=""0""> <itype>[A13; b(1)]</itype><trans> attach a steel wire leader.
</trans>
</sense></hom></entry>");
INSERT INTO `wced_head` (entryid, head, normalized_head, type, pos) VALUES (1270, "asíru", "asiru", "m", "nv");
INSERT INTO `wced_translation` (entryid, translation) VALUES (1270, "steel");
INSERT INTO `wced_entry` VALUES (1271, "asistinsiya", "60", "<entry page=""60"" id=""1271""><form id=""asistinsiya"" lang=""ceb"">asistinsiya</form>
<hom role=""n""><pos>n</pos>
<sense n=""0""><trans> financial <tr>assistance</tr> given in social or civic programs.
</trans>
</sense></hom></entry>");
INSERT INTO `wced_head` (entryid, head, normalized_head, type, pos) VALUES (1271, "asistinsiya", "asistinsiya", "m", "n");
INSERT INTO `wced_translation` (entryid, translation) VALUES (1271, "assistance");
INSERT INTO `wced_entry` VALUES (1272, "asistir", "60", "<entry page=""60"" id=""1272""><form id=""asisti4r"" lang=""ceb"">asistǐr</form>
<hom role=""v""><pos>v</pos>
<sense n=""0""> <itype>[A; c]</itype><trans> </trans>
</sense>
<sense n=""1""><number>1</number><trans> give <tr>aid</tr> in doing work. </trans>
<eg><i lang=""ceb"">Muasistir sila sa pagtúkud sa balay,</i><trans> They will help build the house. </trans></eg>
</sense>
<sense n=""2""><number>2</number><trans> <tr>assist</tr> at a mass.†
</trans>
</sense></hom></entry>");
INSERT INTO `wced_head` (entryid, head, normalized_head, type, pos) VALUES (1272, "asistǐr", "asistir", "m", "v");
INSERT INTO `wced_translation` (entryid, translation) VALUES (1272, "aid");
INSERT INTO `wced_translation` (entryid, translation) VALUES (1272, "assist");
INSERT INTO `wced_entry` VALUES (1273, "asiti", "60", "<entry page=""60"" id=""1273""><form id=""asixti"" lang=""ceb"">asíti</form>
<hom>
<sense n=""0""><trans> = <xr lang=""ceb"" target=""#asayti""><sc>asayti</sc></xr>.
</trans>
</sense></hom></entry>");
INSERT INTO `wced_head` (entryid, head, normalized_head, type, pos) VALUES (1273, "asíti", "asiti", "m", "");
INSERT INTO `wced_entry` VALUES (1274, "asitira", "60", "<entry page=""60"" id=""1274""><form id=""asitixra"" lang=""ceb"">asitíra</form>
<hom role=""n""><pos>n</pos>
<sense n=""0""><trans> <tr>oil can</tr>. </trans>
</sense></hom>
<hom role=""v""><pos>v</pos>
<sense n=""0""> <itype>[a12]</itype><trans> make into an oil can.
</trans>
</sense></hom></entry>");
INSERT INTO `wced_head` (entryid, head, normalized_head, type, pos) VALUES (1274, "asitíra", "asitira", "m", "nv");
INSERT INTO `wced_translation` (entryid, translation) VALUES (1274, "oil can");
INSERT INTO `wced_entry` VALUES (1275, "asitun", "60", "<entry page=""60"" id=""1275""><form id=""asitun"" lang=""ceb"">asitun</form>
<hom role=""n""><pos>n</pos>
<sense n=""0""><trans> <tr>acetone</tr>. </trans>
</sense></hom>
<hom role=""v""><pos>v</pos>
<sense n=""0""> <itype>[b(1)]</itype><trans> put or apply acetone. </trans>
<eg><i lang=""ceb"">Asitunan lag diyútay ug mahuswà ang kútiks,</i><trans> Just apply a little acetone on it, and the nail polish will come off.
<pb n=""61""/>
</trans></eg>
</sense></hom></entry>");
INSERT INTO `wced_head` (entryid, head, normalized_head, type, pos) VALUES (1275, "asitun", "asitun", "m", "nv");
INSERT INTO `wced_translation` (entryid, translation) VALUES (1275, "acetone");
INSERT INTO `wced_entry` VALUES (1276, "aslay", "61", "<entry page=""61"" id=""1276""><form id=""aslay"" lang=""ceb"">aslay</form>
<hom role=""v""><pos>v</pos>
<sense n=""0""> <itype>[A3P; b6]</itype><trans> <tr>splash</tr> up, for grains to <tr>bounce</tr> up. </trans>
<eg><i lang=""ceb"">Ayawg ibundak ang baldi kay muaslay ang túbig,</i><trans> Don’t bang the pail down because the water will splash out. </trans></eg>
<eg><i lang=""ceb"">Ang humay nag-aslay tungud sa ímung linubkan,</i><trans> The way you are pounding it is making the rice fly up.
</trans></eg>
</sense></hom></entry>");
INSERT INTO `wced_head` (entryid, head, normalized_head, type, pos) VALUES (1276, "aslay", "aslay", "m", "v");
INSERT INTO `wced_translation` (entryid, translation) VALUES (1276, "splash");
INSERT INTO `wced_translation` (entryid, translation) VALUES (1276, "bounce");
INSERT INTO `wced_entry` VALUES (1277, "aslum", "61", "<entry page=""61"" id=""1277""><form id=""aslum"" lang=""ceb"">aslum</form>
<hom role=""a""><pos>a</pos>
<sense n=""1""><number>1</number><trans> <tr>sour</tr>. </trans>
</sense>
<sense n=""2""><number>2</number><trans> <tr>cross</tr>, sour in facial expression. </trans>
</sense></hom>
<hom role=""v""><pos>v</pos>
<sense n=""1""><number>1</number> <itype>[B; a12]</itype><trans> be, become sour. </trans>
<eg><i lang=""ceb"">Way kaláki ang tubà nga nag-aslum lang,</i><trans> The palm toddy is no good because it is sour. </trans></eg>
<eg><i lang=""ceb"">Aslúmun nátù ang kahiláda,</i><trans> Let’s make the lemonade good and sour. </trans></eg>
</sense>
<sense n=""2""><number>2</number> <itype>[BN; a12]</itype><trans> be <tr>sour-faced</tr>. </trans>
<eg><i lang=""ceb"">Mangaslum dáyun íyang nawung ug badlúngun siya,</i><trans> Her face gets a sour expression if she is told to stop doing s.t.
</trans></eg>
</sense></hom></entry>");
INSERT INTO `wced_head` (entryid, head, normalized_head, type, pos) VALUES (1277, "aslum", "aslum", "m", "av");
INSERT INTO `wced_translation` (entryid, translation) VALUES (1277, "sour");
INSERT INTO `wced_translation` (entryid, translation) VALUES (1277, "cross");
INSERT INTO `wced_translation` (entryid, translation) VALUES (1277, "sour-faced");
INSERT INTO `wced_entry` VALUES (1278, "asnat", "61", "<entry page=""61"" id=""1278""><form id=""asnat"" lang=""ceb"">asnat</form>
<hom role=""v""><pos>v</pos>
<sense n=""0""> <itype>[A; a1]</itype><trans> <tr>lift</tr> s.t. heavy. </trans>
<eg><i lang=""ceb"">Asnáta ang lamísa arun dì magasgas ang salug,</i><trans> Lift the table when you carry it so you don’t scratch the floor.
</trans></eg>
</sense></hom></entry>");
INSERT INTO `wced_head` (entryid, head, normalized_head, type, pos) VALUES (1278, "asnat", "asnat", "m", "v");
INSERT INTO `wced_translation` (entryid, translation) VALUES (1278, "lift");
INSERT INTO `wced_entry` VALUES (1279, "asnu", "61", "<entry page=""61"" id=""1279""><form id=""asnu"" lang=""ceb"">asnu</form>
<hom role=""n""><pos>n</pos>
<sense n=""0""><trans> <tr>ass</tr>.
</trans>
</sense></hom></entry>");
INSERT INTO `wced_head` (entryid, head, normalized_head, type, pos) VALUES (1279, "asnu", "asnu", "m", "n");
INSERT INTO `wced_translation` (entryid, translation) VALUES (1279, "ass");
INSERT INTO `wced_entry` VALUES (1280, "aspaltu", "61", "<entry page=""61"" id=""1280""><form id=""aspaltu"" lang=""ceb"">aspaltu</form>
<hom role=""n""><pos>n</pos>
<sense n=""0""><trans> <tr>asphalt</tr>. </trans>
</sense></hom>
<hom role=""v""><pos>v</pos>
<sense n=""0""> <itype>[A; a12]</itype><trans> apply asphalt. </trans>
<eg><i lang=""ceb"">Aspaltúhun ang baskitbulan,</i><trans> The basketball court will be asphalted. </trans></eg>
</sense></hom>
<entry><form id=""aspaltaxdu"" lang=""ceb"">aspaltádu</form>
<hom role=""a""><pos>a</pos>
<sense n=""0""><trans> paved with asphalt.
</trans>
</sense></hom></entry></entry>");
INSERT INTO `wced_head` (entryid, head, normalized_head, type, pos) VALUES (1280, "aspaltu", "aspaltu", "m", "nv");
INSERT INTO `wced_head` (entryid, head, normalized_head, type, pos) VALUES (1280, "aspaltádu", "aspaltadu", "s", "a");
INSERT INTO `wced_translation` (entryid, translation) VALUES (1280, "asphalt");
INSERT INTO `wced_entry` VALUES (1281, "asparagus", "61", "<entry page=""61"" id=""1281""><form id=""asparagus"" lang=""ceb"">asparagus</form>
<hom role=""n""><pos>n</pos>
<sense n=""0""><trans> <tr>asparagus</tr>. </trans>
</sense></hom>
<entry><form id=""asparagus_irmuxsu"" lang=""ceb""><abbr expan=""asparagus"" type=""lemma"">—</abbr> irmúsu</form>
<hom>
<sense n=""0""><trans> ornamental herb with leaves like asparagus.
</trans>
</sense></hom></entry></entry>");
INSERT INTO `wced_head` (entryid, head, normalized_head, type, pos) VALUES (1281, "asparagus", "asparagus", "m", "n");
INSERT INTO `wced_head` (entryid, head, normalized_head, type, pos) VALUES (1281, "asparagus irmúsu", "asparagus irmusu", "s", "");
INSERT INTO `wced_translation` (entryid, translation) VALUES (1281, "asparagus");
INSERT INTO `wced_entry` VALUES (1282, "aspira ultima", "61", "<entry page=""61"" id=""1282""><form id=""aspixra_ultima"" lang=""ceb"">aspíra ultima</form>
<hom role=""n""><pos>n</pos>
<sense n=""0""><trans> = <xr lang=""ceb"" target=""#mansanilya""><sc>mansanilya</sc></xr>.
</trans>
</sense></hom></entry>");
INSERT INTO `wced_head` (entryid, head, normalized_head, type, pos) VALUES (1282, "aspíra ultima", "aspira ultima", "m", "n");
INSERT INTO `wced_entry` VALUES (1283, "aspiranti", "61", "<entry page=""61"" id=""1283""><form id=""aspiranti"" lang=""ceb"">aspiranti</form>
<hom role=""n""><pos>n</pos>
<sense n=""0""><trans> <tr>aspirant</tr> for a position. </trans>
</sense></hom>
<hom role=""v""><pos>v</pos>
<sense n=""0""> <itype>[B]</itype><trans> become an aspirant. </trans>
<eg><i lang=""ceb"">Dì ku mag-aspiranti sa pagkaprisidinti kay hikuntrahan ta,</i><trans> I don’t want to be a candidate for president because I will make enemies.
</trans></eg>
</sense></hom></entry>");
INSERT INTO `wced_head` (entryid, head, normalized_head, type, pos) VALUES (1283, "aspiranti", "aspiranti", "m", "nv");
INSERT INTO `wced_translation` (entryid, translation) VALUES (1283, "aspirant");
INSERT INTO `wced_entry` VALUES (1284, "aspirasiyun", "61", "<entry page=""61"" id=""1284""><form id=""aspirasiyun"" lang=""ceb"">aspirasiyun</form>
<hom role=""n""><pos>n</pos>
<sense n=""0""><trans> <tr>aspiration</tr>. </trans>
</sense></hom>
<hom role=""v""><pos>v</pos>
<sense n=""0""> <itype>[b(1)]</itype><trans> <tr>aspire</tr>. </trans>
<eg><i lang=""ceb"">Ang pagkaduktur mauy íyang giaspirasyunan,</i><trans> He aspired to be a doctor.
</trans></eg>
</sense></hom></entry>");
INSERT INTO `wced_head` (entryid, head, normalized_head, type, pos) VALUES (1284, "aspirasiyun", "aspirasiyun", "m", "nv");
INSERT INTO `wced_translation` (entryid, translation) VALUES (1284, "aspiration");
INSERT INTO `wced_translation` (entryid, translation) VALUES (1284, "aspire");
INSERT INTO `wced_entry` VALUES (1285, "aspirin, aspirina", "61", "<entry page=""61"" id=""1285""><form id=""aspirin_aspirixna"" lang=""ceb"">aspirin, aspirína</form>
<hom role=""n""><pos>n</pos>
<sense n=""0""><trans> <tr>aspirin</tr>.
</trans>
</sense></hom></entry>");
INSERT INTO `wced_head` (entryid, head, normalized_head, type, pos) VALUES (1285, "aspirin", "aspirin", "s", "n");
INSERT INTO `wced_head` (entryid, head, normalized_head, type, pos) VALUES (1285, "aspirína", "aspirina", "s", "n");
INSERT INTO `wced_translation` (entryid, translation) VALUES (1285, "aspirin");
INSERT INTO `wced_entry` VALUES (1286, "asta", "61", "<entry page=""61"" id=""1286""><form id=""asta"" lang=""ceb"">asta</form>
<hom>
<sense n=""0""><trans> = <xr lang=""ceb"" target=""#hasta""><sc>hasta</sc></xr>.
</trans>
</sense></hom></entry>");
INSERT INTO `wced_head` (entryid, head, normalized_head, type, pos) VALUES (1286, "asta", "asta", "m", "");
INSERT INTO `wced_entry` VALUES (1287, "astri", "61", "<entry page=""61"" id=""1287""><form id=""astri"" lang=""ceb"">astri</form>
<hom role=""n""><pos>n</pos>
<sense n=""0""><trans> <tr>ash tray</tr>. </trans>
</sense></hom>
<hom role=""v""><pos>v</pos>
<sense n=""0""> <itype>[a12]</itype><trans> make into an ash tray.
</trans>
</sense></hom></entry>");
INSERT INTO `wced_head` (entryid, head, normalized_head, type, pos) VALUES (1287, "astri", "astri", "m", "nv");
INSERT INTO `wced_translation` (entryid, translation) VALUES (1287, "ash tray");
INSERT INTO `wced_entry` VALUES (1288, "astrunawta", "61", "<entry page=""61"" id=""1288""><form id=""astrunawta"" lang=""ceb"">astrunawta</form>
<hom role=""n""><pos>n</pos>
<sense n=""0""><trans> <tr>astronaut</tr>.
</trans>
</sense></hom></entry>");
INSERT INTO `wced_head` (entryid, head, normalized_head, type, pos) VALUES (1288, "astrunawta", "astrunawta", "m", "n");
INSERT INTO `wced_translation` (entryid, translation) VALUES (1288, "astronaut");
INSERT INTO `wced_entry` VALUES (1289, "astrunumiya", "61", "<entry page=""61"" id=""1289""><form id=""astrunumixya"" lang=""ceb"">astrunumíya</form>
<hom role=""n""><pos>n</pos>
<sense n=""0""><trans> <tr>astronomy</tr>.
</trans>
</sense></hom></entry>");
INSERT INTO `wced_head` (entryid, head, normalized_head, type, pos) VALUES (1289, "astrunumíya", "astrunumiya", "m", "n");
INSERT INTO `wced_translation` (entryid, translation) VALUES (1289, "astronomy");
INSERT INTO `wced_entry` VALUES (1290, "astrunumu", "61", "<entry page=""61"" id=""1290""><form id=""astrunumu"" lang=""ceb"">astrunumu</form>
<hom role=""n""><pos>n</pos>
<sense n=""0""><trans> <tr>astronomer</tr>. </trans>
</sense></hom>
<hom role=""v""><pos>v</pos>
<sense n=""0""> <itype>[B1256; a12]</itype><trans> be, become an astronomer.
</trans>
</sense></hom></entry>");
INSERT INTO `wced_head` (entryid, head, normalized_head, type, pos) VALUES (1290, "astrunumu", "astrunumu", "m", "nv");
INSERT INTO `wced_translation` (entryid, translation) VALUES (1290, "astronomer");
INSERT INTO `wced_entry` VALUES (1291, "astrunut", "61", "<entry page=""61"" id=""1291""><form id=""astrunut"" lang=""ceb"">astrunut</form>
<hom role=""n""><pos>n</pos>
<sense n=""0""><trans> <tr>astronaut</tr>. </trans>
</sense></hom>
<hom role=""v""><pos>v</pos>
<sense n=""0""> <itype>[B1256; a12]</itype><trans> be, become an astronaut.
</trans>
</sense></hom></entry>");
INSERT INTO `wced_head` (entryid, head, normalized_head, type, pos) VALUES (1291, "astrunut", "astrunut", "m", "nv");
INSERT INTO `wced_translation` (entryid, translation) VALUES (1291, "astronaut");
INSERT INTO `wced_entry` VALUES (1292, "asu", "61", "<entry page=""61"" id=""1292""><form id=""asu"" lang=""ceb"">asu</form>
<hom role=""n""><pos>n</pos>
<sense n=""1""><number>1</number><trans> <tr>smoke</tr>. </trans>
<eg><i lang=""ceb"">Way asu nga makumkum,</i><trans> You can’t hide smoke in your fist. (No secret can be kept for long.) </trans></eg>
</sense>
<sense n=""2""><number>2</number><trans> <tr>fumes</tr>. </trans>
</sense></hom>
<hom role=""v""><pos>v</pos>
<sense n=""1""><number>1</number> <itype>[A]</itype><trans> give off smoke, fumes. </trans>
<eg><i lang=""ceb"">Ngánung nag-asu man ang dapug?</i><trans> Why is the hearth giving off smoke? </trans></eg>
</sense>
<sense n=""2""><number>2</number> <itype>[b4]</itype><trans> be in path of smoke. </trans>
<eg><i lang=""ceb"">Ayawg dáub dihà kay maasuhan mi diri,</i><trans> Don’t build a fire there because we’re right in the path of the smoke. </trans></eg>
</sense>
<sense n=""3""><number>3</number> <itype>[B1246]</itype><trans> go up in smoke, be for naught. </trans>
<eg><i lang=""ceb"">Ang kwartang gigugul nímu naasu lang,</i><trans> The money you invested was for naught. </trans></eg>
</sense></hom>
<entry><form id=""paasu"" lang=""ceb""><abbr expan=""paasu"" type=""lemma"">pa-</abbr></form>
<hom role=""v""><pos>v</pos>
<sense n=""0""> <itype>[A; b6]</itype><trans> <tr>fumigate</tr>, apply smoke to plants to make them bear. </trans>
<eg><i lang=""ceb"">Paasuhi ang mangga arun mamúwak,</i><trans> Smoke the mango tree so it will bloom. </trans></eg>
</sense></hom></entry>
<entry><form id=""asuasu"" lang=""ceb"">asuasu</form>
<hom role=""v""><pos>v</pos>
<sense n=""1""><number>1</number> <itype>[A]</itype><trans> give off smoke continuously. </trans>
</sense>
<sense n=""2""><number>2</number> <itype>[A3; b(1)]</itype><trans> come fast and thick, in rapid succession. </trans>
<eg><i lang=""ceb"">Miasuasu ang íyang kúmù,</i><trans> The blows from his fists came fast and furiously. </trans></eg>
</sense></hom></entry>
<entry><form id=""alasuxhan"" lang=""ceb"">alasúhan</form>
<hom role=""a""><pos>a</pos>
<sense n=""0""><trans> exposed to smoke. </trans>
</sense></hom>
<hom role=""n""><pos>n</pos>
<sense n=""0""><trans> <tr>chimney</tr>.
</trans>
</sense></hom></entry></entry>");
INSERT INTO `wced_head` (entryid, head, normalized_head, type, pos) VALUES (1292, "asu", "asu", "m", "nv");
INSERT INTO `wced_head` (entryid, head, normalized_head, type, pos) VALUES (1292, "paasu", "paasu", "s", "v");
INSERT INTO `wced_head` (entryid, head, normalized_head, type, pos) VALUES (1292, "asuasu", "asuasu", "s", "v");
INSERT INTO `wced_head` (entryid, head, normalized_head, type, pos) VALUES (1292, "alasúhan", "alasuhan", "s", "an");
INSERT INTO `wced_translation` (entryid, translation) VALUES (1292, "smoke");
INSERT INTO `wced_translation` (entryid, translation) VALUES (1292, "fumes");
INSERT INTO `wced_translation` (entryid, translation) VALUES (1292, "fumigate");
INSERT INTO `wced_translation` (entryid, translation) VALUES (1292, "chimney");
INSERT INTO `wced_entry` VALUES (1293, "asud", "61", "<entry page=""61"" id=""1293""><form id=""axsud"" lang=""ceb"">ásud</form>
<hom role=""v""><pos>v</pos>
<sense n=""1""><number>1</number> <itype>[A2C; ac]</itype><trans> for two or more people to pound cereal in mortar together and in synchronization. </trans>
<eg><i lang=""ceb"">Asúra (iásud) ang mga lubuk,</i><trans> Do your pounding alternately—when one lifts, the other comes down. </trans></eg>
</sense>
<sense n=""2""><number>2</number> <itype>[A13; b(1)]</itype><trans> come one after another in rapid succession, like several people pounding rice on one pestle. </trans>
<eg><i lang=""ceb"">Nag-ásud ang pangutána sa mga piryudista,</i><trans> The newspapermen’s questions came in rapid succession. </trans></eg>
<eg><i lang=""ceb"">Giasúran ug haluk ang bátà sa mga dalága,</i><trans> The girls smothered the baby with kisses. </trans></eg>
</sense></hom>
<entry><form id=""asud-asud"" lang=""ceb"">asud-asud</form>
<hom role=""v""><pos>v</pos>
<sense n=""0""> <itype>[A13; b(1)]</itype><trans> = <xr lang=""ceb"" target=""#axsud""><sc>ásud</sc></xr>, <ix>2.</ix>
</trans>
</sense></hom></entry></entry>");
INSERT INTO `wced_head` (entryid, head, normalized_head, type, pos) VALUES (1293, "ásud", "asud", "m", "v");
INSERT INTO `wced_head` (entryid, head, normalized_head, type, pos) VALUES (1293, "asud-asud", "asud-asud", "s", "v");
INSERT INTO `wced_entry` VALUES (1294, "asugi", "61", "<entry page=""61"" id=""1294""><form id=""asuxgi"" lang=""ceb"">asúgi</form>
<hom role=""n""><pos>n</pos>
<sense n=""0""><trans> <tr>head of a match</tr>.
</trans>
</sense></hom></entry>");
INSERT INTO `wced_head` (entryid, head, normalized_head, type, pos) VALUES (1294, "asúgi", "asugi", "m", "n");
INSERT INTO `wced_translation` (entryid, translation) VALUES (1294, "head of a match");
INSERT INTO `wced_entry` VALUES (1295, "asukal", "61", "<entry page=""61"" id=""1295""><form id=""asuxkal"" lang=""ceb"">asúkal</form>
<hom>
<sense n=""0""><trans> = <xr lang=""ceb"" target=""#asuxkar""><sc>asúkar</sc></xr>.
</trans>
</sense></hom></entry>");
INSERT INTO `wced_head` (entryid, head, normalized_head, type, pos) VALUES (1295, "asúkal", "asukal", "m", "");
INSERT INTO `wced_entry` VALUES (1296, "asukar", "61", "<entry page=""61"" id=""1296""><form id=""asuxkar"" lang=""ceb"">asúkar</form>
<hom role=""n""><pos>n</pos>
<sense n=""0""><trans> <tr>refined sugar</tr>. </trans>
</sense></hom>
<hom role=""v""><pos>v</pos>
<sense n=""1""><number>1</number> <itype>[A13B23]</itype><trans> make into, become sugar. </trans>
<eg><i lang=""ceb"">Ang sintral nag-asúkar sa tubu,</i><trans> The mill is making refined sugar. </trans></eg>
<eg><i lang=""ceb"">Ug muasúkar na ang binúkal nga dugà,</i><trans> When the boiled juice forms sugar. </trans></eg>
</sense>
<sense n=""2""><number>2</number> <itype>[c]</itype><trans> put sugar into s.t. </trans>
<eg><i lang=""ceb"">Giasukaran ba nímu ang kapi?</i><trans> Have you put sugar in the coffee? </trans></eg>
</sense></hom>
<entry><form id=""asukarixra"" lang=""ceb"">asukaríra</form>
<hom role=""n""><pos>n</pos>
<sense n=""0""><trans> sugar container for table use.
</trans>
</sense></hom></entry></entry>");
INSERT INTO `wced_head` (entryid, head, normalized_head, type, pos) VALUES (1296, "asúkar", "asukar", "m", "nv");
INSERT INTO `wced_head` (entryid, head, normalized_head, type, pos) VALUES (1296, "asukaríra", "asukarira", "s", "n");
INSERT INTO `wced_translation` (entryid, translation) VALUES (1296, "refined sugar");
INSERT INTO `wced_entry` VALUES (1297, "asul", "61", "<entry page=""61"" id=""1297""><form id=""asul"" lang=""ceb"">asul</form>
<hom role=""a""><pos>a</pos>
<sense n=""0""><trans> <tr>blue</tr>. </trans>
</sense></hom>
<entry><form id=""asul_marixna_asul_marixnu"" lang=""ceb""><abbr expan=""asul"" type=""lemma"">—</abbr> marína, <abbr expan=""asul marínu"" type=""lemma"">marínu</abbr></form>
<hom>
<sense n=""0""><trans> <tr>navy blue</tr>. </trans>
</sense></hom>
<hom role=""v""><pos>v</pos>
<sense n=""0""> <itype>[BN; a1]</itype><trans> be blue. </trans>
<eg><i lang=""ceb"">Nag-asul ang lawud,</i><trans> The deep part of the sea looks blue.
</trans></eg>
</sense></hom></entry></entry>");
INSERT INTO `wced_head` (entryid, head, normalized_head, type, pos) VALUES (1297, "asul", "asul", "m", "a");
INSERT INTO `wced_head` (entryid, head, normalized_head, type, pos) VALUES (1297, "asul marína", "asul marina", "s", "v");
INSERT INTO `wced_head` (entryid, head, normalized_head, type, pos) VALUES (1297, "asul marínu", "asul marinu", "s", "v");
INSERT INTO `wced_translation` (entryid, translation) VALUES (1297, "blue");
INSERT INTO `wced_translation` (entryid, translation) VALUES (1297, "navy blue");
INSERT INTO `wced_entry` VALUES (1298, "asunting", "61", "<entry page=""61"" id=""1298""><form id=""asunting"" lang=""ceb"">asunting</form>
<hom role=""n""><pos>n</pos>
<sense n=""0""><trans> k.o. erect branching shrub, wild but occasionally planted as ornamental. The leaves are used in treating skin fungi: <bio>Cassia alata</bio>.
</trans>
</sense></hom></entry>");
INSERT INTO `wced_head` (entryid, head, normalized_head, type, pos) VALUES (1298, "asunting", "asunting", "m", "n");
INSERT INTO `wced_entry` VALUES (1299, "asuntu", "61", "<entry page=""61"" id=""1299""><form id=""asuntu"" lang=""ceb"">asuntu</form>
<hom role=""n""><pos>n</pos>
<sense n=""1""><number>1</number><trans> <tr>court case</tr>. </trans>
</sense>
<sense n=""2""><number>2</number><trans> <tr>matter</tr>, <tr>concern</tr> to be reckoned with. </trans>
<eg><i lang=""ceb"">Asuntu sa kasingkásing,</i><trans> A matter of the heart. </trans></eg>
</sense></hom>
<hom role=""v""><pos>v</pos>
<sense n=""0""> <itype>[C2; a12]</itype><trans> have a court case. </trans>
<eg><i lang=""ceb"">Asuntúhun pa ba nátù kini nga gamay ra man?</i><trans> Shall we make a court case out of this small matter?
</trans></eg>
</sense></hom></entry>");
INSERT INTO `wced_head` (entryid, head, normalized_head, type, pos) VALUES (1299, "asuntu", "asuntu", "m", "nv");
INSERT INTO `wced_translation` (entryid, translation) VALUES (1299, "court case");
INSERT INTO `wced_translation` (entryid, translation) VALUES (1299, "matter");
INSERT INTO `wced_translation` (entryid, translation) VALUES (1299, "concern");
INSERT INTO `wced_entry` VALUES (1300, "asupli", "61", "<entry page=""61"" id=""1300""><form id=""asupli"" lang=""ceb"">asupli</form>
<hom role=""n""><pos>n</pos>
<sense n=""0""><trans> <tr>sulphur</tr>. </trans>
</sense></hom>
<hom role=""v""><pos>v</pos>
<sense n=""0""> <itype>[b6]</itype><trans> put sulphur on s.t. </trans>
<eg><i lang=""ceb"">Asuplíhan kunu nang núka,</i><trans> Put sulphur on the sores.
</trans></eg>
</sense></hom></entry>");
INSERT INTO `wced_head` (entryid, head, normalized_head, type, pos) VALUES (1300, "asupli", "asupli", "m", "nv");
INSERT INTO `wced_translation` (entryid, translation) VALUES (1300, "sulphur");
INSERT INTO `wced_entry` VALUES (1301, "asupri", "61", "<entry page=""61"" id=""1301""><form id=""asupri"" lang=""ceb"">asupri</form>
<hom>
<sense n=""0""><trans> = <xr lang=""ceb"" target=""#asupli""><sc>asupli</sc></xr>.
</trans>
</sense></hom></entry>");
INSERT INTO `wced_head` (entryid, head, normalized_head, type, pos) VALUES (1301, "asupri", "asupri", "m", "");
INSERT INTO `wced_entry` VALUES (1302, "asus", "61", "<entry page=""61"" id=""1302""><form id=""asus"" lang=""ceb"">asus</form>
<hom>
<sense n=""0""><trans> = <xr lang=""ceb"" target=""#hisus""><sc>hisus</sc></xr>, <ix>2.</ix>
</trans>
</sense></hom></entry>");
INSERT INTO `wced_head` (entryid, head, normalized_head, type, pos) VALUES (1302, "asus", "asus", "m", "");
INSERT INTO `wced_entry` VALUES (1303, "asusasiyun", "61", "<entry page=""61"" id=""1303""><form id=""asusasiyun"" lang=""ceb"">asusasiyun</form>
<hom role=""n""><pos>n</pos>
<sense n=""0""><trans> <tr>association</tr>, <tr>organization</tr>.
</trans>
</sense></hom></entry>");
INSERT INTO `wced_head` (entryid, head, normalized_head, type, pos) VALUES (1303, "asusasiyun", "asusasiyun", "m", "n");
INSERT INTO `wced_translation` (entryid, translation) VALUES (1303, "association");
INSERT INTO `wced_translation` (entryid, translation) VALUES (1303, "organization");
INSERT INTO `wced_entry` VALUES (1304, "asusiluy", "61", "<entry page=""61"" id=""1304""><form id=""asusixluy"" lang=""ceb"">asusíluy</form>
<hom role=""n""><pos>n</pos>
<sense n=""0""><trans> k.o. black and white songbird, the <tr>magpie robin</tr>: <bio>Copsychus saularis</bio>.
</trans>
</sense></hom></entry>");
INSERT INTO `wced_head` (entryid, head, normalized_head, type, pos) VALUES (1304, "asusíluy", "asusiluy", "m", "n");
INSERT INTO `wced_translation` (entryid, translation) VALUES (1304, "magpie robin");
INSERT INTO `wced_entry` VALUES (1305, "asusina", "61", "<entry page=""61"" id=""1305""><form id=""asusixna"" lang=""ceb"">asusína</form>
<hom>
<sense n=""0""><trans> = <xr lang=""ceb"" target=""#asusixnas""><sc>asusínas</sc></xr>, <ix>1.</ix>
</trans>
</sense></hom></entry>");
INSERT INTO `wced_head` (entryid, head, normalized_head, type, pos) VALUES (1305, "asusína", "asusina", "m", "");
INSERT INTO `wced_entry` VALUES (1306, "asusinas", "61", "<entry page=""61"" id=""1306""><form id=""asusixnas"" lang=""ceb"">asusínas</form>
<hom role=""n""><pos>n</pos>
<sense n=""1""><number>1</number><trans> k.o. bulbous ornamental plant with spikes of fragrant white flowers, borne in pairs: <bio>Polianthes tuberosa</bio>. </trans>
</sense>
<sense n=""2""><number>2</number><trans> k.o. dried banana blossoms used as a spice. </trans>
</sense></hom>
<hom role=""v""><pos>v</pos>
<sense n=""0""> <itype>[b6]</itype><trans> spice with banana blossoms.
<pb n=""62""/>
</trans>
</sense></hom></entry>");
INSERT INTO `wced_head` (entryid, head, normalized_head, type, pos) VALUES (1306, "asusínas", "asusinas", "m", "nv");
INSERT INTO `wced_entry` VALUES (1307, "asusisyun", "62", "<entry page=""62"" id=""1307""><form id=""asusisyun"" lang=""ceb"">asusisyun</form>
<hom>
<sense n=""0""><trans> = <xr lang=""ceb"" target=""#asusasiyun""><sc>asusasiyun</sc></xr>.
</trans>
</sense></hom></entry>");
INSERT INTO `wced_head` (entryid, head, normalized_head, type, pos) VALUES (1307, "asusisyun", "asusisyun", "m", "");
INSERT INTO `wced_entry` VALUES (1308, "asusyit", "62", "<entry page=""62"" id=""1308""><form id=""asusyit"" lang=""ceb"">asusyit</form>
<hom role=""v""><pos>v</pos>
<sense n=""0""> <itype>[A2C12; b(1)]</itype><trans> <tr>associate</tr> with people. </trans>
<eg><i lang=""ceb"">Maáyu nà siyang datúa kay muasusyit (makig-asusyit) sa mga pubri,</i><trans> That rich man is a fine man because he associates with the poor. </trans></eg>
</sense></hom>
<hom role=""n""><pos>n</pos>
<sense n=""0""><trans> <tr>associate</tr>. </trans>
</sense></hom>
<entry><form id=""asusyit_iditur"" lang=""ceb""><abbr expan=""asusyit"" type=""lemma"">—</abbr> iditur</form>
<hom>
<sense n=""0""><trans> <tr>associate editor</tr>.
</trans>
</sense></hom></entry></entry>");
INSERT INTO `wced_head` (entryid, head, normalized_head, type, pos) VALUES (1308, "asusyit", "asusyit", "m", "vn");
INSERT INTO `wced_head` (entryid, head, normalized_head, type, pos) VALUES (1308, "asusyit iditur", "asusyit iditur", "s", "");
INSERT INTO `wced_translation` (entryid, translation) VALUES (1308, "associate");
INSERT INTO `wced_translation` (entryid, translation) VALUES (1308, "associate editor");
INSERT INTO `wced_entry` VALUES (1309, "asutiya", "62", "<entry page=""62"" id=""1309""><form id=""asutixya"" lang=""ceb"">asutíya</form>
<hom role=""n""><pos>n</pos>
<sense n=""0""><trans> <tr>open porch</tr>. </trans>
<eg><i lang=""ceb"">Adtu mi manglingkud sa asutíya ug walay ulan,</i><trans> We sit on the porch when it doesn’t rain. </trans></eg>
</sense></hom>
<hom role=""v""><pos>v</pos>
<sense n=""0""> <itype>[A13; b6]</itype><trans> construct, attach an open porch.
</trans>
</sense></hom></entry>");
INSERT INTO `wced_head` (entryid, head, normalized_head, type, pos) VALUES (1309, "asutíya", "asutiya", "m", "nv");
INSERT INTO `wced_translation` (entryid, translation) VALUES (1309, "open porch");
INSERT INTO `wced_entry` VALUES (1310, "asuus", "62", "<entry page=""62"" id=""1310""><form id=""asuxus"" lang=""ceb"">asúus</form>
<hom>
<sense n=""0""><trans> = <xr lang=""ceb"" target=""#alasuxus""><sc>alasúus</sc></xr>.
</trans>
</sense></hom></entry>");
INSERT INTO `wced_head` (entryid, head, normalized_head, type, pos) VALUES (1310, "asúus", "asuus", "m", "");
INSERT INTO `wced_entry` VALUES (1311, "asuy", "62", "<entry page=""62"" id=""1311""><form id=""axsuy"" lang=""ceb"">ásuy</form>
<hom role=""v""><pos>v</pos>
<sense n=""0""> <itype>[A; c1]</itype><trans> <tr>tell</tr>, <tr>relate</tr>. </trans>
<eg><i lang=""ceb"">Lisud asúyun (iásuy) ang ákung kaági,</i><trans> It is hard to relate my experiences. </trans></eg>
<eg><i lang=""ceb"">Památì, asúyan ta kag isturya,</i><trans> Listen, I’ll tell you a story. </trans></eg>
<eg><i lang=""ceb"">Ang naásuy nga tigúlang,</i><trans> The old man I mentioned just now. </trans></eg>
</sense></hom>
<hom role=""n""><pos>n</pos>
<sense n=""0""><trans> <tr>story</tr>, <tr>narration</tr>. </trans>
</sense></hom>
<entry><form id=""hinaxsuy"" lang=""ceb""><abbr expan=""hinásuy"" type=""lemma"">hiN-</abbr></form>
<hom role=""n""><pos>n</pos>
<sense n=""0""><trans> <tr>conversation</tr>. </trans>
<eg><i lang=""ceb"">Ang ílang hingásuy milungtad sa gabíi,</i><trans> Their conversation lasted into the night. </trans></eg>
</sense></hom>
<hom role=""v""><pos>v</pos>
<sense n=""0""> <itype>[A1; b6]</itype><trans> engage in story-telling. </trans>
<eg><i lang=""ceb"">Naghingásuy siya sa kaági níya sa gíra,</i><trans> He was telling stories about his experiences in the war. </trans></eg>
</sense></hom></entry>
<entry><form id=""alasuxyun"" lang=""ceb""><abbr expan=""alasúyun"" type=""lemma"">-l-un</abbr></form>
<hom role=""a""><pos>a</pos>
<sense n=""0""><trans> be a long story.
</trans>
</sense></hom></entry></entry>");
INSERT INTO `wced_head` (entryid, head, normalized_head, type, pos) VALUES (1311, "ásuy", "asuy", "m", "vn");
INSERT INTO `wced_head` (entryid, head, normalized_head, type, pos) VALUES (1311, "hinásuy", "hinasuy", "s", "nv");
INSERT INTO `wced_head` (entryid, head, normalized_head, type, pos) VALUES (1311, "alasúyun", "alasuyun", "s", "a");
INSERT INTO `wced_translation` (entryid, translation) VALUES (1311, "tell");
INSERT INTO `wced_translation` (entryid, translation) VALUES (1311, "relate");
INSERT INTO `wced_translation` (entryid, translation) VALUES (1311, "story");
INSERT INTO `wced_translation` (entryid, translation) VALUES (1311, "narration");
INSERT INTO `wced_translation` (entryid, translation) VALUES (1311, "conversation");
INSERT INTO `wced_entry` VALUES (1312, "aswang", "62", "<entry page=""62"" id=""1312""><form id=""aswang"" lang=""ceb"">aswang</form>
<hom>
<sense n=""0""><trans> = <xr lang=""ceb"" target=""#ungluq""><sc>unglù</sc></xr>.
</trans>
</sense></hom></entry>");
INSERT INTO `wced_head` (entryid, head, normalized_head, type, pos) VALUES (1312, "aswang", "aswang", "m", "");
INSERT INTO `wced_entry` VALUES (1313, "aswas", "62", "<entry page=""62"" id=""1313""><form id=""aswas"" lang=""ceb"">aswas</form>
<hom>
<sense n=""0""><trans> (from <ix>asáwa</ix>) <tr>wife</tr> (slang).
</trans>
</sense></hom></entry>");
INSERT INTO `wced_head` (entryid, head, normalized_head, type, pos) VALUES (1313, "aswas", "aswas", "m", "");
INSERT INTO `wced_translation` (entryid, translation) VALUES (1313, "wife");
INSERT INTO `wced_entry` VALUES (1314, "aswat", "62", "<entry page=""62"" id=""1314""><form id=""aswat"" lang=""ceb"">aswat</form>
<hom role=""v""><pos>v</pos>
<sense n=""1""><number>1</number> <itype>[A; a1]</itype><trans> <tr>lift</tr> s.t. heavy. </trans>
<eg><i lang=""ceb"">Aswáta ang malíta,</i><trans> Pick up the suitcase. </trans></eg>
</sense>
<sense n=""2""><number>2</number> <itype>[A12; a12]</itype><trans> lift part of one’s body. </trans>
<eg><i lang=""ceb"">Aswáta ímung tiil bi,</i><trans> Please lift your foot.
</trans></eg>
</sense></hom></entry>");
INSERT INTO `wced_head` (entryid, head, normalized_head, type, pos) VALUES (1314, "aswat", "aswat", "m", "v");
INSERT INTO `wced_translation` (entryid, translation) VALUES (1314, "lift");
INSERT INTO `wced_entry` VALUES (1315, "asya", "62", "<entry page=""62"" id=""1315""><form id=""Asya"" lang=""ceb"">Asya</form>
<hom role=""n""><pos>n</pos>
<sense n=""0""><trans> <tr>Asia</tr>.
</trans>
</sense></hom></entry>");
INSERT INTO `wced_head` (entryid, head, normalized_head, type, pos) VALUES (1315, "Asya", "asya", "m", "n");
INSERT INTO `wced_translation` (entryid, translation) VALUES (1315, "Asia");
INSERT INTO `wced_entry` VALUES (1316, "asyinda", "62", "<entry page=""62"" id=""1316""><form id=""asyinda"" lang=""ceb"">asyinda</form>
<hom role=""n""><pos>n</pos>
<sense n=""1""><number>1</number><trans> <tr>plantation</tr>. </trans>
</sense>
<sense n=""2""><number>2</number><trans> <tr>department of finance</tr> in government. </trans>
</sense></hom>
<hom role=""v""><pos>v</pos>
<sense n=""0""> <itype>[a12]</itype><trans> make into a plantation. </trans>
<eg><i lang=""ceb"">Asyindáhun ug tubu ang yútà,</i><trans> Turn the land into a sugar plantation.
</trans></eg>
</sense></hom></entry>");
INSERT INTO `wced_head` (entryid, head, normalized_head, type, pos) VALUES (1316, "asyinda", "asyinda", "m", "nv");
INSERT INTO `wced_translation` (entryid, translation) VALUES (1316, "plantation");
INSERT INTO `wced_translation` (entryid, translation) VALUES (1316, "department of finance");
INSERT INTO `wced_entry` VALUES (1317, "asyiti", "62", "<entry page=""62"" id=""1317""><form id=""asyixti"" lang=""ceb"">asyíti</form>
<hom>
<sense n=""0""><trans> = <xr lang=""ceb"" target=""#asayti""><sc>asayti</sc></xr>.
</trans>
</sense></hom></entry>");
INSERT INTO `wced_head` (entryid, head, normalized_head, type, pos) VALUES (1317, "asyíti", "asyiti", "m", "");
INSERT INTO `wced_entry` VALUES (1318, "asyus", "62", "<entry page=""62"" id=""1318""><form id=""asyus"" lang=""ceb"">asyus</form>
<hom role=""a""><pos>a</pos>
<sense n=""0""><trans> <tr>finicky</tr>, <tr>fussy</tr>. </trans>
<eg><i lang=""ceb"">Asyus kaáyu siya. Dì mukáun ug munggus, dì muhigdag salug, magsingárig ílis,</i><trans> He’s terribly finicky: he doesn’t eat beans, won’t sleep on the floor, and keeps changing clothes. </trans></eg>
</sense></hom>
<entry><form id=""pangasyus"" lang=""ceb""><abbr expan=""pangasyus"" type=""lemma"">paN-</abbr></form>
<hom role=""v""><pos>v</pos>
<sense n=""1""><number>1</number> <itype>[A]</itype><trans> be overly finicky. </trans>
</sense>
<sense n=""2""><number>2</number> <itype>[A2]</itype><trans> dress up. </trans>
<eg><i lang=""ceb"">Nangasyus man ta run, náa bay mamisíta?</i><trans> We are all dressed up today, aren’t we? Is s.o. coming over?
</trans></eg>
</sense></hom></entry></entry>");
INSERT INTO `wced_head` (entryid, head, normalized_head, type, pos) VALUES (1318, "asyus", "asyus", "m", "a");
INSERT INTO `wced_head` (entryid, head, normalized_head, type, pos) VALUES (1318, "pangasyus", "pangasyus", "s", "v");
INSERT INTO `wced_translation` (entryid, translation) VALUES (1318, "finicky");
INSERT INTO `wced_translation` (entryid, translation) VALUES (1318, "fussy");
INSERT INTO `wced_entry` VALUES (1319, "asyusa", "62", "<entry page=""62"" id=""1319""><form id=""asyuxsa"" lang=""ceb"">asyúsa</form>
<hom>
<sense n=""0""><trans> = <xr lang=""ceb"" target=""#asyuxsu""><sc>asyúsu</sc></xr>, (female).
</trans>
</sense></hom></entry>");
INSERT INTO `wced_head` (entryid, head, normalized_head, type, pos) VALUES (1319, "asyúsa", "asyusa", "m", "");
INSERT INTO `wced_entry` VALUES (1320, "asyusu", "62", "<entry page=""62"" id=""1320""><form id=""asyuxsu"" lang=""ceb"">asyúsu</form>
<hom role=""a""><pos>a</pos>
<sense n=""1""><number>1</number><trans> = <xr lang=""ceb"" target=""#asyus""><sc>asyus</sc></xr>. </trans>
</sense>
<sense n=""2""><number>2</number><trans> choosy about whom one is friendly with. </trans>
<eg><i lang=""ceb"">Asyúsu kaáyu. Dì na mutagad námù,</i><trans> He’s very hoity-toity. He doesn’t notice us any more. </trans></eg>
</sense></hom>
<hom role=""v""><pos>v</pos>
<sense n=""0""> <itype>[B12; b6]</itype><trans> become finicky or choosy.
</trans>
</sense></hom></entry>");
INSERT INTO `wced_head` (entryid, head, normalized_head, type, pos) VALUES (1320, "asyúsu", "asyusu", "m", "av");
INSERT INTO `wced_entry` VALUES (1321, "asyutis", "62", "<entry page=""62"" id=""1321""><form id=""asyuxtis"" lang=""ceb"">asyútis</form>
<hom role=""n""><pos>n</pos>
<sense n=""0""><trans> k.o. small tree, the seeds of which produce a reddish-brown dye: <bio>Bixa orellana</bio>.
</trans>
</sense></hom></entry>");
INSERT INTO `wced_head` (entryid, head, normalized_head, type, pos) VALUES (1321, "asyútis", "asyutis", "m", "n");
INSERT INTO `wced_entry` VALUES (1322, "at", "62", "<entry page=""62"" id=""1322""><form id=""axt"" lang=""ceb"">át</form>
<hom>
<sense n=""0""><trans> = <xr lang=""ceb"" target=""#alat""><sc>alat</sc></xr>.
</trans>
</sense></hom></entry>");
INSERT INTO `wced_head` (entryid, head, normalized_head, type, pos) VALUES (1322, "át", "at", "m", "");
INSERT INTO `wced_entry` VALUES (1323, "ata", "62", "<entry page=""62"" id=""1323""><form id=""axtaq"" lang=""ceb"">átà</form>
<hom role=""n""><pos>n</pos>
<sense n=""0""><trans> <tr>ink</tr> of squids and similar creatures. </trans>
</sense></hom>
<entry><form id=""waq_nay_axtaq"" lang=""ceb"">wà nay <abbr expan=""átà"" type=""lemma"">—</abbr></form>
<hom>
<sense n=""0""><trans> be out of semen (lit. ink). </trans>
<eg><i lang=""ceb"">Magminyù pa giyud ang tigúwang bisag wà nay átà,</i><trans> The old man is going to marry again, even though his semen is all dried up. </trans></eg>
</sense></hom>
<hom role=""v""><pos>v</pos>
<sense n=""0""> <itype>[B1456]</itype><trans> be black as ink. </trans>
<eg><i lang=""ceb"">Nag-átà ang kagabhíun,</i><trans> The night was pitch-dark. </trans></eg>
</sense></hom></entry>
<entry><form id=""kaaxtaq"" lang=""ceb""><abbr expan=""kaátà"" type=""lemma"">ka-</abbr></form>
<hom role=""v""><pos>v</pos>
<sense n=""0""> <itype>[A13]</itype><trans> get ink from the squid all over oneself. </trans>
<eg><i lang=""ceb"">Nagkaátà ang ímung dintru,</i><trans> You got ink from the squid all over your shirt.
</trans></eg>
</sense></hom></entry></entry>");
INSERT INTO `wced_head` (entryid, head, normalized_head, type, pos) VALUES (1323, "átà", "ata", "m", "n");
INSERT INTO `wced_head` (entryid, head, normalized_head, type, pos) VALUES (1323, "wà nay átà", "wa nay ata", "s", "v");
INSERT INTO `wced_head` (entryid, head, normalized_head, type, pos) VALUES (1323, "kaátà", "kaata", "s", "v");
INSERT INTO `wced_translation` (entryid, translation) VALUES (1323, "ink");
INSERT INTO `wced_entry` VALUES (1324, "atab1", "62", "<entry page=""62"" id=""1324""><form id=""axtab"" lang=""ceb"">átab<sub>1</sub></form>
<hom role=""v""><pos>v</pos>
<sense n=""0""> <itype>[A13]</itype><trans> for the mouth to move vigorously in eating or talking. </trans>
<eg><i lang=""ceb"">Nag-átab ang ímung bàbà ug úsap sa mani,</i><trans> Your mouth is moving vigorously chewing peanuts. </trans></eg>
</sense></hom>
<entry><form id=""paaxtab"" lang=""ceb""><abbr expan=""paátab"" type=""lemma"">pa-</abbr></form>
<hom role=""v""><pos>v</pos>
<sense n=""0""> <itype>[A1; b(1)]</itype><trans> engage in idle talk. </trans>
<eg><i lang=""ceb"">Nagpaátab siya ug tabì nga ikaw pinaangkan,</i><trans> He spread the word around that you are an illegitimate child. </trans></eg>
<eg><i lang=""ceb"">Ug paatában ka gánì sa íyang pagkadátù,</i><trans> If he gives you big talk about his being rich. </trans></eg>
</sense></hom></entry>
<entry><form id=""pasiaxtab_pasiatab"" lang=""ceb""><abbr expan=""pasiátab"" type=""lemma"">pasi-</abbr>, <abbr expan=""pasiatab"" type=""lemma"">pasi-(→)</abbr></form>
<hom role=""v""><pos>v</pos>
<sense n=""0""> <itype>[A; c]</itype><trans> <tr>boast</tr>. </trans>
<eg><i lang=""ceb"">Nagpasiátab siyang daghang trátu,</i><trans> He is boasting that he has lots of girl friends.
</trans></eg>
</sense></hom></entry></entry>");
INSERT INTO `wced_head` (entryid, head, normalized_head, type, pos) VALUES (1324, "átab", "atab", "s", "v");
INSERT INTO `wced_head` (entryid, head, normalized_head, type, pos) VALUES (1324, "paátab", "paatab", "s", "v");
INSERT INTO `wced_head` (entryid, head, normalized_head, type, pos) VALUES (1324, "pasiátab", "pasiatab", "s", "v");
INSERT INTO `wced_head` (entryid, head, normalized_head, type, pos) VALUES (1324, "pasiatab", "pasiatab", "s", "v");
INSERT INTO `wced_translation` (entryid, translation) VALUES (1324, "boast");
INSERT INTO `wced_entry` VALUES (1325, "atab2", "62", "<entry page=""62"" id=""1325""><form id=""axtab2"" lang=""ceb"">átab<sub>2</sub></form>
<hom>
<sense n=""0""><trans> (from <ix>bátà</ix>) </trans>
</sense></hom>
<hom role=""n""><pos>n</pos>
<sense n=""0""><trans> girl friend (slang). </trans>
</sense></hom>
<hom role=""v""><pos>v</pos>
<sense n=""0""> <itype>[A12]</itype><trans> get a girl friend. </trans>
<eg><i lang=""ceb"">Makaátab kahà ning hitsúra ku?</i><trans> Do you think s.o. with my face can get a girl friend?
</trans></eg>
</sense></hom></entry>");
INSERT INTO `wced_head` (entryid, head, normalized_head, type, pos) VALUES (1325, "átab", "atab", "s", "nv");
INSERT INTO `wced_entry` VALUES (1326, "atabay", "62", "<entry page=""62"" id=""1326""><form id=""ataxbay"" lang=""ceb"">atábay</form>
<hom role=""n""><pos>n</pos>
<sense n=""0""><trans> <tr>open well</tr>. </trans>
</sense></hom>
<hom role=""v""><pos>v</pos>
<sense n=""0""> <itype>[A3S; b6]</itype><trans> dig a well.
</trans>
</sense></hom></entry>");
INSERT INTO `wced_head` (entryid, head, normalized_head, type, pos) VALUES (1326, "atábay", "atabay", "m", "nv");
INSERT INTO `wced_translation` (entryid, translation) VALUES (1326, "open well");
INSERT INTO `wced_entry` VALUES (1327, "atad", "62", "<entry page=""62"" id=""1327""><form id=""axtad"" lang=""ceb"">átad</form>
<hom role=""v""><pos>v</pos>
<sense n=""0""> <itype>[A13; b(1)]</itype><trans> be spread in profuse disarray. </trans>
<eg><i lang=""ceb"">Wà makítà ang yútà nga giatáran sa mga dáhun,</i><trans> You couldn’t see the ground for all the leaves scattered over it.
</trans></eg>
</sense></hom></entry>");
INSERT INTO `wced_head` (entryid, head, normalized_head, type, pos) VALUES (1327, "átad", "atad", "m", "v");
INSERT INTO `wced_entry` VALUES (1328, "atadu", "62", "<entry page=""62"" id=""1328""><form id=""ataxdu"" lang=""ceb"">atádu</form>
<hom>
<sense n=""0""><trans> = <xr lang=""ceb"" target=""#ataxru""><sc>atáru</sc></xr>.
</trans>
</sense></hom></entry>");
INSERT INTO `wced_head` (entryid, head, normalized_head, type, pos) VALUES (1328, "atádu", "atadu", "m", "");
INSERT INTO `wced_entry` VALUES (1329, "atahu", "62", "<entry page=""62"" id=""1329""><form id=""ataxhu"" lang=""ceb"">atáhu</form>
<hom>
<sense n=""0""><trans> = <xr lang=""ceb"" target=""#muhun""><sc>muhun</sc></xr>.
</trans>
</sense></hom></entry>");
INSERT INTO `wced_head` (entryid, head, normalized_head, type, pos) VALUES (1329, "atáhu", "atahu", "m", "");
INSERT INTO `wced_entry` VALUES (1330, "atak", "62", "<entry page=""62"" id=""1330""><form id=""axtak"" lang=""ceb"">átak</form>
<hom role=""v""><pos>v</pos>
<sense n=""1""><number>1</number> <itype>[APB3(1); a]</itype><trans> for s.t. which is of some weight and attached to s.t. to fall off. </trans>
<eg><i lang=""ceb"">Ug muátak (mupaátak) kug búnga, bantayig ása tugdun,</i><trans> If I knock one down, watch where it lands. </trans></eg>
<eg><i lang=""ceb"">Naátak sa kaínit ang mga tuytuy,</i><trans> The buds fell off the tree because of the heat. </trans></eg>
</sense>
<sense n=""2""><number>2</number> <itype>[B12; b8]</itype><trans> for the eyes to bulge out, a symptom of a fatal disease caused by sorcery. </trans>
<eg><i lang=""ceb"">Namatay siya. Naatákan man sa mata,</i><trans> He died because he got the bulging eye disease.
</trans></eg>
</sense></hom></entry>");
INSERT INTO `wced_head` (entryid, head, normalized_head, type, pos) VALUES (1330, "átak", "atak", "m", "v");
INSERT INTO `wced_entry` VALUES (1331, "atakar", "62", "<entry page=""62"" id=""1331""><form id=""atakar"" lang=""ceb"">atakar</form>
<hom role=""v""><pos>v</pos>
<sense n=""0""> <itype>[A2; a12]</itype><trans> </trans>
</sense>
<sense n=""1""><number>1</number><trans> for a sickness to attack one. </trans>
</sense>
<sense n=""2""><number>2</number><trans> dare to approach s.o. </trans>
<eg><i lang=""ceb"">Unyà na atakara ug báli kun maáyug buut,</i><trans> Approach him for a cash advance later when he’s in a good mood.
</trans></eg>
</sense></hom></entry>");
INSERT INTO `wced_head` (entryid, head, normalized_head, type, pos) VALUES (1331, "atakar", "atakar", "m", "v");
INSERT INTO `wced_entry` VALUES (1332, "ataki", "62", "<entry page=""62"" id=""1332""><form id=""ataxki"" lang=""ceb"">atáki</form>
<hom role=""v""><pos>v</pos>
<sense n=""1""><number>1</number> <itype>[A; a12]</itype><trans> <tr>attack</tr>, assault. </trans>
<eg><i lang=""ceb"">Atakíhun nátù ang Hapun,</i><trans> We will attack the Japanese. </trans></eg>
</sense>
<sense n=""2""><number>2</number> <itype>[A; a12b2]</itype><trans> attack s.o. personally. </trans>
<eg><i lang=""ceb"">Ug manuburnu ka atakíhun ka sa mga piryudista,</i><trans> If you give bribes, the newspapers will attack you. </trans></eg>
</sense>
<sense n=""3""><number>3</number> <itype>[a12]</itype><trans> be attacked by a sickness. </trans>
<eg><i lang=""ceb"">Giatáki sa kasingkásing si Pápa,</i><trans> Dad had a heart attack. </trans></eg>
</sense></hom>
<hom role=""n""><pos>n</pos>
<sense n=""1""><number>1</number><trans> attack, assault on s.t. </trans>
</sense>
<sense n=""2""><number>2</number><trans> attack of a disease. </trans>
</sense></hom>
<entry><form id=""ataxki_silibra4r"" lang=""ceb""><abbr expan=""atáki"" type=""lemma"">—</abbr> silibrǎr</form>
<hom role=""n""><pos>n</pos>
<sense n=""0""><trans> cerebral thrombosis.
</trans>
</sense></hom></entry></entry>");
INSERT INTO `wced_head` (entryid, head, normalized_head, type, pos) VALUES (1332, "atáki", "ataki", "m", "vn");
INSERT INTO `wced_head` (entryid, head, normalized_head, type, pos) VALUES (1332, "atáki silibrǎr", "ataki silibrar", "s", "n");
INSERT INTO `wced_translation` (entryid, translation) VALUES (1332, "attack");
INSERT INTO `wced_entry` VALUES (1333, "ataman", "62", "<entry page=""62"" id=""1333""><form id=""ataxman"" lang=""ceb"">atáman</form>
<hom role=""v""><pos>v</pos>
<sense n=""0""> <itype>[A; a3]</itype><trans> manage to keep up with a large quantity. </trans>
<eg><i lang=""ceb"">Dì na maatáman ang daghang asayinmint,</i><trans> I can’t keep up with all <pb n=""63""/>the assignments.
</trans></eg>
</sense></hom></entry>");
INSERT INTO `wced_head` (entryid, head, normalized_head, type, pos) VALUES (1333, "atáman", "ataman", "m", "v");
INSERT INTO `wced_entry` VALUES (1334, "atang", "63", "<entry page=""63"" id=""1334""><form id=""atang"" lang=""ceb"">atang</form>
<hom role=""v""><pos>v</pos>
<sense n=""1""><number>1</number> <itype>[A; b(1)]</itype><trans> <tr>watch</tr>, but not carefully, keep an eye on. </trans>
<eg><i lang=""ceb"">Atngi (atangi) ang linung-ag arun dílì muáwas,</i><trans> Keep an eye on the rice so it won’t boil over. </trans></eg>
</sense>
<sense n=""2""><number>2</number> <itype>[A; b(1)]</itype><trans> watch for s.t. or s.o. to pass. </trans>
<eg><i lang=""ceb"">Ímu tang atngan ang trák arun makasakay ta,</i><trans> You should watch for the bus so that we can get on. </trans></eg>
</sense></hom>
<entry><form id=""axtang"" lang=""ceb""><abbr expan=""átang"" type=""lemma"">(←)</abbr><sub>1</sub></form>
<hom>
<sense n=""0""> <itype>[A; b(1)]</itype><trans> <tr>ambush</tr>. </trans>
<eg><i lang=""ceb"">Ang mga girilya nag-átang sa mga Hapun,</i><trans> The guerillas are ambushing the Japanese. </trans></eg>
</sense>
<sense n=""3""><number>3</number> <itype>[A2N]</itype><trans> meet one’s girl friend at her place of work or study to accompany her. </trans>
<eg><i lang=""ceb"">Túa siya nangátang sa íyang trátu,</i><trans> There he is, waiting for his girl friend to bring her home. </trans></eg>
</sense></hom>
<hom role=""n""><pos>n</pos>
<sense n=""0""><trans> <tr>ambush</tr>.
</trans>
</sense></hom></entry></entry>");
INSERT INTO `wced_head` (entryid, head, normalized_head, type, pos) VALUES (1334, "atang", "atang", "m", "v");
INSERT INTO `wced_head` (entryid, head, normalized_head, type, pos) VALUES (1334, "átang", "atang", "s", "n");
INSERT INTO `wced_translation` (entryid, translation) VALUES (1334, "watch");
INSERT INTO `wced_translation` (entryid, translation) VALUES (1334, "ambush");
INSERT INTO `wced_entry` VALUES (1335, "atang2", "63", "<entry page=""63"" id=""1335""><form id=""axtang2"" lang=""ceb"">átang<sub>2</sub></form>
<hom role=""n""><pos>n</pos>
<sense n=""0""><trans> <tr>shelf</tr> set next to a stove at the same height with it to hold the pots and pans. </trans>
<eg><i lang=""ceb"">Haúna ang tinúla ug ibutang sa átang,</i><trans> Take the fish stew off the stove and put it on the sideboard. </trans></eg>
</sense></hom>
<hom role=""v""><pos>v</pos>
<sense n=""0""> <itype>[A13; a12b(1)]</itype><trans> put a <tr>sideboard</tr> next to a stove.
</trans>
</sense></hom></entry>");
INSERT INTO `wced_head` (entryid, head, normalized_head, type, pos) VALUES (1335, "átang", "atang", "s", "nv");
INSERT INTO `wced_translation` (entryid, translation) VALUES (1335, "shelf");
INSERT INTO `wced_translation` (entryid, translation) VALUES (1335, "sideboard");
INSERT INTO `wced_entry` VALUES (1336, "ataru", "63", "<entry page=""63"" id=""1336""><form id=""ataxru"" lang=""ceb"">atáru</form>
<hom role=""v""><pos>v</pos>
<sense n=""0""> <itype>[A; a2]</itype><trans> make s.t. into <tr>portions</tr> for sale. </trans>
<eg><i lang=""ceb"">Atarúha sa tagdus písus ang bábuy,</i><trans> Cut the pork into pieces and put them together into portions worth two pesos each. </trans></eg>
</sense></hom>
<hom role=""n""><pos>n</pos>
<sense n=""0""><trans> a <tr>portion</tr> for sale. </trans>
<eg><i lang=""ceb"">Ang tabákù tagdiyis ang atáru,</i><trans> The tobacco leaves are ten cents a bundle.
</trans></eg>
</sense></hom></entry>");
INSERT INTO `wced_head` (entryid, head, normalized_head, type, pos) VALUES (1336, "atáru", "ataru", "m", "vn");
INSERT INTO `wced_translation` (entryid, translation) VALUES (1336, "portions");
INSERT INTO `wced_translation` (entryid, translation) VALUES (1336, "portion");
INSERT INTO `wced_entry` VALUES (1337, "atas", "63", "<entry page=""63"" id=""1337""><form id=""axtas"" lang=""ceb"">átas</form>
<hom role=""v""><pos>v</pos>
<sense n=""1""><number>1</number> <itype>[B126]</itype><trans> be <tr>sickly</tr>, <tr>retarded</tr> in growth after being made to do s.t. before reaching the proper age. </trans>
<eg><i lang=""ceb"">Maátas ang baktin kun sayung lutásun,</i><trans> The piglet will be <tr>stunted</tr> if you wean it prematurely. </trans></eg>
</sense>
<sense n=""2""><number>2</number> <itype>[A; a12]</itype><trans> <tr>wear out</tr> a razor blade. </trans>
</sense></hom>
<entry><form id=""atas"" lang=""ceb""><abbr expan=""atas"" type=""lemma"">(→)</abbr></form>
<hom role=""a""><pos>a</pos>
<sense n=""0""><trans> worn out dull. </trans>
</sense></hom>
<hom role=""v""><pos>v</pos>
<sense n=""0""> <itype>[B]</itype><trans> get worn out. </trans>
<eg><i lang=""ceb"">Muatas ang labáha,</i><trans> The razor will get dull.
</trans></eg>
</sense></hom></entry></entry>");
INSERT INTO `wced_head` (entryid, head, normalized_head, type, pos) VALUES (1337, "átas", "atas", "m", "v");
INSERT INTO `wced_head` (entryid, head, normalized_head, type, pos) VALUES (1337, "atas", "atas", "s", "av");
INSERT INTO `wced_translation` (entryid, translation) VALUES (1337, "sickly");
INSERT INTO `wced_translation` (entryid, translation) VALUES (1337, "retarded");
INSERT INTO `wced_translation` (entryid, translation) VALUES (1337, "stunted");
INSERT INTO `wced_translation` (entryid, translation) VALUES (1337, "wear out");
INSERT INTO `wced_entry` VALUES (1338, "at-at1", "63", "<entry page=""63"" id=""1338""><form id=""at-at"" lang=""ceb"">at-at<sub>1</sub></form>
<hom role=""v""><pos>v</pos>
<sense n=""1""><number>1</number> <itype>[A; a]</itype><trans> make an <tr>opening</tr> by pushing two sides apart. </trans>
<eg><i lang=""ceb"">Midakù ang lungag sa kural kay íya mang giat-at ang alambri,</i><trans> There is a big hole in the fence because he pushed the wire strands apart. </trans></eg>
</sense>
<sense n=""2""><number>2</number> <itype>[A; c1]</itype><trans> bring s.t. to public knowledge by telling the whole story. </trans>
<eg><i lang=""ceb"">At-átun (iat-at) ku nang tanang líhuk nímu ngadtu ni Tátay,</i><trans> I’ll tell Father everything you did. </trans></eg>
</sense>
<sense n=""3""><number>3</number> <itype>[AB12; a]</itype><trans> find out in complete detail, be found out. </trans>
<eg><i lang=""ceb"">Ang ditiktib miat-at sa hinungdan sa súnug,</i><trans> The detective investigated in detail the cause of the fire. </trans></eg>
<eg><i lang=""ceb"">Nagkaat-at na ang mistiryu sa íyang pagkawā̀,</i><trans> The mystery of her disappearance is gradually coming to light.
</trans></eg>
</sense></hom></entry>");
INSERT INTO `wced_head` (entryid, head, normalized_head, type, pos) VALUES (1338, "at-at", "at-at", "s", "v");
INSERT INTO `wced_translation` (entryid, translation) VALUES (1338, "opening");
INSERT INTO `wced_entry` VALUES (1339, "at-at2", "63", "<entry page=""63"" id=""1339""><form id=""at-at2"" lang=""ceb"">at-at<sub>2</sub></form>
<hom>
<sense n=""0""><trans> = <xr lang=""ceb"" target=""#ak-ak""><sc>ak-ak</sc></xr>.
</trans>
</sense></hom></entry>");
INSERT INTO `wced_head` (entryid, head, normalized_head, type, pos) VALUES (1339, "at-at", "at-at", "s", "");
INSERT INTO `wced_entry` VALUES (1340, "atatalu", "63", "<entry page=""63"" id=""1340""><form id=""atatalu"" lang=""ceb"">atatalu</form>
<hom>
<sense n=""0""><trans> = <xr lang=""ceb"" target=""#hantatalu""><sc>hantatalu</sc></xr>.
</trans>
</sense></hom></entry>");
INSERT INTO `wced_head` (entryid, head, normalized_head, type, pos) VALUES (1340, "atatalu", "atatalu", "m", "");
INSERT INTO `wced_entry` VALUES (1341, "atay", "63", "<entry page=""63"" id=""1341""><form id=""atay"" lang=""ceb"">atay</form>
<hom role=""n""><pos>n</pos>
<sense n=""1""><number>1</number><trans> <tr>liver</tr>. </trans>
</sense>
<sense n=""2""><number>2</number><trans> liver as the seat of emotions. </trans>
</sense></hom>
<entry><form id=""makapakitbiq_sa_atay_makapakuxluq_sa_atay"" lang=""ceb""><abbr expan=""makapakitbì sa atay"" type=""lemma"">makapakitbì</abbr>, makapakúlù sa <abbr expan=""atay"" type=""lemma"">—</abbr></form>
<hom>
<sense n=""0""><trans> makes the blood curdle. </trans>
</sense></hom></entry>
<entry><form id=""makapadakuq_sa_atay"" lang=""ceb"">makapadakù sa <abbr expan=""atay"" type=""lemma"">—</abbr></form>
<hom>
<sense n=""0""><trans> make s.t. go to one’s head. </trans>
</sense>
<sense n=""3""><number>3</number> <form id=""baqbaq_sa_atay"" lang=""ceb"">bàbà sa <abbr expan=""atay"" type=""lemma"">—</abbr></form><trans> </trans>
</sense></hom>
<hom role=""n""><pos>n</pos>
<sense n=""0""><trans> pit of the stomach. </trans>
</sense></hom>
<hom role=""v""><pos>v</pos>
<sense n=""0""> <itype>[a1]</itype><trans> hit in the liver. </trans>
<eg><i lang=""ceb"">Giatay siya pagdunggab,</i><trans> He was stabbed in the liver.
</trans></eg>
</sense></hom></entry></entry>");
INSERT INTO `wced_head` (entryid, head, normalized_head, type, pos) VALUES (1341, "atay", "atay", "m", "n");
INSERT INTO `wced_head` (entryid, head, normalized_head, type, pos) VALUES (1341, "makapakitbì sa atay", "makapakitbi sa atay", "s", "");
INSERT INTO `wced_head` (entryid, head, normalized_head, type, pos) VALUES (1341, "makapakúlù sa atay", "makapakulu sa atay", "s", "");
INSERT INTO `wced_head` (entryid, head, normalized_head, type, pos) VALUES (1341, "makapadakù sa atay", "makapadaku sa atay", "s", "nv");
INSERT INTO `wced_head` (entryid, head, normalized_head, type, pos) VALUES (1341, "bàbà sa atay", "baba sa atay", "s", "");
INSERT INTO `wced_translation` (entryid, translation) VALUES (1341, "liver");
INSERT INTO `wced_entry` VALUES (1342, "atay-atay", "63", "<entry page=""63"" id=""1342""><form id=""atay-axtay"" lang=""ceb"">atay-átay</form>
<hom role=""n""><pos>n</pos>
<sense n=""1""><number>1</number><trans> pit of the stomach. </trans>
</sense>
<sense n=""2""><number>2</number><trans> the hollow or fleshy part of the palm and its analogue in the foot. </trans>
<eg><i lang=""ceb"">Natunuk siya sa atay-átay sa íyang tiil,</i><trans> He got a thorn in the arch of his sole. </trans></eg>
</sense>
<sense n=""3""><number>3</number><trans> k.o. ornamental shrub with mottled red or green elliptic leaves and smooth margins: <bio>Graptophyllum pictum</bio>. </trans>
</sense></hom>
<hom role=""v""><pos>v</pos>
<sense n=""0""> <itype>[A3; a12]</itype><trans> be hit on the solar plexus or on the fleshy part of the palm or sole of the foot.†
</trans>
</sense></hom></entry>");
INSERT INTO `wced_head` (entryid, head, normalized_head, type, pos) VALUES (1342, "atay-átay", "atay-atay", "m", "nv");
INSERT INTO `wced_entry` VALUES (1343, "atay", "63", "<entry page=""63"" id=""1343""><form id=""axtay"" lang=""ceb"">átay</form>
<hom role=""n""><pos>n</pos>
<sense n=""0""><trans> illness of chicken. </trans>
</sense></hom>
<hom role=""v""><pos>v</pos>
<sense n=""0""> <itype>[a12]</itype><trans> </trans>
</sense>
<sense n=""1""><number>1</number><trans> be affected with <tr>chicken cholera</tr>. </trans>
<eg><i lang=""ceb"">Walà ba atáya ang inyung manuk?</i><trans> Are not your chickens affected with chicken cholera? </trans></eg>
<eg><i lang=""ceb"">Atáyun ka untà,</i><trans> Why don’t you drop dead? </trans></eg>
</sense>
<sense n=""2""><number>2</number> <itype>[a4]</itype><trans> be, act in a way that arouses annoyance and disapproval. </trans>
<eg><i lang=""ceb"">Giátay nang bayhána. Miápas na pud,</i><trans> That damn woman. She followed me again. </trans></eg>
</sense>
<sense n=""2a""><number>2a</number> <form id=""giaxtay"" lang=""ceb""><abbr expan=""giátay"" type=""lemma"">gi-</abbr></form><trans> <tr>Damn</tr>! </trans>
<eg><i lang=""ceb"">Giátay, mabdus na sad ku!</i><trans> Damn, I’m pregnant again! </trans></eg>
</sense></hom>
<entry><form id=""alaxtay_atayunun"" lang=""ceb""><abbr expan=""alátay"" type=""lemma"">-l-un</abbr>, <abbr expan=""atayunun"" type=""lemma"">-unun</abbr></form>
<hom role=""a""><pos>a</pos>
<sense n=""0""><trans> susceptible to chicken cholera.
</trans>
</sense></hom></entry></entry>");
INSERT INTO `wced_head` (entryid, head, normalized_head, type, pos) VALUES (1343, "átay", "atay", "m", "nv");
INSERT INTO `wced_head` (entryid, head, normalized_head, type, pos) VALUES (1343, "giátay", "giatay", "s", "");
INSERT INTO `wced_head` (entryid, head, normalized_head, type, pos) VALUES (1343, "alátay", "alatay", "s", "a");
INSERT INTO `wced_head` (entryid, head, normalized_head, type, pos) VALUES (1343, "atayunun", "atayunun", "s", "a");
INSERT INTO `wced_translation` (entryid, translation) VALUES (1343, "chicken cholera");
INSERT INTO `wced_translation` (entryid, translation) VALUES (1343, "Damn");
INSERT INTO `wced_entry` VALUES (1344, "atbang", "63", "<entry page=""63"" id=""1344""><form id=""atbang"" lang=""ceb"">atbang</form>
<hom>
<sense n=""0""><trans> (from <ix>atubang</ix>) across, <tr>opposite</tr>. </trans>
<eg><i lang=""ceb"">Ang íla atbang sa ámù,</i><trans> Their place is across from ours. </trans></eg>
</sense></hom>
<entry><form id=""atbang_sa_haxngin"" lang=""ceb""><abbr expan=""atbang"" type=""lemma"">—</abbr> sa hángin</form>
<hom>
<sense n=""0""><trans> where one can get the full benefit of the breeze. </trans>
</sense></hom>
<hom role=""v""><pos>v</pos>
<sense n=""0""> <itype>[C; ac]</itype><trans> </trans>
</sense>
<sense n=""1""><number>1</number><trans> be in the place across. </trans>
<eg><i lang=""ceb"">Mag-atbang ang ílang balay,</i><trans> Their houses are across from each other. </trans></eg>
<eg><i lang=""ceb"">Atbángun ta silag lingkud,</i><trans> Let’s have them sit opposite each other. </trans></eg>
</sense>
<sense n=""2""><number>2</number><trans> be opponents. </trans>
<eg><i lang=""ceb"">Atbángan ta ka bísag unsay partídu mu,</i><trans> I’ll be your opponent whatever your party is. </trans></eg>
</sense></hom></entry>
<entry><form id=""paatbang"" lang=""ceb""><abbr expan=""paatbang"" type=""lemma"">pa-</abbr></form>
<hom role=""v""><pos>v</pos>
<sense n=""0""> <itype>[A; b(1)]</itype><trans> go to a place opposite s.o. so he can see you. </trans>
<eg><i lang=""ceb"">Gipaatbángan ni Kurding ang gwápung laláki,</i><trans> Cording took a seat opposite the handsome young man. </trans></eg>
</sense></hom></entry>
<entry><form id=""kaatbang"" lang=""ceb""><abbr expan=""kaatbang"" type=""lemma"">ka-</abbr></form>
<hom role=""n""><pos>n</pos>
<sense n=""0""><trans> <tr>opponent</tr>, <tr>rival</tr>. </trans>
<eg><i lang=""ceb"">Kinsay ímung kaatbang sa tínis, sa pangulitáwu níya?</i><trans> Who is your opponent in tennis, rival in courting her?
</trans></eg>
</sense></hom></entry></entry>");
INSERT INTO `wced_head` (entryid, head, normalized_head, type, pos) VALUES (1344, "atbang", "atbang", "m", "");
INSERT INTO `wced_head` (entryid, head, normalized_head, type, pos) VALUES (1344, "atbang sa hángin", "atbang sa hangin", "s", "v");
INSERT INTO `wced_head` (entryid, head, normalized_head, type, pos) VALUES (1344, "paatbang", "paatbang", "s", "v");
INSERT INTO `wced_head` (entryid, head, normalized_head, type, pos) VALUES (1344, "kaatbang", "kaatbang", "s", "n");
INSERT INTO `wced_translation` (entryid, translation) VALUES (1344, "opposite");
INSERT INTO `wced_translation` (entryid, translation) VALUES (1344, "opponent");
INSERT INTO `wced_translation` (entryid, translation) VALUES (1344, "rival");
INSERT INTO `wced_entry` VALUES (1345, "atbu", "63", "<entry page=""63"" id=""1345""><form id=""atbu"" lang=""ceb"">atbu</form>
<hom role=""v""><pos>v</pos>
<sense n=""0""> <itype>[A; b6P]</itype><trans> </trans>
</sense>
<sense n=""1""><number>1</number><trans> for emotions to surge up and burst forth. </trans>
<eg><i lang=""ceb"">Miatbu ang ákung kalípay,</i><trans> My heart leaped with happiness. </trans></eg>
<eg><i lang=""ceb"">Bantay. Hiatbuhan ka unyà sa ákung kasukù,</i><trans> Watch out. I’ll blow up in anger at you. </trans></eg>
</sense>
<sense n=""2""><number>2</number><trans> for very fine particles to fly up and be scattered in the air. </trans>
<eg><i lang=""ceb"">Nag-atbu ang duldul sa unlan,</i><trans> The kapok flew out of the pillow. </trans></eg>
<eg><i lang=""ceb"">Giatbúhan (gipaatbúhan) lang ku níya sa asu. Wà giyud mutubag,</i><trans> He just blew smoke in my face. He didn’t reply at all.
</trans></eg>
</sense></hom></entry>");
INSERT INTO `wced_head` (entryid, head, normalized_head, type, pos) VALUES (1345, "atbu", "atbu", "m", "v");
INSERT INTO `wced_entry` VALUES (1346, "atbug", "63", "<entry page=""63"" id=""1346""><form id=""atbug"" lang=""ceb"">atbug</form>
<hom role=""v""><pos>v</pos>
<sense n=""0""> <itype>[A; b(1)]</itype><trans> </trans>
</sense>
<sense n=""1""><number>1</number><trans> fly up in thick quantities. </trans>
<eg><i lang=""ceb"">Miatbug ang lángaw pag-itsa nákù sa basúra,</i><trans> The flies rose in a swarm when I threw out the garbage. </trans></eg>
</sense>
<sense n=""2""><number>2</number><trans> for emotions to burst forth.
</trans>
</sense></hom></entry>");
INSERT INTO `wced_head` (entryid, head, normalized_head, type, pos) VALUES (1346, "atbug", "atbug", "m", "v");
INSERT INTO `wced_entry` VALUES (1347, "athag", "63", "<entry page=""63"" id=""1347""><form id=""athag"" lang=""ceb"">athag</form>
<hom>
<sense n=""0""><trans> = <xr lang=""ceb"" target=""#kulangkulang""><sc>kulangkulang</sc></xr>. <ix>see</ix> <xr lang=""ceb"" target=""#kuxlang""><sc>kúlang</sc></xr>.
<pb n=""64""/>
</trans>
</sense></hom></entry>");
INSERT INTO `wced_head` (entryid, head, normalized_head, type, pos) VALUES (1347, "athag", "athag", "m", "");
INSERT INTO `wced_entry` VALUES (1348, "atibas", "64", "<entry page=""64"" id=""1348""><form id=""atibaxs"" lang=""ceb"">atibás</form>
<hom>
<sense n=""0""><trans> = <xr lang=""ceb"" target=""#tibalas""><sc>tibalas</sc></xr>.
</trans>
</sense></hom></entry>");
INSERT INTO `wced_head` (entryid, head, normalized_head, type, pos) VALUES (1348, "atibás", "atibas", "m", "");
INSERT INTO `wced_entry` VALUES (1349, "atik", "64", "<entry page=""64"" id=""1349""><form id=""axtik"" lang=""ceb"">átik</form>
<hom>
<sense n=""0""><trans> (from <ix>bulátik</ix>) </trans>
</sense></hom>
<hom role=""a""><pos>a</pos>
<sense n=""0""><trans> show-off, <tr>boastful</tr>. </trans>
</sense></hom>
<hom role=""v""><pos>v</pos>
<sense n=""0""> <itype>[AP; b6]</itype><trans> get s.t. from s.o. by flattery or other verbal chicanery. </trans>
<eg><i lang=""ceb"">Kahibáwu siyang muátik (mupaátik) ni Lúla,</i><trans> He’s good at getting things out of Grandma. </trans></eg>
<eg><i lang=""ceb"">Ayawg hátag kay giatíkan ka lang,</i><trans> Don’t give him any. He’s just putting you on to get s.t. from you. </trans></eg>
</sense></hom>
<hom role=""n""><pos>n</pos>
<sense n=""1""><number>1</number><trans> s.t. said to get s.t. from s.o. </trans>
</sense>
<sense n=""2""><number>2</number><trans> pocket money (slang). </trans>
</sense></hom>
<entry><form id=""atik-axtik"" lang=""ceb"">atik-átik</form>
<hom>
<sense n=""0""><trans> = <xr lang=""ceb"" target=""#axtik""><sc>átik</sc></xr>, <ix>v</ix>. </trans>
</sense></hom></entry>
<entry><form id=""paaxtik"" lang=""ceb""><abbr expan=""paátik"" type=""lemma"">pa-</abbr></form>
<hom role=""v""><pos>v</pos>
<sense n=""1""><number>1</number><trans> = <xr lang=""ceb"" target=""#axtik""><sc>átik</sc></xr>. </trans>
</sense>
<sense n=""2""><number>2</number> <itype>[A; c]</itype><trans> show off. </trans>
<eg><i lang=""ceb"">Ipaátik níya ang bag-u níyang kutsi,</i><trans> He will show off his new car.
</trans></eg>
</sense></hom></entry></entry>");
INSERT INTO `wced_head` (entryid, head, normalized_head, type, pos) VALUES (1349, "átik", "atik", "m", "avn");
INSERT INTO `wced_head` (entryid, head, normalized_head, type, pos) VALUES (1349, "atik-átik", "atik-atik", "s", "");
INSERT INTO `wced_head` (entryid, head, normalized_head, type, pos) VALUES (1349, "paátik", "paatik", "s", "v");
INSERT INTO `wced_translation` (entryid, translation) VALUES (1349, "boastful");
INSERT INTO `wced_entry` VALUES (1350, "atiman", "64", "<entry page=""64"" id=""1350""><form id=""atiman"" lang=""ceb"">atiman</form>
<hom role=""v""><pos>v</pos>
<sense n=""0""> <itype>[A; a12]</itype><trans> </trans>
</sense>
<sense n=""1""><number>1</number><trans> give s.t. the attention that it requires. </trans>
<eg><i lang=""ceb"">Dì siya makaatiman sa mga bátà,</i><trans> She cannot look after the children. </trans></eg>
<eg><i lang=""ceb"">Atimana ang ímung pagtuun,</i><trans> Tend to your studies. </trans></eg>
</sense>
<sense n=""2""><number>2</number><trans> keep up doing s.t. </trans>
<eg><i lang=""ceb"">Dì ku maatiman ning labhanan, daghan kaáyu,</i><trans> I can’t keep up with all this laundry.
</trans></eg>
</sense></hom></entry>");
INSERT INTO `wced_head` (entryid, head, normalized_head, type, pos) VALUES (1350, "atiman", "atiman", "m", "v");
INSERT INTO `wced_entry` VALUES (1351, "atimuya", "64", "<entry page=""64"" id=""1351""><form id=""atimuxya"" lang=""ceb"">atimúya</form>
<hom role=""n""><pos>n</pos>
<sense n=""0""><trans> k.o. large fruit similar to the <ix>guayabana,</ix> but with yellowish flesh and a flat taste: <bio><corr sic=""Anona"">Annona</corr> sp</bio>.
</trans>
</sense></hom></entry>");
INSERT INTO `wced_head` (entryid, head, normalized_head, type, pos) VALUES (1351, "atimúya", "atimuya", "m", "n");
INSERT INTO `wced_entry` VALUES (1352, "atin", "64", "<entry page=""64"" id=""1352""><form id=""atin"" lang=""ceb"">atin</form>
<hom role=""v""><pos>v</pos>
<sense n=""0""> <itype>[A2; b(1)]</itype><trans> attend classes or a meeting. </trans>
<eg><i lang=""ceb"">Dì ku muatin sa klási,</i><trans> I won’t attend classes.
</trans></eg>
</sense></hom></entry>");
INSERT INTO `wced_head` (entryid, head, normalized_head, type, pos) VALUES (1352, "atin", "atin", "m", "v");
INSERT INTO `wced_entry` VALUES (1353, "atindan, atindant", "64", "<entry page=""64"" id=""1353""><form id=""atindan_atindant"" lang=""ceb"">atindan, atindant</form>
<hom role=""n""><pos>n</pos>
<sense n=""0""><trans> hospital <tr>attendant</tr>. </trans>
</sense></hom>
<hom role=""v""><pos>v</pos>
<sense n=""0""> <itype>[B16; b(1)]</itype><trans> be a hospital attendant.
</trans>
</sense></hom></entry>");
INSERT INTO `wced_head` (entryid, head, normalized_head, type, pos) VALUES (1353, "atindan", "atindan", "s", "nv");
INSERT INTO `wced_head` (entryid, head, normalized_head, type, pos) VALUES (1353, "atindant", "atindant", "s", "nv");
INSERT INTO `wced_translation` (entryid, translation) VALUES (1353, "attendant");
INSERT INTO `wced_entry` VALUES (1354, "atindida", "64", "<entry page=""64"" id=""1354""><form id=""atindixda"" lang=""ceb"">atindída</form>
<hom>
<sense n=""0""><trans> = <xr lang=""ceb"" target=""#atindixdu""><sc>atindídu</sc></xr> (female).
</trans>
</sense></hom></entry>");
INSERT INTO `wced_head` (entryid, head, normalized_head, type, pos) VALUES (1354, "atindída", "atindida", "m", "");
INSERT INTO `wced_entry` VALUES (1355, "atindidu", "64", "<entry page=""64"" id=""1355""><form id=""atindixdu"" lang=""ceb"">atindídu</form>
<hom role=""a""><pos>a</pos>
<sense n=""1""><number>1</number><trans> <tr>attentive</tr>, courteous. </trans>
<eg><i lang=""ceb"">Atindídu siya sa íyang pamisti,</i><trans> He dresses carefully. </trans></eg>
<eg><i lang=""ceb"">Atindídu siya sa mga bisíta,</i><trans> She attends to the visitors courteously. </trans></eg>
</sense>
<sense n=""2""><number>2</number><trans> paying attention to things that are not one’s business. </trans>
<eg><i lang=""ceb"">Atindídu kaáyu nà siya sa sayup sa uban,</i><trans> He is very observant of other peoples’ mistakes.
</trans></eg>
</sense></hom></entry>");
INSERT INTO `wced_head` (entryid, head, normalized_head, type, pos) VALUES (1355, "atindídu", "atindidu", "m", "a");
INSERT INTO `wced_translation` (entryid, translation) VALUES (1355, "attentive");
INSERT INTO `wced_entry` VALUES (1356, "atindir", "64", "<entry page=""64"" id=""1356""><form id=""atindir"" lang=""ceb"">atindir</form>
<hom role=""v""><pos>v</pos>
<sense n=""1""><number>1</number> <itype>[A2; b6]</itype><trans> <tr>attend</tr> classes or a meeting. </trans>
<eg><i lang=""ceb"">Kumpirinsyang ákung giatindiran (giatindihan),</i><trans> The conference I attended. </trans></eg>
</sense>
<sense n=""2""><number>2</number> <itype>[A; b5]</itype><trans> give one’s attention to s.t. </trans>
<eg><i lang=""ceb"">Dúna kuy asuntu nga atindihan (atindihun),</i><trans> I have a court case to attend to. </trans></eg>
<eg><i lang=""ceb"">Atindihi (atindiha) ang mga bisíta,</i><trans> Attend to the visitors.
</trans></eg>
</sense></hom></entry>");
INSERT INTO `wced_head` (entryid, head, normalized_head, type, pos) VALUES (1356, "atindir", "atindir", "m", "v");
INSERT INTO `wced_translation` (entryid, translation) VALUES (1356, "attend");
INSERT INTO `wced_entry` VALUES (1357, "atinsiyun", "64", "<entry page=""64"" id=""1357""><form id=""atinsiyun"" lang=""ceb"">atinsiyun</form>
<hom role=""n""><pos>n</pos>
<sense n=""1""><number>1</number><trans> <tr>attention</tr>, special care. </trans>
<eg><i lang=""ceb"">Nagkinahanglan ug atinsiyun ang masakitun,</i><trans> The patient needs special attention. </trans></eg>
</sense>
<sense n=""2""><number>2</number><trans> attention! </trans>
<eg><i lang=""ceb"">Atinsiyun mga sinyúris,</i><trans> Attention, Ladies and Gentlemen!
</trans></eg>
</sense></hom></entry>");
INSERT INTO `wced_head` (entryid, head, normalized_head, type, pos) VALUES (1357, "atinsiyun", "atinsiyun", "m", "n");
INSERT INTO `wced_translation` (entryid, translation) VALUES (1357, "attention");
INSERT INTO `wced_entry` VALUES (1358, "atip", "64", "<entry page=""64"" id=""1358""><form id=""axtip"" lang=""ceb"">átip</form>
<hom role=""v""><pos>v</pos>
<sense n=""0""> <itype>[A; c1]</itype><trans> </trans>
</sense>
<sense n=""1""><number>1</number><trans> <tr>join pieces</tr> by sewing, welding, or pasting. </trans>
<eg><i lang=""ceb"">Maátip pa kahà nang maáyu mang pagkagidlay?</i><trans> Do you think it can still be put back together in one piece? It is completely torn up. </trans></eg>
</sense>
<sense n=""2""><number>2</number><trans> put a crazy person in a kapok tree stock to cure him. </trans>
<eg><i lang=""ceb"">Atípa ang búang sa duldul,</i><trans> Put the crazy man in the stocks.
</trans></eg>
</sense></hom></entry>");
INSERT INTO `wced_head` (entryid, head, normalized_head, type, pos) VALUES (1358, "átip", "atip", "m", "v");
INSERT INTO `wced_translation` (entryid, translation) VALUES (1358, "join pieces");
INSERT INTO `wced_entry` VALUES (1359, "atipu, atipulu", "64", "<entry page=""64"" id=""1359""><form id=""atipux_atipuxlu"" lang=""ceb"">atipú, atipúlu</form>
<hom role=""n""><pos>n</pos>
<sense n=""0""><trans> name given to several large wild trees of the breadfruit family which have small to medium fruits, the seeds of which are eaten: <bio>Artocarpus spp</bio>.
</trans>
</sense></hom></entry>");
INSERT INTO `wced_head` (entryid, head, normalized_head, type, pos) VALUES (1359, "atipú", "atipu", "s", "n");
INSERT INTO `wced_head` (entryid, head, normalized_head, type, pos) VALUES (1359, "atipúlu", "atipulu", "s", "n");
INSERT INTO `wced_entry` VALUES (1360, "atis", "64", "<entry page=""64"" id=""1360""><form id=""axtis"" lang=""ceb"">átis</form>
<hom role=""n""><pos>n</pos>
<sense n=""1""><number>1</number><trans> <tr>sugar apple</tr>, a widely planted sweet fruit with numerous black seeds: <bio><corr sic=""Anona"">Annona</corr> squamosa</bio>. </trans>
</sense>
<sense n=""2""><number>2</number><trans> <tr>bruise</tr>, <tr>cussing out</tr>, or anything unpleasant that can be inflicted on one (slang). </trans>
<eg><i lang=""ceb"">Unsa bay sígig tagawtaw dihà. Mangáyù ka bag átis?</i><trans> What are you grumbling about. You want me to box you? </trans></eg>
<eg><i lang=""ceb"">Si Nanit hinúun walà kaáyu makatilaw ug átis,</i><trans> Nanette, however, escaped the cussing-out.
</trans></eg>
</sense></hom></entry>");
INSERT INTO `wced_head` (entryid, head, normalized_head, type, pos) VALUES (1360, "átis", "atis", "m", "n");
INSERT INTO `wced_translation` (entryid, translation) VALUES (1360, "sugar apple");
INSERT INTO `wced_translation` (entryid, translation) VALUES (1360, "bruise");
INSERT INTO `wced_translation` (entryid, translation) VALUES (1360, "cussing out");
INSERT INTO `wced_entry` VALUES (1361, "atlita", "64", "<entry page=""64"" id=""1361""><form id=""atlixta"" lang=""ceb"">atlíta</form>
<hom role=""n""><pos>n</pos>
<sense n=""0""><trans> <tr>athlete</tr>.
</trans>
</sense></hom></entry>");
INSERT INTO `wced_head` (entryid, head, normalized_head, type, pos) VALUES (1361, "atlíta", "atlita", "m", "n");
INSERT INTO `wced_translation` (entryid, translation) VALUES (1361, "athlete");
INSERT INTO `wced_entry` VALUES (1362, "atmuspira", "64", "<entry page=""64"" id=""1362""><form id=""atmuspixra"" lang=""ceb"">atmuspíra</form>
<hom role=""n""><pos>n</pos>
<sense n=""0""><trans> <tr>atmosphere</tr> surrounding the earth.
</trans>
</sense></hom></entry>");
INSERT INTO `wced_head` (entryid, head, normalized_head, type, pos) VALUES (1362, "atmuspíra", "atmuspira", "m", "n");
INSERT INTO `wced_translation` (entryid, translation) VALUES (1362, "atmosphere");
INSERT INTO `wced_entry` VALUES (1363, "atnga, atngal", "64", "<entry page=""64"" id=""1363""><form id=""atnga_atngal"" lang=""ceb"">atnga, atngal</form>
<hom role=""n""><pos>n</pos>
<sense n=""1""><number>1</number><trans> <tr>teat</tr>, <tr>nipple</tr>. </trans>
<eg><i lang=""ceb"">Gisakitan siya sa atngal human magpasúsu,</i><trans> Her nipples hurt after she suckled the baby. </trans></eg>
</sense>
<sense n=""2""><number>2</number><trans> the lower right-angled corner of a sack or one of the four corners of a pillow. </trans>
<eg><i lang=""ceb"">Ug mag-aswat mug sáku usa ninyu maggunit sa atngal,</i><trans> If you lift a sack, one of you hold the lower corner.
</trans></eg>
</sense></hom></entry>");
INSERT INTO `wced_head` (entryid, head, normalized_head, type, pos) VALUES (1363, "atnga", "atnga", "s", "n");
INSERT INTO `wced_head` (entryid, head, normalized_head, type, pos) VALUES (1363, "atngal", "atngal", "s", "n");
INSERT INTO `wced_translation` (entryid, translation) VALUES (1363, "teat");
INSERT INTO `wced_translation` (entryid, translation) VALUES (1363, "nipple");
INSERT INTO `wced_entry` VALUES (1364, "atngaw", "64", "<entry page=""64"" id=""1364""><form id=""atngaw"" lang=""ceb"">atngaw</form>
<hom>
<sense n=""0""><trans> = <xr lang=""ceb"" target=""#atngal""><sc>atngal</sc></xr>.
</trans>
</sense></hom></entry>");
INSERT INTO `wced_head` (entryid, head, normalized_head, type, pos) VALUES (1364, "atngaw", "atngaw", "m", "");
INSERT INTO `wced_entry` VALUES (1365, "atraka", "64", "<entry page=""64"" id=""1365""><form id=""atraxka"" lang=""ceb"">atráka</form>
<hom role=""v""><pos>v</pos>
<sense n=""0""> <itype>[A; a12]</itype><trans> </trans>
</sense>
<sense n=""1""><number>1</number><trans> <tr>get close</tr> to s.t. not easy to approach. </trans>
<eg><i lang=""ceb"">Mu rag dílì muatráka sa kaláyu ang mga bumbíru,</i><trans> It looks as though the firemen will not get close to the fire. </trans></eg>
<eg><i lang=""ceb"">Dì ku kaatráka níya kay dátù,</i><trans> I feel ashamed to <tr>approach</tr> her because she is rich. </trans></eg>
</sense>
<sense n=""2""><number>2</number><trans> attack a job with dispatch. </trans>
<eg><i lang=""ceb"">Ug dílì ka muatráka sa trabáhu, wà kay umintu,</i><trans> If you don’t do your work with dispatch, you won’t make progress. </trans></eg>
<eg><i lang=""ceb"">Atrakáha lang siya pagpaningil,</i><trans> Get in there and press her to pay you. </trans></eg>
</sense>
<sense n=""3""><number>3</number> <itype>[A2; a12]</itype><trans> hold one’s own in a conversation. </trans>
<eg><i lang=""ceb"">Burung. Dì kaatrákag kukabildu,</i><trans> She lacks social grace. She can’t keep a conversation going.
</trans></eg>
</sense></hom></entry>");
INSERT INTO `wced_head` (entryid, head, normalized_head, type, pos) VALUES (1365, "atráka", "atraka", "m", "v");
INSERT INTO `wced_translation` (entryid, translation) VALUES (1365, "get close");
INSERT INTO `wced_translation` (entryid, translation) VALUES (1365, "approach");
INSERT INTO `wced_entry` VALUES (1366, "atraksiyun", "64", "<entry page=""64"" id=""1366""><form id=""atraksiyun"" lang=""ceb"">atraksiyun</form>
<hom role=""n""><pos>n</pos>
<sense n=""0""><trans> <tr>attraction</tr>, s.t. that appeals. </trans>
<eg><i lang=""ceb"">Ang Luníta usa sa mga atraksiyun sa Manílà,</i><trans> The Luneta park is one of the attractions in Manila. </trans></eg>
<eg><i lang=""ceb"">Bisag unsáug arti, wà giyud kay atraksiyun,</i><trans> No matter how much you put on, you still don’t have sex-appeal.
</trans></eg>
</sense></hom></entry>");
INSERT INTO `wced_head` (entryid, head, normalized_head, type, pos) VALUES (1366, "atraksiyun", "atraksiyun", "m", "n");
INSERT INTO `wced_translation` (entryid, translation) VALUES (1366, "attraction");
INSERT INTO `wced_entry` VALUES (1367, "atraktibu", "64", "<entry page=""64"" id=""1367""><form id=""atraktixbu"" lang=""ceb"">atraktíbu</form>
<hom role=""a""><pos>a</pos>
<sense n=""0""><trans> <tr>attractive</tr>. </trans>
</sense></hom>
<hom role=""v""><pos>v</pos>
<sense n=""0""> <itype>[B12]</itype><trans> become attractive.
</trans>
</sense></hom></entry>");
INSERT INTO `wced_head` (entryid, head, normalized_head, type, pos) VALUES (1367, "atraktíbu", "atraktibu", "m", "av");
INSERT INTO `wced_translation` (entryid, translation) VALUES (1367, "attractive");
INSERT INTO `wced_entry` VALUES (1368, "atras", "64", "<entry page=""64"" id=""1368""><form id=""atras"" lang=""ceb"">atras</form>
<hom role=""n""><pos>n</pos>
<sense n=""1""><number>1</number><trans> <tr>rear wheel</tr>. </trans>
<eg><i lang=""ceb"">Nahyúsan mi sa atras,</i><trans> We had a flat tire in the rear. </trans></eg>
</sense>
<sense n=""2""><number>2</number><trans> <tr>rear</tr> part of vehicles. </trans>
<eg><i lang=""ceb"">Adtu ikarga sa atras,</i><trans> Load it in the back. </trans></eg>
</sense>
<sense n=""3""><number>3</number><trans> <tr>reverse gear</tr>. </trans>
<eg><i lang=""ceb"">Ang kambiyu dílì musulud sa atras,</i><trans> The gear won’t shift into reverse. </trans></eg>
</sense></hom>
<entry><form id=""atras_abanti"" lang=""ceb""><abbr expan=""atras"" type=""lemma"">—</abbr> abanti</form>
<hom role=""a""><pos>a</pos>
<sense n=""0""><trans> sewing machine capable of forward and backward movement. </trans>
</sense></hom>
<hom role=""v""><pos>v</pos>
<sense n=""0""> <itype>[A]</itype><trans> </trans>
</sense>
<sense n=""1""><number>1</number><trans> <tr>back up</tr> a vehicle. </trans>
<eg><i lang=""ceb"">Iatras ang trák,</i><trans> Back the truck up. </trans></eg>
</sense>
<sense n=""2""><number>2</number><trans> <tr>back out</tr> of an agreement. </trans>
<eg><i lang=""ceb"">Dì ku muatras sa átung sábut,</i><trans> I will not back out of our agreement. </trans></eg>
</sense>
<sense n=""3""><number>3</number><trans> <tr>give way</tr>, back off from. </trans>
<eg><i lang=""ceb"">Dì ta ka atrásan,</i><trans> I won’t <pb n=""65""/>give ground to you.†
</trans></eg>
</sense></hom></entry></entry>");
INSERT INTO `wced_head` (entryid, head, normalized_head, type, pos) VALUES (1368, "atras", "atras", "m", "n");
INSERT INTO `wced_head` (entryid, head, normalized_head, type, pos) VALUES (1368, "atras abanti", "atras abanti", "s", "av");
INSERT INTO `wced_translation` (entryid, translation) VALUES (1368, "rear wheel");
INSERT INTO `wced_translation` (entryid, translation) VALUES (1368, "rear");
INSERT INTO `wced_translation` (entryid, translation) VALUES (1368, "reverse gear");
INSERT INTO `wced_translation` (entryid, translation) VALUES (1368, "back up");
INSERT INTO `wced_translation` (entryid, translation) VALUES (1368, "back out");
INSERT INTO `wced_translation` (entryid, translation) VALUES (1368, "give way");
INSERT INTO `wced_entry` VALUES (1369, "atrasadu", "65", "<entry page=""65"" id=""1369""><form id=""atrasaxdu"" lang=""ceb"">atrasádu</form>
<hom role=""a""><pos>a</pos>
<sense n=""0""><trans> <tr>late</tr>, not on time. </trans>
<eg><i lang=""ceb"">Alas nuybi na, atrasádu ka kaáyu,</i><trans> It’s nine o’clock now. You’re very late. </trans></eg>
</sense></hom>
<hom role=""v""><pos>v</pos>
<sense n=""0""> <itype>[B123(1)6; a2b3]</itype><trans> be, late. </trans>
<eg><i lang=""ceb"">Atrasadúhun nátù ang átung paglarga,</i><trans> Let’s start late.
</trans></eg>
</sense></hom></entry>");
INSERT INTO `wced_head` (entryid, head, normalized_head, type, pos) VALUES (1369, "atrasádu", "atrasadu", "m", "av");
INSERT INTO `wced_translation` (entryid, translation) VALUES (1369, "late");
INSERT INTO `wced_entry` VALUES (1370, "atrasar", "65", "<entry page=""65"" id=""1370""><form id=""atrasar"" lang=""ceb"">atrasar</form>
<hom role=""v""><pos>v</pos>
<sense n=""0""> <itype>[AP; a2b3]</itype><trans> <tr>delay</tr> s.t. </trans>
<eg><i lang=""ceb"">Ayawg atrasara ang ákung paniudtu,</i><trans> Don’t delay my lunch. </trans></eg>
<eg><i lang=""ceb"">Unsa kahay naatrasahan ni Pípi?</i><trans> What could have delayed Pepe?
</trans></eg>
</sense></hom></entry>");
INSERT INTO `wced_head` (entryid, head, normalized_head, type, pos) VALUES (1370, "atrasar", "atrasar", "m", "v");
INSERT INTO `wced_translation` (entryid, translation) VALUES (1370, "delay");
INSERT INTO `wced_entry` VALUES (1371, "atrasawu", "65", "<entry page=""65"" id=""1371""><form id=""atrasaxwu"" lang=""ceb"">atrasáwu</form>
<hom>
<sense n=""0""><trans> = <xr lang=""ceb"" target=""#atrasaxdu""><sc>atrasádu</sc></xr>.
</trans>
</sense></hom></entry>");
INSERT INTO `wced_head` (entryid, head, normalized_head, type, pos) VALUES (1371, "atrasáwu", "atrasawu", "m", "");
INSERT INTO `wced_entry` VALUES (1372, "atrasu", "65", "<entry page=""65"" id=""1372""><form id=""atraxsu"" lang=""ceb"">atrásu</form>
<hom role=""v""><pos>v</pos>
<sense n=""0""> <itype>[AP; a12P]</itype><trans> </trans>
</sense>
<sense n=""1""><number>1</number><trans> = <xr lang=""ceb"" target=""#atrasar""><sc>atrasar</sc></xr>. </trans>
</sense>
<sense n=""2""><number>2</number><trans> cause s.t. to become delayed or get behindhand in fulfilling an obligation. </trans>
<eg><i lang=""ceb"">Ug maatrásu ta ug duha ka adlaw, dakù ang multa,</i><trans> There is a big fine if you are two days delinquent. </trans></eg>
</sense>
<sense n=""3a""><number>3a</number> <itype>[A12]</itype><trans> have done a wrong to s.o. which requires retribution. </trans>
<eg><i lang=""ceb"">Nakaatrásu ka nákù, panimaslan ta ka,</i><trans> You have done me a wrong. I’ll get revenge. </trans></eg>
</sense>
<sense n=""3b""><number>3b</number><trans> have a debt which one has failed to pay. </trans>
</sense></hom>
<hom role=""n""><pos>n</pos>
<sense n=""1a""><number>1a</number><trans> <tr>delay</tr>. </trans>
<eg><i lang=""ceb"">Ang atrásu nakapaalkansi námug dakù,</i><trans> The delay caused us great loss. </trans></eg>
</sense>
<sense n=""1b""><number>1b</number><trans> fine imposed for a delay. </trans>
</sense>
<sense n=""2""><number>2</number><trans> wrong done to s.o. </trans>
<eg><i lang=""ceb"">Unsay atrásu nákù nímu?</i><trans> What wrong have I done you?
</trans></eg>
</sense></hom></entry>");
INSERT INTO `wced_head` (entryid, head, normalized_head, type, pos) VALUES (1372, "atrásu", "atrasu", "m", "vn");
INSERT INTO `wced_translation` (entryid, translation) VALUES (1372, "delay");
INSERT INTO `wced_entry` VALUES (1373, "atribidu", "65", "<entry page=""65"" id=""1373""><form id=""atribixdu"" lang=""ceb"">atribídu</form>
<hom>
<sense n=""0""><trans> <ix>see</ix> <xr lang=""ceb"" target=""#atribir""><sc>atribir</sc></xr>.
</trans>
</sense></hom></entry>");
INSERT INTO `wced_head` (entryid, head, normalized_head, type, pos) VALUES (1373, "atribídu", "atribidu", "m", "");
INSERT INTO `wced_entry` VALUES (1374, "atribir", "65", "<entry page=""65"" id=""1374""><form id=""atribir"" lang=""ceb"">atribir</form>
<hom role=""v""><pos>v</pos>
<sense n=""0""> <itype>[A3]</itype><trans> do s.t. one has no business doing. </trans>
<eg><i lang=""ceb"">Kinsay nag-atribir ug arangka niíni?</i><trans> Who went and took this apart? </trans></eg>
</sense></hom>
<entry><form id=""pangatribir"" lang=""ceb""><abbr expan=""pangatribir"" type=""lemma"">paN-</abbr></form>
<hom role=""v""><pos>v</pos>
<sense n=""0""><trans> touch s.t. one has no business touching, mix into things not of one’s business. </trans>
<eg><i lang=""ceb"">Nangatribir ka pud sa ákung butang, ha?</i><trans> So you dared to touch my things, did you? </trans></eg>
</sense></hom></entry>
<entry><form id=""atribixdu"" lang=""ceb"">atribídu</form>
<hom role=""a""><pos>a</pos>
<sense n=""0""><trans> doing things one has no business doing. </trans>
<eg><i lang=""ceb"">Atribídu ka bisag dílì kamau,</i><trans> You take it on yourself even if you don’t know how. </trans></eg>
<eg><i lang=""ceb"">Atribídu ka sa mga áway bisag wà kay lábut,</i><trans> You mix into quarrels that are none of your business. </trans></eg>
</sense></hom>
<hom role=""v""><pos>v</pos>
<sense n=""0""> <itype>[B12]</itype><trans> get to be <ix>atribídu.</ix>
</trans>
</sense></hom></entry></entry>");
INSERT INTO `wced_head` (entryid, head, normalized_head, type, pos) VALUES (1374, "atribir", "atribir", "m", "v");
INSERT INTO `wced_head` (entryid, head, normalized_head, type, pos) VALUES (1374, "pangatribir", "pangatribir", "s", "v");
INSERT INTO `wced_head` (entryid, head, normalized_head, type, pos) VALUES (1374, "atribídu", "atribidu", "s", "av");
INSERT INTO `wced_entry` VALUES (1375, "atril1", "65", "<entry page=""65"" id=""1375""><form id=""atril"" lang=""ceb"">atril<sub>1</sub></form>
<hom role=""n""><pos>n</pos>
<sense n=""0""><trans> <tr>music stand</tr>, <tr>lectern</tr>. </trans>
</sense></hom>
<hom role=""v""><pos>v</pos>
<sense n=""0""> <itype>[A; c1]</itype><trans> use, use for a music stand, lectern. </trans>
<eg><i lang=""ceb"">Muatril ka pa nga namimurya na man nímu ang písa?</i><trans> Will you use a music stand even if you’ve memorized the piece?
</trans></eg>
</sense></hom></entry>");
INSERT INTO `wced_head` (entryid, head, normalized_head, type, pos) VALUES (1375, "atril", "atril", "s", "nv");
INSERT INTO `wced_translation` (entryid, translation) VALUES (1375, "music stand");
INSERT INTO `wced_translation` (entryid, translation) VALUES (1375, "lectern");
INSERT INTO `wced_entry` VALUES (1376, "atril2", "65", "<entry page=""65"" id=""1376""><form id=""atril2"" lang=""ceb"">atril<sub>2</sub></form>
<hom role=""v""><pos>v</pos>
<sense n=""0""> <itype>[B46; a12]</itype><trans> for dust, dirt to be thick. </trans>
<eg><i lang=""ceb"">Miatril ang abug paglabay sa trák,</i><trans> Dust filled the air when the bus passed. </trans></eg>
<eg><i lang=""ceb"">Nag-atril ang buling sa ímung tangkúgù,</i><trans> You have thick dirt on your nape.
</trans></eg>
</sense></hom></entry>");
INSERT INTO `wced_head` (entryid, head, normalized_head, type, pos) VALUES (1376, "atril", "atril", "s", "v");
INSERT INTO `wced_entry` VALUES (1377, "atripisyu, atripisyun", "65", "<entry page=""65"" id=""1377""><form id=""atripisyu_atripisyun"" lang=""ceb"">atripisyu, atripisyun</form>
<hom role=""n""><pos>n</pos>
<sense n=""0""><trans> s.t. one is occupied with temporarily or one’s work. </trans>
<eg><i lang=""ceb"">Pagpanágat mauy íyang atripisyu,</i><trans> Fishing is his occupation.
</trans></eg>
</sense></hom></entry>");
INSERT INTO `wced_head` (entryid, head, normalized_head, type, pos) VALUES (1377, "atripisyu", "atripisyu", "s", "n");
INSERT INTO `wced_head` (entryid, head, normalized_head, type, pos) VALUES (1377, "atripisyun", "atripisyun", "s", "n");
INSERT INTO `wced_entry` VALUES (1378, "atsa", "65", "<entry page=""65"" id=""1378""><form id=""atsa"" lang=""ceb"">atsa</form>
<hom role=""n""><pos>n</pos>
<sense n=""0""><trans> <tr>axe</tr>, <tr>hatchet</tr>. </trans>
</sense></hom>
<hom role=""v""><pos>v</pos>
<sense n=""1""><number>1</number> <itype>[A23; a12]</itype><trans> <tr>hit</tr>, <tr>chop</tr> s.t. with an ax. </trans>
<eg><i lang=""ceb"">Aku lay muatsa ánang irúa ug mabúang nà,</i><trans> I will hit that dog with an axe if it has distemper. </trans></eg>
</sense>
<sense n=""2""><number>2</number> <itype>[a12]</itype><trans> make into an axe.†
</trans>
</sense></hom></entry>");
INSERT INTO `wced_head` (entryid, head, normalized_head, type, pos) VALUES (1378, "atsa", "atsa", "m", "nv");
INSERT INTO `wced_translation` (entryid, translation) VALUES (1378, "axe");
INSERT INTO `wced_translation` (entryid, translation) VALUES (1378, "hatchet");
INSERT INTO `wced_translation` (entryid, translation) VALUES (1378, "hit");
INSERT INTO `wced_translation` (entryid, translation) VALUES (1378, "chop");
INSERT INTO `wced_entry` VALUES (1379, "atsaatsa", "65", "<entry page=""65"" id=""1379""><form id=""atsaatsa"" lang=""ceb"">atsaatsa</form>
<hom role=""v""><pos>v</pos>
<sense n=""0""> <itype>[B1]</itype><trans> be hard pressed doing s.t. because of its being more than one can handle. </trans>
<eg><i lang=""ceb"">Nagkaatsaatsa kug pangítag ikabáyad sa ákung mga útang,</i><trans> I am going crazy trying to look for money to pay my debts.
</trans></eg>
</sense></hom></entry>");
INSERT INTO `wced_head` (entryid, head, normalized_head, type, pos) VALUES (1379, "atsaatsa", "atsaatsa", "m", "v");
INSERT INTO `wced_entry` VALUES (1380, "atsal", "65", "<entry page=""65"" id=""1380""><form id=""atsal"" lang=""ceb"">atsal</form>
<hom role=""n""><pos>n</pos>
<sense n=""1""><number>1</number><trans> <tr>pickles</tr> made of shredded green papaya and various other vegetables cut in slivers. </trans>
</sense>
<sense n=""2""><number>2</number><trans> name given to various varieties of large <tr>peppers</tr>, e.g., sweet pepper, long hot pepper: <bio>Capsicum annuum</bio>. </trans>
</sense></hom>
<hom role=""v""><pos>v</pos>
<sense n=""1""><number>1</number> <itype>[A; a12]</itype><trans> make papaya pickles. </trans>
</sense>
<sense n=""2""><number>2</number> <itype>[A1; b6]</itype><trans> cook sweet pepper, put sweet peppers into s.t.
</trans>
</sense></hom></entry>");
INSERT INTO `wced_head` (entryid, head, normalized_head, type, pos) VALUES (1380, "atsal", "atsal", "m", "nv");
INSERT INTO `wced_translation` (entryid, translation) VALUES (1380, "pickles");
INSERT INTO `wced_translation` (entryid, translation) VALUES (1380, "peppers");
INSERT INTO `wced_entry` VALUES (1381, "atsar", "65", "<entry page=""65"" id=""1381""><form id=""atsar"" lang=""ceb"">atsar</form>
<hom>
<sense n=""0""><trans> = <xr lang=""ceb"" target=""#atsal""><sc>atsal</sc></xr>.
</trans>
</sense></hom></entry>");
INSERT INTO `wced_head` (entryid, head, normalized_head, type, pos) VALUES (1381, "atsar", "atsar", "m", "");
INSERT INTO `wced_entry` VALUES (1382, "atsara", "65", "<entry page=""65"" id=""1382""><form id=""atsaxra"" lang=""ceb"">atsára</form>
<hom>
<sense n=""0""><trans> = <xr lang=""ceb"" target=""#atsal""><sc>atsal</sc></xr>, <ix>1.</ix>
</trans>
</sense></hom></entry>");
INSERT INTO `wced_head` (entryid, head, normalized_head, type, pos) VALUES (1382, "atsára", "atsara", "m", "");
INSERT INTO `wced_entry` VALUES (1383, "atsay1", "65", "<entry page=""65"" id=""1383""><form id=""atsay"" lang=""ceb"">atsay<sub>1</sub></form>
<hom role=""n""><pos>n</pos>
<sense n=""1""><number>1</number><trans> <tr>kept woman</tr>, <tr>paramour</tr> (coarse). </trans>
</sense>
<sense n=""2""><number>2</number><trans> <tr>maid of all work</tr>, <tr>servant</tr> (coarse). </trans>
</sense></hom>
<hom role=""v""><pos>v</pos>
<sense n=""1""><number>1</number> <itype>[A12B; a2]</itype><trans> become a mistress, manage to get a mistress. </trans>
<eg><i lang=""ceb"">Nakaatsay na kug mistísa, Dung,</i><trans> Let me tell you, son, I have already had a mistress of Spanish blood. </trans></eg>
<eg><i lang=""ceb"">Giatsayan ka lang nákù. Tinúud kung asáwa, arun ka masáyud,</i><trans> You think I’m your mistress? Well, in case you didn’t know, I’m your wife. </trans></eg>
</sense>
<sense n=""2""><number>2</number> <itype>[A3; a2]</itype><trans> be paid female help. </trans>
<eg><i lang=""ceb"">Nakaatsay na ku sa tagasinyur istap,</i><trans> I’ve already tasted what it’s like to be a helper to the Senior Staff.
</trans></eg>
</sense></hom></entry>");
INSERT INTO `wced_head` (entryid, head, normalized_head, type, pos) VALUES (1383, "atsay", "atsay", "s", "nv");
INSERT INTO `wced_translation` (entryid, translation) VALUES (1383, "kept woman");
INSERT INTO `wced_translation` (entryid, translation) VALUES (1383, "paramour");
INSERT INTO `wced_translation` (entryid, translation) VALUES (1383, "maid of all work");
INSERT INTO `wced_translation` (entryid, translation) VALUES (1383, "servant");
INSERT INTO `wced_entry` VALUES (1384, "*atsay2", "65", "<entry page=""65"" id=""1384""><form id=""xxatsay2"" lang=""ceb"">*atsay<sub>2</sub></form>
<entry><form id=""giatsay"" lang=""ceb""><abbr expan=""giatsay"" type=""lemma"">gi-</abbr></form>
<hom>
<sense n=""0""><trans> euphemism for <ix>giátay,</ix> an expression of displeasure at s.o.’s behavior. </trans>
<eg><i lang=""ceb"">Giatsay ka ba nga natúlug ka man dihà?</i><trans> What are you doing sleeping there? Are you crazy?
</trans></eg>
</sense></hom></entry></entry>");
INSERT INTO `wced_head` (entryid, head, normalized_head, type, pos) VALUES (1384, "atsay", "atsay", "s", "");
INSERT INTO `wced_head` (entryid, head, normalized_head, type, pos) VALUES (1384, "giatsay", "giatsay", "s", "");
INSERT INTO `wced_entry` VALUES (1385, "atsi1", "65", "<entry page=""65"" id=""1385""><form id=""atsi"" lang=""ceb"">atsi<sub>1</sub></form>
<hom role=""n""><pos>n</pos>
<sense n=""0""><trans> name of letter H.
</trans>
</sense></hom></entry>");
INSERT INTO `wced_head` (entryid, head, normalized_head, type, pos) VALUES (1385, "atsi", "atsi", "s", "n");
INSERT INTO `wced_entry` VALUES (1386, "atsi2", "65", "<entry page=""65"" id=""1386""><form id=""atsi2"" lang=""ceb"">atsi<sub>2</sub></form>
<hom role=""n""><pos>n</pos>
<sense n=""0""><trans> <tr>sneeze</tr>, act of <tr>sneezing</tr>. </trans>
</sense></hom>
<hom role=""v""><pos>v</pos>
<sense n=""0""> <itype>[A2N; b6]</itype><trans> <tr>sneeze</tr>. </trans>
<eg><i lang=""ceb"">Ug muatsi (mangatsi) ka, panap-ung sa ímung bàbà,</i><trans> If you sneeze, cover your mouth.
</trans></eg>
</sense></hom></entry>");
INSERT INTO `wced_head` (entryid, head, normalized_head, type, pos) VALUES (1386, "atsi", "atsi", "s", "nv");
INSERT INTO `wced_translation` (entryid, translation) VALUES (1386, "sneeze");
INSERT INTO `wced_translation` (entryid, translation) VALUES (1386, "sneezing");
INSERT INTO `wced_entry` VALUES (1387, "atsuytis", "65", "<entry page=""65"" id=""1387""><form id=""atsuytis"" lang=""ceb"">atsuytis</form>
<hom>
<sense n=""0""><trans> = <xr lang=""ceb"" target=""#asyuxtis""><sc>asyútis</sc></xr>.
</trans>
</sense></hom></entry>");
INSERT INTO `wced_head` (entryid, head, normalized_head, type, pos) VALUES (1387, "atsuytis", "atsuytis", "m", "");
INSERT INTO `wced_entry` VALUES (1388, "atu", "65", "<entry page=""65"" id=""1388""><form id=""atu"" lang=""ceb"">atu</form>
<hom role=""v""><pos>v</pos>
<sense n=""0""> <itype>[A12; a12]</itype><trans> keep up doing s.t. to things as they come up. </trans>
<eg><i lang=""ceb"">Makaatu ka ba sa mga balayranan sa iskuyláhan?</i><trans> Can you keep up with the school fees? </trans></eg>
<eg><i lang=""ceb"">Atuhun nímug laba ang mga bulingun,</i><trans> You should wash the soiled clothes as soon as they get dirty.
</trans></eg>
</sense></hom></entry>");
INSERT INTO `wced_head` (entryid, head, normalized_head, type, pos) VALUES (1388, "atu", "atu", "m", "v");
INSERT INTO `wced_entry` VALUES (1389, "atu", "65", "<entry page=""65"" id=""1389""><form id=""axtu"" lang=""ceb"">átu</form>
<hom>
<sense n=""0""><trans> = <xr lang=""ceb"" target=""#adtu""><sc>adtu</sc></xr>.
</trans>
</sense></hom></entry>");
INSERT INTO `wced_head` (entryid, head, normalized_head, type, pos) VALUES (1389, "átu", "atu", "m", "");
INSERT INTO `wced_entry` VALUES (1390, "atu", "65", "<entry page=""65"" id=""1390""><form id=""axtuq"" lang=""ceb"">átù</form>
<hom>
<sense n=""0""><trans> <ix>see</ix> <xr lang=""ceb"" target=""#kita""><sc>kita</sc></xr>.
</trans>
</sense></hom></entry>");
INSERT INTO `wced_head` (entryid, head, normalized_head, type, pos) VALUES (1390, "átù", "atu", "m", "");
INSERT INTO `wced_entry` VALUES (1391, "atua", "65", "<entry page=""65"" id=""1391""><form id=""atuxa"" lang=""ceb"">atúa</form>
<hom>
<sense n=""0""><trans> <ix>short form:</ix> <bx>túa</bx> <tr>is there</tr>, <tr>far away</tr>. </trans>
<eg><i lang=""ceb"">Atúa (túa) pa ba siya puyù sa Manílà?</i><trans> Does he still live (there) in Manila? </trans></eg>
<eg><i lang=""ceb"">Tua na. Bag-u pa siyang milakaw,</i><trans> He’s gone (lit. over there). He just left.
</trans></eg>
</sense></hom></entry>");
INSERT INTO `wced_head` (entryid, head, normalized_head, type, pos) VALUES (1391, "atúa", "atua", "m", "");
INSERT INTO `wced_translation` (entryid, translation) VALUES (1391, "is there");
INSERT INTO `wced_translation` (entryid, translation) VALUES (1391, "far away");
INSERT INTO `wced_entry` VALUES (1392, "atub1", "65", "<entry page=""65"" id=""1392""><form id=""axtub"" lang=""ceb"">átub<sub>1</sub></form>
<hom role=""n""><pos>n</pos>
<sense n=""1""><number>1</number><trans> stone prison cell. </trans>
</sense>
<sense n=""2""><number>2</number><trans> pile of stones put s.w. to attract fish and crabs and get them where they can be readily found. </trans>
</sense>
<sense n=""3""><number>3</number><trans> pit with a flimsy top for trapping animals. </trans>
</sense></hom>
<hom role=""v""><pos>v</pos>
<sense n=""1""><number>1</number> <itype>[A1; a]</itype><trans> construct an <ix>átub.</ix> </trans>
</sense>
<sense n=""2""><number>2</number> <itype>[A2N; a1]</itype><trans> trap in a pitfall. </trans>
<eg><i lang=""ceb"">Nakaátub (nakapangátub) mig bábuy ihálas,</i><trans> We trapped a wild pig in <pb n=""66""/>a pitfall.
</trans></eg>
</sense></hom></entry>");
INSERT INTO `wced_head` (entryid, head, normalized_head, type, pos) VALUES (1392, "átub", "atub", "s", "nv");
INSERT INTO `wced_entry` VALUES (1393, "atub2", "66", "<entry page=""66"" id=""1393""><form id=""axtub2"" lang=""ceb"">átub<sub>2</sub></form>
<hom role=""v""><pos>v</pos>
<sense n=""0""> <itype>[A; b5]</itype><trans> <tr>soak</tr> maguey leaves in the sea to soften them. </trans>
<eg><i lang=""ceb"">Atúban (atúbun) ang magay unyà labhan,</i><trans> Maguey leaves are soaked and the flesh is washed off.
</trans></eg>
</sense></hom></entry>");
INSERT INTO `wced_head` (entryid, head, normalized_head, type, pos) VALUES (1393, "átub", "atub", "s", "v");
INSERT INTO `wced_translation` (entryid, translation) VALUES (1393, "soak");
INSERT INTO `wced_entry` VALUES (1394, "atub3", "66", "<entry page=""66"" id=""1394""><form id=""axtub3"" lang=""ceb"">átub<sub>3</sub></form>
<hom role=""v""><pos>v</pos>
<sense n=""0""> <itype>[A3; b6]</itype><trans> fall in great quantities. </trans>
<eg><i lang=""ceb"">Miátub ang bumba sa syudad,</i><trans> Bombs rained on the city. </trans></eg>
<eg><i lang=""ceb"">Nag-átub ang ulan,</i><trans> The rain was pouring down. </trans></eg>
</sense></hom>
<entry><form id=""paaxtub"" lang=""ceb""><abbr expan=""paátub"" type=""lemma"">pa-</abbr></form>
<hom role=""v""><pos>v</pos>
<sense n=""0""> <itype>[A3]</itype><trans> </trans>
</sense>
<sense n=""1""><number>1</number><trans> expose oneself to a downpour. </trans>
</sense>
<sense n=""2""><number>2</number><trans> expose oneself to danger. </trans>
<eg><i lang=""ceb"">Hiilugan ka sa búlag magpaátub ka,</i><trans> They’ll get the ball away from you if you just stand there.
</trans></eg>
</sense></hom></entry></entry>");
INSERT INTO `wced_head` (entryid, head, normalized_head, type, pos) VALUES (1394, "átub", "atub", "s", "v");
INSERT INTO `wced_head` (entryid, head, normalized_head, type, pos) VALUES (1394, "paátub", "paatub", "s", "v");
INSERT INTO `wced_entry` VALUES (1395, "atubang", "66", "<entry page=""66"" id=""1395""><form id=""atubang"" lang=""ceb"">atubang</form>
<hom role=""v""><pos>v</pos>
<sense n=""1""><number>1</number> <itype>[A; c1]</itype><trans> <tr>face</tr> towards. </trans>
<eg><i lang=""ceb"">Sígi ka lang nag-atubang sa ispíhu,</i><trans> You’re always looking at yourself in (lit. facing) the mirror. </trans></eg>
<eg><i lang=""ceb"">Iatubang ang ispíhu ngari,</i><trans> Face the mirror this way. </trans></eg>
</sense>
<sense n=""2""><number>2</number> <itype>[A2; a12]</itype><trans> set oneself to doing s.t. as it needs to be done. </trans>
<eg><i lang=""ceb"">Daghan akung buluhatung atubangun,</i><trans> I have lots of work to do. </trans></eg>
<eg><i lang=""ceb"">Atubangun kug báyad ang instulmin,</i><trans> I’ll pay the installments as they come up. </trans></eg>
</sense></hom>
<entry><form id=""atuxbang"" lang=""ceb""><abbr expan=""atúbang"" type=""lemma"">(←)</abbr></form>
<hom role=""v""><pos>v</pos>
<sense n=""1""><number>1</number> <itype>[A3C; c3]</itype><trans> be face to face with s.o. </trans>
<eg><i lang=""ceb"">Nag-atúbang silag lingkud,</i><trans> They were sitting face to face. </trans></eg>
</sense>
<sense n=""2""><number>2</number> <itype>[A3; a12]</itype><trans> <tr>receive</tr>, <tr>entertain</tr> visitors. </trans>
<eg><i lang=""ceb"">Kinahanglan atubángun ang mamisíta,</i><trans> If s.o. visits you, you have to receive him. </trans></eg>
</sense>
<sense n=""3""><number>3</number> <itype>[AN2; a12]</itype><trans> go see s.o. to talk things over. </trans>
<eg><i lang=""ceb"">Ikaw bay muatúbang (mangatúbang) sa hípi?</i><trans> Will you go to see the chief to talk things over? </trans></eg>
<eg><i lang=""ceb"">Kinsay ákung atubángun (pangatubángun)?</i><trans> Who shall I go to see to talk it over with? </trans></eg>
</sense>
<sense n=""3a""><number>3a</number><trans> <tr>speak</tr> for a girl’s hand. </trans>
<eg><i lang=""ceb"">Sa pamaláyi ang dakung táwu mauy mangatúbang,</i><trans> In arranging a marriage, the intermediary will speak to her parents. </trans></eg>
</sense></hom></entry>
<entry><form id=""paatubang"" lang=""ceb""><abbr expan=""paatubang"" type=""lemma"">pa-</abbr></form>
<hom>
<sense n=""0""><trans> <tr>towards</tr>, in a direction to. </trans>
</sense></hom>
<hom role=""v""><pos>v</pos>
<sense n=""0""> <itype>[A; c1]</itype><trans> go in a direction to (lit. make oneself face). </trans>
<eg><i lang=""ceb"">Nagdagan si Pidru nagpaatubang sa baybay,</i><trans> Peter was running toward the shore. </trans></eg>
<eg><i lang=""ceb"">Paatubanga ang barútu sa píliw,</i><trans> Head the boat for the shallows. </trans></eg>
</sense></hom></entry>
<entry><form id=""atubangay"" lang=""ceb""><abbr expan=""atubangay"" type=""lemma"">-ay</abbr></form>
<hom role=""v""><pos>v</pos>
<sense n=""0""> <itype>[C]</itype><trans> meet face to face in a confrontation. </trans>
</sense></hom></entry>
<entry><form id=""atubangan"" lang=""ceb""><abbr expan=""atubangan"" type=""lemma"">-an</abbr></form>
<hom role=""n""><pos>n</pos>
<sense n=""0""><trans> <tr>genitalia</tr> usually female (euphemism). </trans>
</sense></hom></entry>
<entry><form id=""atubaxngan"" lang=""ceb""><abbr expan=""atubángan"" type=""lemma"">-an(←)</abbr></form>
<hom>
<sense n=""1""><number>1</number><trans> place in front of, in the face of. </trans>
<eg><i lang=""ceb"">Wà giyud siya mag-usab atubángan sa mapait nga kalisud,</i><trans> He hasn’t changed in the face of bitter difficulties. </trans></eg>
<eg><i lang=""ceb"">Ang irù túa gihukut sa atubángan,</i><trans> The dog is tied in the front yard. </trans></eg>
<eg><i lang=""ceb"">Gibundak níya ang libru sa ákung atubángan,</i><trans> He banged the book down in my presence. </trans></eg>
</sense>
<sense n=""2""><number>2</number><trans> = <xr lang=""ceb"" target=""#atubangan""><sc>atubangan</sc></xr>.
</trans>
</sense></hom></entry></entry>");
INSERT INTO `wced_head` (entryid, head, normalized_head, type, pos) VALUES (1395, "atubang", "atubang", "m", "v");
INSERT INTO `wced_head` (entryid, head, normalized_head, type, pos) VALUES (1395, "atúbang", "atubang", "s", "v");
INSERT INTO `wced_head` (entryid, head, normalized_head, type, pos) VALUES (1395, "paatubang", "paatubang", "s", "v");
INSERT INTO `wced_head` (entryid, head, normalized_head, type, pos) VALUES (1395, "atubangay", "atubangay", "s", "v");
INSERT INTO `wced_head` (entryid, head, normalized_head, type, pos) VALUES (1395, "atubangan", "atubangan", "s", "n");
INSERT INTO `wced_head` (entryid, head, normalized_head, type, pos) VALUES (1395, "atubángan", "atubangan", "s", "");
INSERT INTO `wced_translation` (entryid, translation) VALUES (1395, "face");
INSERT INTO `wced_translation` (entryid, translation) VALUES (1395, "receive");
INSERT INTO `wced_translation` (entryid, translation) VALUES (1395, "entertain");
INSERT INTO `wced_translation` (entryid, translation) VALUES (1395, "speak");
INSERT INTO `wced_translation` (entryid, translation) VALUES (1395, "towards");
INSERT INTO `wced_translation` (entryid, translation) VALUES (1395, "genitalia");
INSERT INTO `wced_entry` VALUES (1396, "atud", "66", "<entry page=""66"" id=""1396""><form id=""axtud"" lang=""ceb"">átud</form>
<hom>
<sense n=""0""><trans> particle showing displeasure (euphemism for <ix>giátay</ix>). </trans>
<eg><i lang=""ceb"">Átud, nawà man ta,</i><trans> Darn! We are lost. </trans></eg>
</sense></hom>
<entry><form id=""giaxtud"" lang=""ceb""><abbr expan=""giátud"" type=""lemma"">gi-</abbr></form>
<hom>
<sense n=""0""><trans> <tr>darn</tr>! </trans>
<eg><i lang=""ceb"">Giátud ka bang nangindiyan ka man,</i><trans> Darn you! You didn’t show up for our date.
</trans></eg>
</sense></hom></entry></entry>");
INSERT INTO `wced_head` (entryid, head, normalized_head, type, pos) VALUES (1396, "átud", "atud", "m", "");
INSERT INTO `wced_head` (entryid, head, normalized_head, type, pos) VALUES (1396, "giátud", "giatud", "s", "");
INSERT INTO `wced_translation` (entryid, translation) VALUES (1396, "darn");
INSERT INTO `wced_entry` VALUES (1397, "atug", "66", "<entry page=""66"" id=""1397""><form id=""atug"" lang=""ceb"">atug</form>
<hom role=""n""><pos>n</pos>
<sense n=""0""><trans> <tr>clitoris</tr>. </trans>
</sense></hom>
<entry><form id=""taas_ug_atug"" lang=""ceb"">taas ug <abbr expan=""atug"" type=""lemma"">—</abbr></form>
<hom>
<sense n=""0""><trans> having a shrill voice (humorous).
</trans>
</sense></hom></entry></entry>");
INSERT INTO `wced_head` (entryid, head, normalized_head, type, pos) VALUES (1397, "atug", "atug", "m", "n");
INSERT INTO `wced_head` (entryid, head, normalized_head, type, pos) VALUES (1397, "taas ug atug", "taas ug atug", "s", "");
INSERT INTO `wced_translation` (entryid, translation) VALUES (1397, "clitoris");
INSERT INTO `wced_entry` VALUES (1398, "atug-atug", "66", "<entry page=""66"" id=""1398""><form id=""atug-atug"" lang=""ceb"">atug-atug</form>
<hom role=""v""><pos>v</pos>
<sense n=""0""> <itype>[AP; a]</itype><trans> presume to take responsibility or present oneself and one’s services unasked. </trans>
<eg><i lang=""ceb"">Nakaatug-atug (nakapaatug-atug) si Píli pagtábang sa táwu kay nalúuy siya,</i><trans> Fely forced her help on the man unasked because she pitied him.
</trans></eg>
</sense></hom></entry>");
INSERT INTO `wced_head` (entryid, head, normalized_head, type, pos) VALUES (1398, "atug-atug", "atug-atug", "m", "v");
INSERT INTO `wced_entry` VALUES (1399, "atul", "66", "<entry page=""66"" id=""1399""><form id=""atul"" lang=""ceb"">atul</form>
<hom>
<sense n=""0""><trans> <tr>coincide</tr> in time. </trans>
<eg><i lang=""ceb"">Ang íyang adlaw atul sa bag-ung túig,</i><trans> His birthday coincides with New Year’s. </trans></eg>
</sense></hom>
<hom role=""v""><pos>v</pos>
<sense n=""1""><number>1</number> <itype>[A2C; c1]</itype><trans> do s.t. at the same time as s.t. else happens. </trans>
<eg><i lang=""ceb"">Dì ka muatul ug labang ug dúnay awtung muági,</i><trans> Do not cross at the same time that there’s a car coming. </trans></eg>
<eg><i lang=""ceb"">Nag-átul mig pamisíta sa ka Lusing,</i><trans> We happened to visit Lucing at the same time. </trans></eg>
<eg><i lang=""ceb"">Atulun (iatul) nílag pangáun ang pamisíta,</i><trans> They make their visits coincide with mealtime. </trans></eg>
</sense>
<sense n=""2""><number>2</number> <itype>[b2]</itype><trans> for s.t. to happen to one coincidentally with s.t. else. </trans>
<eg><i lang=""ceb"">Hiatlan mig ulan sa Magalyánis,</i><trans> We were caught in the rain downtown. </trans></eg>
<eg><i lang=""ceb"">Naatlan níya si Bin nga bugnaw ang úlu,</i><trans> This time, she chanced to come on Ben while he was cool-headed.
</trans></eg>
</sense></hom></entry>");
INSERT INTO `wced_head` (entryid, head, normalized_head, type, pos) VALUES (1399, "atul", "atul", "m", "v");
INSERT INTO `wced_translation` (entryid, translation) VALUES (1399, "coincide");
INSERT INTO `wced_entry` VALUES (1400, "atuli", "66", "<entry page=""66"" id=""1400""><form id=""atuli"" lang=""ceb"">atuli</form>
<hom role=""n""><pos>n</pos>
<sense n=""1""><number>1</number><trans> <tr>earwax</tr>. </trans>
</sense>
<sense n=""2""><number>2</number><trans> materials like earwax. </trans>
</sense>
<sense n=""a""><number>a</number><trans> yellow paste. </trans>
</sense>
<sense n=""b""><number>b</number><trans> tobacco tars. </trans>
</sense>
<sense n=""c""><number>c</number><trans> yellow, hardened grease sticking in corners of machinery. </trans>
</sense></hom>
<hom role=""v""><pos>v</pos>
<sense n=""0""> <itype>[A; ac1]</itype><trans> make, apply paste to. </trans>
<eg><i lang=""ceb"">Nagkayabkáyab nang mga drúwing sa bungbung. Iatuli (atuliha) ra,</i><trans> The drawings are flapping up and down on the wall. Paste them down. </trans></eg>
</sense></hom>
<entry><form id=""axtuli"" lang=""ceb""><abbr expan=""átuli"" type=""lemma"">(←)</abbr></form>
<hom>
<sense n=""0""><trans> = <xr lang=""ceb"" target=""#atuli""><sc>atuli</sc></xr>, <ix>2a.</ix> </trans>
</sense></hom></entry>
<entry><form id=""pangatuli"" lang=""ceb""><abbr expan=""pangatuli"" type=""lemma"">paN-</abbr></form>
<hom role=""v""><pos>v</pos>
<sense n=""0""><trans> = <xr lang=""ceb"" target=""#panghiatuli""><sc><abbr expan=""panghiatuli"" type=""lemma"">panghiN-</abbr></sc></xr>. </trans>
</sense></hom></entry>
<entry><form id=""hingatuli"" lang=""ceb""><abbr expan=""hingatuli"" type=""lemma"">hiN-</abbr></form>
<hom role=""n""><pos>n</pos>
<sense n=""0""><trans> instrument for getting earwax out. </trans>
</sense></hom>
<hom role=""v""><pos>v</pos>
<sense n=""0""> <itype>[A; b(1)]</itype><trans> remove earwax. </trans>
<eg><i lang=""ceb"">Akuy muhingatuli sa bátà,</i><trans> I will remove the child’s earwax. </trans></eg>
</sense></hom></entry>
<entry><form id=""panghingatuli"" lang=""ceb""><abbr expan=""panghingatuli"" type=""lemma"">panghiN-</abbr></form>
<hom role=""v""><pos>v</pos>
<sense n=""0""> <itype>[A2; b(1)]</itype><trans> remove one’s earwax. </trans>
<eg><i lang=""ceb"">Dílì maáyung manghingatuli sa kadaghánan,</i><trans> It’s not good to remove one’s earwax in public.
</trans></eg>
</sense></hom></entry></entry>");
INSERT INTO `wced_head` (entryid, head, normalized_head, type, pos) VALUES (1400, "atuli", "atuli", "m", "nv");
INSERT INTO `wced_head` (entryid, head, normalized_head, type, pos) VALUES (1400, "átuli", "atuli", "s", "");
INSERT INTO `wced_head` (entryid, head, normalized_head, type, pos) VALUES (1400, "pangatuli", "pangatuli", "s", "v");
INSERT INTO `wced_head` (entryid, head, normalized_head, type, pos) VALUES (1400, "hingatuli", "hingatuli", "s", "nv");
INSERT INTO `wced_head` (entryid, head, normalized_head, type, pos) VALUES (1400, "panghingatuli", "panghingatuli", "s", "v");
INSERT INTO `wced_translation` (entryid, translation) VALUES (1400, "earwax");
INSERT INTO `wced_entry` VALUES (1401, "atum1", "66", "<entry page=""66"" id=""1401""><form id=""axtum"" lang=""ceb"">átum<sub>1</sub></form>
<hom role=""n""><pos>n</pos>
<sense n=""0""><trans> <tr>atom</tr>.
</trans>
</sense></hom></entry>");
INSERT INTO `wced_head` (entryid, head, normalized_head, type, pos) VALUES (1401, "átum", "atum", "s", "n");
INSERT INTO `wced_translation` (entryid, translation) VALUES (1401, "atom");
INSERT INTO `wced_entry` VALUES (1402, "*atum2", "66", "<entry page=""66"" id=""1402""><form id=""xxaxtum2"" lang=""ceb"">*átum<sub>2</sub></form>
<entry><form id=""atum-atum"" lang=""ceb"">atum-atum</form>
<hom>
<sense n=""1""><number>1</number><trans> = <xr lang=""ceb"" target=""#atug-atug""><sc>atug-atug</sc></xr>. </trans>
</sense>
<sense n=""2""><number>2</number> <itype>[A; a]</itype><trans> attach undue importance to s.t., pay s.t. heed which is not worth it. </trans>
<eg><i lang=""ceb"">Ang muatum-atum sa sulti sa gamayng bátà buang,</i><trans> Whoever gives importance to everything a child says is a fool. </trans></eg>
<eg><i lang=""ceb"">Sigíhan man kug súngug, nakaatum-atum ku,</i><trans> They teased me mercilessly, so I rose to the bait. </trans></eg>
</sense>
<sense n=""3""><number>3</number><trans> = <xr lang=""ceb"" target=""#pangarasti""><sc>pangarasti</sc></xr>. <ix>see</ix> <xr lang=""ceb"" target=""#xxarasti""><sc>*arasti</sc></xr>. </trans>
</sense></hom></entry>
<entry><form id=""atum-atumun"" lang=""ceb"">atum-atumun</form>
<hom role=""a""><pos>a</pos>
<sense n=""0""><trans> tending to give undue importance to s.t. </trans>
</sense></hom></entry>
<entry><form id=""axtumay"" lang=""ceb""><abbr expan=""átumay"" type=""lemma"">-ay</abbr></form>
<hom role=""v""><pos>v</pos>
<sense n=""0""> <itype>[A; ab5]</itype><trans> give s.t. careful and diligent attention. </trans>
<eg><i lang=""ceb"">Kinahanglan atumáyun ang mga ginikánan sa ílang pagkatigúlang,</i><trans> One should give good care to his parents in their old age. </trans></eg>
<eg><i lang=""ceb"">Láin man ang ímung giatumáyan (giatúmay), dílì ang gisúgù nímu,</i><trans> Instead of sticking to your chores, your attention was elsewhere.
</trans></eg>
</sense></hom></entry></entry>");
INSERT INTO `wced_head` (entryid, head, normalized_head, type, pos) VALUES (1402, "átum", "atum", "s", "");
INSERT INTO `wced_head` (entryid, head, normalized_head, type, pos) VALUES (1402, "atum-atum", "atum-atum", "s", "");
INSERT INTO `wced_head` (entryid, head, normalized_head, type, pos) VALUES (1402, "atum-atumun", "atum-atumun", "s", "a");
INSERT INTO `wced_head` (entryid, head, normalized_head, type, pos) VALUES (1402, "átumay", "atumay", "s", "v");
INSERT INTO `wced_entry` VALUES (1403, "atumatik", "66", "<entry page=""66"" id=""1403""><form id=""atumaxtik"" lang=""ceb"">atumátik</form>
<hom role=""n""><pos>n</pos>
<sense n=""1""><number>1</number><trans> s.t. <tr>automatic</tr>. </trans>
<eg><i lang=""ceb"">Atumátik ning ákung kamira,</i><trans> My camera is automatic. </trans></eg>
</sense>
<sense n=""2""><number>2</number><trans> <pb n=""67""/>automatic pistol. </trans>
</sense>
<sense n=""3""><number>3</number><trans> <tr>snap fastener</tr> for clothing. </trans>
</sense></hom>
<hom role=""v""><pos>v</pos>
<sense n=""0""> <itype>[A; b6(1)]</itype><trans> attach, close a snap fastener. </trans>
<eg><i lang=""ceb"">Atumatíki ang likud,</i><trans> Put a snap fastener on the back (or snap the back).
</trans></eg>
</sense></hom></entry>");
INSERT INTO `wced_head` (entryid, head, normalized_head, type, pos) VALUES (1403, "atumátik", "atumatik", "m", "nv");
INSERT INTO `wced_translation` (entryid, translation) VALUES (1403, "automatic");
INSERT INTO `wced_translation` (entryid, translation) VALUES (1403, "snap fastener");
INSERT INTO `wced_entry` VALUES (1404, "*atumik", "67", "<entry page=""67"" id=""1404""><form id=""xxatuxmik"" lang=""ceb"">*atúmik</form>
<entry><form id=""atuxmik_bam"" lang=""ceb""><abbr expan=""atúmik"" type=""lemma"">—</abbr> bam</form>
<hom>
<sense n=""0""><trans> <tr>atom bomb</tr>. </trans>
</sense></hom></entry>
<entry><form id=""atuxmik_ids"" lang=""ceb""><abbr expan=""atúmik"" type=""lemma"">—</abbr> ids</form>
<hom>
<sense n=""0""><trans> <tr>atomic age</tr>.
</trans>
</sense></hom></entry></entry>");
INSERT INTO `wced_head` (entryid, head, normalized_head, type, pos) VALUES (1404, "atúmik", "atumik", "s", "");
INSERT INTO `wced_head` (entryid, head, normalized_head, type, pos) VALUES (1404, "atúmik bam", "atumik bam", "s", "");
INSERT INTO `wced_head` (entryid, head, normalized_head, type, pos) VALUES (1404, "atúmik ids", "atumik ids", "s", "");
INSERT INTO `wced_translation` (entryid, translation) VALUES (1404, "atom bomb");
INSERT INTO `wced_translation` (entryid, translation) VALUES (1404, "atomic age");
INSERT INTO `wced_entry` VALUES (1405, "atumika", "67", "<entry page=""67"" id=""1405""><form id=""atumika"" lang=""ceb"">atumika</form>
<hom role=""a""><pos><corr sic=""n"">a</corr></pos>
<sense n=""0""><trans> <tr>atomic</tr>, <tr>nuclear</tr>. </trans>
<eg><i lang=""ceb"">Bumba atumika,</i><trans> Atomic bomb.
</trans></eg>
</sense></hom></entry>");
INSERT INTO `wced_head` (entryid, head, normalized_head, type, pos) VALUES (1405, "atumika", "atumika", "m", "a");
INSERT INTO `wced_translation` (entryid, translation) VALUES (1405, "atomic");
INSERT INTO `wced_translation` (entryid, translation) VALUES (1405, "nuclear");
INSERT INTO `wced_entry` VALUES (1406, "atung", "67", "<entry page=""67"" id=""1406""><form id=""atung"" lang=""ceb"">atung</form>
<hom>
<sense n=""0""><trans> = <xr lang=""ceb"" target=""#atang""><sc>atang</sc></xr>.
</trans>
</sense></hom></entry>");
INSERT INTO `wced_head` (entryid, head, normalized_head, type, pos) VALUES (1406, "atung", "atung", "m", "");
INSERT INTO `wced_entry` VALUES (1407, "atup", "67", "<entry page=""67"" id=""1407""><form id=""atup"" lang=""ceb"">atup</form>
<hom role=""n""><pos>n</pos>
<sense n=""1""><number>1</number><trans> <tr>roof</tr>. </trans>
</sense>
<sense n=""2""><number>2</number><trans> paper <tr>covering</tr> for a kite. </trans>
</sense></hom>
<hom role=""v""><pos>v</pos>
<sense n=""0""> <itype>[A; c]</itype><trans> </trans>
</sense>
<sense n=""1""><number>1</number><trans> put a roof. </trans>
<eg><i lang=""ceb"">Aptan (atpan) tag sín ímung balay,</i><trans> We’ll put a galvanized iron roof on your house. </trans></eg>
</sense>
<sense n=""2""><number>2</number><trans> <tr>cover</tr> a kite.

</trans>
</sense></hom></entry>");
INSERT INTO `wced_head` (entryid, head, normalized_head, type, pos) VALUES (1407, "atup", "atup", "m", "nv");
INSERT INTO `wced_translation` (entryid, translation) VALUES (1407, "roof");
INSERT INTO `wced_translation` (entryid, translation) VALUES (1407, "covering");
INSERT INTO `wced_translation` (entryid, translation) VALUES (1407, "cover");
INSERT INTO `wced_entry` VALUES (1408, "atup-atup1", "67", "<entry page=""67"" id=""1408""><form id=""atup-atup"" lang=""ceb"">atup-atup<sub>1</sub></form>
<hom role=""n""><pos>n</pos>
<sense n=""0""><trans> k.o. roundish sea crab around nine square inches<corr> in size</corr> with scalloped edges.
</trans>
</sense></hom></entry>");
INSERT INTO `wced_head` (entryid, head, normalized_head, type, pos) VALUES (1408, "atup-atup", "atup-atup", "s", "n");
INSERT INTO `wced_entry` VALUES (1409, "aturga, aturgar", "67", "<entry page=""67"" id=""1409""><form id=""aturga_aturga4r"" lang=""ceb"">aturga, aturgǎr</form>
<hom role=""v""><pos>v</pos>
<sense n=""0""> <itype>[AN; b5]</itype><trans> take on responsibility, assume work without being asked to. </trans>
<eg><i lang=""ceb"">Giaturgǎr (giaturgaran, giaturgahan) nákù ang pagdáwat sa urdir,</i><trans> I took on the responsibility of receiving the order.
</trans></eg>
</sense></hom></entry>");
INSERT INTO `wced_head` (entryid, head, normalized_head, type, pos) VALUES (1409, "aturga", "aturga", "s", "v");
INSERT INTO `wced_head` (entryid, head, normalized_head, type, pos) VALUES (1409, "aturgǎr", "aturgar", "s", "v");
INSERT INTO `wced_entry` VALUES (1410, "aturni", "67", "<entry page=""67"" id=""1410""><form id=""aturni"" lang=""ceb"">aturni</form>
<hom role=""n""><pos>n</pos>
<sense n=""1""><number>1</number><trans> public <tr>attorney</tr>, lawyer. </trans>
</sense>
<sense n=""2""><number>2</number><trans> <ix>short form:</ix> <bx>turni</bx> title of address for lawyers. </trans>
<eg><i lang=""ceb"">Maáyung buntag, turni,</i><trans> Good morning, Attorney. </trans></eg>
</sense></hom>
<hom role=""v""><pos>v</pos>
<sense n=""0""> <itype>[B15]</itype><trans> be, become an attorney.
</trans>
</sense></hom></entry>");
INSERT INTO `wced_head` (entryid, head, normalized_head, type, pos) VALUES (1410, "aturni", "aturni", "m", "nv");
INSERT INTO `wced_translation` (entryid, translation) VALUES (1410, "attorney");
INSERT INTO `wced_entry` VALUES (1411, "atutung", "67", "<entry page=""67"" id=""1411""><form id=""atutung"" lang=""ceb"">atutung</form>
<hom role=""n""><pos>n</pos>
<sense n=""0""><trans> blackening of the teeth. </trans>
</sense></hom>
<hom role=""v""><pos>v</pos>
<sense n=""0""> <itype>[A123P; a4]</itype><trans> get blackened teeth. </trans>
<eg><i lang=""ceb"">Ug dì ta manipilyu atutungun ta,</i><trans> If you don’t brush your teeth, you’ll get black spots on them. </trans></eg>
</sense></hom>
<entry><form id=""katutung"" lang=""ceb""><abbr expan=""katutung"" type=""lemma"">ka-</abbr></form>
<hom role=""v""><pos>v</pos>
<sense n=""0""> <itype>[A13]</itype><trans> having black spots on the teeth. </trans>
<eg><i lang=""ceb"">Nagkaatutung íyang ngípun,</i><trans> His teeth has black places all over them.
</trans></eg>
</sense></hom></entry></entry>");
INSERT INTO `wced_head` (entryid, head, normalized_head, type, pos) VALUES (1411, "atutung", "atutung", "m", "nv");
INSERT INTO `wced_head` (entryid, head, normalized_head, type, pos) VALUES (1411, "katutung", "katutung", "s", "v");
INSERT INTO `wced_entry` VALUES (1412, "aw, aw", "67", "<entry page=""67"" id=""1412""><form id=""aw_aqw"" lang=""ceb"">aw, àw</form>
<hom>
<sense n=""1""><number>1</number><trans> particle preceding a statement made to correct oneself. </trans>
<eg><i lang=""ceb"">Tagdus písus, aw, dus singkwinta diay,</i><trans> It’s two, I mean, two-fifty. </trans></eg>
</sense>
<sense n=""1a""><number>1a</number><trans> particle preceding an afterthought. </trans>
<eg><i lang=""ceb"">Aw kanà lang diay, ímu na nà,</i><trans> Oh that. You can have that. </trans></eg>
</sense>
<sense n=""2""><number>2</number><trans> particle preceding a statement or question meaning ‘is that so?’ and shows surprise. </trans>
<eg><i lang=""ceb"">Aw, mau diay nà?</i><trans> Oh! Is that so! </trans></eg>
</sense>
<sense n=""3""><number>3</number><trans> pause word before starting to speak. </trans>
<eg><i lang=""ceb"">Aw, makahímù ba tag gáwì sa ímung tilipunu?</i><trans> Er, may I use your phone? </trans></eg>
</sense>
<sense n=""4""><number>4</number><trans> particle preceding a predetermined answer: ‘of course’. </trans>
<eg><i lang=""ceb"">Aw, ú. Mabalibáran ba gud nà nákù?</i><trans> Yes, of course. How could I refuse that!
</trans></eg>
</sense></hom></entry>");
INSERT INTO `wced_head` (entryid, head, normalized_head, type, pos) VALUES (1412, "aw", "aw", "s", "");
INSERT INTO `wced_head` (entryid, head, normalized_head, type, pos) VALUES (1412, "àw", "aw", "s", "");
INSERT INTO `wced_entry` VALUES (1413, "awa1", "67", "<entry page=""67"" id=""1413""><form id=""axwaq"" lang=""ceb"">áwà<sub>1</sub></form>
<hom role=""n""><pos>n</pos>
<sense n=""0""><trans> k.o. fish, the ten-pounder: <bio>Elops hawaiensis</bio>.
</trans>
</sense></hom></entry>");
INSERT INTO `wced_head` (entryid, head, normalized_head, type, pos) VALUES (1413, "áwà", "awa", "s", "n");
INSERT INTO `wced_entry` VALUES (1414, "awa2", "67", "<entry page=""67"" id=""1414""><form id=""axwaq2"" lang=""ceb"">áwà<sub>2</sub></form>
<hom role=""v""><pos>v</pos>
<sense n=""1""><number>1</number> <itype>[B126; b5c1]</itype><trans> <tr>envy</tr>, be jealous. </trans>
<eg><i lang=""ceb"">Ngánung maáwà ka man sa ímung igsúun?</i><trans> Why should you be jealous of your sister? </trans></eg>
<eg><i lang=""ceb"">Makaáwà man nang ímung kahimtang,</i><trans> Your circumstances inspire envy. </trans></eg>
<eg><i lang=""ceb"">Dílì man nà ángay awáun (awáan, iáwà),</i><trans> That is not worth envying. </trans></eg>
</sense>
<sense n=""2""><number>2</number> <itype>[B1; b5c1]</itype><trans> <tr>be worried</tr>. </trans>
<eg><i lang=""ceb"">Mag-áwà man ka nga wà may nahinabù?</i><trans> Why are you worried when nothing terrible has happened?
</trans></eg>
</sense></hom></entry>");
INSERT INTO `wced_head` (entryid, head, normalized_head, type, pos) VALUES (1414, "áwà", "awa", "s", "v");
INSERT INTO `wced_translation` (entryid, translation) VALUES (1414, "envy");
INSERT INTO `wced_translation` (entryid, translation) VALUES (1414, "be worried");
INSERT INTO `wced_entry` VALUES (1415, "awaaw", "67", "<entry page=""67"" id=""1415""><form id=""awaxaw"" lang=""ceb"">awáaw</form>
<hom role=""a""><pos>a</pos>
<sense n=""0""><trans> <tr>deserted place</tr>. </trans>
<eg><i lang=""ceb"">Giatángan sila sa dapit nga awáaw,</i><trans> They were ambushed at the remote and lonely spot. </trans></eg>
</sense></hom>
<hom role=""v""><pos>v</pos>
<sense n=""0""> <itype>[B]</itype><trans> be, become deserted and lonely.
</trans>
</sense></hom></entry>");
INSERT INTO `wced_head` (entryid, head, normalized_head, type, pos) VALUES (1415, "awáaw", "awaaw", "m", "av");
INSERT INTO `wced_translation` (entryid, translation) VALUES (1415, "deserted place");
INSERT INTO `wced_entry` VALUES (1416, "awahi", "67", "<entry page=""67"" id=""1416""><form id=""awahi"" lang=""ceb"">awahi</form>
<hom>
<sense n=""0""><trans> = <xr lang=""ceb"" target=""#ulahi""><sc>ulahi</sc></xr>.
</trans>
</sense></hom></entry>");
INSERT INTO `wced_head` (entryid, head, normalized_head, type, pos) VALUES (1416, "awahi", "awahi", "m", "");
INSERT INTO `wced_entry` VALUES (1417, "awak", "67", "<entry page=""67"" id=""1417""><form id=""axwak"" lang=""ceb"">áwak</form>
<hom role=""n""><pos>n</pos>
<sense n=""0""><trans> continuous <tr>vaginal bleeding</tr>, severe or slight. </trans>
</sense></hom>
<hom role=""v""><pos>v</pos>
<sense n=""0""> <itype>[A123P; a4b4]</itype><trans> have continuous vaginal bleeding. </trans>
<eg><i lang=""ceb"">Giáwak (giawákan) ka na ba sukad?</i><trans> Did you ever suffer continuous vaginal bleeding?
</trans></eg>
</sense></hom></entry>");
INSERT INTO `wced_head` (entryid, head, normalized_head, type, pos) VALUES (1417, "áwak", "awak", "m", "nv");
INSERT INTO `wced_translation` (entryid, translation) VALUES (1417, "vaginal bleeding");
INSERT INTO `wced_entry` VALUES (1418, "awang1", "67", "<entry page=""67"" id=""1418""><form id=""awang"" lang=""ceb"">awang<sub>1</sub></form>
<hom role=""n""><pos>n</pos>
<sense n=""0""><trans> space between the upper two front teeth. In folk belief, a woman is thought to be oversexed if she has this gap. </trans>
</sense></hom>
<hom role=""v""><pos>v</pos>
<sense n=""0""> <itype>[b4]</itype><trans> for s.o. to have a wide gap between the two front teeth. </trans>
<eg><i lang=""ceb"">Birgatinya kunu ang babáying awangan,</i><trans> They say that a woman is oversexed if she has a wide gap between her two front teeth.
</trans></eg>
</sense></hom></entry>");
INSERT INTO `wced_head` (entryid, head, normalized_head, type, pos) VALUES (1418, "awang", "awang", "s", "nv");
INSERT INTO `wced_entry` VALUES (1419, "awang2", "67", "<entry page=""67"" id=""1419""><form id=""awang2"" lang=""ceb"">awang<sub>2</sub></form>
<hom role=""n""><pos>n</pos>
<sense n=""0""><trans> k.o. small fresh-water crab that is edible.
</trans>
</sense></hom></entry>");
INSERT INTO `wced_head` (entryid, head, normalized_head, type, pos) VALUES (1419, "awang", "awang", "s", "n");
INSERT INTO `wced_entry` VALUES (1420, "awas", "67", "<entry page=""67"" id=""1420""><form id=""axwas"" lang=""ceb"">áwas</form>
<hom role=""v""><pos>v</pos>
<sense n=""1""><number>1</number> <itype>[A2S; b6]</itype><trans> for liquid to <tr>boil over</tr>, spill over the top of a container. </trans>
<eg><i lang=""ceb"">Muáwas ang sabaw,</i><trans> The soup will boil over. </trans></eg>
<eg><i lang=""ceb"">Nag-awas ang túbig sa baldi,</i><trans> The water in the pail is running over. </trans></eg>
</sense>
<sense n=""1a""><number>1a</number> <itype>[b4]</itype><trans> have <tr>wet dreams</tr>. </trans>
<eg><i lang=""ceb"">Awásan siyag magabíi,</i><trans> He has wet dreams at night. </trans></eg>
</sense>
<sense n=""1b""><number>1b</number> <itype>[B256]</itype><trans> <form id=""axwas_sa_kalindaryu"" lang=""ceb""><abbr expan=""áwas"" type=""lemma"">—</abbr> sa kalindaryu</form> pass thirty (Lit. go over the number in the calendar—slang). </trans>
<eg><i lang=""ceb"">Miáwas (naáwas) na lang síya sa kalindaryu, wà pa giyud maminyù,</i><trans> She is past thirty and still hasn’t gotten married. </trans></eg>
</sense>
<sense n=""2""><number>2</number> <itype>[A2S]</itype><trans> for blows to miss the mark. </trans>
<eg><i lang=""ceb"">Muáwas lang ang kúmù kay maáyung mulikay ang kuntra,</i><trans> Since his opponent dodge well his fist won’t hit the mark. </trans></eg>
</sense></hom>
<entry><form id=""paaxwas"" lang=""ceb""><abbr expan=""paáwas"" type=""lemma"">pa-</abbr></form>
<hom role=""v""><pos>v</pos>
<sense n=""0""> <itype>[A; a12]</itype><trans> <tr>parry</tr>, <tr>ward off</tr> blows. </trans>
<eg><i lang=""ceb"">Paawásun níya ang pipila ka sukmag úsà siya mubálus,</i><trans> He will ward off several blows before he retaliates. </trans></eg>
</sense></hom></entry>
<entry><form id=""awas"" lang=""ceb""><abbr expan=""awas"" type=""lemma"">(→)</abbr></form>
<hom role=""a""><pos>a</pos>
<sense n=""0""><trans> abundant to overflowing. </trans>
<eg><i lang=""ceb"">Ang Hapun karun awas sa mga pruduktu,</i><trans> Japan has products in abundance. </trans></eg>
</sense></hom></entry>
<entry><form id=""awas_ug_paxlad_awasan_ug_paxlad"" lang=""ceb""><abbr expan=""awas ug pálad"" type=""lemma"">—</abbr>, <abbr expan=""awasan"" type=""lemma"">-an(→)</abbr> ug pálad</form>
<hom>
<sense n=""0""><trans> <tr>spendthrift</tr>, <tr>extravagant</tr>. </trans>
</sense></hom></entry>
<entry><form id=""awasan_sa_apdu"" lang=""ceb""><abbr expan=""awasan"" type=""lemma"">-an(→)</abbr> sa apdu</form>
<hom>
<sense n=""0""><trans> k.o. sickness. </trans>
</sense></hom></entry>
<entry><form id=""awasaxnan"" lang=""ceb"">awasánan</form>
<hom role=""n""><pos>n</pos>
<sense n=""0""><trans> down spout of a roof gutter.
</trans>
</sense></hom></entry></entry>");
INSERT INTO `wced_head` (entryid, head, normalized_head, type, pos) VALUES (1420, "áwas", "awas", "m", "v");
INSERT INTO `wced_head` (entryid, head, normalized_head, type, pos) VALUES (1420, "áwas sa kalindaryu", "awas sa kalindaryu", "s", "");
INSERT INTO `wced_head` (entryid, head, normalized_head, type, pos) VALUES (1420, "paáwas", "paawas", "s", "v");
INSERT INTO `wced_head` (entryid, head, normalized_head, type, pos) VALUES (1420, "awas", "awas", "s", "a");
INSERT INTO `wced_head` (entryid, head, normalized_head, type, pos) VALUES (1420, "awas ug pálad", "awas ug palad", "s", "");
INSERT INTO `wced_head` (entryid, head, normalized_head, type, pos) VALUES (1420, "awasan ug pálad", "awasan ug palad", "s", "");
INSERT INTO `wced_head` (entryid, head, normalized_head, type, pos) VALUES (1420, "awasan sa apdu", "awasan sa apdu", "s", "");
INSERT INTO `wced_head` (entryid, head, normalized_head, type, pos) VALUES (1420, "awasánan", "awasanan", "s", "n");
INSERT INTO `wced_translation` (entryid, translation) VALUES (1420, "boil over");
INSERT INTO `wced_translation` (entryid, translation) VALUES (1420, "wet dreams");
INSERT INTO `wced_translation` (entryid, translation) VALUES (1420, "parry");
INSERT INTO `wced_translation` (entryid, translation) VALUES (1420, "ward off");
INSERT INTO `wced_translation` (entryid, translation) VALUES (1420, "spendthrift");
INSERT INTO `wced_translation` (entryid, translation) VALUES (1420, "extravagant");
INSERT INTO `wced_entry` VALUES (1421, "awat, awat1", "67", "<entry page=""67"" id=""1421""><form id=""awat_axwat"" lang=""ceb"">awat, áwat<sub>1</sub></form>
<hom role=""v""><pos>v</pos>
<sense n=""0""> <itype>[A; ac]</itype><trans> <tr>imitate</tr>, <tr>follow after</tr>. </trans>
<eg><i lang=""ceb"">Kusug kitang muawat sa múda sa mga kanù,</i><trans> We are quick to imitate American fashions. </trans></eg>
<eg><i lang=""ceb"">Awata ang ákung linaktan,</i><trans> Imitate my way of walking. </trans></eg>
<eg><i lang=""ceb"">Iawat ang ímung linihukan sa ákù,</i><trans> Make your movements be like mine.
</trans></eg>
</sense></hom></entry>");
INSERT INTO `wced_head` (entryid, head, normalized_head, type, pos) VALUES (1421, "awat", "awat", "s", "v");
INSERT INTO `wced_head` (entryid, head, normalized_head, type, pos) VALUES (1421, "áwat", "awat", "s", "v");
INSERT INTO `wced_translation` (entryid, translation) VALUES (1421, "imitate");
INSERT INTO `wced_translation` (entryid, translation) VALUES (1421, "follow after");
INSERT INTO `wced_entry` VALUES (1422, "awat2", "67", "<entry page=""67"" id=""1422""><form id=""axwat2"" lang=""ceb"">áwat<sub>2</sub></form>
<hom role=""v""><pos>v</pos>
<sense n=""0""> <itype>[A; a12]</itype><trans> part or disengage persons fighting. </trans>
<eg><i lang=""ceb"">Awáta sila kay magpatyanay unyà,</i><trans> Break them up because they might kill each other.
</trans></eg>
</sense></hom></entry>");
INSERT INTO `wced_head` (entryid, head, normalized_head, type, pos) VALUES (1422, "áwat", "awat", "s", "v");
INSERT INTO `wced_entry` VALUES (1423, "aw-aw", "67", "<entry page=""67"" id=""1423""><form id=""aw-aw"" lang=""ceb"">aw-aw</form>
<hom role=""v""><pos>v</pos>
<sense n=""0""> <itype>[A; ab2]</itype><trans> <tr>bark</tr>. </trans>
<eg><i lang=""ceb"">Ay lag dágan ug aw-áwun (hiaw-awan) ka sa irù,</i><trans> Don’t run if the dog barks at you. </trans></eg>
</sense></hom>
<hom role=""n""><pos>n</pos>
<sense n=""0""><trans> dish prepared from dog meat (slang). </trans>
<eg><i lang=""ceb"">Aw-aw ang ílang gisumsum,</i><trans> <pb n=""68""/>They had dog meat to go with their drinks.
</trans></eg>
</sense></hom></entry>");
INSERT INTO `wced_head` (entryid, head, normalized_head, type, pos) VALUES (1423, "aw-aw", "aw-aw", "m", "vn");
INSERT INTO `wced_translation` (entryid, translation) VALUES (1423, "bark");
INSERT INTO `wced_entry` VALUES (1424, "away", "68", "<entry page=""68"" id=""1424""><form id=""axway"" lang=""ceb"">áway</form>
<hom role=""v""><pos>v</pos>
<sense n=""0""> <itype>[AC; a12b3]</itype><trans> <tr>quarrel</tr>, <tr>fight</tr>. </trans>
<eg><i lang=""ceb"">Awáyun ta ka run,</i><trans> I will quarrel with you. </trans></eg>
<eg><i lang=""ceb"">Ug dì madalag sulti, átù ning awáyun,</i><trans> We’ll fight it out if we can’t talk it out. </trans></eg>
<eg><i lang=""ceb"">Unsa may inyung giawáyan?</i><trans> What are you two quarreling about? </trans></eg>
<eg><i lang=""ceb"">Ang pátag nga ílang gipanag-awáyan,</i><trans> The plains where they did battle. </trans></eg>
<eg><i lang=""ceb"">Gikaáway ku siya,</i><trans> I had a fight with him. </trans></eg>
</sense></hom>
<hom role=""n""><pos>n</pos>
<sense n=""0""><trans> <tr>fight</tr>, <tr>quarrel</tr>. </trans>
</sense></hom>
<entry><form id=""awayan"" lang=""ceb""><abbr expan=""awayan"" type=""lemma"">-an(→)</abbr></form>
<hom role=""n""><pos>n</pos>
<sense n=""0""><trans> in a game, a piece used to hit off others or used to determine the first performer of the game. </trans>
</sense></hom></entry>
<entry><form id=""kaaxway"" lang=""ceb""><abbr expan=""kaáway"" type=""lemma"">ka-</abbr></form>
<hom role=""n""><pos>n</pos>
<sense n=""0""><trans> <tr>enemy</tr>. </trans>
</sense></hom></entry>
<entry><form id=""palaaway"" lang=""ceb""><abbr expan=""palaaway"" type=""lemma"">pala-(→)</abbr></form>
<hom role=""a""><pos>a</pos>
<sense n=""0""><trans> <tr>quarrelsome</tr>. </trans>
<eg><i lang=""ceb"">Dì ku makigdúlà nímu kay palaaway ka,</i><trans> I will not play with you because you’re quarrelsome. </trans></eg>
</sense></hom>
<hom role=""v""><pos>v</pos>
<sense n=""0""> <itype>[B12]</itype><trans> become quarrelsome.
</trans>
</sense></hom></entry></entry>");
INSERT INTO `wced_head` (entryid, head, normalized_head, type, pos) VALUES (1424, "áway", "away", "m", "vn");
INSERT INTO `wced_head` (entryid, head, normalized_head, type, pos) VALUES (1424, "awayan", "awayan", "s", "n");
INSERT INTO `wced_head` (entryid, head, normalized_head, type, pos) VALUES (1424, "kaáway", "kaaway", "s", "n");
INSERT INTO `wced_head` (entryid, head, normalized_head, type, pos) VALUES (1424, "palaaway", "palaaway", "s", "av");
INSERT INTO `wced_translation` (entryid, translation) VALUES (1424, "quarrel");
INSERT INTO `wced_translation` (entryid, translation) VALUES (1424, "fight");
INSERT INTO `wced_translation` (entryid, translation) VALUES (1424, "enemy");
INSERT INTO `wced_translation` (entryid, translation) VALUES (1424, "quarrelsome");
INSERT INTO `wced_entry` VALUES (1425, "awdisyun", "68", "<entry page=""68"" id=""1425""><form id=""awdisyun"" lang=""ceb"">awdisyun</form>
<hom role=""n""><pos>n</pos>
<sense n=""0""><trans> <tr>audition</tr>. </trans>
</sense></hom>
<hom role=""v""><pos>v</pos>
<sense n=""0""> <itype>[A; a12]</itype><trans> <tr>audition</tr>.
</trans>
</sense></hom></entry>");
INSERT INTO `wced_head` (entryid, head, normalized_head, type, pos) VALUES (1425, "awdisyun", "awdisyun", "m", "nv");
INSERT INTO `wced_translation` (entryid, translation) VALUES (1425, "audition");
INSERT INTO `wced_entry` VALUES (1426, "awditibu", "68", "<entry page=""68"" id=""1426""><form id=""awditixbu"" lang=""ceb"">awditíbu</form>
<hom role=""n""><pos>n</pos>
<sense n=""0""><trans> <tr>telephone receiver</tr>.
</trans>
</sense></hom></entry>");
INSERT INTO `wced_head` (entryid, head, normalized_head, type, pos) VALUES (1426, "awditíbu", "awditibu", "m", "n");
INSERT INTO `wced_translation` (entryid, translation) VALUES (1426, "telephone receiver");
INSERT INTO `wced_entry` VALUES (1427, "awditur", "68", "<entry page=""68"" id=""1427""><form id=""awditur"" lang=""ceb"">awditur</form>
<hom role=""n""><pos>n</pos>
<sense n=""0""><trans> <tr>auditor</tr>.
</trans>
</sense></hom></entry>");
INSERT INTO `wced_head` (entryid, head, normalized_head, type, pos) VALUES (1427, "awditur", "awditur", "m", "n");
INSERT INTO `wced_translation` (entryid, translation) VALUES (1427, "auditor");
INSERT INTO `wced_entry` VALUES (1428, "awdituryum", "68", "<entry page=""68"" id=""1428""><form id=""awdituryum"" lang=""ceb"">awdituryum</form>
<hom role=""n""><pos>n</pos>
<sense n=""0""><trans> <tr>auditorium</tr>.
</trans>
</sense></hom></entry>");
INSERT INTO `wced_head` (entryid, head, normalized_head, type, pos) VALUES (1428, "awdituryum", "awdituryum", "m", "n");
INSERT INTO `wced_translation` (entryid, translation) VALUES (1428, "auditorium");
INSERT INTO `wced_entry` VALUES (1429, "awgid", "68", "<entry page=""68"" id=""1429""><form id=""awgid"" lang=""ceb"">awgid</form>
<hom>
<sense n=""0""><trans> = <xr lang=""ceb"" target=""#amgid""><sc>amgid</sc></xr>.
</trans>
</sense></hom></entry>");
INSERT INTO `wced_head` (entryid, head, normalized_head, type, pos) VALUES (1429, "awgid", "awgid", "m", "");
INSERT INTO `wced_entry` VALUES (1430, "awhag", "68", "<entry page=""68"" id=""1430""><form id=""awhag"" lang=""ceb"">awhag</form>
<hom role=""v""><pos>v</pos>
<sense n=""0""> <itype>[A; b5]</itype><trans> <tr>urge</tr> s.o. to do s.t. </trans>
<eg><i lang=""ceb"">Miawhag námù ang pulis sa pagpadágan ug hínay,</i><trans> The police urged us to drive slowly. </trans></eg>
<eg><i lang=""ceb"">Awhágun (awhágan) ta mu sa pagdagínut,</i><trans> I urge you to economize. </trans></eg>
</sense></hom>
<entry><form id=""maawhaxgun"" lang=""ceb""><abbr expan=""maawhágun"" type=""lemma"">ma-un</abbr></form>
<hom role=""a""><pos>a</pos>
<sense n=""0""><trans> <tr>persuasive</tr>, <tr>urging</tr>. </trans>
<eg><i lang=""ceb"">Maawhágung mga púlung,</i><trans> Words of persuasion.†
</trans></eg>
</sense></hom></entry></entry>");
INSERT INTO `wced_head` (entryid, head, normalized_head, type, pos) VALUES (1430, "awhag", "awhag", "m", "v");
INSERT INTO `wced_head` (entryid, head, normalized_head, type, pos) VALUES (1430, "maawhágun", "maawhagun", "s", "a");
INSERT INTO `wced_translation` (entryid, translation) VALUES (1430, "urge");
INSERT INTO `wced_translation` (entryid, translation) VALUES (1430, "persuasive");
INSERT INTO `wced_translation` (entryid, translation) VALUES (1430, "urging");
INSERT INTO `wced_entry` VALUES (1431, "awhu", "68", "<entry page=""68"" id=""1431""><form id=""awhu"" lang=""ceb"">awhu</form>
<hom role=""n""><pos>n</pos>
<sense n=""0""><trans> k.o. <tr>barracuda</tr>.
</trans>
</sense></hom></entry>");
INSERT INTO `wced_head` (entryid, head, normalized_head, type, pos) VALUES (1431, "awhu", "awhu", "m", "n");
INSERT INTO `wced_translation` (entryid, translation) VALUES (1431, "barracuda");
INSERT INTO `wced_entry` VALUES (1432, "awihaw", "68", "<entry page=""68"" id=""1432""><form id=""awixhaw"" lang=""ceb"">awíhaw</form>
<hom>
<sense n=""0""><trans> = <xr lang=""ceb"" target=""#aluwixhaw""><sc>aluwíhaw</sc></xr>.
</trans>
</sense></hom></entry>");
INSERT INTO `wced_head` (entryid, head, normalized_head, type, pos) VALUES (1432, "awíhaw", "awihaw", "m", "");
INSERT INTO `wced_entry` VALUES (1433, "awil", "68", "<entry page=""68"" id=""1433""><form id=""axwil"" lang=""ceb"">áwil</form>
<hom role=""v""><pos>v</pos>
<sense n=""0""> <itype>[A; b]</itype><trans> <tr>paddle</tr> a boat to make it stay in place. </trans>
<eg><i lang=""ceb"">Awíli ang sakayan arun dílì ta iánud,</i><trans> Paddle the boat in place so we won’t be carried away.
</trans></eg>
</sense></hom></entry>");
INSERT INTO `wced_head` (entryid, head, normalized_head, type, pos) VALUES (1433, "áwil", "awil", "m", "v");
INSERT INTO `wced_translation` (entryid, translation) VALUES (1433, "paddle");
INSERT INTO `wced_entry` VALUES (1434, "awit", "68", "<entry page=""68"" id=""1434""><form id=""axwit"" lang=""ceb"">áwit</form>
<hom role=""v""><pos>v</pos>
<sense n=""1""><number>1</number> <itype>[A; a]</itype><trans> <tr>sing</tr>. </trans>
<eg><i lang=""ceb"">Unsa may íyang awítun?</i><trans> What will she sing? </trans></eg>
<eg><i lang=""ceb"">Awítan ta ka,</i><trans> I will sing you a song. </trans></eg>
</sense>
<sense n=""2""><number>2</number> <itype>[A2; b6]</itype><trans> <tr>sing</tr>, <tr>squeal</tr> (slang). </trans>
<eg><i lang=""ceb"">Hibaw-an na mung tanan kay nakaáwit na ang dinakpan,</i><trans> You are all known because the suspect has squealed. </trans></eg>
</sense>
<sense n=""3""><number>3</number> <itype>[A; b6]</itype><trans> <tr>scold</tr>. </trans>
<eg><i lang=""ceb"">Hastilang nakaáwit ni Nánay mu, naghápun man lang,</i><trans> How your mother scolds. It lasts till afternoon. </trans></eg>
</sense>
<sense n=""4""><number>4</number> <itype>[b]</itype><trans> <tr>demand</tr> a person’s possessions (slang). </trans>
<eg><i lang=""ceb"">Pagsulud níyas prísu, giawítan dáyun ang íyang púlu,</i><trans> As soon as he entered the prison, they demanded his shirt right away. </trans></eg>
</sense></hom>
<hom role=""n""><pos>n</pos>
<sense n=""0""><trans> <tr>song</tr>. </trans>
</sense></hom>
<entry><form id=""karaxang_axwit"" lang=""ceb"">karáang <abbr expan=""áwit"" type=""lemma"">—</abbr></form>
<hom>
<sense n=""0""><trans> old, oft-repeated story.
</trans>
</sense></hom></entry></entry>");
INSERT INTO `wced_head` (entryid, head, normalized_head, type, pos) VALUES (1434, "áwit", "awit", "m", "vn");
INSERT INTO `wced_head` (entryid, head, normalized_head, type, pos) VALUES (1434, "karáang áwit", "karaang awit", "s", "");
INSERT INTO `wced_translation` (entryid, translation) VALUES (1434, "sing");
INSERT INTO `wced_translation` (entryid, translation) VALUES (1434, "squeal");
INSERT INTO `wced_translation` (entryid, translation) VALUES (1434, "scold");
INSERT INTO `wced_translation` (entryid, translation) VALUES (1434, "demand");
INSERT INTO `wced_translation` (entryid, translation) VALUES (1434, "song");
INSERT INTO `wced_entry` VALUES (1435, "awla", "68", "<entry page=""68"" id=""1435""><form id=""awlaq"" lang=""ceb"">awlà</form>
<hom role=""n""><pos>n</pos>
<sense n=""0""><trans> k.o. <tr>fish</tr>.
</trans>
</sense></hom></entry>");
INSERT INTO `wced_head` (entryid, head, normalized_head, type, pos) VALUES (1435, "awlà", "awla", "m", "n");
INSERT INTO `wced_translation` (entryid, translation) VALUES (1435, "fish");
INSERT INTO `wced_entry` VALUES (1436, "*awra", "68", "<entry page=""68"" id=""1436""><form id=""xxawra"" lang=""ceb"">*awra</form>
<entry><form id=""awra_mismu"" lang=""ceb""><abbr expan=""awra"" type=""lemma"">—</abbr> mismu</form>
<hom>
<sense n=""0""><trans> <tr>right then and there</tr>. </trans>
<eg><i lang=""ceb"">Awra mismung gipapaháwà ang kiriwan nga mutsatsa,</i><trans> They dismissed the maid on the spot because she was a thief. </trans></eg>
<eg><i lang=""ceb"">Anus-a ta mulakat? Awra mismu?</i><trans> When shall we leave? Right away?
</trans></eg>
</sense></hom></entry></entry>");
INSERT INTO `wced_head` (entryid, head, normalized_head, type, pos) VALUES (1436, "awra", "awra", "s", "");
INSERT INTO `wced_head` (entryid, head, normalized_head, type, pos) VALUES (1436, "awra mismu", "awra mismu", "s", "");
INSERT INTO `wced_translation` (entryid, translation) VALUES (1436, "right then and there");
INSERT INTO `wced_entry` VALUES (1437, "awrura1", "68", "<entry page=""68"" id=""1437""><form id=""awruxra"" lang=""ceb"">awrúra<sub>1</sub></form>
<hom role=""n""><pos>n</pos>
<sense n=""1""><number>1</number><trans> religious procession held in time of pestilence in the early morning or late evening hours for the purpose of preventing further pestilence. </trans>
</sense>
<sense n=""2""><number>2</number><trans> religious procession held on eight consecutive evenings before the feast day of saints. This procession is held after the novena. </trans>
</sense></hom>
<hom role=""v""><pos>v</pos>
<sense n=""0""> <itype>[A; b6]</itype><trans> hold a procession of this sort.
</trans>
</sense></hom></entry>");
INSERT INTO `wced_head` (entryid, head, normalized_head, type, pos) VALUES (1437, "awrúra", "awrura", "s", "nv");
INSERT INTO `wced_entry` VALUES (1438, "awrura2", "68", "<entry page=""68"" id=""1438""><form id=""awruxra2"" lang=""ceb"">awrúra<sub>2</sub></form>
<hom role=""n""><pos>n</pos>
<sense n=""0""><trans> name given to several k.o. ornamental bulbous plants.
</trans>
</sense></hom></entry>");
INSERT INTO `wced_head` (entryid, head, normalized_head, type, pos) VALUES (1438, "awrúra", "awrura", "s", "n");
INSERT INTO `wced_entry` VALUES (1439, "awstriyanhun", "68", "<entry page=""68"" id=""1439""><form id=""Awstriyanhun"" lang=""ceb"">Awstriyanhun</form>
<hom role=""n""><pos>n</pos>
<sense n=""0""><trans> <tr>Austrian</tr>.
</trans>
</sense></hom></entry>");
INSERT INTO `wced_head` (entryid, head, normalized_head, type, pos) VALUES (1439, "Awstriyanhun", "awstriyanhun", "m", "n");
INSERT INTO `wced_translation` (entryid, translation) VALUES (1439, "Austrian");
INSERT INTO `wced_entry` VALUES (1440, "awsud", "68", "<entry page=""68"" id=""1440""><form id=""awsud"" lang=""ceb"">awsud</form>
<hom role=""n""><pos>n</pos>
<sense n=""0""><trans> k.o. <tr>barracuda</tr>.
</trans>
</sense></hom></entry>");
INSERT INTO `wced_head` (entryid, head, normalized_head, type, pos) VALUES (1440, "awsud", "awsud", "m", "n");
INSERT INTO `wced_translation` (entryid, translation) VALUES (1440, "barracuda");
INSERT INTO `wced_entry` VALUES (1441, "awtburd", "68", "<entry page=""68"" id=""1441""><form id=""awtburd"" lang=""ceb"">awtburd</form>
<hom role=""n""><pos>n</pos>
<sense n=""0""><trans> <tr>outboard motor</tr> or <tr>motorboat</tr>.
</trans>
</sense></hom></entry>");
INSERT INTO `wced_head` (entryid, head, normalized_head, type, pos) VALUES (1441, "awtburd", "awtburd", "m", "n");
INSERT INTO `wced_translation` (entryid, translation) VALUES (1441, "outboard motor");
INSERT INTO `wced_translation` (entryid, translation) VALUES (1441, "motorboat");
INSERT INTO `wced_entry` VALUES (1442, "awting", "68", "<entry page=""68"" id=""1442""><form id=""awting"" lang=""ceb"">awting</form>
<hom role=""n""><pos>n</pos>
<sense n=""0""><trans> <tr>outing</tr>. </trans>
</sense></hom>
<hom role=""v""><pos>v</pos>
<sense n=""0""> <itype>[A1; b6]</itype><trans> have or hold an outing. </trans>
<eg><i lang=""ceb"">Ang klási mag-awting sa Talísay ugmà,</i><trans> The class will have an outing at Talisay tomorrow.

</trans></eg>
</sense></hom></entry>");
INSERT INTO `wced_head` (entryid, head, normalized_head, type, pos) VALUES (1442, "awting", "awting", "m", "nv");
INSERT INTO `wced_translation` (entryid, translation) VALUES (1442, "outing");
INSERT INTO `wced_entry` VALUES (1443, "awtlit", "68", "<entry page=""68"" id=""1443""><form id=""awtlit"" lang=""ceb"">awtlit</form>
<hom role=""n""><pos>n</pos>
<sense n=""1""><number>1</number><trans> drain for liquids. </trans>
<eg><i lang=""ceb"">Naglúmung ang túbig dinhi kay walay awtlit,</i><trans> Water stagnates here because there is no outlet. </trans></eg>
</sense>
<sense n=""2""><number>2</number><trans> <tr>electric outlet</tr>. </trans>
</sense></hom>
<hom role=""v""><pos>v</pos>
<sense n=""1""><number>1</number> <itype>[b(1)]</itype><trans> supply with a drain for water or electric outlet; make an outlet.
</trans>
</sense></hom></entry>");
INSERT INTO `wced_head` (entryid, head, normalized_head, type, pos) VALUES (1443, "awtlit", "awtlit", "m", "nv");
INSERT INTO `wced_translation` (entryid, translation) VALUES (1443, "electric outlet");
INSERT INTO `wced_entry` VALUES (1444, "awtu", "68", "<entry page=""68"" id=""1444""><form id=""awtu"" lang=""ceb"">awtu</form>
<hom role=""n""><pos>n</pos>
<sense n=""0""><trans> <tr>car</tr>. </trans>
</sense></hom>
<hom role=""v""><pos>v</pos>
<sense n=""0""> <itype>[A13; a]</itype><trans> go by, get a car. </trans>
<eg><i lang=""ceb"">Dílì maawtu,</i><trans> You can’t go there by car. </trans></eg>
</sense></hom>
<entry><form id=""awtuxhan"" lang=""ceb"">awtúhan</form>
<hom role=""a""><pos>a</pos>
<sense n=""0""><trans> having an auto. </trans>
</sense></hom>
<hom role=""v""><pos>v</pos>
<sense n=""0""> <itype>[B1256]</itype><trans> getting to have a car.
</trans>
</sense></hom></entry></entry>");
INSERT INTO `wced_head` (entryid, head, normalized_head, type, pos) VALUES (1444, "awtu", "awtu", "m", "nv");
INSERT INTO `wced_head` (entryid, head, normalized_head, type, pos) VALUES (1444, "awtúhan", "awtuhan", "s", "av");
INSERT INTO `wced_translation` (entryid, translation) VALUES (1444, "car");
INSERT INTO `wced_entry` VALUES (1445, "awtugrap", "68", "<entry page=""68"" id=""1445""><form id=""awtugrap"" lang=""ceb"">awtugrap</form>
<hom role=""n""><pos>n</pos>
<sense n=""0""><trans> <tr>autograph book</tr>, book of dedications. </trans>
</sense></hom>
<hom role=""v""><pos>v</pos>
<sense n=""0""> <itype>[A; b(1)]</itype><trans> write in an autograph book.
</trans>
</sense></hom></entry>");
INSERT INTO `wced_head` (entryid, head, normalized_head, type, pos) VALUES (1445, "awtugrap", "awtugrap", "m", "nv");
INSERT INTO `wced_translation` (entryid, translation) VALUES (1445, "autograph book");
INSERT INTO `wced_entry` VALUES (1446, "awtumatik, awtumatiku", "68", "<entry page=""68"" id=""1446""><form id=""awtumaxtik_awtumatiku"" lang=""ceb"">awtumátik, awtumatiku</form>
<hom>
<sense n=""0""><trans> = <xr lang=""ceb"" target=""#atumaxtik""><sc>atumátik</sc></xr>.
</trans>
</sense></hom></entry>");
INSERT INTO `wced_head` (entryid, head, normalized_head, type, pos) VALUES (1446, "awtumátik", "awtumatik", "s", "");
INSERT INTO `wced_head` (entryid, head, normalized_head, type, pos) VALUES (1446, "awtumatiku", "awtumatiku", "s", "");
INSERT INTO `wced_entry` VALUES (1447, "awtumubil", "68", "<entry page=""68"" id=""1447""><form id=""awtumubil"" lang=""ceb"">awtumubil</form>
<hom>
<sense n=""0""><trans> = <xr lang=""ceb"" target=""#awtu""><sc>awtu</sc></xr>.
</trans>
</sense></hom></entry>");
INSERT INTO `wced_head` (entryid, head, normalized_head, type, pos) VALUES (1447, "awtumubil", "awtumubil", "m", "");
INSERT INTO `wced_entry` VALUES (1448, "awtunumiya", "68", "<entry page=""68"" id=""1448""><form id=""awtunumixya"" lang=""ceb"">awtunumíya</form>
<hom role=""n""><pos>n</pos>
<sense n=""0""><trans> <tr>autonomy</tr>.
</trans>
</sense></hom></entry>");
INSERT INTO `wced_head` (entryid, head, normalized_head, type, pos) VALUES (1448, "awtunumíya", "awtunumiya", "m", "n");
INSERT INTO `wced_translation` (entryid, translation) VALUES (1448, "autonomy");
INSERT INTO `wced_entry` VALUES (1449, "awtupsi, awtupsiya", "68", "<entry page=""68"" id=""1449""><form id=""awtupsi_awtupsixya"" lang=""ceb"">awtupsi, awtupsíya</form>
<hom role=""n""><pos>n</pos>
<sense n=""0""><trans> <tr>autopsy</tr>. </trans>
</sense></hom>
<hom role=""v""><pos>v</pos>
<sense n=""0""> <itype>[A; b5]</itype><trans> perform an autopsy. </trans>
<eg><i lang=""ceb"">Awtupsiyáhun (awtupsiyáhan, awtupsíhun) ang minatay antis ilubung,</i><trans> The cadaver will be autopsied before it is buried.
</trans></eg>
</sense></hom></entry>");
INSERT INTO `wced_head` (entryid, head, normalized_head, type, pos) VALUES (1449, "awtupsi", "awtupsi", "s", "nv");
INSERT INTO `wced_head` (entryid, head, normalized_head, type, pos) VALUES (1449, "awtupsíya", "awtupsiya", "s", "nv");
INSERT INTO `wced_translation` (entryid, translation) VALUES (1449, "autopsy");
INSERT INTO `wced_entry` VALUES (1450, "awtur", "68", "<entry page=""68"" id=""1450""><form id=""awtur"" lang=""ceb"">awtur</form>
<hom role=""n""><pos>n</pos>
<sense n=""1""><number>1</number><trans> <tr>author</tr> of a book. </trans>
</sense>
<sense n=""2""><number>2</number><trans> author of an act.
</trans>
</sense></hom></entry>");
INSERT INTO `wced_head` (entryid, head, normalized_head, type, pos) VALUES (1450, "awtur", "awtur", "m", "n");
INSERT INTO `wced_translation` (entryid, translation) VALUES (1450, "author");
INSERT INTO `wced_entry` VALUES (1451, "awturidad", "68", "<entry page=""68"" id=""1451""><form id=""awturidad"" lang=""ceb"">awturidad</form>
<hom role=""n""><pos>n</pos>
<sense n=""1""><number>1</number><trans> <tr>authority</tr>, right to do s.t. </trans>
<eg><i lang=""ceb"">Wà kay awturidad sa pagpapaháwà nákù áning yutáa,</i><trans> You have no authority to eject me from this land. </trans></eg>
</sense>
<sense n=""2""><number>2</number><trans> governmental authorities. </trans>
<eg><i lang=""ceb"">Ang awturidad nag-awhag sa mga táwu sa pagpabáyad sa mga buluhísan,</i><trans> The authorities are enjoining the people to pay their taxes. </trans></eg>
<eg><i lang=""ceb"">Gipangítà siya sa awturidad,</i><trans> He is being hunted by the authorities. </trans></eg>
</sense>
<sense n=""3""><number>3</number><trans> authority, <tr>expert</tr> in s.t. </trans>
<eg><i lang=""ceb"">Si Manang usa ka awturidad sa madyung,</i><trans> Manang is an authority on mahjong. </trans></eg>
</sense></hom>
<hom role=""v""><pos>v</pos>
<sense n=""0""> <itype>[B1256]</itype><trans> be an authority on s.t.
</trans>
</sense></hom></entry>");
INSERT INTO `wced_head` (entryid, head, normalized_head, type, pos) VALUES (1451, "awturidad", "awturidad", "m", "nv");
INSERT INTO `wced_translation` (entryid, translation) VALUES (1451, "authority");
INSERT INTO `wced_translation` (entryid, translation) VALUES (1451, "expert");
INSERT INTO `wced_entry` VALUES (1452, "awturisar", "68", "<entry page=""68"" id=""1452""><form id=""awturisar"" lang=""ceb"">awturisar</form>
<hom role=""v""><pos>v</pos>
<sense n=""0""> <itype>[A; b6]</itype><trans> <tr>authorize</tr>, <tr>empower</tr>.
</trans>
</sense></hom></entry>");
INSERT INTO `wced_head` (entryid, head, normalized_head, type, pos) VALUES (1452, "awturisar", "awturisar", "m", "v");
INSERT INTO `wced_translation` (entryid, translation) VALUES (1452, "authorize");
INSERT INTO `wced_translation` (entryid, translation) VALUES (1452, "empower");
INSERT INTO `wced_entry` VALUES (1453, "awturisasyun", "68", "<entry page=""68"" id=""1453""><form id=""awturisasyun"" lang=""ceb"">awturisasyun</form>
<hom role=""n""><pos>n</pos>
<sense n=""0""><trans> <tr>authorization</tr>.

</trans>
</sense></hom></entry>");
INSERT INTO `wced_head` (entryid, head, normalized_head, type, pos) VALUES (1453, "awturisasyun", "awturisasyun", "m", "n");
INSERT INTO `wced_translation` (entryid, translation) VALUES (1453, "authorization");
INSERT INTO `wced_entry` VALUES (1454, "awu-", "68", "<entry page=""68"" id=""1454""><form id=""awu-"" lang=""ceb"">awu-</form>
<hom>
<sense n=""0""><trans> <ix>see also</ix> <xr lang=""ceb"" target=""#alu-""><sc>alu-</sc></xr>.
</trans>
</sense></hom></entry>");
INSERT INTO `wced_head` (entryid, head, normalized_head, type, pos) VALUES (1454, "awu-", "awu-", "m", "");
INSERT INTO `wced_entry` VALUES (1455, "awug1", "68", "<entry page=""68"" id=""1455""><form id=""axwug"" lang=""ceb"">áwug<sub>1</sub></form>
<hom role=""v""><pos>v</pos>
<sense n=""0""> <itype>[A3; c]</itype><trans> <tr>furnish</tr> s.t. for free or as a privilege. </trans>
<eg><i lang=""ceb"">Giawgan siyag dyip sa gubyirnu,</i><trans> The government furnishes him with a jeep. </trans></eg>
<eg><i lang=""ceb"">Walay buhis ang mga baligyang iáwug sa Amirika sa íyang mga sundálu,</i><trans> The goods <pb n=""69""/>that America furnishes her soldiers are tax-free.
</trans></eg>
</sense></hom></entry>");
INSERT INTO `wced_head` (entryid, head, normalized_head, type, pos) VALUES (1455, "áwug", "awug", "s", "v");
INSERT INTO `wced_translation` (entryid, translation) VALUES (1455, "furnish");
INSERT INTO `wced_entry` VALUES (1456, "awug2", "69", "<entry page=""69"" id=""1456""><form id=""axwug2"" lang=""ceb"">áwug<sub>2</sub></form>
<hom role=""n""><pos>n</pos>
<sense n=""0""><trans> magical <tr>charm</tr> hung on fruit and vegetable plants to protect them from thieves. This charm may harm the culprit who eats it or give him some illusion which prevents him from leaving the place until he gets caught. </trans>
</sense></hom>
<hom role=""v""><pos>v</pos>
<sense n=""0""> <itype>[A; b]</itype><trans> apply a charm of this sort. </trans>
<eg><i lang=""ceb"">Awgi ang kalbásà arun way mangáwat,</i><trans> Hang a charm on the squash so nobody will steal it. </trans></eg>
</sense></hom>
<entry><form id=""inaxwugan"" lang=""ceb""><abbr expan=""ináwugan"" type=""lemma"">-in-an</abbr></form>
<hom role=""n""><pos>n</pos>
<sense n=""0""><trans> fruit trees on which a charm has been hung; fruits from such trees.
</trans>
</sense></hom></entry></entry>");
INSERT INTO `wced_head` (entryid, head, normalized_head, type, pos) VALUES (1456, "áwug", "awug", "s", "nv");
INSERT INTO `wced_head` (entryid, head, normalized_head, type, pos) VALUES (1456, "ináwugan", "inawugan", "s", "n");
INSERT INTO `wced_translation` (entryid, translation) VALUES (1456, "charm");
INSERT INTO `wced_entry` VALUES (1457, "awuk", "69", "<entry page=""69"" id=""1457""><form id=""axwuk"" lang=""ceb"">áwuk</form>
<hom>
<sense n=""0""><trans> = <xr lang=""ceb"" target=""#ungluq""><sc>unglù</sc></xr>.
</trans>
</sense></hom></entry>");
INSERT INTO `wced_head` (entryid, head, normalized_head, type, pos) VALUES (1457, "áwuk", "awuk", "m", "");
INSERT INTO `wced_entry` VALUES (1458, "awuk-uk", "69", "<entry page=""69"" id=""1458""><form id=""awuk-uk"" lang=""ceb"">awuk-uk</form>
<hom>
<sense n=""0""><trans> = <xr lang=""ceb"" target=""#uk-uk""><sc>uk-uk</sc></xr>.
</trans>
</sense></hom></entry>");
INSERT INTO `wced_head` (entryid, head, normalized_head, type, pos) VALUES (1458, "awuk-uk", "awuk-uk", "m", "");
INSERT INTO `wced_entry` VALUES (1459, "awul", "69", "<entry page=""69"" id=""1459""><form id=""awul"" lang=""ceb"">awul</form>
<hom role=""v""><pos>v</pos>
<sense n=""0""> <itype>[A2; b6]</itype><trans> go <tr><abbr expan=""absent without leave"">awol</abbr></tr>. </trans>
<eg><i lang=""ceb"">Ug dílì ku tugtan, muawul na lang ku,</i><trans> If they don’t give me permission, I will go awol.
</trans></eg>
</sense></hom></entry>");
INSERT INTO `wced_head` (entryid, head, normalized_head, type, pos) VALUES (1459, "awul", "awul", "m", "v");
INSERT INTO `wced_translation` (entryid, translation) VALUES (1459, "absent without leave");
INSERT INTO `wced_entry` VALUES (1460, "awumbak", "69", "<entry page=""69"" id=""1460""><form id=""awumbak"" lang=""ceb"">awumbak</form>
<hom role=""n""><pos>n</pos>
<sense n=""0""><trans> dried piece of banana trunk.

</trans>
</sense></hom></entry>");
INSERT INTO `wced_head` (entryid, head, normalized_head, type, pos) VALUES (1460, "awumbak", "awumbak", "m", "n");
INSERT INTO `wced_entry` VALUES (1461, "awut1", "69", "<entry page=""69"" id=""1461""><form id=""axwut"" lang=""ceb"">áwut<sub>1</sub></form>
<hom role=""a""><pos>a</pos>
<sense n=""1""><number>1</number><trans> be out in a ball game. </trans>
</sense>
<sense n=""2""><number>2</number><trans> be out of a place, out of stock, etc. </trans>
</sense></hom>
<entry><form id=""axwut_ab_bawuns_axwut_ab_lak_axwut_ab_istak_etc."" lang=""ceb""><abbr expan=""áwut"" type=""lemma"">—</abbr> ab bawuns, <abbr expan=""áwut ab lak"" type=""lemma"">lak</abbr>, <abbr expan=""áwut ab istak"" type=""lemma"">istak</abbr>, etc.</form>
<hom>
<sense n=""0""><trans> out of bounds, luck, stock, etc. </trans>
<eg><i lang=""ceb"">Awut ab <corr sic=""tápic"">tápik</corr> ka,</i><trans> You are out of order, off the subject. </trans></eg>
</sense></hom>
<hom role=""v""><pos>v</pos>
<sense n=""1""><number>1</number> <itype>[A3P; a2]</itype><trans> make s.o. or s.t. out in ball games. </trans>
<eg><i lang=""ceb"">Nakaáwut na ang pitsir ug duha,</i><trans> The pitcher has already struck two batters out. </trans></eg>
<eg><i lang=""ceb"">Hiawtan silag duha,</i><trans> They have had two outs. </trans></eg>
</sense>
<sense n=""2""><number>2</number> <itype>[B56]</itype><trans> get to be out of a place, out of luck, stock, etc. </trans>
<eg><i lang=""ceb"">Muáwut ku ugmà,</i><trans> I’ll get out of this place tomorrow. </trans></eg>
<eg><i lang=""ceb"">Maáwut ang búla,</i><trans> The ball will go out of bounds.
</trans></eg>
</sense></hom></entry></entry>");
INSERT INTO `wced_head` (entryid, head, normalized_head, type, pos) VALUES (1461, "áwut", "awut", "s", "a");
INSERT INTO `wced_head` (entryid, head, normalized_head, type, pos) VALUES (1461, "áwut ab bawuns", "awut ab bawuns", "s", "v");
INSERT INTO `wced_head` (entryid, head, normalized_head, type, pos) VALUES (1461, "áwut ab lak", "awut ab lak", "s", "v");
INSERT INTO `wced_head` (entryid, head, normalized_head, type, pos) VALUES (1461, "áwut ab istak", "awut ab istak", "s", "v");
INSERT INTO `wced_head` (entryid, head, normalized_head, type, pos) VALUES (1461, "etc.", "etc.", "s", "v");
INSERT INTO `wced_entry` VALUES (1462, "awut2", "69", "<entry page=""69"" id=""1462""><form id=""axwut2"" lang=""ceb"">áwut<sub>2</sub></form>
<hom>
<sense n=""0""><trans> = <xr lang=""ceb"" target=""#alut""><sc>alut</sc></xr>.
</trans>
</sense></hom></entry>");
INSERT INTO `wced_head` (entryid, head, normalized_head, type, pos) VALUES (1462, "áwut", "awut", "s", "");
INSERT INTO `wced_entry` VALUES (1463, "awutsayid", "69", "<entry page=""69"" id=""1463""><form id=""awutsayid"" lang=""ceb"">awutsayid</form>
<hom role=""n""><pos>n</pos>
<sense n=""0""><trans> <tr>out of bounds</tr>. </trans>
</sense></hom>
<hom role=""v""><pos>v</pos>
<sense n=""0""> <itype>[B12; a12]</itype><trans> go out of bounds. </trans>
<eg><i lang=""ceb"">Ug maawtsayid ang búla ning sirbíha, pildi ta,</i><trans> If the ball goes out of bounds on this serve, we lose.
</trans></eg>
</sense></hom></entry>");
INSERT INTO `wced_head` (entryid, head, normalized_head, type, pos) VALUES (1463, "awutsayid", "awutsayid", "m", "nv");
INSERT INTO `wced_translation` (entryid, translation) VALUES (1463, "out of bounds");
INSERT INTO `wced_entry` VALUES (1464, "awuy", "69", "<entry page=""69"" id=""1464""><form id=""axwuy"" lang=""ceb"">áwuy</form>
<hom role=""n""><pos>n</pos>
<sense n=""0""><trans> k.o. shrub that bears umbels of black pellet-sized berries which are edible. The leaves are used as a fish poison and are applied to wounds to stop bleeding: <bio>Calliocarpa eriochlona</bio>. </trans>
</sense></hom>
<entry><form id=""axwuy_agkut"" lang=""ceb""><abbr expan=""áwuy"" type=""lemma"">—</abbr> agkut</form>
<hom>
<sense n=""0""><trans> k.o. <ix>áwuy</ix> that is hairy: <bio>Calliocarpa formosana</bio>.
</trans>
</sense></hom></entry></entry>");
INSERT INTO `wced_head` (entryid, head, normalized_head, type, pos) VALUES (1464, "áwuy", "awuy", "m", "n");
INSERT INTO `wced_head` (entryid, head, normalized_head, type, pos) VALUES (1464, "áwuy agkut", "awuy agkut", "s", "");
INSERT INTO `wced_entry` VALUES (1465, "awyan", "69", "<entry page=""69"" id=""1465""><form id=""awyan"" lang=""ceb"">awyan</form>
<hom>
<sense n=""0""><trans> = <xr lang=""ceb"" target=""#ayayan""><sc>ayayan</sc></xr>. <ix>see</ix> <xr lang=""ceb"" target=""#ayay""><sc>ayay</sc></xr>.
</trans>
</sense></hom></entry>");
INSERT INTO `wced_head` (entryid, head, normalized_head, type, pos) VALUES (1465, "awyan", "awyan", "m", "");
INSERT INTO `wced_entry` VALUES (1466, "ay1", "69", "<entry page=""69"" id=""1466""><form id=""ay"" lang=""ceb"">ay<sub>1</sub></form>
<hom>
<sense n=""1""><number>1</number><trans> expression dismissing what follows as unimportant. </trans>
<eg><i lang=""ceb"">Ay kanà, ihátag na lang nà,</i><trans> Oh that! Just give it away. </trans></eg>
</sense>
<sense n=""2""><number>2</number><trans> particle showing exasperation or frustrated helplessness. </trans>
<eg><i lang=""ceb"">Ay, Inday. Wà pa giyud ka makat-un?</i><trans> Goodness, my dear. Can’t you ever learn? </trans></eg>
<eg><i lang=""ceb"">Ay, ulahi ka na, nahurut na ug kahálin,</i><trans> Oh you are too late. They’re all sold out. </trans></eg>
<eg><i lang=""ceb"">Ay, kapait ning kinabuhía,</i><trans> My, how difficult life is. </trans></eg>
</sense>
<sense n=""3""><number>3</number><trans> particle preceding an exclamation of delight. </trans>
<eg><i lang=""ceb"">Ay, kanindut sa búlak!</i><trans> Oh, what a beautiful flower.
</trans></eg>
</sense></hom></entry>");
INSERT INTO `wced_head` (entryid, head, normalized_head, type, pos) VALUES (1466, "ay", "ay", "s", "");
INSERT INTO `wced_entry` VALUES (1467, "ay2", "69", "<entry page=""69"" id=""1467""><form id=""ay2"" lang=""ceb"">ay<sub>2</sub></form>
<hom>
<sense n=""0""><trans> particle following s.t. which calls attention to s.t. </trans>
<eg><i lang=""ceb"">Si Pidru ay, Mam. Nanghíwì nákù,</i><trans> Teacher, Pedro was making faces at me. </trans></eg>
<eg><i lang=""ceb"">Pagkabuta nímu. Túa sa iskína ay,</i><trans> How blind you are! It’s right there at the corner! </trans></eg>
<eg><i lang=""ceb"">Kining bataána ay. Nagsígi lag dúlag lápuk,</i><trans> My, this child. He keeps playing in the mud. </trans></eg>
</sense></hom>
<entry><form id=""uxnu_dus_ay_tris"" lang=""ceb"">únu, dus, <abbr expan=""ay"" type=""lemma"">—</abbr>, tris</form>
<hom>
<sense n=""0""><trans> one, two, three, go!
</trans>
</sense></hom></entry></entry>");
INSERT INTO `wced_head` (entryid, head, normalized_head, type, pos) VALUES (1467, "ay", "ay", "s", "");
INSERT INTO `wced_head` (entryid, head, normalized_head, type, pos) VALUES (1467, "únu", "unu", "s", "");
INSERT INTO `wced_head` (entryid, head, normalized_head, type, pos) VALUES (1467, "dus", "dus", "s", "");
INSERT INTO `wced_head` (entryid, head, normalized_head, type, pos) VALUES (1467, "tris", "tris", "s", "");
INSERT INTO `wced_entry` VALUES (1468, "ay3", "69", "<entry page=""69"" id=""1468""><form id=""ay3"" lang=""ceb"">ay<sub>3</sub></form>
<hom>
<sense n=""0""><trans> = <xr lang=""ceb"" target=""#ayaw""><sc>ayaw</sc></xr>.
</trans>
</sense></hom></entry>");
INSERT INTO `wced_head` (entryid, head, normalized_head, type, pos) VALUES (1468, "ay", "ay", "s", "");
INSERT INTO `wced_entry` VALUES (1469, "ay4", "69", "<entry page=""69"" id=""1469""><form id=""ay4"" lang=""ceb"">ay<sub>4</sub></form>
<hom role=""n""><pos>n</pos>
<sense n=""0""><trans> a pair of mahjong pieces of the same number and design. In order to get mahjong, a set must contain an <ix>ay.</ix>
</trans>
</sense></hom></entry>");
INSERT INTO `wced_head` (entryid, head, normalized_head, type, pos) VALUES (1469, "ay", "ay", "s", "n");
INSERT INTO `wced_entry` VALUES (1470, "-ay1", "69", "<entry page=""69"" id=""1470""><form id=""x-ay"" lang=""ceb"">-ay<sub>1</sub></form>
<hom>
<sense n=""0""><trans> affix forming verbs which refer </trans>
</sense>
<sense n=""1""><number>1</number><trans> to reciprocal actions. </trans>
<eg><i lang=""ceb"">Naglalisay sila,</i><trans> They argued back and forth. </trans></eg>
<eg><i lang=""ceb"">Nagtutukay sila,</i><trans> They stared at each other. </trans></eg>
<eg><i lang=""ceb"">Naghigugmáay sila,</i><trans> They were in love with one another. </trans></eg>
</sense>
<sense n=""2""><number>2</number><trans> to intense actions. </trans>
<eg><i lang=""ceb"">Naghilákay sila,</i><trans> They cried and cried. </trans></eg>
<eg><i lang=""ceb"">Naghikayay sila kay pista ugmà,</i><trans> They were busy preparing because the fiesta was the following day.
</trans></eg>
</sense></hom></entry>");
INSERT INTO `wced_head` (entryid, head, normalized_head, type, pos) VALUES (1470, "-ay", "-ay", "s", "");
INSERT INTO `wced_entry` VALUES (1471, "-ay2", "69", "<entry page=""69"" id=""1471""><form id=""x-ay2"" lang=""ceb"">-ay<sub>2</sub></form>
<hom>
<sense n=""0""><trans> affix added to verbs to form nouns referring to manner in which s.t. is done. </trans>
<eg><i lang=""ceb"">Maghúlin ta, bihagay,</i><trans> Let’s play marbles for keeps (in the manner of <ix>bíhag</ix> ‘capture’). </trans></eg>
<eg><i lang=""ceb"">Magtínis ta, sirbisahay,</i><trans> Let’s play tennis. The loser buys beer (lit. in the beer manner). </trans></eg>
<eg><i lang=""ceb"">Tagsingkwinta ang gatus, way piliay,</i><trans> They cost fifty a hundred, but no choosing.
</trans></eg>
</sense></hom></entry>");
INSERT INTO `wced_head` (entryid, head, normalized_head, type, pos) VALUES (1471, "-ay", "-ay", "s", "");
INSERT INTO `wced_entry` VALUES (1472, "aya", "69", "<entry page=""69"" id=""1472""><form id=""ayaq"" lang=""ceb"">ayà</form>
<hom>
<sense n=""0""><trans> = <xr lang=""ceb"" target=""#wayaq""><sc>wayà</sc></xr>.
</trans>
</sense></hom></entry>");
INSERT INTO `wced_head` (entryid, head, normalized_head, type, pos) VALUES (1472, "ayà", "aya", "m", "");
INSERT INTO `wced_entry` VALUES (1473, "ayaan", "69", "<entry page=""69"" id=""1473""><form id=""ayaan"" lang=""ceb"">ayaan</form>
<hom>
<sense n=""0""><trans> = <xr lang=""ceb"" target=""#iyaan""><sc>iyaan</sc></xr>. <ix>see</ix> <xr lang=""ceb"" target=""#iyaq""><sc>iyà</sc></xr>.
</trans>
</sense></hom></entry>");
INSERT INTO `wced_head` (entryid, head, normalized_head, type, pos) VALUES (1473, "ayaan", "ayaan", "m", "");
INSERT INTO `wced_entry` VALUES (1474, "ayaay", "69", "<entry page=""69"" id=""1474""><form id=""ayaxay"" lang=""ceb"">ayáay</form>
<hom role=""n""><pos>n</pos>
<sense n=""0""><trans> time when water is slack at low tide before rising or at high tide before ebbing. </trans>
</sense></hom>
<hom role=""v""><pos>v</pos>
<sense n=""0""> <itype>[B; b4]</itype><trans> become <tr>slack tide</tr>. </trans>
<eg><i lang=""ceb"">Maáyung ipamúkut ug muayáay ang dágat,</i><trans> A good time to go net fishing is when the water is slack.
</trans></eg>
</sense></hom></entry>");
INSERT INTO `wced_head` (entryid, head, normalized_head, type, pos) VALUES (1474, "ayáay", "ayaay", "m", "nv");
INSERT INTO `wced_translation` (entryid, translation) VALUES (1474, "slack tide");
INSERT INTO `wced_entry` VALUES (1475, "ayad1", "69", "<entry page=""69"" id=""1475""><form id=""ayad"" lang=""ceb"">ayad<sub>1</sub></form>
<hom role=""v""><pos>v</pos>
<sense n=""0""> <itype>[A; b(1)]</itype><trans> </trans>
</sense>
<sense n=""1""><number>1</number><trans> refuse to go through with s.t., have second thoughts, esp. about buying. </trans>
<eg><i lang=""ceb"">Walay makaayad áning prisyung kubus,</i><trans> No one can have second thoughts about buying it at this low price. </trans></eg>
</sense>
<sense n=""2""><number>2</number><trans> <tr>reject</tr> an offer. </trans>
<eg><i lang=""ceb"">Ikaw pa lay miayad sa ákung panábang,</i><trans> You’re the only one so far who has refused my aid. </trans></eg>
<eg><i lang=""ceb"">Pagkaaláut ning gugmang ímung giayran,</i><trans> Pity the one whose love you spurned. </trans></eg>
</sense>
<sense n=""3""><number>3</number><trans> <tr>avoid</tr>, refrain contact with. </trans>
<eg><i lang=""ceb"">Nangayad siya sa mga pagkáun kay nanamkun,</i><trans> She couldn’t stand food because she was pregnant. </trans></eg>
<eg><i lang=""ceb"">Giayran siya sa mga táwu human siya mabangkarúta,</i><trans> People avoided him after he went bankrupt. </trans></eg>
</sense>
<sense n=""4""><number>4</number><trans> particle expressing eagerness. </trans>
<eg><i lang=""ceb"">‘Mukáun kag mangga?’—‘Ayad!’</i><trans> ‘Do you want to eat mangoes?’—‘Sure thing. (Lit. Would I avoid them?)’ </trans></eg>
</sense></hom>
<entry><form id=""inayran"" lang=""ceb"">inayran</form>
<hom role=""n""><pos>n</pos>
<sense n=""0""><trans> s.t. <tr>spurned</tr>, avoided. </trans>
<eg><i lang=""ceb"">Inayran sa katilingban,</i><trans> Spurned by society.
</trans></eg>
</sense></hom></entry></entry>");
INSERT INTO `wced_head` (entryid, head, normalized_head, type, pos) VALUES (1475, "ayad", "ayad", "s", "v");
INSERT INTO `wced_head` (entryid, head, normalized_head, type, pos) VALUES (1475, "inayran", "inayran", "s", "n");
INSERT INTO `wced_translation` (entryid, translation) VALUES (1475, "reject");
INSERT INTO `wced_translation` (entryid, translation) VALUES (1475, "avoid");
INSERT INTO `wced_translation` (entryid, translation) VALUES (1475, "spurned");
INSERT INTO `wced_entry` VALUES (1476, "ayad2", "69", "<entry page=""69"" id=""1476""><form id=""ayad2"" lang=""ceb"">ayad<sub>2</sub></form>
<hom role=""v""><pos>v</pos>
<sense n=""0""> <itype>[A; a12]</itype><trans> <tr>repair</tr> s.t. </trans>
<eg><i lang=""ceb"">Ayrun nákù ang munyíka nga natangtángag kamut,</i><trans> I’ll fix <pb n=""70""/>the doll that lost one of its arms.
</trans></eg>
</sense></hom></entry>");
INSERT INTO `wced_head` (entryid, head, normalized_head, type, pos) VALUES (1476, "ayad", "ayad", "s", "v");
INSERT INTO `wced_translation` (entryid, translation) VALUES (1476, "repair");
INSERT INTO `wced_entry` VALUES (1477, "ayag", "70", "<entry page=""70"" id=""1477""><form id=""axyag"" lang=""ceb"">áyag</form>
<hom role=""v""><pos>v</pos>
<sense n=""0""> <itype>[A; a12]</itype><trans> <tr>sift</tr>, separate the coarse from the fine. </trans>
<eg><i lang=""ceb"">Ayágun ang bugas arun malain ang pínu,</i><trans> The rice is sifted so the fine particles can be separated. </trans></eg>
</sense></hom>
<entry><form id=""ayagan"" lang=""ceb""><abbr expan=""ayagan"" type=""lemma"">-an(→)</abbr></form>
<hom role=""n""><pos>n</pos>
<sense n=""0""><trans> sifter, <tr>sieve</tr>.
</trans>
</sense></hom></entry></entry>");
INSERT INTO `wced_head` (entryid, head, normalized_head, type, pos) VALUES (1477, "áyag", "ayag", "m", "v");
INSERT INTO `wced_head` (entryid, head, normalized_head, type, pos) VALUES (1477, "ayagan", "ayagan", "s", "n");
INSERT INTO `wced_translation` (entryid, translation) VALUES (1477, "sift");
INSERT INTO `wced_translation` (entryid, translation) VALUES (1477, "sieve");
INSERT INTO `wced_entry` VALUES (1478, "ayagak", "70", "<entry page=""70"" id=""1478""><form id=""ayaxgak"" lang=""ceb"">ayágak</form>
<hom>
<sense n=""0""><trans> = <xr lang=""ceb"" target=""#iyaxgak""><sc>iyágak</sc></xr>.
</trans>
</sense></hom></entry>");
INSERT INTO `wced_head` (entryid, head, normalized_head, type, pos) VALUES (1478, "ayágak", "ayagak", "m", "");
INSERT INTO `wced_entry` VALUES (1479, "ayam", "70", "<entry page=""70"" id=""1479""><form id=""axyam"" lang=""ceb"">áyam</form>
<hom role=""v""><pos>v</pos>
<sense n=""0""> <itype>[A; a]</itype><trans> </trans>
</sense>
<sense n=""1""><number>1</number><trans> for a dog to chase s.t. </trans>
<eg><i lang=""ceb"">Háin íning irúa ang nag-áyam sa manuk?</i><trans> Which dog chased the chicken? </trans></eg>
</sense>
<sense n=""2""><number>2</number><trans> hunt with dogs where the dog keeps track of the spoor. </trans>
<eg><i lang=""ceb"">Bakatin ang ílang giáyam,</i><trans> They are hunting for wild pigs. </trans></eg>
</sense></hom>
<entry><form id=""pangaxyam"" lang=""ceb""><abbr expan=""pangáyam"" type=""lemma"">paN-</abbr></form>
<hom role=""v""><pos>v</pos>
<sense n=""0""> <itype>[A]</itype><trans> go hunting with dogs. </trans>
<eg><i lang=""ceb"">Nangáyam sila sa lasang,</i><trans> They went hunting in the forest. </trans></eg>
</sense></hom>
<hom role=""n""><pos>n</pos>
<sense n=""1""><number>1</number><trans> occupation of hunting with dogs. </trans>
</sense>
<sense n=""2""><number>2</number><trans> s.t. used to hunt. </trans>
</sense>
<sense n=""3""><number>3</number><trans> hunting trip. </trans>
</sense></hom></entry>
<entry><form id=""ayaman"" lang=""ceb""><abbr expan=""ayaman"" type=""lemma"">-an(→)</abbr></form>
<hom role=""n""><pos>n</pos>
<sense n=""0""><trans> place one hunts. </trans>
</sense></hom></entry>
<entry><form id=""igalayam"" lang=""ceb""><abbr expan=""igalayam"" type=""lemma"">ig-l-(→)</abbr></form>
<hom>
<sense n=""0""><trans> = <xr lang=""ceb"" target=""#pangaxyam""><sc><abbr expan=""pangáyam"" type=""lemma"">paN-</abbr></sc></xr>, 3. </trans>
</sense></hom></entry>
<entry><form id=""mangaayam"" lang=""ceb""><abbr expan=""mangaayam"" type=""lemma"">maN-r-(→)</abbr></form>
<hom role=""n""><pos>n</pos>
<sense n=""0""><trans> <tr>hunter</tr>. </trans>
</sense></hom></entry>
<entry><form id=""pinangaxyaman"" lang=""ceb""><abbr expan=""pinangáyaman"" type=""lemma"">pinaN-an</abbr></form>
<hom role=""n""><pos>n</pos>
<sense n=""0""><trans> s.t. caught hunting.
</trans>
</sense></hom></entry></entry>");
INSERT INTO `wced_head` (entryid, head, normalized_head, type, pos) VALUES (1479, "áyam", "ayam", "m", "v");
INSERT INTO `wced_head` (entryid, head, normalized_head, type, pos) VALUES (1479, "pangáyam", "pangayam", "s", "vn");
INSERT INTO `wced_head` (entryid, head, normalized_head, type, pos) VALUES (1479, "ayaman", "ayaman", "s", "n");
INSERT INTO `wced_head` (entryid, head, normalized_head, type, pos) VALUES (1479, "igalayam", "igalayam", "s", "");
INSERT INTO `wced_head` (entryid, head, normalized_head, type, pos) VALUES (1479, "mangaayam", "mangaayam", "s", "n");
INSERT INTO `wced_head` (entryid, head, normalized_head, type, pos) VALUES (1479, "pinangáyaman", "pinangayaman", "s", "n");
INSERT INTO `wced_translation` (entryid, translation) VALUES (1479, "hunter");
INSERT INTO `wced_entry` VALUES (1480, "ayang-ang", "70", "<entry page=""70"" id=""1480""><form id=""ayang-ang"" lang=""ceb"">ayang-ang</form>
<hom role=""a""><pos>a</pos>
<sense n=""0""><trans> <tr>in full view</tr>, uncovered. </trans>
</sense></hom>
<hom role=""v""><pos>v</pos>
<sense n=""0""> <itype>[B]</itype><trans> be open to full view. </trans>
<eg><i lang=""ceb"">Muayang-ang gánì ang pultahan, musulud dáyun ang irù,</i><trans> If the door is open, the dog will get in. </trans></eg>
<eg><i lang=""ceb"">Nag-ayang-ang ang mga pinalit sa mga bukas nga bukag,</i><trans> The goods they bought were in full view in the open baskets. </trans></eg>
</sense></hom>
<entry><form id=""paayang-ang"" lang=""ceb""><abbr expan=""paayang-ang"" type=""lemma"">pa-</abbr></form>
<hom role=""v""><pos>v</pos>
<sense n=""0""> <itype>[A; ac2]</itype><trans> <tr>expose</tr> s.t. to full view. </trans>
<eg><i lang=""ceb"">Magpaayang-ang lang nà siya bísan ug daghang táwu,</i><trans> She sits in such a way that she exposes her crotch, even when there are a lot of people around. </trans></eg>
<eg><i lang=""ceb"">Nakapaayang-ang siya sa íyang kasukù,</i><trans> She exposed her anger. </trans></eg>
<eg><i lang=""ceb"">Paayang-anga lang nang pultahan sa ímung kwartu,</i><trans> Leave your door partly open. </trans></eg>
<eg><i lang=""ceb"">Ayaw paayang-angi ang sud-an,</i><trans> Don’t leave the food exposed. </trans></eg>
</sense></hom></entry>
<entry><form id=""ayang-angun_ayang-angan"" lang=""ceb""><abbr expan=""ayang-angun"" type=""lemma"">-un</abbr>, <abbr expan=""ayang-angan"" type=""lemma"">-an</abbr></form>
<hom role=""a""><pos>a</pos>
<sense n=""0""><trans> careless of speech and ways.
</trans>
</sense></hom></entry></entry>");
INSERT INTO `wced_head` (entryid, head, normalized_head, type, pos) VALUES (1480, "ayang-ang", "ayang-ang", "m", "av");
INSERT INTO `wced_head` (entryid, head, normalized_head, type, pos) VALUES (1480, "paayang-ang", "paayang-ang", "s", "v");
INSERT INTO `wced_head` (entryid, head, normalized_head, type, pos) VALUES (1480, "ayang-angun", "ayang-angun", "s", "a");
INSERT INTO `wced_head` (entryid, head, normalized_head, type, pos) VALUES (1480, "ayang-angan", "ayang-angan", "s", "a");
INSERT INTO `wced_translation` (entryid, translation) VALUES (1480, "in full view");
INSERT INTO `wced_translation` (entryid, translation) VALUES (1480, "expose");
INSERT INTO `wced_entry` VALUES (1481, "ay-ar payib", "70", "<entry page=""70"" id=""1481""><form id=""ay-ar_payib"" lang=""ceb"">ay-ar payib</form>
<hom role=""n""><pos>n</pos>
<sense n=""0""><trans> <corr><asc>IR5</asc>, </corr>k.o. recently-introduced strain of rice.
</trans>
</sense></hom></entry>");
INSERT INTO `wced_head` (entryid, head, normalized_head, type, pos) VALUES (1481, "ay-ar payib", "ay-ar payib", "m", "n");
INSERT INTO `wced_entry` VALUES (1482, "ayaw", "70", "<entry page=""70"" id=""1482""><form id=""ayaw"" lang=""ceb"">ayaw</form>
<hom>
<sense n=""0""><trans> <ix>short form:</ix> <bx>ay</bx> <tr>don</tr>’t do! </trans>
<eg><i lang=""ceb"">Ayaw ug syágit. Ayaw pagsiyágit,</i><trans> Do not shout. </trans></eg>
<eg><i lang=""ceb"">Ayaw ug kabaláka, ayaw kabaláka, ayaw pagkabaláka,</i><trans> Don’t worry. </trans></eg>
</sense></hom>
<entry><form id=""ayaw_lang"" lang=""ceb""><abbr expan=""ayaw"" type=""lemma"">—</abbr> lang</form>
<hom>
<sense n=""1""><number>1</number><trans> never mind doing. </trans>
<eg><i lang=""ceb"">Ayaw lang ug sirhi nang pwirta,</i><trans> Don’t bother closing the door. </trans></eg>
<eg><i lang=""ceb"">‘Gustu ka?’—‘Ayaw lang,’</i><trans> ‘Do you want any?’—‘No, thanks.’ </trans></eg>
</sense>
<sense n=""2""><number>2</number><trans> don’t (it’s a small thing to ask). </trans>
<eg><i lang=""ceb"">Ay lang ingna ánà,</i><trans> Don’t do like that! </trans></eg>
</sense></hom></entry>
<entry><form id=""ayaw_na"" lang=""ceb""><abbr expan=""ayaw"" type=""lemma"">—</abbr> na</form>
<hom>
<sense n=""0""><trans> stop doing. </trans>
<eg><i lang=""ceb"">Ayaw nag hílak,</i><trans> Stop crying. </trans></eg>
<eg><i lang=""ceb"">Ayaw na, Tay. Dì na ku muusab,</i><trans> That’s enough, Dad. I won’t do it again. </trans></eg>
</sense></hom></entry>
<entry><form id=""ayaw_na_lang"" lang=""ceb""><abbr expan=""ayaw"" type=""lemma"">—</abbr> na lang</form>
<hom>
<sense n=""0""><trans> don’t bother doing what you’ve started or made a motion to do. </trans>
<eg><i lang=""ceb"">Ay na lang kug ihatud,</i><trans> Don’t bother taking me home. </trans></eg>
</sense></hom></entry>
<entry><form id=""ayaw_na_lang_ku_axnaq"" lang=""ceb""><abbr expan=""ayaw"" type=""lemma"">—</abbr> na lang ku ánà</form>
<hom>
<sense n=""0""><trans> don’t give me that reason. </trans>
<eg><i lang=""ceb"">Ay na lang ku ánà. Nakabatì na ku ánang rasúna,</i><trans> Don’t give me that. I’ve heard that line before. </trans></eg>
</sense></hom></entry>
<entry><form id=""ayaw_na_ku_ayaw_na_ta_nixmu"" lang=""ceb""><abbr expan=""ayaw"" type=""lemma"">—</abbr> na ku, <abbr expan=""ayaw na ta"" type=""lemma"">ta</abbr> (nímu)</form>
<hom>
<sense n=""0""><trans> don’t try to fool me. </trans>
<eg><i lang=""ceb"">Ay na lang ku nímu, Syu. Swítu na kaáyu ku nímu,</i><trans> Don’t try to put one over me, Cio. I know you too well already.
</trans></eg>
</sense></hom></entry></entry>");
INSERT INTO `wced_head` (entryid, head, normalized_head, type, pos) VALUES (1482, "ayaw", "ayaw", "m", "");
INSERT INTO `wced_head` (entryid, head, normalized_head, type, pos) VALUES (1482, "ayaw lang", "ayaw lang", "s", "");
INSERT INTO `wced_head` (entryid, head, normalized_head, type, pos) VALUES (1482, "ayaw na", "ayaw na", "s", "");
INSERT INTO `wced_head` (entryid, head, normalized_head, type, pos) VALUES (1482, "ayaw na lang", "ayaw na lang", "s", "");
INSERT INTO `wced_head` (entryid, head, normalized_head, type, pos) VALUES (1482, "ayaw na lang ku ánà", "ayaw na lang ku ana", "s", "");
INSERT INTO `wced_head` (entryid, head, normalized_head, type, pos) VALUES (1482, "ayaw na ku", "ayaw na ku", "s", "");
INSERT INTO `wced_head` (entryid, head, normalized_head, type, pos) VALUES (1482, "ayaw na ta (nímu)", "ayaw na ta (nimu)", "s", "");
INSERT INTO `wced_translation` (entryid, translation) VALUES (1482, "don");
INSERT INTO `wced_entry` VALUES (1483, "ayaw", "70", "<entry page=""70"" id=""1483""><form id=""axyaw"" lang=""ceb"">áyaw</form>
<hom role=""v""><pos>v</pos>
<sense n=""0""> <itype>[A2; b6]</itype><trans> for a child to cry when not allowed to go with s.o. </trans>
<eg><i lang=""ceb"">Natural, ang bátà muáyaw sa inahan,</i><trans> It’s natural for a child to cry when he’s not allowed to go with his mother.
</trans></eg>
</sense></hom></entry>");
INSERT INTO `wced_head` (entryid, head, normalized_head, type, pos) VALUES (1483, "áyaw", "ayaw", "m", "v");
INSERT INTO `wced_entry` VALUES (1484, "ayawan", "70", "<entry page=""70"" id=""1484""><form id=""ayawan"" lang=""ceb"">ayawan</form>
<hom>
<sense n=""0""><trans> = <xr lang=""ceb"" target=""#awayan""><sc>awayan</sc></xr>. <ix>see</ix> <xr lang=""ceb"" target=""#axway""><sc>áway</sc></xr>.
</trans>
</sense></hom></entry>");
INSERT INTO `wced_head` (entryid, head, normalized_head, type, pos) VALUES (1484, "ayawan", "ayawan", "m", "");
INSERT INTO `wced_entry` VALUES (1485, "ayawat", "70", "<entry page=""70"" id=""1485""><form id=""ayaxwat"" lang=""ceb"">ayáwat</form>
<hom>
<sense n=""0""><trans> = <xr lang=""ceb"" target=""#iyaxwat""><sc>iyáwat</sc></xr>.
</trans>
</sense></hom></entry>");
INSERT INTO `wced_head` (entryid, head, normalized_head, type, pos) VALUES (1485, "ayáwat", "ayawat", "m", "");
INSERT INTO `wced_entry` VALUES (1486, "ayay", "70", "<entry page=""70"" id=""1486""><form id=""ayay"" lang=""ceb"">ayay</form>
<hom>
<sense n=""0""><trans> particle </trans>
</sense>
<sense n=""1""><number>1</number><trans> expressing pleasant surprise. </trans>
<eg><i lang=""ceb"">Ayay, kanindut!</i><trans> Yippie. How nice! </trans></eg>
</sense>
<sense n=""2""><number>2</number><trans> expressing pain. </trans>
<eg><i lang=""ceb"">Ayay, kasakit,</i><trans> Ouch. How painful. </trans></eg>
</sense></hom>
<entry><form id=""ayayan"" lang=""ceb""><abbr expan=""ayayan"" type=""lemma"">-an</abbr></form>
<hom role=""a""><pos>a</pos>
<sense n=""0""><trans> overly sensitive and easily incapacitated by pain or sickness. </trans>
<eg><i lang=""ceb"">Ayayan kaáyung batáa maung dì magpaindiksiyun,</i><trans> This child is a terrible sissy. She won’t let them give her a shot. </trans></eg>
</sense></hom>
<hom role=""v""><pos>v</pos>
<sense n=""0""> <itype>[B12]</itype><trans> be a big sissy.
</trans>
</sense></hom></entry></entry>");
INSERT INTO `wced_head` (entryid, head, normalized_head, type, pos) VALUES (1486, "ayay", "ayay", "m", "");
INSERT INTO `wced_head` (entryid, head, normalized_head, type, pos) VALUES (1486, "ayayan", "ayayan", "s", "av");
INSERT INTO `wced_entry` VALUES (1487, "aybru", "70", "<entry page=""70"" id=""1487""><form id=""aybru"" lang=""ceb"">aybru</form>
<hom role=""n""><pos>n</pos>
<sense n=""1""><number>1</number><trans> <tr>eyebrow</tr>. </trans>
</sense>
<sense n=""2""><number>2</number><trans> eyebrow pencil. </trans>
</sense></hom>
<hom role=""v""><pos>v</pos>
<sense n=""0""> <itype>[A; b6]</itype><trans> apply eyebrow pencil on s.o. </trans>
</sense></hom>
<entry><form id=""pangaybru"" lang=""ceb""><abbr expan=""pangaybru"" type=""lemma"">paN-</abbr></form>
<hom role=""v""><pos>v</pos>
<sense n=""0""> <itype>[A2]</itype><trans> apply eyebrow pencil on oneself.
</trans>
</sense></hom></entry></entry>");
INSERT INTO `wced_head` (entryid, head, normalized_head, type, pos) VALUES (1487, "aybru", "aybru", "m", "nv");
INSERT INTO `wced_head` (entryid, head, normalized_head, type, pos) VALUES (1487, "pangaybru", "pangaybru", "s", "v");
INSERT INTO `wced_translation` (entryid, translation) VALUES (1487, "eyebrow");
INSERT INTO `wced_entry` VALUES (1488, "ayda", "70", "<entry page=""70"" id=""1488""><form id=""ayda"" lang=""ceb"">ayda</form>
<hom role=""n""><pos>n</pos>
<sense n=""0""><trans> kerosene pressure lantern (so called from the brand name).
</trans>
</sense></hom></entry>");
INSERT INTO `wced_head` (entryid, head, normalized_head, type, pos) VALUES (1488, "ayda", "ayda", "m", "n");
INSERT INTO `wced_entry` VALUES (1489, "aydi", "70", "<entry page=""70"" id=""1489""><form id=""aydi"" lang=""ceb"">aydi</form>
<hom role=""n""><pos>n</pos>
<sense n=""0""><trans> <tr>identification card</tr>.
</trans>
</sense></hom></entry>");
INSERT INTO `wced_head` (entryid, head, normalized_head, type, pos) VALUES (1489, "aydi", "aydi", "m", "n");
INSERT INTO `wced_translation` (entryid, translation) VALUES (1489, "identification card");
INSERT INTO `wced_entry` VALUES (1490, "ayha1", "70", "<entry page=""70"" id=""1490""><form id=""ayhaq"" lang=""ceb"">ayhà<sub>1</sub></form>
<hom role=""v""><pos>v</pos>
<sense n=""0""> <itype>[A; ac]</itype><trans> talk s.o. into doing s.t., esp. buying. </trans>
<eg><i lang=""ceb"">Ayháun ku siya sa ámù,</i><trans> I’ll persuade her to stay at our place. </trans></eg>
<eg><i lang=""ceb"">Singsing nga kináwat ang giayhà sa táwu,</i><trans> They offered the man a stolen ring.
</trans></eg>
</sense></hom></entry>");
INSERT INTO `wced_head` (entryid, head, normalized_head, type, pos) VALUES (1490, "ayhà", "ayha", "s", "v");
INSERT INTO `wced_entry` VALUES (1491, "ayha2", "70", "<entry page=""70"" id=""1491""><form id=""ayhaq2"" lang=""ceb"">ayhà<sub>2</sub></form>
<hom>
<sense n=""0""><trans> <tr>before</tr> [so-and-so] happens. </trans>
<eg><i lang=""ceb"">Mikáun siya ayhà mulakaw,</i><trans> He ate before he left the house. </trans></eg>
</sense></hom>
<entry><form id=""ayhaq_na"" lang=""ceb""><abbr expan=""ayhà"" type=""lemma"">—</abbr> na</form>
<hom>
<sense n=""0""><trans> only then will, does [so-and-so] happen. </trans>
<eg><i lang=""ceb"">Ayhà na ka bayri ug maintrígu mu ang risíbu,</i><trans> You get paid only when you hand over the receipt. </trans></eg>
</sense></hom></entry>
<entry><form id=""ayhaq_pa"" lang=""ceb""><abbr expan=""ayhà"" type=""lemma"">—</abbr> pa</form>
<hom>
<sense n=""0""><trans> only then did [so-and-so] happen. </trans>
<eg><i lang=""ceb"">Hápit na mahurut ayhà pa ku tagái,</i><trans> I wasn’t given any until they were almost all gone.

</trans></eg>
</sense></hom></entry></entry>");
INSERT INTO `wced_head` (entryid, head, normalized_head, type, pos) VALUES (1491, "ayhà", "ayha", "s", "");
INSERT INTO `wced_head` (entryid, head, normalized_head, type, pos) VALUES (1491, "ayhà na", "ayha na", "s", "");
INSERT INTO `wced_head` (entryid, head, normalized_head, type, pos) VALUES (1491, "ayhà pa", "ayha pa", "s", "");
INSERT INTO `wced_translation` (entryid, translation) VALUES (1491, "before");
INSERT INTO `wced_entry` VALUES (1492, "ayhab", "70", "<entry page=""70"" id=""1492""><form id=""ayhab"" lang=""ceb""><corr sic=""*""/>ayhab</form>
<hom role=""v""><pos>v</pos>
<sense n=""0""> <itype>[a4]</itype><trans> <tr>menstruate</tr> (euphemism). </trans>
<eg><i lang=""ceb"">Giayhab ka?</i><trans> Are you menstruating?
</trans></eg>
</sense></hom></entry>");
INSERT INTO `wced_head` (entryid, head, normalized_head, type, pos) VALUES (1492, "ayhab", "ayhab", "m", "v");
INSERT INTO `wced_translation` (entryid, translation) VALUES (1492, "menstruate");
INSERT INTO `wced_entry` VALUES (1493, "ayis", "70", "<entry page=""70"" id=""1493""><form id=""ayis"" lang=""ceb"">ayis</form>
<hom role=""n""><pos>n</pos>
<sense n=""0""><trans> <tr>ice</tr>. </trans>
</sense></hom>
<entry><form id=""ayis_bag"" lang=""ceb""><abbr expan=""ayis"" type=""lemma"">—</abbr> bag</form>
<hom role=""n""><pos>n</pos>
<sense n=""0""><trans> ice bag. </trans>
</sense></hom>
<hom role=""v""><pos>v</pos>
<sense n=""0""> <itype>[b6]</itype><trans> apply an ice bag to. </trans>
</sense></hom></entry>
<entry><form id=""ayis_baks"" lang=""ceb""><abbr expan=""ayis"" type=""lemma"">—</abbr> baks</form>
<hom role=""n""><pos>n</pos>
<sense n=""0""><trans> <tr>refrigerator</tr>. </trans>
</sense></hom></entry>
<entry><form id=""ayis_drap"" lang=""ceb""><abbr expan=""ayis"" type=""lemma"">—</abbr> drap</form>
<hom role=""n""><pos>n</pos>
<sense n=""0""><trans> <tr>popsicle</tr>. </trans>
</sense></hom>
<hom role=""v""><pos>v</pos>
<sense n=""0""> <itype>[A; a12]</itype><trans> make, make into a popsicle. </trans>
</sense></hom></entry>
<entry><form id=""ayis_kap"" lang=""ceb""><abbr expan=""ayis"" type=""lemma"">—</abbr> kap</form>
<hom>
<sense n=""0""><trans> = <xr lang=""ceb"" target=""#ayis_bag""><sc>ayis bag</sc></xr>. </trans>
</sense></hom></entry>
<entry><form id=""ayis_kindi"" lang=""ceb""><abbr expan=""ayis"" type=""lemma"">—</abbr> kindi</form>
<hom role=""n""><pos>n</pos>
<sense n=""0""><trans> ice candy. </trans>
</sense></hom></entry>
<entry><form id=""ayis_krim"" lang=""ceb""><abbr expan=""ayis"" type=""lemma"">—</abbr> krim</form>
<hom role=""n""><pos>n</pos>
<sense n=""0""><trans> ice cream. </trans>
</sense></hom>
<hom role=""v""><pos>v</pos>
<sense n=""0""> <itype>[A13; a12]</itype><trans> make, make into ice cream. </trans>
</sense></hom></entry>
<entry><form id=""ayis_kiyub"" lang=""ceb""><abbr expan=""ayis"" type=""lemma"">—</abbr> kiyub</form>
<hom role=""n""><pos>n</pos>
<sense n=""0""><trans> ice cubes. </trans>
</sense></hom></entry>
<entry><form id=""ayis_pik"" lang=""ceb""><abbr expan=""ayis"" type=""lemma"">—</abbr> pik</form>
<hom role=""n""><pos>n</pos>
<sense n=""0""><trans> ice pick. </trans>
</sense></hom>
<hom role=""v""><pos>v</pos>
<sense n=""0""> <itype>[a1]</itype><trans> use an ice pick on, stab with an ice pick. </trans>
</sense></hom>
<hom role=""v""><pos>v</pos>
<sense n=""1""><number>1</number> <itype>[a]</itype><trans> make ice. </trans>
<eg><i lang=""ceb"">Maáyu muayis ang ripridiyirítur,</i><trans> The refrigerator makes ice well. </trans></eg>
</sense>
<sense n=""2""><number>2</number> <itype>[B3; c1P]</itype><trans> <tr>freeze</tr>. </trans>
<eg><i lang=""ceb"">Dalì rang muayis (maayis, mag-ayis) ang ayis kindi kun ibutang sa prísir,</i><trans> The ice candy will freeze quickly if you put it in the freezer. </trans></eg>
</sense>
<sense n=""3""><number>3</number> <itype>[A; b5]</itype><trans> preserve s.t. with ice. </trans>
<eg><i lang=""ceb"">Inaysan ba nang isdà?</i><trans> Has that fish been kept with ice?
</trans></eg>
</sense></hom></entry></entry>");
INSERT INTO `wced_head` (entryid, head, normalized_head, type, pos) VALUES (1493, "ayis", "ayis", "m", "n");
INSERT INTO `wced_head` (entryid, head, normalized_head, type, pos) VALUES (1493, "ayis bag", "ayis bag", "s", "nv");
INSERT INTO `wced_head` (entryid, head, normalized_head, type, pos) VALUES (1493, "ayis baks", "ayis baks", "s", "n");
INSERT INTO `wced_head` (entryid, head, normalized_head, type, pos) VALUES (1493, "ayis drap", "ayis drap", "s", "nv");
INSERT INTO `wced_head` (entryid, head, normalized_head, type, pos) VALUES (1493, "ayis kap", "ayis kap", "s", "");
INSERT INTO `wced_head` (entryid, head, normalized_head, type, pos) VALUES (1493, "ayis kindi", "ayis kindi", "s", "n");
INSERT INTO `wced_head` (entryid, head, normalized_head, type, pos) VALUES (1493, "ayis krim", "ayis krim", "s", "nv");
INSERT INTO `wced_head` (entryid, head, normalized_head, type, pos) VALUES (1493, "ayis kiyub", "ayis kiyub", "s", "n");
INSERT INTO `wced_head` (entryid, head, normalized_head, type, pos) VALUES (1493, "ayis pik", "ayis pik", "s", "nvv");
INSERT INTO `wced_translation` (entryid, translation) VALUES (1493, "ice");
INSERT INTO `wced_translation` (entryid, translation) VALUES (1493, "refrigerator");
INSERT INTO `wced_translation` (entryid, translation) VALUES (1493, "popsicle");
INSERT INTO `wced_translation` (entryid, translation) VALUES (1493, "freeze");
INSERT INTO `wced_entry` VALUES (1494, "ayis-ayis", "70", "<entry page=""70"" id=""1494""><form id=""ayis-ayis"" lang=""ceb"">ayis-ayis</form>
<hom role=""v""><pos>v</pos>
<sense n=""1""><number>1</number> <itype>[AC; a1]</itype><trans> <tr>flirt with the eyes</tr>. </trans>
<eg><i lang=""ceb"">Maistra man diay tung ákung giayis-aysan,</i><trans> I just found out that the lady I was making eyes at was a teacher. </trans></eg>
</sense>
<sense n=""2""><number>2</number> <itype>[A; b5]</itype><trans> eye s.o. <pb n=""71""/>or s.t. for a purpose. </trans>
<eg><i lang=""ceb"">Nakaayis-ayis ku niánang sinináa,</i><trans> I have been eyeing that dress. </trans></eg>
</sense></hom>
<hom role=""n""><pos>n</pos>
<sense n=""0""><trans> flirtation with the eyes.
</trans>
</sense></hom></entry>");
INSERT INTO `wced_head` (entryid, head, normalized_head, type, pos) VALUES (1494, "ayis-ayis", "ayis-ayis", "m", "vn");
INSERT INTO `wced_translation` (entryid, translation) VALUES (1494, "flirt with the eyes");
INSERT INTO `wced_entry` VALUES (1495, "ayri", "71", "<entry page=""71"" id=""1495""><form id=""ayri"" lang=""ceb"">ayri</form>
<hom role=""n""><pos>n</pos>
<sense n=""0""><trans> air that gets into s.o.’s body causing disorder. </trans>
<eg><i lang=""ceb"">Kuyaw sa ayri nang paságad lag indiksiyun,</i><trans> If you’re careless in giving shots, there is danger of air getting into the body. </trans></eg>
</sense></hom>
<hom role=""v""><pos>v</pos>
<sense n=""1""><number>1</number> <itype>[B246; b4]</itype><trans> for air to get into the body. </trans>
<eg><i lang=""ceb"">Ayawg pahangin humag kalígù kay ayrihan ka,</i><trans> Don’t expose yourself to the wind after you bathe, for air might get into you. </trans></eg>
</sense>
<sense n=""2""><number>2</number> <itype>[A; b6]</itype><trans> admit air into a kerosene pressure lamp. </trans>
<eg><i lang=""ceb"">Ayríhag hínay arun dílì musiláub,</i><trans> Let air into it slowly so it won’t flare up. </trans></eg>
</sense>
<sense n=""3""><number>3</number> <itype>[A2; c]</itype><trans> get on a bicycle by stepping on the pedal which is in an up position, so that the wheel is propelled as one steps on the pedal. </trans>
<eg><i lang=""ceb"">Iayri ang bisiklíta inigsakay nímu,</i><trans> Pump the pedal as you get on the bike. </trans></eg>
</sense>
<sense n=""4""><number>4</number> <itype>[A; b6]</itype><trans> mount a woman (slang). </trans>
<eg><i lang=""ceb"">Nindut ayríhan nang bayhána,</i><trans> It’d be nice to have intercourse with that woman.
</trans></eg>
</sense></hom></entry>");
INSERT INTO `wced_head` (entryid, head, normalized_head, type, pos) VALUES (1495, "ayri", "ayri", "m", "nv");
INSERT INTO `wced_entry` VALUES (1496, "ayruplanu", "71", "<entry page=""71"" id=""1496""><form id=""ayruplaxnu"" lang=""ceb"">ayruplánu</form>
<hom role=""n""><pos>n</pos>
<sense n=""0""><trans> <tr>airplane</tr>. </trans>
</sense></hom>
<entry><form id=""ayruplaxnu_nga_baxyut"" lang=""ceb""><abbr expan=""ayruplánu"" type=""lemma"">—</abbr> nga báyut</form>
<hom role=""n""><pos>n</pos>
<sense n=""0""><trans> <tr>light plane</tr>. </trans>
</sense></hom>
<hom role=""v""><pos>v</pos>
<sense n=""0""> <itype>[A13; a12]</itype><trans> go by, ride a plane. </trans>
<eg><i lang=""ceb"">Ayruplanúhun ta lang ang Manílà,</i><trans> Let’s go to Manila by airplane.
</trans></eg>
</sense></hom></entry></entry>");
INSERT INTO `wced_head` (entryid, head, normalized_head, type, pos) VALUES (1496, "ayruplánu", "ayruplanu", "m", "n");
INSERT INTO `wced_head` (entryid, head, normalized_head, type, pos) VALUES (1496, "ayruplánu nga báyut", "ayruplanu nga bayut", "s", "nv");
INSERT INTO `wced_translation` (entryid, translation) VALUES (1496, "airplane");
INSERT INTO `wced_translation` (entryid, translation) VALUES (1496, "light plane");
INSERT INTO `wced_entry` VALUES (1497, "aysyid", "71", "<entry page=""71"" id=""1497""><form id=""aysyid"" lang=""ceb"">aysyid</form>
<hom role=""n""><pos>n</pos>
<sense n=""0""><trans> <tr>eye shadow</tr>. </trans>
</sense></hom>
<hom role=""v""><pos>v</pos>
<sense n=""0""> <itype>[A; b6]</itype><trans> apply eye shadow on s.o. </trans>
<eg><i lang=""ceb"">Aysíran kang manang mu,</i><trans> Big sister will apply eye shadow on you. </trans></eg>
</sense></hom>
<entry><form id=""pangaysyid"" lang=""ceb""><abbr expan=""pangaysyid"" type=""lemma"">paN-</abbr></form>
<hom role=""v""><pos>v</pos>
<sense n=""0""> <itype>[A2]</itype><trans> apply eye shadow on oneself.
</trans>
</sense></hom></entry></entry>");
INSERT INTO `wced_head` (entryid, head, normalized_head, type, pos) VALUES (1497, "aysyid", "aysyid", "m", "nv");
INSERT INTO `wced_head` (entryid, head, normalized_head, type, pos) VALUES (1497, "pangaysyid", "pangaysyid", "s", "v");
INSERT INTO `wced_translation` (entryid, translation) VALUES (1497, "eye shadow");
INSERT INTO `wced_entry` VALUES (1498, "ayta1", "71", "<entry page=""71"" id=""1498""><form id=""ayta"" lang=""ceb"">ayta<sub>1</sub></form>
<hom role=""n""><pos>n</pos>
<sense n=""0""><trans> <tr>Aeta</tr>, the <tr><corr sic=""Negritoes"">Negritos</corr></tr>.
</trans>
</sense></hom></entry>");
INSERT INTO `wced_head` (entryid, head, normalized_head, type, pos) VALUES (1498, "ayta", "ayta", "s", "n");
INSERT INTO `wced_translation` (entryid, translation) VALUES (1498, "Aeta");
INSERT INTO `wced_translation` (entryid, translation) VALUES (1498, "Negritos");
INSERT INTO `wced_entry` VALUES (1499, "ayta2", "71", "<entry page=""71"" id=""1499""><form id=""ayta2"" lang=""ceb"">ayta<sub>2</sub></form>
<hom>
<sense n=""0""><trans> short form for <bx>tagái ta</bx> ‘give me’. </trans>
<eg><i lang=""ceb"">Ayta duha kabuuk bi,</i><trans> Let me have two, please.
</trans></eg>
</sense></hom></entry>");
INSERT INTO `wced_head` (entryid, head, normalized_head, type, pos) VALUES (1499, "ayta", "ayta", "s", "");
INSERT INTO `wced_entry` VALUES (1500, "ayu", "71", "<entry page=""71"" id=""1500""><form id=""axyu"" lang=""ceb"">áyu</form>
<hom role=""v""><pos>v</pos>
<sense n=""1a""><number>1a</number> <itype>[A13; a12]</itype><trans> do s.t. well. </trans>
<eg><i lang=""ceb"">Ayúha nig limpiyu,</i><trans> Clean this carefully. </trans></eg>
<eg><i lang=""ceb"">Gitan-aw níya pag-áyu ang sulud,</i><trans> He looked carefully into the insides. </trans></eg>
</sense>
<sense n=""1b""><number>1b</number><trans> do s.t. to an intense degree. </trans>
<eg><i lang=""ceb"">Giáyu siya ug kastígu,</i><trans> He was severely punished. </trans></eg>
<eg><i lang=""ceb"">Nasukù siya pag-áyu,</i><trans> He got very angry. </trans></eg>
</sense>
<sense n=""2""><number>2</number> <itype>[A3]</itype><trans> do well in a given situation. </trans>
<eg><i lang=""ceb"">Muáyu ang mais dinhi kay hustu sa ulan,</i><trans> Corn will do well here because there is enough rain. </trans></eg>
</sense>
<sense n=""3""><number>3</number> <itype>[A; a12]</itype><trans> repair, restore into working order. </trans>
<eg><i lang=""ceb"">Ikay muáyu sa awtu kay ikay nakadáut,</i><trans> You repair the car because you ruined it. </trans></eg>
<eg><i lang=""ceb"">Ayúha ning ákung mutur,</i><trans> Repair my motorcycle. </trans></eg>
</sense>
<sense n=""4""><number>4</number> <itype>[B12]</itype><trans> get better. </trans>
<eg><i lang=""ceb"">Naáyu na ku. Wà na ku hilanti,</i><trans> I am well now. I don’t have a fever any more. </trans></eg>
</sense></hom>
<entry><form id=""axyu_ang_buut"" lang=""ceb""><abbr expan=""áyu"" type=""lemma"">—</abbr> ang buut</form>
<hom role=""v""><pos>v</pos>
<sense n=""0""> <itype>[B4]</itype><trans> be in a good mood. </trans>
<eg><i lang=""ceb"">Muáyu ang íyang buut ug bisitáhan siya ni Piduy,</i><trans> She gets in a good mood when Pedoy visits her. </trans></eg>
<eg><i lang=""ceb"">Giayúhan siya sa buut,</i><trans> She is in a good mood. </trans></eg>
</sense>
<sense n=""5""><number>5</number> <itype>[A23; b6]</itype><trans> treat s.o. nicely. </trans>
<eg><i lang=""ceb"">Muáyu ka lang nákù ug magkinahanglan kag sápì,</i><trans> You treat me nicely only if you want money. </trans></eg>
<eg><i lang=""ceb"">Ug dì ka níla ayúhan, ayawg tagda,</i><trans> If they don’t treat you nicely, never mind. </trans></eg>
</sense>
<sense n=""6""><number>6</number> <itype>[c]</itype><trans> be on good terms with one another. </trans>
<eg><i lang=""ceb"">Nagkaáyu na ba mung duha?</i><trans> Have you two gotten to be on good terms yet? </trans></eg>
</sense></hom></entry>
<entry><form id=""maaxyu"" lang=""ceb""><abbr expan=""maáyu"" type=""lemma"">ma-</abbr></form>
<hom role=""a""><pos>a</pos>
<sense n=""0""><trans> <ix>short forms:</ix> <bx>maay, máyu</bx> </trans>
</sense>
<sense n=""1""><number>1</number><trans> <tr>nice</tr>, <tr>good</tr>, <tr>well</tr>. </trans>
<eg><i lang=""ceb"">Maáyu ning librúha,</i><trans> This book is good. </trans></eg>
<eg><i lang=""ceb"">Maáyu siyang magkinatsilà,</i><trans> He speaks Spanish well. </trans></eg>
</sense>
<sense n=""2""><number>2</number> <form id=""maaxyung_buntag_haxpun_etc."" lang=""ceb""><abbr expan=""maáyung"" type=""lemma"">-ng</abbr> buntag, hápun, etc.</form><trans> <tr>Good morning, afternoon, etc.</tr> <form id=""maaxyung_Pasku"" lang=""ceb""><abbr expan=""maáyung"" type=""lemma"">-ng</abbr> Pasku</form> <tr>Merry Christmas</tr>. </trans>
</sense>
<sense n=""2a""><number>2a</number><trans> greeting upon arriving at s.o.’s premises (short for <ix>maáyung buntag, etc.</ix>). </trans>
<eg><i lang=""ceb"">Maáyu. Uy wà may táwu,</i><trans> Hello! Oh, there’s nobody home. </trans></eg>
</sense>
<sense n=""3a""><number>3a</number> <form id=""Maaxyu_nga_baxtaq"" lang=""ceb""><abbr expan=""Maáyu"" type=""lemma"">—</abbr> nga bátà</form><trans> <tr>beautiful</tr>. </trans>
<eg><i lang=""ceb"">Maáyung bátà ang íyang asáwa,</i><trans> He has a beautiful wife. </trans></eg>
</sense>
<sense n=""3b""><number>3b</number> <form id=""maaxyung_laxki"" lang=""ceb""><abbr expan=""maáyung"" type=""lemma"">—</abbr> láki</form><trans> of exceptional ability in s.t. </trans>
<eg><i lang=""ceb"">Si Tiryu maáyung láki sa pamálak,</i><trans> Terio has exceptional ability in poetry. </trans></eg>
</sense>
<sense n=""4""><number>4</number> <form id=""ug_maaxyu"" lang=""ceb"">ug <abbr expan=""maáyu"" type=""lemma"">ma-</abbr></form><trans> <tr>done well</tr>, to an intense degree. </trans>
<eg><i lang=""ceb"">Gilimpiyuhag maáyu,</i><trans> It was well cleaned. </trans></eg>
<eg><i lang=""ceb"">Gibunálag maáyu,</i><trans> Got a good beating. </trans></eg>
</sense></hom>
<hom role=""v""><pos>v</pos>
<sense n=""0""> <itype>[B]</itype><trans> be good, better. </trans>
<eg><i lang=""ceb"">Ug mumaáyu ang guwà, padayúni,</i><trans> If it gives a good outcome, continue with it. </trans></eg>
<eg><i lang=""ceb"">Ug mamaáyu ang íyang tíngug sa mayik, dawáta pára sa amatyur,</i><trans> If his voice turns out good with the microphone, accept him for the singing contest. </trans></eg>
<eg><i lang=""ceb"">Namaáyu na ku sa sakit,</i><trans> I recovered from the sickness. </trans></eg>
<eg><i lang=""ceb"">Nagkamaayu ang íyang ági,</i><trans> His penmanship is getting better. </trans></eg>
<eg><i lang=""ceb"">Nagmaáyu ang tilimad-un ug walay kapakyásan,</i><trans> The indications are good, and it won’t fail. </trans></eg>
</sense></hom></entry>
<entry><form id=""minaayu"" lang=""ceb""><abbr expan=""minaayu"" type=""lemma"">mina-(→)</abbr></form>
<hom role=""a""><pos>a</pos>
<sense n=""0""><trans> in a good way. </trans>
</sense></hom></entry>
<entry><form id=""ayuaxyu"" lang=""ceb"">ayuáyu</form>
<hom role=""v""><pos>v</pos>
<sense n=""1""><number>1</number> <itype>[A13]</itype><trans> behave properly. </trans>
<eg><i lang=""ceb"">Mag-ayuáyu ka sa ímung paglakaw,</i><trans> You behave properly on your trip. </trans></eg>
</sense></hom></entry>
<entry><form id=""pag-axyu"" lang=""ceb""><abbr expan=""pag-áyu"" type=""lemma"">pag-</abbr></form>
<hom>
<sense n=""0""><trans> goodbye, be careful on your trip. </trans>
</sense>
<sense n=""2""><number>2</number> <itype>[A23; b5]</itype><trans> treat nicely. </trans>
<eg><i lang=""ceb"">Ayuayúhun (ayuayúhan) ka lang níya pagkakarun,</i><trans> He is just treating you nice for now. </trans></eg>
</sense></hom></entry>
<entry><form id=""pahiaxyu_pakaaxyu"" lang=""ceb""><abbr expan=""pahiáyu"" type=""lemma"">pahi-</abbr>/<abbr expan=""pakaáyu"" type=""lemma"">paka-</abbr></form>
<hom role=""v""><pos>v</pos>
<sense n=""0""> <itype>[A13; a12]</itype><trans> cure an illness. </trans>
<eg><i lang=""ceb"">Didtu siya magpakaáyu (magpahiáyu) sa Manílà sa íyang sakit,</i><trans> He was in Manila to get treated for his sickness. </trans></eg>
</sense></hom></entry>
<entry><form id=""paayuaxyu"" lang=""ceb"">paayuáyu</form>
<hom role=""v""><pos>v</pos>
<sense n=""0""> <itype>[A13]</itype><trans> pretend to be nice. </trans>
<eg><i lang=""ceb"">Nagpaayuáyu ang libakíra,</i><trans> The scandalmonger is pretending to be nice. </trans></eg>
</sense></hom></entry>
<entry><form id=""kaaxyu_kamaaxyu"" lang=""ceb""><abbr expan=""kaáyu"" type=""lemma"">ka-</abbr>, <abbr expan=""kamaáyu"" type=""lemma"">kama-</abbr></form>
<hom>
<sense n=""0""><trans> <tr>how nice</tr>, <tr>well</tr>. </trans>
<eg><i lang=""ceb"">Kaáyu (kamaáyu) nímung manista,</i><trans> How nicely you play! </trans></eg>
<eg><i lang=""ceb"">Kaáyu gyung latiguhun nímu,</i><trans> How nice it would be to whip you! </trans></eg>
</sense></hom></entry>
<entry><form id=""kaaxyu"" lang=""ceb""><abbr expan=""kaáyu"" type=""lemma"">ka-</abbr></form>
<hom>
<sense n=""0""><trans> <ix>short forms:</ix> <bx>kaay, káyu</bx> <tr>very</tr>, <tr>very much</tr>. </trans>
<eg><i lang=""ceb"">Mahal kaáyu,</i><trans> It’s very expensive. </trans></eg>
<eg><i lang=""ceb"">Gustu ku kaáyu,</i><trans> I want to very much. </trans></eg>
</sense></hom></entry>
<entry><form id=""alayuxhan"" lang=""ceb"">alayúhan</form>
<hom role=""n""><pos>n</pos>
<sense n=""0""><trans> <tr>repair shop</tr>. </trans>
</sense></hom></entry>
<entry><form id=""alayuhun"" lang=""ceb"">alayuhun</form>
<hom role=""n""><pos>n</pos>
<sense n=""0""><trans> s.t. to be repaired. </trans>
</sense></hom></entry>
<entry><form id=""kaayuxhan"" lang=""ceb"">kaayúhan</form>
<hom role=""n""><pos>n</pos>
<sense n=""0""><trans> <tr>benefit</tr>.
</trans>
</sense></hom></entry></entry>");
INSERT INTO `wced_head` (entryid, head, normalized_head, type, pos) VALUES (1500, "áyu", "ayu", "m", "v");
INSERT INTO `wced_head` (entryid, head, normalized_head, type, pos) VALUES (1500, "áyu ang buut", "ayu ang buut", "s", "v");
INSERT INTO `wced_head` (entryid, head, normalized_head, type, pos) VALUES (1500, "maáyu", "maayu", "s", "av");
INSERT INTO `wced_head` (entryid, head, normalized_head, type, pos) VALUES (1500, "maáyung buntag", "maayung buntag", "s", "");
INSERT INTO `wced_head` (entryid, head, normalized_head, type, pos) VALUES (1500, "hápun", "hapun", "s", "");
INSERT INTO `wced_head` (entryid, head, normalized_head, type, pos) VALUES (1500, "etc.", "etc.", "s", "");
INSERT INTO `wced_head` (entryid, head, normalized_head, type, pos) VALUES (1500, "maáyung Pasku", "maayung pasku", "s", "");
INSERT INTO `wced_head` (entryid, head, normalized_head, type, pos) VALUES (1500, "Maáyu nga bátà", "maayu nga bata", "s", "");
INSERT INTO `wced_head` (entryid, head, normalized_head, type, pos) VALUES (1500, "maáyung láki", "maayung laki", "s", "");
INSERT INTO `wced_head` (entryid, head, normalized_head, type, pos) VALUES (1500, "ug maáyu", "ug maayu", "s", "");
INSERT INTO `wced_head` (entryid, head, normalized_head, type, pos) VALUES (1500, "minaayu", "minaayu", "s", "a");
INSERT INTO `wced_head` (entryid, head, normalized_head, type, pos) VALUES (1500, "ayuáyu", "ayuayu", "s", "v");
INSERT INTO `wced_head` (entryid, head, normalized_head, type, pos) VALUES (1500, "pag-áyu", "pag-ayu", "s", "");
INSERT INTO `wced_head` (entryid, head, normalized_head, type, pos) VALUES (1500, "pahiáyu", "pahiayu", "s", "v");
INSERT INTO `wced_head` (entryid, head, normalized_head, type, pos) VALUES (1500, "pakaáyu", "pakaayu", "s", "v");
INSERT INTO `wced_head` (entryid, head, normalized_head, type, pos) VALUES (1500, "paayuáyu", "paayuayu", "s", "v");
INSERT INTO `wced_head` (entryid, head, normalized_head, type, pos) VALUES (1500, "kaáyu", "kaayu", "s", "");
INSERT INTO `wced_head` (entryid, head, normalized_head, type, pos) VALUES (1500, "kamaáyu", "kamaayu", "s", "");
INSERT INTO `wced_head` (entryid, head, normalized_head, type, pos) VALUES (1500, "alayúhan", "alayuhan", "s", "n");
INSERT INTO `wced_head` (entryid, head, normalized_head, type, pos) VALUES (1500, "alayuhun", "alayuhun", "s", "n");
INSERT INTO `wced_head` (entryid, head, normalized_head, type, pos) VALUES (1500, "kaayúhan", "kaayuhan", "s", "n");
INSERT INTO `wced_translation` (entryid, translation) VALUES (1500, "nice");
INSERT INTO `wced_translation` (entryid, translation) VALUES (1500, "good");
INSERT INTO `wced_translation` (entryid, translation) VALUES (1500, "well");
INSERT INTO `wced_translation` (entryid, translation) VALUES (1500, "Good morning");
INSERT INTO `wced_translation` (entryid, translation) VALUES (1500, "afternoon");
INSERT INTO `wced_translation` (entryid, translation) VALUES (1500, "etc.");
INSERT INTO `wced_translation` (entryid, translation) VALUES (1500, "Merry Christmas");
INSERT INTO `wced_translation` (entryid, translation) VALUES (1500, "beautiful");
INSERT INTO `wced_translation` (entryid, translation) VALUES (1500, "done well");
INSERT INTO `wced_translation` (entryid, translation) VALUES (1500, "how nice");
INSERT INTO `wced_translation` (entryid, translation) VALUES (1500, "very");
INSERT INTO `wced_translation` (entryid, translation) VALUES (1500, "very much");
INSERT INTO `wced_translation` (entryid, translation) VALUES (1500, "repair shop");
INSERT INTO `wced_translation` (entryid, translation) VALUES (1500, "benefit");
INSERT INTO `wced_entry` VALUES (1501, "ayu", "71", "<entry page=""71"" id=""1501""><form id=""ayuq"" lang=""ceb"">ayù</form>
<hom>
<sense n=""0""><trans> (from <ix>káyù</ix>) </trans>
</sense></hom>
<hom role=""a""><pos>a</pos>
<sense n=""0""><trans> asking for trouble. </trans>
</sense></hom>
<hom role=""v""><pos>v</pos>
<sense n=""0""> <itype>[A13]</itype><trans> ask for trouble. </trans>
<eg><i lang=""ceb"">Nag-ayù ka ug kasab-an?</i><trans> Are you asking for a scolding?
</trans></eg>
</sense></hom></entry>");
INSERT INTO `wced_head` (entryid, head, normalized_head, type, pos) VALUES (1501, "ayù", "ayu", "m", "av");
INSERT INTO `wced_entry` VALUES (1502, "ayuda", "71", "<entry page=""71"" id=""1502""><form id=""ayuxda"" lang=""ceb"">ayúda</form>
<hom role=""v""><pos>v</pos>
<sense n=""0""> <itype>[A; b]</itype><trans> </trans>
</sense>
<sense n=""1""><number>1</number><trans> <tr>help</tr>. </trans>
<eg><i lang=""ceb"">Ayudáhi kug alsa ári,</i><trans> Help me lift this. </trans></eg>
</sense>
<sense n=""2""><number>2</number><trans> give s.t. as a help. </trans>
<eg><i lang=""ceb"">Ang mga Láyuns nag-ayúda ug kinahun nga sardínas,</i><trans> The Lions gave boxes of sardines as <pb n=""72""/>aid. </trans></eg>
</sense></hom>
<hom role=""n""><pos>n</pos>
<sense n=""0""><trans> <tr>aid</tr>, <tr>help</tr> given. </trans>
</sense></hom>
<entry><form id=""ayuxda_dikampu"" lang=""ceb""><abbr expan=""ayúda"" type=""lemma"">—</abbr> dikampu</form>
<hom>
<sense n=""0""><trans> <tr>aide-de-camp</tr>. </trans>
</sense></hom></entry>
<entry><form id=""ayudanti"" lang=""ceb""><abbr expan=""ayudanti"" type=""lemma"">-nti</abbr></form>
<hom role=""n""><pos>n</pos>
<sense n=""1""><number>1</number><trans> <tr>helper</tr>. </trans>
<eg><i lang=""ceb"">Ayudanti sa imprinta,</i><trans> A helper in the printing press. </trans></eg>
</sense>
<sense n=""2""><number>2</number><trans> <tr>aide-de-camp</tr>. </trans>
</sense></hom>
<hom role=""v""><pos>v</pos>
<sense n=""0""> <itype>[B; a12]</itype><trans> be, become a helper, aide-de-camp.
</trans>
</sense></hom></entry></entry>");
INSERT INTO `wced_head` (entryid, head, normalized_head, type, pos) VALUES (1502, "ayúda", "ayuda", "m", "vn");
INSERT INTO `wced_head` (entryid, head, normalized_head, type, pos) VALUES (1502, "ayúda dikampu", "ayuda dikampu", "s", "");
INSERT INTO `wced_head` (entryid, head, normalized_head, type, pos) VALUES (1502, "ayudanti", "ayudanti", "s", "nv");
INSERT INTO `wced_translation` (entryid, translation) VALUES (1502, "help");
INSERT INTO `wced_translation` (entryid, translation) VALUES (1502, "aid");
INSERT INTO `wced_translation` (entryid, translation) VALUES (1502, "aide-de-camp");
INSERT INTO `wced_translation` (entryid, translation) VALUES (1502, "helper");
INSERT INTO `wced_entry` VALUES (1503, "ayudi", "72", "<entry page=""72"" id=""1503""><form id=""ayudi"" lang=""ceb"">ayudi</form>
<hom role=""n""><pos>n</pos>
<sense n=""0""><trans> <tr>intra-uterine device</tr> (<asc><abbr expan=""intra-uterine device"">I.U.D.</abbr></asc>) </trans>
</sense></hom>
<entry><form id=""paayudi"" lang=""ceb""><abbr expan=""paayudi"" type=""lemma"">pa-</abbr></form>
<hom role=""v""><pos>v</pos>
<sense n=""0""> <itype>[A]</itype><trans> have an <asc>I.U.D.</asc> installed.
</trans>
</sense></hom></entry></entry>");
INSERT INTO `wced_head` (entryid, head, normalized_head, type, pos) VALUES (1503, "ayudi", "ayudi", "m", "n");
INSERT INTO `wced_head` (entryid, head, normalized_head, type, pos) VALUES (1503, "paayudi", "paayudi", "s", "v");
INSERT INTO `wced_translation` (entryid, translation) VALUES (1503, "intra-uterine device");
INSERT INTO `wced_entry` VALUES (1504, "ayum", "72", "<entry page=""72"" id=""1504""><form id=""axyum"" lang=""ceb"">áyum</form>
<hom role=""v""><pos>v</pos>
<sense n=""0""> <itype>[APB3(1); a12]</itype><trans> </trans>
</sense>
<sense n=""1""><number>1</number><trans> for a wound to be healed or cured. </trans>
<eg><i lang=""ceb"">Dalì rang miáyum (naáyum) ang samad,</i><trans> It took only a short time for the wound to <tr>heal</tr>. </trans></eg>
</sense>
<sense n=""2""><number>2</number><trans> free from troubles, grief, evil habits. </trans>
<eg><i lang=""ceb"">Ang panahun muáyum (mupaáyum) sa kaguul,</i><trans> Time will make us forget our sorrows. </trans></eg>
</sense>
<sense n=""3""><number>3</number> <itype>[A; a12]</itype><trans> <tr>repair</tr>, <tr>mend</tr>, <tr>fix</tr>. </trans>
<eg><i lang=""ceb"">Muáyum siyag sapátus gubà,</i><trans> He repairs torn shoes. </trans></eg>
<eg><i lang=""ceb"">Ayúma ang ímung sinínà kay hugut da,</i><trans> Fix your dress because it’s too tight. </trans></eg>
</sense></hom>
<entry><form id=""ayum-axyum"" lang=""ceb"">ayum-áyum</form>
<hom role=""v""><pos>v</pos>
<sense n=""1""><number>1</number> <itype>[A1; c1]</itype><trans> <tr>fix</tr> s.t. up quickly in a makeshift way. </trans>
<eg><i lang=""ceb"">Nag-ayum-áyum siya sa kunut sa íyang sinínà,</i><trans> She hurriedly smoothed over her wrinkled dress. </trans></eg>
<eg><i lang=""ceb"">Kini makaayum-áyum sa ímung kagútum,</i><trans> This will alleviate your hunger temporarily. </trans></eg>
<eg><i lang=""ceb"">Ayum-ayúma (iayum-áyum) lang nang hiwì sa bukag,</i><trans> Just straighten out the crooked basket quickly. </trans></eg>
</sense>
<sense n=""2""><number>2</number> <itype>[AP; b6P]</itype><trans> make do with s.t. </trans>
<eg><i lang=""ceb"">Maáyu siyang muayum-áyum (mupaayum-áyum) sa tinábas sa pagtahì ug bistídu,</i><trans> She is good in making do with remnants in sewing her dresses. </trans></eg>
</sense>
<sense n=""3""><number>3</number> <itype>[AP; bP]</itype><trans> put up with s.t. temporarily. </trans>
<eg><i lang=""ceb"">Ayum-ayúmi (paayum-ayúmi) lang ang íyang kasábà, Tutal, ági man lang nà,</i><trans> Try to put up with her scolding. Anyway, it won’t last.
</trans></eg>
</sense></hom></entry></entry>");
INSERT INTO `wced_head` (entryid, head, normalized_head, type, pos) VALUES (1504, "áyum", "ayum", "m", "v");
INSERT INTO `wced_head` (entryid, head, normalized_head, type, pos) VALUES (1504, "ayum-áyum", "ayum-ayum", "s", "v");
INSERT INTO `wced_translation` (entryid, translation) VALUES (1504, "heal");
INSERT INTO `wced_translation` (entryid, translation) VALUES (1504, "repair");
INSERT INTO `wced_translation` (entryid, translation) VALUES (1504, "mend");
INSERT INTO `wced_translation` (entryid, translation) VALUES (1504, "fix");
INSERT INTO `wced_entry` VALUES (1505, "ayun", "72", "<entry page=""72"" id=""1505""><form id=""ayun"" lang=""ceb"">ayun</form>
<hom>
<sense n=""0""><trans> moving dragged <tr>along</tr> with s.t. </trans>
<eg><i lang=""ceb"">Midágan ang barútu ayun sa súg,</i><trans> The boat is travelling along with the current. </trans></eg>
</sense></hom>
<hom role=""v""><pos>v</pos>
<sense n=""1""><number>1</number> <itype>[B2]</itype><trans> go with, for s.t. to <tr>harmonize</tr> with s.t. else. </trans>
<eg><i lang=""ceb"">Kining dintrúha muayun sa ímung karsúnis,</i><trans> This shirt goes well with your pants. </trans></eg>
</sense>
<sense n=""2""><number>2</number> <itype>[A2C3; b(1)]</itype><trans> <tr>like</tr>, come to like. </trans>
<eg><i lang=""ceb"">Ug ákung kaayunan ang buluk, ákung palitun ang panaptun,</i><trans> If I like the color, I will buy the cloth. </trans></eg>
<eg><i lang=""ceb"">Wà magkaáyun ang magtiáyun, maung nagkabúlag,</i><trans> The couple couldn’t get along very well so they separated. </trans></eg>
</sense></hom>
<entry><form id=""paayun"" lang=""ceb""><abbr expan=""paayun"" type=""lemma"">pa-</abbr></form>
<hom>
<sense n=""0""><trans> = <xr lang=""ceb"" target=""#pahiayun""><sc><abbr expan=""pahiayun"" type=""lemma"">pahi-</abbr></sc></xr>. </trans>
</sense></hom></entry>
<entry><form id=""pahiayun"" lang=""ceb""><abbr expan=""pahiayun"" type=""lemma"">pahi-</abbr></form>
<hom role=""v""><pos>v</pos>
<sense n=""1""><number>1</number> <itype>[A2; c6]</itype><trans> make s.t. fit with, conform to s.t. else. </trans>
<eg><i lang=""ceb"">Ang balay gipahiayun sa ílang gustu,</i><trans> The house was built exactly according to their wishes. </trans></eg>
</sense>
<sense n=""2""><number>2</number> <itype>[A; b6]</itype><trans> put up with s.t., adjust oneself to s.t. </trans>
<eg><i lang=""ceb"">Pahiayunan ku lang ang ílang hukum,</i><trans> I will just go along with their decision. </trans></eg>
</sense></hom></entry>
<entry><form id=""tiayun"" lang=""ceb""><abbr expan=""tiayun"" type=""lemma"">ti-</abbr></form>
<hom>
<sense n=""0""><trans> <ix>see</ix> <xr lang=""ceb"" target=""#tiaxyun""><sc>tiáyun</sc></xr>.
</trans>
</sense></hom></entry></entry>");
INSERT INTO `wced_head` (entryid, head, normalized_head, type, pos) VALUES (1505, "ayun", "ayun", "m", "v");
INSERT INTO `wced_head` (entryid, head, normalized_head, type, pos) VALUES (1505, "paayun", "paayun", "s", "");
INSERT INTO `wced_head` (entryid, head, normalized_head, type, pos) VALUES (1505, "pahiayun", "pahiayun", "s", "v");
INSERT INTO `wced_head` (entryid, head, normalized_head, type, pos) VALUES (1505, "tiayun", "tiayun", "s", "");
INSERT INTO `wced_translation` (entryid, translation) VALUES (1505, "along");
INSERT INTO `wced_translation` (entryid, translation) VALUES (1505, "harmonize");
INSERT INTO `wced_translation` (entryid, translation) VALUES (1505, "like");
INSERT INTO `wced_entry` VALUES (1506, "ayun", "72", "<entry page=""72"" id=""1506""><form id=""axyun"" lang=""ceb"">áyun</form>
<hom>
<sense n=""0""><trans> = <xr lang=""ceb"" target=""#alaxyun""><sc>aláyun</sc></xr>.
</trans>
</sense></hom></entry>");
INSERT INTO `wced_head` (entryid, head, normalized_head, type, pos) VALUES (1506, "áyun", "ayun", "m", "");
INSERT INTO `wced_entry` VALUES (1507, "*ayup", "72", "<entry page=""72"" id=""1507""><form id=""xxayup"" lang=""ceb"">*ayup</form>
<entry><form id=""paayup"" lang=""ceb""><abbr expan=""paayup"" type=""lemma"">pa-</abbr></form>
<hom role=""v""><pos>v</pos>
<sense n=""0""> <itype>[A13; b(1)]</itype><trans> let s.t. cook over low heat before taking it off the stove. </trans>
<eg><i lang=""ceb"">Paayupi ang linung-ag kadiyut úsà haúna,</i><trans> Let the rice stay on the fire awhile before you take it off.
</trans></eg>
</sense></hom></entry></entry>");
INSERT INTO `wced_head` (entryid, head, normalized_head, type, pos) VALUES (1507, "ayup", "ayup", "s", "");
INSERT INTO `wced_head` (entryid, head, normalized_head, type, pos) VALUES (1507, "paayup", "paayup", "s", "v");
INSERT INTO `wced_entry` VALUES (1508, "ayup-up", "72", "<entry page=""72"" id=""1508""><form id=""ayup-up"" lang=""ceb"">ayup-up</form>
<hom>
<sense n=""0""><trans> = <xr lang=""ceb"" target=""#axlup""><sc>álup</sc></xr>, <ix>1.</ix>
</trans>
</sense></hom></entry>");
INSERT INTO `wced_head` (entryid, head, normalized_head, type, pos) VALUES (1508, "ayup-up", "ayup-up", "m", "");
INSERT INTO `wced_entry` VALUES (1509, "ayus", "72", "<entry page=""72"" id=""1509""><form id=""ayus"" lang=""ceb"">ayus</form>
<hom role=""v""><pos>v</pos>
<sense n=""0""> <itype>[A; b(1)]</itype><trans> refuse to have intercourse with one’s new husband. </trans>
<eg><i lang=""ceb"">Ang bána nga giayusan sa asáwa,</i><trans> The husband whose wife refused to sleep with him.

</trans></eg>
</sense></hom></entry>");
INSERT INTO `wced_head` (entryid, head, normalized_head, type, pos) VALUES (1509, "ayus", "ayus", "m", "v");
COMMIT;
