BEGIN TRANSACTION;
INSERT INTO `wced_entry` VALUES (5024, "g.", "246", "<entry page=""246"" id=""5024""><form id=""G."" lang=""ceb"">G.</form>
<hom>
<sense n=""0""><trans> abbreviation for <ix>Ginúu</ix> ‘Mister’. </trans>
<eg><i lang=""ceb"">G. ug Gng. Purtunátu Búut,</i><trans> Mr. and Mrs. Fortunato Buot.
</trans></eg>
</sense></hom></entry>");
INSERT INTO `wced_head` (entryid, head, normalized_head, type, pos) VALUES (5024, "G.", "g.", "m", "");
INSERT INTO `wced_entry` VALUES (5025, "-g-", "246", "<entry page=""246"" id=""5025""><form id=""x-g-"" lang=""ceb"">-g-</form>
<hom>
<sense n=""0""><trans> infix added after the vowel of the first syllable of adjectives referring to measurements to pluralize—i.e., form adjective referring to more than one thing. </trans>
<eg><i lang=""ceb"">Dagkù,</i><trans> Big. </trans></eg>
<eg><i lang=""ceb"">Tag-as,</i><trans> Long. </trans></eg>
<eg><i lang=""ceb"">Lagpad,</i><trans> Wide. </trans></eg>
<eg><i lang=""ceb"">Lagyù,</i><trans> Far away from each other.
</trans></eg>
</sense></hom></entry>");
INSERT INTO `wced_head` (entryid, head, normalized_head, type, pos) VALUES (5025, "-g-", "-g-", "m", "");
INSERT INTO `wced_entry` VALUES (5026, "ga", "246", "<entry page=""246"" id=""5026""><form id=""ga"" lang=""ceb"">ga</form>
<hom>
<sense n=""0""><trans> <xr lang=""ceb"" target=""#sangga""><ix>short for</ix> <sc>sangga<sub>1</sub></sc>.</xr>
</trans>
</sense></hom></entry>");
INSERT INTO `wced_head` (entryid, head, normalized_head, type, pos) VALUES (5026, "ga", "ga", "m", "");
INSERT INTO `wced_entry` VALUES (5027, "ga-", "246", "<entry page=""246"" id=""5027""><form id=""ga-"" lang=""ceb"">ga-</form>
<hom>
<sense n=""0""><trans> <xr lang=""ceb"" target=""#naga-""><ix>short for</ix> <sc>naga-</sc>.</xr>
</trans>
</sense></hom></entry>");
INSERT INTO `wced_head` (entryid, head, normalized_head, type, pos) VALUES (5027, "ga-", "ga-", "m", "");
INSERT INTO `wced_entry` VALUES (5028, "ga", "246", "<entry page=""246"" id=""5028""><form id=""ga5"" lang=""ceb"">gā́</form>
<hom>
<sense n=""0""><trans> <xr lang=""ceb"" target=""#gaxla"">= <sc>gála<sub>1</sub></sc>.</xr>
</trans>
</sense></hom></entry>");
INSERT INTO `wced_head` (entryid, head, normalized_head, type, pos) VALUES (5028, "gā́", "ga", "m", "");
INSERT INTO `wced_entry` VALUES (5029, "ga1", "246", "<entry page=""246"" id=""5029""><form id=""gaq"" lang=""ceb"">gà<sub>1</sub></form>
<hom>
<sense n=""0""><trans> <xr lang=""ceb"" target=""#gaxniq"">= <sc>gánì</sc> (dialectal).</xr>
</trans>
</sense></hom></entry>");
INSERT INTO `wced_head` (entryid, head, normalized_head, type, pos) VALUES (5029, "gà", "ga", "s", "");
INSERT INTO `wced_entry` VALUES (5030, "ga2", "246", "<entry page=""246"" id=""5030""><form id=""gaq2"" lang=""ceb"">gà<sub>2</sub></form>
<hom>
<sense n=""0""><trans> <ix>short for</ix> <foreign lang=""ceb"" xml:lang=""ceb"">pinalanggà</foreign>, <ix>used in address:</ix> <tr>sweetie pie</tr>.
</trans>
</sense></hom></entry>");
INSERT INTO `wced_head` (entryid, head, normalized_head, type, pos) VALUES (5030, "gà", "ga", "s", "");
INSERT INTO `wced_translation` (entryid, translation) VALUES (5030, "sweetie pie");
INSERT INTO `wced_entry` VALUES (5031, "ga", "246", "<entry page=""246"" id=""5031""><form id=""ga3"" lang=""ceb"">gâ</form>
<hom>
<sense n=""0""><trans> <xr lang=""ceb"" target=""#galaq"">= <sc>galà</sc>.</xr>
</trans>
</sense></hom></entry>");
INSERT INTO `wced_head` (entryid, head, normalized_head, type, pos) VALUES (5031, "gâ", "ga", "m", "");
INSERT INTO `wced_entry` VALUES (5032, "gaab", "246", "<entry page=""246"" id=""5032""><form id=""gaxab"" lang=""ceb"">gáab</form>
<hom>
<sense n=""0""><trans> <xr lang=""ceb"" target=""#agaab"">= <sc>agaab</sc>.</xr>
</trans>
</sense></hom></entry>");
INSERT INTO `wced_head` (entryid, head, normalized_head, type, pos) VALUES (5032, "gáab", "gaab", "m", "");
INSERT INTO `wced_entry` VALUES (5033, "gaak", "246", "<entry page=""246"" id=""5033""><form id=""gaak"" lang=""ceb"">gaak</form>
<hom role=""v""><pos>v</pos>
<sense n=""0""> <itype>[B146; a12]</itype><trans> walk with legs somewhat spread apart. </trans>
<eg><i lang=""ceb"">Naggaak siya kay gihubagan sa búgan,</i><trans> He walked with legs spread apart because he had a boil in the groin. </trans></eg>
</sense></hom>
<hom role=""a""><pos>a</pos>
<sense n=""0""><trans> walking with legs somewhat spread apart.
</trans>
</sense></hom></entry>");
INSERT INTO `wced_head` (entryid, head, normalized_head, type, pos) VALUES (5033, "gaak", "gaak", "m", "va");
INSERT INTO `wced_entry` VALUES (5034, "gaan", "246", "<entry page=""246"" id=""5034""><form id=""gaan"" lang=""ceb"">gaan</form>
<hom role=""a""><pos>a</pos>
<sense n=""1""><number>1</number><trans> <tr>light</tr>, not heavy in weight. </trans>
<eg><i lang=""ceb"">Gaan ka kay kanákù,</i><trans> You’re lighter than I am. </trans></eg>
</sense>
<sense n=""2""><number>2</number><trans> easy, not strenuous. </trans>
<eg><i lang=""ceb"">Gaan nga búhat,</i><trans> Light jobs. </trans></eg>
</sense>
<sense n=""3""><number>3</number><trans> not grave. </trans>
<eg><i lang=""ceb"">Gaan ra ang sílut,</i><trans> The sentence was too lenient. </trans></eg>
</sense></hom>
<entry><form id=""gaan_ug_buut"" lang=""ceb""><abbr expan=""gaan"">—</abbr> ug buut</form>
<hom>
<sense n=""1""><number>1</number><trans> in a good mood, having a light disposition by nature. </trans>
</sense>
<sense n=""2""><number>2</number><trans> somewhat mentally deranged. </trans>
</sense></hom></entry>
<entry><form id=""gaan_ang_duguq"" lang=""ceb""><abbr expan=""gaan"">—</abbr> ang dugù</form>
<hom>
<sense n=""0""><trans> having specially good feelings toward a person. </trans>
<eg><i lang=""ceb"">Parinti diay nákù maung gaan ang ákung dugù níya,</i><trans> I have special feelings for him as he turned out to be a relative of mine. </trans></eg>
</sense></hom></entry>
<entry><form id=""gaan_ug_kamut"" lang=""ceb""><abbr expan=""gaan"">—</abbr> ug kamut</form>
<hom>
<sense n=""1""><number>1</number><trans> quick to lift a hand when provoked. </trans>
<eg><i lang=""ceb"">Manumbag kun masukù ang gaan ug kamut,</i><trans> A quick-tempered person lifts his hand when angry. </trans></eg>
</sense>
<sense n=""2""><number>2</number><trans> quick to get at or steal s.t. without being noticed. </trans>
</sense>
<sense n=""3""><number>3</number><trans> good at drawing or doing things with hands. </trans>
<eg><i lang=""ceb"">Himúang dibuhista kining batáa kay gaan ug kamut,</i><trans> Make this child an artist because he has creative hands. </trans></eg>
</sense></hom></entry>
<entry><form id=""gaan_ang_laxwas"" lang=""ceb""><abbr expan=""gaan"">—</abbr> ang láwas</form>
<hom>
<sense n=""0""><trans> feel better after an illness. </trans>
<eg><i lang=""ceb"">Gaan na ang ákung láwas human kaindiksiyuni,</i><trans> I feel better now after the injection. </trans></eg>
</sense></hom></entry>
<entry><form id=""gaan_ug_sulti"" lang=""ceb""><abbr expan=""gaan"">—</abbr> ug sulti</form>
<hom>
<sense n=""0""><trans> speak in a disorganized way as if mentally deranged. </trans>
</sense></hom></entry>
<entry><form id=""gaan_ug_uxlu"" lang=""ceb""><abbr expan=""gaan"">—</abbr> ug úlu</form>
<hom>
<sense n=""0""><trans> have a light-headed feeling from lack of sleep, seasickness, and the like. </trans>
</sense></hom>
<hom role=""v""><pos>v</pos>
<sense n=""0""> <itype>[B2; b6]</itype><trans> </trans>
</sense>
<sense n=""1""><number>1</number><trans> become light. </trans>
<eg><i lang=""ceb"">Mugaan kanang ímung gipas-an kun kuháag katungà,</i><trans> Your load will be lightened if you remove half of it. </trans></eg>
<eg><i lang=""ceb"">Gigaanan ku sa trabáhu,</i><trans> I consider the work not strenuous. </trans></eg>
</sense>
<sense n=""2""><number>2</number><trans> lessen in intensity. </trans>
<eg><i lang=""ceb"">Ang pagtug-an makagaan (makapagaan) sa sintinsiya,</i><trans> If you confess, your sentence will be lighter. </trans></eg>
</sense></hom></entry>
<entry><form id=""gaan_ang_buut"" lang=""ceb""><abbr expan=""gaan"">—</abbr> ang buut</form>
<hom role=""v""><pos>v</pos>
<sense n=""0""> <itype>[B6]</itype><trans> </trans>
</sense>
<sense n=""1""><number>1</number><trans> get to be in good mood. </trans>
</sense>
<sense n=""2""><number>2</number><trans> get somewhat deranged. </trans>
<eg><i lang=""ceb"">Nigaan ang íyang buut pagkamatay sa íyang anak,</i><trans> She went nearly crazy when her son died. </trans></eg>
</sense></hom></entry>
<entry><form id=""gaan_ang_laxwas"" lang=""ceb""><abbr expan=""gaan"">—</abbr> ang láwas</form>
<hom role=""v""><pos>v</pos>
<sense n=""0""> <itype>[B2]</itype><trans> get recovered from an illness. </trans>
</sense></hom></entry>
<entry><form id=""gaan_ang_uxlu"" lang=""ceb""><abbr expan=""gaan"">—</abbr> ang úlu</form>
<hom role=""v""><pos>v</pos>
<sense n=""0""> <itype>[B]</itype><trans> get light-headed from lack of sleep, airsickness, etc.
</trans>
</sense></hom></entry></entry>");
INSERT INTO `wced_head` (entryid, head, normalized_head, type, pos) VALUES (5034, "gaan", "gaan", "m", "a");
INSERT INTO `wced_head` (entryid, head, normalized_head, type, pos) VALUES (5034, "gaan ug buut", "gaan ug buut", "s", "");
INSERT INTO `wced_head` (entryid, head, normalized_head, type, pos) VALUES (5034, "gaan ang dugù", "gaan ang dugu", "s", "");
INSERT INTO `wced_head` (entryid, head, normalized_head, type, pos) VALUES (5034, "gaan ug kamut", "gaan ug kamut", "s", "");
INSERT INTO `wced_head` (entryid, head, normalized_head, type, pos) VALUES (5034, "gaan ang láwas", "gaan ang lawas", "s", "");
INSERT INTO `wced_head` (entryid, head, normalized_head, type, pos) VALUES (5034, "gaan ug sulti", "gaan ug sulti", "s", "");
INSERT INTO `wced_head` (entryid, head, normalized_head, type, pos) VALUES (5034, "gaan ug úlu", "gaan ug ulu", "s", "v");
INSERT INTO `wced_head` (entryid, head, normalized_head, type, pos) VALUES (5034, "gaan ang buut", "gaan ang buut", "s", "v");
INSERT INTO `wced_head` (entryid, head, normalized_head, type, pos) VALUES (5034, "gaan ang úlu", "gaan ang ulu", "s", "v");
INSERT INTO `wced_translation` (entryid, translation) VALUES (5034, "light");
INSERT INTO `wced_entry` VALUES (5035, "gaang", "246", "<entry page=""246"" id=""5035""><form id=""gaxang"" lang=""ceb"">gáang</form>
<hom role=""n""><pos>n</pos>
<sense n=""1""><number>1</number><trans> large coral rocks, sharp pointed with deep depressions. </trans>
</sense>
<sense n=""2""><number>2</number><trans> clod of earth. </trans>
</sense></hom>
<entry><form id=""kagaxangan"" lang=""ceb""><abbr expan=""kagáangan"">ka-an</abbr></form>
<hom role=""n""><pos>n</pos>
<sense n=""1""><number>1</number><trans> place with lots of sharp-pointed rocks. </trans>
</sense>
<sense n=""2""><number>2</number><trans> field covered with dried clods of earth. </trans>
</sense></hom>
<hom role=""v""><pos>v</pos>
<sense n=""0""> <itype>[B26]</itype><trans> for an area to lose its soil such that it becomes stony and infertile.
</trans>
</sense></hom></entry></entry>");
INSERT INTO `wced_head` (entryid, head, normalized_head, type, pos) VALUES (5035, "gáang", "gaang", "m", "n");
INSERT INTO `wced_head` (entryid, head, normalized_head, type, pos) VALUES (5035, "kagáangan", "kagaangan", "s", "nv");
INSERT INTO `wced_entry` VALUES (5036, "gaay", "246", "<entry page=""246"" id=""5036""><form id=""gaxay"" lang=""ceb"">gáay</form>
<hom role=""a""><pos>a</pos>
<sense n=""1""><number>1</number><trans> for wood, twigs, leaves to be light and extremely dry. </trans>
</sense>
<sense n=""2""><number>2</number><trans> an old maid. </trans>
</sense></hom>
<hom role=""v""><pos>v</pos>
<sense n=""1""><number>1</number> <itype>[B23(1); a]</itype><trans> be, become dry. </trans>
<eg><i lang=""ceb"">Migáay (nagáay) na ang kupras,</i><trans> The copra is already dry. </trans></eg>
<eg><i lang=""ceb"">Sigaun kaáyu ang langkay basta makagáay na,</i><trans> The dry coconut frond burns easily once it has become dry. </trans></eg>
</sense>
<sense n=""2""><number>2</number> <itype>[A23N]</itype><trans> become an old maid. </trans>
</sense></hom>
<entry><form id=""gaay"" lang=""ceb""><abbr expan=""gaay"">(→)</abbr></form>
<hom role=""a""><pos>a</pos>
<sense n=""1""><number>1</number><trans> <xr lang=""ceb"" target=""#gaxay"">= <sc>gáay</sc>.</xr> </trans>
</sense>
<sense n=""2""><number>2</number><trans> light, not heavy. </trans>
</sense></hom>
<hom role=""v""><pos>v</pos>
<sense n=""0""> <itype>[B2; b6]</itype><trans> become light, not heavy. </trans>
<eg><i lang=""ceb"">Mugaay (magaay) giyud ang dalag yayúngan,</i><trans> A load gets lighter if several people carry it.
</trans></eg>
</sense></hom></entry></entry>");
INSERT INTO `wced_head` (entryid, head, normalized_head, type, pos) VALUES (5036, "gáay", "gaay", "m", "av");
INSERT INTO `wced_head` (entryid, head, normalized_head, type, pos) VALUES (5036, "gaay", "gaay", "s", "av");
INSERT INTO `wced_entry` VALUES (5037, "gab1", "246", "<entry page=""246"" id=""5037""><form id=""gaxb"" lang=""ceb"">gáb<sub>1</sub></form>
<hom>
<sense n=""0""><trans> acronym for Games and Amusement Board.
</trans>
</sense></hom></entry>");
INSERT INTO `wced_head` (entryid, head, normalized_head, type, pos) VALUES (5037, "gáb", "gab", "s", "");
INSERT INTO `wced_entry` VALUES (5038, "gab2", "246", "<entry page=""246"" id=""5038""><form id=""gaxb2"" lang=""ceb"">gáb<sub>2</sub></form>
<hom>
<sense n=""0""><trans> <xr lang=""ceb"" target=""#galab"">= <sc>galab</sc>.</xr>
</trans>
</sense></hom></entry>");
INSERT INTO `wced_head` (entryid, head, normalized_head, type, pos) VALUES (5038, "gáb", "gab", "s", "");
INSERT INTO `wced_entry` VALUES (5039, "gaba", "246", "<entry page=""246"" id=""5039""><form id=""gaxbaq"" lang=""ceb"">gábà</form>
<hom role=""n""><pos>n</pos>
<sense n=""0""><trans> <tr>punishment</tr> which comes as a natural consequence of some transgression, esp. a moral transgression. </trans>
<eg><i lang=""ceb"">Ang íyang sakit mauy gábà nga gihátag sa Ginúu,</i><trans> His sickness is the punishment which the Lord imposed on him. </trans></eg>
</sense></hom>
<entry><form id=""puyra_gaxbaq"" lang=""ceb"">puyra <abbr expan=""gábà"">—</abbr></form>
<hom>
<sense n=""0""><trans> formula for warding off <ix>gábà</ix>: ‘May God not punish me for this.’ </trans>
<eg><i lang=""ceb"">Puyra gábà, ngánung musúkul ka man sa ímung amahan?</i><trans> God forgive you, why did you rebel against your father? </trans></eg>
</sense></hom>
<hom role=""v""><pos>v</pos>
<sense n=""0""> <itype>[A12; b4]</itype><trans> have retribution visited on one. </trans>
<eg><i lang=""ceb"">Gabáan ka sa ímung pagpasipálà sa dibultu,</i><trans> You will be punished for defiling the image. </trans></eg>
<eg><i lang=""ceb"">Ayaw kug gabái,</i><trans> Don’t be a cause of my getting divine retribution (said by s.o. who has <pb n=""247""/>done s.t. to s.o. which might bring him <ix>gábà</ix>, e.g., leaving a host while he is eating). </trans></eg>
</sense></hom></entry>
<entry><form id=""gabaqgabaq"" lang=""ceb"">gabàgabà</form>
<hom role=""n""><pos>n</pos>
<sense n=""0""><trans> <ix>gábà</ix> which comes in small installments as the result of a long period of moral transgression. </trans>
<eg><i lang=""ceb"">Súgud nang gabàgabà, búnga sa íyang pagkapalikíru,</i></eg>
<eg><i lang=""ceb""/><trans> Now the punishment he deserves begins, the result of his philanderings<corr>.</corr> </trans></eg>
</sense></hom></entry>
<entry><form id=""gabaan"" lang=""ceb""><abbr expan=""gabaan"">-an(→)</abbr></form>
<hom role=""n""><pos>n</pos>
<sense n=""0""><trans> one who has power of causing people to suffer <ix>gábà</ix>.
</trans>
</sense></hom></entry></entry>");
INSERT INTO `wced_head` (entryid, head, normalized_head, type, pos) VALUES (5039, "gábà", "gaba", "m", "n");
INSERT INTO `wced_head` (entryid, head, normalized_head, type, pos) VALUES (5039, "puyra gábà", "puyra gaba", "s", "v");
INSERT INTO `wced_head` (entryid, head, normalized_head, type, pos) VALUES (5039, "gabàgabà", "gabagaba", "s", "n");
INSERT INTO `wced_head` (entryid, head, normalized_head, type, pos) VALUES (5039, "gabaan", "gabaan", "s", "n");
INSERT INTO `wced_translation` (entryid, translation) VALUES (5039, "punishment");
INSERT INTO `wced_entry` VALUES (5040, "gaban", "247", "<entry page=""247"" id=""5040""><form id=""gaban"" lang=""ceb"">gaban</form>
<hom role=""v""><pos>v</pos>
<sense n=""0""> <itype>[A; a12]</itype><trans> </trans>
</sense>
<sense n=""1""><number>1</number><trans> have sexual relations. </trans>
<eg><i lang=""ceb"">Ígù ka lang gabanun ánang mga laláking ímung gikuyugkúyug,</i><trans> You will end up having sexual relations with the boys you go around with. </trans></eg>
</sense>
<sense n=""2""><number>2</number><trans> swipe, steal (slang). </trans>
<eg><i lang=""ceb"">Gigaban ang ákung sigarilyu,</i><trans> S.o. stole my cigarettes.
</trans></eg>
</sense></hom></entry>");
INSERT INTO `wced_head` (entryid, head, normalized_head, type, pos) VALUES (5040, "gaban", "gaban", "m", "v");
INSERT INTO `wced_entry` VALUES (5041, "gabang", "247", "<entry page=""247"" id=""5041""><form id=""gabang"" lang=""ceb"">gabang</form>
<hom role=""n""><pos>n</pos>
<sense n=""0""><trans> instrument for turning the soil over, consisting of a round, wooden pole with a tongue made of a short, rectangular piece of iron attached to one end. </trans>
</sense></hom>
<hom role=""v""><pos>v</pos>
<sense n=""0""> <itype>[A; a12b2]</itype><trans> strike with a <ix>gabang</ix>. </trans>
</sense></hom>
<entry><form id=""gaxbang"" lang=""ceb""><abbr expan=""gábang"">(←)</abbr></form>
<hom role=""v""><pos>v</pos>
<sense n=""0""> <itype>[A; a]</itype><trans> turn the soil over with a <ix>gabang</ix>.
</trans>
</sense></hom></entry></entry>");
INSERT INTO `wced_head` (entryid, head, normalized_head, type, pos) VALUES (5041, "gabang", "gabang", "m", "nv");
INSERT INTO `wced_head` (entryid, head, normalized_head, type, pos) VALUES (5041, "gábang", "gabang", "s", "v");
INSERT INTO `wced_entry` VALUES (5042, "gabardin", "247", "<entry page=""247"" id=""5042""><form id=""gabardin"" lang=""ceb"">gabardin</form>
<hom role=""n""><pos>n</pos>
<sense n=""0""><trans> gabardine cloth. </trans>
</sense></hom>
<hom role=""v""><pos>v</pos>
<sense n=""0""> <itype>[A1]</itype><trans> wear gabardine.
</trans>
</sense></hom></entry>");
INSERT INTO `wced_head` (entryid, head, normalized_head, type, pos) VALUES (5042, "gabardin", "gabardin", "m", "nv");
INSERT INTO `wced_entry` VALUES (5043, "gabas1", "247", "<entry page=""247"" id=""5043""><form id=""gabas"" lang=""ceb"">gabas<sub>1</sub></form>
<hom role=""v""><pos>v</pos>
<sense n=""1""><number>1</number> <itype>[A; a]</itype><trans> <tr>saw</tr>. </trans>
<eg><i lang=""ceb"">Kining parti sa tabla mau ang gabsun,</i><trans> Saw this part of the wood. </trans></eg>
</sense>
<sense n=""2""><number>2</number> <itype>[A2N; b6]</itype><trans> take a short cut s.w. </trans>
<eg><i lang=""ceb"">Anhi ku dinhi manggabas paingun sa íla,</i><trans> I take a short cut through here to get to their house. </trans></eg>
</sense></hom>
<hom role=""n""><pos>n</pos>
<sense n=""0""><trans> <tr>saw</tr>. </trans>
</sense></hom>
<entry><form id=""gaxbas"" lang=""ceb""><abbr expan=""gábas"">(←)</abbr></form>
<hom role=""v""><pos>v</pos>
<sense n=""0""> <itype>[A1]</itype><trans> do intense sawing. </trans>
</sense></hom>
<hom role=""n""><pos>n</pos>
<sense n=""0""><trans> intense sawing action. </trans>
</sense></hom></entry>
<entry><form id=""gabasgaxbas"" lang=""ceb"">gabasgábas</form>
<hom role=""v""><pos>v</pos>
<sense n=""1""><number>1</number> <itype>[A; a2]</itype><trans> go back and forth. </trans>
<eg><i lang=""ceb"">Gabasgabásun nang kapitulyug nganhi ug mailiksiyun,</i><trans> We will keep going back and forth from here to the Capitol during the elections. </trans></eg>
</sense>
<sense n=""2""><number>2</number> <itype>[A; a]</itype><trans> hit a billiard ball so that it cris-crosses. </trans>
</sense></hom></entry>
<entry><form id=""gabsanan"" lang=""ceb"">gabsanan</form>
<hom role=""n""><pos>n</pos>
<sense n=""0""><trans> <tr>sawmill</tr>. </trans>
</sense></hom></entry>
<entry><form id=""ginabas"" lang=""ceb""><abbr expan=""ginabas"">-in-</abbr></form>
<hom role=""n""><pos>n</pos>
<sense n=""0""><trans> <tr>sawdust</tr>. </trans>
</sense></hom></entry>
<entry><form id=""ginaxbas"" lang=""ceb""><abbr expan=""ginábas"">-in-(←)</abbr></form>
<hom role=""n""><pos>n</pos>
<sense n=""1""><number>1</number><trans> rough cuttings of lumber. </trans>
<eg><i lang=""ceb"">Ang mga ginábas kinahanglan nga sipilyáhan,</i><trans> The rough cuttings must be planed smooth. </trans></eg>
</sense>
<sense n=""2""><number>2</number><trans> excess cuttings of lumber. </trans>
</sense></hom></entry>
<entry><form id=""ginabsan"" lang=""ceb"">ginabsan</form>
<hom role=""n""><pos>n</pos>
<sense n=""1""><number>1</number><trans> s.t. from which a piece was sawed off. </trans>
</sense>
<sense n=""2""><number>2</number><trans> s.o. already lightly used, like lumber with a piece sawed off (slang): a widow or widower, an unwed mother. </trans>
</sense></hom></entry>
<entry><form id=""gabasixru"" lang=""ceb""><abbr expan=""gabasíru"">-íru</abbr></form>
<hom role=""n""><pos>n</pos>
<sense n=""0""><trans> <tr>sawyer</tr>. </trans>
</sense></hom></entry>
<entry><form id=""gabsunun"" lang=""ceb"">gabsunun</form>
<hom role=""n""><pos>n</pos>
<sense n=""0""><trans> <tr>sawdust</tr>.
</trans>
</sense></hom></entry></entry>");
INSERT INTO `wced_head` (entryid, head, normalized_head, type, pos) VALUES (5043, "gabas", "gabas", "s", "vn");
INSERT INTO `wced_head` (entryid, head, normalized_head, type, pos) VALUES (5043, "gábas", "gabas", "s", "vn");
INSERT INTO `wced_head` (entryid, head, normalized_head, type, pos) VALUES (5043, "gabasgábas", "gabasgabas", "s", "v");
INSERT INTO `wced_head` (entryid, head, normalized_head, type, pos) VALUES (5043, "gabsanan", "gabsanan", "s", "n");
INSERT INTO `wced_head` (entryid, head, normalized_head, type, pos) VALUES (5043, "ginabas", "ginabas", "s", "n");
INSERT INTO `wced_head` (entryid, head, normalized_head, type, pos) VALUES (5043, "ginábas", "ginabas", "s", "n");
INSERT INTO `wced_head` (entryid, head, normalized_head, type, pos) VALUES (5043, "ginabsan", "ginabsan", "s", "n");
INSERT INTO `wced_head` (entryid, head, normalized_head, type, pos) VALUES (5043, "gabasíru", "gabasiru", "s", "n");
INSERT INTO `wced_head` (entryid, head, normalized_head, type, pos) VALUES (5043, "gabsunun", "gabsunun", "s", "n");
INSERT INTO `wced_translation` (entryid, translation) VALUES (5043, "saw");
INSERT INTO `wced_translation` (entryid, translation) VALUES (5043, "sawmill");
INSERT INTO `wced_translation` (entryid, translation) VALUES (5043, "sawdust");
INSERT INTO `wced_translation` (entryid, translation) VALUES (5043, "sawyer");
INSERT INTO `wced_entry` VALUES (5044, "gabas2", "247", "<entry page=""247"" id=""5044""><form id=""gabas2"" lang=""ceb"">gabas<sub>2</sub></form>
<hom role=""n""><pos>n</pos>
<sense n=""0""><trans> old maid, spinster. </trans>
</sense></hom>
<hom role=""v""><pos>v</pos>
<sense n=""0""> <itype>[B12; b6]</itype><trans> be, become an old maid.
</trans>
</sense></hom></entry>");
INSERT INTO `wced_head` (entryid, head, normalized_head, type, pos) VALUES (5044, "gabas", "gabas", "s", "nv");
INSERT INTO `wced_entry` VALUES (5045, "gabas", "247", "<entry page=""247"" id=""5045""><form id=""gaxbas"" lang=""ceb"">gábas</form>
<hom role=""v""><pos>v</pos>
<sense n=""0""> <itype>[AC; c]</itype><trans> walk side by side with. </trans>
<eg><i lang=""ceb"">Mugábas tag lakaw sa mga dalága,</i><trans> Let’s catch up to the girls to walk alongside of them.
</trans></eg>
</sense></hom></entry>");
INSERT INTO `wced_head` (entryid, head, normalized_head, type, pos) VALUES (5045, "gábas", "gabas", "m", "v");
INSERT INTO `wced_entry` VALUES (5046, "gabat", "247", "<entry page=""247"" id=""5046""><form id=""gaxbat"" lang=""ceb"">gábat</form>
<hom>
<sense n=""0""><trans> <xr lang=""ceb"" target=""#kalaxbat"">= <sc>kalábat</sc>.</xr>
</trans>
</sense></hom></entry>");
INSERT INTO `wced_head` (entryid, head, normalized_head, type, pos) VALUES (5046, "gábat", "gabat", "m", "");
INSERT INTO `wced_entry` VALUES (5047, "gabay", "247", "<entry page=""247"" id=""5047""><form id=""gabay"" lang=""ceb"">gabay</form>
<hom role=""v""><pos>v</pos>
<sense n=""0""> <itype>[A; b6]</itype><trans> hold on to s.t. to keep from sinking. </trans>
<eg><i lang=""ceb"">Ímung gabyan kining salbabída,</i><trans> Hold on to this life saver. </trans></eg>
</sense></hom>
<hom role=""n""><pos>n</pos>
<sense n=""0""><trans> support, s.t. to hold on to. </trans>
<eg><i lang=""ceb"">Ang ákung mga anak mahímung gabay sa ákung katigulangun,</i><trans> My children will support me in my old age. </trans></eg>
</sense></hom>
<entry><form id=""gaxbay"" lang=""ceb""><abbr expan=""gábay"">(←)</abbr></form>
<hom role=""v""><pos>v</pos>
<sense n=""0""> <itype>[A2S; b6(1)]</itype><trans> walk with s.t. to lean on or to hold on to for support. </trans>
<eg><i lang=""ceb"">Migábay sa kurdísu paingun sa kusína,</i><trans> She walked to the kitchen supporting herself on the window sill. </trans></eg>
</sense></hom></entry>
<entry><form id=""gabayan"" lang=""ceb""><abbr expan=""gabayan"">-an</abbr></form>
<hom role=""n""><pos>n</pos>
<sense n=""0""><trans> s.t. which one holds on to keep from falling or sinking.
</trans>
</sense></hom></entry></entry>");
INSERT INTO `wced_head` (entryid, head, normalized_head, type, pos) VALUES (5047, "gabay", "gabay", "m", "vn");
INSERT INTO `wced_head` (entryid, head, normalized_head, type, pos) VALUES (5047, "gábay", "gabay", "s", "v");
INSERT INTO `wced_head` (entryid, head, normalized_head, type, pos) VALUES (5047, "gabayan", "gabayan", "s", "n");
INSERT INTO `wced_entry` VALUES (5048, "gabhang", "247", "<entry page=""247"" id=""5048""><form id=""gabhang"" lang=""ceb"">gabhang</form>
<hom role=""n""><pos>n</pos>
<sense n=""0""><trans> a <tr>gaping tear</tr> or <tr>hole</tr>. </trans>
<eg><i lang=""ceb"">Tapáki ang dakung gabhang sa ímung sinínà,</i><trans> Patch the large gaping hole in your dress. </trans></eg>
</sense></hom>
<hom role=""v""><pos>v</pos>
<sense n=""0""> <itype>[B26; b6(1)]</itype><trans> get a gaping tear or hole in it. </trans>
<eg><i lang=""ceb"">Migabhang (nagabhang) ang atup nga nípà nga nahulúgan sa lubi,</i><trans> The thatch roof got a big hole in it where a coconut fell through it.
</trans></eg>
</sense></hom></entry>");
INSERT INTO `wced_head` (entryid, head, normalized_head, type, pos) VALUES (5048, "gabhang", "gabhang", "m", "nv");
INSERT INTO `wced_translation` (entryid, translation) VALUES (5048, "gaping tear");
INSERT INTO `wced_translation` (entryid, translation) VALUES (5048, "hole");
INSERT INTO `wced_entry` VALUES (5049, "gabhut", "247", "<entry page=""247"" id=""5049""><form id=""gabhut"" lang=""ceb"">gabhut</form>
<hom role=""v""><pos>v</pos>
<sense n=""0""> <itype>[A; b6(1)]</itype><trans> tie string around s.t. or over the mouth of a container. </trans>
<eg><i lang=""ceb"">Siyay naggabhut sa pakíti nga ipadala sa Amirika,</i><trans> He bound the package to be sent to the States. </trans></eg>
<eg><i lang=""ceb"">Uway ang igabhut sa batúang punù sa ságing,</i><trans> Use rattan to close the top of the basket of bananas. </trans></eg>
</sense></hom>
<hom role=""n""><pos>n</pos>
<sense n=""0""><trans> string used to tie on s.t. or over the mouth of containers.
</trans>
</sense></hom></entry>");
INSERT INTO `wced_head` (entryid, head, normalized_head, type, pos) VALUES (5049, "gabhut", "gabhut", "m", "vn");
INSERT INTO `wced_entry` VALUES (5050, "gabi", "247", "<entry page=""247"" id=""5050""><form id=""gaxbi"" lang=""ceb"">gábi</form>
<hom role=""n""><pos>n</pos>
<sense n=""0""><trans> <tr>taro</tr>, a large herb with arrow-shaped leaves, cultivated mainly for its underground corms, which are eaten in sweet stews. They are also eaten boiled or baked in times of famine. The leaves, shoots and petioles are also used as a vegetable: <bio>Colocasia esculenta</bio>. </trans>
</sense></hom>
<entry><form id=""gaxbi_sa_Amirikaxnu_Haway"" lang=""ceb""><abbr expan=""gábi"">—</abbr> sa Amirikánu, Haway</form>
<hom>
<sense n=""0""><trans> <xr lang=""ceb"" target=""#bisul"">= <sc>bisul</sc>.</xr> </trans>
</sense></hom></entry>
<entry><form id=""gabigabi"" lang=""ceb"">gabigabi</form>
<hom role=""n""><pos>n</pos>
<sense n=""0""><trans> name given to various plants which resemble <ix>gábi</ix>. </trans>
</sense>
<sense n=""1""><number>1</number><trans> wild plants, <bio>Monochoria spp.</bio> </trans>
</sense>
<sense n=""2""><number>2</number><trans> ornamentals, <bio>Caladium spp.</bio>
</trans>
</sense></hom></entry></entry>");
INSERT INTO `wced_head` (entryid, head, normalized_head, type, pos) VALUES (5050, "gábi", "gabi", "m", "n");
INSERT INTO `wced_head` (entryid, head, normalized_head, type, pos) VALUES (5050, "gábi sa Amirikánu", "gabi sa amirikanu", "s", "");
INSERT INTO `wced_head` (entryid, head, normalized_head, type, pos) VALUES (5050, "Haway", "haway", "s", "");
INSERT INTO `wced_head` (entryid, head, normalized_head, type, pos) VALUES (5050, "gabigabi", "gabigabi", "s", "n");
INSERT INTO `wced_translation` (entryid, translation) VALUES (5050, "taro");
INSERT INTO `wced_entry` VALUES (5051, "gabii", "247", "<entry page=""247"" id=""5051""><form id=""gabixi"" lang=""ceb"">gabíi</form>
<hom role=""n""><pos>n</pos>
<sense n=""1""><number>1</number><trans> <tr>night</tr>. </trans>
</sense>
<sense n=""2""><number>2</number><trans> <xr lang=""ceb"" target=""#ka-"">= <sc>ka-</sc>.</xr> </trans>
</sense></hom>
<entry><form id=""gabhiuxna"" lang=""ceb"">gabhiúna</form>
<hom role=""n""><pos>n</pos>
<sense n=""0""><trans> particular night. </trans>
<eg><i lang=""ceb"">Niánang gabhiúna walà mahimutang si Liliya,</i><trans> That night Lily could not rest. </trans></eg>
</sense></hom>
<hom role=""v""><pos>v</pos>
<sense n=""1""><number>1</number> <itype>[B5]</itype><trans> be night. </trans>
<eg><i lang=""ceb"">Mugabíi na ang alas singku,</i><trans> It gets to be night at five o’clock. </trans></eg>
<eg><i lang=""ceb"">Magkítà sila magabíi,</i><trans> They see each other at night. </trans></eg>
</sense>
<sense n=""2""><number>2</number> <itype>[A13P]</itype><trans> do s.t. until night. </trans>
<eg><i lang=""ceb"">Maggabíi tag tuun,</i><trans> Let’s study until night. </trans></eg>
</sense>
<sense n=""3""><number>3</number> <itype>[b8]</itype><trans> be overtaken by night. </trans>
<eg><i lang=""ceb"">Nagabhian (nagabin-an) siya sa íyang pagpaúlì,</i><trans> He was overtaken by night on his way home. </trans></eg>
</sense></hom></entry>
<entry><form id=""pagabii_pakagabii_pagabixi_pakagabixi"" lang=""ceb""><abbr expan=""pagabii"">pa-(→)</abbr>, <abbr expan=""pakagabii"">paka-(→)</abbr>, <abbr expan=""pagabíi"">pa-</abbr>, <abbr expan=""pakagabíi"">paka-</abbr></form>
<hom role=""v""><pos>v</pos>
<sense n=""0""> <itype>[A1]</itype><trans> </trans>
</sense>
<sense n=""1""><number>1</number><trans> spend the night. </trans>
<eg><i lang=""ceb"">Nagpagabíi (nagpagabii, nagpakagabíi) sila sa mutil,</i><trans> They spent the night in a motel. </trans></eg>
</sense>
<sense n=""2""><number>2</number><trans> allow oneself to be overtaken by night. </trans>
<eg><i lang=""ceb"">Ug magpagabii (magpakagabíi) ka sa ímung lakaw, piligru kaáyu,</i><trans> It will be dangerous for you if you allow yourself to be overtaken by night while you are out. </trans></eg>
</sense></hom></entry>
<entry><form id=""panghigabixi"" lang=""ceb""><abbr expan=""panghigabíi"">panghi-</abbr></form>
<hom role=""v""><pos>v</pos>
<sense n=""0""> <itype>[A23]</itype><trans> for it to be almost night. </trans>
<eg><i lang=""ceb"">Manghigabíi tingáli siya muanhi,</i><trans> He’ll get here round about nightfall. </trans></eg>
</sense></hom></entry>
<entry><form id=""gulugabixi_gabiigabixi"" lang=""ceb""><abbr expan=""gulugabíi"">Culu-</abbr>, gabiigabíi</form>
<hom>
<sense n=""0""><trans> evenings. </trans>
<eg><i lang=""ceb"">Malígù siya gabiigabíi,</i><trans> He swims in the evening. </trans></eg>
</sense></hom></entry>
<entry><form id=""ginabii"" lang=""ceb""><abbr expan=""ginabii"">-in-(→)</abbr></form>
<hom role=""a""><pos>a</pos>
<sense n=""0""><trans> happening every night. </trans>
<eg><i lang=""ceb"">Ginabii ang ílang dúlà sa hay-alay,</i><trans> They play Jai-Alai every night. </trans></eg>
</sense></hom></entry>
<entry><form id=""kagabixi"" lang=""ceb""><abbr expan=""kagabíi"">ka-</abbr></form>
<hom>
<sense n=""0""><trans> last night. </trans>
<eg><i lang=""ceb"">Ang pulis gipatay kagabíi,</i><trans> The policeman was killed last night. </trans></eg>
</sense></hom></entry>
<entry><form id=""kagabhixun"" lang=""ceb"">kagabhíun</form>
<hom role=""n""><pos>n</pos>
<sense n=""0""><trans> <tr>nighttime</tr>. <pb n=""248""/></trans>
</sense></hom></entry>
<entry><form id=""gabhixun_gabhiaxnun"" lang=""ceb"">gabhíun, gabhiánun</form>
<hom role=""a""><pos>a</pos>
<sense n=""0""><trans> taking place at night. </trans>
<eg><i lang=""ceb"">Ang gabhíung (gabhiánung) tulumanun sa radiyu,</i><trans> The evening program on the radio. †
</trans></eg>
</sense></hom></entry></entry>");
INSERT INTO `wced_head` (entryid, head, normalized_head, type, pos) VALUES (5051, "gabíi", "gabii", "m", "n");
INSERT INTO `wced_head` (entryid, head, normalized_head, type, pos) VALUES (5051, "gabhiúna", "gabhiuna", "s", "nv");
INSERT INTO `wced_head` (entryid, head, normalized_head, type, pos) VALUES (5051, "pagabii", "pagabii", "s", "v");
INSERT INTO `wced_head` (entryid, head, normalized_head, type, pos) VALUES (5051, "pakagabii", "pakagabii", "s", "v");
INSERT INTO `wced_head` (entryid, head, normalized_head, type, pos) VALUES (5051, "pagabíi", "pagabii", "s", "v");
INSERT INTO `wced_head` (entryid, head, normalized_head, type, pos) VALUES (5051, "pakagabíi", "pakagabii", "s", "v");
INSERT INTO `wced_head` (entryid, head, normalized_head, type, pos) VALUES (5051, "panghigabíi", "panghigabii", "s", "v");
INSERT INTO `wced_head` (entryid, head, normalized_head, type, pos) VALUES (5051, "gulugabíi", "gulugabii", "s", "");
INSERT INTO `wced_head` (entryid, head, normalized_head, type, pos) VALUES (5051, "gabiigabíi", "gabiigabii", "s", "");
INSERT INTO `wced_head` (entryid, head, normalized_head, type, pos) VALUES (5051, "ginabii", "ginabii", "s", "a");
INSERT INTO `wced_head` (entryid, head, normalized_head, type, pos) VALUES (5051, "kagabíi", "kagabii", "s", "");
INSERT INTO `wced_head` (entryid, head, normalized_head, type, pos) VALUES (5051, "kagabhíun", "kagabhiun", "s", "n");
INSERT INTO `wced_head` (entryid, head, normalized_head, type, pos) VALUES (5051, "gabhíun", "gabhiun", "s", "a");
INSERT INTO `wced_head` (entryid, head, normalized_head, type, pos) VALUES (5051, "gabhiánun", "gabhianun", "s", "a");
INSERT INTO `wced_translation` (entryid, translation) VALUES (5051, "night");
INSERT INTO `wced_translation` (entryid, translation) VALUES (5051, "nighttime");
INSERT INTO `wced_entry` VALUES (5052, "gabing1", "248", "<entry page=""248"" id=""5052""><form id=""gabing"" lang=""ceb"">gabing<sub>1</sub></form>
<hom role=""v""><pos>v</pos>
<sense n=""0""> <itype>[A; c1]</itype><trans> close up a rip, join two pieces of cloth together by sewing or pinning. </trans>
<eg><i lang=""ceb"">Ákung gabingun (igabing) ang duha ka ngilit,</i><trans> I’ll join the two edges. </trans></eg>
<eg><i lang=""ceb"">Ákung gabingan ang gisì,</i><trans> I’ll close up the tear. </trans></eg>
</sense></hom>
<hom role=""n""><pos>n</pos>
<sense n=""0""><trans> closure made by sewing two edges together. </trans>
</sense></hom>
<entry><form id=""ginabingan"" lang=""ceb""><abbr expan=""ginabingan"">-in-an</abbr></form>
<hom role=""n""><pos>n</pos>
<sense n=""0""><trans> aperture that has been sewed or pinned together.
</trans>
</sense></hom></entry></entry>");
INSERT INTO `wced_head` (entryid, head, normalized_head, type, pos) VALUES (5052, "gabing", "gabing", "s", "vn");
INSERT INTO `wced_head` (entryid, head, normalized_head, type, pos) VALUES (5052, "ginabingan", "ginabingan", "s", "n");
INSERT INTO `wced_entry` VALUES (5053, "gabiniti", "248", "<entry page=""248"" id=""5053""><form id=""gabinixti"" lang=""ceb"">gabiníti</form>
<hom role=""n""><pos>n</pos>
<sense n=""0""><trans> government cabinet.
</trans>
</sense></hom></entry>");
INSERT INTO `wced_head` (entryid, head, normalized_head, type, pos) VALUES (5053, "gabiníti", "gabiniti", "m", "n");
INSERT INTO `wced_entry` VALUES (5054, "gabling", "248", "<entry page=""248"" id=""5054""><form id=""gabling"" lang=""ceb"">gabling</form>
<hom role=""v""><pos>v</pos>
<sense n=""0""> <itype>[A; ac]</itype><trans> push or pull to the side. </trans>
<eg><i lang=""ceb"">Gigabling sa iskultur ang tabun sa istatúwa,</i><trans> The sculptor pulled the cover off the statue. </trans></eg>
</sense>
<sense n=""2""><number>2</number> <itype>[A; c1]</itype><trans> snatch in a sidewise motion. </trans>
<eg><i lang=""ceb"">Migabling siya sa íyang pitáka,</i><trans> He snatched her purse. </trans></eg>
<eg><i lang=""ceb"">Gablínga (gablinga, igabling) ang takup sa pultahan,</i><trans> Pull the door shutter to the side.
</trans></eg>
</sense></hom></entry>");
INSERT INTO `wced_head` (entryid, head, normalized_head, type, pos) VALUES (5054, "gabling", "gabling", "m", "v");
INSERT INTO `wced_entry` VALUES (5055, "gabnut", "248", "<entry page=""248"" id=""5055""><form id=""gabnut"" lang=""ceb"">gabnut</form>
<hom role=""v""><pos>v</pos>
<sense n=""0""> <itype>[A; a12b2]</itype><trans> pull up and uproot s.t. flexible with a jerk. </trans>
<eg><i lang=""ceb"">Nagabnut (nagabnutan) ku man pag-apil ang mga búlak nga gitanum,</i><trans> I accidentally pulled out the flowers along with the weeds. </trans></eg>
<eg><i lang=""ceb"">Ákung gigabnut ang íyang buhuk,</i><trans> I pulled her hair.
</trans></eg>
</sense></hom></entry>");
INSERT INTO `wced_head` (entryid, head, normalized_head, type, pos) VALUES (5055, "gabnut", "gabnut", "m", "v");
INSERT INTO `wced_entry` VALUES (5056, "gabu, gabu1", "248", "<entry page=""248"" id=""5056""><form id=""gabuq_gaxbuq"" lang=""ceb"">gabù, gábù<sub>1</sub></form>
<hom role=""v""><pos>v</pos>
<sense n=""0""> <itype>[AN; a]</itype><trans> pull out by the roots. </trans>
<eg><i lang=""ceb"">Gabúa lang ang mga balíli arun dì muturuk pag-usab,</i><trans> Just pull out the grass by the roots so it won’t grow back.
</trans></eg>
</sense></hom></entry>");
INSERT INTO `wced_head` (entryid, head, normalized_head, type, pos) VALUES (5056, "gabù", "gabu", "s", "v");
INSERT INTO `wced_head` (entryid, head, normalized_head, type, pos) VALUES (5056, "gábù", "gabu", "s", "v");
INSERT INTO `wced_entry` VALUES (5057, "gabu2", "248", "<entry page=""248"" id=""5057""><form id=""gaxbuq2"" lang=""ceb"">gábù<sub>2</sub></form>
<hom role=""v""><pos>v</pos>
<sense n=""0""> <itype>[AN; b6c1]</itype><trans> heat medicinal herbs wrapped in banana leaves over live coals before applying them. </trans>
<eg><i lang=""ceb"">Maggábù kug mga sagibunhun pára sa ryúma ni Tátay,</i><trans> I’ll warm medicinal herbs for Father’s rheumatism.
</trans></eg>
</sense></hom></entry>");
INSERT INTO `wced_head` (entryid, head, normalized_head, type, pos) VALUES (5057, "gábù", "gabu", "s", "v");
INSERT INTO `wced_entry` VALUES (5058, "gabuk1", "248", "<entry page=""248"" id=""5058""><form id=""gabuk"" lang=""ceb"">gabuk<sub>1</sub></form>
<hom role=""a""><pos>a</pos>
<sense n=""1""><number>1</number><trans> for wood and fiber to be weakened from decay. </trans>
<eg><i lang=""ceb"">Nabugtù ang písì kay gabuk na diay,</i><trans> The rope broke because it was already rotten. </trans></eg>
</sense>
<sense n=""2""><number>2</number><trans> not well-founded, unsound. </trans>
<eg><i lang=""ceb"">Tinuhúang gabuk,</i><trans> Unsound religions. </trans></eg>
</sense></hom>
<entry><form id=""gabuk_ug_balatixan"" lang=""ceb""><abbr expan=""gabuk"">—</abbr> ug balatían</form>
<hom>
<sense n=""0""><trans> readily persuaded. </trans>
<eg><i lang=""ceb"">Kagabuk nímug balatían! Misálig ka man dáyun níya,</i><trans> How easily you are persuaded! You believed him right away! </trans></eg>
</sense></hom></entry>
<entry><form id=""gabuk_ug_laxwas"" lang=""ceb""><abbr expan=""gabuk"">—</abbr> ug láwas</form>
<hom>
<sense n=""0""><trans> tending to get sick easily. </trans>
</sense></hom></entry>
<entry><form id=""gabuk_ug_tinaxi"" lang=""ceb""><abbr expan=""gabuk"">—</abbr> ug tinái</form>
<hom>
<sense n=""0""><trans> having a lousy stomach. </trans>
</sense></hom>
<hom role=""v""><pos>v</pos>
<sense n=""0""> <itype>[B2; a4]</itype><trans> for wood or fibers to get decayed and weak. </trans>
<eg><i lang=""ceb"">Nagkagabuk na kining sawug,</i><trans> This floor is beginning to rot. </trans></eg>
<eg><i lang=""ceb"">Ang káhuyng maáyung gamítun mau kanang wà pa gabka (gabuka),</i><trans> The best wood to use is the kind that has not begun to decay yet.
</trans></eg>
</sense></hom></entry></entry>");
INSERT INTO `wced_head` (entryid, head, normalized_head, type, pos) VALUES (5058, "gabuk", "gabuk", "s", "a");
INSERT INTO `wced_head` (entryid, head, normalized_head, type, pos) VALUES (5058, "gabuk ug balatían", "gabuk ug balatian", "s", "");
INSERT INTO `wced_head` (entryid, head, normalized_head, type, pos) VALUES (5058, "gabuk ug láwas", "gabuk ug lawas", "s", "");
INSERT INTO `wced_head` (entryid, head, normalized_head, type, pos) VALUES (5058, "gabuk ug tinái", "gabuk ug tinai", "s", "v");
INSERT INTO `wced_entry` VALUES (5059, "gabuk2", "248", "<entry page=""248"" id=""5059""><form id=""gabuk2"" lang=""ceb"">gabuk<sub>2</sub></form>
<hom role=""n""><pos>n</pos>
<sense n=""0""><trans> k.o. univalve.
</trans>
</sense></hom></entry>");
INSERT INTO `wced_head` (entryid, head, normalized_head, type, pos) VALUES (5059, "gabuk", "gabuk", "s", "n");
INSERT INTO `wced_entry` VALUES (5060, "gab-ul", "248", "<entry page=""248"" id=""5060""><form id=""gab-ul"" lang=""ceb"">gab-ul</form>
<hom role=""n""><pos>n</pos>
<sense n=""1""><number>1</number><trans> fish prepared by salting, spicing, and partly drying in the sun. </trans>
</sense>
<sense n=""2""><number>2</number><trans> smell of <corr sic=""rottan"">rotten</corr> fish. </trans>
</sense></hom>
<hom role=""v""><pos>v</pos>
<sense n=""1""><number>1</number> <itype>[A; a]</itype><trans> prepare <ix>gab-ul</ix>. </trans>
<eg><i lang=""ceb"">Lamì gab-úlun ang isdang bangus,</i><trans> Milkfish makes good <ix>gab-ul</ix>. </trans></eg>
</sense>
<sense n=""2""><number>2</number> <itype>[B12; a]</itype><trans> come to smell spoiled like rotten fish. </trans>
<eg><i lang=""ceb"">Nagab-ul na lang ang isdà kay dúgay kaáyung gilútù,</i><trans> The fish got spoiled because they didn’t cook it right away.
</trans></eg>
</sense></hom></entry>");
INSERT INTO `wced_head` (entryid, head, normalized_head, type, pos) VALUES (5060, "gab-ul", "gab-ul", "m", "nv");
INSERT INTO `wced_entry` VALUES (5061, "gabun1", "248", "<entry page=""248"" id=""5061""><form id=""gabun"" lang=""ceb"">gabun<sub>1</sub></form>
<hom>
<sense n=""0""><trans> <xr lang=""ceb"" target=""#muung"">= <sc>muung</sc>.</xr>
</trans>
</sense></hom></entry>");
INSERT INTO `wced_head` (entryid, head, normalized_head, type, pos) VALUES (5061, "gabun", "gabun", "s", "");
INSERT INTO `wced_entry` VALUES (5062, "gabun2, gabun1", "248", "<entry page=""248"" id=""5062""><form id=""gabun2_gaxbun"" lang=""ceb"">gabun<sub>2</sub>, gábun<sub>1</sub></form>
<hom role=""n""><pos>n</pos>
<sense n=""0""><trans> k.o. half-woody herb, the leaves of which have medicinal uses: <bio>Blumea balsamifera</bio>.
</trans>
</sense></hom></entry>");
INSERT INTO `wced_head` (entryid, head, normalized_head, type, pos) VALUES (5062, "gabun", "gabun", "s", "n");
INSERT INTO `wced_head` (entryid, head, normalized_head, type, pos) VALUES (5062, "gábun", "gabun", "s", "n");
INSERT INTO `wced_entry` VALUES (5063, "gabun2", "248", "<entry page=""248"" id=""5063""><form id=""gaxbun2"" lang=""ceb"">gábun<sub>2</sub></form>
<hom role=""n""><pos>n</pos>
<sense n=""0""><trans> <tr>fog</tr>. </trans>
</sense></hom>
<hom role=""v""><pos>v</pos>
<sense n=""0""> <itype>[B46; b6]</itype><trans> be covered with fog. </trans>
<eg><i lang=""ceb"">Mugábun (gabúnan) ang búkid sa sayung kabuntágun,</i><trans> On early mornings the mountains are covered with fog. </trans></eg>
</sense></hom>
<entry><form id=""gaxbunun"" lang=""ceb""><abbr expan=""gábunun"">-un</abbr></form>
<hom role=""a""><pos>a</pos>
<sense n=""0""><trans> <tr>foggy</tr>.
</trans>
</sense></hom></entry></entry>");
INSERT INTO `wced_head` (entryid, head, normalized_head, type, pos) VALUES (5063, "gábun", "gabun", "s", "nv");
INSERT INTO `wced_head` (entryid, head, normalized_head, type, pos) VALUES (5063, "gábunun", "gabunun", "s", "a");
INSERT INTO `wced_translation` (entryid, translation) VALUES (5063, "fog");
INSERT INTO `wced_translation` (entryid, translation) VALUES (5063, "foggy");
INSERT INTO `wced_entry` VALUES (5064, "gabut", "248", "<entry page=""248"" id=""5064""><form id=""gaxbut"" lang=""ceb"">gábut</form>
<hom role=""v""><pos>v</pos>
<sense n=""0""> <itype>[A; a]</itype><trans> pull out plants not in a careful way. </trans>
<eg><i lang=""ceb"">Ang lagwirta gigabútan na sa mga sagbut,</i><trans> The weeds in the yard have been pulled out now. </trans></eg>
</sense></hom>
<entry><form id=""ginaxbut"" lang=""ceb""><abbr expan=""ginábut"">-in-</abbr></form>
<hom role=""n""><pos>n</pos>
<sense n=""0""><trans> fatty tissue attached to the lining of the pig’s abdomen and rib cage which can be removed by simply pulling it off. </trans>
</sense></hom></entry>
<entry><form id=""gabutun"" lang=""ceb""><abbr expan=""gabutun"">-un(→)</abbr></form>
<hom role=""n""><pos>n</pos>
<sense n=""0""><trans> s.t. that can be pulled out without digging. </trans>
<eg><i lang=""ceb"">Maning gabutun,</i><trans> A variety of peanut that is just pulled out when harvested because the nuts hang on to the roots.
</trans></eg>
</sense></hom></entry></entry>");
INSERT INTO `wced_head` (entryid, head, normalized_head, type, pos) VALUES (5064, "gábut", "gabut", "m", "v");
INSERT INTO `wced_head` (entryid, head, normalized_head, type, pos) VALUES (5064, "ginábut", "ginabut", "s", "n");
INSERT INTO `wced_head` (entryid, head, normalized_head, type, pos) VALUES (5064, "gabutun", "gabutun", "s", "n");
INSERT INTO `wced_entry` VALUES (5065, "gadim", "248", "<entry page=""248"" id=""5065""><form id=""gaxdim"" lang=""ceb"">gádim</form>
<hom role=""v""><pos>v</pos>
<sense n=""0""> <itype>[A3; a12b2]</itype><trans> say god damn. </trans>
<eg><i lang=""ceb"">Gadímun ka giyug magsurangsurang ka,</i><trans> He’ll say god damn to you if you pester him.
</trans></eg>
</sense></hom></entry>");
INSERT INTO `wced_head` (entryid, head, normalized_head, type, pos) VALUES (5065, "gádim", "gadim", "m", "v");
INSERT INTO `wced_entry` VALUES (5066, "gadimit", "248", "<entry page=""248"" id=""5066""><form id=""gadixmit"" lang=""ceb"">gadímit</form>
<hom>
<sense n=""0""><trans> expression of annoyance. </trans>
<eg><i lang=""ceb"">Gadímit ning tawhána,</i><trans> Damn that guy.
</trans></eg>
</sense></hom></entry>");
INSERT INTO `wced_head` (entryid, head, normalized_head, type, pos) VALUES (5066, "gadímit", "gadimit", "m", "");
INSERT INTO `wced_entry` VALUES (5067, "gadlas", "248", "<entry page=""248"" id=""5067""><form id=""gadlas"" lang=""ceb"">gadlas</form>
<hom>
<sense n=""0""><trans> <xr lang=""ceb"" target=""#garas"">= <sc>garas</sc>.</xr>
</trans>
</sense></hom></entry>");
INSERT INTO `wced_head` (entryid, head, normalized_head, type, pos) VALUES (5067, "gadlas", "gadlas", "m", "");
INSERT INTO `wced_entry` VALUES (5068, "gaga", "248", "<entry page=""248"" id=""5068""><form id=""gaxga"" lang=""ceb"">gága</form>
<hom>
<sense n=""0""><trans> <xr lang=""ceb"" target=""#gaxgu"">= <sc>gágu</sc> (feminine).</xr>
</trans>
</sense></hom></entry>");
INSERT INTO `wced_head` (entryid, head, normalized_head, type, pos) VALUES (5068, "gága", "gaga", "m", "");
INSERT INTO `wced_entry` VALUES (5069, "gagmating", "248", "<entry page=""248"" id=""5069""><form id=""gagmaxting"" lang=""ceb"">gagmáting</form>
<hom>
<sense n=""0""><trans> <xr lang=""ceb"" target=""#gamaxting"">= <sc>gamáting</sc> (plural).</xr>
</trans>
</sense></hom></entry>");
INSERT INTO `wced_head` (entryid, head, normalized_head, type, pos) VALUES (5069, "gagmáting", "gagmating", "m", "");
INSERT INTO `wced_entry` VALUES (5070, "gagmatuy", "248", "<entry page=""248"" id=""5070""><form id=""gagmaxtuy"" lang=""ceb"">gagmátuy</form>
<hom>
<sense n=""0""><trans> <xr lang=""ceb"" target=""#gamaxtuy"">= <sc>gamátuy</sc> (plural).</xr>
</trans>
</sense></hom></entry>");
INSERT INTO `wced_head` (entryid, head, normalized_head, type, pos) VALUES (5070, "gagmátuy", "gagmatuy", "m", "");
INSERT INTO `wced_entry` VALUES (5071, "gagmay", "248", "<entry page=""248"" id=""5071""><form id=""gagmay"" lang=""ceb"">gagmay</form>
<hom>
<sense n=""0""><trans> <xr lang=""ceb"" target=""#gamay"">= <sc>gamay</sc> (plural).</xr>
</trans>
</sense></hom></entry>");
INSERT INTO `wced_head` (entryid, head, normalized_head, type, pos) VALUES (5071, "gagmay", "gagmay", "m", "");
INSERT INTO `wced_entry` VALUES (5072, "gagming", "248", "<entry page=""248"" id=""5072""><form id=""gagming"" lang=""ceb"">gagming</form>
<hom>
<sense n=""0""><trans> <xr lang=""ceb"" target=""#gaming"">= <sc>gaming</sc> (plural).</xr>
</trans>
</sense></hom></entry>");
INSERT INTO `wced_head` (entryid, head, normalized_head, type, pos) VALUES (5072, "gagming", "gagming", "m", "");
INSERT INTO `wced_entry` VALUES (5073, "gagmituy", "248", "<entry page=""248"" id=""5073""><form id=""gagmixtuy"" lang=""ceb"">gagmítuy</form>
<hom>
<sense n=""0""><trans> <xr lang=""ceb"" target=""#gamaxtuy"">= <sc>gamátuy</sc> (plural).</xr>
</trans>
</sense></hom></entry>");
INSERT INTO `wced_head` (entryid, head, normalized_head, type, pos) VALUES (5073, "gagmítuy", "gagmituy", "m", "");
INSERT INTO `wced_entry` VALUES (5074, "gagu", "248", "<entry page=""248"" id=""5074""><form id=""gaxgu"" lang=""ceb"">gágu</form>
<hom role=""a""><pos>a</pos>
<sense n=""0""><trans> <tr>stupid</tr>, lacking in sound judgment. </trans>
<eg><i lang=""ceb"">Kagágu nímu! Ngánung wà ka man muhangyù?</i><trans> You’re a fool. Why didn’t you bargain the price down? </trans></eg>
</sense></hom>
<hom role=""v""><pos>v</pos>
<sense n=""0""> <itype>[B12; b6]</itype><trans> become stupid. </trans>
</sense></hom>
<entry><form id=""kagaguxhan"" lang=""ceb"">kagagúhan</form>
<hom role=""n""><pos>n</pos>
<sense n=""0""><trans> <tr>stupidity</tr>.
</trans>
</sense></hom></entry></entry>");
INSERT INTO `wced_head` (entryid, head, normalized_head, type, pos) VALUES (5074, "gágu", "gagu", "m", "av");
INSERT INTO `wced_head` (entryid, head, normalized_head, type, pos) VALUES (5074, "kagagúhan", "kagaguhan", "s", "n");
INSERT INTO `wced_translation` (entryid, translation) VALUES (5074, "stupid");
INSERT INTO `wced_translation` (entryid, translation) VALUES (5074, "stupidity");
INSERT INTO `wced_entry` VALUES (5075, "gaguy", "248", "<entry page=""248"" id=""5075""><form id=""gaguy"" lang=""ceb"">gaguy</form>
<hom role=""a""><pos>a</pos>
<sense n=""0""><trans> doing crazy, improper things (slang). </trans>
<eg><i lang=""ceb"">Gaguy. Nagbrip lang sa gawas,</i><trans> The idiot. He goes outside in his briefs. </trans></eg>
</sense></hom>
<hom role=""v""><pos>v</pos>
<sense n=""0""> <itype>[B12; b6]</itype><trans> become silly or stupid.
</trans>
</sense></hom></entry>");
INSERT INTO `wced_head` (entryid, head, normalized_head, type, pos) VALUES (5075, "gaguy", "gaguy", "m", "av");
INSERT INTO `wced_entry` VALUES (5076, "gahab", "248", "<entry page=""248"" id=""5076""><form id=""gaxhab"" lang=""ceb"">gáhab</form>
<hom>
<sense n=""0""><trans> <xr lang=""ceb"" target=""#galhab"">= <sc>galhab</sc>.</xr>
</trans>
</sense></hom></entry>");
INSERT INTO `wced_head` (entryid, head, normalized_head, type, pos) VALUES (5076, "gáhab", "gahab", "m", "");
INSERT INTO `wced_entry` VALUES (5077, "gahad", "248", "<entry page=""248"" id=""5077""><form id=""gahad"" lang=""ceb"">gahad</form>
<hom role=""v""><pos>v</pos>
<sense n=""0""> <itype>[A; a]</itype><trans> cut down grass, weeds, young plants. </trans>
<eg><i lang=""ceb"">Nagahad kug apil ang mga gagmay nga mangga,</i><trans> I accidentally cut down the small mango trees as well. </trans></eg>
<eg><i lang=""ceb"">Dalì rang mutúbù ang mga sagbut ug gadhun lang,</i><trans> The grass will grow back quickly if you only cut it down.
</trans></eg>
</sense></hom></entry>");
INSERT INTO `wced_head` (entryid, head, normalized_head, type, pos) VALUES (5077, "gahad", "gahad", "m", "v");
INSERT INTO `wced_entry` VALUES (5078, "gahapun", "248", "<entry page=""248"" id=""5078""><form id=""gahaxpun"" lang=""ceb"">gahápun</form>
<hom>
<sense n=""0""><trans> (from <ix>hápun</ix>) yesterday. </trans>
<eg><i lang=""ceb"">Gahápun ku lang siya makítà,</i><trans> I only saw her yesterday. </trans></eg>
</sense></hom>
<entry><form id=""kagahaxpun"" lang=""ceb""><abbr expan=""kagahápun"">ka-</abbr></form>
<hom role=""n""><pos>n</pos>
<sense n=""1""><number>1</number><trans> one’s past. </trans>
<eg><i lang=""ceb"">Ang íyang kagahápun punù ug mga masulub-ung handumánan,</i><trans> Her past is full of sad memories. </trans></eg>
</sense></hom></entry>
<entry><form id=""may_gahaxpun"" lang=""ceb"">may <abbr expan=""gahápun"">—</abbr></form>
<hom>
<sense n=""0""><trans> for a woman to have a shady past. </trans>
</sense>
<sense n=""2""><number>2</number><trans> <xr lang=""ceb"" target=""#gahaxpun"">= <pb n=""249""/><sc>gahápun</sc>.</xr>
</trans>
</sense></hom></entry></entry>");
INSERT INTO `wced_head` (entryid, head, normalized_head, type, pos) VALUES (5078, "gahápun", "gahapun", "m", "");
INSERT INTO `wced_head` (entryid, head, normalized_head, type, pos) VALUES (5078, "kagahápun", "kagahapun", "s", "n");
INSERT INTO `wced_head` (entryid, head, normalized_head, type, pos) VALUES (5078, "may gahápun", "may gahapun", "s", "");
INSERT INTO `wced_entry` VALUES (5079, "gahas, gahas1", "249", "<entry page=""249"" id=""5079""><form id=""gahas_gaxhas"" lang=""ceb"">gahas, gáhas<sub>1</sub></form>
<hom role=""v""><pos>v</pos>
<sense n=""0""> <itype>[A; a]</itype><trans> clear an area by cutting down trees and tall plants, but not grass and weeds. </trans>
<eg><i lang=""ceb"">Manggáhas siya sa púngut úsà daúbi,</i><trans> He cuts down the second growth jungle before he sets the fire for clearing it. </trans></eg>
<eg><i lang=""ceb"">Sila ang únang naggáhas sa dálan sa kaálam sa mga lapyù nga kaisípan,</i><trans> They were the ones who paved the way (lit. cleared the road) for the education of young minds. </trans></eg>
</sense></hom>
<entry><form id=""manggagahas"" lang=""ceb""><abbr expan=""manggagahas"">maN-r-</abbr></form>
<hom role=""n""><pos>n</pos>
<sense n=""0""><trans> one who lives by slash and burn agriculture.
</trans>
</sense></hom></entry></entry>");
INSERT INTO `wced_head` (entryid, head, normalized_head, type, pos) VALUES (5079, "gahas", "gahas", "s", "v");
INSERT INTO `wced_head` (entryid, head, normalized_head, type, pos) VALUES (5079, "gáhas", "gahas", "s", "v");
INSERT INTO `wced_head` (entryid, head, normalized_head, type, pos) VALUES (5079, "manggagahas", "manggagahas", "s", "n");
INSERT INTO `wced_entry` VALUES (5080, "gahas2", "249", "<entry page=""249"" id=""5080""><form id=""gaxhas2"" lang=""ceb"">gáhas<sub>2</sub></form>
<hom>
<sense n=""0""><trans> <xr lang=""ceb"" target=""#gaxs"">= <sc>gás</sc>, <ix>n 1</ix>.</xr>
</trans>
</sense></hom></entry>");
INSERT INTO `wced_head` (entryid, head, normalized_head, type, pos) VALUES (5080, "gáhas", "gahas", "s", "");
INSERT INTO `wced_entry` VALUES (5081, "gahi", "249", "<entry page=""249"" id=""5081""><form id=""gaxhiq"" lang=""ceb"">gáhì</form>
<hom role=""a""><pos>a</pos>
<sense n=""1""><number>1</number><trans> <tr>hard</tr>, not soft. </trans>
<eg><i lang=""ceb"">Gáhì pa ang nilat-ang manuk,</i><trans> The chicken stew is still tough. </trans></eg>
</sense>
<sense n=""2a""><number>2a</number><trans> hard to do s.t. to. </trans>
<eg><i lang=""ceb"">Gáhì kaáyung ablíhun,</i><trans> Very hard to open. </trans></eg>
<eg><i lang=""ceb"">Gáhì nga dad-un sa sáyaw,</i><trans> Difficult to lead in dancing. </trans></eg>
</sense>
<sense n=""2b""><number>2b</number><trans> hard to get to do s.t. </trans>
<eg><i lang=""ceb"">Misugut na ang asáwa apan ang bána mauy gáhì,</i><trans> The wife has consented but the husband remains adamant. </trans></eg>
</sense>
<sense n=""2c""><number>2c</number><trans> insensitive. </trans>
<eg><i lang=""ceb"">Gáhig kasingkásing,</i><trans> Stone-hearted. </trans></eg>
</sense>
<sense n=""2d""><number>2d</number><trans> slow to do s.t. which one is supposed to do. </trans>
<eg><i lang=""ceb"">Gáhì kaáyung mubáyad sa útang,</i><trans> Very slow to pay his debts. </trans></eg>
</sense>
<sense n=""3""><number>3</number><trans> slow to adapt, understand. </trans>
<eg><i lang=""ceb"">Gáhing muusab sa íyang kinaíya,</i><trans> Slow to change his ways. </trans></eg>
</sense>
<sense n=""4a""><number>4a</number> <form id=""i_nga_gaxhiq"" lang=""ceb"">i nga <abbr expan=""gáhì"">—</abbr></form><trans> letter <ix>e</ix> (speaking of English). </trans>
</sense>
<sense n=""4b""><number>4b</number><trans> letter <ix>i</ix> (speaking of Spanish). </trans>
</sense></hom>
<entry><form id=""gaxhiq_nga_tixngug"" lang=""ceb""><abbr expan=""gáhì"">—</abbr> nga tíngug</form>
<hom>
<sense n=""0""><trans> stern, angry tone of voice. </trans>
</sense></hom></entry>
<entry><form id=""gaxhiq_ug_ilung"" lang=""ceb""><abbr expan=""gáhì"">—</abbr> ug ilung</form>
<hom>
<sense n=""0""><trans> contrary, stubborn (like a carabao that goes the opposite direction when s.o. pulls on his nose ring). </trans>
<eg><i lang=""ceb"">Gáhig ilung. Dì giyud magsapátus,</i><trans> What a stubborn child. She simply won’t put her shoes on. </trans></eg>
</sense></hom></entry>
<entry><form id=""gaxhig_uxlu"" lang=""ceb""><abbr expan=""gáhig"">-g</abbr> úlu</form>
<hom>
<sense n=""1""><number>1</number><trans> <xr lang=""ceb"" target=""#gaxhig_ilung"">= <sc>gáhig ilung</sc>.</xr> </trans>
</sense>
<sense n=""2""><number>2</number><trans> slow to understand. </trans>
<eg><i lang=""ceb"">Gáhig úlu, dì kasabut,</i><trans> He is slow in comprehending; he doesn’t understand. </trans></eg>
</sense></hom>
<hom role=""v""><pos>v</pos>
<sense n=""0""> <itype>[BN2S3(1); a2]</itype><trans> become tough, hard. </trans>
<eg><i lang=""ceb"">Mugáhì (manggáhì) ang láwas inigkamatay,</i><trans> The body stiffens when one dies. </trans></eg>
<eg><i lang=""ceb"">Maggahì ning ákù ug makaadláwun,</i><trans> Mine (my penis) is always stiff in the morning. </trans></eg>
<eg><i lang=""ceb"">Gahíun paglútù ang latik,</i><trans> Cook the syrup until it is hard. </trans></eg>
</sense></hom></entry>
<entry><form id=""panggaxhiq"" lang=""ceb""><abbr expan=""panggáhì"">paN-</abbr></form>
<hom role=""v""><pos>v</pos>
<sense n=""0""> <itype>[A2; b6]</itype><trans> be rigid so as to be difficult to carry. </trans>
<eg><i lang=""ceb"">Ug sakwátun ka ayaw panggáhì,</i><trans> If s.o. carries you, don’t make yourself rigid. </trans></eg>
</sense></hom></entry>
<entry><form id=""magaxhiq"" lang=""ceb""><abbr expan=""magáhì"">ma-</abbr></form>
<hom role=""a""><pos>a</pos>
<sense n=""0""><trans> hard. </trans>
</sense></hom>
<hom role=""v""><pos>v</pos>
<sense n=""0""> <itype>[B1456]</itype><trans> be hard to convince about s.t., be set against s.t. </trans>
<eg><i lang=""ceb"">Nagmagáhì si Núri sa pagpagámit sa íyang yútà,</i><trans> Nory was firmly set against letting anyone farm his land. </trans></eg>
</sense></hom></entry>
<entry><form id=""pagahiqgaxhiq"" lang=""ceb"">pagahìgáhì</form>
<hom role=""v""><pos>v</pos>
<sense n=""0""> <itype>[A3; b6]</itype><trans> play hard to get, convince. </trans>
<eg><i lang=""ceb"">Pagahìgahían gánì ku nímu dì tikaw lahusun,</i><trans> If you play hard to get with me, I might just quit. </trans></eg>
</sense></hom></entry>
<entry><form id=""gahian"" lang=""ceb""><abbr expan=""gahian"">-an(→)</abbr></form>
<hom role=""a""><pos>a</pos>
<sense n=""0""><trans> of a stubborn sort.
</trans>
</sense></hom></entry></entry>");
INSERT INTO `wced_head` (entryid, head, normalized_head, type, pos) VALUES (5081, "gáhì", "gahi", "m", "a");
INSERT INTO `wced_head` (entryid, head, normalized_head, type, pos) VALUES (5081, "i nga gáhì", "i nga gahi", "s", "");
INSERT INTO `wced_head` (entryid, head, normalized_head, type, pos) VALUES (5081, "gáhì nga tíngug", "gahi nga tingug", "s", "");
INSERT INTO `wced_head` (entryid, head, normalized_head, type, pos) VALUES (5081, "gáhì ug ilung", "gahi ug ilung", "s", "");
INSERT INTO `wced_head` (entryid, head, normalized_head, type, pos) VALUES (5081, "gáhig úlu", "gahig ulu", "s", "v");
INSERT INTO `wced_head` (entryid, head, normalized_head, type, pos) VALUES (5081, "panggáhì", "panggahi", "s", "v");
INSERT INTO `wced_head` (entryid, head, normalized_head, type, pos) VALUES (5081, "magáhì", "magahi", "s", "av");
INSERT INTO `wced_head` (entryid, head, normalized_head, type, pos) VALUES (5081, "pagahìgáhì", "pagahigahi", "s", "v");
INSERT INTO `wced_head` (entryid, head, normalized_head, type, pos) VALUES (5081, "gahian", "gahian", "s", "a");
INSERT INTO `wced_translation` (entryid, translation) VALUES (5081, "hard");
INSERT INTO `wced_entry` VALUES (5082, "gahid", "249", "<entry page=""249"" id=""5082""><form id=""gahid"" lang=""ceb"">gahid</form>
<hom role=""n""><pos>n</pos>
<sense n=""0""><trans> bamboo or wooden hook attached to a rope and used to pull a fish trap out of the water. </trans>
</sense></hom>
<hom role=""v""><pos>v</pos>
<sense n=""0""> <itype>[A; a1b2]</itype><trans> get a trap out of the water with a hook. </trans>
<eg><i lang=""ceb"">Átung gahirun ang búbu,</i><trans> We’ll hook the fish trap and pull it up.
</trans></eg>
</sense></hom></entry>");
INSERT INTO `wced_head` (entryid, head, normalized_head, type, pos) VALUES (5082, "gahid", "gahid", "m", "nv");
INSERT INTO `wced_entry` VALUES (5083, "gahin", "249", "<entry page=""249"" id=""5083""><form id=""gahin"" lang=""ceb"">gahin</form>
<hom role=""v""><pos>v</pos>
<sense n=""0""> <itype>[A; c]</itype><trans> set aside a portion. </trans>
<eg><i lang=""ceb"">Naggahin siyag usa ka úras pagpakigsulti kanímu,</i><trans> She set aside an hour to talk with you. </trans></eg>
<eg><i lang=""ceb"">Gahinan ta kag kík,</i><trans> I’ll set some cake aside for you. </trans></eg>
</sense></hom>
<hom role=""n""><pos>n</pos>
<sense n=""0""><trans> portion set aside, appropriation. </trans>
<eg><i lang=""ceb"">Ang gahin sa badyit álang sa idukasiyun,</i><trans> The appropriation from the budget for education.
</trans></eg>
</sense></hom></entry>");
INSERT INTO `wced_head` (entryid, head, normalized_head, type, pos) VALUES (5083, "gahin", "gahin", "m", "vn");
INSERT INTO `wced_entry` VALUES (5084, "gahit1, gahit", "249", "<entry page=""249"" id=""5084""><form id=""gahit_gaxhit"" lang=""ceb"">gahit<sub>1</sub>, gáhit</form>
<hom role=""v""><pos>v</pos>
<sense n=""0""> <itype>[A; b6(1)]</itype><trans> </trans>
</sense>
<sense n=""1""><number>1</number><trans> clear a strip surrounding a clearing which will be burnt to prevent the fire from spreading. </trans>
<eg><i lang=""ceb"">Nakakánat ang káyu kay wà ku makagahit sa kaíngin,</i><trans> The fire spread because I failed to make a fire-break around the clearing. </trans></eg>
</sense>
<sense n=""2""><number>2</number><trans> make a temporary trail in an otherwise unpenetrable thicket. </trans>
<eg><i lang=""ceb"">Gahiti ang kalibunan kay dì masúut,</i><trans> Make a trail in the thicket because we can’t go through it. </trans></eg>
</sense></hom>
<hom role=""n""><pos>n</pos>
<sense n=""1""><number>1</number><trans> <tr>fire-break</tr>. </trans>
</sense>
<sense n=""2""><number>2</number><trans> temporary trail.
</trans>
</sense></hom></entry>");
INSERT INTO `wced_head` (entryid, head, normalized_head, type, pos) VALUES (5084, "gahit", "gahit", "s", "vn");
INSERT INTO `wced_head` (entryid, head, normalized_head, type, pos) VALUES (5084, "gáhit", "gahit", "s", "vn");
INSERT INTO `wced_translation` (entryid, translation) VALUES (5084, "fire-break");
INSERT INTO `wced_entry` VALUES (5085, "*gahit2", "249", "<entry page=""249"" id=""5085""><form id=""xxgahit2"" lang=""ceb"">*gahit<sub>2</sub></form>
<entry><form id=""panggahit"" lang=""ceb""><abbr expan=""panggahit"">paN-</abbr></form>
<hom role=""v""><pos>v</pos>
<sense n=""0""> <itype>[B146]</itype><trans> do harm with energy and eagerness. </trans>
<eg><i lang=""ceb"">Nagpanggahit ang asáwa nga nakig-áway sa babáyi sa íyang bána,</i><trans> The wife was only too eager to get at her husband’s mistress.
</trans></eg>
</sense></hom></entry></entry>");
INSERT INTO `wced_head` (entryid, head, normalized_head, type, pos) VALUES (5085, "gahit", "gahit", "s", "");
INSERT INTO `wced_head` (entryid, head, normalized_head, type, pos) VALUES (5085, "panggahit", "panggahit", "s", "v");
INSERT INTO `wced_entry` VALUES (5086, "gahu", "249", "<entry page=""249"" id=""5086""><form id=""gaxhuq"" lang=""ceb"">gáhù</form>
<hom>
<sense n=""0""><trans> <xr lang=""ceb"" target=""#haxguq"">= <sc>hágù</sc>.</xr>
</trans>
</sense></hom></entry>");
INSERT INTO `wced_head` (entryid, head, normalized_head, type, pos) VALUES (5086, "gáhù", "gahu", "m", "");
INSERT INTO `wced_entry` VALUES (5087, "gahub", "249", "<entry page=""249"" id=""5087""><form id=""gaxhub"" lang=""ceb"">gáhub</form>
<hom role=""a""><pos>a</pos>
<sense n=""0""><trans> noisy, tumultuous. </trans>
<eg><i lang=""ceb"">Halayù sa gáhub nga dakbayan,</i><trans> Far from the noisy city. </trans></eg>
</sense></hom>
<hom role=""n""><pos>n</pos>
<sense n=""0""><trans> loud, continuous, roaring noise. </trans>
</sense></hom>
<hom role=""v""><pos>v</pos>
<sense n=""0""> <itype>[B6; b6]</itype><trans> be in uproar, din. </trans>
<eg><i lang=""ceb"">Migáhub (nagáhub) ang istadiyum dihang nadáwun ang kampiyun,</i><trans> The stadium was in uproar when the champion hit the deck. </trans></eg>
</sense></hom>
<entry><form id=""kagaxhub_ginaxhub"" lang=""ceb""><abbr expan=""kagáhub"">ka-</abbr>, <abbr expan=""gináhub"">-in-</abbr></form>
<hom role=""n""><pos>n</pos>
<sense n=""0""><trans> <xr lang=""ceb"" target=""#gaxhub"">= <sc>gáhub</sc>, <i lang=""ceb"">n</i>.</xr> </trans>
</sense></hom></entry>
<entry><form id=""gaxhubun"" lang=""ceb""><abbr expan=""gáhubun"">-un</abbr></form>
<hom role=""n""><pos>n</pos>
<sense n=""0""><trans> of a noisy sort.
</trans>
</sense></hom></entry></entry>");
INSERT INTO `wced_head` (entryid, head, normalized_head, type, pos) VALUES (5087, "gáhub", "gahub", "m", "anv");
INSERT INTO `wced_head` (entryid, head, normalized_head, type, pos) VALUES (5087, "kagáhub", "kagahub", "s", "n");
INSERT INTO `wced_head` (entryid, head, normalized_head, type, pos) VALUES (5087, "gináhub", "ginahub", "s", "n");
INSERT INTO `wced_head` (entryid, head, normalized_head, type, pos) VALUES (5087, "gáhubun", "gahubun", "s", "n");
INSERT INTO `wced_entry` VALUES (5088, "gahuk", "249", "<entry page=""249"" id=""5088""><form id=""gahuk"" lang=""ceb"">gahuk</form>
<hom role=""n""><pos>n</pos>
<sense n=""0""><trans> a pointed piece of wood about <measure reg=""30 cm"">a foot</measure> in length used to dig sweet potatoes.
</trans>
</sense></hom></entry>");
INSERT INTO `wced_head` (entryid, head, normalized_head, type, pos) VALUES (5088, "gahuk", "gahuk", "m", "n");
INSERT INTO `wced_entry` VALUES (5089, "gahum", "249", "<entry page=""249"" id=""5089""><form id=""gahum"" lang=""ceb"">gahum</form>
<hom role=""n""><pos>n</pos>
<sense n=""0""><trans> <tr>power</tr>. </trans>
<eg><i lang=""ceb"">Ang gahum sa Tayid,</i><trans> The power of Tide. </trans></eg>
<eg><i lang=""ceb"">Ang gahum sa hárì,</i><trans> The power of the king. </trans></eg>
<eg><i lang=""ceb"">Ang anáa sa gahum,</i><trans> Those in power. </trans></eg>
</sense></hom>
<hom role=""v""><pos>v</pos>
<sense n=""1""><number>1</number> <itype>[A12]</itype><trans> gather enough strength. </trans>
<eg><i lang=""ceb"">Nakagahum siya pagbutyag sa masulub-ung balità ngadtu kaníya,</i><trans> She gathered enough strength to break the sad news to him. </trans></eg>
</sense>
<sense n=""2""><number>2</number> <itype>[B2456; b4]</itype><trans> <tr>overpower</tr>, take power over. </trans>
<eg><i lang=""ceb"">Ang kahadluk sa kamatáyun migahum kaníya,</i><trans> He was completely overpowered by his fear of death. </trans></eg>
<eg><i lang=""ceb"">Taliwalà sa kalampúsan walà siya gamhi sa garbu,</i><trans> In the midst of his success he wasn’t overcome with pride. </trans></eg>
</sense></hom>
<entry><form id=""gamhaxnan"" lang=""ceb"">gamhánan</form>
<hom role=""a""><pos>a</pos>
<sense n=""0""><trans> <tr>powerful</tr>, able to effect <corr sic=""chance"">change</corr>. </trans>
<eg><i lang=""ceb"">Ang labing gamhánang ingridiyinti sa Tayid,</i><trans> The most powerful ingredient in Tide. </trans></eg>
</sense></hom></entry>
<entry><form id=""gamhaxnun"" lang=""ceb"">gamhánun</form>
<hom role=""a""><pos>a</pos>
<sense n=""0""><trans> <tr>dominating</tr>. </trans>
<eg><i lang=""ceb"">Usa ka gamhánung tíngug milánug,</i><trans> A dominating voice resounded. </trans></eg>
</sense></hom></entry>
<entry><form id=""galamhan"" lang=""ceb"">galamhan</form>
<hom>
<sense n=""0""><trans> one’s inner feelings, inner self. </trans>
<eg><i lang=""ceb"">Natay-ug ang íyang galamhan sa túmang kabalísa,</i><trans> Her inner self was shaken by intense anxiety. </trans></eg>
</sense></hom></entry>
<entry><form id=""kagamhaxnan"" lang=""ceb"">kagamhánan</form>
<hom>
<sense n=""0""><trans> <pb n=""250""/><tr>government</tr>. </trans>
<eg><i lang=""ceb"">Kagamhánang dimukratiku,</i><trans> Democratic government. </trans></eg>
</sense></hom></entry>
<entry><form id=""makagagaxhum"" lang=""ceb"">makagagáhum</form>
<hom role=""a""><pos>a</pos>
<sense n=""1""><number>1</number><trans> overpowering all else. </trans>
<eg><i lang=""ceb"">Usa ka makagagáhum nga unus,</i><trans> An overpowering squall. </trans></eg>
</sense>
<sense n=""2""><number>2</number><trans> The Almighty.
</trans>
</sense></hom></entry></entry>");
INSERT INTO `wced_head` (entryid, head, normalized_head, type, pos) VALUES (5089, "gahum", "gahum", "m", "nv");
INSERT INTO `wced_head` (entryid, head, normalized_head, type, pos) VALUES (5089, "gamhánan", "gamhanan", "s", "a");
INSERT INTO `wced_head` (entryid, head, normalized_head, type, pos) VALUES (5089, "gamhánun", "gamhanun", "s", "a");
INSERT INTO `wced_head` (entryid, head, normalized_head, type, pos) VALUES (5089, "galamhan", "galamhan", "s", "");
INSERT INTO `wced_head` (entryid, head, normalized_head, type, pos) VALUES (5089, "kagamhánan", "kagamhanan", "s", "");
INSERT INTO `wced_head` (entryid, head, normalized_head, type, pos) VALUES (5089, "makagagáhum", "makagagahum", "s", "a");
INSERT INTO `wced_translation` (entryid, translation) VALUES (5089, "power");
INSERT INTO `wced_translation` (entryid, translation) VALUES (5089, "overpower");
INSERT INTO `wced_translation` (entryid, translation) VALUES (5089, "powerful");
INSERT INTO `wced_translation` (entryid, translation) VALUES (5089, "dominating");
INSERT INTO `wced_translation` (entryid, translation) VALUES (5089, "government");
INSERT INTO `wced_entry` VALUES (5090, "gahung", "250", "<entry page=""250"" id=""5090""><form id=""gaxhung"" lang=""ceb"">gáhung</form>
<hom role=""n""><pos>n</pos>
<sense n=""0""><trans> <tr>pit trap</tr>. </trans>
</sense></hom>
<hom role=""v""><pos>v</pos>
<sense n=""1""><number>1</number> <itype>[A1; b6(1)]</itype><trans> make a pit trap. </trans>
<eg><i lang=""ceb"">Gahúngi nang dapíta kay labyanan sa bábuy ihálas,</i><trans> Make a pit trap over there because that’s where wild pigs pass by. </trans></eg>
</sense>
<sense n=""2""><number>2</number> <itype>[A; a6]</itype><trans> trap s.t. in a pit. </trans>
<eg><i lang=""ceb"">Gahúnga ang bábuy ihás,</i><trans> Trap the wild pig in a pit. </trans></eg>
</sense></hom>
<entry><form id=""manggaxhungay"" lang=""ceb""><abbr expan=""manggáhungay"">mang-ay</abbr></form>
<hom role=""n""><pos>n</pos>
<sense n=""0""><trans> one who traps with pits.
</trans>
</sense></hom></entry></entry>");
INSERT INTO `wced_head` (entryid, head, normalized_head, type, pos) VALUES (5090, "gáhung", "gahung", "m", "nv");
INSERT INTO `wced_head` (entryid, head, normalized_head, type, pos) VALUES (5090, "manggáhungay", "manggahungay", "s", "n");
INSERT INTO `wced_translation` (entryid, translation) VALUES (5090, "pit trap");
INSERT INTO `wced_entry` VALUES (5091, "gahut", "250", "<entry page=""250"" id=""5091""><form id=""gahut"" lang=""ceb"">gahut</form>
<hom role=""v""><pos>v</pos>
<sense n=""0""> <itype>[A; c]</itype><trans> complain, scold with shouting. </trans>
<eg><i lang=""ceb"">Gigahutan kung máma kay nahubug ku,</i><trans> Mother screamed at me because I was drunk. </trans></eg>
</sense></hom>
<entry><form id=""gathaxnay_gahutay"" lang=""ceb"">gathánay, gahutay</form>
<hom role=""v""><pos>v</pos>
<sense n=""0""> <itype>[c3]</itype><trans> shout at each other.
</trans>
</sense></hom></entry></entry>");
INSERT INTO `wced_head` (entryid, head, normalized_head, type, pos) VALUES (5091, "gahut", "gahut", "m", "v");
INSERT INTO `wced_head` (entryid, head, normalized_head, type, pos) VALUES (5091, "gathánay", "gathanay", "s", "v");
INSERT INTO `wced_head` (entryid, head, normalized_head, type, pos) VALUES (5091, "gahutay", "gahutay", "s", "v");
INSERT INTO `wced_entry` VALUES (5092, "gaid", "250", "<entry page=""250"" id=""5092""><form id=""gaxid"" lang=""ceb"">gáid</form>
<hom role=""v""><pos>v</pos>
<sense n=""1""><number>1</number> <itype>[A; c]</itype><trans> lash, tie s.t. against s.t. </trans>
<eg><i lang=""ceb"">Igáid nang istatúwa sa pusti arun dì matumba,</i><trans> Tie the statue to the post so that it won’t topple down. </trans></eg>
</sense>
<sense n=""1a""><number>1a</number><trans> <xr lang=""ceb"" target=""#gaxpus"">= <sc>gápus</sc>, <ix>v 2</ix>.</xr> </trans>
</sense>
<sense n=""2""><number>2</number> <itype>[A; a1b2]</itype><trans> whip soundly. </trans>
<eg><i lang=""ceb"">Gaírun ku ikaw ug dì ka mutúu,</i><trans> I’ll give you a sound whipping if you don’t listen. </trans></eg>
</sense></hom>
<entry><form id=""gaid"" lang=""ceb""><abbr expan=""gaid"">(→)</abbr></form>
<hom role=""n""><pos>n</pos>
<sense n=""0""><trans> s.t. to tie with.
</trans>
</sense></hom></entry></entry>");
INSERT INTO `wced_head` (entryid, head, normalized_head, type, pos) VALUES (5092, "gáid", "gaid", "m", "v");
INSERT INTO `wced_head` (entryid, head, normalized_head, type, pos) VALUES (5092, "gaid", "gaid", "s", "n");
INSERT INTO `wced_entry` VALUES (5093, "gaka", "250", "<entry page=""250"" id=""5093""><form id=""gaxka"" lang=""ceb"">gáka</form>
<hom role=""v""><pos>v</pos>
<sense n=""0""> <itype>[A2S3S; a]</itype><trans> go up an incline or slope. </trans>
<eg><i lang=""ceb"">Human mi makagaka (makagáka) sa bungtud, nakítà ang dágat,</i><trans> After we had gone up the hill, we could see the sea. </trans></eg>
</sense></hom>
<entry><form id=""gakahun"" lang=""ceb"">gakahun</form>
<hom role=""a""><pos>a</pos>
<sense n=""0""><trans> on an incline.
</trans>
</sense></hom></entry></entry>");
INSERT INTO `wced_head` (entryid, head, normalized_head, type, pos) VALUES (5093, "gáka", "gaka", "m", "v");
INSERT INTO `wced_head` (entryid, head, normalized_head, type, pos) VALUES (5093, "gakahun", "gakahun", "s", "a");
INSERT INTO `wced_entry` VALUES (5094, "gak-ang", "250", "<entry page=""250"" id=""5094""><form id=""gak-ang"" lang=""ceb"">gak-ang</form>
<hom role=""v""><pos>v</pos>
<sense n=""0""> <itype>[A; b(1)]</itype><trans> squat, sit on one’s heels on top of s.t. </trans>
<eg><i lang=""ceb"">Ayaw gak-ángi ang bangkíyu,</i><trans> Don’t squat on the toilet seat. Sit right on it.
</trans></eg>
</sense></hom></entry>");
INSERT INTO `wced_head` (entryid, head, normalized_head, type, pos) VALUES (5094, "gak-ang", "gak-ang", "m", "v");
INSERT INTO `wced_entry` VALUES (5095, "gakit", "250", "<entry page=""250"" id=""5095""><form id=""gaxkit"" lang=""ceb"">gákit</form>
<hom role=""n""><pos>n</pos>
<sense n=""0""><trans> bamboo or log <tr>raft</tr>. </trans>
<eg><i lang=""ceb"">Ang gákit nga gipunduhan mauy silúngan sa isdà,</i><trans> An anchored raft is used to draw the fish. </trans></eg>
</sense></hom>
<hom role=""v""><pos>v</pos>
<sense n=""1""><number>1</number> <itype>[A13; a12]</itype><trans> ride on a raft. </trans>
<eg><i lang=""ceb"">Maggákit mi paingun sa isla,</i><trans> We are going to take the raft to the island. </trans></eg>
</sense>
<sense n=""2""><number>2</number> <itype>[a12]</itype><trans> make into a raft. </trans>
</sense></hom>
<entry><form id=""ginaxkit"" lang=""ceb""><abbr expan=""ginákit"">-in-</abbr></form>
<hom role=""n""><pos>n</pos>
<sense n=""0""><trans> lashed together to form a raft.
</trans>
</sense></hom></entry></entry>");
INSERT INTO `wced_head` (entryid, head, normalized_head, type, pos) VALUES (5095, "gákit", "gakit", "m", "nv");
INSERT INTO `wced_head` (entryid, head, normalized_head, type, pos) VALUES (5095, "ginákit", "ginakit", "s", "n");
INSERT INTO `wced_translation` (entryid, translation) VALUES (5095, "raft");
INSERT INTO `wced_entry` VALUES (5096, "gakud", "250", "<entry page=""250"" id=""5096""><form id=""gakud"" lang=""ceb"">gakud</form>
<hom>
<sense n=""0""><trans> <xr lang=""ceb"" target=""#gaxid"">= <sc>gáid</sc>, <ix>1, 1a</ix>.</xr>
</trans>
</sense></hom></entry>");
INSERT INTO `wced_head` (entryid, head, normalized_head, type, pos) VALUES (5096, "gakud", "gakud", "m", "");
INSERT INTO `wced_entry` VALUES (5097, "gakus", "250", "<entry page=""250"" id=""5097""><form id=""gakus"" lang=""ceb"">gakus</form>
<hom role=""v""><pos>v</pos>
<sense n=""0""> <itype>[AC; ab2]</itype><trans> <tr>hug</tr>, <tr>embrace</tr>. </trans>
<eg><i lang=""ceb"">Tiggakus siyag alungnag matúlug,</i><trans> He usually embraces a pillow when he sleeps. </trans></eg>
<eg><i lang=""ceb"">Ang duha ka buksidur naggákus,</i><trans> The two boxers were clenching. </trans></eg>
<eg><i lang=""ceb"">Gigakus níya ang íyang hinigugma,</i><trans> She embraced her beloved. </trans></eg>
</sense></hom>
<hom role=""n""><pos>n</pos>
<sense n=""0""><trans> <tr>embrace</tr>. </trans>
<eg><i lang=""ceb"">Hugut nga gakus,</i><trans> A tight embrace. </trans></eg>
</sense></hom>
<entry><form id=""gaxkus"" lang=""ceb""><abbr expan=""gákus"">(←)</abbr></form>
<hom role=""n""><pos>n</pos>
<sense n=""0""><trans> act of mutual embracing. </trans>
<eg><i lang=""ceb"">Kútub ra sa gákus, way háluk,</i><trans> It just went as far as hugging. No kissing. </trans></eg>
</sense></hom></entry>
<entry><form id=""gakusgaxkus"" lang=""ceb"">gakusgákus</form>
<hom role=""v""><pos>v</pos>
<sense n=""0""> <itype>[a12]</itype><trans> hug repeatedly. </trans>
</sense></hom></entry>
<entry><form id=""gaksanay"" lang=""ceb"">gaksanay</form>
<hom role=""v""><pos>v</pos>
<sense n=""0""> <itype>[C]</itype><trans> embrace each other.
</trans>
</sense></hom></entry></entry>");
INSERT INTO `wced_head` (entryid, head, normalized_head, type, pos) VALUES (5097, "gakus", "gakus", "m", "vn");
INSERT INTO `wced_head` (entryid, head, normalized_head, type, pos) VALUES (5097, "gákus", "gakus", "s", "n");
INSERT INTO `wced_head` (entryid, head, normalized_head, type, pos) VALUES (5097, "gakusgákus", "gakusgakus", "s", "v");
INSERT INTO `wced_head` (entryid, head, normalized_head, type, pos) VALUES (5097, "gaksanay", "gaksanay", "s", "v");
INSERT INTO `wced_translation` (entryid, translation) VALUES (5097, "hug");
INSERT INTO `wced_translation` (entryid, translation) VALUES (5097, "embrace");
INSERT INTO `wced_entry` VALUES (5098, "gakut", "250", "<entry page=""250"" id=""5098""><form id=""gakut"" lang=""ceb"">gakut</form>
<hom role=""n""><pos>n</pos>
<sense n=""0""><trans> <tr>scars</tr> on the skin marked by heavy scar tissue. </trans>
</sense></hom>
<hom role=""v""><pos>v</pos>
<sense n=""0""> <itype>[B126]</itype><trans> have large, ugly scars. </trans>
<eg><i lang=""ceb"">Nagakut ang íyang líug kay mibutu kini,</i><trans> She has large ugly scars on her neck from boils she had.
</trans></eg>
</sense></hom></entry>");
INSERT INTO `wced_head` (entryid, head, normalized_head, type, pos) VALUES (5098, "gakut", "gakut", "m", "nv");
INSERT INTO `wced_translation` (entryid, translation) VALUES (5098, "scars");
INSERT INTO `wced_entry` VALUES (5099, "gakut", "250", "<entry page=""250"" id=""5099""><form id=""gaxkut"" lang=""ceb"">gákut</form>
<hom role=""v""><pos>v</pos>
<sense n=""0""> <itype>[A; c]</itype><trans> <tr>tie</tr> s.t. so as to prevent it from being opened or detached. </trans>
<eg><i lang=""ceb"">Ang kutsíru mauy migákut sa mga malíta sa atup sa tartanilya,</i><trans> The rig driver tied the suitcases on the roof of the rig. </trans></eg>
</sense></hom>
<entry><form id=""gakut"" lang=""ceb""><abbr expan=""gakut"">(→)</abbr></form>
<hom role=""n""><pos>n</pos>
<sense n=""0""><trans> <tr>lashings</tr>.
</trans>
</sense></hom></entry></entry>");
INSERT INTO `wced_head` (entryid, head, normalized_head, type, pos) VALUES (5099, "gákut", "gakut", "m", "v");
INSERT INTO `wced_head` (entryid, head, normalized_head, type, pos) VALUES (5099, "gakut", "gakut", "s", "n");
INSERT INTO `wced_translation` (entryid, translation) VALUES (5099, "tie");
INSERT INTO `wced_translation` (entryid, translation) VALUES (5099, "lashings");
INSERT INTO `wced_entry` VALUES (5100, "gala1", "250", "<entry page=""250"" id=""5100""><form id=""gaxla"" lang=""ceb"">gála<sub>1</sub></form>
<hom role=""v""><pos>v</pos>
<sense n=""1""><number>1</number> <itype>[Ac; ac]</itype><trans> <tr>play games</tr>, play with s.t. </trans>
<eg><i lang=""ceb"">Mugála gihápun kag munyíka?</i><trans> Do you still play with dolls? </trans></eg>
<eg><i lang=""ceb"">Dílì na nátù siya igála,</i><trans> Let’s not play with her any more. </trans></eg>
</sense>
<sense n=""2""><number>2</number> <itype>[A; a12]</itype><trans> influence, lure s.o. into doing s.t. he shouldn’t. </trans>
<eg><i lang=""ceb"">Ikaw giyuy nakagā́ kaníya sa binúang,</i><trans> You influenced him to do s.t. foolish. </trans></eg>
</sense>
<sense n=""3""><number>3</number> <itype>[c]</itype><trans> give money for a performance. </trans>
<eg><i lang=""ceb"">Gigaláhan siya sa mananan-awg diyis písus nga giitsa sa intabládu,</i><trans> He got ten pesos from the money which the audience had thrown on the stage. </trans></eg>
</sense></hom>
<hom role=""n""><pos>n</pos>
<sense n=""1""><number>1</number><trans> <tr>game</tr>. </trans>
</sense>
<sense n=""2""><number>2</number><trans> gift of money given for performing. </trans>
</sense></hom>
<entry><form id=""kagaxla"" lang=""ceb""><abbr expan=""kagála"">ka-</abbr></form>
<hom role=""n""><pos>n</pos>
<sense n=""0""><trans> <tr>playmates</tr>. </trans>
</sense></hom></entry>
<entry><form id=""galaxhan"" lang=""ceb"">galáhan</form>
<hom role=""n""><pos>n</pos>
<sense n=""1""><number>1</number><trans> <tr>toy</tr>. </trans>
</sense>
<sense n=""2""><number>2</number>
</sense></hom>
<hom role=""a""><pos>a</pos>
<sense n=""0""><trans> plaything which gives certain magical powers to the owner. </trans>
<eg><i lang=""ceb"">Ang trabungku galáhan sa sawa,</i><trans> A crystal ball is the special magic toy which a snake possesses. </trans></eg>
</sense>
<sense n=""3""><number>3</number><trans> amusement devices at fairs and carnivals. </trans>
</sense>
<sense n=""4""><number>4</number><trans> penis (used as one’s plaything—slang). </trans>
</sense></hom></entry>
<entry><form id=""galagala"" lang=""ceb"">galagala</form>
<hom role=""n""><pos>n</pos>
<sense n=""0""><trans> companions, usually unwholesome. </trans>
<eg><i lang=""ceb"">Nahímu siyang dautan tungud sa gagá,</i><trans> He became evil because of bad company. </trans></eg>
</sense></hom>
<hom role=""v""><pos>v</pos>
<sense n=""0""> <itype>[A3P; b5]</itype><trans> induce s.o. to do s.t. unwholesome. </trans>
<eg><i lang=""ceb"">Gigalagala (gigalagalahan) ku níla pagsúkul sa ákung inaína,</i><trans> They induced me to fight my stepmother.
</trans></eg>
</sense></hom></entry></entry>");
INSERT INTO `wced_head` (entryid, head, normalized_head, type, pos) VALUES (5100, "gála", "gala", "s", "vn");
INSERT INTO `wced_head` (entryid, head, normalized_head, type, pos) VALUES (5100, "kagála", "kagala", "s", "n");
INSERT INTO `wced_head` (entryid, head, normalized_head, type, pos) VALUES (5100, "galáhan", "galahan", "s", "na");
INSERT INTO `wced_head` (entryid, head, normalized_head, type, pos) VALUES (5100, "galagala", "galagala", "s", "nv");
INSERT INTO `wced_translation` (entryid, translation) VALUES (5100, "play games");
INSERT INTO `wced_translation` (entryid, translation) VALUES (5100, "game");
INSERT INTO `wced_translation` (entryid, translation) VALUES (5100, "playmates");
INSERT INTO `wced_translation` (entryid, translation) VALUES (5100, "toy");
INSERT INTO `wced_entry` VALUES (5101, "gala2", "250", "<entry page=""250"" id=""5101""><form id=""gaxla2"" lang=""ceb"">gála<sub>2</sub></form>
<hom>
<sense n=""0""><trans> (not without <ix>l</ix>) </trans>
</sense></hom>
<hom role=""n""><pos>n</pos>
<sense n=""0""><trans> dress used for festive occasion. </trans>
</sense></hom>
<hom role=""v""><pos>v</pos>
<sense n=""0""> <itype>[A; b6]</itype><trans> use, wear a <tr>gala</tr> attire. </trans>
</sense></hom>
<entry><form id=""gaxla_nga_unipurmi"" lang=""ceb""><abbr expan=""gála"">—</abbr> nga unipurmi</form>
<hom role=""n""><pos>n</pos>
<sense n=""0""><trans> gala uniform. </trans>
</sense></hom></entry>
<entry><form id=""gaxla_primyir"" lang=""ceb""><abbr expan=""gála"">—</abbr> primyir</form>
<hom role=""n""><pos>n</pos>
<sense n=""0""><trans> <tr>gala <corr sic=""premier"">premiere</corr></tr>. </trans>
</sense></hom>
<hom role=""v""><pos>v</pos>
<sense n=""0""> <itype>[A1; c6]</itype><trans> hold a gala <corr sic=""premier"">premiere</corr>.
</trans>
</sense></hom></entry></entry>");
INSERT INTO `wced_head` (entryid, head, normalized_head, type, pos) VALUES (5101, "gála", "gala", "s", "nv");
INSERT INTO `wced_head` (entryid, head, normalized_head, type, pos) VALUES (5101, "gála nga unipurmi", "gala nga unipurmi", "s", "n");
INSERT INTO `wced_head` (entryid, head, normalized_head, type, pos) VALUES (5101, "gála primyir", "gala primyir", "s", "nv");
INSERT INTO `wced_translation` (entryid, translation) VALUES (5101, "gala");
INSERT INTO `wced_translation` (entryid, translation) VALUES (5101, "gala premiere");
INSERT INTO `wced_entry` VALUES (5102, "gala", "250", "<entry page=""250"" id=""5102""><form id=""galaq"" lang=""ceb"">galà</form>
<hom role=""n""><pos>n</pos>
<sense n=""0""><trans> <tr>dry twigs</tr>. </trans>
</sense></hom>
<entry><form id=""panggalaq"" lang=""ceb""><abbr expan=""panggalà"">paN-</abbr></form>
<hom role=""v""><pos>v</pos>
<sense n=""0""> <itype>[A2; b(1)]</itype><trans> gather dry twigs.
</trans>
</sense></hom></entry></entry>");
INSERT INTO `wced_head` (entryid, head, normalized_head, type, pos) VALUES (5102, "galà", "gala", "m", "n");
INSERT INTO `wced_head` (entryid, head, normalized_head, type, pos) VALUES (5102, "panggalà", "panggala", "s", "v");
INSERT INTO `wced_translation` (entryid, translation) VALUES (5102, "dry twigs");
INSERT INTO `wced_entry` VALUES (5103, "galab, galab", "250", "<entry page=""250"" id=""5103""><form id=""galab_gaxlab"" lang=""ceb"">galab, gálab</form>
<hom role=""v""><pos>v</pos>
<sense n=""0""> <itype>[A; a]</itype><trans> cut with a scythe, sickle. </trans>
<eg><i lang=""ceb"">Gigalab níya ang kúgun,</i><trans> He cut the saw grass with a sickle. </trans></eg>
</sense></hom>
<entry><form id=""galab"" lang=""ceb""><abbr expan=""galab"">(→)</abbr></form>
<hom role=""n""><pos>n</pos>
<sense n=""0""><trans> scythe, sickle.
</trans>
</sense></hom></entry></entry>");
INSERT INTO `wced_head` (entryid, head, normalized_head, type, pos) VALUES (5103, "galab", "galab", "s", "v");
INSERT INTO `wced_head` (entryid, head, normalized_head, type, pos) VALUES (5103, "gálab", "galab", "s", "v");
INSERT INTO `wced_entry` VALUES (5104, "galam", "250", "<entry page=""250"" id=""5104""><form id=""galam"" lang=""ceb"">galam</form>
<hom role=""v""><pos>v</pos>
<sense n=""0""> <itype>[A; a12]</itype><trans> </trans>
</sense>
<sense n=""1""><number>1</number><trans> <tr>take care of</tr>, <tr>attend to</tr> the needs of s.o. </trans>
<eg><i lang=""ceb"">Gigám ang mabdus sa duktur,</i><trans> The doctor attended to the pregnant woman. </trans></eg>
</sense>
<sense n=""2""><number>2</number><trans> <tr>raise</tr>, <tr>rear</tr>. </trans>
<eg><i lang=""ceb"">Gigám sila sáma gayud sa kaugalíngun níyang anak,</i><trans> She raised them like her own children. </trans></eg>
</sense></hom>
<hom role=""n""><pos>n</pos>
<sense n=""0""><trans> <tr>care</tr>, watchful attention. </trans>
<eg><i lang=""ceb"">Way gám, maung nangaláyà,</i><trans> They withered because no one took care of them. </trans></eg>
</sense></hom>
<entry><form id=""galalmun"" lang=""ceb"">galalmun</form>
<hom role=""a""><pos>a</pos>
<sense n=""0""><trans> <tr>delicate</tr>, requiring much attention and care. </trans>
<eg><i lang=""ceb"">Galalmun kaáyu ning buwáka,</i><trans> This flower is very delicate.
</trans></eg>
</sense></hom></entry></entry>");
INSERT INTO `wced_head` (entryid, head, normalized_head, type, pos) VALUES (5104, "galam", "galam", "m", "vn");
INSERT INTO `wced_head` (entryid, head, normalized_head, type, pos) VALUES (5104, "galalmun", "galalmun", "s", "a");
INSERT INTO `wced_translation` (entryid, translation) VALUES (5104, "take care of");
INSERT INTO `wced_translation` (entryid, translation) VALUES (5104, "attend to");
INSERT INTO `wced_translation` (entryid, translation) VALUES (5104, "raise");
INSERT INTO `wced_translation` (entryid, translation) VALUES (5104, "rear");
INSERT INTO `wced_translation` (entryid, translation) VALUES (5104, "care");
INSERT INTO `wced_translation` (entryid, translation) VALUES (5104, "delicate");
INSERT INTO `wced_entry` VALUES (5105, "*galam", "250", "<entry page=""250"" id=""5105""><form id=""xxgaxlam"" lang=""ceb"">*gálam</form>
<entry><form id=""higaxlam_hagalam"" lang=""ceb""><abbr expan=""higálam/hagalam"">hi-/ha-</abbr></form>
<hom role=""v""><pos>v</pos>
<sense n=""0""> <itype>[B126; b6]</itype><trans> develop the habit or liking for doing s.t. after having tried it once. </trans>
<eg><i lang=""ceb"">Nahigálam nà siyag sulugsúlug kay dì man suklan,</i><trans> He has been encouraged to keep teasing because nobody stands up to him. </trans></eg>
<eg><i lang=""ceb"">Makahigálam (makapahigálam) man ning lamía,</i><trans> This taste makes one crave for more. <pb n=""251""/></trans></eg>
<eg><i lang=""ceb"">Ug muhátag ka kanúnay, higadman kag pangáyù,</i><trans> If you always give, he’ll be encouraged to ask you for some all the time.
</trans></eg>
</sense></hom></entry></entry>");
INSERT INTO `wced_head` (entryid, head, normalized_head, type, pos) VALUES (5105, "gálam", "galam", "s", "");
INSERT INTO `wced_head` (entryid, head, normalized_head, type, pos) VALUES (5105, "higálam", "higalam", "s", "v");
INSERT INTO `wced_head` (entryid, head, normalized_head, type, pos) VALUES (5105, "hagalam", "hagalam", "s", "v");
INSERT INTO `wced_entry` VALUES (5106, "galangan", "251", "<entry page=""251"" id=""5106""><form id=""galangan"" lang=""ceb"">galangan</form>
<hom role=""n""><pos>n</pos>
<sense n=""0""><trans> small variety of <ix>balingbing</ix> (<bio>Averrhoa carambola</bio>) which is very juicy, sour, and dark orange in color.
</trans>
</sense></hom></entry>");
INSERT INTO `wced_head` (entryid, head, normalized_head, type, pos) VALUES (5106, "galangan", "galangan", "m", "n");
INSERT INTO `wced_entry` VALUES (5107, "galansiyang", "251", "<entry page=""251"" id=""5107""><form id=""galansixyang"" lang=""ceb"">galansíyang</form>
<hom role=""n""><pos>n</pos>
<sense n=""0""><trans> k.o. jet-black, glossy starling: <bio>Aplonis panayensis</bio>.
</trans>
</sense></hom></entry>");
INSERT INTO `wced_head` (entryid, head, normalized_head, type, pos) VALUES (5107, "galansíyang", "galansiyang", "m", "n");
INSERT INTO `wced_entry` VALUES (5108, "galanti", "251", "<entry page=""251"" id=""5108""><form id=""galanti"" lang=""ceb"">galanti</form>
<hom>
<sense n=""0""><trans> (not without <ix>l</ix>) </trans>
</sense></hom>
<hom role=""a""><pos>a</pos>
<sense n=""0""><trans> swashbuckling and ostentatiously courteous, esp. to ladies. </trans>
</sense></hom>
<hom role=""v""><pos>v</pos>
<sense n=""0""> <itype>[B12; b6]</itype><trans> act in a swashbuckling and ostentatiously courteous way. </trans>
<eg><i lang=""ceb"">Tihik apan nagalanti kay dihay babáyi, ug siyay mibáyad,</i><trans> He’s a cheapskate, but he suddenly got generous because there was a lady in the company, and he paid the bill.
</trans></eg>
</sense></hom></entry>");
INSERT INTO `wced_head` (entryid, head, normalized_head, type, pos) VALUES (5108, "galanti", "galanti", "m", "av");
INSERT INTO `wced_entry` VALUES (5109, "galas, galas", "251", "<entry page=""251"" id=""5109""><form id=""galas_gaxlas"" lang=""ceb"">galas, gálas</form>
<hom>
<sense n=""0""><trans> (not without <ix>l</ix>) </trans>
</sense></hom>
<hom role=""v""><pos>v</pos>
<sense n=""1""><number>1</number> <itype>[A; b]</itype><trans> cut through a thicket to make a trail. </trans>
<eg><i lang=""ceb"">Maggalas tag agiánan sa kalibunan,</i><trans> We will cut a trail through the thicket. </trans></eg>
</sense>
<sense n=""2""><number>2</number> <itype>[A; b]</itype><trans> make a clearing along the perimeter of a cultivated area to use as a boundary marker. </trans>
<eg><i lang=""ceb"">Gigalasan nákù ang matag saup arun way áway,</i><trans> I made a clearing as a boundary marker for each of my tenants to avoid quarrels.
</trans></eg>
</sense></hom></entry>");
INSERT INTO `wced_head` (entryid, head, normalized_head, type, pos) VALUES (5109, "galas", "galas", "s", "v");
INSERT INTO `wced_head` (entryid, head, normalized_head, type, pos) VALUES (5109, "gálas", "galas", "s", "v");
INSERT INTO `wced_entry` VALUES (5110, "galaw", "251", "<entry page=""251"" id=""5110""><form id=""galaw"" lang=""ceb"">galaw</form>
<hom role=""n""><pos>n</pos>
<sense n=""0""><trans> <tr>twig</tr>, small branches.
</trans>
</sense></hom></entry>");
INSERT INTO `wced_head` (entryid, head, normalized_head, type, pos) VALUES (5110, "galaw", "galaw", "m", "n");
INSERT INTO `wced_translation` (entryid, translation) VALUES (5110, "twig");
INSERT INTO `wced_entry` VALUES (5111, "galawgaw", "251", "<entry page=""251"" id=""5111""><form id=""galawgaw"" lang=""ceb"">galawgaw</form>
<hom role=""n""><pos>n</pos>
<sense n=""0""><trans> one who is good for nothing and who is only a nuisance in a group activity. </trans>
<eg><i lang=""ceb"">Dílì giyud kita magkasinábut kun paapilun ta nang galawgaw sa átung panaglantúgì,</i><trans> We won’t be able to reach an agreement if we let kibitzers join our discussion.
</trans></eg>
</sense></hom></entry>");
INSERT INTO `wced_head` (entryid, head, normalized_head, type, pos) VALUES (5111, "galawgaw", "galawgaw", "m", "n");
INSERT INTO `wced_entry` VALUES (5112, "galay", "251", "<entry page=""251"" id=""5112""><form id=""gaxlay"" lang=""ceb"">gálay</form>
<hom role=""n""><pos>n</pos>
<sense n=""0""><trans> <tr>sweet potato tops</tr> used as a green. </trans>
</sense></hom>
<hom role=""v""><pos>v</pos>
<sense n=""0""> <itype>[A13; b6]</itype><trans> cook sweet potato tops. </trans>
</sense></hom>
<entry><form id=""panggaxlay"" lang=""ceb""><abbr expan=""panggálay"">paN-</abbr></form>
<hom role=""v""><pos>v</pos>
<sense n=""0""> <itype>[A2]</itype><trans> gather sweet potato tops.
</trans>
</sense></hom></entry></entry>");
INSERT INTO `wced_head` (entryid, head, normalized_head, type, pos) VALUES (5112, "gálay", "galay", "m", "nv");
INSERT INTO `wced_head` (entryid, head, normalized_head, type, pos) VALUES (5112, "panggálay", "panggalay", "s", "v");
INSERT INTO `wced_translation` (entryid, translation) VALUES (5112, "sweet potato tops");
INSERT INTO `wced_entry` VALUES (5113, "galbanisadu", "251", "<entry page=""251"" id=""5113""><form id=""galbanisaxdu"" lang=""ceb"">galbanisádu</form>
<hom role=""n""><pos>n</pos>
<sense n=""0""><trans> <tr>galvanized</tr>.
</trans>
</sense></hom></entry>");
INSERT INTO `wced_head` (entryid, head, normalized_head, type, pos) VALUES (5113, "galbanisádu", "galbanisadu", "m", "n");
INSERT INTO `wced_translation` (entryid, translation) VALUES (5113, "galvanized");
INSERT INTO `wced_entry` VALUES (5114, "galgal", "251", "<entry page=""251"" id=""5114""><form id=""galgal"" lang=""ceb"">galgal</form>
<hom role=""v""><pos>v</pos>
<sense n=""0""> <itype>[AN; a12]</itype><trans> <tr>entice</tr> s.o. to do s.t. that leads to eventual misfortune. </trans>
<eg><i lang=""ceb"">Nanggalgal siya nákù pagpangábang,</i><trans> He talked me into getting a prostitute. </trans></eg>
</sense></hom>
<entry><form id=""galgalan"" lang=""ceb""><abbr expan=""galgalan"">-an(→)</abbr></form>
<hom role=""a""><pos>a</pos>
<sense n=""0""><trans> fond of enticing people into doing things bad for them. </trans>
</sense></hom></entry>
<entry><form id=""galgalun"" lang=""ceb""><abbr expan=""galgalun"">-un</abbr></form>
<hom role=""a""><pos>a</pos>
<sense n=""0""><trans> <tr>tempting</tr>, <tr>enticing</tr>. </trans>
<eg><i lang=""ceb"">Nahiráda ku sa magalgálun níyang pahíyum,</i><trans> I fell a victim to her seductive smile.
</trans></eg>
</sense></hom></entry></entry>");
INSERT INTO `wced_head` (entryid, head, normalized_head, type, pos) VALUES (5114, "galgal", "galgal", "m", "v");
INSERT INTO `wced_head` (entryid, head, normalized_head, type, pos) VALUES (5114, "galgalan", "galgalan", "s", "a");
INSERT INTO `wced_head` (entryid, head, normalized_head, type, pos) VALUES (5114, "galgalun", "galgalun", "s", "a");
INSERT INTO `wced_translation` (entryid, translation) VALUES (5114, "entice");
INSERT INTO `wced_translation` (entryid, translation) VALUES (5114, "tempting");
INSERT INTO `wced_translation` (entryid, translation) VALUES (5114, "enticing");
INSERT INTO `wced_entry` VALUES (5115, "galha", "251", "<entry page=""251"" id=""5115""><form id=""galhaq"" lang=""ceb"">galhà</form>
<hom role=""a""><pos>a</pos>
<sense n=""0""><trans> warm and airless. </trans>
</sense></hom>
<hom role=""v""><pos>v</pos>
<sense n=""0""> <itype>[B; a4b6]</itype><trans> be, become warm and airless. </trans>
<eg><i lang=""ceb"">Mugalhà (magalhà) ang kwartu basta daghang táwu sa sulud,</i><trans> The room will become hot if there are too many people inside. </trans></eg>
<eg><i lang=""ceb"">Gigalhà ka ba?</i><trans> Do you feel warm? </trans></eg>
<eg><i lang=""ceb"">Gigalháan ka ba áning kwartúha?</i><trans> Do you consider this room hot?
</trans></eg>
</sense></hom></entry>");
INSERT INTO `wced_head` (entryid, head, normalized_head, type, pos) VALUES (5115, "galhà", "galha", "m", "av");
INSERT INTO `wced_entry` VALUES (5116, "galhab", "251", "<entry page=""251"" id=""5116""><form id=""galhab"" lang=""ceb"">galhab</form>
<hom role=""v""><pos>v</pos>
<sense n=""0""> <itype>[A; a]</itype><trans> make a large, gaping tear or hole. </trans>
<eg><i lang=""ceb"">Dinamíta ang nakagalhab sa kílid sa dinamitíru,</i><trans> Dynamite explosion made a gaping wound on the fisherman’s side. </trans></eg>
<eg><i lang=""ceb"">Galhábun ku ang ímung sinínà kun dì nímu hubúun,</i><trans> I’ll rip your dress if you don’t take it off. </trans></eg>
</sense></hom>
<hom role=""n""><pos>n</pos>
<sense n=""0""><trans> <tr>tear</tr>, <tr>wound</tr>. </trans>
</sense></hom>
<hom role=""a""><pos>a</pos>
<sense n=""0""><trans> having a gaping wound or tear.
</trans>
</sense></hom></entry>");
INSERT INTO `wced_head` (entryid, head, normalized_head, type, pos) VALUES (5116, "galhab", "galhab", "m", "vna");
INSERT INTO `wced_translation` (entryid, translation) VALUES (5116, "tear");
INSERT INTO `wced_translation` (entryid, translation) VALUES (5116, "wound");
INSERT INTO `wced_entry` VALUES (5117, "gali", "251", "<entry page=""251"" id=""5117""><form id=""gaxliq"" lang=""ceb"">gálì</form>
<hom>
<sense n=""0""><trans> <xr lang=""ceb"" target=""#gaxniq"">= <sc>gánì</sc>.</xr>
</trans>
</sense></hom></entry>");
INSERT INTO `wced_head` (entryid, head, normalized_head, type, pos) VALUES (5117, "gálì", "gali", "m", "");
INSERT INTO `wced_entry` VALUES (5118, "galihira", "251", "<entry page=""251"" id=""5118""><form id=""galihixra"" lang=""ceb"">galihíra</form>
<hom role=""n""><pos>n</pos>
<sense n=""0""><trans> printer’s galley.
</trans>
</sense></hom></entry>");
INSERT INTO `wced_head` (entryid, head, normalized_head, type, pos) VALUES (5118, "galihíra", "galihira", "m", "n");
INSERT INTO `wced_entry` VALUES (5119, "galing", "251", "<entry page=""251"" id=""5119""><form id=""galing"" lang=""ceb"">galing</form>
<hom role=""v""><pos>v</pos>
<sense n=""1""><number>1</number> <itype>[A; a2]</itype><trans> <tr>mill</tr> s.t. or grind in a mill. </trans>
<eg><i lang=""ceb"">Mugaling sila sa tubu run,</i><trans> They’ll mill the sugarcane now. </trans></eg>
<eg><i lang=""ceb"">Galinga ang kapi,</i><trans> Grind the coffee. </trans></eg>
</sense>
<sense n=""2""><number>2</number><trans> turn a wheel or crank to run some sort of machine. </trans>
</sense>
<sense n=""2a""><number>2a</number><trans> spin cotton into thread. </trans>
</sense>
<sense n=""2b""><number>2b</number><trans> turn the crank of a cable. </trans>
</sense>
<sense n=""3""><number>3</number> <itype>[A; a12]</itype><trans> make a motion picture. </trans>
<eg><i lang=""ceb"">Ang ‘Safari’ didtu níla galinga sa Aprika,</i><trans> ‘Safari’ was filmed in Africa. </trans></eg>
</sense></hom>
<entry><form id=""gaxling"" lang=""ceb""><abbr expan=""gáling"">(←)</abbr></form>
<hom role=""v""><pos>v</pos>
<sense n=""0""> <itype>[A13]</itype><trans> do intense milling. </trans>
<eg><i lang=""ceb"">Naggáling run sa tubu kay madáut ug taudtauran,</i><trans> They are rushing to mill the sugarcane now because it will spoil if the milling is delayed. </trans></eg>
</sense></hom></entry>
<entry><form id=""galingan"" lang=""ceb""><abbr expan=""galingan"">-an</abbr></form>
<hom role=""n""><pos>n</pos>
<sense n=""1""><number>1</number><trans> <tr>mill</tr> for grinding s.t. </trans>
</sense>
<sense n=""2""><number>2</number><trans> <tr>spinning wheel</tr>. </trans>
</sense></hom></entry>
<entry><form id=""galinggaling"" lang=""ceb"">galinggaling</form>
<hom role=""n""><pos>n</pos>
<sense n=""0""><trans> another name for the bug called <ix>daging</ix>, so called because children play with it, tying a string to its waist and letting it fly around in circles. †
</trans>
</sense></hom></entry></entry>");
INSERT INTO `wced_head` (entryid, head, normalized_head, type, pos) VALUES (5119, "galing", "galing", "m", "v");
INSERT INTO `wced_head` (entryid, head, normalized_head, type, pos) VALUES (5119, "gáling", "galing", "s", "v");
INSERT INTO `wced_head` (entryid, head, normalized_head, type, pos) VALUES (5119, "galingan", "galingan", "s", "n");
INSERT INTO `wced_head` (entryid, head, normalized_head, type, pos) VALUES (5119, "galinggaling", "galinggaling", "s", "n");
INSERT INTO `wced_translation` (entryid, translation) VALUES (5119, "mill");
INSERT INTO `wced_translation` (entryid, translation) VALUES (5119, "spinning wheel");
INSERT INTO `wced_entry` VALUES (5120, "galing1", "251", "<entry page=""251"" id=""5120""><form id=""gaxling"" lang=""ceb"">gáling<sub>1</sub></form>
<hom role=""v""><pos>v</pos>
<sense n=""0""> <itype>[A; a1]</itype><trans> make a post, tree, or anything rooted to the ground face a different direction or straighten up without removing it from its foundations or roots by means of ropes. </trans>
<eg><i lang=""ceb"">Galíngun nátù ang dakung mangga,</i><trans> Let’s straighten up the mango tree. </trans></eg>
</sense></hom>
<entry><form id=""gaxling_nang_gaxling"" lang=""ceb""><abbr expan=""gáling"">—</abbr> nang <abbr expan=""gáling"">—</abbr></form>
<hom>
<sense n=""0""><trans> words uttered while letting a baby stand on one’s lap and allowing it to sway back and forth. </trans>
</sense></hom></entry>
<entry><form id=""galinggaxling"" lang=""ceb"">galinggáling</form>
<hom role=""v""><pos>v</pos>
<sense n=""0""> <itype>[A; c1]</itype><trans> move or rock sidewise s.t. rooted or stuck, usually to loosen it. </trans>
<eg><i lang=""ceb"">Gigalinggáling níya ang pusti nga íyang hulbútun,</i><trans> He moved the post that he is going to uproot back and forth.
</trans></eg>
</sense></hom></entry></entry>");
INSERT INTO `wced_head` (entryid, head, normalized_head, type, pos) VALUES (5120, "gáling", "galing", "s", "v");
INSERT INTO `wced_head` (entryid, head, normalized_head, type, pos) VALUES (5120, "gáling nang gáling", "galing nang galing", "s", "");
INSERT INTO `wced_head` (entryid, head, normalized_head, type, pos) VALUES (5120, "galinggáling", "galinggaling", "s", "v");
INSERT INTO `wced_entry` VALUES (5121, "galing2", "251", "<entry page=""251"" id=""5121""><form id=""gaxling2"" lang=""ceb"">gáling<sub>2</sub></form>
<hom>
<sense n=""0""><trans> <xr lang=""ceb"" target=""#ugaxling"">= <sc>ugáling</sc>.</xr>
</trans>
</sense></hom></entry>");
INSERT INTO `wced_head` (entryid, head, normalized_head, type, pos) VALUES (5121, "gáling", "galing", "s", "");
INSERT INTO `wced_entry` VALUES (5122, "galiriya", "251", "<entry page=""251"" id=""5122""><form id=""galirixya"" lang=""ceb"">galiríya</form>
<hom role=""n""><pos>n</pos>
<sense n=""0""><trans> gallery, place for the general public.
</trans>
</sense></hom></entry>");
INSERT INTO `wced_head` (entryid, head, normalized_head, type, pos) VALUES (5122, "galiríya", "galiriya", "m", "n");
INSERT INTO `wced_entry` VALUES (5123, "galmu", "251", "<entry page=""251"" id=""5123""><form id=""galmuq"" lang=""ceb"">galmù</form>
<hom role=""a""><pos>a</pos>
<sense n=""0""><trans> for food to be spoiled or damaged from too much touching. </trans>
<eg><i lang=""ceb"">Galmù na ang sud-an nga gipunáyag híkap,</i><trans> The dish has become spoiled because they kept touching it. </trans></eg>
</sense></hom>
<hom role=""v""><pos>v</pos>
<sense n=""0""> <itype>[B12; a2]</itype><trans> become spoiled or damaged by too much touching.
</trans>
</sense></hom></entry>");
INSERT INTO `wced_head` (entryid, head, normalized_head, type, pos) VALUES (5123, "galmù", "galmu", "m", "av");
INSERT INTO `wced_entry` VALUES (5124, "galu1", "251", "<entry page=""251"" id=""5124""><form id=""galuq"" lang=""ceb"">galù<sub>1</sub></form>
<hom role=""a""><pos>a</pos>
<sense n=""0""><trans> <tr>fool</tr>, <tr>simpleton</tr>. </trans>
<eg><i lang=""ceb"">Galù ka giyud kun mutúman ka sa íyang dautang tambag,</i><trans> You are a fool if you follow his bad advice. </trans></eg>
</sense></hom>
<hom role=""v""><pos>v</pos>
<sense n=""0""> <itype>[A; b5]</itype><trans> <tr>fool</tr>, <tr>bluff</tr> s.o. </trans>
</sense></hom>
<entry><form id=""galuqgaxluq"" lang=""ceb"">galùgálù</form>
<hom role=""v""><pos>v</pos>
<sense n=""0""> <itype>[A; a2]</itype><trans> <tr>tease</tr>, make fun of. </trans>
<eg><i lang=""ceb"">Ayaw galùgalúa ang bungì,</i><trans> Do not make fun of the harelip.
</trans></eg>
</sense></hom></entry></entry>");
INSERT INTO `wced_head` (entryid, head, normalized_head, type, pos) VALUES (5124, "galù", "galu", "s", "av");
INSERT INTO `wced_head` (entryid, head, normalized_head, type, pos) VALUES (5124, "galùgálù", "galugalu", "s", "v");
INSERT INTO `wced_translation` (entryid, translation) VALUES (5124, "fool");
INSERT INTO `wced_translation` (entryid, translation) VALUES (5124, "simpleton");
INSERT INTO `wced_translation` (entryid, translation) VALUES (5124, "bluff");
INSERT INTO `wced_translation` (entryid, translation) VALUES (5124, "tease");
INSERT INTO `wced_entry` VALUES (5125, "galu2", "251", "<entry page=""251"" id=""5125""><form id=""galuq2"" lang=""ceb"">galù<sub>2</sub></form>
<hom role=""v""><pos>v</pos>
<sense n=""0""> <itype>[A; a1]</itype><trans> shake, rock back and forth. </trans>
<eg><i lang=""ceb"">Kinsay mugalù sa láta sa dáyis?</i><trans> Who will shake the can with the dice in it? </trans></eg>
</sense></hom>
<entry><form id=""galuqgaxluq"" lang=""ceb"">galùgálù</form>
<hom role=""v""><pos>v</pos>
<sense n=""0""> <itype>[A; a]</itype><trans> work s.t. back and forth, shake back and forth. </trans>
<eg><i lang=""ceb"">Galùgalúa nang bugsuk arun masayung ibtun,</i><trans> Work the stake back and forth so it will be easy to pull it out.
</trans></eg>
</sense></hom></entry></entry>");
INSERT INTO `wced_head` (entryid, head, normalized_head, type, pos) VALUES (5125, "galù", "galu", "s", "v");
INSERT INTO `wced_head` (entryid, head, normalized_head, type, pos) VALUES (5125, "galùgálù", "galugalu", "s", "v");
INSERT INTO `wced_entry` VALUES (5126, "galun1", "251", "<entry page=""251"" id=""5126""><form id=""galun"" lang=""ceb"">galun<sub>1</sub></form>
<hom>
<sense n=""0""><trans> (not without <ix>l</ix>) </trans>
</sense></hom>
<hom role=""n""><pos>n</pos>
<sense n=""1""><number>1</number><trans> <tr>gallon</tr> capacity. </trans>
</sense>
<sense n=""2""><number>2</number><trans> gallon container. </trans>
</sense></hom>
<hom role=""v""><pos>v</pos>
<sense n=""1""><number>1</number> <itype>[B26]</itype><trans> be one <tr>gallon</tr>. </trans>
<eg><i lang=""ceb"">Hápit mugalun ang tubà,</i><trans> There is almost a <pb n=""252""/>gallon of toddy. </trans></eg>
</sense>
<sense n=""2""><number>2</number> <itype>[c1]</itype><trans> measure out by the gallon. </trans>
</sense></hom>
<entry><form id=""galuxnan"" lang=""ceb""><abbr expan=""galúnan"">-an(←)</abbr></form>
<hom role=""n""><pos>n</pos>
<sense n=""0""><trans> gallon container.
</trans>
</sense></hom></entry></entry>");
INSERT INTO `wced_head` (entryid, head, normalized_head, type, pos) VALUES (5126, "galun", "galun", "s", "nv");
INSERT INTO `wced_head` (entryid, head, normalized_head, type, pos) VALUES (5126, "galúnan", "galunan", "s", "n");
INSERT INTO `wced_translation` (entryid, translation) VALUES (5126, "gallon");
INSERT INTO `wced_entry` VALUES (5127, "galun2", "252", "<entry page=""252"" id=""5127""><form id=""galun2"" lang=""ceb"">galun<sub>2</sub></form>
<hom role=""n""><pos>n</pos>
<sense n=""0""><trans> <tr>epaulet</tr>. </trans>
</sense></hom>
<hom role=""v""><pos>v</pos>
<sense n=""0""> <itype>[A; c]</itype><trans> wear epaulets.
</trans>
</sense></hom></entry>");
INSERT INTO `wced_head` (entryid, head, normalized_head, type, pos) VALUES (5127, "galun", "galun", "s", "nv");
INSERT INTO `wced_translation` (entryid, translation) VALUES (5127, "epaulet");
INSERT INTO `wced_entry` VALUES (5128, "galung", "252", "<entry page=""252"" id=""5128""><form id=""gaxlung"" lang=""ceb"">gálung</form>
<hom role=""v""><pos>v</pos>
<sense n=""0""> <itype>[A; b6(1)]</itype><trans> </trans>
</sense>
<sense n=""1""><number>1</number><trans> attach a rope through the ears or nose of an animal for control. </trans>
</sense>
<sense n=""1a""><number>1a</number><trans> attach a controlling string to the kite. </trans>
</sense>
<sense n=""2""><number>2</number><trans> put a string over the mouth of a vessel as a handle. </trans>
<eg><i lang=""ceb"">Gawngig písì ang balding nawad-an sa kuptanan,</i><trans> Put a rope over the mouth of the pail that lost its handle. </trans></eg>
</sense>
<sense n=""3""><number>3</number> <itype>[A; b6]</itype><trans> keep s.o. in restriction or control. </trans>
<eg><i lang=""ceb"">Gigalúngan ang mga Katuliku sa paggáwì sa pils,</i><trans> The Catholics are restrained from using the pill. </trans></eg>
</sense></hom>
<hom role=""n""><pos>n</pos>
<sense n=""0""><trans> s.t. that controls or restrains s.t., e.g. rope in the ears or noses of animals, string tied to the main spar of a kite.
</trans>
</sense></hom></entry>");
INSERT INTO `wced_head` (entryid, head, normalized_head, type, pos) VALUES (5128, "gálung", "galung", "m", "vn");
INSERT INTO `wced_entry` VALUES (5129, "galusgalus", "252", "<entry page=""252"" id=""5129""><form id=""galusgaxlus"" lang=""ceb"">galusgálus</form>
<hom role=""v""><pos>v</pos>
<sense n=""0""> <itype>[A; a12]</itype><trans> <tr>hug</tr> s.o. playfully. </trans>
<eg><i lang=""ceb"">Galusgalúsa lang ímung asáwag masukù,</i><trans> Just hug your wife playfully if she gets angry.
</trans></eg>
</sense></hom></entry>");
INSERT INTO `wced_head` (entryid, head, normalized_head, type, pos) VALUES (5129, "galusgálus", "galusgalus", "m", "v");
INSERT INTO `wced_translation` (entryid, translation) VALUES (5129, "hug");
INSERT INTO `wced_entry` VALUES (5130, "galut1", "252", "<entry page=""252"" id=""5130""><form id=""galut"" lang=""ceb"">galut<sub>1</sub></form>
<hom role=""a""><pos>a</pos>
<sense n=""0""><trans> <tr>haughty</tr> and giving oneself airs. </trans>
</sense></hom>
<hom role=""v""><pos>v</pos>
<sense n=""0""> <itype>[B12; ab6]</itype><trans> <tr>haughty</tr>. </trans>
<eg><i lang=""ceb"">Gigalutan kaáyu aku níya kay dílì na siya muípun nátù,</i><trans> I think she’s haughty because she avoids our company.
</trans></eg>
</sense></hom></entry>");
INSERT INTO `wced_head` (entryid, head, normalized_head, type, pos) VALUES (5130, "galut", "galut", "s", "av");
INSERT INTO `wced_translation` (entryid, translation) VALUES (5130, "haughty");
INSERT INTO `wced_entry` VALUES (5131, "galut2", "252", "<entry page=""252"" id=""5131""><form id=""galut2"" lang=""ceb"">galut<sub>2</sub></form>
<hom role=""n""><pos>n</pos>
<sense n=""0""><trans> k.o. grouper (<ix>pugápu</ix>): name given to species that are small.
</trans>
</sense></hom></entry>");
INSERT INTO `wced_head` (entryid, head, normalized_head, type, pos) VALUES (5131, "galut", "galut", "s", "n");
INSERT INTO `wced_entry` VALUES (5132, "galyira, galyirahan", "252", "<entry page=""252"" id=""5132""><form id=""galyixra_galyirahan"" lang=""ceb"">galyíra, galyirahan</form>
<hom role=""n""><pos>n</pos>
<sense n=""0""><trans> <tr>cockpit</tr>, enclosed space for cockfighting.
</trans>
</sense></hom></entry>");
INSERT INTO `wced_head` (entryid, head, normalized_head, type, pos) VALUES (5132, "galyíra", "galyira", "s", "n");
INSERT INTO `wced_head` (entryid, head, normalized_head, type, pos) VALUES (5132, "galyirahan", "galyirahan", "s", "n");
INSERT INTO `wced_translation` (entryid, translation) VALUES (5132, "cockpit");
INSERT INTO `wced_entry` VALUES (5133, "galyita, galyitas", "252", "<entry page=""252"" id=""5133""><form id=""galyixta_galyixtas"" lang=""ceb"">galyíta, galyítas</form>
<hom role=""n""><pos>n</pos>
<sense n=""0""><trans> k.o. dry and crisp cracker.
</trans>
</sense></hom></entry>");
INSERT INTO `wced_head` (entryid, head, normalized_head, type, pos) VALUES (5133, "galyíta", "galyita", "s", "n");
INSERT INTO `wced_head` (entryid, head, normalized_head, type, pos) VALUES (5133, "galyítas", "galyitas", "s", "n");
INSERT INTO `wced_entry` VALUES (5134, "galyu", "252", "<entry page=""252"" id=""5134""><form id=""galyu"" lang=""ceb"">galyu</form>
<hom>
<sense n=""0""><trans> <xr lang=""ceb"" target=""#mixsa""><ix>see</ix> <sc>mísa<sub>1</sub></sc>.</xr>
</trans>
</sense></hom></entry>");
INSERT INTO `wced_head` (entryid, head, normalized_head, type, pos) VALUES (5134, "galyu", "galyu", "m", "");
INSERT INTO `wced_entry` VALUES (5135, "*gam", "252", "<entry page=""252"" id=""5135""><form id=""xxgam"" lang=""ceb"">*gam</form>
<entry><form id=""babul_gam"" lang=""ceb"">babul <abbr expan=""gam"">—</abbr></form>
<hom>
<sense n=""0""><trans> <xr lang=""ceb"" target=""#baxbul_gam""><ix>see</ix> <sc>bábul gam</sc>.</xr> </trans>
</sense></hom></entry>
<entry><form id=""tsuxwing_gam"" lang=""ceb"">tsúwing <abbr expan=""gam"">—</abbr></form>
<hom>
<sense n=""0""><trans> <xr lang=""ceb"" target=""#suxwing_gam"">= <sc>súwing gam</sc>.</xr>
</trans>
</sense></hom></entry></entry>");
INSERT INTO `wced_head` (entryid, head, normalized_head, type, pos) VALUES (5135, "gam", "gam", "s", "");
INSERT INTO `wced_head` (entryid, head, normalized_head, type, pos) VALUES (5135, "babul gam", "babul gam", "s", "");
INSERT INTO `wced_head` (entryid, head, normalized_head, type, pos) VALUES (5135, "tsúwing gam", "tsuwing gam", "s", "");
INSERT INTO `wced_entry` VALUES (5136, "gam", "252", "<entry page=""252"" id=""5136""><form id=""gaxm"" lang=""ceb"">gám</form>
<hom>
<sense n=""0""><trans> <xr lang=""ceb"" target=""#galam"">= <sc>galam</sc>.</xr>
</trans>
</sense></hom></entry>");
INSERT INTO `wced_head` (entryid, head, normalized_head, type, pos) VALUES (5136, "gám", "gam", "m", "");
INSERT INTO `wced_entry` VALUES (5137, "gama", "252", "<entry page=""252"" id=""5137""><form id=""gamaq"" lang=""ceb"">gamà</form>
<hom role=""v""><pos>v</pos>
<sense n=""1""><number>1</number> <itype>[A; a]</itype><trans> <tr>manufacture</tr>, <tr>make into</tr>. </trans>
<eg><i lang=""ceb"">Gam-un ku ning kawáyan ug (nga) mga lingkuránan,</i><trans> I will make this bamboo into seats. </trans></eg>
</sense>
<sense n=""2""><number>2</number><trans> make into s.t. </trans>
<eg><i lang=""ceb"">Gigamà ku níyang (ug) suluguun,</i><trans> She turned me into her servant. </trans></eg>
</sense></hom>
<hom role=""n""><pos>n</pos>
<sense n=""1""><number>1</number><trans> thing produced. </trans>
<eg><i lang=""ceb"">Gamà ni sa Inglatíra,</i><trans> This was made in England. </trans></eg>
</sense>
<sense n=""1a""><number>1a</number><trans> thing made or created. </trans>
<eg><i lang=""ceb"">Kining mga urug lumalábay kay kini gamà lang sa táwu,</i><trans> These fads are just transitory because they are purely s.o.’s creation. </trans></eg>
</sense>
<sense n=""2""><number>2</number><trans> <tr>result of</tr>. </trans>
<eg><i lang=""ceb"">Gamà ni sa ímung pagsuruysúruy,</i><trans> This is the result of your roaming about. </trans></eg>
</sense></hom>
<entry><form id=""galam-un_gam-unun"" lang=""ceb"">galam-un, gam-unun</form>
<hom role=""n""><pos>n</pos>
<sense n=""1""><number>1</number><trans> <tr>materials</tr>. </trans>
</sense>
<sense n=""2""><number>2</number><trans> things to make. </trans>
</sense></hom></entry>
<entry><form id=""galam-an_gam-anan"" lang=""ceb"">galam-an, gam-anan</form>
<hom role=""n""><pos>n</pos>
<sense n=""0""><trans> <tr>factory</tr>. </trans>
</sense></hom></entry>
<entry><form id=""taggamaq_tiggamaq"" lang=""ceb""><abbr expan=""taggamà"">tag-</abbr>, <abbr expan=""tiggamà"">tig-</abbr></form>
<hom role=""n""><pos>n</pos>
<sense n=""0""><trans> <tr>manufacturer</tr>.
</trans>
</sense></hom></entry></entry>");
INSERT INTO `wced_head` (entryid, head, normalized_head, type, pos) VALUES (5137, "gamà", "gama", "m", "vn");
INSERT INTO `wced_head` (entryid, head, normalized_head, type, pos) VALUES (5137, "galam-un", "galam-un", "s", "n");
INSERT INTO `wced_head` (entryid, head, normalized_head, type, pos) VALUES (5137, "gam-unun", "gam-unun", "s", "n");
INSERT INTO `wced_head` (entryid, head, normalized_head, type, pos) VALUES (5137, "galam-an", "galam-an", "s", "n");
INSERT INTO `wced_head` (entryid, head, normalized_head, type, pos) VALUES (5137, "gam-anan", "gam-anan", "s", "n");
INSERT INTO `wced_head` (entryid, head, normalized_head, type, pos) VALUES (5137, "taggamà", "taggama", "s", "n");
INSERT INTO `wced_head` (entryid, head, normalized_head, type, pos) VALUES (5137, "tiggamà", "tiggama", "s", "n");
INSERT INTO `wced_translation` (entryid, translation) VALUES (5137, "manufacture");
INSERT INTO `wced_translation` (entryid, translation) VALUES (5137, "make into");
INSERT INTO `wced_translation` (entryid, translation) VALUES (5137, "result of");
INSERT INTO `wced_translation` (entryid, translation) VALUES (5137, "materials");
INSERT INTO `wced_translation` (entryid, translation) VALUES (5137, "factory");
INSERT INTO `wced_translation` (entryid, translation) VALUES (5137, "manufacturer");
INSERT INTO `wced_entry` VALUES (5138, "gama", "252", "<entry page=""252"" id=""5138""><form id=""gaxmaq"" lang=""ceb"">gámà</form>
<hom role=""v""><pos>v</pos>
<sense n=""0""> <itype>[A; b(1)]</itype><trans> go s.w. secretly, without being detected. </trans>
<eg><i lang=""ceb"">Akuy mugámà sa kampu kung wà bay gwardiya,</i><trans> I’ll try to sneak into the camp to see whether there is a guard.
</trans></eg>
</sense></hom></entry>");
INSERT INTO `wced_head` (entryid, head, normalized_head, type, pos) VALUES (5138, "gámà", "gama", "m", "v");
INSERT INTO `wced_entry` VALUES (5139, "gamat", "252", "<entry page=""252"" id=""5139""><form id=""gaxmat"" lang=""ceb"">gámat</form>
<hom role=""v""><pos>v</pos>
<sense n=""0""> <itype>[A; b5]</itype><trans> tie s.t. which contains s.t. in such a way as to keep the contents from coming out. </trans>
<eg><i lang=""ceb"">Ang naggámat niíning kartúna nanigúru giyud nga way mawálà,</i><trans> Whoever tied this box up made sure that nothing would be lost. </trans></eg>
</sense></hom>
<hom role=""n""><pos>n</pos>
<sense n=""0""><trans> knot made to prevent s.t. from coming out of a container.
</trans>
</sense></hom></entry>");
INSERT INTO `wced_head` (entryid, head, normalized_head, type, pos) VALUES (5139, "gámat", "gamat", "m", "vn");
INSERT INTO `wced_entry` VALUES (5140, "gamating", "252", "<entry page=""252"" id=""5140""><form id=""gamaxting"" lang=""ceb"">gamáting</form>
<hom role=""a""><pos>a</pos>
<sense n=""0""><trans> very teensy, weensy in size or amount (smaller than <ix>gamátuy</ix>). </trans>
</sense></hom>
<entry><form id=""gagmaxting"" lang=""ceb""><abbr expan=""gagmáting"">-g-</abbr></form>
<hom>
<sense n=""0""><trans> teeny (plural).
</trans>
</sense></hom></entry></entry>");
INSERT INTO `wced_head` (entryid, head, normalized_head, type, pos) VALUES (5140, "gamáting", "gamating", "m", "a");
INSERT INTO `wced_head` (entryid, head, normalized_head, type, pos) VALUES (5140, "gagmáting", "gagmating", "s", "");
INSERT INTO `wced_entry` VALUES (5141, "gamatuy", "252", "<entry page=""252"" id=""5141""><form id=""gamaxtuy"" lang=""ceb"">gamátuy</form>
<hom role=""a""><pos>a</pos>
<sense n=""0""><trans> <tr>tiny</tr> in size or amount (smaller than <ix>gamay</ix>). </trans>
</sense></hom>
<entry><form id=""gagmaxtuy"" lang=""ceb""><abbr expan=""gagmátuy"">-g-</abbr></form>
<hom>
<sense n=""0""><trans> tiny (plural).
</trans>
</sense></hom></entry></entry>");
INSERT INTO `wced_head` (entryid, head, normalized_head, type, pos) VALUES (5141, "gamátuy", "gamatuy", "m", "a");
INSERT INTO `wced_head` (entryid, head, normalized_head, type, pos) VALUES (5141, "gagmátuy", "gagmatuy", "s", "");
INSERT INTO `wced_translation` (entryid, translation) VALUES (5141, "tiny");
INSERT INTO `wced_entry` VALUES (5142, "gamaw", "252", "<entry page=""252"" id=""5142""><form id=""gaxmaw"" lang=""ceb"">gámaw</form>
<hom role=""v""><pos>v</pos>
<sense n=""0""> <itype>[A2; b6]</itype><trans> </trans>
</sense>
<sense n=""1""><number>1</number><trans> come to the surface. </trans>
<eg><i lang=""ceb"">Ug mugámaw ang isdà,</i><trans> If the fish comes to the surface. </trans></eg>
</sense>
<sense n=""2""><number>2</number><trans> come out partly from behind. </trans>
<eg><i lang=""ceb"">Migámaw ang íyang nawung sa pulta,</i><trans> His face showed from behind the door. </trans></eg>
</sense></hom>
<hom role=""n""><pos>n</pos>
<sense n=""0""><trans> part of s.t. exposed on the surface or from behind s.t. </trans>
<eg><i lang=""ceb"">Nagkadakù ang gámaw sa submarínu,</i><trans> More and more of the submarine appeared on the surface.
</trans></eg>
</sense></hom></entry>");
INSERT INTO `wced_head` (entryid, head, normalized_head, type, pos) VALUES (5142, "gámaw", "gamaw", "m", "vn");
INSERT INTO `wced_entry` VALUES (5143, "gamay", "252", "<entry page=""252"" id=""5143""><form id=""gamay"" lang=""ceb"">gamay</form>
<hom role=""a""><pos>a</pos>
<sense n=""1""><number>1</number><trans> small in size, amount, number. </trans>
<eg><i lang=""ceb"">Ngánung gamay ka mang pagkatáwu?</i><trans> Why are you a small person? </trans></eg>
</sense>
<sense n=""2""><number>2</number><trans> young person. </trans>
<eg><i lang=""ceb"">Gamay ka pang mag-apil-apil sa isturyang law-ay,</i><trans> You’re too young to listen to lewd stories. </trans></eg>
</sense>
<sense n=""3""><number>3</number><trans> one’s small child. </trans>
<eg><i lang=""ceb"">Wà pa manghúri ang ámung gamay,</i><trans> Our little son hasn’t gotten any younger brothers and sisters yet. </trans></eg>
</sense></hom>
<hom role=""v""><pos>v</pos>
<sense n=""1""><number>1</number> <itype>[B2S]</itype><trans> be, become small, few. </trans>
<eg><i lang=""ceb"">Migamay (nagamay) siya human masakit,</i><trans> He became thin after his illness. </trans></eg>
<eg><i lang=""ceb"">Nagkagamay ang klinti sa tikasan nga abugádu,</i><trans> The clients of the crooked lawyer are dwindling. </trans></eg>
</sense>
<sense n=""2""><number>2</number> <itype>[A; b(1)]</itype><trans> make s.t. small. </trans>
<eg><i lang=""ceb"">Ang sastri mauy migamay sa ákung sinínà,</i><trans> The dressmaker reduced the size of my dress. </trans></eg>
<eg><i lang=""ceb"">Gamyi ang síga sa sugà,</i><trans> Turn the lamp down. </trans></eg>
</sense>
<sense n=""3""><number>3</number> <itype>[a12]</itype><trans> do s.t. in a small way. </trans>
<eg><i lang=""ceb"">Gamaya rag pangáyù,</i><trans> Ask for only a small amount. </trans></eg>
</sense></hom>
<entry><form id=""gaxmay"" lang=""ceb""><abbr expan=""gámay"">(←)</abbr></form>
<hom role=""v""><pos>v</pos>
<sense n=""1""><number>1</number> <itype>[B23]</itype><trans> be in the process of becoming small. </trans>
<eg><i lang=""ceb"">Migámay (nagámay) ang balun nga gihibúsan,</i><trans> The balloon got small when air was let out of it. </trans></eg>
</sense>
<sense n=""2""><number>2</number> <itype>[B26; b6]</itype><trans> feel comparatively unworthy or small, consider s.o. as such. </trans>
<eg><i lang=""ceb"">Migámay (nagámay) aku atubángan sa rayna,</i><trans> I felt very small before the queen. </trans></eg>
<eg><i lang=""ceb"">Gigamyan siya nímu,</i><trans> He considers you small fry. </trans></eg>
</sense></hom></entry>
<entry><form id=""ginamay"" lang=""ceb""><abbr expan=""ginamay"">-in-</abbr></form>
<hom role=""n""><pos>n</pos>
<sense n=""0""><trans> k.o. dish containing chopped meat with various vegetables. </trans>
</sense></hom></entry>
<entry><form id=""gamaygamay"" lang=""ceb"">gamaygamay</form>
<hom role=""v""><pos>v</pos>
<sense n=""0""> <itype>[A; a2]</itype><trans> reduce s.t. into small pieces. </trans>
</sense></hom></entry>
<entry><form id=""gagmay"" lang=""ceb""><abbr expan=""gagmay"">-g-</abbr></form>
<hom>
<sense n=""0""><trans> small (plural). </trans>
</sense></hom></entry>
<entry><form id=""ginagmay"" lang=""ceb""><abbr expan=""ginagmay"">-in-g-</abbr></form>
<hom role=""a""><pos>a</pos>
<sense n=""0""><trans> little by little. </trans>
<eg><i lang=""ceb"">Iginagmay (ginagmaya) ug hátag,</i><trans> Give it out, a little at a time. </trans></eg>
</sense></hom></entry>
<entry><form id=""taggamay_ginagmay"" lang=""ceb""><abbr expan=""taggamay"">tag-</abbr>, <abbr expan=""ginagmay"">-in-g-</abbr></form>
<hom role=""a""><pos>a</pos>
<sense n=""0""><trans> little each time. </trans>
</sense></hom></entry>
<entry><form id=""gamayun"" lang=""ceb""><abbr expan=""gamayun"">-un</abbr></form>
<hom role=""a""><pos>a</pos>
<sense n=""0""><trans> of a small type. </trans>
</sense></hom></entry>
<entry><form id=""gamayut_gamaxyut"" lang=""ceb""><abbr expan=""gamayut"">-ut</abbr>, <abbr expan=""gamáyut"">-ut(←)</abbr></form>
<hom>
<sense n=""0""><trans> small and thin. </trans>
<eg><i lang=""ceb"">Dáan nà siyang gamayut,</i><trans> He is born very small. </trans></eg>
</sense></hom>
<hom role=""v""><pos>v</pos>
<sense n=""0""> <itype>[B2; b6]</itype><trans> become small, thin. </trans>
<eg><i lang=""ceb"">Migamayut (nagamayut) ang íyang nawung sa pagkasakit níya,</i><trans> Her face became small and thin after her sickness. </trans></eg>
</sense></hom></entry>
<entry><form id=""gamayutun"" lang=""ceb""><abbr expan=""gamayutun"">-utun</abbr></form>
<hom role=""a""><pos>a</pos>
<sense n=""0""><trans> of a small type.
</trans>
</sense></hom></entry></entry>");
INSERT INTO `wced_head` (entryid, head, normalized_head, type, pos) VALUES (5143, "gamay", "gamay", "m", "av");
INSERT INTO `wced_head` (entryid, head, normalized_head, type, pos) VALUES (5143, "gámay", "gamay", "s", "v");
INSERT INTO `wced_head` (entryid, head, normalized_head, type, pos) VALUES (5143, "ginamay", "ginamay", "s", "n");
INSERT INTO `wced_head` (entryid, head, normalized_head, type, pos) VALUES (5143, "gamaygamay", "gamaygamay", "s", "v");
INSERT INTO `wced_head` (entryid, head, normalized_head, type, pos) VALUES (5143, "gagmay", "gagmay", "s", "");
INSERT INTO `wced_head` (entryid, head, normalized_head, type, pos) VALUES (5143, "ginagmay", "ginagmay", "s", "a");
INSERT INTO `wced_head` (entryid, head, normalized_head, type, pos) VALUES (5143, "taggamay", "taggamay", "s", "a");
INSERT INTO `wced_head` (entryid, head, normalized_head, type, pos) VALUES (5143, "gamayun", "gamayun", "s", "a");
INSERT INTO `wced_head` (entryid, head, normalized_head, type, pos) VALUES (5143, "gamayut", "gamayut", "s", "v");
INSERT INTO `wced_head` (entryid, head, normalized_head, type, pos) VALUES (5143, "gamáyut", "gamayut", "s", "v");
INSERT INTO `wced_head` (entryid, head, normalized_head, type, pos) VALUES (5143, "gamayutun", "gamayutun", "s", "a");
INSERT INTO `wced_entry` VALUES (5144, "gambalay", "252", "<entry page=""252"" id=""5144""><form id=""gambaxlay"" lang=""ceb"">gambálay</form>
<hom role=""v""><pos>v</pos>
<sense n=""0""> <itype>[A; a12]</itype><trans> </trans>
</sense>
<sense n=""1""><number>1</number><trans> compose s.t. poetic. </trans>
<eg><i lang=""ceb"">Naggambálay siyag matam-is nga mga púlung nga ighuhunghung ngadtu níya,</i><trans> He composed sweet words to whisper to her. </trans></eg>
</sense>
<sense n=""2""><number>2</number><trans> <pb n=""253""/><xr lang=""ceb"" target=""#baxlay"">= <sc>bálay</sc>.</xr> <xr lang=""ceb"" target=""#balay""><ix>see</ix> <sc>balay</sc>.</xr>
</trans>
</sense></hom></entry>");
INSERT INTO `wced_head` (entryid, head, normalized_head, type, pos) VALUES (5144, "gambálay", "gambalay", "m", "v");
INSERT INTO `wced_entry` VALUES (5145, "gambat", "253", "<entry page=""253"" id=""5145""><form id=""gambat"" lang=""ceb"">gambat</form>
<hom role=""v""><pos>v</pos>
<sense n=""0""> <itype>[A; a]</itype><trans> make s.t. into a network. </trans>
<eg><i lang=""ceb"">Naggambat si Tátay sa íyang palàpálà,</i><trans> Father is making a frame of latticework to port his climbing plant. </trans></eg>
<eg><i lang=""ceb"">Gigambat nákù pagsursi ang midyas,</i><trans> I fixed the socks by darning them.
</trans></eg>
</sense></hom></entry>");
INSERT INTO `wced_head` (entryid, head, normalized_head, type, pos) VALUES (5145, "gambat", "gambat", "m", "v");
INSERT INTO `wced_entry` VALUES (5146, "gaming", "253", "<entry page=""253"" id=""5146""><form id=""gaming"" lang=""ceb"">gaming</form>
<hom role=""a""><pos>a</pos>
<sense n=""0""><trans> very small in size or amount. </trans>
</sense></hom>
<entry><form id=""gagming"" lang=""ceb""><abbr expan=""gagming"">-g-</abbr></form>
<hom>
<sense n=""0""><trans> small (plural). </trans>
</sense></hom></entry>
<entry><form id=""gamixng"" lang=""ceb"">gamíng</form>
<hom>
<sense n=""0""><trans> very small.
</trans>
</sense></hom></entry></entry>");
INSERT INTO `wced_head` (entryid, head, normalized_head, type, pos) VALUES (5146, "gaming", "gaming", "m", "a");
INSERT INTO `wced_head` (entryid, head, normalized_head, type, pos) VALUES (5146, "gagming", "gagming", "s", "");
INSERT INTO `wced_head` (entryid, head, normalized_head, type, pos) VALUES (5146, "gamíng", "gaming", "s", "");
INSERT INTO `wced_entry` VALUES (5147, "gaminggaming", "253", "<entry page=""253"" id=""5147""><form id=""gaminggaming"" lang=""ceb"">gaminggaming</form>
<hom role=""n""><pos>n</pos>
<sense n=""0""><trans> k.o. small, inedible, black fish which exudes poison from its thorns.
</trans>
</sense></hom></entry>");
INSERT INTO `wced_head` (entryid, head, normalized_head, type, pos) VALUES (5147, "gaminggaming", "gaminggaming", "m", "n");
INSERT INTO `wced_entry` VALUES (5148, "gamit", "253", "<entry page=""253"" id=""5148""><form id=""gaxmit"" lang=""ceb"">gámit</form>
<hom role=""v""><pos>v</pos>
<sense n=""1""><number>1</number> <itype>[A; a]</itype><trans> use s.t. </trans>
<eg><i lang=""ceb"">Migámit siyag pilduras arun dílì manganak,</i><trans> She used pills to prevent pregnancy. </trans></eg>
<eg><i lang=""ceb"">Gamítun ku ang kutsi,</i><trans> I will use the car. </trans></eg>
</sense>
<sense n=""2""><number>2</number> <itype>[A; a12]</itype><trans> use a woman for sexual pleasure. </trans>
<eg><i lang=""ceb"">Kay nagámit na, dì na dunsilya,</i><trans> Because s.o. has used her, she is no longer a virgin. </trans></eg>
</sense>
<sense n=""3""><number>3</number> <itype>[A2; a]</itype><trans> borrow money. </trans>
<eg><i lang=""ceb"">Mugámit ku nímug singku písus,</i><trans> Will you lend me five pesos? </trans></eg>
</sense></hom>
<entry><form id=""gamit"" lang=""ceb""><abbr expan=""gamit"">(→)</abbr></form>
<hom role=""n""><pos>n</pos>
<sense n=""1""><number>1</number><trans> <tr>implement</tr>, <tr>instrument</tr>. </trans>
<eg><i lang=""ceb"">Gamit sa pangisdà,</i><trans> Fishing equipment. </trans></eg>
</sense>
<sense n=""2""><number>2</number><trans> personal effects such as clothes, toilet articles, furniture, and the like. </trans>
</sense></hom></entry>
<entry><form id=""ginaxmit"" lang=""ceb""><abbr expan=""ginámit"">-in-</abbr></form>
<hom>
<sense n=""0""><trans> thing used. </trans>
<eg><i lang=""ceb"">Ginámit ang tanang kusug, gihampak níya ang kaáway,</i><trans> Using all his strength, he struck the enemy. </trans></eg>
</sense></hom></entry>
<entry><form id=""gaxmitanan"" lang=""ceb""><abbr expan=""gámitanan"">-anan</abbr></form>
<hom role=""n""><pos>n</pos>
<sense n=""0""><trans> red-light district, bawdy house. </trans>
</sense></hom></entry>
<entry><form id=""kagaxmitan"" lang=""ceb""><abbr expan=""kagámitan"">ka-an</abbr></form>
<hom role=""n""><pos>n</pos>
<sense n=""1""><number>1</number><trans> the use to which a thing is put. </trans>
<eg><i lang=""ceb"">Unsa may kagamítan sa mata?</i><trans> Of what use are the eyes? </trans></eg>
</sense>
<sense n=""2""><number>2</number><trans> personal effects. </trans>
<eg><i lang=""ceb"">Klasiklási ang pahumut sa íyang kagamítan,</i><trans> She has many k.o. perfume in her personal effects. </trans></eg>
</sense>
<sense n=""3""><number>3</number> <form id=""gaxmit_sa_balay"" lang=""ceb""><abbr expan=""gámit"">—</abbr> sa balay</form><trans> household furniture. </trans>
</sense></hom></entry>
<entry><form id=""galamitun_ginamitun"" lang=""ceb""><abbr expan=""galamitun"">-l-un(→)</abbr>, <abbr expan=""ginamitun"">-in-un(→)</abbr></form>
<hom>
<sense n=""0""><trans> utensils, equipment. </trans>
<eg><i lang=""ceb"">Galamitun (ginamitun) sa panday,</i><trans> Carpenter’s tools.
</trans></eg>
</sense></hom></entry></entry>");
INSERT INTO `wced_head` (entryid, head, normalized_head, type, pos) VALUES (5148, "gámit", "gamit", "m", "v");
INSERT INTO `wced_head` (entryid, head, normalized_head, type, pos) VALUES (5148, "gamit", "gamit", "s", "n");
INSERT INTO `wced_head` (entryid, head, normalized_head, type, pos) VALUES (5148, "ginámit", "ginamit", "s", "");
INSERT INTO `wced_head` (entryid, head, normalized_head, type, pos) VALUES (5148, "gámitanan", "gamitanan", "s", "n");
INSERT INTO `wced_head` (entryid, head, normalized_head, type, pos) VALUES (5148, "kagámitan", "kagamitan", "s", "n");
INSERT INTO `wced_head` (entryid, head, normalized_head, type, pos) VALUES (5148, "gámit sa balay", "gamit sa balay", "s", "");
INSERT INTO `wced_head` (entryid, head, normalized_head, type, pos) VALUES (5148, "galamitun", "galamitun", "s", "");
INSERT INTO `wced_head` (entryid, head, normalized_head, type, pos) VALUES (5148, "ginamitun", "ginamitun", "s", "");
INSERT INTO `wced_translation` (entryid, translation) VALUES (5148, "implement");
INSERT INTO `wced_translation` (entryid, translation) VALUES (5148, "instrument");
INSERT INTO `wced_entry` VALUES (5149, "gamiting", "253", "<entry page=""253"" id=""5149""><form id=""gamixting"" lang=""ceb"">gamíting</form>
<hom role=""a""><pos>a</pos>
<sense n=""0""><trans> very, very tiny. </trans>
<eg><i lang=""ceb"">Gamíting kaáyu ang bátà nga bag-ung natáwu,</i><trans> The newly-born infant is very, very tiny.
</trans></eg>
</sense></hom></entry>");
INSERT INTO `wced_head` (entryid, head, normalized_head, type, pos) VALUES (5149, "gamíting", "gamiting", "m", "a");
INSERT INTO `wced_entry` VALUES (5150, "gamituy", "253", "<entry page=""253"" id=""5150""><form id=""gamixtuy"" lang=""ceb"">gamítuy</form>
<hom>
<sense n=""0""><trans> <xr lang=""ceb"" target=""#gamaxtuy"">= <sc>gamátuy</sc>.</xr>
</trans>
</sense></hom></entry>");
INSERT INTO `wced_head` (entryid, head, normalized_head, type, pos) VALUES (5150, "gamítuy", "gamituy", "m", "");
INSERT INTO `wced_entry` VALUES (5151, "gamlu", "253", "<entry page=""253"" id=""5151""><form id=""gamluq"" lang=""ceb"">gamlù</form>
<hom>
<sense n=""0""><trans> <xr lang=""ceb"" target=""#gam-ul"">= <sc>gam-ul</sc>.</xr>
</trans>
</sense></hom></entry>");
INSERT INTO `wced_head` (entryid, head, normalized_head, type, pos) VALUES (5151, "gamlù", "gamlu", "m", "");
INSERT INTO `wced_entry` VALUES (5152, "gamu", "253", "<entry page=""253"" id=""5152""><form id=""gamu"" lang=""ceb"">gamu</form>
<hom role=""a""><pos>a</pos>
<sense n=""1""><number>1</number><trans> <tr>fussy</tr>, for small children to be annoying because of ill temper. </trans>
<eg><i lang=""ceb"">Gamu kaáyung batáa, muhílak ug ibutang,</i><trans> This child is so fussy. It cries when I put it down. </trans></eg>
</sense>
<sense n=""2""><number>2</number><trans> <tr>tedious</tr>, <tr>cumbersome</tr>. </trans>
<eg><i lang=""ceb"">Tib-a na lag lista kay kun tagsatagsaun, gamu na kaáyu,</i><trans> Put it all under one entry because if you list them one by one, it’s tedious work. </trans></eg>
</sense>
<sense n=""3""><number>3</number> <form id=""way_gamu"" lang=""ceb"">way <abbr expan=""gamu"">—</abbr></form><trans> not hard to please, not fussy. </trans>
<eg><i lang=""ceb"">Way gamu tawhána kay mukáun bisag unsay idúlut,</i><trans> He isn’t hard to please because he is not choosy in his food. </trans></eg>
</sense>
<sense n=""4""><number>4</number><trans> being a hindrance to one’s movements. </trans>
<eg><i lang=""ceb"">Gamu kaáyu ning magdá tag bátà sa byáhi,</i><trans> It’s a lot of trouble to take a child along on a trip. </trans></eg>
</sense></hom>
<hom role=""v""><pos>v</pos>
<sense n=""1""><number>1</number> <itype>[B146]</itype><trans> be fussy. </trans>
<eg><i lang=""ceb"">Naggamu ang bátà kay gibutdan sa tiyan,</i><trans> The baby is restless because it has gas pains. </trans></eg>
</sense>
<sense n=""2""><number>2</number><trans> be filled with anxiety, worry. </trans>
<eg><i lang=""ceb"">Naggamu ang íyang kahiladman tungud sa pagkawálà sa íyang anak,</i><trans> He was very worried about his lost child. </trans></eg>
</sense>
<sense n=""3""><number>3</number> <itype>[b4]</itype><trans> consider s.t. tedious, wearisome. </trans>
</sense>
<sense n=""4""><number>4</number> <itype>[B46]</itype><trans> be a hindrance to one’s movements. </trans>
</sense></hom>
<entry><form id=""kagaxmu"" lang=""ceb""><abbr expan=""kagámu"">ka-(←)</abbr></form>
<hom role=""v""><pos>v</pos>
<sense n=""0""> <itype>[A13]</itype><trans> have difficulty managing to carry things. </trans>
<eg><i lang=""ceb"">Nagkagámu siya sa íyang gipamalit,</i><trans> Her hands are full with the things she had bought.
</trans></eg>
</sense></hom></entry></entry>");
INSERT INTO `wced_head` (entryid, head, normalized_head, type, pos) VALUES (5152, "gamu", "gamu", "m", "av");
INSERT INTO `wced_head` (entryid, head, normalized_head, type, pos) VALUES (5152, "way gamu", "way gamu", "s", "");
INSERT INTO `wced_head` (entryid, head, normalized_head, type, pos) VALUES (5152, "kagámu", "kagamu", "s", "v");
INSERT INTO `wced_translation` (entryid, translation) VALUES (5152, "fussy");
INSERT INTO `wced_translation` (entryid, translation) VALUES (5152, "tedious");
INSERT INTO `wced_translation` (entryid, translation) VALUES (5152, "cumbersome");
INSERT INTO `wced_entry` VALUES (5153, "gamu", "253", "<entry page=""253"" id=""5153""><form id=""gamuq"" lang=""ceb"">gamù</form>
<hom>
<sense n=""0""><trans> <xr lang=""ceb"" target=""#gam-ul"">= <sc>gam-ul</sc>.</xr>
</trans>
</sense></hom></entry>");
INSERT INTO `wced_head` (entryid, head, normalized_head, type, pos) VALUES (5153, "gamù", "gamu", "m", "");
INSERT INTO `wced_entry` VALUES (5154, "gam-ul", "253", "<entry page=""253"" id=""5154""><form id=""gam-ul"" lang=""ceb"">gam-ul</form>
<hom role=""v""><pos>v</pos>
<sense n=""0""> <itype>[A; a]</itype><trans> </trans>
</sense>
<sense n=""1""><number>1</number><trans> mix a small amount of salt with fish to preserve it for a short period of time. </trans>
<eg><i lang=""ceb"">Naggam-ul ku sa bulinaw arun magámit pa ugmà,</i><trans> I am mixing a little salt with the anchovies so we can still use them tomorrow. </trans></eg>
</sense>
<sense n=""2""><number>2</number><trans> touch food and spoil its appearance or make it so it becomes rancid. </trans>
<eg><i lang=""ceb"">Kinsay naggam-ul niíning kík, nga nawad-an sa hitsúra,</i><trans> Who touched this cake; its looks are ruined. </trans></eg>
</sense>
<sense n=""3""><number>3</number> <itype>[B12]</itype><trans> become spoiled. </trans>
</sense></hom>
<hom role=""a""><pos>a</pos>
<sense n=""0""><trans> spoiled food.
</trans>
</sense></hom></entry>");
INSERT INTO `wced_head` (entryid, head, normalized_head, type, pos) VALUES (5154, "gam-ul", "gam-ul", "m", "va");
INSERT INTO `wced_entry` VALUES (5155, "gamus", "253", "<entry page=""253"" id=""5155""><form id=""gamus"" lang=""ceb"">gamus</form>
<hom role=""v""><pos>v</pos>
<sense n=""0""> <itype>[A; a]</itype><trans> preserve with salt without drying, most commonly said of small fish or fry. </trans>
<eg><i lang=""ceb"">Gamusa ang subrang bulinaw,</i><trans> Preserve the extra anchovies with salt. </trans></eg>
</sense></hom>
<entry><form id=""ginamus"" lang=""ceb""><abbr expan=""ginamus"">-in-</abbr></form>
<hom role=""n""><pos>n</pos>
<sense n=""1""><number>1</number><trans> s.t. preserved in salt. </trans>
</sense>
<sense n=""2""><number>2</number><trans> secret or hidden wrongdoings. </trans>
<eg><i lang=""ceb"">Giugkat sa blakmílir ang mga ginamus sa íyang kagahápun,</i><trans> The blackmailer unearthed the putrid secrets of her past. </trans></eg>
</sense></hom></entry>
<entry><form id=""ginamusginaxmus"" lang=""ceb"">ginamusginámus</form>
<hom role=""n""><pos>n</pos>
<sense n=""0""><trans> k.o. tag played by teams whereby the object is to reach a home base, and the team members try to capture each other in so doing. </trans>
</sense></hom>
<hom role=""v""><pos>v</pos>
<sense n=""0""> <itype>[AC; c1]</itype><trans> play this game. </trans>
</sense></hom></entry>
<entry><form id=""gamsanan"" lang=""ceb"">gamsanan</form>
<hom role=""n""><pos>n</pos>
<sense n=""0""><trans> container for preserving fish in salt.
</trans>
</sense></hom></entry></entry>");
INSERT INTO `wced_head` (entryid, head, normalized_head, type, pos) VALUES (5155, "gamus", "gamus", "m", "v");
INSERT INTO `wced_head` (entryid, head, normalized_head, type, pos) VALUES (5155, "ginamus", "ginamus", "s", "n");
INSERT INTO `wced_head` (entryid, head, normalized_head, type, pos) VALUES (5155, "ginamusginámus", "ginamusginamus", "s", "nv");
INSERT INTO `wced_head` (entryid, head, normalized_head, type, pos) VALUES (5155, "gamsanan", "gamsanan", "s", "n");
INSERT INTO `wced_entry` VALUES (5156, "gamusa", "253", "<entry page=""253"" id=""5156""><form id=""gamuxsa"" lang=""ceb"">gamúsa</form>
<hom role=""n""><pos>n</pos>
<sense n=""1""><number>1</number><trans> <tr>suede</tr>. </trans>
</sense>
<sense n=""2""><number>2</number><trans> shoes made of suede. </trans>
</sense></hom>
<hom role=""v""><pos>v</pos>
<sense n=""0""> <itype>[A1]</itype><trans> wear suede shoes.
</trans>
</sense></hom></entry>");
INSERT INTO `wced_head` (entryid, head, normalized_head, type, pos) VALUES (5156, "gamúsa", "gamusa", "m", "nv");
INSERT INTO `wced_translation` (entryid, translation) VALUES (5156, "suede");
INSERT INTO `wced_entry` VALUES (5157, "gamut", "253", "<entry page=""253"" id=""5157""><form id=""gamut"" lang=""ceb"">gamut</form>
<hom role=""n""><pos>n</pos>
<sense n=""0""><trans> root of plants. </trans>
</sense></hom>
<entry><form id=""gamut_dakuq"" lang=""ceb""><abbr expan=""gamut"">—</abbr> dakù</form>
<hom>
<sense n=""0""><trans> primary root. </trans>
</sense>
<sense n=""2""><number>2</number><trans> root cause. </trans>
<eg><i lang=""ceb"">Ang pangabubhu mauy gamut sa ílang pagbulagay,</i><trans> Jealousy is at the root of their separation. </trans></eg>
</sense></hom>
<hom role=""v""><pos>v</pos>
<sense n=""0""> <itype>[BN23; b6]</itype><trans> </trans>
</sense>
<sense n=""1""><number>1</number><trans> for plants to take root. </trans>
<eg><i lang=""ceb"">Migamut (nanggamut) na ang ákung kamúting káhuy,</i><trans> My cassava plant has taken root. </trans></eg>
<eg><i lang=""ceb"">Láwum nag gigamutan ang binhì,</i><trans> The seedlings have taken deep roots. </trans></eg>
</sense>
<sense n=""2""><number>2</number><trans> stay long in a place. </trans>
<eg><i lang=""ceb"">Way manggamut niíning trabahúa,</i><trans> No one lasts long on the job here. </trans></eg>
</sense>
<sense n=""3""><number>3</number><trans> be well-founded, established. </trans>
<eg><i lang=""ceb"">Migamut ang ílang nigusyu kay maáyung pagkadala,</i><trans> Their business took root due to good management. </trans></eg>
</sense></hom></entry>
<entry><form id=""panggamut"" lang=""ceb""><abbr expan=""panggamut"">paN-</abbr></form>
<hom role=""v""><pos>v</pos>
<sense n=""0""> <itype>[A2]</itype><trans> gather roots. </trans>
<eg><i lang=""ceb"">Nakapanggamut na aku pára sa íyang hilánat,</i><trans> I’ve gathered roots for her fever. </trans></eg>
</sense></hom></entry>
<entry><form id=""pagamut"" lang=""ceb""><abbr expan=""pagamut"">pa-</abbr></form>
<hom>
<sense n=""0""> <itype>[A; b(1)]</itype><trans> propagate plants by letting cuttings develop roots. </trans>
<eg><i lang=""ceb"">Pagamti ang rúsas,</i><trans> Take a cutting from the rose bush. </trans></eg>
</sense></hom>
<hom role=""n""><pos>n</pos>
<sense n=""0""><trans> method of propagation with cuttings.
</trans>
</sense></hom></entry></entry>");
INSERT INTO `wced_head` (entryid, head, normalized_head, type, pos) VALUES (5157, "gamut", "gamut", "m", "n");
INSERT INTO `wced_head` (entryid, head, normalized_head, type, pos) VALUES (5157, "gamut dakù", "gamut daku", "s", "v");
INSERT INTO `wced_head` (entryid, head, normalized_head, type, pos) VALUES (5157, "panggamut", "panggamut", "s", "v");
INSERT INTO `wced_head` (entryid, head, normalized_head, type, pos) VALUES (5157, "pagamut", "pagamut", "s", "n");
INSERT INTO `wced_entry` VALUES (5158, "gana", "253", "<entry page=""253"" id=""5158""><form id=""gaxna"" lang=""ceb"">gána</form>
<hom role=""n""><pos>n</pos>
<sense n=""1""><number>1</number><trans> <tr>appetite</tr> for eating. </trans>
<eg><i lang=""ceb"">Kining midisináha makaáyu sa gána,</i><trans> This medicine helps <pb n=""254""/>one’s appetite. </trans></eg>
</sense>
<sense n=""2""><number>2</number><trans> desire, feel like doing s.t. </trans>
<eg><i lang=""ceb"">Wà kuy gánang malígù,</i><trans> I don’t feel like bathing. </trans></eg>
</sense></hom>
<entry><form id=""abrigaxna"" lang=""ceb""><abbr expan=""abrigána"">abri-</abbr></form>
<hom>
<sense n=""0""><trans> appetizer. </trans>
</sense></hom></entry>
<entry><form id=""siragaxna"" lang=""ceb""><abbr expan=""siragána"">sira-</abbr></form>
<hom>
<sense n=""0""><trans> s.t. taken after the meal. </trans>
</sense></hom>
<hom role=""v""><pos>v</pos>
<sense n=""1""><number>1</number> <itype>[B246; b4]</itype><trans> have, help give appetite for eating. </trans>
<eg><i lang=""ceb"">Mugána ang ákung káun ug dúnay ginamus,</i><trans> My appetite is good when we have salted fish. </trans></eg>
</sense>
<sense n=""2""><number>2</number> <itype>[b4]</itype><trans> have desire, find enjoyment. </trans>
<eg><i lang=""ceb"">Giganáhan ku sa salída,</i><trans> I enjoyed the movie. </trans></eg>
<eg><i lang=""ceb"">Ganáhan siyag mangga,</i><trans> He likes mangoes. </trans></eg>
</sense>
<sense n=""3""><number>3</number> <itype>[b(1)]</itype><trans> have a crush on one. </trans>
<eg><i lang=""ceb"">Ganáhan ku ánang Ríki Bilmunti uy,</i><trans> I have a crush on Ricky Belmonte. </trans></eg>
</sense></hom></entry>
<entry><form id=""pagaxna"" lang=""ceb""><abbr expan=""pagána"">pa-</abbr></form>
<hom role=""n""><pos>n</pos>
<sense n=""1""><number>1</number><trans> <tr>appetizer</tr>. </trans>
</sense>
<sense n=""2""><number>2</number><trans> <tr>aphrodisiac</tr>. </trans>
<eg><i lang=""ceb"">Gúlang na ang bána, nagkinahanglag pagána,</i><trans> The husband is already old; he needs an aphrodisiac. </trans></eg>
</sense></hom></entry>
<entry><form id=""gaxnadu"" lang=""ceb""><abbr expan=""gánadu"">-du</abbr></form>
<hom role=""a""><pos>a</pos>
<sense n=""0""><trans> full of desire or eagerness to do a thing. </trans>
<eg><i lang=""ceb"">Ganádu nà síyang magpakasal kaníya,</i><trans> She’s eager to marry him. </trans></eg>
</sense></hom></entry>
<entry><form id=""kagaxna"" lang=""ceb""><abbr expan=""kagána"">ka-</abbr></form>
<hom>
<sense n=""0""><trans> <xr lang=""ceb"" target=""#gaxna"">= <sc>gána</sc>, <i lang=""ceb"">n</i>.</xr>
</trans>
</sense></hom></entry></entry>");
INSERT INTO `wced_head` (entryid, head, normalized_head, type, pos) VALUES (5158, "gána", "gana", "m", "n");
INSERT INTO `wced_head` (entryid, head, normalized_head, type, pos) VALUES (5158, "abrigána", "abrigana", "s", "");
INSERT INTO `wced_head` (entryid, head, normalized_head, type, pos) VALUES (5158, "siragána", "siragana", "s", "v");
INSERT INTO `wced_head` (entryid, head, normalized_head, type, pos) VALUES (5158, "pagána", "pagana", "s", "n");
INSERT INTO `wced_head` (entryid, head, normalized_head, type, pos) VALUES (5158, "gánadu", "ganadu", "s", "a");
INSERT INTO `wced_head` (entryid, head, normalized_head, type, pos) VALUES (5158, "kagána", "kagana", "s", "");
INSERT INTO `wced_translation` (entryid, translation) VALUES (5158, "appetite");
INSERT INTO `wced_translation` (entryid, translation) VALUES (5158, "appetizer");
INSERT INTO `wced_translation` (entryid, translation) VALUES (5158, "aphrodisiac");
INSERT INTO `wced_entry` VALUES (5159, "gana", "254", "<entry page=""254"" id=""5159""><form id=""ganaq"" lang=""ceb"">ganà</form>
<hom>
<sense n=""0""><trans> <xr lang=""ceb"" target=""#gunaq"">= <sc>gunà</sc>.</xr>
</trans>
</sense></hom></entry>");
INSERT INTO `wced_head` (entryid, head, normalized_head, type, pos) VALUES (5159, "ganà", "gana", "m", "");
INSERT INTO `wced_entry` VALUES (5160, "ganansiya", "254", "<entry page=""254"" id=""5160""><form id=""ganansiya"" lang=""ceb"">ganansiya</form>
<hom role=""n""><pos>n</pos>
<sense n=""1""><number>1</number><trans> <tr>profit</tr> from a transaction. </trans>
</sense>
<sense n=""2""><number>2</number><trans> one’s offspring (humorous slang). </trans>
</sense></hom>
<hom role=""v""><pos>v</pos>
<sense n=""1""><number>1</number> <itype>[A2; a2]</itype><trans> make profit. </trans>
<eg><i lang=""ceb"">Makaganansiya ka kun patas-an nímu ang prisyu,</i><trans> You can make a profit if you raise the price. </trans></eg>
<eg><i lang=""ceb"">Pílay ganansiyahun sa usa ka rím sigarilyu<corr sic="","">?</corr></i><trans> How much profit do you get from a carton<corr> of cigarettes</corr>? </trans></eg>
</sense>
<sense n=""2""><number>2</number> <itype>[A12]</itype><trans> have an advantage over s.t. </trans>
<eg><i lang=""ceb"">Nakaganansiya siya sa kuntra kay dakùdakù siya,</i><trans> He has an edge over his opponent because he is much bigger. </trans></eg>
</sense></hom>
<entry><form id=""paganansiya"" lang=""ceb""><abbr expan=""paganansiya"">pa-</abbr></form>
<hom role=""v""><pos>v</pos>
<sense n=""0""> <itype>[A; b6]</itype><trans> make a profit on s.o. </trans>
<eg><i lang=""ceb"">Dì ku mupaganansiya nímu ug dakù,</i><trans> I will not make a big profit on you.
</trans></eg>
</sense></hom></entry></entry>");
INSERT INTO `wced_head` (entryid, head, normalized_head, type, pos) VALUES (5160, "ganansiya", "ganansiya", "m", "nv");
INSERT INTO `wced_head` (entryid, head, normalized_head, type, pos) VALUES (5160, "paganansiya", "paganansiya", "s", "v");
INSERT INTO `wced_translation` (entryid, translation) VALUES (5160, "profit");
INSERT INTO `wced_entry` VALUES (5161, "ganas", "254", "<entry page=""254"" id=""5161""><form id=""ganas"" lang=""ceb"">ganas</form>
<hom>
<sense n=""0""><trans> <xr lang=""ceb"" target=""#gaxlay"">= <sc>gálay</sc>.</xr>
</trans>
</sense></hom></entry>");
INSERT INTO `wced_head` (entryid, head, normalized_head, type, pos) VALUES (5161, "ganas", "ganas", "m", "");
INSERT INTO `wced_entry` VALUES (5162, "ganas", "254", "<entry page=""254"" id=""5162""><form id=""gaxnas"" lang=""ceb"">gánas</form>
<hom role=""n""><pos>n</pos>
<sense n=""0""><trans> the ceremony of taking the bride from her house to the house of the groom after the banquet in the bride’s house. Both families accompany the newly-weds. </trans>
</sense></hom>
<hom role=""v""><pos>v</pos>
<sense n=""0""> <itype>[A1; a2]</itype><trans> take the bride in the <ix>gánas</ix> ceremony. </trans>
<eg><i lang=""ceb"">Paghuman ug pangáun, gigánas ang babáyi ngadtu sa balay sa laláki,</i><trans> After the wedding reception, the bride was taken to the groom’s house.
</trans></eg>
</sense></hom></entry>");
INSERT INTO `wced_head` (entryid, head, normalized_head, type, pos) VALUES (5162, "gánas", "ganas", "m", "nv");
INSERT INTO `wced_entry` VALUES (5163, "ganay1", "254", "<entry page=""254"" id=""5163""><form id=""gaxnay"" lang=""ceb"">gánay<sub>1</sub></form>
<hom role=""n""><pos>n</pos>
<sense n=""0""><trans> reverberating sound which echoes and persists for a while. </trans>
<eg><i lang=""ceb"">Ang gánay sa kampána muabut sa layù,</i><trans> The reverberating sound of the bell reaches far. </trans></eg>
</sense></hom>
<hom role=""v""><pos>v</pos>
<sense n=""0""> <itype>[A23]</itype><trans> reverberate with a persisting echo.
</trans>
</sense></hom></entry>");
INSERT INTO `wced_head` (entryid, head, normalized_head, type, pos) VALUES (5163, "gánay", "ganay", "s", "nv");
INSERT INTO `wced_entry` VALUES (5164, "ganay2", "254", "<entry page=""254"" id=""5164""><form id=""gaxnay2"" lang=""ceb"">gánay<sub>2</sub></form>
<hom role=""v""><pos>v</pos>
<sense n=""0""> <itype>[AN; c1]</itype><trans> for things to go s.w. in a long line. </trans>
<eg><i lang=""ceb"">Migánay (nanggánay) na ang mga kamwà. Maáyu untag dì mabahà arun dílì maánud,</i><trans> The young crabs are going upstream now. I hope it won’t flood so they won’t be carried away. </trans></eg>
<eg><i lang=""ceb"">Igánay (ganáya) ang mga bátà sa plúris,</i><trans> Line up the children to present their flowers. </trans></eg>
</sense></hom>
<entry><form id=""kagaxnay_ganayan"" lang=""ceb""><abbr expan=""kagánay"">ka-</abbr>, <abbr expan=""ganayan"">-an</abbr></form>
<hom role=""v""><pos>v</pos>
<sense n=""0""> <itype>[A13]</itype><trans> </trans>
</sense>
<sense n=""1""><number>1</number><trans> walk in a long file. </trans>
<eg><i lang=""ceb"">Nagganayan (nagkaganay) ang mga Subánun nga nanglákat,</i><trans> The Subanos walk in <corr sic=""lone"">long</corr> lines. </trans></eg>
</sense>
<sense n=""2""><number>2</number><trans> for large number to go s.w. </trans>
<eg><i lang=""ceb"">Nagganayan (nagkaganay) ang mga táwu pagsúgat sa Santu Pápa,</i><trans> The people flocked to see the Pope. </trans></eg>
</sense></hom></entry>
<entry><form id=""gaxnayan"" lang=""ceb""><abbr expan=""gánayan"">-an</abbr></form>
<hom role=""n""><pos>n</pos>
<sense n=""0""><trans> group of people going s.w.
</trans>
</sense></hom></entry></entry>");
INSERT INTO `wced_head` (entryid, head, normalized_head, type, pos) VALUES (5164, "gánay", "ganay", "s", "v");
INSERT INTO `wced_head` (entryid, head, normalized_head, type, pos) VALUES (5164, "kagánay", "kaganay", "s", "v");
INSERT INTO `wced_head` (entryid, head, normalized_head, type, pos) VALUES (5164, "ganayan", "ganayan", "s", "v");
INSERT INTO `wced_head` (entryid, head, normalized_head, type, pos) VALUES (5164, "gánayan", "ganayan", "s", "n");
INSERT INTO `wced_entry` VALUES (5165, "ganda", "254", "<entry page=""254"" id=""5165""><form id=""ganda"" lang=""ceb"">ganda</form>
<hom role=""n""><pos>n</pos>
<sense n=""0""><trans> k.o. <tr>leek</tr>: <bio>Allium odorum</bio>. It is used as spice or for rubbing ailing parts of the body. Sometimes called the onions of the Subanos.
</trans>
</sense></hom></entry>");
INSERT INTO `wced_head` (entryid, head, normalized_head, type, pos) VALUES (5165, "ganda", "ganda", "m", "n");
INSERT INTO `wced_translation` (entryid, translation) VALUES (5165, "leek");
INSERT INTO `wced_entry` VALUES (5166, "gang", "254", "<entry page=""254"" id=""5166""><form id=""gaxng"" lang=""ceb"">gáng</form>
<hom role=""n""><pos>n</pos>
<sense n=""1""><number>1</number><trans> gang, a cohesive group of young people having a common name and purpose. </trans>
</sense>
<sense n=""2""><number>2</number><trans> band of criminal elements. </trans>
</sense></hom>
<hom role=""v""><pos>v</pos>
<sense n=""0""> <itype>[C12]</itype><trans> be a member of a gang. </trans>
<eg><i lang=""ceb"">Dì ta makiggáng ug kídyi,</i><trans> We won’t have a KJ (killjoy) in our gang. </trans></eg>
</sense></hom>
<entry><form id=""ganggaxng"" lang=""ceb"">ganggáng</form>
<hom role=""v""><pos>v</pos>
<sense n=""0""> <itype>[C12]</itype><trans> go around with one’s gang.
</trans>
</sense></hom></entry></entry>");
INSERT INTO `wced_head` (entryid, head, normalized_head, type, pos) VALUES (5166, "gáng", "gang", "m", "nv");
INSERT INTO `wced_head` (entryid, head, normalized_head, type, pos) VALUES (5166, "ganggáng", "ganggang", "s", "v");
INSERT INTO `wced_entry` VALUES (5167, "gangad", "254", "<entry page=""254"" id=""5167""><form id=""gangad"" lang=""ceb"">gangad</form>
<hom role=""v""><pos>v</pos>
<sense n=""0""> <itype>[B16; b8]</itype><trans> bend the end of s.t. up or out with force. </trans>
<eg><i lang=""ceb"">Nagangad nang tagáa kay nasángit sa batu,</i><trans> That fish hook is bent because it got snagged in a rock. </trans></eg>
<eg><i lang=""ceb"">Nagangad ang íyang náwung nga gilúwir dyú,</i><trans> His head was thrown back after being hit in the lower jaw. </trans></eg>
</sense></hom>
<hom role=""a""><pos>a</pos>
<sense n=""0""><trans> bent up or out.
</trans>
</sense></hom></entry>");
INSERT INTO `wced_head` (entryid, head, normalized_head, type, pos) VALUES (5167, "gangad", "gangad", "m", "va");
INSERT INTO `wced_entry` VALUES (5168, "gangan", "254", "<entry page=""254"" id=""5168""><form id=""gaxngan"" lang=""ceb"">gángan</form>
<hom>
<sense n=""0""><trans> <xr lang=""ceb"" target=""#galangan"">= <sc>galangan</sc>.</xr>
</trans>
</sense></hom></entry>");
INSERT INTO `wced_head` (entryid, head, normalized_head, type, pos) VALUES (5168, "gángan", "gangan", "m", "");
INSERT INTO `wced_entry` VALUES (5169, "gangay", "254", "<entry page=""254"" id=""5169""><form id=""gangay"" lang=""ceb"">gangay</form>
<hom role=""v""><pos>v</pos>
<sense n=""1""><number>1</number> <itype>[A; a]</itype><trans> broil peeled bananas over live coals. </trans>
<eg><i lang=""ceb"">Gangayun ku ning sagínga,</i><trans> I’ll broil this banana. </trans></eg>
</sense>
<sense n=""2""><number>2</number> <itype>[A; c]</itype><trans> put s.t. beside a fire to keep it hot. </trans>
<eg><i lang=""ceb"">Igangay nang takurì arun ínit kanúnay ang túbig,</i><trans> Put the kettle beside the fireplace so the water will remain hot.
</trans></eg>
</sense></hom></entry>");
INSERT INTO `wced_head` (entryid, head, normalized_head, type, pos) VALUES (5169, "gangay", "gangay", "m", "v");
INSERT INTO `wced_entry` VALUES (5170, "ganggang", "254", "<entry page=""254"" id=""5170""><form id=""ganggang"" lang=""ceb"">ganggang</form>
<hom role=""v""><pos>v</pos>
<sense n=""0""> <itype>[A; c1]</itype><trans> </trans>
</sense>
<sense n=""1""><number>1</number><trans> put s.t. over the coals to dry it or heat it. </trans>
<eg><i lang=""ceb"">Nagganggang ku sa pán nga giumigas,</i><trans> I am heating the bread which the ants swarmed over. </trans></eg>
<eg><i lang=""ceb"">Akuy muganggang sa kupras,</i><trans> I’ll dry the copra in the drier. </trans></eg>
</sense>
<sense n=""2""><number>2</number><trans> broil bananas. </trans>
<eg><i lang=""ceb"">Magganggang kug ságing ipaínit,</i><trans> I’ll broil bananas for a snack. </trans></eg>
</sense></hom>
<entry><form id=""ganggangan"" lang=""ceb""><abbr expan=""ganggangan"">-an(→)</abbr></form>
<hom role=""n""><pos>n</pos>
<sense n=""0""><trans> copra drier.
</trans>
</sense></hom></entry></entry>");
INSERT INTO `wced_head` (entryid, head, normalized_head, type, pos) VALUES (5170, "ganggang", "ganggang", "m", "v");
INSERT INTO `wced_head` (entryid, head, normalized_head, type, pos) VALUES (5170, "ganggangan", "ganggangan", "s", "n");
INSERT INTO `wced_entry` VALUES (5171, "ganggang", "254", "<entry page=""254"" id=""5171""><form id=""ganggaxng"" lang=""ceb"">ganggáng</form>
<hom role=""n""><pos>n</pos>
<sense n=""0""><trans> <xr lang=""ceb"" target=""#bunsudbunsud"">= <sc>bunsudbunsud</sc>.</xr>
</trans>
</sense></hom></entry>");
INSERT INTO `wced_head` (entryid, head, normalized_head, type, pos) VALUES (5171, "ganggáng", "ganggang", "m", "n");
INSERT INTO `wced_entry` VALUES (5172, "ganggrina", "254", "<entry page=""254"" id=""5172""><form id=""ganggrixna"" lang=""ceb"">ganggrína</form>
<hom>
<sense n=""0""><trans> <xr lang=""ceb"" target=""#kanggrixna"">= <sc>kanggrína</sc>.</xr>
</trans>
</sense></hom></entry>");
INSERT INTO `wced_head` (entryid, head, normalized_head, type, pos) VALUES (5172, "ganggrína", "ganggrina", "m", "");
INSERT INTO `wced_entry` VALUES (5173, "gangha", "254", "<entry page=""254"" id=""5173""><form id=""ganghaq"" lang=""ceb"">ganghà</form>
<hom role=""v""><pos>v</pos>
<sense n=""0""> <itype>[A; b6]</itype><trans> emerge, appear at the door or gate. </trans>
<eg><i lang=""ceb"">Mau nang pultáha ang gigangháan sa úngù,</i><trans> That’s the door where the witch appeared. </trans></eg>
</sense></hom>
<entry><form id=""ganghaan"" lang=""ceb""><abbr expan=""ganghaan"">-an(→)</abbr></form>
<hom role=""n""><pos>n</pos>
<sense n=""0""><trans> door, gate.
</trans>
</sense></hom></entry></entry>");
INSERT INTO `wced_head` (entryid, head, normalized_head, type, pos) VALUES (5173, "ganghà", "gangha", "m", "v");
INSERT INTO `wced_head` (entryid, head, normalized_head, type, pos) VALUES (5173, "ganghaan", "ganghaan", "s", "n");
INSERT INTO `wced_entry` VALUES (5174, "gangi", "254", "<entry page=""254"" id=""5174""><form id=""gangiq"" lang=""ceb"">gangì</form>
<hom role=""v""><pos>v</pos>
<sense n=""0""> <itype>[A; a12]</itype><trans> </trans>
</sense>
<sense n=""1""><number>1</number><trans> loosen s.t. stuck in the ground by wiggling it back and forth. </trans>
<eg><i lang=""ceb"">Way nakagangì sa ugsuk,</i><trans> Not one succeeded in budging the peg loose. </trans></eg>
</sense>
<sense n=""2""><number>2</number><trans> break s.t. off by moving it back and forth. </trans>
<eg><i lang=""ceb"">Nagangì ang buktun sa munyíka,</i><trans> The arm of the doll worked itself off. </trans></eg>
</sense>
<sense n=""3""><number>3</number><trans> work s.t. affixed back and forth. </trans>
<eg><i lang=""ceb"">Gigangì níya ang kambiyu sa awtu,</i><trans> He moved the gear shift of the car.
</trans></eg>
</sense></hom></entry>");
INSERT INTO `wced_head` (entryid, head, normalized_head, type, pos) VALUES (5174, "gangì", "gangi", "m", "v");
INSERT INTO `wced_entry` VALUES (5175, "gangi", "254", "<entry page=""254"" id=""5175""><form id=""gaxngiq"" lang=""ceb"">gángì</form>
<hom role=""n""><pos>n</pos>
<sense n=""0""><trans> dance (slang). </trans>
</sense></hom>
<hom role=""v""><pos>v</pos>
<sense n=""1""><number>1</number> <itype>[A1; b(1)]</itype><trans> hold a dance. </trans>
<eg><i lang=""ceb"">Sa ámù na lang ta maggángì kay luag,</i><trans> Let’s hold our dance at my house because there’s lots of room. </trans></eg>
</sense>
<sense n=""2""><number>2</number> <itype>[AC; a]</itype><trans> dance the slow drag.
<pb n=""255""/>
</trans>
</sense></hom></entry>");
INSERT INTO `wced_head` (entryid, head, normalized_head, type, pos) VALUES (5175, "gángì", "gangi", "m", "nv");
INSERT INTO `wced_entry` VALUES (5176, "gangis", "255", "<entry page=""255"" id=""5176""><form id=""gangis"" lang=""ceb"">gangis</form>
<hom role=""n""><pos>n</pos>
<sense n=""0""><trans> k.o. fish.
</trans>
</sense></hom></entry>");
INSERT INTO `wced_head` (entryid, head, normalized_head, type, pos) VALUES (5176, "gangis", "gangis", "m", "n");
INSERT INTO `wced_entry` VALUES (5177, "gangis", "255", "<entry page=""255"" id=""5177""><form id=""gaxngis"" lang=""ceb"">gángis</form>
<hom role=""n""><pos>n</pos>
<sense n=""0""><trans> k.o. <tr>cicada</tr>. </trans>
</sense></hom>
<entry><form id=""haxring_gaxngis"" lang=""ceb"">háring <abbr expan=""gángis"">—</abbr></form>
<hom>
<sense n=""1""><number>1</number><trans> the toughest of all, the most astute, gutsy one in the group. </trans>
</sense>
<sense n=""2""><number>2</number><trans> <tr>political boss</tr>.
</trans>
</sense></hom></entry></entry>");
INSERT INTO `wced_head` (entryid, head, normalized_head, type, pos) VALUES (5177, "gángis", "gangis", "m", "n");
INSERT INTO `wced_head` (entryid, head, normalized_head, type, pos) VALUES (5177, "háring gángis", "haring gangis", "s", "");
INSERT INTO `wced_translation` (entryid, translation) VALUES (5177, "cicada");
INSERT INTO `wced_translation` (entryid, translation) VALUES (5177, "political boss");
INSERT INTO `wced_entry` VALUES (5178, "gangkap", "255", "<entry page=""255"" id=""5178""><form id=""gangkap"" lang=""ceb"">gangkap</form>
<hom role=""a""><pos>a</pos>
<sense n=""0""><trans> <tr>complete</tr>, <tr>whole</tr>. </trans>
<eg><i lang=""ceb"">Gangkap ang íyang bisti sa kasal,</i><trans> Her wedding ensemble is complete. </trans></eg>
</sense></hom>
<hom role=""v""><pos>v</pos>
<sense n=""1""><number>1</number> <itype>[A; b]</itype><trans> make s.t. complete. </trans>
<eg><i lang=""ceb"">Nagangkap ang usa ka líbu,</i><trans> I have one thousand pesos complete. </trans></eg>
<eg><i lang=""ceb"">Gangkapi ang kúlang,</i><trans> Add to it to make up the lack. </trans></eg>
</sense>
<sense n=""2""><number>2</number> <itype>[A12; a1]</itype><trans> be able to do s.t. to all of s.t. </trans>
<eg><i lang=""ceb"">Makagangkap kahà ka sa ímung abangan dinhi?</i><trans> Do you think you can meet the entire rental payment? </trans></eg>
<eg><i lang=""ceb"">Dílì ku magangkap paggakus ang íyang háwak,</i><trans> I can’t manage to get my arms around her waist.
</trans></eg>
</sense></hom></entry>");
INSERT INTO `wced_head` (entryid, head, normalized_head, type, pos) VALUES (5178, "gangkap", "gangkap", "m", "av");
INSERT INTO `wced_translation` (entryid, translation) VALUES (5178, "complete");
INSERT INTO `wced_translation` (entryid, translation) VALUES (5178, "whole");
INSERT INTO `wced_entry` VALUES (5179, "gangkay", "255", "<entry page=""255"" id=""5179""><form id=""gangkay"" lang=""ceb"">gangkay</form>
<hom role=""a""><pos>a</pos>
<sense n=""0""><trans> well dried out, cooked dry. </trans>
<eg><i lang=""ceb"">Gangkay ang mga langkay sa lubi,</i><trans> The coconut fronds are dry and brittle. </trans></eg>
</sense></hom>
<hom role=""v""><pos>v</pos>
<sense n=""0""> <itype>[B2; c1]</itype><trans> dried stiff, cooked crisp. </trans>
<eg><i lang=""ceb"">Gangkáya (igangkay) pagbulad ang isdà arun dílì udlun,</i><trans> Dry the fish completely so it won’t get wormy.
</trans></eg>
</sense></hom></entry>");
INSERT INTO `wced_head` (entryid, head, normalized_head, type, pos) VALUES (5179, "gangkay", "gangkay", "m", "av");
INSERT INTO `wced_entry` VALUES (5180, "gangking", "255", "<entry page=""255"" id=""5180""><form id=""gangking"" lang=""ceb"">gangking</form>
<hom role=""v""><pos>v</pos>
<sense n=""0""> <itype>[B3(1); a12]</itype><trans> for soft and moist things to dry hard and get stiff. </trans>
<eg><i lang=""ceb"">Ang bagang amirul makagangking (makapagangking) sa sinínà,</i><trans> Thick starch makes the clothes very hard. </trans></eg>
</sense></hom>
<hom role=""a""><pos>a</pos>
<sense n=""0""><trans> hardened after drying.
</trans>
</sense></hom></entry>");
INSERT INTO `wced_head` (entryid, head, normalized_head, type, pos) VALUES (5180, "gangking", "gangking", "m", "va");
INSERT INTO `wced_entry` VALUES (5181, "gangrina", "255", "<entry page=""255"" id=""5181""><form id=""gangrixna"" lang=""ceb"">gangrína</form>
<hom>
<sense n=""0""><trans> <xr lang=""ceb"" target=""#kanggrixna"">= <sc>kanggrína</sc>.</xr>
</trans>
</sense></hom></entry>");
INSERT INTO `wced_head` (entryid, head, normalized_head, type, pos) VALUES (5181, "gangrína", "gangrina", "m", "");
INSERT INTO `wced_entry` VALUES (5182, "gangsa", "255", "<entry page=""255"" id=""5182""><form id=""gangsaq"" lang=""ceb"">gangsà</form>
<hom role=""n""><pos>n</pos>
<sense n=""0""><trans> <tr>goose</tr>, <tr>gander</tr>.
</trans>
</sense></hom></entry>");
INSERT INTO `wced_head` (entryid, head, normalized_head, type, pos) VALUES (5182, "gangsà", "gangsa", "m", "n");
INSERT INTO `wced_translation` (entryid, translation) VALUES (5182, "goose");
INSERT INTO `wced_translation` (entryid, translation) VALUES (5182, "gander");
INSERT INTO `wced_entry` VALUES (5183, "gangu1", "255", "<entry page=""255"" id=""5183""><form id=""gaxngu"" lang=""ceb"">gángu<sub>1</sub></form>
<hom role=""n""><pos>n</pos>
<sense n=""0""><trans> anchored raft to which branches have been tied, to which fish are attracted. </trans>
</sense></hom>
<hom role=""v""><pos>v</pos>
<sense n=""0""> <itype>[A; c1]</itype><trans> put up, make a fishing raft of this sort.
</trans>
</sense></hom></entry>");
INSERT INTO `wced_head` (entryid, head, normalized_head, type, pos) VALUES (5183, "gángu", "gangu", "s", "nv");
INSERT INTO `wced_entry` VALUES (5184, "gangu2", "255", "<entry page=""255"" id=""5184""><form id=""gaxngu2"" lang=""ceb"">gángu<sub>2</sub></form>
<hom role=""n""><pos>n</pos>
<sense n=""0""><trans> <corr><number>1</number> </corr>k.o. large marine fish. </trans>
</sense>
<sense n=""2""><number>2</number><trans> a big shot or top brass. </trans>
<eg><i lang=""ceb"">Dakung gángu sa pulitika,</i><trans> A political bigwig.
</trans></eg>
</sense></hom></entry>");
INSERT INTO `wced_head` (entryid, head, normalized_head, type, pos) VALUES (5184, "gángu", "gangu", "s", "n");
INSERT INTO `wced_entry` VALUES (5185, "gangu", "255", "<entry page=""255"" id=""5185""><form id=""ganguq"" lang=""ceb"">gangù</form>
<hom role=""a""><pos>a</pos>
<sense n=""1""><number>1</number><trans> <tr>loose</tr>, not firmly implanted. </trans>
<eg><i lang=""ceb"">Gangù na kaáyu ang ákung tangu,</i><trans> My tooth is very loose. </trans></eg>
</sense>
<sense n=""2""><number>2</number><trans> having a screw loose, acting strange at times. </trans>
<eg><i lang=""ceb"">Dipiktádu tingáli ang útuk kay gangù usáhay,</i><trans> He must have some brain defects because he acts strangely at times. </trans></eg>
</sense></hom>
<hom role=""v""><pos>v</pos>
<sense n=""0""> <itype>[A; a12]</itype><trans> loosen s.t. by working it back and forth. </trans>
<eg><i lang=""ceb"">Gangua úsà nang usuk únà ibta,</i><trans> Work the stake back and forth before you pull it out. </trans></eg>
</sense></hom>
<entry><form id=""ganguqgaxnguq"" lang=""ceb"">gangùgángù</form>
<hom role=""a""><pos>a</pos>
<sense n=""0""><trans> wiggling back and forth. </trans>
</sense></hom>
<hom role=""n""><pos>n</pos>
<sense n=""0""><trans> handle of a water pump operated manually. </trans>
</sense></hom>
<hom role=""v""><pos>v</pos>
<sense n=""0""> <itype>[A; a12]</itype><trans> <xr lang=""ceb"" target=""#ganguq"">= <sc>gangù</sc>.</xr> †
</trans>
</sense></hom></entry></entry>");
INSERT INTO `wced_head` (entryid, head, normalized_head, type, pos) VALUES (5185, "gangù", "gangu", "m", "av");
INSERT INTO `wced_head` (entryid, head, normalized_head, type, pos) VALUES (5185, "gangùgángù", "gangugangu", "s", "anv");
INSERT INTO `wced_translation` (entryid, translation) VALUES (5185, "loose");
INSERT INTO `wced_entry` VALUES (5186, "gangut1", "255", "<entry page=""255"" id=""5186""><form id=""gangut"" lang=""ceb"">gangut<sub>1</sub></form>
<hom role=""n""><pos>n</pos>
<sense n=""0""><trans> <tr>thick scar tissue</tr> left on the neck after a wound. </trans>
</sense></hom>
<hom role=""v""><pos>v</pos>
<sense n=""0""> <itype>[B26; b4]</itype><trans> form thick scar tissue on the neck. </trans>
<eg><i lang=""ceb"">Inigkaáyu sa ímung upirasyun sa líug mugangut (magangut) unyà nà,</i><trans> When the wound from your neck operation has healed, it will form a heavy scar.
</trans></eg>
</sense></hom></entry>");
INSERT INTO `wced_head` (entryid, head, normalized_head, type, pos) VALUES (5186, "gangut", "gangut", "s", "nv");
INSERT INTO `wced_translation` (entryid, translation) VALUES (5186, "thick scar tissue");
INSERT INTO `wced_entry` VALUES (5187, "gangut2", "255", "<entry page=""255"" id=""5187""><form id=""gangut2"" lang=""ceb"">gangut<sub>2</sub></form>
<hom role=""v""><pos>v</pos>
<sense n=""0""> <itype>[A; a]</itype><trans> pull out by roots, uproot. </trans>
<eg><i lang=""ceb"">Limpiyu na ang kamutihan kay gigangutan na níya,</i><trans> The sweet potato patch is cleared now because he has pulled out the vines.
</trans></eg>
</sense></hom></entry>");
INSERT INTO `wced_head` (entryid, head, normalized_head, type, pos) VALUES (5187, "gangut", "gangut", "s", "v");
INSERT INTO `wced_entry` VALUES (5188, "gangut", "255", "<entry page=""255"" id=""5188""><form id=""gaxngut"" lang=""ceb"">gángut</form>
<hom role=""v""><pos>v</pos>
<sense n=""1""><number>1</number> <itype>[A; b]</itype><trans> close s.t. by tying it. </trans>
<eg><i lang=""ceb"">Gangúti ang pultahan kay walay trangka,</i><trans> Tie the door to because we have no bolt. </trans></eg>
</sense>
<sense n=""2""><number>2</number> <itype>[BN; b4c1]</itype><trans> for the jaws to stiffen so that the mouth cannot open. </trans>
<eg><i lang=""ceb"">Naggángut (nanggángut) ang íyang bàbà kay gititanus siya,</i><trans> His jaws stiffened because he had tetanus. </trans></eg>
</sense>
<sense n=""3""><number>3</number> <itype>[A]</itype><trans> clutch firmly by sinking the claws in. </trans>
<eg><i lang=""ceb"">Ang kuku sa banug migángut sa ákung buktun,</i><trans> The hawk dug its claws into my arm. </trans></eg>
</sense></hom>
<entry><form id=""gangut"" lang=""ceb""><abbr expan=""gangut"">(→)</abbr></form>
<hom role=""v""><pos>v</pos>
<sense n=""1""><number>1</number> <itype>[A; c1]</itype><trans> lock s.t. </trans>
<eg><i lang=""ceb"">Igangut (ganguta) ang kandádu,</i><trans> Secure the padlock. </trans></eg>
</sense>
<sense n=""2""><number>2</number> <itype>[A; c1]</itype><trans> fasten s.t. by tying. </trans>
<eg><i lang=""ceb"">Gigangtan níyag lupnis ang íyang kalsúnis,</i><trans> He tied a cord around his trousers. </trans></eg>
</sense>
<sense n=""3""><number>3</number> <itype>[A; c1]</itype><trans> tie into a knot. </trans>
<eg><i lang=""ceb"">Igangut (ganguta) ang tumuy sa písì arun dì mabakhad,</i><trans> Tie the end of the rope so the fibers won’t get undone. </trans></eg>
</sense>
<sense n=""4""><number>4</number> <itype>[B]</itype><trans> get stuck, be impeded from moving. </trans>
<eg><i lang=""ceb"">Kun magangut ang angkla sa dakung batu, lisud na kuháun,</i><trans> If the anchor gets stuck under a big rock, it will be difficult to <corr sic=""retrive"">retrieve</corr> it. </trans></eg>
</sense></hom></entry>
<entry><form id=""gangut"" lang=""ceb""><abbr expan=""gangut"">(→)</abbr></form>
<hom role=""n""><pos>n</pos>
<sense n=""0""><trans> anything used to close or tie. </trans>
<eg><i lang=""ceb"">Gangut sa sapátus,</i><trans> Shoelaces.
</trans></eg>
</sense></hom></entry></entry>");
INSERT INTO `wced_head` (entryid, head, normalized_head, type, pos) VALUES (5188, "gángut", "gangut", "m", "v");
INSERT INTO `wced_head` (entryid, head, normalized_head, type, pos) VALUES (5188, "gangut", "gangut", "s", "v");
INSERT INTO `wced_entry` VALUES (5189, "gani", "255", "<entry page=""255"" id=""5189""><form id=""gaxniq"" lang=""ceb"">gánì</form>
<hom>
<sense n=""1""><number>1</number><trans> even. </trans>
<eg><i lang=""ceb"">Wà gánì kuy písu,</i><trans> I don’t even have a peso. </trans></eg>
<eg><i lang=""ceb"">Manlimbung gánì siya sa kaugalíngun níyang amahan,</i><trans> He would even cheat his father. </trans></eg>
</sense>
<sense n=""1a""><number>1a</number> <form id=""pa_gaxniq"" lang=""ceb"">pa <abbr expan=""gánì"">—</abbr></form><trans> [so-and-so] cannot, should not happen because it is still ... </trans>
<eg><i lang=""ceb"">Sayu pa gánì ipaúlì,</i><trans> It’s still too early to go home. </trans></eg>
<eg><i lang=""ceb"">Miminátay nga dihà pa gánì sa hagdanan,</i><trans> She started to wail even while she was on the staircase. </trans></eg>
</sense>
<sense n=""2""><number>2</number><trans> <ix>particle accompanying a statement offered as proof of an allegation:</ix> even. </trans>
<eg><i lang=""ceb"">Barátu tu, nakapalit man gánì ku,</i><trans> It was cheap<corr sic=""."">,</corr> I even bought one. </trans></eg>
<eg><i lang=""ceb"">Walay pulus. Mau man gánì tu nga wà nákù dawáta,</i><trans> It was a useless thing. That’s why I did not accept it. </trans></eg>
</sense>
<sense n=""3""><number>3</number><trans> if it is [so-and-so]. </trans>
<eg><i lang=""ceb"">Babáyi gánì hisgútan, mukíat dáyun,</i><trans> If the subject moves to women, he perks up immediately. </trans></eg>
</sense>
<sense n=""3a""><number>3a</number> <form id=""man_gaxniq"" lang=""ceb"">man <abbr expan=""gánì"">—</abbr></form><trans> [so-and-so] does, did indeed happen, but ... </trans>
<eg><i lang=""ceb"">Mupahulam man gánì, piru lúgus pung musugut,</i><trans> He will lend you money, but only with the greatest reluctance. </trans></eg>
</sense>
<sense n=""3b""><number>3b</number><trans> [so-and-so] is true except that ... </trans>
<eg><i lang=""ceb"">Paríhu tag sinínà, gánì ang ímu putì,</i><trans> We have the same shirt, only yours is white. </trans></eg>
</sense>
<sense n=""3c""><number>3c</number> <form id=""maaxyu_gaxniq"" lang=""ceb"">maáyu <abbr expan=""gánì"">—</abbr></form><trans> at least, the one redeeming thing. </trans>
<eg><i lang=""ceb"">Nahúlug ku. Maáyu gánì wà ku mapíang,</i><trans> I fell down. At least I didn’t break anything. </trans></eg>
</sense>
<sense n=""3d""><number>3d</number> <form id=""unsa_sa_gaxniq"" lang=""ceb"">unsa, sa <abbr expan=""gánì"">—</abbr></form><trans> be that as it may, whatever turns out I’ll stick to my decision. </trans>
<eg><i lang=""ceb"">Unsa gánì, dì sila mangadtu, kita lang adtu,</i><trans> Be that as it may, even if they don’t, we’ll go anyway. </trans></eg>
</sense>
<sense n=""4""><number>4</number><trans> <ix>particle with a statement reminding s.o. of s.t.:</ix> remember? </trans>
<eg><i lang=""ceb"">Kadtu si Manang Díday, kadtu gáning kusiníra?</i><trans> Diday, you <pb n=""256""/>know, the cook? </trans></eg>
</sense>
<sense n=""4a""><number>4a</number><trans> particle with insistence. </trans>
<eg><i lang=""ceb"">Didtu gánì ku,</i><trans> I was so there. </trans></eg>
<eg><i lang=""ceb"">Si Pidru gánì tu uy. Dílì aku,</i><trans> That was Pedro, not me. </trans></eg>
</sense>
<sense n=""4a1""><number>4a1</number><trans> <ix>with commands:</ix> particle giving a tone of insistence. </trans>
<eg><i lang=""ceb"">Hílum gánì,</i><trans> Damn you. I said shut up. </trans></eg>
<eg><i lang=""ceb"">Pagtuun gánì dihà,</i><trans> You get down to your studies, hear? </trans></eg>
</sense>
<sense n=""5""><number>5</number> <form id=""sa_gaxniq"" lang=""ceb"">sa <abbr expan=""gánì"">—</abbr></form><trans> </trans>
</sense>
<sense n=""a""><number>a</number><trans> <xr lang=""ceb"" target=""#unsa_--"">= <sc>unsa <abbr expan=""gánì"">—</abbr></sc>.</xr> </trans>
</sense>
<sense n=""b""><number>b</number><trans> s.t. rather like. </trans>
<eg><i lang=""ceb"">Sa gánì báhù sa kandílà ang ákung nasíngu,</i><trans> I smelled s.t. like a burning candle. </trans></eg>
</sense>
<sense n=""c""><number>c</number><trans> [so-and-so] is likely to happen. </trans>
<eg><i lang=""ceb"">Sa gánì muulan rung adláwa,</i><trans> It is likely to rain today. </trans></eg>
</sense>
<sense n=""d""><number>d</number><trans> [so-and-so] should have happened, happen rather than what did. </trans>
<eg><i lang=""ceb"">Sa gánì midúaw ka únà sa ímung mga ginikánan inay maghubughúbug,</i><trans> You should have visited your parents first instead of getting drunk.
</trans></eg>
</sense></hom></entry>");
INSERT INTO `wced_head` (entryid, head, normalized_head, type, pos) VALUES (5189, "gánì", "gani", "m", "");
INSERT INTO `wced_head` (entryid, head, normalized_head, type, pos) VALUES (5189, "pa gánì", "pa gani", "s", "");
INSERT INTO `wced_head` (entryid, head, normalized_head, type, pos) VALUES (5189, "man gánì", "man gani", "s", "");
INSERT INTO `wced_head` (entryid, head, normalized_head, type, pos) VALUES (5189, "maáyu gánì", "maayu gani", "s", "");
INSERT INTO `wced_head` (entryid, head, normalized_head, type, pos) VALUES (5189, "unsa", "unsa", "s", "");
INSERT INTO `wced_head` (entryid, head, normalized_head, type, pos) VALUES (5189, "sa gánì", "sa gani", "s", "");
INSERT INTO `wced_entry` VALUES (5190, "ganid1", "256", "<entry page=""256"" id=""5190""><form id=""gaxnid"" lang=""ceb"">gánid<sub>1</sub></form>
<hom role=""v""><pos>v</pos>
<sense n=""1""><number>1</number> <itype>[A3]</itype><trans> invite s.o. to go s.w. </trans>
<eg><i lang=""ceb"">Ímu ra ning gustu nga muanhi ka. Way naggánid nímu,</i><trans> You came of your own free will. Nobody dragged you here. </trans></eg>
</sense>
<sense n=""2""><number>2</number> <itype>[A; c1]</itype><trans> drag, involve s.o. in s.t. unpleasant. </trans>
<eg><i lang=""ceb"">Wà ku damha nga magánid ang ákung ngálan niíning dakung iskandalu,</i><trans> I never expected that I would be involved in this big scandal.
</trans></eg>
</sense></hom></entry>");
INSERT INTO `wced_head` (entryid, head, normalized_head, type, pos) VALUES (5190, "gánid", "ganid", "s", "v");
INSERT INTO `wced_entry` VALUES (5191, "ganid2", "256", "<entry page=""256"" id=""5191""><form id=""gaxnid2"" lang=""ceb"">gánid<sub>2</sub></form>
<hom>
<sense n=""0""><trans> <xr lang=""ceb"" target=""#abaxnid"">= <sc>abánid</sc>.</xr>
</trans>
</sense></hom></entry>");
INSERT INTO `wced_head` (entryid, head, normalized_head, type, pos) VALUES (5191, "gánid", "ganid", "s", "");
INSERT INTO `wced_entry` VALUES (5192, "ganiha", "256", "<entry page=""256"" id=""5192""><form id=""ganixha"" lang=""ceb"">ganíha</form>
<hom>
<sense n=""1""><number>1</number><trans> before, at a previous time. </trans>
<eg><i lang=""ceb"">Milakaw siya ganíhang buntag,</i><trans> She left this morning. </trans></eg>
<eg><i lang=""ceb"">Dinhi siya ganíha. Karun, walà na,</i><trans> He was here a minute ago. Now he isn’t. </trans></eg>
</sense>
<sense n=""2""><number>2</number> <form id=""ganixha_ra"" lang=""ceb""><abbr expan=""ganíha"">—</abbr> ra</form><trans> since a while ago. </trans>
<eg><i lang=""ceb"">Ganíha ka ra dinhi?</i><trans> Have you been here for some time? </trans></eg>
<eg><i lang=""ceb"">Ganíha ra nákung pinaábut nímu, ganíha ra kung nagpaábut nímu,</i><trans> I have been waiting for you for some time. </trans></eg>
</sense></hom>
<entry><form id=""kaganixha"" lang=""ceb""><abbr expan=""kaganíha"">ka-</abbr></form>
<hom>
<sense n=""0""><trans> <xr lang=""ceb"" target=""#ganixha"">= <sc>ganíha</sc>.</xr>
</trans>
</sense></hom></entry></entry>");
INSERT INTO `wced_head` (entryid, head, normalized_head, type, pos) VALUES (5192, "ganíha", "ganiha", "m", "");
INSERT INTO `wced_head` (entryid, head, normalized_head, type, pos) VALUES (5192, "ganíha ra", "ganiha ra", "s", "");
INSERT INTO `wced_head` (entryid, head, normalized_head, type, pos) VALUES (5192, "kaganíha", "kaganiha", "s", "");
INSERT INTO `wced_entry` VALUES (5193, "ganina", "256", "<entry page=""256"" id=""5193""><form id=""ganixna"" lang=""ceb"">ganína</form>
<hom>
<sense n=""0""><trans> <xr lang=""ceb"" target=""#ganixha"">= <sc>ganíha</sc>.</xr> </trans>
</sense></hom>
<entry><form id=""kaganixna"" lang=""ceb""><abbr expan=""kaganína"">ka-</abbr></form>
<hom>
<sense n=""0""><trans> <xr lang=""ceb"" target=""#ganixha"">= <sc>ganíha</sc>.</xr>
</trans>
</sense></hom></entry></entry>");
INSERT INTO `wced_head` (entryid, head, normalized_head, type, pos) VALUES (5193, "ganína", "ganina", "m", "");
INSERT INTO `wced_head` (entryid, head, normalized_head, type, pos) VALUES (5193, "kaganína", "kaganina", "s", "");
INSERT INTO `wced_entry` VALUES (5194, "ganir", "256", "<entry page=""256"" id=""5194""><form id=""gaxnir"" lang=""ceb"">gánir</form>
<hom role=""n""><pos>n</pos>
<sense n=""0""><trans> one in charge of pouring and passing the glass of liquor around in a drinking spree (slang). </trans>
</sense></hom>
<hom role=""v""><pos>v</pos>
<sense n=""0""> <itype>[A; c1]</itype><trans> be, become the ‘gunner’ in a drinking spree (slang).
</trans>
</sense></hom></entry>");
INSERT INTO `wced_head` (entryid, head, normalized_head, type, pos) VALUES (5194, "gánir", "ganir", "m", "nv");
INSERT INTO `wced_entry` VALUES (5195, "gansa", "256", "<entry page=""256"" id=""5195""><form id=""gansaq"" lang=""ceb"">gansà</form>
<hom>
<sense n=""0""><trans> <xr lang=""ceb"" target=""#gangsaq"">= <sc>gangsà</sc>.</xr>
</trans>
</sense></hom></entry>");
INSERT INTO `wced_head` (entryid, head, normalized_head, type, pos) VALUES (5195, "gansà", "gansa", "m", "");
INSERT INTO `wced_entry` VALUES (5196, "gansal", "256", "<entry page=""256"" id=""5196""><form id=""gansal"" lang=""ceb"">gansal</form>
<hom role=""a""><pos>a</pos>
<sense n=""0""><trans> <tr>rough</tr>, not smooth-surfaced. </trans>
</sense></hom>
<hom role=""v""><pos>v</pos>
<sense n=""0""> <itype>[B1; a12]</itype><trans> be, become rough. </trans>
<eg><i lang=""ceb"">Gansála pagsimintu ang banyu arun dílì ta madalin-as,</i><trans> Put a rough cement flooring in the bathroom so it won’t be slippery. </trans></eg>
</sense></hom>
<entry><form id=""gansalgansalun"" lang=""ceb"">gansalgansalun</form>
<hom role=""a""><pos>a</pos>
<sense n=""0""><trans> <tr>rough</tr>, <tr>uneven</tr>.
</trans>
</sense></hom></entry></entry>");
INSERT INTO `wced_head` (entryid, head, normalized_head, type, pos) VALUES (5196, "gansal", "gansal", "m", "av");
INSERT INTO `wced_head` (entryid, head, normalized_head, type, pos) VALUES (5196, "gansalgansalun", "gansalgansalun", "s", "a");
INSERT INTO `wced_translation` (entryid, translation) VALUES (5196, "rough");
INSERT INTO `wced_translation` (entryid, translation) VALUES (5196, "uneven");
INSERT INTO `wced_entry` VALUES (5197, "*gansang", "256", "<entry page=""256"" id=""5197""><form id=""xxgansang"" lang=""ceb"">*gansang</form>
<entry><form id=""gansanggansang"" lang=""ceb"">gansanggansang</form>
<hom role=""v""><pos>v</pos>
<sense n=""0""> <itype>[B16; c1]</itype><trans> be <tr>rough</tr> and <tr>uneven</tr>. </trans>
<eg><i lang=""ceb"">Naggansanggansang nga ngípun,</i><trans> Uneven teeth. </trans></eg>
</sense></hom></entry>
<entry><form id=""gansangun"" lang=""ceb""><abbr expan=""gansangun"">-un</abbr></form>
<hom role=""a""><pos>a</pos>
<sense n=""0""><trans> <tr>uneven</tr>, <tr>rough</tr>. </trans>
<eg><i lang=""ceb"">Gansangun siyag nawung,</i><trans> She has lots of pockmarks on her face.
</trans></eg>
</sense></hom></entry></entry>");
INSERT INTO `wced_head` (entryid, head, normalized_head, type, pos) VALUES (5197, "gansang", "gansang", "s", "");
INSERT INTO `wced_head` (entryid, head, normalized_head, type, pos) VALUES (5197, "gansanggansang", "gansanggansang", "s", "v");
INSERT INTO `wced_head` (entryid, head, normalized_head, type, pos) VALUES (5197, "gansangun", "gansangun", "s", "a");
INSERT INTO `wced_translation` (entryid, translation) VALUES (5197, "rough");
INSERT INTO `wced_translation` (entryid, translation) VALUES (5197, "uneven");
INSERT INTO `wced_entry` VALUES (5198, "gansilyu", "256", "<entry page=""256"" id=""5198""><form id=""gansilyu"" lang=""ceb"">gansilyu</form>
<hom role=""v""><pos>v</pos>
<sense n=""0""> <itype>[A; a]</itype><trans> <tr>crochet</tr>. </trans>
<eg><i lang=""ceb"">Kuti gansilyúhun kanang mútip,</i><trans> That motif is an intricate one to crochet. </trans></eg>
</sense></hom>
<hom role=""n""><pos>n</pos>
<sense n=""0""><trans> <tr>crochet hook</tr>. </trans>
</sense></hom>
<entry><form id=""ginansilyu"" lang=""ceb""><abbr expan=""ginansilyu"">-in-</abbr></form>
<hom role=""n""><pos>n</pos>
<sense n=""0""><trans> crocheted material.
</trans>
</sense></hom></entry></entry>");
INSERT INTO `wced_head` (entryid, head, normalized_head, type, pos) VALUES (5198, "gansilyu", "gansilyu", "m", "vn");
INSERT INTO `wced_head` (entryid, head, normalized_head, type, pos) VALUES (5198, "ginansilyu", "ginansilyu", "s", "n");
INSERT INTO `wced_translation` (entryid, translation) VALUES (5198, "crochet");
INSERT INTO `wced_translation` (entryid, translation) VALUES (5198, "crochet hook");
INSERT INTO `wced_entry` VALUES (5199, "gansiyang", "256", "<entry page=""256"" id=""5199""><form id=""gansixyang"" lang=""ceb"">gansíyang</form>
<hom>
<sense n=""0""><trans> <xr lang=""ceb"" target=""#galansixyang"">= <sc>galansíyang</sc>.</xr>
</trans>
</sense></hom></entry>");
INSERT INTO `wced_head` (entryid, head, normalized_head, type, pos) VALUES (5199, "gansíyang", "gansiyang", "m", "");
INSERT INTO `wced_entry` VALUES (5200, "gansu", "256", "<entry page=""256"" id=""5200""><form id=""gansu"" lang=""ceb"">gansu</form>
<hom role=""n""><pos>n</pos>
<sense n=""1""><number>1</number><trans> <tr>hook</tr> attached to sacks to help one heave them. </trans>
</sense>
<sense n=""2""><number>2</number><trans> <tr>crochet hook</tr>. </trans>
</sense>
<sense n=""3""><number>3</number><trans> large <tr>safety pin</tr>. </trans>
</sense>
<sense n=""4""><number>4</number><trans> hook in wrestling. </trans>
</sense></hom>
<hom role=""v""><pos>v</pos>
<sense n=""1""><number>1</number> <itype>[A; b6(1)]</itype><trans> put a hook in s.t. to lift it with. </trans>
<eg><i lang=""ceb"">Gansúhi kun lisud paggúnit,</i><trans> Use a hook if it’s hard to hold. </trans></eg>
</sense>
<sense n=""2""><number>2</number> <itype>[b6]</itype><trans> fasten s.t. with a safety pin. </trans>
<eg><i lang=""ceb"">Gigansúhan ku na lang ang ákung karsúnis,</i><trans> I just fastened my pants with a safety pin. </trans></eg>
</sense>
<sense n=""3""><number>3</number><trans> hook in wrestling.
</trans>
</sense></hom></entry>");
INSERT INTO `wced_head` (entryid, head, normalized_head, type, pos) VALUES (5200, "gansu", "gansu", "m", "nv");
INSERT INTO `wced_translation` (entryid, translation) VALUES (5200, "hook");
INSERT INTO `wced_translation` (entryid, translation) VALUES (5200, "crochet hook");
INSERT INTO `wced_translation` (entryid, translation) VALUES (5200, "safety pin");
INSERT INTO `wced_entry` VALUES (5201, "gansung", "256", "<entry page=""256"" id=""5201""><form id=""gansung"" lang=""ceb"">gansung</form>
<hom role=""n""><pos>n</pos>
<sense n=""0""><trans> <tr>whippletree</tr> of a plow. </trans>
</sense></hom>
<hom role=""v""><pos>v</pos>
<sense n=""1""><number>1</number> <itype>[A; b6(1)]</itype><trans> put a whippletree. </trans>
<eg><i lang=""ceb"">Nabitik ang kábaw sa kasya kay wà gansúngi,</i><trans> The trace was looped around the carabao’s leg because there was no whippletree fastened to the rope. </trans></eg>
</sense>
<sense n=""2""><number>2</number> <itype>[a12]</itype><trans> make into a whippletree.
</trans>
</sense></hom></entry>");
INSERT INTO `wced_head` (entryid, head, normalized_head, type, pos) VALUES (5201, "gansung", "gansung", "m", "nv");
INSERT INTO `wced_translation` (entryid, translation) VALUES (5201, "whippletree");
INSERT INTO `wced_entry` VALUES (5202, "ganta", "256", "<entry page=""256"" id=""5202""><form id=""ganta"" lang=""ceb"">ganta</form>
<hom>
<sense n=""0""><trans> <xr lang=""ceb"" target=""#gantang"">= <sc>gantang</sc>.</xr>
</trans>
</sense></hom></entry>");
INSERT INTO `wced_head` (entryid, head, normalized_head, type, pos) VALUES (5202, "ganta", "ganta", "m", "");
INSERT INTO `wced_entry` VALUES (5203, "*gantaaw", "256", "<entry page=""256"" id=""5203""><form id=""xxgantaaw"" lang=""ceb"">*gantaaw</form>
<entry><form id=""panggantaaw"" lang=""ceb""><abbr expan=""panggantaaw"">paN-</abbr></form>
<hom role=""v""><pos>v</pos>
<sense n=""0""> <itype>[A2; b1]</itype><trans> fish with a spear from a boat at night with a torch or lantern. </trans>
</sense></hom>
<hom role=""n""><pos>n</pos>
<sense n=""0""><trans> method of fishing this way.
</trans>
</sense></hom></entry></entry>");
INSERT INTO `wced_head` (entryid, head, normalized_head, type, pos) VALUES (5203, "gantaaw", "gantaaw", "s", "");
INSERT INTO `wced_head` (entryid, head, normalized_head, type, pos) VALUES (5203, "panggantaaw", "panggantaaw", "s", "vn");
INSERT INTO `wced_entry` VALUES (5204, "gantang", "256", "<entry page=""256"" id=""5204""><form id=""gantang"" lang=""ceb"">gantang</form>
<hom role=""n""><pos>n</pos>
<sense n=""1""><number>1</number><trans> a unit of dry measure equivalent to three liters. </trans>
</sense>
<sense n=""2""><number>2</number><trans> liquid measure of about the same amount. </trans>
</sense></hom>
<hom role=""v""><pos>v</pos>
<sense n=""0""> <itype>[B26; c1]</itype><trans> be one <ix>gantang</ix>. </trans>
<eg><i lang=""ceb"">Hápit mugantang ang ílang mahurut káda káun,</i><trans> They use up nearly a <ix>gantang</ix> every meal. </trans></eg>
</sense></hom>
<entry><form id=""gantangan"" lang=""ceb""><abbr expan=""gantangan"">-an(→)</abbr></form>
<hom role=""n""><pos>n</pos>
<sense n=""0""><trans> vessel used to measure <ix>gantang</ix>.
</trans>
</sense></hom></entry></entry>");
INSERT INTO `wced_head` (entryid, head, normalized_head, type, pos) VALUES (5204, "gantang", "gantang", "m", "nv");
INSERT INTO `wced_head` (entryid, head, normalized_head, type, pos) VALUES (5204, "gantangan", "gantangan", "s", "n");
INSERT INTO `wced_entry` VALUES (5205, "ganti", "256", "<entry page=""256"" id=""5205""><form id=""ganti"" lang=""ceb"">ganti</form>
<hom role=""n""><pos>n</pos>
<sense n=""1""><number>1</number><trans> <tr>reward</tr>, <tr>prize</tr>. </trans>
</sense>
<sense n=""2""><number>2</number><trans> <tr>natural gift</tr> given by God. </trans>
<eg><i lang=""ceb"">Ang ímung kaanyag ganti sa kahitas-an,</i><trans> Your beauty is a gift of God. </trans></eg>
</sense></hom>
<hom role=""v""><pos>v</pos>
<sense n=""1""><number>1</number> <itype>[A3; b6(1)]</itype><trans> give a reward, prize. </trans>
<eg><i lang=""ceb"">Gigantíhag haluk sa músa ang mananáug,</i><trans> The winner got a kiss from the muse. </trans></eg>
</sense>
<sense n=""2""><number>2</number> <itype>[A13; b6]</itype><trans> endow with natural talents or qualities. </trans>
<eg><i lang=""ceb"">Ang kinaiyáhan nagganti níyag malantip nga utukan,</i><trans> Nature has endowed him with a keen mind. </trans></eg>
</sense>
<sense n=""3""><number>3</number> <itype>[A12]</itype><trans> win a prize, reward. </trans>
<eg><i lang=""ceb"">Nakagantig bakus ang kampiyun,</i><trans> The champion won a belt.
</trans></eg>
</sense></hom></entry>");
INSERT INTO `wced_head` (entryid, head, normalized_head, type, pos) VALUES (5205, "ganti", "ganti", "m", "nv");
INSERT INTO `wced_translation` (entryid, translation) VALUES (5205, "reward");
INSERT INTO `wced_translation` (entryid, translation) VALUES (5205, "prize");
INSERT INTO `wced_translation` (entryid, translation) VALUES (5205, "natural gift");
INSERT INTO `wced_entry` VALUES (5206, "ganting", "256", "<entry page=""256"" id=""5206""><form id=""ganting"" lang=""ceb"">ganting</form>
<hom role=""n""><pos>n</pos>
<sense n=""0""><trans> k.o. fish.
</trans>
</sense></hom></entry>");
INSERT INTO `wced_head` (entryid, head, normalized_head, type, pos) VALUES (5206, "ganting", "ganting", "m", "n");
INSERT INTO `wced_entry` VALUES (5207, "gantsilyu", "256", "<entry page=""256"" id=""5207""><form id=""gantsilyu"" lang=""ceb"">gantsilyu</form>
<hom>
<sense n=""0""><trans> <xr lang=""ceb"" target=""#gansilyu"">= <sc>gansilyu</sc>.</xr>
</trans>
</sense></hom></entry>");
INSERT INTO `wced_head` (entryid, head, normalized_head, type, pos) VALUES (5207, "gantsilyu", "gantsilyu", "m", "");
INSERT INTO `wced_entry` VALUES (5208, "gantun", "256", "<entry page=""256"" id=""5208""><form id=""gantun"" lang=""ceb"">gantun</form>
<hom role=""n""><pos>n</pos>
<sense n=""0""><trans> <tr>bollard</tr>, a mooring post on the wharf.
</trans>
</sense></hom></entry>");
INSERT INTO `wced_head` (entryid, head, normalized_head, type, pos) VALUES (5208, "gantun", "gantun", "m", "n");
INSERT INTO `wced_translation` (entryid, translation) VALUES (5208, "bollard");
INSERT INTO `wced_entry` VALUES (5209, "gantuung", "256", "<entry page=""256"" id=""5209""><form id=""gantuung"" lang=""ceb"">gantuung</form>
<hom role=""a""><pos>a</pos>
<sense n=""0""><trans> <tr>piled high</tr>. </trans>
<eg><i lang=""ceb"">Gantuung kaáyu ang tápuk sa bulingun,</i><trans> The laundry is piled high. </trans></eg>
</sense></hom>
<hom role=""v""><pos>v</pos>
<sense n=""0""> <itype>[B; b6]</itype><trans> <tr>loom tall</tr>. </trans>
<eg><i lang=""ceb"">Migantuung ang búki digíra sa lawud,</i><trans> The warship loomed high on the ocean.
</trans></eg>
</sense></hom></entry>");
INSERT INTO `wced_head` (entryid, head, normalized_head, type, pos) VALUES (5209, "gantuung", "gantuung", "m", "av");
INSERT INTO `wced_translation` (entryid, translation) VALUES (5209, "piled high");
INSERT INTO `wced_translation` (entryid, translation) VALUES (5209, "loom tall");
INSERT INTO `wced_entry` VALUES (5210, "ganus-a", "256", "<entry page=""256"" id=""5210""><form id=""ganus-a"" lang=""ceb"">ganus-a</form>
<hom>
<sense n=""0""><trans> <xr lang=""ceb"" target=""#kanus-a"">= <sc>kanus-a</sc> (dialectal).</xr>
</trans>
</sense></hom></entry>");
INSERT INTO `wced_head` (entryid, head, normalized_head, type, pos) VALUES (5210, "ganus-a", "ganus-a", "m", "");
INSERT INTO `wced_entry` VALUES (5211, "ganut", "256", "<entry page=""256"" id=""5211""><form id=""gaxnut"" lang=""ceb"">gánut</form>
<hom role=""v""><pos>v</pos>
<sense n=""0""> <itype>[A; a]</itype><trans> </trans>
</sense>
<sense n=""1""><number>1</number><trans> <tr>clear</tr> weeds or grass in an area. </trans>
<eg><i lang=""ceb"">Naggánut sila sa iskuyláhan,</i><trans> They are clearing the weeds in the school yard. </trans></eg>
</sense>
<sense n=""2""><number>2</number><trans> pull a tooth. </trans>
</sense></hom>
<entry><form id=""pagaxnut"" lang=""ceb""><abbr expan=""pagánut"">pa-</abbr></form>
<hom role=""v""><pos>v</pos>
<sense n=""0""> <itype>[A; ac]</itype><trans> have s.o. pull a tooth. </trans>
<eg><i lang=""ceb"">Magpagánut kug tangu,</i><trans> I will have a tooth pulled. </trans></eg>
</sense></hom>
<hom role=""n""><pos>n</pos>
<sense n=""0""><trans> weed-pulling session. </trans>
<eg><i lang=""ceb"">Walay gánut rung hápun,</i><trans> There is no yard work this afternoon. </trans></eg>
</sense></hom></entry>
<entry><form id=""galanutun"" lang=""ceb""><abbr expan=""galanutun"">-l-un(→)</abbr></form>
<hom role=""n""><pos>n</pos>
<sense n=""0""><trans> weeds to be cleared off by pulling.
</trans>
</sense></hom></entry></entry>");
INSERT INTO `wced_head` (entryid, head, normalized_head, type, pos) VALUES (5211, "gánut", "ganut", "m", "v");
INSERT INTO `wced_head` (entryid, head, normalized_head, type, pos) VALUES (5211, "pagánut", "paganut", "s", "vn");
INSERT INTO `wced_head` (entryid, head, normalized_head, type, pos) VALUES (5211, "galanutun", "galanutun", "s", "n");
INSERT INTO `wced_translation` (entryid, translation) VALUES (5211, "clear");
INSERT INTO `wced_entry` VALUES (5212, "ganuy", "256", "<entry page=""256"" id=""5212""><form id=""gaxnuy"" lang=""ceb"">gánuy</form>
<hom role=""v""><pos>v</pos>
<sense n=""1""><number>1</number> <itype>[A; a]</itype><trans> drag, pull s.t. s.w. </trans>
<eg><i lang=""ceb"">Ganúya ang bábuy sa ihawan,</i><trans> Drag the pig to the <pb n=""257""/>slaughterhouse. </trans></eg>
<eg><i lang=""ceb"">Gigánuy ang ákung pangísip sa láing kalibútan,</i><trans> My thoughts were drawn to another world. </trans></eg>
</sense>
<sense n=""2""><number>2</number> <itype>[A; c1]</itype><trans> for s.t. to draw s.o. tenderly to sleep or bring on a pleasant feeling. </trans>
<eg><i lang=""ceb"">Ang LSD nga mugánuy nímu sa pagbáting langitnun,</i><trans> LSD that brings you to a state of heavenly bliss. </trans></eg>
</sense></hom>
<entry><form id=""ganuyan"" lang=""ceb""><abbr expan=""ganuyan"">-an(→)</abbr></form>
<hom role=""n""><pos>n</pos>
<sense n=""0""><trans> k.o. hauling sled consisting only of a platform mounted on runners.
</trans>
</sense></hom></entry></entry>");
INSERT INTO `wced_head` (entryid, head, normalized_head, type, pos) VALUES (5212, "gánuy", "ganuy", "m", "v");
INSERT INTO `wced_head` (entryid, head, normalized_head, type, pos) VALUES (5212, "ganuyan", "ganuyan", "s", "n");
INSERT INTO `wced_entry` VALUES (5213, "gap-ak", "257", "<entry page=""257"" id=""5213""><form id=""gap-ak"" lang=""ceb"">gap-ak</form>
<hom role=""v""><pos>v</pos>
<sense n=""0""> <itype>[A; a]</itype><trans> break up lumps by treading on them. </trans>
<eg><i lang=""ceb"">Kábaw ang maggap-ak sa pilápil,</i><trans> The carabao breaks lumps of mud in the rice paddy.
</trans></eg>
</sense></hom></entry>");
INSERT INTO `wced_head` (entryid, head, normalized_head, type, pos) VALUES (5213, "gap-ak", "gap-ak", "m", "v");
INSERT INTO `wced_entry` VALUES (5214, "gapang", "257", "<entry page=""257"" id=""5214""><form id=""gapang"" lang=""ceb"">gapang</form>
<hom role=""v""><pos>v</pos>
<sense n=""0""> <itype>[B6]</itype><trans> for the big toe to be so deformed as to stick outward. </trans>
<eg><i lang=""ceb"">Migapang ang kumagkù sa tigúwang nga wà makatilawg sapátus,</i><trans> The big toes of the old man who has never worn shoes are sticking out sidewise. </trans></eg>
</sense></hom>
<hom role=""n""><pos>n</pos>
<sense n=""0""><trans> big toe sticking out sidewise. </trans>
<eg><i lang=""ceb"">Nagsiwil ang gapang níyang kumagkù,</i><trans> His deformed big toe is sticking out to the side. </trans></eg>
</sense></hom>
<hom role=""n""><pos>n</pos>
<sense n=""0""><trans> k.o. mullet.
</trans>
</sense></hom></entry>");
INSERT INTO `wced_head` (entryid, head, normalized_head, type, pos) VALUES (5214, "gapang", "gapang", "m", "vnn");
INSERT INTO `wced_entry` VALUES (5215, "gapas", "257", "<entry page=""257"" id=""5215""><form id=""gaxpas"" lang=""ceb"">gápas</form>
<hom role=""n""><pos>n</pos>
<sense n=""1""><number>1</number><trans> k.o. medium-sized tree which produces cotton. </trans>
</sense>
<sense n=""2""><number>2</number><trans> prepared cotton for treatment of wounds. </trans>
</sense></hom>
<entry><form id=""gapas"" lang=""ceb""><abbr expan=""gapas"">(→)</abbr></form>
<hom role=""v""><pos>v</pos>
<sense n=""1""><number>1</number> <itype>[B4]</itype><trans> for rice plants to fail to develop grains. </trans>
<eg><i lang=""ceb"">Migapas ang ámung humay tungud sa huwaw,</i><trans> Our rice plants didn’t develop grains due to the drought. </trans></eg>
</sense>
<sense n=""2""><number>2</number> <itype>[A; a4]</itype><trans> for cloth to be worn to the point that lint is showing. </trans>
<eg><i lang=""ceb"">Ug mugapas (gapasun) ang panaptun, panahun nang ipalit ug bag-u,</i><trans> If the cloth wears, it’s time to buy new clothes. </trans></eg>
</sense></hom></entry>
<entry><form id=""gapasan"" lang=""ceb""><abbr expan=""gapasan"">-an(→)</abbr></form>
<hom role=""n""><pos>n</pos>
<sense n=""1""><number>1</number><trans> cotton fields. </trans>
</sense>
<sense n=""2""><number>2</number><trans> dart of a blow gun (so called from the piece of cotton tied to the end). </trans>
</sense>
<sense n=""2a""><number>2a</number><trans> <tr>arrow</tr>. </trans>
</sense></hom></entry>
<entry><form id=""gapasun"" lang=""ceb""><abbr expan=""gapasun"">-un(→)</abbr></form>
<hom role=""a""><pos>a</pos>
<sense n=""0""><trans> full of lint. </trans>
</sense></hom></entry>
<entry><form id=""gapasgaxpas"" lang=""ceb"">gapasgápas</form>
<hom role=""n""><pos>n</pos>
<sense n=""0""><trans> k.o. porgy with insipid cotton-like flesh: <bio>Monotaxis grandoculis</bio>. </trans>
</sense></hom></entry>
<entry><form id=""gapasgapas"" lang=""ceb"">gapasgapas</form>
<hom>
<sense n=""0""><trans> <xr lang=""ceb"" target=""#kadlum_ihaxlas"">= <sc>kadlum ihálas</sc>.</xr> <xr lang=""ceb"" target=""#kadlum""><ix>see</ix> <sc>kadlum</sc>.</xr>
</trans>
</sense></hom></entry></entry>");
INSERT INTO `wced_head` (entryid, head, normalized_head, type, pos) VALUES (5215, "gápas", "gapas", "m", "n");
INSERT INTO `wced_head` (entryid, head, normalized_head, type, pos) VALUES (5215, "gapas", "gapas", "s", "v");
INSERT INTO `wced_head` (entryid, head, normalized_head, type, pos) VALUES (5215, "gapasan", "gapasan", "s", "n");
INSERT INTO `wced_head` (entryid, head, normalized_head, type, pos) VALUES (5215, "gapasun", "gapasun", "s", "a");
INSERT INTO `wced_head` (entryid, head, normalized_head, type, pos) VALUES (5215, "gapasgápas", "gapasgapas", "s", "n");
INSERT INTO `wced_head` (entryid, head, normalized_head, type, pos) VALUES (5215, "gapasgapas", "gapasgapas", "s", "");
INSERT INTO `wced_translation` (entryid, translation) VALUES (5215, "arrow");
INSERT INTO `wced_entry` VALUES (5216, "gapi1", "257", "<entry page=""257"" id=""5216""><form id=""gaxpiq"" lang=""ceb"">gápì<sub>1</sub></form>
<hom role=""v""><pos>v</pos>
<sense n=""0""> <itype>[A2C12; b6]</itype><trans> take sides with s.o. in an argument.
</trans>
</sense></hom></entry>");
INSERT INTO `wced_head` (entryid, head, normalized_head, type, pos) VALUES (5216, "gápì", "gapi", "s", "v");
INSERT INTO `wced_entry` VALUES (5217, "gapi2", "257", "<entry page=""257"" id=""5217""><form id=""gaxpiq2"" lang=""ceb"">gápì<sub>2</sub></form>
<hom role=""v""><pos>v</pos>
<sense n=""0""> <itype>[A; c1]</itype><trans> overcome completely. </trans>
<eg><i lang=""ceb"">Siya ang nangúlu sa naggápì sa mga Huks,</i><trans> He led the men who defeated the Huks.
</trans></eg>
</sense></hom></entry>");
INSERT INTO `wced_head` (entryid, head, normalized_head, type, pos) VALUES (5217, "gápì", "gapi", "s", "v");
INSERT INTO `wced_entry` VALUES (5218, "gapin", "257", "<entry page=""257"" id=""5218""><form id=""gaxpin"" lang=""ceb"">gápin</form>
<hom role=""v""><pos>v</pos>
<sense n=""0""> <itype>[A; b6]</itype><trans> <tr>side with</tr>, <tr>favor</tr> s.o. in a controversy or quarrel, etc. </trans>
<eg><i lang=""ceb"">Ang kuntistant nga íyang gigapínan,</i><trans> The contestant she favored. </trans></eg>
</sense></hom>
<entry><form id=""gaxpinay_ginapinay"" lang=""ceb""><abbr expan=""gápinay"">-ay</abbr>, <abbr expan=""ginapinay"">-in-ay</abbr></form>
<hom role=""v""><pos>v</pos>
<sense n=""0""> <itype>[C2]</itype><trans> take sides with their respective favorites. </trans>
<eg><i lang=""ceb"">Pag-áway sa magtiáyun, nagginapinay (naggapinay) ang ílang isig ka ginikánan,</i><trans> When the couple quarreled, their parents took sides with them.
</trans></eg>
</sense></hom></entry></entry>");
INSERT INTO `wced_head` (entryid, head, normalized_head, type, pos) VALUES (5218, "gápin", "gapin", "m", "v");
INSERT INTO `wced_head` (entryid, head, normalized_head, type, pos) VALUES (5218, "gápinay", "gapinay", "s", "v");
INSERT INTO `wced_head` (entryid, head, normalized_head, type, pos) VALUES (5218, "ginapinay", "ginapinay", "s", "v");
INSERT INTO `wced_translation` (entryid, translation) VALUES (5218, "side with");
INSERT INTO `wced_translation` (entryid, translation) VALUES (5218, "favor");
INSERT INTO `wced_entry` VALUES (5219, "gapnud", "257", "<entry page=""257"" id=""5219""><form id=""gapnud"" lang=""ceb"">gapnud</form>
<hom role=""n""><pos>n</pos>
<sense n=""0""><trans> <tr>flotsam</tr>, s.t. drifting in the sea.
</trans>
</sense></hom></entry>");
INSERT INTO `wced_head` (entryid, head, normalized_head, type, pos) VALUES (5219, "gapnud", "gapnud", "m", "n");
INSERT INTO `wced_translation` (entryid, translation) VALUES (5219, "flotsam");
INSERT INTO `wced_entry` VALUES (5220, "gapu", "257", "<entry page=""257"" id=""5220""><form id=""gapuq"" lang=""ceb"">gapù</form>
<hom role=""n""><pos>n</pos>
<sense n=""1""><number>1</number><trans> <tr>driftwood</tr>, twigs or bamboo pieces found beside the seashore. </trans>
</sense>
<sense n=""2""><number>2</number><trans> <tr>weak</tr>, easily broken. </trans>
<eg><i lang=""ceb"">Hápit na mahugnù ang taytáyang gapù,</i><trans> The weak bridge is about to collapse. </trans></eg>
</sense>
<sense n=""3""><number>3</number><trans> <tr>sickly</tr>, weak due to old age, brittle-boned. </trans>
</sense>
<sense n=""4""><number>4</number><trans> toothless, hornless in old age. </trans>
</sense></hom>
<hom role=""v""><pos>v</pos>
<sense n=""0""> <itype>[B2; b6]</itype><trans> </trans>
</sense>
<sense n=""1""><number>1</number><trans> be weak. </trans>
<eg><i lang=""ceb"">Nagapù (migapù) ang silya kay kanúnay níyang gihiragan,</i><trans> The chair became weak because he kept leaning back on it. </trans></eg>
</sense>
<sense n=""2""><number>2</number><trans> for a body to become sickly. </trans>
<eg><i lang=""ceb"">Mugapù ang láwas ug dílì ampíngan,</i><trans> The body will be sickly if not taken care of. </trans></eg>
</sense></hom>
<entry><form id=""panggapuq"" lang=""ceb""><abbr expan=""panggapù"">paN-</abbr></form>
<hom role=""v""><pos>v</pos>
<sense n=""0""> <itype>[A; b6]</itype><trans> lose one’s teeth, horn. </trans>
<eg><i lang=""ceb"">Nanggápù na si Lúlu,</i><trans> Grandpa is losing his teeth now. </trans></eg>
<eg><i lang=""ceb"">Gipanggapúan na ang kábawng landay,</i><trans> The old carabao has lost its horns.
</trans></eg>
</sense></hom></entry></entry>");
INSERT INTO `wced_head` (entryid, head, normalized_head, type, pos) VALUES (5220, "gapù", "gapu", "m", "nv");
INSERT INTO `wced_head` (entryid, head, normalized_head, type, pos) VALUES (5220, "panggapù", "panggapu", "s", "v");
INSERT INTO `wced_translation` (entryid, translation) VALUES (5220, "driftwood");
INSERT INTO `wced_translation` (entryid, translation) VALUES (5220, "weak");
INSERT INTO `wced_translation` (entryid, translation) VALUES (5220, "sickly");
INSERT INTO `wced_entry` VALUES (5221, "gapud1", "257", "<entry page=""257"" id=""5221""><form id=""gapud"" lang=""ceb"">gapud<sub>1</sub></form>
<hom role=""a""><pos>a</pos>
<sense n=""0""><trans> weak, easily broken due to age. </trans>
<eg><i lang=""ceb"">Gapud na ang ngípun sa tigúwang,</i><trans> The old man’s teeth break off easily<corr>.</corr> </trans></eg>
</sense></hom>
<hom role=""v""><pos>v</pos>
<sense n=""0""> <itype>[B23(1); b6]</itype><trans> be brittle or easily broken due to age. </trans>
<eg><i lang=""ceb"">Migapud (nagapud) ang tiil sa dáang lamísa,</i><trans> The legs of the old table are weak. </trans></eg>
<eg><i lang=""ceb"">Nagkagapud ang dukumintu nga gitipígan,</i><trans> The old document is getting brittle.
</trans></eg>
</sense></hom></entry>");
INSERT INTO `wced_head` (entryid, head, normalized_head, type, pos) VALUES (5221, "gapud", "gapud", "s", "av");
INSERT INTO `wced_entry` VALUES (5222, "gapud2", "257", "<entry page=""257"" id=""5222""><form id=""gapud2"" lang=""ceb"">gapud<sub>2</sub></form>
<hom role=""v""><pos>v</pos>
<sense n=""0""> <itype>[A; a]</itype><trans> cut firewood in a woody area. </trans>
<eg><i lang=""ceb"">Mugapud aku sa banwa,</i><trans> I’ll cut firewood in the forest.
</trans></eg>
</sense></hom></entry>");
INSERT INTO `wced_head` (entryid, head, normalized_head, type, pos) VALUES (5222, "gapud", "gapud", "s", "v");
INSERT INTO `wced_entry` VALUES (5223, "gapud3, gapud", "257", "<entry page=""257"" id=""5223""><form id=""gapud3_gaxpud"" lang=""ceb"">gapud<sub>3</sub>, gápud</form>
<hom role=""v""><pos>v</pos>
<sense n=""0""> <itype>[A2; b]</itype><trans> join in, associate with a group. </trans>
<eg><i lang=""ceb"">Mugapud ku sa ílang piknik bísag wà ku imbitaha,</i><trans> I’ll go with them on their picnic, even if they don’t invite me. </trans></eg>
<eg><i lang=""ceb"">Mga pubri hinúuy ímung gigapúran nga wà kay mapaábut,</i><trans> You prefer to mix with poor people though there’s nothing you can get from them.
</trans></eg>
</sense></hom></entry>");
INSERT INTO `wced_head` (entryid, head, normalized_head, type, pos) VALUES (5223, "gapud", "gapud", "s", "v");
INSERT INTO `wced_head` (entryid, head, normalized_head, type, pos) VALUES (5223, "gápud", "gapud", "s", "v");
INSERT INTO `wced_entry` VALUES (5224, "gapugapu", "257", "<entry page=""257"" id=""5224""><form id=""gapugapu"" lang=""ceb"">gapugapu</form>
<hom role=""v""><pos>v</pos>
<sense n=""0""> <itype>[B146; a2]</itype><trans> be rough-skinned due to scars, scales, calluses. </trans>
<eg><i lang=""ceb"">Nindut siyag bitíis ugáling kay naggapugapu lang tungud sa daghang úwat,</i><trans> She has shapely legs, only they are covered with scars.
</trans></eg>
</sense></hom></entry>");
INSERT INTO `wced_head` (entryid, head, normalized_head, type, pos) VALUES (5224, "gapugapu", "gapugapu", "m", "v");
INSERT INTO `wced_entry` VALUES (5225, "gapung", "257", "<entry page=""257"" id=""5225""><form id=""gaxpung"" lang=""ceb"">gápung</form>
<hom>
<sense n=""0""><trans> <xr lang=""ceb"" target=""#gixpung"">= <sc>gípung</sc>.</xr>
</trans>
</sense></hom></entry>");
INSERT INTO `wced_head` (entryid, head, normalized_head, type, pos) VALUES (5225, "gápung", "gapung", "m", "");
INSERT INTO `wced_entry` VALUES (5226, "gapus", "257", "<entry page=""257"" id=""5226""><form id=""gaxpus"" lang=""ceb"">gápus</form>
<hom role=""v""><pos>v</pos>
<sense n=""1""><number>1</number> <itype>[A; a1]</itype><trans> <tr>tie up</tr> to restrict motion. </trans>
<eg><i lang=""ceb"">Siyay naggápus sa bábuy nga ibaligyà,</i><trans> He tied up the pig to be sold. </trans></eg>
<eg><i lang=""ceb"">Gapúsag maáyu ang íyang kamut,</i><trans> Bind his hands securely. </trans></eg>
</sense>
<sense n=""2""><number>2</number> <itype>[A; a3]</itype><trans> tie up with preoccupation. </trans>
<eg><i lang=""ceb"">Nagápus siya sa trabáhu,</i><trans> He is tied up with his job. </trans></eg>
</sense>
<sense n=""2a""><number>2a</number><trans> enslave with sufferings, difficulties, and the like. </trans>
<eg><i lang=""ceb"">Nagápus sila sa kawad-un,</i><trans> They are enslaved by poverty. </trans></eg>
</sense>
<sense n=""2b""><number>2b</number> <form id=""gaxpus_ang_kwarta"" lang=""ceb""><abbr expan=""gápus"">—</abbr> ang kwarta</form><trans> </trans>
</sense></hom>
<hom role=""v""><pos>v</pos>
<sense n=""0""> <itype>[AP; a3]</itype><trans> tie up capital. </trans>
<eg><i lang=""ceb"">Magápus ang ímung kwarta ug ipalit nímug yútà,</i><trans> Your money will be tied up if you buy land with it. </trans></eg>
</sense></hom>
<entry><form id=""gapus"" lang=""ceb""><abbr expan=""gapus"">(→)</abbr></form>
<hom role=""n""><pos>n</pos>
<sense n=""0""><trans> s.t. used to tie with.
</trans>
</sense></hom></entry></entry>");
INSERT INTO `wced_head` (entryid, head, normalized_head, type, pos) VALUES (5226, "gápus", "gapus", "m", "vv");
INSERT INTO `wced_head` (entryid, head, normalized_head, type, pos) VALUES (5226, "gápus ang kwarta", "gapus ang kwarta", "s", "");
INSERT INTO `wced_head` (entryid, head, normalized_head, type, pos) VALUES (5226, "gapus", "gapus", "s", "n");
INSERT INTO `wced_translation` (entryid, translation) VALUES (5226, "tie up");
INSERT INTO `wced_entry` VALUES (5227, "gara", "257", "<entry page=""257"" id=""5227""><form id=""gaxraq"" lang=""ceb"">gárà</form>
<hom role=""v""><pos>v</pos>
<sense n=""0""> <itype>[A2; b6]</itype><trans> do s.t. all the more in response to an admonition or flattery. </trans>
<eg><i lang=""ceb"">Ug badlúngun, mugárà hinúun,</i><trans> If you tell him to stop, he does it all the more. </trans></eg>
<eg><i lang=""ceb"">Mikaransay pagsamut ang hubug kay migárà nga giabibáhan,</i><trans> The drunk danced all the more because he was egged on by the applause. </trans></eg>
</sense></hom>
<entry><form id=""garaqgaraq"" lang=""ceb"">garàgarà</form>
<hom role=""v""><pos>v</pos>
<sense n=""0""> <itype>[A1]</itype><trans> make a display of exaggerated behavior. </trans>
</sense></hom></entry>
<entry><form id=""garaqgaraun"" lang=""ceb"">garàgaraun</form>
<hom role=""a""><pos>a</pos>
<sense n=""0""><trans> easily moved to do s.t. inappropriate <pb n=""258""/>or beyond one’s capacity. </trans>
<eg><i lang=""ceb"">Garagaraun man laging mipalawum nga dì kamaung mulanguy,</i><trans> He was so foolish as to go into deep water when he didn’t know how to swim.
</trans></eg>
</sense></hom></entry></entry>");
INSERT INTO `wced_head` (entryid, head, normalized_head, type, pos) VALUES (5227, "gárà", "gara", "m", "v");
INSERT INTO `wced_head` (entryid, head, normalized_head, type, pos) VALUES (5227, "garàgarà", "garagara", "s", "v");
INSERT INTO `wced_head` (entryid, head, normalized_head, type, pos) VALUES (5227, "garàgaraun", "garagaraun", "s", "a");
INSERT INTO `wced_entry` VALUES (5228, "garab", "258", "<entry page=""258"" id=""5228""><form id=""gaxrab"" lang=""ceb"">gárab</form>
<hom role=""a""><pos>a</pos>
<sense n=""0""><trans> <tr>bragging</tr>, <tr>boastful</tr>. </trans>
</sense></hom>
<hom role=""v""><pos>v</pos>
<sense n=""0""> <itype>[A2; c]</itype><trans> <tr>brag</tr>, <tr>boast</tr>. </trans>
<eg><i lang=""ceb"">Migárab si Lítu kay nakahandrid,</i><trans> Lito started to brag because he got one hundred. </trans></eg>
</sense></hom>
<entry><form id=""pagaxrab"" lang=""ceb""><abbr expan=""pagárab"">pa-</abbr></form>
<hom role=""v""><pos>v</pos>
<sense n=""0""> <itype>[A; c]</itype><trans> brag about s.t. </trans>
<eg><i lang=""ceb"">Íyang gipagárab ang singsing níyang diyamanti,</i><trans> He brags of his diamond ring. </trans></eg>
</sense></hom></entry>
<entry><form id=""gaxrabun"" lang=""ceb""><abbr expan=""gárabun"">-un</abbr></form>
<hom role=""n""><pos>n</pos>
<sense n=""0""><trans> boastful person. </trans>
</sense></hom>
<hom role=""v""><pos>v</pos>
<sense n=""0""> <itype>[B2; b6]</itype><trans> be, consider boastful.
</trans>
</sense></hom></entry></entry>");
INSERT INTO `wced_head` (entryid, head, normalized_head, type, pos) VALUES (5228, "gárab", "garab", "m", "av");
INSERT INTO `wced_head` (entryid, head, normalized_head, type, pos) VALUES (5228, "pagárab", "pagarab", "s", "v");
INSERT INTO `wced_head` (entryid, head, normalized_head, type, pos) VALUES (5228, "gárabun", "garabun", "s", "nv");
INSERT INTO `wced_translation` (entryid, translation) VALUES (5228, "bragging");
INSERT INTO `wced_translation` (entryid, translation) VALUES (5228, "boastful");
INSERT INTO `wced_translation` (entryid, translation) VALUES (5228, "brag");
INSERT INTO `wced_translation` (entryid, translation) VALUES (5228, "boast");
INSERT INTO `wced_entry` VALUES (5229, "garaba", "258", "<entry page=""258"" id=""5229""><form id=""garaxba"" lang=""ceb"">garába</form>
<hom>
<sense n=""0""><trans> <xr lang=""ceb"" target=""#graxba"">= <sc>grába</sc>.</xr>
</trans>
</sense></hom></entry>");
INSERT INTO `wced_head` (entryid, head, normalized_head, type, pos) VALUES (5229, "garába", "garaba", "m", "");
INSERT INTO `wced_entry` VALUES (5230, "garabi", "258", "<entry page=""258"" id=""5230""><form id=""garaxbi"" lang=""ceb"">garábi</form>
<hom>
<sense n=""0""><trans> <xr lang=""ceb"" target=""#graxbi"">= <sc>grábi</sc>.</xr>
</trans>
</sense></hom></entry>");
INSERT INTO `wced_head` (entryid, head, normalized_head, type, pos) VALUES (5230, "garábi", "garabi", "m", "");
INSERT INTO `wced_entry` VALUES (5231, "garabu", "258", "<entry page=""258"" id=""5231""><form id=""garaxbu"" lang=""ceb"">garábu</form>
<hom role=""n""><pos>n</pos>
<sense n=""0""><trans> k.o. aromatic herb often used for spicing s.t. roasted.
</trans>
</sense></hom></entry>");
INSERT INTO `wced_head` (entryid, head, normalized_head, type, pos) VALUES (5231, "garábu", "garabu", "m", "n");
INSERT INTO `wced_entry` VALUES (5232, "garahi", "258", "<entry page=""258"" id=""5232""><form id=""garaxhi"" lang=""ceb"">garáhi</form>
<hom role=""n""><pos>n</pos>
<sense n=""0""><trans> garage, place for storage or shelter of cars. </trans>
</sense></hom>
<hom role=""v""><pos>v</pos>
<sense n=""1""><number>1</number> <itype>[AP; c]</itype><trans> put s.t. into the garage. </trans>
<eg><i lang=""ceb"">Igaráhi ang mutursaykul,</i><trans> Put the motorcycle in the garage. </trans></eg>
</sense>
<sense n=""2""><number>2</number> <itype>[A2; c6]</itype><trans> for public transportation to go in the garage for the night. </trans>
<eg><i lang=""ceb"">Mugaráhi na ku kay gabíi na,</i><trans> I’m going to the garage because it’s late. </trans></eg>
</sense>
<sense n=""3""><number>3</number> <itype>[A2C12]</itype><trans> go home, esp. to sleep. </trans>
<eg><i lang=""ceb"">Mugaráhi na ku kay katulgun na,</i><trans> I’ll go in now because I’m sleepy. </trans></eg>
</sense></hom>
<entry><form id=""garahian_garahiaxnan"" lang=""ceb"">garahian, garahiánan</form>
<hom>
<sense n=""0""><trans> <xr lang=""ceb"" target=""#garaxhi"">= <sc>garáhi</sc>, <i lang=""ceb"">n</i>.</xr>
</trans>
</sense></hom></entry></entry>");
INSERT INTO `wced_head` (entryid, head, normalized_head, type, pos) VALUES (5232, "garáhi", "garahi", "m", "nv");
INSERT INTO `wced_head` (entryid, head, normalized_head, type, pos) VALUES (5232, "garahian", "garahian", "s", "");
INSERT INTO `wced_head` (entryid, head, normalized_head, type, pos) VALUES (5232, "garahiánan", "garahianan", "s", "");
INSERT INTO `wced_entry` VALUES (5233, "garakgarak", "258", "<entry page=""258"" id=""5233""><form id=""garakgarak"" lang=""ceb"">garakgarak</form>
<hom role=""a""><pos>a</pos>
<sense n=""0""><trans> rough, uneven surface. </trans>
</sense></hom>
<hom role=""v""><pos>v</pos>
<sense n=""0""> <itype>[B; b56]</itype><trans> for a surface to become rough and uneven. </trans>
<eg><i lang=""ceb"">Mugarakgarak ang nawung basta mabúlit sa bugas,</i><trans> Your face will become rough if it is covered with acne. </trans></eg>
<eg><i lang=""ceb"">Gigarakgarak (gigarakgarakan) lang sa gubyirnu ang karsáda kay ígù ra dyung gigrába,</i><trans> The government just made it a rough road; they only put gravel on it. </trans></eg>
</sense></hom>
<entry><form id=""garakgarakun"" lang=""ceb""><abbr expan=""garakgarakun"">-un</abbr></form>
<hom role=""a""><pos>a</pos>
<sense n=""0""><trans> rough, uneven in surface.
</trans>
</sense></hom></entry></entry>");
INSERT INTO `wced_head` (entryid, head, normalized_head, type, pos) VALUES (5233, "garakgarak", "garakgarak", "m", "av");
INSERT INTO `wced_head` (entryid, head, normalized_head, type, pos) VALUES (5233, "garakgarakun", "garakgarakun", "s", "a");
INSERT INTO `wced_entry` VALUES (5234, "garal", "258", "<entry page=""258"" id=""5234""><form id=""garal"" lang=""ceb"">garal</form>
<hom role=""a""><pos>a</pos>
<sense n=""0""><trans> unwittingly stupid. Not doing what others would expect. </trans>
<eg><i lang=""ceb"">Garála níya uy. Gisúgù ku níya, nalímut paghátag kwarta,</i><trans> He sure is a dope. He asks me to get s.t. but forgets to give me the money. </trans></eg>
</sense></hom>
<entry><form id=""kagaral"" lang=""ceb""><abbr expan=""kagaral"">ka-</abbr></form>
<hom>
<sense n=""0""><trans> state of being foolish. </trans>
</sense></hom></entry>
<entry><form id=""sa_ixmung_--"" lang=""ceb"">sa ímung —</form>
<hom>
<sense n=""0""><trans> you idiot! (said in a friendly way). </trans>
<eg><i lang=""ceb"">Limpiyu sa ímung kagaral. Kahúgaw íni,</i><trans> What do you mean clean? It’s filthy.
</trans></eg>
</sense></hom></entry></entry>");
INSERT INTO `wced_head` (entryid, head, normalized_head, type, pos) VALUES (5234, "garal", "garal", "m", "a");
INSERT INTO `wced_head` (entryid, head, normalized_head, type, pos) VALUES (5234, "kagaral", "kagaral", "s", "");
INSERT INTO `wced_head` (entryid, head, normalized_head, type, pos) VALUES (5234, "sa ímung —", "sa imung —", "s", "");
INSERT INTO `wced_entry` VALUES (5235, "garamal", "258", "<entry page=""258"" id=""5235""><form id=""garamal"" lang=""ceb"">garamal</form>
<hom role=""v""><pos>v</pos>
<sense n=""0""> <itype>[A; bc]</itype><trans> bind, tie tightly. </trans>
<eg><i lang=""ceb"">Ayúhag garamal ang bábuy arun dílì makabuhì,</i><trans> Tie the pig well so that it won’t get loose. </trans></eg>
<eg><i lang=""ceb"">Garamali ang kahun arun dílì mangayabu ang sulud,</i><trans> Tie the box securely so the contents won’t spill out.
</trans></eg>
</sense></hom></entry>");
INSERT INTO `wced_head` (entryid, head, normalized_head, type, pos) VALUES (5235, "garamal", "garamal", "m", "v");
INSERT INTO `wced_entry` VALUES (5236, "garan, garan", "258", "<entry page=""258"" id=""5236""><form id=""garan_gaxran"" lang=""ceb"">garan, gáran</form>
<hom role=""n""><pos>n</pos>
<sense n=""0""><trans> <tr>garand rifle</tr>, .30 caliber M1.
</trans>
</sense></hom></entry>");
INSERT INTO `wced_head` (entryid, head, normalized_head, type, pos) VALUES (5236, "garan", "garan", "s", "n");
INSERT INTO `wced_head` (entryid, head, normalized_head, type, pos) VALUES (5236, "gáran", "garan", "s", "n");
INSERT INTO `wced_translation` (entryid, translation) VALUES (5236, "garand rifle");
INSERT INTO `wced_entry` VALUES (5237, "garang, garang", "258", "<entry page=""258"" id=""5237""><form id=""garang_gaxrang"" lang=""ceb"">garang, gárang</form>
<hom role=""n""><pos>n</pos>
<sense n=""0""><trans> bloated, tight feeling in the stomach. </trans>
</sense></hom>
<hom role=""v""><pos>v</pos>
<sense n=""0""> <itype>[B6; a4b4]</itype><trans> have gas pains. </trans>
<eg><i lang=""ceb"">Garangun (mugarang) ang ímung tiyan ug magpalabi kag káun,</i><trans> You will get a bloated stomach if you eat too much. </trans></eg>
<eg><i lang=""ceb"">Garangan ka sa tiyan,</i><trans> You will get a bloated feeling in your stomach.
</trans></eg>
</sense></hom></entry>");
INSERT INTO `wced_head` (entryid, head, normalized_head, type, pos) VALUES (5237, "garang", "garang", "s", "nv");
INSERT INTO `wced_head` (entryid, head, normalized_head, type, pos) VALUES (5237, "gárang", "garang", "s", "nv");
INSERT INTO `wced_entry` VALUES (5238, "garanggarang", "258", "<entry page=""258"" id=""5238""><form id=""garanggarang"" lang=""ceb"">garanggarang</form>
<hom role=""a""><pos>a</pos>
<sense n=""0""><trans> rough, uneven in surface. </trans>
<eg><i lang=""ceb"">Garanggarang ang ákung nawung sa bugas,</i><trans> My face is all rough with acne. </trans></eg>
</sense></hom>
<hom role=""v""><pos>v</pos>
<sense n=""0""> <itype>[B12; c1]</itype><trans> for a surface to be, become rough and uneven. </trans>
<eg><i lang=""ceb"">Mugaranggarang ang lamísag tadtáran sa karni,</i><trans> The table will get all scratched up if you cut the meat on top of it.
</trans></eg>
</sense></hom></entry>");
INSERT INTO `wced_head` (entryid, head, normalized_head, type, pos) VALUES (5238, "garanggarang", "garanggarang", "m", "av");
INSERT INTO `wced_entry` VALUES (5239, "garanil1", "258", "<entry page=""258"" id=""5239""><form id=""garanil"" lang=""ceb"">garanil<sub>1</sub></form>
<hom role=""n""><pos>n</pos>
<sense n=""0""><trans> <tr>granary</tr>, room or house for storing grain. </trans>
</sense></hom>
<hom role=""v""><pos>v</pos>
<sense n=""0""> <itype>[A13; a2]</itype><trans> make into, add a granary.
</trans>
</sense></hom></entry>");
INSERT INTO `wced_head` (entryid, head, normalized_head, type, pos) VALUES (5239, "garanil", "garanil", "s", "nv");
INSERT INTO `wced_translation` (entryid, translation) VALUES (5239, "granary");
INSERT INTO `wced_entry` VALUES (5240, "garanil2", "258", "<entry page=""258"" id=""5240""><form id=""garanil2"" lang=""ceb"">garanil<sub>2</sub></form>
<hom role=""n""><pos>n</pos>
<sense n=""0""><trans> marking gauge, a carpenter’s tool for drawing a line parallel to the edge of s.t. </trans>
</sense></hom>
<hom role=""v""><pos>v</pos>
<sense n=""1""><number>1</number> <itype>[A; b(1)]</itype><trans> line s.t. with a marking gauge. </trans>
</sense>
<sense n=""2""><number>2</number> <itype>[a12]</itype><trans> make into a marking gauge.
</trans>
</sense></hom></entry>");
INSERT INTO `wced_head` (entryid, head, normalized_head, type, pos) VALUES (5240, "garanil", "garanil", "s", "nv");
INSERT INTO `wced_entry` VALUES (5241, "garantisadu", "258", "<entry page=""258"" id=""5241""><form id=""garantisaxdu"" lang=""ceb"">garantisádu</form>
<hom role=""a""><pos>a</pos>
<sense n=""0""><trans> having the quality that assures satisfaction. </trans>
<eg><i lang=""ceb"">Garantisádung rilu,</i><trans> A watch of guaranteed quality. </trans></eg>
<eg><i lang=""ceb"">Garantisádung initsahan. Dì musipyat,</i><trans> He is a sure-fire shot. He can’t miss. </trans></eg>
</sense></hom>
<hom role=""v""><pos>v</pos>
<sense n=""0""> <itype>[B126]</itype><trans> be dependable in quality or quantity.
</trans>
</sense></hom></entry>");
INSERT INTO `wced_head` (entryid, head, normalized_head, type, pos) VALUES (5241, "garantisádu", "garantisadu", "m", "av");
INSERT INTO `wced_entry` VALUES (5242, "garantiya", "258", "<entry page=""258"" id=""5242""><form id=""garantixya"" lang=""ceb"">garantíya</form>
<hom role=""n""><pos>n</pos>
<sense n=""1""><number>1</number><trans> collateral on a loan. </trans>
</sense>
<sense n=""2""><number>2</number><trans> guarantee s.t. as asserted. </trans>
<eg><i lang=""ceb"">Garantíya sa pridyidir,</i><trans> A guarantee on the refrigerator. </trans></eg>
</sense></hom>
<hom role=""v""><pos>v</pos>
<sense n=""1""><number>1</number> <itype>[A; c]</itype><trans> guarantee a loan. </trans>
<eg><i lang=""ceb"">Igarantíya níya ang íyang yútà sa íyang útang,</i><trans> He will use his lands as collateral on his loan. </trans></eg>
</sense>
<sense n=""2""><number>2</number> <itype>[A; c]</itype><trans> give assurance that s.t. is as asserted. </trans>
<eg><i lang=""ceb"">Akuy mugarantíya sa íyang pagkakasalígan,</i><trans> I’ll stand as guarantee to his trustworthiness.
</trans></eg>
</sense></hom></entry>");
INSERT INTO `wced_head` (entryid, head, normalized_head, type, pos) VALUES (5242, "garantíya", "garantiya", "m", "nv");
INSERT INTO `wced_entry` VALUES (5243, "garapa", "258", "<entry page=""258"" id=""5243""><form id=""garaxpa"" lang=""ceb"">garápa</form>
<hom role=""n""><pos>n</pos>
<sense n=""0""><trans> small bottle or vial.
</trans>
</sense></hom></entry>");
INSERT INTO `wced_head` (entryid, head, normalized_head, type, pos) VALUES (5243, "garápa", "garapa", "m", "n");
INSERT INTO `wced_entry` VALUES (5244, "garapinyira", "258", "<entry page=""258"" id=""5244""><form id=""garapinyixra"" lang=""ceb"">garapinyíra</form>
<hom role=""n""><pos>n</pos>
<sense n=""0""><trans> rotary type ice cream freezer.
</trans>
</sense></hom></entry>");
INSERT INTO `wced_head` (entryid, head, normalized_head, type, pos) VALUES (5244, "garapinyíra", "garapinyira", "m", "n");
INSERT INTO `wced_entry` VALUES (5245, "garapun", "258", "<entry page=""258"" id=""5245""><form id=""garapun"" lang=""ceb"">garapun</form>
<hom role=""n""><pos>n</pos>
<sense n=""0""><trans> glass jar. </trans>
</sense></hom>
<hom role=""v""><pos>v</pos>
<sense n=""1""><number>1</number> <itype>[B23(1)6]</itype><trans> be a jarful. </trans>
<eg><i lang=""ceb"">Hápit mugarapun (magarapun) ang nahurut nílang tubà,</i><trans> They consumed almost a jarful of toddy. </trans></eg>
</sense>
<sense n=""2""><number>2</number> <itype>[A; c1]</itype><trans> put in glass jars. </trans>
<eg><i lang=""ceb"">Igarapun (garapuna) ang pinyátu,</i><trans> Put the peanut brittle in glass jars. </trans></eg>
</sense></hom>
<entry><form id=""ginarapun"" lang=""ceb""><abbr expan=""ginarapun"">-in-</abbr></form>
<hom role=""n""><pos>n</pos>
<sense n=""0""><trans> put in a glass jar. </trans>
</sense></hom>
<hom role=""v""><pos>v</pos>
<sense n=""0""> <itype>[c1]</itype><trans> do by the jarful.
</trans>
</sense></hom></entry></entry>");
INSERT INTO `wced_head` (entryid, head, normalized_head, type, pos) VALUES (5245, "garapun", "garapun", "m", "nv");
INSERT INTO `wced_head` (entryid, head, normalized_head, type, pos) VALUES (5245, "ginarapun", "ginarapun", "s", "nv");
INSERT INTO `wced_entry` VALUES (5246, "garas", "258", "<entry page=""258"" id=""5246""><form id=""garas"" lang=""ceb"">garas</form>
<hom role=""v""><pos>v</pos>
<sense n=""0""> <itype>[A; a]</itype><trans> scratch lightly, put a thin wound in the surface. </trans>
<eg><i lang=""ceb"">Tunuk ang migaras sa íyang nawung,</i><trans> It was a thorn that scratched his face. </trans></eg>
<eg><i lang=""ceb"">Nagaras ang pintal sa taksi,</i><trans> The paint of the taxi got scratched. </trans></eg>
</sense></hom>
<hom role=""n""><pos>n</pos>
<sense n=""0""><trans> light cut. </trans>
<eg><i lang=""ceb"">Iúlì nákù nímu ang ímung pawntin pin nga way garas,</i><trans> I will return your fountain pen to you without a scratch.
</trans></eg>
</sense></hom></entry>");
INSERT INTO `wced_head` (entryid, head, normalized_head, type, pos) VALUES (5246, "garas", "garas", "m", "vn");
INSERT INTO `wced_entry` VALUES (5247, "garay", "258", "<entry page=""258"" id=""5247""><form id=""gaxray"" lang=""ceb"">gáray</form>
<hom role=""n""><pos>n</pos>
<sense n=""0""><trans> <tr>verse</tr>. </trans>
</sense></hom>
<hom role=""v""><pos>v</pos>
<sense n=""0""> <itype>[A; c1]</itype><trans> write, read a verse. </trans>
<eg><i lang=""ceb"">Gigaráyan sa nangharána ang súlu sa gitára,</i><trans> The serenader recited a verse with a guitar solo as a background. </trans></eg>
</sense></hom>
<entry><form id=""magaxrayun"" lang=""ceb""><abbr expan=""magárayun"">ma-un</abbr></form>
<hom role=""a""><pos>a</pos>
<sense n=""0""><trans> fond of making verses.
</trans>
</sense></hom></entry></entry>");
INSERT INTO `wced_head` (entryid, head, normalized_head, type, pos) VALUES (5247, "gáray", "garay", "m", "nv");
INSERT INTO `wced_head` (entryid, head, normalized_head, type, pos) VALUES (5247, "magárayun", "magarayun", "s", "a");
INSERT INTO `wced_translation` (entryid, translation) VALUES (5247, "verse");
INSERT INTO `wced_entry` VALUES (5248, "garbansus, garbantus", "258", "<entry page=""258"" id=""5248""><form id=""garbansus_garbantus"" lang=""ceb"">garbansus, garbantus</form>
<hom role=""n""><pos>n</pos>
<sense n=""0""><trans> <xr lang=""ceb"" target=""#karabansus"">= <sc>karabansus</sc>.</xr>

</trans>
</sense></hom></entry>");
INSERT INTO `wced_head` (entryid, head, normalized_head, type, pos) VALUES (5248, "garbansus", "garbansus", "s", "n");
INSERT INTO `wced_head` (entryid, head, normalized_head, type, pos) VALUES (5248, "garbantus", "garbantus", "s", "n");
INSERT INTO `wced_entry` VALUES (5249, "garbu", "258", "<entry page=""258"" id=""5249""><form id=""garbu"" lang=""ceb"">garbu</form>
<hom role=""n""><pos>n</pos>
<sense n=""0""><trans> <tr>pride</tr>. </trans>
<eg><i lang=""ceb"">Misinta siya dihang natandug ang garbu,</i><trans> He flared up when his pride was hurt. </trans></eg>
<eg><i lang=""ceb"">Garbu sa mga táwu dinhi ang kalimpiyu sa lungsud,</i><trans> The cleanliness of the town is a source of pride for the people. </trans></eg>
</sense></hom>
<entry><form id=""garbu_sa_iruq"" lang=""ceb""><abbr expan=""garbu"">—</abbr> sa irù</form>
<hom role=""n""><pos>n</pos>
<sense n=""0""><trans> one’s foolish pride, said derisively. </trans>
</sense></hom></entry>
<entry><form id=""pagarbu_pasigarbu"" lang=""ceb""><abbr expan=""pagarbu"">pa-</abbr>, <pb n=""259""/><abbr expan=""pasigarbu"">pasi-</abbr></form>
<hom role=""v""><pos>v</pos>
<sense n=""0""> <itype>[A; c]</itype><trans> display s.t. with pride. </trans>
<eg><i lang=""ceb"">Nagpagarbu (nagpasigarbu) siya sa bag-ung kutsi,</i><trans> He is showing off his new car. </trans></eg>
<eg><i lang=""ceb"">Wà kuy ngálan nga ikapasigarbu,</i><trans> I don’t have a name to boast of. </trans></eg>
</sense></hom></entry>
<entry><form id=""magarbuxhun_mapagarbuxhun_mapasigarbuxhun"" lang=""ceb"">magarbúhun, mapagarbúhun, mapasigarbúhun</form>
<hom role=""a""><pos>a</pos>
<sense n=""1""><number>1</number><trans> full of pride. </trans>
<eg><i lang=""ceb"">Magarbúhun siyang midáwat sa midalya,</i><trans> He received the medal with pride. </trans></eg>
</sense>
<sense n=""2""><number>2</number><trans> haughty in ways and appearance. </trans>
</sense></hom></entry>
<entry><form id=""garbuxsa"" lang=""ceb""><abbr expan=""garbúsa"">-sa</abbr></form>
<hom role=""a""><pos>a</pos>
<sense n=""0""><trans> <tr>haughty</tr>, stuck up (female). </trans>
</sense></hom>
<hom role=""v""><pos>v</pos>
<sense n=""0""> <itype>[B]</itype><trans> become haughty. </trans>
<eg><i lang=""ceb"">Migarbúsa (nagarbúsa) siyang nakataak sa Amirika,</i><trans> She became haughty after having gone to the States. </trans></eg>
</sense></hom></entry>
<entry><form id=""ginarbu"" lang=""ceb""><abbr expan=""ginarbu"">-in-(→)</abbr></form>
<hom role=""v""><pos>v</pos>
<sense n=""0""> <itype>[A1; c1]</itype><trans> act in a haughty way. </trans>
<eg><i lang=""ceb"">Giginarbusahan ku níya; nakaminus tingáli,</i><trans> She spoke haughtily to me; she probably looks down on me. </trans></eg>
</sense></hom></entry>
<entry><form id=""garbusu"" lang=""ceb""><abbr expan=""garbusu"">-su</abbr></form>
<hom role=""a""><pos>a</pos>
<sense n=""0""><trans> <tr>haughty</tr> (male).
</trans>
</sense></hom></entry></entry>");
INSERT INTO `wced_head` (entryid, head, normalized_head, type, pos) VALUES (5249, "garbu", "garbu", "m", "n");
INSERT INTO `wced_head` (entryid, head, normalized_head, type, pos) VALUES (5249, "garbu sa irù", "garbu sa iru", "s", "n");
INSERT INTO `wced_head` (entryid, head, normalized_head, type, pos) VALUES (5249, "pagarbu", "pagarbu", "s", "v");
INSERT INTO `wced_head` (entryid, head, normalized_head, type, pos) VALUES (5249, "pasigarbu", "pasigarbu", "s", "v");
INSERT INTO `wced_head` (entryid, head, normalized_head, type, pos) VALUES (5249, "magarbúhun", "magarbuhun", "s", "a");
INSERT INTO `wced_head` (entryid, head, normalized_head, type, pos) VALUES (5249, "mapagarbúhun", "mapagarbuhun", "s", "a");
INSERT INTO `wced_head` (entryid, head, normalized_head, type, pos) VALUES (5249, "mapasigarbúhun", "mapasigarbuhun", "s", "a");
INSERT INTO `wced_head` (entryid, head, normalized_head, type, pos) VALUES (5249, "garbúsa", "garbusa", "s", "av");
INSERT INTO `wced_head` (entryid, head, normalized_head, type, pos) VALUES (5249, "ginarbu", "ginarbu", "s", "v");
INSERT INTO `wced_head` (entryid, head, normalized_head, type, pos) VALUES (5249, "garbusu", "garbusu", "s", "a");
INSERT INTO `wced_translation` (entryid, translation) VALUES (5249, "pride");
INSERT INTO `wced_translation` (entryid, translation) VALUES (5249, "haughty");
INSERT INTO `wced_entry` VALUES (5250, "gardaba", "259", "<entry page=""259"" id=""5250""><form id=""gardaxba"" lang=""ceb"">gardába</form>
<hom>
<sense n=""0""><trans> <xr lang=""ceb"" target=""#kardaxba"">= <sc>kardába</sc>.</xr>
</trans>
</sense></hom></entry>");
INSERT INTO `wced_head` (entryid, head, normalized_head, type, pos) VALUES (5250, "gardába", "gardaba", "m", "");
INSERT INTO `wced_entry` VALUES (5251, "gardin", "259", "<entry page=""259"" id=""5251""><form id=""gardin"" lang=""ceb"">gardin</form>
<hom role=""n""><pos>n</pos>
<sense n=""0""><trans> flower or vegetable garden. </trans>
</sense></hom>
<hom role=""v""><pos>v</pos>
<sense n=""0""> <itype>[A; a]</itype><trans> make a garden. </trans>
</sense></hom>
<entry><form id=""gardinixru"" lang=""ceb""><abbr expan=""gardiníru"">-íru</abbr></form>
<hom role=""n""><pos>n</pos>
<sense n=""0""><trans> <tr>gardener</tr>. </trans>
</sense></hom>
<hom role=""v""><pos>v</pos>
<sense n=""0""> <itype>[B156; a12]</itype><trans> <tr>gardener</tr>. </trans>
</sense></hom></entry>
<entry><form id=""gardining"" lang=""ceb""><abbr expan=""gardining"">-ing</abbr></form>
<hom role=""n""><pos>n</pos>
<sense n=""1""><number>1</number><trans> <tr>gardening</tr>. </trans>
</sense>
<sense n=""2""><number>2</number><trans> a school subject of gardening in the elementary school.
</trans>
</sense></hom></entry></entry>");
INSERT INTO `wced_head` (entryid, head, normalized_head, type, pos) VALUES (5251, "gardin", "gardin", "m", "nv");
INSERT INTO `wced_head` (entryid, head, normalized_head, type, pos) VALUES (5251, "gardiníru", "gardiniru", "s", "nv");
INSERT INTO `wced_head` (entryid, head, normalized_head, type, pos) VALUES (5251, "gardining", "gardining", "s", "n");
INSERT INTO `wced_translation` (entryid, translation) VALUES (5251, "gardener");
INSERT INTO `wced_translation` (entryid, translation) VALUES (5251, "gardening");
INSERT INTO `wced_entry` VALUES (5252, "gardiyan", "259", "<entry page=""259"" id=""5252""><form id=""gardiyan"" lang=""ceb"">gardiyan</form>
<hom role=""n""><pos>n</pos>
<sense n=""0""><trans> guardian of a child. </trans>
</sense></hom>
<hom role=""v""><pos>v</pos>
<sense n=""0""> <itype>[B1256]</itype><trans> become the guardian. </trans>
<eg><i lang=""ceb"">Nagardiyan ku níya samtang nilangyaw ang íyang mga ginikánan,</i><trans> I became his guardian while his parents were away on a trip.
</trans></eg>
</sense></hom></entry>");
INSERT INTO `wced_head` (entryid, head, normalized_head, type, pos) VALUES (5252, "gardiyan", "gardiyan", "m", "nv");
INSERT INTO `wced_entry` VALUES (5253, "garing", "259", "<entry page=""259"" id=""5253""><form id=""gaxring"" lang=""ceb"">gáring</form>
<hom role=""n""><pos>n</pos>
<sense n=""1""><number>1</number><trans> <tr>doll</tr>. </trans>
</sense>
<sense n=""2""><number>2</number><trans> religious statue. </trans>
</sense></hom>
<hom role=""v""><pos>v</pos>
<sense n=""1""><number>1</number> <itype>[A]</itype><trans> play with a doll. </trans>
<eg><i lang=""ceb"">Gustung mugáring ang bátà,</i><trans> The child wants to play with a doll. </trans></eg>
</sense>
<sense n=""2""><number>2</number> <itype>[a]</itype><trans> make a doll. </trans>
<eg><i lang=""ceb"">Nindut garíngun ning panaptúna,</i><trans> This cloth would make a pretty doll.
</trans></eg>
</sense></hom></entry>");
INSERT INTO `wced_head` (entryid, head, normalized_head, type, pos) VALUES (5253, "gáring", "garing", "m", "nv");
INSERT INTO `wced_translation` (entryid, translation) VALUES (5253, "doll");
INSERT INTO `wced_entry` VALUES (5254, "garipu", "259", "<entry page=""259"" id=""5254""><form id=""garixpu"" lang=""ceb"">garípu</form>
<hom>
<sense n=""0""><trans> <xr lang=""ceb"" target=""#grixpu"">= <sc>grípu</sc>.</xr>
</trans>
</sense></hom></entry>");
INSERT INTO `wced_head` (entryid, head, normalized_head, type, pos) VALUES (5254, "garípu", "garipu", "m", "");
INSERT INTO `wced_entry` VALUES (5255, "garisun", "259", "<entry page=""259"" id=""5255""><form id=""garisun"" lang=""ceb"">garisun</form>
<hom role=""n""><pos>n</pos>
<sense n=""0""><trans> <tr>garrison</tr>. </trans>
</sense></hom>
<hom role=""v""><pos>v</pos>
<sense n=""0""> <itype>[AC12; b(1)]</itype><trans> establish a garrison.
</trans>
</sense></hom></entry>");
INSERT INTO `wced_head` (entryid, head, normalized_head, type, pos) VALUES (5255, "garisun", "garisun", "m", "nv");
INSERT INTO `wced_translation` (entryid, translation) VALUES (5255, "garrison");
INSERT INTO `wced_entry` VALUES (5256, "garmint bag", "259", "<entry page=""259"" id=""5256""><form id=""garmint_bag"" lang=""ceb"">garmint bag</form>
<hom role=""n""><pos>n</pos>
<sense n=""0""><trans> garment bag. </trans>
</sense></hom>
<hom role=""v""><pos>v</pos>
<sense n=""0""> <itype>[c6]</itype><trans> put s.t. in a garment bag.
</trans>
</sense></hom></entry>");
INSERT INTO `wced_head` (entryid, head, normalized_head, type, pos) VALUES (5256, "garmint bag", "garmint bag", "m", "nv");
INSERT INTO `wced_entry` VALUES (5257, "garnalda", "259", "<entry page=""259"" id=""5257""><form id=""garnalda"" lang=""ceb"">garnalda</form>
<hom>
<sense n=""0""><trans> <xr lang=""ceb"" target=""#girnalda"">= <sc>girnalda</sc>.</xr>
</trans>
</sense></hom></entry>");
INSERT INTO `wced_head` (entryid, head, normalized_head, type, pos) VALUES (5257, "garnalda", "garnalda", "m", "");
INSERT INTO `wced_entry` VALUES (5258, "garnati1", "259", "<entry page=""259"" id=""5258""><form id=""garnaxti"" lang=""ceb"">garnáti<sub>1</sub></form>
<hom>
<sense n=""0""><trans> <xr lang=""ceb"" target=""#granaxti"">= <sc>granáti<sub>1</sub></sc>.</xr>
</trans>
</sense></hom></entry>");
INSERT INTO `wced_head` (entryid, head, normalized_head, type, pos) VALUES (5258, "garnáti", "garnati", "s", "");
INSERT INTO `wced_entry` VALUES (5259, "garnati2", "259", "<entry page=""259"" id=""5259""><form id=""garnaxti2"" lang=""ceb"">garnáti<sub>2</sub></form>
<hom role=""n""><pos>n</pos>
<sense n=""0""><trans> variety of <ix>balingbing</ix> (<bio>Averrhoa carambola</bio>), sweet and yellow when ripe.
</trans>
</sense></hom></entry>");
INSERT INTO `wced_head` (entryid, head, normalized_head, type, pos) VALUES (5259, "garnáti", "garnati", "s", "n");
INSERT INTO `wced_entry` VALUES (5260, "gartir", "259", "<entry page=""259"" id=""5260""><form id=""gartir"" lang=""ceb"">gartir</form>
<hom role=""n""><pos>n</pos>
<sense n=""0""><trans> elastic band, usually strapped on or sewn to s.t. </trans>
</sense></hom>
<hom role=""v""><pos>v</pos>
<sense n=""0""> <itype>[A3; b6(1)]</itype><trans> put an elastic band on s.t.
</trans>
</sense></hom></entry>");
INSERT INTO `wced_head` (entryid, head, normalized_head, type, pos) VALUES (5260, "gartir", "gartir", "m", "nv");
INSERT INTO `wced_entry` VALUES (5261, "garu", "259", "<entry page=""259"" id=""5261""><form id=""garuq"" lang=""ceb"">garù</form>
<hom role=""v""><pos>v</pos>
<sense n=""0""> <itype>[A; a12]</itype><trans> jiggle s.t. back and forth. </trans>
<eg><i lang=""ceb"">Ayaw garua ang lamísa kay malúngì nyà ang tiil,</i><trans> Don’t jiggle the table back and forth because the leg might break off.
</trans></eg>
</sense></hom></entry>");
INSERT INTO `wced_head` (entryid, head, normalized_head, type, pos) VALUES (5261, "garù", "garu", "m", "v");
INSERT INTO `wced_entry` VALUES (5262, "garud", "259", "<entry page=""259"" id=""5262""><form id=""garud"" lang=""ceb"">garud</form>
<hom role=""v""><pos>v</pos>
<sense n=""0""> <itype>[B126]</itype><trans> for a part of the body to get chafed or badly scratched from sliding over a rough surface. </trans>
<eg><i lang=""ceb"">Nagarud ang íyang dughan pagdaúrus níya sa káhuy,</i><trans> His chest got badly scraped from sliding down the trunk of the tree.
</trans></eg>
</sense></hom></entry>");
INSERT INTO `wced_head` (entryid, head, normalized_head, type, pos) VALUES (5262, "garud", "garud", "m", "v");
INSERT INTO `wced_entry` VALUES (5263, "garus", "259", "<entry page=""259"" id=""5263""><form id=""garus"" lang=""ceb"">garus</form>
<hom role=""v""><pos>v</pos>
<sense n=""0""> <itype>[AB2; ab2]</itype><trans> scratch lightly. </trans>
<eg><i lang=""ceb"">Magarus ang sawug ug ímung guyúrun ang síya,</i><trans> The floor will get scratched if you drag the chair.
</trans></eg>
</sense></hom></entry>");
INSERT INTO `wced_head` (entryid, head, normalized_head, type, pos) VALUES (5263, "garus", "garus", "m", "v");
INSERT INTO `wced_entry` VALUES (5264, "garuti", "259", "<entry page=""259"" id=""5264""><form id=""garuxti"" lang=""ceb"">garúti</form>
<hom role=""n""><pos>n</pos>
<sense n=""1""><number>1</number><trans> wooden cane used for beating. </trans>
</sense>
<sense n=""2""><number>2</number><trans> <tr>walking stick</tr>. </trans>
</sense></hom>
<hom role=""v""><pos>v</pos>
<sense n=""0""> <itype>[A; a1b2]</itype><trans> hit with a cane. </trans>
<eg><i lang=""ceb"">Garutíha siya kun magtinuntu,</i><trans> Cane him if he does foolishness.
</trans></eg>
</sense></hom></entry>");
INSERT INTO `wced_head` (entryid, head, normalized_head, type, pos) VALUES (5264, "garúti", "garuti", "m", "nv");
INSERT INTO `wced_translation` (entryid, translation) VALUES (5264, "walking stick");
INSERT INTO `wced_entry` VALUES (5265, "gas", "259", "<entry page=""259"" id=""5265""><form id=""gaxs"" lang=""ceb"">gás</form>
<hom role=""n""><pos>n</pos>
<sense n=""1""><number>1</number><trans> <tr>kerosene</tr>. </trans>
</sense>
<sense n=""2""><number>2</number><trans> gas fuel for cooking stoves. </trans>
</sense></hom>
<entry><form id=""gaxs_istub_gastub"" lang=""ceb""><abbr expan=""gás"">—</abbr> istub, gastub</form>
<hom role=""n""><pos>n</pos>
<sense n=""0""><trans> kind of stove that uses cooking gas or kerosene for fuel. </trans>
</sense></hom>
<hom role=""v""><pos>v</pos>
<sense n=""1""><number>1</number> <itype>[A; b6]</itype><trans> put in kerosene or gas. </trans>
<eg><i lang=""ceb"">Wà magási ang lamparilya maung napálung,</i><trans> They failed to put kerosene in the lamp so it went out. </trans></eg>
</sense>
<sense n=""2""><number>2</number> <itype>[A13]</itype><trans> use kerosene. </trans>
<eg><i lang=""ceb"">Maggás na lang mi kay ikunumíya,</i><trans> We’ll just use kerosene because it’s cheaper. </trans></eg>
</sense></hom></entry>
<entry><form id=""panggaxs"" lang=""ceb""><abbr expan=""panggás"">paN-</abbr></form>
<hom role=""n""><pos>n</pos>
<sense n=""0""><trans> money obtained by prostitutes to pay for the barest necessities. </trans>
<eg><i lang=""ceb"">Kanang pagpaábang sa ubang mga pampam pára panggás na lang,</i><trans> Some prostitutes sell their bodies for just enough to get the barest necessities.
</trans></eg>
</sense></hom></entry></entry>");
INSERT INTO `wced_head` (entryid, head, normalized_head, type, pos) VALUES (5265, "gás", "gas", "m", "n");
INSERT INTO `wced_head` (entryid, head, normalized_head, type, pos) VALUES (5265, "gás istub", "gas istub", "s", "nv");
INSERT INTO `wced_head` (entryid, head, normalized_head, type, pos) VALUES (5265, "gastub", "gastub", "s", "nv");
INSERT INTO `wced_head` (entryid, head, normalized_head, type, pos) VALUES (5265, "panggás", "panggas", "s", "n");
INSERT INTO `wced_translation` (entryid, translation) VALUES (5265, "kerosene");
INSERT INTO `wced_entry` VALUES (5266, "gasa1", "259", "<entry page=""259"" id=""5266""><form id=""gaxsa"" lang=""ceb"">gása<sub>1</sub></form>
<hom role=""v""><pos>v</pos>
<sense n=""0""> <itype>[A; c]</itype><trans> give a gift. </trans>
<eg><i lang=""ceb"">Unsay ákung igása sa ílang kasal?</i><trans> What shall I give them as a wedding present? </trans></eg>
</sense></hom>
<hom role=""n""><pos>n</pos>
<sense n=""0""><trans> <tr>gift</tr>, <tr>present</tr>.
</trans>
</sense></hom></entry>");
INSERT INTO `wced_head` (entryid, head, normalized_head, type, pos) VALUES (5266, "gása", "gasa", "s", "vn");
INSERT INTO `wced_translation` (entryid, translation) VALUES (5266, "gift");
INSERT INTO `wced_translation` (entryid, translation) VALUES (5266, "present");
INSERT INTO `wced_entry` VALUES (5267, "gasa2", "259", "<entry page=""259"" id=""5267""><form id=""gaxsa2"" lang=""ceb"">gása<sub>2</sub></form>
<hom role=""n""><pos>n</pos>
<sense n=""1""><number>1</number><trans> <tr>gauze</tr>. </trans>
</sense>
<sense n=""2""><number>2</number><trans> incandescent mantle of pressure lanterns.
</trans>
</sense></hom></entry>");
INSERT INTO `wced_head` (entryid, head, normalized_head, type, pos) VALUES (5267, "gása", "gasa", "s", "n");
INSERT INTO `wced_translation` (entryid, translation) VALUES (5267, "gauze");
INSERT INTO `wced_entry` VALUES (5268, "gasang", "259", "<entry page=""259"" id=""5268""><form id=""gasang"" lang=""ceb"">gasang</form>
<hom role=""v""><pos>v</pos>
<sense n=""0""> <itype>[B6; b6]</itype><trans> get whitish salt particles on the body. </trans>
<eg><i lang=""ceb"">Mugasang ang ákung pánit ug dì ku manghinawnaw humag kalígù sa dágat,</i><trans> My body becomes whitened with salt if I do not rinse myself off after swimming in the sea. </trans></eg>
</sense></hom>
<entry><form id=""gasaxngun"" lang=""ceb""><abbr expan=""gasángun"">-un</abbr></form>
<hom role=""a""><pos>a</pos>
<sense n=""0""><trans> covered with salt particles.
</trans>
</sense></hom></entry></entry>");
INSERT INTO `wced_head` (entryid, head, normalized_head, type, pos) VALUES (5268, "gasang", "gasang", "m", "v");
INSERT INTO `wced_head` (entryid, head, normalized_head, type, pos) VALUES (5268, "gasángun", "gasangun", "s", "a");
INSERT INTO `wced_entry` VALUES (5269, "gasang", "259", "<entry page=""259"" id=""5269""><form id=""gaxsang"" lang=""ceb"">gásang</form>
<hom role=""n""><pos>n</pos>
<sense n=""0""><trans> <tr>coral</tr>, hard substance made up of the skeleton of polyps. </trans>
</sense></hom>
<entry><form id=""kagaxsangun"" lang=""ceb""><abbr expan=""kagásangun"">ka-an</abbr></form>
<hom role=""n""><pos>n</pos>
<sense n=""0""><trans> place where corals abound.
</trans>
</sense></hom></entry></entry>");
INSERT INTO `wced_head` (entryid, head, normalized_head, type, pos) VALUES (5269, "gásang", "gasang", "m", "n");
INSERT INTO `wced_head` (entryid, head, normalized_head, type, pos) VALUES (5269, "kagásangun", "kagasangun", "s", "n");
INSERT INTO `wced_translation` (entryid, translation) VALUES (5269, "coral");
INSERT INTO `wced_entry` VALUES (5270, "gasap", "259", "<entry page=""259"" id=""5270""><form id=""gaxsap"" lang=""ceb"">gásap</form>
<hom role=""v""><pos>v</pos>
<sense n=""0""> <itype>[A; a12]</itype><trans> lop off the branches from a tree that has fallen or been cut down and cut them into pieces.
</trans>
</sense></hom></entry>");
INSERT INTO `wced_head` (entryid, head, normalized_head, type, pos) VALUES (5270, "gásap", "gasap", "m", "v");
INSERT INTO `wced_entry` VALUES (5271, "gasbut", "259", "<entry page=""259"" id=""5271""><form id=""gasbut"" lang=""ceb"">gasbut</form>
<hom>
<sense n=""0""><trans> <xr lang=""ceb"" target=""#higasbut"">= <sc>higasbut</sc>.</xr>
</trans>
</sense></hom></entry>");
INSERT INTO `wced_head` (entryid, head, normalized_head, type, pos) VALUES (5271, "gasbut", "gasbut", "m", "");
INSERT INTO `wced_entry` VALUES (5272, "gasgas", "259", "<entry page=""259"" id=""5272""><form id=""gasgas"" lang=""ceb"">gasgas</form>
<hom role=""v""><pos>v</pos>
<sense n=""0""> <itype>[A; ab2]</itype><trans> damage s.t. by <tr>scratching</tr> it. </trans>
<eg><i lang=""ceb"">Nagasgas ang kílid sa pridyidir,</i><trans> The side of the frigidaire got scratched. </trans></eg>
</sense></hom>
<hom role=""n""><pos>n</pos>
<sense n=""0""><trans> <tr>scratch</tr>.
</trans>
</sense></hom></entry>");
INSERT INTO `wced_head` (entryid, head, normalized_head, type, pos) VALUES (5272, "gasgas", "gasgas", "m", "vn");
INSERT INTO `wced_translation` (entryid, translation) VALUES (5272, "scratching");
INSERT INTO `wced_translation` (entryid, translation) VALUES (5272, "scratch");
INSERT INTO `wced_entry` VALUES (5273, "gaskit", "259", "<entry page=""259"" id=""5273""><form id=""gaskit"" lang=""ceb"">gaskit</form>
<hom role=""n""><pos>n</pos>
<sense n=""0""><trans> <tr>gasket</tr>. </trans>
</sense></hom>
<hom role=""v""><pos>v</pos>
<sense n=""0""> <itype>[b6]</itype><trans> put gasket on.
</trans>
</sense></hom></entry>");
INSERT INTO `wced_head` (entryid, head, normalized_head, type, pos) VALUES (5273, "gaskit", "gaskit", "m", "nv");
INSERT INTO `wced_translation` (entryid, translation) VALUES (5273, "gasket");
INSERT INTO `wced_entry` VALUES (5274, "gasli1", "259", "<entry page=""259"" id=""5274""><form id=""gasliq"" lang=""ceb"">gaslì<sub>1</sub></form>
<hom role=""n""><pos>n</pos>
<sense n=""0""><trans> <tr>prickly heat</tr>. </trans>
</sense></hom>
<hom role=""v""><pos>v</pos>
<sense n=""0""> <itype>[A123P; a4]</itype><trans> have prickly heat. </trans>
<eg><i lang=""ceb"">Ulan ang ikalígù kun gasliun ka,</i><trans> Bathe with rain water if you have prickly heat.
</trans></eg>
</sense></hom></entry>");
INSERT INTO `wced_head` (entryid, head, normalized_head, type, pos) VALUES (5274, "gaslì", "gasli", "s", "nv");
INSERT INTO `wced_translation` (entryid, translation) VALUES (5274, "prickly heat");
INSERT INTO `wced_entry` VALUES (5275, "gasli2, gasling", "259", "<entry page=""259"" id=""5275""><form id=""gasliq2_gasling"" lang=""ceb"">gaslì<sub>2</sub>, gasling</form>
<hom role=""a""><pos>a</pos>
<sense n=""0""><trans> stiff and dry through the heat of the sun. </trans>
</sense></hom>
<hom role=""v""><pos>v</pos>
<sense n=""0""> <itype>[B2; c1]</itype><trans> be stiff dried due to the sun’s heat. </trans>
<eg><i lang=""ceb"">Ayaw pamad-i nang linadlad arun dílì magasling (mugasling),</i><trans> Do not let the clothes get completely dry so they won’t get stiff. </trans></eg>
<eg><i lang=""ceb"">Gaslínga (igasling) pagbulad ang karni arun dì mabahù,</i><trans> Dry the meat till it is stiff so it won’t spoil.
</trans></eg>
</sense></hom></entry>");
INSERT INTO `wced_head` (entryid, head, normalized_head, type, pos) VALUES (5275, "gaslì", "gasli", "s", "av");
INSERT INTO `wced_head` (entryid, head, normalized_head, type, pos) VALUES (5275, "gasling", "gasling", "s", "av");
INSERT INTO `wced_entry` VALUES (5276, "gas mask", "259", "<entry page=""259"" id=""5276""><form id=""gas_mask"" lang=""ceb"">gas mask</form>
<hom role=""n""><pos>n</pos>
<sense n=""0""><trans> <tr>gas mask</tr>. </trans>
</sense></hom>
<hom role=""v""><pos>v</pos>
<sense n=""0""> <itype>[A1]</itype><trans> wear a gas mask.
</trans>
</sense></hom></entry>");
INSERT INTO `wced_head` (entryid, head, normalized_head, type, pos) VALUES (5276, "gas mask", "gas mask", "m", "nv");
INSERT INTO `wced_translation` (entryid, translation) VALUES (5276, "gas mask");
INSERT INTO `wced_entry` VALUES (5277, "gaspang", "259", "<entry page=""259"" id=""5277""><form id=""gaspang"" lang=""ceb"">gaspang</form>
<hom role=""a""><pos>a</pos>
<sense n=""1""><number>1</number><trans> having dry and rough skin. </trans>
</sense>
<sense n=""2""><number>2</number><trans> generally unkempt. </trans>
</sense>
<sense n=""3""><number>3</number><trans> coarse in manner. </trans>
<eg><i lang=""ceb"">Gaspang ang ímung pagkasulti,</i><trans> You’re coarse in your speech. </trans></eg>
</sense></hom>
<hom role=""v""><pos>v</pos>
<sense n=""0""> <itype>[BN6; b6]</itype><trans> be coarse. </trans>
<eg><i lang=""ceb"">Nanggaspang <pb n=""260""/>ang íyang pálad sa mga kúbal,</i><trans> The skin on his palms is rough from the calluses.
</trans></eg>
</sense></hom></entry>");
INSERT INTO `wced_head` (entryid, head, normalized_head, type, pos) VALUES (5277, "gaspang", "gaspang", "m", "av");
INSERT INTO `wced_entry` VALUES (5278, "gaspin", "260", "<entry page=""260"" id=""5278""><form id=""gaspin"" lang=""ceb"">gaspin</form>
<hom role=""n""><pos>n</pos>
<sense n=""0""><trans> kerosene torch made of a slim piece of bamboo or a bottle. </trans>
</sense></hom>
<hom role=""v""><pos>v</pos>
<sense n=""0""> <itype>[A; a1]</itype><trans> make into a kerosene torch.
</trans>
</sense></hom></entry>");
INSERT INTO `wced_head` (entryid, head, normalized_head, type, pos) VALUES (5278, "gaspin", "gaspin", "m", "nv");
INSERT INTO `wced_entry` VALUES (5279, "gastadu", "260", "<entry page=""260"" id=""5279""><form id=""gastaxdu"" lang=""ceb"">gastádu</form>
<hom role=""a""><pos>a</pos>
<sense n=""1""><number>1</number><trans> for mechanical moving parts to be worn out. </trans>
<eg><i lang=""ceb"">Ilísan nátù ang pistun kay gastádu na,</i><trans> Let’s change the pistons because they are all worn out. </trans></eg>
</sense>
<sense n=""2""><number>2</number><trans> having one’s body worn out from sexual activities. </trans>
</sense>
<sense n=""3""><number>3</number><trans> having one’s body worn out from overwork. </trans>
</sense></hom>
<hom role=""v""><pos>v</pos>
<sense n=""0""> <itype>[B126; b6]</itype><trans> for mechanical parts of the body to get worn out.
</trans>
</sense></hom></entry>");
INSERT INTO `wced_head` (entryid, head, normalized_head, type, pos) VALUES (5279, "gastádu", "gastadu", "m", "av");
INSERT INTO `wced_entry` VALUES (5280, "gastadur", "260", "<entry page=""260"" id=""5280""><form id=""gastadur"" lang=""ceb"">gastadur</form>
<hom role=""a""><pos>a</pos>
<sense n=""0""><trans> extravagant in spending. </trans>
</sense></hom>
<hom role=""v""><pos>v</pos>
<sense n=""0""> <itype>[B12; b6]</itype><trans> get to be extravagant in spending. </trans>
</sense></hom>
<entry><form id=""gastaduxra"" lang=""ceb""><abbr expan=""gastadúra"">-a(←)</abbr></form>
<hom>
<sense n=""0""><trans> <xr lang=""ceb"" target=""#gastadur"">= <sc>gastadur</sc> (female).</xr>
</trans>
</sense></hom></entry></entry>");
INSERT INTO `wced_head` (entryid, head, normalized_head, type, pos) VALUES (5280, "gastadur", "gastadur", "m", "av");
INSERT INTO `wced_head` (entryid, head, normalized_head, type, pos) VALUES (5280, "gastadúra", "gastadura", "s", "");
INSERT INTO `wced_entry` VALUES (5281, "gasti", "260", "<entry page=""260"" id=""5281""><form id=""gasti"" lang=""ceb"">gasti</form>
<hom>
<sense n=""0""><trans> (from <ix>tigas</ix>) </trans>
</sense></hom>
<hom role=""n""><pos>n</pos>
<sense n=""0""><trans> toughie (slang).
</trans>
</sense></hom></entry>");
INSERT INTO `wced_head` (entryid, head, normalized_head, type, pos) VALUES (5281, "gasti", "gasti", "m", "n");
INSERT INTO `wced_entry` VALUES (5282, "gastruintiraytis", "260", "<entry page=""260"" id=""5282""><form id=""gastruintiraytis"" lang=""ceb"">gastruintiraytis</form>
<hom role=""n""><pos>n</pos>
<sense n=""0""><trans> <tr>gastroenteritis</tr>. </trans>
</sense></hom>
<hom role=""v""><pos>v</pos>
<sense n=""0""> <itype>[A3P; a4]</itype><trans> get gastroenteritis.
</trans>
</sense></hom></entry>");
INSERT INTO `wced_head` (entryid, head, normalized_head, type, pos) VALUES (5282, "gastruintiraytis", "gastruintiraytis", "m", "nv");
INSERT INTO `wced_translation` (entryid, translation) VALUES (5282, "gastroenteritis");
INSERT INTO `wced_entry` VALUES (5283, "gastu", "260", "<entry page=""260"" id=""5283""><form id=""gastu"" lang=""ceb"">gastu</form>
<hom role=""v""><pos>v</pos>
<sense n=""1""><number>1</number> <itype>[A2; a]</itype><trans> spend money. </trans>
<eg><i lang=""ceb"">Nakagastu silag dakù sa dispidída,</i><trans> They spent a large amount of money for the farewell party. </trans></eg>
<eg><i lang=""ceb"">Makakuput gánì ug kwarta gastúhun dáyun,</i><trans> Whenever she lays her hands on money, she spends it right away. </trans></eg>
</sense>
<sense n=""1a""><number>1a</number><trans> give a banquet on a lavish scale. </trans>
<eg><i lang=""ceb"">Gastúhan ku giyud ang ákung kumplianyu,</i><trans> I’ll hold a big dinner for my birthday. </trans></eg>
</sense>
<sense n=""2""><number>2</number> <itype>[A; b6(1)]</itype><trans> spend for some undertaking. </trans>
<eg><i lang=""ceb"">Ang kumpaníya mauy naggastu sa íyang pagtuun,</i><trans> The company is paying for his studies. </trans></eg>
</sense>
<sense n=""3""><number>3</number> <itype>[A; a]</itype><trans> use time, effort for some undertaking. </trans>
<eg><i lang=""ceb"">Gastúha ang ímung kusug sa maáyung katuyúan,</i><trans> Use your strength for good purposes. </trans></eg>
</sense></hom>
<hom role=""n""><pos>n</pos>
<sense n=""1""><number>1</number><trans> expenditures. </trans>
</sense>
<sense n=""2""><number>2</number><trans> sumptuous feast as entertainment. </trans>
</sense></hom>
<hom role=""a""><pos>a</pos>
<sense n=""0""><trans> requiring great expense. </trans>
<eg><i lang=""ceb"">Gastu na kaáyu kun grandi ang kasal,</i><trans> It means a great expense if the wedding is on a grand scale. </trans></eg>
<eg><i lang=""ceb"">pára —</i></eg>
</sense>
<sense n=""1""><number>1</number><trans> s.t. put out for public use for free. </trans>
<eg><i lang=""ceb"">Pára gastu ning puspuru,</i><trans> These matches are for public use. </trans></eg>
</sense>
<sense n=""1a""><number>1a</number><trans> player on a team used for minor duties which are not significant enough to warrant the expenditure of a major team member. </trans>
</sense>
<sense n=""2""><number>2</number><trans> for one’s personal use. </trans>
<eg><i lang=""ceb"">Kining kutsi pára gastu. Dílì paabángan,</i><trans> This car is for personal use, not for rent. </trans></eg>
</sense></hom>
<entry><form id=""galastuxhan_galastuhan_kagastuxhan"" lang=""ceb"">galastúhan, galastuhan, kagastúhan</form>
<hom role=""n""><pos>n</pos>
<sense n=""0""><trans> expenses to be incurred. </trans>
</sense></hom></entry>
<entry><form id=""digastu"" lang=""ceb""><abbr expan=""digastu"">di-</abbr></form>
<hom>
<sense n=""0""><trans> <xr lang=""ceb"" target=""#digastu""><ix>see</ix> <sc>digastu</sc>.</xr> </trans>
</sense></hom></entry>
<entry><form id=""gastus"" lang=""ceb""><abbr expan=""gastus"">-s</abbr></form>
<hom>
<sense n=""0""><trans> <xr lang=""ceb"" target=""#gastu"">= <sc>gastu</sc>, <ix>n, a</ix>.</xr> </trans>
</sense></hom></entry>
<entry><form id=""gastusa"" lang=""ceb""><abbr expan=""gastusa"">-su</abbr></form>
<hom role=""a""><pos>a</pos>
<sense n=""0""><trans> expensive, requiring lots of money. </trans>
<eg><i lang=""ceb"">Gastúsu kaáyu ang pagtinir ug kutsi,</i><trans> It’s very expensive to have a car. </trans></eg>
</sense></hom>
<hom role=""v""><pos>v</pos>
<sense n=""0""> <itype>[B125; B6]</itype><trans> entail lots of expense.
</trans>
</sense></hom></entry></entry>");
INSERT INTO `wced_head` (entryid, head, normalized_head, type, pos) VALUES (5283, "gastu", "gastu", "m", "vna");
INSERT INTO `wced_head` (entryid, head, normalized_head, type, pos) VALUES (5283, "galastúhan", "galastuhan", "s", "n");
INSERT INTO `wced_head` (entryid, head, normalized_head, type, pos) VALUES (5283, "galastuhan", "galastuhan", "s", "n");
INSERT INTO `wced_head` (entryid, head, normalized_head, type, pos) VALUES (5283, "kagastúhan", "kagastuhan", "s", "n");
INSERT INTO `wced_head` (entryid, head, normalized_head, type, pos) VALUES (5283, "digastu", "digastu", "s", "");
INSERT INTO `wced_head` (entryid, head, normalized_head, type, pos) VALUES (5283, "gastus", "gastus", "s", "");
INSERT INTO `wced_head` (entryid, head, normalized_head, type, pos) VALUES (5283, "gastusa", "gastusa", "s", "av");
INSERT INTO `wced_entry` VALUES (5284, "gastub", "260", "<entry page=""260"" id=""5284""><form id=""gastub"" lang=""ceb"">gastub</form>
<hom>
<sense n=""0""><trans> <xr lang=""ceb"" target=""#gaxs""><ix>see</ix> <sc>gás</sc>.</xr>
</trans>
</sense></hom></entry>");
INSERT INTO `wced_head` (entryid, head, normalized_head, type, pos) VALUES (5284, "gastub", "gastub", "m", "");
INSERT INTO `wced_entry` VALUES (5285, "gasulina", "260", "<entry page=""260"" id=""5285""><form id=""gasulixna"" lang=""ceb"">gasulína</form>
<hom role=""n""><pos>n</pos>
<sense n=""1""><number>1</number><trans> <tr>gasoline</tr>. </trans>
</sense>
<sense n=""2""><number>2</number><trans> food or drinks to provide a bit of energy (slang). </trans>
<eg><i lang=""ceb"">Magkarga tag gasulína,</i><trans> Let’s have s.t. to eat, take a little snort. </trans></eg>
</sense></hom>
<hom role=""v""><pos>v</pos>
<sense n=""1""><number>1</number> <itype>[A; b6(1)]</itype><trans> put gasoline into. </trans>
</sense>
<sense n=""2""><number>2</number> <itype>[A13; b6(1)]</itype><trans> eat s.t. as a snack, or take some liquor for energy. </trans>
<eg><i lang=""ceb"">Gasulináhi siya arun mukanta,</i><trans> Give him a little snort so he will sing. </trans></eg>
</sense></hom>
<entry><form id=""gasulinadur"" lang=""ceb""><abbr expan=""gasulinadur"">-dur(→)</abbr></form>
<hom>
<sense n=""0""><trans> accelerator on a motor vehicle. </trans>
</sense></hom></entry>
<entry><form id=""gasulinahan"" lang=""ceb"">gasulinahan</form>
<hom role=""n""><pos>n</pos>
<sense n=""0""><trans> gasoline station.
</trans>
</sense></hom></entry></entry>");
INSERT INTO `wced_head` (entryid, head, normalized_head, type, pos) VALUES (5285, "gasulína", "gasulina", "m", "nv");
INSERT INTO `wced_head` (entryid, head, normalized_head, type, pos) VALUES (5285, "gasulinadur", "gasulinadur", "s", "");
INSERT INTO `wced_head` (entryid, head, normalized_head, type, pos) VALUES (5285, "gasulinahan", "gasulinahan", "s", "n");
INSERT INTO `wced_translation` (entryid, translation) VALUES (5285, "gasoline");
INSERT INTO `wced_entry` VALUES (5286, "gata", "260", "<entry page=""260"" id=""5286""><form id=""gataq"" lang=""ceb"">gatà</form>
<hom role=""n""><pos>n</pos>
<sense n=""0""><trans> juice squeezed from coconut meat. </trans>
</sense></hom>
<hom role=""v""><pos>v</pos>
<sense n=""0""> <itype>[A; b6(1)]</itype><trans> cook s.t. with the juice of coconut meat. </trans>
<eg><i lang=""ceb"">Gatai ang mangkù arun lamían ang sabaw,</i><trans> Cook the mackerel with coconut juice so we’ll have a delicious sauce. </trans></eg>
</sense></hom>
<entry><form id=""ginat-an"" lang=""ceb"">ginat-an</form>
<hom role=""n""><pos>n</pos>
<sense n=""1""><number>1</number><trans> s.t. cooked with coconut juice. </trans>
</sense>
<sense n=""2""><number>2</number><trans> k.o. sweet soup containing sticky rice, corn, taro, and sweet potatoes cooked in coconut juice.
</trans>
</sense></hom></entry></entry>");
INSERT INTO `wced_head` (entryid, head, normalized_head, type, pos) VALUES (5286, "gatà", "gata", "m", "nv");
INSERT INTO `wced_head` (entryid, head, normalized_head, type, pos) VALUES (5286, "ginat-an", "ginat-an", "s", "n");
INSERT INTO `wced_entry` VALUES (5287, "gatal", "260", "<entry page=""260"" id=""5287""><form id=""gaxtal"" lang=""ceb"">gátal</form>
<hom>
<sense n=""0""><trans> <xr lang=""ceb"" target=""#gaxtaw"">= <sc>gátaw</sc>, <i lang=""ceb"">v</i>.</xr>
</trans>
</sense></hom></entry>");
INSERT INTO `wced_head` (entryid, head, normalized_head, type, pos) VALUES (5287, "gátal", "gatal", "m", "");
INSERT INTO `wced_entry` VALUES (5288, "gatang, gatang", "260", "<entry page=""260"" id=""5288""><form id=""gatang_gaxtang"" lang=""ceb"">gatang, gátang</form>
<hom role=""v""><pos>v</pos>
<sense n=""0""> <itype>[A; a]</itype><trans> <tr>divide</tr> into portions. </trans>
<eg><i lang=""ceb"">Naggatang kug nangkà pára ibaligyà,</i><trans> I cut a jackfruit into portions to sell. </trans></eg>
<eg><i lang=""ceb"">Gatánga ang sibúyas,</i><trans> Apportion the onions into bunches. </trans></eg>
</sense></hom>
<entry><form id=""ginaxtang"" lang=""ceb""><abbr expan=""ginátang"">-in-</abbr></form>
<hom role=""n""><pos>n</pos>
<sense n=""0""><trans> cut into portions. </trans>
<eg><i lang=""ceb"">Ginátang ang pagbaligyag bábuy,</i><trans> They sell the pork by portions.
</trans></eg>
</sense></hom></entry></entry>");
INSERT INTO `wced_head` (entryid, head, normalized_head, type, pos) VALUES (5288, "gatang", "gatang", "s", "v");
INSERT INTO `wced_head` (entryid, head, normalized_head, type, pos) VALUES (5288, "gátang", "gatang", "s", "v");
INSERT INTO `wced_head` (entryid, head, normalized_head, type, pos) VALUES (5288, "ginátang", "ginatang", "s", "n");
INSERT INTO `wced_translation` (entryid, translation) VALUES (5288, "divide");
INSERT INTO `wced_entry` VALUES (5289, "gatas", "260", "<entry page=""260"" id=""5289""><form id=""gaxtas"" lang=""ceb"">gátas</form>
<hom role=""n""><pos>n</pos>
<sense n=""0""><trans> <tr>milk</tr>. </trans>
<eg><i lang=""ceb"">May <corr sic=""gatas"">gátas</corr> ka pa sa bàbà nga manarátu,</i><trans> You’re still too young (lit. you still have milk on your mouth) to have a sweetheart. </trans></eg>
</sense></hom>
<entry><form id=""gatas"" lang=""ceb""><abbr expan=""gatas"">(→)</abbr></form>
<hom role=""v""><pos>v</pos>
<sense n=""1""><number>1</number> <itype>[A]</itype><trans> milk an animal. </trans>
<eg><i lang=""ceb"">Naggatas siya sa báka,</i><trans> He is milking the cow. </trans></eg>
</sense></hom>
<hom role=""v""><pos>v</pos>
<sense n=""0""> <itype>[B3(1)6; b]</itype><trans> <tr>secrete milk</tr>. </trans>
<eg><i lang=""ceb"">Wà makagatas ang inahan,</i><trans> The mother didn’t lactate. </trans></eg>
<eg><i lang=""ceb"">Mamatay ang nati kun dì gatasan ang inahan,</i><trans> The calf dies if the mother doesn’t lactate. </trans></eg>
</sense>
<sense n=""3""><number>3</number> <itype>[A; b6(1)]</itype><trans> mix milk into s.t. </trans>
</sense>
<sense n=""4""><number>4</number> <itype>[a12]</itype><trans> bottle-feed an infant. </trans>
<eg><i lang=""ceb"">Gigatas na lang níla ang ílang masúsu,</i><trans> They bottle-fed their baby. </trans></eg>
</sense></hom></entry>
<entry><form id=""gatasan"" lang=""ceb""><abbr expan=""gatasan"">-an(→)</abbr></form>
<hom role=""n""><pos>n</pos>
<sense n=""0""><trans> animal which furnishes milk. </trans>
</sense></hom></entry>
<entry><form id=""gaxtasan"" lang=""ceb""><abbr expan=""gátasan"">-an</abbr></form>
<hom role=""a""><pos>a</pos>
<sense n=""0""><trans> having lots of milk. </trans>
</sense></hom></entry>
<entry><form id=""gaxtasan_gatasan_gatasgatasan"" lang=""ceb""><abbr expan=""gátasan"">-an</abbr>, <abbr expan=""gatasan"">-an(→)</abbr>, gatasgatasan</form>
<hom role=""n""><pos>n</pos>
<sense n=""0""><trans> descriptive name of fish which exude a highly venomous milky substance from the dorsal spine: <bio>Coryzichthys gangenes</bio> and other species. </trans>
</sense></hom></entry>
<entry><form id=""gaxtasun_gatasgatasun"" lang=""ceb""><abbr expan=""gátasun"">-un</abbr>, gatasgatasun</form>
<hom role=""a""><pos>a</pos>
<sense n=""0""><trans> murky with whitish substance.
</trans>
</sense></hom></entry></entry>");
INSERT INTO `wced_head` (entryid, head, normalized_head, type, pos) VALUES (5289, "gátas", "gatas", "m", "n");
INSERT INTO `wced_head` (entryid, head, normalized_head, type, pos) VALUES (5289, "gatas", "gatas", "s", "vv");
INSERT INTO `wced_head` (entryid, head, normalized_head, type, pos) VALUES (5289, "gatasan", "gatasan", "s", "n");
INSERT INTO `wced_head` (entryid, head, normalized_head, type, pos) VALUES (5289, "gátasan", "gatasan", "s", "a");
INSERT INTO `wced_head` (entryid, head, normalized_head, type, pos) VALUES (5289, "gatasgatasan", "gatasgatasan", "s", "n");
INSERT INTO `wced_head` (entryid, head, normalized_head, type, pos) VALUES (5289, "gátasun", "gatasun", "s", "a");
INSERT INTO `wced_head` (entryid, head, normalized_head, type, pos) VALUES (5289, "gatasgatasun", "gatasgatasun", "s", "a");
INSERT INTO `wced_translation` (entryid, translation) VALUES (5289, "milk");
INSERT INTO `wced_translation` (entryid, translation) VALUES (5289, "secrete milk");
INSERT INTO `wced_entry` VALUES (5290, "gataw", "260", "<entry page=""260"" id=""5290""><form id=""gaxtaw"" lang=""ceb"">gátaw</form>
<hom role=""v""><pos>v</pos>
<sense n=""0""> <itype>[AN; b6]</itype><trans> appear, stick out on a surface. </trans>
<eg><i lang=""ceb"">Migátaw ang íyang gúsuk,</i><trans> His ribs stuck out. </trans></eg>
</sense></hom>
<hom role=""n""><pos>n</pos>
<sense n=""0""><trans> projection, height. </trans>
<eg><i lang=""ceb"">Dayag na ang gátaw sa submarínu sa dágat,</i><trans> You can clearly see the projection of the submarine on the surface of the sea. </trans></eg>
</sense></hom>
<entry><form id=""gataw"" lang=""ceb""><abbr expan=""gataw"">(→)</abbr></form>
<hom role=""n""><pos>n</pos>
<sense n=""0""><trans> s.t. which gets exposed on the surface. </trans>
<eg><i lang=""ceb"">Ang balanghuy nga gataw pait ug makahílu,</i><trans> The cassava root that grows out of the ground is bitter and poisonous. </trans></eg>
</sense></hom></entry>
<entry><form id=""gaxtawun"" lang=""ceb""><abbr expan=""gátawun"">-un</abbr></form>
<hom role=""a""><pos>a</pos>
<sense n=""0""><trans> of the type that sticks out.
</trans>
</sense></hom></entry></entry>");
INSERT INTO `wced_head` (entryid, head, normalized_head, type, pos) VALUES (5290, "gátaw", "gataw", "m", "vn");
INSERT INTO `wced_head` (entryid, head, normalized_head, type, pos) VALUES (5290, "gataw", "gataw", "s", "n");
INSERT INTO `wced_head` (entryid, head, normalized_head, type, pos) VALUES (5290, "gátawun", "gatawun", "s", "a");
INSERT INTO `wced_entry` VALUES (5291, "gatilyu", "260", "<entry page=""260"" id=""5291""><form id=""gatilyu"" lang=""ceb"">gatilyu</form>
<hom role=""n""><pos>n</pos>
<sense n=""0""><trans> <tr>trigger</tr>.
</trans>
</sense></hom></entry>");
INSERT INTO `wced_head` (entryid, head, normalized_head, type, pos) VALUES (5291, "gatilyu", "gatilyu", "m", "n");
INSERT INTO `wced_translation` (entryid, translation) VALUES (5291, "trigger");
INSERT INTO `wced_entry` VALUES (5292, "gatu1", "260", "<entry page=""260"" id=""5292""><form id=""gaxtu"" lang=""ceb"">gátu<sub>1</sub></form>
<hom role=""n""><pos>n</pos>
<sense n=""0""><trans> <tr>vise</tr>, mechanical device for holding firmly s.t. being worked. </trans>
</sense></hom>
<hom role=""v""><pos>v</pos>
<sense n=""0""> <itype>[b6(1)]</itype><trans> fasten with a vise. </trans>
<eg><i lang=""ceb"">Gatúhi arun sayun paggabas,</i><trans> Fasten it with a vise so it will be easy to saw it.
</trans></eg>
</sense></hom></entry>");
INSERT INTO `wced_head` (entryid, head, normalized_head, type, pos) VALUES (5292, "gátu", "gatu", "s", "nv");
INSERT INTO `wced_translation` (entryid, translation) VALUES (5292, "vise");
INSERT INTO `wced_entry` VALUES (5293, "gatu2", "260", "<entry page=""260"" id=""5293""><form id=""gaxtu2"" lang=""ceb"">gátu<sub>2</sub></form>
<hom>
<sense n=""0""><trans> <xr lang=""ceb"" target=""#gatilyu"">= <sc>gatilyu</sc>.</xr>
<pb n=""261""/>
</trans>
</sense></hom></entry>");
INSERT INTO `wced_head` (entryid, head, normalized_head, type, pos) VALUES (5293, "gátu", "gatu", "s", "");
INSERT INTO `wced_entry` VALUES (5294, "gatud", "261", "<entry page=""261"" id=""5294""><form id=""gaxtud"" lang=""ceb"">gátud</form>
<hom role=""v""><pos>v</pos>
<sense n=""0""> <itype>[A; a12]</itype><trans> make s.t. rough by covering it with cuts. </trans>
<eg><i lang=""ceb"">Nagátud ang tabla nga gihímung taparan,</i><trans> The board got an uneven surface because it was used as a chopping board. </trans></eg>
</sense></hom>
<entry><form id=""gatudgatud"" lang=""ceb"">gatudgatud</form>
<hom role=""a""><pos>a</pos>
<sense n=""0""><trans> rough in surface. </trans>
<eg><i lang=""ceb"">Gatudgatud na ang punúan sa lubi kay gisigíhan man níyag tigbas,</i><trans> The coconut trunk is rough because he always chops at it with his bolo. </trans></eg>
</sense></hom></entry>
<entry><form id=""gatudgaturun"" lang=""ceb"">gatudgaturun</form>
<hom>
<sense n=""0""><trans> <xr lang=""ceb"" target=""#gatudgatud"">= <sc>gatudgatud</sc>.</xr>
</trans>
</sense></hom></entry></entry>");
INSERT INTO `wced_head` (entryid, head, normalized_head, type, pos) VALUES (5294, "gátud", "gatud", "m", "v");
INSERT INTO `wced_head` (entryid, head, normalized_head, type, pos) VALUES (5294, "gatudgatud", "gatudgatud", "s", "a");
INSERT INTO `wced_head` (entryid, head, normalized_head, type, pos) VALUES (5294, "gatudgaturun", "gatudgaturun", "s", "");
INSERT INTO `wced_entry` VALUES (5295, "gatung", "261", "<entry page=""261"" id=""5295""><form id=""gaxtung"" lang=""ceb"">gátung</form>
<hom role=""n""><pos>n</pos>
<sense n=""1""><number>1</number><trans> fuel used for cooking. </trans>
</sense>
<sense n=""2""><number>2</number><trans> a big piece of wood used to keep fire or embers burning. </trans>
</sense></hom>
<hom role=""v""><pos>v</pos>
<sense n=""1""><number>1</number> <itype>[A; c1]</itype><trans> supply fuel to cook s.t. </trans>
</sense>
<sense n=""2""><number>2</number> <itype>[A1; c1]</itype><trans> keep a fire burning to supply embers for future fires. </trans>
</sense>
<sense n=""3""><number>3</number> <itype>[APN; b]</itype><trans> add fuel to an emotional situation. </trans>
<eg><i lang=""ceb"">Ngánung gatúngan pa nímu ang íyang kasukù?</i><trans> Why do you add fuel to his anger? </trans></eg>
</sense></hom>
<entry><form id=""panggaxtung"" lang=""ceb""><abbr expan=""panggátung"">paN-</abbr></form>
<hom role=""n""><pos>n</pos>
<sense n=""1""><number>1</number><trans> s.t. used as fuel. </trans>
</sense>
<sense n=""2""><number>2</number><trans> s.t. used as drinks. </trans>
<eg><i lang=""ceb"">Náa bay maáyung paggátung kay muadtu mi sa bayli,</i><trans> Do you have anything good to warm up the group because we’re going to a dance.

</trans></eg>
</sense></hom></entry></entry>");
INSERT INTO `wced_head` (entryid, head, normalized_head, type, pos) VALUES (5295, "gátung", "gatung", "m", "nv");
INSERT INTO `wced_head` (entryid, head, normalized_head, type, pos) VALUES (5295, "panggátung", "panggatung", "s", "n");
INSERT INTO `wced_entry` VALUES (5296, "gatus", "261", "<entry page=""261"" id=""5296""><form id=""gatus"" lang=""ceb"">gatus</form>
<hom>
<sense n=""0""><trans> <ix>numeral</ix> <tr>hundred</tr>. </trans>
</sense></hom>
<hom role=""v""><pos>v</pos>
<sense n=""0""><trans> <xr lang=""ceb"" target=""#tulu""><ix>see</ix> <sc>tulu</sc>.</xr> </trans>
</sense></hom>
<entry><form id=""gatusan"" lang=""ceb""><abbr expan=""gatusan"">-an</abbr></form>
<hom>
<sense n=""0""><trans> in groups of a hundred, hundreds. </trans>
<eg><i lang=""ceb"">Gatusan ka táwu ang nagláray,</i><trans> People were lined up by the hundreds. </trans></eg>
<eg><i lang=""ceb"">Gatusan ka túig,</i><trans> A century. </trans></eg>
</sense></hom></entry>
<entry><form id=""manggaxtus"" lang=""ceb""><abbr expan=""manggátus"">maN-(←)</abbr></form>
<hom>
<sense n=""0""><trans> amounting to one hundred. </trans>
<eg><i lang=""ceb"">Manggátus ang íyang swildu káda simána,</i><trans> He earns a hundred a week. </trans></eg>
</sense></hom></entry>
<entry><form id=""manggaxtus_ginatus"" lang=""ceb""><abbr expan=""manggátus"">maN-(←)</abbr>, <abbr expan=""ginatus"">-in-</abbr></form>
<hom>
<sense n=""0""><trans> done by the hundreds. </trans>
<eg><i lang=""ceb"">Manggátus (ginatus) ang pagbaligyà sa mangga,</i><trans> They sell mangoes by the hundred. </trans></eg>
</sense></hom>
<hom role=""v""><pos>v</pos>
<sense n=""0""> <itype>[c1]</itype><trans> do s.t. by the hundred. </trans>
</sense></hom></entry>
<entry><form id=""taggaxtus"" lang=""ceb""><abbr expan=""taggátus"">tag-(←)</abbr></form>
<hom>
<sense n=""0""><trans> a hundred each. </trans>
</sense></hom>
<hom role=""v""><pos>v</pos>
<sense n=""0""> <itype>[a]</itype><trans> give out denominations of one hundred. </trans>
</sense></hom></entry>
<entry><form id=""tagmanggatus_tagginatus"" lang=""ceb""><abbr expan=""tagmanggatus"">tagmang-</abbr>, <abbr expan=""tagginatus"">tag-in-</abbr></form>
<hom>
<sense n=""0""><trans> <xr lang=""ceb"" target=""#mang-"">= <sc><abbr expan=""manggatus"">mang-</abbr></sc></xr>, <xr lang=""ceb"" target=""#x-in-""><sc><abbr expan=""ginatus"">-in-</abbr></sc>.</xr>
</trans>
</sense></hom></entry></entry>");
INSERT INTO `wced_head` (entryid, head, normalized_head, type, pos) VALUES (5296, "gatus", "gatus", "m", "v");
INSERT INTO `wced_head` (entryid, head, normalized_head, type, pos) VALUES (5296, "gatusan", "gatusan", "s", "");
INSERT INTO `wced_head` (entryid, head, normalized_head, type, pos) VALUES (5296, "manggátus", "manggatus", "s", "");
INSERT INTO `wced_head` (entryid, head, normalized_head, type, pos) VALUES (5296, "ginatus", "ginatus", "s", "v");
INSERT INTO `wced_head` (entryid, head, normalized_head, type, pos) VALUES (5296, "taggátus", "taggatus", "s", "v");
INSERT INTO `wced_head` (entryid, head, normalized_head, type, pos) VALUES (5296, "tagmanggatus", "tagmanggatus", "s", "");
INSERT INTO `wced_head` (entryid, head, normalized_head, type, pos) VALUES (5296, "tagginatus", "tagginatus", "s", "");
INSERT INTO `wced_translation` (entryid, translation) VALUES (5296, "hundred");
INSERT INTO `wced_entry` VALUES (5297, "gaud1", "261", "<entry page=""261"" id=""5297""><form id=""gaud"" lang=""ceb"">gaud<sub>1</sub></form>
<hom role=""n""><pos>n</pos>
<sense n=""0""><trans> k.o. porgy. </trans>
</sense></hom>
<entry><form id=""gaudgaud"" lang=""ceb"">gaudgaud</form>
<hom>
<sense n=""0""><trans> <xr lang=""ceb"" target=""#gaud"">= <sc>gaud<sub>1</sub></sc>.</xr>
</trans>
</sense></hom></entry></entry>");
INSERT INTO `wced_head` (entryid, head, normalized_head, type, pos) VALUES (5297, "gaud", "gaud", "s", "n");
INSERT INTO `wced_head` (entryid, head, normalized_head, type, pos) VALUES (5297, "gaudgaud", "gaudgaud", "s", "");
INSERT INTO `wced_entry` VALUES (5298, "gaud2, gaud", "261", "<entry page=""261"" id=""5298""><form id=""gaud2_gaxud"" lang=""ceb"">gaud<sub>2</sub>, gáud</form>
<hom role=""v""><pos>v</pos>
<sense n=""0""> <itype>[A; b5]</itype><trans> <tr>row</tr>, propel a boat with an oar at the stern. </trans>
<eg><i lang=""ceb"">Makagáud kahà ta hangtud sa daplin?</i><trans> Can we possibly row as far as the shore? </trans></eg>
<eg><i lang=""ceb"">Ang linayágan ug way hángin gawrun (gawran) lang,</i><trans> A sailboat is rowed if there is no wind. </trans></eg>
</sense></hom>
<entry><form id=""gaud"" lang=""ceb""><abbr expan=""gaud"">(→)</abbr></form>
<hom role=""n""><pos>n</pos>
<sense n=""0""><trans> large oar. </trans>
</sense></hom></entry>
<entry><form id=""gauran"" lang=""ceb"">gauran</form>
<hom role=""n""><pos>n</pos>
<sense n=""0""><trans> <tr>oarlock</tr>.
</trans>
</sense></hom></entry></entry>");
INSERT INTO `wced_head` (entryid, head, normalized_head, type, pos) VALUES (5298, "gaud", "gaud", "s", "v");
INSERT INTO `wced_head` (entryid, head, normalized_head, type, pos) VALUES (5298, "gáud", "gaud", "s", "v");
INSERT INTO `wced_head` (entryid, head, normalized_head, type, pos) VALUES (5298, "gauran", "gauran", "s", "n");
INSERT INTO `wced_translation` (entryid, translation) VALUES (5298, "row");
INSERT INTO `wced_translation` (entryid, translation) VALUES (5298, "oarlock");
INSERT INTO `wced_entry` VALUES (5299, "gaugau", "261", "<entry page=""261"" id=""5299""><form id=""gaugaxu"" lang=""ceb"">gaugáu</form>
<hom role=""v""><pos>v</pos>
<sense n=""0""> <itype>[A; a12]</itype><trans> <tr>tease</tr> derisively. </trans>
<eg><i lang=""ceb"">Gigaugáu siyang pisut,</i><trans> He was teased derisively because he was uncircumcised. </trans></eg>
</sense></hom>
<hom role=""n""><pos>n</pos>
<sense n=""0""><trans> derisive teasings.
</trans>
</sense></hom></entry>");
INSERT INTO `wced_head` (entryid, head, normalized_head, type, pos) VALUES (5299, "gaugáu", "gaugau", "m", "vn");
INSERT INTO `wced_translation` (entryid, translation) VALUES (5299, "tease");
INSERT INTO `wced_entry` VALUES (5300, "gaung", "261", "<entry page=""261"" id=""5300""><form id=""gaxung"" lang=""ceb"">gáung</form>
<hom role=""a""><pos>a</pos>
<sense n=""0""><trans> <tr>weary-looking</tr>. </trans>
</sense></hom>
<entry><form id=""panggaxung"" lang=""ceb""><abbr expan=""panggáung"">paN-</abbr></form>
<hom role=""v""><pos>v</pos>
<sense n=""0""> <itype>[A2; b4]</itype><trans> have a weary look on the face. </trans>
<eg><i lang=""ceb"">Manggáung ang nawung sa táwung way tulug,</i><trans> A person’s face looks haggard if he has no sleep. </trans></eg>
<eg><i lang=""ceb"">Gipanggaúngan sa dagway ang bag-ung minyù,</i><trans> The newly-weds look haggard.
</trans></eg>
</sense></hom></entry></entry>");
INSERT INTO `wced_head` (entryid, head, normalized_head, type, pos) VALUES (5300, "gáung", "gaung", "m", "a");
INSERT INTO `wced_head` (entryid, head, normalized_head, type, pos) VALUES (5300, "panggáung", "panggaung", "s", "v");
INSERT INTO `wced_translation` (entryid, translation) VALUES (5300, "weary-looking");
INSERT INTO `wced_entry` VALUES (5301, "gauy", "261", "<entry page=""261"" id=""5301""><form id=""gaxuy"" lang=""ceb"">gáuy</form>
<hom role=""v""><pos>v</pos>
<sense n=""0""> <itype>[B6N; a2]</itype><trans> for the body or part of the body to get completely fatigued. </trans>
<eg><i lang=""ceb"">Nanggáuy ang ákung láwas sa paglinanguy tibuuk adlaw,</i><trans> My body became fatigued from swimming the whole day. </trans></eg>
</sense></hom>
<entry><form id=""gauy"" lang=""ceb""><abbr expan=""gauy"">(→)</abbr></form>
<hom role=""a""><pos>a</pos>
<sense n=""0""><trans> <tr>fatigued</tr>.
</trans>
</sense></hom></entry></entry>");
INSERT INTO `wced_head` (entryid, head, normalized_head, type, pos) VALUES (5301, "gáuy", "gauy", "m", "v");
INSERT INTO `wced_head` (entryid, head, normalized_head, type, pos) VALUES (5301, "gauy", "gauy", "s", "a");
INSERT INTO `wced_translation` (entryid, translation) VALUES (5301, "fatigued");
INSERT INTO `wced_entry` VALUES (5302, "gaw", "261", "<entry page=""261"" id=""5302""><form id=""gaxw"" lang=""ceb"">gáw</form>
<hom role=""n""><pos>n</pos>
<sense n=""0""><trans> entrance to a fish trap (<ix>búbu</ix>) made of woven bamboo, tapering toward the inside like a funnel, such that fish cannot turn around once it has proceeded a certain distance, nor can it get back. </trans>
</sense></hom>
<hom role=""v""><pos>v</pos>
<sense n=""1""><number>1</number> <itype>[A; b6(1)]</itype><trans> attach a <ix>gáw</ix>. </trans>
</sense>
<sense n=""2""><number>2</number> <itype>[A; c1]</itype><trans> make a <ix>gáw</ix>.
</trans>
</sense></hom></entry>");
INSERT INTO `wced_head` (entryid, head, normalized_head, type, pos) VALUES (5302, "gáw", "gaw", "m", "nv");
INSERT INTO `wced_entry` VALUES (5303, "*gawad1", "261", "<entry page=""261"" id=""5303""><form id=""xxgaxwad"" lang=""ceb"">*gáwad<sub>1</sub></form>
<entry><form id=""kagaxwad"" lang=""ceb""><abbr expan=""kagáwad"">ka-</abbr></form>
<hom role=""n""><pos>n</pos>
<sense n=""0""><trans> <tr>worker</tr>, <tr>employee</tr>.
</trans>
</sense></hom></entry></entry>");
INSERT INTO `wced_head` (entryid, head, normalized_head, type, pos) VALUES (5303, "gáwad", "gawad", "s", "");
INSERT INTO `wced_head` (entryid, head, normalized_head, type, pos) VALUES (5303, "kagáwad", "kagawad", "s", "n");
INSERT INTO `wced_translation` (entryid, translation) VALUES (5303, "worker");
INSERT INTO `wced_translation` (entryid, translation) VALUES (5303, "employee");
INSERT INTO `wced_entry` VALUES (5304, "gawad2", "261", "<entry page=""261"" id=""5304""><form id=""gaxwad2"" lang=""ceb"">gáwad<sub>2</sub></form>
<hom>
<sense n=""0""><trans> <xr lang=""ceb"" target=""#hi-_ha-"">= <sc>hi-/ha-</sc>, <ix>v 2</ix>.</xr> </trans>
</sense></hom>
<entry><form id=""higaxwad_hagaxwad"" lang=""ceb""><abbr expan=""higáwad/hagáwad"">hi-/ha-</abbr></form>
<hom role=""v""><pos>v</pos>
<sense n=""1""><number>1</number> <itype>[A2; b5c]</itype><trans> deny s.t. to s.o. </trans>
<eg><i lang=""ceb"">Muhigáwad ka gánì sa usa, higawári (higawára) na lang ang tanan,</i><trans> If you deny s.t. to one, deny it to all. </trans></eg>
<eg><i lang=""ceb"">Walà giyud kuy ihigáwad kanímu,</i><trans> There is nothing I would deny you. </trans></eg>
</sense>
<sense n=""2""><number>2</number> <itype>[B126; b4c5]</itype><trans> feel hurt because of a slight. </trans>
<eg><i lang=""ceb"">Mahigáwad siyag dì pasak-un sa átù,</i><trans> She will feel slighted if we don’t let her stay here. </trans></eg>
<eg><i lang=""ceb"">Higawran kag paryinti kun hakug ka,</i><trans> Your relatives will feel slighted if you are selfish.
</trans></eg>
</sense></hom></entry></entry>");
INSERT INTO `wced_head` (entryid, head, normalized_head, type, pos) VALUES (5304, "gáwad", "gawad", "s", "");
INSERT INTO `wced_head` (entryid, head, normalized_head, type, pos) VALUES (5304, "higáwad", "higawad", "s", "v");
INSERT INTO `wced_head` (entryid, head, normalized_head, type, pos) VALUES (5304, "hagáwad", "hagawad", "s", "v");
INSERT INTO `wced_entry` VALUES (5305, "gawal, gawal", "261", "<entry page=""261"" id=""5305""><form id=""gawal_gaxwal"" lang=""ceb"">gawal, gáwal</form>
<hom role=""v""><pos>v</pos>
<sense n=""0""> <itype>[A; c]</itype><trans> stick out from. </trans>
<eg><i lang=""ceb"">Naggawal ang dílà sa irù nga naghalhal,</i><trans> The dog is panting, and his tongue is hanging out. </trans></eg>
</sense></hom>
<entry><form id=""pagaxwal"" lang=""ceb""><abbr expan=""pagáwal"">pa-</abbr></form>
<hom>
<sense n=""0""><trans> show off, boast of. </trans>
<eg><i lang=""ceb"">Nagpagáwal siya sa bag-u níyang sapátus,</i><trans> He’s showing off his new shoes. </trans></eg>
</sense></hom>
<hom role=""n""><pos>n</pos>
<sense n=""0""><trans> boasting. </trans>
</sense></hom></entry>
<entry><form id=""mapagaxwalun"" lang=""ceb""><abbr expan=""mapagáwalun"">mapa-un</abbr></form>
<hom role=""a""><pos>a</pos>
<sense n=""0""><trans> of a boasting, showing off sort.
</trans>
</sense></hom></entry></entry>");
INSERT INTO `wced_head` (entryid, head, normalized_head, type, pos) VALUES (5305, "gawal", "gawal", "s", "v");
INSERT INTO `wced_head` (entryid, head, normalized_head, type, pos) VALUES (5305, "gáwal", "gawal", "s", "v");
INSERT INTO `wced_head` (entryid, head, normalized_head, type, pos) VALUES (5305, "pagáwal", "pagawal", "s", "n");
INSERT INTO `wced_head` (entryid, head, normalized_head, type, pos) VALUES (5305, "mapagáwalun", "mapagawalun", "s", "a");
INSERT INTO `wced_entry` VALUES (5306, "gawang", "261", "<entry page=""261"" id=""5306""><form id=""gawang"" lang=""ceb"">gawang</form>
<hom role=""n""><pos>n</pos>
<sense n=""1""><number>1</number><trans> <tr>door</tr>. </trans>
</sense>
<sense n=""2""><number>2</number><trans> hole in flooring or in a wall. </trans>
<eg><i lang=""ceb"">Mabulasut ka sa gawang,</i><trans> You will step into the hole in the floor. </trans></eg>
</sense></hom>
<hom role=""v""><pos>v</pos>
<sense n=""0""> <itype>[A; b]</itype><trans> make an opening in a wall or floor. </trans>
<eg><i lang=""ceb"">Gigawangan níya ang bungbung,</i><trans> He made an opening in the wall.
</trans></eg>
</sense></hom></entry>");
INSERT INTO `wced_head` (entryid, head, normalized_head, type, pos) VALUES (5306, "gawang", "gawang", "m", "nv");
INSERT INTO `wced_translation` (entryid, translation) VALUES (5306, "door");
INSERT INTO `wced_entry` VALUES (5307, "gawas", "261", "<entry page=""261"" id=""5307""><form id=""gawas"" lang=""ceb"">gawas</form>
<hom role=""v""><pos>v</pos>
<sense n=""1""><number>1</number> <itype>[A2]</itype><trans> go out of an enclosure or area. </trans>
<eg><i lang=""ceb"">Migawas siya sa balay,</i><trans> He went out of the house. </trans></eg>
</sense>
<sense n=""2""><number>2</number> <itype>[A1P; c]</itype><trans> bring s.t. out. </trans>
<eg><i lang=""ceb"">Kinsay naggawas sa mga silya?</i><trans> Who brought the chairs out? </trans></eg>
<eg><i lang=""ceb"">Wà níla ikagawas ang igbabaligyà,</i><trans> They weren’t able to display (lit. put out) their goods. </trans></eg>
</sense></hom>
<hom role=""n""><pos>n</pos>
<sense n=""1""><number>1</number><trans> immediate vicinity outside. </trans>
</sense>
<sense n=""2""><number>2</number><trans> from a foreign country. </trans>
<eg><i lang=""ceb"">Karun, mga balità gíkan sa gawas,</i><trans> And now, news from abroad. </trans></eg>
</sense>
<sense n=""3""><number>3</number><trans> state of being free, independent. </trans>
<eg><i lang=""ceb"">Yútà nga gawas,</i><trans> A free country. </trans></eg>
</sense>
<sense n=""4""><number>4</number><trans> aside from. </trans>
<eg><i lang=""ceb"">Gawas nga gwápa, sapían pa giyud,</i><trans> Aside from being pretty, she is rich. </trans></eg>
</sense>
<sense n=""5""><number>5</number><trans> except. </trans>
<eg><i lang=""ceb"">Way láing tugútan gawas nímu,</i><trans> Nobody is allowed to except you. </trans></eg>
</sense>
<sense n=""6""><number>6</number><trans> unless. </trans>
<eg><i lang=""ceb"">Dì ku muadtu gawas kun suhúlan,</i><trans> I won’t go unless I’m paid for it. </trans></eg>
</sense></hom>
<entry><form id=""anak_sa_gawas"" lang=""ceb"">anak sa <abbr expan=""gawas"">—</abbr></form>
<hom>
<sense n=""0""><trans> illegitimate child. </trans>
</sense></hom></entry>
<entry><form id=""pagawas"" lang=""ceb""><abbr expan=""pagawas"">pa-</abbr></form>
<hom role=""v""><pos>v</pos>
<sense n=""0""> <itype>[A; c5]</itype><trans> display one’s skills and knowledge for an audience to appreciate. </trans>
<eg><i lang=""ceb"">Gialirúngan si Tinù nga nagpagawas sa íyang mga binúang,</i><trans> People gathered around Tino showing off his jokes. </trans></eg>
<eg><i lang=""ceb"">Gipagawas na níya ang tanan níyang kaláki apan lúpig gihápun siya,</i><trans> He has emptied his bag of tricks but he still can’t compete. </trans></eg>
</sense></hom></entry>
<entry><form id=""gawsanan_gawasaxnan"" lang=""ceb"">gawsanan, <abbr expan=""gawasánan"">-ánan</abbr></form>
<hom role=""n""><pos>n</pos>
<sense n=""0""><trans> exit, place one leaves through. </trans>
</sense></hom></entry>
<entry><form id=""kagawaxsan"" lang=""ceb""><abbr expan=""kagawásan"">ka-an(←)</abbr></form>
<hom role=""n""><pos>n</pos>
<sense n=""0""><trans> freedom, liberty. </trans>
</sense></hom></entry>
<entry><form id=""gawasnun"" lang=""ceb""><abbr expan=""gawasnun"">-nun</abbr></form>
<hom role=""a""><pos>a</pos>
<sense n=""0""><trans> free, not under any control. </trans>
<eg><i lang=""ceb"">Kinabúhing gawasnun,</i><trans> A free and <pb n=""262""/>unfettered life.
</trans></eg>
</sense></hom></entry></entry>");
INSERT INTO `wced_head` (entryid, head, normalized_head, type, pos) VALUES (5307, "gawas", "gawas", "m", "vn");
INSERT INTO `wced_head` (entryid, head, normalized_head, type, pos) VALUES (5307, "anak sa gawas", "anak sa gawas", "s", "");
INSERT INTO `wced_head` (entryid, head, normalized_head, type, pos) VALUES (5307, "pagawas", "pagawas", "s", "v");
INSERT INTO `wced_head` (entryid, head, normalized_head, type, pos) VALUES (5307, "gawsanan", "gawsanan", "s", "n");
INSERT INTO `wced_head` (entryid, head, normalized_head, type, pos) VALUES (5307, "gawasánan", "gawasanan", "s", "n");
INSERT INTO `wced_head` (entryid, head, normalized_head, type, pos) VALUES (5307, "kagawásan", "kagawasan", "s", "n");
INSERT INTO `wced_head` (entryid, head, normalized_head, type, pos) VALUES (5307, "gawasnun", "gawasnun", "s", "a");
INSERT INTO `wced_entry` VALUES (5308, "gaway", "262", "<entry page=""262"" id=""5308""><form id=""gaway"" lang=""ceb"">gaway</form>
<hom role=""n""><pos>n</pos>
<sense n=""0""><trans> <tr>tentacles</tr>. </trans>
<eg><i lang=""ceb"">Katul ang gaway sa bukya,</i><trans> Jellyfish have itchy tentacles.
</trans></eg>
</sense></hom></entry>");
INSERT INTO `wced_head` (entryid, head, normalized_head, type, pos) VALUES (5308, "gaway", "gaway", "m", "n");
INSERT INTO `wced_translation` (entryid, translation) VALUES (5308, "tentacles");
INSERT INTO `wced_entry` VALUES (5309, "gawaygaway", "262", "<entry page=""262"" id=""5309""><form id=""gawaygaxway"" lang=""ceb"">gawaygáway</form>
<hom role=""n""><pos>n</pos>
<sense n=""0""><trans> small tree with alternate pinnate leaves. The bark is used for dyeing and strengthening fishlines. It has a white flower similar to a string bean. The flower and the young fruit are cooked and eaten as vegetables: <bio>Sesbania grandiflora</bio>.
</trans>
</sense></hom></entry>");
INSERT INTO `wced_head` (entryid, head, normalized_head, type, pos) VALUES (5309, "gawaygáway", "gawaygaway", "m", "n");
INSERT INTO `wced_entry` VALUES (5310, "gawgaw", "262", "<entry page=""262"" id=""5310""><form id=""gawgaw"" lang=""ceb"">gawgaw</form>
<hom role=""n""><pos>n</pos>
<sense n=""0""><trans> <tr>starch</tr> made from cassava, corn, buri. </trans>
</sense></hom>
<hom role=""v""><pos>v</pos>
<sense n=""0""> <itype>[A; a2]</itype><trans> make starch.
</trans>
</sense></hom></entry>");
INSERT INTO `wced_head` (entryid, head, normalized_head, type, pos) VALUES (5310, "gawgaw", "gawgaw", "m", "nv");
INSERT INTO `wced_translation` (entryid, translation) VALUES (5310, "starch");
INSERT INTO `wced_entry` VALUES (5311, "gawi", "262", "<entry page=""262"" id=""5311""><form id=""gaxwiq"" lang=""ceb"">gáwì</form>
<hom role=""v""><pos>v</pos>
<sense n=""0""> <itype>[A; a12]</itype><trans> use s.t. </trans>
<eg><i lang=""ceb"">Ambi nang ákung bulpin kay gawíun ku,</i><trans> Give me back my ball-point pen because I am going to use it. </trans></eg>
</sense></hom>
<hom role=""n""><pos>n</pos>
<sense n=""0""><trans> character, ways. </trans>
<eg><i lang=""ceb"">Pilía ang babáying maáyug gáwì,</i><trans> Choose a girl with good ways about her. </trans></eg>
</sense></hom>
<entry><form id=""kagawixan"" lang=""ceb""><abbr expan=""kagawían"">ka-an</abbr></form>
<hom role=""n""><pos>n</pos>
<sense n=""0""><trans> manner of doing, using s.t., customs. </trans>
<eg><i lang=""ceb"">Ang pagsultig kusug súpak sa maáyung kagawían,</i><trans> Talking loud smacks of bad manners.
</trans></eg>
</sense></hom></entry></entry>");
INSERT INTO `wced_head` (entryid, head, normalized_head, type, pos) VALUES (5311, "gáwì", "gawi", "m", "vn");
INSERT INTO `wced_head` (entryid, head, normalized_head, type, pos) VALUES (5311, "kagawían", "kagawian", "s", "n");
INSERT INTO `wced_entry` VALUES (5312, "gawu", "262", "<entry page=""262"" id=""5312""><form id=""gawuq"" lang=""ceb"">gawù</form>
<hom>
<sense n=""0""><trans> <xr lang=""ceb"" target=""#galuq_2"">= <sc>galù<sub>1, 2</sub></sc>.</xr>
</trans>
</sense></hom></entry>");
INSERT INTO `wced_head` (entryid, head, normalized_head, type, pos) VALUES (5312, "gawù", "gawu", "m", "");
INSERT INTO `wced_entry` VALUES (5313, "gay", "262", "<entry page=""262"" id=""5313""><form id=""ga5y"" lang=""ceb"">gā́y</form>
<hom>
<sense n=""0""><trans> <xr lang=""ceb"" target=""#gaxlay"">= <sc>gálay</sc>.</xr>
</trans>
</sense></hom></entry>");
INSERT INTO `wced_head` (entryid, head, normalized_head, type, pos) VALUES (5313, "gā́y", "gay", "m", "");
INSERT INTO `wced_entry` VALUES (5314, "gayang", "262", "<entry page=""262"" id=""5314""><form id=""gayang"" lang=""ceb"">gayang</form>
<hom role=""n""><pos>n</pos>
<sense n=""0""><trans> a k.o. <tr>bolo</tr> about <measure reg=""46 cm"">18″</measure> long with a straight blade. The back edge curves slightly upward forming a crest near the tip, with a flat end that slants outward so that the end and the bottom form a point.
</trans>
</sense></hom></entry>");
INSERT INTO `wced_head` (entryid, head, normalized_head, type, pos) VALUES (5314, "gayang", "gayang", "m", "n");
INSERT INTO `wced_translation` (entryid, translation) VALUES (5314, "bolo");
INSERT INTO `wced_entry` VALUES (5315, "gayhab", "262", "<entry page=""262"" id=""5315""><form id=""gayhab"" lang=""ceb"">gayhab</form>
<hom>
<sense n=""0""><trans> <xr lang=""ceb"" target=""#galhab"">= <sc>galhab</sc>.</xr>
</trans>
</sense></hom></entry>");
INSERT INTO `wced_head` (entryid, head, normalized_head, type, pos) VALUES (5315, "gayhab", "gayhab", "m", "");
INSERT INTO `wced_entry` VALUES (5316, "gayi", "262", "<entry page=""262"" id=""5316""><form id=""gaxyiq"" lang=""ceb"">gáyì</form>
<hom>
<sense n=""0""><trans> <xr lang=""ceb"" target=""#gaxniq"">= <sc>gánì</sc> (colloquial).</xr>
</trans>
</sense></hom></entry>");
INSERT INTO `wced_head` (entryid, head, normalized_head, type, pos) VALUES (5316, "gáyì", "gayi", "m", "");
INSERT INTO `wced_entry` VALUES (5317, "gayid", "262", "<entry page=""262"" id=""5317""><form id=""gaxyid"" lang=""ceb"">gáyid</form>
<hom role=""n""><pos>n</pos>
<sense n=""0""><trans> s.t. that serves as a guide. </trans>
</sense></hom>
<hom role=""v""><pos>v</pos>
<sense n=""1""><number>1</number> <itype>[A; b6]</itype><trans> guide the way. </trans>
<eg><i lang=""ceb"">Gayri mi kay wà mi katultul,</i><trans> Guide us because we don’t know the way. </trans></eg>
</sense>
<sense n=""2""><number>2</number> <itype>[B1256]</itype><trans> become a guide. </trans>
<eg><i lang=""ceb"">Nagáyid ku niadtu sa ílang ikspidisiyun,</i><trans> I became their guide in their expedition.
</trans></eg>
</sense></hom></entry>");
INSERT INTO `wced_head` (entryid, head, normalized_head, type, pos) VALUES (5317, "gáyid", "gayid", "m", "nv");
INSERT INTO `wced_entry` VALUES (5318, "gayud", "262", "<entry page=""262"" id=""5318""><form id=""gayud"" lang=""ceb"">gayud</form>
<hom>
<sense n=""0""><trans> <ix>short forms</ix>: <bx>dyud, giyud</bx> </trans>
</sense>
<sense n=""1""><number>1</number><trans> <ix>with adjectives</ix>: without doubt. </trans>
<eg><i lang=""ceb"">Sukù giyud siya nímu,</i><trans> She’s sure to be mad at you. </trans></eg>
</sense>
<sense n=""2a""><number>2a</number><trans> <ix>with verbs</ix>: make it a point to [do]. </trans>
<eg><i lang=""ceb"">Úha giyud,</i><trans> Be sure to hit him on the head. </trans></eg>
</sense>
<sense n=""2b""><number>2b</number><trans> [so-and-so] will happen for sure, can’t help but happen. </trans>
<eg><i lang=""ceb"">Ang talawan, bísag ilútan, mudágan giyud,</i><trans> A coward, even if he is agitated, will be sure to run away. </trans></eg>
</sense>
<sense n=""2c""><number>2c</number> <form id=""na_gayud"" lang=""ceb"">na <abbr expan=""gayud"">—</abbr></form><trans> [so-and-so] happened at last. </trans>
<eg><i lang=""ceb"">Salámat, nakapangíhì na giyud ku,</i><trans> Thank heavens. At last I’ve had a chance to urinate. </trans></eg>
</sense>
<sense n=""2d""><number>2d</number> <form id=""ra_gayud"" lang=""ceb"">ra <abbr expan=""gayud"">—</abbr></form><trans> [so-and-so] will happen despite anything. </trans>
<eg><i lang=""ceb"">Hingpatyan ku ra giyud nang bastúsa,</i><trans> I’ll kill that s.o.b. one of these days for sure. </trans></eg>
</sense>
<sense n=""3a""><number>3a</number> <form id=""walaq_gayud"" lang=""ceb"">walà <abbr expan=""gayud"">—</abbr></form><trans> never. </trans>
<eg><i lang=""ceb"">Wà giyud ku masáyud ánà,</i><trans> I never knew that. </trans></eg>
</sense>
<sense n=""3b""><number>3b</number> <form id=""dixliq_gayud"" lang=""ceb"">dílì <abbr expan=""gayud"">—</abbr></form><trans> never will [do]. </trans>
<eg><i lang=""ceb"">Dì giyud ku maglúib nímu,</i> I’ll never betray you. <form id=""sa_dixliq_pa_gayud"" lang=""ceb"">sa dílì pa <abbr expan=""gayud"">—</abbr></form><trans> certainly before [so-and-so] happens. </trans></eg>
<eg><i lang=""ceb"">Bángun sa dílì pa gayud mubanagbánag,</i><trans> Be sure to wake up before daybreak. </trans></eg>
</sense>
<sense n=""4""><number>4</number><trans> <ix>with nouns, pronouns</ix>: it is, was [pronoun] without a doubt. </trans>
<eg><i lang=""ceb"">Siya giyud ang kinagwapahan,</i><trans> She is the prettiest. </trans></eg>
</sense>
<sense n=""5""><number>5</number><trans> <ix>with adjectives</ix>: it is [adjective] without a doubt. </trans>
<eg><i lang=""ceb"">Lamì giyud kaáyu,</i><trans> It was really delicious, without a doubt. </trans></eg>
</sense>
<sense n=""6""><number>6</number><trans> with forms meaning ‘there is (are), there always be ... for sure’. </trans>
<eg><i lang=""ceb"">Dúna giyuy táwung kulukuyun,</i><trans> There always will be foolish people. </trans></eg>
</sense>
<sense n=""7""><number>7</number><trans> <ix>with numerals</ix>: [numeral] for sure. </trans>
<eg><i lang=""ceb"">Tulu man giyuy íyang gikaun,</i><trans> He ate three whole pieces. </trans></eg>
</sense>
<sense n=""8""><number>8</number><trans> <ix>with words referring to a place</ix>: right at the place. </trans>
<eg><i lang=""ceb"">Náa giyud mi sa publasiyun,</i><trans> We are right in town. </trans></eg>
</sense>
<sense n=""9""><number>9</number><trans> <ix>with interrogatives</ix>: exactly [who, when, where, etc.]. </trans>
<eg><i lang=""ceb"">Kanus-a man giyud ka gíkan?</i><trans> Exactly when are you leaving? </trans></eg>
</sense>
<sense n=""10""><number>10</number><trans> <ix>with words referring to time</ix>: exactly at [such-and-such] a time. </trans>
<eg><i lang=""ceb"">Alas dús giyud tu paglínug,</i><trans> The earthquake was exactly at two o’clock. </trans></eg>
<eg><i lang=""ceb"">Karun pa giyud siya muabut,</i><trans> He just arrived a moment ago. </trans></eg>
<eg><i lang=""ceb"">Pagkamatay giyud ni Hisus, mingíub ang kalibútan,</i><trans> At the moment Jesus died the world was plunged into darkness. </trans></eg>
</sense>
<sense n=""11""><number>11</number> <form id=""gayud_lang"" lang=""ceb""><abbr expan=""gayud"">—</abbr> lang</form><trans> for no reason except that that’s the way it is. </trans>
<eg><i lang=""ceb"">‘Ngánung ingnun nímu ánag pahimútang?’—‘Gayud lang,’</i><trans> ‘Why did you set it up like that?’—‘I just did, that’s all.’ </trans></eg>
</sense></hom>
<entry><form id=""ngaxnu_gayud"" lang=""ceb"">ngánu <abbr expan=""gayud"">—</abbr></form>
<hom>
<sense n=""0""><trans> why did it have to be? </trans>
<eg><i lang=""ceb"">Ngánu ba giyung gipakatáwu kung bungì?</i><trans> Why did I have to be born a harelip? </trans></eg>
</sense></hom></entry>
<entry><form id=""mau_gayud"" lang=""ceb"">mau <abbr expan=""gayud"">—</abbr></form>
<hom>
<sense n=""0""><trans> that’s the way it is. </trans>
<eg><i lang=""ceb"">Mau giyud nang pubri. Mag-antus,</i><trans> That’s the way it is when you’re poor. You suffer.
</trans></eg>
</sense></hom></entry></entry>");
INSERT INTO `wced_head` (entryid, head, normalized_head, type, pos) VALUES (5318, "gayud", "gayud", "m", "");
INSERT INTO `wced_head` (entryid, head, normalized_head, type, pos) VALUES (5318, "na gayud", "na gayud", "s", "");
INSERT INTO `wced_head` (entryid, head, normalized_head, type, pos) VALUES (5318, "ra gayud", "ra gayud", "s", "");
INSERT INTO `wced_head` (entryid, head, normalized_head, type, pos) VALUES (5318, "walà gayud", "wala gayud", "s", "");
INSERT INTO `wced_head` (entryid, head, normalized_head, type, pos) VALUES (5318, "dílì gayud", "dili gayud", "s", "");
INSERT INTO `wced_head` (entryid, head, normalized_head, type, pos) VALUES (5318, "sa dílì pa gayud", "sa dili pa gayud", "s", "");
INSERT INTO `wced_head` (entryid, head, normalized_head, type, pos) VALUES (5318, "gayud lang", "gayud lang", "s", "");
INSERT INTO `wced_head` (entryid, head, normalized_head, type, pos) VALUES (5318, "ngánu gayud", "nganu gayud", "s", "");
INSERT INTO `wced_head` (entryid, head, normalized_head, type, pos) VALUES (5318, "mau gayud", "mau gayud", "s", "");
INSERT INTO `wced_entry` VALUES (5319, "gayuma", "262", "<entry page=""262"" id=""5319""><form id=""gayuxma"" lang=""ceb"">gayúma</form>
<hom>
<sense n=""0""><trans> <xr lang=""ceb"" target=""#lumay"">= <sc>lumay</sc>.</xr>
</trans>
</sense></hom></entry>");
INSERT INTO `wced_head` (entryid, head, normalized_head, type, pos) VALUES (5319, "gayúma", "gayuma", "m", "");
INSERT INTO `wced_entry` VALUES (5320, "gayun", "262", "<entry page=""262"" id=""5320""><form id=""gayun"" lang=""ceb"">gayun</form>
<hom role=""v""><pos>v</pos>
<sense n=""0""> <itype>[A12; a3]</itype><trans> get the chance to do s.t. </trans>
<eg><i lang=""ceb"">Nakagayun kug haluk níya,</i><trans> I got a chance to kiss her. </trans></eg>
</sense></hom>
<entry><form id=""pagayun"" lang=""ceb""><abbr expan=""pagayun"">pa-</abbr></form>
<hom role=""v""><pos>v</pos>
<sense n=""0""> <itype>[A3]</itype><trans> manage, make s.t. not quite suited to the job work, anyway. </trans>
<eg><i lang=""ceb"">Naglísud ku kay nagpagayun ku áring daut nga makina,</i><trans> I’m having a hard time. I am trying to make this defective engine run. </trans></eg>
</sense></hom></entry>
<entry><form id=""higayun"" lang=""ceb""><abbr expan=""higayun"">hi-</abbr></form>
<hom role=""v""><pos>v</pos>
<sense n=""0""> <itype>[A12]</itype><trans> have the chance, time to do s.t. </trans>
<eg><i lang=""ceb"">Musulat ku nímu kun makahigayun,</i><trans> I’ll write you when I have the time to. </trans></eg>
</sense></hom>
<hom role=""n""><pos>n</pos>
<sense n=""1""><number>1</number><trans> <tr>time</tr>, <tr>chance</tr>. </trans>
<eg><i lang=""ceb"">Wà kuy higayun pagtan-aw ug sini,</i><trans> I don’t have time to go to the movies. </trans></eg>
</sense>
<sense n=""2""><number>2</number><trans> <tr>chance</tr>, <tr>opportunity</tr>. </trans>
<eg><i lang=""ceb"">Lihíru ka man giyud. Tagái sad kug higayun nga makadaug,</i><trans> You’re so good at it. Give me a chance to win, too. </trans></eg>
</sense>
<sense n=""3""><number>3</number><trans> <tr>time</tr>, <tr>instance</tr>. </trans>
<eg><i lang=""ceb"">Dúnay mga higayun nga pangulbaan ku,</i><trans> There are times when I get so anxious. </trans></eg>
</sense>
<sense n=""4""><number>4</number><trans> <tr>time</tr>, <tr>event</tr>. </trans>
<eg><i lang=""ceb"">Ang maung higayun gitambúngan sa mga dagkù sa lungsud,</i><trans> The said event was attended by the important people in the town. </trans></eg>
</sense></hom></entry>
<entry><form id=""higaxyun"" lang=""ceb""><abbr expan=""higáyun"">hi-(←)</abbr></form>
<hom role=""v""><pos>v</pos>
<sense n=""0""> <itype>[B1256]</itype><trans> be well-situated in a job, dwelling place, etc. </trans>
<eg><i lang=""ceb"">Dì na mi mulálin kay nahigáyun na mi dinhi,</i><trans> We won’t move because we are <pb n=""263""/>well-situated here. </trans></eg>
</sense></hom></entry>
<entry><form id=""pahigaxyun_pahigayun"" lang=""ceb""><abbr expan=""pahigáyun"">pahi-(←)</abbr>, <abbr expan=""pahigayun"">pahi-</abbr></form>
<hom role=""v""><pos>v</pos>
<sense n=""0""> <itype>[A; c6]</itype><trans> </trans>
</sense>
<sense n=""1""><number>1</number><trans> arrange to have s.o. put in a job. </trans>
<eg><i lang=""ceb"">Ikapahigáyun ka dáyug trabáhu kay paryinti mu ang bús,</i><trans> It can easily be arranged for you to get a job because you are a relative of the boss’s. </trans></eg>
</sense>
<sense n=""2""><number>2</number><trans> make arrangements for the proper performance of s.t. </trans>
<eg><i lang=""ceb"">Ang punirarya ray mupahigáyun sa paglubung,</i><trans> The funeral parlor will take charge of the burial. </trans></eg>
</sense>
<sense n=""3""><number>3</number> <itype>[b(1)]</itype><trans> give s.o. a chance. </trans>
<eg><i lang=""ceb"">Ákù únang gipahigayunan siya, apan kun muusab, ákù siyang kastigúhun,</i><trans> I’m giving him a chance this time, but if he does it again, I’ll punish him. </trans></eg>
</sense>
<sense n=""4""><number>4</number><trans> <xr lang=""ceb"" target=""#pa-"">= <sc>pa-</sc>.</xr> </trans>
</sense></hom></entry>
<entry><form id=""kahigayuxnan"" lang=""ceb"">kahigayúnan</form>
<hom>
<sense n=""0""><trans> opportunity. </trans>
<eg><i lang=""ceb"">Ang kahigayúnan kas-a rang mutuktuk sa pultahan,</i><trans> Opportunity knocks only once. </trans></eg>
</sense></hom></entry>
<entry><form id=""tigayun_patigayun"" lang=""ceb""><abbr expan=""tigayun"">ti-</abbr>, <abbr expan=""patigayun"">pati-</abbr></form>
<hom>
<sense n=""0""><trans> <xr lang=""ceb"" target=""#tigayun""><ix>see</ix> <sc>tigayun</sc>.</xr>
</trans>
</sense></hom></entry></entry>");
INSERT INTO `wced_head` (entryid, head, normalized_head, type, pos) VALUES (5320, "gayun", "gayun", "m", "v");
INSERT INTO `wced_head` (entryid, head, normalized_head, type, pos) VALUES (5320, "pagayun", "pagayun", "s", "v");
INSERT INTO `wced_head` (entryid, head, normalized_head, type, pos) VALUES (5320, "higayun", "higayun", "s", "vn");
INSERT INTO `wced_head` (entryid, head, normalized_head, type, pos) VALUES (5320, "higáyun", "higayun", "s", "v");
INSERT INTO `wced_head` (entryid, head, normalized_head, type, pos) VALUES (5320, "pahigáyun", "pahigayun", "s", "v");
INSERT INTO `wced_head` (entryid, head, normalized_head, type, pos) VALUES (5320, "pahigayun", "pahigayun", "s", "v");
INSERT INTO `wced_head` (entryid, head, normalized_head, type, pos) VALUES (5320, "kahigayúnan", "kahigayunan", "s", "");
INSERT INTO `wced_head` (entryid, head, normalized_head, type, pos) VALUES (5320, "tigayun", "tigayun", "s", "");
INSERT INTO `wced_head` (entryid, head, normalized_head, type, pos) VALUES (5320, "patigayun", "patigayun", "s", "");
INSERT INTO `wced_translation` (entryid, translation) VALUES (5320, "time");
INSERT INTO `wced_translation` (entryid, translation) VALUES (5320, "chance");
INSERT INTO `wced_translation` (entryid, translation) VALUES (5320, "opportunity");
INSERT INTO `wced_translation` (entryid, translation) VALUES (5320, "instance");
INSERT INTO `wced_translation` (entryid, translation) VALUES (5320, "event");
INSERT INTO `wced_entry` VALUES (5321, "gayun", "263", "<entry page=""263"" id=""5321""><form id=""gaxyun"" lang=""ceb"">gáyun</form>
<hom role=""a""><pos>a</pos>
<sense n=""0""><trans> inferior in quality or workmanship. </trans>
<eg><i lang=""ceb"">Gáyun kaáyung pagkatahì ang ímung karsúnis,</i><trans> Your pants are very poorly tailored. </trans></eg>
</sense></hom>
<hom role=""v""><pos>v</pos>
<sense n=""0""> <itype>[B12; a2]</itype><trans> be of inferior quality, do s.t. poorly.
</trans>
</sense></hom></entry>");
INSERT INTO `wced_head` (entryid, head, normalized_head, type, pos) VALUES (5321, "gáyun", "gayun", "m", "av");
INSERT INTO `wced_entry` VALUES (5322, "gayung", "263", "<entry page=""263"" id=""5322""><form id=""gaxyung"" lang=""ceb"">gáyung</form>
<hom role=""v""><pos>v</pos>
<sense n=""0""> <itype>[A; a1]</itype><trans> propel a boat from the stern with a scull. </trans>
<eg><i lang=""ceb"">Gayúngi ang búti arun muirug tag diyútay,</i><trans> Scull the lifeboat so we move forward a bit. </trans></eg>
<eg><i lang=""ceb"">Gayúngun ta lang nang gilay-úna,</i><trans> Let’s just go that distance by sculling. </trans></eg>
</sense></hom>
<entry><form id=""gaxyung_nang_--"" lang=""ceb""><abbr expan=""gáyung"">—</abbr> nang —</form>
<hom>
<sense n=""0""><trans> words said as one takes a baby in the lap standing and letting him lean back and forth. </trans>
</sense></hom></entry>
<entry><form id=""gayung"" lang=""ceb""><abbr expan=""gayung"">(→)</abbr></form>
<hom role=""n""><pos>n</pos>
<sense n=""0""><trans> <tr>scull</tr>. </trans>
</sense></hom></entry>
<entry><form id=""gayunggayung"" lang=""ceb"">gayunggayung</form>
<hom role=""n""><pos>n</pos>
<sense n=""0""><trans> name of a folk dance.
</trans>
</sense></hom></entry></entry>");
INSERT INTO `wced_head` (entryid, head, normalized_head, type, pos) VALUES (5322, "gáyung", "gayung", "m", "v");
INSERT INTO `wced_head` (entryid, head, normalized_head, type, pos) VALUES (5322, "gáyung nang —", "gayung nang —", "s", "");
INSERT INTO `wced_head` (entryid, head, normalized_head, type, pos) VALUES (5322, "gayung", "gayung", "s", "n");
INSERT INTO `wced_head` (entryid, head, normalized_head, type, pos) VALUES (5322, "gayunggayung", "gayunggayung", "s", "n");
INSERT INTO `wced_translation` (entryid, translation) VALUES (5322, "scull");
INSERT INTO `wced_entry` VALUES (5323, "gay-ut", "263", "<entry page=""263"" id=""5323""><form id=""gay-ut"" lang=""ceb"">gay-ut</form>
<hom role=""a""><pos>a</pos>
<sense n=""1""><number>1</number><trans> out of shape, wrinkled. </trans>
<eg><i lang=""ceb"">Gay-ut na kaáyu ang íyang susu,</i><trans> Her breasts were all flabby. </trans></eg>
</sense>
<sense n=""2""><number>2</number><trans> not up to par. </trans>
<eg><i lang=""ceb"">Gay-ut ang íyang dinaganan karun,</i><trans> His running this time was not up to par. </trans></eg>
</sense>
<sense n=""3""><number>3</number><trans> tattered, torn to small bits. </trans>
<eg><i lang=""ceb"">Ang íyang gay-ut nga sinínà gilábay,</i><trans> She threw out her tattered dress. </trans></eg>
</sense></hom>
<hom role=""v""><pos>v</pos>
<sense n=""0""> <itype>[B; a2]</itype><trans> </trans>
</sense>
<sense n=""1""><number>1</number><trans> make s.t. out of shape, get out of shape. </trans>
<eg><i lang=""ceb"">Bag-u pa gánì nà nímung gisul-ub nagkagay-ut na man,</i><trans> You have just put that dress on, but it is wrinkled and out of shape already. </trans></eg>
</sense>
<sense n=""2""><number>2</number><trans> be below par, cause to be below par. </trans>
</sense>
<sense n=""3""><number>3</number><trans> tear up until it is no longer usable.
</trans>
</sense></hom></entry>");
INSERT INTO `wced_head` (entryid, head, normalized_head, type, pos) VALUES (5323, "gay-ut", "gay-ut", "m", "av");
INSERT INTO `wced_entry` VALUES (5324, "gi, gi", "263", "<entry page=""263"" id=""5324""><form id=""gi_gix"" lang=""ceb"">gi, gí</form>
<hom>
<sense n=""0""><trans> <xr lang=""ceb"" target=""#agi"">= <sc>agi</sc>, <ix>1, 1a, 1b, 1c</ix>.</xr>
</trans>
</sense></hom></entry>");
INSERT INTO `wced_head` (entryid, head, normalized_head, type, pos) VALUES (5324, "gi", "gi", "s", "");
INSERT INTO `wced_head` (entryid, head, normalized_head, type, pos) VALUES (5324, "gí", "gi", "s", "");
INSERT INTO `wced_entry` VALUES (5325, "gi-", "263", "<entry page=""263"" id=""5325""><form id=""gi-"" lang=""ceb"">gi-</form>
<hom>
<sense n=""1""><number>1</number><trans> <xr lang=""ceb"" target=""#x-un""><ix>see</ix> <sc>-un<sub>1</sub></sc>.</xr> </trans>
</sense>
<sense n=""2""><number>2</number><trans> <xr lang=""ceb"" target=""#i-""><ix>see</ix> <sc>i-<sub>1</sub></sc>.</xr>
</trans>
</sense></hom></entry>");
INSERT INTO `wced_head` (entryid, head, normalized_head, type, pos) VALUES (5325, "gi-", "gi-", "m", "");
INSERT INTO `wced_entry` VALUES (5326, "giak", "263", "<entry page=""263"" id=""5326""><form id=""gixak"" lang=""ceb"">gíak</form>
<hom role=""v""><pos>v</pos>
<sense n=""0""> <itype>[A; b]</itype><trans> stamp the foot heavily on s.t. </trans>
<eg><i lang=""ceb"">Giáki ang uk-uk,</i><trans> Stamp on the cockroach.
</trans></eg>
</sense></hom></entry>");
INSERT INTO `wced_head` (entryid, head, normalized_head, type, pos) VALUES (5326, "gíak", "giak", "m", "v");
INSERT INTO `wced_entry` VALUES (5327, "gi-an", "263", "<entry page=""263"" id=""5327""><form id=""gi-an"" lang=""ceb"">gi-an</form>
<hom>
<sense n=""0""><trans> <xr lang=""ceb"" target=""#x-an""><ix>see</ix> <sc>-an<sub>1</sub></sc>.</xr>
</trans>
</sense></hom></entry>");
INSERT INTO `wced_head` (entryid, head, normalized_head, type, pos) VALUES (5327, "gi-an", "gi-an", "m", "");
INSERT INTO `wced_entry` VALUES (5328, "gib-an tik", "263", "<entry page=""263"" id=""5328""><form id=""gib-an_tik"" lang=""ceb"">gib-an tik</form>
<hom role=""n""><pos>n</pos>
<sense n=""0""><trans> fight characterized by a furious exchange of blows. </trans>
</sense></hom>
<hom role=""v""><pos>v</pos>
<sense n=""0""> <itype>[C2]</itype><trans> have a furious exchange of blows. </trans>
<eg><i lang=""ceb"">Ang duha ka buksidur naggib-antik sa katapúsang hugnà,</i><trans> The two boxers had a furious exchange of blows in the last round.
</trans></eg>
</sense></hom></entry>");
INSERT INTO `wced_head` (entryid, head, normalized_head, type, pos) VALUES (5328, "gib-an tik", "gib-an tik", "m", "nv");
INSERT INTO `wced_entry` VALUES (5329, "gibang", "263", "<entry page=""263"" id=""5329""><form id=""gixbang"" lang=""ceb"">gíbang</form>
<hom role=""v""><pos>v</pos>
<sense n=""0""> <itype>[A; a]</itype><trans> nick a saw or blade. </trans>
<eg><i lang=""ceb"">Gáhì kaáyung magíbang ang sundang,</i><trans> The machete won’t easily break. </trans></eg>
</sense></hom>
<entry><form id=""gibang"" lang=""ceb""><abbr expan=""gibang"">(→)</abbr></form>
<hom role=""n""><pos>n</pos>
<sense n=""0""><trans> nick on the blade of a sharp instrument, broken serration in a saw.
</trans>
</sense></hom></entry></entry>");
INSERT INTO `wced_head` (entryid, head, normalized_head, type, pos) VALUES (5329, "gíbang", "gibang", "m", "v");
INSERT INTO `wced_head` (entryid, head, normalized_head, type, pos) VALUES (5329, "gibang", "gibang", "s", "n");
INSERT INTO `wced_entry` VALUES (5330, "gibhang", "263", "<entry page=""263"" id=""5330""><form id=""gibhang"" lang=""ceb"">gibhang</form>
<hom role=""v""><pos>v</pos>
<sense n=""0""> <itype>[A3P; b5]</itype><trans> knock a piece off of a whole, make a gap in s.t. </trans>
<eg><i lang=""ceb"">Gibhángan (gibhángun) ang kural sa mga buyung,</i><trans> The rustlers will make a hole in the wall (will cause it to have a hole in it). </trans></eg>
</sense></hom>
<hom role=""n""><pos>n</pos>
<sense n=""0""><trans> chip, gap, space left when s.t. has been removed from a single piece. </trans>
<eg><i lang=""ceb"">Dakung gibhang sa ákung kinabúhì ang íyang pagkawálà,</i><trans> His disappearance left a huge gap in my life. </trans></eg>
</sense></hom>
<entry><form id=""gibhang"" lang=""ceb""><abbr expan=""gibhang"">ka-</abbr></form>
<hom>
<sense n=""0""><trans> <xr lang=""ceb"" target=""#gibhang"">= <sc>gibhang</sc>, <i lang=""ceb"">n</i>.</xr>

</trans>
</sense></hom></entry></entry>");
INSERT INTO `wced_head` (entryid, head, normalized_head, type, pos) VALUES (5330, "gibhang", "gibhang", "m", "vn");
INSERT INTO `wced_entry` VALUES (5331, "giblang", "263", "<entry page=""263"" id=""5331""><form id=""giblang"" lang=""ceb"">giblang</form>
<hom role=""n""><pos>n</pos>
<sense n=""0""><trans> distance between two vertical things. </trans>
<eg><i lang=""ceb"">Ang giblang sa duha ka pusti,</i><trans> The distance between the two poles. </trans></eg>
</sense></hom>
<hom role=""a""><pos>a</pos>
<sense n=""0""><trans> wide, having a great distance between two vertical things in either side. </trans>
</sense></hom>
<hom role=""v""><pos>v</pos>
<sense n=""0""> <itype>[B1; a12]</itype><trans> be, become wide. </trans>
<eg><i lang=""ceb"">Magiblang ang kalyi ug magtagà ang láray sa lubi,</i><trans> The street will become wide if you cut down the row of coconut trees.
</trans></eg>
</sense></hom></entry>");
INSERT INTO `wced_head` (entryid, head, normalized_head, type, pos) VALUES (5331, "giblang", "giblang", "m", "nav");
INSERT INTO `wced_entry` VALUES (5332, "gidlak", "263", "<entry page=""263"" id=""5332""><form id=""gidlak"" lang=""ceb"">gidlak</form>
<hom role=""v""><pos>v</pos>
<sense n=""0""> <itype>[A; b6]</itype><trans> <tr>glitter</tr>, <tr>sparkle</tr>. </trans>
<eg><i lang=""ceb"">Wà makagidlak ang mga bitúun kay nagdag-um,</i><trans> The stars did not sparkle in the sky because it was overcast. </trans></eg>
</sense></hom>
<entry><form id=""gidlakgidlak"" lang=""ceb"">gidlakgidlak</form>
<hom role=""a""><pos>a</pos>
<sense n=""0""><trans> glittering, sparkling. </trans>
<eg><i lang=""ceb"">Gidlakgidlak ang sinínang íyang gisul-ub,</i><trans> She wore a dress that was covered with little sparkling things. </trans></eg>
</sense></hom>
<hom role=""v""><pos>v</pos>
<sense n=""0""> <itype>[B3(1)6]</itype><trans> glitter, sparkle.
</trans>
</sense></hom></entry></entry>");
INSERT INTO `wced_head` (entryid, head, normalized_head, type, pos) VALUES (5332, "gidlak", "gidlak", "m", "v");
INSERT INTO `wced_head` (entryid, head, normalized_head, type, pos) VALUES (5332, "gidlakgidlak", "gidlakgidlak", "s", "av");
INSERT INTO `wced_translation` (entryid, translation) VALUES (5332, "glitter");
INSERT INTO `wced_translation` (entryid, translation) VALUES (5332, "sparkle");
INSERT INTO `wced_entry` VALUES (5333, "*gidlay", "263", "<entry page=""263"" id=""5333""><form id=""xxgidlay"" lang=""ceb"">*gidlay</form>
<entry><form id=""kagidlay"" lang=""ceb""><abbr expan=""kagidlay"">ka-</abbr></form>
<hom role=""v""><pos>v</pos>
<sense n=""0""> <itype>[A13]</itype><trans> </trans>
</sense>
<sense n=""1""><number>1</number><trans> for clothing to be in tatters. </trans>
<eg><i lang=""ceb"">Nagkagidlay ang saput sa makililímus,</i><trans> The beggar was wearing tattered clothes. </trans></eg>
</sense>
<sense n=""2""><number>2</number><trans> be reduced to a miserable condition due to misfortunes, financial set-backs, and the like. </trans>
<eg><i lang=""ceb"">Nagkagidlay lagi ku kay gibyáan sa uyab,</i><trans> I’m a miserable wretch since my lover left me. </trans></eg>
<eg><i lang=""ceb"">Dì ku makabáyad kay nagkagidlay pa mi,</i><trans> I can’t pay because we are in a desperate financial condition. </trans></eg>
</sense>
<sense n=""3""><number>3</number><trans> be battered in a fight or some other undertakings. </trans>
<eg><i lang=""ceb"">Nagkagidlay ku sa ámung tist,</i><trans> I was ruined on that test. </trans></eg>
<eg><i lang=""ceb"">Nagkagidlay ang ámung tím,</i><trans> Our team was reamed.
</trans></eg>
</sense></hom></entry></entry>");
INSERT INTO `wced_head` (entryid, head, normalized_head, type, pos) VALUES (5333, "gidlay", "gidlay", "s", "");
INSERT INTO `wced_head` (entryid, head, normalized_head, type, pos) VALUES (5333, "kagidlay", "kagidlay", "s", "v");
INSERT INTO `wced_entry` VALUES (5334, "gigming", "263", "<entry page=""263"" id=""5334""><form id=""gigming"" lang=""ceb"">gigming</form>
<hom>
<sense n=""0""><trans> <xr lang=""ceb"" target=""#gagming"">= <sc>gagming</sc>.</xr> <xr lang=""ceb"" target=""#gaming""><ix>see</ix> <sc>gaming</sc>.</xr>
</trans>
</sense></hom></entry>");
INSERT INTO `wced_head` (entryid, head, normalized_head, type, pos) VALUES (5334, "gigming", "gigming", "m", "");
INSERT INTO `wced_entry` VALUES (5335, "gigulu", "263", "<entry page=""263"" id=""5335""><form id=""gigulu"" lang=""ceb"">gigulu</form>
<hom role=""n""><pos><corr sic=""a"">n</corr></pos>
<sense n=""0""><trans> <tr>gigolo</tr>. </trans>
</sense></hom>
<hom role=""v""><pos>v</pos>
<sense n=""0""> <itype>[B26]</itype><trans> be a gigolo.
</trans>
</sense></hom></entry>");
INSERT INTO `wced_head` (entryid, head, normalized_head, type, pos) VALUES (5335, "gigulu", "gigulu", "m", "nv");
INSERT INTO `wced_translation` (entryid, translation) VALUES (5335, "gigolo");
INSERT INTO `wced_entry` VALUES (5336, "gihang", "263", "<entry page=""263"" id=""5336""><form id=""gihang"" lang=""ceb"">gihang</form>
<hom>
<sense n=""0""><trans> <xr lang=""ceb"" target=""#gilhang"">= <sc>gilhang</sc>.</xr>
</trans>
</sense></hom></entry>");
INSERT INTO `wced_head` (entryid, head, normalized_head, type, pos) VALUES (5336, "gihang", "gihang", "m", "");
INSERT INTO `wced_entry` VALUES (5337, "gihapun", "263", "<entry page=""263"" id=""5337""><form id=""gihaxpun"" lang=""ceb"">gihápun</form>
<hom>
<sense n=""1""><number>1</number><trans> <tr>still</tr>, as before. </trans>
<eg><i lang=""ceb"">Nagpabílin gihápun nga Risalista si Iyù Simun,</i><trans> Old Simon still remains a die-hard Rizalist. </trans></eg>
</sense>
<sense n=""2""><number>2</number><trans> still, nevertheless. </trans>
<eg><i lang=""ceb"">Bísag unsáun, kang Sirhing kami gihápun,</i><trans> No matter what happens, we are still for Serging. </trans></eg>
</sense>
<sense n=""3""><number>3</number><trans> still the same thing. </trans>
<eg><i lang=""ceb"">Balanghuy gahápun, balanghuy lang gihápun karun?</i><trans> We had cassava yesterday. Do we still have cassava today? </trans></eg>
</sense></hom>
<entry><form id=""mau_gihaxpun"" lang=""ceb"">mau <abbr expan=""gihápun"">—</abbr></form>
<hom>
<sense n=""0""><trans> as always. </trans>
<eg><i lang=""ceb"">Tigúlang na siya apan mau gihápun ambúngan,</i><trans> He is old now, but as always, handsome. </trans></eg>
</sense></hom></entry>
<entry><form id=""sa_gihaxpun"" lang=""ceb"">sa <abbr expan=""gihápun"">—</abbr></form>
<hom>
<sense n=""0""><trans> forever, always, at all times. </trans>
<eg><i lang=""ceb"">Maingun sa sinugdan, karun, ug sa gihápun, sa mga katuígan ngatanan,</i><trans> As it was in the beginning, <pb n=""264""/>is now, and ever shall be, world without end.
</trans></eg>
</sense></hom></entry></entry>");
INSERT INTO `wced_head` (entryid, head, normalized_head, type, pos) VALUES (5337, "gihápun", "gihapun", "m", "");
INSERT INTO `wced_head` (entryid, head, normalized_head, type, pos) VALUES (5337, "mau gihápun", "mau gihapun", "s", "");
INSERT INTO `wced_head` (entryid, head, normalized_head, type, pos) VALUES (5337, "sa gihápun", "sa gihapun", "s", "");
INSERT INTO `wced_translation` (entryid, translation) VALUES (5337, "still");
INSERT INTO `wced_entry` VALUES (5338, "gihay", "264", "<entry page=""264"" id=""5338""><form id=""gihay"" lang=""ceb"">gihay</form>
<hom role=""n""><pos>n</pos>
<sense n=""1""><number>1</number><trans> <tr>petal</tr>. </trans>
<eg><i lang=""ceb"">Ang gihay sa rúsas pula,</i><trans> Rose petals are red. </trans></eg>
</sense>
<sense n=""2""><number>2</number><trans> shred, strip, tear off s.t. </trans>
<eg><i lang=""ceb"">Usa ka gihay sa íyang sinínà nahabilin sa alambri,</i><trans> A piece of her dress was left on the wire. </trans></eg>
</sense></hom>
<hom role=""v""><pos>v</pos>
<sense n=""0""> <itype>[A; ab4]</itype><trans> tear s.t. into strips, shreds. </trans>
<eg><i lang=""ceb"">Gihayun níya ang papil,</i><trans> She will tear the paper into strips. </trans></eg>
</sense></hom>
<entry><form id=""kagixhay"" lang=""ceb""><abbr expan=""kagíhay"">ka-(←)</abbr></form>
<hom role=""v""><pos>v</pos>
<sense n=""0""> <itype>[A13]</itype><trans> be reduced to shreds. </trans>
<eg><i lang=""ceb"">Nagkagíhay ang íyang pangatarúngan sa abtik nga panuksù,</i><trans> His reasoning was reduced to shreds by the intelligent questioning.
</trans></eg>
</sense></hom></entry></entry>");
INSERT INTO `wced_head` (entryid, head, normalized_head, type, pos) VALUES (5338, "gihay", "gihay", "m", "nv");
INSERT INTO `wced_head` (entryid, head, normalized_head, type, pos) VALUES (5338, "kagíhay", "kagihay", "s", "v");
INSERT INTO `wced_translation` (entryid, translation) VALUES (5338, "petal");
INSERT INTO `wced_entry` VALUES (5339, "gihi", "264", "<entry page=""264"" id=""5339""><form id=""gihiq"" lang=""ceb"">gihì</form>
<hom role=""v""><pos>v</pos>
<sense n=""0""> <itype>[A; b]</itype><trans> </trans>
</sense>
<sense n=""1""><number>1</number><trans> slice a portion off a hunk of meat or fish. </trans>
<eg><i lang=""ceb"">Gigihian nákug gamay ang gaway sa tabuguk,</i><trans> I cut a small slice from the octopus’ tentacles. </trans></eg>
</sense>
<sense n=""2""><number>2</number><trans> make an incision in meat or fish. </trans>
<eg><i lang=""ceb"">Gihii ang karni nga igsusugba,</i><trans> Make incisions on the meat to be broiled. </trans></eg>
</sense></hom>
<hom role=""n""><pos>n</pos>
<sense n=""0""><trans> slice taken off a hunk of meat or fish.
</trans>
</sense></hom></entry>");
INSERT INTO `wced_head` (entryid, head, normalized_head, type, pos) VALUES (5339, "gihì", "gihi", "m", "vn");
INSERT INTO `wced_entry` VALUES (5340, "gihu", "264", "<entry page=""264"" id=""5340""><form id=""gixhu"" lang=""ceb"">gíhu</form>
<hom>
<sense n=""0""><trans> <xr lang=""ceb"" target=""#gixsuk"">= <sc>gísuk</sc>.</xr>
</trans>
</sense></hom></entry>");
INSERT INTO `wced_head` (entryid, head, normalized_head, type, pos) VALUES (5340, "gíhu", "gihu", "m", "");
INSERT INTO `wced_entry` VALUES (5341, "gika-", "264", "<entry page=""264"" id=""5341""><form id=""gika-"" lang=""ceb"">gika-</form>
<hom>
<sense n=""0""><trans> <xr lang=""ceb"" target=""#i-""><ix>see</ix> <sc>i-<sub>1</sub></sc>.</xr>
</trans>
</sense></hom></entry>");
INSERT INTO `wced_head` (entryid, head, normalized_head, type, pos) VALUES (5341, "gika-", "gika-", "m", "");
INSERT INTO `wced_entry` VALUES (5342, "gikan", "264", "<entry page=""264"" id=""5342""><form id=""gixkan"" lang=""ceb"">gíkan</form>
<hom>
<sense n=""1""><number>1</number><trans> <tr>from</tr> [such-and-such] a place. </trans>
<eg><i lang=""ceb"">Miabut siya gíkan sa Hapun,</i><trans> He arrived from Japan. </trans></eg>
</sense>
<sense n=""2""><number>2</number><trans> from [such-and-such] a time. </trans>
<eg><i lang=""ceb"">Natū́g siya gíkan sa buntag,</i><trans> He slept from morning on. </trans></eg>
</sense>
<sense n=""3""><number>3</number><trans> having just finished doing or being s.t. </trans>
<eg><i lang=""ceb"">Gíkan akung nalígù,</i><trans> I’ve just come from my bath. </trans></eg>
</sense>
<sense n=""4""><number>4</number><trans> from, against an adversity. </trans>
<eg><i lang=""ceb"">Luwasun ku ikaw gíkan sa kauláwan,</i><trans> I’ll save you from shame. </trans></eg>
</sense>
<sense n=""5""><number>5</number><trans> originating from. </trans>
<eg><i lang=""ceb"">Ang táwu kunu gíkan sa ungguy,</i><trans> Man is said to have descended from the apes. </trans></eg>
</sense></hom>
<entry><form id=""gixkan_karun"" lang=""ceb""><abbr expan=""gíkan"">—</abbr> karun</form>
<hom>
<sense n=""0""><trans> from now on, henceforth. </trans>
<eg><i lang=""ceb"">Gíkan karun, wà nay sinisíni,</i><trans> From now on, no more movies. </trans></eg>
</sense></hom>
<hom role=""v""><pos>v</pos>
<sense n=""1""><number>1</number> <itype>[A2; a]</itype><trans> <tr>depart</tr>. </trans>
<eg><i lang=""ceb"">Mugíkan ku ugmà pára Amirika,</i><trans> I’ll leave tomorrow for the United States. </trans></eg>
<eg><i lang=""ceb"">Ug gikánun nátug sayu,</i><trans> If we make it an early departure. </trans></eg>
</sense>
<sense n=""2""><number>2</number> <itype>[A12S3; b6]</itype><trans> <tr>originate from</tr> s.t. </trans>
<eg><i lang=""ceb"">Kanang sugáa naggikan sa parúla,</i><trans> That light comes from the lighthouse. </trans></eg>
<eg><i lang=""ceb"">Ang íyang sakit nagagikan sa pagpúnayg panigarilyu,</i><trans> His sickness comes from excessive smoking. </trans></eg>
<eg><i lang=""ceb"">Halayung dápit ang ákung gigikánan,</i><trans> I come from a far place. </trans></eg>
</sense></hom></entry>
<entry><form id=""pagixkan"" lang=""ceb""><abbr expan=""pagíkan"">pa-</abbr></form>
<hom role=""v""><pos>v</pos>
<sense n=""0""> <itype>[A; c1]</itype><trans> see off on a trip. </trans>
<eg><i lang=""ceb"">Akuy mupagíkan níya sa piyir,</i><trans> I’ll see her off at the wharf. </trans></eg>
</sense></hom></entry>
<entry><form id=""gumixkan"" lang=""ceb""><abbr expan=""gumíkan"">-um-</abbr></form>
<hom>
<sense n=""0""><trans> due to. </trans>
<eg><i lang=""ceb"">Gumíkan sa ímung kadangag nawálà ang rilu,</i><trans> Because of your carelessness you lost the watch. </trans></eg>
</sense></hom>
<hom role=""v""><pos>v</pos>
<sense n=""0""> <itype>[A12S3]</itype><trans> be due to. </trans>
<eg><i lang=""ceb"">Ang báhà naggumíkan sa pagpúril sa lasang,</i><trans> Floods are due to deforestation. </trans></eg>
</sense></hom></entry>
<entry><form id=""kagixkan"" lang=""ceb""><abbr expan=""kagíkan"">ka-</abbr></form>
<hom role=""n""><pos>n</pos>
<sense n=""0""><trans> <tr>ancestral origin</tr>. </trans>
<eg><i lang=""ceb"">Putiun siya kay katsílà ang íyang kagíkan,</i><trans> He is white because his ancestors were Spaniards. </trans></eg>
</sense></hom></entry>
<entry><form id=""ginikaxnan"" lang=""ceb""><abbr expan=""ginikánan"">-in-an</abbr></form>
<hom role=""n""><pos>n</pos>
<sense n=""1""><number>1</number><trans> <tr>parents</tr>. </trans>
</sense>
<sense n=""2""><number>2</number><trans> <tr>origin</tr>, <tr>primary source</tr>. </trans>
<eg><i lang=""ceb"">Ang garbu mauy ginikánan sa tanang salà,</i><trans> Pride is the root of all sin.
</trans></eg>
</sense></hom></entry></entry>");
INSERT INTO `wced_head` (entryid, head, normalized_head, type, pos) VALUES (5342, "gíkan", "gikan", "m", "");
INSERT INTO `wced_head` (entryid, head, normalized_head, type, pos) VALUES (5342, "gíkan karun", "gikan karun", "s", "v");
INSERT INTO `wced_head` (entryid, head, normalized_head, type, pos) VALUES (5342, "pagíkan", "pagikan", "s", "v");
INSERT INTO `wced_head` (entryid, head, normalized_head, type, pos) VALUES (5342, "gumíkan", "gumikan", "s", "v");
INSERT INTO `wced_head` (entryid, head, normalized_head, type, pos) VALUES (5342, "kagíkan", "kagikan", "s", "n");
INSERT INTO `wced_head` (entryid, head, normalized_head, type, pos) VALUES (5342, "ginikánan", "ginikanan", "s", "n");
INSERT INTO `wced_translation` (entryid, translation) VALUES (5342, "from");
INSERT INTO `wced_translation` (entryid, translation) VALUES (5342, "depart");
INSERT INTO `wced_translation` (entryid, translation) VALUES (5342, "originate from");
INSERT INTO `wced_translation` (entryid, translation) VALUES (5342, "ancestral origin");
INSERT INTO `wced_translation` (entryid, translation) VALUES (5342, "parents");
INSERT INTO `wced_translation` (entryid, translation) VALUES (5342, "origin");
INSERT INTO `wced_translation` (entryid, translation) VALUES (5342, "primary source");
INSERT INTO `wced_entry` VALUES (5343, "gilak", "264", "<entry page=""264"" id=""5343""><form id=""gixlak"" lang=""ceb"">gílak</form>
<hom role=""n""><pos>n</pos>
<sense n=""0""><trans> <tr>glitter</tr>, <tr>sparkle</tr>. </trans>
<eg><i lang=""ceb"">Masúlaw ang gílak sa íyang mga aláhas,</i><trans> The glitter of her jewelry was dazzling. </trans></eg>
</sense></hom>
<hom role=""v""><pos>v</pos>
<sense n=""0""> <itype>[A2S]</itype><trans> </trans>
</sense>
<sense n=""1""><number>1</number><trans> <tr>glitter</tr>, <tr>sparkle</tr>. </trans>
<eg><i lang=""ceb"">Migílak ang íyang mga mata,</i><trans> Her eyes glittered. </trans></eg>
</sense>
<sense n=""2""><number>2</number><trans> shine in popularity, prominence. </trans>
<eg><i lang=""ceb"">Si Ilbis naggilak gihápun sa íyang kabantug,</i><trans> Elvis still is shining in his popularity. </trans></eg>
</sense></hom>
<entry><form id=""gilakgilak"" lang=""ceb"">gilakgilak</form>
<hom role=""v""><pos>v</pos>
<sense n=""0""> <itype>[B146]</itype><trans> have a sparkling brilliance. </trans>
</sense></hom></entry>
<entry><form id=""magixlakun"" lang=""ceb""><abbr expan=""magílakun"">ma-un</abbr></form>
<hom role=""a""><pos>a</pos>
<sense n=""0""><trans> <tr>sparkling</tr>.
</trans>
</sense></hom></entry></entry>");
INSERT INTO `wced_head` (entryid, head, normalized_head, type, pos) VALUES (5343, "gílak", "gilak", "m", "nv");
INSERT INTO `wced_head` (entryid, head, normalized_head, type, pos) VALUES (5343, "gilakgilak", "gilakgilak", "s", "v");
INSERT INTO `wced_head` (entryid, head, normalized_head, type, pos) VALUES (5343, "magílakun", "magilakun", "s", "a");
INSERT INTO `wced_translation` (entryid, translation) VALUES (5343, "glitter");
INSERT INTO `wced_translation` (entryid, translation) VALUES (5343, "sparkle");
INSERT INTO `wced_translation` (entryid, translation) VALUES (5343, "sparkling");
INSERT INTO `wced_entry` VALUES (5344, "gilang", "264", "<entry page=""264"" id=""5344""><form id=""gilang"" lang=""ceb"">gilang</form>
<hom role=""v""><pos>v</pos>
<sense n=""0""> <itype>[A; b5]</itype><trans> make crosswise or diagonal incisions into s.t. </trans>
<eg><i lang=""ceb"">Gilanga (gilangi) ang isdà únà pritúha,</i><trans> Make incisions in the fish before you fry it.
</trans></eg>
</sense></hom></entry>");
INSERT INTO `wced_head` (entryid, head, normalized_head, type, pos) VALUES (5344, "gilang", "gilang", "m", "v");
INSERT INTO `wced_entry` VALUES (5345, "gil-as", "264", "<entry page=""264"" id=""5345""><form id=""gil-as"" lang=""ceb"">gil-as</form>
<hom role=""a""><pos>a</pos>
<sense n=""0""><trans> <tr>warm</tr>. </trans>
</sense></hom>
<hom role=""v""><pos>v</pos>
<sense n=""1""><number>1</number> <itype>[B; b4]</itype><trans> feel warm. </trans>
<eg><i lang=""ceb"">Ug mugil-as ang panahun, paghúkas, arun dì ka gil-asan,</i><trans> If the weather gets hot, take off your shirt so you won’t feel hot. </trans></eg>
</sense>
<sense n=""2""><number>2</number> <itype>[A123P; b4]</itype><trans> feel restless, uneasy. </trans>
<eg><i lang=""ceb"">Gigil-ásan ang íyang ginikánan sa dúgayng pagpinaábut kaníya,</i><trans> Her parents were restless waiting for her. </trans></eg>
</sense></hom>
<entry><form id=""kagil-as"" lang=""ceb""><abbr expan=""kagil-as"">ka-</abbr></form>
<hom role=""n""><pos>n</pos>
<sense n=""1""><number>1</number><trans> <tr>heat</tr>. </trans>
</sense>
<sense n=""2""><number>2</number><trans> feeling of restlessness. </trans>
</sense></hom></entry>
<entry><form id=""magil-axsun"" lang=""ceb""><abbr expan=""magil-ásun"">ma-un</abbr></form>
<hom role=""a""><pos>a</pos>
<sense n=""0""><trans> ill at ease. </trans>
<eg><i lang=""ceb"">Magil-ásun siya nga miatúbang sa bisíta,</i><trans> She was ill at ease as she received her visitor.
</trans></eg>
</sense></hom></entry></entry>");
INSERT INTO `wced_head` (entryid, head, normalized_head, type, pos) VALUES (5345, "gil-as", "gil-as", "m", "av");
INSERT INTO `wced_head` (entryid, head, normalized_head, type, pos) VALUES (5345, "kagil-as", "kagil-as", "s", "n");
INSERT INTO `wced_head` (entryid, head, normalized_head, type, pos) VALUES (5345, "magil-ásun", "magil-asun", "s", "a");
INSERT INTO `wced_translation` (entryid, translation) VALUES (5345, "warm");
INSERT INTO `wced_translation` (entryid, translation) VALUES (5345, "heat");
INSERT INTO `wced_entry` VALUES (5346, "gilaw", "264", "<entry page=""264"" id=""5346""><form id=""gixlaw"" lang=""ceb"">gílaw</form>
<hom role=""n""><pos>n</pos>
<sense n=""0""><trans> steady flow of light from s.t. glowing, gleaming. </trans>
</sense></hom>
<hom role=""v""><pos>v</pos>
<sense n=""0""> <itype>[BN]</itype><trans> glow, gleam. </trans>
<eg><i lang=""ceb"">Migílaw ang úling nga nagbaga,</i><trans> The red coals glowed. </trans></eg>
<eg><i lang=""ceb"">Naggilaw sa kaháit ang ákung pinútì,</i><trans> My bolo is gleaming with sharpness. </trans></eg>
</sense></hom>
<entry><form id=""gilawgilaw"" lang=""ceb"">gilawgilaw</form>
<hom role=""v""><pos>v</pos>
<sense n=""0""> <itype>[A]</itype><trans> sparkle.
</trans>
</sense></hom></entry></entry>");
INSERT INTO `wced_head` (entryid, head, normalized_head, type, pos) VALUES (5346, "gílaw", "gilaw", "m", "nv");
INSERT INTO `wced_head` (entryid, head, normalized_head, type, pos) VALUES (5346, "gilawgilaw", "gilawgilaw", "s", "v");
INSERT INTO `wced_entry` VALUES (5347, "gilay", "264", "<entry page=""264"" id=""5347""><form id=""gilay"" lang=""ceb"">gilay</form>
<hom role=""v""><pos>v</pos>
<sense n=""0""> <itype>[A; b6(1)]</itype><trans> cut a slit in the ear of an animal for purposes of identification. </trans>
</sense></hom>
<entry><form id=""ginilayun"" lang=""ceb""><abbr expan=""ginilayun"">-in-an</abbr></form>
<hom role=""a""><pos>a</pos>
<sense n=""0""><trans> having a slit cut in the ear.
</trans>
</sense></hom></entry></entry>");
INSERT INTO `wced_head` (entryid, head, normalized_head, type, pos) VALUES (5347, "gilay", "gilay", "m", "v");
INSERT INTO `wced_head` (entryid, head, normalized_head, type, pos) VALUES (5347, "ginilayun", "ginilayun", "s", "a");
INSERT INTO `wced_entry` VALUES (5348, "gilayun", "264", "<entry page=""264"" id=""5348""><form id=""gilayun"" lang=""ceb"">gilayun</form>
<hom>
<sense n=""0""><trans> <xr lang=""ceb"" target=""#daxyun""><ix>see</ix> <sc>dáyun</sc>.</xr>
</trans>
</sense></hom></entry>");
INSERT INTO `wced_head` (entryid, head, normalized_head, type, pos) VALUES (5348, "gilayun", "gilayun", "m", "");
INSERT INTO `wced_entry` VALUES (5349, "gilhang", "264", "<entry page=""264"" id=""5349""><form id=""gilhang"" lang=""ceb"">gilhang</form>
<hom>
<sense n=""0""><trans> (from <ix>lihang</ix>) </trans>
</sense></hom>
<hom role=""n""><pos>n</pos>
<sense n=""0""><trans> fissure, slit, gap where two long things join. </trans>
<eg><i lang=""ceb"">Taas ang gilhang sa ílang pangidarun,</i><trans> There is a large difference in their ages. </trans></eg>
</sense></hom>
<hom role=""v""><pos>v</pos>
<sense n=""1""><number>1</number> <itype>[B456; c1]</itype><trans> have a narrow gap, slit. </trans>
<eg><i lang=""ceb"">Naggilhang lang nang ímung ngípun,</i><trans> Your teeth are spaced wide apart. </trans></eg>
<eg><i lang=""ceb"">Gilhanga (igilhang) pagsira ang pultahan arun makalìlì ta,</i><trans> Don’t close the door all the way so we can peep. </trans></eg>
</sense>
<sense n=""2""><number>2</number> <itype>[A; b6(1)]</itype><trans> make a gash on s.t. to have an opening. </trans>
<eg><i lang=""ceb"">Gilhangi ang isdang asinánan,</i><trans> Make a gash in the fish we will salt.
</trans></eg>
</sense></hom></entry>");
INSERT INTO `wced_head` (entryid, head, normalized_head, type, pos) VALUES (5349, "gilhang", "gilhang", "m", "nv");
INSERT INTO `wced_entry` VALUES (5350, "gilis", "264", "<entry page=""264"" id=""5350""><form id=""gixlis"" lang=""ceb"">gílis</form>
<hom role=""v""><pos>v</pos>
<sense n=""0""> <itype>[A; a]</itype><trans> tear or cut into long straight strips. </trans>
<eg><i lang=""ceb"">Ang hángin mauy nakagílis sa dáhun sa ságing,</i><trans> The strong wind tore the banana leaf into strips. </trans></eg>
<eg><i lang=""ceb"">Gigílis sa kusug nga pambut ang dágat,</i><trans> The pump boat cut a straight swath into the sea. </trans></eg>
</sense></hom>
<entry><form id=""gilis"" lang=""ceb""><abbr expan=""gilis"">(→)</abbr></form>
<hom role=""n""><pos>n</pos>
<sense n=""0""><trans> a piece stripped off of s.t. †
</trans>
</sense></hom></entry></entry>");
INSERT INTO `wced_head` (entryid, head, normalized_head, type, pos) VALUES (5350, "gílis", "gilis", "m", "v");
INSERT INTO `wced_head` (entryid, head, normalized_head, type, pos) VALUES (5350, "gilis", "gilis", "s", "n");
INSERT INTO `wced_entry` VALUES (5351, "gilit", "264", "<entry page=""264"" id=""5351""><form id=""gilit"" lang=""ceb"">gilit</form>
<hom role=""n""><pos>n</pos>
<sense n=""0""><trans> <tr>razor blade</tr> (from the brand name Gillette). </trans>
</sense></hom>
<hom role=""v""><pos>v</pos>
<sense n=""0""> <itype>[a12]</itype><trans> cut with a razor blade. </trans>
<eg><i lang=""ceb"">Dì maputul nang hilúha ug dì gilitun,</i><trans> That string won’t break if you don’t cut it with a razor blade.
<pb n=""265""/>
</trans></eg>
</sense></hom></entry>");
INSERT INTO `wced_head` (entryid, head, normalized_head, type, pos) VALUES (5351, "gilit", "gilit", "m", "nv");
INSERT INTO `wced_translation` (entryid, translation) VALUES (5351, "razor blade");
INSERT INTO `wced_entry` VALUES (5352, "gil-it", "265", "<entry page=""265"" id=""5352""><form id=""gil-it"" lang=""ceb"">gil-it</form>
<hom role=""v""><pos>v</pos>
<sense n=""0""> <itype>[A; c6]</itype><trans> for a tiny portion of s.t. to stick out from behind or inside s.t. that conceals it. </trans>
<eg><i lang=""ceb"">Migil-it na ang adlaw sa subangan,</i><trans> The sun has emerged from the east. </trans></eg>
<eg><i lang=""ceb"">Igil-it ang tumuy sa ímung dílà,</i><trans> Stick out the tip of your tongue.
</trans></eg>
</sense></hom></entry>");
INSERT INTO `wced_head` (entryid, head, normalized_head, type, pos) VALUES (5352, "gil-it", "gil-it", "m", "v");
INSERT INTO `wced_entry` VALUES (5353, "gil-ud", "265", "<entry page=""265"" id=""5353""><form id=""gil-ud"" lang=""ceb"">gil-ud</form>
<hom role=""v""><pos>v</pos>
<sense n=""0""> <itype>[A; b5]</itype><trans> break s.o.’s bones. </trans>
<eg><i lang=""ceb"">Gil-urun (gil-uran) ta ka run,</i><trans> I’ll break your bones.
</trans></eg>
</sense></hom></entry>");
INSERT INTO `wced_head` (entryid, head, normalized_head, type, pos) VALUES (5353, "gil-ud", "gil-ud", "m", "v");
INSERT INTO `wced_entry` VALUES (5354, "giluk", "265", "<entry page=""265"" id=""5354""><form id=""giluk"" lang=""ceb"">giluk</form>
<hom role=""a""><pos>a</pos>
<sense n=""0""><trans> <tr>tickling sensation</tr>. </trans>
<eg><i lang=""ceb"">Giluk kaáyu kun gitíkun ta sa íluk,</i><trans> It is very titillating to be tickled in the armpits. </trans></eg>
</sense></hom>
<hom role=""v""><pos>v</pos>
<sense n=""1""><number>1</number> <itype>[B6; b4]</itype><trans> <tr>tickle</tr>, feel s.t. tickling. </trans>
<eg><i lang=""ceb"">Migiluk ang ákung ilung,</i><trans> My nose itched. </trans></eg>
<eg><i lang=""ceb"">Pwirting kinatáwa kay gigilukan (gigigkan, gigidkan) siya,</i><trans> She laughed hard because it tickled. </trans></eg>
</sense>
<sense n=""2""><number>2</number> <itype>[A13]</itype><trans> <form id=""giluk_ang_kamut_tiil"" lang=""ceb""><abbr expan=""giluk"">—</abbr> ang kamut, tiil</form> have a compulsion to touch s.t. or move the feet. </trans>
<eg><i lang=""ceb"">Maggiluk ang kamut sa kiriwan,</i><trans> A kleptomaniac has itchy hands. </trans></eg>
<eg><i lang=""ceb"">Naggiluk ang ákung tiil. Kaáyung ibayli,</i><trans> My feet itch. How nice it would be to dance. </trans></eg>
</sense></hom>
<entry><form id=""gixluk"" lang=""ceb""><abbr expan=""gíluk"">(←)</abbr></form>
<hom role=""a""><pos>a</pos>
<sense n=""0""><trans> intense tickling. </trans>
</sense></hom>
<hom role=""v""><pos>v</pos>
<sense n=""0""> <itype>[B6; b4]</itype><trans> tickle intensely. </trans>
</sense></hom></entry>
<entry><form id=""pagiluk"" lang=""ceb""><abbr expan=""pagiluk"">pa-</abbr></form>
<hom>
<sense n=""0""> <itype>[A; b]</itype><trans> tickle s.o. </trans>
<eg><i lang=""ceb"">Kaáyu giyud nímu pagigkan,</i><trans> How nice it would be to tickle you. </trans></eg>
</sense></hom></entry>
<entry><form id=""gigkaxnun_magilukun"" lang=""ceb"">gigkánun, <abbr expan=""magilukun"">ma-un</abbr></form>
<hom role=""a""><pos>a</pos>
<sense n=""0""><trans> ticklish, sensitive to tickling.
</trans>
</sense></hom></entry></entry>");
INSERT INTO `wced_head` (entryid, head, normalized_head, type, pos) VALUES (5354, "giluk", "giluk", "m", "av");
INSERT INTO `wced_head` (entryid, head, normalized_head, type, pos) VALUES (5354, "giluk ang kamut", "giluk ang kamut", "s", "");
INSERT INTO `wced_head` (entryid, head, normalized_head, type, pos) VALUES (5354, "tiil", "tiil", "s", "");
INSERT INTO `wced_head` (entryid, head, normalized_head, type, pos) VALUES (5354, "gíluk", "giluk", "s", "av");
INSERT INTO `wced_head` (entryid, head, normalized_head, type, pos) VALUES (5354, "pagiluk", "pagiluk", "s", "");
INSERT INTO `wced_head` (entryid, head, normalized_head, type, pos) VALUES (5354, "gigkánun", "gigkanun", "s", "a");
INSERT INTO `wced_head` (entryid, head, normalized_head, type, pos) VALUES (5354, "magilukun", "magilukun", "s", "a");
INSERT INTO `wced_translation` (entryid, translation) VALUES (5354, "tickling sensation");
INSERT INTO `wced_translation` (entryid, translation) VALUES (5354, "tickle");
INSERT INTO `wced_entry` VALUES (5355, "gim", "265", "<entry page=""265"" id=""5355""><form id=""gixm"" lang=""ceb"">gím</form>
<hom role=""n""><pos>n</pos>
<sense n=""1""><number>1</number><trans> <tr>game</tr>, <tr>sports competition</tr>. </trans>
<eg><i lang=""ceb"">Giuswag ang gím tungud sa ulan,</i><trans> The game was postponed due to the rain. </trans></eg>
</sense>
<sense n=""2""><number>2</number><trans> end of a game according to an agreement. </trans>
<eg><i lang=""ceb"">Mangundang ta sa wà pay gím,</i><trans> Let’s quit before the end of the game. </trans></eg>
</sense>
<sense n=""2a""><number>2a</number><trans> game of mahjong starting from the deal till the time one of the players goes mahjong. </trans>
</sense></hom>
<hom role=""a""><pos>a</pos>
<sense n=""0""><trans> game, showing spirit and enthusiasm, even under unpropitious conditions. </trans>
<eg><i lang=""ceb"">Gím nà siya kay bísag way hílig, mukanta kun hangyúun,</i><trans> She is game because she will sing if you ask her to even if she doesn’t want to. </trans></eg>
</sense></hom>
<hom role=""v""><pos>v</pos>
<sense n=""1""><number>1</number> <itype>[B236; a12]</itype><trans> for a game to end. </trans>
<eg><i lang=""ceb"">Migím (nagím) na lang wà pa kuy puntus,</i><trans> The game ended without my having contributed a point. </trans></eg>
<eg><i lang=""ceb"">Gíma na arun mangulì ta,</i><trans> Make it a game so we can go home. </trans></eg>
</sense>
<sense n=""2""><number>2</number> <itype>[B12; b6]</itype><trans> get to be game. </trans>
</sense></hom>
<entry><form id=""panggixm"" lang=""ceb""><abbr expan=""panggím"">paN-</abbr></form>
<hom role=""n""><pos>n</pos>
<sense n=""0""><trans> a play to finish the game. </trans>
<eg><i lang=""ceb"">Panggím ning sirbíha,</i><trans> This serve is the game point.
</trans></eg>
</sense></hom></entry></entry>");
INSERT INTO `wced_head` (entryid, head, normalized_head, type, pos) VALUES (5355, "gím", "gim", "m", "nav");
INSERT INTO `wced_head` (entryid, head, normalized_head, type, pos) VALUES (5355, "panggím", "panggim", "s", "n");
INSERT INTO `wced_translation` (entryid, translation) VALUES (5355, "game");
INSERT INTO `wced_translation` (entryid, translation) VALUES (5355, "sports competition");
INSERT INTO `wced_entry` VALUES (5356, "gimat1", "265", "<entry page=""265"" id=""5356""><form id=""gimat"" lang=""ceb"">gimat<sub>1</sub></form>
<hom role=""a""><pos>a</pos>
<sense n=""0""><trans> ugly, plain. </trans>
<eg><i lang=""ceb"">Gimat nang panaptun ímung gipílì,</i><trans> You chose an ugly cloth. </trans></eg>
</sense></hom>
<hom role=""v""><pos>v</pos>
<sense n=""0""> <itype>[b12]</itype><trans> get to be ugly. </trans>
</sense></hom>
<entry><form id=""kagixmat"" lang=""ceb""><abbr expan=""kagímat"">ka-(←)</abbr></form>
<hom role=""v""><pos>v</pos>
<sense n=""0""> <itype>[A13]</itype><trans> be covered with dirt. </trans>
<eg><i lang=""ceb"">Nagkagímat ang nawung sa bátà,</i><trans> The child’s face was covered with dirt.
</trans></eg>
</sense></hom></entry></entry>");
INSERT INTO `wced_head` (entryid, head, normalized_head, type, pos) VALUES (5356, "gimat", "gimat", "s", "av");
INSERT INTO `wced_head` (entryid, head, normalized_head, type, pos) VALUES (5356, "kagímat", "kagimat", "s", "v");
INSERT INTO `wced_entry` VALUES (5357, "gimat2", "265", "<entry page=""265"" id=""5357""><form id=""gimat2"" lang=""ceb"">gimat<sub>2</sub></form>
<hom role=""a""><pos>a</pos>
<sense n=""0""><trans> <tr>tattered</tr>, <tr>in shreds</tr>. </trans>
<eg><i lang=""ceb"">Gimat ang sinínà sa makililímus,</i><trans> The beggar has a tattered dress on. </trans></eg>
</sense></hom>
<entry><form id=""kagixmat"" lang=""ceb""><abbr expan=""kagímat"">ka-(←)</abbr></form>
<hom role=""v""><pos>v</pos>
<sense n=""0""> <itype>[A13]</itype><trans> be in tatters.
</trans>
</sense></hom></entry></entry>");
INSERT INTO `wced_head` (entryid, head, normalized_head, type, pos) VALUES (5357, "gimat", "gimat", "s", "a");
INSERT INTO `wced_head` (entryid, head, normalized_head, type, pos) VALUES (5357, "kagímat", "kagimat", "s", "v");
INSERT INTO `wced_translation` (entryid, translation) VALUES (5357, "tattered");
INSERT INTO `wced_translation` (entryid, translation) VALUES (5357, "in shreds");
INSERT INTO `wced_entry` VALUES (5358, "gimaw", "265", "<entry page=""265"" id=""5358""><form id=""gixmaw"" lang=""ceb"">gímaw</form>
<hom role=""v""><pos>v</pos>
<sense n=""0""> <itype>[A; c6]</itype><trans> </trans>
</sense>
<sense n=""1""><number>1</number><trans> emerge, for a small portion of s.t. to stick out above a surface or behind a concealment. </trans>
<eg><i lang=""ceb"">Migímaw ang simud sa mga isdà ibabaw sa túbig,</i><trans> The snout of the fish emerged from the surface of the water. </trans></eg>
<eg><i lang=""ceb"">Ang mga turuk nanggímaw na,</i><trans> The sprouts are pushing out of the ground now. </trans></eg>
</sense>
<sense n=""2""><number>2</number><trans> come to light, be revealed. </trans>
<eg><i lang=""ceb"">Ang kinaíya sa táwu bísan unsáun pagtábun, mugímaw gayud,</i><trans> One’s true character will surely come out no matter how carefully it is concealed. </trans></eg>
</sense>
<sense n=""3""><number>3</number> <itype>[A2P]</itype><trans> show oneself in a place. </trans>
<eg><i lang=""ceb"">Wà na mugímaw (mupagímaw) nang mangingilad,</i><trans> That swindler never showed himself again. </trans></eg>
</sense></hom>
<hom role=""n""><pos>n</pos>
<sense n=""0""><trans> visible portion of s.t. partially hidden.
</trans>
</sense></hom></entry>");
INSERT INTO `wced_head` (entryid, head, normalized_head, type, pos) VALUES (5358, "gímaw", "gimaw", "m", "vn");
INSERT INTO `wced_entry` VALUES (5359, "gim-aw", "265", "<entry page=""265"" id=""5359""><form id=""gim-aw"" lang=""ceb"">gim-aw</form>
<hom>
<sense n=""0""><trans> <xr lang=""ceb"" target=""#gixmaw"">= <sc>gímaw</sc>.</xr>
</trans>
</sense></hom></entry>");
INSERT INTO `wced_head` (entryid, head, normalized_head, type, pos) VALUES (5359, "gim-aw", "gim-aw", "m", "");
INSERT INTO `wced_entry` VALUES (5360, "giming", "265", "<entry page=""265"" id=""5360""><form id=""giming"" lang=""ceb"">giming</form>
<hom>
<sense n=""0""><trans> <xr lang=""ceb"" target=""#gaming"">= <sc>gaming</sc>.</xr>
</trans>
</sense></hom></entry>");
INSERT INTO `wced_head` (entryid, head, normalized_head, type, pos) VALUES (5360, "giming", "giming", "m", "");
INSERT INTO `wced_entry` VALUES (5361, "gimuk", "265", "<entry page=""265"" id=""5361""><form id=""gixmuk"" lang=""ceb"">gímuk</form>
<hom role=""v""><pos>v</pos>
<sense n=""0""> <itype>[A2S3]</itype><trans> make a slight movement in place. </trans>
<eg><i lang=""ceb"">Migímuk ang bátang natúlug dihang gipáak sa namuk,</i><trans> The sleeping baby stirred when a mosquito bit him. </trans></eg>
<eg><i lang=""ceb"">Naggimuk ang mga úlud sa patay nga irù,</i><trans> Worms are wriggling over the dead dog’s body. </trans></eg>
</sense></hom>
<hom role=""n""><pos>n</pos>
<sense n=""0""><trans> action of stirring. </trans>
<eg><i lang=""ceb"">Way gímuk ang baryu kun magabíi,</i><trans> The village is completely quiet at night.
</trans></eg>
</sense></hom></entry>");
INSERT INTO `wced_head` (entryid, head, normalized_head, type, pos) VALUES (5361, "gímuk", "gimuk", "m", "vn");
INSERT INTO `wced_entry` VALUES (5362, "gim-ut", "265", "<entry page=""265"" id=""5362""><form id=""gim-ut"" lang=""ceb"">gim-ut</form>
<hom role=""a""><pos>a</pos>
<sense n=""1""><number>1</number><trans> barely enough in space. </trans>
</sense>
<sense n=""2""><number>2</number><trans> short of time, money. </trans>
</sense>
<sense n=""3""><number>3</number><trans> expression of distaste, annoyance on the face. </trans>
</sense></hom>
<hom role=""v""><pos>v</pos>
<sense n=""0""> <itype>[B; b6]</itype><trans> </trans>
</sense>
<sense n=""1""><number>1</number><trans> be barely enough in space. </trans>
<eg><i lang=""ceb"">Mugim-ut (magim-ut) ang pasilyu kung hidaghanan sa táwu,</i><trans> The passageway will be congested if there are too many people who pass in it. </trans></eg>
</sense>
<sense n=""2""><number>2</number><trans> be short of time or money. </trans>
<eg><i lang=""ceb"">Mugim-ut (magim-ut) ang ímung iskidyul ug daghang sabdyiks ímung kuháun,</i><trans> Your schedule will be very tight if you take too heavy a load. </trans></eg>
<eg><i lang=""ceb"">Gigim-útan ang kabus sa íyang kahimtang,</i><trans> The poor man is in a tight financial situation. </trans></eg>
</sense>
<sense n=""3""><number>3</number> <itype>[B6; c1]</itype><trans> for the face to get an expression of distaste or anger. </trans>
<eg><i lang=""ceb"">Migim-ut (nagim-ut) ang íyang nawung kay gibahuan,</i><trans> She wrinkled up her face because she smelled s.t. bad.
</trans></eg>
</sense></hom></entry>");
INSERT INTO `wced_head` (entryid, head, normalized_head, type, pos) VALUES (5362, "gim-ut", "gim-ut", "m", "av");
INSERT INTO `wced_entry` VALUES (5363, "gina-", "265", "<entry page=""265"" id=""5363""><form id=""gina-"" lang=""ceb"">gina-</form>
<hom>
<sense n=""0""><trans> <xr lang=""ceb"" target=""#paga-un""><ix>see</ix> <sc>paga-un</sc>.</xr>
</trans>
</sense></hom></entry>");
INSERT INTO `wced_head` (entryid, head, normalized_head, type, pos) VALUES (5363, "gina-", "gina-", "m", "");
INSERT INTO `wced_entry` VALUES (5364, "gina-an", "265", "<entry page=""265"" id=""5364""><form id=""gina-an"" lang=""ceb"">gina-an</form>
<hom>
<sense n=""0""><trans> <xr lang=""ceb"" target=""#paga-an""><ix>see</ix> <sc>paga-an</sc>.</xr>
</trans>
</sense></hom></entry>");
INSERT INTO `wced_head` (entryid, head, normalized_head, type, pos) VALUES (5364, "gina-an", "gina-an", "m", "");
INSERT INTO `wced_entry` VALUES (5365, "ginabut", "265", "<entry page=""265"" id=""5365""><form id=""ginaxbut"" lang=""ceb"">ginábut</form>
<hom>
<sense n=""0""><trans> <xr lang=""ceb"" target=""#gaxbut""><ix>see</ix> <sc>gábut</sc>.</xr>
</trans>
</sense></hom></entry>");
INSERT INTO `wced_head` (entryid, head, normalized_head, type, pos) VALUES (5365, "ginábut", "ginabut", "m", "");
INSERT INTO `wced_entry` VALUES (5366, "ginahapun", "265", "<entry page=""265"" id=""5366""><form id=""ginahapun"" lang=""ceb"">ginahapun</form>
<hom>
<sense n=""0""><trans> <xr lang=""ceb"" target=""#ginhaxpun"">= <sc>ginhápun</sc>.</xr>
</trans>
</sense></hom></entry>");
INSERT INTO `wced_head` (entryid, head, normalized_head, type, pos) VALUES (5366, "ginahapun", "ginahapun", "m", "");
INSERT INTO `wced_entry` VALUES (5367, "ginang", "265", "<entry page=""265"" id=""5367""><form id=""Gixnang"" lang=""ceb"">Gínang</form>
<hom role=""n""><pos>n</pos>
<sense n=""0""><trans> <tr>Mrs</tr>. </trans>
<eg><i lang=""ceb"">Siya si Gínang Riyis,</i><trans> This is Mrs. Reyes. </trans></eg>
</sense></hom>
<hom role=""v""><pos>v</pos>
<sense n=""0""> <itype>[A; a12]</itype><trans> call s.o. ‘Mrs.’.
</trans>
</sense></hom></entry>");
INSERT INTO `wced_head` (entryid, head, normalized_head, type, pos) VALUES (5367, "Gínang", "ginang", "m", "nv");
INSERT INTO `wced_translation` (entryid, translation) VALUES (5367, "Mrs");
INSERT INTO `wced_entry` VALUES (5368, "ginansiya", "265", "<entry page=""265"" id=""5368""><form id=""ginansiya"" lang=""ceb"">ginansiya</form>
<hom>
<sense n=""0""><trans> <xr lang=""ceb"" target=""#ganansiya"">= <sc>ganansiya</sc>.</xr>
</trans>
</sense></hom></entry>");
INSERT INTO `wced_head` (entryid, head, normalized_head, type, pos) VALUES (5368, "ginansiya", "ginansiya", "m", "");
INSERT INTO `wced_entry` VALUES (5369, "ginga", "265", "<entry page=""265"" id=""5369""><form id=""gixnga"" lang=""ceb"">gínga</form>
<hom>
<sense n=""0""><trans> <xr lang=""ceb"" target=""#guxnga"">= <sc>gúnga</sc>.</xr>
</trans>
</sense></hom></entry>");
INSERT INTO `wced_head` (entryid, head, normalized_head, type, pos) VALUES (5369, "gínga", "ginga", "m", "");
INSERT INTO `wced_entry` VALUES (5370, "ginga", "265", "<entry page=""265"" id=""5370""><form id=""gingaq"" lang=""ceb"">gingà</form>
<hom>
<sense n=""0""><trans> <xr lang=""ceb"" target=""#gingiq"">= <sc>gingì</sc>, <ix>n</ix> <bx>1</bx>.</xr>
</trans>
</sense></hom></entry>");
INSERT INTO `wced_head` (entryid, head, normalized_head, type, pos) VALUES (5370, "gingà", "ginga", "m", "");
INSERT INTO `wced_entry` VALUES (5371, "gingging1", "265", "<entry page=""265"" id=""5371""><form id=""gingging"" lang=""ceb"">gingging<sub>1</sub></form>
<hom role=""v""><pos>v</pos>
<sense n=""0""> <itype>[A; a2b2]</itype><trans> tweak the ears or pull the hair on the side of head upwards with the thumb and forefinger. </trans>
<eg><i lang=""ceb"">Ginggíngun ku nang ímung dunggan ug pabuyag ka,</i><trans> I will tweak your ears if you are naughty.
</trans></eg>
</sense></hom></entry>");
INSERT INTO `wced_head` (entryid, head, normalized_head, type, pos) VALUES (5371, "gingging", "gingging", "s", "v");
INSERT INTO `wced_entry` VALUES (5372, "gingging2", "265", "<entry page=""265"" id=""5372""><form id=""gingging2"" lang=""ceb"">gingging<sub>2</sub></form>
<hom>
<sense n=""0""><trans> pet name given to boys and girls.
</trans>
</sense></hom></entry>");
INSERT INTO `wced_head` (entryid, head, normalized_head, type, pos) VALUES (5372, "gingging", "gingging", "s", "");
INSERT INTO `wced_entry` VALUES (5373, "ginggun", "265", "<entry page=""265"" id=""5373""><form id=""ginggun"" lang=""ceb"">ginggun</form>
<hom role=""n""><pos>n</pos>
<sense n=""1""><number>1</number><trans> k.o. cloth of plain weave, usually blue-colored, coarser than the Indianhead cloth, used commonly for ordinary wear because of its durability. </trans>
</sense>
<sense n=""2""><number>2</number><trans> coloration of horses: a white field sometimes with a tinge <pb n=""266""/>of grey covered with black speckles. </trans>
</sense>
<sense n=""2a""><number>2a</number>
</sense></hom>
<hom role=""a""><pos>a</pos>
<sense n=""0""><trans> horse of this coloration.
</trans>
</sense></hom></entry>");
INSERT INTO `wced_head` (entryid, head, normalized_head, type, pos) VALUES (5373, "ginggun", "ginggun", "m", "na");
INSERT INTO `wced_entry` VALUES (5374, "gingi", "266", "<entry page=""266"" id=""5374""><form id=""gingiq"" lang=""ceb"">gingì</form>
<hom role=""n""><pos>n</pos>
<sense n=""1""><number>1</number><trans> spaces between toes and fingers. </trans>
</sense>
<sense n=""2""><number>2</number><trans> slits or openings in walls, roofs, and the like. </trans>
</sense>
<sense n=""3""><number>3</number><trans> small nooks, corners, crevices, creases in s.t. or parts of a body. </trans>
<eg><i lang=""ceb"">Gingì sa hunàhúnà,</i><trans> Crevices of one’s mind. </trans></eg>
<eg><i lang=""ceb"">Gingì sa líug,</i><trans> Crease in the neck. </trans></eg>
</sense>
<sense n=""4""><number>4</number><trans> part of a broken branch, a part of a bunch or hand of fruit. </trans>
<eg><i lang=""ceb"">Usa ka ginging úbas,</i><trans> Part of a bunch of grapes. </trans></eg>
</sense></hom>
<hom role=""v""><pos>v</pos>
<sense n=""0""> <itype>[A; a]</itype><trans> break into parts, as branches and bunches of fruit. </trans>
<eg><i lang=""ceb"">Migingì siyag sanga sa bayábas,</i><trans> He broke a guava branch into pieces. </trans></eg>
</sense></hom>
<entry><form id=""gingiqgingiq"" lang=""ceb"">gingìgingì</form>
<hom>
<sense n=""0""><trans> <xr lang=""ceb"" target=""#gingiq"">= <sc>gingì</sc>.</xr>
</trans>
</sense></hom></entry></entry>");
INSERT INTO `wced_head` (entryid, head, normalized_head, type, pos) VALUES (5374, "gingì", "gingi", "m", "nv");
INSERT INTO `wced_head` (entryid, head, normalized_head, type, pos) VALUES (5374, "gingìgingì", "gingigingi", "s", "");
INSERT INTO `wced_entry` VALUES (5375, "ginhapun", "266", "<entry page=""266"" id=""5375""><form id=""ginhaxpun"" lang=""ceb"">ginhápun</form>
<hom>
<sense n=""0""><trans> usual, normal in behavior, said in contexts referring to the unusualness of certain behavior. </trans>
<eg><i lang=""ceb"">Katingad-an kay dílì ginhápun nga maulahi siya,</i><trans> It’s surprising because it’s not usual for her to be late. </trans></eg>
<eg><i lang=""ceb"">Ginhápun ba siya nga maghúbug?</i><trans> Is it normal for him to get drunk?
</trans></eg>
</sense></hom></entry>");
INSERT INTO `wced_head` (entryid, head, normalized_head, type, pos) VALUES (5375, "ginhápun", "ginhapun", "m", "");
INSERT INTO `wced_entry` VALUES (5376, "ginhawa", "266", "<entry page=""266"" id=""5376""><form id=""ginhaxwa"" lang=""ceb"">ginháwa</form>
<hom role=""n""><pos>n</pos>
<sense n=""1""><number>1</number><trans> <tr>breath</tr>. </trans>
<eg><i lang=""ceb"">Nabugtúan siya sa ginháwa sa alas tris,</i><trans> He expired at three o’clock. </trans></eg>
</sense></hom>
<entry><form id=""taxman_sa_ginhaxwa"" lang=""ceb"">táman sa <abbr expan=""ginháwa"">—</abbr></form>
<hom>
<sense n=""0""><trans> as much as one could. </trans>
<eg><i lang=""ceb"">Midágan siyag táman sa ginháwa,</i><trans> He ran away as fast as he could. </trans></eg>
</sense>
<sense n=""2""><number>2</number><trans> appetite for eating. </trans>
<eg><i lang=""ceb"">Maáyu siyag ginháwa maung tambuk,</i><trans> He has a good appetite. That’s why he is fat. </trans></eg>
</sense></hom></entry>
<entry><form id=""paxra_sa_ginhaxwa"" lang=""ceb"">pára sa <abbr expan=""ginháwa"">—</abbr></form>
<hom>
<sense n=""0""><trans> for the purposes of food. </trans>
<eg><i lang=""ceb"">Mamuhì ta pára sa átung ginháwa,</i><trans> Let’s raise animals for food. </trans></eg>
</sense></hom></entry>
<entry><form id=""subra_sa_ginhaxwa"" lang=""ceb"">subra sa <abbr expan=""ginháwa"">—</abbr></form>
<hom>
<sense n=""0""><trans> excess food. </trans>
<eg><i lang=""ceb"">Iláwug sa bábuy ang subra sa ginháwa,</i><trans> Feed the leftovers to the pigs. </trans></eg>
</sense>
<sense n=""3""><number>3</number><trans> cookies, small cakes. </trans>
</sense>
<sense n=""4""><number>4</number><trans> one’s feelings. </trans>
<eg><i lang=""ceb"">Nagláin ang ákung ginháwa,</i><trans> I feel lousy. </trans></eg>
<eg><i lang=""ceb"">Kulbà kaáyu ang ákung ginháwa,</i><trans> I was terribly frightened. </trans></eg>
</sense>
<sense n=""4a""><number>4a</number><trans> <ix>used as subject for an instrumental passive verb or instrumental noun</ix>: feel like. </trans>
<eg><i lang=""ceb"">Maáyung ihílak ang ákung ginháwa,</i><trans> I feel so much like crying. </trans></eg>
<eg><i lang=""ceb"">Nahadluk ku. Igdadágan ang ákung ginháwa,</i><trans> I was afraid. I felt like running away. </trans></eg>
</sense></hom></entry>
<entry><form id=""mau_na_sa_ginhaxwa"" lang=""ceb"">mau na sa <abbr expan=""ginháwa"">—</abbr></form>
<hom>
<sense n=""0""><trans> have spent the limit of one’s strength. </trans>
<eg><i lang=""ceb"">Mau na sa ginháwa nákung pugung arun dì ku makabakyaw,</i><trans> I controlled myself as much as I could to keep from hitting her. </trans></eg>
</sense></hom></entry>
<entry><form id=""walaq_sa_ginhaxwa"" lang=""ceb"">walà sa <abbr expan=""ginháwa"">—</abbr></form>
<hom>
<sense n=""0""><trans> not take s.t. to heart. </trans>
<eg><i lang=""ceb"">Wà ra sa íyang ginháwa bísag kasab-an,</i><trans> She doesn’t take it to heart if she is cussed out. </trans></eg>
</sense></hom>
<hom role=""v""><pos>v</pos>
<sense n=""0""> <itype>[A2S3S; c]</itype><trans> <tr>breathe</tr>. </trans>
<eg><i lang=""ceb"">Dalia kay nagginhawa pa,</i><trans> Quick, she is still breathing. </trans></eg>
<eg><i lang=""ceb"">Nakabayad na ku sa mga útang. Makaginhawa na ta,</i><trans> I’ve paid the debts. Now we can breathe. </trans></eg>
<eg><i lang=""ceb"">Iginháwa ang dautang hángin gíkan sa bágà,</i><trans> Breathe out the bad air from the lungs. </trans></eg>
</sense></hom></entry>
<entry><form id=""ginhaxwa_ug_luag"" lang=""ceb""><abbr expan=""ginháwa"">—</abbr> ug luag</form>
<hom role=""v""><pos>v</pos>
<sense n=""0""> <itype>[A123S]</itype><trans> breathe a sigh of relief. </trans>
<eg><i lang=""ceb"">Nakaginhawa siyag luag pagkasáyud nga apindiks ra diay,</i><trans> He breathed a sigh of relief upon finding out it was just appendicitis. </trans></eg>
</sense></hom></entry>
<entry><form id=""gininhaxwa"" lang=""ceb""><abbr expan=""gininháwa"">-in-</abbr></form>
<hom role=""n""><pos>n</pos>
<sense n=""0""><trans> <tr>breathing</tr>. </trans>
</sense></hom></entry>
<entry><form id=""ginhawaxan_ginhawaan"" lang=""ceb"">ginhawáan, ginhawaan</form>
<hom role=""n""><pos>n</pos>
<sense n=""1""><number>1</number><trans> <tr>entrails</tr>. </trans>
<eg><i lang=""ceb"">Gidugùdugù níla ang ginhawáan sa bábuy,</i><trans> They made the entrails of the pig into blood stew. </trans></eg>
</sense>
<sense n=""2""><number>2</number><trans> insides. </trans>
<eg><i lang=""ceb"">Dihà diay nati sa ginhawaan,</i><trans> There was a calf in the stomach. </trans></eg>
</sense>
<sense n=""3""><number>3</number><trans> mood, disposition. </trans>
<eg><i lang=""ceb"">Nagdáut ang ákung ginhawáan kay nag-áway mi,</i><trans> I am in a bad mood because we had a quarrel. </trans></eg>
</sense>
<sense n=""4""><number>4</number><trans> capacity to withstand sickening, nauseating circumstances. </trans>
<eg><i lang=""ceb"">Húyang siyag ginhawaan kay madismáyug makakitag dugù,</i><trans> She has a weak stomach because she faints when she sees blood.
</trans></eg>
</sense></hom></entry></entry>");
INSERT INTO `wced_head` (entryid, head, normalized_head, type, pos) VALUES (5376, "ginháwa", "ginhawa", "m", "n");
INSERT INTO `wced_head` (entryid, head, normalized_head, type, pos) VALUES (5376, "táman sa ginháwa", "taman sa ginhawa", "s", "");
INSERT INTO `wced_head` (entryid, head, normalized_head, type, pos) VALUES (5376, "pára sa ginháwa", "para sa ginhawa", "s", "");
INSERT INTO `wced_head` (entryid, head, normalized_head, type, pos) VALUES (5376, "subra sa ginháwa", "subra sa ginhawa", "s", "");
INSERT INTO `wced_head` (entryid, head, normalized_head, type, pos) VALUES (5376, "mau na sa ginháwa", "mau na sa ginhawa", "s", "");
INSERT INTO `wced_head` (entryid, head, normalized_head, type, pos) VALUES (5376, "walà sa ginháwa", "wala sa ginhawa", "s", "v");
INSERT INTO `wced_head` (entryid, head, normalized_head, type, pos) VALUES (5376, "ginháwa ug luag", "ginhawa ug luag", "s", "v");
INSERT INTO `wced_head` (entryid, head, normalized_head, type, pos) VALUES (5376, "gininháwa", "gininhawa", "s", "n");
INSERT INTO `wced_head` (entryid, head, normalized_head, type, pos) VALUES (5376, "ginhawáan", "ginhawaan", "s", "n");
INSERT INTO `wced_head` (entryid, head, normalized_head, type, pos) VALUES (5376, "ginhawaan", "ginhawaan", "s", "n");
INSERT INTO `wced_translation` (entryid, translation) VALUES (5376, "breath");
INSERT INTO `wced_translation` (entryid, translation) VALUES (5376, "breathe");
INSERT INTO `wced_translation` (entryid, translation) VALUES (5376, "breathing");
INSERT INTO `wced_translation` (entryid, translation) VALUES (5376, "entrails");
INSERT INTO `wced_entry` VALUES (5377, "gining", "266", "<entry page=""266"" id=""5377""><form id=""Gixning"" lang=""ceb"">Gíning</form>
<hom role=""n""><pos>n</pos>
<sense n=""0""><trans> <tr>Miss</tr>. </trans>
<eg><i lang=""ceb"">Kini si Gíning Santus,</i><trans> This is Miss Santos. </trans></eg>
</sense></hom>
<hom role=""v""><pos>v</pos>
<sense n=""0""> <itype>[A; a12]</itype><trans> call s.o. ‘Miss’.
</trans>
</sense></hom></entry>");
INSERT INTO `wced_head` (entryid, head, normalized_head, type, pos) VALUES (5377, "Gíning", "gining", "m", "nv");
INSERT INTO `wced_translation` (entryid, translation) VALUES (5377, "Miss");
INSERT INTO `wced_entry` VALUES (5378, "ginit", "266", "<entry page=""266"" id=""5378""><form id=""gixnit"" lang=""ceb"">gínit</form>
<hom role=""n""><pos>n</pos>
<sense n=""0""><trans> the cloth-like sheath, growing off the sides of the base of coconut palm fronds, protecting the young frond and the blossom.
</trans>
</sense></hom></entry>");
INSERT INTO `wced_head` (entryid, head, normalized_head, type, pos) VALUES (5378, "gínit", "ginit", "m", "n");
INSERT INTO `wced_entry` VALUES (5379, "ginlaw", "266", "<entry page=""266"" id=""5379""><form id=""ginlaw"" lang=""ceb"">ginlaw</form>
<hom role=""v""><pos>v</pos>
<sense n=""0""> <itype>[B3(1); b6]</itype><trans> <tr>shine</tr>, <tr>glitter</tr>. </trans>
<eg><i lang=""ceb"">Muginlaw ang úru ug mainitan,</i><trans> Gold will glitter in the sun. </trans></eg>
<eg><i lang=""ceb"">Nagginlaw ang íyang brilyanti,</i><trans> Her diamond is glittering. </trans></eg>
<eg><i lang=""ceb"">Naginlaw ang sawug sa plurwaks,</i><trans> The floor shone with the floor wax. </trans></eg>
</sense></hom>
<hom role=""a""><pos>a</pos>
<sense n=""0""><trans> <tr>glittering</tr>, <tr>glossy</tr>. </trans>
</sense></hom>
<hom role=""n""><pos>n</pos>
<sense n=""0""><trans> glitter, <tr>gloss</tr>.
</trans>
</sense></hom></entry>");
INSERT INTO `wced_head` (entryid, head, normalized_head, type, pos) VALUES (5379, "ginlaw", "ginlaw", "m", "van");
INSERT INTO `wced_translation` (entryid, translation) VALUES (5379, "shine");
INSERT INTO `wced_translation` (entryid, translation) VALUES (5379, "glitter");
INSERT INTO `wced_translation` (entryid, translation) VALUES (5379, "glittering");
INSERT INTO `wced_translation` (entryid, translation) VALUES (5379, "glossy");
INSERT INTO `wced_translation` (entryid, translation) VALUES (5379, "gloss");
INSERT INTO `wced_entry` VALUES (5380, "ginsud", "266", "<entry page=""266"" id=""5380""><form id=""ginsud"" lang=""ceb"">ginsud</form>
<hom>
<sense n=""0""><trans> <xr lang=""ceb"" target=""#agixnud"">= <sc>agínud</sc>.</xr>
</trans>
</sense></hom></entry>");
INSERT INTO `wced_head` (entryid, head, normalized_head, type, pos) VALUES (5380, "ginsud", "ginsud", "m", "");
INSERT INTO `wced_entry` VALUES (5381, "ginta", "266", "<entry page=""266"" id=""5381""><form id=""ginta"" lang=""ceb"">ginta</form>
<hom role=""n""><pos>n</pos>
<sense n=""1""><number>1</number><trans> distance of one point to another ahead or above it. </trans>
<eg><i lang=""ceb"">May gintang dyis mitrus ang balay sa karsáda,</i><trans> The house is set back ten meters from the road. </trans></eg>
</sense>
<sense n=""2""><number>2</number><trans> distance beyond a certain point. </trans>
<eg><i lang=""ceb"">Ayaw itúpung sa ngilit. Butangig ginta,</i><trans> Don’t build it flush to the edge. Let it overhang. </trans></eg>
</sense>
<sense n=""3""><number>3</number><trans> distance given as an advantage in a race. </trans>
</sense></hom>
<hom role=""v""><pos>v</pos>
<sense n=""0""> <itype>[B456; c]</itype><trans> </trans>
</sense>
<sense n=""1""><number>1</number><trans> overlap or extend beyond s.t. </trans>
<eg><i lang=""ceb"">Taas na ang byábas kay miginta na sa atup,</i><trans> The guava tree is tall because it has grown higher than the roof. </trans></eg>
</sense>
<sense n=""2""><number>2</number><trans> give s.o. an advantage in a race. </trans>
<eg><i lang=""ceb"">Gigintáhan siyag lima ka mitrus,</i><trans> He was given a five-meter advantage.
</trans></eg>
</sense></hom></entry>");
INSERT INTO `wced_head` (entryid, head, normalized_head, type, pos) VALUES (5381, "ginta", "ginta", "m", "nv");
INSERT INTO `wced_entry` VALUES (5382, "gintang", "266", "<entry page=""266"" id=""5382""><form id=""gintang"" lang=""ceb"">gintang</form>
<hom role=""n""><pos>n</pos>
<sense n=""1""><number>1</number><trans> <xr lang=""ceb"" target=""#ginta"">= <sc>ginta</sc>.</xr> </trans>
</sense>
<sense n=""2""><number>2</number><trans> distance the sun is above the horizon. </trans>
</sense>
<sense n=""3""><number>3</number><trans> difference in age. </trans>
<eg><i lang=""ceb"">Diyis anyus ang gintang sa magtiáyun,</i><trans> The married couple has a ten-year difference in age. </trans></eg>
</sense></hom>
<hom role=""v""><pos>v</pos>
<sense n=""1""><number>1</number><trans> <xr lang=""ceb"" target=""#ginta"">= <sc>ginta</sc>.</xr> </trans>
</sense>
<sense n=""2""><number>2</number> <itype>[A; b6]</itype><trans> for the sun to travel a certain distance. </trans>
<eg><i lang=""ceb"">Udtu na kay taas nag gigintángan ang adlaw,</i><trans> It’s late because the sun has risen high.
</trans></eg>
</sense></hom></entry>");
INSERT INTO `wced_head` (entryid, head, normalized_head, type, pos) VALUES (5382, "gintang", "gintang", "m", "nv");
INSERT INTO `wced_entry` VALUES (5383, "ginting", "266", "<entry page=""266"" id=""5383""><form id=""ginting"" lang=""ceb"">ginting</form>
<hom role=""n""><pos>n</pos>
<sense n=""0""><trans> deep <tr>scallops</tr> or <tr>serrations</tr> on the edge of s.t. </trans>
</sense></hom>
<hom role=""v""><pos>v</pos>
<sense n=""0""> <itype>[AB46; c1]</itype><trans> cut the edge or border of s.t. into deep scallops. </trans>
<eg><i lang=""ceb"">Nagginting ang tápay sa manuk,</i><trans> A cock’s comb <corr sic=""in"">is</corr> serrated. </trans></eg>
<eg><i lang=""ceb"">Gigintíngan níya ang sidsid sa íyang sinínà,</i><trans> She made scallops at the lower edge of her dress. </trans></eg>
</sense></hom>
<entry><form id=""gintingginting"" lang=""ceb"">gintingginting</form>
<hom role=""n""><pos>n</pos>
<sense n=""0""><trans> one of a series of V-shaped segments on the outer edge of s.t., usually for decoration. </trans>
</sense></hom></entry>
<entry><form id=""gunting_nga_ginting"" lang=""ceb"">gunting nga <abbr expan=""ginting"">—</abbr></form>
<hom>
<sense n=""0""><trans> pinking shears. </trans>
</sense></hom>
<hom role=""v""><pos>v</pos>
<sense n=""0""> <itype>[b6(1)]</itype><trans> make a V-shaped <pb n=""267""/>scallop on the edge of s.t.
</trans>
</sense></hom></entry></entry>");
INSERT INTO `wced_head` (entryid, head, normalized_head, type, pos) VALUES (5383, "ginting", "ginting", "m", "nv");
INSERT INTO `wced_head` (entryid, head, normalized_head, type, pos) VALUES (5383, "gintingginting", "gintingginting", "s", "n");
INSERT INTO `wced_head` (entryid, head, normalized_head, type, pos) VALUES (5383, "gunting nga ginting", "gunting nga ginting", "s", "v");
INSERT INTO `wced_translation` (entryid, translation) VALUES (5383, "scallops");
INSERT INTO `wced_translation` (entryid, translation) VALUES (5383, "serrations");
INSERT INTO `wced_entry` VALUES (5384, "gin-u", "267", "<entry page=""267"" id=""5384""><form id=""gin-u"" lang=""ceb"">gin-u</form>
<hom role=""n""><pos>n</pos>
<sense n=""0""><trans> k.o. small shiny cowry with a color combination of yellow and green.
</trans>
</sense></hom></entry>");
INSERT INTO `wced_head` (entryid, head, normalized_head, type, pos) VALUES (5384, "gin-u", "gin-u", "m", "n");
INSERT INTO `wced_entry` VALUES (5385, "ginuk", "267", "<entry page=""267"" id=""5385""><form id=""ginuk"" lang=""ceb"">ginuk</form>
<hom role=""v""><pos>v</pos>
<sense n=""0""> <itype>[A; a12]</itype><trans> <tr>move</tr>, <tr>stir</tr>. </trans>
<eg><i lang=""ceb"">Ayaw ginuka ang bátà arun dílì magmata,</i><trans> Do not stir the baby so that it won’t wake up.
</trans></eg>
</sense></hom></entry>");
INSERT INTO `wced_head` (entryid, head, normalized_head, type, pos) VALUES (5385, "ginuk", "ginuk", "m", "v");
INSERT INTO `wced_translation` (entryid, translation) VALUES (5385, "move");
INSERT INTO `wced_translation` (entryid, translation) VALUES (5385, "stir");
INSERT INTO `wced_entry` VALUES (5386, "gin-ut", "267", "<entry page=""267"" id=""5386""><form id=""gin-ut"" lang=""ceb"">gin-ut</form>
<hom role=""n""><pos>n</pos>
<sense n=""1""><number>1</number><trans> stuffy and airless. </trans>
<eg><i lang=""ceb"">Gin-ut kaáyu dinhi kay daghang táwu,</i><trans> It’s stuffy here because there are lots of people. </trans></eg>
</sense>
<sense n=""2""><number>2</number><trans> for the nose to be stuffed or chest to be tight. </trans>
</sense></hom>
<hom role=""v""><pos>v</pos>
<sense n=""0""> <itype>[B; b4]</itype><trans> <corr><number>1</number> </corr>be stuffy and airless. </trans>
<eg><i lang=""ceb"">Gin-utan aku áning sinínang naylun,</i><trans> I feel hot in this nylon shirt. </trans></eg>
</sense>
<sense n=""2""><number>2</number><trans> for the nose to be stuffed or the chest to feel tight. </trans>
<eg><i lang=""ceb"">Nagin-ut ang dughan sa gihúbak,</i><trans> The asthmatic had a tight feeling in his chest.
</trans></eg>
</sense></hom></entry>");
INSERT INTO `wced_head` (entryid, head, normalized_head, type, pos) VALUES (5386, "gin-ut", "gin-ut", "m", "nv");
INSERT INTO `wced_entry` VALUES (5387, "ginuu", "267", "<entry page=""267"" id=""5387""><form id=""ginuxu"" lang=""ceb"">ginúu</form>
<hom role=""n""><pos>n</pos>
<sense n=""1""><number>1</number><trans> <tr>lord</tr>, <tr>God</tr>. </trans>
<eg><i lang=""ceb"">Ginúu ku, unsa kahay ákung nalimtan?</i><trans> Oh Lord, what could I have forgotten? </trans></eg>
</sense>
<sense n=""2""><number>2</number><trans> <ix>term of address for gentleman</ix>: <tr>Mr</tr>., <tr>Sir</tr>. </trans>
<eg><i lang=""ceb"">Ginúu Magsaysay,</i><trans> Mr. Magsaysay. </trans></eg>
</sense>
<sense n=""3""><number>3</number><trans> most feared and influential head in a place. </trans>
<eg><i lang=""ceb"">Kanang ismaglir mauy ginúu íning baryu,</i><trans> That smuggler is the lord of this barrio. </trans></eg>
</sense></hom>
<entry><form id=""way_ginuxu"" lang=""ceb"">way <abbr expan=""ginúu"">—</abbr></form>
<hom>
<sense n=""0""><trans> <tr>Godless</tr>. </trans>
<eg><i lang=""ceb"">Way ginúu nang tulisána. Dílì malúuy nga mupatay sa íyang gitulísan,</i><trans> That robber doesn’t fear God. He kills his victims without mercy.
</trans></eg>
</sense></hom></entry></entry>");
INSERT INTO `wced_head` (entryid, head, normalized_head, type, pos) VALUES (5387, "ginúu", "ginuu", "m", "n");
INSERT INTO `wced_head` (entryid, head, normalized_head, type, pos) VALUES (5387, "way ginúu", "way ginuu", "s", "");
INSERT INTO `wced_translation` (entryid, translation) VALUES (5387, "lord");
INSERT INTO `wced_translation` (entryid, translation) VALUES (5387, "God");
INSERT INTO `wced_translation` (entryid, translation) VALUES (5387, "Mr");
INSERT INTO `wced_translation` (entryid, translation) VALUES (5387, "Sir");
INSERT INTO `wced_translation` (entryid, translation) VALUES (5387, "Godless");
INSERT INTO `wced_entry` VALUES (5388, "gip", "267", "<entry page=""267"" id=""5388""><form id=""gixp"" lang=""ceb"">gíp</form>
<hom role=""n""><pos>n</pos>
<sense n=""0""><trans> <tr>gift</tr>. </trans>
</sense></hom>
<entry><form id=""giprap"" lang=""ceb""><abbr expan=""giprap"">-rap</abbr></form>
<hom role=""v""><pos>v</pos>
<sense n=""0""> <itype>[A; a2]</itype><trans> <tr>gift-wrap</tr>. </trans>
<eg><i lang=""ceb"">Giprap-un ba ni?</i><trans> Shall we gift-wrap this?
</trans></eg>
</sense></hom></entry></entry>");
INSERT INTO `wced_head` (entryid, head, normalized_head, type, pos) VALUES (5388, "gíp", "gip", "m", "n");
INSERT INTO `wced_head` (entryid, head, normalized_head, type, pos) VALUES (5388, "giprap", "giprap", "s", "v");
INSERT INTO `wced_translation` (entryid, translation) VALUES (5388, "gift");
INSERT INTO `wced_translation` (entryid, translation) VALUES (5388, "gift-wrap");
INSERT INTO `wced_entry` VALUES (5389, "gipak", "267", "<entry page=""267"" id=""5389""><form id=""gipak"" lang=""ceb"">gipak</form>
<hom role=""n""><pos>n</pos>
<sense n=""0""><trans> a piece broken off from a whole. </trans>
</sense></hom>
<hom role=""v""><pos>v</pos>
<sense n=""0""> <itype>[AB12]</itype><trans> break s.t. into pieces. </trans>
<eg><i lang=""ceb"">Naggipak kug káhuy nga isugnud,</i><trans> I am breaking off pieces of wood for firewood. </trans></eg>
<eg><i lang=""ceb"">Nagkagipak ang búkid sa gidinamíta kini,</i><trans> The mountain gradually got broken up into small chunks as it was dynamited.
</trans></eg>
</sense></hom></entry>");
INSERT INTO `wced_head` (entryid, head, normalized_head, type, pos) VALUES (5389, "gipak", "gipak", "m", "nv");
INSERT INTO `wced_entry` VALUES (5390, "gipakig-an", "267", "<entry page=""267"" id=""5390""><form id=""gipakig-an"" lang=""ceb"">gipakig-an</form>
<hom>
<sense n=""0""><trans> <xr lang=""ceb"" target=""#pakig-an""><ix>see</ix> <sc>pakig-an</sc>.</xr>
</trans>
</sense></hom></entry>");
INSERT INTO `wced_head` (entryid, head, normalized_head, type, pos) VALUES (5390, "gipakig-an", "gipakig-an", "m", "");
INSERT INTO `wced_entry` VALUES (5391, "gipang", "267", "<entry page=""267"" id=""5391""><form id=""gipang"" lang=""ceb"">gipang</form>
<hom role=""n""><pos>n</pos>
<sense n=""1""><number>1</number><trans> lump of s.t. </trans>
<eg><i lang=""ceb"">Usa ka gipang kan-un,</i><trans> A lump of food. </trans></eg>
</sense>
<sense n=""2""><number>2</number><trans> s.t. chopped off or broken off from the bunch. </trans>
<eg><i lang=""ceb"">Usa ka gipang káhuy,</i><trans> A piece of wood broken off from the tree. </trans></eg>
</sense></hom>
<hom role=""a""><pos>a</pos>
<sense n=""0""><trans> having a chipped off edge. </trans>
</sense></hom>
<hom role=""v""><pos>v</pos>
<sense n=""0""> <itype>[AB; a]</itype><trans> get separated, broken off or apart. </trans>
<eg><i lang=""ceb"">Ákung gipangun ang mga sáhà sa palmíra kay itanum,</i><trans> I’ll break off the shoots of the potted palm to plant. </trans></eg>
</sense></hom>
<entry><form id=""gixpang"" lang=""ceb""><abbr expan=""gípang"">(←)</abbr></form>
<hom role=""v""><pos>v</pos>
<sense n=""0""> <itype>[AB126; b5]</itype><trans> chip off the edge. </trans>
<eg><i lang=""ceb"">Nagípang ang bàbà sa básu nga napangkà,</i><trans> The mouth of the glass chipped when it was bumped against s.t. </trans></eg>
</sense></hom></entry>
<entry><form id=""gipanguxnun"" lang=""ceb""><abbr expan=""gipangúnun"">-únun</abbr></form>
<hom role=""a""><pos>a</pos>
<sense n=""0""><trans> s.t. ready to break off, e.g. shoots for replanting.
</trans>
</sense></hom></entry></entry>");
INSERT INTO `wced_head` (entryid, head, normalized_head, type, pos) VALUES (5391, "gipang", "gipang", "m", "nav");
INSERT INTO `wced_head` (entryid, head, normalized_head, type, pos) VALUES (5391, "gípang", "gipang", "s", "v");
INSERT INTO `wced_head` (entryid, head, normalized_head, type, pos) VALUES (5391, "gipangúnun", "gipangunun", "s", "a");
INSERT INTO `wced_entry` VALUES (5392, "giping", "267", "<entry page=""267"" id=""5392""><form id=""giping"" lang=""ceb"">giping</form>
<hom role=""v""><pos>v</pos>
<sense n=""0""> <itype>[AB; a]</itype><trans> break things in a bunch apart, for things in a bunch to become separated. </trans>
<eg><i lang=""ceb"">Si Nánay ang migiping (naggiping) sa ságing,</i><trans> Mother was the one who broke off the bunch of bananas. </trans></eg>
<eg><i lang=""ceb"">Nagiping na ang mga tudlù sa bátang nakúhà,</i><trans> The baby that was miscarried had its fingers and toes parted. </trans></eg>
<eg><i lang=""ceb"">Gipingun ku ning úbas,</i><trans> I’ll separate this bunch of grapes.
</trans></eg>
</sense></hom></entry>");
INSERT INTO `wced_head` (entryid, head, normalized_head, type, pos) VALUES (5392, "giping", "giping", "m", "v");
INSERT INTO `wced_entry` VALUES (5393, "giprap", "267", "<entry page=""267"" id=""5393""><form id=""giprap"" lang=""ceb"">giprap</form>
<hom>
<sense n=""0""><trans> <xr lang=""ceb"" target=""#gixp""><ix>see</ix> <sc>gíp</sc>.</xr>
</trans>
</sense></hom></entry>");
INSERT INTO `wced_head` (entryid, head, normalized_head, type, pos) VALUES (5393, "giprap", "giprap", "m", "");
INSERT INTO `wced_entry` VALUES (5394, "giplud, gipud", "267", "<entry page=""267"" id=""5394""><form id=""giplud_gixpud"" lang=""ceb"">giplud, gípud</form>
<hom role=""v""><pos>v</pos>
<sense n=""0""> <itype>[A; a2]</itype><trans> </trans>
</sense>
<sense n=""1""><number>1</number><trans> break off a tooth or serration. </trans>
<eg><i lang=""ceb"">Kinsay naggípud sa gabas?</i><trans> Who broke the teeth of the saw? </trans></eg>
<eg><i lang=""ceb"">Nagkagipud ang íyang ngípun,</i><trans> His teeth are breaking off. </trans></eg>
</sense>
<sense n=""2""><number>2</number><trans> break s.o.’s bones. </trans>
<eg><i lang=""ceb"">Giplúran ta ka sa mga tiil ug mulakaw ka,</i><trans> I’ll break your legs if you go out. </trans></eg>
</sense></hom>
<entry><form id=""giplud"" lang=""ceb""><abbr expan=""giplud"">(→)</abbr></form>
<hom role=""a""><pos>a</pos>
<sense n=""0""><trans> for teeth or serration to be broken off.
</trans>
</sense></hom></entry></entry>");
INSERT INTO `wced_head` (entryid, head, normalized_head, type, pos) VALUES (5394, "giplud", "giplud", "s", "v");
INSERT INTO `wced_head` (entryid, head, normalized_head, type, pos) VALUES (5394, "gípud", "gipud", "s", "v");
INSERT INTO `wced_entry` VALUES (5395, "gipung", "267", "<entry page=""267"" id=""5395""><form id=""gixpung"" lang=""ceb"">gípung</form>
<hom role=""v""><pos>v</pos>
<sense n=""0""> <itype>[A; c1]</itype><trans> take glowing embers and put them together to keep them going. </trans>
<eg><i lang=""ceb"">Gipúnga (igípung) ang bága arun dílì mamatay,</i><trans> Put the embers together so the fire won’t burn out.
</trans></eg>
</sense></hom></entry>");
INSERT INTO `wced_head` (entryid, head, normalized_head, type, pos) VALUES (5395, "gípung", "gipung", "m", "v");
INSERT INTO `wced_entry` VALUES (5396, "gip-ut", "267", "<entry page=""267"" id=""5396""><form id=""gip-ut"" lang=""ceb"">gip-ut</form>
<hom>
<sense n=""0""><trans> <xr lang=""ceb"" target=""#ha-"">= <sc><abbr expan=""hagip-ut"">ha-</abbr></sc>.</xr> </trans>
</sense></hom>
<entry><form id=""hagip-ut"" lang=""ceb""><abbr expan=""hagip-ut"">ha-</abbr></form>
<hom role=""a""><pos>a</pos>
<sense n=""1""><number>1</number><trans> narrow in space or passageway. </trans>
<eg><i lang=""ceb"">Hagip-ut nga agiánan,</i><trans> A narrow passageway. </trans></eg>
<eg><i lang=""ceb"">Hagip-ut ang ámung kwartu,</i><trans> We have a small, narrow room. </trans></eg>
</sense>
<sense n=""2""><number>2</number><trans> tight in financial situation, mode of living. </trans>
<eg><i lang=""ceb"">Hagip-ut kaáyu mi run. Dílì mi makahátag,</i><trans> We’re in a tight situation now. We can’t contribute. </trans></eg>
<eg><i lang=""ceb"">Hagip-ut na kaáyu ang panahun,</i><trans> We have very little time left. </trans></eg>
</sense>
<sense n=""3""><number>3</number><trans> for clothes not to be quite enough. </trans>
<eg><i lang=""ceb"">Hagip-ut kaáyu ning panaptúna,</i><trans> This cloth is too narrow. </trans></eg>
</sense></hom>
<hom role=""v""><pos>v</pos>
<sense n=""0""> <itype>[B; c1]</itype><trans> </trans>
</sense>
<sense n=""1""><number>1</number><trans> be, become narrow in space or passageway. </trans>
<eg><i lang=""ceb"">Muhagip-ut (mahagip-ut) na ning agiánan ug ímung butangag daghang bangkù,</i><trans> The passageway will become narrow if you put lots of benches in it. </trans></eg>
</sense>
<sense n=""2""><number>2</number><trans> for a situation to become difficult, for time to get short.
</trans>
</sense></hom></entry></entry>");
INSERT INTO `wced_head` (entryid, head, normalized_head, type, pos) VALUES (5396, "gip-ut", "gip-ut", "m", "");
INSERT INTO `wced_head` (entryid, head, normalized_head, type, pos) VALUES (5396, "hagip-ut", "hagip-ut", "s", "av");
INSERT INTO `wced_entry` VALUES (5397, "gira", "267", "<entry page=""267"" id=""5397""><form id=""gixra"" lang=""ceb"">gíra</form>
<hom role=""n""><pos>n</pos>
<sense n=""1""><number>1</number><trans> <tr>war</tr>. </trans>
</sense>
<sense n=""2""><number>2</number><trans> trivial matters talked about in a conversation that’s supposed to be important. </trans>
<eg><i lang=""ceb"">Unsáun pagsugut nga gíra may giisturyáhan?</i><trans> How could she accept him when they kept talking about the weather instead of what was on their minds? </trans></eg>
</sense></hom>
<hom role=""v""><pos>v</pos>
<sense n=""1""><number>1</number> <itype>[C2; c]</itype><trans> be at war. </trans>
<eg><i lang=""ceb"">Kun makiggíra ta sa Tsína, ihían lang ta,</i><trans> If we wage war against China, they can win just by urinating on us. </trans></eg>
</sense>
<sense n=""2""><number>2</number> <itype>[a2]</itype><trans> go to war over s.t. </trans>
<eg><i lang=""ceb"">Maátù lang ang Sába kun giráhun,</i><trans> Sabah will be ours only if we go to war for her. </trans></eg>
</sense>
<sense n=""3""><number>3</number> <itype>[a2]</itype><trans> quarrel with, make war on a member of the family. </trans>
<eg><i lang=""ceb"">Gigíra siya sa íyang asáwa kay dúgayng mipaúlì,</i><trans> His wife went on the warpath against him because he came home late. </trans></eg>
</sense></hom>
<entry><form id=""gixra_pataxniq"" lang=""ceb""><abbr expan=""gíra"">—</abbr> patánì</form>
<hom role=""n""><pos>n</pos>
<sense n=""1""><number>1</number><trans> <tr>civil war</tr>. </trans>
</sense>
<sense n=""2""><number>2</number><trans> all-out quarrel among people residing together. </trans>
<eg><i lang=""ceb"">Gíra patánì sa Munti,</i><trans> Riot in the Muntinlupa prison. </trans></eg>
</sense></hom>
<hom role=""v""><pos>v</pos>
<sense n=""0""> <itype>[A2C; a2]</itype><trans> have a civil war. </trans>
<eg><i lang=""ceb"">Naggíra patánì ang managsúun báhin sa kabílin,</i><trans> The brothers and sisters are fighting to the death over the inheritance. </trans></eg>
</sense></hom></entry>
<entry><form id=""digixra_bapur_digixra_barku_digixra_buxki_digixra"" lang=""ceb""><abbr expan=""digíra"">di-</abbr>, bapur <abbr expan=""digíra"">di-</abbr>, barku <abbr expan=""digíra"">di-</abbr>, búki <abbr expan=""digíra"">di-</abbr></form>
<hom role=""n""><pos>n</pos>
<sense n=""0""><trans> <tr>warship</tr>.
<pb n=""268""/>
</trans>
</sense></hom></entry></entry>");
INSERT INTO `wced_head` (entryid, head, normalized_head, type, pos) VALUES (5397, "gíra", "gira", "m", "nv");
INSERT INTO `wced_head` (entryid, head, normalized_head, type, pos) VALUES (5397, "gíra patánì", "gira patani", "s", "nv");
INSERT INTO `wced_head` (entryid, head, normalized_head, type, pos) VALUES (5397, "digíra", "digira", "s", "n");
INSERT INTO `wced_head` (entryid, head, normalized_head, type, pos) VALUES (5397, "bapur digíra", "bapur digira", "s", "n");
INSERT INTO `wced_head` (entryid, head, normalized_head, type, pos) VALUES (5397, "barku digíra", "barku digira", "s", "n");
INSERT INTO `wced_head` (entryid, head, normalized_head, type, pos) VALUES (5397, "búki digíra", "buki digira", "s", "n");
INSERT INTO `wced_translation` (entryid, translation) VALUES (5397, "war");
INSERT INTO `wced_translation` (entryid, translation) VALUES (5397, "civil war");
INSERT INTO `wced_translation` (entryid, translation) VALUES (5397, "warship");
INSERT INTO `wced_entry` VALUES (5398, "girawut", "268", "<entry page=""268"" id=""5398""><form id=""giraxwut"" lang=""ceb"">giráwut</form>
<hom role=""v""><pos>v</pos>
<sense n=""1""><number>1</number> <itype>[A1; a2]</itype><trans> fire s.o. from his job. </trans>
<eg><i lang=""ceb"">Gigiráwut siya kay tapulan,</i><trans> He was fired because he was lazy. </trans></eg>
</sense>
<sense n=""2""><number>2</number> <itype>[A2; b3]</itype><trans> get out of a place or position due to pressure, threats, and the like. </trans>
<eg><i lang=""ceb"">Mugiráwut ku sa ámù kay kuyaw,</i><trans> I’ll leave our place because it’s a dangerous place. </trans></eg>
<eg><i lang=""ceb"">Unsay ímung gigirawtan? Gamayg swildu?</i><trans> Why did you quit? Low pay?
</trans></eg>
</sense></hom></entry>");
INSERT INTO `wced_head` (entryid, head, normalized_head, type, pos) VALUES (5398, "giráwut", "girawut", "m", "v");
INSERT INTO `wced_entry` VALUES (5399, "girdul", "268", "<entry page=""268"" id=""5399""><form id=""girdul"" lang=""ceb"">girdul</form>
<hom role=""n""><pos>n</pos>
<sense n=""0""><trans> <tr>girdle</tr>. </trans>
</sense></hom>
<hom role=""v""><pos>v</pos>
<sense n=""0""> <itype>[A; b6]</itype><trans> wear a girdle.
</trans>
</sense></hom></entry>");
INSERT INTO `wced_head` (entryid, head, normalized_head, type, pos) VALUES (5399, "girdul", "girdul", "m", "nv");
INSERT INTO `wced_translation` (entryid, translation) VALUES (5399, "girdle");
INSERT INTO `wced_entry` VALUES (5400, "girilya", "268", "<entry page=""268"" id=""5400""><form id=""girilya"" lang=""ceb"">girilya</form>
<hom role=""n""><pos>n</pos>
<sense n=""0""><trans> <tr>guerilla</tr>. </trans>
</sense></hom>
<hom role=""v""><pos>v</pos>
<sense n=""0""> <itype>[B156; a12]</itype><trans> become a guerilla fighter. </trans>
<eg><i lang=""ceb"">Naggirilya ang mga kalakin-an sa panahun sa ukupasiyun,</i><trans> The men became guerillas during the Japanese occupation. </trans></eg>
</sense></hom>
<entry><form id=""girilyixru_girilyista"" lang=""ceb"">girilyíru, girilyista</form>
<hom>
<sense n=""0""><trans> <xr lang=""ceb"" target=""#girilya"">= <sc>girilya</sc>, <i lang=""ceb"">n</i>.</xr>
</trans>
</sense></hom></entry></entry>");
INSERT INTO `wced_head` (entryid, head, normalized_head, type, pos) VALUES (5400, "girilya", "girilya", "m", "nv");
INSERT INTO `wced_head` (entryid, head, normalized_head, type, pos) VALUES (5400, "girilyíru", "girilyiru", "s", "");
INSERT INTO `wced_head` (entryid, head, normalized_head, type, pos) VALUES (5400, "girilyista", "girilyista", "s", "");
INSERT INTO `wced_translation` (entryid, translation) VALUES (5400, "guerilla");
INSERT INTO `wced_entry` VALUES (5401, "giring", "268", "<entry page=""268"" id=""5401""><form id=""giring"" lang=""ceb"">giring</form>
<hom role=""n""><pos>n</pos>
<sense n=""0""><trans> <tr>ruffle</tr>. </trans>
</sense></hom>
<entry><form id=""giringgiring"" lang=""ceb"">giringgiring</form>
<hom role=""n""><pos>n</pos>
<sense n=""1""><number>1</number><trans> shallow scallops or serrations, ruffles. </trans>
</sense>
<sense n=""2""><number>2</number><trans> slightly crazy. </trans>
</sense></hom>
<hom role=""v""><pos>v</pos>
<sense n=""1""><number>1</number> <itype>[A; a]</itype><trans> make a shallowly scalloped border. </trans>
<eg><i lang=""ceb"">Giringgiringa ang ímung paggunting arun arti tan-áwun,</i><trans> Scallop the edges so it will look artistic. </trans></eg>
</sense>
<sense n=""2""><number>2</number> <itype>[B]</itype><trans> look like a scalloped edge. </trans>
<eg><i lang=""ceb"">Kabakhawan nga migiringgiring sa ílang luyu,</i><trans> A mangrove swamp that looked like a scalloped edge in back of them. </trans></eg>
</sense>
<sense n=""3""><number>3</number> <itype>[B12]</itype><trans> become crazy. </trans>
<eg><i lang=""ceb"">Nagkagiringgiring siya kay kanúnayng mapasmu,</i><trans> He is becoming crazy because he often goes hungry.
</trans></eg>
</sense></hom></entry></entry>");
INSERT INTO `wced_head` (entryid, head, normalized_head, type, pos) VALUES (5401, "giring", "giring", "m", "n");
INSERT INTO `wced_head` (entryid, head, normalized_head, type, pos) VALUES (5401, "giringgiring", "giringgiring", "s", "nv");
INSERT INTO `wced_translation` (entryid, translation) VALUES (5401, "ruffle");
INSERT INTO `wced_entry` VALUES (5402, "giripu", "268", "<entry page=""268"" id=""5402""><form id=""girixpu"" lang=""ceb"">girípu</form>
<hom>
<sense n=""0""><trans> <xr lang=""ceb"" target=""#grixpu"">= <sc>grípu</sc>.</xr>
</trans>
</sense></hom></entry>");
INSERT INTO `wced_head` (entryid, head, normalized_head, type, pos) VALUES (5402, "girípu", "giripu", "m", "");
INSERT INTO `wced_entry` VALUES (5403, "girira", "268", "<entry page=""268"" id=""5403""><form id=""girixra"" lang=""ceb"">giríra</form>
<hom role=""n""><pos>n</pos>
<sense n=""0""><trans> <tr>heroine</tr>, <tr>woman warrior</tr>. </trans>
<eg><i lang=""ceb"">Si Hwána di Arku bantúgang giríra,</i><trans> Joan of Arc was a famous woman warrior. </trans></eg>
</sense></hom>
<hom role=""v""><pos>v</pos>
<sense n=""0""> <itype>[B156]</itype><trans> be a woman warrior.
</trans>
</sense></hom></entry>");
INSERT INTO `wced_head` (entryid, head, normalized_head, type, pos) VALUES (5403, "giríra", "girira", "m", "nv");
INSERT INTO `wced_translation` (entryid, translation) VALUES (5403, "heroine");
INSERT INTO `wced_translation` (entryid, translation) VALUES (5403, "woman warrior");
INSERT INTO `wced_entry` VALUES (5404, "girnalda", "268", "<entry page=""268"" id=""5404""><form id=""girnalda"" lang=""ceb"">girnalda</form>
<hom role=""n""><pos>n</pos>
<sense n=""0""><trans> <tr>wreath</tr>, <tr>garland</tr>. </trans>
</sense></hom>
<hom role=""v""><pos>v</pos>
<sense n=""1""><number>1</number> <itype>[a12]</itype><trans> make a wreath, garland. </trans>
<eg><i lang=""ceb"">Háin man ang mga girnaldáhun?</i><trans> Where are the things for the wreath? </trans></eg>
</sense>
<sense n=""2""><number>2</number> <itype>[A; b]</itype><trans> wear or place a wreath.
</trans>
</sense></hom></entry>");
INSERT INTO `wced_head` (entryid, head, normalized_head, type, pos) VALUES (5404, "girnalda", "girnalda", "m", "nv");
INSERT INTO `wced_translation` (entryid, translation) VALUES (5404, "wreath");
INSERT INTO `wced_translation` (entryid, translation) VALUES (5404, "garland");
INSERT INTO `wced_entry` VALUES (5405, "gisa, gisal", "268", "<entry page=""268"" id=""5405""><form id=""gisa_gisal"" lang=""ceb"">gisa, gisal</form>
<hom role=""v""><pos>v</pos>
<sense n=""0""> <itype>[A; a]</itype><trans> fry s.t. with little oil and usually together with s.t. else. </trans>
</sense></hom>
<entry><form id=""gisaxdu_gisaldux"" lang=""ceb""><abbr expan=""gisádu, gisaldú"">-du(←)</abbr></form>
<hom role=""a""><pos>a</pos>
<sense n=""0""><trans> <tr>fried</tr>.
</trans>
</sense></hom></entry></entry>");
INSERT INTO `wced_head` (entryid, head, normalized_head, type, pos) VALUES (5405, "gisa", "gisa", "s", "v");
INSERT INTO `wced_head` (entryid, head, normalized_head, type, pos) VALUES (5405, "gisal", "gisal", "s", "v");
INSERT INTO `wced_head` (entryid, head, normalized_head, type, pos) VALUES (5405, "gisádu", "gisadu", "s", "a");
INSERT INTO `wced_head` (entryid, head, normalized_head, type, pos) VALUES (5405, "gisaldú", "gisaldu", "s", "a");
INSERT INTO `wced_translation` (entryid, translation) VALUES (5405, "fried");
INSERT INTO `wced_entry` VALUES (5406, "gisantis", "268", "<entry page=""268"" id=""5406""><form id=""gisantis"" lang=""ceb"">gisantis</form>
<hom role=""n""><pos>n</pos>
<sense n=""1""><number>1</number><trans> <tr>green peas</tr>. </trans>
</sense>
<sense n=""2""><number>2</number><trans> dog as food (humorous slang—so called because dog meat is commonly prepared with peas).
</trans>
</sense></hom></entry>");
INSERT INTO `wced_head` (entryid, head, normalized_head, type, pos) VALUES (5406, "gisantis", "gisantis", "m", "n");
INSERT INTO `wced_translation` (entryid, translation) VALUES (5406, "green peas");
INSERT INTO `wced_entry` VALUES (5407, "gisaw", "268", "<entry page=""268"" id=""5407""><form id=""gisaw"" lang=""ceb"">gisaw</form>
<hom>
<sense n=""0""><trans> <xr lang=""ceb"" target=""#gusaw"">= <sc>gusaw</sc>.</xr>
</trans>
</sense></hom></entry>");
INSERT INTO `wced_head` (entryid, head, normalized_head, type, pos) VALUES (5407, "gisaw", "gisaw", "m", "");
INSERT INTO `wced_entry` VALUES (5408, "gisi", "268", "<entry page=""268"" id=""5408""><form id=""gixsiq"" lang=""ceb"">gísì</form>
<hom role=""v""><pos>v</pos>
<sense n=""1""><number>1</number> <itype>[A; a]</itype><trans> <tr>tear</tr> s.t. </trans>
<eg><i lang=""ceb"">Naggísì siyag panaptun arun ibáat sa samad,</i><trans> She tore off a strip of cloth to bandage the wound. </trans></eg>
<eg><i lang=""ceb"">Nagísì ang íyang kasingkásing sa ílang panagbúlag,</i><trans> It tore her all up when they broke up. </trans></eg>
</sense>
<sense n=""2""><number>2</number> <itype>[A; b6]</itype><trans> make a slight cut or laceration. </trans>
<eg><i lang=""ceb"">Gigisían ang inahan sa primírung pagpanganak,</i><trans> The mother had some lacerations during her first delivery. </trans></eg>
</sense></hom>
<entry><form id=""gisiq"" lang=""ceb""><abbr expan=""gisì"">(→)</abbr></form>
<hom role=""n""><pos>n</pos>
<sense n=""0""><trans> <tr>tear</tr>, <tr>laceration</tr>. </trans>
<eg><i lang=""ceb"">May gisì ang ímung karsúnis,</i><trans> Your pants have a tear in them. </trans></eg>
</sense></hom></entry>
<entry><form id=""gisiqgisiq"" lang=""ceb"">gisìgisì</form>
<hom role=""v""><pos>v</pos>
<sense n=""0""> <itype>[A; a12]</itype><trans> tear s.t. to shreds. </trans>
<eg><i lang=""ceb"">Gigisìgisì níya ang sulat sa blakmílir,</i><trans> She tore the blackmailer’s letter into pieces. </trans></eg>
</sense></hom></entry>
<entry><form id=""gisiun"" lang=""ceb""><abbr expan=""gisiun"">-un</abbr></form>
<hom role=""a""><pos>a</pos>
<sense n=""0""><trans> all ripped up.
</trans>
</sense></hom></entry></entry>");
INSERT INTO `wced_head` (entryid, head, normalized_head, type, pos) VALUES (5408, "gísì", "gisi", "m", "v");
INSERT INTO `wced_head` (entryid, head, normalized_head, type, pos) VALUES (5408, "gisì", "gisi", "s", "n");
INSERT INTO `wced_head` (entryid, head, normalized_head, type, pos) VALUES (5408, "gisìgisì", "gisigisi", "s", "v");
INSERT INTO `wced_head` (entryid, head, normalized_head, type, pos) VALUES (5408, "gisiun", "gisiun", "s", "a");
INSERT INTO `wced_translation` (entryid, translation) VALUES (5408, "tear");
INSERT INTO `wced_translation` (entryid, translation) VALUES (5408, "laceration");
INSERT INTO `wced_entry` VALUES (5409, "gising1", "268", "<entry page=""268"" id=""5409""><form id=""gixsing"" lang=""ceb"">gísing<sub>1</sub></form>
<hom>
<sense n=""0""><trans> <xr lang=""ceb"" target=""#gixsung"">= <sc>gísung</sc>.</xr>
</trans>
</sense></hom></entry>");
INSERT INTO `wced_head` (entryid, head, normalized_head, type, pos) VALUES (5409, "gísing", "gising", "s", "");
INSERT INTO `wced_entry` VALUES (5410, "gising2", "268", "<entry page=""268"" id=""5410""><form id=""gixsing2"" lang=""ceb"">gísing<sub>2</sub></form>
<hom>
<sense n=""0""><trans> <xr lang=""ceb"" target=""#agigixsing"">= <sc>agigísing</sc>.</xr>
</trans>
</sense></hom></entry>");
INSERT INTO `wced_head` (entryid, head, normalized_head, type, pos) VALUES (5410, "gísing", "gising", "s", "");
INSERT INTO `wced_entry` VALUES (5411, "gislang", "268", "<entry page=""268"" id=""5411""><form id=""gislang"" lang=""ceb"">gislang</form>
<hom role=""n""><pos>n</pos>
<sense n=""0""><trans> k.o. snapper.
</trans>
</sense></hom></entry>");
INSERT INTO `wced_head` (entryid, head, normalized_head, type, pos) VALUES (5411, "gislang", "gislang", "m", "n");
INSERT INTO `wced_entry` VALUES (5412, "gisnga", "268", "<entry page=""268"" id=""5412""><form id=""gisnga"" lang=""ceb"">gisnga</form>
<hom role=""v""><pos>v</pos>
<sense n=""0""> <itype>[BN; b6]</itype><trans> for the nose to bleed. </trans>
<eg><i lang=""ceb"">Nanggisnga (migisnga) ang íyang ilung,</i><trans> His nose bled. </trans></eg>
<eg><i lang=""ceb"">Gisngahi nang tawhána sa ilung,</i><trans> Give that man a bloody nose.
</trans></eg>
</sense></hom></entry>");
INSERT INTO `wced_head` (entryid, head, normalized_head, type, pos) VALUES (5412, "gisnga", "gisnga", "m", "v");
INSERT INTO `wced_entry` VALUES (5413, "gist", "268", "<entry page=""268"" id=""5413""><form id=""gist"" lang=""ceb"">gist</form>
<hom role=""n""><pos>n</pos>
<sense n=""0""><trans> honored guest at an official function. </trans>
</sense></hom>
<entry><form id=""gist_ispixkir"" lang=""ceb""><abbr expan=""gist"">—</abbr> ispíkir</form>
<hom role=""n""><pos>n</pos>
<sense n=""0""><trans> <tr>guest speaker</tr>. </trans>
</sense></hom>
<hom role=""v""><pos>v</pos>
<sense n=""0""> <itype>[B1256]</itype><trans> be a guest speaker.
</trans>
</sense></hom></entry></entry>");
INSERT INTO `wced_head` (entryid, head, normalized_head, type, pos) VALUES (5413, "gist", "gist", "m", "n");
INSERT INTO `wced_head` (entryid, head, normalized_head, type, pos) VALUES (5413, "gist ispíkir", "gist ispikir", "s", "nv");
INSERT INTO `wced_translation` (entryid, translation) VALUES (5413, "guest speaker");
INSERT INTO `wced_entry` VALUES (5414, "gisu", "268", "<entry page=""268"" id=""5414""><form id=""gixsu"" lang=""ceb"">gísu</form>
<hom role=""n""><pos>n</pos>
<sense n=""0""><trans> <tr>lime</tr>. </trans>
</sense></hom>
<hom role=""v""><pos>v</pos>
<sense n=""1""><number>1</number> <itype>[A1; a]</itype><trans> make chalk. </trans>
</sense>
<sense n=""2""><number>2</number> <itype>[A; b]</itype><trans> <tr>whitewash</tr>. </trans>
<eg><i lang=""ceb"">Gisúhan nátù ang bungbung,</i><trans> Let’s whitewash the walls.
</trans></eg>
</sense></hom></entry>");
INSERT INTO `wced_head` (entryid, head, normalized_head, type, pos) VALUES (5414, "gísu", "gisu", "m", "nv");
INSERT INTO `wced_translation` (entryid, translation) VALUES (5414, "lime");
INSERT INTO `wced_translation` (entryid, translation) VALUES (5414, "whitewash");
INSERT INTO `wced_entry` VALUES (5415, "gisuk", "268", "<entry page=""268"" id=""5415""><form id=""gixsuk"" lang=""ceb"">gísuk</form>
<hom role=""n""><pos>n</pos>
<sense n=""0""><trans> name given to various trees which furnish second-class hardwood. </trans>
</sense></hom>
<hom role=""v""><pos>v</pos>
<sense n=""0""> <itype>[A12]</itype><trans> make s.t. of <ix>gísuk</ix>. </trans>
<eg><i lang=""ceb"">Gigísuk námù ang halígi arun lig-un,</i><trans> We used <ix>gísuk</ix> wood for our posts to make them strong.
</trans></eg>
</sense></hom></entry>");
INSERT INTO `wced_head` (entryid, head, normalized_head, type, pos) VALUES (5415, "gísuk", "gisuk", "m", "nv");
INSERT INTO `wced_entry` VALUES (5416, "gisung", "268", "<entry page=""268"" id=""5416""><form id=""gixsung"" lang=""ceb"">gísung</form>
<hom role=""v""><pos>v</pos>
<sense n=""1""><number>1</number> <itype>[A; a1]</itype><trans> shake into consciousness. </trans>
<eg><i lang=""ceb"">Gisúnga ang gwardiya arun magmata,</i><trans> Shake the guard so he will wake up. </trans></eg>
</sense>
<sense n=""2""><number>2</number><trans> shake plants or children on Holy Saturday to assure that they will grow well. </trans>
</sense></hom>
<hom role=""n""><pos>n</pos>
<sense n=""0""><trans> <tr>Holy Saturday</tr> (the day before Easter), so named from the shaking of growing things done on that day.
</trans>
</sense></hom></entry>");
INSERT INTO `wced_head` (entryid, head, normalized_head, type, pos) VALUES (5416, "gísung", "gisung", "m", "vn");
INSERT INTO `wced_translation` (entryid, translation) VALUES (5416, "Holy Saturday");
INSERT INTO `wced_entry` VALUES (5417, "giswid", "268", "<entry page=""268"" id=""5417""><form id=""giswid"" lang=""ceb"">giswid</form>
<hom role=""v""><pos>v</pos>
<sense n=""1""><number>1</number> <itype>[A; c1]</itype><trans> stretch the body, move it around with a wriggle. </trans>
<eg><i lang=""ceb"">Mibángun siyag migiswid,</i><trans> He got up and stretched. </trans></eg>
</sense>
<sense n=""2""><number>2</number> <itype>[A2; c6]</itype><trans> free oneself of financial problems. </trans>
<eg><i lang=""ceb"">Wà kuy kwartang ikagiswid nákù sa mga útang,</i><trans> I don’t have any money to free myself of my debts.
</trans></eg>
</sense></hom></entry>");
INSERT INTO `wced_head` (entryid, head, normalized_head, type, pos) VALUES (5417, "giswid", "giswid", "m", "v");
INSERT INTO `wced_entry` VALUES (5418, "git", "268", "<entry page=""268"" id=""5418""><form id=""gixt"" lang=""ceb"">gít</form>
<hom role=""n""><pos>n</pos>
<sense n=""0""><trans> <tr>gate</tr>. </trans>
</sense></hom>
<entry><form id=""gixt_kras"" lang=""ceb""><abbr expan=""gít"">—</abbr> kras</form>
<hom role=""v""><pos>v</pos>
<sense n=""0""> <itype>[A2; b6]</itype><trans> crash the gate. </trans>
<eg><i lang=""ceb"">Gigitkrásan ang ámung parti,</i><trans> There were gate crashers at our party. </trans></eg>
</sense></hom></entry>
<entry><form id=""gixt_kraxsir"" lang=""ceb""><abbr expan=""gít"">—</abbr> krásir</form>
<hom role=""n""><pos>n</pos>
<sense n=""0""><trans> <tr>gate crasher</tr>.
</trans>
</sense></hom></entry></entry>");
INSERT INTO `wced_head` (entryid, head, normalized_head, type, pos) VALUES (5418, "gít", "git", "m", "n");
INSERT INTO `wced_head` (entryid, head, normalized_head, type, pos) VALUES (5418, "gít kras", "git kras", "s", "v");
INSERT INTO `wced_head` (entryid, head, normalized_head, type, pos) VALUES (5418, "gít krásir", "git krasir", "s", "n");
INSERT INTO `wced_translation` (entryid, translation) VALUES (5418, "gate");
INSERT INTO `wced_translation` (entryid, translation) VALUES (5418, "gate crasher");
INSERT INTO `wced_entry` VALUES (5419, "gitara", "268", "<entry page=""268"" id=""5419""><form id=""gitaxra"" lang=""ceb"">gitára</form>
<hom role=""n""><pos>n</pos>
<sense n=""0""><trans> <tr>guitar</tr>. </trans>
</sense></hom>
<hom role=""v""><pos>v</pos>
<sense n=""1""><number>1</number> <itype>[A]</itype><trans> play the guitar. </trans>
</sense>
<sense n=""2""><number>2</number> <itype>[a12]</itype><trans> make into a guitar. </trans>
</sense></hom>
<entry><form id=""gitarista"" lang=""ceb"">gitarista</form>
<hom role=""n""><pos>n</pos>
<sense n=""0""><trans> <tr>guitar player</tr>, <tr>accompanist</tr>. </trans>
</sense></hom>
<hom role=""v""><pos>v</pos>
<sense n=""0""> <itype>[B16]</itype><trans> become a guitarist.
</trans>
</sense></hom></entry></entry>");
INSERT INTO `wced_head` (entryid, head, normalized_head, type, pos) VALUES (5419, "gitára", "gitara", "m", "nv");
INSERT INTO `wced_head` (entryid, head, normalized_head, type, pos) VALUES (5419, "gitarista", "gitarista", "s", "nv");
INSERT INTO `wced_translation` (entryid, translation) VALUES (5419, "guitar");
INSERT INTO `wced_translation` (entryid, translation) VALUES (5419, "guitar player");
INSERT INTO `wced_translation` (entryid, translation) VALUES (5419, "accompanist");
INSERT INTO `wced_entry` VALUES (5420, "gitgit1", "268", "<entry page=""268"" id=""5420""><form id=""gitgit"" lang=""ceb"">gitgit<sub>1</sub></form>
<hom role=""n""><pos>n</pos>
<sense n=""0""><trans> k.o. swallow: <bio>Artamus leucorhynchus</bio>. </trans>
</sense></hom>
<entry><form id=""ginitgit"" lang=""ceb""><abbr expan=""ginitgit"">-in-</abbr></form>
<hom role=""n""><pos>n</pos>
<sense n=""0""><trans> k.o. kite with a swallow’s tail.
</trans>
</sense></hom></entry></entry>");
INSERT INTO `wced_head` (entryid, head, normalized_head, type, pos) VALUES (5420, "gitgit", "gitgit", "s", "n");
INSERT INTO `wced_head` (entryid, head, normalized_head, type, pos) VALUES (5420, "ginitgit", "ginitgit", "s", "n");
INSERT INTO `wced_entry` VALUES (5421, "gitgit2", "268", "<entry page=""268"" id=""5421""><form id=""gitgit2"" lang=""ceb"">gitgit<sub>2</sub></form>
<hom role=""n""><pos>n</pos>
<sense n=""0""><trans> variety of <ix>kalípay</ix>.
</trans>
</sense></hom></entry>");
INSERT INTO `wced_head` (entryid, head, normalized_head, type, pos) VALUES (5421, "gitgit", "gitgit", "s", "n");
INSERT INTO `wced_entry` VALUES (5422, "giti", "268", "<entry page=""268"" id=""5422""><form id=""gitiq"" lang=""ceb"">gitì</form>
<hom role=""n""><pos>n</pos>
<sense n=""0""><trans> <tr>clitoris</tr> (coarse). </trans>
</sense></hom>
<entry><form id=""gitiq_sa_ixmung_ixyang_ina"" lang=""ceb""><abbr expan=""gitì"">—</abbr> sa ímung (íyang) ina</form>
<hom>
<sense n=""0""><trans> <xr lang=""ceb"" target=""#bilat_sa_ina"">= <sc>bilat sa ina</sc> (coarse).</xr> <xr lang=""ceb"" target=""#bilat""><ix>see</ix> <sc>bilat</sc>.</xr> </trans>
</sense></hom>
<hom role=""v""><pos>v</pos>
<sense n=""0""> <itype>[A12]</itype><trans> the thing that is irksome (coarse—said in extreme annoyance). </trans>
<eg><i lang=""ceb"">Ang nakagitì nímu mau nga tihik ka,</i><trans> What’s wrong with you is that you’re stingy.
</trans></eg>
</sense></hom></entry></entry>");
INSERT INTO `wced_head` (entryid, head, normalized_head, type, pos) VALUES (5422, "gitì", "giti", "m", "n");
INSERT INTO `wced_head` (entryid, head, normalized_head, type, pos) VALUES (5422, "gitì sa ímung (íyang) ina", "giti sa imung (iyang) ina", "s", "v");
INSERT INTO `wced_translation` (entryid, translation) VALUES (5422, "clitoris");
INSERT INTO `wced_entry` VALUES (5423, "gitib", "268", "<entry page=""268"" id=""5423""><form id=""gixtib"" lang=""ceb"">gítib</form>
<hom>
<sense n=""0""><trans> <xr lang=""ceb"" target=""#gitlib"">= <sc>gitlib</sc>.</xr>
</trans>
</sense></hom></entry>");
INSERT INTO `wced_head` (entryid, head, normalized_head, type, pos) VALUES (5423, "gítib", "gitib", "m", "");
INSERT INTO `wced_entry` VALUES (5424, "gitik", "268", "<entry page=""268"" id=""5424""><form id=""gixtik"" lang=""ceb"">gítik</form>
<hom role=""v""><pos>v</pos>
<sense n=""1""><number>1</number> <itype>[AN; a1]</itype><trans> <tr>tickle</tr>, <tr>titillate</tr>. </trans>
<eg><i lang=""ceb"">Ang naggítik (nanggítik) nakakatawa usab tungud sa inagik-ik sa gigítik,</i><trans> The way she squealed as she was being tickled made the fellow that was tickling her laugh. </trans></eg>
</sense>
<sense n=""2""><number>2</number> <itype>[a12]</itype><trans> stab s.o. with a slender pointed instrument (slang). </trans>
<eg><i lang=""ceb"">Ang gigítik níya sa ayispik namatay,</i><trans> The person he stabbed with the ice pick died. </trans></eg>
</sense>
<sense n=""3""><number>3</number><trans> pluck a musical instrument. </trans>
<eg><i lang=""ceb"">Ang sista nga íyang <pb n=""269""/>gigítik,</i><trans> The guitar he is playing. </trans></eg>
</sense></hom>
<hom role=""n""><pos>n</pos>
<sense n=""0""><trans> tickling. </trans>
</sense></hom>
<entry><form id=""magitixkun"" lang=""ceb""><abbr expan=""magitíkun"">ma-un</abbr></form>
<hom role=""a""><pos>a</pos>
<sense n=""0""><trans> <tr>titillating</tr>. </trans>
<eg><i lang=""ceb"">Ang íyang magitíkung huwaphúwap nakapadásig nákù,</i><trans> Her titillating caresses excited me. </trans></eg>
</sense></hom></entry>
<entry><form id=""gitkaxnun_giktaxnun"" lang=""ceb"">gitkánun, giktánun</form>
<hom role=""a""><pos>a</pos>
<sense n=""0""><trans> <tr>ticklish</tr>, sensitive to tickling.
</trans>
</sense></hom></entry></entry>");
INSERT INTO `wced_head` (entryid, head, normalized_head, type, pos) VALUES (5424, "gítik", "gitik", "m", "vn");
INSERT INTO `wced_head` (entryid, head, normalized_head, type, pos) VALUES (5424, "magitíkun", "magitikun", "s", "a");
INSERT INTO `wced_head` (entryid, head, normalized_head, type, pos) VALUES (5424, "gitkánun", "gitkanun", "s", "a");
INSERT INTO `wced_head` (entryid, head, normalized_head, type, pos) VALUES (5424, "giktánun", "giktanun", "s", "a");
INSERT INTO `wced_translation` (entryid, translation) VALUES (5424, "tickle");
INSERT INTO `wced_translation` (entryid, translation) VALUES (5424, "titillate");
INSERT INTO `wced_translation` (entryid, translation) VALUES (5424, "titillating");
INSERT INTO `wced_translation` (entryid, translation) VALUES (5424, "ticklish");
INSERT INTO `wced_entry` VALUES (5425, "gitinggiting", "269", "<entry page=""269"" id=""5425""><form id=""gitinggiting"" lang=""ceb"">gitinggiting</form>
<hom>
<sense n=""0""><trans> <xr lang=""ceb"" target=""#gintingginting"">= <sc>gintingginting</sc>.</xr> <xr lang=""ceb"" target=""#ginting""><ix>see</ix> <sc>ginting</sc>.</xr>
</trans>
</sense></hom></entry>");
INSERT INTO `wced_head` (entryid, head, normalized_head, type, pos) VALUES (5425, "gitinggiting", "gitinggiting", "m", "");
INSERT INTO `wced_entry` VALUES (5426, "gitli", "269", "<entry page=""269"" id=""5426""><form id=""gitliq"" lang=""ceb"">gitlì</form>
<hom role=""v""><pos>v</pos>
<sense n=""0""> <itype>[A; b6]</itype><trans> for a tiny portion of s.t. to come into view before the whole shows itself. </trans>
<eg><i lang=""ceb"">Migitlì na ang únang bidlísiw sa adlaw,</i><trans> The first rays of the sun started to peep out.
</trans></eg>
</sense></hom></entry>");
INSERT INTO `wced_head` (entryid, head, normalized_head, type, pos) VALUES (5426, "gitlì", "gitli", "m", "v");
INSERT INTO `wced_entry` VALUES (5427, "gitlib", "269", "<entry page=""269"" id=""5427""><form id=""gitlib"" lang=""ceb"">gitlib</form>
<hom role=""v""><pos>v</pos>
<sense n=""0""> <itype>[A; b6]</itype><trans> start to appear on a surface by showing a tiny portion. </trans>
<eg><i lang=""ceb"">Migítib na ang binhì,</i><trans> The seed has started to sprout. </trans></eg>
<eg><i lang=""ceb"">Mihubag ang lagus nga gigitíban sa panúuk,</i><trans> The gums swelled where his wisdom tooth was making its appearance.
</trans></eg>
</sense></hom></entry>");
INSERT INTO `wced_head` (entryid, head, normalized_head, type, pos) VALUES (5427, "gitlib", "gitlib", "m", "v");
INSERT INTO `wced_entry` VALUES (5428, "gitpas", "269", "<entry page=""269"" id=""5428""><form id=""gitpas"" lang=""ceb"">gitpas</form>
<hom role=""n""><pos>n</pos>
<sense n=""0""><trans> ticket allowing one free admission. </trans>
</sense></hom>
<hom role=""v""><pos>v</pos>
<sense n=""1""><number>1</number> <itype>[A1; b]</itype><trans> use a gate pass. </trans>
</sense>
<sense n=""2""><number>2</number> <itype>[A12; b]</itype><trans> get a gate pass. </trans>
<eg><i lang=""ceb"">Nakagitpas ku ganína,</i><trans> I was able to get a gate pass a while ago.
</trans></eg>
</sense></hom></entry>");
INSERT INTO `wced_head` (entryid, head, normalized_head, type, pos) VALUES (5428, "gitpas", "gitpas", "m", "nv");
INSERT INTO `wced_entry` VALUES (5429, "gitugitu", "269", "<entry page=""269"" id=""5429""><form id=""gitugitu"" lang=""ceb"">gitugitu</form>
<hom>
<sense n=""0""><trans> <xr lang=""ceb"" target=""#ngitungitu"">= <sc>ngitungitu</sc>.</xr>
</trans>
</sense></hom></entry>");
INSERT INTO `wced_head` (entryid, head, normalized_head, type, pos) VALUES (5429, "gitugitu", "gitugitu", "m", "");
INSERT INTO `wced_entry` VALUES (5430, "gitung", "269", "<entry page=""269"" id=""5430""><form id=""gixtung"" lang=""ceb"">gítung</form>
<hom role=""n""><pos>n</pos>
<sense n=""0""><trans> <tr>tang</tr>, the small projecting part of a blade that is fitted into the handle. </trans>
</sense></hom>
<hom role=""v""><pos>v</pos>
<sense n=""0""> <itype>[A; a2]</itype><trans> make a tang, provide with a tang.
</trans>
</sense></hom></entry>");
INSERT INTO `wced_head` (entryid, head, normalized_head, type, pos) VALUES (5430, "gítung", "gitung", "m", "nv");
INSERT INTO `wced_translation` (entryid, translation) VALUES (5430, "tang");
INSERT INTO `wced_entry` VALUES (5431, "giuk, giuk", "269", "<entry page=""269"" id=""5431""><form id=""giuk_gixuk"" lang=""ceb"">giuk, gíuk</form>
<hom role=""v""><pos>v</pos>
<sense n=""0""> <itype>[A; a]</itype><trans> remove grain from rice stalks with the feet. </trans>
<eg><i lang=""ceb"">Gigiuk níla ang humay,</i><trans> They threshed the rice.
</trans></eg>
</sense></hom></entry>");
INSERT INTO `wced_head` (entryid, head, normalized_head, type, pos) VALUES (5431, "giuk", "giuk", "s", "v");
INSERT INTO `wced_head` (entryid, head, normalized_head, type, pos) VALUES (5431, "gíuk", "giuk", "s", "v");
INSERT INTO `wced_entry` VALUES (5432, "giut", "269", "<entry page=""269"" id=""5432""><form id=""gixut"" lang=""ceb"">gíut</form>
<hom role=""a""><pos>a</pos>
<sense n=""0""><trans> tight with barely enough space because of closeness, proximity in distance. </trans>
<eg><i lang=""ceb"">Gíut ang mga káhuy niánang bungtúra,</i><trans> The trees are dense on that hill. </trans></eg>
</sense></hom>
<hom role=""v""><pos>v</pos>
<sense n=""0""> <itype>[B; c]</itype><trans> squeeze into a narrow space, be closely packed. </trans>
<eg><i lang=""ceb"">Mugíut lang ta bísan punù sa mga táwu,</i><trans> We will just squeeze in even if it’s filled with people. </trans></eg>
<eg><i lang=""ceb"">Gigíut níla sa láta ang mga papílis,</i><trans> They squeezed the papers into the can.
</trans></eg>
</sense></hom></entry>");
INSERT INTO `wced_head` (entryid, head, normalized_head, type, pos) VALUES (5432, "gíut", "giut", "m", "av");
INSERT INTO `wced_entry` VALUES (5433, "giwang", "269", "<entry page=""269"" id=""5433""><form id=""giwang"" lang=""ceb"">giwang</form>
<hom role=""n""><pos>n</pos>
<sense n=""0""><trans> fissure, narrow crack. </trans>
</sense></hom>
<hom role=""v""><pos>v</pos>
<sense n=""0""> <itype>[A; b6]</itype><trans> make a fissure in. </trans>
<eg><i lang=""ceb"">Giwangi ang ilisánan kay manglìlì ta,</i><trans> Make a slit in the dressing room so we can peep inside.
</trans></eg>
</sense></hom></entry>");
INSERT INTO `wced_head` (entryid, head, normalized_head, type, pos) VALUES (5433, "giwang", "giwang", "m", "nv");
INSERT INTO `wced_entry` VALUES (5434, "giwanun", "269", "<entry page=""269"" id=""5434""><form id=""giwaxnun"" lang=""ceb"">giwánun</form>
<hom role=""n""><pos>n</pos>
<sense n=""0""><trans> fresh-water spring near the seashore, tasting a bit salty.
</trans>
</sense></hom></entry>");
INSERT INTO `wced_head` (entryid, head, normalized_head, type, pos) VALUES (5434, "giwánun", "giwanun", "m", "n");
INSERT INTO `wced_entry` VALUES (5435, "giwatay", "269", "<entry page=""269"" id=""5435""><form id=""giwatay"" lang=""ceb"">giwatay</form>
<hom role=""a""><pos>a</pos>
<sense n=""0""><trans> <tr>badly torn</tr>; <tr>tattered</tr>. </trans>
</sense></hom>
<hom role=""v""><pos>v</pos>
<sense n=""0""> <itype>[AB; a]</itype><trans> get badly torn, tear s.t. to shreds. </trans>
<eg><i lang=""ceb"">Naggiwatay ang mga ituy sa linadlad,</i><trans> The puppies tore the laundry into shreds. </trans></eg>
<eg><i lang=""ceb"">Nagkagiwatay ang íyang bisti,</i><trans> Her dress was all tattered and torn.
</trans></eg>
</sense></hom></entry>");
INSERT INTO `wced_head` (entryid, head, normalized_head, type, pos) VALUES (5435, "giwatay", "giwatay", "m", "av");
INSERT INTO `wced_translation` (entryid, translation) VALUES (5435, "badly torn");
INSERT INTO `wced_translation` (entryid, translation) VALUES (5435, "tattered");
INSERT INTO `wced_entry` VALUES (5436, "giwit", "269", "<entry page=""269"" id=""5436""><form id=""gixwit"" lang=""ceb"">gíwit</form>
<hom role=""v""><pos>v</pos>
<sense n=""0""> <itype>[B12; a1]</itype><trans> torn into shreds. </trans>
<eg><i lang=""ceb"">Nagkagíwit na giyud kaáyu ang mga kurtína,</i><trans> My curtains are torn to pieces from use. </trans></eg>
</sense></hom>
<entry><form id=""giwitgiwit"" lang=""ceb"">giwitgiwit</form>
<hom role=""a""><pos>a</pos>
<sense n=""0""><trans> badly torn, tattered. </trans>
<eg><i lang=""ceb"">Giwitgiwit intáwun kaáyug sinínà ang makalilímus,</i><trans> The beggar’s clothes are in tatters. </trans></eg>
</sense></hom>
<hom role=""v""><pos>v</pos>
<sense n=""0""> <itype>[B1]</itype><trans> be, become badly torn.
</trans>
</sense></hom></entry></entry>");
INSERT INTO `wced_head` (entryid, head, normalized_head, type, pos) VALUES (5436, "gíwit", "giwit", "m", "v");
INSERT INTO `wced_head` (entryid, head, normalized_head, type, pos) VALUES (5436, "giwitgiwit", "giwitgiwit", "s", "av");
INSERT INTO `wced_entry` VALUES (5437, "giya", "269", "<entry page=""269"" id=""5437""><form id=""gixya"" lang=""ceb"">gíya</form>
<hom role=""v""><pos>v</pos>
<sense n=""0""> <itype>[A]</itype><trans> lead the way, guide s.o. to a place. </trans>
<eg><i lang=""ceb"">Ang kumpas mauy maggíya sa barku,</i><trans> The compass guides the ship. </trans></eg>
<eg><i lang=""ceb"">Gigyáhan silag Manúbù,</i><trans> They were guided by a Manobo tribesman. </trans></eg>
</sense></hom>
<hom role=""n""><pos>n</pos>
<sense n=""1""><number>1</number><trans> <tr>guide</tr>. </trans>
</sense>
<sense n=""2a""><number>2a</number><trans> tie rod of the steering system of a motor vehicle. </trans>
</sense>
<sense n=""2b""><number>2b</number><trans> steering cable in a boat which connects the steering wheel and the rudder. </trans>
</sense>
<sense n=""3""><number>3</number><trans> a line with a ball of rope on one end and the other attached to the towline of a ship. When the ship docks it is tossed to the wharf so as to bring the boat’s towline with it.
</trans>
</sense></hom></entry>");
INSERT INTO `wced_head` (entryid, head, normalized_head, type, pos) VALUES (5437, "gíya", "giya", "m", "vn");
INSERT INTO `wced_translation` (entryid, translation) VALUES (5437, "guide");
INSERT INTO `wced_entry` VALUES (5438, "giyan", "269", "<entry page=""269"" id=""5438""><form id=""giyan"" lang=""ceb"">giyan</form>
<hom role=""v""><pos>v</pos>
<sense n=""0""> <itype>[A123P; a4]</itype><trans> crave s.t. one is addicted to. </trans>
<eg><i lang=""ceb"">Gigiyan na kug kapi kay naánad na,</i><trans> I’m addicted to coffee because I’m used to it.
</trans></eg>
</sense></hom></entry>");
INSERT INTO `wced_head` (entryid, head, normalized_head, type, pos) VALUES (5438, "giyan", "giyan", "m", "v");
INSERT INTO `wced_entry` VALUES (5439, "giyaw", "269", "<entry page=""269"" id=""5439""><form id=""gixyaw"" lang=""ceb"">gíyaw</form>
<hom role=""n""><pos>n</pos>
<sense n=""0""><trans> glitter of s.t. dark violet in color, such as some rosary beads.
</trans>
</sense></hom></entry>");
INSERT INTO `wced_head` (entryid, head, normalized_head, type, pos) VALUES (5439, "gíyaw", "giyaw", "m", "n");
INSERT INTO `wced_entry` VALUES (5440, "glab", "269", "<entry page=""269"" id=""5440""><form id=""glaxb"" lang=""ceb"">gláb</form>
<hom role=""n""><pos>n</pos>
<sense n=""1""><number>1</number><trans> <tr>gloves</tr>. </trans>
</sense>
<sense n=""2""><number>2</number><trans> <tr>boxing gloves</tr>. </trans>
</sense></hom>
<hom role=""v""><pos>v</pos>
<sense n=""0""> <itype>[A; c]</itype><trans> wear gloves.
</trans>
</sense></hom></entry>");
INSERT INTO `wced_head` (entryid, head, normalized_head, type, pos) VALUES (5440, "gláb", "glab", "m", "nv");
INSERT INTO `wced_translation` (entryid, translation) VALUES (5440, "gloves");
INSERT INTO `wced_translation` (entryid, translation) VALUES (5440, "boxing gloves");
INSERT INTO `wced_entry` VALUES (5441, "gladiyula", "269", "<entry page=""269"" id=""5441""><form id=""gladiyuxla"" lang=""ceb"">gladiyúla</form>
<hom role=""n""><pos>n</pos>
<sense n=""0""><trans> <tr>gladiola</tr>.
</trans>
</sense></hom></entry>");
INSERT INTO `wced_head` (entryid, head, normalized_head, type, pos) VALUES (5441, "gladiyúla", "gladiyula", "m", "n");
INSERT INTO `wced_translation` (entryid, translation) VALUES (5441, "gladiola");
INSERT INTO `wced_entry` VALUES (5442, "glu", "269", "<entry page=""269"" id=""5442""><form id=""glux"" lang=""ceb"">glú</form>
<hom role=""n""><pos>n</pos>
<sense n=""0""><trans> <tr>glue</tr>. </trans>
</sense></hom>
<hom role=""v""><pos>v</pos>
<sense n=""0""> <itype>[A; b6]</itype><trans> <tr>glue</tr>. </trans>
<eg><i lang=""ceb"">Glúhi ang librung bawnun,</i><trans> Put glue on the books to be bound.
</trans></eg>
</sense></hom></entry>");
INSERT INTO `wced_head` (entryid, head, normalized_head, type, pos) VALUES (5442, "glú", "glu", "m", "nv");
INSERT INTO `wced_translation` (entryid, translation) VALUES (5442, "glue");
INSERT INTO `wced_entry` VALUES (5443, "glurya", "269", "<entry page=""269"" id=""5443""><form id=""glurya"" lang=""ceb"">glurya</form>
<hom>
<sense n=""0""><trans> <xr lang=""ceb"" target=""#duminggu""><ix>see</ix> <sc>duminggu</sc>.</xr>
</trans>
</sense></hom></entry>");
INSERT INTO `wced_head` (entryid, head, normalized_head, type, pos) VALUES (5443, "glurya", "glurya", "m", "");
INSERT INTO `wced_entry` VALUES (5444, "gluryusu", "269", "<entry page=""269"" id=""5444""><form id=""gluryuxsu"" lang=""ceb"">gluryúsu</form>
<hom role=""a""><pos>a</pos>
<sense n=""0""><trans> <tr>glorious</tr>, <tr>delightful</tr>. </trans>
</sense></hom>
<hom role=""v""><pos>v</pos>
<sense n=""0""> <itype>[B12]</itype><trans> become glorious. </trans>
<eg><i lang=""ceb"">Magluryúsu ang táwu ug way kaguúl,</i><trans> A person becomes glorious when he has no worries. </trans></eg>
</sense></hom>
<entry><form id=""gluryuxsu_nga_mistiryu"" lang=""ceb""><abbr expan=""gluryúsu"">—</abbr> nga mistiryu</form>
<hom role=""n""><pos>n</pos>
<sense n=""0""><trans> the glorious mysteries, one of the three series of mysteries in the Holy Rosary.
</trans>
</sense></hom></entry></entry>");
INSERT INTO `wced_head` (entryid, head, normalized_head, type, pos) VALUES (5444, "gluryúsu", "gluryusu", "m", "av");
INSERT INTO `wced_head` (entryid, head, normalized_head, type, pos) VALUES (5444, "gluryúsu nga mistiryu", "gluryusu nga mistiryu", "s", "n");
INSERT INTO `wced_translation` (entryid, translation) VALUES (5444, "glorious");
INSERT INTO `wced_translation` (entryid, translation) VALUES (5444, "delightful");
INSERT INTO `wced_entry` VALUES (5445, "gn.", "269", "<entry page=""269"" id=""5445""><form id=""Gn."" lang=""ceb"">Gn.</form>
<hom>
<sense n=""0""><trans> abbreviation for <ix>Gíning</ix>, ‘Miss’.
</trans>
</sense></hom></entry>");
INSERT INTO `wced_head` (entryid, head, normalized_head, type, pos) VALUES (5445, "Gn.", "gn.", "m", "");
INSERT INTO `wced_entry` VALUES (5446, "gng.", "269", "<entry page=""269"" id=""5446""><form id=""Gng."" lang=""ceb"">Gng.</form>
<hom>
<sense n=""0""><trans> abbreviation for <ix>Gínang</ix>, ‘Mrs.’
</trans>
</sense></hom></entry>");
INSERT INTO `wced_head` (entryid, head, normalized_head, type, pos) VALUES (5446, "Gng.", "gng.", "m", "");
INSERT INTO `wced_entry` VALUES (5447, "graba", "269", "<entry page=""269"" id=""5447""><form id=""graxba"" lang=""ceb"">grába</form>
<hom role=""n""><pos>n</pos>
<sense n=""0""><trans> <tr>gravel</tr>. </trans>
</sense></hom>
<entry><form id=""graxbadu"" lang=""ceb""><abbr expan=""grábadu"">-du</abbr></form>
<hom role=""a""><pos>a</pos>
<sense n=""0""><trans> paved with gravel. </trans>
</sense></hom>
<hom role=""v""><pos>v</pos>
<sense n=""0""> <itype>[A; b5]</itype><trans> pave with gravel. </trans>
<eg><i lang=""ceb"">Grabadúhun (grabadúhan) sa gubyirnu ang mga karsáda,</i><trans> The government will pave the roads with gravel. </trans></eg>
</sense></hom></entry>
<entry><form id=""graxbadur"" lang=""ceb""><abbr expan=""grábadur"">-dur(→)</abbr></form>
<hom role=""n""><pos>n</pos>
<sense n=""0""><trans> one who hauls and shovels gravel. </trans>
</sense></hom>
<hom role=""v""><pos>v</pos>
<sense n=""0""> <itype>[B56; a2]</itype><trans> work as a gravel hauler. †
</trans>
</sense></hom></entry></entry>");
INSERT INTO `wced_head` (entryid, head, normalized_head, type, pos) VALUES (5447, "grába", "graba", "m", "n");
INSERT INTO `wced_head` (entryid, head, normalized_head, type, pos) VALUES (5447, "grábadu", "grabadu", "s", "av");
INSERT INTO `wced_head` (entryid, head, normalized_head, type, pos) VALUES (5447, "grábadur", "grabadur", "s", "nv");
INSERT INTO `wced_translation` (entryid, translation) VALUES (5447, "gravel");
INSERT INTO `wced_entry` VALUES (5448, "grabansus", "269", "<entry page=""269"" id=""5448""><form id=""grabansus"" lang=""ceb"">grabansus</form>
<hom>
<sense n=""0""><trans> <xr lang=""ceb"" target=""#karabansus"">= <sc>karabansus</sc>.</xr>
</trans>
</sense></hom></entry>");
INSERT INTO `wced_head` (entryid, head, normalized_head, type, pos) VALUES (5448, "grabansus", "grabansus", "m", "");
INSERT INTO `wced_entry` VALUES (5449, "grabi", "269", "<entry page=""269"" id=""5449""><form id=""graxbi"" lang=""ceb"">grábi</form>
<hom role=""a""><pos>a</pos>
<sense n=""1""><number>1</number><trans> in serious condition. </trans>
<eg><i lang=""ceb"">Grábi siya, dì tingáli kaugmaan,</i><trans> He is serious. He might not live till tomorrow. </trans></eg>
</sense>
<sense n=""2""><number>2</number><trans> done in too great a degree, being in too great a degree. </trans>
<eg><i lang=""ceb"">Grábi ra nang ímung pasíaw,</i><trans> You prank too much. </trans></eg>
<eg><i lang=""ceb"">Grábing dimalása. Gipanítan ku sa madiyung,</i><trans> It’s a very unlucky day for me. I lost in mahjong. </trans></eg>
</sense>
<sense n=""3""><number>3</number><trans> expression showing one’s disgust, dismay over s.o.’s failure to do s.t. which he should have done, or avoid s.t. which he could have avoided doing. </trans>
<eg><i lang=""ceb"">Grábi sad kag nalímut nga gahápun pa man tu,</i><trans> How could you ever forget when it was just yesterday. </trans></eg>
<eg><i lang=""ceb"">Grábi! Bisag diyuy wà ka?</i><trans> Good heavens. You haven’t got anything at all? Not even half a centavo? </trans></eg>
</sense></hom>
<hom role=""v""><pos>v</pos>
<sense n=""1""><number>1</number> <itype>[B2]</itype><trans> become worse. </trans>
<eg><i lang=""ceb"">Nagkagrabi ang íyang sakit kay wà tambali,</i><trans> His sickness is getting worse and worse because he didn’t treat it. </trans></eg>
</sense>
<sense n=""2""><number>2</number> <itype>[b8]</itype><trans> for s.t. to be overdone. </trans>
<eg><i lang=""ceb"">Higrabihan nímug nusnus ang sílak, maung napánas,</i><trans> You rubbed the shellac too much, so that it got worn <pb n=""270""/>off. </trans></eg>
</sense>
<sense n=""3""><number>3</number> <itype>[b8]</itype><trans> get s.t. more than any one else. </trans>
<eg><i lang=""ceb"">Sa tanang gikastígu siyay nagrabihan,</i><trans> He got the heaviest punishment of all of them. </trans></eg>
</sense></hom>
<entry><form id=""grabihan"" lang=""ceb"">grabihan</form>
<hom role=""a""><pos>a</pos>
<sense n=""0""><trans> not given to conversation, unsmiling. </trans>
<eg><i lang=""ceb"">Míngaw ikaúban bayhána kay grabihan,</i><trans> It’s no fun to go with her because she doesn’t respond to people. </trans></eg>
</sense></hom></entry>
<entry><form id=""grabihun"" lang=""ceb"">grabihun</form>
<hom role=""a""><pos>a</pos>
<sense n=""0""><trans> <tr>snobbish</tr>, refusing to have to do with people deemed inferior. </trans>
<eg><i lang=""ceb"">Lisud duúlun ang táwung grabihun,</i><trans> It’s hard to approach a snobbish person.
</trans></eg>
</sense></hom></entry></entry>");
INSERT INTO `wced_head` (entryid, head, normalized_head, type, pos) VALUES (5449, "grábi", "grabi", "m", "av");
INSERT INTO `wced_head` (entryid, head, normalized_head, type, pos) VALUES (5449, "grabihan", "grabihan", "s", "a");
INSERT INTO `wced_head` (entryid, head, normalized_head, type, pos) VALUES (5449, "grabihun", "grabihun", "s", "a");
INSERT INTO `wced_translation` (entryid, translation) VALUES (5449, "snobbish");
INSERT INTO `wced_entry` VALUES (5450, "gradu", "270", "<entry page=""270"" id=""5450""><form id=""graxdu"" lang=""ceb"">grádu</form>
<hom role=""n""><pos>n</pos>
<sense n=""1""><number>1</number><trans> <tr>rating</tr>, <tr>grade</tr>. </trans>
<eg><i lang=""ceb"">Nahagbung siya kay mabag grádu,</i><trans> He failed because he got low grades. </trans></eg>
</sense>
<sense n=""2""><number>2</number><trans> level or stage of education. </trans>
<eg><i lang=""ceb"">Tirsíru grádu ra ku kutub,</i><trans> I only went as far as third grade. </trans></eg>
</sense>
<sense n=""3""><number>3</number><trans> educational attainment. </trans>
<eg><i lang=""ceb"">Way grádu ang ámung mutsatsa,</i><trans> Our maid has no schooling at all. </trans></eg>
</sense>
<sense n=""4""><number>4</number><trans> grade of a lens. </trans>
<eg><i lang=""ceb"">Pílay grádu ímung kibídu?</i><trans> What’s the grade of your eyeglasses? </trans></eg>
</sense></hom>
<hom role=""v""><pos>v</pos>
<sense n=""1""><number>1</number> <itype>[A; b1]</itype><trans> give a grade, rating. </trans>
<eg><i lang=""ceb"">Gigradúhan siyag ip kay absinti,</i><trans> He was given an F because of his absences. </trans></eg>
<eg><i lang=""ceb"">Gradúhan kug i ang maáyung ripurt,</i><trans> I’ll give an A to a good report. </trans></eg>
</sense>
<sense n=""2""><number>2</number> <itype>[A12]</itype><trans> obtain a grade or rating. </trans>
<eg><i lang=""ceb"">Kas-a pa ku makagrádu (makagradu) ug i,</i><trans> I got an A only once. †
</trans></eg>
</sense></hom></entry>");
INSERT INTO `wced_head` (entryid, head, normalized_head, type, pos) VALUES (5450, "grádu", "gradu", "m", "nv");
INSERT INTO `wced_translation` (entryid, translation) VALUES (5450, "rating");
INSERT INTO `wced_translation` (entryid, translation) VALUES (5450, "grade");
INSERT INTO `wced_entry` VALUES (5451, "graduwar", "270", "<entry page=""270"" id=""5451""><form id=""graduwar"" lang=""ceb"">graduwar</form>
<hom role=""v""><pos>v</pos>
<sense n=""1""><number>1</number> <itype>[A2; b6]</itype><trans> <tr>graduate</tr>. </trans>
<eg><i lang=""ceb"">Abugasíya ang íyang gigraduwaran,</i><trans> He finished law. </trans></eg>
</sense>
<sense n=""2""><number>2</number><trans> pass from one particular stage or condition to another. </trans>
<eg><i lang=""ceb"">Hápit na siya mugraduwar sa pagkaulitáwu kay kaslun ugmà,</i><trans> He is about to graduate from his bachelorhood because he will be married tomorrow. </trans></eg>
</sense>
<sense n=""3""><number>3</number> <itype>[A23]</itype><trans> be removed from a basketball game after a number of fouls. </trans>
<eg><i lang=""ceb"">Migraduwar siya human sa ikalimang páwul,</i><trans> He was disqualified after his fifth foul. </trans></eg>
</sense></hom>
<entry><form id=""graduwaxda"" lang=""ceb"">graduwáda</form>
<hom>
<sense n=""0""><trans> <xr lang=""ceb"" target=""#graduwaxdu"">= <sc>graduwádu</sc> (female).</xr> </trans>
</sense></hom></entry>
<entry><form id=""graduwaxdu"" lang=""ceb"">graduwádu</form>
<hom role=""n""><pos>n</pos>
<sense n=""1""><number>1</number><trans> graduate, esp. college graduates. </trans>
<eg><i lang=""ceb"">Graduwádu ray madáwat áning trabahúa,</i><trans> Only those with a college degree will be considered for this job. </trans></eg>
</sense>
<sense n=""2""><number>2</number><trans> one who is experienced in doing or being s.t. </trans>
<eg><i lang=""ceb"">Graduwádu nà sa pagkakalma,</i><trans> He has proven himself cool-headed. </trans></eg>
<eg><i lang=""ceb"">Graduwádu sa pangáwat,</i><trans> He is an experienced thief. </trans></eg>
</sense></hom></entry>
<entry><form id=""graduwasyun_graduwisyun"" lang=""ceb"">graduwasyun, graduwisyun</form>
<hom role=""n""><pos>n</pos>
<sense n=""0""><trans> graduation, commencement exercises.
</trans>
</sense></hom></entry></entry>");
INSERT INTO `wced_head` (entryid, head, normalized_head, type, pos) VALUES (5451, "graduwar", "graduwar", "m", "v");
INSERT INTO `wced_head` (entryid, head, normalized_head, type, pos) VALUES (5451, "graduwáda", "graduwada", "s", "");
INSERT INTO `wced_head` (entryid, head, normalized_head, type, pos) VALUES (5451, "graduwádu", "graduwadu", "s", "n");
INSERT INTO `wced_head` (entryid, head, normalized_head, type, pos) VALUES (5451, "graduwasyun", "graduwasyun", "s", "n");
INSERT INTO `wced_head` (entryid, head, normalized_head, type, pos) VALUES (5451, "graduwisyun", "graduwisyun", "s", "n");
INSERT INTO `wced_translation` (entryid, translation) VALUES (5451, "graduate");
INSERT INTO `wced_entry` VALUES (5452, "graduwit", "270", "<entry page=""270"" id=""5452""><form id=""graduwit"" lang=""ceb"">graduwit</form>
<hom>
<sense n=""0""><trans> <xr lang=""ceb"" target=""#graduwar"">= <sc>graduwar</sc>.</xr>
</trans>
</sense></hom></entry>");
INSERT INTO `wced_head` (entryid, head, normalized_head, type, pos) VALUES (5452, "graduwit", "graduwit", "m", "");
INSERT INTO `wced_entry` VALUES (5453, "grahi", "270", "<entry page=""270"" id=""5453""><form id=""graxhi"" lang=""ceb"">gráhi</form>
<hom>
<sense n=""0""><trans> <xr lang=""ceb"" target=""#garaxhi"">= <sc>garáhi</sc>.</xr>
</trans>
</sense></hom></entry>");
INSERT INTO `wced_head` (entryid, head, normalized_head, type, pos) VALUES (5453, "gráhi", "grahi", "m", "");
INSERT INTO `wced_entry` VALUES (5454, "gramatika", "270", "<entry page=""270"" id=""5454""><form id=""gramatika"" lang=""ceb"">gramatika</form>
<hom role=""n""><pos>n</pos>
<sense n=""0""><trans> <tr>grammar</tr>.
</trans>
</sense></hom></entry>");
INSERT INTO `wced_head` (entryid, head, normalized_head, type, pos) VALUES (5454, "gramatika", "gramatika", "m", "n");
INSERT INTO `wced_translation` (entryid, translation) VALUES (5454, "grammar");
INSERT INTO `wced_entry` VALUES (5455, "gramu", "270", "<entry page=""270"" id=""5455""><form id=""graxmu"" lang=""ceb"">grámu</form>
<hom role=""n""><pos>n</pos>
<sense n=""0""><trans> <tr>gram</tr>. </trans>
</sense></hom>
<hom role=""v""><pos>v</pos>
<sense n=""0""> <itype>[B256]</itype><trans> be one gram. </trans>
<eg><i lang=""ceb"">Wà ra mugrámu (magrámu) ang kúwang sa timbang sa karni,</i><trans> The shortage in the meat didn’t even amount to a gram.
</trans></eg>
</sense></hom></entry>");
INSERT INTO `wced_head` (entryid, head, normalized_head, type, pos) VALUES (5455, "grámu", "gramu", "m", "nv");
INSERT INTO `wced_translation` (entryid, translation) VALUES (5455, "gram");
INSERT INTO `wced_entry` VALUES (5456, "gramus", "270", "<entry page=""270"" id=""5456""><form id=""graxmus"" lang=""ceb"">grámus</form>
<hom>
<sense n=""0""><trans> <xr lang=""ceb"" target=""#graxmu"">= <sc>grámu</sc> (plural).</xr>
</trans>
</sense></hom></entry>");
INSERT INTO `wced_head` (entryid, head, normalized_head, type, pos) VALUES (5456, "grámus", "gramus", "m", "");
INSERT INTO `wced_entry` VALUES (5457, "grana", "270", "<entry page=""270"" id=""5457""><form id=""graxna"" lang=""ceb"">grána</form>
<hom role=""v""><pos>v</pos>
<sense n=""0""> <itype>[A; b5]</itype><trans> <tr>dye</tr>. </trans>
<eg><i lang=""ceb"">Gigranáhan nákug asul ang sayal,</i><trans> I dyed the skirt blue. </trans></eg>
</sense></hom>
<hom role=""n""><pos>n</pos>
<sense n=""0""><trans> <tr>dye</tr>.
</trans>
</sense></hom></entry>");
INSERT INTO `wced_head` (entryid, head, normalized_head, type, pos) VALUES (5457, "grána", "grana", "m", "vn");
INSERT INTO `wced_translation` (entryid, translation) VALUES (5457, "dye");
INSERT INTO `wced_entry` VALUES (5458, "granada", "270", "<entry page=""270"" id=""5458""><form id=""granaxda"" lang=""ceb"">granáda</form>
<hom role=""n""><pos>n</pos>
<sense n=""1""><number>1</number><trans> <tr><corr sic=""pomegrenate"">pomegranate</corr></tr>. </trans>
</sense>
<sense n=""2""><number>2</number><trans> <tr>hand grenade</tr>.
</trans>
</sense></hom></entry>");
INSERT INTO `wced_head` (entryid, head, normalized_head, type, pos) VALUES (5458, "granáda", "granada", "m", "n");
INSERT INTO `wced_translation` (entryid, translation) VALUES (5458, "pomegranate");
INSERT INTO `wced_translation` (entryid, translation) VALUES (5458, "hand grenade");
INSERT INTO `wced_entry` VALUES (5459, "granati1", "270", "<entry page=""270"" id=""5459""><form id=""granaxti"" lang=""ceb"">granáti<sub>1</sub></form>
<hom role=""n""><pos>n</pos>
<sense n=""0""><trans> <tr>deep red color</tr>.
</trans>
</sense></hom></entry>");
INSERT INTO `wced_head` (entryid, head, normalized_head, type, pos) VALUES (5459, "granáti", "granati", "s", "n");
INSERT INTO `wced_translation` (entryid, translation) VALUES (5459, "deep red color");
INSERT INTO `wced_entry` VALUES (5460, "granati2", "270", "<entry page=""270"" id=""5460""><form id=""granaxti2"" lang=""ceb"">granáti<sub>2</sub></form>
<hom>
<sense n=""0""><trans> <xr lang=""ceb"" target=""#garnaxti2"">= <sc>garnáti<sub>2</sub></sc>.</xr>
</trans>
</sense></hom></entry>");
INSERT INTO `wced_head` (entryid, head, normalized_head, type, pos) VALUES (5460, "granáti", "granati", "s", "");
INSERT INTO `wced_entry` VALUES (5461, "grandi", "270", "<entry page=""270"" id=""5461""><form id=""grandi"" lang=""ceb"">grandi</form>
<hom>
<sense n=""1""><number>1</number><trans> <xr lang=""ceb"" target=""#in-grandi"">= <sc>in-grandi</sc>.</xr> </trans>
</sense>
<sense n=""2""><number>2</number> <form id=""buxsung_grandi"" lang=""ceb""><corr sic=""busung"">búsung</corr> <abbr expan=""grandi"">—</abbr></form><trans> complete and thorough <ix>búsung</ix> (divine punishment) without let-up. </trans>
<eg><i lang=""ceb"">Búsung grandi, gábà hiniral na nà kay nagtúman sa gustu,</i><trans> What has happened is the divine punishment they brought on themselves because they had to do just as they pleased.
</trans></eg>
</sense></hom></entry>");
INSERT INTO `wced_head` (entryid, head, normalized_head, type, pos) VALUES (5461, "grandi", "grandi", "m", "");
INSERT INTO `wced_head` (entryid, head, normalized_head, type, pos) VALUES (5461, "búsung grandi", "busung grandi", "s", "");
INSERT INTO `wced_entry` VALUES (5462, "granil", "270", "<entry page=""270"" id=""5462""><form id=""granil"" lang=""ceb"">granil</form>
<hom>
<sense n=""0""><trans> <xr lang=""ceb"" target=""#garanil_2"">= <sc>garanil<sub>1, 2</sub></sc>.</xr>
</trans>
</sense></hom></entry>");
INSERT INTO `wced_head` (entryid, head, normalized_head, type, pos) VALUES (5462, "granil", "granil", "m", "");
INSERT INTO `wced_entry` VALUES (5463, "graniti", "270", "<entry page=""270"" id=""5463""><form id=""granixti"" lang=""ceb"">graníti</form>
<hom role=""n""><pos>n</pos>
<sense n=""0""><trans> <tr>center punch</tr>, a pointed tool, usually with conical tip, used to mark a hole to be drilled. </trans>
</sense></hom>
<hom role=""v""><pos>v</pos>
<sense n=""0""> <itype>[A; b6(1)]</itype><trans> use a center punch on s.t.
</trans>
</sense></hom></entry>");
INSERT INTO `wced_head` (entryid, head, normalized_head, type, pos) VALUES (5463, "graníti", "graniti", "m", "nv");
INSERT INTO `wced_translation` (entryid, translation) VALUES (5463, "center punch");
INSERT INTO `wced_entry` VALUES (5464, "granstan", "270", "<entry page=""270"" id=""5464""><form id=""granstan"" lang=""ceb"">granstan</form>
<hom role=""n""><pos>n</pos>
<sense n=""0""><trans> <tr>grandstand</tr>. </trans>
</sense></hom>
<entry><form id=""pagranstan"" lang=""ceb""><abbr expan=""pagranstan"">pa-</abbr></form>
<hom role=""v""><pos>v</pos>
<sense n=""0""> <itype>[A]</itype><trans> take a seat in the grandstand. </trans>
</sense></hom></entry>
<entry><form id=""panggranstan"" lang=""ceb""><abbr expan=""panggranstan"">paN-</abbr></form>
<hom role=""v""><pos>v</pos>
<sense n=""0""> <itype>[c]</itype><trans> spend for a grandstand ticket. </trans>
<eg><i lang=""ceb"">Wà kuy kwarta nga ikapanggranstan,</i><trans> I have no money to buy a grandstand seat.
</trans></eg>
</sense></hom></entry></entry>");
INSERT INTO `wced_head` (entryid, head, normalized_head, type, pos) VALUES (5464, "granstan", "granstan", "m", "n");
INSERT INTO `wced_head` (entryid, head, normalized_head, type, pos) VALUES (5464, "pagranstan", "pagranstan", "s", "v");
INSERT INTO `wced_head` (entryid, head, normalized_head, type, pos) VALUES (5464, "panggranstan", "panggranstan", "s", "v");
INSERT INTO `wced_translation` (entryid, translation) VALUES (5464, "grandstand");
INSERT INTO `wced_entry` VALUES (5465, "granu", "270", "<entry page=""270"" id=""5465""><form id=""graxnu"" lang=""ceb"">gránu</form>
<hom role=""n""><pos>n</pos>
<sense n=""1""><number>1</number><trans> <tr>grains</tr>. </trans>
<eg><i lang=""ceb"">Mas pínu ang gránu sa asúkar kay sa kámay,</i><trans> Refined sugar has finer grains than brown sugar. </trans></eg>
</sense>
<sense n=""2""><number>2</number><trans> texture of a surface. </trans>
<eg><i lang=""ceb"">Ang pánit sa Hapun pínug gránu,</i><trans> Japanese have fine-textured skin. </trans></eg>
</sense>
<sense n=""3""><number>3</number><trans> <tr>grain</tr>, <tr>texture</tr> of wood. </trans>
</sense>
<sense n=""4""><number>4</number> <form id=""graxnu_maldixtu"" lang=""ceb""><abbr expan=""gránu"">—</abbr> maldítu</form><trans> inflamed pimple, usually on the face. </trans>
<eg><i lang=""ceb"">Gihilantan siya kay nahubag ang gránu maldítu sa íyang nawung,</i><trans> She got a fever because the pimple on her face got infected.
</trans></eg>
</sense></hom></entry>");
INSERT INTO `wced_head` (entryid, head, normalized_head, type, pos) VALUES (5465, "gránu", "granu", "m", "n");
INSERT INTO `wced_head` (entryid, head, normalized_head, type, pos) VALUES (5465, "gránu maldítu", "granu malditu", "s", "");
INSERT INTO `wced_translation` (entryid, translation) VALUES (5465, "grains");
INSERT INTO `wced_translation` (entryid, translation) VALUES (5465, "grain");
INSERT INTO `wced_translation` (entryid, translation) VALUES (5465, "texture");
INSERT INTO `wced_entry` VALUES (5466, "grap1", "270", "<entry page=""270"" id=""5466""><form id=""grap"" lang=""ceb"">grap<sub>1</sub></form>
<hom role=""n""><pos>n</pos>
<sense n=""0""><trans> graft, wealth obtained dishonestly through political connections. </trans>
</sense></hom>
<entry><form id=""grap_ug_an_kurapsiyun"" lang=""ceb""><abbr expan=""grap"">—</abbr> ug (an) kurapsiyun</form>
<hom>
<sense n=""0""><trans><corr sic="",""/> Graft and corruption. </trans>
</sense></hom>
<hom role=""v""><pos>v</pos>
<sense n=""0""> <itype>[A1]</itype><trans> take graft.
</trans>
</sense></hom></entry></entry>");
INSERT INTO `wced_head` (entryid, head, normalized_head, type, pos) VALUES (5466, "grap", "grap", "s", "n");
INSERT INTO `wced_head` (entryid, head, normalized_head, type, pos) VALUES (5466, "grap ug (an) kurapsiyun", "grap ug (an) kurapsiyun", "s", "v");
INSERT INTO `wced_entry` VALUES (5467, "grap2", "270", "<entry page=""270"" id=""5467""><form id=""grap2"" lang=""ceb"">grap<sub>2</sub></form>
<hom role=""n""><pos>n</pos>
<sense n=""0""><trans> graft for a plant. </trans>
</sense></hom>
<hom role=""v""><pos>v</pos>
<sense n=""0""> <itype>[A; a]</itype><trans> put a graft on a plant.
</trans>
</sense></hom></entry>");
INSERT INTO `wced_head` (entryid, head, normalized_head, type, pos) VALUES (5467, "grap", "grap", "s", "nv");
INSERT INTO `wced_entry` VALUES (5468, "grap3", "270", "<entry page=""270"" id=""5468""><form id=""grap3"" lang=""ceb"">grap<sub>3</sub></form>
<hom role=""n""><pos>n</pos>
<sense n=""0""><trans> <tr>graph</tr>. </trans>
</sense></hom>
<hom role=""v""><pos>v</pos>
<sense n=""0""> <itype>[A; c1]</itype><trans> make a graph. </trans>
<eg><i lang=""ceb"">Grapa (igrap) ang lakaw sa íyang hilánat,</i><trans> Make a graph of the course of his fever.
</trans></eg>
</sense></hom></entry>");
INSERT INTO `wced_head` (entryid, head, normalized_head, type, pos) VALUES (5468, "grap", "grap", "s", "nv");
INSERT INTO `wced_translation` (entryid, translation) VALUES (5468, "graph");
INSERT INTO `wced_entry` VALUES (5469, "grapa", "270", "<entry page=""270"" id=""5469""><form id=""graxpa"" lang=""ceb"">grápa</form>
<hom>
<sense n=""0""><trans> <xr lang=""ceb"" target=""#garaxpa"">= <sc>garápa</sc>.</xr>
</trans>
</sense></hom></entry>");
INSERT INTO `wced_head` (entryid, head, normalized_head, type, pos) VALUES (5469, "grápa", "grapa", "m", "");
INSERT INTO `wced_entry` VALUES (5470, "grapinyira", "270", "<entry page=""270"" id=""5470""><form id=""grapinyixra"" lang=""ceb"">grapinyíra</form>
<hom>
<sense n=""0""><trans> <xr lang=""ceb"" target=""#garapinyixra"">= <sc>garapinyíra</sc>.</xr>
</trans>
</sense></hom></entry>");
INSERT INTO `wced_head` (entryid, head, normalized_head, type, pos) VALUES (5470, "grapinyíra", "grapinyira", "m", "");
INSERT INTO `wced_entry` VALUES (5471, "grapupunu", "270", "<entry page=""270"" id=""5471""><form id=""grapupunu"" lang=""ceb"">grapupunu</form>
<hom role=""n""><pos>n</pos>
<sense n=""0""><trans> spring operated phonograph.
</trans>
</sense></hom></entry>");
INSERT INTO `wced_head` (entryid, head, normalized_head, type, pos) VALUES (5471, "grapupunu", "grapupunu", "m", "n");
INSERT INTO `wced_entry` VALUES (5472, "grasa", "270", "<entry page=""270"" id=""5472""><form id=""graxsa"" lang=""ceb"">grása</form>
<hom role=""n""><pos>n</pos>
<sense n=""0""><trans> <tr>grease</tr>. </trans>
</sense></hom>
<hom role=""v""><pos>v</pos>
<sense n=""1""><number>1</number> <itype>[A; b6]</itype><trans> grease s.t. </trans>
<eg><i lang=""ceb"">Gigrasáhan níya ang bíring sa ligid,</i><trans> He lubricated the wheel bearings. </trans></eg>
</sense>
<sense n=""2""><number>2</number> <itype>[B1245; b8]</itype><trans> get grease on it. </trans>
<eg><i lang=""ceb"">Higrasahan (nagkagrása) hinúun ang ákung púlu,</i><trans> My shirt got grease on it (got grease all over it). </trans></eg>
</sense></hom>
<entry><form id=""grasaxhun"" lang=""ceb"">grasáhun</form>
<hom role=""a""><pos>a</pos>
<sense n=""0""><trans> <tr>greasy</tr>, <tr>oily</tr>.
</trans>
</sense></hom></entry></entry>");
INSERT INTO `wced_head` (entryid, head, normalized_head, type, pos) VALUES (5472, "grása", "grasa", "m", "nv");
INSERT INTO `wced_head` (entryid, head, normalized_head, type, pos) VALUES (5472, "grasáhun", "grasahun", "s", "a");
INSERT INTO `wced_translation` (entryid, translation) VALUES (5472, "grease");
INSERT INTO `wced_translation` (entryid, translation) VALUES (5472, "greasy");
INSERT INTO `wced_translation` (entryid, translation) VALUES (5472, "oily");
INSERT INTO `wced_entry` VALUES (5473, "grasya", "270", "<entry page=""270"" id=""5473""><form id=""grasya"" lang=""ceb"">grasya</form>
<hom role=""n""><pos>n</pos>
<sense n=""1""><number>1</number><trans> grace or blessing, usually from God. </trans>
<eg><i lang=""ceb"">Grasya sa Diyus nabúhì ku,</i><trans> Thank God, I survived. </trans></eg>
</sense>
<sense n=""2""><number>2</number><trans> a person’s trait or act which causes joy or satisfaction to s.o. else. </trans>
</sense></hom>
<hom role=""v""><pos>v</pos>
<sense n=""0""> <itype>[b4]</itype><trans> receive the grace of God. </trans>
<eg><i lang=""ceb"">Gigrasyahan siya sa Diyus maung nabúhì,</i><trans> God showed His grace on him and he lived. </trans></eg>
</sense></hom>
<entry><form id=""pagrasya"" lang=""ceb""><abbr expan=""pagrasya"">pa-</abbr></form>
<hom role=""v""><pos>v</pos>
<sense n=""0""> <itype>[A; b6]</itype><trans> give others joy or satisfaction in dealing with them. </trans>
<eg><i lang=""ceb"">Íyang gipagrasyahan ang usa ka sapían pinaági sa pagsirbi ug maáyu niíni,</i><trans> He worked his way into the good graces of a wealthy man by serving him well.
<pb n=""271""/>
</trans></eg>
</sense></hom></entry></entry>");
INSERT INTO `wced_head` (entryid, head, normalized_head, type, pos) VALUES (5473, "grasya", "grasya", "m", "nv");
INSERT INTO `wced_head` (entryid, head, normalized_head, type, pos) VALUES (5473, "pagrasya", "pagrasya", "s", "v");
INSERT INTO `wced_entry` VALUES (5474, "grasyada", "271", "<entry page=""271"" id=""5474""><form id=""grasyaxda"" lang=""ceb"">grasyáda</form>
<hom role=""n""><pos>n</pos>
<sense n=""0""><trans> female working student in an exclusive girls’ school. </trans>
</sense></hom>
<hom role=""v""><pos>v</pos>
<sense n=""0""> <itype>[B6]</itype><trans> be a <ix>grasyáda</ix>.
</trans>
</sense></hom></entry>");
INSERT INTO `wced_head` (entryid, head, normalized_head, type, pos) VALUES (5474, "grasyáda", "grasyada", "m", "nv");
INSERT INTO `wced_entry` VALUES (5475, "grasyas", "271", "<entry page=""271"" id=""5475""><form id=""grasyas"" lang=""ceb"">grasyas</form>
<hom>
<sense n=""1""><number>1</number><trans> expression of profound and humble thanks. </trans>
<eg><i lang=""ceb"">Grasyas, sinyur, sa ímung panábang,</i><trans> Thank you, master, for your help. </trans></eg>
</sense>
<sense n=""2""><number><corr sic=""3"">2</corr></number><trans> expression uttered when one belches. </trans>
<eg><i lang=""ceb"">Grasyas, nabusug ku,</i><trans> Thanks be to God. I’m full. </trans></eg>
</sense></hom>
<entry><form id=""panggrasyas"" lang=""ceb""><abbr expan=""panggrasyas"">paN-</abbr></form>
<hom role=""v""><pos>v</pos>
<sense n=""0""> <itype>[A12]</itype><trans> give profound thanks. </trans>
<eg><i lang=""ceb"">Manggrasyas ta sa Diyus sa íyang kadagáyà kanátù,</i><trans> Let us give thanks to God for the blessings He has bestowed on us.
</trans></eg>
</sense></hom></entry></entry>");
INSERT INTO `wced_head` (entryid, head, normalized_head, type, pos) VALUES (5475, "grasyas", "grasyas", "m", "");
INSERT INTO `wced_head` (entryid, head, normalized_head, type, pos) VALUES (5475, "panggrasyas", "panggrasyas", "s", "v");
INSERT INTO `wced_entry` VALUES (5476, "grasyusa", "271", "<entry page=""271"" id=""5476""><form id=""grasyuxsa"" lang=""ceb"">grasyúsa</form>
<hom role=""a""><pos>a</pos>
<sense n=""0""><trans> <tr>graceful</tr> (female). </trans>
</sense></hom>
<hom role=""n""><pos>n</pos>
<sense n=""0""><trans> k.o. soft white bread with a rather flat taste. </trans>
</sense></hom>
<hom role=""v""><pos>v</pos>
<sense n=""0""> <itype>[B25; c1]</itype><trans> be graceful.
</trans>
</sense></hom></entry>");
INSERT INTO `wced_head` (entryid, head, normalized_head, type, pos) VALUES (5476, "grasyúsa", "grasyusa", "m", "anv");
INSERT INTO `wced_translation` (entryid, translation) VALUES (5476, "graceful");
INSERT INTO `wced_entry` VALUES (5477, "grasyusu", "271", "<entry page=""271"" id=""5477""><form id=""grasyuxsu"" lang=""ceb"">grasyúsu</form>
<hom role=""a""><pos>a</pos>
<sense n=""0""><trans> <tr>graceful</tr> (male). </trans>
</sense></hom>
<hom role=""n""><pos>n</pos>
<sense n=""0""><trans> the clown or fool in plays. </trans>
</sense></hom>
<hom role=""v""><pos>v</pos>
<sense n=""0""> <itype>[B25; a]</itype><trans> </trans>
</sense>
<sense n=""1""><number>1</number><trans> be graceful. </trans>
</sense>
<sense n=""2""><number>2</number><trans> be the clown in a play.
</trans>
</sense></hom></entry>");
INSERT INTO `wced_head` (entryid, head, normalized_head, type, pos) VALUES (5477, "grasyúsu", "grasyusu", "m", "anv");
INSERT INTO `wced_translation` (entryid, translation) VALUES (5477, "graceful");
INSERT INTO `wced_entry` VALUES (5478, "gratis", "271", "<entry page=""271"" id=""5478""><form id=""graxtis"" lang=""ceb"">grátis</form>
<hom role=""a""><pos>a</pos>
<sense n=""0""><trans> <tr>free</tr>, <tr>gratis</tr>. </trans>
</sense></hom>
<hom role=""v""><pos>v</pos>
<sense n=""0""> <itype>[c1]</itype><trans> be given away free. </trans>
<eg><i lang=""ceb"">Igrátis (gratísun) níla ang sampul,</i><trans> They are giving the samples away free. †
</trans></eg>
</sense></hom></entry>");
INSERT INTO `wced_head` (entryid, head, normalized_head, type, pos) VALUES (5478, "grátis", "gratis", "m", "av");
INSERT INTO `wced_translation` (entryid, translation) VALUES (5478, "free");
INSERT INTO `wced_translation` (entryid, translation) VALUES (5478, "gratis");
INSERT INTO `wced_entry` VALUES (5479, "grawundid", "271", "<entry page=""271"" id=""5479""><form id=""grawundid"" lang=""ceb"">grawundid</form>
<hom role=""a""><pos>a</pos>
<sense n=""0""><trans> <tr>short-circuited</tr>. </trans>
</sense></hom>
<hom role=""v""><pos>v</pos>
<sense n=""0""> <itype>[B1256]</itype><trans> become short-circuited.
</trans>
</sense></hom></entry>");
INSERT INTO `wced_head` (entryid, head, normalized_head, type, pos) VALUES (5479, "grawundid", "grawundid", "m", "av");
INSERT INTO `wced_translation` (entryid, translation) VALUES (5479, "short-circuited");
INSERT INTO `wced_entry` VALUES (5480, "grawun1", "271", "<entry page=""271"" id=""5480""><form id=""graxwun"" lang=""ceb"">gráwun<sub>1</sub></form>
<hom role=""n""><pos>n</pos>
<sense n=""0""><trans> <tr>grounding</tr> in electrical wiring. </trans>
</sense></hom>
<hom role=""v""><pos>v</pos>
<sense n=""1""><number>1</number> <itype>[B26]</itype><trans> be short-circuited. </trans>
<eg><i lang=""ceb"">Dúnay wayir nga way tabun maung migráwun (nagráwun),</i><trans> Some of the wire is not covered so it got short-circuited. </trans></eg>
</sense>
<sense n=""2""><number>2</number> <itype>[b6]</itype><trans> connect with the ground so as to make the earth part of the circuit. </trans>
<eg><i lang=""ceb"">Grawni arun makusug ang radiyu,</i><trans> Ground it so the radio will come in clear.
</trans></eg>
</sense></hom></entry>");
INSERT INTO `wced_head` (entryid, head, normalized_head, type, pos) VALUES (5480, "gráwun", "grawun", "s", "nv");
INSERT INTO `wced_translation` (entryid, translation) VALUES (5480, "grounding");
INSERT INTO `wced_entry` VALUES (5481, "grawun2", "271", "<entry page=""271"" id=""5481""><form id=""graxwun2"" lang=""ceb"">gráwun<sub>2</sub></form>
<hom role=""n""><pos>n</pos>
<sense n=""0""><trans> area on which a building is put. </trans>
<eg><i lang=""ceb"">Dakù ug gráwun ang Trid Iskul,</i><trans> The Trade School has a large playground.
</trans></eg>
</sense></hom></entry>");
INSERT INTO `wced_head` (entryid, head, normalized_head, type, pos) VALUES (5481, "gráwun", "grawun", "s", "n");
INSERT INTO `wced_entry` VALUES (5482, "grid", "271", "<entry page=""271"" id=""5482""><form id=""grixd"" lang=""ceb"">gríd</form>
<hom role=""n""><pos>n</pos>
<sense n=""0""><trans> grade given in school.
</trans>
</sense></hom></entry>");
INSERT INTO `wced_head` (entryid, head, normalized_head, type, pos) VALUES (5482, "gríd", "grid", "m", "n");
INSERT INTO `wced_entry` VALUES (5483, "gridir", "271", "<entry page=""271"" id=""5483""><form id=""grixdir"" lang=""ceb"">grídir</form>
<hom role=""n""><pos>n</pos>
<sense n=""0""><trans> <tr>road grader</tr>. </trans>
</sense></hom>
<hom role=""v""><pos>v</pos>
<sense n=""0""> <itype>[a12]</itype><trans> go over s.t. with a grader.
</trans>
</sense></hom></entry>");
INSERT INTO `wced_head` (entryid, head, normalized_head, type, pos) VALUES (5483, "grídir", "gridir", "m", "nv");
INSERT INTO `wced_translation` (entryid, translation) VALUES (5483, "road grader");
INSERT INTO `wced_entry` VALUES (5484, "grin", "271", "<entry page=""271"" id=""5484""><form id=""grixn"" lang=""ceb"">grín</form>
<hom role=""a""><pos>a</pos>
<sense n=""1""><number>1</number><trans> <tr>green color</tr>. </trans>
</sense>
<sense n=""2""><number>2</number><trans> lewd talk or story. </trans>
<eg><i lang=""ceb"">Gilamian ku sa íyang isturyang grín,</i><trans> I liked his green stories. </trans></eg>
</sense></hom>
<entry><form id=""grixn_draxgun"" lang=""ceb""><abbr expan=""grín"">—</abbr> drágun</form>
<hom>
<sense n=""0""><trans> <xr lang=""ceb"" target=""#bulbul"">= <sc>bulbul</sc>, <i lang=""ceb"">n2</i>.</xr> </trans>
</sense></hom>
<hom role=""v""><pos>v</pos>
<sense n=""1""><number>1</number> <itype>[BN]</itype><trans> turn green. </trans>
<eg><i lang=""ceb"">Migrín (nagrín, nanggrin) ang mga layang sagbut nga giuwanan,</i><trans> The withered grass turned green after the rain. </trans></eg>
</sense>
<sense n=""2""><number>2</number> <itype>[A; b6]</itype><trans> add green color to s.t. </trans>
<eg><i lang=""ceb"">Grínig gamay ang ímung tabuntábun,</i><trans> Put a little green on your eyelids. </trans></eg>
</sense>
<sense n=""3""><number>3</number> <itype>[A13]</itype><trans> wear green clothes.
</trans>
</sense></hom></entry></entry>");
INSERT INTO `wced_head` (entryid, head, normalized_head, type, pos) VALUES (5484, "grín", "grin", "m", "a");
INSERT INTO `wced_head` (entryid, head, normalized_head, type, pos) VALUES (5484, "grín drágun", "grin dragun", "s", "v");
INSERT INTO `wced_translation` (entryid, translation) VALUES (5484, "green color");
INSERT INTO `wced_entry` VALUES (5485, "grips", "271", "<entry page=""271"" id=""5485""><form id=""grixps"" lang=""ceb"">gríps</form>
<hom role=""n""><pos>n</pos>
<sense n=""0""><trans> <tr>grapes</tr>.
</trans>
</sense></hom></entry>");
INSERT INTO `wced_head` (entryid, head, normalized_head, type, pos) VALUES (5485, "gríps", "grips", "m", "n");
INSERT INTO `wced_translation` (entryid, translation) VALUES (5485, "grapes");
INSERT INTO `wced_entry` VALUES (5486, "gripu", "271", "<entry page=""271"" id=""5486""><form id=""grixpu"" lang=""ceb"">grípu</form>
<hom role=""n""><pos>n</pos>
<sense n=""0""><trans> <tr>faucet</tr>. </trans>
<eg><i lang=""ceb"">Way túbig ang grípu,</i><trans> There’s no water (lit. in the faucet).
</trans></eg>
</sense></hom></entry>");
INSERT INTO `wced_head` (entryid, head, normalized_head, type, pos) VALUES (5486, "grípu", "gripu", "m", "n");
INSERT INTO `wced_translation` (entryid, translation) VALUES (5486, "faucet");
INSERT INTO `wced_entry` VALUES (5487, "gris, gris", "271", "<entry page=""271"" id=""5487""><form id=""gris_grixs"" lang=""ceb"">gris, grís</form>
<hom role=""n""><pos>n</pos>
<sense n=""0""><trans> a coarse cotton cloth which is plain woven and with a gray color. </trans>
</sense></hom>
<hom role=""v""><pos>v</pos>
<sense n=""0""> <itype>[A13]</itype><trans> wear <ix>grís</ix>.
</trans>
</sense></hom></entry>");
INSERT INTO `wced_head` (entryid, head, normalized_head, type, pos) VALUES (5487, "gris", "gris", "s", "nv");
INSERT INTO `wced_head` (entryid, head, normalized_head, type, pos) VALUES (5487, "grís", "gris", "s", "nv");
INSERT INTO `wced_entry` VALUES (5488, "grispul", "271", "<entry page=""271"" id=""5488""><form id=""grispul"" lang=""ceb"">grispul</form>
<hom role=""a""><pos>a</pos>
<sense n=""0""><trans> <tr>graceful</tr> in movement. </trans>
<eg><i lang=""ceb"">Grispul siyang misáyaw,</i><trans> She danced gracefully. </trans></eg>
</sense></hom>
<hom role=""v""><pos>v</pos>
<sense n=""0""> <itype>[B12; c1]</itype><trans> be, do s.t. gracefully.
</trans>
</sense></hom></entry>");
INSERT INTO `wced_head` (entryid, head, normalized_head, type, pos) VALUES (5488, "grispul", "grispul", "m", "av");
INSERT INTO `wced_translation` (entryid, translation) VALUES (5488, "graceful");
INSERT INTO `wced_entry` VALUES (5489, "grumiti", "271", "<entry page=""271"" id=""5489""><form id=""grumixti"" lang=""ceb"">grumíti</form>
<hom role=""n""><pos>n</pos>
<sense n=""1""><number>1</number><trans> <tr>crew of a ship</tr>. </trans>
</sense>
<sense n=""2""><number>2</number><trans> member of a ship’s crew. </trans>
</sense></hom>
<hom role=""v""><pos>v</pos>
<sense n=""0""> <itype>[B16; c1]</itype><trans> become a member of a ship’s crew.
</trans>
</sense></hom></entry>");
INSERT INTO `wced_head` (entryid, head, normalized_head, type, pos) VALUES (5489, "grumíti", "grumiti", "m", "nv");
INSERT INTO `wced_translation` (entryid, translation) VALUES (5489, "crew of a ship");
INSERT INTO `wced_entry` VALUES (5490, "grupu", "271", "<entry page=""271"" id=""5490""><form id=""gruxpu"" lang=""ceb"">grúpu</form>
<hom role=""n""><pos>n</pos>
<sense n=""0""><trans> <tr>group</tr>. </trans>
</sense></hom>
<hom role=""v""><pos>v</pos>
<sense n=""0""> <itype>[AC; ac3]</itype><trans> form, be a group. </trans>
<eg><i lang=""ceb"">Makiggrúpu ta níla arun madaghan ta,</i><trans> Let’s have them in the group so there will be lots of us. </trans></eg>
<eg><i lang=""ceb"">Grupúha ang mga bátag pakan-a,</i><trans> Group the kids and feed them. </trans></eg>
<eg><i lang=""ceb"">Maáyu siyang ikagrúpu kay aligrihun,</i><trans> It’s good to have him in the group because he is jolly. </trans></eg>
</sense></hom>
<entry><form id=""grupugruxpu"" lang=""ceb"">grupugrúpu</form>
<hom role=""v""><pos>v</pos>
<sense n=""1""><number>1</number> <itype>[C; a]</itype><trans> form into groups. </trans>
</sense>
<sense n=""2""><number>2</number> <itype>[AC; b(1)]</itype><trans> play <ix>grupugrúpu</ix>. </trans>
</sense></hom>
<hom role=""n""><pos>n</pos>
<sense n=""0""><trans> game of hide and seek played by several teams, wherein a whole team is ‘it’ and all the members of a team must come in free. </trans>
</sense></hom></entry>
<entry><form id=""kagruxpu"" lang=""ceb""><abbr expan=""kagrúpu"">ka-</abbr></form>
<hom role=""n""><pos>n</pos>
<sense n=""0""><trans> fellow group member.
</trans>
</sense></hom></entry></entry>");
INSERT INTO `wced_head` (entryid, head, normalized_head, type, pos) VALUES (5490, "grúpu", "grupu", "m", "nv");
INSERT INTO `wced_head` (entryid, head, normalized_head, type, pos) VALUES (5490, "grupugrúpu", "grupugrupu", "s", "vn");
INSERT INTO `wced_head` (entryid, head, normalized_head, type, pos) VALUES (5490, "kagrúpu", "kagrupu", "s", "n");
INSERT INTO `wced_translation` (entryid, translation) VALUES (5490, "group");
INSERT INTO `wced_entry` VALUES (5491, "grusiri", "271", "<entry page=""271"" id=""5491""><form id=""grusiri"" lang=""ceb"">grusiri</form>
<hom role=""n""><pos>n</pos>
<sense n=""0""><trans> <tr>grocery store</tr>. </trans>
</sense></hom>
<hom role=""v""><pos>v</pos>
<sense n=""0""> <itype>[A; c1]</itype><trans> make, operate a grocery store.
</trans>
</sense></hom></entry>");
INSERT INTO `wced_head` (entryid, head, normalized_head, type, pos) VALUES (5491, "grusiri", "grusiri", "m", "nv");
INSERT INTO `wced_translation` (entryid, translation) VALUES (5491, "grocery store");
INSERT INTO `wced_entry` VALUES (5492, "grusiriya", "271", "<entry page=""271"" id=""5492""><form id=""grusirixya"" lang=""ceb"">grusiríya</form>
<hom>
<sense n=""0""><trans> <xr lang=""ceb"" target=""#grusiri"">= <sc>grusiri</sc>.</xr>
</trans>
</sense></hom></entry>");
INSERT INTO `wced_head` (entryid, head, normalized_head, type, pos) VALUES (5492, "grusiríya", "grusiriya", "m", "");
INSERT INTO `wced_entry` VALUES (5493, "grutu", "271", "<entry page=""271"" id=""5493""><form id=""gruxtu"" lang=""ceb"">grútu</form>
<hom role=""n""><pos>n</pos>
<sense n=""0""><trans> <tr>grotto</tr> where a saint’s statue is placed. </trans>
</sense></hom>
<hom role=""v""><pos>v</pos>
<sense n=""0""> <itype>[A13; a2]</itype><trans> make a grotto.
</trans>
</sense></hom></entry>");
INSERT INTO `wced_head` (entryid, head, normalized_head, type, pos) VALUES (5493, "grútu", "grutu", "m", "nv");
INSERT INTO `wced_translation` (entryid, translation) VALUES (5493, "grotto");
INSERT INTO `wced_entry` VALUES (5494, "gu", "271", "<entry page=""271"" id=""5494""><form id=""gu"" lang=""ceb"">gu</form>
<hom>
<sense n=""0""><trans> <xr lang=""ceb"" target=""#marts""><ix>see</ix> <sc>marts</sc>.</xr>
</trans>
</sense></hom></entry>");
INSERT INTO `wced_head` (entryid, head, normalized_head, type, pos) VALUES (5494, "gu", "gu", "m", "");
INSERT INTO `wced_entry` VALUES (5495, "gu", "271", "<entry page=""271"" id=""5495""><form id=""gux"" lang=""ceb"">gú</form>
<hom role=""n""><pos>n</pos>
<sense n=""0""><trans> green traffic light. </trans>
</sense></hom>
<entry><form id=""gux_signal"" lang=""ceb""><abbr expan=""gú"">—</abbr> signal</form>
<hom role=""n""><pos>n</pos>
<sense n=""0""><trans> <tr>green light</tr> in traffic, sign permitting s.o. to proceed doing s.t. </trans>
<eg><i lang=""ceb"">Dì pa mabaligyag wà pay gú signal,</i><trans> We can’t sell it if we don’t get the go-signal. </trans></eg>
</sense></hom>
<hom role=""v""><pos>v</pos>
<sense n=""0""> <itype>[B236]</itype><trans> for the go-signal to be given to vehicles. </trans>
<eg><i lang=""ceb"">Wà pa gánì magú (mugú) nanglábay na ang mga trák,</i><trans> It isn’t even the green light yet and the trucks have started.
</trans></eg>
</sense></hom></entry></entry>");
INSERT INTO `wced_head` (entryid, head, normalized_head, type, pos) VALUES (5495, "gú", "gu", "m", "n");
INSERT INTO `wced_head` (entryid, head, normalized_head, type, pos) VALUES (5495, "gú signal", "gu signal", "s", "nv");
INSERT INTO `wced_translation` (entryid, translation) VALUES (5495, "green light");
INSERT INTO `wced_entry` VALUES (5496, "guang", "271", "<entry page=""271"" id=""5496""><form id=""guang"" lang=""ceb"">guang</form>
<hom role=""n""><pos>n</pos>
<sense n=""0""><trans> large clod, usually in a plowed field.
</trans>
</sense></hom></entry>");
INSERT INTO `wced_head` (entryid, head, normalized_head, type, pos) VALUES (5496, "guang", "guang", "m", "n");
INSERT INTO `wced_entry` VALUES (5497, "gub.", "271", "<entry page=""271"" id=""5497""><form id=""gub."" lang=""ceb"">gub.</form>
<hom>
<sense n=""0""><trans> abbreviation for <ix>Gubirnadur</ix> ‘governor’.
</trans>
</sense></hom></entry>");
INSERT INTO `wced_head` (entryid, head, normalized_head, type, pos) VALUES (5497, "gub.", "gub.", "m", "");
INSERT INTO `wced_entry` VALUES (5498, "gub", "271", "<entry page=""271"" id=""5498""><form id=""guxb"" lang=""ceb"">gúb</form>
<hom>
<sense n=""0""><trans> <xr lang=""ceb"" target=""#gulub"">= <sc>gulub</sc>.</xr>
</trans>
</sense></hom></entry>");
INSERT INTO `wced_head` (entryid, head, normalized_head, type, pos) VALUES (5498, "gúb", "gub", "m", "");
INSERT INTO `wced_entry` VALUES (5499, "guba", "271", "<entry page=""271"" id=""5499""><form id=""guba"" lang=""ceb"">guba</form>
<hom role=""v""><pos>v</pos>
<sense n=""0""> <itype>[b(1)]</itype><trans> swarm over s.t. to consume it. </trans>
<eg><i lang=""ceb"">Gigubhan sa mga manuk ang binlad,</i><trans> The chickens swarmed over the rice being dried. </trans></eg>
<eg><i lang=""ceb"">Gigubhan sa mga bisíta ang litsun,</i><trans> The visitors swarmed over the roast pig.
</trans></eg>
</sense></hom></entry>");
INSERT INTO `wced_head` (entryid, head, normalized_head, type, pos) VALUES (5499, "guba", "guba", "m", "v");
INSERT INTO `wced_entry` VALUES (5500, "guba", "271", "<entry page=""271"" id=""5500""><form id=""gubaq"" lang=""ceb"">gubà</form>
<hom role=""v""><pos>v</pos>
<sense n=""0""> <itype>[A3P; a1]</itype><trans> </trans>
</sense>
<sense n=""1""><number>1</number><trans> destroy, wreck, put out of order. </trans>
<eg><i lang=""ceb"">Ang tambuk naggubà sa ímung pigúra,</i><trans> Fat is ruining your figure. </trans></eg>
<eg><i lang=""ceb"">Nagkagubà ang báy nga wà puy-i,</i><trans> The house is getting dilapidated because it hasn’t been occupied. </trans></eg>
<eg><i lang=""ceb"">Gub-a ang payag,</i><trans> Tear the hut down. </trans></eg>
</sense>
<sense n=""2""><number>2</number><trans> ruin plans, life, and the like. </trans>
<eg><i lang=""ceb"">Nagubà ang ákung plánung madátù,</i><trans> My dream to become rich was ruined. </trans></eg>
</sense>
<sense n=""3""><number>3</number> <form id=""gubaq_ang_nawung"" lang=""ceb""><abbr expan=""gubà"">—</abbr> ang nawung</form><trans> <itype>[B126]</itype> <tr>grimace</tr>. </trans>
<eg><i lang=""ceb"">Nagubà ang íyang náwung mu rag nakakaug aslum,</i><trans> He grimaced as though he had eaten s.t. sour. </trans></eg>
</sense>
<sense n=""4""><number>4</number> <itype>[A; a12]</itype><trans> cultivate virgin land. </trans>
<eg><i lang=""ceb"">Ang ákung mga apuhan mauy únang migubà íning yutáa,</i><trans> My ancestors were the first to cultivate this land. </trans></eg>
</sense></hom>
<hom role=""n""><pos>n</pos>
<sense n=""0""><trans> damage done, mechanical defect. </trans>
<eg><i lang=""ceb"">Dakug gubà ang kutsi maung giubirhǔl,</i><trans> The car sustained heavy damage so it was overhauled. </trans></eg>
</sense></hom>
<hom role=""a""><pos>a</pos>
<sense n=""0""><trans> damaged, broken down, dilapidated. </trans>
<eg><i lang=""ceb"">Gubà ang tulay,</i><trans> The bridge is out of order. </trans></eg>
</sense></hom>
<entry><form id=""ginubaq"" lang=""ceb""><abbr expan=""ginubà"">-in-</abbr></form>
<hom role=""n""><pos>n</pos>
<sense n=""0""><trans> pieces of materials from s.t. demolished. </trans>
</sense></hom></entry>
<entry><form id=""magubaxun"" lang=""ceb""><abbr expan=""magubáun"">ma-un(←)</abbr></form>
<hom role=""a""><pos>a</pos>
<sense n=""0""><trans> <tr>destructive</tr>. </trans>
</sense></hom></entry>
<entry><form id=""gubaxun"" lang=""ceb""><abbr expan=""gubáun"">-un</abbr></form>
<hom role=""a""><pos>a</pos>
<sense n=""0""><trans> of a broken-down, dilapidated sort.
<pb n=""272""/>
</trans>
</sense></hom></entry></entry>");
INSERT INTO `wced_head` (entryid, head, normalized_head, type, pos) VALUES (5500, "gubà", "guba", "m", "vna");
INSERT INTO `wced_head` (entryid, head, normalized_head, type, pos) VALUES (5500, "gubà ang nawung", "guba ang nawung", "s", "");
INSERT INTO `wced_head` (entryid, head, normalized_head, type, pos) VALUES (5500, "ginubà", "ginuba", "s", "n");
INSERT INTO `wced_head` (entryid, head, normalized_head, type, pos) VALUES (5500, "magubáun", "magubaun", "s", "a");
INSERT INTO `wced_head` (entryid, head, normalized_head, type, pos) VALUES (5500, "gubáun", "gubaun", "s", "a");
INSERT INTO `wced_translation` (entryid, translation) VALUES (5500, "grimace");
INSERT INTO `wced_translation` (entryid, translation) VALUES (5500, "destructive");
INSERT INTO `wced_entry` VALUES (5501, "gubaguba", "272", "<entry page=""272"" id=""5501""><form id=""gubaqgubaq"" lang=""ceb"">gubàgubà</form>
<hom role=""v""><pos>v</pos>
<sense n=""0""><trans> vase shells, k.o. small univalves with rough, grey exteriors, furnishing edible meat.
</trans>
</sense></hom></entry>");
INSERT INTO `wced_head` (entryid, head, normalized_head, type, pos) VALUES (5501, "gubàgubà", "gubaguba", "m", "v");
INSERT INTO `wced_entry` VALUES (5502, "gubana", "272", "<entry page=""272"" id=""5502""><form id=""gubana"" lang=""ceb"">gubana</form>
<hom>
<sense n=""0""><trans> <xr lang=""ceb"" target=""#gwayabanu"">= <sc>gwayabanu</sc>.</xr>
</trans>
</sense></hom></entry>");
INSERT INTO `wced_head` (entryid, head, normalized_head, type, pos) VALUES (5502, "gubana", "gubana", "m", "");
INSERT INTO `wced_entry` VALUES (5503, "gubat", "272", "<entry page=""272"" id=""5503""><form id=""guxbat"" lang=""ceb"">gúbat</form>
<hom role=""n""><pos>n</pos>
<sense n=""1""><number>1</number><trans> <tr>war</tr>. </trans>
</sense>
<sense n=""2""><number>2</number><trans> trivial matter talked about in a conversation that is supposed to be important. </trans>
<eg><i lang=""ceb"">Unsáun níya pag-amural nga gúbat may giisturyáhan,</i><trans> How could he proceed with his courtship when she kept talking about everything but what he was trying to get at. </trans></eg>
</sense></hom>
<entry><form id=""guxbat_pataxniq"" lang=""ceb""><abbr expan=""gúbat"">—</abbr> patánì</form>
<hom>
<sense n=""0""><trans> <tr>civil war</tr>. </trans>
</sense></hom>
<hom role=""v""><pos>v</pos>
<sense n=""1""><number>1</number> <itype>[C2; c]</itype><trans> be at war. </trans>
<eg><i lang=""ceb"">Naggúbat ang duha ka násud,</i><trans> The two nations are at war. </trans></eg>
</sense>
<sense n=""2""><number>2</number> <itype>[a2]</itype><trans> fight over s.t. </trans>
<eg><i lang=""ceb"">Dílì kinahanglan gubátun ang Matsug Kimuy,</i><trans> There’s no need to go to war over Matsu and Quemoy. </trans></eg>
</sense></hom></entry>
<entry><form id=""mangguguxbat"" lang=""ceb""><abbr expan=""manggugúbat"">maN-r-</abbr></form>
<hom role=""n""><pos>n</pos>
<sense n=""0""><trans> <tr>warrior</tr>, <tr>combatant</tr>. </trans>
</sense></hom></entry>
<entry><form id=""panggubatan"" lang=""ceb""><abbr expan=""panggubatan"">paN-an</abbr></form>
<hom role=""n""><pos>n</pos>
<sense n=""0""><trans> <tr>battlefield</tr>.
</trans>
</sense></hom></entry></entry>");
INSERT INTO `wced_head` (entryid, head, normalized_head, type, pos) VALUES (5503, "gúbat", "gubat", "m", "n");
INSERT INTO `wced_head` (entryid, head, normalized_head, type, pos) VALUES (5503, "gúbat patánì", "gubat patani", "s", "v");
INSERT INTO `wced_head` (entryid, head, normalized_head, type, pos) VALUES (5503, "manggugúbat", "manggugubat", "s", "n");
INSERT INTO `wced_head` (entryid, head, normalized_head, type, pos) VALUES (5503, "panggubatan", "panggubatan", "s", "n");
INSERT INTO `wced_translation` (entryid, translation) VALUES (5503, "war");
INSERT INTO `wced_translation` (entryid, translation) VALUES (5503, "civil war");
INSERT INTO `wced_translation` (entryid, translation) VALUES (5503, "warrior");
INSERT INTO `wced_translation` (entryid, translation) VALUES (5503, "combatant");
INSERT INTO `wced_translation` (entryid, translation) VALUES (5503, "battlefield");
INSERT INTO `wced_entry` VALUES (5504, "gubhay", "272", "<entry page=""272"" id=""5504""><form id=""gubhay"" lang=""ceb"">gubhay</form>
<hom role=""n""><pos>n</pos>
<sense n=""1""><number>1</number><trans> a strand of hair. </trans>
</sense>
<sense n=""2""><number>2</number><trans> the warp threads in weaving.
</trans>
</sense></hom></entry>");
INSERT INTO `wced_head` (entryid, head, normalized_head, type, pos) VALUES (5504, "gubhay", "gubhay", "m", "n");
INSERT INTO `wced_entry` VALUES (5505, "gubin", "272", "<entry page=""272"" id=""5505""><form id=""gubin"" lang=""ceb"">gubin</form>
<hom role=""n""><pos>n</pos>
<sense n=""0""><trans> encumbrance, annoyance, s.t. that takes one’s attention away from one’s purpose. </trans>
<eg><i lang=""ceb"">Wà silay gubin kay way anak,</i><trans> They don’t have problems because they have no children. </trans></eg>
</sense></hom>
<hom role=""v""><pos>v</pos>
<sense n=""0""> <itype>[A; a2]</itype><trans> be an encumbrance, annoyance. </trans>
<eg><i lang=""ceb"">Ayaw dad-a ang bátà kay magubin ka unyà,</i><trans> Don’t take the children because they will encumber you. </trans></eg>
<eg><i lang=""ceb"">Wà ku gubini sa ímung pag-istar,</i><trans> I don’t consider your visit an annoyance.
</trans></eg>
</sense></hom></entry>");
INSERT INTO `wced_head` (entryid, head, normalized_head, type, pos) VALUES (5505, "gubin", "gubin", "m", "nv");
INSERT INTO `wced_entry` VALUES (5506, "gubirnadur", "272", "<entry page=""272"" id=""5506""><form id=""gubirnadur"" lang=""ceb"">gubirnadur</form>
<hom role=""n""><pos>n</pos>
<sense n=""0""><trans> <tr>governor</tr>. </trans>
</sense></hom>
<hom role=""v""><pos>v</pos>
<sense n=""0""> <itype>[B156; a2b3]</itype><trans> be, make a governor. </trans>
<eg><i lang=""ceb"">Siyay átung gubirnadurun kay maáyung táwu,</i><trans> We’ll make him governor because he’s a good man. </trans></eg>
<eg><i lang=""ceb"">Pangwarta mauy íyang gigubirnaduran,</i><trans> He ran for governor to make money. </trans></eg>
</sense></hom>
<entry><form id=""gubirnadurixya"" lang=""ceb""><abbr expan=""gubirnaduríya"">-íya</abbr></form>
<hom role=""n""><pos>n</pos>
<sense n=""0""><trans> <tr>governorship</tr>, <tr>office of the governor</tr>.
</trans>
</sense></hom></entry></entry>");
INSERT INTO `wced_head` (entryid, head, normalized_head, type, pos) VALUES (5506, "gubirnadur", "gubirnadur", "m", "nv");
INSERT INTO `wced_head` (entryid, head, normalized_head, type, pos) VALUES (5506, "gubirnaduríya", "gubirnaduriya", "s", "n");
INSERT INTO `wced_translation` (entryid, translation) VALUES (5506, "governor");
INSERT INTO `wced_translation` (entryid, translation) VALUES (5506, "governorship");
INSERT INTO `wced_translation` (entryid, translation) VALUES (5506, "office of the governor");
INSERT INTO `wced_entry` VALUES (5507, "gubirnu", "272", "<entry page=""272"" id=""5507""><form id=""gubirnu"" lang=""ceb"">gubirnu</form>
<hom role=""n""><pos>n</pos>
<sense n=""0""><trans> <tr>government</tr>. </trans>
</sense></hom>
<entry><form id=""gubirnu_militar"" lang=""ceb""><abbr expan=""gubirnu"">—</abbr> militar</form>
<hom role=""n""><pos>n</pos>
<sense n=""0""><trans> <tr>military government</tr>.
</trans>
</sense></hom></entry></entry>");
INSERT INTO `wced_head` (entryid, head, normalized_head, type, pos) VALUES (5507, "gubirnu", "gubirnu", "m", "n");
INSERT INTO `wced_head` (entryid, head, normalized_head, type, pos) VALUES (5507, "gubirnu militar", "gubirnu militar", "s", "n");
INSERT INTO `wced_translation` (entryid, translation) VALUES (5507, "government");
INSERT INTO `wced_translation` (entryid, translation) VALUES (5507, "military government");
INSERT INTO `wced_entry` VALUES (5508, "gubirnur", "272", "<entry page=""272"" id=""5508""><form id=""gubirnur"" lang=""ceb"">gubirnur</form>
<hom>
<sense n=""0""><trans> <xr lang=""ceb"" target=""#=_gubirnadur""><sc>= gubirnadur</sc>.</xr>
</trans>
</sense></hom></entry>");
INSERT INTO `wced_head` (entryid, head, normalized_head, type, pos) VALUES (5508, "gubirnur", "gubirnur", "m", "");
INSERT INTO `wced_entry` VALUES (5509, "gubuk", "272", "<entry page=""272"" id=""5509""><form id=""guxbuk"" lang=""ceb"">gúbuk</form>
<hom role=""n""><pos>n</pos>
<sense n=""0""><trans> fat of beef or carabao meat.
</trans>
</sense></hom></entry>");
INSERT INTO `wced_head` (entryid, head, normalized_head, type, pos) VALUES (5509, "gúbuk", "gubuk", "m", "n");
INSERT INTO `wced_entry` VALUES (5510, "gubul", "272", "<entry page=""272"" id=""5510""><form id=""guxbul"" lang=""ceb"">gúbul</form>
<hom role=""v""><pos>v</pos>
<sense n=""0""> <itype>[A; b3c]</itype><trans> <tr>grumble</tr>, <tr>complain</tr> under one’s breath. </trans>
<eg><i lang=""ceb"">Ayawg igúbul sa manidyir ang nahitabù,</i><trans> Don’t go complaining to the manager about what happened. </trans></eg>
</sense></hom>
<hom role=""n""><pos>n</pos>
<sense n=""0""><trans> grumbling or grumbling sounds.
</trans>
</sense></hom></entry>");
INSERT INTO `wced_head` (entryid, head, normalized_head, type, pos) VALUES (5510, "gúbul", "gubul", "m", "vn");
INSERT INTO `wced_translation` (entryid, translation) VALUES (5510, "grumble");
INSERT INTO `wced_translation` (entryid, translation) VALUES (5510, "complain");
INSERT INTO `wced_entry` VALUES (5511, "gubut", "272", "<entry page=""272"" id=""5511""><form id=""gubut"" lang=""ceb"">gubut</form>
<hom role=""a""><pos>a</pos>
<sense n=""1""><number>1</number><trans> <tr>tangled</tr>. </trans>
<eg><i lang=""ceb"">Gubut ang íyang buhuk nga gitís,</i><trans> Her hair was all tangled because it had been teased. </trans></eg>
</sense>
<sense n=""2""><number>2</number><trans> <tr>disorderly</tr>, <tr>topsy-turvy</tr>. </trans>
<eg><i lang=""ceb"">Panghípus kay gubut ang kwartu,</i><trans> Straighten out your room because it’s all in disorder. </trans></eg>
</sense>
<sense n=""3""><number>3</number><trans> full of trouble and ill feeling. </trans>
<eg><i lang=""ceb"">Gubut ang ílang panimuyù kay way pagsinabtanay,</i><trans> Their family life is full of trouble because there’s no understanding. </trans></eg>
</sense></hom>
<entry><form id=""gubut_ang_hunaqhuxnaq"" lang=""ceb""><abbr expan=""gubut"">—</abbr> ang hunàhúnà</form>
<hom>
<sense n=""0""><trans> <tr>troubled</tr>, confused mind. </trans>
<eg><i lang=""ceb"">Dì ku mahinultul kay gubut ang ákung <corr sic=""hunáhúnà"">hunàhúnà</corr>,</i><trans> I don’t know what to do because my mind is confused and troubled. </trans></eg>
</sense></hom></entry>
<entry><form id=""gubut_ug_paxlad"" lang=""ceb""><abbr expan=""gubut"">—</abbr> ug pálad</form>
<hom>
<sense n=""0""><trans> for a woman to have her life bothered by too many suitors. (Lit. Having palms with lines criss-crossing each other in a disorderly way.) </trans>
</sense></hom>
<hom role=""n""><pos>n</pos>
<sense n=""0""><trans> trouble, discord. </trans>
<eg><i lang=""ceb"">Arun way gubut angáyun mug hátag,</i><trans> So there won’t be any trouble each of you will be given an equal share. </trans></eg>
</sense></hom>
<hom role=""v""><pos>v</pos>
<sense n=""0""> <itype>[A3P; a1]</itype><trans> </trans>
</sense>
<sense n=""1""><number>1</number><trans> <tr>entangle</tr>, be tangled up. </trans>
<eg><i lang=""ceb"">Ayaw gubta ang iskuhídu kay dúgay husáyun,</i><trans> Do not tangle up the fine abaca fiber because it takes time to comb it out. </trans></eg>
</sense>
<sense n=""2""><number>2</number><trans> put into disorder. </trans>
<eg><i lang=""ceb"">Nagubut ang balay kay nagdúlà ang mga bátà,</i><trans> The house is in a mess because the children were playing in it. </trans></eg>
</sense>
<sense n=""3""><number>3</number> <itype>[A3P; ab3(1)]</itype><trans> create trouble among several people. </trans>
<eg><i lang=""ceb"">Gubta ang ílang míting arun maundang,</i><trans> Make trouble in their meeting so it will break up. </trans></eg>
<eg><i lang=""ceb"">Ang pirmi nílang kagubtan mau ang kwarta,</i><trans> Money is what they always quarrel about. </trans></eg>
<eg><i lang=""ceb"">Gisalída na ang gikagubtang sini nga law-ay,</i><trans> They are showing the obscene film that was the cause of so much controversy. </trans></eg>
</sense></hom></entry>
<entry><form id=""guxbut"" lang=""ceb""><abbr expan=""gúbut"">(←)</abbr></form>
<hom role=""v""><pos>v</pos>
<sense n=""0""> <itype>[B145]</itype><trans> be in utter confusion. </trans>
<eg><i lang=""ceb"">Naggubut ang ákung hunàhúnà tungud sa ámung panagbángì,</i><trans> My mind is troubled because of our quarrel. </trans></eg>
<eg><i lang=""ceb"">Nagkagúbut ang hílu,</i><trans> The thread is completely tangled up. </trans></eg>
</sense></hom>
<hom role=""n""><pos>n</pos>
<sense n=""0""><trans> commotion due to a fight. </trans>
<eg><i lang=""ceb"">Nanambù mi arun pagtan-aw sa gúbut,</i><trans> We looked out of the window to watch the commotion. </trans></eg>
</sense></hom></entry>
<entry><form id=""gubutguxbut"" lang=""ceb"">gubutgúbut</form>
<hom role=""n""><pos>n</pos>
<sense n=""0""><trans> <tr>squabbles</tr>, <tr>fights</tr> over s.t. trivial. </trans>
</sense></hom>
<hom role=""v""><pos>v</pos>
<sense n=""0""> <itype>[C3]</itype><trans> for there to be squabbles or fights over s.t. trivial. </trans>
<eg><i lang=""ceb"">Ug maggubutgúbut ang míting,</i><trans> If there are squabbles in the meeting. </trans></eg>
</sense></hom></entry>
<entry><form id=""kaguxbut"" lang=""ceb""><abbr expan=""kagúbut"">ka-(←)</abbr></form>
<hom role=""n""><pos>n</pos>
<sense n=""1""><number>1</number><trans> <tr>troubled</tr>, <tr>confused state</tr>. </trans>
</sense>
<sense n=""2""><number>2</number><trans> major hostilities such as war, revolution. </trans>
<eg><i lang=""ceb"">Namakwit mi panahun sa kagúbut,</i><trans> We evacuated during the war. </trans></eg>
</sense></hom></entry>
<entry><form id=""magubtaxnun"" lang=""ceb"">magubtánun</form>
<hom role=""a""><pos>a</pos>
<sense n=""1""><number>1</number><trans> full of disorder. </trans>
</sense>
<sense n=""2""><number>2</number><trans> bring disorder. </trans>
</sense></hom></entry>
<entry><form id=""manggugubut"" lang=""ceb""><abbr expan=""manggugubut"">maN-r-</abbr></form>
<hom role=""a""><pos>a</pos>
<sense n=""0""><trans> <tr>troublemaker</tr>, disturber of the peace.
</trans>
</sense></hom></entry></entry>");
INSERT INTO `wced_head` (entryid, head, normalized_head, type, pos) VALUES (5511, "gubut", "gubut", "m", "a");
INSERT INTO `wced_head` (entryid, head, normalized_head, type, pos) VALUES (5511, "gubut ang hunàhúnà", "gubut ang hunahuna", "s", "");
INSERT INTO `wced_head` (entryid, head, normalized_head, type, pos) VALUES (5511, "gubut ug pálad", "gubut ug palad", "s", "nv");
INSERT INTO `wced_head` (entryid, head, normalized_head, type, pos) VALUES (5511, "gúbut", "gubut", "s", "vn");
INSERT INTO `wced_head` (entryid, head, normalized_head, type, pos) VALUES (5511, "gubutgúbut", "gubutgubut", "s", "nv");
INSERT INTO `wced_head` (entryid, head, normalized_head, type, pos) VALUES (5511, "kagúbut", "kagubut", "s", "n");
INSERT INTO `wced_head` (entryid, head, normalized_head, type, pos) VALUES (5511, "magubtánun", "magubtanun", "s", "a");
INSERT INTO `wced_head` (entryid, head, normalized_head, type, pos) VALUES (5511, "manggugubut", "manggugubut", "s", "a");
INSERT INTO `wced_translation` (entryid, translation) VALUES (5511, "tangled");
INSERT INTO `wced_translation` (entryid, translation) VALUES (5511, "disorderly");
INSERT INTO `wced_translation` (entryid, translation) VALUES (5511, "topsy-turvy");
INSERT INTO `wced_translation` (entryid, translation) VALUES (5511, "troubled");
INSERT INTO `wced_translation` (entryid, translation) VALUES (5511, "entangle");
INSERT INTO `wced_translation` (entryid, translation) VALUES (5511, "squabbles");
INSERT INTO `wced_translation` (entryid, translation) VALUES (5511, "fights");
INSERT INTO `wced_translation` (entryid, translation) VALUES (5511, "confused state");
INSERT INTO `wced_translation` (entryid, translation) VALUES (5511, "troublemaker");
INSERT INTO `wced_entry` VALUES (5512, "gubyirnu", "272", "<entry page=""272"" id=""5512""><form id=""gubyirnu"" lang=""ceb"">gubyirnu</form>
<hom>
<sense n=""0""><trans> <xr lang=""ceb"" target=""#gubirnu"">= <sc>gubirnu</sc>.</xr>
</trans>
</sense></hom></entry>");
INSERT INTO `wced_head` (entryid, head, normalized_head, type, pos) VALUES (5512, "gubyirnu", "gubyirnu", "m", "");
INSERT INTO `wced_entry` VALUES (5513, "gud1", "272", "<entry page=""272"" id=""5513""><form id=""gud"" lang=""ceb"">gud<sub>1</sub></form>
<hom>
<sense n=""0""><trans> short for <xr lang=""ceb"" target=""#ugud""><sc>ugud</sc>.</xr>
</trans>
</sense></hom></entry>");
INSERT INTO `wced_head` (entryid, head, normalized_head, type, pos) VALUES (5513, "gud", "gud", "s", "");
INSERT INTO `wced_entry` VALUES (5514, "*gud2", "272", "<entry page=""272"" id=""5514""><form id=""xxgud2"" lang=""ceb"">*gud<sub>2</sub></form>
<entry><form id=""gud_syaxt_gud_nayit"" lang=""ceb""><abbr expan=""gud"">—</abbr> syát, <abbr expan=""gud nayit"">nayit</abbr></form>
<hom>
<sense n=""0""><trans> good shot, good night. <xr lang=""ceb"" target=""#maxni""><ix>see also</ix> <sc>máni</sc>.</xr>
</trans>
</sense></hom></entry></entry>");
INSERT INTO `wced_head` (entryid, head, normalized_head, type, pos) VALUES (5514, "gud", "gud", "s", "");
INSERT INTO `wced_head` (entryid, head, normalized_head, type, pos) VALUES (5514, "gud syát", "gud syat", "s", "");
INSERT INTO `wced_head` (entryid, head, normalized_head, type, pos) VALUES (5514, "gud nayit", "gud nayit", "s", "");
INSERT INTO `wced_entry` VALUES (5515, "gugma", "272", "<entry page=""272"" id=""5515""><form id=""gugma"" lang=""ceb"">gugma</form>
<hom role=""n""><pos>n</pos>
<sense n=""0""><trans> love. </trans>
<eg><i lang=""ceb"">Krás lang nà dì gugma,</i><trans> That’s not love. That’s just a crush. </trans></eg>
<eg><i lang=""ceb"">Gugma sa inahan,</i><trans> A mother’s love. </trans></eg>
<eg><i lang=""ceb"">Dakù ang gugma níya sa pagpangabáyù,</i><trans> He has a great love for horseback riding. </trans></eg>
</sense></hom>
<entry><form id=""higugma_hagugma"" lang=""ceb""><abbr expan=""higugma"">hi-</abbr>/<abbr expan=""hagugma"">ha-</abbr></form>
<hom role=""v""><pos>v</pos>
<sense n=""1""><number>1</number> <itype>[B123; a12]</itype><trans> love s.o. </trans>
<eg><i lang=""ceb"">Makahigugma kahà kag disgrasyáda?</i><trans> Can you love a girl that is no longer a virgin? </trans></eg>
<eg><i lang=""ceb"">Higugmáun ku ikaw kanúnay,</i><trans> I will love you always. </trans></eg>
</sense>
<sense n=""2""><number>2</number><trans> like s.t. </trans>
<eg><i lang=""ceb"">Mahigugma kung mukáun ug úbas,</i><trans> I love to eat grapes. </trans></eg>
</sense>
<sense n=""3""><number>3</number> <itype>[a3b8]</itype><trans> learn to love s.o. </trans>
<eg><i lang=""ceb"">Sa nadúgay nahagugma ra siya nákù,</i><trans> As time went on, she learned to love me. </trans></eg>
<eg><i lang=""ceb"">Ang íyang dagway mahagugmaan lámang sa inahan,</i><trans> Only a mother <pb n=""273""/>could love that face. </trans></eg>
</sense></hom></entry>
<entry><form id=""higugmaay_hinigugmaay"" lang=""ceb"">higugmaay, hinigugmaay</form>
<hom role=""v""><pos>v</pos>
<sense n=""0""> <itype>[C]</itype><trans> <tr>be in love</tr>. </trans>
</sense></hom></entry>
<entry><form id=""ginugma"" lang=""ceb""><abbr expan=""ginugma"">-in-</abbr></form>
<hom role=""n""><pos>n</pos>
<sense n=""1""><number>1</number><trans> <tr>loved one</tr>. </trans>
</sense>
<sense n=""2""><number>2</number><trans> <tr>sweetheart</tr>. </trans>
</sense></hom></entry>
<entry><form id=""mahigugmaxun"" lang=""ceb"">mahigugmáun</form>
<hom role=""a""><pos>a</pos>
<sense n=""1""><number>1</number><trans> <tr>loving</tr>, <tr>affectionate</tr>. </trans>
</sense>
<sense n=""2""><number>2</number><trans> <tr>fond of</tr>. </trans>
<eg><i lang=""ceb"">Mahigugmáun siyag sáyaw,</i><trans> She is fond of dancing. </trans></eg>
</sense></hom></entry>
<entry><form id=""gugmagugma"" lang=""ceb"">gugmagugma</form>
<hom role=""n""><pos>n</pos>
<sense n=""0""><trans> matters regarding love and courtship. </trans>
<eg><i lang=""ceb"">Kun maglikay ka sa gugmagugma matigúlang kang dalága,</i><trans> If you avoid love affairs you’ll become an old maid. </trans></eg>
</sense></hom></entry>
<entry><form id=""gugmahaxnun"" lang=""ceb"">gugmahánun</form>
<hom role=""a""><pos>a</pos>
<sense n=""0""><trans> pertaining to love. </trans>
<eg><i lang=""ceb"">Gisinsur ang gugmahánun nílang isína kay hílas,</i><trans> Their love scene was censored because it was obscene.
</trans></eg>
</sense></hom></entry></entry>");
INSERT INTO `wced_head` (entryid, head, normalized_head, type, pos) VALUES (5515, "gugma", "gugma", "m", "n");
INSERT INTO `wced_head` (entryid, head, normalized_head, type, pos) VALUES (5515, "higugma", "higugma", "s", "v");
INSERT INTO `wced_head` (entryid, head, normalized_head, type, pos) VALUES (5515, "hagugma", "hagugma", "s", "v");
INSERT INTO `wced_head` (entryid, head, normalized_head, type, pos) VALUES (5515, "higugmaay", "higugmaay", "s", "v");
INSERT INTO `wced_head` (entryid, head, normalized_head, type, pos) VALUES (5515, "hinigugmaay", "hinigugmaay", "s", "v");
INSERT INTO `wced_head` (entryid, head, normalized_head, type, pos) VALUES (5515, "ginugma", "ginugma", "s", "n");
INSERT INTO `wced_head` (entryid, head, normalized_head, type, pos) VALUES (5515, "mahigugmáun", "mahigugmaun", "s", "a");
INSERT INTO `wced_head` (entryid, head, normalized_head, type, pos) VALUES (5515, "gugmagugma", "gugmagugma", "s", "n");
INSERT INTO `wced_head` (entryid, head, normalized_head, type, pos) VALUES (5515, "gugmahánun", "gugmahanun", "s", "a");
INSERT INTO `wced_translation` (entryid, translation) VALUES (5515, "be in love");
INSERT INTO `wced_translation` (entryid, translation) VALUES (5515, "loved one");
INSERT INTO `wced_translation` (entryid, translation) VALUES (5515, "sweetheart");
INSERT INTO `wced_translation` (entryid, translation) VALUES (5515, "loving");
INSERT INTO `wced_translation` (entryid, translation) VALUES (5515, "affectionate");
INSERT INTO `wced_translation` (entryid, translation) VALUES (5515, "fond of");
INSERT INTO `wced_entry` VALUES (5516, "gugu", "273", "<entry page=""273"" id=""5516""><form id=""guxgu"" lang=""ceb"">gúgu</form>
<hom>
<sense n=""0""><trans> <xr lang=""ceb"" target=""#baluxnus"">= <sc>balúnus</sc>.</xr>
</trans>
</sense></hom></entry>");
INSERT INTO `wced_head` (entryid, head, normalized_head, type, pos) VALUES (5516, "gúgu", "gugu", "m", "");
INSERT INTO `wced_entry` VALUES (5517, "gugul, gugul1", "273", "<entry page=""273"" id=""5517""><form id=""gugul_guxgul"" lang=""ceb"">gugul, gúgul<sub>1</sub></form>
<hom role=""v""><pos>v</pos>
<sense n=""0""> <itype>[A; c1]</itype><trans> </trans>
</sense>
<sense n=""1""><number>1</number><trans> spend money on, appropriate money. </trans>
<eg><i lang=""ceb"">Ug gugulan nang baláya ug kinsi mil, gwápu giyud,</i><trans> If you spend fifteen thousand on that house, it will be beautiful. </trans></eg>
</sense>
<sense n=""2""><number>2</number><trans> spend time, effort. </trans>
<eg><i lang=""ceb"">Wà kuy panahung igúgul (gugúlun) sa binúang,</i><trans> I have no time to spend on foolishness. </trans></eg>
</sense></hom>
<hom role=""n""><pos>n</pos>
<sense n=""0""><trans> amount allotted for s.t. </trans>
</sense></hom>
<hom role=""a""><pos>a</pos>
<sense n=""0""><trans> entailing great expense. </trans>
<eg><i lang=""ceb"">Gúgul kaáyu ning magsunudsúnud ta sa múda,</i><trans> It’s very expensive to keep going with fashions. </trans></eg>
</sense></hom>
<entry><form id=""magugulun"" lang=""ceb""><abbr expan=""magugulun"">ma-un</abbr></form>
<hom role=""n""><pos>n</pos>
<sense n=""0""><trans> <tr>spendthrift</tr>.
</trans>
</sense></hom></entry></entry>");
INSERT INTO `wced_head` (entryid, head, normalized_head, type, pos) VALUES (5517, "gugul", "gugul", "s", "vna");
INSERT INTO `wced_head` (entryid, head, normalized_head, type, pos) VALUES (5517, "gúgul", "gugul", "s", "vna");
INSERT INTO `wced_head` (entryid, head, normalized_head, type, pos) VALUES (5517, "magugulun", "magugulun", "s", "n");
INSERT INTO `wced_translation` (entryid, translation) VALUES (5517, "spendthrift");
INSERT INTO `wced_entry` VALUES (5518, "gugul2", "273", "<entry page=""273"" id=""5518""><form id=""guxgul2"" lang=""ceb"">gúgul<sub>2</sub></form>
<hom>
<sense n=""0""><trans> <xr lang=""ceb"" target=""#gulgul"">= <sc>gulgul</sc>.</xr>
</trans>
</sense></hom></entry>");
INSERT INTO `wced_head` (entryid, head, normalized_head, type, pos) VALUES (5518, "gúgul", "gugul", "s", "");
INSERT INTO `wced_entry` VALUES (5519, "gugul3, guguls", "273", "<entry page=""273"" id=""5519""><form id=""guxgul3_guguls"" lang=""ceb"">gúgul<sub>3</sub>, guguls</form>
<hom role=""n""><pos>n</pos>
<sense n=""0""><trans> <tr>sunglasses</tr>. </trans>
</sense></hom>
<hom role=""v""><pos>v</pos>
<sense n=""0""> <itype>[A; a]</itype><trans> wear sunglasses.
</trans>
</sense></hom></entry>");
INSERT INTO `wced_head` (entryid, head, normalized_head, type, pos) VALUES (5519, "gúgul", "gugul", "s", "nv");
INSERT INTO `wced_head` (entryid, head, normalized_head, type, pos) VALUES (5519, "guguls", "guguls", "s", "nv");
INSERT INTO `wced_translation` (entryid, translation) VALUES (5519, "sunglasses");
INSERT INTO `wced_entry` VALUES (5520, "guha", "273", "<entry page=""273"" id=""5520""><form id=""guhaq"" lang=""ceb"">guhà</form>
<hom>
<sense n=""0""><trans> <xr lang=""ceb"" target=""#gihiq"">= <sc>gihì</sc>.</xr>
</trans>
</sense></hom></entry>");
INSERT INTO `wced_head` (entryid, head, normalized_head, type, pos) VALUES (5520, "guhà", "guha", "m", "");
INSERT INTO `wced_entry` VALUES (5521, "guhab, guhab", "273", "<entry page=""273"" id=""5521""><form id=""guhab_guxhab"" lang=""ceb"">guhab, gúhab</form>
<hom>
<sense n=""0""><trans> <xr lang=""ceb"" target=""#galhab"">= <sc>galhab</sc>.</xr>
</trans>
</sense></hom></entry>");
INSERT INTO `wced_head` (entryid, head, normalized_head, type, pos) VALUES (5521, "guhab", "guhab", "s", "");
INSERT INTO `wced_head` (entryid, head, normalized_head, type, pos) VALUES (5521, "gúhab", "guhab", "s", "");
INSERT INTO `wced_entry` VALUES (5522, "guhang1, guhang", "273", "<entry page=""273"" id=""5522""><form id=""guhang_guxhang"" lang=""ceb"">guhang<sub>1</sub>, gúhang</form>
<hom role=""n""><pos>n</pos>
<sense n=""0""><trans> toddy made from the buri palm.
</trans>
</sense></hom></entry>");
INSERT INTO `wced_head` (entryid, head, normalized_head, type, pos) VALUES (5522, "guhang", "guhang", "s", "n");
INSERT INTO `wced_head` (entryid, head, normalized_head, type, pos) VALUES (5522, "gúhang", "guhang", "s", "n");
INSERT INTO `wced_entry` VALUES (5523, "guhang2", "273", "<entry page=""273"" id=""5523""><form id=""guhang2"" lang=""ceb"">guhang<sub>2</sub></form>
<hom role=""n""><pos>n</pos>
<sense n=""0""><trans> hole which penetrates to the back or other side. </trans>
<eg><i lang=""ceb"">May dakung guhang ang ímung sinínà,</i><trans> Your dress has a big hole. </trans></eg>
</sense></hom>
<hom role=""v""><pos>v</pos>
<sense n=""0""> <itype>[A3P; b6(1)]</itype><trans> make a hole. </trans>
<eg><i lang=""ceb"">Giguhangan sa mga prísu ang bungbung ug ígung agían,</i><trans> The prisoners made a hole in the wall big enough (for them) to pass through. </trans></eg>
</sense></hom>
<entry><form id=""kaguxhang"" lang=""ceb""><abbr expan=""kagúhang"">ka-(←)</abbr></form>
<hom role=""v""><pos>v</pos>
<sense n=""0""> <itype>[A13]</itype><trans> full of holes. </trans>
<eg><i lang=""ceb"">Nagkagúhang ang atup nga wà libwási,</i><trans> The roof was full of holes because it never was repaired.
</trans></eg>
</sense></hom></entry></entry>");
INSERT INTO `wced_head` (entryid, head, normalized_head, type, pos) VALUES (5523, "guhang", "guhang", "s", "nv");
INSERT INTO `wced_head` (entryid, head, normalized_head, type, pos) VALUES (5523, "kagúhang", "kaguhang", "s", "v");
INSERT INTO `wced_entry` VALUES (5524, "guhay", "273", "<entry page=""273"" id=""5524""><form id=""guhay"" lang=""ceb"">guhay</form>
<hom role=""v""><pos>v</pos>
<sense n=""1""><number>1</number> <itype>[A; ab4]</itype><trans> tear s.t. into strips or shreds. </trans>
</sense>
<sense n=""2""><number>2</number> <itype>[A; a]</itype><trans> slice a large fish for drying. </trans>
</sense></hom>
<hom role=""n""><pos>n</pos>
<sense n=""1""><number>1</number><trans> strip torn off of s.t. </trans>
</sense>
<sense n=""2""><number>2</number><trans> slice from a dried fish.
</trans>
</sense></hom></entry>");
INSERT INTO `wced_head` (entryid, head, normalized_head, type, pos) VALUES (5524, "guhay", "guhay", "m", "vn");
INSERT INTO `wced_entry` VALUES (5525, "guhit", "273", "<entry page=""273"" id=""5525""><form id=""guxhit"" lang=""ceb"">gúhit</form>
<hom role=""n""><pos>n</pos>
<sense n=""1""><number>1</number><trans> a line on a drawing. </trans>
</sense>
<sense n=""2""><number>2</number><trans> <tr>design</tr>, <tr>drawing</tr>. </trans>
</sense></hom>
<hom role=""v""><pos>v</pos>
<sense n=""1""><number>1</number> <itype>[A; b]</itype><trans> <tr>line</tr>, draw lines on. </trans>
</sense>
<sense n=""2""><number>2</number> <itype>[A; a]</itype><trans> make a design, draw pictures. </trans>
</sense></hom>
<entry><form id=""guhitguhit"" lang=""ceb"">guhitguhit</form>
<hom role=""v""><pos>v</pos>
<sense n=""0""> <itype>[A; a]</itype><trans> <tr>doodle</tr>. </trans>
</sense></hom>
<hom role=""n""><pos>n</pos>
<sense n=""0""><trans> <tr>doodle</tr>.
</trans>
</sense></hom></entry></entry>");
INSERT INTO `wced_head` (entryid, head, normalized_head, type, pos) VALUES (5525, "gúhit", "guhit", "m", "nv");
INSERT INTO `wced_head` (entryid, head, normalized_head, type, pos) VALUES (5525, "guhitguhit", "guhitguhit", "s", "vn");
INSERT INTO `wced_translation` (entryid, translation) VALUES (5525, "design");
INSERT INTO `wced_translation` (entryid, translation) VALUES (5525, "drawing");
INSERT INTO `wced_translation` (entryid, translation) VALUES (5525, "line");
INSERT INTO `wced_translation` (entryid, translation) VALUES (5525, "doodle");
INSERT INTO `wced_entry` VALUES (5526, "guhu", "273", "<entry page=""273"" id=""5526""><form id=""guxhuq"" lang=""ceb"">gúhù</form>
<hom>
<sense n=""0""><trans> <xr lang=""ceb"" target=""#gulhuq"">= <sc>gulhù</sc>.</xr>
</trans>
</sense></hom></entry>");
INSERT INTO `wced_head` (entryid, head, normalized_head, type, pos) VALUES (5526, "gúhù", "guhu", "m", "");
INSERT INTO `wced_entry` VALUES (5527, "guitguit", "273", "<entry page=""273"" id=""5527""><form id=""guitguit"" lang=""ceb"">guitguit</form>
<hom role=""n""><pos>n</pos>
<sense n=""0""><trans> layers of dirt on the body, teeth. </trans>
<eg><i lang=""ceb"">Ang guitguit sa íyang líug katamnan ug sibúyas,</i><trans> You could plant onions in the layers of dirt on his neck. </trans></eg>
</sense></hom>
<hom role=""v""><pos>v</pos>
<sense n=""0""> <itype>[BN; b6]</itype><trans> become covered with layers of dirt. </trans>
<eg><i lang=""ceb"">Ang íyang ngípun giguitguitan (nangguitguit) sa talìtì,</i><trans> His teeth are thick with tartar.
</trans></eg>
</sense></hom></entry>");
INSERT INTO `wced_head` (entryid, head, normalized_head, type, pos) VALUES (5527, "guitguit", "guitguit", "m", "nv");
INSERT INTO `wced_entry` VALUES (5528, "gukam", "273", "<entry page=""273"" id=""5528""><form id=""gukam"" lang=""ceb"">gukam</form>
<hom role=""a""><pos>a</pos>
<sense n=""0""><trans> <tr>clumsy</tr>. </trans>
<eg><i lang=""ceb"">Gukam kaáyu siyang manlihuklihuk,</i><trans> She moves clumsily. </trans></eg>
</sense></hom>
<entry><form id=""kaguxkam"" lang=""ceb""><abbr expan=""kagúkam"">ka-(←)</abbr></form>
<hom role=""v""><pos>v</pos>
<sense n=""0""> <itype>[A13]</itype><trans> have difficulty in carrying more than one can hold. </trans>
<eg><i lang=""ceb"">Nagkagúkam siyag dala sa mga libru,</i><trans> She had great difficulty carrying all of the books.
</trans></eg>
</sense></hom></entry></entry>");
INSERT INTO `wced_head` (entryid, head, normalized_head, type, pos) VALUES (5528, "gukam", "gukam", "m", "a");
INSERT INTO `wced_head` (entryid, head, normalized_head, type, pos) VALUES (5528, "kagúkam", "kagukam", "s", "v");
INSERT INTO `wced_translation` (entryid, translation) VALUES (5528, "clumsy");
INSERT INTO `wced_entry` VALUES (5529, "gukan", "273", "<entry page=""273"" id=""5529""><form id=""gukan"" lang=""ceb"">gukan</form>
<hom role=""v""><pos>v</pos>
<sense n=""0""> <itype>[B46; b4]</itype><trans> for the breast to be flowing over with milk. </trans>
<eg><i lang=""ceb"">Maggukan ang súsu basta subra ug gátas ang inahan,</i><trans> If the mother has too much milk it tends to drip out. </trans></eg>
<eg><i lang=""ceb"">Gigukanan na ang bag-ung nanganak,</i><trans> The new mother’s milk is already flowing.
</trans></eg>
</sense></hom></entry>");
INSERT INTO `wced_head` (entryid, head, normalized_head, type, pos) VALUES (5529, "gukan", "gukan", "m", "v");
INSERT INTO `wced_entry` VALUES (5530, "gukang", "273", "<entry page=""273"" id=""5530""><form id=""guxkang"" lang=""ceb"">gúkang</form>
<hom>
<sense n=""0""><trans> <xr lang=""ceb"" target=""#gukam"">= <sc>gukam</sc>.</xr>
</trans>
</sense></hom></entry>");
INSERT INTO `wced_head` (entryid, head, normalized_head, type, pos) VALUES (5530, "gúkang", "gukang", "m", "");
INSERT INTO `wced_entry` VALUES (5531, "guknat", "273", "<entry page=""273"" id=""5531""><form id=""guknat"" lang=""ceb"">guknat</form>
<hom role=""v""><pos>v</pos>
<sense n=""0""> <itype>[A]</itype><trans> set out to go s.w. </trans>
<eg><i lang=""ceb"">Sayu nga miguknat ang magdadaru sa báy arun magdáru,</i><trans> The farmer left the house early to go plowing.
</trans></eg>
</sense></hom></entry>");
INSERT INTO `wced_head` (entryid, head, normalized_head, type, pos) VALUES (5531, "guknat", "guknat", "m", "v");
INSERT INTO `wced_entry` VALUES (5532, "guku", "273", "<entry page=""273"" id=""5532""><form id=""gukuq"" lang=""ceb"">gukù</form>
<hom role=""v""><pos>v</pos>
<sense n=""0""> <itype>[B; c1]</itype><trans> <tr>bent</tr>, <tr>bowed</tr>, <tr>crouched</tr>. </trans>
<eg><i lang=""ceb"">Migukù si Tim arun dílì masungkù,</i><trans> Tim bent low so he would not bump his head. </trans></eg>
<eg><i lang=""ceb"">Nagukù (migukù) na siya sa pagsinulat,</i><trans> He has become stoop-shouldered from too much writing. </trans></eg>
</sense></hom>
<hom role=""a""><pos>a</pos>
<sense n=""0""><trans> <tr>hunched</tr>, bent over.
</trans>
</sense></hom></entry>");
INSERT INTO `wced_head` (entryid, head, normalized_head, type, pos) VALUES (5532, "gukù", "guku", "m", "va");
INSERT INTO `wced_translation` (entryid, translation) VALUES (5532, "bent");
INSERT INTO `wced_translation` (entryid, translation) VALUES (5532, "bowed");
INSERT INTO `wced_translation` (entryid, translation) VALUES (5532, "crouched");
INSERT INTO `wced_translation` (entryid, translation) VALUES (5532, "hunched");
INSERT INTO `wced_entry` VALUES (5533, "gukud, gukud", "273", "<entry page=""273"" id=""5533""><form id=""gukud_guxkud"" lang=""ceb"">gukud, gúkud</form>
<hom role=""v""><pos>v</pos>
<sense n=""0""> <itype>[A2SC2; a1]</itype><trans> </trans>
</sense>
<sense n=""1""><number>1</number><trans> run after, give chase. </trans>
<eg><i lang=""ceb"">May irung naggukud,</i><trans> There’s a dog running after us. </trans></eg>
<eg><i lang=""ceb"">Gukdun tag patrul ning ímung drinayban,</i><trans> A police car will chase us if you keep on driving like this. </trans></eg>
</sense>
<sense n=""2""><number>2</number><trans> pursue s.o. to get revenge; <tr>persecute</tr>. </trans>
<eg><i lang=""ceb"">Gigukud ni Níru ang mga Kristiyánus,</i><trans> Nero persecuted the Christians. </trans></eg>
<eg><i lang=""ceb"">Gigukud sa baláud ang pagdinamíta,</i><trans> Dynamite fishing is illegal. </trans></eg>
<eg><i lang=""ceb"">Gigukud si Buy sa gunting,</i><trans> Boy is badly in need of a haircut (being chased by the scissors). </trans></eg>
<eg><i lang=""ceb"">Gigukud ka sa sabun,</i><trans> You are badly in need of a bath (soap is chasing you). </trans></eg>
</sense>
<sense n=""3""><number>3</number> <itype>[A12; b4(1)]</itype><trans> catch up with s.o. after chasing him. </trans>
<eg><i lang=""ceb"">Diin ka higukdi?</i><trans> Where did they catch up with you? </trans></eg>
</sense></hom>
<hom role=""n""><pos>n</pos>
<sense n=""0""><trans> <tr>chase</tr>. </trans>
</sense></hom>
<entry><form id=""gukdaxnay_ginukdaxnay"" lang=""ceb"">gukdánay, ginukdánay</form>
<hom role=""v""><pos>v</pos>
<sense n=""0""> <itype>[C]</itype><trans> chasing one another. </trans>
</sense></hom></entry>
<entry><form id=""magukdaxnun"" lang=""ceb"">magukdánun</form>
<hom role=""a""><pos>a</pos>
<sense n=""0""><trans> <tr>persecuting</tr>, <tr>vindictive</tr>. </trans>
</sense></hom></entry>
<entry><form id=""gukdunun"" lang=""ceb"">gukdunun</form>
<hom role=""n""><pos>n</pos>
<sense n=""0""><trans> s.t. chased. </trans>
<eg><i lang=""ceb"">Daghan siyag uyab kay gukdunun kaáyug babáyi,</i><trans> He has lots of girl friends because he has a strong appeal to women.
</trans></eg>
</sense></hom></entry></entry>");
INSERT INTO `wced_head` (entryid, head, normalized_head, type, pos) VALUES (5533, "gukud", "gukud", "s", "vn");
INSERT INTO `wced_head` (entryid, head, normalized_head, type, pos) VALUES (5533, "gúkud", "gukud", "s", "vn");
INSERT INTO `wced_head` (entryid, head, normalized_head, type, pos) VALUES (5533, "gukdánay", "gukdanay", "s", "v");
INSERT INTO `wced_head` (entryid, head, normalized_head, type, pos) VALUES (5533, "ginukdánay", "ginukdanay", "s", "v");
INSERT INTO `wced_head` (entryid, head, normalized_head, type, pos) VALUES (5533, "magukdánun", "magukdanun", "s", "a");
INSERT INTO `wced_head` (entryid, head, normalized_head, type, pos) VALUES (5533, "gukdunun", "gukdunun", "s", "n");
INSERT INTO `wced_translation` (entryid, translation) VALUES (5533, "persecute");
INSERT INTO `wced_translation` (entryid, translation) VALUES (5533, "chase");
INSERT INTO `wced_translation` (entryid, translation) VALUES (5533, "persecuting");
INSERT INTO `wced_translation` (entryid, translation) VALUES (5533, "vindictive");
INSERT INTO `wced_entry` VALUES (5534, "guk-ung", "273", "<entry page=""273"" id=""5534""><form id=""guk-ung"" lang=""ceb"">guk-ung</form>
<hom role=""v""><pos>v</pos>
<sense n=""0""> <itype>[A; b6]</itype><trans> be sitting or perched s.w. where one is easily visible. </trans>
<eg><i lang=""ceb"">Dakung táwu nga nagguk-ung sa paril,</i><trans> A large man perched on the wall.
</trans></eg>
</sense></hom></entry>");
INSERT INTO `wced_head` (entryid, head, normalized_head, type, pos) VALUES (5534, "guk-ung", "guk-ung", "m", "v");
INSERT INTO `wced_entry` VALUES (5535, "gul", "273", "<entry page=""273"" id=""5535""><form id=""guxl"" lang=""ceb"">gúl</form>
<hom role=""n""><pos>n</pos>
<sense n=""1""><number>1</number><trans> goal in a game. </trans>
</sense>
<sense n=""2""><number>2</number><trans> basketball ring. </trans>
</sense>
<sense n=""3""><number>3</number><trans> the opposite area in checkers to which the pieces are moved. </trans>
</sense></hom>
<hom role=""v""><pos>v</pos>
<sense n=""1""><number>1</number> <itype>[A12]</itype><trans> make a goal. </trans>
<eg><i lang=""ceb"">Wà mi makagúl,</i><trans> We didn’t make any goals. </trans></eg>
</sense>
<sense n=""2""><number>2</number> <itype>[A2]</itype><trans> move a checker piece to the opposite side.
</trans>
</sense></hom></entry>");
INSERT INTO `wced_head` (entryid, head, normalized_head, type, pos) VALUES (5535, "gúl", "gul", "m", "nv");
INSERT INTO `wced_entry` VALUES (5536, "gula", "273", "<entry page=""273"" id=""5536""><form id=""guxla"" lang=""ceb"">gúla</form>
<hom role=""a""><pos>a</pos>
<sense n=""0""><trans> for food not to be cooked well such that some parts of it are still raw. </trans>
</sense></hom>
<hom role=""v""><pos>v</pos>
<sense n=""0""> <itype>[B26; c1]</itype><trans> be <tr>half-cooked</tr>. </trans>
<eg><i lang=""ceb"">Nagúwa pagkalútù nang bibingka,</i><trans> That rice cake is only half-baked. <pb n=""274""/></trans></eg>
<eg><i lang=""ceb"">Daghang sustansya ang atay nga guwáhun (igúwa) paglútù,</i><trans> Pork liver cooked rare is nourishing.
</trans></eg>
</sense></hom></entry>");
INSERT INTO `wced_head` (entryid, head, normalized_head, type, pos) VALUES (5536, "gúla", "gula", "m", "av");
INSERT INTO `wced_translation` (entryid, translation) VALUES (5536, "half-cooked");
INSERT INTO `wced_entry` VALUES (5537, "gula", "274", "<entry page=""274"" id=""5537""><form id=""gulaq"" lang=""ceb"">gulà</form>
<hom role=""v""><pos>v</pos>
<sense n=""1a""><number>1a</number> <itype>[A2; a]</itype><trans> go out from. </trans>
<eg><i lang=""ceb"">Migulà ku sa kwartu,</i><trans> I went out of the room. </trans></eg>
<eg><i lang=""ceb"">Gulaa (gul-a) nang hubug nga nagsábà sa gawas,</i><trans> Go out after that drunk that’s making noise outside. </trans></eg>
</sense>
<sense n=""1b""><number>1b</number> <itype>[B456]</itype><trans> be sticking out. </trans>
<eg><i lang=""ceb"">Birahi nang ímung kamisun kay migulà,</i><trans> Pull up your slip because it’s showing. </trans></eg>
</sense>
<sense n=""1c""><number>1c</number> <itype>[A; c6]</itype><trans> bring s.t. out. </trans>
<eg><i lang=""ceb"">Kinsay naggulà sa bátà nga tugnaw run?</i><trans> Who brought the child out? It’s chilly. </trans></eg>
<eg><i lang=""ceb"">Iguwà ang irù,</i><trans> Take the dog out. </trans></eg>
</sense>
<sense n=""2""><number>2</number> <itype>[A2; b3]</itype><trans> quit a job, position. </trans>
<eg><i lang=""ceb"">Dì ka makagulà tungud sa kuntrátu,</i><trans> You can’t quit because of the contract. </trans></eg>
<eg><i lang=""ceb"">Ang kagamay sa swildu mauy ákung gigulaan,</i><trans> The small salary made me quit the job. </trans></eg>
</sense>
<sense n=""3""><number>3</number> <itype>[A2; b4]</itype><trans> have emission during orgasm. </trans>
<eg><i lang=""ceb"">Migulà ang ákù pagkakità sa iyáha,</i><trans> I had an ejaculation when I saw hers. </trans></eg>
<eg><i lang=""ceb"">Kasagáran únang gul-an ang laláki,</i><trans> Usually the man is the first to have orgasm. </trans></eg>
</sense>
<sense n=""3a""><number>3a</number> <itype>[b4]</itype><trans> <tr>menstruate</tr>. </trans>
<eg><i lang=""ceb"">Wà ku gul-i rung buwána. Simbaku mabdus ku,</i><trans> I missed my period. God forbid I’m pregnant. </trans></eg>
</sense>
<sense n=""4a""><number>4a</number> <itype>[B2456]</itype><trans> come out the winner. </trans>
<eg><i lang=""ceb"">Sa sinádu migulà siyang numiru únu,</i><trans> In the senate race he came out first. </trans></eg>
</sense>
<sense n=""4b""><number>4b</number> <itype>[B2456]</itype><trans> appear, materialize, turn out. </trans>
<eg><i lang=""ceb"">Pagkudak nákù sa dalága, aswang ang migulà,</i><trans> When I photographed the girl, a witch is what turned out in the picture. </trans></eg>
</sense>
<sense n=""5""><number>5</number> <itype>[B2456]</itype><trans> appear in a publication. </trans>
</sense></hom>
<hom role=""n""><pos>n</pos>
<sense n=""1""><number>1</number><trans> outside of an enclosure. </trans>
<eg><i lang=""ceb"">Daghang táwu sa gulà,</i><trans> There are many people outside. </trans></eg>
</sense>
<sense n=""1a""><number>1a</number><trans> outside the bedroom or kitchen, usually the living room. </trans>
<eg><i lang=""ceb"">Pahulata sa gulà ang bisíta,</i><trans> Have the visitor wait in the living room. </trans></eg>
</sense>
<sense n=""2""><number>2</number><trans> issue or <corr sic=""instalment"">installment</corr> of a publication. </trans>
<eg><i lang=""ceb"">Mugulà ang ímung sugilánun sunud gulà,</i><trans> Your story will be published in the next issue. </trans></eg>
</sense>
<sense n=""3""><number>3</number><trans> outcome, result of s.t. </trans>
<eg><i lang=""ceb"">Hípi ang gulà nímu ug magpataas ka sa ímung buhuk,</i><trans> If you let your hair grow long, a hippie is what will result. </trans></eg>
</sense>
<sense n=""4""><number>4</number><trans> role in a play or presentation. </trans>
<eg><i lang=""ceb"">Unsa may guwà nímu sa dráma?</i><trans> What is your role in the play? </trans></eg>
</sense></hom>
<entry><form id=""sulud_gulaq"" lang=""ceb"">sulud <abbr expan=""gulà"">—</abbr></form>
<hom role=""v""><pos>v</pos>
<sense n=""0""> <itype>[A2]</itype><trans> keep coming in and out. </trans>
<eg><i lang=""ceb"">Huy! Musulud gulà ka lang mu rag tag-íya,</i><trans> Hey! You just come in and out as if you were the owner here. </trans></eg>
</sense></hom></entry>
<entry><form id=""pagulaq"" lang=""ceb""><abbr expan=""pagulà"">pa-</abbr></form>
<hom role=""v""><pos>v</pos>
<sense n=""1""><number>1</number> <itype>[A; ac]</itype><trans> </trans>
</sense>
<sense n=""1a""><number>1a</number><trans> allow to go out. </trans>
<eg><i lang=""ceb"">Pagul-a ang bátà arun mangíhì,</i><trans> Let the child go out to urinate. </trans></eg>
</sense>
<sense n=""1b""><number>1b</number> <itype>[A; c]</itype><trans> display, present s.t. to the public. </trans>
<eg><i lang=""ceb"">Nagpagulà siyag drámang minúrus,</i><trans> He presented a Moslem play. </trans></eg>
<eg><i lang=""ceb"">Wà ikapagulà ang tinda kay nag-ulan,</i><trans> The goods were not displayed because it was raining. </trans></eg>
</sense>
<sense n=""1c""><number>1c</number> <itype>[A; c]</itype><trans> use knowledge or other resources to meet a particular situation. </trans>
<eg><i lang=""ceb"">Ug makig-áway siya, pagul-i siya sa ímung dyúdu,</i><trans> If he picks a fight with you, try out your judo on him. </trans></eg>
</sense>
<sense n=""1d""><number>1d</number><trans> issue a notice, order, etc. </trans>
<eg><i lang=""ceb"">Nagpagulà ang prisidinti ug kasugúan báhin sa piliay,</i><trans> The president issued an order about the elections. </trans></eg>
<eg><i lang=""ceb"">Ikapagulà ku lang ang ákung hunàhúnà kun kinahanglánun,</i><trans> I give out my opinion only when necessary. </trans></eg>
</sense>
<sense n=""2""><number>2</number> <itype>[A; a12]</itype><trans> fire from job, position. </trans>
<eg><i lang=""ceb"">Pagulaun ka kun magtinápul ka,</i><trans> You will be fired if you are lazy. </trans></eg>
</sense></hom></entry>
<entry><form id=""gulaanan_gul-anan"" lang=""ceb""><abbr expan=""gulaanan"">-anan(←)</abbr>, gul-anan</form>
<hom role=""n""><pos>n</pos>
<sense n=""0""><trans> <tr>exit</tr>. </trans>
</sense></hom></entry>
<entry><form id=""kagul-unun"" lang=""ceb"">kagul-unun</form>
<hom role=""a""><pos>a</pos>
<sense n=""0""><trans> on the verge of going out. </trans>
</sense></hom></entry>
<entry><form id=""tali-"" lang=""ceb"">tali-</form>
<hom role=""n""><pos>n</pos>
<sense n=""0""><trans> about to go out.
</trans>
</sense></hom></entry></entry>");
INSERT INTO `wced_head` (entryid, head, normalized_head, type, pos) VALUES (5537, "gulà", "gula", "m", "vn");
INSERT INTO `wced_head` (entryid, head, normalized_head, type, pos) VALUES (5537, "sulud gulà", "sulud gula", "s", "v");
INSERT INTO `wced_head` (entryid, head, normalized_head, type, pos) VALUES (5537, "pagulà", "pagula", "s", "v");
INSERT INTO `wced_head` (entryid, head, normalized_head, type, pos) VALUES (5537, "gulaanan", "gulaanan", "s", "n");
INSERT INTO `wced_head` (entryid, head, normalized_head, type, pos) VALUES (5537, "gul-anan", "gul-anan", "s", "n");
INSERT INTO `wced_head` (entryid, head, normalized_head, type, pos) VALUES (5537, "kagul-unun", "kagul-unun", "s", "a");
INSERT INTO `wced_head` (entryid, head, normalized_head, type, pos) VALUES (5537, "tali-", "tali-", "s", "n");
INSERT INTO `wced_translation` (entryid, translation) VALUES (5537, "menstruate");
INSERT INTO `wced_translation` (entryid, translation) VALUES (5537, "exit");
INSERT INTO `wced_entry` VALUES (5538, "*gula", "274", "<entry page=""274"" id=""5538""><form id=""xxguxlaq"" lang=""ceb"">*gúlà</form>
<entry><form id=""kaguxlaq"" lang=""ceb""><abbr expan=""kagúlà"">ka-</abbr></form>
<hom role=""v""><pos>v</pos>
<sense n=""0""> <itype>[B14; b3]</itype><trans> be in commotion. </trans>
<eg><i lang=""ceb"">Nagkagúlà ang mga táwu tungud sa súnug,</i><trans> The people were in a commotion because of the fire. </trans></eg>
<eg><i lang=""ceb"">Gikagwáan sa mga bátà ang mga rigálu,</i><trans> The children were all excited about the presents.
</trans></eg>
</sense></hom></entry></entry>");
INSERT INTO `wced_head` (entryid, head, normalized_head, type, pos) VALUES (5538, "gúlà", "gula", "s", "");
INSERT INTO `wced_head` (entryid, head, normalized_head, type, pos) VALUES (5538, "kagúlà", "kagula", "s", "v");
INSERT INTO `wced_entry` VALUES (5539, "gulam", "274", "<entry page=""274"" id=""5539""><form id=""gulam"" lang=""ceb"">gulam</form>
<hom role=""a""><pos>a</pos>
<sense n=""1""><number>1</number><trans> small, esp. when compared to other things like it. </trans>
<eg><i lang=""ceb"">Ang búla sa bisbul gulam kay sa búla sa supbul,</i><trans> The ball used for baseball is slightly smaller than the ball for softball. </trans></eg>
</sense>
<sense n=""2""><number>2</number><trans> young and small. </trans>
<eg><i lang=""ceb"">Gulam pa ku paghalin ni Lúla,</i><trans> I was still small when Grandma died. </trans></eg>
</sense></hom>
<hom role=""v""><pos>v</pos>
<sense n=""0""> <itype>[B; a]</itype><trans> become reduced in size. </trans>
</sense></hom>
<entry><form id=""gulamgulam"" lang=""ceb"">gulamgulam</form>
<hom>
<sense n=""0""><trans> <xr lang=""ceb"" target=""#gulam"">= <sc>gulam</sc>, <i lang=""ceb"">1</i>.</xr>
</trans>
</sense></hom></entry></entry>");
INSERT INTO `wced_head` (entryid, head, normalized_head, type, pos) VALUES (5539, "gulam", "gulam", "m", "av");
INSERT INTO `wced_head` (entryid, head, normalized_head, type, pos) VALUES (5539, "gulamgulam", "gulamgulam", "s", "");
INSERT INTO `wced_entry` VALUES (5540, "gulaman, gulaman", "274", "<entry page=""274"" id=""5540""><form id=""gulaman_gulaxman"" lang=""ceb"">gulaman, guláman</form>
<hom role=""n""><pos>n</pos>
<sense n=""1""><number>1</number><trans> agar-agar, an edible gelatinous substance derived from seaweeds. </trans>
</sense>
<sense n=""2""><number>2</number><trans> dessert prepared from this gelatin. </trans>
</sense></hom>
<hom role=""v""><pos>v</pos>
<sense n=""0""> <itype>[A; a2]</itype><trans> make <ix>guláman</ix>.
</trans>
</sense></hom></entry>");
INSERT INTO `wced_head` (entryid, head, normalized_head, type, pos) VALUES (5540, "gulaman", "gulaman", "s", "nv");
INSERT INTO `wced_head` (entryid, head, normalized_head, type, pos) VALUES (5540, "guláman", "gulaman", "s", "nv");
INSERT INTO `wced_entry` VALUES (5541, "gulang", "274", "<entry page=""274"" id=""5541""><form id=""guxlang"" lang=""ceb"">gúlang</form>
<hom role=""a""><pos>a</pos>
<sense n=""1""><number>1</number><trans> <tr>old</tr> in age. </trans>
<eg><i lang=""ceb"">Miritayir siya kay gúlang na,</i><trans> He retired because he’s old. </trans></eg>
<eg><i lang=""ceb"">Dalágang gúlang,</i><trans> Old maid. </trans></eg>
</sense>
<sense n=""2""><number>2</number><trans> <tr>mature</tr>. </trans>
<eg><i lang=""ceb"">Tub-a ang ságing kay gúlang na,</i><trans> Cut the banana down because the fruits are mature. </trans></eg>
</sense>
<sense n=""3""><number>3</number><trans> for syrup to be thick enough or steel to be properly tempered. </trans>
</sense></hom>
<hom role=""v""><pos>v</pos>
<sense n=""1""><number>1</number> <itype>[B2]</itype><trans> <tr>grow old</tr>. </trans>
<eg><i lang=""ceb"">Mugúlang (magúlang) ka ug dalì ug hingári kag pangísug,</i><trans> You will grow old fast if you always get angry. </trans></eg>
</sense></hom>
<entry><form id=""guxlang_sa_hiktanan"" lang=""ceb""><abbr expan=""gúlang"">—</abbr> sa hiktanan</form>
<hom>
<sense n=""0""><trans> grow old and still not be married. </trans>
</sense>
<sense n=""2""><number>2</number> <itype>[B23]</itype><trans> for fruit to become mature. </trans>
<eg><i lang=""ceb"">Wà makagúlang ang kakaw kay gibugtuk,</i><trans> The cacao fruits didn’t mature because they were infested with pests. </trans></eg>
</sense>
<sense n=""3""><number>3</number> <itype>[B23(1); c1]</itype><trans> for iron or sugar to come out with the requisite consistency or hardness. </trans>
<eg><i lang=""ceb"">Dúgayng nakagúwang ang giítus námung asúkal, hidaghanan ra sigúru sa túbig,</i><trans> The sugar we were making into syrup took a long time to harden. It probably had too much water in it. </trans></eg>
<eg><i lang=""ceb"">Unsa kahay makagúwang (makapagúwang) ug dalì sa puthaw?</i><trans> What can we do to hasten the tempering of the steel? </trans></eg>
</sense></hom></entry>
<entry><form id=""agulang"" lang=""ceb""><abbr expan=""agulang"">a-(→)</abbr></form>
<hom role=""n""><pos>n</pos>
<sense n=""1""><number>1</number><trans> title for an old man or woman. </trans>
</sense>
<sense n=""2""><number>2</number><trans> old man or woman. </trans>
<eg><i lang=""ceb"">Palikírung agulang,</i><trans> An elderly philanderer. </trans></eg>
</sense></hom></entry>
<entry><form id=""magulang"" lang=""ceb""><abbr expan=""magulang"">ma-(→)</abbr></form>
<hom role=""n""><pos>n</pos>
<sense n=""1""><number>1</number><trans> elder brother, sister. </trans>
</sense>
<sense n=""2""><number>2</number><trans> older than s.o. </trans>
<eg><i lang=""ceb"">Magulang siya nákug <pb n=""275""/>dyis anyus,</i><trans> He is ten years older than me. </trans></eg>
</sense>
<sense n=""3""><number>3</number>
</sense></hom>
<hom role=""a""><pos>a</pos>
<sense n=""0""><trans> little more than s.t. compared to. </trans>
<eg><i lang=""ceb"">Ang ímung tíngug magulang lag diyútay sa hagawhaw,</i><trans> Your voice is just a little louder than a whisper. </trans></eg>
</sense></hom>
<hom role=""v""><pos>v</pos>
<sense n=""0""> <itype>[B2456]</itype><trans> get to be a little older, more than. </trans>
</sense></hom></entry>
<entry><form id=""kagulangun"" lang=""ceb""><abbr expan=""kagulangun"">ka-un(→)</abbr></form>
<hom role=""n""><pos>n</pos>
<sense n=""1""><number>1</number><trans> <tr>age</tr>. </trans>
</sense>
<sense n=""2""><number>2</number><trans> consistency of syrup, temper of steel. </trans>
</sense></hom></entry>
<entry><form id=""kamagulangan_kinamagulangan"" lang=""ceb""><abbr expan=""kamagulangan"">kama-an</abbr>, <abbr expan=""kinamagulangan"">kinama-an</abbr></form>
<hom role=""n""><pos>n</pos>
<sense n=""1""><number>1</number><trans> eldest among a given group. </trans>
</sense>
<sense n=""2""><number>2</number><trans> <tr>first-born</tr>. </trans>
</sense>
<sense n=""3""><number>3</number> <form id=""kinamagulaxngan_nga_buling"" lang=""ceb""><abbr expan=""kinamagulángan"">—</abbr> nga buling</form><trans> the topmost layer of dirt in s.t. that is very dirty. </trans>
<eg><i lang=""ceb"">Kuháa lang ang kinamagulángang buling sa hábul kay bug-at labhan,</i><trans> Just wash out the topmost layer of dirt in the blanket because it is hard to wash. </trans></eg>
</sense></hom></entry>
<entry><form id=""gulangun"" lang=""ceb""><abbr expan=""gulangun"">-un(→)</abbr></form>
<hom role=""a""><pos>a</pos>
<sense n=""0""><trans> <tr>elderly</tr>. </trans>
</sense></hom></entry>
<entry><form id=""tiguxlang"" lang=""ceb""><abbr expan=""tigúlang"">ti-</abbr></form>
<hom role=""a""><pos>a</pos>
<sense n=""0""><trans> old in age. </trans>
<eg><i lang=""ceb"">Usa ka tigúwang,</i><trans> An old man (woman). </trans></eg>
</sense></hom>
<hom role=""n""><pos>n</pos>
<sense n=""0""><trans> term used to refer to one’s parents when they are not young. </trans>
<eg><i lang=""ceb"">Hustu ang ímung mga tigúlang sa pagdilì nímu sa paglangyaw,</i><trans> Your folks are right, forbidding you to go abroad. </trans></eg>
</sense></hom>
<hom role=""v""><pos>v</pos>
<sense n=""0""> <itype>[B12]</itype><trans> grow old. </trans>
<eg><i lang=""ceb"">Kining magkatigulang na ta, magkahanap ang átung panan-aw,</i><trans> As we grow old our vision gets dim. </trans></eg>
</sense></hom></entry>
<entry><form id=""hinigulang"" lang=""ceb""><abbr expan=""hinigulang"">hini-(→)</abbr></form>
<hom role=""v""><pos>v</pos>
<sense n=""0""> <itype>[A]</itype><trans> do s.t. in a way that old folks are wont to do. </trans>
<eg><i lang=""ceb"">Día, naghinigulang mig tabì,</i><trans> Here we are, gossiping like a bunch of old folks. </trans></eg>
</sense></hom></entry>
<entry><form id=""pakatiguxlang"" lang=""ceb""><abbr expan=""pakatigúlang"">pakati-</abbr></form>
<hom role=""v""><pos>v</pos>
<sense n=""0""> <itype>[A13; a12]</itype><trans> act, treat like an old man. </trans>
</sense></hom></entry>
<entry><form id=""pakatigulang"" lang=""ceb""><abbr expan=""pakatigulang"">pakati-(→)</abbr></form>
<hom role=""v""><pos>v</pos>
<sense n=""0""> <itype>[A13]</itype><trans> stay s.w. till one’s old age. </trans>
</sense></hom></entry>
<entry><form id=""tulutigulang"" lang=""ceb""><abbr expan=""tulutigulang"">tuluti-(→)</abbr></form>
<hom role=""a""><pos>a</pos>
<sense n=""0""><trans> older than anyone else in a group. </trans>
<eg><i lang=""ceb"">Akuy uináhan dinhi sa upisína kay aku ra may tutiguwang dinhi,</i><trans> I’m considered a mother here in the office because I am the oldest among us here. </trans></eg>
</sense></hom></entry>
<entry><form id=""katigulaxngan"" lang=""ceb""><abbr expan=""katigulángan"">kati-an</abbr></form>
<hom role=""n""><pos>n</pos>
<sense n=""1""><number>1</number><trans> old folks. </trans>
<eg><i lang=""ceb"">Masukù ang mga katigulángan sa mudirnung paági,</i><trans> The old folks hate the new ways. </trans></eg>
</sense>
<sense n=""2""><number>2</number><trans> <tr>ancestors</tr>. </trans>
</sense></hom></entry>
<entry><form id=""katigulangun"" lang=""ceb""><abbr expan=""katigulangun"">kati-un(→)</abbr></form>
<hom role=""n""><pos>n</pos>
<sense n=""0""><trans> one’s old age. </trans>
<eg><i lang=""ceb"">Mau rag wà siyay katigulangun,</i><trans> She never seems to grow old. †
</trans></eg>
</sense></hom></entry></entry>");
INSERT INTO `wced_head` (entryid, head, normalized_head, type, pos) VALUES (5541, "gúlang", "gulang", "m", "av");
INSERT INTO `wced_head` (entryid, head, normalized_head, type, pos) VALUES (5541, "gúlang sa hiktanan", "gulang sa hiktanan", "s", "");
INSERT INTO `wced_head` (entryid, head, normalized_head, type, pos) VALUES (5541, "agulang", "agulang", "s", "n");
INSERT INTO `wced_head` (entryid, head, normalized_head, type, pos) VALUES (5541, "magulang", "magulang", "s", "nav");
INSERT INTO `wced_head` (entryid, head, normalized_head, type, pos) VALUES (5541, "kagulangun", "kagulangun", "s", "n");
INSERT INTO `wced_head` (entryid, head, normalized_head, type, pos) VALUES (5541, "kamagulangan", "kamagulangan", "s", "n");
INSERT INTO `wced_head` (entryid, head, normalized_head, type, pos) VALUES (5541, "kinamagulangan", "kinamagulangan", "s", "n");
INSERT INTO `wced_head` (entryid, head, normalized_head, type, pos) VALUES (5541, "kinamagulángan nga buling", "kinamagulangan nga buling", "s", "");
INSERT INTO `wced_head` (entryid, head, normalized_head, type, pos) VALUES (5541, "gulangun", "gulangun", "s", "a");
INSERT INTO `wced_head` (entryid, head, normalized_head, type, pos) VALUES (5541, "tigúlang", "tigulang", "s", "anv");
INSERT INTO `wced_head` (entryid, head, normalized_head, type, pos) VALUES (5541, "hinigulang", "hinigulang", "s", "v");
INSERT INTO `wced_head` (entryid, head, normalized_head, type, pos) VALUES (5541, "pakatigúlang", "pakatigulang", "s", "v");
INSERT INTO `wced_head` (entryid, head, normalized_head, type, pos) VALUES (5541, "pakatigulang", "pakatigulang", "s", "v");
INSERT INTO `wced_head` (entryid, head, normalized_head, type, pos) VALUES (5541, "tulutigulang", "tulutigulang", "s", "a");
INSERT INTO `wced_head` (entryid, head, normalized_head, type, pos) VALUES (5541, "katigulángan", "katigulangan", "s", "n");
INSERT INTO `wced_head` (entryid, head, normalized_head, type, pos) VALUES (5541, "katigulangun", "katigulangun", "s", "n");
INSERT INTO `wced_translation` (entryid, translation) VALUES (5541, "old");
INSERT INTO `wced_translation` (entryid, translation) VALUES (5541, "mature");
INSERT INTO `wced_translation` (entryid, translation) VALUES (5541, "grow old");
INSERT INTO `wced_translation` (entryid, translation) VALUES (5541, "age");
INSERT INTO `wced_translation` (entryid, translation) VALUES (5541, "first-born");
INSERT INTO `wced_translation` (entryid, translation) VALUES (5541, "elderly");
INSERT INTO `wced_translation` (entryid, translation) VALUES (5541, "ancestors");
INSERT INTO `wced_entry` VALUES (5542, "gulasiman", "275", "<entry page=""275"" id=""5542""><form id=""gulasixman"" lang=""ceb"">gulasíman</form>
<hom>
<sense n=""0""><trans> <xr lang=""ceb"" target=""#ulasixman"">= <sc>ulasíman</sc>.</xr>
</trans>
</sense></hom></entry>");
INSERT INTO `wced_head` (entryid, head, normalized_head, type, pos) VALUES (5542, "gulasíman", "gulasiman", "m", "");
INSERT INTO `wced_entry` VALUES (5543, "*gulat", "275", "<entry page=""275"" id=""5543""><form id=""xxguxlat"" lang=""ceb"">*gúlat</form>
<hom>
<sense n=""0""><trans> <xr lang=""ceb"" target=""#gulpi""><ix>see</ix> <sc>gulpi</sc>.</xr>
</trans>
</sense></hom></entry>");
INSERT INTO `wced_head` (entryid, head, normalized_head, type, pos) VALUES (5543, "gúlat", "gulat", "s", "");
INSERT INTO `wced_entry` VALUES (5544, "guldigir", "275", "<entry page=""275"" id=""5544""><form id=""guldixgir"" lang=""ceb"">guldígir</form>
<hom role=""a""><pos>a</pos>
<sense n=""0""><trans> <tr>gold digger</tr>, woman who goes out with men to get money from them. </trans>
</sense></hom>
<hom role=""v""><pos>v</pos>
<sense n=""0""> <itype>[B16; b1]</itype><trans> be, become a gold digger.
</trans>
</sense></hom></entry>");
INSERT INTO `wced_head` (entryid, head, normalized_head, type, pos) VALUES (5544, "guldígir", "guldigir", "m", "av");
INSERT INTO `wced_translation` (entryid, translation) VALUES (5544, "gold digger");
INSERT INTO `wced_entry` VALUES (5545, "guldin syawir", "275", "<entry page=""275"" id=""5545""><form id=""guldin_syaxwir"" lang=""ceb"">guldin syáwir</form>
<hom role=""n""><pos>n</pos>
<sense n=""0""><trans> small flowering tree: <bio>Cassia fistula</bio>.
</trans>
</sense></hom></entry>");
INSERT INTO `wced_head` (entryid, head, normalized_head, type, pos) VALUES (5545, "guldin syáwir", "guldin syawir", "m", "n");
INSERT INTO `wced_entry` VALUES (5546, "gulgul", "275", "<entry page=""275"" id=""5546""><form id=""gulgul"" lang=""ceb"">gulgul</form>
<hom role=""v""><pos>v</pos>
<sense n=""0""> <itype>[A; a1]</itype><trans> cut s.t. with a blade using a back and forth motion. </trans>
<eg><i lang=""ceb"">Gulgúla <corr sic=""nag"">nang</corr> líug sa manuk,</i><trans> Slash the chicken’s throat now. </trans></eg>
</sense></hom>
<entry><form id=""gulgulaxnan"" lang=""ceb"">gulgulánan</form>
<hom role=""n""><pos>n</pos>
<sense n=""0""><trans> throat of animals or fowl.
</trans>
</sense></hom></entry></entry>");
INSERT INTO `wced_head` (entryid, head, normalized_head, type, pos) VALUES (5546, "gulgul", "gulgul", "m", "v");
INSERT INTO `wced_head` (entryid, head, normalized_head, type, pos) VALUES (5546, "gulgulánan", "gulgulanan", "s", "n");
INSERT INTO `wced_entry` VALUES (5547, "gulhab1", "275", "<entry page=""275"" id=""5547""><form id=""gulhab"" lang=""ceb"">gulhab<sub>1</sub></form>
<hom>
<sense n=""0""><trans> <xr lang=""ceb"" target=""#galhab"">= <sc>galhab</sc>.</xr>
</trans>
</sense></hom></entry>");
INSERT INTO `wced_head` (entryid, head, normalized_head, type, pos) VALUES (5547, "gulhab", "gulhab", "s", "");
INSERT INTO `wced_entry` VALUES (5548, "gulhab2", "275", "<entry page=""275"" id=""5548""><form id=""gulhab2"" lang=""ceb"">gulhab<sub>2</sub></form>
<hom role=""n""><pos>n</pos>
<sense n=""0""><trans> thundering, roaring in voice. </trans>
<eg><i lang=""ceb"">Abut sa walug ang gulhab níyang tíngug,</i><trans> His thundering voice reaches the valley.
</trans></eg>
</sense></hom></entry>");
INSERT INTO `wced_head` (entryid, head, normalized_head, type, pos) VALUES (5548, "gulhab", "gulhab", "s", "n");
INSERT INTO `wced_entry` VALUES (5549, "gulhu", "275", "<entry page=""275"" id=""5549""><form id=""gulhuq"" lang=""ceb"">gulhù</form>
<hom role=""v""><pos>v</pos>
<sense n=""0""> <itype>[A2; cP6]</itype><trans> appear by coming out from, in back of, or inside s.t. </trans>
<eg><i lang=""ceb"">Migúhù ang búwan luyu sa pangánud,</i><trans> The moon emerged from behind the clouds.
</trans></eg>
</sense></hom></entry>");
INSERT INTO `wced_head` (entryid, head, normalized_head, type, pos) VALUES (5549, "gulhù", "gulhu", "m", "v");
INSERT INTO `wced_entry` VALUES (5550, "guli", "275", "<entry page=""275"" id=""5550""><form id=""guxli"" lang=""ceb"">gúli</form>
<hom>
<sense n=""0""><trans> (from <ix>lígù</ix>) </trans>
</sense></hom>
<hom role=""n""><pos>n</pos>
<sense n=""0""><trans> <tr>bath</tr> (slang). </trans>
<eg><i lang=""ceb"">Nanimáhù ka lang pan-us sa ímung pagkawalay gúli,</i><trans> You smell because you didn’t take a bath. </trans></eg>
</sense></hom>
<hom role=""v""><pos>v</pos>
<sense n=""1""><number>1</number> <itype>[A; b6(1)]</itype><trans> take a bath (slang). </trans>
<eg><i lang=""ceb"">Hulata ku kay mugúli pa ku,</i><trans> Wait for me; I still have to take my bath. </trans></eg>
</sense>
<sense n=""2""><number>2</number> <itype>[A; a]</itype><trans> bathe s.o. (slang).
</trans>
</sense></hom></entry>");
INSERT INTO `wced_head` (entryid, head, normalized_head, type, pos) VALUES (5550, "gúli", "guli", "m", "nv");
INSERT INTO `wced_translation` (entryid, translation) VALUES (5550, "bath");
INSERT INTO `wced_entry` VALUES (5551, "gulimuk", "275", "<entry page=""275"" id=""5551""><form id=""gulixmuk"" lang=""ceb"">gulímuk</form>
<hom role=""v""><pos>v</pos>
<sense n=""0""> <itype>[A]</itype><trans> </trans>
</sense>
<sense n=""1""><number>1</number><trans> <tr>wriggle</tr>, move incessantly in place, for many things to give the impression of moving about in place. </trans>
<eg><i lang=""ceb"">Ámung gilantaw ang mga táwung naggulímuk sa plása,</i><trans> We looked at the people moving about in the plaza. </trans></eg>
</sense>
<sense n=""2""><number>2</number><trans> have a creeping, tingling sensation as if little bugs were crawling over one. </trans>
<eg><i lang=""ceb"">Migulímuk ang ákung kaunúran,</i><trans> My flesh tingled.
</trans></eg>
</sense></hom></entry>");
INSERT INTO `wced_head` (entryid, head, normalized_head, type, pos) VALUES (5551, "gulímuk", "gulimuk", "m", "v");
INSERT INTO `wced_translation` (entryid, translation) VALUES (5551, "wriggle");
INSERT INTO `wced_entry` VALUES (5552, "gulis", "275", "<entry page=""275"" id=""5552""><form id=""guxlis"" lang=""ceb"">gúlis</form>
<hom role=""v""><pos>v</pos>
<sense n=""0""> <itype>[A; ab2]</itype><trans> tear along the grain into long strips. </trans>
<eg><i lang=""ceb"">Gigúlis níya ang bulad núkus,</i><trans> He tore the dried squid into long pieces. </trans></eg>
</sense></hom>
<entry><form id=""gulis"" lang=""ceb""><abbr expan=""gulis"">(→)</abbr></form>
<hom role=""v""><pos>v</pos>
<sense n=""0""> <itype>[A; ab2]</itype><trans> make a long, slender scratch mark. </trans>
<eg><i lang=""ceb"">Si Nína ang migulis sa ákung nawung,</i><trans> Nena was the one who scratched my face. </trans></eg>
</sense></hom>
<hom role=""a""><pos>a</pos>
<sense n=""0""><trans> shredded into long strips, scratched. </trans>
<eg><i lang=""ceb"">Gulis nga sinínà,</i><trans> A dress torn to shreds. </trans></eg>
</sense></hom>
<hom role=""n""><pos>n</pos>
<sense n=""1""><number>1</number><trans> long strip. </trans>
</sense>
<sense n=""2""><number>2</number><trans> long, slender scratch. </trans>
<eg><i lang=""ceb"">Dúnay gulis ang sámin,</i><trans> The mirror has a scratch on it.
</trans></eg>
</sense></hom></entry></entry>");
INSERT INTO `wced_head` (entryid, head, normalized_head, type, pos) VALUES (5552, "gúlis", "gulis", "m", "v");
INSERT INTO `wced_head` (entryid, head, normalized_head, type, pos) VALUES (5552, "gulis", "gulis", "s", "van");
INSERT INTO `wced_entry` VALUES (5553, "*guliyang", "275", "<entry page=""275"" id=""5553""><form id=""xxgulixyang"" lang=""ceb"">*gulíyang</form>
<entry><form id=""kagulixyang"" lang=""ceb""><abbr expan=""kagulíyang"">ka-</abbr></form>
<hom role=""n""><pos>n</pos>
<sense n=""0""><trans> confusion of ideas, sounds, and motion. </trans>
</sense></hom>
<hom role=""v""><pos>v</pos>
<sense n=""1""><number>1</number> <itype>[B1456; b3]</itype><trans> be in wild confusion. </trans>
<eg><i lang=""ceb"">Hurimintádu ang gikaguliyángan sa mga táwu,</i><trans> The people were in a panic because of a man that ran amok. </trans></eg>
</sense>
<sense n=""2""><number>2</number><trans> be in great disorder, topsy-turvy. </trans>
<eg><i lang=""ceb"">Nagkagulíyang lang ang balay kay way binatunan,</i><trans> The house is in a mess because there’s no maid.
</trans></eg>
</sense></hom></entry></entry>");
INSERT INTO `wced_head` (entryid, head, normalized_head, type, pos) VALUES (5553, "gulíyang", "guliyang", "s", "");
INSERT INTO `wced_head` (entryid, head, normalized_head, type, pos) VALUES (5553, "kagulíyang", "kaguliyang", "s", "nv");
INSERT INTO `wced_entry` VALUES (5554, "gulpi", "275", "<entry page=""275"" id=""5554""><form id=""gulpi"" lang=""ceb"">gulpi</form>
<hom role=""a""><pos>a</pos>
<sense n=""1""><number>1</number><trans> be done in great numbers at one time. </trans>
<eg><i lang=""ceb"">Gulpi nang isdáa makúhà kay timputimpu man nà,</i><trans> That fish is caught in great quantity because it comes in seasonally. </trans></eg>
</sense>
<sense n=""2""><number>2</number><trans> be done in great force or intensity. </trans>
<eg><i lang=""ceb"">Gulpi mangasábà ang ámung ámu,</i><trans> Our boss scolds us very harshly. </trans></eg>
<eg><i lang=""ceb"">Gulpi nga pagkaigù ang íyang suwang,</i><trans> His chin was hit very hard. </trans></eg>
</sense></hom>
<hom role=""v""><pos>v</pos>
<sense n=""0""> <itype>[A; ab2]</itype><trans> </trans>
</sense>
<sense n=""1""><number>1</number><trans> do s.t. in large quantity at one time. </trans>
<eg><i lang=""ceb"">Ayaw gulpíha pagkúhà kay muángal ang tag-íya,</i><trans> Don’t take a lot because the owner won’t like it. </trans></eg>
</sense>
<sense n=""2""><number>2</number><trans> do s.t. with great intensity or force. </trans>
<eg><i lang=""ceb"">Ayaw gulpíha pagbúnal ang bátà,</i><trans> Don’t beat the child severely. </trans></eg>
<eg><i lang=""ceb"">Nagulpihan ra nímu paghugut ang grípu,</i><trans> You closed the faucet too tight. </trans></eg>
</sense></hom>
<entry><form id=""gulpi_diguxlat"" lang=""ceb""><abbr expan=""gulpi"">—</abbr> digúlat</form>
<hom>
<sense n=""0""><trans> (not without <ix>l</ix>) </trans>
</sense></hom>
<hom role=""a""><pos>a</pos>
<sense n=""0""><trans> <tr>boastful</tr>, <tr>braggart</tr> (slang). </trans>
</sense></hom>
<hom role=""v""><pos>v</pos>
<sense n=""0""> <itype>[B12]</itype><trans> become boastful.
</trans>
</sense></hom></entry></entry>");
INSERT INTO `wced_head` (entryid, head, normalized_head, type, pos) VALUES (5554, "gulpi", "gulpi", "m", "av");
INSERT INTO `wced_head` (entryid, head, normalized_head, type, pos) VALUES (5554, "gulpi digúlat", "gulpi digulat", "s", "av");
INSERT INTO `wced_translation` (entryid, translation) VALUES (5554, "boastful");
INSERT INTO `wced_translation` (entryid, translation) VALUES (5554, "braggart");
INSERT INTO `wced_entry` VALUES (5555, "gulub", "275", "<entry page=""275"" id=""5555""><form id=""gulub"" lang=""ceb"">gulub</form>
<hom role=""v""><pos>v</pos>
<sense n=""0""> <itype>[A; ab2]</itype><trans> slice a piece or part of s.t. with a single motion. </trans>
<eg><i lang=""ceb"">Siyay naggulub sa kúgun,</i><trans> She cut down the saw grass. </trans></eg>
<eg><i lang=""ceb"">Guluban tika sa inasal,</i><trans> I’ll slice a piece of the roast pig for you. </trans></eg>
</sense></hom>
<hom role=""n""><pos>n</pos>
<sense n=""0""><trans> a piece or a part cut off of s.t. with a single motion. </trans>
<eg><i lang=""ceb"">Duha ka dagkung gulub sa kík ang nahurut,</i><trans> They consumed two large slices of cake. </trans></eg>
</sense></hom>
<entry><form id=""pagulub"" lang=""ceb""><abbr expan=""pagulub"">pa-</abbr></form>
<hom role=""v""><pos>v</pos>
<sense n=""0""> <itype>[A; ab]</itype><trans> have <pb n=""276""/>s.o. cut s.t. off. </trans>
<eg><i lang=""ceb"">Magpagulub siya sa íyang buhuk,</i><trans> She will have her hair cut short.
</trans></eg>
</sense></hom></entry></entry>");
INSERT INTO `wced_head` (entryid, head, normalized_head, type, pos) VALUES (5555, "gulub", "gulub", "m", "vn");
INSERT INTO `wced_head` (entryid, head, normalized_head, type, pos) VALUES (5555, "pagulub", "pagulub", "s", "v");
INSERT INTO `wced_entry` VALUES (5556, "gulubgulub", "276", "<entry page=""276"" id=""5556""><form id=""gulubgulub"" lang=""ceb"">gulubgulub</form>
<hom role=""v""><pos>v</pos>
<sense n=""0""> <itype>[A; c1]</itype><trans> mumble words unintelligibly, usually in dissatisfaction. </trans>
<eg><i lang=""ceb"">Súkul gihápun nang maggulubgulub ug kasab-an,</i><trans> If you mumble when you are scolded, it is still an act of defiance.
</trans></eg>
</sense></hom></entry>");
INSERT INTO `wced_head` (entryid, head, normalized_head, type, pos) VALUES (5556, "gulubgulub", "gulubgulub", "m", "v");
INSERT INTO `wced_entry` VALUES (5557, "gulunggulung", "276", "<entry page=""276"" id=""5557""><form id=""gulunggulung"" lang=""ceb"">gulunggulung</form>
<hom role=""n""><pos>n</pos>
<sense n=""0""><trans> <tr>baby’s rattle</tr>.
</trans>
</sense></hom></entry>");
INSERT INTO `wced_head` (entryid, head, normalized_head, type, pos) VALUES (5557, "gulunggulung", "gulunggulung", "m", "n");
INSERT INTO `wced_translation` (entryid, translation) VALUES (5557, "baby’s rattle");
INSERT INTO `wced_entry` VALUES (5558, "gulut", "276", "<entry page=""276"" id=""5558""><form id=""gulut"" lang=""ceb"">gulut</form>
<hom role=""n""><pos>n</pos>
<sense n=""1""><number>1</number><trans> crease or long indentation in a surface. </trans>
<eg><i lang=""ceb"">Gulut sa líug,</i><trans> A crease in the neck. </trans></eg>
</sense>
<sense n=""1a""><number>1a</number><trans> a portion of bread broken off at an indentation in the crust. </trans>
<eg><i lang=""ceb"">Usa ka gulut pán,</i><trans> A hunk of bread. </trans></eg>
</sense>
<sense n=""2""><number>2</number><trans> incision made in meat. </trans>
</sense>
<sense n=""3""><number>3</number><trans> a piece, slice, or part of s.t. </trans>
<eg><i lang=""ceb"">Usa ka gulut nga isdà,</i><trans> A slice of fish. </trans></eg>
</sense></hom>
<hom role=""v""><pos>v</pos>
<sense n=""1""><number>1</number> <itype>[ABN; b5]</itype><trans> get creases or become filled with folds. </trans>
<eg><i lang=""ceb"">Migulut ang íyang tiyan sa katambuk,</i><trans> His stomach become creased with fat. </trans></eg>
</sense>
<sense n=""1a""><number>1a</number><trans> become wrinkled. </trans>
<eg><i lang=""ceb"">Nagulut ang íyang sinínà,</i><trans> Her dress got wrinkled. </trans></eg>
</sense>
<sense n=""2""><number>2</number> <itype>[A; b5]</itype><trans> make an <tr>incision</tr> in s.t. </trans>
<eg><i lang=""ceb"">Kinsay migulut sa lamísa nga bag-ung pinintálan?</i><trans> Who made a cut on the newly painted table? </trans></eg>
<eg><i lang=""ceb"">Guluta (guluti) ang isdang asinun,</i><trans> Cut an incision into the fish to salt it. </trans></eg>
</sense>
<sense n=""3""><number>3</number> <itype>[AB; ab5c1]</itype><trans> slice into pieces. </trans>
<eg><i lang=""ceb"">Naggulut ku sa karni nga lat-an,</i><trans> I was cutting the meat into pieces to stew it. </trans></eg>
</sense></hom>
<hom role=""a""><pos>a</pos>
<sense n=""0""><trans> <tr>scarred</tr>, <tr>wrinkled</tr>. </trans>
<eg><i lang=""ceb"">Gulut nga kapáyas,</i><trans> A scarred (wrinkled) papaya.
</trans></eg>
</sense></hom></entry>");
INSERT INTO `wced_head` (entryid, head, normalized_head, type, pos) VALUES (5558, "gulut", "gulut", "m", "nva");
INSERT INTO `wced_translation` (entryid, translation) VALUES (5558, "incision");
INSERT INTO `wced_translation` (entryid, translation) VALUES (5558, "scarred");
INSERT INTO `wced_translation` (entryid, translation) VALUES (5558, "wrinkled");
INSERT INTO `wced_entry` VALUES (5559, "gulwa", "276", "<entry page=""276"" id=""5559""><form id=""gulwaq"" lang=""ceb"">gulwà</form>
<hom role=""v""><pos>v</pos>
<sense n=""0""> <itype>[A2; b6]</itype><trans> go out, come out in a hesitant or forced manner. </trans>
<eg><i lang=""ceb"">Dì mugulwà ang kágang ug náay táwu,</i><trans> The land crab won’t come out if there are people around. </trans></eg>
<eg><i lang=""ceb"">Dì makagulwà ang nánà sa hubag ug dì pislítun,</i><trans> The pus in the boil will not come out if you don’t squeeze it.
</trans></eg>
</sense></hom></entry>");
INSERT INTO `wced_head` (entryid, head, normalized_head, type, pos) VALUES (5559, "gulwà", "gulwa", "m", "v");
INSERT INTO `wced_entry` VALUES (5560, "guma", "276", "<entry page=""276"" id=""5560""><form id=""guxma"" lang=""ceb"">gúma</form>
<hom role=""n""><pos>n</pos>
<sense n=""1""><number>1</number><trans> <tr>rubber</tr>. </trans>
<eg><i lang=""ceb"">Punúan sa gúma,</i><trans> Rubber tree. </trans></eg>
</sense>
<sense n=""2""><number>2</number><trans> rubber tire. </trans>
<eg><i lang=""ceb"">Hiyúsi ang gúma sa awtu,</i><trans> Deflate the tires of the car. </trans></eg>
</sense>
<sense n=""3""><number>3</number><trans> stuff, put in cloth to give weight. </trans>
</sense>
<sense n=""4""><number>4</number><trans> <xr lang=""ceb"" target=""#di-"">= <sc>di-</sc>.</xr> </trans>
</sense></hom>
<hom role=""v""><pos>v</pos>
<sense n=""0""> <itype>[A3]</itype><trans> </trans>
</sense>
<sense n=""1""><number>1</number><trans> <xr lang=""ceb"" target=""#di-"">= <sc>di-</sc>.</xr> </trans>
</sense>
<sense n=""2""><number>2</number> <itype>[A123P; b4]</itype><trans> be filled with excitement or eagerness for s.t. </trans>
<eg><i lang=""ceb"">Gumáhan ang mga bátà ug náay bag-ung sinínà,</i><trans> The children get filled with excitement over new clothes. </trans></eg>
<eg><i lang=""ceb"">Gigumáhan kaáyu siya pag-adtu sa parti,</i><trans> She was all excited about going to the party. </trans></eg>
</sense></hom>
<entry><form id=""gumaguxma"" lang=""ceb"">gumagúma</form>
<hom role=""v""><pos>v</pos>
<sense n=""0""> <itype>[A3; b6]</itype><trans> wear rubber shoes on an inappropriate occasion or place. </trans>
<eg><i lang=""ceb"">Gumagumáhan lang nímu ang simbahan,</i><trans> You’re wearing tennis shoes to church. </trans></eg>
</sense></hom></entry>
<entry><form id=""diguxma"" lang=""ceb""><abbr expan=""digúma"">di-</abbr></form>
<hom>
<sense n=""1""><number>1</number><trans> of rubber. </trans>
</sense>
<sense n=""2""><number>2</number><trans> rubber shoes. </trans>
</sense></hom>
<hom role=""v""><pos>v</pos>
<sense n=""0""> <itype>[A3]</itype><trans> wear rubber shoes. </trans>
</sense></hom></entry>
<entry><form id=""gumaxhan"" lang=""ceb"">gumáhan</form>
<hom role=""n""><pos>n</pos>
<sense n=""0""><trans> <tr>rubber plantation</tr>. </trans>
</sense></hom></entry>
<entry><form id=""gumaxhun"" lang=""ceb"">gumáhun</form>
<hom role=""a""><pos>a</pos>
<sense n=""0""><trans> for cloth to have s.t. mixed in it to give it weight. </trans>
<eg><i lang=""ceb"">Panaptung gumáhun,</i><trans> Weighted cloth.
</trans></eg>
</sense></hom></entry></entry>");
INSERT INTO `wced_head` (entryid, head, normalized_head, type, pos) VALUES (5560, "gúma", "guma", "m", "nv");
INSERT INTO `wced_head` (entryid, head, normalized_head, type, pos) VALUES (5560, "gumagúma", "gumaguma", "s", "v");
INSERT INTO `wced_head` (entryid, head, normalized_head, type, pos) VALUES (5560, "digúma", "diguma", "s", "v");
INSERT INTO `wced_head` (entryid, head, normalized_head, type, pos) VALUES (5560, "gumáhan", "gumahan", "s", "n");
INSERT INTO `wced_head` (entryid, head, normalized_head, type, pos) VALUES (5560, "gumáhun", "gumahun", "s", "a");
INSERT INTO `wced_translation` (entryid, translation) VALUES (5560, "rubber");
INSERT INTO `wced_translation` (entryid, translation) VALUES (5560, "rubber plantation");
INSERT INTO `wced_entry` VALUES (5561, "gumbul", "276", "<entry page=""276"" id=""5561""><form id=""gumbul"" lang=""ceb"">gumbul</form>
<hom role=""v""><pos>v</pos>
<sense n=""0""> <itype>[A3; b3c]</itype><trans> complain to express dissatisfaction over s.t. </trans>
<eg><i lang=""ceb"">Gisúsi na kun unsay gigumbúlan sa miaklas,</i><trans> They investigated the strikers’ complaints. </trans></eg>
</sense></hom>
<hom role=""n""><pos>n</pos>
<sense n=""0""><trans> <tr>complaint</tr>. </trans>
</sense></hom>
<entry><form id=""gumbulan"" lang=""ceb""><abbr expan=""gumbulan"">-an(→)</abbr></form>
<hom role=""a""><pos>a</pos>
<sense n=""0""><trans> fond of complaining. </trans>
</sense></hom>
<hom role=""v""><pos>v</pos>
<sense n=""0""> <itype>[B]</itype><trans> get to be a grumbler.
</trans>
</sense></hom></entry></entry>");
INSERT INTO `wced_head` (entryid, head, normalized_head, type, pos) VALUES (5561, "gumbul", "gumbul", "m", "vn");
INSERT INTO `wced_head` (entryid, head, normalized_head, type, pos) VALUES (5561, "gumbulan", "gumbulan", "s", "av");
INSERT INTO `wced_translation` (entryid, translation) VALUES (5561, "complaint");
INSERT INTO `wced_entry` VALUES (5562, "gumu", "276", "<entry page=""276"" id=""5562""><form id=""guxmuq"" lang=""ceb"">gúmù</form>
<hom role=""v""><pos>v</pos>
<sense n=""0""> <itype>[A; a]</itype><trans> clutch s.t. with the palm of one’s hand and squeeze. </trans>
<eg><i lang=""ceb"">Gigúmù níya ang kwarta,</i><trans> He clasped the money tightly in his hand. </trans></eg>
<eg><i lang=""ceb"">Gumúun ku nang ímung simud kay tabian ka,</i><trans> I’ll squeeze your snout with my hand because you talk too much. </trans></eg>
</sense>
<sense n=""2""><number>2</number> <itype>[A; a]</itype><trans> <tr>crumple</tr>. </trans>
<eg><i lang=""ceb"">Makagúmù kag sín?</i><trans> Can you crumple a sheet of galvanized iron with your hands? </trans></eg>
</sense>
<sense n=""3""><number>3</number><trans> hold on tight to money, keep it carefully. </trans>
<eg><i lang=""ceb"">Himúa siyang tisuríra kay maáyung mugúmù ug kwarta,</i><trans> Make her the treasurer because she is very careful with money. </trans></eg>
</sense></hom>
<hom role=""a""><pos>a</pos>
<sense n=""0""><trans> tight with money. </trans>
</sense></hom>
<entry><form id=""gumuq"" lang=""ceb""><abbr expan=""gumù"">(→)</abbr></form>
<hom role=""a""><pos>a</pos>
<sense n=""0""><trans> <tr>crumpled</tr>, <tr>creased</tr>, <tr>rumpled</tr>. </trans>
<eg><i lang=""ceb"">Gumù ang íyang gisul-ub,</i><trans> She was wearing a crumpled dress.
</trans></eg>
</sense></hom></entry></entry>");
INSERT INTO `wced_head` (entryid, head, normalized_head, type, pos) VALUES (5562, "gúmù", "gumu", "m", "va");
INSERT INTO `wced_head` (entryid, head, normalized_head, type, pos) VALUES (5562, "gumù", "gumu", "s", "a");
INSERT INTO `wced_translation` (entryid, translation) VALUES (5562, "crumple");
INSERT INTO `wced_translation` (entryid, translation) VALUES (5562, "crumpled");
INSERT INTO `wced_translation` (entryid, translation) VALUES (5562, "creased");
INSERT INTO `wced_translation` (entryid, translation) VALUES (5562, "rumpled");
INSERT INTO `wced_entry` VALUES (5563, "gumudgumud", "276", "<entry page=""276"" id=""5563""><form id=""gumudgumud"" lang=""ceb"">gumudgumud</form>
<hom role=""v""><pos>v</pos>
<sense n=""0""> <itype>[A; b3c]</itype><trans> <tr>grumbling</tr> under one’s breath. </trans>
<eg><i lang=""ceb"">Dílì maáyung maggumudgumud kun kasab-an,</i><trans> It’s no good to mumble when you are scolded.
</trans></eg>
</sense></hom></entry>");
INSERT INTO `wced_head` (entryid, head, normalized_head, type, pos) VALUES (5563, "gumudgumud", "gumudgumud", "m", "v");
INSERT INTO `wced_translation` (entryid, translation) VALUES (5563, "grumbling");
INSERT INTO `wced_entry` VALUES (5564, "gumuk", "276", "<entry page=""276"" id=""5564""><form id=""guxmuk"" lang=""ceb"">gúmuk</form>
<hom role=""v""><pos>v</pos>
<sense n=""0""> <itype>[AB126; a12]</itype><trans> tangle string, thread, etc. up. </trans>
<eg><i lang=""ceb"">Ang bakasi mauy naggúmuk sa íyang pasul,</i><trans> The small black eel got itself entangled in his line. </trans></eg>
<eg><i lang=""ceb"">Magúmuk giyud nang alundris ug ímung padwáan sa bátà,</i><trans> That ball of sewing thread will surely get all tangled up if you let the child play with it. </trans></eg>
</sense></hom>
<entry><form id=""gumuk"" lang=""ceb""><abbr expan=""gumuk"">(→)</abbr></form>
<hom role=""a""><pos>a</pos>
<sense n=""0""><trans> all tangled up.
</trans>
</sense></hom></entry></entry>");
INSERT INTO `wced_head` (entryid, head, normalized_head, type, pos) VALUES (5564, "gúmuk", "gumuk", "m", "v");
INSERT INTO `wced_head` (entryid, head, normalized_head, type, pos) VALUES (5564, "gumuk", "gumuk", "s", "a");
INSERT INTO `wced_entry` VALUES (5565, "gumun", "276", "<entry page=""276"" id=""5565""><form id=""guxmun"" lang=""ceb"">gúmun</form>
<hom role=""n""><pos>n</pos>
<sense n=""0""><trans> ball of entangled fiber, hair, and the like. </trans>
<eg><i lang=""ceb"">Ang bangag sa labábu nahut-ag gúmun sa buhuk,</i><trans> The spout in the wash basin got plugged up with a ball of hair. </trans></eg>
</sense></hom>
<hom role=""v""><pos>v</pos>
<sense n=""1""><number>1</number> <itype>[A; a]</itype><trans> make a ball of entangled fibers. </trans>
</sense>
<sense n=""2""><number>2</number> <itype>[B; c]</itype><trans> get entangled in sin, intrigues, etc. </trans>
<eg><i lang=""ceb"">Ang táwung naggúmun sa súgal,</i><trans> A man deeply hooked to gambling. </trans></eg>
<eg><i lang=""ceb"">Ang mga mulupyù nagúmun sa pulitikanhung intríga,</i><trans> The inhabitants are entangled in the political intrigues. </trans></eg>
<eg><i lang=""ceb"">Ayawg igúmun ang ímung kaugalíngun sa útang,</i><trans> Don’t let yourself get entangled in debts.
</trans></eg>
</sense></hom></entry>");
INSERT INTO `wced_head` (entryid, head, normalized_head, type, pos) VALUES (5565, "gúmun", "gumun", "m", "nv");
INSERT INTO `wced_entry` VALUES (5566, "gumunhap", "276", "<entry page=""276"" id=""5566""><form id=""gumunhap"" lang=""ceb"">gumunhap</form>
<hom role=""n""><pos>n</pos>
<sense n=""0""><trans> difficult problem. </trans>
<eg><i lang=""ceb"">Gumunhap sa kinabúhì,</i><trans> A difficult problem in life.
</trans></eg>
</sense></hom></entry>");
INSERT INTO `wced_head` (entryid, head, normalized_head, type, pos) VALUES (5566, "gumunhap", "gumunhap", "m", "n");
INSERT INTO `wced_entry` VALUES (5567, "gum-us", "276", "<entry page=""276"" id=""5567""><form id=""gum-us"" lang=""ceb"">gum-us</form>
<hom role=""a""><pos>a</pos>
<sense n=""1""><number>1</number><trans> <tr>wrinkled</tr>, <tr>crumpled</tr>. </trans>
<eg><i lang=""ceb"">Gum-us ang sinínà,</i><trans> The shirt is wrinkled. </trans></eg>
</sense>
<sense n=""2""><number>2</number><trans> for hair to be disorderly, tangled. </trans>
<eg><i lang=""ceb"">Gum-us ang íyang buhuk,</i><trans> She has tangled hair. </trans></eg>
</sense>
<sense n=""3""><number>3</number><trans> for a woman to be unchaste. </trans>
</sense></hom>
<hom role=""v""><pos>v</pos>
<sense n=""0""> <itype>[A3P; a]</itype><trans> </trans>
</sense>
<sense n=""1""><number>1</number><trans> <tr>wrinkle</tr>, <tr>crumple</tr>. </trans>
<eg><i lang=""ceb"">Ayawg gum-úsa ang papil,</i><trans> Don’t crumple the paper. </trans></eg>
</sense>
<sense n=""2""><number>2</number><trans> disarrange hair. </trans>
</sense>
<sense n=""3""><number>3</number><trans> dishonor a woman by making love to her. </trans>
<eg><i lang=""ceb"">Akuy mugum-us ánang istriktang dakù,</i><trans> I’ll deflower that professional virgin. </trans></eg>
</sense></hom>
<hom role=""n""><pos>n</pos>
<sense n=""0""><trans> wrinkle in cloth, paper, and the like.
</trans>
</sense></hom></entry>");
INSERT INTO `wced_head` (entryid, head, normalized_head, type, pos) VALUES (5567, "gum-us", "gum-us", "m", "avn");
INSERT INTO `wced_translation` (entryid, translation) VALUES (5567, "wrinkled");
INSERT INTO `wced_translation` (entryid, translation) VALUES (5567, "crumpled");
INSERT INTO `wced_translation` (entryid, translation) VALUES (5567, "wrinkle");
INSERT INTO `wced_translation` (entryid, translation) VALUES (5567, "crumple");
INSERT INTO `wced_entry` VALUES (5568, "gum-ut", "276", "<entry page=""276"" id=""5568""><form id=""gum-ut"" lang=""ceb"">gum-ut</form>
<hom role=""a""><pos>a</pos>
<sense n=""1""><number>1</number><trans> <xr lang=""ceb"" target=""#gum-us"">= <sc>gum-us</sc>, <ix>a 1</ix>.</xr> </trans>
</sense>
<sense n=""2""><number>2</number><trans> sullen in expression. </trans>
</sense></hom>
<hom role=""v""><pos>v</pos>
<sense n=""1""><number>1</number><trans> <xr lang=""ceb"" target=""#gum-us"">= <sc>gum-us</sc>, <ix>v 1</ix>.</xr> </trans>
</sense>
<sense n=""2""><number>2</number> <itype>[B46]</itype><trans> be <pb n=""277""/>sour faced. </trans>
<eg><i lang=""ceb"">Maggum-ut dáyun nang íyang hitsúra kun supákun,</i><trans> He gets a sour expression when s.o. opposes him. </trans></eg>
</sense></hom>
<hom role=""n""><pos>n</pos>
<sense n=""0""><trans> <xr lang=""ceb"" target=""#gum-us"">= <sc>gum-us</sc>, <i lang=""ceb"">n</i>.</xr> </trans>
</sense></hom>
<entry><form id=""sagum-ut"" lang=""ceb""><abbr expan=""sagum-ut"">sa-</abbr></form>
<hom>
<sense n=""0""><trans> <xr lang=""ceb"" target=""#sagum-ut"">= <sc>sagum-ut</sc>.</xr>
</trans>
</sense></hom></entry></entry>");
INSERT INTO `wced_head` (entryid, head, normalized_head, type, pos) VALUES (5568, "gum-ut", "gum-ut", "m", "avn");
INSERT INTO `wced_head` (entryid, head, normalized_head, type, pos) VALUES (5568, "sagum-ut", "sagum-ut", "s", "");
INSERT INTO `wced_entry` VALUES (5569, "guna", "277", "<entry page=""277"" id=""5569""><form id=""guxna"" lang=""ceb"">gúna</form>
<hom role=""v""><pos>v</pos>
<sense n=""0""> <itype>[A; a]</itype><trans> weed with a bolo. </trans>
<eg><i lang=""ceb"">Gunáha nang sagbut sa nataran,</i><trans> Chop out the weeds in the yard. </trans></eg>
</sense></hom>
<hom role=""n""><pos>n</pos>
<sense n=""0""><trans> action of weeding. </trans>
</sense></hom>
<entry><form id=""guna"" lang=""ceb""><abbr expan=""guna"">(→)</abbr></form>
<hom role=""n""><pos>n</pos>
<sense n=""0""><trans> short dull <tr>bolo</tr> with a blunt end used for weeding. </trans>
</sense></hom>
<hom role=""v""><pos>v</pos>
<sense n=""0""> <itype>[A; a]</itype><trans> hit with a bolo. </trans>
</sense></hom></entry>
<entry><form id=""gunahun"" lang=""ceb"">gunahun</form>
<hom role=""n""><pos>n</pos>
<sense n=""0""><trans> weeds to be removed.
</trans>
</sense></hom></entry></entry>");
INSERT INTO `wced_head` (entryid, head, normalized_head, type, pos) VALUES (5569, "gúna", "guna", "m", "vn");
INSERT INTO `wced_head` (entryid, head, normalized_head, type, pos) VALUES (5569, "guna", "guna", "s", "nv");
INSERT INTO `wced_head` (entryid, head, normalized_head, type, pos) VALUES (5569, "gunahun", "gunahun", "s", "n");
INSERT INTO `wced_translation` (entryid, translation) VALUES (5569, "bolo");
INSERT INTO `wced_entry` VALUES (5570, "guna", "277", "<entry page=""277"" id=""5570""><form id=""gunaq"" lang=""ceb"">gunà</form>
<hom role=""n""><pos>n</pos>
<sense n=""1""><number>1</number><trans> <tr>crack</tr>. </trans>
<eg><i lang=""ceb"">May gunà ang básu,</i><trans> The glass has a crack in it. </trans></eg>
</sense>
<sense n=""2""><number>2</number><trans> weak spot in an elastic band.
</trans>
</sense></hom></entry>");
INSERT INTO `wced_head` (entryid, head, normalized_head, type, pos) VALUES (5570, "gunà", "guna", "m", "n");
INSERT INTO `wced_translation` (entryid, translation) VALUES (5570, "crack");
INSERT INTO `wced_entry` VALUES (5571, "gunas", "277", "<entry page=""277"" id=""5571""><form id=""gunas"" lang=""ceb"">gunas</form>
<hom role=""n""><pos>n</pos>
<sense n=""0""><trans> grain texture, surface structure of wood.
</trans>
</sense></hom></entry>");
INSERT INTO `wced_head` (entryid, head, normalized_head, type, pos) VALUES (5571, "gunas", "gunas", "m", "n");
INSERT INTO `wced_entry` VALUES (5572, "gunat", "277", "<entry page=""277"" id=""5572""><form id=""guxnat"" lang=""ceb"">gúnat</form>
<hom role=""n""><pos>n</pos>
<sense n=""0""><trans> texture of meat. </trans>
<eg><i lang=""ceb"">Pínu ang gúnat sa manuk kay sa báka,</i><trans> The texture of chicken meat is finer than that of beef.
</trans></eg>
</sense></hom></entry>");
INSERT INTO `wced_head` (entryid, head, normalized_head, type, pos) VALUES (5572, "gúnat", "gunat", "m", "n");
INSERT INTO `wced_entry` VALUES (5573, "gunaw, gunaw", "277", "<entry page=""277"" id=""5573""><form id=""gunaw_guxnaw"" lang=""ceb"">gunaw, gúnaw</form>
<hom role=""v""><pos>v</pos>
<sense n=""0""> <itype>[AB23(1); a]</itype><trans> </trans>
</sense>
<sense n=""1""><number>1</number><trans> melt, dissolve s.t. </trans>
<eg><i lang=""ceb"">Usa ra ka bumba ang migúnaw sa isla,</i><trans> One bomb was enough to obliterate the island. </trans></eg>
<eg><i lang=""ceb"">Mugúnaw (magúnaw) ang kandílà kun idangdang mu sa kaláyu,</i><trans> A candle will melt if you place it near a fire. </trans></eg>
<eg><i lang=""ceb"">Naggúnaw siyag tinggà nga himúung pamatu,</i><trans> He melted some lead to make into a sinker. </trans></eg>
<eg><i lang=""ceb"">Igúnaw (gunáwa) sa túbig ang pulbus nga gátas,</i><trans> Dissolve the powdered milk in water. </trans></eg>
</sense>
<sense n=""2""><number>2</number><trans> disappear as if melted. </trans>
<eg><i lang=""ceb"">Usáhay anhà ra sa piskalíya magúnaw ug mamatay ang kásu,</i><trans> Sometimes the cases dissolve in the fiscal’s office and meet their end.
</trans></eg>
</sense></hom></entry>");
INSERT INTO `wced_head` (entryid, head, normalized_head, type, pos) VALUES (5573, "gunaw", "gunaw", "s", "v");
INSERT INTO `wced_head` (entryid, head, normalized_head, type, pos) VALUES (5573, "gúnaw", "gunaw", "s", "v");
INSERT INTO `wced_entry` VALUES (5574, "gundya", "277", "<entry page=""277"" id=""5574""><form id=""gundyaq"" lang=""ceb"">gundyà</form>
<hom>
<sense n=""0""><trans> <xr lang=""ceb"" target=""#ganixna"">= <sc>ganína</sc> (dialectal).</xr>
</trans>
</sense></hom></entry>");
INSERT INTO `wced_head` (entryid, head, normalized_head, type, pos) VALUES (5574, "gundyà", "gundya", "m", "");
INSERT INTO `wced_entry` VALUES (5575, "gunga", "277", "<entry page=""277"" id=""5575""><form id=""guxnga"" lang=""ceb"">gúnga</form>
<hom role=""v""><pos>v</pos>
<sense n=""0""> <itype>[AB2; c1]</itype><trans> for the nostrils to spread apart, make them spread apart. </trans>
<eg><i lang=""ceb"">Migúnga ang íyang ilung kay dúna siyay natimahuan,</i><trans> His nostrils spread because he smelled s.t. </trans></eg>
</sense></hom>
<hom role=""n""><pos>n</pos>
<sense n=""0""><trans> amount the nostrils are dilated. </trans>
</sense></hom>
<hom role=""a""><pos>a</pos>
<sense n=""0""><trans> for the nostrils to be large. </trans>
</sense></hom>
<entry><form id=""gungahun"" lang=""ceb"">gungahun</form>
<hom role=""a""><pos>a</pos>
<sense n=""0""><trans> having large nostrils.
</trans>
</sense></hom></entry></entry>");
INSERT INTO `wced_head` (entryid, head, normalized_head, type, pos) VALUES (5575, "gúnga", "gunga", "m", "vna");
INSERT INTO `wced_head` (entryid, head, normalized_head, type, pos) VALUES (5575, "gungahun", "gungahun", "s", "a");
INSERT INTO `wced_entry` VALUES (5576, "gunggung1", "277", "<entry page=""277"" id=""5576""><form id=""gunggung"" lang=""ceb"">gunggung<sub>1</sub></form>
<hom>
<sense n=""0""><trans> <corr><number>1</number> </corr></trans>
</sense></hom>
<hom role=""n""><pos>n</pos>
<sense n=""0""><trans> grunts (<bio>Theraponidae</bio>) similar in appearance to the <ix>bugáung</ix> but very small. </trans>
</sense>
<sense n=""2""><number>2</number><trans> name given to slow-witted persons.
</trans>
</sense></hom></entry>");
INSERT INTO `wced_head` (entryid, head, normalized_head, type, pos) VALUES (5576, "gunggung", "gunggung", "s", "n");
INSERT INTO `wced_entry` VALUES (5577, "gunggung2", "277", "<entry page=""277"" id=""5577""><form id=""gunggung2"" lang=""ceb"">gunggung<sub>2</sub></form>
<hom role=""v""><pos>v</pos>
<sense n=""0""> <itype>[A; c1]</itype><trans> broil small dried fish by putting them in a dish with embers and shaking the dish back and forth.
</trans>
</sense></hom></entry>");
INSERT INTO `wced_head` (entryid, head, normalized_head, type, pos) VALUES (5577, "gunggung", "gunggung", "s", "v");
INSERT INTO `wced_entry` VALUES (5578, "gunggung3", "277", "<entry page=""277"" id=""5578""><form id=""gunggung3"" lang=""ceb"">gunggung<sub>3</sub></form>
<hom role=""v""><pos>v</pos>
<sense n=""0""> <itype>[B3; b6]</itype><trans> for a wound to swell. </trans>
<eg><i lang=""ceb"">Dì makagunggung ang samad ug tambálag maáyu,</i><trans> The wound won’t swell if it is treated carefully.
</trans></eg>
</sense></hom></entry>");
INSERT INTO `wced_head` (entryid, head, normalized_head, type, pos) VALUES (5578, "gunggung", "gunggung", "s", "v");
INSERT INTO `wced_entry` VALUES (5579, "gungi", "277", "<entry page=""277"" id=""5579""><form id=""guxngiq"" lang=""ceb"">gúngì</form>
<hom role=""v""><pos>v</pos>
<sense n=""1""><number>1</number> <itype>[A; a]</itype><trans> break s.t. off of s.t. </trans>
<eg><i lang=""ceb"">Gigúngì níya ang mga butúnis sa íyang dintru,</i><trans> He plucked the buttons off his shirt. </trans></eg>
<eg><i lang=""ceb"">Gungían ta kag sanga,</i><trans> I’ll break a branch off for you. </trans></eg>
<eg><i lang=""ceb"">Magúngì nang daplin sa kahun ug ímung ibundak,</i><trans> The edge of that box will break off if you hurl it down. </trans></eg>
</sense>
<sense n=""2""><number>2</number> <itype>[A13; a]</itype><trans> pick s.t. out with a small stick or midrib. </trans>
<eg><i lang=""ceb"">Kwarta ang íyang igúngì sa ákung barugánan,</i><trans> He will use money to pry me loose from my stand. </trans></eg>
</sense>
<sense n=""3""><number>3</number> <itype>[A; a]</itype><trans> cut into small slices, segments. </trans>
</sense></hom>
<hom role=""n""><pos>n</pos>
<sense n=""1""><number>1</number><trans> small sticks or slivers. </trans>
</sense>
<sense n=""2""><number>2</number><trans> midrib of palm. </trans>
</sense>
<sense n=""3""><number>3</number><trans> s.t. small and pointed that can be broken off like the tooth of a comb.

</trans>
</sense></hom></entry>");
INSERT INTO `wced_head` (entryid, head, normalized_head, type, pos) VALUES (5579, "gúngì", "gungi", "m", "vn");
INSERT INTO `wced_entry` VALUES (5580, "*gungis", "277", "<entry page=""277"" id=""5580""><form id=""xxguxngis"" lang=""ceb"">*gúngis</form>
<entry><form id=""pangguxnis"" lang=""ceb""><abbr expan=""panggúnis"">paN-</abbr></form>
<hom role=""v""><pos>v</pos>
<sense n=""0""> <itype>[A23]</itype><trans> have grown old in a place, position, or job. </trans>
<eg><i lang=""ceb"">Suhítu siya kay nanggúngis na sa katungdánan,</i><trans> He knows the ropes because he has been in that job all his life. </trans></eg>
</sense></hom></entry>
<entry><form id=""pangguxnis_sa_hiktanan"" lang=""ceb""><abbr expan=""panggúnis"">—</abbr> sa hiktanan</form>
<hom>
<sense n=""0""><trans> become a spinster (lit. grow old in the place one is tied up). </trans>
<eg><i lang=""ceb"">Nanggúngis nang bayhána sa hiktanan tungud sa kapilian,</i><trans> That woman became a spinster because of her choosiness.
</trans></eg>
</sense></hom></entry></entry>");
INSERT INTO `wced_head` (entryid, head, normalized_head, type, pos) VALUES (5580, "gúngis", "gungis", "s", "");
INSERT INTO `wced_head` (entryid, head, normalized_head, type, pos) VALUES (5580, "panggúnis", "panggunis", "s", "v");
INSERT INTO `wced_head` (entryid, head, normalized_head, type, pos) VALUES (5580, "panggúnis sa hiktanan", "panggunis sa hiktanan", "s", "");
INSERT INTO `wced_entry` VALUES (5581, "gungut", "277", "<entry page=""277"" id=""5581""><form id=""guxngut"" lang=""ceb"">gúngut</form>
<hom role=""v""><pos>v</pos>
<sense n=""0""> <itype>[B; aP]</itype><trans> </trans>
</sense>
<sense n=""1""><number>1</number><trans> pierce into s.t. and remain immobile there. </trans>
<eg><i lang=""ceb"">Migúngut ang udiyung sa bukubuku,</i><trans> The dart was stuck firmly into his back. </trans></eg>
</sense>
<sense n=""2""><number>2</number><trans> be stuck so that it can’t move. </trans>
<eg><i lang=""ceb"">Nakagúngut na ang mga sinumpayan sa silya,</i><trans> The joints in the chair have set. </trans></eg>
</sense>
<sense n=""3""><number>3</number> <itype>[B2]</itype><trans> be fixed, immobile. </trans>
<eg><i lang=""ceb"">Ang íyang mga mata migúngut sa kisami,</i><trans> His eyes were fixed to the ceiling.
</trans></eg>
</sense></hom></entry>");
INSERT INTO `wced_head` (entryid, head, normalized_head, type, pos) VALUES (5581, "gúngut", "gungut", "m", "v");
INSERT INTO `wced_entry` VALUES (5582, "gunhub", "277", "<entry page=""277"" id=""5582""><form id=""gunhub"" lang=""ceb"">gunhub</form>
<hom>
<sense n=""0""><trans> <xr lang=""ceb"" target=""#gun-ub"">= <sc>gun-ub</sc>.</xr>
</trans>
</sense></hom></entry>");
INSERT INTO `wced_head` (entryid, head, normalized_head, type, pos) VALUES (5582, "gunhub", "gunhub", "m", "");
INSERT INTO `wced_entry` VALUES (5583, "gunit", "277", "<entry page=""277"" id=""5583""><form id=""guxnit"" lang=""ceb"">gúnit</form>
<hom role=""v""><pos>v</pos>
<sense n=""1""><number>1</number> <itype>[A2S3S; b]</itype><trans> hold on to s.t. to keep it from falling. </trans>
<eg><i lang=""ceb"">Guníti pag-áyu arun dì muhilus,</i><trans> Hold it well so it won’t slip. </trans></eg>
</sense>
<sense n=""1a""><number>1a</number> <itype>[A123S]</itype><trans> <form id=""ixguq_rang_guxnit_sa_dalunggan"" lang=""ceb"">ígù rang <abbr expan=""gúnit"">—</abbr> sa dalunggan</form> barely get a passing grade. </trans>
</sense>
<sense n=""2""><number>2</number> <itype>[C; c]</itype><trans> hold hands. </trans>
<eg><i lang=""ceb"">Makiggúnit giyud siya kun manlákaw mi,</i><trans> She insists on holding hands with me when we go out. </trans></eg>
</sense>
<sense n=""3""><number>3</number> <itype>[A; b]</itype><trans> hold s.t. so as to keep it. </trans>
<eg><i lang=""ceb"">Kinsa may naggúnit sa átung trupi?</i><trans> Who is holding our trophy? </trans></eg>
</sense>
<sense n=""4""><number>4</number> <itype>[A12]</itype><trans> get to touch. </trans>
<eg><i lang=""ceb"">Bisan usa ka dakù sa íyang swildu dì ku kagúnit,</i><trans> I can’t get my hands on even one penny of his salary. </trans></eg>
</sense>
<sense n=""5""><number>5</number> <itype>[A3]</itype><trans> handle or play s.t. skillfully. </trans>
<eg><i lang=""ceb"">Kamau kang mugúnit sa sista?</i><trans> Do you know how to play the guitar? </trans></eg>
</sense>
<sense n=""5a""><number>5a</number> <itype>[A; a]</itype><trans> handle s.t. </trans>
<eg><i lang=""ceb"">Maáyu siyang mugúnit sa íyang nigusyu,</i><trans> He handles his business well. </trans></eg>
</sense></hom>
<entry><form id=""pangguxnit"" lang=""ceb""><abbr expan=""panggúnit"">paN-</abbr></form>
<hom role=""v""><pos>v</pos>
<sense n=""0""> <itype>[A2S; b]</itype><trans> </trans>
</sense>
<sense n=""1""><number>1</number><trans> hold fast onto s.t. to keep from falling. </trans>
<eg><i lang=""ceb"">Panggúnit arun dì ka mahúlug,</i><trans> Hold on tight so you won’t fall. </trans></eg>
</sense>
<sense n=""2""><number>2</number> <form id=""pangguxnit_sa_dalunggan"" lang=""ceb""><abbr expan=""panggúnit"">—</abbr> sa dalunggan</form><trans> hold on to your hats. </trans>
<eg><i lang=""ceb"">Panggúnit sa dalunggan. Magpahaybul ta,</i><trans> Hold on to your hats. We’re going to put on the gas.
</trans></eg>
</sense></hom></entry></entry>");
INSERT INTO `wced_head` (entryid, head, normalized_head, type, pos) VALUES (5583, "gúnit", "gunit", "m", "v");
INSERT INTO `wced_head` (entryid, head, normalized_head, type, pos) VALUES (5583, "ígù rang gúnit sa dalunggan", "igu rang gunit sa dalunggan", "s", "");
INSERT INTO `wced_head` (entryid, head, normalized_head, type, pos) VALUES (5583, "panggúnit", "panggunit", "s", "v");
INSERT INTO `wced_head` (entryid, head, normalized_head, type, pos) VALUES (5583, "panggúnit sa dalunggan", "panggunit sa dalunggan", "s", "");
INSERT INTO `wced_entry` VALUES (5584, "guns", "277", "<entry page=""277"" id=""5584""><form id=""guxns"" lang=""ceb"">gúns</form>
<hom role=""n""><pos>n</pos>
<sense n=""0""><trans> <tr>goon</tr>, <tr>hired thugs</tr>.
</trans>
</sense></hom></entry>");
INSERT INTO `wced_head` (entryid, head, normalized_head, type, pos) VALUES (5584, "gúns", "guns", "m", "n");
INSERT INTO `wced_translation` (entryid, translation) VALUES (5584, "goon");
INSERT INTO `wced_translation` (entryid, translation) VALUES (5584, "hired thugs");
INSERT INTO `wced_entry` VALUES (5585, "gunstabulari", "277", "<entry page=""277"" id=""5585""><form id=""gunstabulaxri"" lang=""ceb"">gunstabulári</form>
<hom>
<sense n=""0""><trans> (from <ix>gúns</ix> plus <ix>kunstabulári</ix>) </trans>
</sense></hom>
<hom role=""n""><pos>n</pos>
<sense n=""0""><trans> goons dressed in constabulary uniforms in the pay of politicians during elections.
</trans>
</sense></hom></entry>");
INSERT INTO `wced_head` (entryid, head, normalized_head, type, pos) VALUES (5585, "gunstabulári", "gunstabulari", "m", "n");
INSERT INTO `wced_entry` VALUES (5586, "*gunsung", "277", "<entry page=""277"" id=""5586""><form id=""xxgunsung"" lang=""ceb"">*gunsung</form>
<hom>
<sense n=""0""><trans> <xr lang=""ceb"" target=""#xxgansang"">= <sc>*gansang</sc>.</xr> </trans>
</sense></hom>
<entry><form id=""gunsunggunsung"" lang=""ceb"">gunsunggunsung</form>
<hom>
<sense n=""0""><trans> <xr lang=""ceb"" target=""#gansanggansang"">= <sc>gansanggansang</sc>.</xr>
</trans>
</sense></hom></entry></entry>");
INSERT INTO `wced_head` (entryid, head, normalized_head, type, pos) VALUES (5586, "gunsung", "gunsung", "s", "");
INSERT INTO `wced_head` (entryid, head, normalized_head, type, pos) VALUES (5586, "gunsunggunsung", "gunsunggunsung", "s", "");
INSERT INTO `wced_entry` VALUES (5587, "guntang", "277", "<entry page=""277"" id=""5587""><form id=""guntang"" lang=""ceb"">guntang</form>
<hom role=""v""><pos>v</pos>
<sense n=""0""> <itype>[A; a]</itype><trans> cut or divide meat with a chopping motion. </trans>
<eg><i lang=""ceb"">Nagguntang ku sa kanding nga kaldiritáhun,</i><trans> I’m cutting the goat <pb n=""278""/>into pieces to make goat stew.
</trans></eg>
</sense></hom></entry>");
INSERT INTO `wced_head` (entryid, head, normalized_head, type, pos) VALUES (5587, "guntang", "guntang", "m", "v");
INSERT INTO `wced_entry` VALUES (5588, "gunting", "278", "<entry page=""278"" id=""5588""><form id=""gunting"" lang=""ceb"">gunting</form>
<hom role=""n""><pos>n</pos>
<sense n=""1""><number>1</number><trans> <tr>scissors</tr>. </trans>
</sense>
<sense n=""2""><number>2</number><trans> scissors in game of <ix>pik</ix> (hammer, scissors, paper). </trans>
</sense></hom>
<hom role=""v""><pos>v</pos>
<sense n=""0""> <itype>[A; a]</itype><trans> cut with scissors. </trans>
<eg><i lang=""ceb"">Guntínga kining kupun,</i><trans> Just cut this coupon out. </trans></eg>
</sense></hom>
<entry><form id=""gigukud_sa_gunting"" lang=""ceb"">gigukud sa <abbr expan=""gunting"">—</abbr></form>
<hom>
<sense n=""0""><trans> badly in need of a haircut (chased by the scissors). </trans>
</sense></hom></entry>
<entry><form id=""pagunting"" lang=""ceb""><abbr expan=""pagunting"">pa-</abbr></form>
<hom role=""v""><pos>v</pos>
<sense n=""0""> <itype>[A1; b6]</itype><trans> have a haircut. </trans>
<eg><i lang=""ceb"">Uy, nagpagunting ang hípi,</i><trans> Hey! The hippie is getting a haircut. </trans></eg>
</sense></hom></entry>
<entry><form id=""ginunting"" lang=""ceb""><abbr expan=""ginunting"">-in-</abbr></form>
<hom role=""n""><pos>n</pos>
<sense n=""0""><trans> scissors position in sexual intercourse. </trans>
</sense></hom>
<hom role=""v""><pos>v</pos>
<sense n=""0""> <itype>[A13]</itype><trans> </trans>
</sense>
<sense n=""1""><number>1</number><trans> swim, sail at an angle into the waves. </trans>
<eg><i lang=""ceb"">Ang lantsa nagginunting sa balud,</i><trans> The launch sailed at an angle into the waves. </trans></eg>
</sense>
<sense n=""2""><number>2</number> <itype>[A]</itype><trans> assume the scissors position.
</trans>
</sense></hom></entry></entry>");
INSERT INTO `wced_head` (entryid, head, normalized_head, type, pos) VALUES (5588, "gunting", "gunting", "m", "nv");
INSERT INTO `wced_head` (entryid, head, normalized_head, type, pos) VALUES (5588, "gigukud sa gunting", "gigukud sa gunting", "s", "");
INSERT INTO `wced_head` (entryid, head, normalized_head, type, pos) VALUES (5588, "pagunting", "pagunting", "s", "v");
INSERT INTO `wced_head` (entryid, head, normalized_head, type, pos) VALUES (5588, "ginunting", "ginunting", "s", "nv");
INSERT INTO `wced_translation` (entryid, translation) VALUES (5588, "scissors");
INSERT INTO `wced_entry` VALUES (5589, "guntudguntud", "278", "<entry page=""278"" id=""5589""><form id=""guntudguntud"" lang=""ceb"">guntudguntud</form>
<hom role=""a""><pos>a</pos>
<sense n=""0""><trans> coarsely <tr>rough</tr> and <tr>uneven</tr>. </trans>
<eg><i lang=""ceb"">Guntudguntud kaáyu ang simintu gawas sa bungbung,</i><trans> The wall has a rough finish on the outside. </trans></eg>
</sense></hom>
<hom role=""v""><pos>v</pos>
<sense n=""0""> <itype>[B; b]</itype><trans> for a surface to be coarsely rough and uneven. </trans>
<eg><i lang=""ceb"">Magguntudguntud ang dálang aspaltúhun ug dì pa agían sa pisun,</i><trans> An asphalted road is rough and uneven before it has been steamrollered. </trans></eg>
</sense></hom>
<entry><form id=""guntudguntudun"" lang=""ceb""><abbr expan=""guntudguntudun"">-un(→)</abbr></form>
<hom role=""a""><pos>a</pos>
<sense n=""0""><trans> <xr lang=""ceb"" target=""#guntudguntud"">= <sc>guntudguntud</sc>.</xr>
</trans>
</sense></hom></entry></entry>");
INSERT INTO `wced_head` (entryid, head, normalized_head, type, pos) VALUES (5589, "guntudguntud", "guntudguntud", "m", "av");
INSERT INTO `wced_head` (entryid, head, normalized_head, type, pos) VALUES (5589, "guntudguntudun", "guntudguntudun", "s", "a");
INSERT INTO `wced_translation` (entryid, translation) VALUES (5589, "rough");
INSERT INTO `wced_translation` (entryid, translation) VALUES (5589, "uneven");
INSERT INTO `wced_entry` VALUES (5590, "gunu", "278", "<entry page=""278"" id=""5590""><form id=""gunuq"" lang=""ceb"">gunù</form>
<hom role=""n""><pos>n</pos>
<sense n=""1""><number>1</number><trans> small fish with silvery sides of mullet-like appearance: <bio>Allanetta forskali</bio> and <bio>Pranesus duodecimalis</bio>. </trans>
</sense>
<sense n=""2""><number>2</number><trans> name given to a slow-witted person.
</trans>
</sense></hom></entry>");
INSERT INTO `wced_head` (entryid, head, normalized_head, type, pos) VALUES (5590, "gunù", "gunu", "m", "n");
INSERT INTO `wced_entry` VALUES (5591, "gun-ub", "278", "<entry page=""278"" id=""5591""><form id=""gun-ub"" lang=""ceb"">gun-ub</form>
<hom role=""v""><pos>v</pos>
<sense n=""0""> <itype>[A; a12]</itype><trans> </trans>
</sense>
<sense n=""1""><number>1</number><trans> make s.t. collapse, come tumbling down on itself. </trans>
<eg><i lang=""ceb"">Nagun-ub ang túri paglínug,</i><trans> The tower collapsed when there was an earthquake. </trans></eg>
</sense>
<sense n=""2""><number>2</number><trans> ruin one’s plan, peaceful life, and the like. </trans>
<eg><i lang=""ceb"">Ang gíra migun-ub sa ámung panimuyù,</i><trans> The war shattered our peaceful way of life.
</trans></eg>
</sense></hom></entry>");
INSERT INTO `wced_head` (entryid, head, normalized_head, type, pos) VALUES (5591, "gun-ub", "gun-ub", "m", "v");
INSERT INTO `wced_entry` VALUES (5592, "gunuk", "278", "<entry page=""278"" id=""5592""><form id=""gunuk"" lang=""ceb"">gunuk</form>
<hom role=""v""><pos>v</pos>
<sense n=""0""> <itype>[A; a12]</itype><trans> make a <tr>move</tr>, <tr>stir</tr>. </trans>
<eg><i lang=""ceb"">Ayawg gunuka ang bátang natúlug,</i><trans> Don’t stir the sleeping child. </trans></eg>
<eg><i lang=""ceb"">Wà lang maggunuk ang kapulisan. Gihiphípan tingáli,</i><trans> The police did not move a muscle. No doubt they were bribed. </trans></eg>
</sense></hom>
<hom role=""n""><pos>n</pos></hom>
<entry><form id=""walay_gunuk"" lang=""ceb"">walay <abbr expan=""gunuk"">—</abbr></form>
<hom>
<sense n=""1""><number>1</number><trans> <tr>motionless</tr>. </trans>
</sense>
<sense n=""2""><number>2</number><trans> completely unconcerned about some need (failing to move a muscle).
</trans>
</sense></hom></entry></entry>");
INSERT INTO `wced_head` (entryid, head, normalized_head, type, pos) VALUES (5592, "gunuk", "gunuk", "m", "vn");
INSERT INTO `wced_head` (entryid, head, normalized_head, type, pos) VALUES (5592, "walay gunuk", "walay gunuk", "s", "");
INSERT INTO `wced_translation` (entryid, translation) VALUES (5592, "move");
INSERT INTO `wced_translation` (entryid, translation) VALUES (5592, "stir");
INSERT INTO `wced_translation` (entryid, translation) VALUES (5592, "motionless");
INSERT INTO `wced_entry` VALUES (5593, "gunung", "278", "<entry page=""278"" id=""5593""><form id=""gunung"" lang=""ceb"">gunung</form>
<hom role=""n""><pos>n</pos>
<sense n=""0""><trans> k.o. small bolo about <measure reg=""31 cm"">12″</measure> long with an even outward-curved cutting edge and an equally even outward-curved top edge coming to a point at the tip.
</trans>
</sense></hom></entry>");
INSERT INTO `wced_head` (entryid, head, normalized_head, type, pos) VALUES (5593, "gunung", "gunung", "m", "n");
INSERT INTO `wced_entry` VALUES (5594, "gunurya", "278", "<entry page=""278"" id=""5594""><form id=""gunurya"" lang=""ceb"">gunurya</form>
<hom role=""n""><pos>n</pos>
<sense n=""0""><trans> <tr>gonorrhea</tr>. </trans>
</sense></hom>
<hom role=""v""><pos>v</pos>
<sense n=""0""> <itype>[A123P; a4]</itype><trans> get gonorrhea.
</trans>
</sense></hom></entry>");
INSERT INTO `wced_head` (entryid, head, normalized_head, type, pos) VALUES (5594, "gunurya", "gunurya", "m", "nv");
INSERT INTO `wced_translation` (entryid, translation) VALUES (5594, "gonorrhea");
INSERT INTO `wced_entry` VALUES (5595, "gupak", "278", "<entry page=""278"" id=""5595""><form id=""gupak"" lang=""ceb"">gupak</form>
<hom>
<sense n=""0""><trans> <xr lang=""ceb"" target=""#gipak"">= <sc>gipak</sc>.</xr>
</trans>
</sense></hom></entry>");
INSERT INTO `wced_head` (entryid, head, normalized_head, type, pos) VALUES (5595, "gupak", "gupak", "m", "");
INSERT INTO `wced_entry` VALUES (5596, "gupak", "278", "<entry page=""278"" id=""5596""><form id=""guxpak"" lang=""ceb"">gúpak</form>
<hom>
<sense n=""0""><trans> <xr lang=""ceb"" target=""#palakpalak"">= <sc>palakpalak</sc>.</xr>
</trans>
</sense></hom></entry>");
INSERT INTO `wced_head` (entryid, head, normalized_head, type, pos) VALUES (5596, "gúpak", "gupak", "m", "");
INSERT INTO `wced_entry` VALUES (5597, "gupang", "278", "<entry page=""278"" id=""5597""><form id=""gupang"" lang=""ceb"">gupang</form>
<hom role=""n""><pos>n</pos>
<sense n=""1""><number>1</number><trans> lump of food or soil. </trans>
<eg><i lang=""ceb"">Usa ka gupang kan-un,</i><trans> A lump of food. </trans></eg>
</sense>
<sense n=""2""><number>2</number><trans> piece taken off of s.t. </trans>
</sense></hom>
<hom role=""v""><pos>v</pos>
<sense n=""1""><number>1</number> <itype>[B6]</itype><trans> in lumps, become a lump. </trans>
</sense>
<sense n=""2""><number>2</number> <itype>[A; a1]</itype><trans> break up, cut s.t. into pieces or break a piece off. </trans>
<eg><i lang=""ceb"">Kinsay naggupang sa kík?</i><trans> Who broke a piece off the cake? or Who broke the cake into pieces? </trans></eg>
<eg><i lang=""ceb"">Gigupang ang lindug sa lubi,</i><trans> The coconut log was cut up into pieces.
</trans></eg>
</sense></hom></entry>");
INSERT INTO `wced_head` (entryid, head, normalized_head, type, pos) VALUES (5597, "gupang", "gupang", "m", "nv");
INSERT INTO `wced_entry` VALUES (5598, "gupuk", "278", "<entry page=""278"" id=""5598""><form id=""guxpuk"" lang=""ceb"">gúpuk</form>
<hom role=""v""><pos>v</pos>
<sense n=""0""> <itype>[AB; a12]</itype><trans> <tr>break into pieces</tr>. </trans>
<eg><i lang=""ceb"">Makagúpuk ug lubi nang íyang pinislitan,</i><trans> His iron grip can crush a coconut shell. </trans></eg>
<eg><i lang=""ceb"">Nagúpuk ang básu nga ákung gilabak,</i><trans> I threw the glass down hard and it broke to pieces.
</trans></eg>
</sense></hom></entry>");
INSERT INTO `wced_head` (entryid, head, normalized_head, type, pos) VALUES (5598, "gúpuk", "gupuk", "m", "v");
INSERT INTO `wced_translation` (entryid, translation) VALUES (5598, "break into pieces");
INSERT INTO `wced_entry` VALUES (5599, "gupun", "278", "<entry page=""278"" id=""5599""><form id=""gupun"" lang=""ceb"">gupun</form>
<hom role=""n""><pos>n</pos>
<sense n=""0""><trans> minor character in folk play whose role is to provoke laughter.
</trans>
</sense></hom></entry>");
INSERT INTO `wced_head` (entryid, head, normalized_head, type, pos) VALUES (5599, "gupun", "gupun", "m", "n");
INSERT INTO `wced_entry` VALUES (5600, "guput", "278", "<entry page=""278"" id=""5600""><form id=""guput"" lang=""ceb"">guput</form>
<hom role=""v""><pos>v</pos>
<sense n=""0""> <itype>[A; c]</itype><trans> tie s.t. around the ends of bamboo, sticks, rattan, and the like which have been woven or fashioned into s.t. in order to hold it together. </trans>
<eg><i lang=""ceb"">Gupti ang daplin sa nígu arun dì mabuskad,</i><trans> Wind s.t. around the edges of the winnowing tray so it won’t come undone. </trans></eg>
</sense></hom>
<hom role=""n""><pos>n</pos>
<sense n=""0""><trans> s.t. tied around the edges of s.t. woven of bamboo, rattan, etc. to hold it together.
</trans>
</sense></hom></entry>");
INSERT INTO `wced_head` (entryid, head, normalized_head, type, pos) VALUES (5600, "guput", "guput", "m", "vn");
INSERT INTO `wced_entry` VALUES (5601, "gura", "278", "<entry page=""278"" id=""5601""><form id=""guxra"" lang=""ceb"">gúra</form>
<hom role=""n""><pos>n</pos></hom>
<hom role=""a""><pos>a</pos>
<sense n=""0""><trans> cap with a short visor. </trans>
</sense></hom>
<hom role=""v""><pos>v</pos>
<sense n=""0""> <itype>[A13]</itype><trans> wear such a cap. </trans>
<eg><i lang=""ceb"">Naggúra ang mga hiníti,</i><trans> Jockeys wear caps with visors.
</trans></eg>
</sense></hom></entry>");
INSERT INTO `wced_head` (entryid, head, normalized_head, type, pos) VALUES (5601, "gúra", "gura", "m", "nav");
INSERT INTO `wced_entry` VALUES (5602, "gurami", "278", "<entry page=""278"" id=""5602""><form id=""guraxmi"" lang=""ceb"">gurámi</form>
<hom role=""n""><pos>n</pos>
<sense n=""0""><trans> <tr>gourami</tr>, a fresh-water food fish: <bio>Osphronemus goramy</bio>.
</trans>
</sense></hom></entry>");
INSERT INTO `wced_head` (entryid, head, normalized_head, type, pos) VALUES (5602, "gurámi", "gurami", "m", "n");
INSERT INTO `wced_translation` (entryid, translation) VALUES (5602, "gourami");
INSERT INTO `wced_entry` VALUES (5603, "guratsa", "278", "<entry page=""278"" id=""5603""><form id=""guratsa"" lang=""ceb"">guratsa</form>
<hom>
<sense n=""0""><trans> <xr lang=""ceb"" target=""#kuratsa"">= <sc>kuratsa</sc>.</xr>
</trans>
</sense></hom></entry>");
INSERT INTO `wced_head` (entryid, head, normalized_head, type, pos) VALUES (5603, "guratsa", "guratsa", "m", "");
INSERT INTO `wced_entry` VALUES (5604, "gurayan", "278", "<entry page=""278"" id=""5604""><form id=""gurayan"" lang=""ceb"">gurayan</form>
<hom role=""n""><pos>n</pos>
<sense n=""0""><trans> k.o. small anchovy.
</trans>
</sense></hom></entry>");
INSERT INTO `wced_head` (entryid, head, normalized_head, type, pos) VALUES (5604, "gurayan", "gurayan", "m", "n");
INSERT INTO `wced_entry` VALUES (5605, "guray-ut", "278", "<entry page=""278"" id=""5605""><form id=""guray-ut"" lang=""ceb"">guray-ut</form>
<hom role=""a""><pos>a</pos>
<sense n=""1""><number>1</number><trans> <tr>dilapidated</tr>, worn-down structure, <tr>shabby</tr>, ragged in dress. </trans>
<eg><i lang=""ceb"">Guray-ut nga barungbárung,</i><trans> A dilapidated shanty. </trans></eg>
<eg><i lang=""ceb"">Guray-ut ug pamisti nga makililímus,</i><trans> A shabbily dressed beggar. </trans></eg>
</sense>
<sense n=""2""><number>2</number><trans> exhausted look. </trans>
<eg><i lang=""ceb"">Guray-ut ug panagway,</i><trans> Worn-out face. </trans></eg>
</sense></hom>
<hom role=""v""><pos>v</pos>
<sense n=""0""> <itype>[B1; b6]</itype><trans> </trans>
</sense>
<sense n=""1""><number>1</number><trans> get to be dilapidated, shabby. </trans>
</sense>
<sense n=""2""><number>2</number> <itype>[B; c1]</itype><trans> get an exhausted look on the face. </trans>
<eg><i lang=""ceb"">Ngánung nagguray-ut gud nang dagway mu? Gibwágan ka?</i><trans> Why do you look so haggard? Did your girl friend break up with you? </trans></eg>
</sense></hom>
<entry><form id=""guray-utun"" lang=""ceb""><abbr expan=""guray-utun"">-un</abbr></form>
<hom role=""a""><pos>a</pos>
<sense n=""0""><trans> <tr>frowning</tr>, tired-looking face.
</trans>
</sense></hom></entry></entry>");
INSERT INTO `wced_head` (entryid, head, normalized_head, type, pos) VALUES (5605, "guray-ut", "guray-ut", "m", "av");
INSERT INTO `wced_head` (entryid, head, normalized_head, type, pos) VALUES (5605, "guray-utun", "guray-utun", "s", "a");
INSERT INTO `wced_translation` (entryid, translation) VALUES (5605, "dilapidated");
INSERT INTO `wced_translation` (entryid, translation) VALUES (5605, "shabby");
INSERT INTO `wced_translation` (entryid, translation) VALUES (5605, "frowning");
INSERT INTO `wced_entry` VALUES (5606, "gurdu", "278", "<entry page=""278"" id=""5606""><form id=""gurdu"" lang=""ceb"">gurdu</form>
<hom>
<sense n=""0""><trans> <xr lang=""ceb"" target=""#dyakpat"">= <sc>dyakpat</sc>.</xr>
</trans>
</sense></hom></entry>");
INSERT INTO `wced_head` (entryid, head, normalized_head, type, pos) VALUES (5606, "gurdu", "gurdu", "m", "");
INSERT INTO `wced_entry` VALUES (5607, "guruguru", "278", "<entry page=""278"" id=""5607""><form id=""guruqguruq"" lang=""ceb"">gurùgurù</form>
<hom role=""n""><pos>n</pos>
<sense n=""0""><trans> irregular, rough <tr>wrinkles</tr> in the skin. </trans>
</sense></hom>
<hom role=""v""><pos>v</pos>
<sense n=""0""> <itype>[B46N]</itype><trans> for the face to be deeply <tr>wrinkled</tr>. </trans>
<eg><i lang=""ceb"">Nanggurùgurù ang nawung sa tigúwang,</i><trans> The old woman’s face is covered with wrinkles.
</trans></eg>
</sense></hom></entry>");
INSERT INTO `wced_head` (entryid, head, normalized_head, type, pos) VALUES (5607, "gurùgurù", "guruguru", "m", "nv");
INSERT INTO `wced_translation` (entryid, translation) VALUES (5607, "wrinkles");
INSERT INTO `wced_translation` (entryid, translation) VALUES (5607, "wrinkled");
INSERT INTO `wced_entry` VALUES (5608, "gurumiti", "278", "<entry page=""278"" id=""5608""><form id=""gurumixti"" lang=""ceb"">gurumíti</form>
<hom>
<sense n=""0""><trans> <xr lang=""ceb"" target=""#grumixti"">= <sc>grumíti</sc>.</xr>
</trans>
</sense></hom></entry>");
INSERT INTO `wced_head` (entryid, head, normalized_head, type, pos) VALUES (5608, "gurumíti", "gurumiti", "m", "");
INSERT INTO `wced_entry` VALUES (5609, "gurung", "278", "<entry page=""278"" id=""5609""><form id=""gurung"" lang=""ceb"">gurung</form>
<hom role=""n""><pos>n</pos>
<sense n=""0""><trans> large pile of unthreshed rice.
</trans>
</sense></hom></entry>");
INSERT INTO `wced_head` (entryid, head, normalized_head, type, pos) VALUES (5609, "gurung", "gurung", "m", "n");
INSERT INTO `wced_entry` VALUES (5610, "gurunggurung", "278", "<entry page=""278"" id=""5610""><form id=""gurunggurung"" lang=""ceb"">gurunggurung</form>
<hom>
<sense n=""0""><trans> <xr lang=""ceb"" target=""#garanggarang"">= <sc>garanggarang</sc>.</xr>
</trans>
</sense></hom></entry>");
INSERT INTO `wced_head` (entryid, head, normalized_head, type, pos) VALUES (5610, "gurunggurung", "gurunggurung", "m", "");
INSERT INTO `wced_entry` VALUES (5611, "*gurut", "278", "<entry page=""278"" id=""5611""><form id=""xxguxrut"" lang=""ceb"">*gúrut</form>
<entry><form id=""paguxrut"" lang=""ceb""><abbr expan=""pagúrut"">pa-</abbr></form>
<hom role=""v""><pos>v</pos>
<sense n=""0""> <itype>[A; b]</itype><trans> clean a field of standing, dry grain stalks by cutting them with a machete or similar knife attached to a sled-like device drawn by a water buffalo. </trans>
<eg><i lang=""ceb"">Dì ta makapagúrut ug náa pay mga tuud sa uma,</i><trans> We can’t cut the grain stalks with a sled having blades attached to it if there are still tree stumps in the field. </trans></eg>
</sense></hom>
<hom role=""n""><pos>n</pos>
<sense n=""0""><trans> implement for the <ix>pagúrut</ix>.
</trans>
</sense></hom></entry></entry>");
INSERT INTO `wced_head` (entryid, head, normalized_head, type, pos) VALUES (5611, "gúrut", "gurut", "s", "");
INSERT INTO `wced_head` (entryid, head, normalized_head, type, pos) VALUES (5611, "pagúrut", "pagurut", "s", "vn");
INSERT INTO `wced_entry` VALUES (5612, "gurutgurut", "278", "<entry page=""278"" id=""5612""><form id=""gurutgurut"" lang=""ceb"">gurutgurut</form>
<hom role=""a""><pos>a</pos>
<sense n=""0""><trans> rough and covered with fine wrinkles. </trans>
<eg><i lang=""ceb"">Gurutgurut kaáyu ang ákung mga kamut tungud sa kadúgay nga pagpanglaba,</i><trans> My hands got all wrinkled from washing clothes so long. </trans></eg>
</sense></hom>
<hom role=""v""><pos>v</pos>
<sense n=""0""> <itype>[B; b6]</itype><trans> get to be rough <pb n=""279""/>and covered with fine wrinkles. </trans>
</sense></hom>
<entry><form id=""gurutgurutun"" lang=""ceb""><abbr expan=""gurutgurutun"">-un</abbr></form>
<hom role=""a""><pos>a</pos>
<sense n=""0""><trans> having a wrinkled face.
</trans>
</sense></hom></entry></entry>");
INSERT INTO `wced_head` (entryid, head, normalized_head, type, pos) VALUES (5612, "gurutgurut", "gurutgurut", "m", "av");
INSERT INTO `wced_head` (entryid, head, normalized_head, type, pos) VALUES (5612, "gurutgurutun", "gurutgurutun", "s", "a");
INSERT INTO `wced_entry` VALUES (5613, "guruy", "279", "<entry page=""279"" id=""5613""><form id=""guxruy"" lang=""ceb"">gúruy</form>
<hom>
<sense n=""0""><trans> <xr lang=""ceb"" target=""#guxyud"">= <sc>gúyud</sc>.</xr>
</trans>
</sense></hom></entry>");
INSERT INTO `wced_head` (entryid, head, normalized_head, type, pos) VALUES (5613, "gúruy", "guruy", "m", "");
INSERT INTO `wced_entry` VALUES (5614, "guryun", "279", "<entry page=""279"" id=""5614""><form id=""guryun"" lang=""ceb"">guryun</form>
<hom role=""n""><pos>n</pos>
<sense n=""0""><trans> k.o. sparrow: <bio>Passer montanus</bio>.
</trans>
</sense></hom></entry>");
INSERT INTO `wced_head` (entryid, head, normalized_head, type, pos) VALUES (5614, "guryun", "guryun", "m", "n");
INSERT INTO `wced_entry` VALUES (5615, "gusa", "279", "<entry page=""279"" id=""5615""><form id=""gusa"" lang=""ceb"">gusa</form>
<hom role=""v""><pos>v</pos>
<sense n=""0""> <itype>[B6; b6]</itype><trans> have a tight feeling in the stomach from s.t. one ate. </trans>
<eg><i lang=""ceb"">Mugusa ímung tiyan ug dì ka kahilísan,</i><trans> Your stomach will feel tight if you have indigestion. </trans></eg>
<eg><i lang=""ceb"">Gigushan ku sa tantung káun,</i><trans> I got a tight stomach because I ate too much. </trans></eg>
</sense></hom>
<hom role=""n""><pos>n</pos>
<sense n=""0""><trans> condition of having a very tight stomach.
</trans>
</sense></hom></entry>");
INSERT INTO `wced_head` (entryid, head, normalized_head, type, pos) VALUES (5615, "gusa", "gusa", "m", "vn");
INSERT INTO `wced_entry` VALUES (5616, "gusa", "279", "<entry page=""279"" id=""5616""><form id=""gusaq"" lang=""ceb"">gusà</form>
<hom role=""v""><pos>v</pos>
<sense n=""0""> <itype>[B146; b3]</itype><trans> for a child to be restless, fussy. </trans>
<eg><i lang=""ceb"">Ang kaínit mauy nakagusà (nakapagusà) níya,</i><trans> The heat caused him to be fussy.
</trans></eg>
</sense></hom></entry>");
INSERT INTO `wced_head` (entryid, head, normalized_head, type, pos) VALUES (5616, "gusà", "gusa", "m", "v");
INSERT INTO `wced_entry` VALUES (5617, "gusab, gus-ab", "279", "<entry page=""279"" id=""5617""><form id=""gusab_gus-ab"" lang=""ceb"">gusab, gus-ab</form>
<hom>
<sense n=""0""><trans> <xr lang=""ceb"" target=""#gus-ap"">= <sc>gus-ap</sc>.</xr>
</trans>
</sense></hom></entry>");
INSERT INTO `wced_head` (entryid, head, normalized_head, type, pos) VALUES (5617, "gusab", "gusab", "s", "");
INSERT INTO `wced_head` (entryid, head, normalized_head, type, pos) VALUES (5617, "gus-ab", "gus-ab", "s", "");
INSERT INTO `wced_entry` VALUES (5618, "gusang", "279", "<entry page=""279"" id=""5618""><form id=""guxsang"" lang=""ceb"">gúsang</form>
<hom role=""n""><pos>n</pos>
<sense n=""0""><trans> delicacy made of ground, roasted corn or rice mixed with sugar and dry coconut pounded in a mortar. </trans>
</sense></hom>
<hom role=""v""><pos>v</pos>
<sense n=""0""> <itype>[A; a]</itype><trans> make <ix>gúsang</ix>. </trans>
</sense></hom>
<entry><form id=""ginuxsang"" lang=""ceb""><abbr expan=""ginúsang"">-in-</abbr></form>
<hom>
<sense n=""0""><trans> <xr lang=""ceb"" target=""#guxsang"">= <sc>gúsang</sc>, <i lang=""ceb"">n</i>.</xr>
</trans>
</sense></hom></entry></entry>");
INSERT INTO `wced_head` (entryid, head, normalized_head, type, pos) VALUES (5618, "gúsang", "gusang", "m", "nv");
INSERT INTO `wced_head` (entryid, head, normalized_head, type, pos) VALUES (5618, "ginúsang", "ginusang", "s", "");
INSERT INTO `wced_entry` VALUES (5619, "gusanu", "279", "<entry page=""279"" id=""5619""><form id=""gusaxnu"" lang=""ceb"">gusánu</form>
<hom role=""n""><pos>n</pos>
<sense n=""0""><trans> thread of a screw. </trans>
</sense></hom>
<hom role=""v""><pos>v</pos>
<sense n=""0""> <itype>[A; b6]</itype><trans> thread. </trans>
<eg><i lang=""ceb"">Naggusánu ku ug bára pára gam-ung pirnu,</i><trans> I am threading an iron bar to make into a bolt. </trans></eg>
<eg><i lang=""ceb"">Gusanúhi ug pínu arun musakar áring twirka,</i><trans> Make a fine thread on it so it will fit this nut.
</trans></eg>
</sense></hom></entry>");
INSERT INTO `wced_head` (entryid, head, normalized_head, type, pos) VALUES (5619, "gusánu", "gusanu", "m", "nv");
INSERT INTO `wced_entry` VALUES (5620, "gus-ap", "279", "<entry page=""279"" id=""5620""><form id=""gus-ap"" lang=""ceb"">gus-ap</form>
<hom role=""v""><pos>v</pos>
<sense n=""0""> <itype>[A; a2b2]</itype><trans> chew to pieces. </trans>
<eg><i lang=""ceb"">Gus-ápun nang baskit sa ituy,</i><trans> The puppy will chew up that basket.
</trans></eg>
</sense></hom></entry>");
INSERT INTO `wced_head` (entryid, head, normalized_head, type, pos) VALUES (5620, "gus-ap", "gus-ap", "m", "v");
INSERT INTO `wced_entry` VALUES (5621, "gusar", "279", "<entry page=""279"" id=""5621""><form id=""gusar"" lang=""ceb"">gusar</form>
<hom role=""v""><pos>v</pos>
<sense n=""0""> <itype>[A; c1]</itype><trans> have s.t. for one’s benefit and use. </trans>
<eg><i lang=""ceb"">Ang giprindáhan mauy mugusar sa yútà,</i><trans> The holder of the mortgage enjoys the use of the land. </trans></eg>
<eg><i lang=""ceb"">Láing istudiyanti ang naggusar sa librung ákung giabángan,</i><trans> Another student made use of the book I rented.
</trans></eg>
</sense></hom></entry>");
INSERT INTO `wced_head` (entryid, head, normalized_head, type, pos) VALUES (5621, "gusar", "gusar", "m", "v");
INSERT INTO `wced_entry` VALUES (5622, "gusaw", "279", "<entry page=""279"" id=""5622""><form id=""gusaw"" lang=""ceb"">gusaw</form>
<hom role=""n""><pos>n</pos>
<sense n=""0""><trans> name given to mullets (<bio>Mugilidae</bio>) that are less than <measure reg=""30 cm"">a foot</measure> in length.
</trans>
</sense></hom></entry>");
INSERT INTO `wced_head` (entryid, head, normalized_head, type, pos) VALUES (5622, "gusaw", "gusaw", "m", "n");
INSERT INTO `wced_entry` VALUES (5623, "gusbat", "279", "<entry page=""279"" id=""5623""><form id=""gusbat"" lang=""ceb"">gusbat</form>
<hom role=""v""><pos>v</pos>
<sense n=""0""> <itype>[B12]</itype><trans> for soft materials to have a good-sized hole in them. </trans>
<eg><i lang=""ceb"">Nagusbat ang samput sa íyang karsúnis,</i><trans> The seat of his pants got torn. </trans></eg>
<eg><i lang=""ceb"">Nagkagusbat ang ílang atup nga nípà,</i><trans> Their thatched roof is getting full of holes. </trans></eg>
</sense></hom>
<hom role=""n""><pos>n</pos>
<sense n=""0""><trans> large tear or hole in soft material. </trans>
</sense></hom>
<entry><form id=""gusbatun"" lang=""ceb""><abbr expan=""gusbatun"">-un</abbr></form>
<hom role=""a""><pos>a</pos>
<sense n=""0""><trans> full of holes.
</trans>
</sense></hom></entry></entry>");
INSERT INTO `wced_head` (entryid, head, normalized_head, type, pos) VALUES (5623, "gusbat", "gusbat", "m", "vn");
INSERT INTO `wced_head` (entryid, head, normalized_head, type, pos) VALUES (5623, "gusbatun", "gusbatun", "s", "a");
INSERT INTO `wced_entry` VALUES (5624, "gusi", "279", "<entry page=""279"" id=""5624""><form id=""guxsiq"" lang=""ceb"">gúsì</form>
<hom>
<sense n=""0""><trans> <xr lang=""ceb"" target=""#gixsiq"">= <sc>gísì</sc>.</xr>
</trans>
</sense></hom></entry>");
INSERT INTO `wced_head` (entryid, head, normalized_head, type, pos) VALUES (5624, "gúsì", "gusi", "m", "");
INSERT INTO `wced_entry` VALUES (5625, "gusla", "279", "<entry page=""279"" id=""5625""><form id=""guslaq"" lang=""ceb"">guslà</form>
<hom role=""v""><pos>v</pos>
<sense n=""0""> <itype>[a4]</itype><trans> be very hungry (coarse). </trans>
<eg><i lang=""ceb"">Kadtung giguslà habhab na,</i><trans> If you’re so damn hungry, go on eat. </trans></eg>
</sense></hom>
<hom role=""n""><pos>n</pos>
<sense n=""0""><trans> strong feeling of hunger (coarse).
</trans>
</sense></hom></entry>");
INSERT INTO `wced_head` (entryid, head, normalized_head, type, pos) VALUES (5625, "guslà", "gusla", "m", "vn");
INSERT INTO `wced_entry` VALUES (5626, "guslab", "279", "<entry page=""279"" id=""5626""><form id=""guslab"" lang=""ceb"">guslab</form>
<hom role=""v""><pos>v</pos>
<sense n=""0""> <itype>[A; a12]</itype><trans> destroy things by chewing them to pieces. </trans>
<eg><i lang=""ceb"">Giguslab sa irù ang hapin sa bátà,</i><trans> The dog chewed the baby’s diaper.
</trans></eg>
</sense></hom></entry>");
INSERT INTO `wced_head` (entryid, head, normalized_head, type, pos) VALUES (5626, "guslab", "guslab", "m", "v");
INSERT INTO `wced_entry` VALUES (5627, "gusnik", "279", "<entry page=""279"" id=""5627""><form id=""gusnik"" lang=""ceb"">gusnik</form>
<hom role=""n""><pos>n</pos>
<sense n=""0""><trans> a structure or a pipe shaped like a goose neck.
</trans>
</sense></hom></entry>");
INSERT INTO `wced_head` (entryid, head, normalized_head, type, pos) VALUES (5627, "gusnik", "gusnik", "m", "n");
INSERT INTO `wced_entry` VALUES (5628, "gustu", "279", "<entry page=""279"" id=""5628""><form id=""gustu"" lang=""ceb"">gustu</form>
<hom role=""n""><pos>n</pos>
<sense n=""0""><trans> <tr>liking</tr>, <tr>desire</tr>. </trans>
<eg><i lang=""ceb"">Matúman ang gustu sa hárì,</i><trans> The king’s desire will be fulfilled. </trans></eg>
</sense></hom>
<hom role=""a""><pos>a</pos>
<sense n=""0""><trans> like, want. </trans>
<eg><i lang=""ceb"">Gustu kug kík,</i><trans> I like cake. </trans></eg>
<eg><i lang=""ceb"">Gustu kang mamatay?</i><trans> Do you want to die? </trans></eg>
<eg><i lang=""ceb"">Ang gustu níya buhátun,</i><trans> What he wants to do. </trans></eg>
</sense></hom>
<hom role=""v""><pos>v</pos>
<sense n=""0""> <itype>[A12; b8]</itype><trans> <tr>like</tr>, <tr>want</tr>. </trans>
<eg><i lang=""ceb"">Kun nakagustu ka níya, pangulitawhi,</i><trans> If you like her, court her. </trans></eg>
<eg><i lang=""ceb"">Gikagustuhan (gikagustuan, nagustuhan, nagustuan) siya sa ginikánan sa babáyi,</i><trans> The girl’s parents liked him. </trans></eg>
</sense></hom>
<entry><form id=""kuntra_gustu"" lang=""ceb"">kuntra <abbr expan=""gustu"">—</abbr></form>
<hom>
<sense n=""0""><trans> against one’s will. </trans>
<eg><i lang=""ceb"">Kuntra gustu ang íyang pagsugut,</i><trans> She agreed to it against her will. </trans></eg>
</sense></hom></entry>
<entry><form id=""gustuhay_gustuay"" lang=""ceb"">gustuhay, gustuay</form>
<hom role=""v""><pos>v</pos>
<sense n=""0""> <itype>[C13]</itype><trans> come to like one another. </trans>
<eg><i lang=""ceb"">Sa pagkadúgay nagkagustuhay na sila,</i><trans> After a while they came to like each other. </trans></eg>
</sense></hom></entry>
<entry><form id=""pagustu"" lang=""ceb""><abbr expan=""pagustu"">pa-</abbr></form>
<hom role=""v""><pos>v</pos>
<sense n=""0""> <itype>[A1; b6]</itype><trans> let have one’s own ways and whims. </trans>
<eg><i lang=""ceb"">Nagpagustu silag dít kay layù ang ginikánan,</i><trans> They dated without restraint because their parents are away. </trans></eg>
<eg><i lang=""ceb"">Pagustui lang ang bátà,</i><trans> Give the child his way. </trans></eg>
</sense></hom></entry>
<entry><form id=""pasigustu"" lang=""ceb""><abbr expan=""pasigustu"">pasi-</abbr></form>
<hom role=""v""><pos>v</pos>
<sense n=""0""> <itype>[b5]</itype><trans> allow s.o. to have his own choice. </trans>
<eg><i lang=""ceb"">Pasigustua (pasigustuhi) siya kun unsang kursúha kuháun,</i><trans> Give him the choice on what study to take. </trans></eg>
</sense></hom></entry>
<entry><form id=""kagustuxhan"" lang=""ceb"">kagustúhan</form>
<hom role=""n""><pos>n</pos>
<sense n=""0""><trans> <tr>wishes</tr>, <tr>desires</tr>. </trans>
<eg><i lang=""ceb"">Ang ákung pagpangasáwa kagustúhan ni Máma, dì ákù,</i><trans> My marriage is mother’s wish, not mine.
</trans></eg>
</sense></hom></entry></entry>");
INSERT INTO `wced_head` (entryid, head, normalized_head, type, pos) VALUES (5628, "gustu", "gustu", "m", "nav");
INSERT INTO `wced_head` (entryid, head, normalized_head, type, pos) VALUES (5628, "kuntra gustu", "kuntra gustu", "s", "");
INSERT INTO `wced_head` (entryid, head, normalized_head, type, pos) VALUES (5628, "gustuhay", "gustuhay", "s", "v");
INSERT INTO `wced_head` (entryid, head, normalized_head, type, pos) VALUES (5628, "gustuay", "gustuay", "s", "v");
INSERT INTO `wced_head` (entryid, head, normalized_head, type, pos) VALUES (5628, "pagustu", "pagustu", "s", "v");
INSERT INTO `wced_head` (entryid, head, normalized_head, type, pos) VALUES (5628, "pasigustu", "pasigustu", "s", "v");
INSERT INTO `wced_head` (entryid, head, normalized_head, type, pos) VALUES (5628, "kagustúhan", "kagustuhan", "s", "n");
INSERT INTO `wced_translation` (entryid, translation) VALUES (5628, "liking");
INSERT INTO `wced_translation` (entryid, translation) VALUES (5628, "desire");
INSERT INTO `wced_translation` (entryid, translation) VALUES (5628, "like");
INSERT INTO `wced_translation` (entryid, translation) VALUES (5628, "want");
INSERT INTO `wced_translation` (entryid, translation) VALUES (5628, "wishes");
INSERT INTO `wced_translation` (entryid, translation) VALUES (5628, "desires");
INSERT INTO `wced_entry` VALUES (5629, "gusu", "279", "<entry page=""279"" id=""5629""><form id=""guxsu"" lang=""ceb"">gúsu</form>
<hom>
<sense n=""0""><trans> <xr lang=""ceb"" target=""#guxsus""><ix>see</ix> <sc>gúsus</sc>.</xr>
</trans>
</sense></hom></entry>");
INSERT INTO `wced_head` (entryid, head, normalized_head, type, pos) VALUES (5629, "gúsu", "gusu", "m", "");
INSERT INTO `wced_entry` VALUES (5630, "gusu", "279", "<entry page=""279"" id=""5630""><form id=""gusuq"" lang=""ceb"">gusù</form>
<hom role=""n""><pos>n</pos>
<sense n=""0""><trans> k.o. edible algae with a yellow-greenish color, usually made into a salad. </trans>
</sense></hom>
<hom role=""v""><pos>v</pos>
<sense n=""0""> <itype>[A13]</itype><trans> have <ix>gusù</ix>. </trans>
</sense></hom>
<entry><form id=""gusuqgusuq"" lang=""ceb"">gusùgusù</form>
<hom>
<sense n=""0""><trans> <xr lang=""ceb"" target=""#pubring_kaxhuy"">= <sc>pubring káhuy</sc>.</xr> <xr lang=""ceb"" target=""#pubri""><ix>see</ix> <sc>pubri</sc>.</xr>
</trans>
</sense></hom></entry></entry>");
INSERT INTO `wced_head` (entryid, head, normalized_head, type, pos) VALUES (5630, "gusù", "gusu", "m", "nv");
INSERT INTO `wced_head` (entryid, head, normalized_head, type, pos) VALUES (5630, "gusùgusù", "gusugusu", "s", "");
INSERT INTO `wced_entry` VALUES (5631, "gusud", "279", "<entry page=""279"" id=""5631""><form id=""guxsud"" lang=""ceb"">gúsud</form>
<hom role=""v""><pos>v</pos>
<sense n=""0""> <itype>[AN; b(1)]</itype><trans> <tr>sprout</tr>, come out as if <tr>sprouting</tr>. </trans>
<eg><i lang=""ceb"">Manggúsud nag maáyu ang mga bugas sa íyang <corr sic=""náwung"">nawung</corr>,</i><trans> Pimples are coming out all over her face. </trans></eg>
<eg><i lang=""ceb"">Nanggúsud ang singut,</i><trans> Beads of perspiration are forming. </trans></eg>
<eg><i lang=""ceb"">Nagusúran ang tanum ug mga dáhun,</i><trans> The plant is sprouting leaves.
</trans></eg>
</sense></hom></entry>");
INSERT INTO `wced_head` (entryid, head, normalized_head, type, pos) VALUES (5631, "gúsud", "gusud", "m", "v");
INSERT INTO `wced_translation` (entryid, translation) VALUES (5631, "sprout");
INSERT INTO `wced_translation` (entryid, translation) VALUES (5631, "sprouting");
INSERT INTO `wced_entry` VALUES (5632, "gusuk", "279", "<entry page=""279"" id=""5632""><form id=""guxsuk"" lang=""ceb"">gúsuk</form>
<hom role=""n""><pos>n</pos>
<sense n=""0""><trans> <tr>rib</tr>. </trans>
</sense></hom>
<entry><form id=""gusuk"" lang=""ceb""><abbr expan=""gusuk"">(→)</abbr></form>
<hom role=""v""><pos>v</pos>
<sense n=""0""> <itype>[A; a12]</itype><trans> hit in the ribs. </trans>
</sense></hom></entry>
<entry><form id=""gusukan"" lang=""ceb""><abbr expan=""gusukan"">-an(→)</abbr></form>
<hom role=""n""><pos>n</pos>
<sense n=""0""><trans> place the rib cage is found.
</trans>
</sense></hom></entry></entry>");
INSERT INTO `wced_head` (entryid, head, normalized_head, type, pos) VALUES (5632, "gúsuk", "gusuk", "m", "n");
INSERT INTO `wced_head` (entryid, head, normalized_head, type, pos) VALUES (5632, "gusuk", "gusuk", "s", "v");
INSERT INTO `wced_head` (entryid, head, normalized_head, type, pos) VALUES (5632, "gusukan", "gusukan", "s", "n");
INSERT INTO `wced_translation` (entryid, translation) VALUES (5632, "rib");
INSERT INTO `wced_entry` VALUES (5633, "gusus", "279", "<entry page=""279"" id=""5633""><form id=""guxsus"" lang=""ceb"">gúsus</form>
<hom role=""n""><pos>n</pos>
<sense n=""0""><trans> in a novena recited to ask a favor of a saint, the verses lauding the accomplishments of the saint invoked. </trans>
</sense></hom>
<hom role=""v""><pos>v</pos>
<sense n=""0""> <itype>[A; b6]</itype><trans> recite this portion of the novena.
</trans>
</sense></hom></entry>");
INSERT INTO `wced_head` (entryid, head, normalized_head, type, pos) VALUES (5633, "gúsus", "gusus", "m", "nv");
INSERT INTO `wced_entry` VALUES (5634, "*gususu", "279", "<entry page=""279"" id=""5634""><form id=""xxgusuxsu"" lang=""ceb"">*gusúsu</form>
<entry><form id=""mistiryu_gusuxsu"" lang=""ceb"">mistiryu <abbr expan=""gusúsu"">—</abbr></form>
<hom role=""n""><pos>n</pos>
<sense n=""0""><trans> joyful mystery, one of the mysteries of the Holy Rosary.
</trans>
</sense></hom></entry></entry>");
INSERT INTO `wced_head` (entryid, head, normalized_head, type, pos) VALUES (5634, "gusúsu", "gususu", "s", "");
INSERT INTO `wced_head` (entryid, head, normalized_head, type, pos) VALUES (5634, "mistiryu gusúsu", "mistiryu gususu", "s", "n");
INSERT INTO `wced_entry` VALUES (5635, "gut", "279", "<entry page=""279"" id=""5635""><form id=""guxt"" lang=""ceb"">gút</form>
<hom>
<sense n=""0""><trans> <xr lang=""ceb"" target=""#gulut"">= <sc>gulut</sc>.</xr>
</trans>
</sense></hom></entry>");
INSERT INTO `wced_head` (entryid, head, normalized_head, type, pos) VALUES (5635, "gút", "gut", "m", "");
INSERT INTO `wced_entry` VALUES (5636, "gutab", "279", "<entry page=""279"" id=""5636""><form id=""gutab"" lang=""ceb"">gutab</form>
<hom>
<sense n=""0""><trans> <xr lang=""ceb"" target=""#gutlab"">= <sc>gutlab</sc>.</xr>
</trans>
</sense></hom></entry>");
INSERT INTO `wced_head` (entryid, head, normalized_head, type, pos) VALUES (5636, "gutab", "gutab", "m", "");
INSERT INTO `wced_entry` VALUES (5637, "gutad", "279", "<entry page=""279"" id=""5637""><form id=""gutad"" lang=""ceb"">gutad</form>
<hom role=""v""><pos>v</pos>
<sense n=""0""> <itype>[A; a]</itype><trans> chop s.t. not very hard into pieces using heavy strokes. </trans>
</sense></hom>
<hom role=""n""><pos>n</pos>
<sense n=""0""><trans> piece chopped off of s.t. </trans>
</sense></hom>
<entry><form id=""gutadgutad"" lang=""ceb"">gutadgutad</form>
<hom role=""v""><pos>v</pos>
<sense n=""0""> <itype>[A; a]</itype><trans> chop up into pieces. </trans>
<eg><i lang=""ceb"">Gutadgutara nang kalbásà,</i><trans> Chop the squash up into pieces.
</trans></eg>
</sense></hom></entry></entry>");
INSERT INTO `wced_head` (entryid, head, normalized_head, type, pos) VALUES (5637, "gutad", "gutad", "m", "vn");
INSERT INTO `wced_head` (entryid, head, normalized_head, type, pos) VALUES (5637, "gutadgutad", "gutadgutad", "s", "v");
INSERT INTO `wced_entry` VALUES (5638, "gutang", "279", "<entry page=""279"" id=""5638""><form id=""gutang"" lang=""ceb"">gutang</form>
<hom role=""v""><pos>v</pos>
<sense n=""1""><number>1</number> <itype>[B46; a4b4]</itype><trans> develop cracks in the calluses of the feet from going barefoot. </trans>
<eg><i lang=""ceb"">Gigutang (gigutangan) ang mga bakwit kay wà maánad ug tiniil,</i><trans> The evacuees developed cracks in the soles of their feet because they were not accustomed to going barefoot. </trans></eg>
</sense>
<sense n=""2""><number>2</number> <itype>[A; b5]</itype><trans> make a slash, incision in s.t. </trans>
<eg><i lang=""ceb"">Gutangun (gutangan) ku unyà nang agtang mu,</i><trans> I’ll slash your forehead. </trans></eg>
</sense></hom>
<hom role=""n""><pos>n</pos>
<sense n=""1""><number>1</number><trans> cracks in the <pb n=""280""/>calluses of the feet. </trans>
</sense>
<sense n=""2""><number>2</number><trans> <tr>a slash</tr>, <tr>incision</tr>.
</trans>
</sense></hom></entry>");
INSERT INTO `wced_head` (entryid, head, normalized_head, type, pos) VALUES (5638, "gutang", "gutang", "m", "vn");
INSERT INTO `wced_translation` (entryid, translation) VALUES (5638, "a slash");
INSERT INTO `wced_translation` (entryid, translation) VALUES (5638, "incision");
INSERT INTO `wced_entry` VALUES (5639, "gutas", "280", "<entry page=""280"" id=""5639""><form id=""guxtas"" lang=""ceb"">gútas</form>
<hom role=""n""><pos>n</pos></hom>
<hom role=""a""><pos>a</pos>
<sense n=""0""><trans> bitter, black medicinal liquid taken for stomach ailments and also used as an abortifacient. </trans>
</sense></hom>
<entry><form id=""guxtas_amargas"" lang=""ceb""><abbr expan=""gútas"">—</abbr> amargas</form>
<hom>
<sense n=""0""><trans> <xr lang=""ceb"" target=""#guxtas"">= <sc>gútas</sc>.</xr>
</trans>
</sense></hom></entry></entry>");
INSERT INTO `wced_head` (entryid, head, normalized_head, type, pos) VALUES (5639, "gútas", "gutas", "m", "na");
INSERT INTO `wced_head` (entryid, head, normalized_head, type, pos) VALUES (5639, "gútas amargas", "gutas amargas", "s", "");
INSERT INTO `wced_entry` VALUES (5640, "gutay", "280", "<entry page=""280"" id=""5640""><form id=""gutay"" lang=""ceb"">gutay</form>
<hom role=""v""><pos>v</pos>
<sense n=""1""><number>1</number> <itype>[A; c1]</itype><trans> tear completely into shreds. </trans>
<eg><i lang=""ceb"">Mugutay siyag papil nga iadurnu,</i><trans> She will cut paper into shreds to use as decorations. </trans></eg>
</sense>
<sense n=""2""><number>2</number> <itype>[A1PB; c1]</itype><trans> for cloth or paper to weaken to the point that it falls to pieces, cause it to do so. </trans>
<eg><i lang=""ceb"">Mugutay ang papil ug bas-un,</i><trans> The paper will weaken if you wet it. </trans></eg>
</sense></hom>
<hom role=""a""><pos>a</pos>
<sense n=""1""><number>1</number><trans> torn to shreds. </trans>
</sense>
<sense n=""2""><number>2</number><trans> weakened to the point of falling apart.
</trans>
</sense></hom></entry>");
INSERT INTO `wced_head` (entryid, head, normalized_head, type, pos) VALUES (5640, "gutay", "gutay", "m", "va");
INSERT INTO `wced_entry` VALUES (5641, "gutgut", "280", "<entry page=""280"" id=""5641""><form id=""gutgut"" lang=""ceb"">gutgut</form>
<hom role=""v""><pos>v</pos>
<sense n=""0""> <itype>[A; a]</itype><trans> </trans>
</sense>
<sense n=""1""><number>1</number><trans> cut, mark s.t. with a slicing motion. </trans>
<eg><i lang=""ceb"">Putla ring písì gutgúta lag kutsilyu,</i><trans> Cut this rope with a knife. </trans></eg>
</sense>
<sense n=""2""><number>2</number><trans> make a sawing motion on s.t. </trans>
<eg><i lang=""ceb"">Kaáyu níyang mugutgut sa byulin,</i><trans> He plays the violin very well. </trans></eg>
</sense></hom>
<hom role=""n""><pos>n</pos>
<sense n=""0""><trans> instrument used in using a slicing motion on s.t.
</trans>
</sense></hom></entry>");
INSERT INTO `wced_head` (entryid, head, normalized_head, type, pos) VALUES (5641, "gutgut", "gutgut", "m", "vn");
INSERT INTO `wced_entry` VALUES (5642, "guti1", "280", "<entry page=""280"" id=""5642""><form id=""gutiq"" lang=""ceb"">gutì<sub>1</sub></form>
<hom>
<sense n=""0""><trans> <xr lang=""ceb"" target=""#gutliq"">= <sc>gutlì</sc>.</xr>
</trans>
</sense></hom></entry>");
INSERT INTO `wced_head` (entryid, head, normalized_head, type, pos) VALUES (5642, "gutì", "guti", "s", "");
INSERT INTO `wced_entry` VALUES (5643, "gutiba", "280", "<entry page=""280"" id=""5643""><form id=""gutixba"" lang=""ceb"">gutíba</form>
<hom role=""n""><pos>n</pos>
<sense n=""0""><trans> k.o. seashell.
</trans>
</sense></hom></entry>");
INSERT INTO `wced_head` (entryid, head, normalized_head, type, pos) VALUES (5643, "gutíba", "gutiba", "m", "n");
INSERT INTO `wced_entry` VALUES (5644, "gutlab", "280", "<entry page=""280"" id=""5644""><form id=""gutlab"" lang=""ceb"">gutlab</form>
<hom role=""v""><pos>v</pos>
<sense n=""0""> <itype>[A; a1b2]</itype><trans> </trans>
</sense>
<sense n=""1""><number>1</number><trans> cut a long slash into. </trans>
<eg><i lang=""ceb"">Nagutlab ang ákung karsúnis nga nasángit sa lansang,</i><trans> My pants got a long slash in them because they got caught in the nail. </trans></eg>
</sense>
<sense n=""2""><number>2</number><trans> cut s.t. with a single long slashing stroke. </trans>
<eg><i lang=""ceb"">Gutlaba na lang ang baat,</i><trans> You might as well just cut the string. </trans></eg>
<eg><i lang=""ceb"">Sa íyang pagsibsib, nagutlaban ang kamátis.</i><trans> As he was sickling, he accidentally cut some tomato plants down.
</trans></eg>
</sense></hom></entry>");
INSERT INTO `wced_head` (entryid, head, normalized_head, type, pos) VALUES (5644, "gutlab", "gutlab", "m", "v");
INSERT INTO `wced_entry` VALUES (5645, "gutli", "280", "<entry page=""280"" id=""5645""><form id=""gutliq"" lang=""ceb"">gutlì</form>
<hom role=""a""><pos>a</pos>
<sense n=""0""><trans> <tr>brittle</tr>, breaking off easily. </trans>
</sense></hom>
<hom role=""v""><pos>v</pos>
<sense n=""0""> <itype>[AP; b5]</itype><trans> break off, pick s.t. tiny or soft with the fingers. </trans>
<eg><i lang=""ceb"">Ákung gutlían (gutlíun, gutlíhun) ang may udlut sa mga tanum,</i><trans> I’ll pick off the ends of the young shoots.
</trans></eg>
</sense></hom></entry>");
INSERT INTO `wced_head` (entryid, head, normalized_head, type, pos) VALUES (5645, "gutlì", "gutli", "m", "av");
INSERT INTO `wced_translation` (entryid, translation) VALUES (5645, "brittle");
INSERT INTO `wced_entry` VALUES (5646, "gutling", "280", "<entry page=""280"" id=""5646""><form id=""gutling"" lang=""ceb"">gutling</form>
<hom role=""n""><pos>n</pos>
<sense n=""0""><trans> <tr>moment</tr>, <tr>second</tr>, period of time shorter than <ix>gutlù</ix>.
</trans>
</sense></hom></entry>");
INSERT INTO `wced_head` (entryid, head, normalized_head, type, pos) VALUES (5646, "gutling", "gutling", "m", "n");
INSERT INTO `wced_translation` (entryid, translation) VALUES (5646, "moment");
INSERT INTO `wced_translation` (entryid, translation) VALUES (5646, "second");
INSERT INTO `wced_entry` VALUES (5647, "gutlu", "280", "<entry page=""280"" id=""5647""><form id=""gutluq"" lang=""ceb"">gutlù</form>
<hom role=""n""><pos>n</pos>
<sense n=""1""><number>1</number><trans> <tr>minute</tr> of time. </trans>
</sense>
<sense n=""2""><number>2</number> <form id=""gutluq_nga_luxhaq"" lang=""ceb""><abbr expan=""gutlù"">—</abbr> nga lúhà</form><trans> <tr>teardrop</tr>. </trans>
<eg><i lang=""ceb"">Manaligdig ang pila ka gutlung lúhà sa pawíkang iháwun,</i><trans> A sea tortoise will shed a few tears when it is about to be slaughtered. </trans></eg>
</sense>
<sense n=""3""><number>3</number><trans> lines on the inner parts of the fingers.
</trans>
</sense></hom></entry>");
INSERT INTO `wced_head` (entryid, head, normalized_head, type, pos) VALUES (5647, "gutlù", "gutlu", "m", "n");
INSERT INTO `wced_head` (entryid, head, normalized_head, type, pos) VALUES (5647, "gutlù nga lúhà", "gutlu nga luha", "s", "");
INSERT INTO `wced_translation` (entryid, translation) VALUES (5647, "minute");
INSERT INTO `wced_translation` (entryid, translation) VALUES (5647, "teardrop");
INSERT INTO `wced_entry` VALUES (5648, "gutlub", "280", "<entry page=""280"" id=""5648""><form id=""gutlub"" lang=""ceb"">gutlub</form>
<hom role=""v""><pos>v</pos>
<sense n=""0""> <itype>[A; a]</itype><trans> chop s.t. long down, or into pieces. </trans>
<eg><i lang=""ceb"">Gutba ang lubi,</i><trans> Cut down the coconut tree. </trans></eg>
</sense></hom>
<hom role=""n""><pos>n</pos>
<sense n=""0""><trans> a piece cut off of s.t. long. </trans>
</sense></hom>
<entry><form id=""gutlubgutlub"" lang=""ceb"">gutlubgutlub</form>
<hom role=""v""><pos>v</pos>
<sense n=""0""> <itype>[A; b6(1)]</itype><trans> chop s.t. long into pieces. </trans>
<eg><i lang=""ceb"">Gutlubgutluba ang tangígi,</i><trans> Cut the Spanish mackerel into pieces.
</trans></eg>
</sense></hom></entry></entry>");
INSERT INTO `wced_head` (entryid, head, normalized_head, type, pos) VALUES (5648, "gutlub", "gutlub", "m", "vn");
INSERT INTO `wced_head` (entryid, head, normalized_head, type, pos) VALUES (5648, "gutlubgutlub", "gutlubgutlub", "s", "v");
INSERT INTO `wced_entry` VALUES (5649, "gutu", "280", "<entry page=""280"" id=""5649""><form id=""guxtuq"" lang=""ceb"">gútù</form>
<hom role=""v""><pos>v</pos>
<sense n=""0""> <itype>[A; a]</itype><trans> chop s.t. long into pieces. </trans>
<eg><i lang=""ceb"">Gutúa ang tubu,</i><trans> Chop the sugar cane into small pieces. </trans></eg>
</sense></hom>
<entry><form id=""gutuq"" lang=""ceb""><abbr expan=""gutù"">(→)</abbr></form>
<hom role=""n""><pos>n</pos>
<sense n=""0""><trans> a piece cut off of s.t. long.
</trans>
</sense></hom></entry></entry>");
INSERT INTO `wced_head` (entryid, head, normalized_head, type, pos) VALUES (5649, "gútù", "gutu", "m", "v");
INSERT INTO `wced_head` (entryid, head, normalized_head, type, pos) VALUES (5649, "gutù", "gutu", "s", "n");
INSERT INTO `wced_entry` VALUES (5650, "gutub1", "280", "<entry page=""280"" id=""5650""><form id=""gutub"" lang=""ceb"">gutub<sub>1</sub></form>
<hom role=""n""><pos>n</pos>
<sense n=""0""><trans> k.o. salt-water fish with a silvery hue with a tinge of yellow at the sides and somewhat bluish green back, having a pointed homocercal tail fin and with an even snout, growing to <measure reg=""26 cm"">10″</measure>.
</trans>
</sense></hom></entry>");
INSERT INTO `wced_head` (entryid, head, normalized_head, type, pos) VALUES (5650, "gutub", "gutub", "s", "n");
INSERT INTO `wced_entry` VALUES (5651, "gutub2", "280", "<entry page=""280"" id=""5651""><form id=""gutub2"" lang=""ceb"">gutub<sub>2</sub></form>
<hom>
<sense n=""0""><trans> <xr lang=""ceb"" target=""#gutlub"">= <sc>gutlub</sc>.</xr>
</trans>
</sense></hom></entry>");
INSERT INTO `wced_head` (entryid, head, normalized_head, type, pos) VALUES (5651, "gutub", "gutub", "s", "");
INSERT INTO `wced_entry` VALUES (5652, "gut-ub", "280", "<entry page=""280"" id=""5652""><form id=""gut-ub"" lang=""ceb"">gut-ub</form>
<hom role=""n""><pos>n</pos>
<sense n=""0""><trans> k.o. owl.
</trans>
</sense></hom></entry>");
INSERT INTO `wced_head` (entryid, head, normalized_head, type, pos) VALUES (5652, "gut-ub", "gut-ub", "m", "n");
INSERT INTO `wced_entry` VALUES (5653, "gutubgutub1", "280", "<entry page=""280"" id=""5653""><form id=""gutubgutub"" lang=""ceb"">gutubgutub<sub>1</sub></form>
<hom>
<sense n=""0""><trans> <xr lang=""ceb"" target=""#gutlubgutlub"">= <sc>gutlubgutlub</sc>.</xr>
</trans>
</sense></hom></entry>");
INSERT INTO `wced_head` (entryid, head, normalized_head, type, pos) VALUES (5653, "gutubgutub", "gutubgutub", "s", "");
INSERT INTO `wced_entry` VALUES (5654, "gutubgutub2", "280", "<entry page=""280"" id=""5654""><form id=""gutubgutub2"" lang=""ceb"">gutubgutub<sub>2</sub></form>
<hom>
<sense n=""0""><trans> (from <ix>lagutub</ix>) </trans>
</sense></hom>
<hom role=""v""><pos>v</pos>
<sense n=""0""> <itype>[A]</itype><trans> make a low throbbing, booming sound from the distance. </trans>
<eg><i lang=""ceb"">Naggutubgutub ang makina sa púsu sa layù,</i><trans> The water pump was chugging away in the distance. </trans></eg>
</sense></hom>
<hom role=""n""><pos>n</pos>
<sense n=""0""><trans> low, throbbing, chugging sound. </trans>
<eg><i lang=""ceb"">Gutubgutub sa kasingkásing,</i><trans> Throbbing of the heart.
</trans></eg>
</sense></hom></entry>");
INSERT INTO `wced_head` (entryid, head, normalized_head, type, pos) VALUES (5654, "gutubgutub", "gutubgutub", "s", "vn");
INSERT INTO `wced_entry` VALUES (5655, "gutuk", "280", "<entry page=""280"" id=""5655""><form id=""gutuk"" lang=""ceb"">gutuk</form>
<hom role=""a""><pos>a</pos>
<sense n=""0""><trans> filled to the point that it is tight. </trans>
<eg><i lang=""ceb"">Gutuk na ang ákung tiyan,</i><trans> My stomach is filled to bursting. </trans></eg>
</sense></hom>
<hom role=""v""><pos>v</pos>
<sense n=""0""> <itype>[B; a]</itype><trans> become tight from being too full. </trans>
<eg><i lang=""ceb"">Migutuk ang súsu sa bag-ung nanganak,</i><trans> The breasts of the new mother became turgid. </trans></eg>
<eg><i lang=""ceb"">Gutkun (igutuk) pagsulud ang humay,</i><trans> Fill the rice sacks so full that they are tight. </trans></eg>
</sense></hom>
<entry><form id=""gutukgutuk"" lang=""ceb"">gutukgutuk<sub>1</sub></form>
<hom role=""v""><pos>v</pos>
<sense n=""0""> <itype>[B14]</itype><trans> have hardened portions in it. </trans>
<eg><i lang=""ceb"">Naggutukgutuk ang ságing kay gitabagnul,</i><trans> The bananas have hard spots because they got infected with fruit rust.
</trans></eg>
</sense></hom></entry></entry>");
INSERT INTO `wced_head` (entryid, head, normalized_head, type, pos) VALUES (5655, "gutuk", "gutuk", "m", "av");
INSERT INTO `wced_head` (entryid, head, normalized_head, type, pos) VALUES (5655, "gutukgutuk", "gutukgutuk", "s", "v");
INSERT INTO `wced_entry` VALUES (5656, "gutukgutuk2", "280", "<entry page=""280"" id=""5656""><form id=""gutukgutuk2"" lang=""ceb"">gutukgutuk<sub>2</sub></form>
<hom role=""v""><pos>v</pos>
<sense n=""0""> <itype>[B]</itype><trans> make a popping noise such as that emitted by food being boiled when the water is nearly gone. </trans>
<eg><i lang=""ceb"">Naggutukgutuk na ang linung-ag. Hápit na muhubas,</i><trans> The rice is popping. The water is just about gone.
</trans></eg>
</sense></hom></entry>");
INSERT INTO `wced_head` (entryid, head, normalized_head, type, pos) VALUES (5656, "gutukgutuk", "gutukgutuk", "s", "v");
INSERT INTO `wced_entry` VALUES (5657, "gutum", "280", "<entry page=""280"" id=""5657""><form id=""guxtum"" lang=""ceb"">gútum</form>
<hom role=""n""><pos>n</pos>
<sense n=""1""><number>1</number><trans> <tr>hunger</tr>. </trans>
<eg><i lang=""ceb"">Namatay siya sa gútum,</i><trans> He died of hunger. </trans></eg>
</sense>
<sense n=""2""><number>2</number><trans> famine. </trans>
<eg><i lang=""ceb"">Gútum karun búsà pagdagínut,</i><trans> We’re having a famine, so cut down consumption. </trans></eg>
</sense></hom>
<hom role=""a""><pos>a</pos>
<sense n=""0""><trans> be intensely hungry. </trans>
<eg><i lang=""ceb"">Tána kay gútum kaáyu,</i> Let’s go, I’m starving. <form id=""patay_guxtum"" lang=""ceb"">patay <abbr expan=""gútum"">—</abbr></form><trans> so poor as not to have any food. </trans></eg>
<eg><i lang=""ceb"">Patay gútum na mi. Wà na diyuy malung-ag,</i><trans> We’re dead broke. We haven’t got a thing for dinner. </trans></eg>
</sense></hom>
<hom role=""v""><pos>v</pos>
<sense n=""1""><number>1</number> <itype>[a4]</itype><trans> <tr>be hungry</tr>. </trans>
<eg><i lang=""ceb"">Gigútum ka na?</i><trans> Are you hungry yet? </trans></eg>
</sense>
<sense n=""2""><number>2</number> <itype>[b4(1)]</itype><trans> have severe hunger pangs, be over-hungered. </trans>
</sense></hom>
<entry><form id=""gutum"" lang=""ceb""><abbr expan=""gutum"">(→)</abbr></form>
<hom role=""v""><pos>v</pos>
<sense n=""0""><trans> <xr lang=""ceb"" target=""#guxtum"">= <sc>gútum</sc>, <i lang=""ceb"">v</i>.</xr> </trans>
</sense></hom>
<hom role=""a""><pos>a</pos>
<sense n=""0""><trans> <tr>hungry</tr>. </trans>
<eg><i lang=""ceb"">Mikáun siya sáma sa táwung gutum,</i><trans> He ate like a starved man. </trans></eg>
</sense></hom></entry>
<entry><form id=""kaguxtum"" lang=""ceb""><abbr expan=""kagútum"">ka-(→)</abbr></form>
<hom>
<sense n=""0""><trans> <xr lang=""ceb"" target=""#guxtum"">= <sc>gútum</sc>, <i lang=""ceb"">n</i>.</xr> </trans>
</sense></hom></entry>
<entry><form id=""kagutmaxnan"" lang=""ceb"">kagutmánan</form>
<hom role=""n""><pos>n</pos>
<sense n=""0""><trans> <tr>famine</tr>. </trans>
</sense></hom></entry>
<entry><form id=""gulutman_gutmaxnun"" lang=""ceb"">gulutman, gutmánun</form>
<hom role=""a""><pos>a</pos>
<sense n=""0""><trans> easily getting hungry. </trans>
</sense></hom></entry>
<entry><form id=""lagutum"" lang=""ceb""><abbr expan=""lagutum"">la-(→)</abbr></form>
<hom>
<sense n=""0""><trans> <xr lang=""ceb"" target=""#lagutum""><ix>see</ix> <sc>lagutum</sc>.</xr>
</trans>
</sense></hom></entry></entry>");
INSERT INTO `wced_head` (entryid, head, normalized_head, type, pos) VALUES (5657, "gútum", "gutum", "m", "nav");
INSERT INTO `wced_head` (entryid, head, normalized_head, type, pos) VALUES (5657, "patay gútum", "patay gutum", "s", "");
INSERT INTO `wced_head` (entryid, head, normalized_head, type, pos) VALUES (5657, "gutum", "gutum", "s", "va");
INSERT INTO `wced_head` (entryid, head, normalized_head, type, pos) VALUES (5657, "kagútum", "kagutum", "s", "");
INSERT INTO `wced_head` (entryid, head, normalized_head, type, pos) VALUES (5657, "kagutmánan", "kagutmanan", "s", "n");
INSERT INTO `wced_head` (entryid, head, normalized_head, type, pos) VALUES (5657, "gulutman", "gulutman", "s", "a");
INSERT INTO `wced_head` (entryid, head, normalized_head, type, pos) VALUES (5657, "gutmánun", "gutmanun", "s", "a");
INSERT INTO `wced_head` (entryid, head, normalized_head, type, pos) VALUES (5657, "lagutum", "lagutum", "s", "");
INSERT INTO `wced_translation` (entryid, translation) VALUES (5657, "hunger");
INSERT INTO `wced_translation` (entryid, translation) VALUES (5657, "be hungry");
INSERT INTO `wced_translation` (entryid, translation) VALUES (5657, "hungry");
INSERT INTO `wced_translation` (entryid, translation) VALUES (5657, "famine");
INSERT INTO `wced_entry` VALUES (5658, "gutus", "280", "<entry page=""280"" id=""5658""><form id=""guxtus"" lang=""ceb"">gútus</form>
<hom role=""v""><pos>v</pos>
<sense n=""0""> <itype>[A13]</itype><trans> walk some distance. </trans>
<eg><i lang=""ceb"">Maggútus na lang ta kay wà man giyuy sakyanan,</i><trans> We have to walk because there’s no transportation.
</trans></eg>
</sense></hom></entry>");
INSERT INTO `wced_head` (entryid, head, normalized_head, type, pos) VALUES (5658, "gútus", "gutus", "m", "v");
INSERT INTO `wced_entry` VALUES (5659, "gutut", "280", "<entry page=""280"" id=""5659""><form id=""guxtut"" lang=""ceb"">gútut</form>
<hom role=""v""><pos>v</pos>
<sense n=""1""><number>1</number> <itype>[A2; cP]</itype><trans> for a small portion to be sticking out from behind or beneath s.t. </trans>
<eg><i lang=""ceb"">Migútut na ang bátà, tawga ang midwayip,</i><trans> The baby is coming out. Call the midwife. </trans></eg>
<eg><i lang=""ceb"">Iniglanguy igútut lag diyútay ang úlu sa túbig,</i><trans> In swimming raise your head just a little above the water. </trans></eg>
</sense>
<sense n=""2""><number>2</number> <itype>[A23]</itype><trans> show up at an appointed meeting or affair. </trans>
<eg><i lang=""ceb"">Way Husi nga migútut sa parti,</i><trans> No Jose showed up at the <pb n=""281""/>party.
</trans></eg>
</sense></hom></entry>");
INSERT INTO `wced_head` (entryid, head, normalized_head, type, pos) VALUES (5659, "gútut", "gutut", "m", "v");
INSERT INTO `wced_entry` VALUES (5660, "guud", "281", "<entry page=""281"" id=""5660""><form id=""guxud"" lang=""ceb"">gúud</form>
<hom role=""n""><pos>n</pos>
<sense n=""1""><number>1</number><trans> lower portion of a mature bamboo stem which is thick, strong, and durable. </trans>
</sense>
<sense n=""2""><number>2</number><trans> piece of bamboo from that portion. </trans>
</sense></hom>
<entry><form id=""pangguxud"" lang=""ceb""><abbr expan=""panggúud"">paN-</abbr></form>
<hom role=""v""><pos>v</pos>
<sense n=""0""> <itype>[A2; b6]</itype><trans> gather thick bamboo stems. </trans>
</sense></hom></entry>
<entry><form id=""guuxrun"" lang=""ceb"">guúrun</form>
<hom role=""a""><pos>a</pos>
<sense n=""0""><trans> thick and short. </trans>
<eg><i lang=""ceb"">Guúrun ug tudlù,</i><trans> Having thick, stubby fingers. </trans></eg>
</sense></hom>
<hom role=""v""><pos>v</pos>
<sense n=""0""> <itype>[B1256]</itype><trans> become thick and stubby.
</trans>
</sense></hom></entry></entry>");
INSERT INTO `wced_head` (entryid, head, normalized_head, type, pos) VALUES (5660, "gúud", "guud", "m", "n");
INSERT INTO `wced_head` (entryid, head, normalized_head, type, pos) VALUES (5660, "panggúud", "pangguud", "s", "v");
INSERT INTO `wced_head` (entryid, head, normalized_head, type, pos) VALUES (5660, "guúrun", "guurun", "s", "av");
INSERT INTO `wced_entry` VALUES (5661, "guuk", "281", "<entry page=""281"" id=""5661""><form id=""guuk"" lang=""ceb"">guuk</form>
<hom role=""n""><pos>n</pos>
<sense n=""0""><trans> fat on the back of a cow at the hump or, by analogy, fat on the nape of a person’s neck. </trans>
</sense></hom>
<hom role=""v""><pos>v</pos>
<sense n=""0""> <itype>[AN]</itype><trans> develop fat at the lower portion of the nape. </trans>
<eg><i lang=""ceb"">Ang tangkúgù níyang nangguuk,</i><trans> His neck with a big bulge of fat at the nape.
</trans></eg>
</sense></hom></entry>");
INSERT INTO `wced_head` (entryid, head, normalized_head, type, pos) VALUES (5661, "guuk", "guuk", "m", "nv");
INSERT INTO `wced_entry` VALUES (5662, "guul", "281", "<entry page=""281"" id=""5662""><form id=""guul"" lang=""ceb"">guul</form>
<hom role=""a""><pos>a</pos>
<sense n=""0""><trans> provoking sorrow and worry. </trans>
</sense></hom>
<hom role=""v""><pos>v</pos>
<sense n=""0""> <itype>[B126; ab3c5]</itype><trans> be worried and sad. </trans>
<eg><i lang=""ceb"">Ngánung dílì siya maguul nga himamáyi man ang bána,</i><trans> Why shouldn’t she be sad when her husband runs after women. </trans></eg>
<eg><i lang=""ceb"">Ang ákung gikagul-an (gikaguul) nga wà siya mananghid,</i><trans> What I am upset about is that he left without permission. </trans></eg>
</sense></hom>
<entry><form id=""kaguul"" lang=""ceb""><abbr expan=""kaguul"">ka-</abbr></form>
<hom role=""n""><pos>n</pos>
<sense n=""0""><trans> a sad, worried feeling. </trans>
<eg><i lang=""ceb"">Mihílak sa túmang kaguul,</i><trans> She burst into tears in her deep sadness. </trans></eg>
</sense></hom></entry>
<entry><form id=""kagul-axnan"" lang=""ceb"">kagul-ánan</form>
<hom role=""n""><pos>n</pos>
<sense n=""0""><trans> deep sorrows combined with worry. </trans>
<eg><i lang=""ceb"">Mga kagul-ánan sa kinabúhì,</i><trans> The sorrows one counters in life. </trans></eg>
</sense></hom></entry>
<entry><form id=""magul-axnun"" lang=""ceb"">magul-ánun</form>
<hom role=""a""><pos>a</pos>
<sense n=""0""><trans> worried and sad. </trans>
</sense></hom></entry>
<entry><form id=""makaguguul"" lang=""ceb""><abbr expan=""makaguguul"">maka-r-</abbr></form>
<hom role=""a""><pos>a</pos>
<sense n=""0""><trans> very saddening.
</trans>
</sense></hom></entry></entry>");
INSERT INTO `wced_head` (entryid, head, normalized_head, type, pos) VALUES (5662, "guul", "guul", "m", "av");
INSERT INTO `wced_head` (entryid, head, normalized_head, type, pos) VALUES (5662, "kaguul", "kaguul", "s", "n");
INSERT INTO `wced_head` (entryid, head, normalized_head, type, pos) VALUES (5662, "kagul-ánan", "kagul-anan", "s", "n");
INSERT INTO `wced_head` (entryid, head, normalized_head, type, pos) VALUES (5662, "magul-ánun", "magul-anun", "s", "a");
INSERT INTO `wced_head` (entryid, head, normalized_head, type, pos) VALUES (5662, "makaguguul", "makaguguul", "s", "a");
INSERT INTO `wced_entry` VALUES (5663, "guum", "281", "<entry page=""281"" id=""5663""><form id=""guxum"" lang=""ceb"">gúum</form>
<hom role=""v""><pos>v</pos>
<sense n=""1""><number>1</number> <itype>[A; c1]</itype><trans> force s.o.’s mouth shut. </trans>
<eg><i lang=""ceb"">Igúum (guúma) ang bàbà arun dì siya kasyágit,</i><trans> Shut his mouth tight so he can’t shout. </trans></eg>
</sense>
<sense n=""2""><number>2</number> <itype>[A; c16]</itype><trans> repress feelings. </trans>
<eg><i lang=""ceb"">Igúum (guúmun) na lang nákù ang ákung kahiubus,</i><trans> I’ll just swallow my feelings of hurt pride.
</trans></eg>
</sense></hom></entry>");
INSERT INTO `wced_head` (entryid, head, normalized_head, type, pos) VALUES (5663, "gúum", "guum", "m", "v");
INSERT INTO `wced_entry` VALUES (5664, "guun", "281", "<entry page=""281"" id=""5664""><form id=""guun"" lang=""ceb"">guun</form>
<hom role=""v""><pos>v</pos>
<sense n=""0""> <itype>[A; b]</itype><trans> withhold s.t. or prevent s.o. from doing s.t. </trans>
<eg><i lang=""ceb"">Dílì aku makaguun basta makakitag pagkáung lamían,</i><trans> I cannot restrain myself if I see good food. </trans></eg>
<eg><i lang=""ceb"">Gigun-an sa Sintral Bangk ang ímung aplikasyun,</i><trans> The Central Bank sat on your application.
</trans></eg>
</sense></hom></entry>");
INSERT INTO `wced_head` (entryid, head, normalized_head, type, pos) VALUES (5664, "guun", "guun", "m", "v");
INSERT INTO `wced_entry` VALUES (5665, "guut", "281", "<entry page=""281"" id=""5665""><form id=""guut"" lang=""ceb"">guut</form>
<hom role=""a""><pos>a</pos>
<sense n=""1""><number>1</number><trans> tight, fitted tight. </trans>
<eg><i lang=""ceb"">Guut ang kálù nákù,</i><trans> The hat is too small for me. </trans></eg>
</sense>
<sense n=""2""><number>2</number><trans> <tr>tight</tr>, <tr>stuffed</tr>. </trans>
<eg><i lang=""ceb"">Guut ákung ilung,</i><trans> My nose is stuffed up. </trans></eg>
</sense></hom>
<hom role=""v""><pos>v</pos>
<sense n=""0""> <itype>[B; c1]</itype><trans> </trans>
</sense>
<sense n=""1""><number>1</number><trans> become tight. </trans>
<eg><i lang=""ceb"">Miguut ang singsing nákù,</i><trans> The ring got to be too small for me. </trans></eg>
</sense>
<sense n=""2""><number>2</number><trans> get tight and stuffy. </trans>
<eg><i lang=""ceb"">Nagguut ang ákung dughan sa kaguul,</i><trans> My chest tightened with a feeling of sorrow.
</trans></eg>
</sense></hom></entry>");
INSERT INTO `wced_head` (entryid, head, normalized_head, type, pos) VALUES (5665, "guut", "guut", "m", "av");
INSERT INTO `wced_translation` (entryid, translation) VALUES (5665, "tight");
INSERT INTO `wced_translation` (entryid, translation) VALUES (5665, "stuffed");
INSERT INTO `wced_entry` VALUES (5666, "guwa", "281", "<entry page=""281"" id=""5666""><form id=""guxwa"" lang=""ceb"">gúwa</form>
<hom>
<sense n=""0""><trans> <xr lang=""ceb"" target=""#guxla"">= <sc>gúla</sc>.</xr>
</trans>
</sense></hom></entry>");
INSERT INTO `wced_head` (entryid, head, normalized_head, type, pos) VALUES (5666, "gúwa", "guwa", "m", "");
INSERT INTO `wced_entry` VALUES (5667, "guwing", "281", "<entry page=""281"" id=""5667""><form id=""guxwing"" lang=""ceb"">gúwing</form>
<hom role=""n""><pos>n</pos>
<sense n=""0""><trans> the action of going out for a date or some activity. </trans>
<eg><i lang=""ceb"">Ása ang gúwing nátù nga ispúting man ta?</i><trans> Where are you going that you’re all dressed up?
</trans></eg>
</sense></hom></entry>");
INSERT INTO `wced_head` (entryid, head, normalized_head, type, pos) VALUES (5667, "gúwing", "guwing", "m", "n");
INSERT INTO `wced_entry` VALUES (5668, "guyabana, guyabanu", "281", "<entry page=""281"" id=""5668""><form id=""guyabana_guyabanu"" lang=""ceb"">guyabana, guyabanu</form>
<hom>
<sense n=""0""><trans> <xr lang=""ceb"" target=""#gwayabanu"">= <sc>gwayabanu</sc>.</xr>
</trans>
</sense></hom></entry>");
INSERT INTO `wced_head` (entryid, head, normalized_head, type, pos) VALUES (5668, "guyabana", "guyabana", "s", "");
INSERT INTO `wced_head` (entryid, head, normalized_head, type, pos) VALUES (5668, "guyabanu", "guyabanu", "s", "");
INSERT INTO `wced_entry` VALUES (5669, "guyam-ut", "281", "<entry page=""281"" id=""5669""><form id=""guyam-ut"" lang=""ceb"">guyam-ut</form>
<hom role=""a""><pos>a</pos>
<sense n=""1""><number>1</number><trans> for lots of things in a small area to be all in disorder, topsy-turvy. </trans>
<eg><i lang=""ceb"">Guyam-ut íning ímung kwartu, uy!</i><trans> My, but your room is in disorder! </trans></eg>
</sense>
<sense n=""2""><number>2</number><trans> badly crumpled. </trans>
<eg><i lang=""ceb"">Pasahi nang ímung sinínà, guyam-ut kaáyu,</i><trans> Press your dress. It is all crumpled. </trans></eg>
</sense>
<sense n=""3""><number>3</number><trans> for the face to be all distorted because of anger or distaste. </trans>
</sense></hom>
<hom role=""v""><pos>v</pos>
<sense n=""0""> <itype>[B; a]</itype><trans> </trans>
</sense>
<sense n=""1""><number>1</number><trans> for a place to get all disorderly with lots of things. </trans>
</sense>
<sense n=""2""><number>2</number><trans> get all crumpled, creased. </trans>
</sense>
<sense n=""3""><number>3</number><trans> for the face to get completely distorted. </trans>
<eg><i lang=""ceb"">Gisakitan kag tiyan nga nagguyam-ut man nang ímung hitsúra?</i><trans> Your face is all distorted. Do you have a stomach ache?
</trans></eg>
</sense></hom></entry>");
INSERT INTO `wced_head` (entryid, head, normalized_head, type, pos) VALUES (5669, "guyam-ut", "guyam-ut", "m", "av");
INSERT INTO `wced_entry` VALUES (5670, "guy-ang", "281", "<entry page=""281"" id=""5670""><form id=""guy-ang"" lang=""ceb"">guy-ang</form>
<hom role=""v""><pos>v</pos>
<sense n=""0""> <itype>[A; a1]</itype><trans> break s.t. into pieces. </trans>
<eg><i lang=""ceb"">Naguy-ang ang kík kay natukuran nákù,</i><trans> I accidentally leaned on the cake and it fell into pieces. </trans></eg>
<eg><i lang=""ceb"">Ákung guy-ángun ning plátu ug maglágut ku,</i><trans> I will smash this plate into pieces if I get angry.
</trans></eg>
</sense></hom></entry>");
INSERT INTO `wced_head` (entryid, head, normalized_head, type, pos) VALUES (5670, "guy-ang", "guy-ang", "m", "v");
INSERT INTO `wced_entry` VALUES (5671, "guyku", "281", "<entry page=""281"" id=""5671""><form id=""guyku"" lang=""ceb"">guyku</form>
<hom role=""a""><pos>a</pos>
<sense n=""0""><trans> disabled part of the body. </trans>
</sense></hom>
<hom role=""v""><pos>v</pos>
<sense n=""0""> <itype>[B12]</itype><trans> for the body or a part of the body to be completely disabled. </trans>
<eg><i lang=""ceb"">Nagguyku ang íyang buktun kay mituwas ang bukug,</i><trans> His hand hung limp because he had a broken arm.
</trans></eg>
</sense></hom></entry>");
INSERT INTO `wced_head` (entryid, head, normalized_head, type, pos) VALUES (5671, "guyku", "guyku", "m", "av");
INSERT INTO `wced_entry` VALUES (5672, "guyud", "281", "<entry page=""281"" id=""5672""><form id=""guyud"" lang=""ceb"">guyud</form>
<hom role=""n""><pos>n</pos>
<sense n=""0""><trans> k.o. small white shrimp with one large claw.
</trans>
</sense></hom></entry>");
INSERT INTO `wced_head` (entryid, head, normalized_head, type, pos) VALUES (5672, "guyud", "guyud", "m", "n");
INSERT INTO `wced_entry` VALUES (5673, "guyud", "281", "<entry page=""281"" id=""5673""><form id=""guxyud"" lang=""ceb"">gúyud</form>
<hom role=""v""><pos>v</pos>
<sense n=""1""><number>1</number> <itype>[A; a12]</itype><trans> <tr>draw</tr>, <tr>tow</tr>. </trans>
<eg><i lang=""ceb"">Ang bátà naggúyud ug traktrák,</i><trans> The child is pulling a toy truck. </trans></eg>
<eg><i lang=""ceb"">Guyúrun tikaw ug dì ka muuban,</i><trans> I’ll drag you if you don’t come along. </trans></eg>
</sense>
<sense n=""2""><number>2</number><trans> invite a partner to dancing. </trans>
</sense></hom>
<entry><form id=""guyud"" lang=""ceb""><abbr expan=""guyud"">(→)</abbr></form>
<hom role=""n""><pos>n</pos>
<sense n=""1""><number>1</number><trans> rope used in trawling or towing. </trans>
</sense>
<sense n=""2""><number>2</number><trans> runners of a sled. </trans>
</sense></hom></entry>
<entry><form id=""guyuran"" lang=""ceb"">guyuran</form>
<hom role=""n""><pos>n</pos>
<sense n=""0""><trans> sled consisting of a platform without sides mounted on runners. </trans>
</sense></hom></entry>
<entry><form id=""kaguxyud"" lang=""ceb""><abbr expan=""kagúyud"">ka-</abbr></form>
<hom role=""n""><pos>n</pos>
<sense n=""0""><trans> boats which are pulled along by another large boat. </trans>
<eg><i lang=""ceb"">Púlù ming kagúyud ánang dakung lantsa,</i><trans> There were ten of us in boats towed by the large launch. </trans></eg>
</sense></hom></entry>
<entry><form id=""saguxyud"" lang=""ceb""><abbr expan=""sagúyud"">sa-</abbr></form>
<hom role=""v""><pos>v</pos>
<sense n=""0""> <itype>[A2S; c]</itype><trans> trailing behind. </trans>
<eg><i lang=""ceb"">Nagsaguyud ang kápa sa rayna,</i><trans> The queen’s cape is dragging behind. </trans></eg>
<eg><i lang=""ceb"">Ayaw isagúyud ang inyung bakyà kay sábà,</i><trans> Don’t drag your wooden slippers because they’re noisy.
</trans></eg>
</sense></hom></entry></entry>");
INSERT INTO `wced_head` (entryid, head, normalized_head, type, pos) VALUES (5673, "gúyud", "guyud", "m", "v");
INSERT INTO `wced_head` (entryid, head, normalized_head, type, pos) VALUES (5673, "guyud", "guyud", "s", "n");
INSERT INTO `wced_head` (entryid, head, normalized_head, type, pos) VALUES (5673, "guyuran", "guyuran", "s", "n");
INSERT INTO `wced_head` (entryid, head, normalized_head, type, pos) VALUES (5673, "kagúyud", "kaguyud", "s", "n");
INSERT INTO `wced_head` (entryid, head, normalized_head, type, pos) VALUES (5673, "sagúyud", "saguyud", "s", "v");
INSERT INTO `wced_translation` (entryid, translation) VALUES (5673, "draw");
INSERT INTO `wced_translation` (entryid, translation) VALUES (5673, "tow");
INSERT INTO `wced_entry` VALUES (5674, "guyuguyu", "281", "<entry page=""281"" id=""5674""><form id=""guyuguyu"" lang=""ceb"">guyuguyu</form>
<hom role=""n""><pos>n</pos>
<sense n=""0""><trans> larva of the mosquitoes.
</trans>
</sense></hom></entry>");
INSERT INTO `wced_head` (entryid, head, normalized_head, type, pos) VALUES (5674, "guyuguyu", "guyuguyu", "m", "n");
INSERT INTO `wced_entry` VALUES (5675, "guyungguyung", "281", "<entry page=""281"" id=""5675""><form id=""guyungguyung"" lang=""ceb"">guyungguyung</form>
<hom role=""n""><pos>n</pos>
<sense n=""0""><trans> sand bugs up to <measure reg=""5.1 cm"">2″</measure> in length which burrow into the sand beneath shallow waters. They come in white, brown, and gray colors, and are eaten broiled.
</trans>
</sense></hom></entry>");
INSERT INTO `wced_head` (entryid, head, normalized_head, type, pos) VALUES (5675, "guyungguyung", "guyungguyung", "m", "n");
INSERT INTO `wced_entry` VALUES (5676, "gwabana", "281", "<entry page=""281"" id=""5676""><form id=""gwabana"" lang=""ceb"">gwabana</form>
<hom>
<sense n=""0""><trans> <xr lang=""ceb"" target=""#gwayabanu"">= <sc>gwayabanu</sc>.</xr>
</trans>
</sense></hom></entry>");
INSERT INTO `wced_head` (entryid, head, normalized_head, type, pos) VALUES (5676, "gwabana", "gwabana", "m", "");
INSERT INTO `wced_entry` VALUES (5677, "gwantis", "281", "<entry page=""281"" id=""5677""><form id=""gwantis"" lang=""ceb"">gwantis</form>
<hom role=""n""><pos>n</pos>
<sense n=""0""><trans> gloves with slits for the fingers. </trans>
</sense></hom>
<hom role=""v""><pos>v</pos>
<sense n=""0""> <itype>[A; c]</itype><trans> wear gloves.
</trans>
</sense></hom></entry>");
INSERT INTO `wced_head` (entryid, head, normalized_head, type, pos) VALUES (5677, "gwantis", "gwantis", "m", "nv");
INSERT INTO `wced_entry` VALUES (5678, "gwanu", "281", "<entry page=""281"" id=""5678""><form id=""gwaxnu"" lang=""ceb"">gwánu</form>
<hom role=""n""><pos>n</pos>
<sense n=""0""><trans> <tr>guano</tr>, excrement of cave-dwelling birds and bats used as fertilizer.
</trans>
</sense></hom></entry>");
INSERT INTO `wced_head` (entryid, head, normalized_head, type, pos) VALUES (5678, "gwánu", "gwanu", "m", "n");
INSERT INTO `wced_translation` (entryid, translation) VALUES (5678, "guano");
INSERT INTO `wced_entry` VALUES (5679, "gwapa", "281", "<entry page=""281"" id=""5679""><form id=""gwaxpa"" lang=""ceb"">gwápa</form>
<hom role=""a""><pos>a</pos>
<sense n=""0""><trans> <xr lang=""ceb"" target=""#gwaxpu"">= <sc>gwápu</sc> (said of women).</xr>
</trans>
</sense></hom></entry>");
INSERT INTO `wced_head` (entryid, head, normalized_head, type, pos) VALUES (5679, "gwápa", "gwapa", "m", "a");
INSERT INTO `wced_entry` VALUES (5680, "gwapita", "281", "<entry page=""281"" id=""5680""><form id=""gwapixta"" lang=""ceb"">gwapíta</form>
<hom>
<sense n=""0""><trans> <xr lang=""ceb"" target=""#gwapixtu"">= <sc>gwapítu</sc> (female).</xr>
</trans>
</sense></hom></entry>");
INSERT INTO `wced_head` (entryid, head, normalized_head, type, pos) VALUES (5680, "gwapíta", "gwapita", "m", "");
INSERT INTO `wced_entry` VALUES (5681, "gwapitu", "281", "<entry page=""281"" id=""5681""><form id=""gwapixtu"" lang=""ceb"">gwapítu</form>
<hom role=""a""><pos>a</pos>
<sense n=""0""><trans> cute and good-looking little lad.
</trans>
</sense></hom></entry>");
INSERT INTO `wced_head` (entryid, head, normalized_head, type, pos) VALUES (5681, "gwapítu", "gwapitu", "m", "a");
INSERT INTO `wced_entry` VALUES (5682, "gwapu", "281", "<entry page=""281"" id=""5682""><form id=""gwaxpu"" lang=""ceb"">gwápu</form>
<hom role=""a""><pos>a</pos>
<sense n=""1""><number>1</number><trans> <tr>handsome</tr>, <tr>good-looking</tr>. </trans>
<eg><i lang=""ceb"">Gwápu siya, baklà lang,</i><trans> He is handsome, only he’s a fairy. </trans></eg>
</sense>
<sense n=""2""><number>2</number><trans> beautiful, nice to look at (of things in general). </trans>
<eg><i lang=""ceb"">Gwápu ang talan-áwun dinhi,</i><trans> The scenery here is beautiful. </trans></eg>
</sense>
<sense n=""3""><number>3</number><trans> of <pb n=""282""/>good quality. </trans>
<eg><i lang=""ceb"">Gwápu ang mga dā́n sa Lusun,</i><trans> Luzon has good roads. </trans></eg>
</sense></hom>
<hom role=""v""><pos>v</pos>
<sense n=""0""> <itype>[B; a12]</itype><trans> be beautiful, do s.t. in a beautiful way.
</trans>
</sense></hom></entry>");
INSERT INTO `wced_head` (entryid, head, normalized_head, type, pos) VALUES (5682, "gwápu", "gwapu", "m", "av");
INSERT INTO `wced_translation` (entryid, translation) VALUES (5682, "handsome");
INSERT INTO `wced_translation` (entryid, translation) VALUES (5682, "good-looking");
INSERT INTO `wced_entry` VALUES (5683, "*gwarda", "282", "<entry page=""282"" id=""5683""><form id=""xxgwarda"" lang=""ceb"">*gwarda</form>
<entry><form id=""gwarda_kusta"" lang=""ceb""><abbr expan=""gwarda"">—</abbr> kusta</form>
<hom>
<sense n=""0""><trans> coast guard or member thereof. </trans>
</sense></hom>
<hom role=""v""><pos>v</pos>
<sense n=""0""> <itype>[B56; a2]</itype><trans> be, make s.o. a member of the coast guard. </trans>
</sense></hom></entry>
<entry><form id=""gwarda_munti"" lang=""ceb""><abbr expan=""gwarda"">—</abbr> munti</form>
<hom role=""n""><pos>n</pos>
<sense n=""0""><trans> <tr>forest ranger</tr>. </trans>
</sense></hom>
<hom role=""v""><pos>v</pos>
<sense n=""0""> <itype>[B56; a2]</itype><trans> be a forest ranger.
</trans>
</sense></hom></entry></entry>");
INSERT INTO `wced_head` (entryid, head, normalized_head, type, pos) VALUES (5683, "gwarda", "gwarda", "s", "");
INSERT INTO `wced_head` (entryid, head, normalized_head, type, pos) VALUES (5683, "gwarda kusta", "gwarda kusta", "s", "v");
INSERT INTO `wced_head` (entryid, head, normalized_head, type, pos) VALUES (5683, "gwarda munti", "gwarda munti", "s", "nv");
INSERT INTO `wced_translation` (entryid, translation) VALUES (5683, "forest ranger");
INSERT INTO `wced_entry` VALUES (5684, "gwardiya", "282", "<entry page=""282"" id=""5684""><form id=""gwardiya"" lang=""ceb"">gwardiya</form>
<hom role=""n""><pos>n</pos>
<sense n=""1""><number>1</number><trans> <tr>guard</tr>. </trans>
</sense>
<sense n=""2""><number>2</number><trans> guard position in a basketball game. </trans>
</sense></hom>
<hom role=""v""><pos>v</pos>
<sense n=""0""> <itype>[A; b6]</itype><trans> <tr>guard</tr>, keep watch. </trans>
<eg><i lang=""ceb"">Ang ámù gigwardyahan ug mga irù,</i><trans> Our house is guarded by dogs. </trans></eg>
</sense></hom>
<entry><form id=""gwardiya_kusta"" lang=""ceb""><abbr expan=""gwardiya"">—</abbr> kusta</form>
<hom>
<sense n=""0""><trans> coast guard. </trans>
</sense></hom></entry>
<entry><form id=""gwardiya_sibil"" lang=""ceb""><abbr expan=""gwardiya"">—</abbr> sibil</form>
<hom role=""n""><pos>n</pos>
<sense n=""0""><trans> police militiamen during the Spanish times. </trans>
</sense></hom></entry>
<entry><form id=""gwardiyaxdu"" lang=""ceb""><abbr expan=""gwardiyádu"">-du(←)</abbr></form>
<hom role=""a""><pos>a</pos>
<sense n=""0""><trans> well-guarded. </trans>
<eg><i lang=""ceb"">Gwardiyádu ang dalága sa amahan,</i><trans> The daughter is well-guarded by her father.
</trans></eg>
</sense></hom></entry></entry>");
INSERT INTO `wced_head` (entryid, head, normalized_head, type, pos) VALUES (5684, "gwardiya", "gwardiya", "m", "nv");
INSERT INTO `wced_head` (entryid, head, normalized_head, type, pos) VALUES (5684, "gwardiya kusta", "gwardiya kusta", "s", "");
INSERT INTO `wced_head` (entryid, head, normalized_head, type, pos) VALUES (5684, "gwardiya sibil", "gwardiya sibil", "s", "n");
INSERT INTO `wced_head` (entryid, head, normalized_head, type, pos) VALUES (5684, "gwardiyádu", "gwardiyadu", "s", "a");
INSERT INTO `wced_translation` (entryid, translation) VALUES (5684, "guard");
INSERT INTO `wced_entry` VALUES (5685, "gwarnasiyun", "282", "<entry page=""282"" id=""5685""><form id=""gwarnasiyun"" lang=""ceb"">gwarnasiyun</form>
<hom>
<sense n=""0""><trans> (from <ix>gwarni</ix>) </trans>
</sense></hom>
<hom role=""n""><pos>n</pos>
<sense n=""0""><trans> <tr>harness</tr>. </trans>
</sense></hom>
<hom role=""v""><pos>v</pos>
<sense n=""0""> <itype>[A; b]</itype><trans> harness a horse.
</trans>
</sense></hom></entry>");
INSERT INTO `wced_head` (entryid, head, normalized_head, type, pos) VALUES (5685, "gwarnasiyun", "gwarnasiyun", "m", "nv");
INSERT INTO `wced_translation` (entryid, translation) VALUES (5685, "harness");
INSERT INTO `wced_entry` VALUES (5686, "gwarni", "282", "<entry page=""282"" id=""5686""><form id=""gwarni"" lang=""ceb"">gwarni</form>
<hom role=""v""><pos>v</pos>
<sense n=""0""> <itype>[A; b(1)]</itype><trans> </trans>
</sense>
<sense n=""1""><number>1</number><trans> tie a string or rope around s.t. several times, each time at a right angle to the previous time. </trans>
<eg><i lang=""ceb"">Gwarníhi ug maáyu ang paldu arun dílì mawagwag ang manútus,</i><trans> Tie a rope all around the bale so that the hands of tobacco won’t get scattered. </trans></eg>
</sense>
<sense n=""2""><number>2</number><trans> lock s.o. in one’s arms or lock s.o.’s arms to restrain motion. </trans>
<eg><i lang=""ceb"">Gigwarníhan ku siya. Wà siya kalíhuk,</i><trans> I locked his arms and he couldn’t move. </trans></eg>
</sense></hom>
<hom role=""n""><pos>n</pos>
<sense n=""0""><trans> rope or string tied all around s.t.
</trans>
</sense></hom></entry>");
INSERT INTO `wced_head` (entryid, head, normalized_head, type, pos) VALUES (5686, "gwarni", "gwarni", "m", "vn");
INSERT INTO `wced_entry` VALUES (5687, "gwatsi", "282", "<entry page=""282"" id=""5687""><form id=""gwatsi"" lang=""ceb"">gwatsi</form>
<hom role=""n""><pos>n</pos>
<sense n=""1""><number>1</number><trans> <tr>petty lie</tr>. </trans>
<eg><i lang=""ceb"">Nabuku ang íyang gwatsi kay dihay nakakità,</i><trans> He was exposed because there was a witness. </trans></eg>
</sense>
<sense n=""2""><number>2</number><trans> mischievous act or story to arouse laughter. </trans>
</sense></hom>
<hom role=""a""><pos>a</pos>
<sense n=""0""><trans> one who puts up an act, tells stories. </trans>
<eg><i lang=""ceb"">Gwatsi batáa pasakitsákit arun atimanun,</i><trans> This child is a faker. He plays sick to get attention. </trans></eg>
</sense></hom>
<hom role=""v""><pos>v</pos>
<sense n=""0""> <itype>[A13; b6]</itype><trans> resort to trickery to make s.o. believe s.t. </trans>
<eg><i lang=""ceb"">Gwatsíhi siyang mangiskwíla ta arun makagawas ta,</i><trans> Tell him that we’re going to school so we can go out. </trans></eg>
</sense></hom>
<entry><form id=""gwatsinangga"" lang=""ceb""><abbr expan=""gwatsinangga"">-nangga</abbr></form>
<hom>
<sense n=""0""><trans> <xr lang=""ceb"" target=""#x-nanggu"">= <sc><abbr expan=""gwatsinanggu"">-nanggu</abbr></sc> (female).</xr> </trans>
</sense></hom></entry>
<entry><form id=""gwatsinanggu"" lang=""ceb""><abbr expan=""gwatsinanggu"">-nanggu</abbr></form>
<hom role=""n""><pos>n</pos>
<sense n=""0""><trans> one who tells petty lies. </trans>
</sense></hom></entry>
<entry><form id=""gwatsira_gwatsiru"" lang=""ceb""><abbr expan=""gwatsira"">-ra</abbr>, <abbr expan=""gwatsiru"">-ru</abbr></form>
<hom>
<sense n=""0""><trans> <xr lang=""ceb"" target=""#gwatsinangga-u"">= <sc>gwatsinangga</sc>, <sc><abbr expan=""gwatsinanggu"">-u</abbr></sc>.</xr>
</trans>
</sense></hom></entry></entry>");
INSERT INTO `wced_head` (entryid, head, normalized_head, type, pos) VALUES (5687, "gwatsi", "gwatsi", "m", "nav");
INSERT INTO `wced_head` (entryid, head, normalized_head, type, pos) VALUES (5687, "gwatsinangga", "gwatsinangga", "s", "");
INSERT INTO `wced_head` (entryid, head, normalized_head, type, pos) VALUES (5687, "gwatsinanggu", "gwatsinanggu", "s", "n");
INSERT INTO `wced_head` (entryid, head, normalized_head, type, pos) VALUES (5687, "gwatsira", "gwatsira", "s", "");
INSERT INTO `wced_head` (entryid, head, normalized_head, type, pos) VALUES (5687, "gwatsiru", "gwatsiru", "s", "");
INSERT INTO `wced_translation` (entryid, translation) VALUES (5687, "petty lie");
INSERT INTO `wced_entry` VALUES (5688, "gwayabanu", "282", "<entry page=""282"" id=""5688""><form id=""gwayabanu"" lang=""ceb"">gwayabanu</form>
<hom role=""n""><pos>n</pos>
<sense n=""0""><trans> soursop, a k.o. small cultivated tree bearing large, pear-shaped, spiny fruits, very juicy, soft and fibrous, eaten as is: <bio><corr sic=""Anona"">Annona</corr> muricata</bio>.
</trans>
</sense></hom></entry>");
INSERT INTO `wced_head` (entryid, head, normalized_head, type, pos) VALUES (5688, "gwayabanu", "gwayabanu", "m", "n");
INSERT INTO `wced_entry` VALUES (5689, "gyira", "282", "<entry page=""282"" id=""5689""><form id=""gyixra"" lang=""ceb"">gyíra</form>
<hom>
<sense n=""0""><trans> <xr lang=""ceb"" target=""#gixra"">= <sc>gíra</sc>.</xr>

</trans>
</sense></hom></entry>");
INSERT INTO `wced_head` (entryid, head, normalized_head, type, pos) VALUES (5689, "gyíra", "gyira", "m", "");
COMMIT;
