BEGIN TRANSACTION;
INSERT INTO `wced_entry` VALUES (10347, "la1", "537a", "<entry page=""537a"" id=""10347""><form id=""la"" lang=""ceb"">la<sub>1</sub></form>
<hom>
<sense n=""0""><trans> <xr lang=""ceb"" target=""#laxmang"">= <sc>lámang</sc></xr> (dialectal).
</trans>
</sense></hom></entry>");
INSERT INTO `wced_head` (entryid, head, normalized_head, type, pos) VALUES (10347, "la", "la", "s", "");
INSERT INTO `wced_entry` VALUES (10348, "la2", "537a", "<entry page=""537a"" id=""10348""><form id=""la2"" lang=""ceb"">la<sub>2</sub></form>
<hom role=""n""><pos>n</pos>
<sense n=""1""><number>1</number><trans> <tr>la</tr>, the sixth note in the musical scale. </trans>
</sense>
<sense n=""2""><number>2</number><trans> a syllable used in place of words forgotten when singing a song.
</trans>
</sense></hom></entry>");
INSERT INTO `wced_head` (entryid, head, normalized_head, type, pos) VALUES (10348, "la", "la", "s", "n");
INSERT INTO `wced_translation` (entryid, translation) VALUES (10348, "la");
INSERT INTO `wced_entry` VALUES (10349, "la", "537a", "<entry page=""537a"" id=""10349""><form id=""la5"" lang=""ceb"">lā́</form>
<hom>
<sense n=""0""><trans> <xr lang=""ceb"" target=""#laxla_2"">= <sc>lála<sub>1, 2</sub></sc>.</xr>
</trans>
</sense></hom></entry>");
INSERT INTO `wced_head` (entryid, head, normalized_head, type, pos) VALUES (10349, "lā́", "la", "m", "");
INSERT INTO `wced_entry` VALUES (10350, "laag", "537a", "<entry page=""537a"" id=""10350""><form id=""laxag"" lang=""ceb"">láag</form>
<hom role=""v""><pos>v</pos>
<sense n=""0""> <itype>[A; ac]</itype><trans> <tr>roam</tr> about for no special purpose, just for diversion. </trans>
<eg><i lang=""ceb"">Atúa si Pidru sa syudad miláag,</i><trans> Pedro is downtown roaming about. </trans></eg>
<eg><i lang=""ceb"">Unsay ímung laágun didtu? Mangítà na pud kag áway?</i><trans> What are you going to roam around there for? Are you looking for another fight? </trans></eg>
</sense></hom>
<entry><form id=""laag"" lang=""ceb""><abbr expan=""laag"">(→)</abbr></form>
<hom role=""a""><pos>a</pos>
<sense n=""0""><trans> roving about, going nowhere in particular. </trans>
<eg><i lang=""ceb"">Lagmit paangkan ang babáying laag,</i><trans> A woman that roams about is likely to get pregnant. </trans></eg>
<eg><i lang=""ceb"">Ang laag níyang panan-aw didtu mahiúrung sa babáyi,</i><trans> His roving gaze stopped at the woman. </trans></eg>
</sense></hom>
<hom role=""v""><pos>v</pos>
<sense n=""0""> <itype>[B12]</itype><trans> get to be a wanderer. </trans>
</sense></hom></entry>
<entry><form id=""laagan"" lang=""ceb""><abbr expan=""laagan"">-an(→)</abbr></form>
<hom>
<sense n=""0""><trans> <xr lang=""ceb"" target=""#laag"">= <sc>laag</sc>.</xr>
</trans>
</sense></hom></entry></entry>");
INSERT INTO `wced_head` (entryid, head, normalized_head, type, pos) VALUES (10350, "láag", "laag", "m", "v");
INSERT INTO `wced_head` (entryid, head, normalized_head, type, pos) VALUES (10350, "laag", "laag", "s", "av");
INSERT INTO `wced_head` (entryid, head, normalized_head, type, pos) VALUES (10350, "laagan", "laagan", "s", "");
INSERT INTO `wced_translation` (entryid, translation) VALUES (10350, "roam");
INSERT INTO `wced_entry` VALUES (10351, "laang", "537a", "<entry page=""537a"" id=""10351""><form id=""laxang"" lang=""ceb"">láang</form>
<hom role=""n""><pos>n</pos>
<sense n=""1""><number>1</number><trans> <tr>noose</tr> of a trap. </trans>
<eg><i lang=""ceb"">Biraha ang láang inigtunub sa manuk,</i><trans> Pull the noose when the chicken steps in. </trans></eg>
</sense>
<sense n=""1a""><number>1a</number><trans> any trap that has a noose. </trans>
</sense>
<sense n=""2""><number>2</number><trans> stratagem designed to catch or trick s.o. </trans>
<eg><i lang=""ceb"">Babáyi ang gamíta nga láang pagsíkup sa ispíya,</i><trans> Use a woman as a trap to snare the spy. </trans></eg>
</sense></hom>
<hom role=""v""><pos>v</pos>
<sense n=""0""> <itype>[A; a]</itype><trans> </trans>
</sense>
<sense n=""1""><number>1</number><trans> trap s.t. with a noose. </trans>
<eg><i lang=""ceb"">Laángun nátung bábuy,</i><trans> Let’s trap the pig with a noose. </trans></eg>
</sense>
<sense n=""2""><number>2</number><trans> employ a trick to catch s.o. </trans>
<eg><i lang=""ceb"">Dì siya madiritsu ug dakup. Laángun giyud,</i><trans> He can’t be caught easily. He should be trapped. </trans></eg>
</sense></hom>
<entry><form id=""linaxang"" lang=""ceb""><abbr expan=""lináang"">-in-</abbr></form>
<hom>
<sense n=""0""><trans> <xr lang=""ceb"" target=""#laxang"">= <sc>láang</sc>, <i lang=""ceb"">n1.</i></xr>
</trans>
</sense></hom></entry></entry>");
INSERT INTO `wced_head` (entryid, head, normalized_head, type, pos) VALUES (10351, "láang", "laang", "m", "nv");
INSERT INTO `wced_head` (entryid, head, normalized_head, type, pos) VALUES (10351, "lináang", "linaang", "s", "");
INSERT INTO `wced_translation` (entryid, translation) VALUES (10351, "noose");
INSERT INTO `wced_entry` VALUES (10352, "laas", "537a", "<entry page=""537a"" id=""10352""><form id=""laas"" lang=""ceb"">laas</form>
<hom role=""v""><pos>v</pos>
<sense n=""1""><number>1</number> <itype>[A; c]</itype><trans> take a sword or rod and raise it. </trans>
<eg><i lang=""ceb"">Naglaas ug sundang ang hurimintádu,</i><trans> The amok was brandishing a bolo. </trans></eg>
<eg><i lang=""ceb"">Gilaas sa tigúlang ang íyang ulísi,</i><trans> The old man raised his cane in the air. </trans></eg>
</sense>
<sense n=""2""><number>2</number> <itype>[A13; b6]</itype><trans> go bare of protection. </trans>
<eg><i lang=""ceb"">Naglaas ka lang nga tugnaw kaáyu?</i><trans> Why aren’t you dressed when it’s so cold?
</trans></eg>
</sense></hom></entry>");
INSERT INTO `wced_head` (entryid, head, normalized_head, type, pos) VALUES (10352, "laas", "laas", "m", "v");
INSERT INTO `wced_entry` VALUES (10353, "laas", "537a", "<entry page=""537a"" id=""10353""><form id=""laxas"" lang=""ceb"">láas</form>
<hom role=""v""><pos>v</pos>
<sense n=""0""> <itype>[A; a]</itype><trans> </trans>
</sense>
<sense n=""1""><number>1</number><trans> <tr>tear</tr> leaves or thin sheets lengthwise into strips. </trans>
<eg><i lang=""ceb"">Miláas siyag papil pára himúung bandirabandíra,</i><trans> She tore some papers into strips to make into pennants. </trans></eg>
</sense>
<sense n=""2""><number>2</number><trans> <tr>tear</tr>, <tr>peel</tr> s.t. off from an attachment. </trans>
<eg><i lang=""ceb"">Nakaláas ku sa bulsa sa íyang púlu,</i><trans> I accidentally tore the pocket off his shirt. </trans></eg>
<eg><i lang=""ceb"">Ang uban nga táwu laásun lang ang pánit sa kanding,</i><trans> Some people just peel the skin off of goats. </trans></eg>
</sense>
<sense n=""2a""><number>2a</number><trans> remove the cloth-like sheathing of the coconut bud as the first step in tapping the toddy. </trans>
</sense></hom>
<hom role=""n""><pos>n</pos>
<sense n=""1""><number>1</number><trans> the lower part of the leaves of the areca palm which sheathes the trunk. </trans>
<eg><i lang=""ceb"">Maáyu kaáyung buhátun ug sudlanan sa bugas ang mga layà nga láas sa káhuyng búnga,</i><trans> Several pieces of dry palm frond sheaths of the areca palm can be made into useful containers for rice or corn grits. </trans></eg>
</sense>
<sense n=""2""><number>2</number><trans> the covering cloth-like sheath of the coconut bud which grows from the sides of the bottom of the frond.
</trans>
</sense></hom></entry>");
INSERT INTO `wced_head` (entryid, head, normalized_head, type, pos) VALUES (10353, "láas", "laas", "m", "vn");
INSERT INTO `wced_translation` (entryid, translation) VALUES (10353, "tear");
INSERT INTO `wced_translation` (entryid, translation) VALUES (10353, "peel");
INSERT INTO `wced_entry` VALUES (10354, "laaw", "537a", "<entry page=""537a"" id=""10354""><form id=""laaw"" lang=""ceb"">laaw</form>
<hom role=""n""><pos>n</pos>
<sense n=""0""><trans> <tr>stray cat</tr>.
</trans>
</sense></hom></entry>");
INSERT INTO `wced_head` (entryid, head, normalized_head, type, pos) VALUES (10354, "laaw", "laaw", "m", "n");
INSERT INTO `wced_translation` (entryid, translation) VALUES (10354, "stray cat");
INSERT INTO `wced_entry` VALUES (10355, "laay", "537a", "<entry page=""537a"" id=""10355""><form id=""laxay"" lang=""ceb"">láay</form>
<hom role=""a""><pos>a</pos>
<sense n=""1""><number>1</number><trans> <tr>monotonous</tr>, wearingly <tr>boring</tr>. </trans>
<eg><i lang=""ceb"">Láay kaáyu ning wà tay búhat,</i><trans> It is so dull to be without anything to do. </trans></eg>
<eg><i lang=""ceb"">Láay kaáyu ang pagpaábut,</i><trans> It is very boring just to wait around. </trans></eg>
</sense>
<sense n=""2""><number>2</number><trans> disgusting, disappointing in that one doesn’t conform to what is expected of him. </trans>
<eg><i lang=""ceb"">Laáya nímu uy, ingun ka palitan ku nímug sapátus,</i><trans> How disgusting! You promised to buy shoes for me (but you didn’t). </trans></eg>
<eg><i lang=""ceb"">Kaláay bayang Nína, gipanabì diay níya ang ákung sikrítu,</i><trans> How disgusting of Nina. She told my secret to everybody. </trans></eg>
</sense></hom>
<hom role=""v""><pos>v</pos>
<sense n=""0""> <itype>[B124; b4]</itype><trans> be boring, feel bored. </trans>
<eg><i lang=""ceb"">Nagkalaay na ning trabahúa kay mu ra gihápun,</i><trans> This work is getting boring because it is always the same thing. </trans></eg>
<eg><i lang=""ceb"">Mipaúlì na lang siya kay gilaáyan nag pinaábut nímu,</i><trans> He just went home. He got tired of waiting for you. </trans></eg>
</sense></hom>
<entry><form id=""laay"" lang=""ceb""><abbr expan=""laay"">(→)</abbr></form>
<hom role=""n""><pos>n</pos>
<sense n=""0""><trans> a variety of corn that takes a long time to mature. </trans>
</sense></hom></entry>
<entry><form id=""laaylaay"" lang=""ceb"">laaylaay</form>
<hom role=""v""><pos>v</pos>
<sense n=""0""> <itype>[A; b(1)]</itype><trans> while away time or do s.t. for the meantime. </trans>
<eg><i lang=""ceb"">Samtang magpaábut ku mulaaylaay lang kug gansilyu,</i><trans> While I’m waiting, I’ll while away the time crocheting. </trans></eg>
<eg><i lang=""ceb"">Gilaaylaayan ku lang nig búhat, nahuman na giyud,</i><trans> I just did this little by little during <pb n=""538""/>my spare time, and now it’s finished. </trans></eg>
</sense></hom></entry>
<entry><form id=""kalaay"" lang=""ceb""><abbr expan=""kalaay"">ka-(→)</abbr></form>
<hom>
<sense n=""0""><trans> <xr lang=""ceb"" target=""#laaylaay"">= <sc>laaylaay</sc>.</xr> </trans>
</sense></hom></entry>
<entry><form id=""kalaxay"" lang=""ceb""><abbr expan=""kaláay"">ka-</abbr></form>
<hom role=""n""><pos>n</pos>
<sense n=""0""><trans> <tr>boredom</tr>.
</trans>
</sense></hom></entry></entry>");
INSERT INTO `wced_head` (entryid, head, normalized_head, type, pos) VALUES (10355, "láay", "laay", "m", "av");
INSERT INTO `wced_head` (entryid, head, normalized_head, type, pos) VALUES (10355, "laay", "laay", "s", "n");
INSERT INTO `wced_head` (entryid, head, normalized_head, type, pos) VALUES (10355, "laaylaay", "laaylaay", "s", "v");
INSERT INTO `wced_head` (entryid, head, normalized_head, type, pos) VALUES (10355, "kalaay", "kalaay", "s", "");
INSERT INTO `wced_head` (entryid, head, normalized_head, type, pos) VALUES (10355, "kaláay", "kalaay", "s", "n");
INSERT INTO `wced_translation` (entryid, translation) VALUES (10355, "monotonous");
INSERT INTO `wced_translation` (entryid, translation) VALUES (10355, "boring");
INSERT INTO `wced_translation` (entryid, translation) VALUES (10355, "boredom");
INSERT INTO `wced_entry` VALUES (10356, "lab1", "538", "<entry page=""538"" id=""10356""><form id=""laxb"" lang=""ceb"">láb<sub>1</sub></form>
<hom role=""n""><pos>n</pos>
<sense n=""0""><trans> half of the number of points or one less half the number of points that make a tennis or pingpong game. (From the notion that when the one who is behind reaches half the number of points—usually ten points, that number is subtracted from the winner’s points and the one behind is reckoned at zero. E.g. a score 12 to 10 is reckoned at <ix>dus láb</ix> instead of <ix>dúsi diyis</ix>.) </trans>
</sense></hom>
<hom role=""v""><pos>v</pos>
<sense n=""0""> <itype>[A; b6]</itype><trans> for the one who is behind to get as far as the half-way point. </trans>
<eg><i lang=""ceb"">Makaláb lang ku, sigurádu giyud kung makaagpas ug makadaug,</i><trans> If I can make it to love (ten points), I’m sure I can catch up and win. </trans></eg>
<eg><i lang=""ceb"">Siya ang kampiyun apan gilában ku siya,</i><trans> He is the champion, but I was able to get ten points (out of twenty-one).
</trans></eg>
</sense></hom></entry>");
INSERT INTO `wced_head` (entryid, head, normalized_head, type, pos) VALUES (10356, "láb", "lab", "s", "nv");
INSERT INTO `wced_entry` VALUES (10357, "lab2", "538", "<entry page=""538"" id=""10357""><form id=""laxb2"" lang=""ceb"">láb<sub>2</sub></form>
<hom role=""n""><pos>n</pos>
<sense n=""0""><trans> lab.
</trans>
</sense></hom></entry>");
INSERT INTO `wced_head` (entryid, head, normalized_head, type, pos) VALUES (10357, "láb", "lab", "s", "n");
INSERT INTO `wced_entry` VALUES (10358, "laba", "538", "<entry page=""538"" id=""10358""><form id=""laba"" lang=""ceb"">laba</form>
<hom role=""v""><pos>v</pos>
<sense n=""1""><number>1</number> <itype>[A; b1]</itype><trans> <tr>wash clothing</tr>. </trans>
<eg><i lang=""ceb"">Gilabhan níya ang ákung púlu,</i><trans> She washed my shirt. </trans></eg>
<eg><i lang=""ceb"">Ang batu nga ílang gilabhan,</i><trans> The stone where they do their washing. </trans></eg>
</sense>
<sense n=""2""><number>2</number> <itype>[A; b]</itype><trans> scold, talk against. </trans>
<eg><i lang=""ceb"">Gilabhan ka na sad sa ímung bus?</i><trans> Did your boss give you a cussing out again? </trans></eg>
</sense>
<sense n=""3""><number>3</number> <itype>[b(1)]</itype><trans> be badly defeated. </trans>
<eg><i lang=""ceb"">Gilabhan námù ang ílang tím sa baskitbul,</i><trans> We trounced their team in basketball. </trans></eg>
</sense></hom>
<entry><form id=""labakaxra"" lang=""ceb""><abbr expan=""labakára"">-kára</abbr></form>
<hom role=""n""><pos>n</pos>
<sense n=""0""><trans> <tr>washcloth</tr>. </trans>
</sense></hom>
<hom role=""v""><pos>v</pos>
<sense n=""0""> <itype>[A; b]</itype><trans> wash the face with a washcloth. </trans>
</sense></hom></entry>
<entry><form id=""labalaxba"" lang=""ceb"">labalába</form>
<hom role=""v""><pos>v</pos>
<sense n=""0""> <itype>[A; bc1]</itype><trans> <tr>work furiously</tr>, in a concentrated way. </trans>
<eg><i lang=""ceb"">Átung labalabáhan pagpanday ang iskuylahan,</i><trans> Let’s work furiously building the school. </trans></eg>
</sense>
<sense n=""2""><number>2</number><trans> keep scolding, ranting against. </trans>
</sense></hom>
<hom role=""a""><pos>a</pos>
<sense n=""0""><trans> done at a furious pace. </trans>
</sense></hom></entry>
<entry><form id=""labhanan"" lang=""ceb"">labhanan</form>
<hom role=""n""><pos>n</pos>
<sense n=""1""><number>1</number><trans> dirty laundry. </trans>
</sense>
<sense n=""2""><number>2</number><trans> place to do wash. </trans>
</sense>
<sense n=""3""><number>3</number><trans> place to air grievances. </trans>
</sense></hom></entry>
<entry><form id=""labhunun"" lang=""ceb"">labhunun</form>
<hom>
<sense n=""0""><trans> <xr lang=""ceb"" target=""#labhanan"">= <sc>labhanan</sc>, <i lang=""ceb"">n1.</i></xr> </trans>
</sense></hom></entry>
<entry><form id=""nilabhan_linabhan"" lang=""ceb"">nilabhan (linabhan)</form>
<hom role=""n""><pos>n</pos>
<sense n=""0""><trans> clean laundry. </trans>
</sense></hom></entry>
<entry><form id=""labaxbu"" lang=""ceb""><abbr expan=""labábu"">-bu(←)</abbr></form>
<hom role=""n""><pos>n</pos>
<sense n=""0""><trans> <tr>lavatory</tr>, <tr>sink</tr>. </trans>
</sense></hom></entry>
<entry><form id=""labaxda"" lang=""ceb""><abbr expan=""labáda"">-da(←)</abbr></form>
<hom role=""n""><pos>n</pos>
<sense n=""0""><trans> laundry done for pay. </trans>
</sense></hom>
<hom role=""v""><pos>v</pos>
<sense n=""0""> <itype>[AN; b5]</itype><trans> take in wash, work off a debt by doing laundry. </trans>
<eg><i lang=""ceb"">Naglabáda (nanglabáda) na lang siya,</i><trans> She took in wash. </trans></eg>
</sense></hom></entry>
<entry><form id=""labandixra"" lang=""ceb"">labandíra</form>
<hom role=""n""><pos>n</pos>
<sense n=""0""><trans> <tr>washerwoman</tr>. </trans>
</sense></hom>
<hom role=""v""><pos>v</pos>
<sense n=""0""> <itype>[B156; a]</itype><trans> be a washerwoman. </trans>
</sense></hom></entry>
<entry><form id=""labandixru"" lang=""ceb"">labandíru</form>
<hom role=""n""><pos>n</pos>
<sense n=""0""><trans> <tr>laundryman</tr>. </trans>
</sense></hom></entry>
<entry><form id=""labadur"" lang=""ceb""><abbr expan=""labadur"">-dur</abbr></form>
<hom role=""n""><pos>n</pos>
<sense n=""0""><trans> <tr>basin</tr>.
</trans>
</sense></hom></entry></entry>");
INSERT INTO `wced_head` (entryid, head, normalized_head, type, pos) VALUES (10358, "laba", "laba", "m", "v");
INSERT INTO `wced_head` (entryid, head, normalized_head, type, pos) VALUES (10358, "labakára", "labakara", "s", "nv");
INSERT INTO `wced_head` (entryid, head, normalized_head, type, pos) VALUES (10358, "labalába", "labalaba", "s", "va");
INSERT INTO `wced_head` (entryid, head, normalized_head, type, pos) VALUES (10358, "labhanan", "labhanan", "s", "n");
INSERT INTO `wced_head` (entryid, head, normalized_head, type, pos) VALUES (10358, "labhunun", "labhunun", "s", "");
INSERT INTO `wced_head` (entryid, head, normalized_head, type, pos) VALUES (10358, "nilabhan (linabhan)", "nilabhan (linabhan)", "s", "n");
INSERT INTO `wced_head` (entryid, head, normalized_head, type, pos) VALUES (10358, "labábu", "lababu", "s", "n");
INSERT INTO `wced_head` (entryid, head, normalized_head, type, pos) VALUES (10358, "labáda", "labada", "s", "nv");
INSERT INTO `wced_head` (entryid, head, normalized_head, type, pos) VALUES (10358, "labandíra", "labandira", "s", "nv");
INSERT INTO `wced_head` (entryid, head, normalized_head, type, pos) VALUES (10358, "labandíru", "labandiru", "s", "n");
INSERT INTO `wced_head` (entryid, head, normalized_head, type, pos) VALUES (10358, "labadur", "labadur", "s", "n");
INSERT INTO `wced_translation` (entryid, translation) VALUES (10358, "wash clothing");
INSERT INTO `wced_translation` (entryid, translation) VALUES (10358, "washcloth");
INSERT INTO `wced_translation` (entryid, translation) VALUES (10358, "work furiously");
INSERT INTO `wced_translation` (entryid, translation) VALUES (10358, "lavatory");
INSERT INTO `wced_translation` (entryid, translation) VALUES (10358, "sink");
INSERT INTO `wced_translation` (entryid, translation) VALUES (10358, "washerwoman");
INSERT INTO `wced_translation` (entryid, translation) VALUES (10358, "laundryman");
INSERT INTO `wced_translation` (entryid, translation) VALUES (10358, "basin");
INSERT INTO `wced_entry` VALUES (10359, "laba1", "538", "<entry page=""538"" id=""10359""><form id=""labaq"" lang=""ceb"">labà<sub>1</sub></form>
<hom role=""n""><pos>n</pos>
<sense n=""0""><trans> <tr>stains</tr>, <tr>spots</tr>, uneven color. </trans>
<eg><i lang=""ceb"">Ang labà sa íyang mga sinínà walà makúhà,</i><trans> We could not get the stains out of her dress. </trans></eg>
</sense></hom>
<hom role=""v""><pos>v</pos>
<sense n=""0""> <itype>[B; c1]</itype><trans> get stained, spotted in color. </trans>
<eg><i lang=""ceb"">Mulabà (malabà) ang kulur sa sinínà ug ibuwad kini sa ínit,</i><trans> The color of the dress will become uneven if it gets exposed to the sun. </trans></eg>
<eg><i lang=""ceb"">Ayaw nag labaa (ilabà) ug pintal,</i><trans> Don’t paint it unevenly. </trans></eg>
</sense></hom>
<entry><form id=""labaqlabaq"" lang=""ceb"">labàlabà</form>
<hom role=""v""><pos>v</pos>
<sense n=""0""> <itype>[B46]</itype><trans> have splotches of lighter or darker hue, not evenly smooth. </trans>
<eg><i lang=""ceb"">Naglabàlabà ang sinínang dikulur nga giladlad,</i><trans> The colored dress got splotched when it was bleached in the sun.
</trans></eg>
</sense></hom></entry></entry>");
INSERT INTO `wced_head` (entryid, head, normalized_head, type, pos) VALUES (10359, "labà", "laba", "s", "nv");
INSERT INTO `wced_head` (entryid, head, normalized_head, type, pos) VALUES (10359, "labàlabà", "labalaba", "s", "v");
INSERT INTO `wced_translation` (entryid, translation) VALUES (10359, "stains");
INSERT INTO `wced_translation` (entryid, translation) VALUES (10359, "spots");
INSERT INTO `wced_entry` VALUES (10360, "laba2", "538", "<entry page=""538"" id=""10360""><form id=""labaq2"" lang=""ceb"">labà<sub>2</sub></form>
<hom>
<sense n=""0""><trans> <xr lang=""ceb"" target=""#taas"">= <sc>taas</sc></xr> (dialectal). </trans>
</sense></hom>
<entry><form id=""palaxbaq"" lang=""ceb""><abbr expan=""palábà"">pa-(←)</abbr></form>
<hom role=""v""><pos>v</pos>
<sense n=""0""> <itype>[A; b6]</itype><trans> do s.t. to enhance one’s image in public. </trans>
<eg><i lang=""ceb"">Kanang íyang panghátag kwarta nagpalábà lang sa íyang papil,</i><trans> He gave money, but only to enhance his public image. </trans></eg>
</sense></hom>
<hom role=""n""><pos>n</pos>
<sense n=""0""><trans> action of doing s.t. for the show and not with earnest intent.
</trans>
</sense></hom></entry></entry>");
INSERT INTO `wced_head` (entryid, head, normalized_head, type, pos) VALUES (10360, "labà", "laba", "s", "");
INSERT INTO `wced_head` (entryid, head, normalized_head, type, pos) VALUES (10360, "palábà", "palaba", "s", "vn");
INSERT INTO `wced_entry` VALUES (10361, "*laba", "538", "<entry page=""538"" id=""10361""><form id=""xxlaxba"" lang=""ceb"">*lába</form>
<hom>
<sense n=""0""><trans> <ix>see</ix> <xr lang=""ceb"" target=""#kilaxba""><sc>kilába</sc>.</xr>
</trans>
</sense></hom></entry>");
INSERT INTO `wced_head` (entryid, head, normalized_head, type, pos) VALUES (10361, "lába", "laba", "s", "");
INSERT INTO `wced_entry` VALUES (10362, "lababu", "538", "<entry page=""538"" id=""10362""><form id=""labaxbu"" lang=""ceb"">labábu</form>
<hom>
<sense n=""0""><trans> <ix>see</ix> <xr lang=""ceb"" target=""#laba""><sc>laba</sc>.</xr>
</trans>
</sense></hom></entry>");
INSERT INTO `wced_head` (entryid, head, normalized_head, type, pos) VALUES (10362, "labábu", "lababu", "m", "");
INSERT INTO `wced_entry` VALUES (10363, "labad", "538", "<entry page=""538"" id=""10363""><form id=""labad"" lang=""ceb"">labad</form>
<hom role=""a""><pos>a</pos>
<sense n=""1""><number>1</number><trans> for the head to ache. </trans>
<eg><i lang=""ceb"">Labad kaáyu ang ákung úlu,</i><trans> I have a terrible headache. </trans></eg>
</sense>
<sense n=""2""><number>2</number><trans> giving a headache, problem. </trans>
<eg><i lang=""ceb"">Labad kaáyung tudlúan. Búgù unyà dì pa mamínaw,</i><trans> It’s a real headache to teach him. He’s stupid and on top of that, he won’t listen. </trans></eg>
<eg><i lang=""ceb"">Ang pagbáyad ímung labad,</i><trans> It’s your headache how to pay it off. </trans></eg>
</sense></hom>
<hom role=""v""><pos>v</pos>
<sense n=""1""><number>1</number> <itype>[B46; b4]</itype><trans> get, have a <tr>headache</tr>. </trans>
<eg><i lang=""ceb"">Naglabad ning ákung úlu sa inyung kasábà,</i><trans> I have a headache because of your noise. </trans></eg>
<eg><i lang=""ceb"">Labdun (labarun) pa giyud ku ninyu ánang mga sulirána,</i><trans> You still have to trouble me with those problems. </trans></eg>
<eg><i lang=""ceb"">Tumar ug aspirin ug labdan ka sa úlu,</i><trans> Take aspirin if you have a headache. </trans></eg>
</sense>
<sense n=""2""><number>2</number> <itype>[B12; b4]</itype><trans> be mentally disturbed. </trans>
<eg><i lang=""ceb"">Malabad siya basta higutman,</i><trans> He becomes deranged if he misses meals. </trans></eg>
</sense></hom>
<entry><form id=""labdunun"" lang=""ceb"">labdunun</form>
<hom role=""a""><pos>a</pos>
<sense n=""0""><trans> <tr>mentally disturbed</tr>. </trans>
</sense></hom></entry>
<entry><form id=""labdanan"" lang=""ceb"">labdanan</form>
<hom role=""a""><pos>a</pos>
<sense n=""0""><trans> prone to headaches.
</trans>
</sense></hom></entry></entry>");
INSERT INTO `wced_head` (entryid, head, normalized_head, type, pos) VALUES (10363, "labad", "labad", "m", "av");
INSERT INTO `wced_head` (entryid, head, normalized_head, type, pos) VALUES (10363, "labdunun", "labdunun", "s", "a");
INSERT INTO `wced_head` (entryid, head, normalized_head, type, pos) VALUES (10363, "labdanan", "labdanan", "s", "a");
INSERT INTO `wced_translation` (entryid, translation) VALUES (10363, "headache");
INSERT INTO `wced_translation` (entryid, translation) VALUES (10363, "mentally disturbed");
INSERT INTO `wced_entry` VALUES (10364, "*labad", "538", "<entry page=""538"" id=""10364""><form id=""xxlaxbad"" lang=""ceb"">*lábad</form>
<entry><form id=""palaxbad"" lang=""ceb""><abbr expan=""palábad"">pa-</abbr></form>
<hom role=""n""><pos>n</pos>
<sense n=""1""><number>1</number><trans> <tr>propeller</tr> of a plane or windmill. </trans>
</sense>
<sense n=""2""><number>2</number><trans> toy propeller. </trans>
</sense></hom>
<hom role=""v""><pos>v</pos>
<sense n=""0""> <itype>[a2]</itype><trans> make into, install a propeller. </trans>
</sense></hom></entry>
<entry><form id=""labadlaxbad"" lang=""ceb"">labadlábad</form>
<hom>
<sense n=""0""><trans> <xr lang=""ceb"" target=""#palaxbad"">= <sc>palábad</sc>.</xr>
</trans>
</sense></hom></entry></entry>");
INSERT INTO `wced_head` (entryid, head, normalized_head, type, pos) VALUES (10364, "lábad", "labad", "s", "");
INSERT INTO `wced_head` (entryid, head, normalized_head, type, pos) VALUES (10364, "palábad", "palabad", "s", "nv");
INSERT INTO `wced_head` (entryid, head, normalized_head, type, pos) VALUES (10364, "labadlábad", "labadlabad", "s", "");
INSERT INTO `wced_translation` (entryid, translation) VALUES (10364, "propeller");
INSERT INTO `wced_entry` VALUES (10365, "labada", "538", "<entry page=""538"" id=""10365""><form id=""labaxda"" lang=""ceb"">labáda</form>
<hom>
<sense n=""0""><trans> <ix>see</ix> <xr lang=""ceb"" target=""#laba""><sc>laba</sc>.</xr>
</trans>
</sense></hom></entry>");
INSERT INTO `wced_head` (entryid, head, normalized_head, type, pos) VALUES (10365, "labáda", "labada", "m", "");
INSERT INTO `wced_entry` VALUES (10366, "labadur", "538", "<entry page=""538"" id=""10366""><form id=""labadur"" lang=""ceb"">labadur</form>
<hom>
<sense n=""0""><trans> <ix>see</ix> <xr lang=""ceb"" target=""#laba""><sc>laba</sc>.</xr>
</trans>
</sense></hom></entry>");
INSERT INTO `wced_head` (entryid, head, normalized_head, type, pos) VALUES (10366, "labadur", "labadur", "m", "");
INSERT INTO `wced_entry` VALUES (10367, "labadura", "538", "<entry page=""538"" id=""10367""><form id=""labaduxra"" lang=""ceb"">labadúra</form>
<hom role=""n""><pos>n</pos>
<sense n=""0""><trans> <tr>batter</tr>. </trans>
</sense></hom>
<hom role=""v""><pos>v</pos>
<sense n=""0""> <itype>[A; a2]</itype><trans> make a batter.
</trans>
</sense></hom></entry>");
INSERT INTO `wced_head` (entryid, head, normalized_head, type, pos) VALUES (10367, "labadúra", "labadura", "m", "nv");
INSERT INTO `wced_translation` (entryid, translation) VALUES (10367, "batter");
INSERT INTO `wced_entry` VALUES (10368, "labag, labag1", "538", "<entry page=""538"" id=""10368""><form id=""labag_laxbag"" lang=""ceb"">labag, lábag<sub>1</sub></form>
<hom role=""n""><pos>n</pos>
<sense n=""1""><number>1</number><trans> a bundle of abaca fibers consisting of thirty-two smaller bunches (<ix>bituul</ix>). </trans>
</sense>
<sense n=""2""><number>2</number><trans> any large bundle of threads or yarn. </trans>
</sense></hom>
<hom role=""v""><pos>v</pos>
<sense n=""0""> <itype>[A; a]</itype><trans> group fibers into bunches. </trans>
<eg><i lang=""ceb"">Labágun lang ning tingkal arun mahibaw-ag pilay abutun,</i><trans> Let’s take this twine and group it in bundles so we know how much it amounts to.
</trans></eg>
</sense></hom></entry>");
INSERT INTO `wced_head` (entryid, head, normalized_head, type, pos) VALUES (10368, "labag", "labag", "s", "nv");
INSERT INTO `wced_head` (entryid, head, normalized_head, type, pos) VALUES (10368, "lábag", "labag", "s", "nv");
INSERT INTO `wced_entry` VALUES (10369, "labag2", "538", "<entry page=""538"" id=""10369""><form id=""laxbag2"" lang=""ceb"">lábag<sub>2</sub></form>
<hom role=""v""><pos>v</pos>
<sense n=""0""> <itype>[A; b(1)]</itype><trans> <tr>wring water out</tr>. </trans>
<eg><i lang=""ceb"">Gilabágan sa mga sumasákay ang ílang mga saput nga nahumud sa dágat,</i><trans> The passengers of the boat wrung out the sea water from their wet clothes. </trans></eg>
</sense></hom>
<entry><form id=""linaxbag"" lang=""ceb""><abbr expan=""linábag"">-in-</abbr></form>
<hom role=""n""><pos>n</pos>
<sense n=""0""><trans> s.t. wrung out.
</trans>
</sense></hom></entry></entry>");
INSERT INTO `wced_head` (entryid, head, normalized_head, type, pos) VALUES (10369, "lábag", "labag", "s", "v");
INSERT INTO `wced_head` (entryid, head, normalized_head, type, pos) VALUES (10369, "linábag", "linabag", "s", "n");
INSERT INTO `wced_translation` (entryid, translation) VALUES (10369, "wring water out");
INSERT INTO `wced_entry` VALUES (10370, "labaha", "538", "<entry page=""538"" id=""10370""><form id=""labaxha"" lang=""ceb"">labáha</form>
<hom role=""n""><pos>n</pos>
<sense n=""0""><trans> straight <tr>razor</tr>. </trans>
</sense></hom>
<hom role=""v""><pos>v</pos>
<sense n=""0""> <itype>[A; b]</itype><trans> shave s.o. with a straight razor. </trans>
<eg><i lang=""ceb"">Mubui ang tingkuy piru ayaw labahái,</i><trans> Make the nape short, but don’t shave it. </trans></eg>
</sense></hom>
<entry><form id=""panglabaxha"" lang=""ceb""><abbr expan=""panglabáha"">paN-</abbr></form>
<hom role=""v""><pos>v</pos>
<sense n=""0""> <itype>[A2]</itype><trans> shave oneself with a straight razor.
</trans>
</sense></hom></entry></entry>");
INSERT INTO `wced_head` (entryid, head, normalized_head, type, pos) VALUES (10370, "labáha", "labaha", "m", "nv");
INSERT INTO `wced_head` (entryid, head, normalized_head, type, pos) VALUES (10370, "panglabáha", "panglabaha", "s", "v");
INSERT INTO `wced_translation` (entryid, translation) VALUES (10370, "razor");
INSERT INTO `wced_entry` VALUES (10371, "labak", "538", "<entry page=""538"" id=""10371""><form id=""labak"" lang=""ceb"">labak</form>
<hom role=""v""><pos>v</pos>
<sense n=""0""> <itype>[A; c]</itype><trans> </trans>
</sense>
<sense n=""1""><number>1</number><trans> <tr>throw</tr> s.t. hard on the ground. </trans>
<eg><i lang=""ceb"">Nakalabak na bayà kag daghang plátu. Tingálig mahurut ni,</i><trans> You’ve already thrown down a lot of plates. No doubt you intend to break all of them. </trans></eg>
</sense>
<sense n=""2""><number>2</number><trans> throw s.t. away. </trans>
<eg><i lang=""ceb"">Ayaw nag ilabak, ákù na lang,</i><trans> Don’t <pb n=""539""/>throw that away. Let me have it. </trans></eg>
</sense>
<sense n=""3""><number>3</number> <itype>[A; a1b2]</itype><trans> spank with open palm. </trans>
<eg><i lang=""ceb"">Nakalabak ku sa íyang samput,</i><trans> I spanked her on the buttocks.
</trans></eg>
</sense></hom></entry>");
INSERT INTO `wced_head` (entryid, head, normalized_head, type, pos) VALUES (10371, "labak", "labak", "m", "v");
INSERT INTO `wced_translation` (entryid, translation) VALUES (10371, "throw");
INSERT INTO `wced_entry` VALUES (10372, "labak", "539", "<entry page=""539"" id=""10372""><form id=""laxbak"" lang=""ceb"">lábak</form>
<hom role=""v""><pos>v</pos>
<sense n=""0""> <itype>[B26]</itype><trans> for a sore or an infected wound to be opened wide. </trans>
<eg><i lang=""ceb"">Milábak (nalábak) ang íyang hubag nga gitambálan niánang tambála,</i><trans> Her boil opened wide when that medicine was put on it.
</trans></eg>
</sense></hom></entry>");
INSERT INTO `wced_head` (entryid, head, normalized_head, type, pos) VALUES (10372, "lábak", "labak", "m", "v");
INSERT INTO `wced_entry` VALUES (10373, "lab-ak", "539", "<entry page=""539"" id=""10373""><form id=""lab-ak"" lang=""ceb"">lab-ak</form>
<hom role=""v""><pos>v</pos>
<sense n=""1""><number>1</number> <itype>[AB; a]</itype><trans> get to have spaces or omissions in between; cause s.t. to do so, skip. </trans>
<eg><i lang=""ceb"">Mulab-ak lang kug pila ka klási arun ku masayu,</i><trans> I will just skip some classes so I can get home early. </trans></eg>
<eg><i lang=""ceb"">Nakalab-ak kug usa ka linya sa ákung pakigpúlung,</i><trans> I accidentally left out a line in my speech. </trans></eg>
<eg><i lang=""ceb"">Gilab-akan níya ang tulu ka balay únà siya muhúnung,</i><trans> He passed up three houses before he stopped. </trans></eg>
<eg><i lang=""ceb"">Kining pula ilab-ak nímu sa putì,</i><trans> Intersperse these red things between the white ones. </trans></eg>
</sense>
<sense n=""1a""><number>1a</number><trans> for colors to get uneven. </trans>
<eg><i lang=""ceb"">Mulab-ak ang kulur sa siní<pos>n</pos>à ug ibulad sa ínit,</i><trans> The dress will get uneven in color (with dark interspersed with light) if you dry it in the sun. </trans></eg>
</sense>
<sense n=""2""><number>2</number> <itype>[A; b7c1]</itype><trans> go beyond a measure, too far or too deeply. </trans>
<eg><i lang=""ceb"">Ang karsáda milab-ak ug usa ka mitru sa ámung yútà,</i><trans> The road encroaches onto one meter of our land. </trans></eg>
<eg><i lang=""ceb"">Pasaylúa ku kay nakalab-ak kug sulti ganína,</i><trans> Please forgive me for having spoken beyond the bounds of decency a while ago. </trans></eg>
<eg><i lang=""ceb"">Gilab-ak níya paghíwà ang íyang báhin sa kík,</i><trans> He sliced a bigger portion of the cake for himself than for others. </trans></eg>
</sense></hom>
<hom role=""a""><pos>a</pos>
<sense n=""1""><number>1</number><trans> having spaces or omissions in between. </trans>
<eg><i lang=""ceb"">Lab-ak nga pagkakural,</i><trans> Fencing with the posts put too far apart. </trans></eg>
</sense>
<sense n=""1a""><number>1a</number><trans> being uneven in color. </trans>
</sense>
<sense n=""2""><number>2</number><trans> cut too deeply, gone over the mark or limits. </trans>
</sense></hom>
<hom role=""n""><pos>n</pos>
<sense n=""0""><trans> space left, area beyond which one has gone.
</trans>
</sense></hom></entry>");
INSERT INTO `wced_head` (entryid, head, normalized_head, type, pos) VALUES (10373, "lab-ak", "lab-ak", "m", "van");
INSERT INTO `wced_entry` VALUES (10374, "labakara", "539", "<entry page=""539"" id=""10374""><form id=""labakaxra"" lang=""ceb"">labakára</form>
<hom>
<sense n=""0""><trans> <ix>see</ix> <xr lang=""ceb"" target=""#laba""><sc>laba</sc>.</xr>
</trans>
</sense></hom></entry>");
INSERT INTO `wced_head` (entryid, head, normalized_head, type, pos) VALUES (10374, "labakára", "labakara", "m", "");
INSERT INTO `wced_entry` VALUES (10375, "laban", "539", "<entry page=""539"" id=""10375""><form id=""laban"" lang=""ceb"">laban</form>
<hom>
<sense n=""0""><trans> (from <ix>labi</ix>) greater in number, size, intensity. </trans>
</sense></hom>
<entry><form id=""kalabanan_kalabaxnan"" lang=""ceb""><abbr expan=""kalabanan"">ka-an</abbr>, <abbr expan=""kalabánan"">ka-an(←)</abbr></form>
<hom role=""n""><pos>n</pos>
<sense n=""0""><trans> most of a number of. </trans>
<eg><i lang=""ceb"">Kalabanan (kalabánan) sa mga Pilipínu mugbù,</i><trans> Most Filipinos are short. </trans></eg>
</sense></hom>
<hom role=""v""><pos>v</pos>
<sense n=""1""><number>1</number> <itype>[B3; b2c1]</itype><trans> exceed, be more. </trans>
<eg><i lang=""ceb"">Mulaban (malaban) sa úras ang íyang paglakaw nganhi,</i><trans> It will take more than an hour for him to get here. </trans></eg>
<eg><i lang=""ceb"">Hinglabanan na sad nang ímung bisyu,</i><trans> Your vices have gone beyond the limits of tolerance. </trans></eg>
</sense>
<sense n=""2""><number>2</number> <itype>[b2P]</itype><trans> do s.t. excessively. </trans>
<eg><i lang=""ceb"">Ayaw ug palabani (labani) ug latà ang tinúlang karni,</i><trans> Do not cook the meat overly soft.
</trans></eg>
</sense></hom></entry></entry>");
INSERT INTO `wced_head` (entryid, head, normalized_head, type, pos) VALUES (10375, "laban", "laban", "m", "");
INSERT INTO `wced_head` (entryid, head, normalized_head, type, pos) VALUES (10375, "kalabanan", "kalabanan", "s", "nv");
INSERT INTO `wced_head` (entryid, head, normalized_head, type, pos) VALUES (10375, "kalabánan", "kalabanan", "s", "nv");
INSERT INTO `wced_entry` VALUES (10376, "laban", "539", "<entry page=""539"" id=""10376""><form id=""laxban"" lang=""ceb"">lában</form>
<hom role=""v""><pos>v</pos>
<sense n=""1""><number>1</number> <itype>[A; b]</itype><trans> take sides with. </trans>
<eg><i lang=""ceb"">Mulában ku nímu ug hustu ka,</i><trans> I’ll go to your defense if you are right. </trans></eg>
<eg><i lang=""ceb"">Gilabánan sa Yúis ang Israil,</i><trans> The U.S. took sides with Israel. </trans></eg>
</sense>
<sense n=""1a""><number>1a</number> <form id=""laxban_sa_nigusyu"" lang=""ceb""><abbr expan=""lában"">—</abbr> sa nigusyu</form><trans> cooperate in making a business do well. </trans>
<eg><i lang=""ceb"">Dúnay mga tindírang dílì mulában sa nigusyu sa ílang agáwun,</i><trans> Some salesgirls do not do anything to help their master’s business. </trans></eg>
</sense>
<sense n=""2""><number>2</number> <itype>[A; b(1)]</itype><trans> defend s.o. in a lawsuit. </trans>
<eg><i lang=""ceb"">Si Aturni Katunggal ang mulában sa ákung kásu,</i><trans> Attorney Catunggal is defending me in a lawsuit. </trans></eg>
</sense>
<sense n=""2a""><number>2a</number> <itype>[A; b]</itype><trans> <tr>defend one’s honor</tr>, uphold the stand he has taken. </trans>
<eg><i lang=""ceb"">Naglában lang ku sa ákung dungug sa pagpatay ku níya,</i><trans> I killed him in defense of my honor. </trans></eg>
<eg><i lang=""ceb"">Gilabánan níya ang íyang barugánan,</i><trans> He stood by his principles. </trans></eg>
</sense></hom>
<entry><form id=""panglaxban"" lang=""ceb""><abbr expan=""panglában"">paN-</abbr></form>
<hom role=""v""><pos>v</pos>
<sense n=""0""><trans> be a lawyer by occupation. </trans>
</sense></hom>
<hom role=""n""><pos>n</pos>
<sense n=""0""><trans> occupation of lawyer. </trans>
</sense></hom></entry>
<entry><form id=""labanan"" lang=""ceb""><abbr expan=""labanan"">-an(→)</abbr></form>
<hom role=""a""><pos>a</pos>
<sense n=""0""><trans> tending to take sides with one’s child or other person in whom one is interested. </trans>
<eg><i lang=""ceb"">Ayg pakig-áway ánang bat-ána kay labanan ra ba kaáyu nag inahan,</i><trans> Don’t quarrel with that child because his mother tends to take sides with him. </trans></eg>
</sense></hom>
<hom role=""v""><pos>v</pos>
<sense n=""0""> <itype>[B126]</itype><trans> become one who mixes in quarrels. </trans>
</sense></hom></entry>
<entry><form id=""manglalaxban"" lang=""ceb""><abbr expan=""manglalában"">maN-r-</abbr></form>
<hom role=""n""><pos>n</pos>
<sense n=""0""><trans> <tr>attorney</tr>.
</trans>
</sense></hom></entry></entry>");
INSERT INTO `wced_head` (entryid, head, normalized_head, type, pos) VALUES (10376, "lában", "laban", "m", "v");
INSERT INTO `wced_head` (entryid, head, normalized_head, type, pos) VALUES (10376, "lában sa nigusyu", "laban sa nigusyu", "s", "");
INSERT INTO `wced_head` (entryid, head, normalized_head, type, pos) VALUES (10376, "panglában", "panglaban", "s", "vn");
INSERT INTO `wced_head` (entryid, head, normalized_head, type, pos) VALUES (10376, "labanan", "labanan", "s", "av");
INSERT INTO `wced_head` (entryid, head, normalized_head, type, pos) VALUES (10376, "manglalában", "manglalaban", "s", "n");
INSERT INTO `wced_translation` (entryid, translation) VALUES (10376, "defend one’s honor");
INSERT INTO `wced_translation` (entryid, translation) VALUES (10376, "attorney");
INSERT INTO `wced_entry` VALUES (10377, "lab-an", "539", "<entry page=""539"" id=""10377""><form id=""lab-an"" lang=""ceb"">lab-an</form>
<hom>
<sense n=""0""><trans> <xr lang=""ceb"" target=""#laban"">= <sc>laban</sc>.</xr>
</trans>
</sense></hom></entry>");
INSERT INTO `wced_head` (entryid, head, normalized_head, type, pos) VALUES (10377, "lab-an", "lab-an", "m", "");
INSERT INTO `wced_entry` VALUES (10378, "labana", "539", "<entry page=""539"" id=""10378""><form id=""labana"" lang=""ceb"">labana</form>
<hom>
<sense n=""0""><trans> <xr lang=""ceb"" target=""#gwayabanu"">= <sc>gwayabanu</sc>.</xr>
</trans>
</sense></hom></entry>");
INSERT INTO `wced_head` (entryid, head, normalized_head, type, pos) VALUES (10378, "labana", "labana", "m", "");
INSERT INTO `wced_entry` VALUES (10379, "labandiru, -a", "539", "<entry page=""539"" id=""10379""><form id=""labandixru_labandixra"" lang=""ceb"">labandíru, <abbr expan=""labandíra"">-a</abbr></form>
<hom>
<sense n=""0""><trans> <ix>see</ix> <xr lang=""ceb"" target=""#laba""><sc>laba</sc>.</xr>
</trans>
</sense></hom></entry>");
INSERT INTO `wced_head` (entryid, head, normalized_head, type, pos) VALUES (10379, "labandíru", "labandiru", "s", "");
INSERT INTO `wced_head` (entryid, head, normalized_head, type, pos) VALUES (10379, "labandíra", "labandira", "s", "");
INSERT INTO `wced_entry` VALUES (10380, "labang", "539", "<entry page=""539"" id=""10380""><form id=""labang"" lang=""ceb"">labang</form>
<hom role=""v""><pos>v</pos>
<sense n=""1""><number>1</number> <itype>[A; b5c]</itype><trans> <tr>cross</tr> s.t., go across, bring across. </trans>
<eg><i lang=""ceb"">Mulabang na ta, rid láyit na,</i><trans> Let’s cross now. It’s red light. </trans></eg>
<eg><i lang=""ceb"">Labangun pa nímu ang pitu ka lawud úsà ku nímu maangkun,</i><trans> You cannot have me (lit. you have to cross seven seas before you can possess me). </trans></eg>
<eg><i lang=""ceb"">Ilabang siya ngadtu sa píkas,</i><trans> Bring her across the street. </trans></eg>
</sense>
<sense n=""2""><number>2</number> <itype>[A2; b8]</itype><trans> <tr>pass examinations</tr>. </trans>
<eg><i lang=""ceb"">Gamay ra ang milabang sa pasúlit sa pagkaduktur,</i><trans> Only a few people passed the doctor’s examination. </trans></eg>
</sense>
<sense n=""3""><number>3</number> <itype>[A; b5]</itype><trans> come through a crisis. </trans>
<eg><i lang=""ceb"">Labangun (labangan) pa nímu ang túmang kaguul,</i><trans> You will have to pass through great sorrow. </trans></eg>
</sense>
<sense n=""4""><number>4</number> <itype>[A; b]</itype><trans> <tr>surpass</tr>. </trans>
<eg><i lang=""ceb"">Labangan pa kunu níya ang ríkurd ni Sulayman,</i><trans> She says she will beat Sulaiman’s record. </trans></eg>
<eg><i lang=""ceb"">Ayaw ilabang sa napúlù ang ímung pagkúhà,</i><trans> Don’t take more than ten. </trans></eg>
</sense></hom>
<hom role=""n""><pos>n</pos>
<sense n=""0""><trans> place across from s.t. </trans>
<eg><i lang=""ceb"">Ang ílang baul náa sa labang sa sapà,</i><trans> Their field is across the river. </trans></eg>
</sense></hom>
<entry><form id=""labang_pa_labang_sa"" lang=""ceb""><abbr expan=""labang"">—</abbr> pa, <abbr expan=""labang sa"">sa</abbr></form>
<hom>
<sense n=""0""><trans> <tr>further than</tr>, <tr>more than</tr>. </trans>
<eg><i lang=""ceb"">Labang pa niánà ang ákung buhátun ug tagáan kug higayun,</i><trans> I’ll do more than that if I’m given the chance. </trans></eg>
</sense></hom></entry>
<entry><form id=""labang_labangun_ug_pitu_ka_lawud"" lang=""ceb""><abbr expan=""labang"">—</abbr>, <abbr expan=""labangun"">-un</abbr> ug pitu ka lawud</form>
<hom>
<sense n=""0""><trans> may it not happen, may it be impossible (lit. have to cross seven seas to commit). </trans>
<eg><i lang=""ceb"">Simbaku. Labangun (ilabang) ug pitu ka lawud nga mamatay,</i><trans> God forbid. Let it not happen that he die! </trans></eg>
</sense></hom></entry>
<entry><form id=""labangunun"" lang=""ceb""><abbr expan=""labangunun"">-unun(←)</abbr></form>
<hom role=""n""><pos>n</pos>
<sense n=""0""><trans> things one has to surmount, trials to which one is put. </trans>
</sense></hom></entry>
<entry><form id=""labangaxnan_labnganan"" lang=""ceb""><abbr expan=""labangánan"">-anan(←)</abbr>, labnganan</form>
<hom role=""n""><pos>n</pos>
<sense n=""0""><trans> place one crosses.
</trans>
</sense></hom></entry></entry>");
INSERT INTO `wced_head` (entryid, head, normalized_head, type, pos) VALUES (10380, "labang", "labang", "m", "vn");
INSERT INTO `wced_head` (entryid, head, normalized_head, type, pos) VALUES (10380, "labang pa", "labang pa", "s", "");
INSERT INTO `wced_head` (entryid, head, normalized_head, type, pos) VALUES (10380, "labang sa", "labang sa", "s", "");
INSERT INTO `wced_head` (entryid, head, normalized_head, type, pos) VALUES (10380, "labangun ug pitu ka lawud", "labangun ug pitu ka lawud", "s", "");
INSERT INTO `wced_head` (entryid, head, normalized_head, type, pos) VALUES (10380, "labangunun", "labangunun", "s", "n");
INSERT INTO `wced_head` (entryid, head, normalized_head, type, pos) VALUES (10380, "labangánan", "labanganan", "s", "n");
INSERT INTO `wced_head` (entryid, head, normalized_head, type, pos) VALUES (10380, "labnganan", "labnganan", "s", "n");
INSERT INTO `wced_translation` (entryid, translation) VALUES (10380, "cross");
INSERT INTO `wced_translation` (entryid, translation) VALUES (10380, "pass examinations");
INSERT INTO `wced_translation` (entryid, translation) VALUES (10380, "surpass");
INSERT INTO `wced_translation` (entryid, translation) VALUES (10380, "further than");
INSERT INTO `wced_translation` (entryid, translation) VALUES (10380, "more than");
INSERT INTO `wced_entry` VALUES (10381, "lab-ang", "539", "<entry page=""539"" id=""10381""><form id=""lab-ang"" lang=""ceb"">lab-ang</form>
<hom role=""v""><pos>v</pos>
<sense n=""0""> <itype>[A; ab]</itype><trans> <tr>pass over</tr>, <tr>miss</tr>. </trans>
<eg><i lang=""ceb"">Milab-ang siyag usa ka dahun sa íyang gibása,</i><trans> He skipped a page of what he was reading. </trans></eg>
<eg><i lang=""ceb"">Lab-ang ug usa ka parapu,</i><trans> Skip one paragraph. </trans></eg>
</sense></hom>
<hom role=""n""><pos>n</pos>
<sense n=""0""><trans> amount missed, interval.
<pb n=""540""/>
</trans>
</sense></hom></entry>");
INSERT INTO `wced_head` (entryid, head, normalized_head, type, pos) VALUES (10381, "lab-ang", "lab-ang", "m", "vn");
INSERT INTO `wced_translation` (entryid, translation) VALUES (10381, "pass over");
INSERT INTO `wced_translation` (entryid, translation) VALUES (10381, "miss");
INSERT INTO `wced_entry` VALUES (10382, "labanus", "540", "<entry page=""540"" id=""10382""><form id=""labanus"" lang=""ceb"">labanus</form>
<hom role=""n""><pos>n</pos>
<sense n=""0""><trans> <tr>radishes</tr>. The white (Chinese) radishes are the variety most commonly grown in Cebu.
</trans>
</sense></hom></entry>");
INSERT INTO `wced_head` (entryid, head, normalized_head, type, pos) VALUES (10382, "labanus", "labanus", "m", "n");
INSERT INTO `wced_translation` (entryid, translation) VALUES (10382, "radishes");
INSERT INTO `wced_entry` VALUES (10383, "labas1", "540", "<entry page=""540"" id=""10383""><form id=""labas"" lang=""ceb"">labas<sub>1</sub></form>
<hom>
<sense n=""0""><trans> (from <ix>lab-as</ix>) </trans>
</sense></hom>
<hom role=""v""><pos>v</pos>
<sense n=""0""> <itype>[AN; a2c]</itype><trans> <tr>vend</tr> or <tr>peddle</tr> fish that one has bought (usually from the fisherman). </trans>
<eg><i lang=""ceb"">Naglabas lang ang íyang anak únà kay wà pa makasulud ug trabáhu,</i><trans> Her daughter works buying and selling fish for the while because she doesn’t have a job. </trans></eg>
<eg><i lang=""ceb"">Ilabas ring ákung kuhà,</i><trans> Peddle my catch. </trans></eg>
</sense></hom>
<entry><form id=""labasixra"" lang=""ceb""><abbr expan=""labasíra"">-íra</abbr></form>
<hom>
<sense n=""0""><trans> female fish vendor. </trans>
</sense></hom></entry>
<entry><form id=""labasixru"" lang=""ceb""><abbr expan=""labasíru"">-íru</abbr></form>
<hom>
<sense n=""0""><trans> <xr lang=""ceb"" target=""#labasixra"">= <sc>labasíra</sc></xr> (male).
</trans>
</sense></hom></entry></entry>");
INSERT INTO `wced_head` (entryid, head, normalized_head, type, pos) VALUES (10383, "labas", "labas", "s", "v");
INSERT INTO `wced_head` (entryid, head, normalized_head, type, pos) VALUES (10383, "labasíra", "labasira", "s", "");
INSERT INTO `wced_head` (entryid, head, normalized_head, type, pos) VALUES (10383, "labasíru", "labasiru", "s", "");
INSERT INTO `wced_translation` (entryid, translation) VALUES (10383, "vend");
INSERT INTO `wced_translation` (entryid, translation) VALUES (10383, "peddle");
INSERT INTO `wced_entry` VALUES (10384, "labas2", "540", "<entry page=""540"" id=""10384""><form id=""labas2"" lang=""ceb"">labas<sub>2</sub></form>
<hom>
<sense n=""0""><trans> <xr lang=""ceb"" target=""#gulaq"">= <sc>gulà</sc></xr> (used only by speakers strongly influenced by Tagalog). </trans>
</sense></hom>
<entry><form id=""palabas"" lang=""ceb""><abbr expan=""palabas"">pa-</abbr></form>
<hom role=""n""><pos>n</pos>
<sense n=""0""><trans> boast, ostentatious display. </trans>
<eg><i lang=""ceb"">Ayaw tug tuúhi ang íyang hílak, palabas lang tu,</i><trans> Don’t pay attention to his crying fit. That was just a put-on.
</trans></eg>
</sense></hom></entry></entry>");
INSERT INTO `wced_head` (entryid, head, normalized_head, type, pos) VALUES (10384, "labas", "labas", "s", "");
INSERT INTO `wced_head` (entryid, head, normalized_head, type, pos) VALUES (10384, "palabas", "palabas", "s", "n");
INSERT INTO `wced_entry` VALUES (10385, "labas3", "540", "<entry page=""540"" id=""10385""><form id=""labas3"" lang=""ceb"">labas<sub>3</sub></form>
<hom role=""v""><pos>v</pos>
<sense n=""0""> <itype>[A; ab7]</itype><trans> spend entrusted money for oneself. </trans>
<eg><i lang=""ceb"">Gilabasan kug diyútay ang ímung gibílin nákù,</i><trans> I used some of the money you had me keep for you.
</trans></eg>
</sense></hom></entry>");
INSERT INTO `wced_head` (entryid, head, normalized_head, type, pos) VALUES (10385, "labas", "labas", "s", "v");
INSERT INTO `wced_entry` VALUES (10386, "lab-as", "540", "<entry page=""540"" id=""10386""><form id=""lab-as"" lang=""ceb"">lab-as</form>
<hom role=""a""><pos>a</pos>
<sense n=""1""><number>1</number><trans> for s.t. quickly perishable to be <tr>fresh</tr>. </trans>
<eg><i lang=""ceb"">Lab-as nga hángin,</i><trans> <tr>Fresh</tr> air. </trans></eg>
<eg><i lang=""ceb"">Lab-as nga balità,</i><trans> Fresh news. </trans></eg>
<eg><i lang=""ceb"">Lab-as nga búlak,</i><trans> Fresh flowers. </trans></eg>
<eg><i lang=""ceb"">Lab-as isdà,</i><trans> <tr>Fresh fish</tr>. </trans></eg>
</sense>
<sense n=""2""><number>2</number><trans> fresh in manner. </trans>
<eg><i lang=""ceb"">Lab-as ra kaáyu nang ímung panlihuklihuk,</i><trans> Your actions are very fresh. </trans></eg>
</sense></hom>
<hom role=""n""><pos>n</pos>
<sense n=""0""><trans> fresh fish. </trans>
<eg><i lang=""ceb"">Musúruy siyag lab-as káda buntag,</i><trans> She peddles fresh fish every morning. </trans></eg>
</sense></hom>
<hom role=""v""><pos>v</pos>
<sense n=""1""><number>1</number> <itype>[B2]</itype><trans> be fresh. </trans>
</sense>
<sense n=""2""><number>2</number> <itype>[AB2; a12]</itype><trans> make s.t. fresh to one’s mind. </trans>
<eg><i lang=""ceb"">Mga handumánan nga naglab-as sa átung kagahápun,</i><trans> Memories that keep our past fresh. </trans></eg>
</sense></hom>
<entry><form id=""nilab-as"" lang=""ceb"">nilab-as</form>
<hom role=""a""><pos>a</pos>
<sense n=""0""><trans> in a fresh way. </trans>
</sense></hom>
<hom role=""v""><pos>v</pos>
<sense n=""0""> <itype>[a1]</itype><trans> do s.t. in a fresh way. </trans>
<eg><i lang=""ceb"">Ginilab-as ku níyag pangutána,</i><trans> He asked me in a disrespectful way. </trans></eg>
</sense></hom></entry>
<entry><form id=""lab-asixra"" lang=""ceb""><abbr expan=""lab-asíra"">-íra</abbr></form>
<hom role=""n""><pos>n</pos>
<sense n=""0""><trans> female fish vendor. </trans>
</sense></hom>
<hom role=""v""><pos>v</pos>
<sense n=""0""> <itype>[B1; a12]</itype><trans> be a fish vendor. </trans>
</sense></hom></entry>
<entry><form id=""lab-asixru"" lang=""ceb""><abbr expan=""lab-asíru"">-íru</abbr></form>
<hom>
<sense n=""0""><trans> <xr lang=""ceb"" target=""#lab-asixra"">= <sc>lab-asíra</sc></xr> (male).
</trans>
</sense></hom></entry></entry>");
INSERT INTO `wced_head` (entryid, head, normalized_head, type, pos) VALUES (10386, "lab-as", "lab-as", "m", "anv");
INSERT INTO `wced_head` (entryid, head, normalized_head, type, pos) VALUES (10386, "nilab-as", "nilab-as", "s", "av");
INSERT INTO `wced_head` (entryid, head, normalized_head, type, pos) VALUES (10386, "lab-asíra", "lab-asira", "s", "nv");
INSERT INTO `wced_head` (entryid, head, normalized_head, type, pos) VALUES (10386, "lab-asíru", "lab-asiru", "s", "");
INSERT INTO `wced_translation` (entryid, translation) VALUES (10386, "fresh");
INSERT INTO `wced_translation` (entryid, translation) VALUES (10386, "Fresh");
INSERT INTO `wced_translation` (entryid, translation) VALUES (10386, "Fresh fish");
INSERT INTO `wced_entry` VALUES (10387, "labat", "540", "<entry page=""540"" id=""10387""><form id=""labat"" lang=""ceb"">labat</form>
<hom role=""n""><pos>n</pos>
<sense n=""1""><number>1</number><trans> <tr>fence</tr>. </trans>
</sense>
<sense n=""2""><number>2</number><trans> <tr>patches</tr> made in clothing, walls, fence. </trans>
<eg><i lang=""ceb"">Ang labat sa íyang karsúnis lainláin ang kulur,</i><trans> The patches on his pants are of various colors. </trans></eg>
</sense></hom>
<hom role=""v""><pos>v</pos>
<sense n=""0""> <itype>[A; b5]</itype><trans> </trans>
</sense>
<sense n=""1""><number>1</number><trans> put up a fence. </trans>
<eg><i lang=""ceb"">Si Angì ang milabat sa ámung gardin,</i><trans> Angi fenced our garden. </trans></eg>
<eg><i lang=""ceb"">Labatun (labatan) nákug kawáyan ang bakilid sa ámung kalubihan,</i><trans> I will fence the sloping part of our coconut plantation with bamboo slats. </trans></eg>
</sense>
<sense n=""2""><number>2</number><trans> <tr>repair</tr> a hole by filling or patching it. </trans>
</sense></hom>
<entry><form id=""labatlabat"" lang=""ceb"">labatlabat</form>
<hom role=""n""><pos>n</pos>
<sense n=""1""><number>1</number><trans> rough and hurried mending. </trans>
</sense>
<sense n=""2""><number>2</number><trans> makeshift fence or barrier. </trans>
</sense></hom>
<hom role=""v""><pos>v</pos>
<sense n=""0""> <itype>[A; b5]</itype><trans> </trans>
</sense>
<sense n=""1""><number>1</number><trans> put up a temporary fence. </trans>
</sense>
<sense n=""2""><number>2</number><trans> make coarse, temporary repairs. </trans>
<eg><i lang=""ceb"">Gilabatlabatan lang námù ug mga pinunit nga káhuy ang nagubang kural,</i><trans> We patched up the broken fence with whatever pieces of wood we found. </trans></eg>
<eg><i lang=""ceb"">Átù lang ning labatlabatang karsúnis,</i><trans> We’ll just do quick patchwork on these trousers.
</trans></eg>
</sense></hom></entry></entry>");
INSERT INTO `wced_head` (entryid, head, normalized_head, type, pos) VALUES (10387, "labat", "labat", "m", "nv");
INSERT INTO `wced_head` (entryid, head, normalized_head, type, pos) VALUES (10387, "labatlabat", "labatlabat", "s", "nv");
INSERT INTO `wced_translation` (entryid, translation) VALUES (10387, "fence");
INSERT INTO `wced_translation` (entryid, translation) VALUES (10387, "patches");
INSERT INTO `wced_translation` (entryid, translation) VALUES (10387, "repair");
INSERT INTO `wced_entry` VALUES (10388, "labatiba", "540", "<entry page=""540"" id=""10388""><form id=""labatixba"" lang=""ceb"">labatíba</form>
<hom role=""n""><pos>n</pos>
<sense n=""1""><number>1</number><trans> <tr>enema</tr>. </trans>
</sense>
<sense n=""2""><number>2</number><trans> the apparatus used to give an enema. </trans>
</sense></hom>
<hom role=""v""><pos>v</pos>
<sense n=""0""> <itype>[A; b]</itype><trans> give s.o. an enema. </trans>
<eg><i lang=""ceb"">Labatibáhan ta kag dì ka malibang,</i><trans> If you don’t have a B.M. I’ll give you an enema.
</trans></eg>
</sense></hom></entry>");
INSERT INTO `wced_head` (entryid, head, normalized_head, type, pos) VALUES (10388, "labatíba", "labatiba", "m", "nv");
INSERT INTO `wced_translation` (entryid, translation) VALUES (10388, "enema");
INSERT INTO `wced_entry` VALUES (10389, "labaw", "540", "<entry page=""540"" id=""10389""><form id=""labaw"" lang=""ceb"">labaw</form>
<hom role=""v""><pos>v</pos>
<sense n=""1""><number>1</number> <itype>[B3; c]</itype><trans> <tr>jut out higher than s.t.</tr>, <tr>stick out</tr> farther from the margin or limit. </trans>
<eg><i lang=""ceb"">Milabaw ang íyang úlu sa mga táwu,</i><trans> His head jutted above the crowd. </trans></eg>
<eg><i lang=""ceb"">Naglabaw ang ímung kamisun,</i><trans> Your slip is showing. </trans></eg>
<eg><i lang=""ceb"">Ilabaw ang antína sa mga atup,</i><trans> Put the antenna higher than the rooftops. </trans></eg>
</sense>
<sense n=""2""><number>2</number> <itype>[B3; b]</itype><trans> be more, over in degree, number. </trans>
<eg><i lang=""ceb"">Way makalabaw sa íyang kahingatag,</i><trans> No one can surpass his generosity. </trans></eg>
<eg><i lang=""ceb"">Labwan nákù ang ímung kininhas,</i><trans> I’ll gather more shells than you did. </trans></eg>
</sense>
<sense n=""3""><number>3</number><trans> <tr>be ahead</tr> in a contest. </trans>
<eg><i lang=""ceb"">Isáka ang pusta ug mulabaw ta,</i><trans> Raise the bet if we are ahead. </trans></eg>
</sense>
<sense n=""4""><number>4</number><trans> prevail over. </trans>
<eg><i lang=""ceb"">Milabaw ang ákung gugma sa kayugut níya,</i><trans> My love for her prevailed over my hate. </trans></eg>
</sense></hom>
<hom role=""a""><pos>a</pos>
<sense n=""1""><number>1</number><trans> sticking out from the general level or margin. </trans>
<eg><i lang=""ceb"">Putla ang mga labaw,</i><trans> Cut off the ones sticking up above the rest. </trans></eg>
</sense>
<sense n=""2""><number>2</number><trans> <tr>more</tr>, <tr>over</tr> in degree or number. </trans>
<eg><i lang=""ceb"">Labaw siyang dátù kay kanámù,</i><trans> He is much richer than us. </trans></eg>
</sense>
<sense n=""3""><number>3</number><trans> <tr>ahead</tr> in a contest. </trans>
</sense></hom>
<hom role=""n""><pos>n</pos>
<sense n=""1""><number>1</number><trans> amount s.o. is ahead. </trans>
<eg><i lang=""ceb"">Pilay labaw sa ímung kuntra?</i><trans> How many points is your opponent ahead of you? </trans></eg>
</sense>
<sense n=""2""><number>2</number><trans> <tr>superior</tr>, <tr>boss</tr>. </trans>
</sense>
<sense n=""3""><number>3</number> <form id=""labaw_pa_sa"" lang=""ceb""><abbr expan=""labaw"">—</abbr> pa, sa</form><trans> in addition to, beyond. </trans>
<eg><i lang=""ceb"">Hatágan kag primyu, ug labaw pa niánà, makabyáhi ka,</i><trans> You will be given a prize, and in addition to that, you can travel. </trans></eg>
<eg><i lang=""ceb"">Buútan siya, utúkan, ug labaw sa tanan, gwápa,</i><trans> She is good, brainy, and above all else, she is pretty. </trans></eg>
</sense></hom>
<entry><form id=""palaxbaw"" lang=""ceb""><abbr expan=""palábaw"">pa-(←)</abbr></form>
<hom role=""v""><pos>v</pos>
<sense n=""1""><number>1</number> <itype>[C; b3]</itype><trans> try to outdo one another, vie with s.o. </trans>
<eg><i lang=""ceb"">Nagpalábaw sila sa hambug,</i><trans> They try to outdo each other with their big talk. </trans></eg>
<eg><i lang=""ceb"">Unsa may inyung gipalabáwan nga nagpanghugyaw man mu?</i><trans> You must be having some sort of a contest that you’re shouting so much. </trans></eg>
</sense>
<sense n=""2""><number>2</number> <itype>[A12C2; b5c]</itype><trans> play a game of any sort whereby the one who gets the highest number wins. </trans>
<eg><i lang=""ceb"">Nagpalábaw sila arun sa pag-ila kung kinsay musúgud sa dúwà,</i><trans> They drew cards to determine who will start the game. </trans></eg>
</sense></hom>
<hom role=""n""><pos>n</pos>
<sense n=""0""><trans> s.t. done to outdo s.o., e.g. action of winning by getting the highest number. </trans>
</sense></hom></entry>
<entry><form id=""palabwaxnay"" lang=""ceb"">palabwánay</form>
<hom>
<sense n=""0""><trans> <xr lang=""ceb"" target=""#palaxbaw"">= <sc>palábaw</sc>.</xr>
</trans>
</sense></hom></entry></entry>");
INSERT INTO `wced_head` (entryid, head, normalized_head, type, pos) VALUES (10389, "labaw", "labaw", "m", "van");
INSERT INTO `wced_head` (entryid, head, normalized_head, type, pos) VALUES (10389, "labaw pa", "labaw pa", "s", "");
INSERT INTO `wced_head` (entryid, head, normalized_head, type, pos) VALUES (10389, "sa", "sa", "s", "");
INSERT INTO `wced_head` (entryid, head, normalized_head, type, pos) VALUES (10389, "palábaw", "palabaw", "s", "vn");
INSERT INTO `wced_head` (entryid, head, normalized_head, type, pos) VALUES (10389, "palabwánay", "palabwanay", "s", "");
INSERT INTO `wced_translation` (entryid, translation) VALUES (10389, "jut out higher than s.t.");
INSERT INTO `wced_translation` (entryid, translation) VALUES (10389, "stick out");
INSERT INTO `wced_translation` (entryid, translation) VALUES (10389, "be ahead");
INSERT INTO `wced_translation` (entryid, translation) VALUES (10389, "more");
INSERT INTO `wced_translation` (entryid, translation) VALUES (10389, "over");
INSERT INTO `wced_translation` (entryid, translation) VALUES (10389, "ahead");
INSERT INTO `wced_translation` (entryid, translation) VALUES (10389, "superior");
INSERT INTO `wced_translation` (entryid, translation) VALUES (10389, "boss");
INSERT INTO `wced_entry` VALUES (10390, "labay", "540", "<entry page=""540"" id=""10390""><form id=""labay"" lang=""ceb"">labay</form>
<hom role=""v""><pos>v</pos>
<sense n=""1""><number>1</number> <itype>[A2; a]</itype><trans> <tr>go</tr>, <tr>pass by</tr> s.t., bring s.t. by s.w. </trans>
<eg><i lang=""ceb"">Milabay lang ku, wà ku muhapit,</i><trans> I just passed by, I didn’t drop in. </trans></eg>
<eg><i lang=""ceb"">Nakalabay na ba ang dyip?</i><trans> Has the jeep passed by yet? </trans></eg>
<eg><i lang=""ceb"">Labyun ku unyà tung ákung nalimtan sa inyu,</i><trans> I’ll come by to get the thing I forgot at your house. </trans></eg>
<eg><i lang=""ceb"">Gilabyan lang ku nímu,</i><trans> You just passed by me. </trans></eg>
<eg><i lang=""ceb"">Ilabay kining sud-an unyà sa íla,</i><trans> Bring this food by to them on your way. </trans></eg>
</sense>
<sense n=""2""><number>2</number> <itype>[b(1)]</itype><trans> <tr>pass over</tr>, <tr>bypass</tr>. </trans>
<eg><i lang=""ceb"">Gilabyan <pb n=""541""/>níya ang ákung ngálan sa pagpanghímug prumusyun,</i><trans> He passed my name over when he made the list of promotions. </trans></eg>
</sense>
<sense n=""3""><number>3</number> <itype>[A2]</itype><trans> for time to pass. </trans>
<eg><i lang=""ceb"">Milabay ang daghang katuígan,</i><trans> Years passed. </trans></eg>
</sense></hom>
<hom role=""a""><pos>a</pos>
<sense n=""0""><trans> passing, short-lived. </trans>
<eg><i lang=""ceb"">Labay lang ning hangína kay unus man,</i><trans> This strong wind is only temporary. It is just a squall. </trans></eg>
</sense></hom>
<entry><form id=""palabay"" lang=""ceb""><abbr expan=""palabay"">pa-</abbr></form>
<hom role=""v""><pos>v</pos>
<sense n=""0""> <itype>[A; c1]</itype><trans> let s.t. pass by. </trans>
<eg><i lang=""ceb"">Magpalabay ku sa ákung kasukù únà ku muulì,</i><trans> I will let my anger pass before I go home. </trans></eg>
<eg><i lang=""ceb"">Palabyun (ipalabay) lang tu nákung íyang sulti,</i><trans> I just won’t mind what she says. </trans></eg>
</sense></hom></entry>
<entry><form id=""lumalabay_lumalaxbay"" lang=""ceb""><abbr expan=""lumalabay"">-um-r-</abbr>, <abbr expan=""lumalábay"">-um-r-(←)</abbr></form>
<hom role=""n""><pos>n</pos>
<sense n=""1""><number>1</number><trans> people passing back and forth. </trans>
</sense>
<sense n=""2""><number>2</number><trans> <tr>passing</tr>, <tr>transient</tr>. </trans>
</sense></hom></entry>
<entry><form id=""labay_pa"" lang=""ceb""><abbr expan=""labay"">—</abbr> pa</form>
<hom>
<sense n=""1""><number>1</number><trans> beyond. </trans>
<eg><i lang=""ceb"">Ang íla labay pa sa pusti,</i><trans> Their place is just beyond the post. </trans></eg>
</sense>
<sense n=""2""><number>2</number><trans> in addition, even more. </trans>
<eg><i lang=""ceb"">Maáyu siyang mutrabáhu, labay pa musayu siyag anhi,</i><trans> He works well and furthermore, he comes early. </trans></eg>
<eg><i lang=""ceb"">‘Duha ka túig ka didtu sa Amirika?’—‘Labay pa<corr sic=""’,"">,’</corr></i><trans> ‘You were two years in the States?’—‘More than that.’ </trans></eg>
</sense>
<sense n=""3""><number>3</number><trans> surely, even more than sure. </trans>
<eg><i lang=""ceb"">‘Makapasar kahà ka?’—‘Labay pa,’</i><trans> ‘Do you think you can pass?’—‘Most assuredly.’
</trans></eg>
</sense></hom></entry></entry>");
INSERT INTO `wced_head` (entryid, head, normalized_head, type, pos) VALUES (10390, "labay", "labay", "m", "va");
INSERT INTO `wced_head` (entryid, head, normalized_head, type, pos) VALUES (10390, "palabay", "palabay", "s", "v");
INSERT INTO `wced_head` (entryid, head, normalized_head, type, pos) VALUES (10390, "lumalabay", "lumalabay", "s", "n");
INSERT INTO `wced_head` (entryid, head, normalized_head, type, pos) VALUES (10390, "lumalábay", "lumalabay", "s", "n");
INSERT INTO `wced_head` (entryid, head, normalized_head, type, pos) VALUES (10390, "labay pa", "labay pa", "s", "");
INSERT INTO `wced_translation` (entryid, translation) VALUES (10390, "go");
INSERT INTO `wced_translation` (entryid, translation) VALUES (10390, "pass by");
INSERT INTO `wced_translation` (entryid, translation) VALUES (10390, "pass over");
INSERT INTO `wced_translation` (entryid, translation) VALUES (10390, "bypass");
INSERT INTO `wced_translation` (entryid, translation) VALUES (10390, "passing");
INSERT INTO `wced_translation` (entryid, translation) VALUES (10390, "transient");
INSERT INTO `wced_entry` VALUES (10391, "labay", "541", "<entry page=""541"" id=""10391""><form id=""laxbay"" lang=""ceb"">lábay</form>
<hom role=""v""><pos>v</pos>
<sense n=""1""><number>1</number> <itype>[A; ac]</itype><trans> <tr>throw</tr> at. </trans>
<eg><i lang=""ceb"">Labáyun tikawg hanggranid animála ka,</i><trans> I’ll throw a hand grenade at you, you beast. </trans></eg>
<eg><i lang=""ceb"">Labáyi tag duha ka buuk bi,</i><trans> Throw me down a couple. </trans></eg>
<eg><i lang=""ceb"">Ilábay kanákù ang búla,</i><trans> Throw me the ball. </trans></eg>
</sense>
<sense n=""1a""><number>1a</number> <itype>[A; c]</itype><trans> <tr>throw away</tr>. </trans>
<eg><i lang=""ceb"">Ilábay ang mga latà,</i><trans> Throw away the spoiled fruits. </trans></eg>
</sense>
<sense n=""1b""><number>1b</number><trans> throw, discard in a card game. </trans>
</sense>
<sense n=""2""><number>2</number> <itype>[A; c]</itype><trans> assign to a remote place. </trans>
<eg><i lang=""ceb"">Way láin makalábay sa mga impliyádu ngadtu sa layù gawas sa supirintindinti,</i><trans> No one can assign the employees to a remote place except the superintendent. </trans></eg>
</sense></hom>
<hom role=""n""><pos>n</pos>
<sense n=""0""><trans> throw. </trans>
<eg><i lang=""ceb"">Kinsang lábay run?</i><trans> Whose turn is it to throw? </trans></eg>
<eg><i lang=""ceb"">Ang íyang lábay walà makaabut sa paril,</i><trans> His throw didn’t get as far as the wall. </trans></eg>
</sense></hom>
<entry><form id=""labayan"" lang=""ceb""><abbr expan=""labayan"">-an(→)</abbr></form>
<hom role=""n""><pos>n</pos>
<sense n=""0""><trans> line drawn to indicate the place at which to stand in throwing s.t. </trans>
</sense></hom></entry>
<entry><form id=""labayanan"" lang=""ceb""><abbr expan=""labayanan"">-anan</abbr></form>
<hom role=""n""><pos>n</pos>
<sense n=""0""><trans> dumping place. </trans>
<eg><i lang=""ceb"">Ang Pásil labayánan sa tanang húgaw sa syudad,</i><trans> Pasil is the place they dump all garbage in the city.
</trans></eg>
</sense></hom></entry></entry>");
INSERT INTO `wced_head` (entryid, head, normalized_head, type, pos) VALUES (10391, "lábay", "labay", "m", "vn");
INSERT INTO `wced_head` (entryid, head, normalized_head, type, pos) VALUES (10391, "labayan", "labayan", "s", "n");
INSERT INTO `wced_head` (entryid, head, normalized_head, type, pos) VALUES (10391, "labayanan", "labayanan", "s", "n");
INSERT INTO `wced_translation` (entryid, translation) VALUES (10391, "throw");
INSERT INTO `wced_translation` (entryid, translation) VALUES (10391, "throw away");
INSERT INTO `wced_entry` VALUES (10392, "labayan", "541", "<entry page=""541"" id=""10392""><form id=""labayan"" lang=""ceb"">labayan</form>
<hom role=""n""><pos>n</pos>
<sense n=""1""><number>1</number><trans> of several species of sea fish growing to <measure reg=""15 cm"">6″</measure>, with fine scales, found individually zigzagging in seaweed. </trans>
</sense>
<sense n=""2""><number>2</number><trans> one who seems to be always on the go, like the <ix>labayan</ix>.
</trans>
</sense></hom></entry>");
INSERT INTO `wced_head` (entryid, head, normalized_head, type, pos) VALUES (10392, "labayan", "labayan", "m", "n");
INSERT INTO `wced_entry` VALUES (10393, "labha", "541", "<entry page=""541"" id=""10393""><form id=""labhaq"" lang=""ceb"">labhà</form>
<hom role=""v""><pos>v</pos>
<sense n=""1""><number>1</number> <itype>[ABN; b4]</itype><trans> for the skin to get welts, bruises, or red splotches; cause it to do so. </trans>
<eg><i lang=""ceb"">Nalabhà (nalabhaan) ang íyang nawung sa sagpà,</i><trans> She got red splotches on her face when she was slapped. </trans></eg>
<eg><i lang=""ceb"">Nanglabhà nang ímung nawung sa tipdas,</i><trans> Your face is all splotched with measles. </trans></eg>
</sense>
<sense n=""2""><number>2</number> <itype>[BN; a1P]</itype><trans> blush, redden. </trans>
<eg><i lang=""ceb"">Milabhà (nanglabhà) ang íyang nawung sa kasukù,</i><trans> His face became red with anger.
</trans></eg>
</sense></hom></entry>");
INSERT INTO `wced_head` (entryid, head, normalized_head, type, pos) VALUES (10393, "labhà", "labha", "m", "v");
INSERT INTO `wced_entry` VALUES (10394, "labhag", "541", "<entry page=""541"" id=""10394""><form id=""labhag"" lang=""ceb"">labhag</form>
<hom role=""n""><pos>n</pos>
<sense n=""0""><trans> <tr>welts</tr>, <tr>marks</tr>, <tr>splotches</tr> on the body. </trans>
<eg><i lang=""ceb"">Ang mga labhag sa kuku maila kaáyu,</i><trans> You can easily tell welts made by the fingernails. </trans></eg>
</sense></hom>
<hom role=""v""><pos>v</pos>
<sense n=""1""><number>1</number> <itype>[B4; b4]</itype><trans> get welts, splotches on the body. </trans>
<eg><i lang=""ceb"">Milabhag ang íyang láwas sa tipdas,</i><trans> His body became splotched with measles. </trans></eg>
<eg><i lang=""ceb"">Ngánung nalabhagan ka man? Gipawù ka?</i><trans> Why are you all covered with welts? Were you given a whipping? </trans></eg>
</sense>
<sense n=""2""><number>2</number> <itype>[B; b4]</itype><trans> appear like welts. </trans>
<eg><i lang=""ceb"">Milabhag dihà sa íyang agtang ang nagbandaybanday nga ugat,</i><trans> His criss-crossing veins appeared like welts on his forehead. </trans></eg>
</sense>
<sense n=""3""><number>3</number> <itype>[A; a2]</itype><trans> for emotions to leave their mark. </trans>
<eg><i lang=""ceb"">Milabhag sa ákung panumdúman ang íyang mga háit nga púlung,</i><trans> Her sharp words etched themselves deeply in my memory. </trans></eg>
</sense>
<sense n=""4""><number>4</number> <itype>[BN]</itype><trans> blush, turn red all over. </trans>
<eg><i lang=""ceb"">Manlabhag ákung nawung ug makainum ku ug bínu,</i><trans> My face gets red if I drink wine.
</trans></eg>
</sense></hom></entry>");
INSERT INTO `wced_head` (entryid, head, normalized_head, type, pos) VALUES (10394, "labhag", "labhag", "m", "nv");
INSERT INTO `wced_translation` (entryid, translation) VALUES (10394, "welts");
INSERT INTO `wced_translation` (entryid, translation) VALUES (10394, "marks");
INSERT INTO `wced_translation` (entryid, translation) VALUES (10394, "splotches");
INSERT INTO `wced_entry` VALUES (10395, "labhak", "541", "<entry page=""541"" id=""10395""><form id=""labhak"" lang=""ceb"">labhak</form>
<hom role=""n""><pos>n</pos>
<sense n=""0""><trans> <tr>rectangular piece</tr>, area. </trans>
<eg><i lang=""ceb"">Gibáhin ang syudad ug dagkung labhak,</i><trans> The city was divided into large rectangular areas. </trans></eg>
</sense></hom>
<hom role=""v""><pos>v</pos>
<sense n=""0""> <itype>[A; c1]</itype><trans> divide into rectangular pieces or areas. </trans>
<eg><i lang=""ceb"">Kinsay naglabhak sa káhuy nga wà maángay?</i><trans> Who cut the wood into rectangular pieces of all different sizes?
</trans></eg>
</sense></hom></entry>");
INSERT INTO `wced_head` (entryid, head, normalized_head, type, pos) VALUES (10395, "labhak", "labhak", "m", "nv");
INSERT INTO `wced_translation` (entryid, translation) VALUES (10395, "rectangular piece");
INSERT INTO `wced_entry` VALUES (10396, "labhu, labhu", "541", "<entry page=""541"" id=""10396""><form id=""labhu_labhuq"" lang=""ceb"">labhu, labhù</form>
<hom role=""v""><pos>v</pos>
<sense n=""0""> <itype>[A; a3b]</itype><trans> pour boiling water over s.t. </trans>
<eg><i lang=""ceb"">Nakalabhù ka na ba sa mga sus-anan sa bátà?</i><trans> Have you scalded the baby’s bottles yet? </trans></eg>
<eg><i lang=""ceb"">Ayaw pagdúul sa abu, malabhù (malabhuan) ka unyà,</i><trans> Don’t go near the stove. You might get scalded. </trans></eg>
</sense></hom>
<entry><form id=""linabhuxan"" lang=""ceb""><abbr expan=""linabhúan"">-in-an</abbr></form>
<hom role=""n""><pos>n</pos>
<sense n=""0""><trans> s.t. <tr>scalded</tr>. </trans>
<eg><i lang=""ceb"">Háin man ang ímung linabhúan?</i><trans> Where are the things you have scalded?
</trans></eg>
</sense></hom></entry></entry>");
INSERT INTO `wced_head` (entryid, head, normalized_head, type, pos) VALUES (10396, "labhu", "labhu", "s", "v");
INSERT INTO `wced_head` (entryid, head, normalized_head, type, pos) VALUES (10396, "labhù", "labhu", "s", "v");
INSERT INTO `wced_head` (entryid, head, normalized_head, type, pos) VALUES (10396, "linabhúan", "linabhuan", "s", "n");
INSERT INTO `wced_translation` (entryid, translation) VALUES (10396, "scalded");
INSERT INTO `wced_entry` VALUES (10397, "labi", "541", "<entry page=""541"" id=""10397""><form id=""labi"" lang=""ceb"">labi</form>
<hom role=""a""><pos>a</pos>
<sense n=""0""><trans> <tr>more</tr>, <tr>greater</tr>. </trans>
<eg><i lang=""ceb"">Ug mau nay paági pag-uma, labi ang abut sa yútà,</i><trans> If that is the method of farming employed, the yield of the land will increase. </trans></eg>
</sense></hom>
<hom role=""v""><pos>v</pos>
<sense n=""0""> <itype>[B; b]</itype><trans> </trans>
</sense>
<sense n=""1""><number>1</number><trans> be greater than s.t. else or excessive. </trans>
<eg><i lang=""ceb"">Mulabi ang sakit ug mulíhuk ka,</i><trans> The pain will increase if you move. </trans></eg>
<eg><i lang=""ceb"">Naglabi ang mga gagmay sa mga dagkù,</i><trans> There are more small ones than big ones. </trans></eg>
<eg><i lang=""ceb"">Asgad ni kay nalabihan (nalabian) nákug timplag asin,</i><trans> This is salty because I put too much salt into it. </trans></eg>
</sense>
<sense n=""2""><number>2</number> <form id=""labi_nga"" lang=""ceb""><abbr expan=""labi"">—</abbr> nga</form><trans> <tr>more</tr>, <tr>most</tr>. </trans>
<eg><i lang=""ceb"">Siyay labing dátù,</i><trans> He is the richest one. </trans></eg>
</sense>
<sense n=""2a""><number>2a</number> <form id=""labi_pang_adj._verb"" lang=""ceb""><abbr expan=""labi"">—</abbr> pang <r>[<ix>adj.</ix>], [<ix>verb</ix>]</r></form><trans> even more [adj.], [do] all the more. </trans>
<eg><i lang=""ceb"">Usa ka labi pang kusug nga pátid,</i><trans> Even a stronger kick. </trans></eg>
<eg><i lang=""ceb"">Ug búang ku, labi pa siyang búang,</i><trans> If I’m a fool, he’s a greater one. </trans></eg>
<eg><i lang=""ceb"">Ug sultíhan, labi pa siyang mangísug,</i><trans> If you tell him, he gets all the angrier. </trans></eg>
</sense>
<sense n=""3""><number>3</number> <form id=""labi_na"" lang=""ceb""><abbr expan=""labi"">—</abbr> na</form><trans> </trans>
</sense>
<sense n=""a""><number>a</number><trans> <xr lang=""ceb"" target=""#ilabi_na"">= <sc>ilabi na</sc>.</xr> </trans>
</sense>
<sense n=""b""><number>b</number> <form id=""labi_nang_verb"" lang=""ceb""><abbr expan=""labi"">—</abbr> nang <r>[<ix>verb</ix>]</r></form><trans> [do, did] all the more. </trans>
<eg><i lang=""ceb"">Labi na siyang nangísug,</i><trans> He got all the more angry. </trans></eg>
<eg><i lang=""ceb"">Labi na (pa) siyang muhílak ug sugsúgun,</i><trans> He will cry all the more if you tease him. </trans></eg>
</sense></hom>
<entry><form id=""ilabi_na_labi_na"" lang=""ceb""><abbr expan=""ilabi"">i-</abbr> na, <abbr expan=""labi"">—</abbr> <pb n=""542""/>na</form>
<hom>
<sense n=""0""><trans> <tr>especially</tr>. </trans>
<eg><i lang=""ceb"">Lamían, ilabi (labi) na ug timpláhag asin,</i><trans> It’s very tasty, esp. if you season it with salt. </trans></eg>
</sense></hom></entry>
<entry><form id=""palabi"" lang=""ceb""><abbr expan=""palabi"">pa-</abbr></form>
<hom role=""v""><pos>v</pos>
<sense n=""1""><number>1</number> <itype>[A; a12]</itype><trans> prefer, favor. </trans>
<eg><i lang=""ceb"">Magpalabi kung magpabíling pubri kay sa ingun nímu,</i><trans> I would rather be poor than be like you. </trans></eg>
<eg><i lang=""ceb"">Palabihun ba nímu ang ímung irù sa ímung asáwa?</i><trans> Do you favor your dog over your wife? </trans></eg>
</sense>
<sense n=""2""><number>2</number> <itype>[A; bc2]</itype><trans> do s.t. to excess. </trans>
<eg><i lang=""ceb"">Nagpalabi siyag ínum,</i><trans> He is drinking too much. </trans></eg>
<eg><i lang=""ceb"">Ayaw palabihi (palabii) pagpanggà ang ímung anak,</i><trans> Don’t dote on your child too much. </trans></eg>
<eg><i lang=""ceb"">Ayaw ipalabi (palabii) ang ímung hílak,</i><trans> Don’t cry too much. </trans></eg>
</sense></hom></entry>
<entry><form id=""pinalabi"" lang=""ceb""><abbr expan=""pinalabi"">pina-</abbr></form>
<hom role=""n""><pos>n</pos>
<sense n=""0""><trans> s.o. preferred, favored. </trans>
<eg><i lang=""ceb"">Sa iskuyláhan way pinalabi,</i><trans> No one gets special treatment in school. </trans></eg>
</sense></hom></entry>
<entry><form id=""palaxbi"" lang=""ceb""><abbr expan=""palábi"">pa-(←)</abbr></form>
<hom>
<sense n=""0""><trans> <xr lang=""ceb"" target=""#pa-"">= <sc><abbr expan=""palabi"">pa-</abbr></sc>, <ix>2</ix>.</xr> </trans>
</sense></hom></entry>
<entry><form id=""labilaxbi"" lang=""ceb"">labilábi</form>
<hom>
<sense n=""0""> <form id=""way_labilaxbi"" lang=""ceb"">way <abbr expan=""labilábi"">—</abbr></form><trans> no one gets more than anyone else. </trans>
<eg><i lang=""ceb"">Way labilábi. Púrus ángay,</i><trans> No one gets more than anyone else. We all get a fair share. </trans></eg>
</sense></hom></entry>
<entry><form id=""palabilaxbi"" lang=""ceb"">palabilábi</form>
<hom role=""v""><pos>v</pos>
<sense n=""0""> <itype>[A; b(1)]</itype><trans> mistreat s.o. </trans>
<eg><i lang=""ceb"">Ayaw kug palabilabíhi (palabilabíi). Dì bayà ku nímu suluguun,</i><trans> Don’t kick me around. I’m not your servant, you know. </trans></eg>
</sense></hom></entry>
<entry><form id=""palabilabihun"" lang=""ceb"">palabilabihun</form>
<hom role=""a""><pos>a</pos>
<sense n=""0""><trans> tending to mistreat. </trans>
</sense></hom></entry>
<entry><form id=""mapalabilabixhun"" lang=""ceb"">mapalabilabíhun</form>
<hom role=""a""><pos>a</pos>
<sense n=""0""><trans> characterized by mistreatment. </trans>
<eg><i lang=""ceb"">Mapalabilabíhung kasábà,</i><trans> Arrogant scolding, far beyond the limits of propriety. </trans></eg>
</sense></hom></entry>
<entry><form id=""sulaxbi"" lang=""ceb""><abbr expan=""sulábi"">su-(←)</abbr></form>
<hom>
<sense n=""1""><number>1</number><trans> <tr>especially</tr>, <tr>all the more so</tr>. </trans>
<eg><i lang=""ceb"">Sulábi nag timpláhag asin, wà giyuy lamì,</i><trans> Esp. if you mix salt with it, it will have no flavor. </trans></eg>
</sense>
<sense n=""2""><number>2</number> <form id=""sulaxbi_ug"" lang=""ceb""><abbr expan=""sulábi"">—</abbr> ug</form><trans> better than s.t. else which has the same disadvantages to a worse extent. </trans>
<eg><i lang=""ceb"">Ibaligyà lang nà run bisag barátu sulábig mubarátu pa ugmà,</i><trans> You’d better sell it now, even at a low price. Better than getting even less tomorrow. </trans></eg>
</sense></hom>
<hom role=""v""><pos>v</pos>
<sense n=""0""> <itype>[AP]</itype><trans> </trans>
</sense>
<sense n=""1""><number>1</number><trans> do s.t. all the more. </trans>
<eg><i lang=""ceb"">Manday gitagáan ug diyis, misulábi (mipasulábi) ug hílak,</i><trans> I gave him a dime, but he cried all the more. </trans></eg>
</sense>
<sense n=""2""><number>2</number><trans> <xr lang=""ceb"" target=""#palabi"">= <sc>palabi</sc>, <ix>2</ix>.</xr> </trans>
</sense></hom></entry>
<entry><form id=""mapasulabixhun"" lang=""ceb"">mapasulabíhun</form>
<hom>
<sense n=""0""><trans> characterized by excessive indulgence. </trans>
<eg><i lang=""ceb"">Mapasulabíhun sa babáyi,</i><trans> Indulging in women excessively. </trans></eg>
</sense></hom></entry>
<entry><form id=""silabi"" lang=""ceb""><abbr expan=""silabi"">si-</abbr></form>
<hom>
<sense n=""0""><trans> <xr lang=""ceb"" target=""#su-"">= <sc><abbr expan=""sulabi"">su-</abbr></sc>, <ix>2</ix>.</xr> </trans>
</sense></hom></entry>
<entry><form id=""hilabihan"" lang=""ceb"">hilabihan</form>
<hom role=""a""><pos>a</pos>
<sense n=""0""><trans> carried out to excess. </trans>
<eg><i lang=""ceb"">Nahugù siya tungud sa kaguul nga hilabihan,</i><trans> He became thin because of his excessive sorrows. </trans></eg>
</sense></hom></entry>
<entry><form id=""labihan_labian_hilabihan_ilabihan_hilabian_hinglabihan_labihaxnay_hilabihaxnay_labhan_a_--_nga"" lang=""ceb"">labihan, labian, hilabihan, ilabihan, hilabian, hinglabihan, labihánay, hilabihánay, labhan a — nga</form>
<hom>
<sense n=""0""><trans> [<ix>adj.</ix>] </trans>
</sense></hom></entry>
<entry><form id=""labiha_kalabi"" lang=""ceb""><abbr expan=""labiha"">-a</abbr>, <abbr expan=""kalabi"">ka-</abbr></form>
<hom>
<sense n=""0""><trans>[<ix>adj.</ix>] how very! </trans>
<eg><i lang=""ceb"">Labihang mahála sa karni, Labihan kamahal sa karni!</i><trans> How expensive the meat is! </trans></eg>
</sense>
<sense n=""b""><number>b</number> <form id=""labiha_nga_maka-_naka-verb"" lang=""ceb""><abbr expan=""labiha"">—</abbr> nga <r>[<bx>maka-/naka-</bx><ix>verb</ix>]</r></form><trans> how it [did]. </trans>
<eg><i lang=""ceb"">Labihang makaulan dinhig mahulyu,</i><trans> How it rains here during the month of July. </trans></eg>
<eg><i lang=""ceb"">Labihan níyang nakaantus,</i><trans> How he suffered! </trans></eg>
</sense></hom></entry>
<entry><form id=""labixhay_labihaxnay_pud_sad"" lang=""ceb"">labíhay, labihánay pud (sad)</form>
<hom>
<sense n=""0""><trans> It’s unbelievable. </trans>
<eg><i lang=""ceb"">Labihánay pud. Nakaáku (makaáku) siya niánà?</i><trans> It seems incredible that he could do (would do) that!
</trans></eg>
</sense></hom></entry></entry>");
INSERT INTO `wced_head` (entryid, head, normalized_head, type, pos) VALUES (10397, "labi", "labi", "m", "av");
INSERT INTO `wced_head` (entryid, head, normalized_head, type, pos) VALUES (10397, "labi nga", "labi nga", "s", "");
INSERT INTO `wced_head` (entryid, head, normalized_head, type, pos) VALUES (10397, "labi pang [adj.]", "labi pang [adj.]", "s", "");
INSERT INTO `wced_head` (entryid, head, normalized_head, type, pos) VALUES (10397, "[verb]", "[verb]", "s", "");
INSERT INTO `wced_head` (entryid, head, normalized_head, type, pos) VALUES (10397, "labi na", "labi na", "s", "");
INSERT INTO `wced_head` (entryid, head, normalized_head, type, pos) VALUES (10397, "labi nang [verb]", "labi nang [verb]", "s", "");
INSERT INTO `wced_head` (entryid, head, normalized_head, type, pos) VALUES (10397, "ilabi na", "ilabi na", "s", "");
INSERT INTO `wced_head` (entryid, head, normalized_head, type, pos) VALUES (10397, "palabi", "palabi", "s", "v");
INSERT INTO `wced_head` (entryid, head, normalized_head, type, pos) VALUES (10397, "pinalabi", "pinalabi", "s", "n");
INSERT INTO `wced_head` (entryid, head, normalized_head, type, pos) VALUES (10397, "palábi", "palabi", "s", "");
INSERT INTO `wced_head` (entryid, head, normalized_head, type, pos) VALUES (10397, "labilábi", "labilabi", "s", "");
INSERT INTO `wced_head` (entryid, head, normalized_head, type, pos) VALUES (10397, "way labilábi", "way labilabi", "s", "");
INSERT INTO `wced_head` (entryid, head, normalized_head, type, pos) VALUES (10397, "palabilábi", "palabilabi", "s", "v");
INSERT INTO `wced_head` (entryid, head, normalized_head, type, pos) VALUES (10397, "palabilabihun", "palabilabihun", "s", "a");
INSERT INTO `wced_head` (entryid, head, normalized_head, type, pos) VALUES (10397, "mapalabilabíhun", "mapalabilabihun", "s", "a");
INSERT INTO `wced_head` (entryid, head, normalized_head, type, pos) VALUES (10397, "sulábi", "sulabi", "s", "v");
INSERT INTO `wced_head` (entryid, head, normalized_head, type, pos) VALUES (10397, "sulábi ug", "sulabi ug", "s", "");
INSERT INTO `wced_head` (entryid, head, normalized_head, type, pos) VALUES (10397, "mapasulabíhun", "mapasulabihun", "s", "");
INSERT INTO `wced_head` (entryid, head, normalized_head, type, pos) VALUES (10397, "silabi", "silabi", "s", "");
INSERT INTO `wced_head` (entryid, head, normalized_head, type, pos) VALUES (10397, "hilabihan", "hilabihan", "s", "a");
INSERT INTO `wced_head` (entryid, head, normalized_head, type, pos) VALUES (10397, "labihan", "labihan", "s", "");
INSERT INTO `wced_head` (entryid, head, normalized_head, type, pos) VALUES (10397, "labian", "labian", "s", "");
INSERT INTO `wced_head` (entryid, head, normalized_head, type, pos) VALUES (10397, "ilabihan", "ilabihan", "s", "");
INSERT INTO `wced_head` (entryid, head, normalized_head, type, pos) VALUES (10397, "hilabian", "hilabian", "s", "");
INSERT INTO `wced_head` (entryid, head, normalized_head, type, pos) VALUES (10397, "hinglabihan", "hinglabihan", "s", "");
INSERT INTO `wced_head` (entryid, head, normalized_head, type, pos) VALUES (10397, "labihánay", "labihanay", "s", "");
INSERT INTO `wced_head` (entryid, head, normalized_head, type, pos) VALUES (10397, "hilabihánay", "hilabihanay", "s", "");
INSERT INTO `wced_head` (entryid, head, normalized_head, type, pos) VALUES (10397, "labhan a — nga", "labhan a — nga", "s", "");
INSERT INTO `wced_head` (entryid, head, normalized_head, type, pos) VALUES (10397, "labiha", "labiha", "s", "");
INSERT INTO `wced_head` (entryid, head, normalized_head, type, pos) VALUES (10397, "kalabi", "kalabi", "s", "");
INSERT INTO `wced_head` (entryid, head, normalized_head, type, pos) VALUES (10397, "labiha nga [maka-", "labiha nga [maka-", "s", "");
INSERT INTO `wced_head` (entryid, head, normalized_head, type, pos) VALUES (10397, "naka-verb]", "naka-verb]", "s", "");
INSERT INTO `wced_head` (entryid, head, normalized_head, type, pos) VALUES (10397, "labíhay", "labihay", "s", "");
INSERT INTO `wced_head` (entryid, head, normalized_head, type, pos) VALUES (10397, "labihánay pud (sad)", "labihanay pud (sad)", "s", "");
INSERT INTO `wced_translation` (entryid, translation) VALUES (10397, "more");
INSERT INTO `wced_translation` (entryid, translation) VALUES (10397, "greater");
INSERT INTO `wced_translation` (entryid, translation) VALUES (10397, "most");
INSERT INTO `wced_translation` (entryid, translation) VALUES (10397, "especially");
INSERT INTO `wced_translation` (entryid, translation) VALUES (10397, "all the more so");
INSERT INTO `wced_entry` VALUES (10398, "labid", "542", "<entry page=""542"" id=""10398""><form id=""laxbid"" lang=""ceb"">lábid</form>
<hom role=""v""><pos>v</pos>
<sense n=""0""> <itype>[AC3; a]</itype><trans> <tr>braid</tr>, become <tr>entwined</tr>. </trans>
<eg><i lang=""ceb"">Akuy mulábid niíning lánut,</i><trans> I will braid these abaca fibers into rope. </trans></eg>
<eg><i lang=""ceb"">Nalábid ang íyang dílà sa kalisud sa mga púlung,</i><trans> His tongue became twisted because of the difficult words. </trans></eg>
<eg><i lang=""ceb"">Nagkalábid ang duha ka hiniktan,</i><trans> The two roosters became entwined. </trans></eg>
<eg><i lang=""ceb"">Kataas sa ímung buhuk! Nindut labírun,</i><trans> How long your hair is! It would be nice to braid it. </trans></eg>
</sense></hom>
<hom role=""n""><pos>n</pos>
<sense n=""0""><trans> s.t. braided. </trans>
<eg><i lang=""ceb"">Unsay gidak-un niánang ímung lábid?</i><trans> How big around is the rope you braided?
</trans></eg>
</sense></hom></entry>");
INSERT INTO `wced_head` (entryid, head, normalized_head, type, pos) VALUES (10398, "lábid", "labid", "m", "vn");
INSERT INTO `wced_translation` (entryid, translation) VALUES (10398, "braid");
INSERT INTO `wced_translation` (entryid, translation) VALUES (10398, "entwined");
INSERT INTO `wced_entry` VALUES (10399, "labigan", "542", "<entry page=""542"" id=""10399""><form id=""labigan"" lang=""ceb"">labigan</form>
<hom role=""n""><pos>n</pos>
<sense n=""0""><trans> k.o. herb of moist places, with stout-branched, aromatic rhizomes and long, flat leaves with medicinal uses: <bio>Acorus calamus</bio>.
</trans>
</sense></hom></entry>");
INSERT INTO `wced_head` (entryid, head, normalized_head, type, pos) VALUES (10399, "labigan", "labigan", "m", "n");
INSERT INTO `wced_entry` VALUES (10400, "labil", "542", "<entry page=""542"" id=""10400""><form id=""laxbil"" lang=""ceb"">lábil</form>
<hom role=""n""><pos>n</pos>
<sense n=""0""><trans> <tr>label</tr>, a <tr>mark</tr> put on s.t. for identification. </trans>
</sense></hom>
<hom role=""v""><pos>v</pos>
<sense n=""0""> <itype>[A; b]</itype><trans> <tr>label</tr> s.t. </trans>
<eg><i lang=""ceb"">Labílan lang ni nátung malíta,</i><trans> Let us label this suitcase.
</trans></eg>
</sense></hom></entry>");
INSERT INTO `wced_head` (entryid, head, normalized_head, type, pos) VALUES (10400, "lábil", "labil", "m", "nv");
INSERT INTO `wced_translation` (entryid, translation) VALUES (10400, "label");
INSERT INTO `wced_translation` (entryid, translation) VALUES (10400, "mark");
INSERT INTO `wced_entry` VALUES (10401, "labing", "542", "<entry page=""542"" id=""10401""><form id=""laxbing"" lang=""ceb"">lábing</form>
<hom role=""a""><pos>a</pos>
<sense n=""0""><trans> like <tr>sweethearts</tr>. </trans>
<eg><i lang=""ceb"">Lábing kaáyu silang magtiayúna,</i><trans> They are a very loving couple. </trans></eg>
</sense></hom>
<hom role=""v""><pos>v</pos>
<sense n=""0""> <itype>[B1]</itype><trans> be loving. </trans>
<eg><i lang=""ceb"">Malábing ra man nà silag náay mutan-aw,</i><trans> They get to be very loving if s.o. is watching them.
</trans></eg>
</sense></hom></entry>");
INSERT INTO `wced_head` (entryid, head, normalized_head, type, pos) VALUES (10401, "lábing", "labing", "m", "av");
INSERT INTO `wced_translation` (entryid, translation) VALUES (10401, "sweethearts");
INSERT INTO `wced_entry` VALUES (10402, "labit", "542", "<entry page=""542"" id=""10402""><form id=""labit"" lang=""ceb"">labit</form>
<hom role=""v""><pos>v</pos>
<sense n=""0""> <itype>[A; b]</itype><trans> <tr>stitch</tr> with a loop that holds but can be unravelled. </trans>
<eg><i lang=""ceb"">Si Lúsi ang mulabit niánang ímung panyù,</i><trans> Lucy will stitch loops around the edges of your handkerchief. </trans></eg>
</sense></hom>
<entry><form id=""labitlabit"" lang=""ceb"">labitlabit</form>
<hom role=""n""><pos>n</pos>
<sense n=""0""><trans> small bits of meat adhering to the bones or any part of a slaughtered animal. </trans>
</sense></hom>
<hom role=""v""><pos>v</pos>
<sense n=""1""><number>1</number> <itype>[AN; b5]</itype><trans> stitch s.t. hurriedly and unevenly by hand. </trans>
</sense>
<sense n=""2""><number>2</number> <itype>[A13]</itype><trans> for bits of meat to be left adhering to bones. </trans>
<eg><i lang=""ceb"">Panguháag mga unud nga naglabitlabit sa bukug,</i><trans> Get the small bits of meat that are adhering to the bones. </trans></eg>
</sense></hom>
<hom role=""a""><pos>a</pos>
<sense n=""0""><trans> meat which has lots of sinews. </trans>
<eg><i lang=""ceb"">Gáhì kaáyu usápun ning karníha, labitlabit,</i><trans> This meat is very tough to chew. It is sinewy. </trans></eg>
</sense></hom></entry>
<entry><form id=""labitlabitun"" lang=""ceb"">labitlabitun</form>
<hom>
<sense n=""0""><trans> <xr lang=""ceb"" target=""#labitlabit"">= <sc>labitlabit</sc>, <i lang=""ceb"">a</i>.</xr> </trans>
</sense></hom></entry>
<entry><form id=""labitixra_labitixru"" lang=""ceb""><abbr expan=""labitíra"">-íra</abbr>, <abbr expan=""labitíru"">-íru</abbr></form>
<hom role=""n""><pos>n</pos>
<sense n=""0""><trans> one who works stitching materials.
</trans>
</sense></hom></entry></entry>");
INSERT INTO `wced_head` (entryid, head, normalized_head, type, pos) VALUES (10402, "labit", "labit", "m", "v");
INSERT INTO `wced_head` (entryid, head, normalized_head, type, pos) VALUES (10402, "labitlabit", "labitlabit", "s", "nva");
INSERT INTO `wced_head` (entryid, head, normalized_head, type, pos) VALUES (10402, "labitlabitun", "labitlabitun", "s", "");
INSERT INTO `wced_head` (entryid, head, normalized_head, type, pos) VALUES (10402, "labitíra", "labitira", "s", "n");
INSERT INTO `wced_head` (entryid, head, normalized_head, type, pos) VALUES (10402, "labitíru", "labitiru", "s", "n");
INSERT INTO `wced_translation` (entryid, translation) VALUES (10402, "stitch");
INSERT INTO `wced_entry` VALUES (10403, "labka", "542", "<entry page=""542"" id=""10403""><form id=""labka"" lang=""ceb"">labka</form>
<hom role=""a""><pos>a</pos>
<sense n=""0""><trans> <tr>partially cooked</tr>, usually said of root crops and bananas, but sometimes of cereals as well. </trans>
<eg><i lang=""ceb"">Labka pa man ning kamúting ímung gilútù,</i><trans> These sweet potatoes that you are cooking are still half done. </trans></eg>
</sense></hom>
<hom role=""v""><pos>v</pos>
<sense n=""0""> <itype>[B26; b5c1]</itype><trans> cook root crops halfway, and, by extension, cereals. </trans>
<eg><i lang=""ceb"">Mulabka (malabka) ang linung-ag ug dílì maángay ang káyu,</i><trans> Rice will become unevenly cooked if the fire underneath it is uneven. </trans></eg>
</sense></hom>
<entry><form id=""labkahan"" lang=""ceb"">labkahan</form>
<hom>
<sense n=""0""><trans> <xr lang=""ceb"" target=""#labka"">= <sc>labka</sc>, <i lang=""ceb"">a</i>.</xr>
</trans>
</sense></hom></entry></entry>");
INSERT INTO `wced_head` (entryid, head, normalized_head, type, pos) VALUES (10403, "labka", "labka", "m", "av");
INSERT INTO `wced_head` (entryid, head, normalized_head, type, pos) VALUES (10403, "labkahan", "labkahan", "s", "");
INSERT INTO `wced_translation` (entryid, translation) VALUES (10403, "partially cooked");
INSERT INTO `wced_entry` VALUES (10404, "lablab", "542", "<entry page=""542"" id=""10404""><form id=""lablab"" lang=""ceb"">lablab</form>
<hom role=""v""><pos>v</pos>
<sense n=""1""><number>1</number> <itype>[AB12; ab2]</itype><trans> <tr>slash</tr>, <tr>tear</tr> in a long slash. </trans>
<eg><i lang=""ceb"">Malablab ang bandíra ug kusgun ug hángin,</i><trans> The flag will get ripped if it is blown in too strong a wind. </trans></eg>
</sense>
<sense n=""2""><number>2</number> <itype>[B6; c1]</itype><trans> be <tr>loose fitting</tr>. </trans>
<eg><i lang=""ceb"">Mulablab (malablab) ang ímung sáya ug ímung padakuan,</i><trans> Your skirt will be very loose if you have it enlarged. </trans></eg>
</sense></hom>
<entry><form id=""lablab_ang_baqbaq"" lang=""ceb""><abbr expan=""lablab"">—</abbr> ang bàbà</form>
<hom role=""v""><pos>v</pos>
<sense n=""0""> <itype>[B6; c1]</itype><trans> shoot off the mouth with unsensical, boasting talk. </trans>
<eg><i lang=""ceb"">Naglablab ang bàbà sa táwung nahubug,</i><trans> The man who <pb n=""543""/>got drunk became very talkative. </trans></eg>
</sense></hom>
<hom role=""n""><pos>n</pos>
<sense n=""1""><number>1</number><trans> big rip, slashed part. </trans>
<eg><i lang=""ceb"">Ang lablab sa sáku gipíkut,</i><trans> The big rip on the sack was mended. </trans></eg>
</sense>
<sense n=""2""><number>2</number><trans> nonsensical talk, boasting. </trans>
</sense></hom>
<hom role=""a""><pos>a</pos>
<sense n=""0""><trans> loose fitting.
</trans>
</sense></hom></entry></entry>");
INSERT INTO `wced_head` (entryid, head, normalized_head, type, pos) VALUES (10404, "lablab", "lablab", "m", "v");
INSERT INTO `wced_head` (entryid, head, normalized_head, type, pos) VALUES (10404, "lablab ang bàbà", "lablab ang baba", "s", "vna");
INSERT INTO `wced_translation` (entryid, translation) VALUES (10404, "slash");
INSERT INTO `wced_translation` (entryid, translation) VALUES (10404, "tear");
INSERT INTO `wced_translation` (entryid, translation) VALUES (10404, "loose fitting");
INSERT INTO `wced_entry` VALUES (10405, "labnaw", "543", "<entry page=""543"" id=""10405""><form id=""labnaw"" lang=""ceb"">labnaw</form>
<hom role=""a""><pos>a</pos>
<sense n=""1""><number>1</number><trans> <tr>heavily diluted</tr>, having too much water. </trans>
<eg><i lang=""ceb"">Labnaw ra ning pagkalúgaw,</i><trans> This porridge has too much water in it. </trans></eg>
<eg><i lang=""ceb"">Labnaw ug dugù,</i><trans> Weak-blooded, lacking drive or guts. </trans></eg>
</sense>
<sense n=""2""><number>2</number><trans> <tr>cool</tr>, lacking in warmth. </trans>
<eg><i lang=""ceb"">Labnaw siyag tinagdan sa mga bisíta kay dílì íyang grúpu,</i><trans> She received her visitors <corr sic=""cooly"">coolly</corr> because they weren’t her crowd. </trans></eg>
</sense></hom>
<hom role=""v""><pos>v</pos>
<sense n=""0""> <itype>[B; ab7]</itype><trans> </trans>
</sense>
<sense n=""1""><number>1</number><trans> be diluted, put too much water in a mixture. </trans>
<eg><i lang=""ceb"">Nagkalabnaw man ning ímung kapi nga daghan na hinúun kag súkì,</i><trans> Your coffee is becoming weaker now that you have lots of customers. </trans></eg>
</sense>
<sense n=""2""><number>2</number><trans> get too cold, lacking in ardor.
</trans>
</sense></hom></entry>");
INSERT INTO `wced_head` (entryid, head, normalized_head, type, pos) VALUES (10405, "labnaw", "labnaw", "m", "av");
INSERT INTO `wced_translation` (entryid, translation) VALUES (10405, "heavily diluted");
INSERT INTO `wced_translation` (entryid, translation) VALUES (10405, "cool");
INSERT INTO `wced_entry` VALUES (10406, "labni", "543", "<entry page=""543"" id=""10406""><form id=""labni"" lang=""ceb"">labni</form>
<hom role=""v""><pos>v</pos>
<sense n=""0""> <itype>[A; a]</itype><trans> <tr>snatch</tr>, grab with a jerk, esp. s.t. that s.o. has. </trans>
<eg><i lang=""ceb"">Wà mailhi sa dalága ang milabni sa íyang pitáka,</i><trans> The maiden did not recognize the man who snatched her bag. </trans></eg>
<eg><i lang=""ceb"">Gilabni lang níya ang suwat sa ákung kamut,</i><trans> He just snatched the letter out of my hand.
</trans></eg>
</sense></hom></entry>");
INSERT INTO `wced_head` (entryid, head, normalized_head, type, pos) VALUES (10406, "labni", "labni", "m", "v");
INSERT INTO `wced_translation` (entryid, translation) VALUES (10406, "snatch");
INSERT INTO `wced_entry` VALUES (10407, "labnit", "543", "<entry page=""543"" id=""10407""><form id=""labnit"" lang=""ceb"">labnit</form>
<hom role=""v""><pos>v</pos>
<sense n=""0""> <itype>[A; a]</itype><trans> <tr>snatch</tr> s.t. attached or just placed s.w. with a jerk. </trans>
<eg><i lang=""ceb"">Gilabnit ang íyang bangkaw ug mikaratil pagkanáug,</i><trans> He grabbed his spear from the place he had put it and rushed out.
</trans></eg>
</sense></hom></entry>");
INSERT INTO `wced_head` (entryid, head, normalized_head, type, pos) VALUES (10407, "labnit", "labnit", "m", "v");
INSERT INTO `wced_translation` (entryid, translation) VALUES (10407, "snatch");
INSERT INTO `wced_entry` VALUES (10408, "labnub, labnug", "543", "<entry page=""543"" id=""10408""><form id=""labnub_labnug"" lang=""ceb"">labnub, labnug</form>
<hom>
<sense n=""0""><trans> <xr lang=""ceb"" target=""#lagnub"">= <sc>lagnub</sc>.</xr>
</trans>
</sense></hom></entry>");
INSERT INTO `wced_head` (entryid, head, normalized_head, type, pos) VALUES (10408, "labnub", "labnub", "s", "");
INSERT INTO `wced_head` (entryid, head, normalized_head, type, pos) VALUES (10408, "labnug", "labnug", "s", "");
INSERT INTO `wced_entry` VALUES (10409, "labnut", "543", "<entry page=""543"" id=""10409""><form id=""labnut"" lang=""ceb"">labnut</form>
<hom role=""v""><pos>v</pos>
<sense n=""0""> <itype>[A; a]</itype><trans> <tr>pull</tr> s.t. with a jerk, usually s.t. that is in s.t. else. </trans>
<eg><i lang=""ceb"">Sa íyang kapungut gilabnut níya ang tahì sa sanínà,</i><trans> In her anger she ripped out the stitches of her dress. </trans></eg>
<eg><i lang=""ceb"">Ang kurd sa plantsa dílì labnútun, hináyun pag-ibut,</i><trans> You should pull out the cord slowly, not with a jerk. </trans></eg>
<eg><i lang=""ceb"">Gilabnútan aku níya sa buhuk,</i><trans> He pulled my hair.
</trans></eg>
</sense></hom></entry>");
INSERT INTO `wced_head` (entryid, head, normalized_head, type, pos) VALUES (10409, "labnut", "labnut", "m", "v");
INSERT INTO `wced_translation` (entryid, translation) VALUES (10409, "pull");
INSERT INTO `wced_entry` VALUES (10410, "labsik", "543", "<entry page=""543"" id=""10410""><form id=""labsik"" lang=""ceb"">labsik</form>
<hom role=""a""><pos>a</pos>
<sense n=""0""><trans> <tr>lovesick</tr>. </trans>
<eg><i lang=""ceb"">Labsik kaáyu nà siya, maung ganíwang,</i><trans> He is so lovesick that he has grown thin. </trans></eg>
</sense></hom>
<hom role=""v""><pos>v</pos>
<sense n=""0""> <itype>[B12]</itype><trans> get lovesick.
</trans>
</sense></hom></entry>");
INSERT INTO `wced_head` (entryid, head, normalized_head, type, pos) VALUES (10410, "labsik", "labsik", "m", "av");
INSERT INTO `wced_translation` (entryid, translation) VALUES (10410, "lovesick");
INSERT INTO `wced_entry` VALUES (10411, "labsit", "543", "<entry page=""543"" id=""10411""><form id=""labsit"" lang=""ceb"">labsit</form>
<hom role=""n""><pos>n</pos>
<sense n=""0""><trans> game of tennis or pingpong played so that a player is declared winner if he gets half the score of the set without letting his opponent get a single point. </trans>
</sense></hom>
<hom role=""v""><pos>v</pos>
<sense n=""1""><number>1</number> <itype>[A; a12]</itype><trans> win by this method. </trans>
<eg><i lang=""ceb"">Musúkul ka nákù labsítun tika,</i><trans> Are you going to play against me? I’m going to beat you eleven to nothing. </trans></eg>
</sense>
<sense n=""2""><number>2</number> <itype>[a12b8]</itype><trans> get nothing for one’s efforts. </trans>
<eg><i lang=""ceb"">Wà ku makalabsit sa ákung pagpanágat,</i><trans> I did not go fishing for nothing. I got s.t.
</trans></eg>
</sense></hom></entry>");
INSERT INTO `wced_head` (entryid, head, normalized_head, type, pos) VALUES (10411, "labsit", "labsit", "m", "nv");
INSERT INTO `wced_entry` VALUES (10412, "labtik", "543", "<entry page=""543"" id=""10412""><form id=""labtik"" lang=""ceb"">labtik</form>
<hom role=""v""><pos>v</pos>
<sense n=""1""><number>1</number> <itype>[A; b]</itype><trans> <tr>strike with a flicking or snapping motion</tr>. </trans>
<eg><i lang=""ceb"">Labtíkan tikaw sa lastiku,</i><trans> I’ll flick the rubber band at you. </trans></eg>
<eg><i lang=""ceb"">Hilabtikan ka sa nawung ug buy-an ku ring sanga,</i><trans> You’ll get lashed in the face if I let go off this branch suddenly. </trans></eg>
</sense>
<sense n=""2""><number>2</number> <itype>[B46]</itype><trans> for a mechanism to click or snap. </trans>
<eg><i lang=""ceb"">Nagpúsing pa ku, nilabtik na diay ang kamira,</i><trans> I was still posing, but the camera had already clicked. </trans></eg>
</sense>
<sense n=""2a""><number>2a</number> <itype>[A]</itype><trans> for the heart to <tr>beat</tr>. </trans>
<eg><i lang=""ceb"">Milabtik ang ákung dughan sa kahinangup,</i><trans> My heart beat with joy at seeing her. </trans></eg>
</sense></hom>
<hom role=""n""><pos>n</pos>
<sense n=""1""><number>1</number><trans> <tr>whip</tr> or s.t. to flick at s.t. </trans>
</sense>
<sense n=""1a""><number>1a</number><trans> reins of a carabao: a rope usually about 3–4 meters long attached to the end of the nose cord (<ix>pangilung</ix>). It is snapped on the carabao’s back to urge it on. </trans>
</sense>
<sense n=""2""><number>2</number><trans> action of flicking. </trans>
</sense></hom>
<entry><form id=""palabtik"" lang=""ceb""><abbr expan=""palabtik"">pa-</abbr></form>
<hom>
<sense n=""0""><trans> <tr>hint</tr>, s.t. said indirectly. </trans>
<eg><i lang=""ceb"">Ang íyang mulù nga wà pay swildu ági lag palabtik nga muhulam siyag kwarta,</i><trans> His complaints that he hadn’t been paid were just his way of hinting that he’d like to borrow money. </trans></eg>
</sense></hom>
<hom role=""v""><pos>v</pos>
<sense n=""0""> <itype>[A; b]</itype><trans> give hints.
</trans>
</sense></hom></entry></entry>");
INSERT INTO `wced_head` (entryid, head, normalized_head, type, pos) VALUES (10412, "labtik", "labtik", "m", "vn");
INSERT INTO `wced_head` (entryid, head, normalized_head, type, pos) VALUES (10412, "palabtik", "palabtik", "s", "v");
INSERT INTO `wced_translation` (entryid, translation) VALUES (10412, "strike with a flicking or snapping motion");
INSERT INTO `wced_translation` (entryid, translation) VALUES (10412, "beat");
INSERT INTO `wced_translation` (entryid, translation) VALUES (10412, "whip");
INSERT INTO `wced_translation` (entryid, translation) VALUES (10412, "hint");
INSERT INTO `wced_entry` VALUES (10413, "labting", "543", "<entry page=""543"" id=""10413""><form id=""labting"" lang=""ceb"">labting</form>
<hom role=""v""><pos>v</pos>
<sense n=""0""> <itype>[A; b6(1)]</itype><trans> <tr>whip</tr> s.o. by flicking s.t. long and somewhat pliant at him. </trans>
<eg><i lang=""ceb"">Gilabtíngan nákù siyag tualya,</i><trans> I flicked her with my towel.
</trans></eg>
</sense></hom></entry>");
INSERT INTO `wced_head` (entryid, head, normalized_head, type, pos) VALUES (10413, "labting", "labting", "m", "v");
INSERT INTO `wced_translation` (entryid, translation) VALUES (10413, "whip");
INSERT INTO `wced_entry` VALUES (10414, "labtingaw, labtingaw", "543", "<entry page=""543"" id=""10414""><form id=""labtingaw_labtixngaw"" lang=""ceb"">labtingaw, labtíngaw</form>
<hom role=""a""><pos>a</pos>
<sense n=""0""><trans> moderately <tr>salted</tr> fish, not completely dried. </trans>
</sense></hom>
<hom role=""v""><pos>v</pos>
<sense n=""0""> <itype>[AB6; c1]</itype><trans> dry fish, but not completely, with a moderate amount of salt. </trans>
<eg><i lang=""ceb"">Milabtíngaw silag bulad ug daghang isdà pára sa húngus,</i><trans> They half dried a quantity of moderately salted fish for the work bee. </trans></eg>
<eg><i lang=""ceb"">Walà malabtíngaw (mulabtíngaw) ang buwad kay naulanan,</i><trans> The salted fish did not dry even part way because it got rained on.
</trans></eg>
</sense></hom></entry>");
INSERT INTO `wced_head` (entryid, head, normalized_head, type, pos) VALUES (10414, "labtingaw", "labtingaw", "s", "av");
INSERT INTO `wced_head` (entryid, head, normalized_head, type, pos) VALUES (10414, "labtíngaw", "labtingaw", "s", "av");
INSERT INTO `wced_translation` (entryid, translation) VALUES (10414, "salted");
INSERT INTO `wced_entry` VALUES (10415, "labu1", "543", "<entry page=""543"" id=""10415""><form id=""labu"" lang=""ceb"">labu<sub>1</sub></form>
<hom role=""a""><pos>a</pos>
<sense n=""1""><number>1</number><trans> for ripe fruit, cooked root crops, and squash to have a dry and consistent texture of meat without being soggy. </trans>
</sense>
<sense n=""2""><number>2</number><trans> for skin to be dry. </trans>
</sense></hom>
<hom role=""v""><pos>v</pos>
<sense n=""1""><number>1</number> <itype>[B2]</itype><trans> get to have a dry and consistent texture. </trans>
</sense>
<sense n=""2""><number>2</number> <itype>[B]</itype><trans> get dry skin. </trans>
<eg><i lang=""ceb"">Mulabu ang pánit sa síging kalígù,</i><trans> A person who always goes swimming will get dry skin.
</trans></eg>
</sense></hom></entry>");
INSERT INTO `wced_head` (entryid, head, normalized_head, type, pos) VALUES (10415, "labu", "labu", "s", "av");
INSERT INTO `wced_entry` VALUES (10416, "*labu2", "543", "<entry page=""543"" id=""10416""><form id=""xxlabu2"" lang=""ceb"">*labu<sub>2</sub></form>
<entry><form id=""kwartang_malabu"" lang=""ceb"">kwartang <abbr expan=""malabu"">ma-</abbr></form>
<hom>
<sense n=""0""><trans> sure, <tr>easy money</tr>. </trans>
<eg><i lang=""ceb"">Kwartang malabu ug maáyu kang ahinti, láway ray puhúnan,</i><trans> It’s sure money if you’re a good sales agent. All you need for capital is yourself (lit. your saliva).
</trans></eg>
</sense></hom></entry></entry>");
INSERT INTO `wced_head` (entryid, head, normalized_head, type, pos) VALUES (10416, "labu", "labu", "s", "");
INSERT INTO `wced_head` (entryid, head, normalized_head, type, pos) VALUES (10416, "kwartang malabu", "kwartang malabu", "s", "");
INSERT INTO `wced_translation` (entryid, translation) VALUES (10416, "easy money");
INSERT INTO `wced_entry` VALUES (10417, "labu1", "543", "<entry page=""543"" id=""10417""><form id=""laxbu"" lang=""ceb"">lábu<sub>1</sub></form>
<hom role=""v""><pos>v</pos>
<sense n=""1""><number>1</number> <itype>[B; c1]</itype><trans> <tr>sink deeply</tr>. </trans>
<eg><i lang=""ceb"">Milábu ang ayis pik sa dughan ni Kindi,</i><trans> The ice pick sank deep into Candy’s breast. </trans></eg>
<eg><i lang=""ceb"">Mu ra ka man ug bairan nga nalábu sa lápuk,</i><trans> You take forever to come back when I send you s.w. (Lit. You are like a whetstone thrown into the mud and fail to come up.) </trans></eg>
</sense>
<sense n=""2""><number>2</number> <itype>[A1; c6]</itype><trans> throw overboard. </trans>
<eg><i lang=""ceb"">Ang mga ismaglir naglábu sa ílang mga karga samtang gibugtaw sa taga kustum,</i><trans> The smugglers jettisoned their cargo when the customs men pursued them. </trans></eg>
</sense>
<sense n=""3""><number>3</number> <itype>[AP; b5]</itype><trans> go into a woman. </trans>
<eg><i lang=""ceb"">Kinsa na sad kahay mulábu (mupalábu) niánang bayhana karung gabíi?</i><trans> I wonder who will use that woman tonight. </trans></eg>
</sense>
<sense n=""4""><number>4</number> <itype>[B26; a1]</itype><trans> for <pb n=""544""/>garments to become loose-fitting and flapping. </trans>
<eg><i lang=""ceb"">Milábu (nalábu) ang íyang mga siní<pos>n</pos>à karung daut na siya,</i><trans> Her clothing has gotten loose now that she lost weight. </trans></eg>
</sense></hom>
<hom role=""n""><pos>n</pos>
<sense n=""0""><trans> depth of s.t. sunk in. </trans>
<eg><i lang=""ceb"">Usa giyud ka pulgáda ang lábu sa lansang sa íyang lapalapa,</i><trans> The nail sank <measure reg=""2.6 cm"">1″</measure> into the sole of his foot. </trans></eg>
</sense></hom>
<entry><form id=""palaxbu"" lang=""ceb""><abbr expan=""palábu"">pa-</abbr></form>
<hom role=""n""><pos>n</pos>
<sense n=""0""><trans> k.o. net fishing whereby the net is spread before the sun sets and hauled in some hours later, but before the sun rises. </trans>
</sense></hom>
<hom role=""v""><pos>v</pos>
<sense n=""0""> <itype>[A; c1]</itype><trans> go net fishing in this way.
</trans>
</sense></hom></entry></entry>");
INSERT INTO `wced_head` (entryid, head, normalized_head, type, pos) VALUES (10417, "lábu", "labu", "s", "vn");
INSERT INTO `wced_head` (entryid, head, normalized_head, type, pos) VALUES (10417, "palábu", "palabu", "s", "nv");
INSERT INTO `wced_translation` (entryid, translation) VALUES (10417, "sink deeply");
INSERT INTO `wced_entry` VALUES (10418, "labu2", "544", "<entry page=""544"" id=""10418""><form id=""laxbu2"" lang=""ceb"">lábu<sub>2</sub></form>
<hom role=""v""><pos>v</pos>
<sense n=""0""> <itype>[AN; ab2]</itype><trans> <tr>fool s.o. by flattery or lies</tr>. </trans>
<eg><i lang=""ceb"">Nalábu sa kandidátu ang mga pumipilì, nakadaug giyud,</i><trans> The voters were fooled by the candidate, so he won. </trans></eg>
</sense></hom>
<entry><form id=""laxbu_lixbaq_laxbu_kasuy"" lang=""ceb""><abbr expan=""lábu"">—</abbr> líbà, <abbr expan=""lábu"">—</abbr> kasuy</form>
<hom role=""n""><pos>n</pos>
<sense n=""0""><trans> s.t. said to fool s.o. </trans>
<eg><i lang=""ceb"">Lábu líbà (kasuy) lang ang mga pasálig sa tinuryu,</i><trans> The Don Juan’s promises are designed to deceive. </trans></eg>
</sense></hom></entry>
<entry><form id=""linabuxhan_pinanglabuxhan"" lang=""ceb"">linabúhan, pinanglabúhan</form>
<hom role=""n""><pos>n</pos>
<sense n=""0""><trans> s.t. gained by flattery or deceit. </trans>
</sense></hom></entry>
<entry><form id=""lumalaxbu"" lang=""ceb""><abbr expan=""lumalábu"">-um-r-</abbr></form>
<hom role=""a""><pos>a</pos>
<sense n=""0""><trans> <tr>flatterer</tr>, <tr>deceiver</tr>.
</trans>
</sense></hom></entry></entry>");
INSERT INTO `wced_head` (entryid, head, normalized_head, type, pos) VALUES (10418, "lábu", "labu", "s", "v");
INSERT INTO `wced_head` (entryid, head, normalized_head, type, pos) VALUES (10418, "lábu líbà", "labu liba", "s", "n");
INSERT INTO `wced_head` (entryid, head, normalized_head, type, pos) VALUES (10418, "lábu kasuy", "labu kasuy", "s", "n");
INSERT INTO `wced_head` (entryid, head, normalized_head, type, pos) VALUES (10418, "linabúhan", "linabuhan", "s", "n");
INSERT INTO `wced_head` (entryid, head, normalized_head, type, pos) VALUES (10418, "pinanglabúhan", "pinanglabuhan", "s", "n");
INSERT INTO `wced_head` (entryid, head, normalized_head, type, pos) VALUES (10418, "lumalábu", "lumalabu", "s", "a");
INSERT INTO `wced_translation` (entryid, translation) VALUES (10418, "fool s.o. by flattery or lies");
INSERT INTO `wced_translation` (entryid, translation) VALUES (10418, "flatterer");
INSERT INTO `wced_translation` (entryid, translation) VALUES (10418, "deceiver");
INSERT INTO `wced_entry` VALUES (10419, "labu3", "544", "<entry page=""544"" id=""10419""><form id=""laxbu3"" lang=""ceb"">lábu<sub>3</sub></form>
<hom role=""v""><pos>v</pos>
<sense n=""0""> <itype>[B46]</itype><trans> for fish to run in schools. </trans>
<eg><i lang=""ceb"">Mulábu ang mga isdà sa ímung tungud kun patungdan mug sugà,</i><trans> Fish gather in throngs beneath you if you beam a light down into the water. </trans></eg>
<eg><i lang=""ceb"">Ang paun nga íyang gisabúlak mauy nakalábu (nakapalábu) sa mga isdà,</i><trans> The bait that he sprinkled around in the water made the fish gather in schools. </trans></eg>
</sense></hom>
<hom role=""n""><pos>n</pos>
<sense n=""0""><trans> school of fish, throng of people.
</trans>
</sense></hom></entry>");
INSERT INTO `wced_head` (entryid, head, normalized_head, type, pos) VALUES (10419, "lábu", "labu", "s", "vn");
INSERT INTO `wced_entry` VALUES (10420, "labu", "544", "<entry page=""544"" id=""10420""><form id=""labuq"" lang=""ceb"">labù</form>
<hom>
<sense n=""0""><trans> <xr lang=""ceb"" target=""#labu"">= <sc>labu<sub>1</sub></sc>, <i lang=""ceb"">v2.</i></xr>
</trans>
</sense></hom></entry>");
INSERT INTO `wced_head` (entryid, head, normalized_head, type, pos) VALUES (10420, "labù", "labu", "m", "");
INSERT INTO `wced_entry` VALUES (10421, "labu1", "544", "<entry page=""544"" id=""10421""><form id=""laxbuq"" lang=""ceb"">lábù<sub>1</sub></form>
<hom role=""v""><pos>v</pos>
<sense n=""0""> <itype>[AB]</itype><trans> for vision to get <tr>blurred</tr>; cause it to do so. </trans>
<eg><i lang=""ceb"">Milábù ang íyang mga mata sa lúhà,</i><trans> Her vision was blurred with tears.
</trans></eg>
</sense></hom></entry>");
INSERT INTO `wced_head` (entryid, head, normalized_head, type, pos) VALUES (10421, "lábù", "labu", "s", "v");
INSERT INTO `wced_translation` (entryid, translation) VALUES (10421, "blurred");
INSERT INTO `wced_entry` VALUES (10422, "labu2", "544", "<entry page=""544"" id=""10422""><form id=""laxbuq2"" lang=""ceb"">lábù<sub>2</sub></form>
<hom role=""v""><pos>v</pos>
<sense n=""0""> <itype>[B2]</itype><trans> <tr>grow thick and lush</tr>. </trans>
<eg><i lang=""ceb"">Mulábù ang mga tanum kun hambúkan,</i><trans> Plants will grow thick and lush if you loosen the soil around the base. </trans></eg>
</sense></hom>
<hom role=""a""><pos>a</pos>
<sense n=""0""><trans> lush, thick in growth. </trans>
<eg><i lang=""ceb"">Lábù ug kílay,</i><trans> Thick eyebrows.
</trans></eg>
</sense></hom></entry>");
INSERT INTO `wced_head` (entryid, head, normalized_head, type, pos) VALUES (10422, "lábù", "labu", "s", "va");
INSERT INTO `wced_translation` (entryid, translation) VALUES (10422, "grow thick and lush");
INSERT INTO `wced_entry` VALUES (10423, "lab-u", "544", "<entry page=""544"" id=""10423""><form id=""lab-u"" lang=""ceb"">lab-u</form>
<hom>
<sense n=""0""><trans> <xr lang=""ceb"" target=""#labhuq"">= <sc>labhù</sc>.</xr>
</trans>
</sense></hom></entry>");
INSERT INTO `wced_head` (entryid, head, normalized_head, type, pos) VALUES (10423, "lab-u", "lab-u", "m", "");
INSERT INTO `wced_entry` VALUES (10424, "labud", "544", "<entry page=""544"" id=""10424""><form id=""labud"" lang=""ceb"">labud</form>
<hom role=""n""><pos>n</pos>
<sense n=""1""><number>1</number><trans> <tr>welt</tr>. </trans>
<eg><i lang=""ceb"">Dílà ra ang walay labud nímu,</i><trans> I’ll beat every inch of you. (Lit. only your tongue will escape welts.) </trans></eg>
</sense>
<sense n=""2""><number>2</number><trans> k.o. <corr sic=""milliped"">millipede</corr>, about <measure reg=""13 cm"">5″</measure> long and <measure reg=""2.5 cm"">an inch</measure> around, found in moist earth. The body is covered with a hard, black shell divided into thin segments which go around the body and overlap. It does not bite but secretes a clear yellow substance which burns the skin and may blind the eyes. </trans>
</sense>
<sense n=""3""><number>3</number><trans> lies designed to convince s.o. (slang). </trans>
<eg><i lang=""ceb"">Dì ku mutúu nímu kay labud nà,</i><trans> I don’t believe you, because that is nothing more than big talk. </trans></eg>
</sense></hom>
<hom role=""v""><pos>v</pos>
<sense n=""1""><number>1</number> <itype>[BN; b4N]</itype><trans> get welts on. </trans>
<eg><i lang=""ceb"">Nanglabud (gipalabdan) ang ákung bukubuku,</i><trans> My back has welts all over it. </trans></eg>
</sense>
<sense n=""2""><number>2</number> <itype>[a4]</itype><trans> infested with <corr sic=""millipeds"">millipedes</corr>. </trans>
<eg><i lang=""ceb"">Gilabud ang sílung sa ámung balay,</i><trans> The area under our house is full of millipeds. </trans></eg>
</sense>
<sense n=""3""><number>3</number> <itype>[A; a]</itype><trans> convince s.o. with lies (slang). </trans>
<eg><i lang=""ceb"">Nakalabud siya sa íyang asáwa nga pasurúyun,</i><trans> He told his wife some tall stories so she would let him go out.
</trans></eg>
</sense></hom></entry>");
INSERT INTO `wced_head` (entryid, head, normalized_head, type, pos) VALUES (10424, "labud", "labud", "m", "nv");
INSERT INTO `wced_translation` (entryid, translation) VALUES (10424, "welt");
INSERT INTO `wced_entry` VALUES (10425, "labug", "544", "<entry page=""544"" id=""10425""><form id=""labug"" lang=""ceb"">labug</form>
<hom role=""n""><pos>n</pos>
<sense n=""1""><number>1</number><trans> dish consisting of shredded boiled fish stewed in vinegar, coconut juice, and spices. </trans>
</sense>
<sense n=""2""><number>2</number><trans> dish consisting of shredded broiled fish mixed with pickled fish. </trans>
</sense></hom>
<hom role=""v""><pos>v</pos>
<sense n=""0""> <itype>[A; ac1]</itype><trans> fix <ix>labug</ix>. </trans>
<eg><i lang=""ceb"">Labugun lang ni nátung pági,</i><trans> Let’s cook this rayfish in vinegar and coconut juice. </trans></eg>
</sense></hom>
<entry><form id=""linabug"" lang=""ceb""><abbr expan=""linabug"">-in-</abbr></form>
<hom>
<sense n=""0""><trans> <xr lang=""ceb"" target=""#labug"">= <sc>labug</sc>.</xr>
</trans>
</sense></hom></entry></entry>");
INSERT INTO `wced_head` (entryid, head, normalized_head, type, pos) VALUES (10425, "labug", "labug", "m", "nv");
INSERT INTO `wced_head` (entryid, head, normalized_head, type, pos) VALUES (10425, "linabug", "linabug", "s", "");
INSERT INTO `wced_entry` VALUES (10426, "labug", "544", "<entry page=""544"" id=""10426""><form id=""laxbug"" lang=""ceb"">lábug</form>
<hom role=""v""><pos>v</pos>
<sense n=""1""><number>1</number> <itype>[A; c]</itype><trans> throw out. </trans>
<eg><i lang=""ceb"">Dílì ku mulábug ug butang hangtud dílì madúnut,</i><trans> I don’t throw things away until they are rotten. </trans></eg>
<eg><i lang=""ceb"">Sábà dinhà, ikaw unyà ang ákung ilábug,</i><trans> Keep quiet, or I will throw you out. </trans></eg>
<eg><i lang=""ceb"">Nahilábug (nalábug) ku paglíkù ug kalit sa trák,</i><trans> I was thrown a distance when the bus made an abrupt curve. </trans></eg>
</sense>
<sense n=""2""><number>2</number> <itype>[A3P; c]</itype><trans> assign s.o. to a far away place. </trans>
<eg><i lang=""ceb"">Ang kuntra níyang supirbisur mauy milábug níya ngadtu sa búkid,</i><trans> The supervisor that had a grudge against him assigned him to teach in the mountains. </trans></eg>
</sense></hom>
<hom role=""n""><pos>n</pos>
<sense n=""0""><trans> distance to which s.t. is thrown.
</trans>
</sense></hom></entry>");
INSERT INTO `wced_head` (entryid, head, normalized_head, type, pos) VALUES (10426, "lábug", "labug", "m", "vn");
INSERT INTO `wced_entry` VALUES (10427, "labuk", "544", "<entry page=""544"" id=""10427""><form id=""labuk"" lang=""ceb"">labuk</form>
<hom role=""v""><pos>v</pos>
<sense n=""1""><number>1</number> <itype>[A; b]</itype><trans> for a chicken to attack.</trans>
<eg><i lang=""ceb""> Milabuk ang himungáan dihang gihilabtan ang pisù,</i><trans> The hen charged when s.o. messed with her chicks. </trans></eg>
</sense>
<sense n=""1a""><number>1a</number><trans> charge into a fray like a chicken. </trans>
<eg><i lang=""ceb"">Gilabukan níya ang íyang kuntra sa dihang gimiramiráhan siya,</i><trans> She lunged at her enemy when he waved his finger at her. </trans></eg>
</sense>
<sense n=""1b""><number>1b</number> <itype>[CP; acP]</itype><trans> have cocks fight each other for practice. </trans>
<eg><i lang=""ceb"">Nakiglábuk (nakigpalábuk) si Talyu sa íyang tiksas sa halsi sa íyang silíngan,</i><trans> Talyo had his Texas cock have a practice fight with his neighbor’s Hulsey. </trans></eg>
</sense>
<sense n=""1c""><number>1c</number> <itype>[A]</itype><trans> come in a gust. </trans>
<eg><i lang=""ceb"">Milabuk ang hángin ug unyà mikalma dáyun,</i><trans> The wind gusted and then calmed down. </trans></eg>
<eg><i lang=""ceb"">Katáhap nga milabuk sa íyang pangísip,</i><trans> A suspicion that suddenly arose in his mind. </trans></eg>
</sense>
<sense n=""2""><number>2</number> <itype>[A]</itype><trans> go after what one wants. </trans>
<eg><i lang=""ceb"">Ingun ka báyut siya. Mulabuk sad nà ug makalugar,</i><trans> You said he was a sissy, but I assure you he won’t sit on his hands if he gets half a chance. </trans></eg>
</sense>
<sense n=""2a""><number>2a</number> <form id=""labuk_sa_hixlum"" lang=""ceb""><abbr expan=""labuk"">—</abbr> sa hílum</form><trans> go after what one wants without letting on to others. </trans>
<eg><i lang=""ceb"">Milabuk siya sa hílum ug nakaunag hangyù,</i><trans> He moved in without letting others notice it, and he was the first one to ask. </trans></eg>
</sense></hom>
<hom role=""n""><pos>n</pos>
<sense n=""0""><trans> way of attacking. </trans>
</sense></hom>
<entry><form id=""hixlum_sikrixtu_ug_labuk"" lang=""ceb"">hílum, sikrítu ug <abbr expan=""labuk"">—</abbr></form>
<hom>
<sense n=""0""><trans> doing things on the sly (secretly). </trans>
<eg><i lang=""ceb"">Pahilumhílum nang tawhána, apan sikrítug labuk,</i><trans> That man pretends to be quiet, but actually he is doing things on the sly. </trans></eg>
</sense></hom></entry>
<entry><form id=""laxbuk"" lang=""ceb""><abbr expan=""lábuk"">(←)</abbr></form>
<hom role=""n""><pos>n</pos>
<sense n=""0""><trans> action of clashing with one another. </trans>
</sense></hom></entry>
<entry><form id=""labuklaxbuk"" lang=""ceb"">labuklábuk</form>
<hom role=""v""><pos>v</pos>
<sense n=""0""> <itype>[A; b]</itype><trans> do s.t. intermittently. </trans>
<eg><i lang=""ceb"">Ígù lang siyang mulabuklábuk sa trabáhu <pb n=""545""/>kay may láin siyang lingaw,</i><trans> He just appears at work from time to time because he has other diversions.
</trans></eg>
</sense></hom></entry></entry>");
INSERT INTO `wced_head` (entryid, head, normalized_head, type, pos) VALUES (10427, "labuk", "labuk", "m", "vn");
INSERT INTO `wced_head` (entryid, head, normalized_head, type, pos) VALUES (10427, "labuk sa hílum", "labuk sa hilum", "s", "");
INSERT INTO `wced_head` (entryid, head, normalized_head, type, pos) VALUES (10427, "hílum", "hilum", "s", "");
INSERT INTO `wced_head` (entryid, head, normalized_head, type, pos) VALUES (10427, "sikrítu ug labuk", "sikritu ug labuk", "s", "");
INSERT INTO `wced_head` (entryid, head, normalized_head, type, pos) VALUES (10427, "lábuk", "labuk", "s", "n");
INSERT INTO `wced_head` (entryid, head, normalized_head, type, pos) VALUES (10427, "labuklábuk", "labuklabuk", "s", "v");
INSERT INTO `wced_entry` VALUES (10428, "lab-uk", "545", "<entry page=""545"" id=""10428""><form id=""lab-uk"" lang=""ceb"">lab-uk</form>
<hom role=""v""><pos>v</pos>
<sense n=""0""> <itype>[AN; b3]</itype><trans> </trans>
</sense>
<sense n=""1""><number>1</number><trans> swallow one’s saliva. </trans>
<eg><i lang=""ceb"">Nagpanlab-uk siya sa láway sa kaíbug,</i><trans> He swallowed his spittle in his great desire. </trans></eg>
</sense>
<sense n=""2""><number>2</number><trans> <xr lang=""ceb"" target=""#lad-uk"">= <sc>lad-uk</sc>.</xr> </trans>
</sense></hom>
<hom role=""n""><pos>n</pos>
<sense n=""1""><number>1</number><trans> action of swallowing the saliva. </trans>
</sense>
<sense n=""2""><number>2</number><trans> <xr lang=""ceb"" target=""#lad-uk"">= <sc>lad-uk</sc>.</xr>
</trans>
</sense></hom></entry>");
INSERT INTO `wced_head` (entryid, head, normalized_head, type, pos) VALUES (10428, "lab-uk", "lab-uk", "m", "vn");
INSERT INTO `wced_entry` VALUES (10429, "labulabu", "545", "<entry page=""545"" id=""10429""><form id=""labulaxbu"" lang=""ceb"">labulábu</form>
<hom role=""v""><pos>v</pos>
<sense n=""0""> <itype>[AC; ab25]</itype><trans> do s.t. with intensity and unrestrainedly. </trans>
<eg><i lang=""ceb"">Ug mulabulábu ug trabáhu wà man gihápuy ingkris,</i><trans> If I work very hard, I still won’t get a raise. </trans></eg>
<eg><i lang=""ceb"">Naglabulábu ang káun sa inyu,</i><trans> They were eating in great quantities and without restraint at your house. </trans></eg>
<eg><i lang=""ceb"">Hinglabulabúhan lagig hawuk, padilìdílì bítaw,</i><trans> She was subjected to intense and rough kissing. That’s what she gets for pretending not to want to.
</trans></eg>
</sense></hom></entry>");
INSERT INTO `wced_head` (entryid, head, normalized_head, type, pos) VALUES (10429, "labulábu", "labulabu", "m", "v");
INSERT INTO `wced_entry` VALUES (10430, "labun, labun", "545", "<entry page=""545"" id=""10430""><form id=""labun_laxbun"" lang=""ceb"">labun, lábun</form>
<hom>
<sense n=""1""><number>1</number><trans> when in fact, actually.</trans>
<eg><i lang=""ceb""> Gwápa kaáyu, labun hugawan diay,</i><trans> She is beautiful, but actually she has dirty habits. </trans></eg>
</sense>
<sense n=""2""><number>2</number> <form id=""labun_kay"" lang=""ceb""><abbr expan=""labun"">—</abbr> kay</form><trans> anyway, [so-and-so] is OK. In any case ... </trans>
<eg><i lang=""ceb"">Musugut sad kug dílì ta mangadtu, labun kay daghan ku ug trabáhu,</i><trans> It would be all right with me if we don’t go there. Anyway, I have lots of work to do. </trans></eg>
</sense>
<sense n=""3""><number>3</number><trans> while, to take advantage of a situation. </trans>
<eg><i lang=""ceb"">Manan-aw tag sini labun daghan pa kug kwarta,</i><trans> Let’s go see a movie while I still have lots of money. </trans></eg>
</sense></hom>
<entry><form id=""labun"" lang=""ceb""><abbr expan=""labun"">(→)</abbr></form>
<hom role=""v""><pos>v</pos>
<sense n=""0""> <itype>[B46]</itype><trans> be more prevalent. </trans>
<eg><i lang=""ceb"">Maglabun ang sulti kay sa búhat,</i><trans> There is more talk than action. </trans></eg>
</sense></hom></entry>
<entry><form id=""labuxnay_silabun-_silaxbun"" lang=""ceb""><abbr expan=""labúnay"">-ay(←)</abbr>, <abbr expan=""silabun"">si</abbr>-, <abbr expan=""silábun"">si-(←)</abbr></form>
<hom>
<sense n=""0""><trans> <xr lang=""ceb"" target=""#labun"">= <sc>labun</sc>, <i lang=""ceb"">1.</i></xr> </trans>
</sense></hom></entry>
<entry><form id=""palabun"" lang=""ceb""><abbr expan=""palabun"">pa-</abbr></form>
<hom role=""v""><pos>v</pos>
<sense n=""0""> <itype>[A; ac]</itype><trans> be partial, have preference for. </trans>
<eg><i lang=""ceb"">Nagpalabun si Albin sa pagkatúlug kay sa pagsuruysúruy,</i><trans> Alvin would rather sleep than go around. </trans></eg>
<eg><i lang=""ceb"">Palabunun kung mag-inusára kay sa magminyù nga maglisudlisud,</i><trans> I’d rather be alone than marry and be financially hard up. </trans></eg>
<eg><i lang=""ceb"">Ákù ning ipalabun ang dakung páhat sa tigúlang,</i><trans> I’ll give the old woman the bigger share.
</trans></eg>
</sense></hom></entry></entry>");
INSERT INTO `wced_head` (entryid, head, normalized_head, type, pos) VALUES (10430, "labun", "labun", "s", "");
INSERT INTO `wced_head` (entryid, head, normalized_head, type, pos) VALUES (10430, "lábun", "labun", "s", "");
INSERT INTO `wced_head` (entryid, head, normalized_head, type, pos) VALUES (10430, "labun kay", "labun kay", "s", "");
INSERT INTO `wced_head` (entryid, head, normalized_head, type, pos) VALUES (10430, "labúnay", "labunay", "s", "");
INSERT INTO `wced_head` (entryid, head, normalized_head, type, pos) VALUES (10430, "silabun-", "silabun-", "s", "");
INSERT INTO `wced_head` (entryid, head, normalized_head, type, pos) VALUES (10430, "silábun", "silabun", "s", "");
INSERT INTO `wced_head` (entryid, head, normalized_head, type, pos) VALUES (10430, "palabun", "palabun", "s", "v");
INSERT INTO `wced_entry` VALUES (10431, "labung1", "545", "<entry page=""545"" id=""10431""><form id=""labung"" lang=""ceb"">labung<sub>1</sub></form>
<hom>
<sense n=""0""><trans> <xr lang=""ceb"" target=""#dabung"">= <sc>dabung</sc>.</xr>
</trans>
</sense></hom></entry>");
INSERT INTO `wced_head` (entryid, head, normalized_head, type, pos) VALUES (10431, "labung", "labung", "s", "");
INSERT INTO `wced_entry` VALUES (10432, "labung2, labung", "545", "<entry page=""545"" id=""10432""><form id=""labung2_laxbung"" lang=""ceb"">labung<sub>2</sub>, lábung</form>
<hom role=""a""><pos>a</pos>
<sense n=""1""><number>1</number><trans> abundant and long of growth. </trans>
<eg><i lang=""ceb"">Labung (lábung) ang buhuk sa ákung anak,</i><trans> My child has thick, lush hair. </trans></eg>
<eg><i lang=""ceb"">Lábung ang kúgun,</i><trans> The saw grass is growing tall and thick. </trans></eg>
</sense>
<sense n=""2""><number>2</number><trans> exaggerating for the sake of bragging. </trans>
<eg><i lang=""ceb"">Labung ug sinultihan, Boastful in his speech.</i></eg>
</sense></hom>
<hom role=""v""><pos>v</pos>
<sense n=""1""><number>1</number> <itype>[B]</itype><trans> growing abundantly. </trans>
<eg><i lang=""ceb"">Milabung ang mga sagbut pag-ulan,</i><trans> The weeds and grasses became thick and lush when it rained. </trans></eg>
</sense>
<sense n=""2""><number>2</number> <itype>[B; c1]</itype><trans> become boastful. </trans>
<eg><i lang=""ceb"">Gilábung níya ang íyang sinultihan arun pagpatúu nga dakù siyang asyindíru,</i><trans> He spoke in a bragging way to make people believe he was a big plantation owner.
</trans></eg>
</sense></hom></entry>");
INSERT INTO `wced_head` (entryid, head, normalized_head, type, pos) VALUES (10432, "labung", "labung", "s", "av");
INSERT INTO `wced_head` (entryid, head, normalized_head, type, pos) VALUES (10432, "lábung", "labung", "s", "av");
INSERT INTO `wced_entry` VALUES (10433, "labur", "545", "<entry page=""545"" id=""10433""><form id=""labur"" lang=""ceb"">labur</form>
<hom role=""n""><pos>n</pos>
<sense n=""0""><trans> embroidery. </trans>
</sense></hom>
<hom role=""v""><pos>v</pos>
<sense n=""0""> <itype>[AN; b6(1)]</itype><trans> embroider. </trans>
<eg><i lang=""ceb"">Mga madring Bilgas ang naglabur sa mga bílung pinya,</i><trans> The Belgian sisters embroidered the pineapple fiber veils. </trans></eg>
<eg><i lang=""ceb"">Ákung gilaburan ang tanang panyù nga ákung gipangrigálu,</i><trans> I embroidered all the handkerchiefs I gave out as gifts.
</trans></eg>
</sense></hom></entry>");
INSERT INTO `wced_head` (entryid, head, normalized_head, type, pos) VALUES (10433, "labur", "labur", "m", "nv");
INSERT INTO `wced_entry` VALUES (10434, "laburaturyu", "545", "<entry page=""545"" id=""10434""><form id=""laburaturyu"" lang=""ceb"">laburaturyu</form>
<hom role=""n""><pos>n</pos>
<sense n=""0""><trans> <tr>laboratory</tr>.
</trans>
</sense></hom></entry>");
INSERT INTO `wced_head` (entryid, head, normalized_head, type, pos) VALUES (10434, "laburaturyu", "laburaturyu", "m", "n");
INSERT INTO `wced_translation` (entryid, translation) VALUES (10434, "laboratory");
INSERT INTO `wced_entry` VALUES (10435, "labut", "545", "<entry page=""545"" id=""10435""><form id=""labut"" lang=""ceb"">labut</form>
<hom role=""n""><pos>n</pos>
<sense n=""0""><trans> <xr lang=""ceb"" target=""#lubut"">= <sc>lubut</sc></xr> (dialectal).
</trans>
</sense></hom></entry>");
INSERT INTO `wced_head` (entryid, head, normalized_head, type, pos) VALUES (10435, "labut", "labut", "m", "n");
INSERT INTO `wced_entry` VALUES (10436, "labut", "545", "<entry page=""545"" id=""10436""><form id=""laxbut"" lang=""ceb"">lábut</form>
<hom role=""n""><pos>n</pos>
<sense n=""1""><number>1</number><trans> <tr>concern</tr>, <tr>connection</tr>, part of. </trans>
<eg><i lang=""ceb"">Wà kay lábut sa ámung gipanagsultíhan,</i><trans> What we are talking about is no concern of yours. </trans></eg>
<eg><i lang=""ceb"">Wà kuy lábut sa nahitabù,</i><trans> I have nothing to do with what happened. </trans></eg>
</sense>
<sense n=""2""><number>2</number><trans> <tr>including</tr>. </trans>
<eg><i lang=""ceb"">Lábut ba ning baskit sa prisyu sa prútas?</i><trans> Is the basket included in the price of the fruits? </trans></eg>
<eg><i lang=""ceb"">Lábut ka sa íyang kasukù,</i><trans> You’re included in his anger. </trans></eg>
</sense>
<sense n=""3""><number>3</number> <form id=""laxbut_pa"" lang=""ceb""><abbr expan=""lábut"">—</abbr> pa</form><trans> <tr>besides</tr> that. </trans>
<eg><i lang=""ceb"">Tagáan siyag primyu. Lábut pa maasáwa níya ang prinsísa,</i><trans> He will be given a reward, and besides he can marry the princess. </trans></eg>
</sense></hom>
<hom role=""v""><pos>v</pos>
<sense n=""1""><number>1</number> <itype>[AN23; c1]</itype><trans> concern oneself with s.t., be included in the responsibility for s.t. </trans>
<eg><i lang=""ceb"">Dì lang ku mulábut (manlábut) ánà kay mu ra mag siyay sad-an,</i><trans> I won’t mix into that affair because he’s apparently guilty. </trans></eg>
<eg><i lang=""ceb"">Ayawg ilábut ang inahan nákù sa áway,</i><trans> Don’t drag my mother into the quarrel. </trans></eg>
</sense></hom>
<entry><form id=""labut"" lang=""ceb""><abbr expan=""labut"">(→)</abbr></form>
<hom role=""v""><pos>v</pos>
<sense n=""0""><trans> <xr lang=""ceb"" target=""#hilabut"">= <sc>hilabut</sc>.</xr> </trans>
</sense></hom></entry>
<entry><form id=""hilabut"" lang=""ceb""><abbr expan=""hilabut"">hi-(→)</abbr></form>
<hom role=""v""><pos>v</pos>
<sense n=""0""> <itype>[AN; a]</itype><trans> </trans>
</sense>
<sense n=""1""><number>1</number><trans> <tr>touch</tr>, <tr>meddle</tr> with s.t. or s.o., cause trouble or bother. </trans>
<eg><i lang=""ceb"">Ang muhilabut niíning ákung butang mapawù gayud,</i><trans> Whoever touches my things will get a whipping. </trans></eg>
<eg><i lang=""ceb"">Hilabtan gánì nang ákung manghud,</i><trans> If you dare meddle with my little sister,... </trans></eg>
</sense>
<sense n=""2""><number>2</number><trans> steal. </trans>
<eg><i lang=""ceb"">Hipúsa ang ímung aláhas, hilabtan unyà,</i><trans> Put your jewels in a safe place. They might be stolen. </trans></eg>
</sense>
<sense n=""3""><number>3</number><trans> have <tr>sexual intercourse</tr> (euphemism). </trans>
<eg><i lang=""ceb"">Wà siya muhilabut (manghilabut) sa íyang asáwa kay nagdaut pa man kini,</i><trans> He did not have sexual intercourse with his wife because she was still sick. </trans></eg>
</sense>
<sense n=""4""><number>4</number><trans> harm. </trans>
<eg><i lang=""ceb"">Dílì na makahilabut nátù ang úngù kay dúna man tay panagang,</i><trans> That vampire can’t harm us because we have a charm. </trans></eg>
</sense></hom></entry>
<entry><form id=""hilabtaxnun"" lang=""ceb"">hilabtánun</form>
<hom role=""a""><pos>a</pos>
<sense n=""1""><number>1</number><trans> <tr>meddlesome</tr>, given to stealing. </trans>
</sense>
<sense n=""2""><number>2</number><trans> tending to molest women. </trans>
<eg><i lang=""ceb"">Sus, pagbantay giyud mu ánang lakíha, hilabtánun ra ba nag babáyi,</i><trans> My! Better be careful. That man is known to be dangerous to women. </trans></eg>
</sense></hom></entry>
<entry><form id=""labutlabut"" lang=""ceb"">labutlabut</form>
<hom role=""v""><pos>v</pos>
<sense n=""1""><number>1</number> <itype>[B1256]</itype><trans> become meddlesome. </trans>
<eg><i lang=""ceb"">Ayawg labutlabut sa ámung áway,</i><trans> Don’t meddle in our quarrel. </trans></eg>
</sense>
<sense n=""2""><number>2</number> <itype>[c]</itype><trans> include s.t. which shouldn’t be included. </trans>
<eg><i lang=""ceb"">Ayawg ilabutlabut sa átung lális ang way lábut,</i><trans> Don’t include irrelevant matters in our argument. </trans></eg>
</sense></hom></entry>
<entry><form id=""pangilaxbut_panggilaxbut_panginlaxbut_panghilaxbut"" lang=""ceb""><abbr expan=""pangilábut"">pangi-</abbr>, <abbr expan=""panggilábut"">panggi-</abbr>, <abbr expan=""panginlábut"">pangin-</abbr>, <abbr expan=""panghilábut"">panghi-</abbr></form>
<hom role=""v""><pos>v</pos>
<sense n=""0""> <itype>[A; b(1)]</itype><trans> meddle in with s.t., make s.t. one’s business. </trans>
<eg><i lang=""ceb"">Ngánung manggilábut ku sa inyung prublíma?</i><trans> Why should I mix in with your problems? </trans></eg>
<eg><i lang=""ceb"">Ngánung panggilabútan <pb n=""546""/>pa níya ang ákung kaminyúun?</i><trans> Why is he meddling into my wedding plans? </trans></eg>
</sense></hom></entry>
<entry><form id=""iglaxbut_dixliq_iglaxbut"" lang=""ceb""><abbr expan=""iglábut"">ig-</abbr>, dílì <abbr expan=""iglábut"">ig-</abbr></form>
<hom>
<sense n=""0""><trans> not related. </trans>
<eg><i lang=""ceb"">Makapangasáwa ka níya, kay dílì mu siya iglábut,</i><trans> You can marry her because she is unrelated to you. </trans></eg>
</sense></hom></entry>
<entry><form id=""kalabuxtan"" lang=""ceb""><abbr expan=""kalabútan"">ka-an</abbr></form>
<hom role=""n""><pos>n</pos>
<sense n=""0""><trans> involvement, responsibility. </trans>
<eg><i lang=""ceb"">Ang taksi draybir may kalabútan sa káwat,</i><trans> The taxi driver had s.t. to do with the robbery.
</trans></eg>
</sense></hom></entry></entry>");
INSERT INTO `wced_head` (entryid, head, normalized_head, type, pos) VALUES (10436, "lábut", "labut", "m", "nv");
INSERT INTO `wced_head` (entryid, head, normalized_head, type, pos) VALUES (10436, "lábut pa", "labut pa", "s", "");
INSERT INTO `wced_head` (entryid, head, normalized_head, type, pos) VALUES (10436, "labut", "labut", "s", "v");
INSERT INTO `wced_head` (entryid, head, normalized_head, type, pos) VALUES (10436, "hilabut", "hilabut", "s", "v");
INSERT INTO `wced_head` (entryid, head, normalized_head, type, pos) VALUES (10436, "hilabtánun", "hilabtanun", "s", "a");
INSERT INTO `wced_head` (entryid, head, normalized_head, type, pos) VALUES (10436, "labutlabut", "labutlabut", "s", "v");
INSERT INTO `wced_head` (entryid, head, normalized_head, type, pos) VALUES (10436, "pangilábut", "pangilabut", "s", "v");
INSERT INTO `wced_head` (entryid, head, normalized_head, type, pos) VALUES (10436, "panggilábut", "panggilabut", "s", "v");
INSERT INTO `wced_head` (entryid, head, normalized_head, type, pos) VALUES (10436, "panginlábut", "panginlabut", "s", "v");
INSERT INTO `wced_head` (entryid, head, normalized_head, type, pos) VALUES (10436, "panghilábut", "panghilabut", "s", "v");
INSERT INTO `wced_head` (entryid, head, normalized_head, type, pos) VALUES (10436, "iglábut", "iglabut", "s", "");
INSERT INTO `wced_head` (entryid, head, normalized_head, type, pos) VALUES (10436, "dílì iglábut", "dili iglabut", "s", "");
INSERT INTO `wced_head` (entryid, head, normalized_head, type, pos) VALUES (10436, "kalabútan", "kalabutan", "s", "n");
INSERT INTO `wced_translation` (entryid, translation) VALUES (10436, "concern");
INSERT INTO `wced_translation` (entryid, translation) VALUES (10436, "connection");
INSERT INTO `wced_translation` (entryid, translation) VALUES (10436, "including");
INSERT INTO `wced_translation` (entryid, translation) VALUES (10436, "besides");
INSERT INTO `wced_translation` (entryid, translation) VALUES (10436, "touch");
INSERT INTO `wced_translation` (entryid, translation) VALUES (10436, "meddle");
INSERT INTO `wced_translation` (entryid, translation) VALUES (10436, "sexual intercourse");
INSERT INTO `wced_translation` (entryid, translation) VALUES (10436, "meddlesome");
INSERT INTO `wced_entry` VALUES (10437, "*labuy", "546", "<entry page=""546"" id=""10437""><form id=""xxlabuy"" lang=""ceb"">*labuy</form>
<entry><form id=""palabuy"" lang=""ceb""><abbr expan=""palabuy"">pa-</abbr></form>
<hom role=""v""><pos>v</pos>
<sense n=""0""> <itype>[A; c1]</itype><trans> <tr>ignore s.t. said against one’s own person</tr>. </trans>
<eg><i lang=""ceb"">Maldíta kaáyu nang bayhána, dì giyud nà mupalabay ug sulti, suklían giyud,</i><trans> That woman is ill-natured. She never lets a word pass without answering back. </trans></eg>
<eg><i lang=""ceb"">Ipalabuy (palabuya) lang ang mga huhungíhung nga way katinúan,</i><trans> Just ignore groundless rumors. </trans></eg>
</sense></hom></entry>
<entry><form id=""palabuylaxbuy"" lang=""ceb"">palabuylábuy</form>
<hom role=""v""><pos>v</pos>
<sense n=""0""> <itype>[A; b(1)]</itype><trans> give hints. </trans>
<eg><i lang=""ceb"">Palabuylabúyi ug sulti si Máma arun makasabut nga nagkinahanglan tag kwarta,</i><trans> Give Mama some hints so she will understand that we need money.
</trans></eg>
</sense></hom></entry></entry>");
INSERT INTO `wced_head` (entryid, head, normalized_head, type, pos) VALUES (10437, "labuy", "labuy", "s", "");
INSERT INTO `wced_head` (entryid, head, normalized_head, type, pos) VALUES (10437, "palabuy", "palabuy", "s", "v");
INSERT INTO `wced_head` (entryid, head, normalized_head, type, pos) VALUES (10437, "palabuylábuy", "palabuylabuy", "s", "v");
INSERT INTO `wced_translation` (entryid, translation) VALUES (10437, "ignore s.t. said against one’s own person");
INSERT INTO `wced_entry` VALUES (10438, "labuyu", "546", "<entry page=""546"" id=""10438""><form id=""labuxyuq"" lang=""ceb"">labúyù</form>
<hom role=""n""><pos>n</pos>
<sense n=""1""><number>1</number><trans> <tr>adolescent rooster</tr>. </trans>
</sense>
<sense n=""2""><number>2</number><trans> wild chicken, male or female, characterized by its smallness as compared with the domestic ones. </trans>
</sense></hom>
<entry><form id=""labuyuxun"" lang=""ceb""><abbr expan=""labuyúun"">-un</abbr></form>
<hom role=""a""><pos>a</pos>
<sense n=""0""><trans> having the characteristics of a wild chicken.
</trans>
</sense></hom></entry></entry>");
INSERT INTO `wced_head` (entryid, head, normalized_head, type, pos) VALUES (10438, "labúyù", "labuyu", "m", "n");
INSERT INTO `wced_head` (entryid, head, normalized_head, type, pos) VALUES (10438, "labuyúun", "labuyuun", "s", "a");
INSERT INTO `wced_translation` (entryid, translation) VALUES (10438, "adolescent rooster");
INSERT INTO `wced_entry` VALUES (10439, "labyug", "546", "<entry page=""546"" id=""10439""><form id=""labyug"" lang=""ceb"">labyug</form>
<hom role=""v""><pos>v</pos>
<sense n=""1""><number>1</number> <itype>[AB46; c]</itype><trans> <tr>swing</tr> vigorously with a sweeping arc. </trans>
<eg><i lang=""ceb"">Grabíha sad nímung nakalabyug sa dúyan,</i><trans> My, how vigorously you swing the hammock. </trans></eg>
<eg><i lang=""ceb"">Milabyug ang bágun nga gikumbitáyan ni Tarsan,</i><trans> The vine that Tarzan rode swung with sweeping arc. </trans></eg>
<eg><i lang=""ceb"">Ilabyug ang písì úsà ilábay,</i><trans> Swing the rope vigorously before you throw it. </trans></eg>
</sense>
<sense n=""2""><number>2</number> <itype>[A13]</itype><trans> wear a loose style of trousers. </trans>
</sense></hom>
<hom role=""n""><pos>n</pos>
<sense n=""1""><number>1</number><trans> swinging motion with a sweeping arc. </trans>
</sense>
<sense n=""2""><number>2</number><trans> style of loose-fitting trousers. </trans>
</sense></hom>
<entry><form id=""panglabyug"" lang=""ceb""><abbr expan=""panglabyug"">paN-</abbr></form>
<hom role=""v""><pos>v</pos>
<sense n=""0""> <itype>[A13; a]</itype><trans> go fishing with a line. </trans>
<eg><i lang=""ceb"">Ang katambak panlabyúgun,</i><trans> Porgies are caught by casting a line. </trans></eg>
</sense></hom></entry>
<entry><form id=""pinalabyug"" lang=""ceb""><abbr expan=""pinalabyug"">pina-</abbr></form>
<hom role=""n""><pos>n</pos>
<sense n=""0""><trans> <xr lang=""ceb"" target=""#labyug"">= <sc>labyug</sc>, <i lang=""ceb"">n2.</i></xr>
</trans>
</sense></hom></entry></entry>");
INSERT INTO `wced_head` (entryid, head, normalized_head, type, pos) VALUES (10439, "labyug", "labyug", "m", "vn");
INSERT INTO `wced_head` (entryid, head, normalized_head, type, pos) VALUES (10439, "panglabyug", "panglabyug", "s", "v");
INSERT INTO `wced_head` (entryid, head, normalized_head, type, pos) VALUES (10439, "pinalabyug", "pinalabyug", "s", "n");
INSERT INTO `wced_translation` (entryid, translation) VALUES (10439, "swing");
INSERT INTO `wced_entry` VALUES (10440, "lad-an", "546", "<entry page=""546"" id=""10440""><form id=""lad-an"" lang=""ceb"">lad-an</form>
<hom>
<sense n=""0""><trans> <ix>see</ix> <xr lang=""ceb"" target=""#laxla""><sc>lála</sc>.</xr>
</trans>
</sense></hom></entry>");
INSERT INTO `wced_head` (entryid, head, normalized_head, type, pos) VALUES (10440, "lad-an", "lad-an", "m", "");
INSERT INTO `wced_entry` VALUES (10441, "lad-ang", "546", "<entry page=""546"" id=""10441""><form id=""lad-ang"" lang=""ceb"">lad-ang</form>
<hom role=""a""><pos>a</pos>
<sense n=""1""><number>1</number><trans> water having a slightly salty taste. </trans>
<eg><i lang=""ceb"">Lad-ang ang túbig sa atábay nga duul sa dágat,</i><trans> Water from a well near the sea tends to taste a bit salty. </trans></eg>
</sense>
<sense n=""1a""><number>1a</number><trans> for drinking water or soup to have a flat taste. </trans>
</sense>
<sense n=""2""><number>2</number><trans> responding with no enthusiasm, coldly. </trans>
<eg><i lang=""ceb"">Lad-ang ang íyang tinagdan kanákù,</i><trans> She gave me a cool reception. </trans></eg>
</sense></hom>
<hom role=""v""><pos>v</pos>
<sense n=""1""><number>1</number> <itype>[B; a6]</itype><trans> get, be flat or salty tasting. </trans>
<eg><i lang=""ceb"">Mulad-ang (malad-ang) ang túbig human pabukála,</i><trans> Water tastes flat after it is boiled. </trans></eg>
</sense>
<sense n=""2""><number>2</number> <itype>[B; a12]</itype><trans> be cool in one’s dealings with s.o.
</trans>
</sense></hom></entry>");
INSERT INTO `wced_head` (entryid, head, normalized_head, type, pos) VALUES (10441, "lad-ang", "lad-ang", "m", "av");
INSERT INTO `wced_entry` VALUES (10442, "ladila", "546", "<entry page=""546"" id=""10442""><form id=""ladixla"" lang=""ceb"">ladíla</form>
<hom role=""n""><pos>n</pos>
<sense n=""0""><trans> <tr>trowel</tr> for plastering or smoothing out cement. </trans>
</sense></hom>
<hom role=""v""><pos>v</pos>
<sense n=""0""> <itype>[A; b5]</itype><trans> use a trowel on s.t.
</trans>
</sense></hom></entry>");
INSERT INTO `wced_head` (entryid, head, normalized_head, type, pos) VALUES (10442, "ladíla", "ladila", "m", "nv");
INSERT INTO `wced_translation` (entryid, translation) VALUES (10442, "trowel");
INSERT INTO `wced_entry` VALUES (10443, "ladlad", "546", "<entry page=""546"" id=""10443""><form id=""ladlad"" lang=""ceb"">ladlad</form>
<hom role=""v""><pos>v</pos>
<sense n=""0""> <itype>[A; c]</itype><trans> </trans>
</sense>
<sense n=""1""><number>1</number><trans> spread soaped white clothes under the sun to bleach them. </trans>
<eg><i lang=""ceb"">Nagladlad siya sa íyang mga sinabunan sa kasagbutan,</i><trans> She spread the soaped clothes on the grass. </trans></eg>
<eg><i lang=""ceb"">Ang mga dikulur ayaw iladlad,</i><trans> Don’t spread the colored things out to bleach. </trans></eg>
</sense>
<sense n=""2""><number>2</number><trans> <tr>spread</tr> for display. </trans>
<eg><i lang=""ceb"">Iladlad ang mga baligyà sa asíras,</i><trans> Spread the goods to display them on the sidewalk. </trans></eg>
<eg><i lang=""ceb"">Dílì ángay iladlad ang láwas sa publiku,</i><trans> It is not proper to display your body to the public. </trans></eg>
</sense>
<sense n=""2a""><number>2a</number><trans> <tr>show</tr>, <tr>present</tr>, <tr>tell</tr>. </trans>
<eg><i lang=""ceb"">Miladlad siya sa ákung angsu nga kagahápun,</i><trans> She spread the smelly details of my past out for the public to enjoy. </trans></eg>
</sense>
<sense n=""3""><number>3</number> <itype>[A; c]</itype><trans> set a fishline or net. </trans>
<eg><i lang=""ceb"">Dì ta muladlad sa pukut sa duha ka dupa kay mabaw ra,</i><trans> We will not set the net at two fathoms because it’s a bit too shallow. </trans></eg>
</sense></hom>
<hom role=""n""><pos>n</pos>
<sense n=""0""><trans> goods laid out on the sidewalk for display. </trans>
<eg><i lang=""ceb"">Kining guntínga didtu níya mapalit sa ladlad,</i><trans> She bought this pair of scissors from a sidewalk vendor. </trans></eg>
</sense></hom>
<entry><form id=""linadlad"" lang=""ceb""><abbr expan=""linadlad"">-in-</abbr></form>
<hom role=""n""><pos>n</pos>
<sense n=""0""><trans> soaped clothes spread for bleaching.
</trans>
</sense></hom></entry></entry>");
INSERT INTO `wced_head` (entryid, head, normalized_head, type, pos) VALUES (10443, "ladlad", "ladlad", "m", "vn");
INSERT INTO `wced_head` (entryid, head, normalized_head, type, pos) VALUES (10443, "linadlad", "linadlad", "s", "n");
INSERT INTO `wced_translation` (entryid, translation) VALUES (10443, "spread");
INSERT INTO `wced_translation` (entryid, translation) VALUES (10443, "show");
INSERT INTO `wced_translation` (entryid, translation) VALUES (10443, "present");
INSERT INTO `wced_translation` (entryid, translation) VALUES (10443, "tell");
INSERT INTO `wced_entry` VALUES (10444, "lads", "546", "<entry page=""546"" id=""10444""><form id=""laxds"" lang=""ceb"">láds</form>
<hom role=""v""><pos>v</pos>
<sense n=""0""> <itype>[A]</itype><trans> <tr>lodge</tr>, <tr>rent</tr> a room or sleeping space. </trans>
</sense></hom>
<hom role=""n""><pos>n</pos>
<sense n=""0""><trans> <tr>loge</tr> in a movie house. </trans>
</sense></hom>
<entry><form id=""ladyir"" lang=""ceb"">ladyir</form>
<hom role=""n""><pos>n</pos>
<sense n=""0""><trans> lodger.
</trans>
</sense></hom></entry></entry>");
INSERT INTO `wced_head` (entryid, head, normalized_head, type, pos) VALUES (10444, "láds", "lads", "m", "vn");
INSERT INTO `wced_head` (entryid, head, normalized_head, type, pos) VALUES (10444, "ladyir", "ladyir", "s", "n");
INSERT INTO `wced_translation` (entryid, translation) VALUES (10444, "lodge");
INSERT INTO `wced_translation` (entryid, translation) VALUES (10444, "rent");
INSERT INTO `wced_translation` (entryid, translation) VALUES (10444, "loge");
INSERT INTO `wced_entry` VALUES (10445, "lad-uk", "546", "<entry page=""546"" id=""10445""><form id=""lad-uk"" lang=""ceb"">lad-uk</form>
<hom role=""v""><pos>v</pos>
<sense n=""0""> <itype>[A; b6]</itype><trans> </trans>
</sense>
<sense n=""1""><number>1</number><trans> <tr>gulp down</tr> a liquid. </trans>
<eg><i lang=""ceb"">Mulad-uk lang siyag kapi dáyung adtus trabáhu,</i><trans> He gulps down a cup of coffee before leaving for work. </trans></eg>
</sense>
<sense n=""2""><number>2</number><trans> <xr lang=""ceb"" target=""#lab-uk"">= <sc>lab-uk</sc>.</xr> </trans>
</sense></hom>
<hom role=""n""><pos>n</pos>
<sense n=""1""><number>1</number><trans> action of swallowing liquids. </trans>
</sense>
<sense n=""2""><number>2</number><trans> quantity of liquid in a swallow. </trans>
<eg><i lang=""ceb"">Tulu ka lad-uk sa túbig ígung ipugung sa uhaw,</i><trans> Three swallows of water, enough to stave off thirst.
</trans></eg>
</sense></hom></entry>");
INSERT INTO `wced_head` (entryid, head, normalized_head, type, pos) VALUES (10445, "lad-uk", "lad-uk", "m", "vn");
INSERT INTO `wced_translation` (entryid, translation) VALUES (10445, "gulp down");
INSERT INTO `wced_entry` VALUES (10446, "ladyir", "546", "<entry page=""546"" id=""10446""><form id=""ladyir"" lang=""ceb"">ladyir</form>
<hom>
<sense n=""0""><trans> <ix>see</ix> <xr lang=""ceb"" target=""#laxds""><sc>láds</sc>.</xr>
</trans>
</sense></hom></entry>");
INSERT INTO `wced_head` (entryid, head, normalized_head, type, pos) VALUES (10446, "ladyir", "ladyir", "m", "");
INSERT INTO `wced_entry` VALUES (10447, "laga", "546", "<entry page=""546"" id=""10447""><form id=""laga"" lang=""ceb"">laga</form>
<hom>
<sense n=""0""><trans> <xr lang=""ceb"" target=""#hulmixgas"">= <sc>hulmígas</sc>.</xr>
</trans>
</sense></hom></entry>");
INSERT INTO `wced_head` (entryid, head, normalized_head, type, pos) VALUES (10447, "laga", "laga", "m", "");
INSERT INTO `wced_entry` VALUES (10448, "laga", "546", "<entry page=""546"" id=""10448""><form id=""laqgaq"" lang=""ceb"">làgà</form>
<hom role=""v""><pos>v</pos>
<sense n=""0""> <itype>[A; a]</itype><trans> broil water or water with s.t. in it: coffee, medicinal herbs, and the like. </trans>
<eg><i lang=""ceb"">Naglàgà kug luy-a pára sa nagsakit kung tiyan,</i><trans> I am brewing ginger tea for my stomachache. </trans></eg>
</sense></hom>
<entry><form id=""laqgaxanan"" lang=""ceb""><abbr expan=""làgáanan"">-anan</abbr></form>
<hom role=""n""><pos>n</pos>
<sense n=""0""><trans> any cooking utensil used for boiling purposes.
</trans>
</sense></hom></entry></entry>");
INSERT INTO `wced_head` (entryid, head, normalized_head, type, pos) VALUES (10448, "làgà", "laga", "m", "v");
INSERT INTO `wced_head` (entryid, head, normalized_head, type, pos) VALUES (10448, "làgáanan", "lagaanan", "s", "n");
INSERT INTO `wced_entry` VALUES (10449, "lagaak", "546", "<entry page=""546"" id=""10449""><form id=""lagaxak"" lang=""ceb"">lagáak</form>
<hom role=""v""><pos>v</pos>
<sense n=""0""> <itype>[B2S3(1)46]</itype><trans> produce a loud cracking or splitting sound. </trans>
<eg><i lang=""ceb"">Kusug nga nakalagáak ang kawáyan pagpíkas niíni,</i><trans> The bamboo produced a loud cracking sound when it was split.
</trans></eg>
</sense></hom></entry>");
INSERT INTO `wced_head` (entryid, head, normalized_head, type, pos) VALUES (10449, "lagáak", "lagaak", "m", "v");
INSERT INTO `wced_entry` VALUES (10450, "lag-ab1", "546", "<entry page=""546"" id=""10450""><form id=""lag-ab"" lang=""ceb"">lag-ab<sub>1</sub></form>
<hom role=""v""><pos>v</pos>
<sense n=""0""> <itype>[A; a]</itype><trans> <tr>drink in large gulps</tr>, drink greedily. </trans>
<eg><i lang=""ceb"">Adtu na pud sa tubaan. Paglag-ab na pud didtu,</i><trans> Go on to the drinking stand. Swig your toddy. </trans></eg>
<eg><i lang=""ceb"">Ug lag-ábun nímu ang sabaw, dì na hisalinan ang uban,</i><trans> If you gulp all of the soup down, there won’t be any left for the others. </trans></eg>
</sense></hom>
<hom role=""n""><pos>n</pos>
<sense n=""0""><trans> gulp. </trans>
<eg><i lang=""ceb"">Sa usa ka lag-ab nahurut níya ang usa ka básu,</i><trans> He drank up the glassful in one gulp.
</trans></eg>
</sense></hom></entry>");
INSERT INTO `wced_head` (entryid, head, normalized_head, type, pos) VALUES (10450, "lag-ab", "lag-ab", "s", "vn");
INSERT INTO `wced_translation` (entryid, translation) VALUES (10450, "drink in large gulps");
INSERT INTO `wced_entry` VALUES (10451, "lag-ab2", "546", "<entry page=""546"" id=""10451""><form id=""lag-ab2"" lang=""ceb"">lag-ab<sub>2</sub></form>
<hom role=""a""><pos>a</pos>
<sense n=""0""><trans> having spaces in between. </trans>
<eg><i lang=""ceb"">Lag-ab ang pagkasalug sa balay,</i><trans> The flooring was put in with spaces between the floor boards. </trans></eg>
</sense></hom>
<hom role=""v""><pos>v</pos>
<sense n=""1""><number>1</number> <itype>[B2; c1]</itype><trans> get spaces between. </trans>
<eg><i lang=""ceb"">Naglag-ab ang kamaisan kay daghan ang wà muturuk,</i><trans> The corn plants came up far apart because so many failed to germinate. </trans></eg>
<eg><i lang=""ceb"">Nalag-aban ang ámung baul sa karsáda,</i><trans> The road divided <pb n=""547""/>our field. </trans></eg>
</sense>
<sense n=""2""><number>2</number> <itype>[A; b7]</itype><trans> <tr>destroy a large portion of s.t.</tr>, remove a large chunk out of. </trans>
<eg><i lang=""ceb"">Ang bagyung Naring milag-ab sa ámung kalubihan,</i><trans> Typhoon Naring destroyed a large number of our coconut plants. </trans></eg>
<eg><i lang=""ceb"">Gilag-ában ug dakù ang kík,</i><trans> A big part was taken off the cake. </trans></eg>
</sense></hom>
<hom role=""n""><pos>n</pos>
<sense n=""0""><trans> amount taken off.
</trans>
</sense></hom></entry>");
INSERT INTO `wced_head` (entryid, head, normalized_head, type, pos) VALUES (10451, "lag-ab", "lag-ab", "s", "avn");
INSERT INTO `wced_translation` (entryid, translation) VALUES (10451, "destroy a large portion of s.t.");
INSERT INTO `wced_entry` VALUES (10452, "lag-ab3", "547", "<entry page=""547"" id=""10452""><form id=""lag-ab3"" lang=""ceb"">lag-ab<sub>3</sub></form>
<hom role=""v""><pos>v</pos>
<sense n=""0""> <itype>[A; b6]</itype><trans> belch, burp. </trans>
<eg><i lang=""ceb"">Milag-ab siya sa kabusug,</i><trans> He burped because he was full. </trans></eg>
<eg><i lang=""ceb"">Dílì makatulug ang bátà ug dílì makalag-ab,</i><trans> The child can’t go to sleep unless he burps.
</trans></eg>
</sense></hom></entry>");
INSERT INTO `wced_head` (entryid, head, normalized_head, type, pos) VALUES (10452, "lag-ab", "lag-ab", "s", "v");
INSERT INTO `wced_entry` VALUES (10453, "lagablab", "547", "<entry page=""547"" id=""10453""><form id=""lagablab"" lang=""ceb"">lagablab</form>
<hom>
<sense n=""0""><trans> (from <ix>lablab</ix>) </trans>
</sense></hom>
<hom role=""a""><pos>a</pos>
<sense n=""1""><number>1</number><trans> for clothing to be loose so as to be flapping. </trans>
</sense>
<sense n=""2""><number>2</number><trans> <tr>talking continuously</tr> and inconsequentially. </trans>
<eg><i lang=""ceb"">Katuúhan ba gud nà nga lagablab man,</i><trans> Can you believe him when he babbles on all the time? </trans></eg>
</sense></hom>
<hom role=""v""><pos>v</pos>
<sense n=""1""><number>1</number> <itype>[A]</itype><trans> be loose and flapping. </trans>
<eg><i lang=""ceb"">Nalagablab ang pagkatahì sa íyang sinínà,</i><trans> After it was sewed, her dress was so loose it flapped. </trans></eg>
<eg><i lang=""ceb"">Naglagablab ang íyang ági sa íyang paglabay,</i><trans> She passed by with her skirts flapping. </trans></eg>
<eg><i lang=""ceb"">Naglagablab ang bandíra,</i><trans> The flag flapped. </trans></eg>
</sense>
<sense n=""2""><number>2</number> <itype>[A; c]</itype><trans> blab, talk too much. </trans>
<eg><i lang=""ceb"">Sugut lang nà siyag way káun basta makalagablab lang,</i><trans> She doesn’t mind not eating so long as she can shoot off her mouth. </trans></eg>
<eg><i lang=""ceb"">Pagbantay unyag kining ímung hidunggan ímung ilagablab,</i><trans> Better watch out if you blabber about what you heard here.
</trans></eg>
</sense></hom></entry>");
INSERT INTO `wced_head` (entryid, head, normalized_head, type, pos) VALUES (10453, "lagablab", "lagablab", "m", "av");
INSERT INTO `wced_translation` (entryid, translation) VALUES (10453, "talking continuously");
INSERT INTO `wced_entry` VALUES (10454, "lagak, lagak", "547", "<entry page=""547"" id=""10454""><form id=""lagak_laxgak"" lang=""ceb"">lagak, lágak</form>
<hom role=""v""><pos>v</pos>
<sense n=""0""> <itype>[A; c1]</itype><trans> <tr>lower</tr> s.t. on a line. </trans>
<eg><i lang=""ceb"">Dinhi lang nátù lagákun (ilágak) ang báling,</i><trans> Let us just cast the fishing net here. </trans></eg>
</sense></hom>
<hom role=""n""><pos>n</pos>
<sense n=""0""><trans> length of line lowered.
</trans>
</sense></hom></entry>");
INSERT INTO `wced_head` (entryid, head, normalized_head, type, pos) VALUES (10454, "lagak", "lagak", "s", "vn");
INSERT INTO `wced_head` (entryid, head, normalized_head, type, pos) VALUES (10454, "lágak", "lagak", "s", "vn");
INSERT INTO `wced_translation` (entryid, translation) VALUES (10454, "lower");
INSERT INTO `wced_entry` VALUES (10455, "lagala", "547", "<entry page=""547"" id=""10455""><form id=""lagaqlaq"" lang=""ceb"">lagàlà</form>
<hom role=""a""><pos>a</pos>
<sense n=""0""><trans> given to loud <tr>boasting</tr>. </trans>
</sense></hom>
<hom role=""n""><pos>n</pos>
<sense n=""0""><trans> action of boasting. </trans>
<eg><i lang=""ceb"">Maáyu sa abugádu nang lagàlà, kay dílì palúpig,</i><trans> Having a big mouth is good for lawyers, because no one can outdo them. </trans></eg>
</sense></hom>
<hom role=""v""><pos>v</pos>
<sense n=""0""> <itype>[B12]</itype><trans> be vocally boastful. </trans>
<eg><i lang=""ceb"">Nagkalagàlà si Ídi nga nagkadakù ang íyang katungdánan,</i><trans> Eddie is getting more and more loud-mouthed with his boasting now that he has been promoted. </trans></eg>
</sense></hom>
<entry><form id=""lagaqlaxun"" lang=""ceb""><abbr expan=""lagàláun"">-un(→)</abbr></form>
<hom role=""a""><pos>a</pos>
<sense n=""0""><trans> <tr>boastful</tr> sort.
</trans>
</sense></hom></entry></entry>");
INSERT INTO `wced_head` (entryid, head, normalized_head, type, pos) VALUES (10455, "lagàlà", "lagala", "m", "anv");
INSERT INTO `wced_head` (entryid, head, normalized_head, type, pos) VALUES (10455, "lagàláun", "lagalaun", "s", "a");
INSERT INTO `wced_translation` (entryid, translation) VALUES (10455, "boasting");
INSERT INTO `wced_translation` (entryid, translation) VALUES (10455, "boastful");
INSERT INTO `wced_entry` VALUES (10456, "lagalaga", "547", "<entry page=""547"" id=""10456""><form id=""lagaqlagaq"" lang=""ceb"">lagàlagà</form>
<hom role=""n""><pos>n</pos>
<sense n=""0""><trans> a darting light from a flickering fire or phosphorescent light. </trans>
<eg><i lang=""ceb"">Ang lagàlagà sa mga aniníput nakahátag ug talagsaung dan-ag,</i><trans> The flashes of phosphorescence given off by the fireflies gave an unusual brightness. </trans></eg>
</sense></hom>
<hom role=""v""><pos>v</pos>
<sense n=""0""> <itype>[A]</itype><trans> give off flashes of darting light. </trans>
<eg><i lang=""ceb"">Naglagàlagà ang lamparilya nga nahutdan sa gás,</i><trans> The kerosene lamp is flickering because it ran out of gas.
</trans></eg>
</sense></hom></entry>");
INSERT INTO `wced_head` (entryid, head, normalized_head, type, pos) VALUES (10456, "lagàlagà", "lagalaga", "m", "nv");
INSERT INTO `wced_entry` VALUES (10457, "lagalaw", "547", "<entry page=""547"" id=""10457""><form id=""lagalaw"" lang=""ceb"">lagalaw</form>
<hom>
<sense n=""0""><trans> (not without <ix>l</ix>) <xr lang=""ceb"" target=""#lagaraw"">= <sc>lagaraw</sc>.</xr>
</trans>
</sense></hom></entry>");
INSERT INTO `wced_head` (entryid, head, normalized_head, type, pos) VALUES (10457, "lagalaw", "lagalaw", "m", "");
INSERT INTO `wced_entry` VALUES (10458, "lagamak", "547", "<entry page=""547"" id=""10458""><form id=""lagamak"" lang=""ceb"">lagamak</form>
<hom>
<sense n=""0""><trans> <xr lang=""ceb"" target=""#lugamak"">= <sc>lugamak</sc>.</xr>

</trans>
</sense></hom></entry>");
INSERT INTO `wced_head` (entryid, head, normalized_head, type, pos) VALUES (10458, "lagamak", "lagamak", "m", "");
INSERT INTO `wced_entry` VALUES (10459, "lagang1", "547", "<entry page=""547"" id=""10459""><form id=""lagang"" lang=""ceb"">lagang<sub>1</sub></form>
<hom role=""n""><pos>n</pos>
<sense n=""0""><trans> chambered nautilus.
</trans>
</sense></hom></entry>");
INSERT INTO `wced_head` (entryid, head, normalized_head, type, pos) VALUES (10459, "lagang", "lagang", "s", "n");
INSERT INTO `wced_entry` VALUES (10460, "lagapak, lagapak", "547", "<entry page=""547"" id=""10460""><form id=""lagapak_lagaxpak"" lang=""ceb"">lagapak, lagápak</form>
<hom>
<sense n=""0""><trans> <xr lang=""ceb"" target=""#lugapak"">= <sc>lugapak</sc>.</xr>
</trans>
</sense></hom></entry>");
INSERT INTO `wced_head` (entryid, head, normalized_head, type, pos) VALUES (10460, "lagapak", "lagapak", "s", "");
INSERT INTO `wced_head` (entryid, head, normalized_head, type, pos) VALUES (10460, "lagápak", "lagapak", "s", "");
INSERT INTO `wced_entry` VALUES (10461, "lagaplap", "547", "<entry page=""547"" id=""10461""><form id=""lagaplap"" lang=""ceb"">lagaplap</form>
<hom role=""v""><pos>v</pos>
<sense n=""0""> <itype>[A]</itype><trans> for s.t. flat to come partly off so as to flap. </trans>
<eg><i lang=""ceb"">Mulagaplap ang lapalapa sa sapátus ug maukang,</i><trans> The sole of your shoe will flap if it comes partly off.
</trans></eg>
</sense></hom></entry>");
INSERT INTO `wced_head` (entryid, head, normalized_head, type, pos) VALUES (10461, "lagaplap", "lagaplap", "m", "v");
INSERT INTO `wced_entry` VALUES (10462, "lagarat, lagarat", "547", "<entry page=""547"" id=""10462""><form id=""lagarat_lagaxrat"" lang=""ceb"">lagarat, lagárat</form>
<hom role=""a""><pos>a</pos>
<sense n=""0""><trans> harsh and grating sound of voice. </trans>
<eg><i lang=""ceb"">Misinggit siyag pakitábang sa lagarat nga tíngug,</i><trans> She called for help in a raspy, hoarse voice. </trans></eg>
<eg><i lang=""ceb"">Lagarat sa masinggan,</i><trans> The rat-a-tat-tat of the machine gun. </trans></eg>
</sense></hom>
<hom role=""v""><pos>v</pos>
<sense n=""0""> <itype>[B2S; a]</itype><trans> for the voice to get harsh, grating. </trans>
<eg><i lang=""ceb"">Magkalagarat ang tíngug sa táwu nga palaínum,</i><trans> A heavy drinker’s voice becomes harsh with time.
</trans></eg>
</sense></hom></entry>");
INSERT INTO `wced_head` (entryid, head, normalized_head, type, pos) VALUES (10462, "lagarat", "lagarat", "s", "av");
INSERT INTO `wced_head` (entryid, head, normalized_head, type, pos) VALUES (10462, "lagárat", "lagarat", "s", "av");
INSERT INTO `wced_entry` VALUES (10463, "lagaraw", "547", "<entry page=""547"" id=""10463""><form id=""lagaraw"" lang=""ceb"">lagaraw</form>
<hom role=""n""><pos>n</pos>
<sense n=""0""><trans> k.o. long <tr>machete</tr> with a blunt end which curves downward, used for rough clearing, picking up coconuts, and the like. </trans>
</sense></hom>
<hom role=""v""><pos>v</pos>
<sense n=""0""> <itype>[A1; b6]</itype><trans> wear or use a <ix>lagaraw</ix>.
</trans>
</sense></hom></entry>");
INSERT INTO `wced_head` (entryid, head, normalized_head, type, pos) VALUES (10463, "lagaraw", "lagaraw", "m", "nv");
INSERT INTO `wced_translation` (entryid, translation) VALUES (10463, "machete");
INSERT INTO `wced_entry` VALUES (10464, "lagari", "547", "<entry page=""547"" id=""10464""><form id=""lagaxriq"" lang=""ceb"">lagárì</form>
<hom role=""n""><pos>n</pos>
<sense n=""0""><trans> <tr>saw</tr>. </trans>
</sense></hom>
<hom role=""v""><pos>v</pos>
<sense n=""0""> <itype>[A; a]</itype><trans> saw.
</trans>
</sense></hom></entry>");
INSERT INTO `wced_head` (entryid, head, normalized_head, type, pos) VALUES (10464, "lagárì", "lagari", "m", "nv");
INSERT INTO `wced_translation` (entryid, translation) VALUES (10464, "saw");
INSERT INTO `wced_entry` VALUES (10465, "lagas1", "547", "<entry page=""547"" id=""10465""><form id=""lagas"" lang=""ceb"">lagas<sub>1</sub></form>
<hom role=""a""><pos>a</pos>
<sense n=""1""><number>1</number><trans> for a person to be <tr>old</tr>. </trans>
<eg><i lang=""ceb"">Dalágang lagas,</i><trans> Old maid. </trans></eg>
</sense>
<sense n=""2""><number>2</number><trans> for corn to ripen. </trans>
<eg><i lang=""ceb"">Lagas na ang mais. Sanggiun na,</i><trans> The corn is mature, ready for harvesting. </trans></eg>
</sense>
<sense n=""3""><number>3</number><trans> withered, shriveled up to the point that it falls off the stem. </trans>
<eg><i lang=""ceb"">Nagkayamúkat ang nataran sa lagas,</i><trans> The yard is untidy with all the fallen leaves. </trans></eg>
</sense>
<sense n=""4""><number>4</number><trans> having spent long s.w. </trans>
<eg><i lang=""ceb"">Lagas na ku dinhi sa Pilipínas,</i><trans> I’ve spent a long time here in the Philippines. </trans></eg>
</sense></hom>
<hom role=""v""><pos>v</pos>
<sense n=""1""><number>1</number> <itype>[B2]</itype><trans> for a person to become old. </trans>
<eg><i lang=""ceb"">Mulagas (malagas) kag dalì ug maghínay kag panuyù,</i><trans> You’ll age fast if you are always angry. </trans></eg>
</sense>
<sense n=""2""><number>2</number> <itype>[B2]</itype><trans> for corn to mature, be ready for harvest. </trans>
</sense>
<sense n=""2a""><number>2a</number> <itype>[b8]</itype><trans> be overtaken by the ripening of corn. </trans>
<eg><i lang=""ceb"">Malagasan ka na lang ánang ímung gitanum, dílì ka pa makaamural,</i><trans> Those corn seedlings will be ready for harvest before you get around to proposing. </trans></eg>
</sense>
<sense n=""3""><number>3</number> <itype>[APB; a]</itype><trans> for leaves, fruits to wither and fall off; cause them to do so. </trans>
<eg><i lang=""ceb"">Yugyúga ang mansanítas arun mulagas (malagas) ang mga búnga ug dáhun,</i><trans> Shake the tree so that its dried leaves and fruits will fall off. </trans></eg>
</sense>
<sense n=""4""><number>4</number> <itype>[B5]</itype><trans> for a period of time to come to an end. </trans>
<eg><i lang=""ceb"">Maghinayhínay na kug panghípus kay nagkalagas na ang adlaw,</i><trans> I had better begin packing up as the day is coming to an end.
</trans></eg>
</sense></hom></entry>");
INSERT INTO `wced_head` (entryid, head, normalized_head, type, pos) VALUES (10465, "lagas", "lagas", "s", "av");
INSERT INTO `wced_translation` (entryid, translation) VALUES (10465, "old");
INSERT INTO `wced_entry` VALUES (10466, "lagas2", "547", "<entry page=""547"" id=""10466""><form id=""lagas2"" lang=""ceb"">lagas<sub>2</sub></form>
<hom role=""v""><pos>v</pos>
<sense n=""1""><number>1</number> <itype>[A; a]</itype><trans> <tr>pursue</tr>, run after. </trans>
<eg><i lang=""ceb"">Nakalagas ku sa trák kay gilabyan lang ku,</i><trans> I was forced to run after the truck because it just passed me by. </trans></eg>
</sense>
<sense n=""2""><number>2</number> <itype>[b8]</itype><trans> get caught up with. </trans>
<eg><i lang=""ceb"">Diin ka hilagasi?</i><trans> Where did they catch up with you?
</trans></eg>
</sense></hom></entry>");
INSERT INTO `wced_head` (entryid, head, normalized_head, type, pos) VALUES (10466, "lagas", "lagas", "s", "v");
INSERT INTO `wced_translation` (entryid, translation) VALUES (10466, "pursue");
INSERT INTO `wced_entry` VALUES (10467, "lagasak", "547", "<entry page=""547"" id=""10467""><form id=""lagasak"" lang=""ceb"">lagasak</form>
<hom role=""n""><pos>n</pos>
<sense n=""0""><trans> splattering, pattering noise made by water falling on s.t. </trans>
</sense></hom>
<hom role=""v""><pos>v</pos>
<sense n=""0""> <itype>[A]</itype><trans> for water to make a splattering noise. </trans>
<eg><i lang=""ceb"">Naglagasak ang íhì níya sa batu,</i><trans> Her urine made a splashing sound as it hit the rocks.
</trans></eg>
</sense></hom></entry>");
INSERT INTO `wced_head` (entryid, head, normalized_head, type, pos) VALUES (10467, "lagasak", "lagasak", "m", "nv");
INSERT INTO `wced_entry` VALUES (10468, "lagat1", "547", "<entry page=""547"" id=""10468""><form id=""lagat"" lang=""ceb"">lagat<sub>1</sub></form>
<hom role=""a""><pos>a</pos>
<sense n=""0""><trans> for root crops or bananas to have a soft, stringy consistency with no flavor. </trans>
<eg><i lang=""ceb"">Lagat ning sagínga kay ahat pagkahinug,</i><trans> These <pb n=""548""/>bananas are soft and stringy because they were picked before they were ripe. </trans></eg>
</sense></hom>
<hom role=""v""><pos>v</pos>
<sense n=""0""> <itype>[B; a1]</itype><trans> get soggy and fibrous. </trans>
<eg><i lang=""ceb"">Mulagat ang kamúti ug madugay ug húmul sa túbig,</i><trans> Sweet potatoes become soggy if they are left soaking in water too long.
</trans></eg>
</sense></hom></entry>");
INSERT INTO `wced_head` (entryid, head, normalized_head, type, pos) VALUES (10468, "lagat", "lagat", "s", "av");
INSERT INTO `wced_entry` VALUES (10469, "lagat2", "548", "<entry page=""548"" id=""10469""><form id=""lagat2"" lang=""ceb"">lagat<sub>2</sub></form>
<hom role=""a""><pos>a</pos>
<sense n=""0""><trans> for the eyes to be <tr>bulging</tr>. </trans>
</sense></hom>
<entry><form id=""laxgat"" lang=""ceb""><abbr expan=""lágat"">(←)</abbr></form>
<hom role=""v""><pos>v</pos>
<sense n=""0""> <itype>[B23]</itype><trans> for the eyes to bulge. </trans>
<eg><i lang=""ceb"">Nilágat ang íyang mga mata sa kahibúlung,</i><trans> His eyes popped out of his head in surprise.
</trans></eg>
</sense></hom></entry></entry>");
INSERT INTO `wced_head` (entryid, head, normalized_head, type, pos) VALUES (10469, "lagat", "lagat", "s", "a");
INSERT INTO `wced_head` (entryid, head, normalized_head, type, pos) VALUES (10469, "lágat", "lagat", "s", "v");
INSERT INTO `wced_translation` (entryid, translation) VALUES (10469, "bulging");
INSERT INTO `wced_entry` VALUES (10470, "lagatak", "548", "<entry page=""548"" id=""10470""><form id=""lagatak"" lang=""ceb"">lagatak</form>
<hom role=""n""><pos>n</pos>
<sense n=""1""><number>1</number><trans> a <tr>clattering</tr>, slapping, thudding noise of numerous things hitting s.t. </trans>
</sense>
<sense n=""2""><number>2</number><trans> <xr lang=""ceb"" target=""#lagasak"">= <sc>lagasak</sc>.</xr> </trans>
</sense></hom>
<hom role=""v""><pos>v</pos>
<sense n=""0""> <itype>[A; a1]</itype><trans> </trans>
</sense>
<sense n=""1""><number>1</number><trans> strike with a clatter. </trans>
<eg><i lang=""ceb"">Milagatak ang mga batu sa bungbung,</i><trans> The stones hit the wall with a rattling sound. </trans></eg>
<eg><i lang=""ceb"">Milagatak ang mga sinsilyu sa simintu,</i><trans> The coins dropped with a clatter on the cement floor. </trans></eg>
</sense>
<sense n=""2""><number>2</number><trans> shell out a large amount of money for s.t. not necessary. </trans>
<eg><i lang=""ceb"">Upat ka gatus ang nalagatak níya sa nayitklab,</i><trans> He spent four hundred pesos at the night club. </trans></eg>
</sense>
<sense n=""3""><number>3</number><trans> <xr lang=""ceb"" target=""#lagasak"">= <sc>lagasak</sc>.</xr>
</trans>
</sense></hom></entry>");
INSERT INTO `wced_head` (entryid, head, normalized_head, type, pos) VALUES (10470, "lagatak", "lagatak", "m", "nv");
INSERT INTO `wced_translation` (entryid, translation) VALUES (10470, "clattering");
INSERT INTO `wced_entry` VALUES (10471, "lagatlat", "548", "<entry page=""548"" id=""10471""><form id=""lagatlat"" lang=""ceb"">lagatlat</form>
<hom role=""a""><pos>a</pos>
<sense n=""0""><trans> for corn grits to be wet and unevenly cooked. </trans>
</sense></hom>
<hom role=""v""><pos>v</pos>
<sense n=""0""> <itype>[B6; c1]</itype><trans> for corn grits to come out <ix>lagatlat</ix>. </trans>
<eg><i lang=""ceb"">Mulagatlat ang linung-ag ug daghan ang túbig ug kúwang sa káyu,</i><trans> Corn grits come out wet and unevenly cooked if you use too much water and not enough fire.
</trans></eg>
</sense></hom></entry>");
INSERT INTO `wced_head` (entryid, head, normalized_head, type, pos) VALUES (10471, "lagatlat", "lagatlat", "m", "av");
INSERT INTO `wced_entry` VALUES (10472, "lagatukan", "548", "<entry page=""548"" id=""10472""><form id=""lagatukan"" lang=""ceb"">lagatukan</form>
<hom role=""a""><pos>a</pos>
<sense n=""0""><trans> almost cooked, but not quite. </trans>
<eg><i lang=""ceb"">Lagatukan pa ang kamunggay, ayaw ú<pos>n</pos>à haúna,</i><trans> The vegetables are not quite soft. Let them cook a bit longer.
</trans></eg>
</sense></hom></entry>");
INSERT INTO `wced_head` (entryid, head, normalized_head, type, pos) VALUES (10472, "lagatukan", "lagatukan", "m", "a");
INSERT INTO `wced_entry` VALUES (10473, "lagaw", "548", "<entry page=""548"" id=""10473""><form id=""lagaw"" lang=""ceb"">lagaw</form>
<hom role=""n""><pos>n</pos>
<sense n=""0""><trans> k.o. deep sea fish with pink skin about <measure reg=""15 cm"">6″</measure> in length and <measure reg=""5.1 cm"">2″</measure> in width, caught in large schools.
</trans>
</sense></hom></entry>");
INSERT INTO `wced_head` (entryid, head, normalized_head, type, pos) VALUES (10473, "lagaw", "lagaw", "m", "n");
INSERT INTO `wced_entry` VALUES (10474, "lagay1", "548", "<entry page=""548"" id=""10474""><form id=""lagay"" lang=""ceb"">lagay<sub>1</sub></form>
<hom role=""n""><pos>n</pos>
<sense n=""1""><number>1</number><trans> <tr>penis</tr> (coarse). </trans>
</sense>
<sense n=""2""><number>2</number><trans> <tr>scrotal sack</tr> encasing the testicles. </trans>
</sense></hom>
<hom role=""v""><pos>v</pos>
<sense n=""0""> <itype>[a12]</itype><trans> be hit or struck on the penis or in the scrotum. </trans>
<eg><i lang=""ceb"">Lagaya siya pagpátid,</i><trans> Kick him in the balls.
</trans></eg>
</sense></hom></entry>");
INSERT INTO `wced_head` (entryid, head, normalized_head, type, pos) VALUES (10474, "lagay", "lagay", "s", "nv");
INSERT INTO `wced_translation` (entryid, translation) VALUES (10474, "penis");
INSERT INTO `wced_translation` (entryid, translation) VALUES (10474, "scrotal sack");
INSERT INTO `wced_entry` VALUES (10475, "lagay2", "548", "<entry page=""548"" id=""10475""><form id=""lagay2"" lang=""ceb"">lagay<sub>2</sub></form>
<hom role=""v""><pos>v</pos>
<sense n=""1""><number>1</number> <itype>[A; c]</itype><trans> <tr>bribe</tr>, grease the palm (slang). </trans>
<eg><i lang=""ceb"">Wà man ka mulagay mau nga gidakup ka,</i><trans> You didn’t give him anything, so you were arrested. </trans></eg>
</sense>
<sense n=""2""><number>2</number><trans> bribes given to s.o. in power.
</trans>
</sense></hom></entry>");
INSERT INTO `wced_head` (entryid, head, normalized_head, type, pos) VALUES (10475, "lagay", "lagay", "s", "v");
INSERT INTO `wced_translation` (entryid, translation) VALUES (10475, "bribe");
INSERT INTO `wced_entry` VALUES (10476, "lagba", "548", "<entry page=""548"" id=""10476""><form id=""lagbaq"" lang=""ceb"">lagbà</form>
<hom>
<sense n=""0""><trans> <xr lang=""ceb"" target=""#labaq2"">= <sc>labà<sub>2</sub></sc>.</xr>
</trans>
</sense></hom></entry>");
INSERT INTO `wced_head` (entryid, head, normalized_head, type, pos) VALUES (10476, "lagbà", "lagba", "m", "");
INSERT INTO `wced_entry` VALUES (10477, "lagbas", "548", "<entry page=""548"" id=""10477""><form id=""lagbas"" lang=""ceb"">lagbas</form>
<hom role=""v""><pos>v</pos>
<sense n=""1""><number>1</number> <itype>[A2; b5]</itype><trans> <tr>pierce</tr> or traverse through. </trans>
<eg><i lang=""ceb"">Milagbas sa íyang panumdúman ang tíngug sa íyang asáwa,</i><trans> The voice of his wife passed through his mind. </trans></eg>
<eg><i lang=""ceb"">Milagbas ang lansang ngari sa píkas,</i><trans> The nail pierced through the other side. </trans></eg>
<eg><i lang=""ceb"">Lagbasun (lagbasan) ning sinilása ug lansang,</i><trans> A nail can pierce through these slippers. </trans></eg>
</sense>
<sense n=""2""><number>2</number> <itype>[A2; a123]</itype><trans> arrive at a destination after having gone through s.t. </trans>
<eg><i lang=""ceb"">Dúgay kung kalagbas dinhi kay daghan kug gihapithapitan,</i><trans> It took me a long time to get here because I had to stop at several places. </trans></eg>
</sense>
<sense n=""3""><number>3</number> <itype>[AC; bc]</itype><trans> go, bring s.t. beyond s.t. </trans>
<eg><i lang=""ceb"">Tingálig magkalagbas ta,</i><trans> I’m afraid we might pass by each other without knowing it. </trans></eg>
<eg><i lang=""ceb"">Makalagbas ka kahà sa íyang abilidad?</i><trans> Do you think you can surpass his ability? </trans></eg>
<eg><i lang=""ceb"">Gilagbasan námù ang inyung balay,</i><trans> We went beyond your house. </trans></eg>
</sense></hom>
<entry><form id=""lagbas_sa"" lang=""ceb""><abbr expan=""lagbas"">—</abbr> sa</form>
<hom>
<sense n=""1""><number>1</number><trans> through an area or over a stretch of time. </trans>
<eg><i lang=""ceb"">Babáying naglakaw lagbas sa háwan sa tulunghaan,</i><trans> A woman walking across the courtyard of the school. </trans></eg>
</sense>
<sense n=""2""><number>2</number><trans> beyond s.t. </trans>
<eg><i lang=""ceb"">Lagbas pa sa pusti,</i><trans> Beyond the post. </trans></eg>
</sense></hom></entry>
<entry><form id=""lagbasanan"" lang=""ceb""><abbr expan=""lagbasanan"">-anan</abbr></form>
<hom role=""n""><pos>n</pos>
<sense n=""0""><trans> place one passes through. </trans>
</sense></hom></entry>
<entry><form id=""linagbasan"" lang=""ceb""><abbr expan=""linagbasan"">-in-an(→)</abbr></form>
<hom role=""n""><pos>n</pos>
<sense n=""0""><trans> a mark left by s.t. that passed.
</trans>
</sense></hom></entry></entry>");
INSERT INTO `wced_head` (entryid, head, normalized_head, type, pos) VALUES (10477, "lagbas", "lagbas", "m", "v");
INSERT INTO `wced_head` (entryid, head, normalized_head, type, pos) VALUES (10477, "lagbas sa", "lagbas sa", "s", "");
INSERT INTO `wced_head` (entryid, head, normalized_head, type, pos) VALUES (10477, "lagbasanan", "lagbasanan", "s", "n");
INSERT INTO `wced_head` (entryid, head, normalized_head, type, pos) VALUES (10477, "linagbasan", "linagbasan", "s", "n");
INSERT INTO `wced_translation` (entryid, translation) VALUES (10477, "pierce");
INSERT INTO `wced_entry` VALUES (10478, "lagda", "548", "<entry page=""548"" id=""10478""><form id=""lagdaq"" lang=""ceb"">lagdà</form>
<hom role=""n""><pos>n</pos>
<sense n=""0""><trans> pattern or outline to which s.t. is to conform. </trans>
</sense>
<sense n=""1""><number>1</number><trans> rules of behavior or action. </trans>
<eg><i lang=""ceb"">Lagdà sa gramatika,</i><trans> Rules of grammar. </trans></eg>
<eg><i lang=""ceb"">Lagdà sa pamatásan,</i><trans> Code of behavior. </trans></eg>
</sense>
<sense n=""2""><number>2</number><trans> temporary stitches to be sewn over. </trans>
</sense>
<sense n=""2a""><number>2a</number><trans> tracing. </trans>
</sense>
<sense n=""3""><number>3</number><trans> signature. </trans>
<eg><i lang=""ceb"">Way lagdà ang tsíki,</i><trans> The check lacks a signature. </trans></eg>
</sense></hom>
<hom role=""v""><pos>v</pos>
<sense n=""1""><number>1</number> <itype>[A; c]</itype><trans> give a set of rules to be followed. </trans>
<eg><i lang=""ceb"">Unsay gilagdà sa Kudigu Pinal báhin niíni?</i><trans> What does the Penal Code state about this? </trans></eg>
</sense>
<sense n=""2""><number>2</number> <itype>[A; a]</itype><trans> baste, make temporary stitches prior to sewing. </trans>
<eg><i lang=""ceb"">Gilagdaan pa ni, dílì untà maghíbat,</i><trans> If you had basted it first, it wouldn’t have come out crooked. </trans></eg>
</sense>
<sense n=""2a""><number>2a</number> <itype>[A; c1]</itype><trans> trace a pattern. </trans>
<eg><i lang=""ceb"">Ang tiil sa bátà gilagdà ku sa papil,</i><trans> I traced the outline of the child’s foot on a piece of paper. </trans></eg>
</sense>
<sense n=""3""><number>3</number> <itype>[A; b]</itype><trans> affix one’s signature.
</trans>
</sense></hom></entry>");
INSERT INTO `wced_head` (entryid, head, normalized_head, type, pos) VALUES (10478, "lagdà", "lagda", "m", "nv");
INSERT INTO `wced_entry` VALUES (10479, "lagdas", "548", "<entry page=""548"" id=""10479""><form id=""lagdas"" lang=""ceb"">lagdas</form>
<hom role=""a""><pos>a</pos>
<sense n=""0""><trans> careless, not giving s.t. its proper attention. </trans>
</sense></hom>
<hom role=""v""><pos>v</pos>
<sense n=""0""> <itype>[AP; bP]</itype><trans> </trans>
</sense>
<sense n=""1""><number>1</number><trans> do s.t. without proper care. </trans>
<eg><i lang=""ceb"">Mulagdas (mupalagdas) lang nag higdà bísan ása,</i><trans> He lies down any old place. </trans></eg>
<eg><i lang=""ceb"">Hikaiktan kay naglagdas man lag sulti,</i><trans> He got scolded because he spoke without thinking. </trans></eg>
<eg><i lang=""ceb"">Gipalagdásan (gilagdásan) lang níla ang nigusyu maung nabangkarúta,</i><trans> They just let their business go, so it went bankrupt. </trans></eg>
</sense>
<sense n=""2""><number>2</number><trans> be any old place, everywhere. </trans>
<eg><i lang=""ceb"">Gibutangan nákug hilu ánang gabíi<corr>.</corr> Pagkabuntag nanglagdas na ang ilagà,</i><trans> I put out poison for the rats that night, and in the morning the rats were scattered all over the place. </trans></eg>
</sense>
<sense n=""3""><number>3</number> <itype>[A12]</itype><trans> <xr lang=""ceb"" target=""#pa-"">= <sc>pa-</sc>, <ix>1.</ix></xr> </trans>
</sense></hom>
<entry><form id=""palagdas"" lang=""ceb""><abbr expan=""palagdas"">pa-</abbr></form>
<hom role=""v""><pos>v</pos>
<sense n=""1""><number>1</number> <itype>[A; b6]</itype><trans> stay in a place without moving away, though there may be good reason to settle elsewhere. </trans>
<eg><i lang=""ceb"">Mupalagdas (magpalagdas) lang ku sa ámù kay mahadluk kung mulangyaw,</i><trans> I’ll stay in our place forever because I’m afraid to migrate. </trans></eg>
</sense>
<sense n=""2""><number>2</number> <itype>[A; c1]</itype><trans> fish with the <ix>palagdas</ix> set s.w. </trans>
</sense></hom>
<hom role=""n""><pos>n</pos>
<sense n=""0""><trans> fishing with a pole which is left alone s.w. and tended only when s.t. bites. </trans>
</sense></hom></entry>
<entry><form id=""pamalagdas"" lang=""ceb""><abbr expan=""pamalagdas"">pama-</abbr></form>
<hom role=""v""><pos>v</pos>
<sense n=""0""> <itype>[A2]</itype><trans> put in an application s.w. on a slim chance. </trans>
<eg><i lang=""ceb"">Mamalagdas lang kug aplay dihà básin pag dawátun,</i><trans> I’ll try my luck in applying in case I am accepted.
<pb n=""549""/>
</trans></eg>
</sense></hom></entry></entry>");
INSERT INTO `wced_head` (entryid, head, normalized_head, type, pos) VALUES (10479, "lagdas", "lagdas", "m", "av");
INSERT INTO `wced_head` (entryid, head, normalized_head, type, pos) VALUES (10479, "palagdas", "palagdas", "s", "vn");
INSERT INTO `wced_head` (entryid, head, normalized_head, type, pos) VALUES (10479, "pamalagdas", "pamalagdas", "s", "v");
INSERT INTO `wced_entry` VALUES (10480, "lagdu", "549", "<entry page=""549"" id=""10480""><form id=""lagduq"" lang=""ceb"">lagdù</form>
<hom role=""n""><pos>n</pos>
<sense n=""0""><trans> droplets. </trans>
<eg><i lang=""ceb"">Gagmayng lagdù nga namilit sa kadahúnan,</i><trans> Small droplets that stuck to the leaves. </trans></eg>
</sense></hom>
<hom role=""v""><pos>v</pos>
<sense n=""0""> <itype>[B6]</itype><trans> form droplets, fall in droplets. </trans>
<eg><i lang=""ceb"">Milagdù ang ákung mga lúhà sa ákung kaapíngan,</i><trans> My tears formed droplets on my cheeks.
</trans></eg>
</sense></hom></entry>");
INSERT INTO `wced_head` (entryid, head, normalized_head, type, pos) VALUES (10480, "lagdù", "lagdu", "m", "nv");
INSERT INTO `wced_entry` VALUES (10481, "lagduk", "549", "<entry page=""549"" id=""10481""><form id=""lagduk"" lang=""ceb"">lagduk</form>
<hom role=""n""><pos>n</pos>
<sense n=""1""><number>1</number><trans> a small <tr>stake</tr>. </trans>
</sense>
<sense n=""2""><number>2</number><trans> <tr>penis</tr> (humorous slang). </trans>
</sense>
<sense n=""3""><number>3</number>
</sense></hom>
<entry><form id=""lagduk_ang_anixnu"" lang=""ceb""><abbr expan=""lagduk"">—</abbr> ang anínu</form>
<hom>
<sense n=""0""><trans> <tr>noon</tr> (lit. for the shadow to have been driven in the ground like a stake). </trans>
</sense>
<sense n=""3a""><number>3a</number><trans> <tr>noon</tr> (short for <ix>lagduk ang anínu</ix>). </trans>
<eg><i lang=""ceb"">Lagduk na (ang anínu) pag-abut námù,</i><trans> It was noon when we arrived. </trans></eg>
</sense></hom>
<hom role=""v""><pos>v</pos>
<sense n=""1""><number>1</number> <itype>[A; b]</itype><trans> drive a small stake into the ground. </trans>
<eg><i lang=""ceb"">Maglagduk kug tugwáyan sa kábaw,</i><trans> I’ll drive a peg to tether my carabao to. </trans></eg>
</sense>
<sense n=""1a""><number>1a</number><trans> stick s.t. into s.t. </trans>
<eg><i lang=""ceb"">Ilagduk ang kandílà sa kik,</i><trans> Stick the candles into the cake. </trans></eg>
</sense>
<sense n=""1b""><number>1b</number> <itype>[A; c]</itype><trans> hold oneself upright and firm. </trans>
<eg><i lang=""ceb"">Makalagduk na si Bíbi pagtindug,</i><trans> Baby can stand by herself now. </trans></eg>
</sense>
<sense n=""2""><number>2</number> <itype>[A13; c]</itype><trans> put a fighting cock out in the yard by staking the tether string to the ground. </trans>
<eg><i lang=""ceb"">Kinsay naglagduk sa manuk diris gardin?</i><trans> Who tied the cock here in the garden? </trans></eg>
</sense>
<sense n=""3""><number>3</number> <itype>[A; a2]</itype><trans> in bowling, throw the ball keeping the feet together in place without moving them or taking a step. </trans>
<eg><i lang=""ceb"">Nakalagduk na ku, apan wà ku kadaug,</i><trans> I tried throwing the ball without taking a step, but I couldn’t win. </trans></eg>
</sense>
<sense n=""4""><number>4</number> <itype>[B3; b4]</itype><trans> for the sun to be directly above one. </trans>
<eg><i lang=""ceb"">Mulagduk ang adlaw ug maalas dúsi,</i><trans> The sun gets directly above you at twelve o’clock. </trans></eg>
</sense>
<sense n=""4a""><number>4a</number><trans> be, become noon. </trans>
<eg><i lang=""ceb"">Gilagdúkan na lang siya sa adlaw wà pa giyud mahumag dáru,</i><trans> It was already noon, and he still had not finished plowing. </trans></eg>
</sense>
<sense n=""4b""><number>4b</number><trans> for s.t. to be above one like the sun. </trans>
<eg><i lang=""ceb"">Milagduk ákung tabánug,</i><trans> My kite soared above me. </trans></eg>
</sense>
<sense n=""4c""><number>4c</number> <itype>[B246; c1]</itype><trans> for the eyes to roll upwards. </trans>
<eg><i lang=""ceb"">Milagduk íyang mata sa kalamì,</i><trans> Her eyes rolled upward in ecstacy. </trans></eg>
</sense></hom></entry>
<entry><form id=""lagduk"" lang=""ceb""><abbr expan=""lagduk"">(→)</abbr></form>
<hom role=""v""><pos>v</pos>
<sense n=""0""> <itype>[a4]</itype><trans> become absent-minded. </trans>
<eg><i lang=""ceb"">Uy, gilagduk na tingáli ka kay walà ka makapanira sa ímung karsúnis,</i><trans> My, you have become absent-minded because you haven’t buttoned up your pants. </trans></eg>
</sense></hom></entry>
<entry><form id=""lagdukan"" lang=""ceb""><abbr expan=""lagdukan"">-an(→)</abbr></form>
<hom>
<sense n=""0""><trans> <xr lang=""ceb"" target=""#lagduk"">= <sc>lagduk</sc>. <ix>n</ix> <ix>1.</ix></xr>
</trans>
</sense></hom></entry></entry>");
INSERT INTO `wced_head` (entryid, head, normalized_head, type, pos) VALUES (10481, "lagduk", "lagduk", "m", "n");
INSERT INTO `wced_head` (entryid, head, normalized_head, type, pos) VALUES (10481, "lagduk ang anínu", "lagduk ang aninu", "s", "v");
INSERT INTO `wced_head` (entryid, head, normalized_head, type, pos) VALUES (10481, "lagdukan", "lagdukan", "s", "");
INSERT INTO `wced_translation` (entryid, translation) VALUES (10481, "stake");
INSERT INTO `wced_translation` (entryid, translation) VALUES (10481, "penis");
INSERT INTO `wced_translation` (entryid, translation) VALUES (10481, "noon");
INSERT INTO `wced_entry` VALUES (10482, "lagdung", "549", "<entry page=""549"" id=""10482""><form id=""lagdung"" lang=""ceb"">lagdung</form>
<hom role=""n""><pos>n</pos>
<sense n=""0""><trans> sinker for a fishing line, net, or any other rope dropped into the sea. </trans>
</sense></hom>
<hom role=""v""><pos>v</pos>
<sense n=""0""> <itype>[b]</itype><trans> use or put a sinker.
</trans>
</sense></hom></entry>");
INSERT INTO `wced_head` (entryid, head, normalized_head, type, pos) VALUES (10482, "lagdung", "lagdung", "m", "nv");
INSERT INTO `wced_entry` VALUES (10483, "laghang", "549", "<entry page=""549"" id=""10483""><form id=""laghang"" lang=""ceb"">laghang</form>
<hom>
<sense n=""0""><trans> <xr lang=""ceb"" target=""#lahang"">= <sc>lahang</sc> (plural), <ix>a</ix> and <ix>v</ix>.</xr>
</trans>
</sense></hom></entry>");
INSERT INTO `wced_head` (entryid, head, normalized_head, type, pos) VALUES (10483, "laghang", "laghang", "m", "");
INSERT INTO `wced_entry` VALUES (10484, "laghaw", "549", "<entry page=""549"" id=""10484""><form id=""laghaw"" lang=""ceb"">laghaw</form>
<hom role=""a""><pos>a</pos>
<sense n=""0""><trans> low and throaty in voice. </trans>
<eg><i lang=""ceb"">Laghaw ang tíngug ni Lurin Bakal,</i><trans> Lauren Bacall had a low and throaty voice. </trans></eg>
</sense></hom>
<hom role=""v""><pos>v</pos>
<sense n=""0""> <itype>[B; c1]</itype><trans> be, become husky, rasping. </trans>
<eg><i lang=""ceb"">Makalaghaw (makapalaghaw) ug tíngug ning sip-un,</i><trans> Colds make the voice weak and throaty.
</trans></eg>
</sense></hom></entry>");
INSERT INTO `wced_head` (entryid, head, normalized_head, type, pos) VALUES (10484, "laghaw", "laghaw", "m", "av");
INSERT INTO `wced_entry` VALUES (10485, "laghay", "549", "<entry page=""549"" id=""10485""><form id=""laghay"" lang=""ceb"">laghay</form>
<hom role=""a""><pos>a</pos>
<sense n=""0""><trans> for s.t. in grains or powder to be hard and dry. </trans>
<eg><i lang=""ceb"">Gaan ang laghay nga munggus,</i><trans> Dry mung beans are light. </trans></eg>
</sense></hom>
<entry><form id=""laghay_nga_ubu"" lang=""ceb""><abbr expan=""laghay"">—</abbr> nga ubu</form>
<hom>
<sense n=""0""><trans> dry cough, difficult with no discharge. </trans>
</sense></hom>
<hom role=""v""><pos>v</pos>
<sense n=""0""> <itype>[B1; c1]</itype><trans> be, become hard and dry. </trans>
<eg><i lang=""ceb"">Ilaghay (lagháya) paglung-ag ang kan-un,</i><trans> Cook the rice hard and dry so that each grain is separate.
</trans></eg>
</sense></hom></entry></entry>");
INSERT INTO `wced_head` (entryid, head, normalized_head, type, pos) VALUES (10485, "laghay", "laghay", "m", "a");
INSERT INTO `wced_head` (entryid, head, normalized_head, type, pos) VALUES (10485, "laghay nga ubu", "laghay nga ubu", "s", "v");
INSERT INTO `wced_entry` VALUES (10486, "laghus", "549", "<entry page=""549"" id=""10486""><form id=""laghus"" lang=""ceb"">laghus</form>
<hom>
<sense n=""0""><trans> (from <ix>lahus</ix>) </trans>
</sense></hom>
<hom role=""v""><pos>v</pos>
<sense n=""0""> <itype>[A; ac]</itype><trans> proceed, take s.t. directly s.w. </trans>
<eg><i lang=""ceb"">Dì ku magdúgay dinhi. Mulaghus ku sa ákung gidulngan,</i><trans> I won’t stay here long. I’ll go directly to the place I’m headed for. </trans></eg>
</sense></hom>
<hom role=""a""><pos>a</pos>
<sense n=""0""><trans> straight without bends.
</trans>
</sense></hom></entry>");
INSERT INTO `wced_head` (entryid, head, normalized_head, type, pos) VALUES (10486, "laghus", "laghus", "m", "va");
INSERT INTO `wced_entry` VALUES (10487, "lagi", "549", "<entry page=""549"" id=""10487""><form id=""lagi"" lang=""ceb"">lagi</form>
<hom>
<sense n=""0""><trans> particle used to assert emphatically that s.t. is what it is. </trans>
</sense>
<sense n=""1""><number>1</number><trans> <ix>particle giving assurance about s.t. the interlocutor may be inclined to disbelieve:</ix> believe it or not, I assure you [so-and-so] is the case. </trans>
<eg><i lang=""ceb"">Ayaw ug kabaláka kay muabut lagi si Máma mu,</i><trans> Don’t worry. Your mother will come back. </trans></eg>
<eg><i lang=""ceb"">Wà lagi nákù tuyúa. Ayaw kasukù,</i><trans> I told you I didn’t mean to do it. You shouldn’t get angry. </trans></eg>
</sense>
<sense n=""1a""><number>1a</number><trans> <ix>in narration, a particle acknowledging that there might be reason to disbelieve:</ix> believe it or not. </trans>
<eg><i lang=""ceb"">Ang manuk lagi ni Pidru nga bayat nakabunù,</i><trans> Believe it or not, that weakling cock of Pedro’s managed to win! </trans></eg>
</sense>
<sense n=""1b""><number>1b</number> <form id=""lagi_kay"" lang=""ceb""><corr sic=""kay —""><abbr expan=""lagi"">—</abbr> kay</corr></form><trans> because, after all, that is what one would expect. </trans>
<eg><i lang=""ceb"">Tungud lagi kay abtik man tu siya, siyay nakadaug,</i><trans> And since he was, after all, pretty smart, he won. </trans></eg>
</sense>
<sense n=""2""><number>2</number><trans> expressing surprise at s.t. contrary to one’s expectations. </trans>
<eg><i lang=""ceb"">Ingun kang wâ. Nía ra man lagi,</i><trans> You said it was gone, but here it is! </trans></eg>
<eg><i lang=""ceb"">Ingun kang dílì mulubad, milubad man lagi,</i><trans> You said it wasn’t going to fade, but it did. </trans></eg>
</sense>
<sense n=""2a""><number>2a</number> <form id=""naxa_na_pud_lagi"" lang=""ceb"">náa na pud <abbr expan=""lagi"">—</abbr></form><trans> expression of deep exasperation at s.t. that <corr sic=""occured"">occurred</corr> a second time, which already was exasperating to start out with. </trans>
<eg><i lang=""ceb"">Náa na pud lagi. Ímu na pung gihilabtan,</i><trans> There you go again. You touched it again. </trans></eg>
</sense>
<sense n=""2b""><number>2b</number> <form id=""apan_lagi"" lang=""ceb"">apan <abbr expan=""lagi"">—</abbr></form><trans> but despite what might have been expected. </trans>
<eg><i lang=""ceb"">Apan lagi, dinhi puy pipila nga nanambung,</i><trans> However, there were a few who attended. </trans></eg>
</sense>
<sense n=""2c""><number>2c</number><trans> [so-and-so] is the case, after all, much as one might wish it otherwise. </trans>
<eg><i lang=""ceb"">Nalípay nga naadtu sa Amirika ang ílang anak, piru kay anak man lagi, mingawun giyud sila,</i><trans> They are happy that their son went to the States, but because he is, after all, their son, they will miss him. </trans></eg>
</sense>
<sense n=""2d""><number>2d</number><trans> <ix>with a repeated command or request:</ix> didn’t I tell you to do [so-and-so]? Now do it! </trans>
<eg><i lang=""ceb"">Ibutang lagi nang kutsilyu,</i><trans> Didn’t I tell you to put that knife down? </trans></eg>
<eg><i lang=""ceb"">Ayaw lagig sábà,</i><trans> I said stop that noise. </trans></eg>
<eg><i lang=""ceb"">Tris lagi. Dì lagi ni ikatúgut ug dus,</i><trans> I said three. I told you I can’t let you have it for two. </trans></eg>
</sense>
<sense n=""3""><number>3</number><trans> <ix>indicating that the speaker was right all along about a certain point in contention:</ix> see, I told you. </trans>
<eg><i lang=""ceb"">Lagi, giingnan ta lagi kang hustu tu,</i><trans> See, I <pb n=""550""/>told you that was right! </trans></eg>
<eg><i lang=""ceb"">‘Uu. Mubálik giyud ku. Duul ra man.’ — ‘Lagi,’</i><trans> ‘Yes, I will come back again. Anyway, it’s right close.’ — ‘Yes (that’s what I’ve been saying).’ </trans></eg>
</sense></hom>
<entry><form id=""daxan_pa_lagi_gen."" lang=""ceb"">dáan pa <abbr expan=""lagi"">—</abbr> <r>[<ix>gen.</ix>]</r></form>
<hom>
<sense n=""0""><trans> that’s what [gen.] thought. </trans>
<eg><i lang=""ceb"">Dáan pa lagi ku, wà siya dinhi,</i><trans> That’s just what I thought! He’s not here. </trans></eg>
</sense>
<sense n=""3a""><number>3a</number><trans> <tr>conceding</tr> a point with some reservation. </trans>
<eg><i lang=""ceb"">‘Gwápu siyag kutsi.’ — ‘U lagi, piru inútang,’</i><trans> ‘He’s got a nice car.’ — ‘He sure does, but it’s not his.’ </trans></eg>
</sense></hom>
<hom role=""v""><pos>v</pos>
<sense n=""0""> <itype>[b(1)]</itype><trans> emphatically assure s.o. by saying <ix>lagi</ix> to him. </trans>
<eg><i lang=""ceb"">Dì ku musálig sa íyang pasálig bísan ug gilagihan ku níya,</i><trans> I won’t count on his promises even though he assured me emphatically.
</trans></eg>
</sense></hom></entry></entry>");
INSERT INTO `wced_head` (entryid, head, normalized_head, type, pos) VALUES (10487, "lagi", "lagi", "m", "");
INSERT INTO `wced_head` (entryid, head, normalized_head, type, pos) VALUES (10487, "lagi kay", "lagi kay", "s", "");
INSERT INTO `wced_head` (entryid, head, normalized_head, type, pos) VALUES (10487, "náa na pud lagi", "naa na pud lagi", "s", "");
INSERT INTO `wced_head` (entryid, head, normalized_head, type, pos) VALUES (10487, "apan lagi", "apan lagi", "s", "");
INSERT INTO `wced_head` (entryid, head, normalized_head, type, pos) VALUES (10487, "dáan pa lagi [gen.]", "daan pa lagi [gen.]", "s", "v");
INSERT INTO `wced_translation` (entryid, translation) VALUES (10487, "conceding");
INSERT INTO `wced_entry` VALUES (10488, "lag-i", "550", "<entry page=""550"" id=""10488""><form id=""lag-i"" lang=""ceb"">lag-i</form>
<hom role=""n""><pos>n</pos>
<sense n=""0""><trans> thin piece of bamboo or rattan used for flooring, fencing, or tying. </trans>
</sense></hom>
<hom role=""v""><pos>v</pos>
<sense n=""0""> <itype>[a; a]</itype><trans> split bamboo or rattan.
</trans>
</sense></hom></entry>");
INSERT INTO `wced_head` (entryid, head, normalized_head, type, pos) VALUES (10488, "lag-i", "lag-i", "m", "nv");
INSERT INTO `wced_entry` VALUES (10489, "lag-id1", "550", "<entry page=""550"" id=""10489""><form id=""lag-id"" lang=""ceb"">lag-id<sub>1</sub></form>
<hom role=""a""><pos>a</pos>
<sense n=""0""><trans> <tr>hard</tr>, <tr>tough</tr>. </trans>
<eg><i lang=""ceb"">Lag-id ang tugas labi na ang íyang lúbas,</i><trans> Molave is a hard wood, esp. the heartwood.
</trans></eg>
</sense></hom></entry>");
INSERT INTO `wced_head` (entryid, head, normalized_head, type, pos) VALUES (10489, "lag-id", "lag-id", "s", "a");
INSERT INTO `wced_translation` (entryid, translation) VALUES (10489, "hard");
INSERT INTO `wced_translation` (entryid, translation) VALUES (10489, "tough");
INSERT INTO `wced_entry` VALUES (10490, "lag-id2", "550", "<entry page=""550"" id=""10490""><form id=""lag-id2"" lang=""ceb"">lag-id<sub>2</sub></form>
<hom role=""v""><pos>v</pos>
<sense n=""0""> <itype>[A; bc]</itype><trans> <tr>brush</tr>, <tr>whizz</tr>, <tr>speed by</tr> s.t. touching or grazing it slightly. </trans>
<eg><i lang=""ceb"">Duha ka íhu ang milag-id (naglag-id) níya,</i><trans> Two sharks whizzed by him. </trans></eg>
<eg><i lang=""ceb"">Ígù lang nakalag-id sa íyang nawung ang bala,</i><trans> The bullet just grazed his face.
</trans></eg>
</sense></hom></entry>");
INSERT INTO `wced_head` (entryid, head, normalized_head, type, pos) VALUES (10490, "lag-id", "lag-id", "s", "v");
INSERT INTO `wced_translation` (entryid, translation) VALUES (10490, "brush");
INSERT INTO `wced_translation` (entryid, translation) VALUES (10490, "whizz");
INSERT INTO `wced_translation` (entryid, translation) VALUES (10490, "speed by");
INSERT INTO `wced_entry` VALUES (10491, "lagilagi", "550", "<entry page=""550"" id=""10491""><form id=""lagilaxgi"" lang=""ceb"">lagilági</form>
<hom>
<sense n=""0""><trans> <tr>kinds</tr>, <tr>quality</tr>. </trans>
<eg><i lang=""ceb"">Lagilági ang buluk sa bángaw,</i><trans> The rainbow has various colors. </trans></eg>
</sense></hom>
<hom role=""v""><pos>v</pos>
<sense n=""0""> <itype>[A; c16]</itype><trans> be, get, make various kinds. </trans>
<eg><i lang=""ceb"">Dílì ta makalagilági sa putáhi kun wà tay kwarta,</i><trans> We can’t have all different kinds of food if we have no money. </trans></eg>
<eg><i lang=""ceb"">Ayaw lagilagíha (ilagilági) ang ímung ági,</i><trans> Don’t vary your penmanship. </trans></eg>
</sense></hom>
<entry><form id=""kalagilaxgi"" lang=""ceb""><abbr expan=""kalagilági"">ka-</abbr></form>
<hom>
<sense n=""0""><trans> of all different kinds. </trans>
</sense></hom>
<hom role=""v""><pos>v</pos>
<sense n=""0""> <itype>[A13]</itype><trans> be of all different kinds. </trans>
<eg><i lang=""ceb"">Ang útan nga magkalagilági lamían,</i><trans> A vegetable stew of various kinds of vegetables tastes good.
</trans></eg>
</sense></hom></entry></entry>");
INSERT INTO `wced_head` (entryid, head, normalized_head, type, pos) VALUES (10491, "lagilági", "lagilagi", "m", "v");
INSERT INTO `wced_head` (entryid, head, normalized_head, type, pos) VALUES (10491, "kalagilági", "kalagilagi", "s", "v");
INSERT INTO `wced_translation` (entryid, translation) VALUES (10491, "kinds");
INSERT INTO `wced_translation` (entryid, translation) VALUES (10491, "quality");
INSERT INTO `wced_entry` VALUES (10492, "lagilhi", "550", "<entry page=""550"" id=""10492""><form id=""lagilhi"" lang=""ceb"">lagilhi</form>
<hom role=""v""><pos>v</pos>
<sense n=""0""> <itype>[A; b]</itype><trans> smooth sticks by scraping or whittling off unnecessary edges. </trans>
<eg><i lang=""ceb"">Siyay milagilhi sa kawáyang igsalálug,</i><trans> He smoothed the slats to put in as flooring.
</trans></eg>
</sense></hom></entry>");
INSERT INTO `wced_head` (entryid, head, normalized_head, type, pos) VALUES (10492, "lagilhi", "lagilhi", "m", "v");
INSERT INTO `wced_entry` VALUES (10493, "laging", "550", "<entry page=""550"" id=""10493""><form id=""laxging"" lang=""ceb"">láging</form>
<hom>
<sense n=""0""><trans> <xr lang=""ceb"" target=""#luxging"">= <sc>lúging</sc>.</xr>
</trans>
</sense></hom></entry>");
INSERT INTO `wced_head` (entryid, head, normalized_head, type, pos) VALUES (10493, "láging", "laging", "m", "");
INSERT INTO `wced_entry` VALUES (10494, "lagingling", "550", "<entry page=""550"" id=""10494""><form id=""lagingling"" lang=""ceb"">lagingling</form>
<hom role=""n""><pos>n</pos>
<sense n=""0""><trans> soft tinkling sound. </trans>
<eg><i lang=""ceb"">Ang lagingling sa kampanilya,</i><trans> The tinkling of the small bell. </trans></eg>
<eg><i lang=""ceb"">Ang lagingling sa íyang kinataw-an,</i><trans> The tinkling of her laughter. </trans></eg>
</sense></hom>
<hom role=""v""><pos>v</pos>
<sense n=""0""> <itype>[A; c1]</itype><trans> make a tinkling sound.
</trans>
</sense></hom></entry>");
INSERT INTO `wced_head` (entryid, head, normalized_head, type, pos) VALUES (10494, "lagingling", "lagingling", "m", "nv");
INSERT INTO `wced_entry` VALUES (10495, "laginit", "550", "<entry page=""550"" id=""10495""><form id=""lagixnit"" lang=""ceb"">lagínit</form>
<hom role=""v""><pos>v</pos>
<sense n=""0""> <itype>[B2S45]</itype><trans> emit a ripping, tearing sound. </trans>
<eg><i lang=""ceb"">Nagkalaginit ang pánit nga giláras,</i><trans> The leather that was sliced gave a ripping sound. </trans></eg>
</sense></hom>
<hom role=""n""><pos>n</pos>
<sense n=""0""><trans> a ripping, tearing sound. </trans>
<eg><i lang=""ceb"">Nadungug námù ang lagínit sa pagkasìsì sa íyang karsúnis,</i><trans> We heard the sound of his trousers ripping. </trans></eg>
</sense></hom>
<entry><form id=""linagixnit"" lang=""ceb""><abbr expan=""linagínit"">-in-</abbr></form>
<hom>
<sense n=""0""><trans> <xr lang=""ceb"" target=""#lagixnit"">= <sc>lagínit</sc>, <i lang=""ceb"">n</i>.</xr>
</trans>
</sense></hom></entry></entry>");
INSERT INTO `wced_head` (entryid, head, normalized_head, type, pos) VALUES (10495, "lagínit", "laginit", "m", "vn");
INSERT INTO `wced_head` (entryid, head, normalized_head, type, pos) VALUES (10495, "linagínit", "linaginit", "s", "");
INSERT INTO `wced_entry` VALUES (10496, "lag-it", "550", "<entry page=""550"" id=""10496""><form id=""lag-it"" lang=""ceb"">lag-it</form>
<hom role=""a""><pos>a</pos>
<sense n=""1""><number>1</number><trans> rough and sharp. </trans>
<eg><i lang=""ceb"">Mga lag-it nang mga batu,</i><trans> Those rocks are sharp and rough. </trans></eg>
</sense>
<sense n=""1a""><number>1a</number><trans> sharp, keen, piercing. </trans>
</sense>
<sense n=""2""><number>2</number><trans> hard and durable. </trans>
<eg><i lang=""ceb"">Lag-it nga káhuy, pánit,</i><trans> Hard wood, durable leather. </trans></eg>
</sense></hom>
<hom role=""v""><pos>v</pos>
<sense n=""1""><number>1</number> <itype>[B12; a]</itype><trans> <tr>be, become sharp, piercing</tr>. </trans>
<eg><i lang=""ceb"">Sigíhig báid hangtud malag-it,</i><trans> Keep working at it until it becomes sharp. </trans></eg>
<eg><i lang=""ceb"">Dinhà na ang babáyi batíag kahadluk sa nagkalag-it na ang tinan-awan sa táwu kaníya,</i><trans> The girl didn’t feel frightened until the man started shooting penetrating glances at her. </trans></eg>
</sense>
<sense n=""2""><number>2</number> <itype>[B]</itype><trans> <tr>be, become hard and durable</tr>. </trans>
<eg><i lang=""ceb"">Mulag-it ang kámay ug latikun,</i><trans> Sugar becomes crystallized if you make it into syrup.
</trans></eg>
</sense></hom></entry>");
INSERT INTO `wced_head` (entryid, head, normalized_head, type, pos) VALUES (10496, "lag-it", "lag-it", "m", "av");
INSERT INTO `wced_translation` (entryid, translation) VALUES (10496, "be");
INSERT INTO `wced_translation` (entryid, translation) VALUES (10496, "become sharp");
INSERT INTO `wced_translation` (entryid, translation) VALUES (10496, "piercing");
INSERT INTO `wced_translation` (entryid, translation) VALUES (10496, "become hard and durable");
INSERT INTO `wced_entry` VALUES (10497, "lagiti", "550", "<entry page=""550"" id=""10497""><form id=""lagitiq"" lang=""ceb"">lagitì</form>
<hom role=""n""><pos>n</pos>
<sense n=""0""><trans> <tr>a sharp, snapping or cracking sound</tr>. </trans>
<eg><i lang=""ceb"">Ang lagitì sa pistúlang gikák,</i><trans> The snapping of the pistol that was cocked. </trans></eg>
</sense></hom>
<hom role=""v""><pos>v</pos>
<sense n=""0""> <itype>[B46]</itype><trans> <tr>make a cracking, snapping sound</tr>. </trans>
<eg><i lang=""ceb"">Milagitì ang gamayng sanga nga ákung natumban,</i><trans> The twig cracked when I stepped on it. </trans></eg>
<eg><i lang=""ceb"">Ang asin mauy nakalagitì (nakapalagitì) sa káyu,</i><trans> The salt thrown into the fire made it crackle. </trans></eg>
</sense></hom>
<entry><form id=""linagitiq"" lang=""ceb""><abbr expan=""linagitì"">-in-</abbr></form>
<hom>
<sense n=""0""><trans> <xr lang=""ceb"" target=""#lagitiq"">= <sc>lagitì</sc>, <i lang=""ceb"">n</i>.</xr>
</trans>
</sense></hom></entry></entry>");
INSERT INTO `wced_head` (entryid, head, normalized_head, type, pos) VALUES (10497, "lagitì", "lagiti", "m", "nv");
INSERT INTO `wced_head` (entryid, head, normalized_head, type, pos) VALUES (10497, "linagitì", "linagiti", "s", "");
INSERT INTO `wced_translation` (entryid, translation) VALUES (10497, "a sharp");
INSERT INTO `wced_translation` (entryid, translation) VALUES (10497, "snapping or cracking sound");
INSERT INTO `wced_translation` (entryid, translation) VALUES (10497, "make a cracking");
INSERT INTO `wced_translation` (entryid, translation) VALUES (10497, "snapping sound");
INSERT INTO `wced_entry` VALUES (10498, "lagiting", "550", "<entry page=""550"" id=""10498""><form id=""lagiting"" lang=""ceb"">lagiting</form>
<hom role=""a""><pos>a</pos>
<sense n=""0""><trans> <tr>intense heat of the sun</tr>. </trans>
<eg><i lang=""ceb"">Mulakaw kang lagiting ang ínit?</i><trans> Do you have to go when the heat is scorching? </trans></eg>
</sense></hom>
<hom role=""v""><pos>v</pos>
<sense n=""0""> <itype>[A]</itype><trans> <tr>for the sun’s heat to get intense</tr>.
</trans>
</sense></hom></entry>");
INSERT INTO `wced_head` (entryid, head, normalized_head, type, pos) VALUES (10498, "lagiting", "lagiting", "m", "av");
INSERT INTO `wced_translation` (entryid, translation) VALUES (10498, "intense heat of the sun");
INSERT INTO `wced_translation` (entryid, translation) VALUES (10498, "for the sun’s heat to get intense");
INSERT INTO `wced_entry` VALUES (10499, "lagiw", "550", "<entry page=""550"" id=""10499""><form id=""lagiw"" lang=""ceb"">lagiw</form>
<hom role=""v""><pos>v</pos>
<sense n=""0""> <itype>[B56; b3c]</itype><trans> <tr>run away, escape from a place</tr>. </trans>
<eg><i lang=""ceb"">Milagiw (nalagiw) ang mutsatsa kay gidagmálan,</i><trans> The maid ran away because she was badly treated. </trans></eg>
<eg><i lang=""ceb"">Unsay ímung gilagiwan sa inyu?</i><trans> What did you escape from at home? </trans></eg>
<eg><i lang=""ceb"">Ilagiw ang ímung uyab gíkan sa íyang pamanhunun,</i><trans> Take your girl away from her husband-to-be. </trans></eg>
</sense></hom>
<hom role=""n""><pos>n</pos>
<sense n=""0""><trans> <tr>escapee, stowaway</tr>. </trans>
<eg><i lang=""ceb"">Nasakpan ang lagiw sa pínal kuluni,</i><trans> They caught the escapee from the penal colony. </trans></eg>
</sense></hom>
<entry><form id=""kalagiw"" lang=""ceb""><abbr expan=""kalagiw"">ka-</abbr></form>
<hom role=""v""><pos>v</pos>
<sense n=""0""><trans> <xr lang=""ceb"" target=""#lagiw"">= <sc>lagiw</sc>.</xr> </trans>
</sense></hom></entry>
<entry><form id=""kaxgiw"" lang=""ceb"">kágiw</form>
<hom>
<sense n=""0""><trans> <xr lang=""ceb"" target=""#kalagiw"">= <sc>kalagiw</sc>.</xr>
</trans>
</sense></hom></entry></entry>");
INSERT INTO `wced_head` (entryid, head, normalized_head, type, pos) VALUES (10499, "lagiw", "lagiw", "m", "vn");
INSERT INTO `wced_head` (entryid, head, normalized_head, type, pos) VALUES (10499, "kalagiw", "kalagiw", "s", "v");
INSERT INTO `wced_head` (entryid, head, normalized_head, type, pos) VALUES (10499, "kágiw", "kagiw", "s", "");
INSERT INTO `wced_translation` (entryid, translation) VALUES (10499, "run away");
INSERT INTO `wced_translation` (entryid, translation) VALUES (10499, "escape from a place");
INSERT INTO `wced_translation` (entryid, translation) VALUES (10499, "escapee");
INSERT INTO `wced_translation` (entryid, translation) VALUES (10499, "stowaway");
INSERT INTO `wced_entry` VALUES (10500, "lagiwliw", "550", "<entry page=""550"" id=""10500""><form id=""lagiwliw"" lang=""ceb"">lagiwliw</form>
<hom role=""n""><pos>n</pos>
<sense n=""0""><trans> <tr>spiny outgrowths from bamboo plants</tr>. </trans>
</sense></hom>
<hom role=""v""><pos>v</pos>
<sense n=""0""> <itype>[A; b]</itype><trans> <tr>gather <ix>lagiwliw</ix></tr>.
</trans>
</sense></hom></entry>");
INSERT INTO `wced_head` (entryid, head, normalized_head, type, pos) VALUES (10500, "lagiwliw", "lagiwliw", "m", "nv");
INSERT INTO `wced_translation` (entryid, translation) VALUES (10500, "spiny outgrowths from bamboo plants");
INSERT INTO `wced_translation` (entryid, translation) VALUES (10500, "gather lagiwliw");
INSERT INTO `wced_entry` VALUES (10501, "lagkaw", "550", "<entry page=""550"" id=""10501""><form id=""lagkaw"" lang=""ceb"">lagkaw</form>
<hom role=""n""><pos>n</pos>
<sense n=""0""><trans> <tr>makeshift shelter</tr> for staying in temporarily. </trans>
</sense></hom>
<hom role=""v""><pos>v</pos>
<sense n=""0""> <itype>[A; a]</itype><trans> <tr>make a temporary shelter</tr>. </trans>
<eg><i lang=""ceb"">Naglagkaw ang mga bakwit sa lasang,</i><trans> The evacuees erected lean-to’s in the forest. </trans></eg>
</sense></hom>
<entry><form id=""linagkaw"" lang=""ceb""><abbr expan=""linagkaw"">-in-</abbr></form>
<hom role=""a""><pos>a</pos>
<sense n=""0""><trans> <tr>built like a temporary shelter</tr>.
</trans>
</sense></hom></entry></entry>");
INSERT INTO `wced_head` (entryid, head, normalized_head, type, pos) VALUES (10501, "lagkaw", "lagkaw", "m", "nv");
INSERT INTO `wced_head` (entryid, head, normalized_head, type, pos) VALUES (10501, "linagkaw", "linagkaw", "s", "a");
INSERT INTO `wced_translation` (entryid, translation) VALUES (10501, "makeshift shelter");
INSERT INTO `wced_translation` (entryid, translation) VALUES (10501, "make a temporary shelter");
INSERT INTO `wced_translation` (entryid, translation) VALUES (10501, "built like a temporary shelter");
INSERT INTO `wced_entry` VALUES (10502, "laglag", "550", "<entry page=""550"" id=""10502""><form id=""laglag"" lang=""ceb"">laglag</form>
<hom role=""a""><pos>a</pos>
<sense n=""1""><number>1</number><trans> <tr>fallen off</tr>. </trans>
<eg><i lang=""ceb"">Mga laglag nga dáhun,</i><trans> Fallen leaves. </trans></eg>
</sense>
<sense n=""2""><number>2</number><trans> <tr>destroyed, ruined</tr>. </trans>
<eg><i lang=""ceb"">Laglag nga mga damgu,</i><trans> Ruined dreams. </trans></eg>
</sense></hom>
<hom role=""v""><pos>v</pos>
<sense n=""1""><number>1</number> <itype>[B; a]</itype><trans> <tr>fall off, cause to do so</tr>. </trans>
<eg><i lang=""ceb"">Ang hángin naglaglag sa mga lusuk sa humay,</i><trans> The wind caused the grains of rice to fall off. </trans></eg>
<eg><i lang=""ceb"">Nagkalaglag ang íyang buhuk human masakit sa típus,</i><trans> Her hair has been constantly falling off after her bout with typhoid. </trans></eg>
<eg><i lang=""ceb"">Gilaglag níyag túyù ang panyù arun nákù punitun,</i><trans> She dropped the handkerchief on purpose so that I would pick it up. </trans></eg>
</sense>
<sense n=""2""><number>2</number> <itype>[B6]</itype><trans> <tr>abort, have a miscarriage or an abortion</tr>. </trans>
<eg><i lang=""ceb"">Prisúhun ang duktur nga mulaglag ug bátà,</i><trans> A doctor who performs abortions will be put in prison. <pb n=""551""/></trans></eg>
<eg><i lang=""ceb"">Bag-u pa siya nga nalaglágan,</i><trans> She just had a miscarriage. </trans></eg>
</sense>
<sense n=""3""><number>3</number> <itype>[AB12; a]</itype><trans> bring to a downfall, <tr>destroy</tr>. </trans>
<eg><i lang=""ceb"">Ang Diyus naglaglag sa Súdum,</i><trans> God destroyed Sodom. </trans></eg>
</sense></hom>
<entry><form id=""malaglaxgun"" lang=""ceb""><abbr expan=""malaglágun"">ma-un</abbr></form>
<hom role=""a""><pos>a</pos>
<sense n=""0""><trans> destructive. </trans>
<eg><i lang=""ceb"">Malaglágung hunàhúnà,</i><trans> Destructive thoughts.
</trans></eg>
</sense></hom></entry></entry>");
INSERT INTO `wced_head` (entryid, head, normalized_head, type, pos) VALUES (10502, "laglag", "laglag", "m", "av");
INSERT INTO `wced_head` (entryid, head, normalized_head, type, pos) VALUES (10502, "malaglágun", "malaglagun", "s", "a");
INSERT INTO `wced_translation` (entryid, translation) VALUES (10502, "fallen off");
INSERT INTO `wced_translation` (entryid, translation) VALUES (10502, "destroyed");
INSERT INTO `wced_translation` (entryid, translation) VALUES (10502, "ruined");
INSERT INTO `wced_translation` (entryid, translation) VALUES (10502, "fall off");
INSERT INTO `wced_translation` (entryid, translation) VALUES (10502, "cause to do so");
INSERT INTO `wced_translation` (entryid, translation) VALUES (10502, "abort");
INSERT INTO `wced_translation` (entryid, translation) VALUES (10502, "have a miscarriage or an abortion");
INSERT INTO `wced_translation` (entryid, translation) VALUES (10502, "destroy");
INSERT INTO `wced_entry` VALUES (10503, "laglum", "551", "<entry page=""551"" id=""10503""><form id=""laglum"" lang=""ceb"">laglum</form>
<hom>
<sense n=""0""><trans> <xr lang=""ceb"" target=""#lalum""><ix>see</ix> <sc>lalum</sc>.</xr>
</trans>
</sense></hom></entry>");
INSERT INTO `wced_head` (entryid, head, normalized_head, type, pos) VALUES (10503, "laglum", "laglum", "m", "");
INSERT INTO `wced_entry` VALUES (10504, "lagmaw", "551", "<entry page=""551"" id=""10504""><form id=""lagmaw"" lang=""ceb"">lagmaw</form>
<hom>
<sense n=""0""><trans> <xr lang=""ceb"" target=""#lugmaw"">= <sc>lugmaw</sc>.</xr>
</trans>
</sense></hom></entry>");
INSERT INTO `wced_head` (entryid, head, normalized_head, type, pos) VALUES (10504, "lagmaw", "lagmaw", "m", "");
INSERT INTO `wced_entry` VALUES (10505, "lagmun", "551", "<entry page=""551"" id=""10505""><form id=""lagmun"" lang=""ceb"">lagmun</form>
<hom role=""n""><pos>n</pos>
<sense n=""0""><trans> <tr>impulse</tr>, what one wants to do at a certain instant. </trans>
<eg><i lang=""ceb"">Unsa may lagmun ku? Sa pagkakità kung nanágan sila, midágan sab ku,</i><trans> When I saw them run away, my impulse was to run away, too.
</trans></eg>
</sense></hom></entry>");
INSERT INTO `wced_head` (entryid, head, normalized_head, type, pos) VALUES (10505, "lagmun", "lagmun", "m", "n");
INSERT INTO `wced_translation` (entryid, translation) VALUES (10505, "impulse");
INSERT INTO `wced_entry` VALUES (10506, "lagmit", "551", "<entry page=""551"" id=""10506""><form id=""lagmit"" lang=""ceb"">lagmit</form>
<hom>
<sense n=""0""><trans> likely, the chances are very good that s.t. will happen. </trans>
<eg><i lang=""ceb"">Ayúhag báat kay lagmit mabadbad ang hukut,</i><trans> Tie it well because the knot will likely come undone. </trans></eg>
<eg><i lang=""ceb"">Lagmit sa (ang) mapasahan sa gútum mabúang,</i><trans> A person who has become over-hungered is likely to go crazy<corr>.</corr> </trans></eg>
</sense></hom>
<entry><form id=""malagmit"" lang=""ceb""><abbr expan=""malagmit"">ma-</abbr></form>
<hom>
<sense n=""0""><trans> <xr lang=""ceb"" target=""#lagmit"">= <sc>lagmit</sc>.</xr> </trans>
</sense></hom></entry>
<entry><form id=""kalagmixtan"" lang=""ceb""><abbr expan=""kalagmítan"">ka-an</abbr></form>
<hom>
<sense n=""1""><number>1</number><trans> <xr lang=""ceb"" target=""#lagmit"">= <sc>lagmit</sc>.</xr> </trans>
</sense>
<sense n=""2""><number>2</number><trans> probability. </trans>
<eg><i lang=""ceb"">Ang kalagmítan nga may gíra dílì ikalimud,</i><trans> It cannot be denied that there is a good likelihood of war.
</trans></eg>
</sense></hom></entry></entry>");
INSERT INTO `wced_head` (entryid, head, normalized_head, type, pos) VALUES (10506, "lagmit", "lagmit", "m", "");
INSERT INTO `wced_head` (entryid, head, normalized_head, type, pos) VALUES (10506, "malagmit", "malagmit", "s", "");
INSERT INTO `wced_head` (entryid, head, normalized_head, type, pos) VALUES (10506, "kalagmítan", "kalagmitan", "s", "");
INSERT INTO `wced_entry` VALUES (10507, "lagnak", "551", "<entry page=""551"" id=""10507""><form id=""lagnak"" lang=""ceb"">lagnak</form>
<hom role=""a""><pos>a</pos>
<sense n=""0""><trans> <tr>loose</tr>, <tr>sagging</tr>. </trans>
<eg><i lang=""ceb"">Lagnak ra nang pagkahigut sa muskitíru,</i><trans> The mosquito net has been tied so that it is sagging. </trans></eg>
</sense></hom>
<hom role=""v""><pos>v</pos>
<sense n=""0""> <itype>[B; c1]</itype><trans> be, become slack, loose. </trans>
<eg><i lang=""ceb"">Nagkalagnak ang íyang mga sinínà gíkan sa íyang pagkasakit,</i><trans> Her dresses have become too loose for her after her sickness.
</trans></eg>
</sense></hom></entry>");
INSERT INTO `wced_head` (entryid, head, normalized_head, type, pos) VALUES (10507, "lagnak", "lagnak", "m", "av");
INSERT INTO `wced_translation` (entryid, translation) VALUES (10507, "loose");
INSERT INTO `wced_translation` (entryid, translation) VALUES (10507, "sagging");
INSERT INTO `wced_entry` VALUES (10508, "lagnas", "551", "<entry page=""551"" id=""10508""><form id=""lagnas"" lang=""ceb"">lagnas</form>
<hom role=""v""><pos>v</pos>
<sense n=""0""> <itype>[A; b(1)]</itype><trans> for water to spread out or flow over. </trans>
<eg><i lang=""ceb"">Mulagnas ang túbig sa subà ngadtu sa <corr sic=""pilapìlan"">pilapílan</corr> ug tingbáhà,</i><trans> Water from the river spreads over the rice paddies during the flood season. </trans></eg>
<eg><i lang=""ceb"">Basta dakung dágat maglagnas ang ámung sílung,</i><trans> When the tide is high, water spreads under our house.
</trans></eg>
</sense></hom></entry>");
INSERT INTO `wced_head` (entryid, head, normalized_head, type, pos) VALUES (10508, "lagnas", "lagnas", "m", "v");
INSERT INTO `wced_entry` VALUES (10509, "lagnaw", "551", "<entry page=""551"" id=""10509""><form id=""lagnaw"" lang=""ceb"">lagnaw</form>
<hom>
<sense n=""0""><trans> <xr lang=""ceb"" target=""#labnaw"">= <sc>labnaw</sc>.</xr>
</trans>
</sense></hom></entry>");
INSERT INTO `wced_head` (entryid, head, normalized_head, type, pos) VALUES (10509, "lagnaw", "lagnaw", "m", "");
INSERT INTO `wced_entry` VALUES (10510, "lagnay", "551", "<entry page=""551"" id=""10510""><form id=""lagnay"" lang=""ceb"">lagnay</form>
<hom role=""a""><pos>a</pos>
<sense n=""0""><trans> sagging for lack of firmness. </trans>
<eg><i lang=""ceb"">Lagnay kaáyu ang unlan nga kúwang sa dasuk,</i><trans> A pillow that lacks stuffing is very soft. </trans></eg>
</sense></hom>
<hom role=""v""><pos>v</pos>
<sense n=""0""> <itype>[B; a2]</itype><trans> sag for lack of firmness. </trans>
<eg><i lang=""ceb"">Mulagnay ang tútuy sa inahan basta dì na sus-an,</i><trans> The breast of a mother sags after she stops nursing.
</trans></eg>
</sense></hom></entry>");
INSERT INTO `wced_head` (entryid, head, normalized_head, type, pos) VALUES (10510, "lagnay", "lagnay", "m", "av");
INSERT INTO `wced_entry` VALUES (10511, "lagnub", "551", "<entry page=""551"" id=""10511""><form id=""lagnub"" lang=""ceb"">lagnub</form>
<hom role=""n""><pos>n</pos>
<sense n=""0""><trans> erect shrub or small tree with smooth, glaberous, and shiny oval leaves, used to stop bleeding: <bio>Ficus hauili</bio>.
</trans>
</sense></hom></entry>");
INSERT INTO `wced_head` (entryid, head, normalized_head, type, pos) VALUES (10511, "lagnub", "lagnub", "m", "n");
INSERT INTO `wced_entry` VALUES (10512, "lagnut", "551", "<entry page=""551"" id=""10512""><form id=""lagnut"" lang=""ceb"">lagnut</form>
<hom>
<sense n=""0""><trans> <xr lang=""ceb"" target=""#labnut"">= <sc>labnut</sc>.</xr>
</trans>
</sense></hom></entry>");
INSERT INTO `wced_head` (entryid, head, normalized_head, type, pos) VALUES (10512, "lagnut", "lagnut", "m", "");
INSERT INTO `wced_entry` VALUES (10513, "lagpad", "551", "<entry page=""551"" id=""10513""><form id=""lagpad"" lang=""ceb"">lagpad</form>
<hom>
<sense n=""0""><trans> <xr lang=""ceb"" target=""#lapad"">= <sc>lapad</sc></xr> (plural).
</trans>
</sense></hom></entry>");
INSERT INTO `wced_head` (entryid, head, normalized_head, type, pos) VALUES (10513, "lagpad", "lagpad", "m", "");
INSERT INTO `wced_entry` VALUES (10514, "lagpak", "551", "<entry page=""551"" id=""10514""><form id=""lagpak"" lang=""ceb"">lagpak</form>
<hom role=""v""><pos>v</pos>
<sense n=""0""> <itype>[A; a1b2]</itype><trans> </trans>
</sense>
<sense n=""1""><number>1</number><trans> <tr>slap</tr>, strike a part of one’s body with the hand or with s.t. flat. </trans>
<eg><i lang=""ceb"">Kinsa tung naglagpak sa ákung bukubuku?</i><trans> Who slapped my back? </trans></eg>
</sense>
<sense n=""2""><number>2</number> <itype>[A; b]</itype><trans> <tr>patch a hole</tr>. </trans>
<eg><i lang=""ceb"">Lagpáki na lang nà bisag unsa arun dì ka lìlíun,</i><trans> Patch that with anything so they won’t peep at you. </trans></eg>
<eg><i lang=""ceb"">Pula ang ilagpak sa ákung sinínà,</i><trans> Use a red piece of cloth to patch the tear in my dress. </trans></eg>
</sense></hom>
<hom role=""n""><pos>n</pos>
<sense n=""0""><trans> slapping sound. </trans>
</sense></hom>
<entry><form id=""linagpak"" lang=""ceb""><abbr expan=""linagpak"">-in-</abbr></form>
<hom role=""n""><pos>n</pos>
<sense n=""0""><trans> having a checkered or striped design. </trans>
<eg><i lang=""ceb"">Linagpak nga hinabul,</i><trans> Cloth woven in a checkered design. </trans></eg>
</sense></hom>
<hom role=""v""><pos>v</pos>
<sense n=""0""> <itype>[A; a]</itype><trans> weave cloth in a checkered design.
</trans>
</sense></hom></entry></entry>");
INSERT INTO `wced_head` (entryid, head, normalized_head, type, pos) VALUES (10514, "lagpak", "lagpak", "m", "vn");
INSERT INTO `wced_head` (entryid, head, normalized_head, type, pos) VALUES (10514, "linagpak", "linagpak", "s", "nv");
INSERT INTO `wced_translation` (entryid, translation) VALUES (10514, "slap");
INSERT INTO `wced_translation` (entryid, translation) VALUES (10514, "patch a hole");
INSERT INTO `wced_entry` VALUES (10515, "lagpang", "551", "<entry page=""551"" id=""10515""><form id=""lagpang"" lang=""ceb"">lagpang</form>
<hom role=""v""><pos>v</pos>
<sense n=""0""> <itype>[AN; c1]</itype><trans> broil peeled mature bananas. </trans>
<eg><i lang=""ceb"">Lagpangun (ilagpang) níya ang salin nga ságing linung-ag,</i><trans> He will broil the leftover cooked bananas. </trans></eg>
</sense></hom>
<entry><form id=""linagpang"" lang=""ceb""><abbr expan=""linagpang"">-in-</abbr></form>
<hom role=""n""><pos>n</pos>
<sense n=""0""><trans> broiled bananas.
</trans>
</sense></hom></entry></entry>");
INSERT INTO `wced_head` (entryid, head, normalized_head, type, pos) VALUES (10515, "lagpang", "lagpang", "m", "v");
INSERT INTO `wced_head` (entryid, head, normalized_head, type, pos) VALUES (10515, "linagpang", "linagpang", "s", "n");
INSERT INTO `wced_entry` VALUES (10516, "lagpi", "551", "<entry page=""551"" id=""10516""><form id=""lagpiq"" lang=""ceb"">lagpì</form>
<hom role=""v""><pos>v</pos>
<sense n=""0""> <itype>[A; a2]</itype><trans> harvest corn. </trans>
<eg><i lang=""ceb"">Hinug na ang púsù sa mais hustu nang lagpíun,</i><trans> The corn ears are ripe, just right for harvest. </trans></eg>
</sense></hom>
<entry><form id=""lagpiunun"" lang=""ceb""><abbr expan=""lagpiunun"">-unun</abbr></form>
<hom role=""n""><pos>n</pos>
<sense n=""0""><trans> corn that is ready for harvest.
</trans>
</sense></hom></entry></entry>");
INSERT INTO `wced_head` (entryid, head, normalized_head, type, pos) VALUES (10516, "lagpì", "lagpi", "m", "v");
INSERT INTO `wced_head` (entryid, head, normalized_head, type, pos) VALUES (10516, "lagpiunun", "lagpiunun", "s", "n");
INSERT INTO `wced_entry` VALUES (10517, "lagput", "551", "<entry page=""551"" id=""10517""><form id=""lagput"" lang=""ceb"">lagput</form>
<hom role=""v""><pos>v</pos>
<sense n=""1""><number>1</number> <itype>[B26; b6]</itype><trans> be knocked a distance. </trans>
<eg><i lang=""ceb"">Milagput ang búla ug layù pagpátid ni Rúmi,</i><trans> Romy kicked the ball, and it flew off in the distance. </trans></eg>
<eg><i lang=""ceb"">Hilagputan ku sa íyang láway,</i><trans> I was hit by his spit. </trans></eg>
<eg><i lang=""ceb"">Nalagput ku nga giigwáran níya,</i><trans> I was thrown to the side when she hit me with her buttocks. </trans></eg>
</sense>
<sense n=""2""><number>2</number> <itype>[B246]</itype><trans> remove from a job, expel. </trans>
<eg><i lang=""ceb"">Nalagput na siya sa iskuylahan. Hasta ikaw mulagput ug dì ka mag-amping,</i><trans> He was kicked out of school, and you will be, too, if you don’t watch it. </trans></eg>
</sense>
<sense n=""3""><number>3</number> <itype>[B26]</itype><trans> be caused to move with alacrity. </trans>
<eg><i lang=""ceb"">Milagput mi pagkadungug sa mandasiyun,</i><trans> We moved off smartly when we heard the command. </trans></eg>
</sense></hom>
<entry><form id=""palagput"" lang=""ceb""><abbr expan=""palagput"">pa-</abbr></form>
<hom role=""v""><pos>v</pos>
<sense n=""0""> <itype>[A; c1]</itype><trans> </trans>
</sense>
<sense n=""1""><number>1</number><trans> cause to fly off. </trans>
</sense>
<sense n=""2""><number>2</number><trans> expel from school or job. </trans>
<eg><i lang=""ceb"">Wà na lang nákù siya ipalagput (palagpúta) sa íyang gisap-an,</i><trans> I didn’t expel him from the land he was working.
</trans></eg>
</sense></hom></entry></entry>");
INSERT INTO `wced_head` (entryid, head, normalized_head, type, pos) VALUES (10517, "lagput", "lagput", "m", "v");
INSERT INTO `wced_head` (entryid, head, normalized_head, type, pos) VALUES (10517, "palagput", "palagput", "s", "v");
INSERT INTO `wced_entry` VALUES (10518, "lagsaw1", "551", "<entry page=""551"" id=""10518""><form id=""lagsaw"" lang=""ceb"">lagsaw<sub>1</sub></form>
<hom role=""a""><pos>a</pos>
<sense n=""0""><trans> for the voice to be cracking, dry. </trans>
</sense></hom>
<hom role=""v""><pos>v</pos>
<sense n=""0""> <itype>[B]</itype><trans> get to be cracked and dry. </trans>
<eg><i lang=""ceb"">Milagsaw ang tíngug sa bátà ug hinílak,</i><trans> The child’s voice became hoarse from crying.
</trans></eg>
</sense></hom></entry>");
INSERT INTO `wced_head` (entryid, head, normalized_head, type, pos) VALUES (10518, "lagsaw", "lagsaw", "s", "av");
INSERT INTO `wced_entry` VALUES (10519, "lagsaw2", "551", "<entry page=""551"" id=""10519""><form id=""lagsaw2"" lang=""ceb"">lagsaw<sub>2</sub></form>
<hom role=""a""><pos>a</pos>
<sense n=""1""><number>1</number><trans> tall and lanky. </trans>
</sense>
<sense n=""2""><number>2</number><trans> having bones sticking out prominently. </trans>
</sense></hom>
<hom role=""v""><pos>v</pos>
<sense n=""0""> <itype>[B; b6]</itype><trans> </trans>
</sense>
<sense n=""1""><number>1</number><trans> become tall and lanky. </trans>
<eg><i lang=""ceb"">Milagsaw lag kalit ang batan-ung laláki sa pagkabayung na,</i><trans> The young boy suddenly shot up when he reached his teens. </trans></eg>
</sense>
<sense n=""2""><number>2</number><trans> for the bones to stick out. </trans>
<eg><i lang=""ceb"">Naunsa man kang nanglagsaw na nang ímung gúsuk?</i><trans> What’s the matter with you that your ribs are sticking out?
</trans></eg>
</sense></hom></entry>");
INSERT INTO `wced_head` (entryid, head, normalized_head, type, pos) VALUES (10519, "lagsaw", "lagsaw", "s", "av");
INSERT INTO `wced_entry` VALUES (10520, "lagsaw3", "551", "<entry page=""551"" id=""10520""><form id=""lagsaw3"" lang=""ceb"">lagsaw<sub>3</sub></form>
<hom role=""n""><pos>n</pos>
<sense n=""0""><trans> deer.
</trans>
</sense></hom></entry>");
INSERT INTO `wced_head` (entryid, head, normalized_head, type, pos) VALUES (10520, "lagsaw", "lagsaw", "s", "n");
INSERT INTO `wced_entry` VALUES (10521, "lagsik1", "551", "<entry page=""551"" id=""10521""><form id=""lagsik"" lang=""ceb"">lagsik<sub>1</sub></form>
<hom role=""a""><pos>a</pos>
<sense n=""1""><number>1</number><trans> speedy and energetic. </trans>
</sense>
<sense n=""1a""><number>1a</number><trans> doing s.t. quickly. </trans>
<eg><i lang=""ceb"">Lagsik kaáyu siyang mulálag banig,</i><trans> He is quick in weaving mats. </trans></eg>
</sense>
<sense n=""2""><number>2</number><trans> healthy. </trans>
<eg><i lang=""ceb"">Lagsik na man si Máma. Wà nay hilánat,</i><trans> Mother is fine again. She doesn’t have any fever any more. </trans></eg>
</sense></hom>
<hom role=""v""><pos>v</pos>
<sense n=""0""> <itype>[B; ab]</itype><trans> get to be energetic, healthy. </trans>
<eg><i lang=""ceb"">Milagsik ang ílang mga lákang pagtaligsik,</i><trans> They started walking faster when it started to rain. </trans></eg>
<eg><i lang=""ceb"">Inum sa ímung tambal arun ka malagsik,</i><trans> Take your medicine so you get your energy. </trans></eg>
</sense></hom>
<entry><form id=""kalagsik"" lang=""ceb""><abbr expan=""kalagsik"">ka-</abbr></form>
<hom role=""n""><pos>n</pos>
<sense n=""0""><trans> <tr>briskness</tr>. </trans>
</sense></hom></entry>
<entry><form id=""malagsikun"" lang=""ceb""><abbr expan=""malagsikun"">ma-un</abbr></form>
<hom role=""a""><pos>a</pos>
<sense n=""0""><trans> of a quick, brisk, healthy sort.
<pb n=""552""/>
</trans>
</sense></hom></entry></entry>");
INSERT INTO `wced_head` (entryid, head, normalized_head, type, pos) VALUES (10521, "lagsik", "lagsik", "s", "av");
INSERT INTO `wced_head` (entryid, head, normalized_head, type, pos) VALUES (10521, "kalagsik", "kalagsik", "s", "n");
INSERT INTO `wced_head` (entryid, head, normalized_head, type, pos) VALUES (10521, "malagsikun", "malagsikun", "s", "a");
INSERT INTO `wced_translation` (entryid, translation) VALUES (10521, "briskness");
INSERT INTO `wced_entry` VALUES (10522, "lagsik2", "552", "<entry page=""552"" id=""10522""><form id=""lagsik2"" lang=""ceb"">lagsik<sub>2</sub></form>
<hom role=""v""><pos>v</pos>
<sense n=""0""> <itype>[B456; b2]</itype><trans> for small things to fly off, <tr>splatter</tr>. </trans>
<eg><i lang=""ceb"">Milagsik ang lápuk pagluksu nákù,</i><trans> Mud splattered in all directions when I jumped. </trans></eg>
<eg><i lang=""ceb"">Nanglagsik ang bildu pagkahúlug sa básu,</i><trans> Bits of glass flew off when the tumbler fell. </trans></eg>
<eg><i lang=""ceb"">Hilagsikan ku sa íyang láway pagsulti níya,</i><trans> His saliva splattered on me when he spoke. </trans></eg>
</sense></hom>
<hom role=""n""><pos>n</pos>
<sense n=""0""><trans> matured coconut fruits which were thrown in all directions as they were gathered from the trees. </trans>
</sense></hom>
<entry><form id=""linagsik"" lang=""ceb""><abbr expan=""linagsik"">-in-</abbr></form>
<hom role=""n""><pos>n</pos>
<sense n=""0""><trans> s.t. that flew off.
</trans>
</sense></hom></entry></entry>");
INSERT INTO `wced_head` (entryid, head, normalized_head, type, pos) VALUES (10522, "lagsik", "lagsik", "s", "vn");
INSERT INTO `wced_head` (entryid, head, normalized_head, type, pos) VALUES (10522, "linagsik", "linagsik", "s", "n");
INSERT INTO `wced_translation` (entryid, translation) VALUES (10522, "splatter");
INSERT INTO `wced_entry` VALUES (10523, "lagsut", "552", "<entry page=""552"" id=""10523""><form id=""lagsut"" lang=""ceb"">lagsut</form>
<hom role=""v""><pos>v</pos>
<sense n=""0""> <itype>[B246; b2]</itype><trans> <tr>splatter</tr> up or out, for things in pieces to scatter in various directions. </trans>
<eg><i lang=""ceb"">Mulagsut ang íyang láway inigsulti,</i><trans> His saliva showers you when he talks. </trans></eg>
<eg><i lang=""ceb"">Nangalagsut ang mga lubi sa pagkahúlug sa búlig,</i><trans> The coconuts that came off the tree fell all over the place.
</trans></eg>
</sense></hom></entry>");
INSERT INTO `wced_head` (entryid, head, normalized_head, type, pos) VALUES (10523, "lagsut", "lagsut", "m", "v");
INSERT INTO `wced_translation` (entryid, translation) VALUES (10523, "splatter");
INSERT INTO `wced_entry` VALUES (10524, "lagtang1", "552", "<entry page=""552"" id=""10524""><form id=""lagtang"" lang=""ceb"">lagtang<sub>1</sub></form>
<hom role=""v""><pos>v</pos>
<sense n=""0""> <itype>[A; a]</itype><trans> <tr>roast</tr> kernels of corn. </trans>
<eg><i lang=""ceb"">Dúnay nanimáhù, may naglagtang tingálì ug mais,</i><trans> S.t. smells good. S.o. must be roasting corn kernels. </trans></eg>
</sense></hom>
<entry><form id=""linagtang"" lang=""ceb""><abbr expan=""linagtang"">-in-</abbr></form>
<hom role=""n""><pos>n</pos>
<sense n=""0""><trans> roasted corn kernels.
</trans>
</sense></hom></entry></entry>");
INSERT INTO `wced_head` (entryid, head, normalized_head, type, pos) VALUES (10524, "lagtang", "lagtang", "s", "v");
INSERT INTO `wced_head` (entryid, head, normalized_head, type, pos) VALUES (10524, "linagtang", "linagtang", "s", "n");
INSERT INTO `wced_translation` (entryid, translation) VALUES (10524, "roast");
INSERT INTO `wced_entry` VALUES (10525, "lagtang2", "552", "<entry page=""552"" id=""10525""><form id=""lagtang2"" lang=""ceb"">lagtang<sub>2</sub></form>
<hom role=""n""><pos>n</pos>
<sense n=""0""><trans> k.o. woody vine, the seeds of which are roasted and used for poisoning fish: <bio>Anamirta cocculus</bio>. </trans>
</sense></hom>
<hom role=""v""><pos>v</pos>
<sense n=""0""> <itype>[AN; b5]</itype><trans> fish using this plant as poison. </trans>
</sense></hom>
<entry><form id=""linagtangan"" lang=""ceb""><abbr expan=""linagtangan"">-in-an</abbr></form>
<hom role=""n""><pos>n</pos>
<sense n=""0""><trans> fish caught in this way.
</trans>
</sense></hom></entry></entry>");
INSERT INTO `wced_head` (entryid, head, normalized_head, type, pos) VALUES (10525, "lagtang", "lagtang", "s", "nv");
INSERT INTO `wced_head` (entryid, head, normalized_head, type, pos) VALUES (10525, "linagtangan", "linagtangan", "s", "n");
INSERT INTO `wced_entry` VALUES (10526, "lagtiw", "552", "<entry page=""552"" id=""10526""><form id=""lagtiw"" lang=""ceb"">lagtiw</form>
<hom role=""v""><pos>v</pos>
<sense n=""0""> <itype>[B26]</itype><trans> </trans>
</sense>
<sense n=""1""><number>1</number><trans> for s.t. small to be knocked off to a distance. </trans>
<eg><i lang=""ceb"">Mu rag milagtiw (nalagtiw) ang ákung ispiritu pagbutu sa bumba,</i><trans> It seemed that my spirit left my body when the bomb exploded. </trans></eg>
<eg><i lang=""ceb"">Nanglagtiw ang mga binughà nga íyang gibundak,</i><trans> Pieces of wood flew off in all directions when he dropped the logs. </trans></eg>
</sense>
<sense n=""2""><number>2</number><trans> be caused to move with alacrity under some pressure. </trans>
<eg><i lang=""ceb"">Nalagtiw ming gisingkáhan ug súgù,</i><trans> We moved smartly when we were given orders in no uncertain terms.
</trans></eg>
</sense></hom></entry>");
INSERT INTO `wced_head` (entryid, head, normalized_head, type, pos) VALUES (10526, "lagtiw", "lagtiw", "m", "v");
INSERT INTO `wced_entry` VALUES (10527, "lagtub", "552", "<entry page=""552"" id=""10527""><form id=""lagtub"" lang=""ceb"">lagtub</form>
<hom role=""a""><pos>a</pos>
<sense n=""1""><number>1</number><trans> giving off a single thud. </trans>
</sense>
<sense n=""2""><number>2</number><trans> giving a crunchy sound. </trans>
</sense>
<sense n=""2a""><number>2a</number><trans> cooked half-way so that it is still crunchy. </trans>
</sense>
<sense n=""2b""><number>2b</number><trans> <tr>cooked</tr> so that it is crisp. </trans>
</sense>
<sense n=""3""><number>3</number><trans> inflamed, blistered (like s.t. cooked crisp). </trans>
<eg><i lang=""ceb"">Unsa man nang lagtub sa ímung buktun?</i><trans> What is that blister on your arm? </trans></eg>
</sense></hom>
<hom role=""v""><pos>v</pos>
<sense n=""1""><number>1</number> <itype>[A]</itype><trans> giving a thudding sound. </trans>
<eg><i lang=""ceb"">Naglagtub ang batu sa íyang bukubuku,</i><trans> The stone bounced off his back with a thud. </trans></eg>
</sense>
<sense n=""2a""><number>2a</number> <itype>[B; c1]</itype><trans> get to be cooked in a half-done manner. </trans>
<eg><i lang=""ceb"">Lagtúba (ilagtub) pagsugba ang atay,</i><trans> Broil the liver rare. </trans></eg>
</sense>
<sense n=""2b""><number>2b</number><trans> get to be overcooked, till it is crisp. </trans>
<eg><i lang=""ceb"">Mulagtub ang adúbug lat-an úsà,</i><trans> The spiced meat will get crisp if you boil it first. </trans></eg>
</sense>
<sense n=""3""><number>3</number> <itype>[B]</itype><trans> <tr>blister</tr> (like s.t. fried crisp). </trans>
</sense></hom>
<entry><form id=""pinalagtub"" lang=""ceb""><abbr expan=""pinalagtub"">pina-</abbr></form>
<hom role=""n""><pos>n</pos>
<sense n=""1""><number>1</number><trans> food that is broiled or fried half-way. </trans>
<eg><i lang=""ceb"">Mais nga pinalagtub pagkaánag,</i><trans> Corn broiled half-way. </trans></eg>
</sense>
<sense n=""2""><number>2</number><trans> food fried crisp.
</trans>
</sense></hom></entry></entry>");
INSERT INTO `wced_head` (entryid, head, normalized_head, type, pos) VALUES (10527, "lagtub", "lagtub", "m", "av");
INSERT INTO `wced_head` (entryid, head, normalized_head, type, pos) VALUES (10527, "pinalagtub", "pinalagtub", "s", "n");
INSERT INTO `wced_translation` (entryid, translation) VALUES (10527, "cooked");
INSERT INTO `wced_translation` (entryid, translation) VALUES (10527, "blister");
INSERT INTO `wced_entry` VALUES (10528, "lagu", "552", "<entry page=""552"" id=""10528""><form id=""laguq"" lang=""ceb"">lagù</form>
<hom role=""a""><pos>a</pos>
<sense n=""0""><trans> <tr>filthy</tr>, very <tr>dirty</tr>. </trans>
<eg><i lang=""ceb"">Ilísi nang kurtináha, lagù na kaáyu,</i><trans> Change the curtains. They are so filthy. </trans></eg>
</sense></hom>
<hom role=""v""><pos>v</pos>
<sense n=""0""> <itype>[B; a]</itype><trans> be, become filthy. </trans>
</sense></hom>
<entry><form id=""kalaxguq"" lang=""ceb""><abbr expan=""kalágù"">ka-(←)</abbr></form>
<hom role=""v""><pos>v</pos>
<sense n=""0""> <itype>[A13]</itype><trans> all covered with dirt. </trans>
<eg><i lang=""ceb"">Nagkalágù siya gíkan sa trabáhu,</i><trans> He was filthy when he came from work. </trans></eg>
</sense></hom></entry>
<entry><form id=""laguxun"" lang=""ceb""><abbr expan=""lagúun"">-un</abbr></form>
<hom role=""a""><pos>a</pos>
<sense n=""0""><trans> <tr>dirty-looking</tr>.
</trans>
</sense></hom></entry></entry>");
INSERT INTO `wced_head` (entryid, head, normalized_head, type, pos) VALUES (10528, "lagù", "lagu", "m", "av");
INSERT INTO `wced_head` (entryid, head, normalized_head, type, pos) VALUES (10528, "kalágù", "kalagu", "s", "v");
INSERT INTO `wced_head` (entryid, head, normalized_head, type, pos) VALUES (10528, "lagúun", "laguun", "s", "a");
INSERT INTO `wced_translation` (entryid, translation) VALUES (10528, "filthy");
INSERT INTO `wced_translation` (entryid, translation) VALUES (10528, "dirty");
INSERT INTO `wced_translation` (entryid, translation) VALUES (10528, "dirty-looking");
INSERT INTO `wced_entry` VALUES (10529, "lagub1", "552", "<entry page=""552"" id=""10529""><form id=""laxgub"" lang=""ceb"">lágub<sub>1</sub></form>
<hom role=""v""><pos>v</pos>
<sense n=""0""> <itype>[A2C; c1]</itype><trans> <tr>join</tr> s.t. of value together, as money, land, business. </trans>
<eg><i lang=""ceb"">Mulágub ku sa inyung nigusyu,</i><trans> I will join your business. </trans></eg>
<eg><i lang=""ceb"">Nagkalágub ang ámung duha ka lúti sa usa ka titulu,</i><trans> Both of our lots are included in the same title. </trans></eg>
<eg><i lang=""ceb"">Lagúba (ilágub) ang inyung puhúnan arun mu makalíhuk sa nigusyu,</i><trans> Pool your capital so that you can start a business.
</trans></eg>
</sense></hom></entry>");
INSERT INTO `wced_head` (entryid, head, normalized_head, type, pos) VALUES (10529, "lágub", "lagub", "s", "v");
INSERT INTO `wced_translation` (entryid, translation) VALUES (10529, "join");
INSERT INTO `wced_entry` VALUES (10530, "lagub2", "552", "<entry page=""552"" id=""10530""><form id=""laxgub2"" lang=""ceb"">lágub<sub>2</sub></form>
<hom role=""v""><pos>v</pos>
<sense n=""0""> <itype>[A; bc1]</itype><trans> for s.t. long to penetrate all the way into s.t. (not said of things put in a case). </trans>
<eg><i lang=""ceb"">Milágub ang lansang sa íyang lapalapa,</i><trans> The nail went all the way into the sole of his foot.
</trans></eg>
</sense></hom></entry>");
INSERT INTO `wced_head` (entryid, head, normalized_head, type, pos) VALUES (10530, "lágub", "lagub", "s", "v");
INSERT INTO `wced_entry` VALUES (10531, "lagubu, lagubu", "552", "<entry page=""552"" id=""10531""><form id=""lagubu_laguxbu"" lang=""ceb"">lagubu, lagúbu</form>
<hom role=""n""><pos>n</pos>
<sense n=""0""><trans> dull, hollow thudding sound. </trans>
<eg><i lang=""ceb"">Ang lagúbu sa bawud sa baybáyun,</i><trans> The thudding of the waves on the seashore. </trans></eg>
</sense></hom>
<hom role=""v""><pos>v</pos>
<sense n=""0""> <itype>[B46P]</itype><trans> be thudding in a hollow way. </trans>
<eg><i lang=""ceb"">Milagubu ang ákung likud sa íyang sumbag,</i><trans> My back resounded with his thudding blows. </trans></eg>
</sense></hom>
<entry><form id=""linagubu"" lang=""ceb""><abbr expan=""linagubu"">-in-</abbr></form>
<hom role=""n""><pos>n</pos>
<sense n=""0""><trans> <xr lang=""ceb"" target=""#laguxbu"">= <sc>lagúbu</sc>.</xr>
</trans>
</sense></hom></entry></entry>");
INSERT INTO `wced_head` (entryid, head, normalized_head, type, pos) VALUES (10531, "lagubu", "lagubu", "s", "nv");
INSERT INTO `wced_head` (entryid, head, normalized_head, type, pos) VALUES (10531, "lagúbu", "lagubu", "s", "nv");
INSERT INTO `wced_head` (entryid, head, normalized_head, type, pos) VALUES (10531, "linagubu", "linagubu", "s", "n");
INSERT INTO `wced_entry` VALUES (10532, "lagudlagud", "552", "<entry page=""552"" id=""10532""><form id=""lagudlaxgud"" lang=""ceb"">lagudlágud</form>
<hom role=""n""><pos>n</pos>
<sense n=""0""><trans> <tr>ovary of a sow</tr>. </trans>
</sense></hom>
<entry><form id=""layaq_ug_lagudlaxgud"" lang=""ceb"">layà ug <abbr expan=""lagudlágud"">—</abbr></form>
<hom>
<sense n=""0""><trans> incapable of bearing children, said of a woman who marries late in life (derogatory). </trans>
<eg><i lang=""ceb"">Ang babáying dúgayng maminyù layà na ug lagudlágud,</i><trans> A woman who marries late in life is incapable of bearing children.
</trans></eg>
</sense></hom></entry></entry>");
INSERT INTO `wced_head` (entryid, head, normalized_head, type, pos) VALUES (10532, "lagudlágud", "lagudlagud", "m", "n");
INSERT INTO `wced_head` (entryid, head, normalized_head, type, pos) VALUES (10532, "layà ug lagudlágud", "laya ug lagudlagud", "s", "");
INSERT INTO `wced_translation` (entryid, translation) VALUES (10532, "ovary of a sow");
INSERT INTO `wced_entry` VALUES (10533, "laguk1", "552", "<entry page=""552"" id=""10533""><form id=""laguk"" lang=""ceb"">laguk<sub>1</sub></form>
<hom role=""n""><pos>n</pos>
<sense n=""1""><number>1</number><trans> sticky, resinous substance taken from trees, esp. the <ix>tipúlu</ix> tree. </trans>
</sense>
<sense n=""2""><number>2</number><trans> trap for birds and small insects using this resin. The trap is baited and the birds get stuck. </trans>
</sense></hom>
<hom role=""v""><pos>v</pos>
<sense n=""0""> <itype>[A12N; ab2]</itype><trans> trap birds with <ix>laguk</ix>. </trans>
<eg><i lang=""ceb"">Nakalaguk si Silis ug limúkun,</i><trans> Celes caught a dove with <ix>laguk</ix>. </trans></eg>
</sense></hom>
<entry><form id=""panglaguk"" lang=""ceb""><abbr expan=""panglaguk"">paN-</abbr></form>
<hom role=""v""><pos>v</pos>
<sense n=""0""> <itype>[A2; b6(1)]</itype><trans> go trap game with <ix>laguk</ix>.
</trans>
</sense></hom></entry></entry>");
INSERT INTO `wced_head` (entryid, head, normalized_head, type, pos) VALUES (10533, "laguk", "laguk", "s", "nv");
INSERT INTO `wced_head` (entryid, head, normalized_head, type, pos) VALUES (10533, "panglaguk", "panglaguk", "s", "v");
INSERT INTO `wced_entry` VALUES (10534, "laguk2", "552", "<entry page=""552"" id=""10534""><form id=""laguk2"" lang=""ceb"">laguk<sub>2</sub></form>
<hom role=""v""><pos>v</pos>
<sense n=""0""> <itype>[A]</itype><trans> for a liquid to come out scantily from its source. </trans>
<eg><i lang=""ceb"">Ígù na lang nilaguk ang túbig sa tubud,</i><trans> The water in the spring was just coming out in a few drops. </trans></eg>
<eg><i lang=""ceb"">Wà giyud mulaguk ang íyang mata sa pagkamatay sa íyang inahan,</i><trans> Not a tear formed in her eyes when her mother died. </trans></eg>
<eg><i lang=""ceb"">Wà na giyud maglaguk ang sanggutan tungud sa huwaw,</i><trans> The coconut palm didn’t produce a drop of toddy because of the drought.
</trans></eg>
</sense></hom></entry>");
INSERT INTO `wced_head` (entryid, head, normalized_head, type, pos) VALUES (10534, "laguk", "laguk", "s", "v");
INSERT INTO `wced_entry` VALUES (10535, "laguk3", "552", "<entry page=""552"" id=""10535""><form id=""laguk3"" lang=""ceb"">laguk<sub>3</sub></form>
<hom>
<sense n=""0""><trans> <xr lang=""ceb"" target=""#lad-uk"">= <sc>lad-uk</sc>.</xr>
</trans>
</sense></hom></entry>");
INSERT INTO `wced_head` (entryid, head, normalized_head, type, pos) VALUES (10535, "laguk", "laguk", "s", "");
INSERT INTO `wced_entry` VALUES (10536, "lag-uk=", "552", "<entry page=""552"" id=""10536""><form id=""lag-uk="" lang=""ceb"">lag-uk=</form>
<hom>
<sense n=""0""><trans> <xr lang=""ceb"" target=""#lad-uk""><sc>lad-uk</sc>.</xr>
</trans>
</sense></hom></entry>");
INSERT INTO `wced_head` (entryid, head, normalized_head, type, pos) VALUES (10536, "lag-uk=", "lag-uk=", "m", "");
INSERT INTO `wced_entry` VALUES (10537, "lagukluk", "552", "<entry page=""552"" id=""10537""><form id=""lagukluk"" lang=""ceb"">lagukluk</form>
<hom>
<sense n=""0""><trans> (from <ix>lukluk</ix>) </trans>
</sense></hom>
<hom role=""v""><pos>v</pos>
<sense n=""0""> <itype>[A; b(1)]</itype><trans> <tr>hide</tr>, <tr>conceal</tr> by staying out of sight or away from the open. </trans>
<eg><i lang=""ceb"">Dì ka giyud makalagukluk ug pangitáun ka níla,</i><trans> You can’t hide from them if they look for you. </trans></eg>
<eg><i lang=""ceb"">Lawum ang lungag nga gilaguklúkan sa kasag,</i><trans> The hole where the crab hid itself was deep.
<pb n=""553""/>
</trans></eg>
</sense></hom></entry>");
INSERT INTO `wced_head` (entryid, head, normalized_head, type, pos) VALUES (10537, "lagukluk", "lagukluk", "m", "v");
INSERT INTO `wced_translation` (entryid, translation) VALUES (10537, "hide");
INSERT INTO `wced_translation` (entryid, translation) VALUES (10537, "conceal");
INSERT INTO `wced_entry` VALUES (10538, "lagulu", "553", "<entry page=""553"" id=""10538""><form id=""laguxlu"" lang=""ceb"">lagúlu</form>
<hom role=""n""><pos>n</pos>
<sense n=""0""><trans> coarse fern with huge leathery pinnate leaves found in open mud flats, in mangrove swamps, and along tidal streams: <bio>Acrostichum aureum</bio>.
</trans>
</sense></hom></entry>");
INSERT INTO `wced_head` (entryid, head, normalized_head, type, pos) VALUES (10538, "lagúlu", "lagulu", "m", "n");
INSERT INTO `wced_entry` VALUES (10539, "lagum", "553", "<entry page=""553"" id=""10539""><form id=""lagum"" lang=""ceb"">lagum</form>
<hom role=""a""><pos>a</pos>
<sense n=""0""><trans> dirtyish white, greyish. </trans>
<eg><i lang=""ceb"">Lagum ang linabhan ug dì iladlad,</i><trans> Washed clothes are greyish if they are not bleached. </trans></eg>
<eg><i lang=""ceb"">Lagum na ang íyang ngábil kay nagdúgayg húmul sa dágat,</i><trans> His lips are blue from staying in the water too long. </trans></eg>
</sense></hom>
<hom role=""v""><pos>v</pos>
<sense n=""0""> <itype>[B; b6]</itype><trans> be, become darkish, greyish in color. </trans>
<eg><i lang=""ceb"">Milagum (nalagum) siya kay sígig kalígù sa dágat,</i><trans> He has become dark because he always goes swimming. </trans></eg>
</sense></hom>
<entry><form id=""panglaxgum"" lang=""ceb""><abbr expan=""panglágum"">paN-(←)</abbr></form>
<hom role=""v""><pos>v</pos>
<sense n=""0""> <itype>[A23]</itype><trans> get dark all over in color. </trans>
<eg><i lang=""ceb"">Nanglágum ang bátà nga dúgayng natáwu,</i><trans> The baby that took long to be delivered is blue all over. </trans></eg>
<eg><i lang=""ceb"">Nanglágum ang bukubuku sa binunalan,</i><trans> His back is black and blue from being beaten too much.
</trans></eg>
</sense></hom></entry></entry>");
INSERT INTO `wced_head` (entryid, head, normalized_head, type, pos) VALUES (10539, "lagum", "lagum", "m", "av");
INSERT INTO `wced_head` (entryid, head, normalized_head, type, pos) VALUES (10539, "panglágum", "panglagum", "s", "v");
INSERT INTO `wced_entry` VALUES (10540, "lagumlum", "553", "<entry page=""553"" id=""10540""><form id=""lagumlum"" lang=""ceb"">lagumlum</form>
<hom>
<sense n=""0""><trans> (from <ix>lumlum</ix>) </trans>
</sense></hom>
<hom role=""v""><pos>v</pos>
<sense n=""1""><number>1</number> <itype>[A13; b(1)]</itype><trans> for s.t. to lie dormant and hidden beneath or inside s.t. </trans>
<eg><i lang=""ceb"">Naglagumlum sa átung kabukíran ang daghang mína,</i><trans> Ores to be mined are lying dormant in our mountains. </trans></eg>
<eg><i lang=""ceb"">Naglagumlum nga kahadluk sa íyang dughan,</i><trans> Fear lurking in her heart. </trans></eg>
</sense>
<sense n=""2""><number>2</number> <itype>[A; c16]</itype><trans> keep s.t. one doesn’t own or should share for oneself. </trans>
<eg><i lang=""ceb"">Ang tagakustum kusug mulagumlum sa dílì íla,</i><trans> The Customs people are quick to keep things that don’t belong to them. </trans></eg>
<eg><i lang=""ceb"">Ayaw lagumlúma ang sikrítu. Ibutyag,</i><trans> Don’t keep the secret to yourself. Tell us. </trans></eg>
</sense>
<sense n=""3""><number>3</number> <itype>[A; b3]</itype><trans> stay s.w. for some good reason. </trans>
<eg><i lang=""ceb"">Milagumlum siyag usa ka simána sa íyang panágat,</i><trans> He stayed out fishing for a week. </trans></eg>
<eg><i lang=""ceb"">Unsay ímung lagumlúman sa tubaan, dì ínum?</i><trans> What are you hanging around at the toddy stand for if not to drink?
</trans></eg>
</sense></hom></entry>");
INSERT INTO `wced_head` (entryid, head, normalized_head, type, pos) VALUES (10540, "lagumlum", "lagumlum", "m", "v");
INSERT INTO `wced_entry` VALUES (10541, "lagumu, lagumu", "553", "<entry page=""553"" id=""10541""><form id=""lagumuq_laguxmuq"" lang=""ceb"">lagumù, lagúmù</form>
<hom role=""a""><pos>a</pos>
<sense n=""0""><trans> producing a crunchy sound. </trans>
<eg><i lang=""ceb"">Lagumù ang sinángag mais kan-un,</i><trans> Roasted grains of corn are crunchy to eat. </trans></eg>
</sense></hom>
<hom role=""v""><pos>v</pos>
<sense n=""0""> <itype>[A2S; c1]</itype><trans> make a crunching, grinding sound. </trans>
<eg><i lang=""ceb"">Milagúmù ang bildu nga gigaling,</i><trans> The glass made a crunching noise as it was ground.
</trans></eg>
</sense></hom></entry>");
INSERT INTO `wced_head` (entryid, head, normalized_head, type, pos) VALUES (10541, "lagumù", "lagumu", "s", "av");
INSERT INTO `wced_head` (entryid, head, normalized_head, type, pos) VALUES (10541, "lagúmù", "lagumu", "s", "av");
INSERT INTO `wced_entry` VALUES (10542, "lagumuk, lagumuk1", "553", "<entry page=""553"" id=""10542""><form id=""lagumuk_laguxmuk"" lang=""ceb"">lagumuk, lagúmuk<sub>1</sub></form>
<hom role=""n""><pos>n</pos>
<sense n=""0""><trans> the sound of s.t. brittle which is being crushed. </trans>
</sense></hom>
<hom role=""v""><pos>v</pos>
<sense n=""0""> <itype>[A; b6]</itype><trans> produce this sound. </trans>
<eg><i lang=""ceb"">Milagumuk ang itlug nga ákung hitumban,</i><trans> I stepped on the egg and it made a crunching sound.
</trans></eg>
</sense></hom></entry>");
INSERT INTO `wced_head` (entryid, head, normalized_head, type, pos) VALUES (10542, "lagumuk", "lagumuk", "s", "nv");
INSERT INTO `wced_head` (entryid, head, normalized_head, type, pos) VALUES (10542, "lagúmuk", "lagumuk", "s", "nv");
INSERT INTO `wced_entry` VALUES (10543, "lagumuk2", "553", "<entry page=""553"" id=""10543""><form id=""laguxmuk2"" lang=""ceb"">lagúmuk<sub>2</sub></form>
<hom role=""v""><pos>v</pos>
<sense n=""0""> <itype>[A23P; c1]</itype><trans> fall down helpless on the floor, ground, ring, etc. </trans>
<eg><i lang=""ceb"">Milagúmuk sa ring ang kuntra ni Ilurdi,</i><trans> Elorde’s opponent fell prostrate on the ring.
</trans></eg>
</sense></hom></entry>");
INSERT INTO `wced_head` (entryid, head, normalized_head, type, pos) VALUES (10543, "lagúmuk", "lagumuk", "s", "v");
INSERT INTO `wced_entry` VALUES (10544, "laguna", "553", "<entry page=""553"" id=""10544""><form id=""laguxna"" lang=""ceb"">lagúna</form>
<hom role=""n""><pos>n</pos>
<sense n=""0""><trans> a meadow. </trans>
</sense></hom>
<hom role=""v""><pos>v</pos>
<sense n=""0""> <itype>[B126]</itype><trans> turn into a weed-covered field.
</trans>
</sense></hom></entry>");
INSERT INTO `wced_head` (entryid, head, normalized_head, type, pos) VALUES (10544, "lagúna", "laguna", "m", "nv");
INSERT INTO `wced_entry` VALUES (10545, "*lagunda", "553", "<entry page=""553"" id=""10545""><form id=""xxlagundaq"" lang=""ceb"">*lagundà</form>
<entry><form id=""lululagundaq"" lang=""ceb""><abbr expan=""lululagundà"">Culu-</abbr></form>
<hom role=""v""><pos>v</pos>
<sense n=""0""> <itype>[A; c1]</itype><trans> fall asleep some place other than one’s usual sleeping place before transferring to one’s own bed. </trans>
<eg><i lang=""ceb"">Ayaw paglulagundà dihà sa sála kay mahinayak ka,</i><trans> Don’t take a nap in the living room because you won’t be able to wake up till morning.
</trans></eg>
</sense></hom></entry></entry>");
INSERT INTO `wced_head` (entryid, head, normalized_head, type, pos) VALUES (10545, "lagundà", "lagunda", "s", "");
INSERT INTO `wced_head` (entryid, head, normalized_head, type, pos) VALUES (10545, "lululagundà", "lululagunda", "s", "v");
INSERT INTO `wced_entry` VALUES (10546, "lagundi", "553", "<entry page=""553"" id=""10546""><form id=""lagundiq"" lang=""ceb"">lagundì</form>
<hom role=""n""><pos>n</pos>
<sense n=""0""><trans> k.o. shrub of thickets and waste places, bearing palmately-arranged groups of fine leaflets, with a velvety undersurface, used as a poultice for <ix>panúhut</ix>: <bio>Vitex negundo</bio>.
</trans>
</sense></hom></entry>");
INSERT INTO `wced_head` (entryid, head, normalized_head, type, pos) VALUES (10546, "lagundì", "lagundi", "m", "n");
INSERT INTO `wced_entry` VALUES (10547, "lagung", "553", "<entry page=""553"" id=""10547""><form id=""lagung"" lang=""ceb"">lagung</form>
<hom role=""n""><pos>n</pos>
<sense n=""0""><trans> name given to <tr>flies</tr> larger than houseflies, including the bluebottle fly. </trans>
</sense></hom>
<hom role=""v""><pos>v</pos>
<sense n=""0""> <itype>[a4]</itype><trans> be infested with <ix>lagung</ix>. </trans>
<eg><i lang=""ceb"">Gilagung ang patayng irù,</i><trans> The dead dog was covered with bluebottle flies. </trans></eg>
</sense></hom>
<entry><form id=""ambut_sa_lagung"" lang=""ceb"">ambut sa <abbr expan=""lagung"">—</abbr></form>
<hom>
<sense n=""0""><trans> <ix>see</ix> <xr lang=""ceb"" target=""#ambut""><sc>ambut</sc>.</xr> </trans>
</sense></hom></entry>
<entry><form id=""simbaku_lagung"" lang=""ceb"">simbaku <abbr expan=""lagung"">—</abbr></form>
<hom>
<sense n=""0""><trans> <ix>see</ix> <xr lang=""ceb"" target=""#simba""><sc>simba</sc>.</xr>
</trans>
</sense></hom></entry></entry>");
INSERT INTO `wced_head` (entryid, head, normalized_head, type, pos) VALUES (10547, "lagung", "lagung", "m", "nv");
INSERT INTO `wced_head` (entryid, head, normalized_head, type, pos) VALUES (10547, "ambut sa lagung", "ambut sa lagung", "s", "");
INSERT INTO `wced_head` (entryid, head, normalized_head, type, pos) VALUES (10547, "simbaku lagung", "simbaku lagung", "s", "");
INSERT INTO `wced_translation` (entryid, translation) VALUES (10547, "flies");
INSERT INTO `wced_entry` VALUES (10548, "lagunit", "553", "<entry page=""553"" id=""10548""><form id=""lagunit"" lang=""ceb"">lagunit</form>
<hom role=""n""><pos>n</pos>
<sense n=""0""><trans> <tr>screeching</tr>, ripping sound. </trans>
<eg><i lang=""ceb"">Ang lagunit sa tayaung lansang nga giibut,</i><trans> The screeching of the rusty nail that was pulled out. </trans></eg>
</sense></hom>
<hom role=""v""><pos>v</pos>
<sense n=""0""> <itype>[A]</itype><trans> make a ripping, screeching sound. </trans>
<eg><i lang=""ceb"">Naglagunit ang papil nga gilaksì sa bungbung,</i><trans> The paper that was ripped off the wall made a ripping sound.
</trans></eg>
</sense></hom></entry>");
INSERT INTO `wced_head` (entryid, head, normalized_head, type, pos) VALUES (10548, "lagunit", "lagunit", "m", "nv");
INSERT INTO `wced_translation` (entryid, translation) VALUES (10548, "screeching");
INSERT INTO `wced_entry` VALUES (10549, "lagunut, lagunut", "553", "<entry page=""553"" id=""10549""><form id=""lagunut_laguxnut"" lang=""ceb"">lagunut, lagúnut</form>
<hom role=""n""><pos>n</pos>
<sense n=""0""><trans> dull ripping sound, as when weeds are pulled out. </trans>
</sense></hom>
<hom role=""v""><pos>v</pos>
<sense n=""0""> <itype>[A]</itype><trans> make a dull ripping sound. </trans>
<eg><i lang=""ceb"">Milagunut ang gamut sa sagbut nga giibut,</i><trans> The roots of the weeds made a dull ripping sound as they were uprooted.
</trans></eg>
</sense></hom></entry>");
INSERT INTO `wced_head` (entryid, head, normalized_head, type, pos) VALUES (10549, "lagunut", "lagunut", "s", "nv");
INSERT INTO `wced_head` (entryid, head, normalized_head, type, pos) VALUES (10549, "lagúnut", "lagunut", "s", "nv");
INSERT INTO `wced_entry` VALUES (10550, "lagupu, lagupu", "553", "<entry page=""553"" id=""10550""><form id=""lagupuq_laguxpuq"" lang=""ceb"">lagupù, lagúpù</form>
<hom role=""n""><pos>n</pos>
<sense n=""0""><trans> dull cracking sound of bones. </trans>
</sense></hom>
<entry><form id=""laguxpuq"" lang=""ceb""><abbr expan=""lagúpù"">(←)</abbr></form>
<hom role=""v""><pos>v</pos>
<sense n=""0""> <itype>[A2S]</itype><trans> for bones to make a dull cracking sound.
</trans>
</sense></hom></entry></entry>");
INSERT INTO `wced_head` (entryid, head, normalized_head, type, pos) VALUES (10550, "lagupù", "lagupu", "s", "n");
INSERT INTO `wced_head` (entryid, head, normalized_head, type, pos) VALUES (10550, "lagúpù", "lagupu", "s", "n");
INSERT INTO `wced_entry` VALUES (10551, "lagurul", "553", "<entry page=""553"" id=""10551""><form id=""laguxrul"" lang=""ceb"">lagúrul</form>
<hom role=""v""><pos>v</pos>
<sense n=""0""> <itype>[A; b]</itype><trans> <tr>shave the head clean</tr>. </trans>
<eg><i lang=""ceb"">Gilagurúlan ang prísu nga patyunun,</i><trans> They shaved the prisoner’s head clean.
</trans></eg>
</sense></hom></entry>");
INSERT INTO `wced_head` (entryid, head, normalized_head, type, pos) VALUES (10551, "lagúrul", "lagurul", "m", "v");
INSERT INTO `wced_translation` (entryid, translation) VALUES (10551, "shave the head clean");
INSERT INTO `wced_entry` VALUES (10552, "lagurut", "553", "<entry page=""553"" id=""10552""><form id=""laguxrut"" lang=""ceb"">lagúrut</form>
<hom role=""n""><pos>n</pos>
<sense n=""0""><trans> <tr>grating sound</tr> or sound of uprooting s.t. </trans>
<eg><i lang=""ceb"">Ang lagúrut sa balhíbu sa manuk nga gilabnut,</i><trans> The sound of the chicken feathers being pulled out. </trans></eg>
</sense></hom>
<hom role=""v""><pos>v</pos>
<sense n=""0""> <itype>[A2S]</itype><trans> make this sound. </trans>
<eg><i lang=""ceb"">Naglagurut ang kamúti nga gilidgid,</i><trans> The sweet potatoes make a scratching sound as they were being grated.
</trans></eg>
</sense></hom></entry>");
INSERT INTO `wced_head` (entryid, head, normalized_head, type, pos) VALUES (10552, "lagúrut", "lagurut", "m", "nv");
INSERT INTO `wced_translation` (entryid, translation) VALUES (10552, "grating sound");
INSERT INTO `wced_entry` VALUES (10553, "lagus", "553", "<entry page=""553"" id=""10553""><form id=""lagus"" lang=""ceb"">lagus</form>
<hom role=""n""><pos>n</pos>
<sense n=""0""><trans> <tr>gums</tr>. </trans>
<eg><i lang=""ceb"">Ang íyang lagus makítà inig katáwa níya,</i><trans> Her gums show when she laughs. †
</trans></eg>
</sense></hom></entry>");
INSERT INTO `wced_head` (entryid, head, normalized_head, type, pos) VALUES (10553, "lagus", "lagus", "m", "n");
INSERT INTO `wced_translation` (entryid, translation) VALUES (10553, "gums");
INSERT INTO `wced_entry` VALUES (10554, "lagusa", "553", "<entry page=""553"" id=""10554""><form id=""lagusaq"" lang=""ceb"">lagusà</form>
<hom role=""n""><pos>n</pos>
<sense n=""0""><trans> <tr>hissing</tr>, splashing sound of water. </trans>
<eg><i lang=""ceb"">Ang lagusà sa busay,</i><trans> The swirling sound at the bottom of a waterfall. </trans></eg>
</sense></hom>
<hom role=""v""><pos>v</pos>
<sense n=""0""> <itype>[A13]</itype><trans> hiss, as when waves dash on the rocks or bubbles burst. </trans>
<eg><i lang=""ceb"">Ang balud nga naglagusà sa lapyahan,</i><trans> The waves hissing against the beach.
</trans></eg>
</sense></hom></entry>");
INSERT INTO `wced_head` (entryid, head, normalized_head, type, pos) VALUES (10554, "lagusà", "lagusa", "m", "nv");
INSERT INTO `wced_translation` (entryid, translation) VALUES (10554, "hissing");
INSERT INTO `wced_entry` VALUES (10555, "lagusu", "553", "<entry page=""553"" id=""10555""><form id=""lagusu"" lang=""ceb"">lagusu</form>
<hom role=""v""><pos>v</pos>
<sense n=""0""> <itype>[A; c6]</itype><trans> <tr>involve</tr>, <tr>include</tr> s.o. in some sort of mischief or punishment. </trans>
<eg><i lang=""ceb"">Ikaw mauy nakalagusu (nakapalagusu) nákù sa tinuntu,</i><trans> You dragged me into doing mischief. </trans></eg>
<eg><i lang=""ceb"">Ayaw kug ilagusu sa ímung kasábà kay wà kuy lábut,</i><trans> Don’t scold me, too, because I didn’t have any part in it.
<pb n=""554""/>
</trans></eg>
</sense></hom></entry>");
INSERT INTO `wced_head` (entryid, head, normalized_head, type, pos) VALUES (10555, "lagusu", "lagusu", "m", "v");
INSERT INTO `wced_translation` (entryid, translation) VALUES (10555, "involve");
INSERT INTO `wced_translation` (entryid, translation) VALUES (10555, "include");
INSERT INTO `wced_entry` VALUES (10556, "lagusu", "554", "<entry page=""554"" id=""10556""><form id=""laguxsuq"" lang=""ceb"">lagúsù</form>
<hom role=""n""><pos>n</pos>
<sense n=""0""><trans> a soft, crunching sound, as for example that produced by chewing s.t. fleshy and easy to chew, but not soft. </trans>
</sense></hom>
<hom role=""v""><pos>v</pos>
<sense n=""0""> <itype>[A2S]</itype><trans> produce such a sound. </trans>
<eg><i lang=""ceb"">Mulagúsù ang kapáyas nga tagudtud ug kan-un,</i><trans> A hard but ripe papaya produces a faint crunching sound when you eat it.
</trans></eg>
</sense></hom></entry>");
INSERT INTO `wced_head` (entryid, head, normalized_head, type, pos) VALUES (10556, "lagúsù", "lagusu", "m", "nv");
INSERT INTO `wced_entry` VALUES (10557, "lagut", "554", "<entry page=""554"" id=""10557""><form id=""lagut"" lang=""ceb"">lagut</form>
<hom role=""v""><pos>v</pos>
<sense n=""1""><number>1</number> <itype>[A; a12]</itype><trans> <tr>chew tobacco</tr>. </trans>
<eg><i lang=""ceb"">Bahù ug bàbà ang táwung mulagut,</i><trans> A person who chews tobacco will develop foul-smelling breath. </trans></eg>
<eg><i lang=""ceb"">Lagutun ku ning tabakúa,</i><trans> I’ll chew this tobacco. </trans></eg>
</sense>
<sense n=""2""><number>2</number> <itype>[A13; a1]</itype><trans> do chewing motions. </trans>
<eg><i lang=""ceb"">Ang kábaw maglagut kanúnay,</i><trans> The carabao is always chewing. </trans></eg>
<eg><i lang=""ceb"">Íya lang gilagut ang karni,</i><trans> He just chewed the meat. </trans></eg>
</sense></hom>
<hom role=""n""><pos>n</pos>
<sense n=""0""><trans> chewing tobacco. </trans>
</sense></hom>
<hom role=""a""><pos>a</pos>
<sense n=""0""><trans> for a child to be so cute one would love to pinch or bite it. </trans>
<eg><i lang=""ceb"">Lagút kaáyung bataána. Kaáyu dyung kusiun,</i><trans> This child is so cute. How I’d love to pinch it. </trans></eg>
</sense></hom>
<entry><form id=""laxgut"" lang=""ceb""><abbr expan=""lágut"">(←)</abbr><sub>1</sub></form>
<hom role=""v""><pos>v</pos>
<sense n=""1""><number>1</number> <itype>[A; c1]</itype><trans> <tr>gnash</tr> the teeth. </trans>
<eg><i lang=""ceb"">Gilágut níya ang íyang ngípun sa kasukù,</i><trans> She gnashed her teeth in anger. </trans></eg>
</sense>
<sense n=""2""><number>2</number> <itype>[B146; b3(1)c3]</itype><trans> get irritated, angry. </trans>
<eg><i lang=""ceb"">Naglágut si Ibuy sa ímung sugsúg,</i><trans> Iboy was irked at your teasing. </trans></eg>
<eg><i lang=""ceb"">Ángay ba nà nímung ikalágut (kalagútan)?</i><trans> Is that worth getting mad about? </trans></eg>
</sense></hom>
<hom role=""a""><pos>a</pos>
<sense n=""0""><trans> irritating, irksome. </trans>
<eg><i lang=""ceb"">Lágut kaáyu nang bataána, samukan,</i><trans> That brat is very irritating. He’s a pest. </trans></eg>
</sense></hom></entry>
<entry><form id=""palaxgut"" lang=""ceb""><abbr expan=""palágut"">pa-(←)</abbr></form>
<hom role=""v""><pos>v</pos>
<sense n=""0""> <itype>[A; ac]</itype><trans> get s.o.’s goat. </trans>
<eg><i lang=""ceb"">Unsa na puy ílang ipalágut nákù?</i><trans> What are they going to think of next to annoy me? </trans></eg>
</sense></hom>
<hom role=""n""><pos>n</pos>
<sense n=""0""><trans> s.t. to irk, anger s.o. or rouse s.o. to resentment. </trans>
</sense></hom></entry>
<entry><form id=""panglagut"" lang=""ceb""><abbr expan=""panglagut"">paN-</abbr></form>
<hom role=""v""><pos>v</pos>
<sense n=""0""> <itype>[A2]</itype><trans> for a child to be <tr>teething</tr>. </trans>
<eg><i lang=""ceb"">Paliti ug lagutan ang bátà kay nanglagut na,</i><trans> Buy the baby a teething ring because he’s beginning to <corr sic=""teeth"">teethe</corr>. </trans></eg>
</sense></hom></entry>
<entry><form id=""lagutan"" lang=""ceb""><abbr expan=""lagutan"">-an</abbr></form>
<hom role=""n""><pos>n</pos>
<sense n=""0""><trans> teething ring. </trans>
</sense></hom></entry>
<entry><form id=""lagutunun"" lang=""ceb""><abbr expan=""lagutunun"">-unun</abbr></form>
<hom role=""n""><pos>n</pos>
<sense n=""0""><trans> tobacco for chewing. </trans>
</sense></hom></entry>
<entry><form id=""makalalagut_makalalaxgut"" lang=""ceb""><abbr expan=""makalalagut"">maka-r-</abbr>, <abbr expan=""makalalágut"">maka-r-(←)</abbr></form>
<hom role=""a""><pos>a</pos>
<sense n=""0""><trans> very <tr>maddening</tr>. </trans>
<eg><i lang=""ceb"">Makalalágut kanang ímung binúang,</i><trans> Your foolishness is maddening. </trans></eg>
</sense></hom></entry>
<entry><form id=""malaguxtun"" lang=""ceb""><abbr expan=""malagútun"">ma-un(←)</abbr></form>
<hom role=""a""><pos>a</pos>
<sense n=""0""><trans> <tr>irritated</tr>. </trans>
</sense></hom></entry>
<entry><form id=""kalaxgut"" lang=""ceb""><abbr expan=""kalágut"">ka-(←)</abbr></form>
<hom role=""n""><pos>n</pos>
<sense n=""0""><trans> <tr>anger</tr>, <tr>irritation</tr>. †
</trans>
</sense></hom></entry></entry>");
INSERT INTO `wced_head` (entryid, head, normalized_head, type, pos) VALUES (10557, "lagut", "lagut", "m", "vna");
INSERT INTO `wced_head` (entryid, head, normalized_head, type, pos) VALUES (10557, "lágut", "lagut", "s", "va");
INSERT INTO `wced_head` (entryid, head, normalized_head, type, pos) VALUES (10557, "palágut", "palagut", "s", "vn");
INSERT INTO `wced_head` (entryid, head, normalized_head, type, pos) VALUES (10557, "panglagut", "panglagut", "s", "v");
INSERT INTO `wced_head` (entryid, head, normalized_head, type, pos) VALUES (10557, "lagutan", "lagutan", "s", "n");
INSERT INTO `wced_head` (entryid, head, normalized_head, type, pos) VALUES (10557, "lagutunun", "lagutunun", "s", "n");
INSERT INTO `wced_head` (entryid, head, normalized_head, type, pos) VALUES (10557, "makalalagut", "makalalagut", "s", "a");
INSERT INTO `wced_head` (entryid, head, normalized_head, type, pos) VALUES (10557, "makalalágut", "makalalagut", "s", "a");
INSERT INTO `wced_head` (entryid, head, normalized_head, type, pos) VALUES (10557, "malagútun", "malagutun", "s", "a");
INSERT INTO `wced_head` (entryid, head, normalized_head, type, pos) VALUES (10557, "kalágut", "kalagut", "s", "n");
INSERT INTO `wced_translation` (entryid, translation) VALUES (10557, "chew tobacco");
INSERT INTO `wced_translation` (entryid, translation) VALUES (10557, "gnash");
INSERT INTO `wced_translation` (entryid, translation) VALUES (10557, "teething");
INSERT INTO `wced_translation` (entryid, translation) VALUES (10557, "maddening");
INSERT INTO `wced_translation` (entryid, translation) VALUES (10557, "irritated");
INSERT INTO `wced_translation` (entryid, translation) VALUES (10557, "anger");
INSERT INTO `wced_translation` (entryid, translation) VALUES (10557, "irritation");
INSERT INTO `wced_entry` VALUES (10558, "lagut2", "554", "<entry page=""554"" id=""10558""><form id=""laxgut2"" lang=""ceb"">lágut<sub>2</sub></form>
<hom role=""v""><pos>v</pos>
<sense n=""0""> <itype>[B126]</itype><trans> be knocked to a distance by a force. </trans>
<eg><i lang=""ceb"">Nalágut ang bisiklítang hidumbulan sa dyip,</i><trans> The bicycle was thrown off to a distance because the jeep bumped into it.
</trans></eg>
</sense></hom></entry>");
INSERT INTO `wced_head` (entryid, head, normalized_head, type, pos) VALUES (10558, "lágut", "lagut", "s", "v");
INSERT INTO `wced_entry` VALUES (10559, "lagutmun", "554", "<entry page=""554"" id=""10559""><form id=""lagutmun"" lang=""ceb"">lagutmun</form>
<hom>
<sense n=""0""><trans> <ix>see</ix> <xr lang=""ceb"" target=""#lagutum""><sc>lagutum</sc>.</xr>
</trans>
</sense></hom></entry>");
INSERT INTO `wced_head` (entryid, head, normalized_head, type, pos) VALUES (10559, "lagutmun", "lagutmun", "m", "");
INSERT INTO `wced_entry` VALUES (10560, "lagutu", "554", "<entry page=""554"" id=""10560""><form id=""lagutuq"" lang=""ceb"">lagutù</form>
<hom role=""n""><pos>n</pos>
<sense n=""1""><number>1</number><trans> dull, cracking sound. </trans>
</sense>
<sense n=""2""><number>2</number><trans> for rice or corn grits to be half-cooked, such that they still crunch. </trans>
</sense></hom>
<hom role=""v""><pos>v</pos>
<sense n=""1""><number>1</number> <itype>[AN]</itype><trans> make a dull, thick, cracking sound. </trans>
<eg><i lang=""ceb"">Milagutù ang ákung lutáhan pagtindug nákù,</i><trans> My joints made a dull cracking sound when I stood up. </trans></eg>
<eg><i lang=""ceb"">Ang nagpanlagutù nga pundu sa gángu,</i><trans> The creaking of the ropes tying the large raft. </trans></eg>
</sense>
<sense n=""2""><number>2</number> <itype>[B15; b6]</itype><trans> for rice or corn grits to be half-cooked.
</trans>
</sense></hom></entry>");
INSERT INTO `wced_head` (entryid, head, normalized_head, type, pos) VALUES (10560, "lagutù", "lagutu", "m", "nv");
INSERT INTO `wced_entry` VALUES (10561, "lagutub", "554", "<entry page=""554"" id=""10561""><form id=""laguxtub"" lang=""ceb"">lagútub</form>
<hom role=""v""><pos>v</pos>
<sense n=""0""> <itype>[A2S]</itype><trans> make a low, prolonged, resonant thud. </trans>
<eg><i lang=""ceb"">Milagútub ang kílid sa tangki nga nasaghiran sa trák,</i><trans> The tank made a prolonged thudding sound when the truck scraped it. </trans></eg>
<eg><i lang=""ceb"">Naglagutub ang bumbu nga nagkalinding sa handag,</i><trans> The drum resounded as it rolled down the slope. </trans></eg>
</sense></hom>
<hom role=""n""><pos>n</pos>
<sense n=""0""><trans> this sound.
</trans>
</sense></hom></entry>");
INSERT INTO `wced_head` (entryid, head, normalized_head, type, pos) VALUES (10561, "lagútub", "lagutub", "m", "vn");
INSERT INTO `wced_entry` VALUES (10562, "lagutuk", "554", "<entry page=""554"" id=""10562""><form id=""laguxtuk"" lang=""ceb"">lagútuk</form>
<hom role=""n""><pos>n</pos>
<sense n=""0""><trans> knocking sound produced when the bony part of the body is hit, cracking sound of bone joints. </trans>
<eg><i lang=""ceb"">Ang lagútuk sa túhud sa íyang pagtindug,</i><trans> The cracking of his knees when he stood up. </trans></eg>
</sense></hom>
<hom role=""v""><pos>v</pos>
<sense n=""0""> <itype>[B2346]</itype><trans> produce this sound. </trans>
</sense></hom>
<entry><form id=""lagutuk"" lang=""ceb""><abbr expan=""lagutuk"">(→)</abbr></form>
<hom>
<sense n=""0""><trans> <xr lang=""ceb"" target=""#lagutuq"">= <sc>lagutù</sc>, <ix>n 2, v 2.</ix></xr>
</trans>
</sense></hom></entry></entry>");
INSERT INTO `wced_head` (entryid, head, normalized_head, type, pos) VALUES (10562, "lagútuk", "lagutuk", "m", "nv");
INSERT INTO `wced_head` (entryid, head, normalized_head, type, pos) VALUES (10562, "lagutuk", "lagutuk", "s", "");
INSERT INTO `wced_entry` VALUES (10563, "lagutum", "554", "<entry page=""554"" id=""10563""><form id=""lagutum"" lang=""ceb"">lagutum</form>
<hom>
<sense n=""0""><trans> (from <ix>gútum</ix>) </trans>
</sense></hom>
<hom role=""v""><pos>v</pos>
<sense n=""0""> <itype>[A; bc]</itype><trans> <tr>eat</tr>, <tr>feed</tr> with root crops and bananas in times of scarcity. </trans>
<eg><i lang=""ceb"">Naglagutum mig balanghuy paggíra,</i><trans> We ate nothing but cassava during the war. </trans></eg>
<eg><i lang=""ceb"">Gilagutuman nákug kamúti ang mga bátà paggútum,</i><trans> I fed my children sweet potatoes during the famine. </trans></eg>
<eg><i lang=""ceb"">Ang gábi ikalagutum ug magníhit ang pagkáun,</i><trans> Taro can substitute for the staple food when food is scarce. </trans></eg>
</sense></hom>
<entry><form id=""lagutmun"" lang=""ceb"">lagutmun</form>
<hom role=""n""><pos>n</pos>
<sense n=""0""><trans> crops which can be used to replace the staple (corn or rice): root crops and cooking bananas. </trans>
<eg><i lang=""ceb"">Ang binignit nilútù sa nagkalainláing lagutmun,</i><trans> <ix>Binignit</ix> is a sweet soup made of all different kinds of root crops and cooking bananas. </trans></eg>
</sense></hom>
<hom role=""v""><pos>v</pos>
<sense n=""0""> <itype>[A13]</itype><trans> <xr lang=""ceb"" target=""#lagutum"">= <sc>lagutum</sc>, <i lang=""ceb"">v</i>.</xr>
</trans>
</sense></hom></entry></entry>");
INSERT INTO `wced_head` (entryid, head, normalized_head, type, pos) VALUES (10563, "lagutum", "lagutum", "m", "v");
INSERT INTO `wced_head` (entryid, head, normalized_head, type, pos) VALUES (10563, "lagutmun", "lagutmun", "s", "nv");
INSERT INTO `wced_translation` (entryid, translation) VALUES (10563, "eat");
INSERT INTO `wced_translation` (entryid, translation) VALUES (10563, "feed");
INSERT INTO `wced_entry` VALUES (10564, "lagutuy", "554", "<entry page=""554"" id=""10564""><form id=""lagutuy"" lang=""ceb"">lagutuy</form>
<hom role=""v""><pos>v</pos>
<sense n=""0""> <itype>[B456; b4]</itype><trans> for the stomach to have nothing in it. </trans>
<eg><i lang=""ceb"">Naglagutuy ang tiyan sa nagpuása,</i><trans> The man who was fasting was starving to death. </trans></eg>
<eg><i lang=""ceb"">Nalagutuyan ang bábuy nga nakalimtan ug pásaw,</i><trans> They forgot to feed the pig for a long time and it practically starved to death.
</trans></eg>
</sense></hom></entry>");
INSERT INTO `wced_head` (entryid, head, normalized_head, type, pos) VALUES (10564, "lagutuy", "lagutuy", "m", "v");
INSERT INTO `wced_entry` VALUES (10565, "laguy", "554", "<entry page=""554"" id=""10565""><form id=""laguy"" lang=""ceb"">laguy</form>
<hom>
<sense n=""1""><number>1</number><trans> <xr lang=""ceb"" target=""#lagiw"">= <sc>lagiw</sc>.</xr> </trans>
</sense>
<sense n=""2""><number>2</number><trans> going about to avoid work, not staying put. </trans>
<eg><i lang=""ceb"">Gipapaháwà siya kay laguy man,</i><trans> He was fired, because he never stayed put in his place. </trans></eg>
</sense></hom>
<entry><form id=""laguylaxguy"" lang=""ceb"">laguyláguy<sub>1</sub></form>
<hom role=""v""><pos>v</pos>
<sense n=""0""> <itype>[A; b(1)]</itype><trans> roam around on the job. </trans>
<eg><i lang=""ceb"">Gamay siyag ági kay naghínay lag laguyláguy,</i><trans> He hardly accomplished anything because all he ever did was gad about on the job.
</trans></eg>
</sense></hom></entry></entry>");
INSERT INTO `wced_head` (entryid, head, normalized_head, type, pos) VALUES (10565, "laguy", "laguy", "m", "");
INSERT INTO `wced_head` (entryid, head, normalized_head, type, pos) VALUES (10565, "laguyláguy", "laguylaguy", "s", "v");
INSERT INTO `wced_entry` VALUES (10566, "laguylaguy2", "554", "<entry page=""554"" id=""10566""><form id=""laguylaxguy2"" lang=""ceb"">laguyláguy<sub>2</sub></form>
<hom role=""v""><pos>v</pos>
<sense n=""0""> <itype>[A; c1]</itype><trans> <tr>chew s.t. tough</tr>. </trans>
<eg><i lang=""ceb"">Ígù lang siyang makalaguyláguy sa kúbal,</i><trans> She couldn’t do anything but chew away at the tough pork rinds.
</trans></eg>
</sense></hom></entry>");
INSERT INTO `wced_head` (entryid, head, normalized_head, type, pos) VALUES (10566, "laguyláguy", "laguylaguy", "s", "v");
INSERT INTO `wced_translation` (entryid, translation) VALUES (10566, "chew s.t. tough");
INSERT INTO `wced_entry` VALUES (10567, "laguyluy", "554", "<entry page=""554"" id=""10567""><form id=""laguyluy"" lang=""ceb"">laguyluy</form>
<hom>
<sense n=""0""><trans> <xr lang=""ceb"" target=""#byatilis"">= <sc>byatilis</sc>.</xr>
</trans>
</sense></hom></entry>");
INSERT INTO `wced_head` (entryid, head, normalized_head, type, pos) VALUES (10567, "laguyluy", "laguyluy", "m", "");
INSERT INTO `wced_entry` VALUES (10568, "lagwirta", "554", "<entry page=""554"" id=""10568""><form id=""lagwirta"" lang=""ceb"">lagwirta</form>
<hom role=""n""><pos>n</pos>
<sense n=""0""><trans> small <tr>vegetable garden</tr> or, by extension, a yard planted to grass or flowers.
</trans>
</sense></hom></entry>");
INSERT INTO `wced_head` (entryid, head, normalized_head, type, pos) VALUES (10568, "lagwirta", "lagwirta", "m", "n");
INSERT INTO `wced_translation` (entryid, translation) VALUES (10568, "vegetable garden");
INSERT INTO `wced_entry` VALUES (10569, "lagwis", "554", "<entry page=""554"" id=""10569""><form id=""lagwis"" lang=""ceb"">lagwis</form>
<hom role=""a""><pos>a</pos>
<sense n=""0""><trans> <tr>tall</tr> and <tr>slender</tr>. </trans>
<eg><i lang=""ceb"">Lagwis kaáyu ug mga bitíis nang bayhána, mu rag tukun,</i><trans> The legs of that woman are long and straight like a bean pole. </trans></eg>
<eg><i lang=""ceb"">Lagwis nga pinútì,</i><trans> Long sword. </trans></eg>
</sense></hom>
<hom role=""v""><pos>v</pos>
<sense n=""0""> <itype>[B3(1); b6]</itype><trans> grow tall and slender. </trans>
<eg><i lang=""ceb"">Mulagwis ang kawáyan,</i><trans> Bamboo grows tall and slender.
</trans></eg>
</sense></hom></entry>");
INSERT INTO `wced_head` (entryid, head, normalized_head, type, pos) VALUES (10569, "lagwis", "lagwis", "m", "av");
INSERT INTO `wced_translation` (entryid, translation) VALUES (10569, "tall");
INSERT INTO `wced_translation` (entryid, translation) VALUES (10569, "slender");
INSERT INTO `wced_entry` VALUES (10570, "lagwum", "554", "<entry page=""554"" id=""10570""><form id=""lagwum"" lang=""ceb"">lagwum</form>
<hom>
<sense n=""0""><trans> <xr lang=""ceb"" target=""#laglum"">= <sc>laglum</sc>.</xr> <xr lang=""ceb"" target=""#lalum""><ix>see</ix> <sc>lalum</sc>.</xr>
</trans>
</sense></hom></entry>");
INSERT INTO `wced_head` (entryid, head, normalized_head, type, pos) VALUES (10570, "lagwum", "lagwum", "m", "");
INSERT INTO `wced_entry` VALUES (10571, "lagyu", "554", "<entry page=""554"" id=""10571""><form id=""lagyu"" lang=""ceb"">lagyu</form>
<hom>
<sense n=""0""><trans> <xr lang=""ceb"" target=""#lagiw"">= <sc>lagiw</sc>.</xr>
<pb n=""555""/>
</trans>
</sense></hom></entry>");
INSERT INTO `wced_head` (entryid, head, normalized_head, type, pos) VALUES (10571, "lagyu", "lagyu", "m", "");
INSERT INTO `wced_entry` VALUES (10572, "lagyum", "555", "<entry page=""555"" id=""10572""><form id=""lagyum"" lang=""ceb"">lagyum</form>
<hom>
<sense n=""0""><trans> <xr lang=""ceb"" target=""#laglum"">= <sc>laglum</sc>.</xr> <xr lang=""ceb"" target=""#lalum""><ix>see</ix> <sc>lalum</sc>.</xr>
</trans>
</sense></hom></entry>");
INSERT INTO `wced_head` (entryid, head, normalized_head, type, pos) VALUES (10572, "lagyum", "lagyum", "m", "");
INSERT INTO `wced_entry` VALUES (10573, "laha", "555", "<entry page=""555"" id=""10573""><form id=""laxhaq"" lang=""ceb"">láhà</form>
<hom role=""v""><pos>v</pos>
<sense n=""0""> <itype>[A; b6(1)]</itype><trans> trim or clean the top of coconut trees to prepare them for becoming toddy-producing palms.
</trans>
</sense></hom></entry>");
INSERT INTO `wced_head` (entryid, head, normalized_head, type, pos) VALUES (10573, "láhà", "laha", "m", "v");
INSERT INTO `wced_entry` VALUES (10574, "lahang", "555", "<entry page=""555"" id=""10574""><form id=""lahang"" lang=""ceb"">lahang</form>
<hom role=""n""><pos>n</pos>
<sense n=""0""><trans> crack in between s.t. </trans>
<eg><i lang=""ceb"">Naglìlì siya sa lahang sa bungbung,</i><trans> He was peeping through the cracks in the walls. </trans></eg>
</sense></hom>
<hom role=""a""><pos>a</pos>
<sense n=""0""><trans> have spaces in between, be at wide intervals. </trans>
<eg><i lang=""ceb"">Gwápa untà apan lahang lag ngípun,</i><trans> She would be beautiful if it were not for her teeth which are too wide apart. </trans></eg>
</sense></hom>
<hom role=""v""><pos>v</pos>
<sense n=""0""> <itype>[AB; c1]</itype><trans> be so arranged as to have spaces in between. </trans>
<eg><i lang=""ceb"">Kinsay naglahang ug pugas sa mais?</i><trans> Who planted the corn so far apart? </trans></eg>
<eg><i lang=""ceb"">Naglahang man ning sawug. Simpúta,</i><trans> The floor slats are so wide apart. Put them close together.
</trans></eg>
</sense></hom></entry>");
INSERT INTO `wced_head` (entryid, head, normalized_head, type, pos) VALUES (10574, "lahang", "lahang", "m", "nav");
INSERT INTO `wced_entry` VALUES (10575, "lahap", "555", "<entry page=""555"" id=""10575""><form id=""laxhap"" lang=""ceb"">láhap</form>
<hom role=""v""><pos>v</pos>
<sense n=""0""> <itype>[A; ab2]</itype><trans> slice a thick slab off, cut off s.t. wide and thick. </trans>
<eg><i lang=""ceb"">Muláhap untà kug gamay pára isugba,</i><trans> I’d like to slice off a chunk to broil. </trans></eg>
<eg><i lang=""ceb"">Ang bahà nakaláhap ug dakung parti sa íyang yútà,</i><trans> The flood took off a big chunk from his land. </trans></eg>
<eg><i lang=""ceb"">Naláhap ang tumuy sa íyang tudlù sa blíd,</i><trans> The blade sliced off the tip of his finger. </trans></eg>
</sense></hom>
<hom role=""a""><pos>a</pos>
<sense n=""0""><trans> having been cut widely and deeply. </trans>
<eg><i lang=""ceb"">Kaúsik sa mansánas, láhap nga pagkapánit,</i><trans> What a waste! The apples were peeled with so much flesh adhering to the peels. </trans></eg>
</sense></hom>
<entry><form id=""linaxhap"" lang=""ceb""><abbr expan=""lináhap"">-in-</abbr></form>
<hom role=""n""><pos>n</pos>
<sense n=""0""><trans> chunk sliced off. </trans>
</sense></hom></entry>
<entry><form id=""linaxhapan"" lang=""ceb""><abbr expan=""lináhapan"">-in-an</abbr></form>
<hom role=""n""><pos>n</pos>
<sense n=""0""><trans> s.t. from which a chunk has been cut off.
</trans>
</sense></hom></entry></entry>");
INSERT INTO `wced_head` (entryid, head, normalized_head, type, pos) VALUES (10575, "láhap", "lahap", "m", "va");
INSERT INTO `wced_head` (entryid, head, normalized_head, type, pos) VALUES (10575, "lináhap", "linahap", "s", "n");
INSERT INTO `wced_head` (entryid, head, normalized_head, type, pos) VALUES (10575, "lináhapan", "linahapan", "s", "n");
INSERT INTO `wced_entry` VALUES (10576, "lahawlahaw", "555", "<entry page=""555"" id=""10576""><form id=""lahawlahaw"" lang=""ceb"">lahawlahaw</form>
<hom role=""v""><pos>v</pos>
<sense n=""0""> <itype>[A; b5]</itype><trans> wander without purpose over a wide area. </trans>
<eg><i lang=""ceb"">Nalahawlahaw (nalahawlahawan) na nákù ang tanang suuk sa kalibútan,</i><trans> I have wandered aimlessly over the face of the earth.
</trans></eg>
</sense></hom></entry>");
INSERT INTO `wced_head` (entryid, head, normalized_head, type, pos) VALUES (10576, "lahawlahaw", "lahawlahaw", "m", "v");
INSERT INTO `wced_entry` VALUES (10577, "*lahay", "555", "<entry page=""555"" id=""10577""><form id=""xxlahay"" lang=""ceb"">*lahay</form>
<entry><form id=""walay_lahay"" lang=""ceb"">walay <abbr expan=""lahay"">—</abbr></form>
<hom>
<sense n=""1""><number>1</number><trans> not having a liking, inclination for s.t. </trans>
<eg><i lang=""ceb"">Wà kuy lahay sa baskit,</i><trans> I have no inclination for basketball. </trans></eg>
</sense>
<sense n=""2""><number>2</number><trans> lacking flavor. </trans>
<eg><i lang=""ceb"">Walay lahay ang kan-un kun hilantan ta,</i><trans> Food doesn’t taste good when one is sick. </trans></eg>
</sense></hom>
<hom role=""v""><pos>v</pos>
<sense n=""1""><number>1</number> <itype>[B23(1)46; b4]</itype><trans> feel like doing s.t. </trans>
<eg><i lang=""ceb"">Ang táwung hilantan dílì mulahay sa káun (layhang mukáun),</i><trans> A person with a fever won’t feel like eating. </trans></eg>
</sense>
<sense n=""2""><number>2</number> <itype>[A; b(1)]</itype><trans> do liberally to one’s heart’s content. </trans>
<eg><i lang=""ceb"">Mulahay silag katúlug kun wà ang agálun,</i><trans> They sleep to their hearts’ content when the mistress is not home. </trans></eg>
</sense></hom></entry>
<entry><form id=""lahaylahay"" lang=""ceb"">lahaylahay</form>
<hom role=""v""><pos>v</pos>
<sense n=""0""> <itype>[A; b(1)]</itype><trans> do s.t. to pass the time. </trans>
<eg><i lang=""ceb"">Maglahaylahay lang kug bása samtang maghulat níla,</i><trans> I will pass the time reading while I wait for them.
</trans></eg>
</sense></hom></entry></entry>");
INSERT INTO `wced_head` (entryid, head, normalized_head, type, pos) VALUES (10577, "lahay", "lahay", "s", "");
INSERT INTO `wced_head` (entryid, head, normalized_head, type, pos) VALUES (10577, "walay lahay", "walay lahay", "s", "v");
INSERT INTO `wced_head` (entryid, head, normalized_head, type, pos) VALUES (10577, "lahaylahay", "lahaylahay", "s", "v");
INSERT INTO `wced_entry` VALUES (10578, "lahi", "555", "<entry page=""555"" id=""10578""><form id=""lahiq"" lang=""ceb"">lahì</form>
<hom role=""a""><pos>a</pos>
<sense n=""0""><trans> different. </trans>
<eg><i lang=""ceb"">Káda táwu lahì sa usa,</i><trans> Each person is different from every other. </trans></eg>
</sense></hom>
<hom role=""v""><pos>v</pos>
<sense n=""1""><number>1</number> <itype>[BC; ac]</itype><trans> be different or dissimilar. </trans>
<eg><i lang=""ceb"">Malahì giyud kag muadtu kag magdyins,</i><trans> You’ll surely be different from everybody else if you go there in jeans. </trans></eg>
<eg><i lang=""ceb"">Nagláhì ang ílang hitsúra bisag kalúha sila,</i><trans> They look different even though they are twins. </trans></eg>
<eg><i lang=""ceb"">Ilahì (lahia) ang pagkáun sa mga binatunan sa átù,</i><trans> Give the servants different food from ours. </trans></eg>
</sense>
<sense n=""2""><number>2</number> <itype>[AC12]</itype><trans> do s.t. apart from others or the main group. </trans>
<eg><i lang=""ceb"">Mulahì sila sa grúpu inigpangáun na,</i><trans> They eat in a small group off to themselves. </trans></eg>
</sense></hom>
<entry><form id=""palahiq"" lang=""ceb""><abbr expan=""palahì"">pa-</abbr></form>
<hom role=""v""><pos>v</pos>
<sense n=""0""> <itype>[A; a]</itype><trans> do s.t. different from the ordinary. </trans>
<eg><i lang=""ceb"">Dílì ku manundug, mupalahì giyud ku,</i><trans> I won’t imitate, I’ll do s.t. different. </trans></eg>
</sense></hom></entry>
<entry><form id=""lahiqlaxhiq"" lang=""ceb"">lahìláhì</form>
<hom role=""a""><pos>a</pos>
<sense n=""0""><trans> of different kinds. </trans>
<eg><i lang=""ceb"">Lahìláhing mga panaptun ang íyang gipalit,</i><trans> She bought different kinds of cloth. </trans></eg>
</sense></hom>
<hom role=""v""><pos>v</pos>
<sense n=""0""> <itype>[B16; a]</itype><trans> be of different kinds. </trans>
</sense></hom></entry>
<entry><form id=""kalahiq"" lang=""ceb""><abbr expan=""kalahì"">ka-</abbr></form>
<hom role=""v""><pos>v</pos>
<sense n=""0""> <itype>[B1456]</itype><trans> be of various kinds. </trans>
<eg><i lang=""ceb"">Nagkalahìláhì ang ámung upiniyun,</i><trans> Our opinions were varied.
</trans></eg>
</sense></hom></entry></entry>");
INSERT INTO `wced_head` (entryid, head, normalized_head, type, pos) VALUES (10578, "lahì", "lahi", "m", "av");
INSERT INTO `wced_head` (entryid, head, normalized_head, type, pos) VALUES (10578, "palahì", "palahi", "s", "v");
INSERT INTO `wced_head` (entryid, head, normalized_head, type, pos) VALUES (10578, "lahìláhì", "lahilahi", "s", "av");
INSERT INTO `wced_head` (entryid, head, normalized_head, type, pos) VALUES (10578, "kalahì", "kalahi", "s", "v");
INSERT INTO `wced_entry` VALUES (10579, "lahib, lahib", "555", "<entry page=""555"" id=""10579""><form id=""laxhib_laqhib"" lang=""ceb"">láhib, làhib</form>
<hom role=""v""><pos>v</pos>
<sense n=""0""> <itype>[AN; b6(1)]</itype><trans> slice off the end part of the coconut bud to induce a flow of palm toddy. </trans>
<eg><i lang=""ceb"">Gilàhíban na nákù ang ákung sanggutan,</i><trans> I have sliced off the end part of the coconut buds for the toddy.
</trans></eg>
</sense></hom></entry>");
INSERT INTO `wced_head` (entryid, head, normalized_head, type, pos) VALUES (10579, "láhib", "lahib", "s", "v");
INSERT INTO `wced_head` (entryid, head, normalized_head, type, pos) VALUES (10579, "làhib", "lahib", "s", "v");
INSERT INTO `wced_entry` VALUES (10580, "lahid", "555", "<entry page=""555"" id=""10580""><form id=""laxhid"" lang=""ceb"">láhid</form>
<hom role=""v""><pos>v</pos>
<sense n=""1""><number>1</number> <itype>[A; c]</itype><trans> spread, smear s.t. over. </trans>
<eg><i lang=""ceb"">Lahírig túbig ang pánit sa inasal,</i><trans> Rub water over the roast pig’s skin. </trans></eg>
<eg><i lang=""ceb"">Gilahíran ug dyam ang pán,</i><trans> They spread jam on the bread. </trans></eg>
</sense>
<sense n=""2""><number>2</number> <itype>[A; a1c1]</itype><trans> involve s.o. else in s.t. unpleasant. </trans>
<eg><i lang=""ceb"">Muláhid man ka sa uban nga way sâ,</i><trans> Why do you involve others who are blameless?</trans></eg>
<eg><i lang=""ceb""> Ayaw kug iláhid sa kastígu,</i><trans> Don’t include me with the punishment. </trans></eg>
</sense></hom>
<entry><form id=""lahid"" lang=""ceb""><abbr expan=""lahid"">(→)</abbr></form>
<hom role=""n""><pos>n</pos>
<sense n=""0""><trans> magical medicine of coconut oil and herbs used for skin ailments of supernatural origin, or the application of this medicine. </trans>
</sense></hom>
<hom role=""v""><pos>v</pos>
<sense n=""0""> <itype>[A; c]</itype><trans> subject to this treatment. </trans>
</sense></hom></entry>
<entry><form id=""kalaxhid"" lang=""ceb""><abbr expan=""kaláhid"">ka-</abbr></form>
<hom role=""v""><pos>v</pos>
<sense n=""0""> <itype>[A13]</itype><trans> get all smeared. </trans>
<eg><i lang=""ceb"">Nagkaláhid ang bungbung ug húgaw,</i><trans> The walls are all smeared with dirt.
</trans></eg>
</sense></hom></entry></entry>");
INSERT INTO `wced_head` (entryid, head, normalized_head, type, pos) VALUES (10580, "láhid", "lahid", "m", "v");
INSERT INTO `wced_head` (entryid, head, normalized_head, type, pos) VALUES (10580, "lahid", "lahid", "s", "nv");
INSERT INTO `wced_head` (entryid, head, normalized_head, type, pos) VALUES (10580, "kaláhid", "kalahid", "s", "v");
INSERT INTO `wced_entry` VALUES (10581, "lahing, lahing", "555", "<entry page=""555"" id=""10581""><form id=""lahing_laxhing"" lang=""ceb"">lahing, láhing</form>
<hom role=""n""><pos>n</pos>
<sense n=""1""><number>1</number><trans> <tr>mature coconuts</tr>. </trans>
</sense>
<sense n=""2""><number>2</number><trans> matured person, of age (metaphorical). </trans>
<eg><i lang=""ceb"">Lahing na siyag hunàhúnà kay idad-idaran na,</i><trans> He is mature in his ways of thinking, because he’s middle-aged. </trans></eg>
</sense></hom>
<hom role=""v""><pos>v</pos>
<sense n=""0""> <itype>[B2]</itype><trans> for coconuts to become mature. </trans>
<eg><i lang=""ceb"">Dalì mulahing (malahing) ang lubi nga inariglǎr,</i><trans> Coconut fruits mature early if they are well tended.
</trans></eg>
</sense></hom></entry>");
INSERT INTO `wced_head` (entryid, head, normalized_head, type, pos) VALUES (10581, "lahing", "lahing", "s", "nv");
INSERT INTO `wced_head` (entryid, head, normalized_head, type, pos) VALUES (10581, "láhing", "lahing", "s", "nv");
INSERT INTO `wced_translation` (entryid, translation) VALUES (10581, "mature coconuts");
INSERT INTO `wced_entry` VALUES (10582, "lahit", "555", "<entry page=""555"" id=""10582""><form id=""laxhit"" lang=""ceb"">láhit</form>
<hom role=""v""><pos>v</pos>
<sense n=""0""> <itype>[AN; b26(1)]</itype><trans> cut, slice off with a sharp blade. </trans>
<eg><i lang=""ceb"">Muláhit (mangláhit) pa ku sa ákung sanggutan,</i><trans> I still have to make a cut in the coconut buds. </trans></eg>
<eg><i lang=""ceb"">Kinsay nagláhit sa sáhà sa ságing?</i><trans> Who cut off the banana shoot? </trans></eg>
<eg><i lang=""ceb"">Mityábaw ang kanding nga gilàhítan sa dalunggan,</i><trans> The goat cried because a part of his ear was cut off. </trans></eg>
</sense></hom>
<hom role=""n""><pos>n</pos>
<sense n=""0""><trans> sickle, scythe.
</trans>
</sense></hom></entry>");
INSERT INTO `wced_head` (entryid, head, normalized_head, type, pos) VALUES (10582, "láhit", "lahit", "m", "vn");
INSERT INTO `wced_entry` VALUES (10583, "lahu", "555", "<entry page=""555"" id=""10583""><form id=""lahuq"" lang=""ceb"">lahù</form>
<hom role=""v""><pos>v</pos>
<sense n=""0""> <itype>[A2; a2]</itype><trans> pass loosely through s.t. </trans>
<eg><i lang=""ceb"">Milahù ang búla sa dakung lungag,</i><trans> The ball easily went into the large hole. </trans></eg>
<eg><i lang=""ceb"">Gilahù níyag tulun ang dakung lísu,</i><trans> She swallowed the large seed with ease. </trans></eg>
<eg><i lang=""ceb"">Kanang gilhánga sa kural lahuan lang nà sa irù,</i><trans> With those gaps in the fence, the dog will pass through it with <pb n=""556""/>ease. </trans></eg>
</sense></hom>
<hom role=""a""><pos>a</pos>
<sense n=""0""><trans> fitting loosely inside s.t.</trans>
<eg><i lang=""ceb""> Lahù ang íyang tiil sa íyang sapátus,</i><trans> His shoes are too big for his feet.
</trans></eg>
</sense></hom></entry>");
INSERT INTO `wced_head` (entryid, head, normalized_head, type, pos) VALUES (10583, "lahù", "lahu", "m", "va");
INSERT INTO `wced_entry` VALUES (10584, "lahug", "556", "<entry page=""556"" id=""10584""><form id=""lahug"" lang=""ceb"">lahug</form>
<hom role=""v""><pos>v</pos>
<sense n=""0""> <itype>[A; b5c1]</itype><trans> mend a tear in a rough way using long stitches. </trans>
<eg><i lang=""ceb"">Ákù lang lahugan (<corr sic=""lahugan"">lahúgan</corr>, ilahug) ang gisì, kay kápuy sursíhan,</i><trans> I’ll just stitch the tear hastily because it’s a nuisance to darn it.
</trans></eg>
</sense></hom></entry>");
INSERT INTO `wced_head` (entryid, head, normalized_head, type, pos) VALUES (10584, "lahug", "lahug", "m", "v");
INSERT INTO `wced_entry` VALUES (10585, "lahug", "556", "<entry page=""556"" id=""10585""><form id=""laxhug"" lang=""ceb"">láhug</form>
<hom role=""v""><pos>v</pos>
<sense n=""0""> <itype>[AC; c1]</itype><trans> </trans>
</sense>
<sense n=""1""><number>1</number><trans> mix s.t. together and stir around. </trans>
<eg><i lang=""ceb"">Nagláhug ang mga trabahanti ug simintu,</i><trans> The laborers are mixing the cement. </trans></eg>
<eg><i lang=""ceb"">Nagláhug ang dátù ug pubri niadtung mitínga,</i><trans> The rich and the poor mixed together in that gathering. </trans></eg>
</sense>
<sense n=""2""><number>2</number><trans> get all mixed up in no special order. </trans>
<eg><i lang=""ceb"">Nagkaláhug ang ílang sulti,</i><trans> They were talking on all different topics mixed up without any order. </trans></eg>
</sense></hom>
<entry><form id=""laxhugay"" lang=""ceb""><abbr expan=""láhugay"">-ay</abbr></form>
<hom role=""v""><pos>v</pos>
<sense n=""0""> <itype>[B]</itype><trans> <xr lang=""ceb"" target=""#laxhug"">= <sc>láhug</sc>.</xr> </trans>
</sense></hom></entry>
<entry><form id=""lahuglahug"" lang=""ceb"">lahuglahug</form>
<hom role=""v""><pos>v</pos>
<sense n=""0""> <itype>[AC12; a]</itype><trans> </trans>
</sense>
<sense n=""1""><number>1</number><trans> roam around with others. </trans>
<eg><i lang=""ceb"">Dì ku gustung makiglahuglahug ka sa mga buguy,</i><trans> I don’t want you to roam around with bums. </trans></eg>
</sense>
<sense n=""2""><number>2</number><trans> roam around in general for no good purpose. </trans>
<eg><i lang=""ceb"">Sa kaping magtrabáhu magpúnay lag lahuglahug,</i><trans> Instead of working, he just used to roam about. </trans></eg>
</sense>
<sense n=""3""><number>3</number><trans> go straight s.w. </trans>
<eg><i lang=""ceb"">Manglahuglahug ta dihà ánang mga lagúna paingun sa ámù,</i><trans> Let’s cross those meadows to get to our house.
</trans></eg>
</sense></hom></entry></entry>");
INSERT INTO `wced_head` (entryid, head, normalized_head, type, pos) VALUES (10585, "láhug", "lahug", "m", "v");
INSERT INTO `wced_head` (entryid, head, normalized_head, type, pos) VALUES (10585, "láhugay", "lahugay", "s", "v");
INSERT INTO `wced_head` (entryid, head, normalized_head, type, pos) VALUES (10585, "lahuglahug", "lahuglahug", "s", "v");
INSERT INTO `wced_entry` VALUES (10586, "lahundung", "556", "<entry page=""556"" id=""10586""><form id=""lahundung"" lang=""ceb"">lahundung</form>
<hom role=""n""><pos>n</pos>
<sense n=""0""><trans> k.o. grunter (<ix>lipti</ix> or <ix>alatan</ix>), also called the <ix>alatan nga Maniláun</ix>.
</trans>
</sense></hom></entry>");
INSERT INTO `wced_head` (entryid, head, normalized_head, type, pos) VALUES (10586, "lahundung", "lahundung", "m", "n");
INSERT INTO `wced_entry` VALUES (10587, "lahung", "556", "<entry page=""556"" id=""10587""><form id=""laxhung"" lang=""ceb"">láhung</form>
<hom role=""v""><pos>v</pos>
<sense n=""0""> <itype>[AC; b]</itype><trans> help carry a load. </trans>
<eg><i lang=""ceb"">Nagkaláhung mi sa kaban,</i><trans> We carried the trunk together. </trans></eg>
<eg><i lang=""ceb"">Lahúngi ninyu ang pyánu,</i><trans> Carry the piano together. </trans></eg>
</sense></hom>
<entry><form id=""kalaxhung"" lang=""ceb""><abbr expan=""kaláhung"">ka-</abbr></form>
<hom role=""n""><pos>n</pos>
<sense n=""0""><trans> one with whom one carries s.t.
</trans>
</sense></hom></entry></entry>");
INSERT INTO `wced_head` (entryid, head, normalized_head, type, pos) VALUES (10587, "láhung", "lahung", "m", "v");
INSERT INTO `wced_head` (entryid, head, normalized_head, type, pos) VALUES (10587, "kaláhung", "kalahung", "s", "n");
INSERT INTO `wced_entry` VALUES (10588, "lahus", "556", "<entry page=""556"" id=""10588""><form id=""lahus"" lang=""ceb"">lahus</form>
<hom role=""v""><pos>v</pos>
<sense n=""1""><number>1</number> <itype>[AC; ac]</itype><trans> proceed, go on or forward, esp. after an interruption or stop. </trans>
<eg><i lang=""ceb"">Mulahus lang kug pangumpra human sa simba,</i><trans> I will just proceed to the market after going to church. </trans></eg>
<eg><i lang=""ceb"">Nagláhus ang nagsaaray,</i><trans> The engaged couple went through with their marriage. </trans></eg>
<eg><i lang=""ceb"">Lahusa nyà ákung karsúnis sa tiluring,</i><trans> Please go ahead to get my pants at the tailor’s. </trans></eg>
<eg><i lang=""ceb"">Ilahus ni ngadtu sa íla,</i><trans> Bring this on ahead to their house. </trans></eg>
</sense>
<sense n=""2""><number>2</number> <itype>[A2]</itype><trans> penetrate, pass through. </trans>
<eg><i lang=""ceb"">Lahusa (ilahus) lang ang ímung mga plánu,</i><trans> Just go ahead with your plans. </trans></eg>
</sense>
<sense n=""3""><number>3</number> <itype>[B3; c1]</itype><trans> get through, finish s.t. successfully. </trans>
<eg><i lang=""ceb"">Milahus na siya sa íyang abugasíya,</i><trans> He has gotten through his law course. </trans></eg>
</sense>
<sense n=""3a""><number>3a</number> <itype>[a12]</itype><trans> be finished in the first fight. </trans>
<eg><i lang=""ceb"">Gilahus ang íyang sunuy,</i><trans> His cock was killed <corr sic=""on"">in</corr> the first fight. </trans></eg>
</sense></hom>
<entry><form id=""lahus_sa"" lang=""ceb""><abbr expan=""lahus"">—</abbr> sa</form>
<hom>
<sense n=""0""><trans> going through s.t. </trans>
<eg><i lang=""ceb"">Lahus ning lansánga sa píkas bungbung kay taas,</i><trans> This nail goes through to the other side. </trans></eg>
<eg><i lang=""ceb"">Mu rag kining ákung tambag lahus lang sa píkas mung dunggan,</i><trans> Apparently my advice to you goes in one ear and out the other. </trans></eg>
</sense></hom>
<hom role=""n""><pos>n</pos>
<sense n=""0""><trans> k.o. small shark, so called because its liver causes instant defecation. </trans>
</sense></hom></entry>
<entry><form id=""laxhus"" lang=""ceb""><abbr expan=""láhus"">(←)</abbr></form>
<hom role=""v""><pos>v</pos>
<sense n=""1""><number>1</number> <itype>[C23; a12]</itype><trans> for two things to lead into each other. </trans>
<eg><i lang=""ceb"">Nagláhus ang duha ka lángub,</i><trans> The two caves lead to each other. </trans></eg>
<eg><i lang=""ceb"">Lahúsa ang duha ka kanal,</i><trans> Have the two ditches connect to each other. </trans></eg>
</sense>
<sense n=""1a""><number>1a</number> <itype>[C23]</itype><trans> for two openings to be arranged in a straight line configuration. </trans>
<eg><i lang=""ceb"">Nagláhus ang duha ka pultahan, sayun ra paglahus,</i><trans> The two doors are right in line with each other. It’s easy to go through. </trans></eg>
</sense>
<sense n=""2""><number>2</number> <itype>[B; c1]</itype><trans> do s.t. straight without interruption. </trans>
<eg><i lang=""ceb"">Naláhus ang ílang isturya hangtud sa tungang gabíi,</i><trans> Their talk lasted until midnight. </trans></eg>
<eg><i lang=""ceb"">Lahúsun (iláhus) ni nákù ug laba kay gamítun ugmà,</i><trans> I will have to wash this in one day because I’m going to use it tomorrow. sa — entirely. </trans></eg>
<eg><i lang=""ceb"">Ang ákung kaguul nawálà sa láhus,</i><trans> My sorrows are gone forever. </trans></eg>
<eg><i lang=""ceb"">Malimtan ku nímu láhus,</i><trans> You will forget me entirely. </trans></eg>
</sense></hom></entry>
<entry><form id=""lahuslaxhus"" lang=""ceb"">lahusláhus</form>
<hom role=""a""><pos>a</pos>
<sense n=""1""><number>1</number><trans> for s.t. to have lots of openings so that it is easy to pass through it. </trans>
</sense>
<sense n=""2""><number>2</number><trans> taking things easy without much sense of responsibility. </trans>
<eg><i lang=""ceb"">Mamána ka niánang lahusláhus nga pagkatáwu?</i><trans> What, you want to wed that irresponsible person? </trans></eg>
</sense></hom>
<hom role=""v""><pos>v</pos>
<sense n=""0""> <itype>[A]</itype><trans> go s.w. readily without bother. </trans>
<eg><i lang=""ceb"">Mulahusláhus lang mu sa ákung kwartu mu rag ristawran,</i><trans> You keep coming into my room without any ado as if it were a restaurant. </trans></eg>
<eg><i lang=""ceb"">Malahusláhus na ang Úpun ug mahuman na ang taytáyan,</i><trans> You’ll be able to get to Opon in no time when the bridge is done. </trans></eg>
</sense></hom></entry>
<entry><form id=""palaxhus"" lang=""ceb""><abbr expan=""paláhus"">pa-(←)</abbr></form>
<hom role=""n""><pos>n</pos>
<sense n=""0""><trans> k.o. <ix>tarik</ix> that consists of one long piece of timber going from one outrigger float to the other, usually put on large-sized boats.
</trans>
</sense></hom></entry></entry>");
INSERT INTO `wced_head` (entryid, head, normalized_head, type, pos) VALUES (10588, "lahus", "lahus", "m", "v");
INSERT INTO `wced_head` (entryid, head, normalized_head, type, pos) VALUES (10588, "lahus sa", "lahus sa", "s", "n");
INSERT INTO `wced_head` (entryid, head, normalized_head, type, pos) VALUES (10588, "láhus", "lahus", "s", "v");
INSERT INTO `wced_head` (entryid, head, normalized_head, type, pos) VALUES (10588, "lahusláhus", "lahuslahus", "s", "av");
INSERT INTO `wced_head` (entryid, head, normalized_head, type, pos) VALUES (10588, "paláhus", "palahus", "s", "n");
INSERT INTO `wced_entry` VALUES (10589, "lahus", "556", "<entry page=""556"" id=""10589""><form id=""laxhus"" lang=""ceb"">láhus</form>
<hom role=""n""><pos>n</pos>
<sense n=""0""><trans> slaughtered animal and other food given by the bridegroom’s parents to the bride’s parents on the eve of the wedding. </trans>
</sense></hom>
<hom role=""v""><pos>v</pos>
<sense n=""0""> <itype>[A; b6(1)]</itype><trans> give the <ix>láhus</ix>.
</trans>
</sense></hom></entry>");
INSERT INTO `wced_head` (entryid, head, normalized_head, type, pos) VALUES (10589, "láhus", "lahus", "m", "nv");
INSERT INTO `wced_entry` VALUES (10590, "lahutay", "556", "<entry page=""556"" id=""10590""><form id=""lahuxtay"" lang=""ceb"">lahútay</form>
<hom role=""v""><pos>v</pos>
<sense n=""0""> <itype>[A; c]</itype><trans> continue doing s.t. one has started, endure to continue s.t. </trans>
<eg><i lang=""ceb"">Mulahútay kug isturya hangtud sa kaadláwun,</i><trans> I can go on talking till dawn. </trans></eg>
<eg><i lang=""ceb"">Mulahútay ba ang ílang panagdáit hangtud mahuman ang pruyiktu?</i><trans> Will their good feelings for each other endure to the end of the project? </trans></eg>
<eg><i lang=""ceb"">Dílì makalahútay sa trabáhu ning ákung láwas,</i><trans> My body cannot endure to keep on with the work. </trans></eg>
</sense></hom>
<hom role=""n""><pos>n</pos>
<sense n=""0""><trans> action of persevering. </trans>
<eg><i lang=""ceb"">Bilib ku sa íyang lahútay nga musimánag bilar nga way pupahúway,</i><trans> I take off my hat to his ability to continue keeping vigil for a week without rest.
</trans></eg>
</sense></hom></entry>");
INSERT INTO `wced_head` (entryid, head, normalized_head, type, pos) VALUES (10590, "lahútay", "lahutay", "m", "vn");
INSERT INTO `wced_entry` VALUES (10591, "lahuy", "556", "<entry page=""556"" id=""10591""><form id=""lahuy"" lang=""ceb"">lahuy</form>
<hom role=""v""><pos>v</pos>
<sense n=""0""> <itype>[A]</itype><trans> pass or go through with ease, slip in or through without a hitch. </trans>
<eg><i lang=""ceb"">Milahuy man lang wà giyud mangáyug katahúran,</i><trans> He just went through without greeting anyone. <pb n=""557""/></trans></eg>
<eg><i lang=""ceb"">Milahuy ang kawatan sa kasayun kay wà may táwu,</i><trans> The thief slipped in and out with ease because there was no one about. </trans></eg>
<eg><i lang=""ceb"">Ang ákung mga tambag mulahuy lang sa píkas dunggan,</i><trans> My advice went in one ear and out the other. </trans></eg>
</sense></hom>
<entry><form id=""lahuylaxhuy"" lang=""ceb"">lahuyláhuy</form>
<hom role=""v""><pos>v</pos>
<sense n=""1""><number>1</number> <itype>[A; b6]</itype><trans> pass back and forth easily, smoothly. </trans>
<eg><i lang=""ceb"">Maglahuyláhuy ang hángin niíning baláya,</i><trans> The breeze blows in and out of this house unobstructed. </trans></eg>
<eg><i lang=""ceb"">Singsing nga naglahuyláhuy sa íyang tudlù,</i><trans> A ring that passes readily over his fingers. </trans></eg>
</sense>
<sense n=""2""><number>2</number> <itype>[A; c1]</itype><trans> escape from s.t. </trans>
<eg><i lang=""ceb"">Ilahuyláhuy man lang gud nímu ang súgù sa ímung inahan,</i><trans> You try to get out of what your mother tells you to do. </trans></eg>
</sense></hom></entry>
<entry><form id=""lahuylahuy"" lang=""ceb"">lahuylahuy</form>
<hom role=""v""><pos>v</pos>
<sense n=""0""> <itype>[A1; b5c]</itype><trans> go from one place to another with no purpose. </trans>
<eg><i lang=""ceb"">Gilahuylahuy (gilahuylahuyan) sa ulitáwung gúlang ang kalibútan úsà pahikut sa pilitína,</i><trans> The bachelor roamed around the world first before he let himself get hooked.
</trans></eg>
</sense></hom></entry></entry>");
INSERT INTO `wced_head` (entryid, head, normalized_head, type, pos) VALUES (10591, "lahuy", "lahuy", "m", "v");
INSERT INTO `wced_head` (entryid, head, normalized_head, type, pos) VALUES (10591, "lahuyláhuy", "lahuylahuy", "s", "v");
INSERT INTO `wced_head` (entryid, head, normalized_head, type, pos) VALUES (10591, "lahuylahuy", "lahuylahuy", "s", "v");
INSERT INTO `wced_entry` VALUES (10592, "lain", "557", "<entry page=""557"" id=""10592""><form id=""laxin"" lang=""ceb"">láin</form>
<hom role=""a""><pos>a</pos>
<sense n=""1""><number>1</number><trans> different, another. </trans>
<eg><i lang=""ceb"">Láin ning klasíha sa panaptun,</i><trans> This is a different k.o. cloth. </trans></eg>
</sense>
<sense n=""1a""><number>1a</number> <form id=""may_laxin_pa"" lang=""ceb"">may <abbr expan=""láin"">—</abbr> pa</form><trans> of course, could it be different? </trans>
<eg><i lang=""ceb"">‘Wà na pud tingáli nay kwarta.’—‘May láin pa?’</i><trans> ‘He’s probably out of money again.’—‘Of course, could it be otherwise?’ </trans></eg>
</sense>
<sense n=""1b""><number>1b</number> <form id=""laxin_nga_kalibuxtan"" lang=""ceb""><abbr expan=""láin"">—</abbr> nga kalibútan</form><trans> <tr>afterworld</tr>. </trans>
<eg><i lang=""ceb"">Adtu ta magkítà sa láing kalibútan,</i><trans> We’ll meet in the afterworld. </trans></eg>
</sense>
<sense n=""1c""><number>1c</number> <form id=""sa_laxin_nga_baxhin"" lang=""ceb"">sa <abbr expan=""láin"">—</abbr> nga báhin</form><trans> on the other hand. </trans>
<eg><i lang=""ceb"">Hustu pud ang íyang sulti, apan sa láing báhin, sayup pud siya,</i><trans> What he said is true, but on the other hand, he’s also wrong in some ways. </trans></eg>
</sense>
<sense n=""2""><number>2</number><trans> bad, sick. </trans>
<eg><i lang=""ceb"">Láin kaáyu ning ákung gibátì,</i><trans> I feel very sick. </trans></eg>
</sense>
<sense n=""3""><number>3</number><trans> odd in behavior, different from what one would expect. </trans>
<eg><i lang=""ceb"">Kaláin nímu nga dílì gánì mupahíyum inighinagbù nátù!</i><trans> How odd of you not even to smile when we meet! </trans></eg>
<eg><i lang=""ceb"">Láin ug báhù ning agwáha,</i><trans> This perfume has a strange smell. </trans></eg>
</sense>
<sense n=""3a""><number>3a</number> <form id=""laxin_ug_buut_uxlu"" lang=""ceb""><abbr expan=""láin"">—</abbr> ug buut, úlu</form><trans> <tr>unpredictable</tr> in behavior, somewhat crazy. </trans>
<eg><i lang=""ceb"">Ayaw nà siya kumpiyansáhi kay láin ra ba nag úlu,</i><trans> Don’t trust him, because he’s somewhat crazy. </trans></eg>
</sense>
<sense n=""3b""><number>3b</number> <form id=""laxin_ug_sabaw"" lang=""ceb""><abbr expan=""láin"">—</abbr> ug sabaw</form><trans> acting strangely, unexpectedly. </trans>
<eg><i lang=""ceb"">Láin siyag sabaw kay manáug manday nanghúkad,</i><trans> He’s a strange fellow. He leaves just when they are serving dinner. </trans></eg>
</sense>
<sense n=""4""><number>4</number><trans> not of a good sort, bad. </trans>
<eg><i lang=""ceb"">Láin ang panahun run,</i><trans> The weather is no good now. </trans></eg>
<eg><i lang=""ceb"">Láin kaáyu ug batásan nang íyang asáwa,</i><trans> That wife of his has very offensive manners. </trans></eg>
</sense>
<sense n=""4a""><number>4a</number> <form id=""laxin_ug_buut_uxlu"" lang=""ceb""><abbr expan=""láin"">—</abbr> ug buut, úlu</form><trans> <tr>short-tempered</tr>.</trans>
<eg><i lang=""ceb""> Ayaw siya bikla kay láin ra ba nag buut (úlu),</i><trans> Don’t irritate him because he’s short-tempered. </trans></eg>
</sense>
<sense n=""4b""><number>4b</number> <form id=""laxin_ug_kamut"" lang=""ceb""><abbr expan=""láin"">—</abbr> ug kamut</form><trans> tending to steal. </trans>
<eg><i lang=""ceb"">Láin ug kamut tung ákung binatunan, Daghan ang nawā́,</i><trans> Our servant was a thief. So many things disappeared. </trans></eg>
</sense>
<sense n=""4c""><number>4c</number> <form id=""laxin_ug_sabaw"" lang=""ceb""><abbr expan=""láin"">—</abbr> ug sabaw</form><trans> sensitive, easily taking offense. </trans>
<eg><i lang=""ceb"">Láig sabawng bayhána. Wà bayà kuy gipasabut nga dautan!</i><trans> What a sensitive woman. I didn’t mean anything by that remark. </trans></eg>
</sense>
<sense n=""5""><number>5</number><trans> for a person to be dangerous, capable of supernatural harm. </trans>
<eg><i lang=""ceb"">Láin kaáyu ang mga táwu sa Nága. Daghang mga unglù,</i><trans> The people in Naga are dangerous. There are lots of vampires. </trans></eg>
</sense>
<sense n=""6""><number>6</number> <form id=""laxin_nga_taxwu"" lang=""ceb""><abbr expan=""láin"">—</abbr> nga táwu</form><trans> unrelated person, outsider. </trans>
<eg><i lang=""ceb"">Nagbalunbálun pa man ka. Mau ra ka mag láing táwu,</i><trans> You’re bringing food, as if you weren’t related to us. </trans></eg>
<eg><i lang=""ceb"">Way láing táwung pasudlun dinhi,</i><trans> No outsider is allowed in. </trans></eg>
</sense>
<sense n=""7""><number>7</number> <form id=""laxin_pay_axkuq_axtuq"" lang=""ceb""><abbr expan=""láin"">—</abbr> pay ákù, átù</form><trans> </trans>
</sense>
<sense n=""7a""><number>7a</number><trans> by the way. </trans>
<eg><i lang=""ceb"">Láin pay átù, tagadiin man tu ka?</i><trans> By the way, where do you say you come from? </trans></eg>
</sense>
<sense n=""7b""><number>7b</number><trans> <xr lang=""ceb"" target=""#mau_pay_axkuq"">= <sc>mau pay ákù</sc>.</xr> </trans>
</sense></hom>
<hom role=""v""><pos>v</pos>
<sense n=""1""><number>1</number> <itype>[A3]</itype><trans> be, become different, unusual. </trans>
<eg><i lang=""ceb"">Ug muláin ang andar sa makina, pahunúnga,</i><trans> If the engine develops a strange sound, turn it off. </trans></eg>
<eg><i lang=""ceb"">Ayaw laína pagsabut,</i><trans> Don’t take it the wrong way. </trans></eg>
</sense>
<sense n=""1a""><number>1a</number> <itype>[B126; b4(1)]</itype><trans> become mentally deranged. </trans>
<eg><i lang=""ceb"">Nalaínan (naláin) siya tungud sa labihang kaguul,</i><trans> He went off his rocker because of his extreme grief. </trans></eg>
</sense>
<sense n=""2""><number>2</number> <itype>[A13]</itype><trans> be or feel bad, sick. </trans>
<eg><i lang=""ceb"">Nagláin ákung ginháwa,</i><trans> I feel sick. </trans></eg>
</sense>
<sense n=""3""><number>3</number> <itype>[B]</itype><trans> get bad, worsen. </trans>
</sense>
<sense n=""3a""><number>3a</number> <itype>[B1256; b6]</itype><trans> be disconcerted, feel distaste. </trans>
<eg><i lang=""ceb"">Naláin siya pagkabatì níya sa balità,</i><trans> He reacted with distaste upon hearing the news. </trans></eg>
<eg><i lang=""ceb"">Gilaínan ku sa ákung pagkabutang,</i><trans> I feel uneasy in my situation. </trans></eg>
</sense></hom>
<entry><form id=""dixliq_iglaxin"" lang=""ceb"">dílì <abbr expan=""igláin"">ig-</abbr></form>
<hom>
<sense n=""1""><number>1</number><trans> related by blood. </trans>
<eg><i lang=""ceb"">Dílì ka nákù igláin,</i><trans> You’re not unrelated to me. </trans></eg>
</sense>
<sense n=""2""><number>2</number><trans> of the same family as. </trans>
<eg><i lang=""ceb"">Ang barílis dílì igláin sa tulíngan,</i><trans> The tuna is not unrelated to the mackerel. </trans></eg>
<eg><i lang=""ceb"">Ang arti sa panugilánun dílì igláin sa arti sa pamintal,</i><trans> The art of story writing is not unrelated to the art of painting. </trans></eg>
</sense></hom></entry>
<entry><form id=""lain"" lang=""ceb""><abbr expan=""lain"">(→)</abbr></form>
<hom role=""v""><pos>v</pos>
<sense n=""1""><number>1</number> <itype>[A; a12]</itype><trans> separate oneself from the group, do s.t. s.w. else or at another time. </trans>
<eg><i lang=""ceb"">Milain ang dalágag káun sa laláki,</i><trans> The girls ate apart from the boys. </trans></eg>
<eg><i lang=""ceb"">Mulain ta kay lisud ug ípun ta sa mga bayaw,</i><trans> We will live separately because it is difficult to live with in-laws. </trans></eg>
<eg><i lang=""ceb"">Lainun nákù ni ug anhi kay dì nákù madala run,</i><trans> I will come back for this some other time because I can not take it now. </trans></eg>
</sense>
<sense n=""2""><number>2</number> <itype>[A; ac]</itype><trans> separate s.t., set aside. </trans>
<eg><i lang=""ceb"">Laina ang hilaw ug ang hinug,</i><trans> Keep the unripe and the ripe ones separate. </trans></eg>
<eg><i lang=""ceb"">Ilain kini pára níya,</i><trans> Set this aside for him. </trans></eg>
</sense></hom></entry>
<entry><form id=""lainlain"" lang=""ceb"">lainlain</form>
<hom role=""a""><pos>a</pos>
<sense n=""1""><number>1</number><trans> k.o. crazy. </trans>
</sense>
<sense n=""2""><number>2</number><trans> thieves. </trans>
<eg><i lang=""ceb"">Kaning mga iskwátir mga lainlain,</i><trans> The squatters around here are a bunch of thieves. </trans></eg>
</sense>
<sense n=""3""><number>3</number><trans> people of supernatural powers. </trans>
<eg><i lang=""ceb"">Dílì maáyung paliwatan nang mga tawhána nga lainlain,</i><trans> We mustn’t marry our children off to those people because they are thought to be vampires. </trans></eg>
</sense></hom></entry>
<entry><form id=""lainlaxin"" lang=""ceb"">lainláin</form>
<hom role=""a""><pos>a</pos>
<sense n=""0""><trans> various. </trans>
<eg><i lang=""ceb"">Lainláin ang mga klási sa pagkáun,</i><trans> There are all different <pb n=""558""/>kinds of food. </trans></eg>
</sense></hom>
<hom role=""v""><pos>v</pos>
<sense n=""0""> <itype>[A13; a12]</itype><trans> </trans>
</sense>
<sense n=""1""><number>1</number><trans> be <tr>varied</tr>. </trans>
<eg><i lang=""ceb"">Lainlaínun nákù ang kulur sa bungbung,</i><trans> I’ll paint the walls all different colors. </trans></eg>
</sense>
<sense n=""2""><number>2</number><trans> do s.t. <tr>separately</tr> or alone by oneself. </trans>
<eg><i lang=""ceb"">Ngánung naglainlàin ka mag káun dihà?</i><trans> Why are you eating alone by yourself there? </trans></eg>
</sense></hom></entry>
<entry><form id=""kalainlaxin"" lang=""ceb"">kalainláin</form>
<hom role=""v""><pos>v</pos>
<sense n=""0""> <itype>[A13]</itype><trans> be all different. </trans>
</sense></hom></entry>
<entry><form id=""kalainan"" lang=""ceb""><abbr expan=""kalainan"">ka-an</abbr></form>
<hom role=""n""><pos>n</pos>
<sense n=""1""><number>1</number><trans> <tr>difference</tr>. </trans>
<eg><i lang=""ceb"">Wà kay kalaínan sa kawatan,</i><trans> You’re no different from a thief. </trans></eg>
</sense>
<sense n=""2""><number>2</number><trans> <tr>change</tr>. </trans>
<eg><i lang=""ceb"">Dakù ang kalaínan nga mahímù sa ímung pánit ug mugámit kag Kamay,</i><trans> It will make a great difference for your skin if you use Camay. </trans></eg>
</sense></hom></entry>
<entry><form id=""lainun"" lang=""ceb""><abbr expan=""lainun"">-un(→)</abbr></form>
<hom role=""a""><pos>a</pos></hom></entry>
<entry><form id=""lainun_ug_buut_uxlu_kamut_etc."" lang=""ceb""><abbr expan=""lainun"">—</abbr> ug buut, úlu, kamut, etc.</form>
<hom>
<sense n=""0""><trans> of the sort that gets easily angered, tends to be crazy, tends to steal. </trans>
</sense></hom></entry>
<entry><form id=""palain"" lang=""ceb""><abbr expan=""palain"">pa-(→)</abbr></form>
<hom role=""v""><pos>v</pos>
<sense n=""0""> <itype>[A; b6]</itype><trans> change the subject in a conversation. </trans>
<eg><i lang=""ceb"">Wà ku maagpas kay mipalain siya sa íyang isturya,</i><trans> I did not understand because he changed the tack of his story. </trans></eg>
<eg><i lang=""ceb"">Palainan nátù ang sulti,</i><trans> Let’s change the tack of our conversation. </trans></eg>
</sense></hom></entry>
<entry><form id=""panaglaxin"" lang=""ceb""><abbr expan=""panagláin"">panag-</abbr></form>
<hom role=""v""><pos>v</pos>
<sense n=""0""> <itype>[c]</itype><trans> <xr lang=""ceb"" target=""#panig-"">= <sc><abbr expan=""panagláin"">panig-</abbr></sc>, <ix>1.</ix></xr> </trans>
</sense></hom></entry>
<entry><form id=""paniglaxin"" lang=""ceb""><abbr expan=""panigláin"">panig-</abbr></form>
<hom role=""v""><pos>v</pos>
<sense n=""1""><number>1</number> <itype>[A23; c2]</itype><trans> feel like a stranger, be treated like a stranger. </trans>
<eg><i lang=""ceb"">Dílì siya manigláin nákù kay dúgay na mi nga nagkaíla,</i><trans> He feels at home with me because we’ve been friends for a long time. </trans></eg>
<eg><i lang=""ceb"">Mahiubus ku ug ímu kung paniglaínan (ipanigláin, ipanagláin),</i><trans> I will be hurt if you treat me like a stranger. </trans></eg>
</sense>
<sense n=""2""><number>2</number> <itype>[A23; c3]</itype><trans> treat s.o. as if he were not related. </trans>
<eg><i lang=""ceb"">Dì ku manigláin sa paryinti sa ákung asáwa,</i><trans> I will not treat my wife’s relatives like outsiders.
</trans></eg>
</sense></hom></entry></entry>");
INSERT INTO `wced_head` (entryid, head, normalized_head, type, pos) VALUES (10592, "láin", "lain", "m", "av");
INSERT INTO `wced_head` (entryid, head, normalized_head, type, pos) VALUES (10592, "may láin pa", "may lain pa", "s", "");
INSERT INTO `wced_head` (entryid, head, normalized_head, type, pos) VALUES (10592, "láin nga kalibútan", "lain nga kalibutan", "s", "");
INSERT INTO `wced_head` (entryid, head, normalized_head, type, pos) VALUES (10592, "sa láin nga báhin", "sa lain nga bahin", "s", "");
INSERT INTO `wced_head` (entryid, head, normalized_head, type, pos) VALUES (10592, "láin ug buut", "lain ug buut", "s", "");
INSERT INTO `wced_head` (entryid, head, normalized_head, type, pos) VALUES (10592, "úlu", "ulu", "s", "");
INSERT INTO `wced_head` (entryid, head, normalized_head, type, pos) VALUES (10592, "láin ug sabaw", "lain ug sabaw", "s", "");
INSERT INTO `wced_head` (entryid, head, normalized_head, type, pos) VALUES (10592, "láin ug kamut", "lain ug kamut", "s", "");
INSERT INTO `wced_head` (entryid, head, normalized_head, type, pos) VALUES (10592, "láin nga táwu", "lain nga tawu", "s", "");
INSERT INTO `wced_head` (entryid, head, normalized_head, type, pos) VALUES (10592, "láin pay ákù", "lain pay aku", "s", "");
INSERT INTO `wced_head` (entryid, head, normalized_head, type, pos) VALUES (10592, "átù", "atu", "s", "");
INSERT INTO `wced_head` (entryid, head, normalized_head, type, pos) VALUES (10592, "dílì igláin", "dili iglain", "s", "");
INSERT INTO `wced_head` (entryid, head, normalized_head, type, pos) VALUES (10592, "lain", "lain", "s", "v");
INSERT INTO `wced_head` (entryid, head, normalized_head, type, pos) VALUES (10592, "lainlain", "lainlain", "s", "a");
INSERT INTO `wced_head` (entryid, head, normalized_head, type, pos) VALUES (10592, "lainláin", "lainlain", "s", "av");
INSERT INTO `wced_head` (entryid, head, normalized_head, type, pos) VALUES (10592, "kalainláin", "kalainlain", "s", "v");
INSERT INTO `wced_head` (entryid, head, normalized_head, type, pos) VALUES (10592, "kalainan", "kalainan", "s", "n");
INSERT INTO `wced_head` (entryid, head, normalized_head, type, pos) VALUES (10592, "lainun", "lainun", "s", "a");
INSERT INTO `wced_head` (entryid, head, normalized_head, type, pos) VALUES (10592, "lainun ug buut", "lainun ug buut", "s", "");
INSERT INTO `wced_head` (entryid, head, normalized_head, type, pos) VALUES (10592, "kamut", "kamut", "s", "");
INSERT INTO `wced_head` (entryid, head, normalized_head, type, pos) VALUES (10592, "etc.", "etc.", "s", "");
INSERT INTO `wced_head` (entryid, head, normalized_head, type, pos) VALUES (10592, "palain", "palain", "s", "v");
INSERT INTO `wced_head` (entryid, head, normalized_head, type, pos) VALUES (10592, "panagláin", "panaglain", "s", "v");
INSERT INTO `wced_head` (entryid, head, normalized_head, type, pos) VALUES (10592, "panigláin", "paniglain", "s", "v");
INSERT INTO `wced_translation` (entryid, translation) VALUES (10592, "afterworld");
INSERT INTO `wced_translation` (entryid, translation) VALUES (10592, "unpredictable");
INSERT INTO `wced_translation` (entryid, translation) VALUES (10592, "short-tempered");
INSERT INTO `wced_translation` (entryid, translation) VALUES (10592, "varied");
INSERT INTO `wced_translation` (entryid, translation) VALUES (10592, "separately");
INSERT INTO `wced_translation` (entryid, translation) VALUES (10592, "difference");
INSERT INTO `wced_translation` (entryid, translation) VALUES (10592, "change");
INSERT INTO `wced_entry` VALUES (10593, "lais", "558", "<entry page=""558"" id=""10593""><form id=""laxis"" lang=""ceb"">láis</form>
<hom role=""n""><pos>n</pos>
<sense n=""0""><trans> <tr>fibers</tr> made from the strippings of the outer part of coconut, buri palm fronds, or from bamboo. </trans>
<eg><i lang=""ceb"">Pagkúhag láis ibugkus sa sugnud,</i><trans> Get strips of coconut palm fronds to tie the firewood. </trans></eg>
</sense></hom>
<hom role=""v""><pos>v</pos>
<sense n=""0""> <itype>[A; a]</itype><trans> get fibers from the outer part of coconut, buri palm fronds, or bamboo.
</trans>
</sense></hom></entry>");
INSERT INTO `wced_head` (entryid, head, normalized_head, type, pos) VALUES (10593, "láis", "lais", "m", "nv");
INSERT INTO `wced_translation` (entryid, translation) VALUES (10593, "fibers");
INSERT INTO `wced_entry` VALUES (10594, "laiti", "558", "<entry page=""558"" id=""10594""><form id=""Laixti"" lang=""ceb"">Laíti</form>
<hom>
<sense n=""0""><trans> <xr lang=""ceb"" target=""#layti"">= <sc>Layti</sc>.</xr>
</trans>
</sense></hom></entry>");
INSERT INTO `wced_head` (entryid, head, normalized_head, type, pos) VALUES (10594, "Laíti", "laiti", "m", "");
INSERT INTO `wced_entry` VALUES (10595, "lak", "558", "<entry page=""558"" id=""10595""><form id=""laxk"" lang=""ceb"">lák</form>
<hom role=""n""><pos>n</pos>
<sense n=""0""><trans> <tr>lock</tr>, <tr>latch</tr>. </trans>
</sense></hom>
<hom role=""v""><pos>v</pos>
<sense n=""0""> <itype>[A; b5]</itype><trans> <tr>lock</tr>. </trans>
<eg><i lang=""ceb"">Wà ku kasulud kay gilákan (gilák) man ang gít,</i><trans> I was unable to come in because the gate was locked.
</trans></eg>
</sense></hom></entry>");
INSERT INTO `wced_head` (entryid, head, normalized_head, type, pos) VALUES (10595, "lák", "lak", "m", "nv");
INSERT INTO `wced_translation` (entryid, translation) VALUES (10595, "lock");
INSERT INTO `wced_translation` (entryid, translation) VALUES (10595, "latch");
INSERT INTO `wced_entry` VALUES (10596, "lak-ab1", "558", "<entry page=""558"" id=""10596""><form id=""lak-ab"" lang=""ceb"">lak-ab<sub>1</sub></form>
<hom>
<sense n=""0""><trans> <xr lang=""ceb"" target=""#lab-ak"">= <sc>lab-ak</sc>.</xr>
</trans>
</sense></hom></entry>");
INSERT INTO `wced_head` (entryid, head, normalized_head, type, pos) VALUES (10596, "lak-ab", "lak-ab", "s", "");
INSERT INTO `wced_entry` VALUES (10597, "lak-ab2", "558", "<entry page=""558"" id=""10597""><form id=""lak-ab2"" lang=""ceb"">lak-ab<sub>2</sub></form>
<hom role=""n""><pos>n</pos>
<sense n=""0""><trans> a <tr>stanza</tr> in a poem or song.
</trans>
</sense></hom></entry>");
INSERT INTO `wced_head` (entryid, head, normalized_head, type, pos) VALUES (10597, "lak-ab", "lak-ab", "s", "n");
INSERT INTO `wced_translation` (entryid, translation) VALUES (10597, "stanza");
INSERT INTO `wced_entry` VALUES (10598, "lakad", "558", "<entry page=""558"" id=""10598""><form id=""laxkad"" lang=""ceb"">lákad</form>
<hom role=""v""><pos>v</pos>
<sense n=""1""><number>1</number> <itype>[A; a]</itype><trans> step over s.t. </trans>
<eg><i lang=""ceb"">Dílì ku makalákad sa kanal kay pinsil ang ákung palda,</i><trans> I cannot step over the ditch because my skirt is too narrow. </trans></eg>
<eg><i lang=""ceb"">Lakárun lang níya nang kurála,</i><trans> He’ll just step over that fence. </trans></eg>
</sense>
<sense n=""2""><number>2</number> <itype>[A; b6]</itype><trans> go beyond, exceed. </trans>
<eg><i lang=""ceb"">Kun mulákad sa trayinta díyas dubli na ang bayranan,</i><trans> If it exceeds thirty days you will have to pay double. </trans></eg>
<eg><i lang=""ceb"">Kadtung ímung mga sulti nakalákad sa maáyung pamatásan,</i><trans> What you said went beyond the bounds of proper behavior. </trans></eg>
</sense>
<sense n=""3""><number>3</number> <itype>[A; b(1)]</itype><trans> marry or wed ahead of big brothers or sisters. </trans>
<eg><i lang=""ceb"">Dì sà ta magminyù kay dì ku gustung lakdan (lakáran) ang ákung magúwang,</i><trans> We won’t get married because I don’t want to get ahead of my big sister. </trans></eg>
</sense>
<sense n=""4""><number>4</number> <form id=""laxkad_sa_adlaw"" lang=""ceb""><abbr expan=""lákad"">—</abbr> sa adlaw</form><trans> </trans>
</sense></hom>
<hom role=""v""><pos>v</pos>
<sense n=""0""> <itype>[b4]</itype><trans> for s.o. to be caught by the noon sun still asleep. </trans>
<eg><i lang=""ceb"">Gilakdan (hilakdan) siya sa adlawng natúlug, maung nagluya ang láwas,</i><trans> He slept until afternoon so his body is weak. </trans></eg>
</sense></hom>
<hom role=""a""><pos>a</pos>
<sense n=""1""><number>1</number> <form id=""laxkad_sa"" lang=""ceb""><abbr expan=""lákad"">—</abbr> sa</form><trans> beyond a limit. </trans>
<eg><i lang=""ceb"">Lákad sa baláud ang ímung buhátun,</i><trans> What you are going to do is a transgression of the law. </trans></eg>
</sense>
<sense n=""2""><number>2</number> <form id=""laxkad_ang_buxlan"" lang=""ceb""><abbr expan=""lákad"">—</abbr> ang búlan</form><trans> for the moon to be moving toward the noon position in the early hours of the evening—i.e., the second quarter. </trans>
</sense></hom>
<entry><form id=""lakad"" lang=""ceb""><abbr expan=""lakad"">(→)</abbr></form>
<hom role=""v""><pos>v</pos>
<sense n=""0""> <itype>[b4]</itype><trans> <form id=""lakad_ug_buxlan"" lang=""ceb""><abbr expan=""lakad"">—</abbr> ug búlan</form> </trans>
</sense>
<sense n=""1""><number>1</number><trans> affliction of individual coconuts whereby the meat of the coconut is hard, grooved, and scanty or there is none at all, and the juice, if there is any, is sour, unfit to drink. A coconut with this disease is called <ix>búang nga lubi</ix> (lit. ‘crazy coconut’) and is believed to be caused to be so by the moon’s rays. </trans>
</sense>
<sense n=""2""><number>2</number><trans> be mentally deranged. A person is so called because he is compared to the coconut afflicted by the moon (called <ix>búang</ix> ‘crazy’). </trans>
<eg><i lang=""ceb"">Mu rag gilakaran (gilakdan) ug búwan ang linihukan ánang tawhána,</i><trans> That man acts as if he had been exposed to the moon (i.e. crazy). </trans></eg>
</sense></hom></entry>
<entry><form id=""linakaxdan_linakaxran"" lang=""ceb""><abbr expan=""linakádan"">-in-an</abbr>, linakáran</form>
<hom role=""n""><pos>n</pos>
<sense n=""0""><trans> fine given to the older siblings by a younger sibling who marries ahead of them.
</trans>
</sense></hom></entry></entry>");
INSERT INTO `wced_head` (entryid, head, normalized_head, type, pos) VALUES (10598, "lákad", "lakad", "m", "vva");
INSERT INTO `wced_head` (entryid, head, normalized_head, type, pos) VALUES (10598, "lákad sa adlaw", "lakad sa adlaw", "s", "");
INSERT INTO `wced_head` (entryid, head, normalized_head, type, pos) VALUES (10598, "lákad sa", "lakad sa", "s", "");
INSERT INTO `wced_head` (entryid, head, normalized_head, type, pos) VALUES (10598, "lákad ang búlan", "lakad ang bulan", "s", "");
INSERT INTO `wced_head` (entryid, head, normalized_head, type, pos) VALUES (10598, "lakad", "lakad", "s", "v");
INSERT INTO `wced_head` (entryid, head, normalized_head, type, pos) VALUES (10598, "lakad ug búlan", "lakad ug bulan", "s", "");
INSERT INTO `wced_head` (entryid, head, normalized_head, type, pos) VALUES (10598, "linakádan", "linakadan", "s", "n");
INSERT INTO `wced_head` (entryid, head, normalized_head, type, pos) VALUES (10598, "linakáran", "linakaran", "s", "n");
INSERT INTO `wced_entry` VALUES (10599, "lakag", "558", "<entry page=""558"" id=""10599""><form id=""lakag"" lang=""ceb"">lakag</form>
<hom role=""v""><pos>v</pos>
<sense n=""0""> <itype>[AC; ac3]</itype><trans> <tr>chase</tr>. </trans>
<eg><i lang=""ceb"">Naglákag ang duha ka trák,</i><trans> The two buses are chasing each other. </trans></eg>
<eg><i lang=""ceb"">Lakaga (lakga) ang manuk nga nakabuhì,</i><trans> Chase the chicken that escaped. </trans></eg>
</sense></hom>
<entry><form id=""lakagay"" lang=""ceb""><abbr expan=""lakagay"">-ay</abbr></form>
<hom role=""v""><pos>v</pos>
<sense n=""0""> <itype>[C; c3]</itype><trans> chase each other. </trans>
<eg><i lang=""ceb"">Naglakagay ang mga bátà,</i><trans> The children are chasing one another.
</trans></eg>
</sense></hom></entry></entry>");
INSERT INTO `wced_head` (entryid, head, normalized_head, type, pos) VALUES (10599, "lakag", "lakag", "m", "v");
INSERT INTO `wced_head` (entryid, head, normalized_head, type, pos) VALUES (10599, "lakagay", "lakagay", "s", "v");
INSERT INTO `wced_translation` (entryid, translation) VALUES (10599, "chase");
INSERT INTO `wced_entry` VALUES (10600, "lakang", "558", "<entry page=""558"" id=""10600""><form id=""laxkang"" lang=""ceb"">lákang</form>
<hom role=""v""><pos>v</pos>
<sense n=""0""> <itype>[A; a]</itype><trans> <tr>step across</tr>. </trans>
<eg><i lang=""ceb"">Lakángun ku nang kanal,</i><trans> I’m going to step across that ditch. </trans></eg>
<eg><i lang=""ceb"">Ilákang pag-úna ang walang tiil,</i><trans> Take the first step with your left foot. </trans></eg>
</sense></hom>
<hom role=""n""><pos>n</pos>
<sense n=""0""><trans> step, stride. </trans>
<eg><i lang=""ceb"">Hínay ang íyang lákang padúng sa simbahan,</i><trans> She walked to church slowly. </trans></eg>
</sense></hom>
<entry><form id=""tag-as_ug_laxkang"" lang=""ceb"">tag-as ug <abbr expan=""lákang"">—</abbr></form>
<hom>
<sense n=""0""><trans> arriving at a house in time for a meal (lit. having long leg strides). Such a person is considered lucky. </trans>
<eg><i lang=""ceb"">Tag-as kag lákang, Dù, kay mu pay pagsúgud námù,</i><trans> You are lucky you came in time, young man, because we just started to eat. </trans></eg>
</sense></hom></entry>
<entry><form id=""sayup_nga_laxkang"" lang=""ceb"">sayup nga <abbr expan=""lákang"">—</abbr></form>
<hom>
<sense n=""0""><trans> <tr>false move</tr>.
</trans>
</sense></hom></entry></entry>");
INSERT INTO `wced_head` (entryid, head, normalized_head, type, pos) VALUES (10600, "lákang", "lakang", "m", "vn");
INSERT INTO `wced_head` (entryid, head, normalized_head, type, pos) VALUES (10600, "tag-as ug lákang", "tag-as ug lakang", "s", "");
INSERT INTO `wced_head` (entryid, head, normalized_head, type, pos) VALUES (10600, "sayup nga lákang", "sayup nga lakang", "s", "");
INSERT INTO `wced_translation` (entryid, translation) VALUES (10600, "step across");
INSERT INTO `wced_translation` (entryid, translation) VALUES (10600, "false move");
INSERT INTO `wced_entry` VALUES (10601, "lak-ang", "558", "<entry page=""558"" id=""10601""><form id=""lak-ang"" lang=""ceb"">lak-ang</form>
<hom role=""v""><pos>v</pos>
<sense n=""1""><number>1</number> <itype>[A; b(1)]</itype><trans> stand or squat with legs wide apart. </trans>
<eg><i lang=""ceb"">Ayaw lak-ángi ang unidúru kun mugámit mu,</i><trans> Do not squat with your feet on the toilet bowl when you use it. </trans></eg>
</sense>
<sense n=""2""><number>2</number> <itype>[A; c]</itype><trans> set s.t. on a fire to cook. </trans>
<eg><i lang=""ceb"">Ang kalapíhan ang ilak-ang pag-úna,</i><trans> Set the pot of coffee on the stove first. </trans></eg>
</sense>
<sense n=""3""><number>3</number> <itype>[A2; b]</itype><trans> miss, skip s.t in a series. </trans>
<eg><i lang=""ceb"">Milak-ang ang íyang dugù ug usa ka búlan,</i><trans> She missed her period for one <pb n=""559""/>month. </trans></eg>
<eg><i lang=""ceb"">Nalak-angan ang íyang ngálan pagrulkul,</i><trans> They skipped his name when they called the roll. </trans></eg>
</sense>
<sense n=""3a""><number>3a</number> <itype>[B]</itype><trans> for there to be a gap. </trans>
<eg><i lang=""ceb"">Naglak-ang ug dakù ang idad sa íyang mga bátà,</i><trans> Her children were widely spaced. </trans></eg>
</sense></hom>
<hom role=""n""><pos>n</pos>
<sense n=""1""><number>1</number><trans> s.t. skipped or missed. </trans>
</sense>
<sense n=""2""><number>2</number><trans> distance, gap. </trans>
<eg><i lang=""ceb"">Dakug lak-ang ang kinaíya nílang duha,</i><trans> There is a big difference in their character.
</trans></eg>
</sense></hom></entry>");
INSERT INTO `wced_head` (entryid, head, normalized_head, type, pos) VALUES (10601, "lak-ang", "lak-ang", "m", "vn");
INSERT INTO `wced_entry` VALUES (10602, "lakat", "559", "<entry page=""559"" id=""10602""><form id=""lakat"" lang=""ceb"">lakat</form>
<hom role=""v""><pos>v</pos>
<sense n=""1""><number>1</number> <itype>[A; a]</itype><trans> <tr>walk</tr>. </trans>
<eg><i lang=""ceb"">Mulakat na ang bátà,</i><trans> The baby is able to walk now. </trans></eg>
<eg><i lang=""ceb"">Duul ra man nang ámù. Laktun ta lang,</i><trans> My house is near here. Let’s go on foot. </trans></eg>
</sense>
<sense n=""1a""><number>1a</number> <itype>[A]</itype><trans> for s.t. to be going on. </trans>
<eg><i lang=""ceb"">Milakat ang daghang katuígan,</i><trans> Many years went by. </trans></eg>
<eg><i lang=""ceb"">Samtang naglakat ang pangadyì,</i><trans> While the prayers went on. </trans></eg>
</sense>
<sense n=""1b""><number>1b</number><trans> approaching an age, length of time. </trans>
<eg><i lang=""ceb"">Mulakat na ug usa ka túig sukad sa íyang pag-anhi,</i><trans> It’s been close to a year since he came here. </trans></eg>
<eg><i lang=""ceb"">Naglakat na ku sa kwarinta,</i><trans> I’m approaching forty. </trans></eg>
</sense>
<sense n=""2""><number>2</number> <itype>[A2; ab3c]</itype><trans> go away, depart. </trans>
<eg><i lang=""ceb"">Wà ra ba dinhi. Milakat na,</i><trans> He’s not here. He went out. </trans></eg>
<eg><i lang=""ceb"">Unsa may laktun mu sa lungsud?</i><trans> What are you going to the city for? </trans></eg>
<eg><i lang=""ceb"">Kagamay ra ánang butang nga ímung laktan,</i><trans> My, you are running away from such an insignificant thing. </trans></eg>
<eg><i lang=""ceb"">Ilakat ang bátà sa parki arun malingaw,</i><trans> Take the child to the park to amuse him. </trans></eg>
</sense>
<sense n=""3""><number>3</number> <itype>[B46; c]</itype><trans> spread. </trans>
<eg><i lang=""ceb"">Milakat ang balità nga bakak,</i><trans> The false news spread. </trans></eg>
<eg><i lang=""ceb"">Maáyung puúhun ning bagúna arun dílì makalakat nganhi,</i><trans> It would be best to kill this vine off completely so that it can not spread here. </trans></eg>
</sense>
<sense n=""4""><number>4</number> <itype>[AP; a1]</itype><trans> follow up. </trans>
<eg><i lang=""ceb"">Akuy milakat (mipalakat) sa titulu sa ámung yútà,</i><trans> I followed up the title to our land. </trans></eg>
<eg><i lang=""ceb"">Laktun sa supirintindinti ang átung apuwintmint,</i><trans> The superintendent will follow up our appointments. </trans></eg>
</sense></hom>
<hom role=""n""><pos>n</pos>
<sense n=""1""><number>1</number><trans> trend, course or direction s.t. is taking. </trans>
<eg><i lang=""ceb"">Lakat sa panahun,</i><trans> Trend of the time. </trans></eg>
<eg><i lang=""ceb"">Lakat sa nigusyu,</i><trans> The way business is going. </trans></eg>
</sense>
<sense n=""2""><number>2</number><trans> errand, chore s.o. is sent to do. </trans>
<eg><i lang=""ceb"">Wà kuy lakat run,</i><trans> I don’t have anything to do now. </trans></eg>
</sense>
<sense n=""3""><number>3</number><trans> trip, journey. </trans>
</sense>
<sense n=""4""><number>4</number><trans> procedure for doing s.t. </trans>
<eg><i lang=""ceb"">Ang lakat sa sinadiyap lahì sa yánung paghablun,</i><trans> The procedure for weaving twill is different from that of a simple design. </trans></eg>
</sense></hom>
<entry><form id=""laxkat"" lang=""ceb""><abbr expan=""lákat"">(←)</abbr></form>
<hom role=""n""><pos>n</pos>
<sense n=""0""><trans> action of going some place on foot. </trans>
<eg><i lang=""ceb"">Lákat na pud ta kay wà nay sakyanan,</i><trans> Here we go, having to walk again because there is no transportation. </trans></eg>
</sense></hom>
<hom role=""v""><pos>v</pos>
<sense n=""0""><trans> <xr lang=""ceb"" target=""#lakat"">= <sc>lakat</sc>, <ix>4.</ix></xr> </trans>
</sense></hom></entry>
<entry><form id=""palakat_palaxkat"" lang=""ceb""><abbr expan=""palakat"">pa-</abbr>, <abbr expan=""palákat"">pa-(←)</abbr></form>
<hom role=""v""><pos>v</pos>
<sense n=""1""><number>1</number> <itype>[A; c6]</itype><trans> make s.t. walk, go away, spread news, follow it up. </trans>
</sense>
<sense n=""1a""><number>1a</number><trans> move pieces around the board in a game. </trans>
<eg><i lang=""ceb"">Sígi, ipalákat pa ang mga batu kay dì ra ka mapasu,</i><trans> Go on, keep moving your stones because you haven’t stopped in an empty hole. </trans></eg>
</sense>
<sense n=""2""><number>2</number> <itype>[A; a]</itype><trans> operate an enterprise; business. </trans>
<eg><i lang=""ceb"">Antígu siya mupalákat ug nigusyu,</i><trans> He knows how to run a business. </trans></eg>
</sense>
<sense n=""3""><number>3</number> <itype>[A; b6(1)]</itype><trans> continue working on a design that was started. </trans>
<eg><i lang=""ceb"">Akuy mupalákat niíning ginansilyu,</i><trans> I’ll continue working on your crochet work. </trans></eg>
</sense></hom>
<hom role=""n""><pos>n</pos>
<sense n=""1""><number>1</number><trans> way, means of doing s.t. </trans>
<eg><i lang=""ceb"">Ang íyang palákat sa íyang tindáhan inantigu,</i><trans> She runs her store in a knowledgeable way. </trans></eg>
</sense>
<sense n=""2""><number>2</number><trans> manner or process of doing. </trans>
</sense></hom></entry>
<entry><form id=""lakatan"" lang=""ceb""><abbr expan=""lakatan"">-an</abbr></form>
<hom role=""a""><pos>a</pos>
<sense n=""0""><trans> prone to roaming about. </trans>
</sense></hom></entry>
<entry><form id=""hinglaxkat"" lang=""ceb""><abbr expan=""hinglákat"">hiN-(←)</abbr></form>
<hom role=""a""><pos>a</pos>
<sense n=""0""><trans> tending to go out a lot for business or for just plain roaming. </trans>
</sense></hom></entry>
<entry><form id=""linaktan_nilaktan"" lang=""ceb"">linaktan, nilaktan</form>
<hom role=""n""><pos>n</pos>
<sense n=""0""><trans> way of walking. </trans>
</sense></hom></entry>
<entry><form id=""laktunun"" lang=""ceb"">laktunun</form>
<hom role=""n""><pos>n</pos>
<sense n=""1""><number>1</number><trans> way or distance to be walked. </trans>
</sense>
<sense n=""2""><number>2</number><trans> errand to be run. </trans>
</sense></hom></entry>
<entry><form id=""talilaxkat_lumalaxkat"" lang=""ceb""><abbr expan=""talilákat"">tali-(←)</abbr>, <abbr expan=""lumalákat"">-um-r-(←)</abbr></form>
<hom role=""n""><pos>n</pos>
<sense n=""0""><trans> about to go out, <tr>depart</tr>.
</trans>
</sense></hom></entry></entry>");
INSERT INTO `wced_head` (entryid, head, normalized_head, type, pos) VALUES (10602, "lakat", "lakat", "m", "vn");
INSERT INTO `wced_head` (entryid, head, normalized_head, type, pos) VALUES (10602, "lákat", "lakat", "s", "nv");
INSERT INTO `wced_head` (entryid, head, normalized_head, type, pos) VALUES (10602, "palakat", "palakat", "s", "vn");
INSERT INTO `wced_head` (entryid, head, normalized_head, type, pos) VALUES (10602, "palákat", "palakat", "s", "vn");
INSERT INTO `wced_head` (entryid, head, normalized_head, type, pos) VALUES (10602, "lakatan", "lakatan", "s", "a");
INSERT INTO `wced_head` (entryid, head, normalized_head, type, pos) VALUES (10602, "hinglákat", "hinglakat", "s", "a");
INSERT INTO `wced_head` (entryid, head, normalized_head, type, pos) VALUES (10602, "linaktan", "linaktan", "s", "n");
INSERT INTO `wced_head` (entryid, head, normalized_head, type, pos) VALUES (10602, "nilaktan", "nilaktan", "s", "n");
INSERT INTO `wced_head` (entryid, head, normalized_head, type, pos) VALUES (10602, "laktunun", "laktunun", "s", "n");
INSERT INTO `wced_head` (entryid, head, normalized_head, type, pos) VALUES (10602, "talilákat", "talilakat", "s", "n");
INSERT INTO `wced_head` (entryid, head, normalized_head, type, pos) VALUES (10602, "lumalákat", "lumalakat", "s", "n");
INSERT INTO `wced_translation` (entryid, translation) VALUES (10602, "walk");
INSERT INTO `wced_translation` (entryid, translation) VALUES (10602, "depart");
INSERT INTO `wced_entry` VALUES (10603, "lakatan", "559", "<entry page=""559"" id=""10603""><form id=""lakatan"" lang=""ceb"">lakatan</form>
<hom>
<sense n=""0""><trans> <xr lang=""ceb"" target=""#baxngan2"">= <sc>bángan<sub>2</sub></sc>.</xr>
</trans>
</sense></hom></entry>");
INSERT INTO `wced_head` (entryid, head, normalized_head, type, pos) VALUES (10603, "lakatan", "lakatan", "m", "");
INSERT INTO `wced_entry` VALUES (10604, "lakaw", "559", "<entry page=""559"" id=""10604""><form id=""lakaw"" lang=""ceb"">lakaw</form>
<hom>
<sense n=""0""><trans> <xr lang=""ceb"" target=""#lakat"">= <sc>lakat</sc>.</xr>
</trans>
</sense></hom></entry>");
INSERT INTO `wced_head` (entryid, head, normalized_head, type, pos) VALUES (10604, "lakaw", "lakaw", "m", "");
INSERT INTO `wced_entry` VALUES (10605, "lakayan", "559", "<entry page=""559"" id=""10605""><form id=""lakayan"" lang=""ceb"">lakayan</form>
<hom role=""n""><pos>n</pos>
<sense n=""0""><trans> container consisting of a bamboo tube about <measure reg=""20 cm"">8″</measure> long with the node serving as its bottom. It is worn strapped to the side as container for miscellaneous little things: seeds for farmers, bait for fishermen, et al. </trans>
</sense></hom>
<hom role=""v""><pos>v</pos>
<sense n=""0""> <itype>[A12; a12]</itype><trans> make into a <ix>lakayan</ix>.
</trans>
</sense></hom></entry>");
INSERT INTO `wced_head` (entryid, head, normalized_head, type, pos) VALUES (10605, "lakayan", "lakayan", "m", "nv");
INSERT INTO `wced_entry` VALUES (10606, "lakbang", "559", "<entry page=""559"" id=""10606""><form id=""lakbang"" lang=""ceb"">lakbang</form>
<hom role=""n""><pos>n</pos>
<sense n=""0""><trans> step, procedure. </trans>
<eg><i lang=""ceb"">Ang íyang mga lakbang nagkahinay,</i><trans> Her steps began to falter. </trans></eg>
<eg><i lang=""ceb"">Unsay inyung mga lakbang arun madakpan ang kriminal?</i><trans> What steps have you taken to catch the criminal? </trans></eg>
<eg><i lang=""ceb"">Hukmanan sa únang lakbang,</i><trans> Court of First Instance. </trans></eg>
</sense></hom>
<hom role=""v""><pos>v</pos>
<sense n=""0""> <itype>[A2; a]</itype><trans> go s.w. walking. </trans>
<eg><i lang=""ceb"">Milakbang na kug súgud apan íya kung gialíhan,</i><trans> I began to walk away, but he blocked my path. </trans></eg>
<eg><i lang=""ceb"">Kaduul ánà, lakbángun rag katulu,</i><trans> It is very close-by. You can get there in three steps.
</trans></eg>
</sense></hom></entry>");
INSERT INTO `wced_head` (entryid, head, normalized_head, type, pos) VALUES (10606, "lakbang", "lakbang", "m", "nv");
INSERT INTO `wced_entry` VALUES (10607, "lakbay", "559", "<entry page=""559"" id=""10607""><form id=""lakbay"" lang=""ceb"">lakbay</form>
<hom role=""v""><pos>v</pos>
<sense n=""0""> <itype>[A; b5]</itype><trans> travel, take a trip. </trans>
<eg><i lang=""ceb"">Pila ka adlaw makalakbay na ang táwu sa búwan,</i><trans> Soon we’ll be able to take trips to the moon. </trans></eg>
</sense>
<sense n=""2""><number>2</number> <itype>[A; a]</itype><trans> walk, travel on foot. </trans>
<eg><i lang=""ceb"">Mulakbay (maglakbay) siyag paúlì mahápun,</i><trans> He walks home from work in the afternoon. </trans></eg>
<eg><i lang=""ceb"">Lakbáyun lang nátù ang lungsud,</i><trans> We will just walk to town.
</trans></eg>
</sense></hom></entry>");
INSERT INTO `wced_head` (entryid, head, normalized_head, type, pos) VALUES (10607, "lakbay", "lakbay", "m", "v");
INSERT INTO `wced_entry` VALUES (10608, "lakbit", "559", "<entry page=""559"" id=""10608""><form id=""lakbit"" lang=""ceb"">lakbit</form>
<hom role=""a""><pos>a</pos>
<sense n=""1""><number>1</number><trans> <tr>brief</tr>, short in time. </trans>
<eg><i lang=""ceb"">Sa lakbit nga pagkasulti,</i><trans> In short or briefly. </trans></eg>
<eg><i lang=""ceb"">Lakbit nga pagkakítà,</i><trans> A brief meeting. </trans></eg>
</sense>
<sense n=""2""><number>2</number> <form id=""sa_lakbit"" lang=""ceb"">sa <abbr expan=""lakbit"">—</abbr></form><trans> all of a sudden. </trans>
<eg><i lang=""ceb"">Sa lakbit misantup sa íyang panumdúman,</i><trans> Suddenly it occured to him that ... </trans></eg>
</sense></hom>
<hom role=""v""><pos>v</pos>
<sense n=""1""><number>1</number> <itype>[A; a]</itype><trans> make s.t. brief. </trans>
<eg><i lang=""ceb"">Átù lang ning lakbítug sulti,</i><trans> We’ll just say this briefly. </trans></eg>
</sense>
<sense n=""2""><number>2</number> <itype>[b2c]</itype><trans> touch on s.t. briefly and suddenly in the main course of the conversation. </trans>
<eg><i lang=""ceb"">Lakhiti ku dihag ampù,</i><trans> Mention me in your prayers. </trans></eg>
<eg><i lang=""ceb"">Gilakbit níya pagtug-an ang tinúud,</i><trans> He revealed the truth in the course of his conversation. </trans></eg>
</sense></hom>
<hom role=""n""><pos>n</pos>
<sense n=""0""><trans> a brief portion, part. </trans>
<eg><i lang=""ceb"">Usa ka gamayng lakbit sa ákung kagahápun,</i><trans> One small bit of my past. </trans></eg>
</sense></hom>
<entry><form id=""palakbit"" lang=""ceb""><abbr expan=""palakbit"">pa-</abbr></form>
<hom role=""v""><pos>v</pos>
<sense n=""0""> <itype>[A; c]</itype><trans> drop hints. </trans>
<eg><i lang=""ceb"">Gipalakbítan (gipalakbitan) ku níya sa íyang gustung pinaskúhan,</i><trans> She dropped some <pb n=""560""/>hints as to what she wanted for Christmas. </trans></eg>
</sense></hom></entry>
<entry><form id=""palakbit"" lang=""ceb""><abbr expan=""palakbit"">pa-</abbr></form>
<hom role=""n""><pos>n</pos>
<sense n=""0""><trans> <tr>hints</tr>.
</trans>
</sense></hom></entry></entry>");
INSERT INTO `wced_head` (entryid, head, normalized_head, type, pos) VALUES (10608, "lakbit", "lakbit", "m", "avn");
INSERT INTO `wced_head` (entryid, head, normalized_head, type, pos) VALUES (10608, "sa lakbit", "sa lakbit", "s", "");
INSERT INTO `wced_head` (entryid, head, normalized_head, type, pos) VALUES (10608, "palakbit", "palakbit", "s", "v");
INSERT INTO `wced_translation` (entryid, translation) VALUES (10608, "brief");
INSERT INTO `wced_translation` (entryid, translation) VALUES (10608, "hints");
INSERT INTO `wced_entry` VALUES (10609, "lakdap", "560", "<entry page=""560"" id=""10609""><form id=""lakdap"" lang=""ceb"">lakdap</form>
<hom role=""v""><pos>v</pos>
<sense n=""1""><number>1</number> <itype>[A3C3; a12b2]</itype><trans> for chickens to dash into fight for only a few clashes. </trans>
<eg><i lang=""ceb"">Milakdap ang mungà sa banug,</i><trans> The hen dashed at the hawk. </trans></eg>
<eg><i lang=""ceb"">Naglakdap ang duha ka sunuy,</i><trans> The two roosters clashed for a short time. </trans></eg>
</sense>
<sense n=""1a""><number>1a</number> <itype>[A3P; c16P]</itype><trans> have chickens clash with each other. </trans>
</sense>
<sense n=""2""><number>2</number> <itype>[A; b]</itype><trans> swoop down over, whizz close by. </trans>
<eg><i lang=""ceb"">Milakdap ang ayruplánu sa digíra,</i><trans> The plane swooped down over the battleship. </trans></eg>
<eg><i lang=""ceb"">Lakdapi siya pagpusil,</i><trans> Let a bullet whizz by him.
</trans></eg>
</sense></hom></entry>");
INSERT INTO `wced_head` (entryid, head, normalized_head, type, pos) VALUES (10609, "lakdap", "lakdap", "m", "v");
INSERT INTO `wced_entry` VALUES (10610, "lakdup", "560", "<entry page=""560"" id=""10610""><form id=""lakdup"" lang=""ceb"">lakdup</form>
<hom role=""v""><pos>v</pos>
<sense n=""1""><number>1</number> <itype>[A]</itype><trans> swoop down. </trans>
<eg><i lang=""ceb"">Banug da tung milakdup sa mga pisù,</i><trans> It was a hawk that swooped down on the chicks. </trans></eg>
<eg><i lang=""ceb"">Ilakdup ang ímung tabánug sa iyáha,</i><trans> Make your kite swoop down on his. </trans></eg>
</sense>
<sense n=""2""><number>2</number> <itype>[A23; b6]</itype><trans> appear in one’s mind in a flash. </trans>
<eg><i lang=""ceb"">Milakdup sa ákung panumdúman ang íyang mga túgun,</i><trans> His last words came back in my mind. </trans></eg>
</sense></hom>
<hom role=""n""><pos>n</pos>
<sense n=""0""><trans> swoop.
</trans>
</sense></hom></entry>");
INSERT INTO `wced_head` (entryid, head, normalized_head, type, pos) VALUES (10610, "lakdup", "lakdup", "m", "vn");
INSERT INTO `wced_entry` VALUES (10611, "lakgak", "560", "<entry page=""560"" id=""10611""><form id=""lakgak"" lang=""ceb"">lakgak</form>
<hom role=""v""><pos>v</pos>
<sense n=""0""> <itype>[A; a2]</itype><trans> join strands of abaca fiber (<ix>lánut</ix>) end to end to make thread. </trans>
</sense></hom>
<entry><form id=""lakgakan"" lang=""ceb""><abbr expan=""lakgakan"">-an(→)</abbr></form>
<hom role=""n""><pos>n</pos>
<sense n=""0""><trans> container into which the strands of fiber are laid after they have been joined.
</trans>
</sense></hom></entry></entry>");
INSERT INTO `wced_head` (entryid, head, normalized_head, type, pos) VALUES (10611, "lakgak", "lakgak", "m", "v");
INSERT INTO `wced_head` (entryid, head, normalized_head, type, pos) VALUES (10611, "lakgakan", "lakgakan", "s", "n");
INSERT INTO `wced_entry` VALUES (10612, "lakgut", "560", "<entry page=""560"" id=""10612""><form id=""lakgut"" lang=""ceb"">lakgut</form>
<hom role=""v""><pos>v</pos>
<sense n=""0""> <itype>[AC3; a]</itype><trans> tie a series of things together by means of a series of locked knots. </trans>
<eg><i lang=""ceb"">Lakgutig maáyu ang mga nípà. Adtu ilakgut sa katsaw,</i><trans> Tie the palm shingles up firmly. Tie them to the rafters. </trans></eg>
</sense></hom>
<hom role=""n""><pos>n</pos>
<sense n=""0""><trans> tie that cannot come undone.
</trans>
</sense></hom></entry>");
INSERT INTO `wced_head` (entryid, head, normalized_head, type, pos) VALUES (10612, "lakgut", "lakgut", "m", "vn");
INSERT INTO `wced_entry` VALUES (10613, "laki", "560", "<entry page=""560"" id=""10613""><form id=""laki"" lang=""ceb"">laki</form>
<hom role=""n""><pos>n</pos>
<sense n=""1""><number>1</number><trans> male animal or plant. </trans>
</sense>
<sense n=""2""><number>2</number><trans> descriptive term given to plants, where the same name is given to different species or varieties. The thorny and/or smaller variety or species is called <ix>laki</ix>, as opposed to a larger and smoother species or variety called <ix>bayi</ix> ‘female’. </trans>
</sense>
<sense n=""3""><number>3</number><trans> paramour. </trans>
</sense></hom>
<hom role=""v""><pos>v</pos>
<sense n=""1""><number>1</number> <itype>[B1256; b6]</itype><trans> have male offspring. </trans>
</sense>
<sense n=""2""><number>2</number><trans> <xr lang=""ceb"" target=""#lalaxki"">= <sc>laláki</sc>, <i lang=""ceb"">v</i>.</xr> </trans>
</sense></hom>
<entry><form id=""laxki"" lang=""ceb""><abbr expan=""láki"">(←)</abbr><sub>1</sub></form>
<hom role=""n""><pos>n</pos>
<sense n=""0""><trans> <xr lang=""ceb"" target=""#lalaxki"">= <sc>laláki</sc>.</xr> </trans>
</sense></hom>
<hom role=""v""><pos>v</pos>
<sense n=""0""> <itype>[B1256; c1]</itype><trans> turn out to be a boy. </trans>
<eg><i lang=""ceb"">Maáyu untag maláki ning ákung gisabak,</i><trans> It would be nice if my baby turned out to be a boy! </trans></eg>
</sense></hom></entry>
<entry><form id=""lalaxki"" lang=""ceb"">laláki</form>
<hom role=""n""><pos>n</pos>
<sense n=""1""><number>1</number><trans> human male. </trans>
<eg><i lang=""ceb"">Laláki kaáyu siyang manlihuklihuk,</i><trans> He acts all man. </trans></eg>
</sense>
<sense n=""2""><number>2</number><trans> paramour. </trans>
<eg><i lang=""ceb"">Pusilun ku ang laláki sa ákung asáwa,</i><trans> I’ll kill my wife’s paramour. </trans></eg>
</sense>
<sense n=""3""><number>3</number> <form id=""lalaxking_buxhat"" lang=""ceb""><abbr expan=""laláking"">-ng</abbr> búhat</form><trans> acting in a way proper to a man. </trans>
<eg><i lang=""ceb"">Mu nay láking búhat nga makig-áwayg babáyi?</i><trans> Is that what a gentleman does—quarrel with a woman? </trans></eg>
</sense>
<sense n=""4""><number>4</number> <form id=""mau_nay_lalaxki"" lang=""ceb"">mau nay <abbr expan=""laláki"">—</abbr></form><trans> Atta boy, that’s the way you ought to do it (said only to males). </trans>
</sense></hom></entry>
<entry><form id=""lalaxki_panlalaki_panlalaxki"" lang=""ceb""><abbr expan=""laláki"">la-(←)</abbr>, <abbr expan=""panlalaki"">panla-</abbr>, <abbr expan=""panlaláki"">panla-(←)</abbr></form>
<hom role=""v""><pos>v</pos>
<sense n=""0""> <itype>[A; a]</itype><trans> have a paramour. </trans>
<eg><i lang=""ceb"">Nanglaláki (naglalaki) ang íyang asáwa,</i><trans> His wife has a paramour. </trans></eg>
<eg><i lang=""ceb"">Gipanglalaki (gilalaki) níya ang íyang humagbus,</i><trans> She took her stepson for a lover. </trans></eg>
</sense></hom></entry>
<entry><form id=""linaxki"" lang=""ceb""><abbr expan=""lináki"">-in-(←)</abbr></form>
<hom role=""a""><pos>a</pos>
<sense n=""0""><trans> done like a male; man-like. </trans>
<eg><i lang=""ceb"">Lináki ang íyang tupi,</i><trans> She has a man’s haircut. </trans></eg>
</sense></hom>
<hom role=""v""><pos>v</pos>
<sense n=""0""> <itype>[A; a]</itype><trans> do things like a male. </trans>
<eg><i lang=""ceb"">Mulináki ku ug ímu kung suhúlan,</i><trans> I’ll act like a man if you pay me. </trans></eg>
<eg><i lang=""ceb"">Ilináki (linakíha) ang ímung pagbayhun arun dì ka hiilhan nga báyut,</i><trans> Carry yourself like a man so people won’t recognize that you’re a fairy. </trans></eg>
</sense></hom></entry>
<entry><form id=""linaki"" lang=""ceb""><abbr expan=""linaki"">-in-</abbr></form>
<hom role=""n""><pos>n</pos>
<sense n=""1""><number>1</number><trans> man’s bicycle. </trans>
</sense>
<sense n=""2""><number>2</number><trans> riding astraddle like a man. </trans>
</sense></hom>
<hom role=""v""><pos>v</pos>
<sense n=""0""> <itype>[A; a2]</itype><trans> ride astride an animal or vehicle. </trans>
<eg><i lang=""ceb"">Maglinaki ku pagbakráyid sa mútur,</i><trans> I’m going to ride astride the back of the motorcycle. </trans></eg>
</sense></hom></entry>
<entry><form id=""pakalalaxki"" lang=""ceb""><abbr expan=""pakalaláki"">pakala-(←)</abbr></form>
<hom role=""v""><pos>v</pos>
<sense n=""0""> <itype>[A13; a12]</itype><trans> act like a man, consider, treat like a man. </trans>
<eg><i lang=""ceb"">Kinahanglan kang magpakalaláki arun dì ka ingnung báyut,</i><trans> You have to act like a man so they won’t call you scared of women. </trans></eg>
</sense></hom></entry>
<entry><form id=""kalalakin-an"" lang=""ceb"">kalalakin-an</form>
<hom role=""n""><pos>n</pos>
<sense n=""1""><number>1</number><trans> the menfolk as a group. </trans>
</sense>
<sense n=""2""><number>2</number><trans> <xr lang=""ceb"" target=""#tag-lx"">= <sc>tag-(←)</sc>. </xr></trans>
</sense></hom></entry>
<entry><form id=""lakin-un"" lang=""ceb"">lakin-un</form>
<hom role=""a""><pos>a</pos>
<sense n=""0""><trans> a female that acts like a male, tomboy. </trans>
</sense></hom></entry>
<entry><form id=""taglaxki_taglakin-an_taglalakin-an"" lang=""ceb""><abbr expan=""tagláki"">tag-(←)</abbr>, taglakin-an, taglalakin-an</form>
<hom role=""n""><pos>n</pos>
<sense n=""0""><trans> the groom’s relatives at the wedding.
</trans>
</sense></hom></entry></entry>");
INSERT INTO `wced_head` (entryid, head, normalized_head, type, pos) VALUES (10613, "laki", "laki", "m", "nv");
INSERT INTO `wced_head` (entryid, head, normalized_head, type, pos) VALUES (10613, "láki", "laki", "s", "nv");
INSERT INTO `wced_head` (entryid, head, normalized_head, type, pos) VALUES (10613, "laláki", "lalaki", "s", "n");
INSERT INTO `wced_head` (entryid, head, normalized_head, type, pos) VALUES (10613, "laláking búhat", "lalaking buhat", "s", "");
INSERT INTO `wced_head` (entryid, head, normalized_head, type, pos) VALUES (10613, "mau nay laláki", "mau nay lalaki", "s", "");
INSERT INTO `wced_head` (entryid, head, normalized_head, type, pos) VALUES (10613, "panlalaki", "panlalaki", "s", "v");
INSERT INTO `wced_head` (entryid, head, normalized_head, type, pos) VALUES (10613, "panlaláki", "panlalaki", "s", "v");
INSERT INTO `wced_head` (entryid, head, normalized_head, type, pos) VALUES (10613, "lináki", "linaki", "s", "av");
INSERT INTO `wced_head` (entryid, head, normalized_head, type, pos) VALUES (10613, "linaki", "linaki", "s", "nv");
INSERT INTO `wced_head` (entryid, head, normalized_head, type, pos) VALUES (10613, "pakalaláki", "pakalalaki", "s", "v");
INSERT INTO `wced_head` (entryid, head, normalized_head, type, pos) VALUES (10613, "kalalakin-an", "kalalakin-an", "s", "n");
INSERT INTO `wced_head` (entryid, head, normalized_head, type, pos) VALUES (10613, "lakin-un", "lakin-un", "s", "a");
INSERT INTO `wced_head` (entryid, head, normalized_head, type, pos) VALUES (10613, "tagláki", "taglaki", "s", "n");
INSERT INTO `wced_head` (entryid, head, normalized_head, type, pos) VALUES (10613, "taglakin-an", "taglakin-an", "s", "n");
INSERT INTO `wced_head` (entryid, head, normalized_head, type, pos) VALUES (10613, "taglalakin-an", "taglalakin-an", "s", "n");
INSERT INTO `wced_entry` VALUES (10614, "laki1", "560", "<entry page=""560"" id=""10614""><form id=""laxki"" lang=""ceb"">láki<sub>1</sub></form>
<hom>
<sense n=""0""><trans> <ix>see</ix> <xr lang=""ceb"" target=""#laki""><sc>laki</sc>.</xr>
</trans>
</sense></hom></entry>");
INSERT INTO `wced_head` (entryid, head, normalized_head, type, pos) VALUES (10614, "láki", "laki", "s", "");
INSERT INTO `wced_entry` VALUES (10615, "*laki2", "560", "<entry page=""560"" id=""10615""><form id=""xxlaxki2"" lang=""ceb"">*láki<sub>2</sub></form>
<entry><form id=""maaxyung_laxki"" lang=""ceb"">maáyung <abbr expan=""láki"">—</abbr></form>
<hom>
<sense n=""0""><trans> have exceptional ability. </trans>
<eg><i lang=""ceb"">Maáyung láki si Maríya sa ininglis,</i><trans> Maria has exceptional ability in English. </trans></eg>
</sense></hom></entry>
<entry><form id=""kalaxki"" lang=""ceb""><abbr expan=""kaláki"">ka-</abbr></form>
<hom role=""n""><pos>n</pos>
<sense n=""1""><number>1</number><trans> ability, skill. </trans>
<eg><i lang=""ceb"">Pwirtig kaláki níya sa karáti,</i><trans> He is very skilled in karate. </trans></eg>
</sense>
<sense n=""1a""><number>1a</number><trans> extraordinary ability of supernatural origin. </trans>
<eg><i lang=""ceb"">May kaláki siyang makatihul samtang mag-inum,</i><trans> He has the ability of whistling while drinking. </trans></eg>
</sense>
<sense n=""1b""><number>1b</number> <form id=""walay_kalaxki"" lang=""ceb"">walay <abbr expan=""kaláki"">—</abbr></form><trans> no good. </trans>
<eg><i lang=""ceb"">Way kaláki ang pagkáun dinhi,</i><trans> The food here is no good. </trans></eg>
</sense>
<sense n=""2""><number>2</number><trans> course of action, maneuver. </trans>
<eg><i lang=""ceb"">Ug dì ta mangampanya, masíru giyud ta íning kalakíha,</i><trans> If we don’t campaign we will get no votes in this race. </trans></eg>
<eg><i lang=""ceb"">Maprísu ta ánang kalakíha nímu,</i><trans> We might land in jail with those plans of yours. </trans></eg>
</sense>
<sense n=""3""><number>3</number><trans> doings, usually evil. </trans>
<eg><i lang=""ceb"">Unsa tung inyung kaláki sa Manílà?</i><trans> What was going on in Manila? </trans></eg>
</sense>
<sense n=""3a""><number>3a</number><trans> way one does things. </trans>
<eg><i lang=""ceb"">Kanúnay kang malít ug mau nang kalakíha,</i><trans> You’ll never be on time if that’s the way you do things. </trans></eg>
</sense>
<sense n=""3b""><number>3b</number> <form id=""unsay_kalaxki"" lang=""ceb"">unsay <abbr expan=""kaláki"">ka-</abbr></form><trans> how are things? </trans>
<eg><i lang=""ceb"">Unsay kaláki run bay?</i><trans> How are things, pal? </trans></eg>
</sense></hom>
<hom role=""v""><pos>v</pos>
<sense n=""1""><number>1</number> <itype>[ANP; a1]</itype><trans> find ways and means to remedy a problem. </trans>
<eg><i lang=""ceb"">Akuy mukaláki (mupakaláki, mangaláki) niíni arun dílì magkúlang,</i><trans> I’ll do s.t. so that this will be enough for all of us. </trans></eg>
<eg><i lang=""ceb"">Kalakíha ri ug mahímù pa ba ning pawuntin ping daut,</i><trans> See if you can do s.t. with this broken fountain pen to make it work. </trans></eg>
</sense>
<sense n=""2""><number>2</number> <itype>[A1P]</itype><trans> do s.t. one shouldn’t be doing. </trans>
<eg><i lang=""ceb"">Nagkaláki (nagpakaláki) ka dihag languylánguy ug malumus ka,</i><trans> You dare to swim where you shouldn’t be. You might drown. </trans></eg>
<eg><i lang=""ceb"">Kaláki (pakaláki) kag mulumakinilya ug sakpan ka sa tag-íya,</i><trans> Better stop playing with that typewriter. The owner might catch you. </trans></eg>
</sense></hom></entry>
<entry><form id=""pakalaxki"" lang=""ceb""><abbr expan=""pakaláki"">paka-</abbr></form>
<hom role=""v""><pos>v</pos>
<sense n=""0""> <itype>[A1]</itype><trans> </trans>
</sense>
<sense n=""1, 2""><number>1, 2</number><trans> <xr lang=""ceb"" target=""#kalaxki"">= <sc>kaláki</sc>, <i lang=""ceb"">v</i>.</xr> </trans>
</sense>
<sense n=""3""><number>3</number><trans> do one’s best. </trans>
<eg><i lang=""ceb"">Magpakaláki giyud aku sa pagtuun,</i><trans> I’ll do my best in my <pb n=""561""/>studies. </trans></eg>
</sense></hom></entry>
<entry><form id=""kalakixhan"" lang=""ceb"">kalakíhan</form>
<hom role=""a""><pos>a</pos>
<sense n=""0""><trans> having an extraordinary ability of supernatural origin.
</trans>
</sense></hom></entry></entry>");
INSERT INTO `wced_head` (entryid, head, normalized_head, type, pos) VALUES (10615, "láki", "laki", "s", "");
INSERT INTO `wced_head` (entryid, head, normalized_head, type, pos) VALUES (10615, "maáyung láki", "maayung laki", "s", "");
INSERT INTO `wced_head` (entryid, head, normalized_head, type, pos) VALUES (10615, "kaláki", "kalaki", "s", "nv");
INSERT INTO `wced_head` (entryid, head, normalized_head, type, pos) VALUES (10615, "walay kaláki", "walay kalaki", "s", "");
INSERT INTO `wced_head` (entryid, head, normalized_head, type, pos) VALUES (10615, "unsay kaláki", "unsay kalaki", "s", "");
INSERT INTO `wced_head` (entryid, head, normalized_head, type, pos) VALUES (10615, "pakaláki", "pakalaki", "s", "v");
INSERT INTO `wced_head` (entryid, head, normalized_head, type, pos) VALUES (10615, "kalakíhan", "kalakihan", "s", "a");
INSERT INTO `wced_entry` VALUES (10616, "lakilaki, lakilaki", "561", "<entry page=""561"" id=""10616""><form id=""lakilaxki_lakiqlaxkiq"" lang=""ceb"">lakiláki, lakìlákì</form>
<hom role=""n""><pos>n</pos>
<sense n=""0""><trans> splint to brace s.t. broken: broken plants, broken bones, broken furniture legs, and the like. </trans>
</sense></hom>
<hom role=""v""><pos>v</pos>
<sense n=""0""> <itype>[A; a1]</itype><trans> make into a splint, put a splint on. </trans>
<eg><i lang=""ceb"">Gilakìlakían sa duktur ang ákung piang,</i><trans> The doctor put a splint on my broken arm.
</trans></eg>
</sense></hom></entry>");
INSERT INTO `wced_head` (entryid, head, normalized_head, type, pos) VALUES (10616, "lakiláki", "lakilaki", "s", "nv");
INSERT INTO `wced_head` (entryid, head, normalized_head, type, pos) VALUES (10616, "lakìlákì", "lakilaki", "s", "nv");
INSERT INTO `wced_entry` VALUES (10617, "lakinayin", "561", "<entry page=""561"" id=""10617""><form id=""lakinaxyin"" lang=""ceb"">lakináyin</form>
<hom role=""n""><pos>n</pos>
<sense n=""0""><trans> a card game in which the winning number of points is 9, wherein the face cards count zero. </trans>
</sense></hom>
<hom role=""v""><pos>v</pos>
<sense n=""0""> <itype>[A]</itype><trans> play lucky nine.
</trans>
</sense></hom></entry>");
INSERT INTO `wced_head` (entryid, head, normalized_head, type, pos) VALUES (10617, "lakináyin", "lakinayin", "m", "nv");
INSERT INTO `wced_entry` VALUES (10618, "lakip", "561", "<entry page=""561"" id=""10618""><form id=""lakip"" lang=""ceb"">lakip</form>
<hom>
<sense n=""0""><trans> including, included. </trans>
<eg><i lang=""ceb"">Lakip na niíning báyad ang túbù,</i><trans> This payment includes also the interest. </trans></eg>
<eg><i lang=""ceb"">Nangamátay ang mga manuk sa tukdaw lakip ang mga pisù,</i><trans> All the chickens died of the pest including the chicks. </trans></eg>
</sense></hom>
<hom role=""v""><pos>v</pos>
<sense n=""1""><number>1</number> <itype>[A; c1]</itype><trans> include in a group or activity; be, become included in a group or activity. </trans>
<eg><i lang=""ceb"">Dì ku mulakip ug kasábà sa way lábut,</i><trans> I won’t scold (lit. include in the scolding) anyone who had no part in the ruckus. </trans></eg>
<eg><i lang=""ceb"">Wà ka malakip sa lista,</i><trans> You were not included in the list. </trans></eg>
<eg><i lang=""ceb"">Ayawg lakipa (ilakip) kining ámung yútà pagsukud,</i><trans> Do not include our land in your survey. </trans></eg>
</sense>
<sense n=""2""><number>2</number> <itype>[A; a]</itype><trans> enclose s.t. within s.t. </trans>
<eg><i lang=""ceb"">Nalakip tingáli ang risíbu sa sulat pagpadala,</i><trans> I must have accidentally enclosed the receipt in the letter when I sent it.
</trans></eg>
</sense></hom></entry>");
INSERT INTO `wced_head` (entryid, head, normalized_head, type, pos) VALUES (10618, "lakip", "lakip", "m", "v");
INSERT INTO `wced_entry` VALUES (10619, "lakir1", "561", "<entry page=""561"" id=""10619""><form id=""laxkir"" lang=""ceb"">lákir<sub>1</sub></form>
<hom role=""n""><pos>n</pos>
<sense n=""0""><trans> lacquer. </trans>
</sense></hom>
<hom role=""v""><pos>v</pos>
<sense n=""0""> <itype>[A; a]</itype><trans> apply, put lacquer on s.t.
</trans>
</sense></hom></entry>");
INSERT INTO `wced_head` (entryid, head, normalized_head, type, pos) VALUES (10619, "lákir", "lakir", "s", "nv");
INSERT INTO `wced_entry` VALUES (10620, "lakir2", "561", "<entry page=""561"" id=""10620""><form id=""laxkir2"" lang=""ceb"">lákir<sub>2</sub></form>
<hom role=""n""><pos>n</pos>
<sense n=""0""><trans> locker.
</trans>
</sense></hom></entry>");
INSERT INTO `wced_head` (entryid, head, normalized_head, type, pos) VALUES (10620, "lákir", "lakir", "s", "n");
INSERT INTO `wced_entry` VALUES (10621, "lakit", "561", "<entry page=""561"" id=""10621""><form id=""laxkit"" lang=""ceb"">lákit</form>
<hom role=""n""><pos>n</pos>
<sense n=""0""><trans> locket. </trans>
</sense></hom>
<hom role=""v""><pos>v</pos>
<sense n=""0""> <itype>[A; c1]</itype><trans> have, wear or attach a locket.
</trans>
</sense></hom></entry>");
INSERT INTO `wced_head` (entryid, head, normalized_head, type, pos) VALUES (10621, "lákit", "lakit", "m", "nv");
INSERT INTO `wced_entry` VALUES (10622, "laklak", "561", "<entry page=""561"" id=""10622""><form id=""laklak"" lang=""ceb"">laklak</form>
<hom role=""v""><pos>v</pos>
<sense n=""0""> <itype>[B; c1]</itype><trans> for trousers, pants, underpants to be too loose. </trans>
<eg><i lang=""ceb"">Mulaklak ang karsúnis basta luag ang hawakan,</i><trans> Trousers hang loosely if the hip part is loose. </trans></eg>
<eg><i lang=""ceb"">Naglaklak ang pundíyu,</i><trans> The undershorts are big around at the seat.
</trans></eg>
</sense></hom></entry>");
INSERT INTO `wced_head` (entryid, head, normalized_head, type, pos) VALUES (10622, "laklak", "laklak", "m", "v");
INSERT INTO `wced_entry` VALUES (10623, "laknit", "561", "<entry page=""561"" id=""10623""><form id=""laknit"" lang=""ceb"">laknit</form>
<hom role=""v""><pos>v</pos>
<sense n=""0""> <itype>[A; a]</itype><trans> tear or peel s.t. off with a certain amount of force. </trans>
<eg><i lang=""ceb"">Makalaknit ba kahà ning hangína sa atup,</i><trans> I wonder if this wind can rip the roof off. </trans></eg>
<eg><i lang=""ceb"">Gilaknit ang íyang bág sa kawatan,</i><trans> A thief snatched her bag. </trans></eg>
<eg><i lang=""ceb"">Nalaknitan ug gamay ang ákung sinínà sa alambri,</i><trans> The wire ripped a small piece off my dress.
</trans></eg>
</sense></hom></entry>");
INSERT INTO `wced_head` (entryid, head, normalized_head, type, pos) VALUES (10623, "laknit", "laknit", "m", "v");
INSERT INTO `wced_entry` VALUES (10624, "lakpawlakpaw", "561", "<entry page=""561"" id=""10624""><form id=""lakpawlakpaw"" lang=""ceb"">lakpawlakpaw</form>
<hom role=""v""><pos>v</pos>
<sense n=""0""> <itype>[A; c1]</itype><trans> walk very lightly, hardly touching the ground. </trans>
<eg><i lang=""ceb"">Naglakpawlakpaw siya sa katunukan,</i><trans> He walked carefully over the thorny ground.
</trans></eg>
</sense></hom></entry>");
INSERT INTO `wced_head` (entryid, head, normalized_head, type, pos) VALUES (10624, "lakpawlakpaw", "lakpawlakpaw", "m", "v");
INSERT INTO `wced_entry` VALUES (10625, "lakra", "561", "<entry page=""561"" id=""10625""><form id=""lakra"" lang=""ceb"">lakra</form>
<hom role=""v""><pos>v</pos>
<sense n=""0""> <itype>[B; b6]</itype><trans> </trans>
</sense>
<sense n=""1""><number>1</number><trans> make an impression on a surface. </trans>
<eg><i lang=""ceb"">Mulakra sa iláwum nga papil ang ági kun iduut pagsulat,</i><trans> If you write with pressure it will leave a mark on the paper beneath it. </trans></eg>
<eg><i lang=""ceb"">Mga tudlù nga naglakra sa líug sa gibunù,</i><trans> Finger marks left on the murder victim’s neck. </trans></eg>
</sense>
<sense n=""1a""><number>1a</number><trans> for s.t. to show through a transparent or thin surface. </trans>
<eg><i lang=""ceb"">Naglakra ang ímung panti kay hugut ang ímung sinínà,</i><trans> Your panties are showing through because your dress is too tight. </trans></eg>
</sense>
<sense n=""2""><number>2</number><trans> for feelings or emotions to show in one’s face. </trans>
<eg><i lang=""ceb"">Milakra sa íyang nawung ang íyang kaguul,</i><trans> Her sorrow was apparent on her face. </trans></eg>
</sense></hom>
<hom role=""n""><pos>n</pos>
<sense n=""0""><trans> impression on a surface. </trans>
<eg><i lang=""ceb"">Lakra sa banig sa íyang likud,</i><trans> Impression of the mat on his back. </trans></eg>
</sense></hom>
<hom role=""a""><pos>a</pos>
<sense n=""0""><trans> showing through clearly. </trans>
<eg><i lang=""ceb"">Lakra kaáyu ang ímung tútuy sa ímung blawus,</i><trans> Your breasts show clearly through your blouse.
</trans></eg>
</sense></hom></entry>");
INSERT INTO `wced_head` (entryid, head, normalized_head, type, pos) VALUES (10625, "lakra", "lakra", "m", "vna");
INSERT INTO `wced_entry` VALUES (10626, "laksa", "561", "<entry page=""561"" id=""10626""><form id=""laksaq"" lang=""ceb"">laksà</form>
<hom role=""n""><pos>n</pos>
<sense n=""0""><trans> <ix>measure of quantity:</ix> <tr>ten thousand</tr>. </trans>
<eg><i lang=""ceb"">Usa ka laksang lubi,</i><trans> Ten thousand coconuts. </trans></eg>
</sense></hom>
<hom role=""v""><pos>v</pos>
<sense n=""0""> <itype>[B256]</itype><trans> reach ten thousand.
</trans>
</sense></hom></entry>");
INSERT INTO `wced_head` (entryid, head, normalized_head, type, pos) VALUES (10626, "laksà", "laksa", "m", "nv");
INSERT INTO `wced_translation` (entryid, translation) VALUES (10626, "ten thousand");
INSERT INTO `wced_entry` VALUES (10627, "laksanti", "561", "<entry page=""561"" id=""10627""><form id=""laksanti"" lang=""ceb"">laksanti</form>
<hom role=""n""><pos>n</pos>
<sense n=""0""><trans> a <tr>laxative</tr>.
</trans>
</sense></hom></entry>");
INSERT INTO `wced_head` (entryid, head, normalized_head, type, pos) VALUES (10627, "laksanti", "laksanti", "m", "n");
INSERT INTO `wced_translation` (entryid, translation) VALUES (10627, "laxative");
INSERT INTO `wced_entry` VALUES (10628, "laksi", "561", "<entry page=""561"" id=""10628""><form id=""laksi"" lang=""ceb"">laksi</form>
<hom>
<sense n=""0""><trans> <xr lang=""ceb"" target=""#laski"">= <sc>laski</sc>.</xr>
</trans>
</sense></hom></entry>");
INSERT INTO `wced_head` (entryid, head, normalized_head, type, pos) VALUES (10628, "laksi", "laksi", "m", "");
INSERT INTO `wced_entry` VALUES (10629, "laksi", "561", "<entry page=""561"" id=""10629""><form id=""laksiq"" lang=""ceb"">laksì</form>
<hom role=""v""><pos>v</pos>
<sense n=""0""> <itype>[A; a]</itype><trans> </trans>
</sense>
<sense n=""1""><number>1</number><trans> tear off, detach with a jerk. </trans>
<eg><i lang=""ceb"">Mulaksì kug usa ka pálid sa ímung nutbuk,</i><trans> I’ll tear a sheet out of your notebook. </trans></eg>
<eg><i lang=""ceb"">Laksíun ku nang pahibalu nga gipapilit sa bungbung,</i><trans> I’ll tear off the notice pasted on the wall. </trans></eg>
</sense>
<sense n=""2""><number>2</number><trans> wipe out of one’s mind. </trans>
<eg><i lang=""ceb"">Dì na malaksì gíkan sa ákung panumdúman ang átung kagahápun,</i><trans> Our past can never be obliterated from my memory.
</trans></eg>
</sense></hom></entry>");
INSERT INTO `wced_head` (entryid, head, normalized_head, type, pos) VALUES (10629, "laksì", "laksi", "m", "v");
INSERT INTO `wced_entry` VALUES (10630, "laksut", "561", "<entry page=""561"" id=""10630""><form id=""laksut"" lang=""ceb"">laksut</form>
<hom role=""a""><pos>a</pos>
<sense n=""0""><trans> bad, <tr>ugly</tr>, <tr>unpleasant</tr> to the senses. </trans>
<eg><i lang=""ceb"">Laksut ug hitsúra,</i><trans> Ugly in face. </trans></eg>
<eg><i lang=""ceb"">Laksut ug batásan,</i><trans> Having bad manners. </trans></eg>
<eg><i lang=""ceb"">Laksut ug lamì,</i><trans> Tasting bad. </trans></eg>
</sense></hom>
<hom role=""v""><pos>v</pos>
<sense n=""0""> <itype>[B; a]</itype><trans> be, become ugly. </trans>
<eg><i lang=""ceb"">Milaksut (nalaksut) man hinúun ang ákung nawung nga gimik-ápan,</i><trans> This make-up makes my face uglier instead of prettier. </trans></eg>
<eg><i lang=""ceb"">Ang makalaksut (makapalaksut) sa managhigála ang panaglinibákay,</i><trans> What is bad among friends is when they backbite each other.
</trans></eg>
</sense></hom></entry>");
INSERT INTO `wced_head` (entryid, head, normalized_head, type, pos) VALUES (10630, "laksut", "laksut", "m", "av");
INSERT INTO `wced_translation` (entryid, translation) VALUES (10630, "ugly");
INSERT INTO `wced_translation` (entryid, translation) VALUES (10630, "unpleasant");
INSERT INTO `wced_entry` VALUES (10631, "laktaw", "561", "<entry page=""561"" id=""10631""><form id=""laktaw"" lang=""ceb"">laktaw</form>
<hom role=""v""><pos>v</pos>
<sense n=""0""> <itype>[A; b]</itype><trans> <tr>miss</tr>, <tr>skip over</tr>. </trans>
<eg><i lang=""ceb"">Sukad sa iskína mulaktaw kag tulu ka balay. Ang ikaupat ámù,</i><trans> From the corner, skip three houses. The fourth is my place. </trans></eg>
<eg><i lang=""ceb"">Ug makalaktawg pila ka púlung, maigsaktu ang ihap sa tiligráma,</i><trans> If you can skip a few words, the telegram will have exactly the right number of words. </trans></eg>
<eg><i lang=""ceb"">Ayaw laktawi (laktáwi) ang ákung ngálan sa pagtawag,</i><trans> Don’t miss my name in the roll call. </trans></eg>
</sense></hom>
<hom role=""n""><pos>n</pos>
<sense n=""0""><trans> s.t. skipped over. </trans>
</sense></hom>
<entry><form id=""laktawlaktaw"" lang=""ceb"">laktawlaktaw</form>
<hom role=""a""><pos>a</pos>
<sense n=""0""><trans> not continuous, unevenly spaced. </trans>
</sense></hom>
<hom role=""v""><pos>v</pos>
<sense n=""0""> <itype>[B; a]</itype><trans> have gaps or omissions. </trans>
<eg><i lang=""ceb"">Ayawg laktawlaktáwa pagpintal,</i><trans> Paint every inch. Don’t keep skipping spaces. </trans></eg>
</sense></hom></entry>
<entry><form id=""kalaktaw"" lang=""ceb""><abbr expan=""kalaktaw"">ka-</abbr></form>
<hom role=""v""><pos>v</pos>
<sense n=""0""> <itype>[A13]</itype><trans> have gaps or omissions. </trans>
<eg><i lang=""ceb"">Nagkalaktawlaktaw ang íyang isturya sa íyang kahadluk,</i><trans> His story had several details missing because he was so frightened.
</trans></eg>
</sense></hom></entry></entry>");
INSERT INTO `wced_head` (entryid, head, normalized_head, type, pos) VALUES (10631, "laktaw", "laktaw", "m", "vn");
INSERT INTO `wced_head` (entryid, head, normalized_head, type, pos) VALUES (10631, "laktawlaktaw", "laktawlaktaw", "s", "av");
INSERT INTO `wced_head` (entryid, head, normalized_head, type, pos) VALUES (10631, "kalaktaw", "kalaktaw", "s", "v");
INSERT INTO `wced_translation` (entryid, translation) VALUES (10631, "miss");
INSERT INTO `wced_translation` (entryid, translation) VALUES (10631, "skip over");
INSERT INTO `wced_entry` VALUES (10632, "laktud", "561", "<entry page=""561"" id=""10632""><form id=""laktud"" lang=""ceb"">laktud</form>
<hom role=""a""><pos>a</pos>
<sense n=""1""><number>1</number><trans> direct, not going round about. </trans>
<eg><i lang=""ceb"">Laktud ning dalána kay diritsu,</i><trans> This is the direct route because it is straight. </trans></eg>
</sense>
<sense n=""2""><number>2</number><trans> done directly, straight to the point without spending <pb n=""562""/>time on s.t. else. </trans>
<eg><i lang=""ceb"">Sa laktud nga pagkasulti,</i><trans> In short, to say it directly. </trans></eg>
</sense>
<sense n=""3""><number>3</number><trans> suddenly, straight away without warning. </trans>
<eg><i lang=""ceb"">Laktud man lang siyang nawálà, way pupananghid,</i><trans> She just disappeared without saying good-bye. </trans></eg>
</sense></hom>
<hom role=""v""><pos>v</pos>
<sense n=""1""><number>1</number> <itype>[A; a]</itype><trans> go or take s.t. right away, directly. </trans>
<eg><i lang=""ceb"">Milaktud siyag súd, way tulutuktuk,</i><trans> He came in directly without bothering to knock. </trans></eg>
<eg><i lang=""ceb"">Laktúra pagsulti ang ímung túyù,</i><trans> Say what you want directly. </trans></eg>
<eg><i lang=""ceb"">Ilaktud ni Káti pagsulat ngadtu sa manidyǐr,</i><trans> Cathy will send the letter direct to the manager. </trans></eg>
</sense>
<sense n=""2""><number>2</number> <itype>[AN; b]</itype><trans> go, take a shortcut. </trans>
<eg><i lang=""ceb"">Nanglaktud ku padúng sa simbahan,</i><trans> I took a shortcut to church. </trans></eg>
</sense></hom>
<entry><form id=""laktudaxnan_lakturaxnan"" lang=""ceb""><abbr expan=""laktudánan"">-anan</abbr>, lakturánan</form>
<hom role=""n""><pos>n</pos>
<sense n=""0""><trans> shortcut. </trans>
</sense></hom></entry>
<entry><form id=""linaktud"" lang=""ceb""><abbr expan=""linaktud"">-in-</abbr></form>
<hom role=""a""><pos>a</pos>
<sense n=""0""><trans> done in the shortest possible time, with unnecessary steps omitted.
</trans>
</sense></hom></entry></entry>");
INSERT INTO `wced_head` (entryid, head, normalized_head, type, pos) VALUES (10632, "laktud", "laktud", "m", "av");
INSERT INTO `wced_head` (entryid, head, normalized_head, type, pos) VALUES (10632, "laktudánan", "laktudanan", "s", "n");
INSERT INTO `wced_head` (entryid, head, normalized_head, type, pos) VALUES (10632, "lakturánan", "lakturanan", "s", "n");
INSERT INTO `wced_head` (entryid, head, normalized_head, type, pos) VALUES (10632, "linaktud", "linaktud", "s", "a");
INSERT INTO `wced_entry` VALUES (10633, "lakun", "562", "<entry page=""562"" id=""10633""><form id=""lakun"" lang=""ceb"">lakun</form>
<hom role=""v""><pos>v</pos>
<sense n=""0""> <itype>[A; a]</itype><trans> coil s.t. </trans>
<eg><i lang=""ceb"">Lakunun (laknun) únà nang písì úsà hipúsa,</i><trans> The rope should be coiled before you store it. </trans></eg>
</sense></hom>
<hom role=""n""><pos>n</pos>
<sense n=""0""><trans> a coil. </trans>
<eg><i lang=""ceb"">Usa ka lakun alambri,</i><trans> A coil of wire.
</trans></eg>
</sense></hom></entry>");
INSERT INTO `wced_head` (entryid, head, normalized_head, type, pos) VALUES (10633, "lakun", "lakun", "m", "vn");
INSERT INTO `wced_entry` VALUES (10634, "lakung", "562", "<entry page=""562"" id=""10634""><form id=""lakung"" lang=""ceb"">lakung</form>
<hom role=""v""><pos>v</pos>
<sense n=""1""><number>1</number> <itype>[AB6; c1]</itype><trans> loop around, wind into a loop. </trans>
<eg><i lang=""ceb"">Dihay hálas nga naglakung sa sanga,</i><trans> There was a snake curled around the branch. </trans></eg>
<eg><i lang=""ceb"">Siyay naglakung sa pasul,</i><trans> He coiled the fish line up. </trans></eg>
</sense>
<sense n=""2""><number>2</number> <itype>[B; b5]</itype><trans> warp or curl up at the edges. </trans>
<eg><i lang=""ceb"">Nagkalakung ang playwud,</i><trans> The plywood is curling up at the edges.
</trans></eg>
</sense></hom></entry>");
INSERT INTO `wced_head` (entryid, head, normalized_head, type, pos) VALUES (10634, "lakung", "lakung", "m", "v");
INSERT INTO `wced_entry` VALUES (10635, "lakuy", "562", "<entry page=""562"" id=""10635""><form id=""lakuy"" lang=""ceb"">lakuy</form>
<hom role=""n""><pos>n</pos>
<sense n=""0""><trans> k.o. wrasse.
</trans>
</sense></hom></entry>");
INSERT INTO `wced_head` (entryid, head, normalized_head, type, pos) VALUES (10635, "lakuy", "lakuy", "m", "n");
INSERT INTO `wced_entry` VALUES (10636, "lakuy-ung", "562", "<entry page=""562"" id=""10636""><form id=""lakuy-ung"" lang=""ceb"">lakuy-ung</form>
<hom role=""v""><pos>v</pos>
<sense n=""0""> <itype>[B2]</itype><trans> fall in a heap when the legs or props give way. </trans>
<eg><i lang=""ceb"">Mulakuy-ung nang silyáhag lingkúran kay balig tiil,</i><trans> That chair will collapse if you sit on it because it has a broken leg. </trans></eg>
<eg><i lang=""ceb"">Nakalakuy-ung siya sa dihang gipatíran ku ang íyang batíis,</i><trans> I kicked him in the shins, and he fell in a heap.
</trans></eg>
</sense></hom></entry>");
INSERT INTO `wced_head` (entryid, head, normalized_head, type, pos) VALUES (10636, "lakuy-ung", "lakuy-ung", "m", "v");
INSERT INTO `wced_entry` VALUES (10637, "lakwatsa", "562", "<entry page=""562"" id=""10637""><form id=""lakwatsa"" lang=""ceb"">lakwatsa</form>
<hom role=""v""><pos>v</pos>
<sense n=""0""> <itype>[AC12; ac]</itype><trans> go about with no fixed destination and have fun doing so. </trans>
<eg><i lang=""ceb"">Adtu ta sa Talísay maglakwatsa,</i><trans> Let’s go to Talisay to stroll about. </trans></eg>
<eg><i lang=""ceb"">Ayawg ilakwatsa ug uban ang nagtinarung pagtrabáhu,</i><trans> Don’t take the serious workers along when you go roving about. </trans></eg>
</sense></hom>
<entry><form id=""lakwatsixra"" lang=""ceb"">lakwatsíra</form>
<hom>
<sense n=""0""><trans> <xr lang=""ceb"" target=""#lakwatsixru"">= <sc>lakwatsíru</sc>.</xr> (female). </trans>
</sense></hom></entry>
<entry><form id=""lakwatsixru"" lang=""ceb"">lakwatsíru</form>
<hom role=""a""><pos>a</pos>
<sense n=""0""><trans> one who gallivants about. </trans>
</sense></hom>
<hom role=""v""><pos>v</pos>
<sense n=""0""> <itype>[B12]</itype><trans> become a gallivanter.
</trans>
</sense></hom></entry></entry>");
INSERT INTO `wced_head` (entryid, head, normalized_head, type, pos) VALUES (10637, "lakwatsa", "lakwatsa", "m", "v");
INSERT INTO `wced_head` (entryid, head, normalized_head, type, pos) VALUES (10637, "lakwatsíra", "lakwatsira", "s", "");
INSERT INTO `wced_head` (entryid, head, normalized_head, type, pos) VALUES (10637, "lakwatsíru", "lakwatsiru", "s", "av");
INSERT INTO `wced_entry` VALUES (10638, "lakwig", "562", "<entry page=""562"" id=""10638""><form id=""lakwig"" lang=""ceb"">lakwig</form>
<hom role=""a""><pos>a</pos>
<sense n=""0""><trans> tall and lanky. </trans>
</sense></hom>
<hom role=""v""><pos>v</pos>
<sense n=""0""> <itype>[B]</itype><trans> be, become tall and lanky. </trans>
<eg><i lang=""ceb"">Naglakwig lang ang bayungbáyung,</i><trans> The adolescent is tall and lanky.
</trans></eg>
</sense></hom></entry>");
INSERT INTO `wced_head` (entryid, head, normalized_head, type, pos) VALUES (10638, "lakwig", "lakwig", "m", "av");
INSERT INTO `wced_entry` VALUES (10639, "lala1", "562", "<entry page=""562"" id=""10639""><form id=""laxla"" lang=""ceb"">lála<sub>1</sub></form>
<hom role=""v""><pos>v</pos>
<sense n=""0""> <itype>[A; a]</itype><trans> weave leaves, straw, plastic. </trans>
<eg><i lang=""ceb"">Mulā́ silag mga kálù,</i><trans> They will weave hats. </trans></eg>
<eg><i lang=""ceb"">Lad-i (láhi) akug banig,</i><trans> Weave me a mat.
</trans></eg>
</sense></hom></entry>");
INSERT INTO `wced_head` (entryid, head, normalized_head, type, pos) VALUES (10639, "lála", "lala", "s", "v");
INSERT INTO `wced_entry` VALUES (10640, "lala2", "562", "<entry page=""562"" id=""10640""><form id=""laxla2"" lang=""ceb"">lála<sub>2</sub></form>
<hom role=""a""><pos>a</pos>
<sense n=""1""><number>1</number><trans> for bites to be poisonous. </trans>
<eg><i lang=""ceb"">Lā́ kaáyu ang tuyum,</i><trans> Black sea urchins <corr sic=""inflect"">inflict</corr> a painful sting. </trans></eg>
</sense>
<sense n=""2""><number>2</number> <form id=""laxla_ug_baqbaq_dixlaq"" lang=""ceb""><abbr expan=""lála"">—</abbr> ug bàbà, dílà</form><trans> one who has the trait that whatever bad he utters will come true. Such people usually have a birthmark on the tongue. </trans>
<eg><i lang=""ceb"">Dì siya makabuyag, mahitabù dáyun, kay lā́g dílà,</i><trans> He cannot make comments, because they will come true right away. He has a poisonous tongue. </trans></eg>
<eg><i lang=""ceb"">Simbaku malála kag bàbà,</i><trans> God forbid if what you said comes true. (Lit. God forbid that you be a person with a poisonous tongue.) </trans></eg>
</sense></hom>
<hom role=""v""><pos>v</pos>
<sense n=""0""> <itype>[b4]</itype><trans> </trans>
</sense>
<sense n=""1""><number>1</number><trans> be affected by venom. </trans>
<eg><i lang=""ceb"">Dì siya lad-an sa suyud sa buyug,</i><trans> He is not affected by bee stings. </trans></eg>
</sense>
<sense n=""2""><number>2</number><trans> be hurt or embarrassed by a comment regarding s.t. which is secret but true. </trans>
<eg><i lang=""ceb"">Nalad-an siya sa ílang panaghap nga may kurang,</i><trans> She was embarrassed when they figured that she was having homosexual relations with s.o. because it was true. </trans></eg>
</sense>
<sense n=""3""><number>3</number> <itype>[b4]</itype><trans> feel the effects of an activity so that one cannot continue doing it. </trans>
<eg><i lang=""ceb"">Gilad-an sa bayli maung dì na gánì gustung mamínaw ug sunáta,</i><trans> She has danced so much that she doesn’t even want to hear music. </trans></eg>
</sense></hom>
<entry><form id=""lad-axnun"" lang=""ceb"">lad-ánun</form>
<hom role=""a""><pos>a</pos>
<sense n=""0""><trans> having strong reactions to venom. †
</trans>
</sense></hom></entry></entry>");
INSERT INTO `wced_head` (entryid, head, normalized_head, type, pos) VALUES (10640, "lála", "lala", "s", "av");
INSERT INTO `wced_head` (entryid, head, normalized_head, type, pos) VALUES (10640, "lála ug bàbà", "lala ug baba", "s", "");
INSERT INTO `wced_head` (entryid, head, normalized_head, type, pos) VALUES (10640, "dílà", "dila", "s", "");
INSERT INTO `wced_head` (entryid, head, normalized_head, type, pos) VALUES (10640, "lad-ánun", "lad-anun", "s", "a");
INSERT INTO `wced_entry` VALUES (10641, "lala", "562", "<entry page=""562"" id=""10641""><form id=""laxlaq"" lang=""ceb"">lálà</form>
<hom>
<sense n=""0""><trans> <xr lang=""ceb"" target=""#balalaq"">= <sc>balalà</sc>.</xr>
</trans>
</sense></hom></entry>");
INSERT INTO `wced_head` (entryid, head, normalized_head, type, pos) VALUES (10641, "lálà", "lala", "m", "");
INSERT INTO `wced_entry` VALUES (10642, "lala", "562", "<entry page=""562"" id=""10642""><form id=""laqlaq"" lang=""ceb"">làlà</form>
<hom role=""v""><pos>v</pos>
<sense n=""0""> <itype>[A; a]</itype><trans> </trans>
</sense>
<sense n=""1""><number>1</number><trans> <tr>slurp</tr>, lap up s.t. noisily. </trans>
<eg><i lang=""ceb"">Gilàlà sa iring ang gátas,</i><trans> The cat lapped up the milk. </trans></eg>
</sense>
<sense n=""2""><number>2</number><trans> drink liquor (slang). </trans>
<eg><i lang=""ceb"">Naplastar kay milàlà man gabíi,</i><trans> He is flat on his back because he tied a good one on last night. </trans></eg>
</sense></hom>
<hom role=""n""><pos>n</pos>
<sense n=""0""><trans> drinking spree (slang).
</trans>
</sense></hom></entry>");
INSERT INTO `wced_head` (entryid, head, normalized_head, type, pos) VALUES (10642, "làlà", "lala", "m", "vn");
INSERT INTO `wced_translation` (entryid, translation) VALUES (10642, "slurp");
INSERT INTO `wced_entry` VALUES (10643, "lalag", "562", "<entry page=""562"" id=""10643""><form id=""lalag"" lang=""ceb"">lalag</form>
<hom>
<sense n=""1""><number>1</number><trans> <xr lang=""ceb"" target=""#dalag"">= <sc>dalag<sub>1</sub></sc>.</xr> </trans>
</sense>
<sense n=""2""><number>2</number><trans> <tr>yellow of complexion</tr>, having jaundice. </trans>
</sense></hom>
<hom role=""v""><pos>v</pos>
<sense n=""0""> <itype>[B1]</itype><trans> get a yellow, sickly complexion. </trans>
<eg><i lang=""ceb"">Malalag sab ang mata sa maawásan sa apdu,</i><trans> Your eyes get a yellow cast if you suffer from jaundice.
</trans></eg>
</sense></hom></entry>");
INSERT INTO `wced_head` (entryid, head, normalized_head, type, pos) VALUES (10643, "lalag", "lalag", "m", "v");
INSERT INTO `wced_translation` (entryid, translation) VALUES (10643, "yellow of complexion");
INSERT INTO `wced_entry` VALUES (10644, "lalagan", "562", "<entry page=""562"" id=""10644""><form id=""lalagan"" lang=""ceb"">lalagan</form>
<hom role=""n""><pos>n</pos>
<sense n=""0""><trans> k.o. scaly, yellowish fish about three fingers wide and <measure reg=""13 cm"">5″</measure> long found in shallow waters.
</trans>
</sense></hom></entry>");
INSERT INTO `wced_head` (entryid, head, normalized_head, type, pos) VALUES (10644, "lalagan", "lalagan", "m", "n");
INSERT INTO `wced_entry` VALUES (10645, "lalan", "562", "<entry page=""562"" id=""10645""><form id=""lalan"" lang=""ceb"">lalan</form>
<hom>
<sense n=""0""><trans> (not without <ix>l</ix>) </trans>
</sense></hom>
<hom role=""v""><pos>v</pos>
<sense n=""0""> <itype>[A; a12]</itype><trans> </trans>
</sense>
<sense n=""1""><number>1</number><trans> eat food one usually eats with staples alone. </trans>
<eg><i lang=""ceb"">Ayaw lalana ang sud-an kay wà na unyay isulà sa paniudtu,</i><trans> Don’t eat the food without rice because we’ll run out. </trans></eg>
</sense>
<sense n=""2""><number>2</number><trans> eat s.t. without the thing it usually accompanies. </trans>
<eg><i lang=""ceb"">Ayaw lalana ang mantikilya,</i><trans> Don’t eat the butter without bread.
</trans></eg>
</sense></hom></entry>");
INSERT INTO `wced_head` (entryid, head, normalized_head, type, pos) VALUES (10645, "lalan", "lalan", "m", "v");
INSERT INTO `wced_entry` VALUES (10646, "lalang", "562", "<entry page=""562"" id=""10646""><form id=""lalang"" lang=""ceb"">lalang</form>
<hom>
<sense n=""0""><trans> (not without <ix>l</ix>) </trans>
</sense></hom>
<hom role=""v""><pos>v</pos>
<sense n=""0""> <itype>[A; a]</itype><trans> <tr>create</tr>. </trans>
<eg><i lang=""ceb"">Ang mga táwu gilalang nga dì managsáma,</i><trans> Men are created different from one another. </trans></eg>
</sense></hom>
<hom role=""n""><pos>n</pos>
<sense n=""1""><number>1</number><trans> creature. </trans>
</sense>
<sense n=""2""><number>2</number><trans> power. </trans>
<eg><i lang=""ceb"">Unsa kahay lalang ánang tawhána nga mu ra mag tukúyun ang mga babáyi,</i><trans> What sort of power does this man possess that women come to him like chickens coming for their feed. </trans></eg>
</sense></hom>
<entry><form id=""linalang"" lang=""ceb""><abbr expan=""linalang"">-in-</abbr></form>
<hom>
<sense n=""0""><trans> <xr lang=""ceb"" target=""#lalang"">= <sc>lalang</sc>, <i lang=""ceb"">n1.</i></xr>
</trans>
</sense></hom></entry></entry>");
INSERT INTO `wced_head` (entryid, head, normalized_head, type, pos) VALUES (10646, "lalang", "lalang", "m", "vn");
INSERT INTO `wced_head` (entryid, head, normalized_head, type, pos) VALUES (10646, "linalang", "linalang", "s", "");
INSERT INTO `wced_translation` (entryid, translation) VALUES (10646, "create");
INSERT INTO `wced_entry` VALUES (10647, "lalau", "562", "<entry page=""562"" id=""10647""><form id=""lalau"" lang=""ceb"">lalau</form>
<hom role=""n""><pos>n</pos>
<sense n=""0""><trans> <tr>muddy water</tr>. </trans>
<eg><i lang=""ceb"">Ayaw pagdúlà sa lalau arun dì ka nukaun,</i><trans> Don’t play in the muddy water because you’ll get sores. </trans></eg>
</sense></hom>
<entry><form id=""kalalauhan"" lang=""ceb"">kalalauhan</form>
<hom role=""n""><pos>n</pos>
<sense n=""0""><trans> a swampy area, portion of a river or bay where the water is muddy.
</trans>
</sense></hom></entry></entry>");
INSERT INTO `wced_head` (entryid, head, normalized_head, type, pos) VALUES (10647, "lalau", "lalau", "m", "n");
INSERT INTO `wced_head` (entryid, head, normalized_head, type, pos) VALUES (10647, "kalalauhan", "kalalauhan", "s", "n");
INSERT INTO `wced_translation` (entryid, translation) VALUES (10647, "muddy water");
INSERT INTO `wced_entry` VALUES (10648, "lalawigan", "562", "<entry page=""562"" id=""10648""><form id=""lalawixgan"" lang=""ceb"">lalawígan</form>
<hom>
<sense n=""0""><trans> <ix>see</ix> <xr lang=""ceb"" target=""#lawig""><sc>lawig</sc>.</xr>
</trans>
</sense></hom></entry>");
INSERT INTO `wced_head` (entryid, head, normalized_head, type, pos) VALUES (10648, "lalawígan", "lalawigan", "m", "");
INSERT INTO `wced_entry` VALUES (10649, "lalha", "562", "<entry page=""562"" id=""10649""><form id=""lalha"" lang=""ceb"">lalha</form>
<hom role=""v""><pos>v</pos>
<sense n=""0""> <itype>[A; a]</itype><trans> strip leaves or fronds off of a <pb n=""563""/>stem by ripping them with a sudden downward motion or cutting downward with a knife such that a clean break is made. </trans>
<eg><i lang=""ceb"">Lalháun ku ang dáhun sa tubu,</i><trans> I’ll strip the leaves off the sugar cane.
</trans></eg>
</sense></hom></entry>");
INSERT INTO `wced_head` (entryid, head, normalized_head, type, pos) VALUES (10649, "lalha", "lalha", "m", "v");
INSERT INTO `wced_entry` VALUES (10650, "lali", "563", "<entry page=""563"" id=""10650""><form id=""laxliq"" lang=""ceb"">lálì</form>
<hom role=""n""><pos>n</pos>
<sense n=""0""><trans> k.o. amberjack.
</trans>
</sense></hom></entry>");
INSERT INTO `wced_head` (entryid, head, normalized_head, type, pos) VALUES (10650, "lálì", "lali", "m", "n");
INSERT INTO `wced_entry` VALUES (10651, "lalik", "563", "<entry page=""563"" id=""10651""><form id=""laxlik"" lang=""ceb"">lálik</form>
<hom role=""v""><pos>v</pos>
<sense n=""0""> <itype>[A; a]</itype><trans> <tr>form</tr> into a certain shape. </trans>
<eg><i lang=""ceb"">Ang iskultur nga naglálik ánang istatwa,</i><trans> The sculptor who carved that statue. </trans></eg>
<eg><i lang=""ceb"">Maáyung pagkalálik ang íyang batíis,</i><trans> She has well-formed legs. </trans></eg>
<eg><i lang=""ceb"">Gilálik ku na sa ákung hunàhúnà ang ákung buut isulti,</i><trans> I have already formed in my mind the things I want to say. </trans></eg>
</sense></hom>
<entry><form id=""linaxlik"" lang=""ceb""><abbr expan=""linálik"">-in-</abbr></form>
<hom role=""n""><pos>n</pos>
<sense n=""0""><trans> s.t. <tr>carved</tr>, <tr>formed</tr>. </trans>
<eg><i lang=""ceb"">Dílì ka magyukbù sa linálik,</i><trans> Thou shalt not worship graven images.
</trans></eg>
</sense></hom></entry></entry>");
INSERT INTO `wced_head` (entryid, head, normalized_head, type, pos) VALUES (10651, "lálik", "lalik", "m", "v");
INSERT INTO `wced_head` (entryid, head, normalized_head, type, pos) VALUES (10651, "linálik", "linalik", "s", "n");
INSERT INTO `wced_translation` (entryid, translation) VALUES (10651, "form");
INSERT INTO `wced_translation` (entryid, translation) VALUES (10651, "carved");
INSERT INTO `wced_translation` (entryid, translation) VALUES (10651, "formed");
INSERT INTO `wced_entry` VALUES (10652, "lalim", "563", "<entry page=""563"" id=""10652""><form id=""lalim"" lang=""ceb"">lalim</form>
<hom role=""a""><pos>a</pos>
<sense n=""1""><number>1</number><trans> <tr>pleasurable</tr>. </trans>
<eg><i lang=""ceb"">Lalim pamináwun ang Rúsas Pandan,</i><trans> The song Rosas Pandan is very pleasant to listen to. </trans></eg>
</sense>
<sense n=""2""><number>2</number><trans> <tr>delicious</tr>, delightful to eat. </trans>
<eg><i lang=""ceb"">Lalim kaáyung kan-un ang práyid tsíkin nímu,</i><trans> Your fried chicken tastes delicious. </trans></eg>
</sense></hom>
<entry><form id=""lalim_mu_ka_ninyu_-y_or_nga"" lang=""ceb""><abbr expan=""lalim"">—</abbr> mu, ka, ninyu, -y <r><ix>or</ix></r> nga</form>
<hom>
<sense n=""0""><trans> imagine that, can you believe it! </trans>
<eg><i lang=""ceb"">Lalim mu ba nga (y) wà diay kuy ikapilíti,</i><trans> Imagine! It turned out that I didn’t have money for fare. </trans></eg>
</sense></hom>
<hom role=""v""><pos>v</pos>
<sense n=""1""><number>1</number> <itype>[B; b6]</itype><trans> be, become pleasurable. </trans>
<eg><i lang=""ceb"">Magkalalim ang tubà imnun ug madúgay nang ininum,</i><trans> Coconut palm toddy becomes more delicious after a quantity has already been taken in. </trans></eg>
</sense>
<sense n=""2""><number>2</number> <itype>[b6]</itype><trans> don’t you think that is s.t.? </trans>
<eg><i lang=""ceb"">Gilaliman kag bulagan ug uyab?</i><trans> Don’t you think being jilted is bad enough? </trans></eg>
<eg><i lang=""ceb"">Gilaliman ka ba ánang kantidára?</i><trans> Don’t you think that amount is s.t.?
</trans></eg>
</sense></hom></entry></entry>");
INSERT INTO `wced_head` (entryid, head, normalized_head, type, pos) VALUES (10652, "lalim", "lalim", "m", "a");
INSERT INTO `wced_head` (entryid, head, normalized_head, type, pos) VALUES (10652, "lalim mu", "lalim mu", "s", "v");
INSERT INTO `wced_head` (entryid, head, normalized_head, type, pos) VALUES (10652, "ka", "ka", "s", "v");
INSERT INTO `wced_head` (entryid, head, normalized_head, type, pos) VALUES (10652, "ninyu", "ninyu", "s", "v");
INSERT INTO `wced_head` (entryid, head, normalized_head, type, pos) VALUES (10652, "-y or nga", "-y or nga", "s", "v");
INSERT INTO `wced_translation` (entryid, translation) VALUES (10652, "pleasurable");
INSERT INTO `wced_translation` (entryid, translation) VALUES (10652, "delicious");
INSERT INTO `wced_entry` VALUES (10653, "lalin", "563", "<entry page=""563"" id=""10653""><form id=""laxlin"" lang=""ceb"">lálin</form>
<hom role=""v""><pos>v</pos>
<sense n=""1""><number>1</number> <itype>[A2; b6]</itype><trans> <tr>emigrate</tr>, transfer one’s residence to a far place. </trans>
<eg><i lang=""ceb"">Ang pamilya ni Mútuk mulálin ngadtu sa Amirika,</i><trans> Mutuc’s family will immigrate to America. </trans></eg>
</sense>
<sense n=""2""><number>2</number> <itype>[A; c1]</itype><trans> transfer s.t. to a new location. </trans>
<eg><i lang=""ceb"">Lalínun (ilálin) ang ámung upisína diin adúnay kahílum,</i><trans> Our office will be transferred to a quiet place. </trans></eg>
</sense></hom>
<entry><form id=""lalin"" lang=""ceb""><abbr expan=""lalin"">(→)</abbr></form>
<hom role=""n""><pos>n</pos>
<sense n=""0""><trans> emigrant.
</trans>
</sense></hom></entry></entry>");
INSERT INTO `wced_head` (entryid, head, normalized_head, type, pos) VALUES (10653, "lálin", "lalin", "m", "v");
INSERT INTO `wced_head` (entryid, head, normalized_head, type, pos) VALUES (10653, "lalin", "lalin", "s", "n");
INSERT INTO `wced_translation` (entryid, translation) VALUES (10653, "emigrate");
INSERT INTO `wced_entry` VALUES (10654, "lalis", "563", "<entry page=""563"" id=""10654""><form id=""laxlis"" lang=""ceb"">lális</form>
<hom role=""v""><pos>v</pos>
<sense n=""0""> <itype>[AC; ac3]</itype><trans> <tr>argue</tr> about the rightness of s.t., <tr>dispute</tr>. </trans>
<eg><i lang=""ceb"">Dì ku malális nga may rasun ku,</i><trans> You can’t deny that I’m right. </trans></eg>
<eg><i lang=""ceb"">Ngánung lalísun pa man, sumbagayun na lang,</i><trans> Why argue over it? Just fight it out. </trans></eg>
<eg><i lang=""ceb"">Gilalísan níla ang paági sa pagbáhin,</i><trans> They were arguing about how it was to be divided up. </trans></eg>
<eg><i lang=""ceb"">Dì mamínaw ug rasun ang ákung gikalális,</i><trans> The man I had a debate with won’t listen to reason. </trans></eg>
</sense></hom>
<hom role=""n""><pos>n</pos>
<sense n=""0""><trans> argument, dispute. </trans>
</sense></hom>
<entry><form id=""lalisan_lalisun"" lang=""ceb""><abbr expan=""lalisan"">-an(→)</abbr>, <abbr expan=""lalisun"">-un</abbr></form>
<hom role=""a""><pos>a</pos>
<sense n=""0""><trans> quarrelsome. </trans>
</sense></hom></entry>
<entry><form id=""kalaxlis"" lang=""ceb""><abbr expan=""kalális"">ka-</abbr></form>
<hom role=""n""><pos>n</pos>
<sense n=""0""><trans> s.o. with whom one has or had an argument.
</trans>
</sense></hom></entry></entry>");
INSERT INTO `wced_head` (entryid, head, normalized_head, type, pos) VALUES (10654, "lális", "lalis", "m", "vn");
INSERT INTO `wced_head` (entryid, head, normalized_head, type, pos) VALUES (10654, "lalisan", "lalisan", "s", "a");
INSERT INTO `wced_head` (entryid, head, normalized_head, type, pos) VALUES (10654, "lalisun", "lalisun", "s", "a");
INSERT INTO `wced_head` (entryid, head, normalized_head, type, pos) VALUES (10654, "kalális", "kalalis", "s", "n");
INSERT INTO `wced_translation` (entryid, translation) VALUES (10654, "argue");
INSERT INTO `wced_translation` (entryid, translation) VALUES (10654, "dispute");
INSERT INTO `wced_entry` VALUES (10655, "lalug", "563", "<entry page=""563"" id=""10655""><form id=""laxlug"" lang=""ceb"">lálug</form>
<hom role=""v""><pos>v</pos>
<sense n=""0""> <itype>[A; c]</itype><trans> </trans>
</sense>
<sense n=""1""><number>1</number><trans> <tr>feed</tr> slop to animals. </trans>
<eg><i lang=""ceb"">Ang mga subra iláwug sa bábuy,</i><trans> Give the leftovers to the pigs. </trans></eg>
</sense>
<sense n=""2""><number>2</number><trans> feed a person (deprecatory). </trans>
<eg><i lang=""ceb"">Gilalúgan na ba sad nímu nang ímung way prubitsung bána?</i><trans> Did you feed your no-good husband again? </trans></eg>
</sense></hom>
<entry><form id=""lalug"" lang=""ceb""><abbr expan=""lalug"">(→)</abbr></form>
<hom role=""n""><pos>n</pos>
<sense n=""1""><number>1</number><trans> slop to feed animals. </trans>
</sense>
<sense n=""1a""><number>1a</number><trans> fodder, feed for animals that graze. </trans>
<eg><i lang=""ceb"">Tambúgig lalug nga kumpay ang kábaw,</i><trans> Give the carabao some hay for fodder. </trans></eg>
</sense>
<sense n=""2""><number>2</number><trans> food served (deprecatory). </trans>
</sense>
<sense n=""3a""><number>3a</number><trans> fine sediment. </trans>
<eg><i lang=""ceb"">Ihuwad nang lawug sa tubà ngadtu sa sukaan,</i><trans> Pour the sediment from the toddy into the vinegar container. </trans></eg>
</sense>
<sense n=""3b""><number>3b</number><trans> slime clinging to the bottom of containers. </trans>
</sense>
<sense n=""4""><number>4</number><trans> youngest child in the family (humorous slang).
</trans>
</sense></hom></entry></entry>");
INSERT INTO `wced_head` (entryid, head, normalized_head, type, pos) VALUES (10655, "lálug", "lalug", "m", "v");
INSERT INTO `wced_head` (entryid, head, normalized_head, type, pos) VALUES (10655, "lalug", "lalug", "s", "n");
INSERT INTO `wced_translation` (entryid, translation) VALUES (10655, "feed");
INSERT INTO `wced_entry` VALUES (10656, "lalum", "563", "<entry page=""563"" id=""10656""><form id=""lalum"" lang=""ceb"">lalum</form>
<hom role=""a""><pos>a</pos>
<sense n=""1""><number>1</number><trans> <tr>deep</tr>, extending far down from the surface. </trans>
<eg><i lang=""ceb"">Lalum nga bangag,</i><trans> A deep hole. </trans></eg>
<eg><i lang=""ceb"">Ang subà dinhi lawum,</i><trans> The river here is very deep. </trans></eg>
</sense>
<sense n=""2""><number>2</number><trans> late in the night. </trans>
<eg><i lang=""ceb"">Lalum nga kagabhíun,</i><trans> Deep in the night. </trans></eg>
</sense>
<sense n=""3""><number>3</number><trans> deep, low in tone. </trans>
<eg><i lang=""ceb"">Lalum nga pangaghu,</i><trans> A deep sigh. </trans></eg>
</sense>
<sense n=""4""><number>4</number><trans> profound, hard to understand. </trans>
<eg><i lang=""ceb"">Lalum nga tirminu,</i><trans> Difficult terms. </trans></eg>
<eg><i lang=""ceb"">Lalum nga pinsar,</i><trans> Deep thought. </trans></eg>
</sense>
<sense n=""5""><number>5</number> <form id=""lalum_ug_bughat"" lang=""ceb""><abbr expan=""lalum"">—</abbr> ug bughat</form><trans> for a relapse after childbirth to be severe. </trans>
</sense></hom>
<hom role=""v""><pos>v</pos>
<sense n=""1""><number>1</number> <itype>[AB; ab]</itype><trans> deepen, cause to become deep. </trans>
<eg><i lang=""ceb"">Ang kaminíru mauy mulalum sa mga kanal,</i><trans> The street cleaners will deepen the ditches. </trans></eg>
<eg><i lang=""ceb"">Mulalum (malalum) ang samad ug dílì limpiyúhan,</i><trans> A wound will become deep if it is not cleaned. </trans></eg>
<eg><i lang=""ceb"">Laluma pagbúhù ang lubung,</i><trans> Dig the grave deep enough. </trans></eg>
<eg><i lang=""ceb"">Lalumi pag diyútay ang bulsa,</i><trans> Make the pocket a little bit deeper. </trans></eg>
</sense>
<sense n=""2""><number>2</number> <itype>[B25]</itype><trans> become late at night. </trans>
</sense>
<sense n=""3""><number>3</number> <itype>[B2]</itype><trans> become deep and low, reaching from the depths. </trans>
<eg><i lang=""ceb"">Milalum ang íyang pangaghu nga nagtan-aw sa masakitun,</i><trans> Her sighs grew deeper as she looked at the sick man. </trans></eg>
</sense>
<sense n=""4""><number>4</number> <itype>[B2; b6]</itype><trans> get to be profound. </trans>
<eg><i lang=""ceb"">Makalalum (makapalalum) diay ug pinsamintu ning kalisud,</i><trans> I have found out that hardship makes one think deeply. </trans></eg>
</sense>
<sense n=""5""><number>5</number> <form id=""lalum_ang_bughat"" lang=""ceb""><abbr expan=""lalum"">—</abbr> ang bughat</form><trans> <itype>[A]</itype> for a relapse after childbirth to be severe. </trans>
<eg><i lang=""ceb"">Ang kasagunsun sa pagpanganak mauy makalalum (makapalalum) sa bughat,</i><trans> Having babies one after another makes one get severe relapses. </trans></eg>
</sense>
<sense n=""6""><number>6</number> <form id=""lalum_ug_dulut"" lang=""ceb""><abbr expan=""lalum"">—</abbr> ug dulut</form><trans> <ix>see</ix> <xr lang=""ceb"" target=""#dulut""><sc>dulut</sc>.</xr> </trans>
</sense></hom>
<entry><form id=""laglum"" lang=""ceb""><abbr expan=""laglum"">-g-</abbr></form>
<hom>
<sense n=""0""><trans> <xr lang=""ceb"" target=""#lalum"">= <sc>lalum</sc>, <ix>a, v</ix> (plural).</xr> </trans>
</sense></hom></entry>
<entry><form id=""gilalumun_giladmun"" lang=""ceb""><abbr expan=""gilalumun"">gi-un</abbr>, giladmun</form>
<hom role=""n""><pos>n</pos>
<sense n=""0""><trans> depth. </trans>
<eg><i lang=""ceb"">Ang giladmun sa íyang pangútuk,</i><trans> The depth of his intelligence. </trans></eg>
</sense></hom></entry>
<entry><form id=""halalum"" lang=""ceb""><abbr expan=""halalum"">ha-</abbr></form>
<hom role=""a""><pos>a</pos>
<sense n=""0""><trans> deep. </trans>
<eg><i lang=""ceb"">Halawum nga ginháwa,</i><trans> A deep breath. </trans></eg>
</sense></hom></entry>
<entry><form id=""kalalum"" lang=""ceb""><abbr expan=""kalalum"">ka-</abbr></form>
<hom role=""n""><pos>n</pos>
<sense n=""0""><trans> depth, deepness. </trans>
<eg><i lang=""ceb"">Dílì masukud ang kalalum sa íyang gibátì,</i><trans> The depths of her feeling cannot be fathomed. </trans></eg>
</sense></hom></entry>
<entry><form id=""kahilaluman_kahiladman"" lang=""ceb""><abbr expan=""kahilaluman"">kahi-an</abbr>, kahiladman</form>
<hom role=""n""><pos>n</pos>
<sense n=""0""><trans> depths, the innermost recesses. </trans>
</sense></hom></entry>
<entry><form id=""ilaxlum"" lang=""ceb""><abbr expan=""ilálum"">i-(←)</abbr></form>
<hom role=""n""><pos>n</pos>
<sense n=""0""><trans> <tr>underneath</tr>, <tr>under</tr>. </trans>
<eg><i lang=""ceb"">Ilálum sa káma,</i><trans> Underneath the mattress. </trans></eg>
<eg><i lang=""ceb"">Ilálum sa gahum sa Katsílà,</i><trans> Under the Spanish regime. </trans></eg>
<eg><i lang=""ceb"">Iláwum sa dágat,</i><trans> Under the sea. </trans></eg>
</sense></hom></entry>
<entry><form id=""pailaxlum"" lang=""ceb""><abbr expan=""pailálum"">pai-(←)</abbr></form>
<hom role=""v""><pos>v</pos>
<sense n=""1""><number>1</number> <itype>[A3; bc]</itype><trans> go under, underneath s.t. </trans>
<eg><i lang=""ceb"">Mipailálum ang isdà sa sapyaw,</i><trans> The fish went underneath <pb n=""564""/>the fish net. </trans></eg>
<eg><i lang=""ceb"">Pailadmi sa libru ang mga papil,</i><trans> Put the papers under the book. </trans></eg>
</sense>
<sense n=""2""><number>2</number> <itype>[A; a12]</itype><trans> assume responsibilities or duties. </trans>
<eg><i lang=""ceb"">Akuy mupailálum sa tanang trabáhu dinhi,</i><trans> I’ll do all the chores around here. </trans></eg>
</sense>
<sense n=""3""><number>3</number> <itype>[A]</itype><trans> be subject, subservient to. </trans>
<eg><i lang=""ceb"">Násud nga nagpailálum sa bandílang langyaw,</i><trans> A nation that allowed themselves to be subject to a foreign power. </trans></eg>
</sense></hom></entry>
<entry><form id=""hailalum"" lang=""ceb""><abbr expan=""hailalum"">hai-</abbr></form>
<hom role=""v""><pos>v</pos>
<sense n=""0""> <itype>[B1256]</itype><trans> get to be underneath s.t. </trans>
<eg><i lang=""ceb"">Lisud kuháun ang libru kay nahailalum sa uban,</i><trans> It’s difficult to get the book because it’s way underneath the others.
</trans></eg>
</sense></hom></entry></entry>");
INSERT INTO `wced_head` (entryid, head, normalized_head, type, pos) VALUES (10656, "lalum", "lalum", "m", "av");
INSERT INTO `wced_head` (entryid, head, normalized_head, type, pos) VALUES (10656, "lalum ug bughat", "lalum ug bughat", "s", "");
INSERT INTO `wced_head` (entryid, head, normalized_head, type, pos) VALUES (10656, "lalum ang bughat", "lalum ang bughat", "s", "");
INSERT INTO `wced_head` (entryid, head, normalized_head, type, pos) VALUES (10656, "lalum ug dulut", "lalum ug dulut", "s", "");
INSERT INTO `wced_head` (entryid, head, normalized_head, type, pos) VALUES (10656, "laglum", "laglum", "s", "");
INSERT INTO `wced_head` (entryid, head, normalized_head, type, pos) VALUES (10656, "gilalumun", "gilalumun", "s", "n");
INSERT INTO `wced_head` (entryid, head, normalized_head, type, pos) VALUES (10656, "giladmun", "giladmun", "s", "n");
INSERT INTO `wced_head` (entryid, head, normalized_head, type, pos) VALUES (10656, "halalum", "halalum", "s", "a");
INSERT INTO `wced_head` (entryid, head, normalized_head, type, pos) VALUES (10656, "kalalum", "kalalum", "s", "n");
INSERT INTO `wced_head` (entryid, head, normalized_head, type, pos) VALUES (10656, "kahilaluman", "kahilaluman", "s", "n");
INSERT INTO `wced_head` (entryid, head, normalized_head, type, pos) VALUES (10656, "kahiladman", "kahiladman", "s", "n");
INSERT INTO `wced_head` (entryid, head, normalized_head, type, pos) VALUES (10656, "ilálum", "ilalum", "s", "n");
INSERT INTO `wced_head` (entryid, head, normalized_head, type, pos) VALUES (10656, "pailálum", "pailalum", "s", "v");
INSERT INTO `wced_head` (entryid, head, normalized_head, type, pos) VALUES (10656, "hailalum", "hailalum", "s", "v");
INSERT INTO `wced_translation` (entryid, translation) VALUES (10656, "deep");
INSERT INTO `wced_translation` (entryid, translation) VALUES (10656, "underneath");
INSERT INTO `wced_translation` (entryid, translation) VALUES (10656, "under");
INSERT INTO `wced_entry` VALUES (10657, "lalung", "564", "<entry page=""564"" id=""10657""><form id=""laxlung"" lang=""ceb"">lálung</form>
<hom role=""v""><pos>v</pos>
<sense n=""0""> <itype>[A; a]</itype><trans> </trans>
</sense>
<sense n=""1""><number>1</number><trans> grow seedlings. </trans>
<eg><i lang=""ceb"">Maglálung kug talung rung tuíga,</i><trans> I will grow eggplant seedlings this year. </trans></eg>
</sense>
<sense n=""2""><number>2</number><trans> transplant, transfer from one place to another as a whole. </trans>
<eg><i lang=""ceb"">Maglálung ku íning similya,</i><trans> I’m going to transplant these seedlings. </trans></eg>
<eg><i lang=""ceb"">Ang tanang balay sa iskwátirs lalúngun ngadtu sa Lahug,</i><trans> All the squatters’ houses will be transferred to Lahug. </trans></eg>
</sense></hom>
<entry><form id=""lalungun"" lang=""ceb""><abbr expan=""lalungun"">-un(→)</abbr></form>
<hom role=""n""><pos>n</pos>
<sense n=""1""><number>1</number><trans> seeds for seedlings. </trans>
</sense>
<sense n=""2""><number>2</number><trans> seedlings to be transplanted. </trans>
</sense>
<sense n=""3""><number>3</number><trans> houses or things of great bulk to be transferred.
</trans>
</sense></hom></entry></entry>");
INSERT INTO `wced_head` (entryid, head, normalized_head, type, pos) VALUES (10657, "lálung", "lalung", "m", "v");
INSERT INTO `wced_head` (entryid, head, normalized_head, type, pos) VALUES (10657, "lalungun", "lalungun", "s", "n");
INSERT INTO `wced_entry` VALUES (10658, "lama", "564", "<entry page=""564"" id=""10658""><form id=""lamaq"" lang=""ceb"">lamà</form>
<hom role=""n""><pos>n</pos>
<sense n=""1""><number>1</number><trans> <tr>imprint</tr>, <tr>stain</tr> left behind. </trans>
<eg><i lang=""ceb"">Lamà sa ngábil,</i><trans> Mark left by the lips. </trans></eg>
<eg><i lang=""ceb"">Lamà sa kuldun sa íyang háwak,</i><trans> The imprint of the cord on his waist. </trans></eg>
</sense>
<sense n=""2""><number>2</number><trans> stain on one’s character. </trans>
</sense></hom>
<hom role=""v""><pos>v</pos>
<sense n=""0""> <itype>[AB2; b]</itype><trans> </trans>
</sense>
<sense n=""1""><number>1</number><trans> leave a mark, have a mark left on it. </trans>
<eg><i lang=""ceb"">Naglamà sa mantil ang kitsap,</i><trans> The catsup left a stain on the tablecloth. </trans></eg>
</sense>
<sense n=""2""><number>2</number><trans> bring a moral stain or blemish upon. </trans>
<eg><i lang=""ceb"">Ang ímung pagkadisgrasyáda mauy naglamà sa átung kadunggánan sa bánay,</i><trans> You got pregnant, and it has blemished the honor of our family. </trans></eg>
</sense>
<sense n=""3""><number>3</number><trans> become clearly apparent. </trans>
<eg><i lang=""ceb"">Ang kaguul mulamà giyud sa hitsúra,</i><trans> Sorrows show themselves in one’s countenance. </trans></eg>
</sense></hom>
<entry><form id=""laxmaq"" lang=""ceb""><abbr expan=""lámà"">(←)</abbr></form>
<hom role=""v""><pos>v</pos>
<sense n=""0""> <itype>[A; c1]</itype><trans> dye thread or cloth. </trans>
<eg><i lang=""ceb"">Ang usa ka putus tinà makalámà ug tulu ka sinínà,</i><trans> A packet of dye can dye three dresses. </trans></eg>
</sense></hom></entry>
<entry><form id=""linaxmaq"" lang=""ceb""><abbr expan=""linámà"">-in-(←)</abbr></form>
<hom role=""n""><pos>n</pos>
<sense n=""1""><number>1</number><trans> dyed large cotton threads, usually used for weaving into blankets or towels. </trans>
</sense>
<sense n=""2""><number>2</number><trans> red weft thread. </trans>
</sense></hom></entry>
<entry><form id=""lamaqlamaq"" lang=""ceb"">lamàlamà</form>
<hom role=""a""><pos>a</pos>
<sense n=""0""><trans> smeared, uneven in color. </trans>
<eg><i lang=""ceb"">Lamàlamà nga pagpintal,</i><trans> Not evenly painted. </trans></eg>
</sense></hom>
<hom role=""v""><pos>v</pos>
<sense n=""0""> <itype>[B6; a]</itype><trans> be, become smeared or uneven in color. </trans>
<eg><i lang=""ceb"">Maglamàlamà ang kulur sa sinínà ug iladlad,</i><trans> Your dress will get all uneven in color if you bleach it.
</trans></eg>
</sense></hom></entry></entry>");
INSERT INTO `wced_head` (entryid, head, normalized_head, type, pos) VALUES (10658, "lamà", "lama", "m", "nv");
INSERT INTO `wced_head` (entryid, head, normalized_head, type, pos) VALUES (10658, "lámà", "lama", "s", "v");
INSERT INTO `wced_head` (entryid, head, normalized_head, type, pos) VALUES (10658, "linámà", "linama", "s", "n");
INSERT INTO `wced_head` (entryid, head, normalized_head, type, pos) VALUES (10658, "lamàlamà", "lamalama", "s", "av");
INSERT INTO `wced_translation` (entryid, translation) VALUES (10658, "imprint");
INSERT INTO `wced_translation` (entryid, translation) VALUES (10658, "stain");
INSERT INTO `wced_entry` VALUES (10659, "lamak, lamak", "564", "<entry page=""564"" id=""10659""><form id=""lamak_laxmak"" lang=""ceb"">lamak, lámak</form>
<hom role=""n""><pos>n</pos>
<sense n=""0""><trans> <tr>muddy</tr>, <tr>watery</tr> place. </trans>
</sense></hom>
<hom role=""v""><pos>v</pos>
<sense n=""0""> <itype>[B; c1]</itype><trans> become, make into a muddy, watery area. </trans>
<eg><i lang=""ceb"">Lamákun (ilámak) sa kábaw ang pilápil úsà tanumi,</i><trans> The carabaos are made to tramp over the paddy to turn it into a mire before it is planted. </trans></eg>
</sense></hom>
<entry><form id=""lamakan"" lang=""ceb""><abbr expan=""lamakan"">-an</abbr></form>
<hom role=""n""><pos>n</pos>
<sense n=""0""><trans> <xr lang=""ceb"" target=""#lamak"">= <sc>lamak</sc>.</xr>
</trans>
</sense></hom></entry></entry>");
INSERT INTO `wced_head` (entryid, head, normalized_head, type, pos) VALUES (10659, "lamak", "lamak", "s", "nv");
INSERT INTO `wced_head` (entryid, head, normalized_head, type, pos) VALUES (10659, "lámak", "lamak", "s", "nv");
INSERT INTO `wced_head` (entryid, head, normalized_head, type, pos) VALUES (10659, "lamakan", "lamakan", "s", "n");
INSERT INTO `wced_translation` (entryid, translation) VALUES (10659, "muddy");
INSERT INTO `wced_translation` (entryid, translation) VALUES (10659, "watery");
INSERT INTO `wced_entry` VALUES (10660, "laman, laman", "564", "<entry page=""564"" id=""10660""><form id=""laman_laxman"" lang=""ceb"">laman, láman</form>
<hom>
<sense n=""0""><trans> <xr lang=""ceb"" target=""#laxmang"">= <sc>lámang</sc>.</xr>
</trans>
</sense></hom></entry>");
INSERT INTO `wced_head` (entryid, head, normalized_head, type, pos) VALUES (10660, "laman", "laman", "s", "");
INSERT INTO `wced_head` (entryid, head, normalized_head, type, pos) VALUES (10660, "láman", "laman", "s", "");
INSERT INTO `wced_entry` VALUES (10661, "lamang", "564", "<entry page=""564"" id=""10661""><form id=""laxmang"" lang=""ceb"">lámang</form>
<hom>
<sense n=""0""><trans> <ix>short form</ix>: <bx>lang.</bx> <tr>only</tr>, <tr>just</tr>. </trans>
</sense>
<sense n=""1""><number>1</number><trans> merely, [do] nothing more than. </trans>
<eg><i lang=""ceb"">Naglingkud lang siya didtu ug walà magtingug,</i><trans> He just sat there without saying anything. </trans></eg>
<eg><i lang=""ceb"">Mutsátsu lang siya unyà magbuut,</i><trans> He’s just a houseboy, but he wants to have the say. </trans></eg>
<eg><i lang=""ceb"">Walà ku muanhi arun lang kasab-an,</i><trans> I didn’t come here merely to get a scolding. </trans></eg>
<eg><i lang=""ceb"">Ígù lang siya sa paghílak,</i><trans> All she could do was cry. (Lit. She was merely up to crying.) </trans></eg>
<eg><i lang=""ceb"">Káwang lang ang ákung pag-antus,</i><trans> My sufferings were all in vain (nothing more than vain). </trans></eg>
<eg><i lang=""ceb"">Barátu ni kay písus lang,</i><trans> This is cheap because it is only a peso. </trans></eg>
<eg><i lang=""ceb"">Tú lang ákung gidá,</i><trans> I only brought three. </trans></eg>
</sense>
<sense n=""1a""><number>1a</number><trans> <ix>with commands or exhortation:</ix> just do [so-and-so]—it’s a small thing to do. </trans>
<eg><i lang=""ceb"">Hulata lang ku sa gawas,</i><trans> Just wait for me outside. </trans></eg>
<eg><i lang=""ceb"">Maglakaw lang ta, duul ra man,</i><trans> Let’s just walk. It’s not far. </trans></eg>
</sense>
<sense n=""1b""><number>1b</number> <form id=""sixgi_laxmang"" lang=""ceb"">sígi <abbr expan=""lámang"">—</abbr></form><trans> please [do], it’s just a little favor to ask. </trans>
<eg><i lang=""ceb"">Sígi lang. Tugti lang ku,</i><trans> Come on. Please, let me do it. </trans></eg>
</sense>
<sense n=""1c""><number>1c</number><trans> <ix>with negatives:</ix> not bother to do. </trans>
<eg><i lang=""ceb"">Dì lang ta mangatúlug rung gabíi,</i><trans> Let’s not bother going to sleep this evening. </trans></eg>
</sense>
<sense n=""1c1""><number>1c1</number> <form id=""walaq_dixliq_lamang_..._kun_dixliq_..."" lang=""ceb"">walà (dílì) <abbr expan=""lamang"">—</abbr> ... kun dílì ...</form><trans> not only ... but also ... </trans>
<eg><i lang=""ceb"">Dì lang ang inahan kun dì hasta anak maapiktahan,</i><trans> Not only the mother but also the child will be affected. </trans></eg>
</sense>
<sense n=""1d""><number>1d</number> <form id=""basta_lamang"" lang=""ceb"">basta <abbr expan=""lamang"">—</abbr></form><trans> just so it happens, though it isn’t desirable. </trans>
<eg><i lang=""ceb"">Iwarì lang nà. Basta lang mawálà sa ákung panan-aw,</i><trans> Get rid of it. Just so it gets out of my sight. </trans></eg>
</sense>
<sense n=""1e""><number>1e</number> <form id=""karun_bag-u_gahaxpun_lamang"" lang=""ceb"">karun, bag-u, gahápun <abbr expan=""lamang"">—</abbr></form><trans> just now, just recently, just yesterday. </trans>
<eg><i lang=""ceb"">Karun lang siya miabut,</i><trans> He just arrived now. </trans></eg>
<eg><i lang=""ceb"">Bag-u lang silang namalhin,</i><trans> They just recently moved. </trans></eg>
<eg><i lang=""ceb"">Gahápun lang siya maulì,</i><trans> He just went home yesterday. </trans></eg>
</sense>
<sense n=""1f""><number>1f</number> <form id=""expression_of_time_lamang"" lang=""ceb""><r>[<ix>expression of time</ix>]</r> <abbr expan=""lamang"">—</abbr></form><trans> just do at [such-and-such time] (and no other time). </trans>
<eg><i lang=""ceb"">Mahuybis lang sila mamasúra,</i><trans> They just collect garbage on Thursdays. </trans></eg>
</sense>
<sense n=""1g""><number>1g</number> <form id=""balu_ambut_lamang"" lang=""ceb"">balu, ambut <abbr expan=""lamang"">—</abbr></form><trans> gee, I don’t know (I’m only up to saying I don’t know). </trans>
</sense>
<sense n=""1h""><number>1h</number> <form id=""dipindi_sigun_lamang_sa_verb_lamang"" lang=""ceb"">dipindi, sigun <abbr expan=""lamang"">—</abbr>, sa <r>[<ix>verb</ix>]</r> <abbr expan=""lamang"">—</abbr></form><trans> depending on. </trans>
<eg><i lang=""ceb"">Ákung ibaligyà sa makauna lang,</i><trans> I’ll sell it to whoever is first. </trans></eg>
<eg><i lang=""ceb"">Sigun lang sa prisyu,</i><trans> It depends on the price. </trans></eg>
</sense>
<sense n=""1i""><number>1i</number> <form id=""gaxni_gaxling_lamang"" lang=""ceb"">gáni, gáling <abbr expan=""lamang"">—</abbr></form><trans> the only thing wrong. </trans>
<eg><i lang=""ceb"">Maáyu untà, gáling lang nasayup ang miskla,</i><trans> It should have been good, only the mixture was in the wrong proportions. </trans></eg>
</sense>
<sense n=""2""><number>2</number><trans> just, take [so-and-so] rather than some other choice. </trans>
</sense>
<sense n=""2a""><number>2a</number><trans> <ix>with nominal predicate and verb subject:</ix> let [so-and-so] do it. </trans>
<eg><i lang=""ceb"">Aku lay dá áni bi,</i><trans> There, let me carry this. </trans></eg>
<eg><i lang=""ceb"">Ikaw lay pangutána,</i><trans> You ask. (Lit. let you be the one to ask.) </trans></eg>
</sense>
<sense n=""2a1""><number>2a1</number> <form id=""pronoun_noun_lamang"" lang=""ceb""><r>[<ix>pronoun, noun</ix>]</r> <abbr expan=""lamang"">—</abbr></form><trans> [so-and-so] will take the consequences. </trans>
<eg><i lang=""ceb"">Ug ímung buhátun, ikaw lang,</i><trans> If you do it, you take the responsibility. </trans></eg>
</sense>
<sense n=""2b""><number>2b</number><trans> <ix>with quantities:</ix> just make it [so-and-so] much. </trans>
<eg><i lang=""ceb"">Trayinta lang ni ha?</i><trans> Can I have it for thirty? </trans></eg>
</sense>
<sense n=""2b1""><number>2b1</number> <form id=""anhi_dinhi_nganhi_lamang"" lang=""ceb"">anhi, dinhi, <pb n=""565""/>nganhi <abbr expan=""lamang"">—</abbr></form><trans> only up to here. </trans>
<eg><i lang=""ceb"">Anhi lang ku dinhi manáug,</i><trans> I’ll just get off here. </trans></eg>
</sense>
<sense n=""2c""><number>2c</number><trans> <ix>with verb:</ix> take the choice of [do]ing. </trans>
<eg><i lang=""ceb"">Ang isdang dílì mahálin gamsun lang, dílì bularun,</i><trans> If they can’t sell the fish, they just salt it. They don’t dry it. </trans></eg>
<eg><i lang=""ceb"">Ayaw lag anhi ugmà, kay mahímu man sa Huybis,</i><trans> Don’t bother coming tomorrow because you can do it on Thursday. </trans></eg>
</sense></hom>
<entry><form id=""sixgi_lamang"" lang=""ceb"">sígi <abbr expan=""lamang"">—</abbr></form>
<hom>
<sense n=""2c1""><number>2c1</number><trans> never mind. </trans>
</sense>
<sense n=""2c2""><number>2c2</number><trans> well, all right, I’ll agree to it. </trans>
<eg><i lang=""ceb"">Sígi lang. Dì lang ku mudayug palit kay mahal,</i><trans> Never mind. I won’t buy it because it’s expensive. </trans></eg>
<eg><i lang=""ceb"">Sígi lang, itúgut ku na lang nig bayinti,</i><trans> Oh, all right. I’ll let you have it for twenty centavos. </trans></eg>
</sense></hom></entry>
<entry><form id=""axkuq_ixya_ixmu_lamang"" lang=""ceb"">ákù (íya, ímu) <abbr expan=""lamang"">—</abbr></form>
<hom>
<sense n=""0""><trans> just let me (him) have it rather than s.o. else. </trans>
<eg><i lang=""ceb"">Ákù lang ni. Kadtu lay ihátag ni Pidru,</i><trans> Let me have this one. Just let Pedro have the other one. </trans></eg>
</sense>
<sense n=""2c3""><number>2c3</number><trans> can’t help [do]ing. </trans>
<eg><i lang=""ceb"">Mahadluk lang ta bisan sa pagpanimátì lang,</i><trans> We can’t help getting cold shivers, even just hearing about it. </trans></eg>
</sense>
<sense n=""2c4""><number>2c4</number> <form id=""mau_lamang"" lang=""ceb"">mau <abbr expan=""lamang"">—</abbr></form><trans> </trans>
</sense>
<sense n=""2c4a""><number>2c4a</number><trans> it cannot be otherwise. </trans>
<eg><i lang=""ceb"">‘Mu ba siya ang nakaingun?’—‘Mu lang!’</i><trans> ‘Is he the one that caused it?’—‘Of course! Who else could it have been.<corr>’</corr> </trans></eg>
</sense>
<sense n=""2c4b""><number>2c4b</number><trans> yes, most certainly so. </trans>
<eg><i lang=""ceb"">‘Mukáun kag surbíti?’—‘Káun mu lang,’</i><trans> ‘Would you like to eat ice cream?’—‘I sure would.’ </trans></eg>
</sense>
<sense n=""3""><number>3</number> <form id=""na_lamang"" lang=""ceb"">na <abbr expan=""lamang"">—</abbr></form><trans> </trans>
</sense>
<sense n=""3a""><number>3a</number><trans> now it is only [so-and-so much] where it was more before. </trans>
<eg><i lang=""ceb"">Sukad sila namalhin aku na lang ang nahibilin,</i><trans> After they moved away I was the only one left. </trans></eg>
<eg><i lang=""ceb"">Human na ang tanan, paglimpiyu na lang,</i><trans> Everything is done. Only the cleaning remains. </trans></eg>
<eg><i lang=""ceb"">Duul na lang ang átung gidulngan,</i><trans> It is just a little way further to where we’re going. </trans></eg>
</sense>
<sense n=""3b""><number>3b</number><trans> just take [so-and-so] rather than some other manifestly better choice. </trans>
</sense>
<sense n=""3b1""><number>3b1</number><trans> <ix>with nominal predicate and verb subject:</ix> [so-and-so] will do it, though it should not be so. </trans>
<eg><i lang=""ceb"">Aku na lay tiwas áni, kay madúgay ug láing táwu,</i><trans> Let me just do this myself because it would take forever if s.o. else were to do it. </trans></eg>
</sense>
<sense n=""3b2""><number>3b2</number><trans> <ix>with quantities:</ix> just make it [so-and-so much] (which is less than what one would ordinarily get). </trans>
<eg><i lang=""ceb"">Trayinta na lang ni, ha?</i><trans> Just let me have it for thirty, this time, all right? </trans></eg>
</sense>
<sense n=""3b2a""><number>3b2a</number> <form id=""anhi_lamang"" lang=""ceb"">anhi <abbr expan=""lamang"">—</abbr></form><trans> just here (when I really want to do it elsewhere). </trans>
<eg><i lang=""ceb"">Kay lisud man ug musúd, anhi na lang ku sa iskína manáug,</i><trans> Since it’s difficult to take a vehicle in, I’ll just get off at the corner. </trans></eg>
</sense>
<sense n=""3b3""><number>3b3</number><trans> [do] as the best choice under the circumstances. </trans>
<eg><i lang=""ceb"">Gamsa na lang nang isdáa kay wà nay mupalit,</i><trans> You might as well just salt that fish because there isn’t anybody who’ll buy it. </trans></eg>
<eg><i lang=""ceb"">Ayaw na lag dad-a ug bug-atan ka,</i><trans> Don’t bother taking it if you find it too heavy. </trans></eg>
</sense></hom></entry>
<entry><form id=""sixgi_na_lamang"" lang=""ceb"">sígi na <abbr expan=""lamang"">—</abbr></form>
<hom>
<sense n=""0""><trans> <xr lang=""ceb"" target=""#sixgi_laxmang"">= <sc>sígi lámang</sc>.</xr> </trans>
</sense></hom></entry>
<entry><form id=""axkuq_ixya_na_lamang"" lang=""ceb"">ákù, íya na <abbr expan=""lamang"">—</abbr></form>
<hom>
<sense n=""0""><trans> let me (him) have it (although you might have s.t. better to do with it). </trans>
<eg><i lang=""ceb"">Ákù na lang ni, ha?</i><trans> Let me have it, may I? </trans></eg>
</sense></hom></entry>
<entry><form id=""salaxmat_na_lamang"" lang=""ceb"">salámat na <abbr expan=""lamang"">—</abbr></form>
<hom>
<sense n=""0""><trans> I thank you, since I can’t pay you any other way. </trans>
<eg><i lang=""ceb"">Ug dì ka pabáyad, salámat na lang,</i><trans> Since you won’t let me pay you, just let me thank you. </trans></eg>
</sense>
<sense n=""3c""><number>3c</number><trans> can’t help [do]ing. </trans>
<eg><i lang=""ceb"">Sa tantung kapungut nalímut na lang siya sa íyang kaugalíngun,</i><trans> He was so angry he just forgot himself. </trans></eg>
</sense>
<sense n=""3c1""><number>3c1</number><trans> <ix>following expressions referring to time:</ix> it’s already [so-and-so] late and s.t. still hasn’t happened or hasn’t stopped happening. </trans>
<eg><i lang=""ceb"">Udtu na lang ug naglúkun lang gihápun sa banig,</i><trans> It’s already noon, and he’s still curled up asleep. </trans></eg>
<eg><i lang=""ceb"">Gabíi na lang wà gihápun siya,</i><trans> It’s already night and he still has not come home. </trans></eg>
</sense>
<sense n=""3c2""><number>3c2</number> <form id=""dayag_klaxru_na_lamang"" lang=""ceb"">dayag, kláru na <abbr expan=""lamang"">—</abbr></form><trans> obviously, can’t help being that way. </trans>
<eg><i lang=""ceb"">Kláru na lang nga muhílak ug ímung kusiun,</i><trans> Obviously he’s going to cry if you pinch him. </trans></eg>
</sense>
<sense n=""3c3""><number>3c3</number> <form id=""salaxmat_na_lamang_nga"" lang=""ceb"">salámat na <abbr expan=""lamang"">—</abbr> nga</form><trans> the only saving grace was. </trans>
<eg><i lang=""ceb"">Malumus untà ku. Salámat na lang nga dinhay nakakità nákù,</i><trans> I would have drowned, but thank God, s.o. saw me. </trans></eg>
</sense>
<sense n=""4""><number>4</number> <form id=""pa_lamang"" lang=""ceb"">pa <abbr expan=""lamang"">—</abbr></form><trans> </trans>
</sense>
<sense n=""4a""><number>4a</number><trans> <ix>following expression of time:</ix> </trans>
</sense>
<sense n=""4a1""><number>4a1</number><trans> [such-and-such] was the first. </trans>
<eg><i lang=""ceb"">Karun pa lang ku makakità sa ingun,</i><trans> This is the very first time I ever saw anything like that. </trans></eg>
</sense>
<sense n=""4a2""><number>4a2</number><trans> if it was so at [such-and-such] a time already, it would be even worse later. </trans>
<eg><i lang=""ceb"">Sa súgud pa lang nahanákan na siya,</i><trans> At the very beginning he was already out of breath. </trans></eg>
</sense>
<sense n=""4a3""><number>4a3</number><trans> [so-and-so] just happened now. </trans>
<eg><i lang=""ceb"">Karun pa lang siya muabut,</i><trans> He just arrived now. </trans></eg>
<eg><i lang=""ceb"">Daw kagahápun pa lang,</i><trans> It seems like only yesterday. </trans></eg>
</sense>
<sense n=""4b""><number>4b</number><trans> lest [so-and-so] happen. </trans>
<eg><i lang=""ceb"">Dì ku mudúul sa irù kay paákun pa lang ku,</i><trans> I won’t go near the dog, because I might get bitten. </trans></eg>
</sense>
<sense n=""4c""><number>4c</number><trans> if [so-and-so] had been the case. </trans>
<eg><i lang=""ceb"">Dì pa lang ka amígu nákù, ikíha ta ka,</i><trans> If you were not my friend, I would have filed a case against you. </trans></eg>
<eg><i lang=""ceb"">Aku pa lay gipabúhat, gwápu tag ági,</i><trans> if they had told me to do it, it would have come out nice.
</trans></eg>
</sense></hom></entry></entry>");
INSERT INTO `wced_head` (entryid, head, normalized_head, type, pos) VALUES (10661, "lámang", "lamang", "m", "");
INSERT INTO `wced_head` (entryid, head, normalized_head, type, pos) VALUES (10661, "sígi lámang", "sigi lamang", "s", "");
INSERT INTO `wced_head` (entryid, head, normalized_head, type, pos) VALUES (10661, "walà (dílì) lamang ... kun dílì ...", "wala (dili) lamang ... kun dili ...", "s", "");
INSERT INTO `wced_head` (entryid, head, normalized_head, type, pos) VALUES (10661, "basta lamang", "basta lamang", "s", "");
INSERT INTO `wced_head` (entryid, head, normalized_head, type, pos) VALUES (10661, "karun", "karun", "s", "");
INSERT INTO `wced_head` (entryid, head, normalized_head, type, pos) VALUES (10661, "bag-u", "bag-u", "s", "");
INSERT INTO `wced_head` (entryid, head, normalized_head, type, pos) VALUES (10661, "gahápun lamang", "gahapun lamang", "s", "");
INSERT INTO `wced_head` (entryid, head, normalized_head, type, pos) VALUES (10661, "[expression of time] lamang", "[expression of time] lamang", "s", "");
INSERT INTO `wced_head` (entryid, head, normalized_head, type, pos) VALUES (10661, "balu", "balu", "s", "");
INSERT INTO `wced_head` (entryid, head, normalized_head, type, pos) VALUES (10661, "ambut lamang", "ambut lamang", "s", "");
INSERT INTO `wced_head` (entryid, head, normalized_head, type, pos) VALUES (10661, "dipindi", "dipindi", "s", "");
INSERT INTO `wced_head` (entryid, head, normalized_head, type, pos) VALUES (10661, "sigun lamang", "sigun lamang", "s", "");
INSERT INTO `wced_head` (entryid, head, normalized_head, type, pos) VALUES (10661, "sa [verb] lamang", "sa [verb] lamang", "s", "");
INSERT INTO `wced_head` (entryid, head, normalized_head, type, pos) VALUES (10661, "gáni", "gani", "s", "");
INSERT INTO `wced_head` (entryid, head, normalized_head, type, pos) VALUES (10661, "gáling lamang", "galing lamang", "s", "");
INSERT INTO `wced_head` (entryid, head, normalized_head, type, pos) VALUES (10661, "[pronoun", "[pronoun", "s", "");
INSERT INTO `wced_head` (entryid, head, normalized_head, type, pos) VALUES (10661, "noun] lamang", "noun] lamang", "s", "");
INSERT INTO `wced_head` (entryid, head, normalized_head, type, pos) VALUES (10661, "anhi", "anhi", "s", "");
INSERT INTO `wced_head` (entryid, head, normalized_head, type, pos) VALUES (10661, "dinhi", "dinhi", "s", "");
INSERT INTO `wced_head` (entryid, head, normalized_head, type, pos) VALUES (10661, "nganhi lamang", "nganhi lamang", "s", "");
INSERT INTO `wced_head` (entryid, head, normalized_head, type, pos) VALUES (10661, "sígi lamang", "sigi lamang", "s", "");
INSERT INTO `wced_head` (entryid, head, normalized_head, type, pos) VALUES (10661, "ákù (íya", "aku (iya", "s", "");
INSERT INTO `wced_head` (entryid, head, normalized_head, type, pos) VALUES (10661, "ímu) lamang", "imu) lamang", "s", "");
INSERT INTO `wced_head` (entryid, head, normalized_head, type, pos) VALUES (10661, "mau lamang", "mau lamang", "s", "");
INSERT INTO `wced_head` (entryid, head, normalized_head, type, pos) VALUES (10661, "na lamang", "na lamang", "s", "");
INSERT INTO `wced_head` (entryid, head, normalized_head, type, pos) VALUES (10661, "anhi lamang", "anhi lamang", "s", "");
INSERT INTO `wced_head` (entryid, head, normalized_head, type, pos) VALUES (10661, "sígi na lamang", "sigi na lamang", "s", "");
INSERT INTO `wced_head` (entryid, head, normalized_head, type, pos) VALUES (10661, "ákù", "aku", "s", "");
INSERT INTO `wced_head` (entryid, head, normalized_head, type, pos) VALUES (10661, "íya na lamang", "iya na lamang", "s", "");
INSERT INTO `wced_head` (entryid, head, normalized_head, type, pos) VALUES (10661, "salámat na lamang", "salamat na lamang", "s", "");
INSERT INTO `wced_head` (entryid, head, normalized_head, type, pos) VALUES (10661, "dayag", "dayag", "s", "");
INSERT INTO `wced_head` (entryid, head, normalized_head, type, pos) VALUES (10661, "kláru na lamang", "klaru na lamang", "s", "");
INSERT INTO `wced_head` (entryid, head, normalized_head, type, pos) VALUES (10661, "salámat na lamang nga", "salamat na lamang nga", "s", "");
INSERT INTO `wced_head` (entryid, head, normalized_head, type, pos) VALUES (10661, "pa lamang", "pa lamang", "s", "");
INSERT INTO `wced_translation` (entryid, translation) VALUES (10661, "only");
INSERT INTO `wced_translation` (entryid, translation) VALUES (10661, "just");
INSERT INTO `wced_entry` VALUES (10662, "lam-ang1", "565", "<entry page=""565"" id=""10662""><form id=""lam-ang"" lang=""ceb"">lam-ang<sub>1</sub></form>
<hom role=""v""><pos>v</pos>
<sense n=""0""> <itype>[A; b4]</itype><trans> </trans>
</sense>
<sense n=""1""><number>1</number><trans> overstep, go over s.t. </trans>
<eg><i lang=""ceb"">Nalam-angan ku ang lítir dyi,</i><trans> I skipped letter g. </trans></eg>
</sense>
<sense n=""2""><number>2</number><trans> go beyond what is normally expected. </trans>
<eg><i lang=""ceb"">Milam-ang sa maáyung pamatásan ang ímung pag-ukit-ukit,</i><trans> Your inquisitiveness has gone beyond the limits of good manners. </trans></eg>
<eg><i lang=""ceb"">Hilam-angan ra sad ang ímung pagkaáyu,</i><trans> Your goodness is far beyond what one would expect. </trans></eg>
</sense></hom>
<hom role=""a""><pos>a</pos>
<sense n=""0""><trans> taken beyond normal bounds. </trans>
<eg><i lang=""ceb"">Lam-ang kaáyu ang íyang pagpangasábà,</i><trans> Her scolding has gone too far.
</trans></eg>
</sense></hom></entry>");
INSERT INTO `wced_head` (entryid, head, normalized_head, type, pos) VALUES (10662, "lam-ang", "lam-ang", "s", "va");
INSERT INTO `wced_entry` VALUES (10663, "lam-ang2", "565", "<entry page=""565"" id=""10663""><form id=""lam-ang2"" lang=""ceb"">lam-ang<sub>2</sub></form>
<hom role=""n""><pos>n</pos>
<sense n=""0""><trans> name of an Ilocano epic.
</trans>
</sense></hom></entry>");
INSERT INTO `wced_head` (entryid, head, normalized_head, type, pos) VALUES (10663, "lam-ang", "lam-ang", "s", "n");
INSERT INTO `wced_entry` VALUES (10664, "lamanu", "565", "<entry page=""565"" id=""10664""><form id=""lamaxnu"" lang=""ceb"">lamánu</form>
<hom role=""v""><pos>v</pos>
<sense n=""1""><number>1</number> <itype>[AC; ab2]</itype><trans> shake hands. </trans>
<eg><i lang=""ceb"">Naglamánu ang managkuntra apan dúmut gihápun,</i><trans> <pb n=""566""/>The two protagonists shook hands but they still were full of hatred. </trans></eg>
<eg><i lang=""ceb"">Lamanúhun ku ang bag-ung kasal,</i><trans> I’ll shake hands with the newly-weds. </trans></eg>
</sense>
<sense n=""2""><number>2</number> <itype>[A; c1]</itype><trans> join two edges of metal sheets with one hooked into the other. </trans>
<eg><i lang=""ceb"">Lamanúhun (ilamánu) ta lang pagsumpay,</i><trans> Let’s join it bending the two edges around so that one fits into the other. </trans></eg>
</sense></hom>
<hom role=""n""><pos>n</pos>
<sense n=""1""><number>1</number><trans> handshake. </trans>
</sense>
<sense n=""2""><number>2</number><trans> joint of two things whereby the two things fit into each other. </trans>
<eg><i lang=""ceb"">Nabungkas ang lamánu sa baldi,</i><trans> The pail came apart because the joint where the edges of the metal were made to fit into each other came apart. </trans></eg>
</sense>
<sense n=""3""><number>3</number><trans> powdered milk donated by the U.S. government which bears a picture of a handshake (slang). †
</trans>
</sense></hom></entry>");
INSERT INTO `wced_head` (entryid, head, normalized_head, type, pos) VALUES (10664, "lamánu", "lamanu", "m", "vn");
INSERT INTO `wced_entry` VALUES (10665, "lamas, lamas1", "566", "<entry page=""566"" id=""10665""><form id=""lamas_laxmas"" lang=""ceb"">lamas, lámas<sub>1</sub></form>
<hom role=""v""><pos>v</pos>
<sense n=""1""><number>1</number> <itype>[A; b]</itype><trans> <tr>spice</tr>. </trans>
<eg><i lang=""ceb"">Las-ay ang útan ug dì lamásan,</i><trans> Vegetables are tasteless if you don’t spice them. </trans></eg>
<eg><i lang=""ceb"">Ang habubuyna ikalámas,</i><trans> Mint can be used as a spice. </trans></eg>
</sense>
<sense n=""2""><number>2</number> <itype>[b]</itype><trans> spice s.t. not food. </trans>
<eg><i lang=""ceb"">Gilamásan sa kandidátu ang íyang diskursu ug mga kumidiya,</i><trans> The candidate spiced his speech with jokes. </trans></eg>
</sense></hom>
<entry><form id=""lamas"" lang=""ceb""><abbr expan=""lamas"">(→)</abbr></form>
<hom role=""n""><pos>n</pos>
<sense n=""1""><number>1</number><trans> spice. </trans>
</sense>
<sense n=""2""><number>2</number><trans> s.t. that lends color or richness. </trans>
<eg><i lang=""ceb"">Ang kanta lamas sa kinabúhì,</i><trans> Songs add spice to life.
</trans></eg>
</sense></hom></entry></entry>");
INSERT INTO `wced_head` (entryid, head, normalized_head, type, pos) VALUES (10665, "lamas", "lamas", "s", "v");
INSERT INTO `wced_head` (entryid, head, normalized_head, type, pos) VALUES (10665, "lámas", "lamas", "s", "v");
INSERT INTO `wced_translation` (entryid, translation) VALUES (10665, "spice");
INSERT INTO `wced_entry` VALUES (10666, "lamas2", "566", "<entry page=""566"" id=""10666""><form id=""laxmas2"" lang=""ceb"">lámas<sub>2</sub></form>
<hom role=""v""><pos>v</pos>
<sense n=""0""> <itype>[A; c6]</itype><trans> <tr>rinse off</tr>, <tr>wash</tr> s.t. to eat. </trans>
<eg><i lang=""ceb"">Gadanghag ka lang naglámas sa kamúti, lapúkun gihápun,</i><trans> You were careless in the way you washed the sweet potatoes. They are still muddy.
</trans></eg>
</sense></hom></entry>");
INSERT INTO `wced_head` (entryid, head, normalized_head, type, pos) VALUES (10666, "lámas", "lamas", "s", "v");
INSERT INTO `wced_translation` (entryid, translation) VALUES (10666, "rinse off");
INSERT INTO `wced_translation` (entryid, translation) VALUES (10666, "wash");
INSERT INTO `wced_entry` VALUES (10667, "lamat", "566", "<entry page=""566"" id=""10667""><form id=""laxmat"" lang=""ceb"">lámat</form>
<hom role=""v""><pos>v</pos>
<sense n=""0""> <itype>[A; a1]</itype><trans> </trans>
</sense>
<sense n=""1""><number>1</number><trans> <tr>deceive</tr> the eyes with an illusion. </trans>
<eg><i lang=""ceb"">Gilámat ra tingáli ku pagkakità adtung gwápang babáyi,</i><trans> Maybe it was only an illusion when I saw that beautiful woman. </trans></eg>
</sense>
<sense n=""1a""><number>1a</number><trans> for supernatural beings that have taken and hidden a person to put a banana trunk in the person’s place and make it look like the body of the dead person. </trans>
</sense>
<sense n=""2""><number>2</number><trans> <tr>enchant</tr>, bedazzle. </trans>
<eg><i lang=""ceb"">Usa ra ka pahiyum ang milámat kaníya,</i><trans> One smile was enough to enchant him. </trans></eg>
<eg><i lang=""ceb"">Nalámat siya sa katahum sa kagabhíun,</i><trans> He was enchanted with the beauty of the night. </trans></eg>
</sense></hom>
<hom role=""n""><pos>n</pos>
<sense n=""0""><trans> thing with which s.o. is bedazzled. </trans>
<eg><i lang=""ceb"">Ang lámat sa bahandì,</i><trans> The enchantment of wealth. </trans></eg>
</sense></hom>
<entry><form id=""malamaxtun"" lang=""ceb""><abbr expan=""malamátun"">ma-un</abbr></form>
<hom role=""a""><pos>a</pos>
<sense n=""0""><trans> enchanting, bedazzling. </trans>
<eg><i lang=""ceb"">Malamátung húni,</i><trans> Enchanting melody.
</trans></eg>
</sense></hom></entry></entry>");
INSERT INTO `wced_head` (entryid, head, normalized_head, type, pos) VALUES (10667, "lámat", "lamat", "m", "vn");
INSERT INTO `wced_head` (entryid, head, normalized_head, type, pos) VALUES (10667, "malamátun", "malamatun", "s", "a");
INSERT INTO `wced_translation` (entryid, translation) VALUES (10667, "deceive");
INSERT INTO `wced_translation` (entryid, translation) VALUES (10667, "enchant");
INSERT INTO `wced_entry` VALUES (10668, "lamaw", "566", "<entry page=""566"" id=""10668""><form id=""lamaw"" lang=""ceb"">lamaw</form>
<hom role=""n""><pos>n</pos>
<sense n=""1""><number>1</number><trans> <tr>slop</tr> fed to animals. </trans>
<eg><i lang=""ceb"">Lúpig pay lamaw ning sud-ána,</i><trans> This food is worse than pig’s slop. </trans></eg>
</sense>
<sense n=""2""><number>2</number><trans> k.o. sweet made of the meat of young coconut mixed with its water, milk, and sugar. </trans>
</sense>
<sense n=""2a""><number>2a</number><trans> k.o. sweet made of a mixture of the meat of papaya or avocado with milk and sugar. </trans>
</sense></hom>
<hom role=""v""><pos>v</pos>
<sense n=""0""> <itype>[A1; a]</itype><trans> make, eat <ix>lamaw</ix>. </trans>
</sense></hom>
<entry><form id=""laxmaw"" lang=""ceb""><abbr expan=""lámaw"">(←)</abbr></form>
<hom role=""v""><pos>v</pos>
<sense n=""0""> <itype>[A1; b6]</itype><trans> have lots of <ix>lamaw</ix>. </trans>
</sense></hom></entry>
<entry><form id=""linamaw"" lang=""ceb""><abbr expan=""linamaw"">-in-</abbr></form>
<hom>
<sense n=""0""><trans> <xr lang=""ceb"" target=""#lamaw"">= <sc>lamaw</sc>, <ix>n2,</ix> <ix>2a.</ix></xr> </trans>
</sense></hom></entry>
<entry><form id=""lamaxwan"" lang=""ceb""><abbr expan=""lamáwan"">-an</abbr></form>
<hom role=""n""><pos>n</pos>
<sense n=""1""><number>1</number><trans> pail for collecting slop. </trans>
</sense>
<sense n=""2""><number>2</number><trans> feeding trough for animals.
</trans>
</sense></hom></entry></entry>");
INSERT INTO `wced_head` (entryid, head, normalized_head, type, pos) VALUES (10668, "lamaw", "lamaw", "m", "nv");
INSERT INTO `wced_head` (entryid, head, normalized_head, type, pos) VALUES (10668, "lámaw", "lamaw", "s", "v");
INSERT INTO `wced_head` (entryid, head, normalized_head, type, pos) VALUES (10668, "linamaw", "linamaw", "s", "");
INSERT INTO `wced_head` (entryid, head, normalized_head, type, pos) VALUES (10668, "lamáwan", "lamawan", "s", "n");
INSERT INTO `wced_translation` (entryid, translation) VALUES (10668, "slop");
INSERT INTO `wced_entry` VALUES (10669, "lamay1", "566", "<entry page=""566"" id=""10669""><form id=""laxmay"" lang=""ceb"">lámay<sub>1</sub></form>
<hom role=""v""><pos>v</pos>
<sense n=""0""> <itype>[A; b]</itype><trans> for a sickness, feeling, vice to become deep-seated and take root or for medicine or s.t. else taken in to take its full effect. </trans>
<eg><i lang=""ceb"">Mawad-an siya sa hwisiyu ug mulámay na ang ispiritu sa álak,</i><trans> He loses his good judgment when the alcohol begins to take its effect. </trans></eg>
<eg><i lang=""ceb"">Ang kalúuy milámay sa íyang kahiladman,</i><trans> A feeling of pity took root in his innermost being. </trans></eg>
<eg><i lang=""ceb"">Ug dílì ka magpatambal lamáyan giyud ka sa sakit,</i><trans> If you don’t submit to treatment, the sickness will get worse and worse.
</trans></eg>
</sense></hom></entry>");
INSERT INTO `wced_head` (entryid, head, normalized_head, type, pos) VALUES (10669, "lámay", "lamay", "s", "v");
INSERT INTO `wced_entry` VALUES (10670, "lamay2", "566", "<entry page=""566"" id=""10670""><form id=""laxmay2"" lang=""ceb"">lámay<sub>2</sub></form>
<hom role=""v""><pos>v</pos>
<sense n=""0""> <itype>[A; b(1)]</itype><trans> join a <tr>wake</tr> for the dead without sleeping. </trans>
<eg><i lang=""ceb"">Ang nakalámay sa Lúnis sa Myirkulis na sad mubálik,</i><trans> Those who kept vigil on Monday will do so again on Wednesday. </trans></eg>
</sense></hom>
<hom role=""n""><pos>n</pos>
<sense n=""0""><trans> wake for the dead.
</trans>
</sense></hom></entry>");
INSERT INTO `wced_head` (entryid, head, normalized_head, type, pos) VALUES (10670, "lámay", "lamay", "s", "vn");
INSERT INTO `wced_translation` (entryid, translation) VALUES (10670, "wake");
INSERT INTO `wced_entry` VALUES (10671, "lamba", "566", "<entry page=""566"" id=""10671""><form id=""lamba"" lang=""ceb"">lamba</form>
<hom role=""v""><pos>v</pos>
<sense n=""1""><number>1</number> <itype>[A; b5c]</itype><trans> <tr>slam</tr> s.t. long and hard against s.t. </trans>
<eg><i lang=""ceb"">Kinsang pliyíra tung milamba sa bátir sa yútà?</i><trans> Who was that player who swung the bat hard against the ground? </trans></eg>
<eg><i lang=""ceb"">Kupti ang hā́s sa íkug unyà ilamba sa paril,</i><trans> Hold the snake by the tail and swing it hard against the stone wall. </trans></eg>
<eg><i lang=""ceb"">Nalamba ang sakayan ngadtu sa kabatuan,</i><trans> The boat was slammed against the rocks. </trans></eg>
</sense>
<sense n=""2""><number>2</number> <itype>[A; b6(1)]</itype><trans> pass a basketball from a distance to one’s teammate. </trans>
<eg><i lang=""ceb"">Lambahi (lambáhi) tung kaúban nátung way gwardiya,</i><trans> Throw the ball to the teammate that no one is covering. </trans></eg>
</sense></hom>
<entry><form id=""lambalamba"" lang=""ceb"">lambalamba</form>
<hom role=""v""><pos>v</pos>
<sense n=""0""> <itype>[B5; c1]</itype><trans> be repeatedly thrown or struck against s.t. </trans>
<eg><i lang=""ceb"">Naglambalamba ang sira sa bintánà sa kakusug sa hángin,</i><trans> The window shutters swung back and forth against the sills with the force of the wind. </trans></eg>
</sense></hom>
<hom role=""n""><pos>n</pos>
<sense n=""0""><trans> the action of throwing or striking repeatedly.
</trans>
</sense></hom></entry></entry>");
INSERT INTO `wced_head` (entryid, head, normalized_head, type, pos) VALUES (10671, "lamba", "lamba", "m", "v");
INSERT INTO `wced_head` (entryid, head, normalized_head, type, pos) VALUES (10671, "lambalamba", "lambalamba", "s", "vn");
INSERT INTO `wced_translation` (entryid, translation) VALUES (10671, "slam");
INSERT INTO `wced_entry` VALUES (10672, "lambang", "566", "<entry page=""566"" id=""10672""><form id=""lambang"" lang=""ceb"">lambang</form>
<hom role=""v""><pos>v</pos>
<sense n=""0""> <itype>[AC; ac]</itype><trans> </trans>
</sense>
<sense n=""1""><number>1</number><trans> <tr>join</tr> two things, usually live, to each other. </trans>
<eg><i lang=""ceb"">Nagkalambang ang duha ka hiniktang sunuy nga gidúul paghigut,</i><trans> The two roosters that were tied too closely to each other got entangled with one another. </trans></eg>
<eg><i lang=""ceb"">Lambánga ang duha ka karabaw,</i><trans> Tie the two carabaos together. </trans></eg>
</sense>
<sense n=""2""><number>2</number><trans> for animals to have sexual intercourse, and, by coarse extension, for people to do so. </trans>
<eg><i lang=""ceb"">Duha ka irù nga naglambang,</i><trans> Two dogs copulating. </trans></eg>
<eg><i lang=""ceb"">À, makiglambang lang nà bisag unsung bayhána,</i><trans> He doesn’t care who he screws.
</trans></eg>
</sense></hom></entry>");
INSERT INTO `wced_head` (entryid, head, normalized_head, type, pos) VALUES (10672, "lambang", "lambang", "m", "v");
INSERT INTO `wced_translation` (entryid, translation) VALUES (10672, "join");
INSERT INTO `wced_entry` VALUES (10673, "lambanug, lambanug", "566", "<entry page=""566"" id=""10673""><form id=""lambanug_lambaxnug"" lang=""ceb"">lambanug, lambánug</form>
<hom role=""n""><pos>n</pos>
<sense n=""0""><trans> alcoholic drink made from the water taken from the nipa palm bud that has been fermented and distilled.
</trans>
</sense></hom></entry>");
INSERT INTO `wced_head` (entryid, head, normalized_head, type, pos) VALUES (10673, "lambanug", "lambanug", "s", "n");
INSERT INTO `wced_head` (entryid, head, normalized_head, type, pos) VALUES (10673, "lambánug", "lambanug", "s", "n");
INSERT INTO `wced_entry` VALUES (10674, "lambaruk", "566", "<entry page=""566"" id=""10674""><form id=""lambaxruk"" lang=""ceb"">lambáruk</form>
<hom role=""n""><pos>n</pos>
<sense n=""0""><trans> k.o. <tr>mackerel</tr> (small <ix>adlù</ix>).
</trans>
</sense></hom></entry>");
INSERT INTO `wced_head` (entryid, head, normalized_head, type, pos) VALUES (10674, "lambáruk", "lambaruk", "m", "n");
INSERT INTO `wced_translation` (entryid, translation) VALUES (10674, "mackerel");
INSERT INTO `wced_entry` VALUES (10675, "lambay1", "566", "<entry page=""566"" id=""10675""><form id=""lambay"" lang=""ceb"">lambay<sub>1</sub></form>
<hom>
<sense n=""0""><trans> <xr lang=""ceb"" target=""#langbay"">= <sc>langbay</sc>.</xr>
</trans>
</sense></hom></entry>");
INSERT INTO `wced_head` (entryid, head, normalized_head, type, pos) VALUES (10675, "lambay", "lambay", "s", "");
INSERT INTO `wced_entry` VALUES (10676, "*lambay2", "566", "<entry page=""566"" id=""10676""><form id=""xxlambay2"" lang=""ceb"">*lambay<sub>2</sub></form>
<entry><form id=""linambay"" lang=""ceb""><abbr expan=""linambay"">-in-</abbr></form>
<hom role=""n""><pos>n</pos>
<sense n=""1""><number>1</number><trans> k.o. <tr>stage play</tr>, usually about heroic deeds of past ages, with a dialogue delivered in verse. </trans>
</sense>
<sense n=""2""><number>2</number><trans> s.t. put on for the show of it. </trans>
<eg><i lang=""ceb"">Kanang paggúkud kunúhay sa mga dagkung ismaglir usa lang ka linambay,</i><trans> The drive against the smugglers is nothing <pb n=""567""/>but a big show. </trans></eg>
</sense></hom>
<hom role=""v""><pos>v</pos>
<sense n=""1""><number>1</number> <itype>[A1; b(1)]</itype><trans> present a <ix>linambay</ix> stage play. </trans>
</sense>
<sense n=""2""><number>2</number> <itype>[A23]</itype><trans> play in a <ix>linambay</ix>.
</trans>
</sense></hom></entry></entry>");
INSERT INTO `wced_head` (entryid, head, normalized_head, type, pos) VALUES (10676, "lambay", "lambay", "s", "");
INSERT INTO `wced_head` (entryid, head, normalized_head, type, pos) VALUES (10676, "linambay", "linambay", "s", "nv");
INSERT INTO `wced_translation` (entryid, translation) VALUES (10676, "stage play");
INSERT INTO `wced_entry` VALUES (10677, "lambayaw", "567", "<entry page=""567"" id=""10677""><form id=""lambaxyaw"" lang=""ceb"">lambáyaw</form>
<hom role=""n""><pos>n</pos>
<sense n=""0""><trans> k.o. hardwood timber.
</trans>
</sense></hom></entry>");
INSERT INTO `wced_head` (entryid, head, normalized_head, type, pos) VALUES (10677, "lambáyaw", "lambayaw", "m", "n");
INSERT INTO `wced_entry` VALUES (10678, "lambayung", "567", "<entry page=""567"" id=""10678""><form id=""lambaxyung"" lang=""ceb"">lambáyung</form>
<hom role=""n""><pos>n</pos>
<sense n=""0""><trans> creeping vine of seashore with purple morning-glory-like flowers: <bio>Ipomoea pes-caprae</bio>.
</trans>
</sense></hom></entry>");
INSERT INTO `wced_head` (entryid, head, normalized_head, type, pos) VALUES (10678, "lambáyung", "lambayung", "m", "n");
INSERT INTO `wced_entry` VALUES (10679, "lambi", "567", "<entry page=""567"" id=""10679""><form id=""lambiq"" lang=""ceb"">lambì</form>
<hom role=""a""><pos>a</pos>
<sense n=""0""><trans> for one of two things that should fit together to overlap. </trans>
<eg><i lang=""ceb"">Lambì ang ngábil, ilhánang nanaway,</i><trans> The lower lip is sticking out, a sign that he is criticising you. </trans></eg>
</sense></hom>
<hom role=""v""><pos>v</pos>
<sense n=""0""> <itype>[B6; ac]</itype><trans> get to be protruding. </trans>
<eg><i lang=""ceb"">Nalambì ang sira sa kaban,</i><trans> The cover of the trunk jutted out over the edge.
</trans></eg>
</sense></hom></entry>");
INSERT INTO `wced_head` (entryid, head, normalized_head, type, pos) VALUES (10679, "lambì", "lambi", "m", "av");
INSERT INTO `wced_entry` VALUES (10680, "lambid", "567", "<entry page=""567"" id=""10680""><form id=""lambid"" lang=""ceb"">lambid</form>
<hom role=""v""><pos>v</pos>
<sense n=""0""> <itype>[A2C3; a]</itype><trans> be <tr>wound around</tr> in an irregular way. </trans>
<eg><i lang=""ceb"">Milambid ang gaway sa kugíta sa íyang páa,</i><trans> The tentacles of the octopus were wound around his thigh. </trans></eg>
<eg><i lang=""ceb"">Ayaw idúul ang mga hiniktan arun dílì maglambid,</i><trans> Don’t put the cocks close to each other so that their strings don’t get all tangled up. </trans></eg>
</sense></hom>
<entry><form id=""linambid"" lang=""ceb""><abbr expan=""linambid"">-in-</abbr></form>
<hom role=""n""><pos>n</pos>
<sense n=""0""><trans> k.o. <ix>budbud</ix> made with white and violet-colored sticky rice, such that the dark and light colored rice forms intertwining streaks. </trans>
</sense></hom></entry>
<entry><form id=""linambixran"" lang=""ceb"">linambíran</form>
<hom>
<sense n=""0""><trans> <xr lang=""ceb"" target=""#linambid"">= <sc>linambid</sc>.</xr>
</trans>
</sense></hom></entry></entry>");
INSERT INTO `wced_head` (entryid, head, normalized_head, type, pos) VALUES (10680, "lambid", "lambid", "m", "v");
INSERT INTO `wced_head` (entryid, head, normalized_head, type, pos) VALUES (10680, "linambid", "linambid", "s", "n");
INSERT INTO `wced_head` (entryid, head, normalized_head, type, pos) VALUES (10680, "linambíran", "linambiran", "s", "");
INSERT INTO `wced_translation` (entryid, translation) VALUES (10680, "wound around");
INSERT INTO `wced_entry` VALUES (10681, "lambigit", "567", "<entry page=""567"" id=""10681""><form id=""lambixgit"" lang=""ceb"">lambígit</form>
<hom role=""v""><pos>v</pos>
<sense n=""0""> <itype>[AC; ac]</itype><trans> get <tr>entwined</tr>, latched on to. </trans>
<eg><i lang=""ceb"">Magkítà gánì ming magsúun maglambígit dáyun mig isturya,</i><trans> When we sisters get together we get engrossed in conversation with each other. </trans></eg>
<eg><i lang=""ceb"">Nagkalambígit ang ílang mga ngálan tungud sa ílang kasuud,</i><trans> Their names became linked with each other because they are close to each other. </trans></eg>
<eg><i lang=""ceb"">Nagkalambígit ang duha ka pasul,</i><trans> The two fishing lines got entangled. </trans></eg>
<eg><i lang=""ceb"">Kanúnay ilambígit niíni ang hitabù,</i><trans> Always connect the incident with it. </trans></eg>
</sense></hom>
<entry><form id=""hilambixgit_halambixgit"" lang=""ceb""><abbr expan=""hilambígit"">hi-</abbr>/<abbr expan=""halambígit"">ha-</abbr></form>
<hom role=""v""><pos>v</pos>
<sense n=""0""> <itype>[c6]</itype><trans> be involved, tied up in. </trans>
<eg><i lang=""ceb"">Wà ka ba mahilambigit sa tikas?</i><trans> Are you not involved in the swindle? </trans></eg>
<eg><i lang=""ceb"">Ag ákung kwarta nahilambígit sa tindáhan,</i><trans> My money is tied up in the store. </trans></eg>
</sense></hom></entry>
<entry><form id=""kalambigixtan"" lang=""ceb""><abbr expan=""kalambigítan"">ka-an</abbr></form>
<hom role=""n""><pos>n</pos>
<sense n=""0""><trans> involvement. </trans>
<eg><i lang=""ceb"">Maprísu ka ug dúna kay kalambigítan sa huld-ap,</i><trans> You will go to jail if you have s.t. to do with the hold-up.
</trans></eg>
</sense></hom></entry></entry>");
INSERT INTO `wced_head` (entryid, head, normalized_head, type, pos) VALUES (10681, "lambígit", "lambigit", "m", "v");
INSERT INTO `wced_head` (entryid, head, normalized_head, type, pos) VALUES (10681, "hilambígit", "hilambigit", "s", "v");
INSERT INTO `wced_head` (entryid, head, normalized_head, type, pos) VALUES (10681, "halambígit", "halambigit", "s", "v");
INSERT INTO `wced_head` (entryid, head, normalized_head, type, pos) VALUES (10681, "kalambigítan", "kalambigitan", "s", "n");
INSERT INTO `wced_translation` (entryid, translation) VALUES (10681, "entwined");
INSERT INTO `wced_entry` VALUES (10682, "lambing", "567", "<entry page=""567"" id=""10682""><form id=""lambing"" lang=""ceb"">lambing</form>
<hom role=""v""><pos>v</pos>
<sense n=""0""> <itype>[AC; c1]</itype><trans> join two things together with a length of s.t. </trans>
<eg><i lang=""ceb"">Lambínga ang duha ka baskit,</i><trans> Tie the two baskets together. </trans></eg>
<eg><i lang=""ceb"">Gidúul ninyu paghigut ang kanding. Dì nagkalambing hinúun,</i><trans> You tied the goats too close together so they got entangled. </trans></eg>
</sense></hom>
<hom role=""n""><pos>n</pos>
<sense n=""0""><trans> fishing line with two hooks attached to the main line.
</trans>
</sense></hom></entry>");
INSERT INTO `wced_head` (entryid, head, normalized_head, type, pos) VALUES (10682, "lambing", "lambing", "m", "vn");
INSERT INTO `wced_entry` VALUES (10683, "lambiyaw", "567", "<entry page=""567"" id=""10683""><form id=""lambiyaw"" lang=""ceb"">lambiyaw</form>
<hom role=""n""><pos>n</pos>
<sense n=""0""><trans> the fry of a k.o. crevally, silver in color and glossy green on the back with smooth skin: <bio>Selaroides leptolepis</bio> (so called from the color resemblance to the <ix>bíyaw</ix> beetle).
</trans>
</sense></hom></entry>");
INSERT INTO `wced_head` (entryid, head, normalized_head, type, pos) VALUES (10683, "lambiyaw", "lambiyaw", "m", "n");
INSERT INTO `wced_entry` VALUES (10684, "lambiyug, lambiyug", "567", "<entry page=""567"" id=""10684""><form id=""lambiyug_lambixyug"" lang=""ceb"">lambiyug, lambíyug</form>
<hom>
<sense n=""0""><trans> <xr lang=""ceb"" target=""#lambuyug"">= <sc>lambuyug</sc>.</xr>
</trans>
</sense></hom></entry>");
INSERT INTO `wced_head` (entryid, head, normalized_head, type, pos) VALUES (10684, "lambiyug", "lambiyug", "s", "");
INSERT INTO `wced_head` (entryid, head, normalized_head, type, pos) VALUES (10684, "lambíyug", "lambiyug", "s", "");
INSERT INTO `wced_entry` VALUES (10685, "lambiyung", "567", "<entry page=""567"" id=""10685""><form id=""lambixyung"" lang=""ceb"">lambíyung</form>
<hom role=""v""><pos>v</pos>
<sense n=""0""> <itype>[A3P; c1]</itype><trans> <tr>whirl around</tr>, go around in circles. </trans>
<eg><i lang=""ceb"">Naglambiyung ang bintiladur,</i><trans> The electric fan is revolving. </trans></eg>
<eg><i lang=""ceb"">Lambiyunga (ilambíyung) ang ímung buktun,</i><trans> Whirl your arm around. </trans></eg>
<eg><i lang=""ceb"">Ang tugpahánan gilambiyungan sa ayruplánu únà kini mutugpa,</i><trans> The airplane circled the airport before it landed.
</trans></eg>
</sense></hom></entry>");
INSERT INTO `wced_head` (entryid, head, normalized_head, type, pos) VALUES (10685, "lambíyung", "lambiyung", "m", "v");
INSERT INTO `wced_translation` (entryid, translation) VALUES (10685, "whirl around");
INSERT INTO `wced_entry` VALUES (10686, "lambu", "567", "<entry page=""567"" id=""10686""><form id=""lambu"" lang=""ceb"">lambu</form>
<hom role=""n""><pos>n</pos>
<sense n=""1""><number>1</number><trans> cord made of cotton strings twisted together. </trans>
<eg><i lang=""ceb"">Lambu ang ibáat sa putus kay lig-un,</i><trans> Use cord for tying the bundle because it’s strong. </trans></eg>
</sense>
<sense n=""2""><number>2</number><trans> fishing line made from such cord. </trans>
</sense></hom>
<entry><form id=""panglambu"" lang=""ceb""><abbr expan=""panglambu"">paN-</abbr></form>
<hom role=""v""><pos>v</pos>
<sense n=""0""> <itype>[A2; b6]</itype><trans> catch fish with a hook and line made of <ix>lambu</ix> dragged behind the boat.
</trans>
</sense></hom></entry></entry>");
INSERT INTO `wced_head` (entryid, head, normalized_head, type, pos) VALUES (10686, "lambu", "lambu", "m", "n");
INSERT INTO `wced_head` (entryid, head, normalized_head, type, pos) VALUES (10686, "panglambu", "panglambu", "s", "v");
INSERT INTO `wced_entry` VALUES (10687, "lambu", "567", "<entry page=""567"" id=""10687""><form id=""lambuq"" lang=""ceb"">lambù</form>
<hom role=""a""><pos>a</pos>
<sense n=""0""><trans> <tr>growing lush</tr> and tall, <tr>prospering</tr>. </trans>
</sense></hom>
<hom role=""v""><pos>v</pos>
<sense n=""0""> <itype>[B3]</itype><trans> </trans>
</sense>
<sense n=""1""><number>1</number><trans> for plants to grow lush and tall. </trans>
<eg><i lang=""ceb"">Milambù ang tanum nga giabunúhan,</i><trans> The fertilized plants grew lush. </trans></eg>
</sense>
<sense n=""2""><number>2</number><trans> <tr>prosper</tr>, <tr>flourish</tr>. </trans>
<eg><i lang=""ceb"">Milambù sa ngadtungadtu ang íyang nigusyu,</i><trans> His business flourished with time. </trans></eg>
</sense>
<sense n=""3""><number>3</number><trans> for good feelings to grow in time. </trans>
<eg><i lang=""ceb"">Sa kadugáyan nilambù ang ákung pagbátì níya,</i><trans> With time, my feelings for her grew intense. </trans></eg>
</sense></hom>
<entry><form id=""lambuxanan"" lang=""ceb""><abbr expan=""lambúanan"">-anan</abbr></form>
<hom role=""n""><pos>n</pos>
<sense n=""0""><trans> a place where s.t. flourishes. </trans>
<eg><i lang=""ceb"">Lambuánan sa mga yawan-ung hunàhúnà,</i><trans> Place where evil thoughts flourish. </trans></eg>
</sense></hom></entry>
<entry><form id=""kalambuxan"" lang=""ceb""><abbr expan=""kalambúan"">ka-an</abbr></form>
<hom role=""n""><pos>n</pos>
<sense n=""0""><trans> prosperity. </trans>
<eg><i lang=""ceb"">Álang sa kalambúan sa násud,</i><trans> For our nation’s progress. </trans></eg>
</sense></hom></entry>
<entry><form id=""kalambuan"" lang=""ceb""><abbr expan=""kalambuan"">ka-an(→)</abbr></form>
<hom role=""n""><pos>n</pos>
<sense n=""0""><trans> advancement, growth. </trans>
<eg><i lang=""ceb"">Way kalambuan ang ímung paningúhà kaníya,</i><trans> Your romantic efforts have made no progress whatsoever. </trans></eg>
</sense></hom></entry>
<entry><form id=""malambuxun"" lang=""ceb""><abbr expan=""malambúun"">ma-un</abbr></form>
<hom role=""a""><pos>a</pos>
<sense n=""0""><trans> growing luxuriantly and tall.
</trans>
</sense></hom></entry></entry>");
INSERT INTO `wced_head` (entryid, head, normalized_head, type, pos) VALUES (10687, "lambù", "lambu", "m", "av");
INSERT INTO `wced_head` (entryid, head, normalized_head, type, pos) VALUES (10687, "lambúanan", "lambuanan", "s", "n");
INSERT INTO `wced_head` (entryid, head, normalized_head, type, pos) VALUES (10687, "kalambúan", "kalambuan", "s", "n");
INSERT INTO `wced_head` (entryid, head, normalized_head, type, pos) VALUES (10687, "kalambuan", "kalambuan", "s", "n");
INSERT INTO `wced_head` (entryid, head, normalized_head, type, pos) VALUES (10687, "malambúun", "malambuun", "s", "a");
INSERT INTO `wced_translation` (entryid, translation) VALUES (10687, "growing lush");
INSERT INTO `wced_translation` (entryid, translation) VALUES (10687, "prospering");
INSERT INTO `wced_translation` (entryid, translation) VALUES (10687, "prosper");
INSERT INTO `wced_translation` (entryid, translation) VALUES (10687, "flourish");
INSERT INTO `wced_entry` VALUES (10688, "lambud", "567", "<entry page=""567"" id=""10688""><form id=""lambud"" lang=""ceb"">lambud</form>
<hom role=""v""><pos>v</pos>
<sense n=""0""> <itype>[AC; c]</itype><trans> <tr>wind around</tr>, get wound around. </trans>
<eg><i lang=""ceb"">Milambud ang gaway sa kugíta sa íyang páa,</i><trans> The tentacles of the octopus wound around his thigh. </trans></eg>
<eg><i lang=""ceb"">Ipalayù ug hikut ang kábaw ug kanding arun dílì magkalambud,</i><trans> Tie the carabao and the goat far from each other so that their ropes will not get entwined with each other. </trans></eg>
<eg><i lang=""ceb"">Ilambud ang hílu sa karitisan,</i><trans> Wind the thread around the spool. </trans></eg>
</sense></hom>
<entry><form id=""lamburan_lamburaxnan"" lang=""ceb"">lamburan, lamburánan</form>
<hom role=""n""><pos>n</pos>
<sense n=""0""><trans> reel or anything on which s.t. is wound. </trans>
</sense></hom></entry>
<entry><form id=""budbud_linambuxran"" lang=""ceb"">budbud linambúran</form>
<hom role=""n""><pos>n</pos>
<sense n=""0""><trans> k.o. <ix>budbud</ix> made of white and violet colored rice or millet, rolled and wound together.
</trans>
</sense></hom></entry></entry>");
INSERT INTO `wced_head` (entryid, head, normalized_head, type, pos) VALUES (10688, "lambud", "lambud", "m", "v");
INSERT INTO `wced_head` (entryid, head, normalized_head, type, pos) VALUES (10688, "lamburan", "lamburan", "s", "n");
INSERT INTO `wced_head` (entryid, head, normalized_head, type, pos) VALUES (10688, "lamburánan", "lamburanan", "s", "n");
INSERT INTO `wced_head` (entryid, head, normalized_head, type, pos) VALUES (10688, "budbud linambúran", "budbud linamburan", "s", "n");
INSERT INTO `wced_translation` (entryid, translation) VALUES (10688, "wind around");
INSERT INTO `wced_entry` VALUES (10689, "lambun", "567", "<entry page=""567"" id=""10689""><form id=""lambun"" lang=""ceb"">lambun</form>
<hom role=""v""><pos>v</pos>
<sense n=""0""> <itype>[A; c1]</itype><trans> <tr>broil</tr> s.t. in between embers. </trans>
<eg><i lang=""ceb"">Pagkúhà ug dáhun kay maglambun tag kamúti,</i><trans> Get some banana leaves. We’re going to broil some yams. </trans></eg>
</sense></hom>
<entry><form id=""linambuxnan"" lang=""ceb""><abbr expan=""linambúnan"">-in-an</abbr></form>
<hom role=""a""><pos>a</pos>
<sense n=""0""><trans> cooked by having been broiled in live coals.
</trans>
</sense></hom></entry></entry>");
INSERT INTO `wced_head` (entryid, head, normalized_head, type, pos) VALUES (10689, "lambun", "lambun", "m", "v");
INSERT INTO `wced_head` (entryid, head, normalized_head, type, pos) VALUES (10689, "linambúnan", "linambunan", "s", "a");
INSERT INTO `wced_translation` (entryid, translation) VALUES (10689, "broil");
INSERT INTO `wced_entry` VALUES (10690, "lambunaw", "567", "<entry page=""567"" id=""10690""><form id=""lambuxnaw"" lang=""ceb"">lambúnaw</form>
<hom role=""n""><pos>n</pos>
<sense n=""0""><trans> medium-sized tree of the forest producing bunches of oval, red fruit, 5 cm. or longer, with an edible pulp and a single pit: <bio>Aglaia everettii</bio>.
</trans>
</sense></hom></entry>");
INSERT INTO `wced_head` (entryid, head, normalized_head, type, pos) VALUES (10690, "lambúnaw", "lambunaw", "m", "n");
INSERT INTO `wced_entry` VALUES (10691, "lambung", "567", "<entry page=""567"" id=""10691""><form id=""lambung"" lang=""ceb"">lambung</form>
<hom role=""v""><pos>v</pos>
<sense n=""0""> <itype>[A; b(1)]</itype><trans> grow long and thick, clinging or hanging over s.t. </trans>
<eg><i lang=""ceb"">Naglambung na <pb n=""568""/>sa tingkuy ang íyang buhuk,</i><trans> His hair is already hanging thick over his nape. </trans></eg>
<eg><i lang=""ceb"">Gilambúngan sa balantiyung ang ílang atup,</i><trans> The squash grew over their roof, covering it entirely. </trans></eg>
</sense></hom>
<hom role=""a""><pos>a</pos>
<sense n=""0""><trans> hanging long and thick covering s.t. </trans>
</sense></hom>
<entry><form id=""lambuxngay"" lang=""ceb""><abbr expan=""lambúngay"">-ay</abbr></form>
<hom role=""n""><pos>n</pos>
<sense n=""0""><trans> <tr>mane</tr>. </trans>
</sense></hom></entry>
<entry><form id=""panglambuxngay"" lang=""ceb""><abbr expan=""panglambúngay"">paN-ay</abbr></form>
<hom role=""v""><pos>v</pos>
<sense n=""0""> <itype>[A2]</itype><trans> grow profusely in strands or bunches as if a mane. </trans>
<eg><i lang=""ceb"">Maáyung alutan ang ímung buhuk kay nanglambúngay na,</i><trans> It’s about time to cut your hair because it is like a mane. </trans></eg>
</sense></hom></entry>
<entry><form id=""lambungayun"" lang=""ceb""><abbr expan=""lambungayun"">-ayun</abbr></form>
<hom role=""a""><pos>a</pos>
<sense n=""0""><trans> thick and long like a mane.
</trans>
</sense></hom></entry></entry>");
INSERT INTO `wced_head` (entryid, head, normalized_head, type, pos) VALUES (10691, "lambung", "lambung", "m", "va");
INSERT INTO `wced_head` (entryid, head, normalized_head, type, pos) VALUES (10691, "lambúngay", "lambungay", "s", "n");
INSERT INTO `wced_head` (entryid, head, normalized_head, type, pos) VALUES (10691, "panglambúngay", "panglambungay", "s", "v");
INSERT INTO `wced_head` (entryid, head, normalized_head, type, pos) VALUES (10691, "lambungayun", "lambungayun", "s", "a");
INSERT INTO `wced_translation` (entryid, translation) VALUES (10691, "mane");
INSERT INTO `wced_entry` VALUES (10692, "lambunit", "568", "<entry page=""568"" id=""10692""><form id=""lambuxnit"" lang=""ceb"">lambúnit</form>
<hom role=""v""><pos>v</pos>
<sense n=""0""> <itype>[C]</itype><trans> fight with one another to get s.t. </trans>
<eg><i lang=""ceb"">Naglambúnit ang babáyi ug ang mangangagaw sa bág,</i><trans> The woman struggled with the purse-snatcher.
</trans></eg>
</sense></hom></entry>");
INSERT INTO `wced_head` (entryid, head, normalized_head, type, pos) VALUES (10692, "lambúnit", "lambunit", "m", "v");
INSERT INTO `wced_entry` VALUES (10693, "lambus", "568", "<entry page=""568"" id=""10693""><form id=""lambus"" lang=""ceb"">lambus</form>
<hom role=""v""><pos>v</pos>
<sense n=""0""> <itype>[A; c1]</itype><trans> strike with s.t. heavy, usually in a downward motion. </trans>
<eg><i lang=""ceb"">Mga balud nga milambus sa gamayng sakayan,</i><trans> Waves that lashed at the small boat. </trans></eg>
<eg><i lang=""ceb"">Makalambus ka kahà ánang kaban níya?</i><trans> Do you think you can slam that trunk on him? </trans></eg>
<eg><i lang=""ceb"">Gilambúsan ang kawatan sa alhu,</i><trans> We struck the burglar with a pestle. </trans></eg>
<eg><i lang=""ceb"">Alsáhun tikaw run ug ilambus sa yútà,</i><trans> I’ll lift you and throw you hard against the ground. </trans></eg>
</sense></hom>
<hom role=""n""><pos>n</pos>
<sense n=""1""><number>1</number><trans> blow with s.t. heavy. </trans>
<eg><i lang=""ceb"">Kusug nga lambus sa íkug sa buáya,</i><trans> Heavy lash inflicted by the crocodile with its tail. </trans></eg>
</sense>
<sense n=""2""><number>2</number><trans> stick used to strike s.o.
</trans>
</sense></hom></entry>");
INSERT INTO `wced_head` (entryid, head, normalized_head, type, pos) VALUES (10693, "lambus", "lambus", "m", "vn");
INSERT INTO `wced_entry` VALUES (10694, "lambut", "568", "<entry page=""568"" id=""10694""><form id=""lambut"" lang=""ceb"">lambut</form>
<hom role=""v""><pos>v</pos>
<sense n=""1""><number>1</number> <itype>[A2; a2b2]</itype><trans> reach a certain amount, length, or distance. </trans>
<eg><i lang=""ceb"">Milambut ug usa ka líbu ang ílang halin,</i><trans> Their sales amounted to one thousand pesos. </trans></eg>
<eg><i lang=""ceb"">Nakalambut ug usa ka gatus ang mga bisíta,</i><trans> The visitors reached one hundred persons. </trans></eg>
<eg><i lang=""ceb"">Lambuta ang syudad sa duha ka úras,</i><trans> Get to within reach of the city in two hours. </trans></eg>
</sense>
<sense n=""2""><number>2</number> <itype>[A2; b6]</itype><trans> catch up or overtake. </trans>
<eg><i lang=""ceb"">Mulambut pa ta sa únang byáhi,</i><trans> We can still make the first trip. </trans></eg>
<eg><i lang=""ceb"">Gilambutan námù sila sa Karkar,</i><trans> We caught up with them in Carcar.
</trans></eg>
</sense></hom></entry>");
INSERT INTO `wced_head` (entryid, head, normalized_head, type, pos) VALUES (10694, "lambut", "lambut", "m", "v");
INSERT INTO `wced_entry` VALUES (10695, "lambuyud", "568", "<entry page=""568"" id=""10695""><form id=""lambuyud"" lang=""ceb"">lambuyud</form>
<hom role=""a""><pos>a</pos>
<sense n=""0""><trans> feeling dizzy. </trans>
</sense></hom>
<hom role=""v""><pos>v</pos>
<sense n=""0""> <itype>[B6; b6]</itype><trans> <tr>feel dizzy</tr>. </trans>
<eg><i lang=""ceb"">Mulambuyud (maglambuyud) ang ákung panan-aw ug magsígig libutlíbut sa halígi,</i><trans> I get dizzy if I keep running around the post. </trans></eg>
</sense>
<sense n=""2""><number>2</number><trans> <xr lang=""ceb"" target=""#lambuyug"">= <sc>lambuyug</sc>.</xr>
</trans>
</sense></hom></entry>");
INSERT INTO `wced_head` (entryid, head, normalized_head, type, pos) VALUES (10695, "lambuyud", "lambuyud", "m", "av");
INSERT INTO `wced_translation` (entryid, translation) VALUES (10695, "feel dizzy");
INSERT INTO `wced_entry` VALUES (10696, "lambuyug, lambuyug", "568", "<entry page=""568"" id=""10696""><form id=""lambuyug_lambuxyug"" lang=""ceb"">lambuyug, lambúyug</form>
<hom role=""v""><pos>v</pos>
<sense n=""1""><number>1</number> <itype>[A; ac]</itype><trans> whirl s.t. around on a string and throw it off in a distance. </trans>
<eg><i lang=""ceb"">Lambuyugun ku nang langgam nga nagbatug sa sanga,</i><trans> I’ll sling a rock at that bird perching on the branch. </trans></eg>
<eg><i lang=""ceb"">Gilambuyug níya ang láang úsà pasaplúti ang báka,</i><trans> He whirled the rope before he lassoed the cow. </trans></eg>
</sense>
<sense n=""2""><number>2</number> <itype>[B26]</itype><trans> for attention, thought to veer off on a target. </trans>
<eg><i lang=""ceb"">Nalambuyug ang íyang mga mata sa nagkiaykíay nga babáyi,</i><trans> His gaze was diverted to the girl with the swaying hips. </trans></eg>
</sense></hom>
<hom role=""n""><pos>n</pos>
<sense n=""0""><trans> sling for hurling stones made of a piece of cloth, leather, or palm leaf which holds the stone and a pair of strings which are whirled around. When one of the strings is released, the missile flies off.
</trans>
</sense></hom></entry>");
INSERT INTO `wced_head` (entryid, head, normalized_head, type, pos) VALUES (10696, "lambuyug", "lambuyug", "s", "vn");
INSERT INTO `wced_head` (entryid, head, normalized_head, type, pos) VALUES (10696, "lambúyug", "lambuyug", "s", "vn");
INSERT INTO `wced_entry` VALUES (10697, "lamdag", "568", "<entry page=""568"" id=""10697""><form id=""lamdag"" lang=""ceb"">lamdag</form>
<hom role=""a""><pos>a</pos>
<sense n=""0""><trans> <tr>bright</tr>. </trans>
<eg><i lang=""ceb"">Lamdag kaáyu ang síga sa plurisin,</i><trans> The fluorescent lamp gives a bright light. </trans></eg>
<eg><i lang=""ceb"">Ayaw pagsugà kay lamdag man,</i><trans> Don’t turn on the light because there’s enough light. </trans></eg>
<eg><i lang=""ceb"">Lamdag ug kaugmáun ang táwung kugihan,</i><trans> An industrious person has a bright future. </trans></eg>
</sense></hom>
<hom role=""n""><pos>n</pos>
<sense n=""1""><number>1</number><trans> illumination. </trans>
<eg><i lang=""ceb"">Ang lamdag sa sugà,</i><trans> The lamp’s illumination. </trans></eg>
</sense>
<sense n=""2""><number>2</number><trans> enlightenment. </trans>
<eg><i lang=""ceb"">Lamdag sa Ispiritu Santu,</i><trans> The enlightenment of the Holy Spirit. </trans></eg>
</sense></hom>
<hom role=""v""><pos>v</pos>
<sense n=""1""><number>1</number> <itype>[AB; ab]</itype><trans> give light or brightness; be, get bright or well-lighted. </trans>
<eg><i lang=""ceb"">Adlaw nga naglamdag sa kalibútan,</i><trans> The sun that gives light to the world. </trans></eg>
<eg><i lang=""ceb"">Dúnay táwu kay naglamdag mag ílang báy,</i><trans> There must be s.o. home because the house is lighted. </trans></eg>
</sense>
<sense n=""2""><number>2</number> <itype>[A; b(1)]</itype><trans> enlighten. </trans>
<eg><i lang=""ceb"">Pagtulun-an nga milamdag sa ákung hunàhúná,</i><trans> A lesson that enlightened my mind. </trans></eg>
</sense>
<sense n=""3""><number>3</number> <itype>[B1; b6]</itype><trans> for a place to be stripped of plants or parts of plants. </trans>
<eg><i lang=""ceb"">Ang pagpahit sa kamaisan sa mga bábuy mauy nakalamdag (nakapalamdag) niíni,</i><trans> The pigs ate the corn plants and made the area bare. </trans></eg>
<eg><i lang=""ceb"">Gilamdágan ku sa mga káhuy sa lagwirta nga gipamutlan sa mga sanga,</i><trans> The trees in the yard looked bare to me after some of the branches were pruned. </trans></eg>
</sense></hom>
<entry><form id=""palamdag"" lang=""ceb""><abbr expan=""palamdag"">pa-</abbr></form>
<hom role=""v""><pos>v</pos>
<sense n=""0""> <itype>[A; b]</itype><trans> go, put to a lighted or illuminated area. </trans>
<eg><i lang=""ceb"">Ayawg palamdag kay hiilhan ka,</i><trans> Don’t go under the light because you might be recognized. </trans></eg>
<eg><i lang=""ceb"">Palamdági ku ngari arun makítà ring ákung trabáhu,</i><trans> Give me some light here so I can see my work. </trans></eg>
</sense></hom></entry>
<entry><form id=""kalamdaxgun"" lang=""ceb""><abbr expan=""kalamdágun"">ka-un</abbr></form>
<hom role=""n""><pos>n</pos>
<sense n=""0""><trans> <tr>clarification</tr>. </trans>
</sense></hom></entry>
<entry><form id=""malamdaxgun"" lang=""ceb""><abbr expan=""malamdágun"">ma-un</abbr></form>
<hom role=""a""><pos>a</pos>
<sense n=""0""><trans> <tr>enlightening</tr>.
</trans>
</sense></hom></entry></entry>");
INSERT INTO `wced_head` (entryid, head, normalized_head, type, pos) VALUES (10697, "lamdag", "lamdag", "m", "anv");
INSERT INTO `wced_head` (entryid, head, normalized_head, type, pos) VALUES (10697, "palamdag", "palamdag", "s", "v");
INSERT INTO `wced_head` (entryid, head, normalized_head, type, pos) VALUES (10697, "kalamdágun", "kalamdagun", "s", "n");
INSERT INTO `wced_head` (entryid, head, normalized_head, type, pos) VALUES (10697, "malamdágun", "malamdagun", "s", "a");
INSERT INTO `wced_translation` (entryid, translation) VALUES (10697, "bright");
INSERT INTO `wced_translation` (entryid, translation) VALUES (10697, "clarification");
INSERT INTO `wced_translation` (entryid, translation) VALUES (10697, "enlightening");
INSERT INTO `wced_entry` VALUES (10698, "lamdaman", "568", "<entry page=""568"" id=""10698""><form id=""lamdaman"" lang=""ceb"">lamdaman</form>
<hom>
<sense n=""0""><trans> (coined from <ix>lamdag</ix> ‘light’ and <ix>panumdúman</ix> ‘thoughts’—root <ix>dumdum</ix>) </trans>
</sense></hom>
<hom role=""n""><pos>n</pos>
<sense n=""0""><trans> <tr>inspiration</tr>. </trans>
<eg><i lang=""ceb"">Ang dalága mauy lamdaman ni Rinaldu sa íyang pagpanulat,</i><trans> Reynaldo took his inspiration for his writings from the girl.
</trans></eg>
</sense></hom></entry>");
INSERT INTO `wced_head` (entryid, head, normalized_head, type, pos) VALUES (10698, "lamdaman", "lamdaman", "m", "n");
INSERT INTO `wced_translation` (entryid, translation) VALUES (10698, "inspiration");
INSERT INTO `wced_entry` VALUES (10699, "lamhun", "568", "<entry page=""568"" id=""10699""><form id=""lamhun"" lang=""ceb"">lamhun</form>
<hom role=""v""><pos>v</pos>
<sense n=""0""> <itype>[B3]</itype><trans> for a wound or bruise to get infected and swollen, but not severely so. </trans>
<eg><i lang=""ceb"">Tambáli nang núka sa dì pa makalamhun,</i><trans> Put medicine on your sore before it gets infected.
</trans></eg>
</sense></hom></entry>");
INSERT INTO `wced_head` (entryid, head, normalized_head, type, pos) VALUES (10699, "lamhun", "lamhun", "m", "v");
INSERT INTO `wced_entry` VALUES (10700, "lamhung", "568", "<entry page=""568"" id=""10700""><form id=""lamhung"" lang=""ceb"">lamhung</form>
<hom role=""a""><pos>a</pos>
<sense n=""1""><number>1</number><trans> growing thickly and profusely, esp. such that other plants are crowded out. </trans>
</sense>
<sense n=""2""><number>2</number><trans> choking off or overshadowing, keeping plants from growing well. </trans>
</sense>
<sense n=""3""><number>3</number><trans> swollen and inflamed. </trans>
</sense></hom>
<hom role=""v""><pos>v</pos>
<sense n=""0""> <itype>[B3; b6]</itype><trans> </trans>
</sense>
<sense n=""1""><number>1</number><trans> grow thick and/or tall such that other growths get stunted. </trans>
<eg><i lang=""ceb"">Ang kamukámu milamhung sa lagwirta,</i><trans> The morning glories spread all over the garden (and choked other plants). </trans></eg>
</sense>
<sense n=""1a""><number>1a</number><trans> stunt other plants by choking them off or overshadowing them. </trans>
<eg><i lang=""ceb"">Makalamhang ang dáhun sa kaymítu <pb n=""569""/>sa mga tanum,</i><trans> Star apple leaves are used as a cover to kill off other plants. </trans></eg>
<eg><i lang=""ceb"">Nalamhungan ang mga munggus sa balíli,</i><trans> The grass stunted the bean plants. </trans></eg>
</sense>
<sense n=""2""><number>2</number> <itype>[B2346]</itype><trans> get inflamed. </trans>
<eg><i lang=""ceb"">Milamhung ang pinaakan sa lamuk,</i><trans> The <corr sic=""mosquite"">mosquito</corr> bite became inflamed.
</trans></eg>
</sense></hom></entry>");
INSERT INTO `wced_head` (entryid, head, normalized_head, type, pos) VALUES (10700, "lamhung", "lamhung", "m", "av");
INSERT INTO `wced_entry` VALUES (10701, "lamhuy", "569", "<entry page=""569"" id=""10701""><form id=""lamhuy"" lang=""ceb"">lamhuy</form>
<hom role=""v""><pos>v</pos>
<sense n=""0""> <itype>[B1236]</itype><trans> for bruise to swell and get soft. </trans>
<eg><i lang=""ceb"">Nalamhuy ang ákung tudlù nga nadukdukan sa martilyu,</i><trans> I struck my finger with a hammer and it became soft. </trans></eg>
<eg><i lang=""ceb"">Wà makalamhuy ang buktun nga giiniksiyunan,</i><trans> The arm that was injected didn’t swell.
</trans></eg>
</sense></hom></entry>");
INSERT INTO `wced_head` (entryid, head, normalized_head, type, pos) VALUES (10701, "lamhuy", "lamhuy", "m", "v");
INSERT INTO `wced_entry` VALUES (10702, "lami", "569", "<entry page=""569"" id=""10702""><form id=""lamiq"" lang=""ceb"">lamì</form>
<hom role=""a""><pos>a</pos>
<sense n=""1""><number>1</number><trans> <tr>tasty</tr>, giving a delicious feeling or taste. </trans>
<eg><i lang=""ceb"">Lamì nga pagkáun, Delicious food. Lamì nga isturya,</i><trans> A pleasurable talk. </trans></eg>
</sense>
<sense n=""1a""><number>1a</number> <form id=""lamiq_nga_i-verb"" lang=""ceb""><abbr expan=""lamì"">—</abbr> nga i-<r>[<ix>verb</ix>]</r></form><trans> it would be lovely to ... </trans>
<eg><i lang=""ceb"">Lamì rung ikalígù sa dágat,</i><trans> How nice it would be to go swimming now. </trans></eg>
</sense>
<sense n=""2""><number>2</number><trans> beautiful to look at. </trans>
<eg><i lang=""ceb"">Lamì kaáyu siyag kurtína,</i><trans> She has beautiful curtains. </trans></eg>
</sense></hom>
<hom role=""n""><pos>n</pos>
<sense n=""1""><number>1</number><trans> <tr>taste</tr>, <tr>flavor</tr>. </trans>
<eg><i lang=""ceb"">Way lamì, Tasteless. Kining isdáa lamig lápuk,</i><trans> This fish tastes like mud. </trans></eg>
</sense>
<sense n=""2""><number>2</number><trans> <tr>orgasm</tr>. </trans>
<eg><i lang=""ceb"">Dúgay siyang abtan sa lamì,</i><trans> It takes her a long time to come to her orgasm. </trans></eg>
</sense></hom>
<hom role=""v""><pos>v</pos>
<sense n=""0""> <itype>[B; a]</itype><trans> </trans>
</sense>
<sense n=""1""><number>1</number><trans> be, become pleasant to the senses. </trans>
<eg><i lang=""ceb"">Mulamì (malamì) ang sud-an ug bitsinan,</i><trans> The food becomes tasty if monosodium glutamate is added to it. </trans></eg>
<eg><i lang=""ceb"">Ang pagsinabtanay mauy makalamì (makapalamì) sa panagtiáyun,</i><trans> Understanding is the thing that makes a marriage pleasant. </trans></eg>
<eg><i lang=""ceb"">Lamian kung mubunal ug bátang pilyu,</i><trans> I love to whip naughty boys. </trans></eg>
</sense>
<sense n=""2""><number>2</number> <itype>[b4]</itype><trans> reach orgasm. </trans>
</sense></hom>
<entry><form id=""lamiq_ug_kalit"" lang=""ceb""><abbr expan=""lamì"">—</abbr> ug kalit</form>
<hom role=""v""><pos>v</pos>
<sense n=""0""> <itype>[A23]</itype><trans> take a sudden unexpected turn. </trans>
<eg><i lang=""ceb"">Maáyu pa tung ámung isturya unyà milamì lang siyag kalit, nasukù man lang nákù,</i><trans> We were having a nice talk. Suddenly s.t. got into her, and she got mad at me. </trans></eg>
<eg><i lang=""ceb"">Lúya na ang buksidur, unyà sa katapúsang ráwun milamì lag kalit, gidabudabuhan ang kuntra,</i><trans> The boxer had gotten weak. Then suddenly at the last round he seemed to have gotten his second wind and rained heavy blows on his opponent. </trans></eg>
</sense></hom>
<hom role=""v""><pos>v</pos>
<sense n=""0""> <itype>[A13]</itype><trans> become more interesting. </trans>
<eg><i lang=""ceb"">Naglámì (nagkalámì) ang ílang isturya human makainum,</i><trans> Their talk got more interesting after they had had some drinks. </trans></eg>
</sense></hom></entry>
<entry><form id=""palaxmiq"" lang=""ceb""><abbr expan=""palámì"">pa-(←)</abbr></form>
<hom role=""v""><pos>v</pos>
<sense n=""1""><number>1</number> <itype>[A; ac1]</itype><trans> do s.t. to add to the taste, pleasurableness of s.t. </trans>
</sense>
<sense n=""2""><number>2</number> <itype>[A13]</itype><trans> indulge oneself in s.t. nice. </trans>
<eg><i lang=""ceb"">Nagpalámì siya ug katúlug ug wà gánì maghunàhúnàg digámu,</i><trans> She’s sleeping blissfully without even thinking about cooking breakfast. </trans></eg>
</sense></hom>
<hom role=""n""><pos>n</pos>
<sense n=""0""><trans> <tr>seasoning</tr>. </trans>
</sense></hom></entry>
<entry><form id=""palamiqlaxmiq"" lang=""ceb"">palamìlámì</form>
<hom role=""v""><pos>v</pos>
<sense n=""0""> <itype>[A]</itype><trans> indulge in sexual pleasures of any sort. </trans>
</sense></hom>
<hom role=""n""><pos>n</pos>
<sense n=""0""><trans> <tr>sexual indulgence</tr>. </trans>
</sense></hom></entry>
<entry><form id=""lamixan"" lang=""ceb""><abbr expan=""lamían"">-an</abbr></form>
<hom role=""a""><pos>a</pos>
<sense n=""0""><trans> <tr>delicious</tr>. </trans>
</sense></hom>
<hom role=""v""><pos>v</pos>
<sense n=""0""> <itype>[B126]</itype><trans> get to be delicious.
</trans>
</sense></hom></entry></entry>");
INSERT INTO `wced_head` (entryid, head, normalized_head, type, pos) VALUES (10702, "lamì", "lami", "m", "anv");
INSERT INTO `wced_head` (entryid, head, normalized_head, type, pos) VALUES (10702, "lamì nga i-[verb]", "lami nga i-[verb]", "s", "");
INSERT INTO `wced_head` (entryid, head, normalized_head, type, pos) VALUES (10702, "lamì ug kalit", "lami ug kalit", "s", "vv");
INSERT INTO `wced_head` (entryid, head, normalized_head, type, pos) VALUES (10702, "palámì", "palami", "s", "vn");
INSERT INTO `wced_head` (entryid, head, normalized_head, type, pos) VALUES (10702, "palamìlámì", "palamilami", "s", "vn");
INSERT INTO `wced_head` (entryid, head, normalized_head, type, pos) VALUES (10702, "lamían", "lamian", "s", "av");
INSERT INTO `wced_translation` (entryid, translation) VALUES (10702, "tasty");
INSERT INTO `wced_translation` (entryid, translation) VALUES (10702, "taste");
INSERT INTO `wced_translation` (entryid, translation) VALUES (10702, "flavor");
INSERT INTO `wced_translation` (entryid, translation) VALUES (10702, "orgasm");
INSERT INTO `wced_translation` (entryid, translation) VALUES (10702, "seasoning");
INSERT INTO `wced_translation` (entryid, translation) VALUES (10702, "sexual indulgence");
INSERT INTO `wced_translation` (entryid, translation) VALUES (10702, "delicious");
INSERT INTO `wced_entry` VALUES (10703, "lamigas", "569", "<entry page=""569"" id=""10703""><form id=""lamixgas"" lang=""ceb"">lamígas</form>
<hom>
<sense n=""0""><trans> <xr lang=""ceb"" target=""#hulmixgas"">= <sc>hulmígas</sc>.</xr>
</trans>
</sense></hom></entry>");
INSERT INTO `wced_head` (entryid, head, normalized_head, type, pos) VALUES (10703, "lamígas", "lamigas", "m", "");
INSERT INTO `wced_entry` VALUES (10704, "lamigmig", "569", "<entry page=""569"" id=""10704""><form id=""lamigmig"" lang=""ceb"">lamigmig</form>
<hom role=""v""><pos>v</pos>
<sense n=""1""><number>1</number> <itype>[A; a]</itype><trans> pat successively and shake or massage lightly, usually on a full and fleshy part of body. </trans>
<eg><i lang=""ceb"">Gustu siyang mulamigmig sa ákung páa,</i><trans> She likes to play with my thigh by patting it, shaking the hand while pressing down. </trans></eg>
<eg><i lang=""ceb"">Lamigmígi ug asin ang hinimulbúlan nga manuk,</i><trans> Pat some salt into the flesh of the dressed chicken. </trans></eg>
</sense>
<sense n=""2""><number>2</number> <itype>[a2b2]</itype><trans> be repeatedly hit with s.t., usually not fatal. </trans>
<eg><i lang=""ceb"">Hinglamigmigan ka lagi kay nakigsumbagay kag buksidur,</i><trans> If you pick a fight with a boxer you’ll get yourself soundly pummelled.
</trans></eg>
</sense></hom></entry>");
INSERT INTO `wced_head` (entryid, head, normalized_head, type, pos) VALUES (10704, "lamigmig", "lamigmig", "m", "v");
INSERT INTO `wced_entry` VALUES (10705, "lamili", "569", "<entry page=""569"" id=""10705""><form id=""lamili"" lang=""ceb"">lamili</form>
<hom>
<sense n=""0""><trans> <xr lang=""ceb"" target=""#damili"">= <sc>damili</sc>.</xr>
</trans>
</sense></hom></entry>");
INSERT INTO `wced_head` (entryid, head, normalized_head, type, pos) VALUES (10705, "lamili", "lamili", "m", "");
INSERT INTO `wced_entry` VALUES (10706, "lamina", "569", "<entry page=""569"" id=""10706""><form id=""lamina"" lang=""ceb"">lamina</form>
<hom role=""n""><pos>n</pos>
<sense n=""0""><trans> framed <tr>picture</tr>, esp. of a saint. </trans>
</sense></hom>
<hom role=""v""><pos>v</pos>
<sense n=""0""> <itype>[A; a12]</itype><trans> make framed pictures, esp. of saints.
</trans>
</sense></hom></entry>");
INSERT INTO `wced_head` (entryid, head, normalized_head, type, pos) VALUES (10706, "lamina", "lamina", "m", "nv");
INSERT INTO `wced_translation` (entryid, translation) VALUES (10706, "picture");
INSERT INTO `wced_entry` VALUES (10707, "laminasiyun", "569", "<entry page=""569"" id=""10707""><form id=""laminasiyun"" lang=""ceb"">laminasiyun</form>
<hom>
<sense n=""0""><trans> <xr lang=""ceb"" target=""#laminisyun"">= <sc>laminisyun</sc>.</xr>
</trans>
</sense></hom></entry>");
INSERT INTO `wced_head` (entryid, head, normalized_head, type, pos) VALUES (10707, "laminasiyun", "laminasiyun", "m", "");
INSERT INTO `wced_entry` VALUES (10708, "laming", "569", "<entry page=""569"" id=""10708""><form id=""laxming"" lang=""ceb"">láming</form>
<hom role=""v""><pos>v</pos>
<sense n=""0""> <itype>[A; c1]</itype><trans> </trans>
</sense>
<sense n=""1""><number>1</number><trans> <tr>confine</tr> an animal for the purpose of controlling its food prior to slaughtering. </trans>
<eg><i lang=""ceb"">Lamíngun ang alimángug mga simána únà lutúa,</i><trans> They keep mud crabs and feed them a special food about a week before they cook them. </trans></eg>
</sense>
<sense n=""1a""><number>1a</number><trans> do a similar thing to people. </trans>
<eg><i lang=""ceb"">Iláming sa duktur ang pasiyinti sa dì pa upirahan,</i><trans> The doctor will confine the patient and put him on a special diet before he operates. </trans></eg>
</sense>
<sense n=""2""><number>2</number><trans> keep s.t. in confinement. </trans>
<eg><i lang=""ceb"">Kadtung íyang pagsiyágit didtu ra maláming sa íyang kinahiladman,</i><trans> He kept his shouts stifled in his innermost being. </trans></eg>
<eg><i lang=""ceb"">Naláming silang tanan sulud sa balay,</i><trans> They were all kept imprisoned in the house. </trans></eg>
</sense>
<sense n=""2a""><number>2a</number><trans> in the game of <ix>tubigtúbig,</ix> imprison players in one of the squares. </trans>
</sense></hom>
<hom role=""n""><pos>n</pos>
<sense n=""0""><trans> animal that had been kept confined prior to slaughter. </trans>
</sense></hom>
<entry><form id=""laming"" lang=""ceb""><abbr expan=""laming"">(→)</abbr></form>
<hom>
<sense n=""0""><trans> <xr lang=""ceb"" target=""#laxming"">= <sc>láming</sc>, <i lang=""ceb"">n</i>.</xr> </trans>
</sense></hom></entry>
<entry><form id=""lamingan"" lang=""ceb""><abbr expan=""lamingan"">-an(→)</abbr></form>
<hom role=""n""><pos>n</pos>
<sense n=""1""><number>1</number><trans> the first two squares the players at play enter in the game of <ix>tubigtúbig</ix>. </trans>
</sense>
<sense n=""2""><number>2</number><trans> the player guarding these squares.
</trans>
</sense></hom></entry></entry>");
INSERT INTO `wced_head` (entryid, head, normalized_head, type, pos) VALUES (10708, "láming", "laming", "m", "vn");
INSERT INTO `wced_head` (entryid, head, normalized_head, type, pos) VALUES (10708, "laming", "laming", "s", "");
INSERT INTO `wced_head` (entryid, head, normalized_head, type, pos) VALUES (10708, "lamingan", "lamingan", "s", "n");
INSERT INTO `wced_translation` (entryid, translation) VALUES (10708, "confine");
INSERT INTO `wced_entry` VALUES (10709, "laminisyun", "569", "<entry page=""569"" id=""10709""><form id=""laminisyun"" lang=""ceb"">laminisyun</form>
<hom role=""n""><pos>n</pos>
<sense n=""0""><trans> <tr>lamination</tr> of plastic over s.t.
</trans>
</sense></hom></entry>");
INSERT INTO `wced_head` (entryid, head, normalized_head, type, pos) VALUES (10709, "laminisyun", "laminisyun", "m", "n");
INSERT INTO `wced_translation` (entryid, translation) VALUES (10709, "lamination");
INSERT INTO `wced_entry` VALUES (10710, "laminit", "569", "<entry page=""569"" id=""10710""><form id=""laminit"" lang=""ceb"">laminit</form>
<hom role=""v""><pos>v</pos>
<sense n=""0""> <itype>[A; a]</itype><trans> <tr>laminate</tr> with plastic.
</trans>
</sense></hom></entry>");
INSERT INTO `wced_head` (entryid, head, normalized_head, type, pos) VALUES (10710, "laminit", "laminit", "m", "v");
INSERT INTO `wced_translation` (entryid, translation) VALUES (10710, "laminate");
INSERT INTO `wced_entry` VALUES (10711, "lamisa", "569", "<entry page=""569"" id=""10711""><form id=""lamixsa"" lang=""ceb"">lamísa</form>
<hom role=""n""><pos>n</pos>
<sense n=""1""><number>1</number><trans> <tr>table</tr>, <tr>desk</tr>. </trans>
</sense>
<sense n=""2""><number>2</number><trans> food set out. </trans>
<eg><i lang=""ceb"">Náa na bay lamísa dihà kay musaka mi,</i><trans> Do you have a table set? If you do, we’ll come in. </trans></eg>
</sense></hom>
<hom role=""v""><pos>v</pos>
<sense n=""1""><number>1</number> <itype>[a12]</itype><trans> make into a table. </trans>
</sense>
<sense n=""2""><number>2</number> <itype>[A; c]</itype><trans> set the table, put food on the table. </trans>
<eg><i lang=""ceb"">Lamisáhi ang bag-ung abut,</i><trans> Put dishes on the table for the visitor that just came in. </trans></eg>
</sense>
<sense n=""2a""><number>2a</number><trans> have a lot of food on the table (usage taken from the custom among poor people that a table is set only when there is a decent meal—otherwise people just take what there is and gobble it down). </trans>
<eg><i lang=""ceb"">Basta bag-ung swildu maglamísa giyud mi sa Dinghaw,</i><trans> As soon as we get paid we’ll have a banquet (lit. table set) at the Ding Hao restaurant.
</trans></eg>
</sense></hom></entry>");
INSERT INTO `wced_head` (entryid, head, normalized_head, type, pos) VALUES (10711, "lamísa", "lamisa", "m", "nv");
INSERT INTO `wced_translation` (entryid, translation) VALUES (10711, "table");
INSERT INTO `wced_translation` (entryid, translation) VALUES (10711, "desk");
INSERT INTO `wced_entry` VALUES (10712, "lamisita", "569", "<entry page=""569"" id=""10712""><form id=""lamisixta"" lang=""ceb"">lamisíta</form>
<hom role=""n""><pos>n</pos>
<sense n=""0""><trans> small <tr>table</tr> or <tr>desk</tr>.
</trans>
</sense></hom></entry>");
INSERT INTO `wced_head` (entryid, head, normalized_head, type, pos) VALUES (10712, "lamisíta", "lamisita", "m", "n");
INSERT INTO `wced_translation` (entryid, translation) VALUES (10712, "table");
INSERT INTO `wced_translation` (entryid, translation) VALUES (10712, "desk");
INSERT INTO `wced_entry` VALUES (10713, "lamiti", "569", "<entry page=""569"" id=""10713""><form id=""lamiti"" lang=""ceb"">lamiti</form>
<hom role=""a""><pos>a</pos>
<sense n=""0""><trans> smeared with s.t. sticky. </trans>
</sense></hom>
<hom role=""v""><pos>v</pos>
<sense n=""0""> <itype>[B1; aP]</itype><trans> be, become smeared with s.t. sticky. </trans>
<eg><i lang=""ceb"">Naglamiti <pb n=""570""/>ang nawung sa bátà sa tsukulit,</i><trans> The child’s face is besmeared with chocolate.
</trans></eg>
</sense></hom></entry>");
INSERT INTO `wced_head` (entryid, head, normalized_head, type, pos) VALUES (10713, "lamiti", "lamiti", "m", "av");
INSERT INTO `wced_entry` VALUES (10714, "lamlam1", "570", "<entry page=""570"" id=""10714""><form id=""lamlam"" lang=""ceb"">lamlam<sub>1</sub></form>
<hom role=""n""><pos>n</pos>
<sense n=""0""><trans> a k.o. <tr>itch</tr> affecting the parts between the toes, usually caused by walking barefoot on ground soaked with horse urine. </trans>
<eg><i lang=""ceb"">Katul kaáyu ang lamlam sa ákung tiil,</i><trans> The itch in my toes is so bad. </trans></eg>
</sense></hom>
<hom role=""v""><pos>v</pos>
<sense n=""0""> <itype>[A123P; b4]</itype><trans> get <ix>lamlam</ix>.
</trans>
</sense></hom></entry>");
INSERT INTO `wced_head` (entryid, head, normalized_head, type, pos) VALUES (10714, "lamlam", "lamlam", "s", "nv");
INSERT INTO `wced_translation` (entryid, translation) VALUES (10714, "itch");
INSERT INTO `wced_entry` VALUES (10715, "lamlam2", "570", "<entry page=""570"" id=""10715""><form id=""lamlam2"" lang=""ceb"">lamlam<sub>2</sub></form>
<hom role=""v""><pos>v</pos>
<sense n=""0""> <itype>[A; c]</itype><trans> <tr>talk too much</tr>, nonsensically or boastfully. </trans>
<eg><i lang=""ceb"">Lamlámi lang si Tátay mu kay aku dì na mutúu,</i><trans> Just hand that line to your father. As far as I’m concerned, I don’t believe you. </trans></eg>
<eg><i lang=""ceb"">Unsa na man say gilamlam mu didtu sa imnanan?</i><trans> What sort of foolishness did you tell the boys in the toddy stand this time? </trans></eg>
</sense></hom>
<hom role=""n""><pos>n</pos>
<sense n=""0""><trans> <tr>talk</tr>, <tr>words</tr>. </trans>
<eg><i lang=""ceb"">Pulus lang lamlam nang tawhána way nabúhat,</i><trans> That fellow is all talk, no action.
</trans></eg>
</sense></hom></entry>");
INSERT INTO `wced_head` (entryid, head, normalized_head, type, pos) VALUES (10715, "lamlam", "lamlam", "s", "vn");
INSERT INTO `wced_translation` (entryid, translation) VALUES (10715, "talk too much");
INSERT INTO `wced_translation` (entryid, translation) VALUES (10715, "talk");
INSERT INTO `wced_translation` (entryid, translation) VALUES (10715, "words");
INSERT INTO `wced_entry` VALUES (10716, "lampaag, lampaag", "570", "<entry page=""570"" id=""10716""><form id=""lampaag_lampaxag"" lang=""ceb"">lampaag, lampáag</form>
<hom role=""a""><pos>a</pos>
<sense n=""1""><number>1</number><trans> <tr>stout</tr>, <tr>fat</tr>. </trans>
<eg><i lang=""ceb"">Kalampáag sa náwung ánang bayhána! Ikatalakpun,</i><trans> What a broad face that woman has! You could use it as a shutter for a window. </trans></eg>
</sense>
<sense n=""2""><number>2</number><trans> spreading lushly. </trans>
<eg><i lang=""ceb"">Lampaag kaáyu ang lambáyung dapit sa hunásan,</i><trans> The vines are spreading out lushly near the edge of the tidal flat. </trans></eg>
</sense>
<sense n=""3""><number>3</number><trans> for the hair to look bushy. </trans>
</sense></hom>
<hom role=""v""><pos>v</pos>
<sense n=""0""> <itype>[B; b6]</itype><trans> </trans>
</sense>
<sense n=""1""><number>1</number><trans> be, become broad, flat. </trans>
</sense>
<sense n=""2""><number>2</number><trans> get to grow lushly. </trans>
<eg><i lang=""ceb"">Mulampáag ang mga balíli ug muuwan na,</i><trans> The grass will grow lush when the rains come. </trans></eg>
</sense>
<sense n=""3""><number>3</number><trans> for hair to get bushy. </trans>
<eg><i lang=""ceb"">Naunsa man ang ímung hirdu nga naglampaag man. Gitís tingáli,</i><trans> What happened to your hair that it’s so bushy? You must have teased it.
</trans></eg>
</sense></hom></entry>");
INSERT INTO `wced_head` (entryid, head, normalized_head, type, pos) VALUES (10716, "lampaag", "lampaag", "s", "av");
INSERT INTO `wced_head` (entryid, head, normalized_head, type, pos) VALUES (10716, "lampáag", "lampaag", "s", "av");
INSERT INTO `wced_translation` (entryid, translation) VALUES (10716, "stout");
INSERT INTO `wced_translation` (entryid, translation) VALUES (10716, "fat");
INSERT INTO `wced_entry` VALUES (10717, "lampaga", "570", "<entry page=""570"" id=""10717""><form id=""lampaxgaq"" lang=""ceb"">lampágà</form>
<hom>
<sense n=""0""><trans> <xr lang=""ceb"" target=""#lampaag"">= <sc>lampaag</sc>.</xr>
</trans>
</sense></hom></entry>");
INSERT INTO `wced_head` (entryid, head, normalized_head, type, pos) VALUES (10717, "lampágà", "lampaga", "m", "");
INSERT INTO `wced_entry` VALUES (10718, "lampakanay nga kugun", "570", "<entry page=""570"" id=""10718""><form id=""lampakanay_nga_kuxgun"" lang=""ceb"">lampakanay nga kúgun</form>
<hom role=""n""><pos>n</pos>
<sense n=""0""><trans> k.o. <tr>reed</tr> found in marshland.
</trans>
</sense></hom></entry>");
INSERT INTO `wced_head` (entryid, head, normalized_head, type, pos) VALUES (10718, "lampakanay nga kúgun", "lampakanay nga kugun", "m", "n");
INSERT INTO `wced_translation` (entryid, translation) VALUES (10718, "reed");
INSERT INTO `wced_entry` VALUES (10719, "lampanug", "570", "<entry page=""570"" id=""10719""><form id=""lampaxnug"" lang=""ceb"">lampánug</form>
<hom role=""v""><pos>v</pos>
<sense n=""0""> <itype>[A2; b3]</itype><trans> go out without saying goodbye to escape, get out of work, in anger. </trans>
<eg><i lang=""ceb"">Túa, milampánug kay gikasab-an,</i><trans> There, he ran out of the house because I scolded him. </trans></eg>
<eg><i lang=""ceb"">Ang pagpanglimpiyu sa sílung muy íyang gilampanúgan,</i><trans> He left the house to get out of helping clean out the cellar.
</trans></eg>
</sense></hom></entry>");
INSERT INTO `wced_head` (entryid, head, normalized_head, type, pos) VALUES (10719, "lampánug", "lampanug", "m", "v");
INSERT INTO `wced_entry` VALUES (10720, "lampara", "570", "<entry page=""570"" id=""10720""><form id=""lampara"" lang=""ceb"">lampara</form>
<hom role=""n""><pos>n</pos>
<sense n=""1""><number>1</number><trans> oil or kerosene <tr>lamp</tr> without a chimney. </trans>
</sense>
<sense n=""2""><number>2</number><trans> pressurized kerosene <tr>lantern</tr> where the light shines downward, used mainly for fishing. </trans>
</sense></hom>
<hom role=""v""><pos>v</pos>
<sense n=""0""> <itype>[A13; a1]</itype><trans> make, use a lamp of this sort. </trans>
</sense></hom>
<entry><form id=""panglampara"" lang=""ceb""><abbr expan=""panglampara"">paN-</abbr></form>
<hom role=""n""><pos>n</pos>
<sense n=""0""><trans> type of fishing using a pressurized lantern to attract the fish, used esp. in shallow waters for catching schools of small fish. </trans>
</sense></hom>
<hom role=""v""><pos>v</pos>
<sense n=""0""> <itype>[A2; c]</itype><trans> catch fish by this manner. </trans>
</sense></hom></entry>
<entry><form id=""lamparahan"" lang=""ceb"">lamparahan</form>
<hom>
<sense n=""0""><trans> <xr lang=""ceb"" target=""#lampara"">= <sc>lampara</sc>, <ix>1.</ix></xr> </trans>
</sense></hom></entry>
<entry><form id=""lamparista"" lang=""ceb"">lamparista</form>
<hom role=""n""><pos>n</pos>
<sense n=""0""><trans> one who fishes using the <ix>panglampara</ix> method. </trans>
</sense></hom></entry>
<entry><form id=""lamparahaxnan"" lang=""ceb"">lamparahánan</form>
<hom role=""n""><pos>n</pos>
<sense n=""0""><trans> boat used in <ix>panglampara</ix> fishing. </trans>
</sense></hom></entry>
<entry><form id=""lamparilya"" lang=""ceb"">lamparilya</form>
<hom role=""n""><pos>n</pos>
<sense n=""0""><trans> a small kerosene or alcohol lamp without a chimney. </trans>
</sense></hom>
<hom role=""v""><pos>v</pos>
<sense n=""0""> <itype>[A13; b6]</itype><trans> make, use as a small kerosene lamp.
</trans>
</sense></hom></entry></entry>");
INSERT INTO `wced_head` (entryid, head, normalized_head, type, pos) VALUES (10720, "lampara", "lampara", "m", "nv");
INSERT INTO `wced_head` (entryid, head, normalized_head, type, pos) VALUES (10720, "panglampara", "panglampara", "s", "nv");
INSERT INTO `wced_head` (entryid, head, normalized_head, type, pos) VALUES (10720, "lamparahan", "lamparahan", "s", "");
INSERT INTO `wced_head` (entryid, head, normalized_head, type, pos) VALUES (10720, "lamparista", "lamparista", "s", "n");
INSERT INTO `wced_head` (entryid, head, normalized_head, type, pos) VALUES (10720, "lamparahánan", "lamparahanan", "s", "n");
INSERT INTO `wced_head` (entryid, head, normalized_head, type, pos) VALUES (10720, "lamparilya", "lamparilya", "s", "nv");
INSERT INTO `wced_translation` (entryid, translation) VALUES (10720, "lamp");
INSERT INTO `wced_translation` (entryid, translation) VALUES (10720, "lantern");
INSERT INTO `wced_entry` VALUES (10721, "lamparu", "570", "<entry page=""570"" id=""10721""><form id=""lampaxru"" lang=""ceb"">lampáru</form>
<hom role=""v""><pos>v</pos>
<sense n=""0""> <itype>[A; a1b2]</itype><trans> <tr>slap</tr> with the hand, usually at the head. </trans>
<eg><i lang=""ceb"">Dílì ku mulamparu kay piligru kunu sa útuk,</i><trans> I would not slap anyone on the head because it might hurt the brain. </trans></eg>
<eg><i lang=""ceb"">Gilampáru ku sa kusug nga hángin,</i><trans> I was struck by a strong wind. </trans></eg>
</sense></hom>
<hom role=""n""><pos>n</pos>
<sense n=""0""><trans> slap.
</trans>
</sense></hom></entry>");
INSERT INTO `wced_head` (entryid, head, normalized_head, type, pos) VALUES (10721, "lampáru", "lamparu", "m", "vn");
INSERT INTO `wced_translation` (entryid, translation) VALUES (10721, "slap");
INSERT INTO `wced_entry` VALUES (10722, "lamparunis", "570", "<entry page=""570"" id=""10722""><form id=""lamparuxnis"" lang=""ceb"">lamparúnis</form>
<hom role=""n""><pos>n</pos>
<sense n=""0""><trans> k.o. pussy, slow-healing <tr>abscesses</tr> around the neck that leave large scars. </trans>
</sense></hom>
<hom role=""v""><pos>v</pos>
<sense n=""0""> <itype>[B124; a4b4]</itype><trans> be afflicted with <ix>lamparúnis</ix>.
</trans>
</sense></hom></entry>");
INSERT INTO `wced_head` (entryid, head, normalized_head, type, pos) VALUES (10722, "lamparúnis", "lamparunis", "m", "nv");
INSERT INTO `wced_translation` (entryid, translation) VALUES (10722, "abscesses");
INSERT INTO `wced_entry` VALUES (10723, "lampas1", "570", "<entry page=""570"" id=""10723""><form id=""lampas"" lang=""ceb"">lampas<sub>1</sub></form>
<hom role=""v""><pos>v</pos>
<sense n=""0""> <itype>[AN2; b]</itype><trans> <tr>cut</tr> down, <tr>sickle</tr> grass and undergrowth with a swinging motion. </trans>
<eg><i lang=""ceb"">Pagsúhul ug mulampas (manglampas) sa kalubihan,</i><trans> Hire s.o. to cut down the grasses in the coconut grove. </trans></eg>
</sense></hom>
<hom role=""n""><pos>n</pos>
<sense n=""0""><trans> the cutting down of grass or undergrowth from an area. </trans>
</sense></hom>
<entry><form id=""lampas_taxnum"" lang=""ceb""><abbr expan=""lampas"">—</abbr> tánum</form>
<hom role=""v""><pos>v</pos>
<sense n=""0""> <itype>[A; b5]</itype><trans> cut down the plant growths and plant rice or corn at the same time. This is done in paddies under deep water which cannot be plowed or in second-growth forests between the trees. </trans>
<eg><i lang=""ceb"">Gilampas tánum (gilampas tanúman) ang anut,</i><trans> The plants were cut down, and at the same time corn was planted in the second-growth forest. </trans></eg>
</sense></hom>
<hom role=""n""><pos>n</pos>
<sense n=""0""><trans> the process of cutting plant growths, plant rice or corn at the same time.
</trans>
</sense></hom></entry></entry>");
INSERT INTO `wced_head` (entryid, head, normalized_head, type, pos) VALUES (10723, "lampas", "lampas", "s", "vn");
INSERT INTO `wced_head` (entryid, head, normalized_head, type, pos) VALUES (10723, "lampas tánum", "lampas tanum", "s", "vn");
INSERT INTO `wced_translation` (entryid, translation) VALUES (10723, "cut");
INSERT INTO `wced_translation` (entryid, translation) VALUES (10723, "sickle");
INSERT INTO `wced_entry` VALUES (10724, "lampas2", "570", "<entry page=""570"" id=""10724""><form id=""lampas2"" lang=""ceb"">lampas<sub>2</sub></form>
<hom>
<sense n=""0""><trans> <xr lang=""ceb"" target=""#laxpas"">= <sc>lápas</sc>.</xr>
</trans>
</sense></hom></entry>");
INSERT INTO `wced_head` (entryid, head, normalized_head, type, pos) VALUES (10724, "lampas", "lampas", "s", "");
INSERT INTO `wced_entry` VALUES (10725, "lampasu", "570", "<entry page=""570"" id=""10725""><form id=""lampaxsu"" lang=""ceb"">lampásu</form>
<hom role=""v""><pos>v</pos>
<sense n=""0""> <itype>[A; b]</itype><trans> <tr>polish</tr> a floor by rubbing a half a coconut husk or s.t. similar over it. </trans>
<eg><i lang=""ceb"">Lampasúhi ang sála,</i><trans> Polish the floor in the living room with a coconut husk. </trans></eg>
</sense>
<sense n=""2""><number>2</number> <itype>[A; b2c]</itype><trans> pummel, shake and throw to the ground. </trans>
<eg><i lang=""ceb"">Ilampásu ku kinsa ninyu magbinúang,</i><trans> If anybody cuts up I’ll scrub the floor with him. </trans></eg>
<eg><i lang=""ceb"">Ilampásu námù ang inyung tím,</i><trans> We’ll give your team a thorough trouncing. </trans></eg>
</sense>
<sense n=""2a""><number>2a</number><trans> have s.t. done thoroughly to it. </trans>
<eg><i lang=""ceb"">Hilampasuhan unyà mug kasábà,</i><trans> You’ll get a thorough tongue-lashing. </trans></eg>
</sense></hom>
<hom role=""n""><pos>n</pos>
<sense n=""0""><trans> s.t. to polish the floor with, esp. a half a coconut husk.
</trans>
</sense></hom></entry>");
INSERT INTO `wced_head` (entryid, head, normalized_head, type, pos) VALUES (10725, "lampásu", "lampasu", "m", "vn");
INSERT INTO `wced_translation` (entryid, translation) VALUES (10725, "polish");
INSERT INTO `wced_entry` VALUES (10726, "lampay", "570", "<entry page=""570"" id=""10726""><form id=""lampay"" lang=""ceb"">lampay</form>
<hom role=""n""><pos>n</pos>
<sense n=""0""><trans> k.o. small shallow porcelain <tr>bowl</tr> to eat out of.
</trans>
</sense></hom></entry>");
INSERT INTO `wced_head` (entryid, head, normalized_head, type, pos) VALUES (10726, "lampay", "lampay", "m", "n");
INSERT INTO `wced_translation` (entryid, translation) VALUES (10726, "bowl");
INSERT INTO `wced_entry` VALUES (10727, "lampin", "570", "<entry page=""570"" id=""10727""><form id=""lampin"" lang=""ceb"">lampin</form>
<hom role=""n""><pos>n</pos>
<sense n=""0""><trans> <tr>diaper</tr>. </trans>
</sense></hom>
<hom role=""v""><pos>v</pos>
<sense n=""0""> <itype>[A; c1]</itype><trans> put on, make into a diaper. </trans>
<eg><i lang=""ceb"">Lampínun (ilampin) lang ning dáang palda,</i><trans> Just use this old skirt for a diaper. </trans></eg>
<eg><i lang=""ceb"">Lampíni ang bátà,</i><trans> Diaper the baby.
</trans></eg>
</sense></hom></entry>");
INSERT INTO `wced_head` (entryid, head, normalized_head, type, pos) VALUES (10727, "lampin", "lampin", "m", "nv");
INSERT INTO `wced_translation` (entryid, translation) VALUES (10727, "diaper");
INSERT INTO `wced_entry` VALUES (10728, "lampingas", "570", "<entry page=""570"" id=""10728""><form id=""lampixngas"" lang=""ceb"">lampíngas</form>
<hom role=""n""><pos>n</pos>
<sense n=""0""><trans> <tr>indifference</tr> to how s.o. is affected. </trans>
<eg><i lang=""ceb"">Ang lampíngas sa kapalaran,</i><trans> The arbitrariness of fate. </trans></eg>
</sense></hom>
<entry><form id=""lampingaxsan"" lang=""ceb""><abbr expan=""lampingásan"">-an</abbr></form>
<hom role=""a""><pos>a</pos>
<sense n=""0""><trans> indifferent and oblivious to how other persons are affected. </trans>
<eg><i lang=""ceb"">Lampingásan nga táwu nga walà mabalísa sa íyang gipamabdúsan,</i><trans> A brute, completely indifferent to the fate of the woman who bore his child. </trans></eg>
</sense></hom>
<hom role=""v""><pos>v</pos>
<sense n=""0""> <itype>[B12]</itype><trans> be, become indifferent, oblivious to others.
</trans>
</sense></hom></entry></entry>");
INSERT INTO `wced_head` (entryid, head, normalized_head, type, pos) VALUES (10728, "lampíngas", "lampingas", "m", "n");
INSERT INTO `wced_head` (entryid, head, normalized_head, type, pos) VALUES (10728, "lampingásan", "lampingasan", "s", "av");
INSERT INTO `wced_translation` (entryid, translation) VALUES (10728, "indifference");
INSERT INTO `wced_entry` VALUES (10729, "lampinig", "570", "<entry page=""570"" id=""10729""><form id=""lampixnig"" lang=""ceb"">lampínig</form>
<hom role=""n""><pos>n</pos>
<sense n=""0""><trans> <tr>yellow jacket</tr>. </trans>
<eg><i lang=""ceb"">Ang lampínig sa panúlat nakaúkub sa íyang tingkuy,</i><trans> He was <pb n=""571""/>bitten by the writer’s bug. (Lit. The yellow jacket of writing bit into the nape of his neck.)
</trans></eg>
</sense></hom></entry>");
INSERT INTO `wced_head` (entryid, head, normalized_head, type, pos) VALUES (10729, "lampínig", "lampinig", "m", "n");
INSERT INTO `wced_translation` (entryid, translation) VALUES (10729, "yellow jacket");
INSERT INTO `wced_entry` VALUES (10730, "lampirung", "571", "<entry page=""571"" id=""10730""><form id=""lampixrung"" lang=""ceb"">lampírung</form>
<hom role=""n""><pos>n</pos>
<sense n=""1""><number>1</number><trans> white, translucent material taken from the inside of the shells of certain oysters, used for windows, lampshades and other ornaments. </trans>
</sense>
<sense n=""2""><number>2</number><trans> name of the oyster from which this material is taken. </trans>
</sense></hom>
<hom role=""v""><pos>v</pos>
<sense n=""0""> <itype>[a12]</itype><trans> use <ix>lampírung</ix> shells for windowpanes.
</trans>
</sense></hom></entry>");
INSERT INTO `wced_head` (entryid, head, normalized_head, type, pos) VALUES (10730, "lampírung", "lampirung", "m", "nv");
INSERT INTO `wced_entry` VALUES (10731, "lampis", "571", "<entry page=""571"" id=""10731""><form id=""lampis"" lang=""ceb"">lampis</form>
<hom role=""n""><pos>n</pos>
<sense n=""0""><trans> k.o. small edible <tr>crab</tr> of streams.
</trans>
</sense></hom></entry>");
INSERT INTO `wced_head` (entryid, head, normalized_head, type, pos) VALUES (10731, "lampis", "lampis", "m", "n");
INSERT INTO `wced_translation` (entryid, translation) VALUES (10731, "crab");
INSERT INTO `wced_entry` VALUES (10732, "lampuay, lampuay", "571", "<entry page=""571"" id=""10732""><form id=""lampuay_lampuxay"" lang=""ceb"">lampuay, lampúay</form>
<hom role=""v""><pos>v</pos>
<sense n=""0""> <itype>[B6; b6]</itype><trans> flow or spread beyond the limits. </trans>
<eg><i lang=""ceb"">Milampuay ang íyang tiyan sa katambuk,</i><trans> His stomach bulged from excess fat. </trans></eg>
<eg><i lang=""ceb"">Naglampuay ang sabaw sa panaksan (ang panaksan sa sabaw),</i><trans> The soup spilled over the edge of the bowl.
</trans></eg>
</sense></hom></entry>");
INSERT INTO `wced_head` (entryid, head, normalized_head, type, pos) VALUES (10732, "lampuay", "lampuay", "s", "v");
INSERT INTO `wced_head` (entryid, head, normalized_head, type, pos) VALUES (10732, "lampúay", "lampuay", "s", "v");
INSERT INTO `wced_entry` VALUES (10733, "lampurnas", "571", "<entry page=""571"" id=""10733""><form id=""lampurnas"" lang=""ceb"">lampurnas</form>
<hom role=""v""><pos>v</pos>
<sense n=""0""> <itype>[A; b6(1)]</itype><trans> </trans>
</sense>
<sense n=""1""><number>1</number><trans> <tr>scrub</tr>, <tr>wipe</tr> with force to clean s.t. </trans>
<eg><i lang=""ceb"">Nalimpiyu ang pansayan human siya makalampurnas niíni,</i><trans> The comfort room looked spotless after she scrubbed it. </trans></eg>
</sense>
<sense n=""1a""><number>1a</number><trans> clean s.t. by splashing water over it. </trans>
<eg><i lang=""ceb"">Nakalampurnas na ku sa banyu,</i><trans> I have already splashed water to clean the bathroom. </trans></eg>
</sense>
<sense n=""2""><number>2</number><trans> destroy. </trans>
</sense>
<sense n=""2a""><number>2a</number> <itype>[A13; a12]</itype><trans> beat heavily. </trans>
<eg><i lang=""ceb"">Ang way kalúuyng igsúun naglampurnas níya sa gamay lang sayup,</i><trans> His heartless brother beat him mercilessly for the slightest mistake. </trans></eg>
</sense>
<sense n=""2b""><number>2b</number> <itype>[c6]</itype><trans> badly beaten in games. </trans>
<eg><i lang=""ceb"">Ilampurnas lang nang inyung tím nga bayat sa iláha,</i><trans> Their team will just trounce your inept team. </trans></eg>
</sense>
<sense n=""2c""><number>2c</number><trans> be struck by a severe storm. </trans>
<eg><i lang=""ceb"">Nangalúad ang káhuy nga gilampurnas sa bagyu,</i><trans> The trees that were battered by the storm were uprooted. </trans></eg>
</sense>
<sense n=""2d""><number>2d</number> <itype>[a12]</itype><trans> wipe off or out swiftly. </trans>
<eg><i lang=""ceb"">Gilampurnas lang ang mga pagkáun nga gidū́t sa pista,</i><trans> The food that was served at the fiesta was rapidly wiped out. </trans></eg>
</sense>
<sense n=""2e""><number>2e</number> <itype>[A; c]</itype><trans> throw s.t. to the ground with force. </trans>
<eg><i lang=""ceb"">Íyang ilampurnas ang mga kaldírug way sud-an,</i><trans> He’ll smash the pots on the floor if there’s no food. </trans></eg>
</sense>
<sense n=""2f""><number>2f</number> <itype>[A; a1]</itype><trans> pet torridly with a girl (slang). </trans>
<eg><i lang=""ceb"">Gilampurnas níya ang íyang trátu sa sinihan,</i><trans> He petted frantically with his girl friend in the movie house. </trans></eg>
</sense></hom>
<hom role=""n""><pos>n</pos>
<sense n=""0""><trans> scrubbing. </trans>
<eg><i lang=""ceb"">Way lampurnas ang ílang salug,</i><trans> Their floor has not been scrubbed.
</trans></eg>
</sense></hom></entry>");
INSERT INTO `wced_head` (entryid, head, normalized_head, type, pos) VALUES (10733, "lampurnas", "lampurnas", "m", "vn");
INSERT INTO `wced_translation` (entryid, translation) VALUES (10733, "scrub");
INSERT INTO `wced_translation` (entryid, translation) VALUES (10733, "wipe");
INSERT INTO `wced_entry` VALUES (10734, "*lampus", "571", "<entry page=""571"" id=""10734""><form id=""xxlampus"" lang=""ceb"">*lampus</form>
<hom role=""v""><pos>v</pos>
<sense n=""0""> <itype>[A24]</itype><trans> be <tr>successful</tr>. </trans>
<eg><i lang=""ceb"">Milampus ang íyang plánu,</i><trans> His plans succeeded. </trans></eg>
</sense></hom>
<entry><form id=""kalampuxsan"" lang=""ceb""><abbr expan=""kalampúsan"">ka-an</abbr></form>
<hom role=""n""><pos>n</pos>
<sense n=""0""><trans> success. </trans>
</sense></hom></entry>
<entry><form id=""malampuxsan"" lang=""ceb""><abbr expan=""malampúsan"">ma-un</abbr></form>
<hom role=""a""><pos>a</pos>
<sense n=""0""><trans> successful. </trans>
<eg><i lang=""ceb"">Malampúsun nga míting,</i><trans> A successful meeting. </trans></eg>
</sense></hom>
<hom role=""v""><pos>v</pos>
<sense n=""0""> <itype>[A13]</itype><trans> be, become successful. </trans>
<eg><i lang=""ceb"">Hináut untang magmalampúsun ka sa ímung tingúhà,</i><trans> I hope you will be successful in your undertaking.
</trans></eg>
</sense></hom></entry></entry>");
INSERT INTO `wced_head` (entryid, head, normalized_head, type, pos) VALUES (10734, "lampus", "lampus", "s", "v");
INSERT INTO `wced_head` (entryid, head, normalized_head, type, pos) VALUES (10734, "kalampúsan", "kalampusan", "s", "n");
INSERT INTO `wced_head` (entryid, head, normalized_head, type, pos) VALUES (10734, "malampúsan", "malampusan", "s", "av");
INSERT INTO `wced_translation` (entryid, translation) VALUES (10734, "successful");
INSERT INTO `wced_entry` VALUES (10735, "lampuug, lampuug", "571", "<entry page=""571"" id=""10735""><form id=""lampuug_lampuxug"" lang=""ceb"">lampuug, lampúug</form>
<hom>
<sense n=""0""><trans> <xr lang=""ceb"" target=""#dampuug"">= <sc>dampuug</sc>.</xr>
</trans>
</sense></hom></entry>");
INSERT INTO `wced_head` (entryid, head, normalized_head, type, pos) VALUES (10735, "lampuug", "lampuug", "s", "");
INSERT INTO `wced_head` (entryid, head, normalized_head, type, pos) VALUES (10735, "lampúug", "lampuug", "s", "");
INSERT INTO `wced_entry` VALUES (10736, "lampuyang", "571", "<entry page=""571"" id=""10736""><form id=""lampuyang"" lang=""ceb"">lampuyang</form>
<hom>
<sense n=""0""><trans> <xr lang=""ceb"" target=""#luy-aluy-a"">= <sc>luy-aluy-a</sc>.</xr> <ix>see</ix> <xr lang=""ceb"" target=""#luy-a""><sc>luy-a</sc>.</xr>
</trans>
</sense></hom></entry>");
INSERT INTO `wced_head` (entryid, head, normalized_head, type, pos) VALUES (10736, "lampuyang", "lampuyang", "m", "");
INSERT INTO `wced_entry` VALUES (10737, "lampuyut, lampuyut", "571", "<entry page=""571"" id=""10737""><form id=""lampuyut_lampuxyut"" lang=""ceb"">lampuyut, lampúyut</form>
<hom role=""a""><pos>a</pos>
<sense n=""0""><trans> for flesh to be <tr>flabby</tr> and <tr>loose</tr>. </trans>
</sense></hom>
<hom role=""v""><pos>v</pos>
<sense n=""0""> <itype>[B; c1]</itype><trans> be loose and flabby. </trans>
<eg><i lang=""ceb"">Mulampúyut ang átung pus-un ug wà tay iksirsayis,</i><trans> The lower part of your abdomen becomes loose and flabby if you do not exercise.
</trans></eg>
</sense></hom></entry>");
INSERT INTO `wced_head` (entryid, head, normalized_head, type, pos) VALUES (10737, "lampuyut", "lampuyut", "s", "av");
INSERT INTO `wced_head` (entryid, head, normalized_head, type, pos) VALUES (10737, "lampúyut", "lampuyut", "s", "av");
INSERT INTO `wced_translation` (entryid, translation) VALUES (10737, "flabby");
INSERT INTO `wced_translation` (entryid, translation) VALUES (10737, "loose");
INSERT INTO `wced_entry` VALUES (10738, "lamu", "571", "<entry page=""571"" id=""10738""><form id=""lamuq"" lang=""ceb"">lamù</form>
<hom role=""v""><pos>v</pos>
<sense n=""0""> <itype>[A; a]</itype><trans> temporarily preserve tiny fish by salting lightly. </trans>
<eg><i lang=""ceb"">Lamua ang subrang tugnus,</i><trans> Preserve the leftover fry by salting them lightly. </trans></eg>
</sense></hom>
<entry><form id=""linamuq"" lang=""ceb""><abbr expan=""linamù"">-in-</abbr></form>
<hom role=""n""><pos>n</pos>
<sense n=""0""><trans> small fish, temporarily preserved with light salt. </trans>
</sense></hom></entry>
<entry><form id=""lamuqlamuq_lamuqlaxmuq"" lang=""ceb"">lamùlamù, lamùlámù</form>
<hom role=""v""><pos>v</pos>
<sense n=""0""> <itype>[A; b5]</itype><trans> </trans>
</sense>
<sense n=""1""><number>1</number><trans> do s.t. fast in a slipshod and careless way. </trans>
<eg><i lang=""ceb"">Gilamùlamuan (gilamùlamù) lang nímug laba ang mga bisti u, daghan pang buling,</i><trans> You washed these clothes so fast and carelessly. See, they are still all dirty. </trans></eg>
<eg><i lang=""ceb"">Ayaw lamùlamúag bungat arun makasabut ku,</i><trans> Don’t speak so hurriedly and indistinctly, so I can understand. </trans></eg>
</sense>
<sense n=""2""><number>2</number><trans> done rapidly and without reserve. </trans>
<eg><i lang=""ceb"">Gilamùlamù lang níya ang usa ka panaksang pansit,</i><trans> He just gobbled down a whole bowlful of noodles. </trans></eg>
<eg><i lang=""ceb"">Gilamùlámù níya ang íyang uyab sa súd sa sinihan,</i><trans> He engaged in a heavy petting session with his girl friend in the movie house.
</trans></eg>
</sense></hom></entry></entry>");
INSERT INTO `wced_head` (entryid, head, normalized_head, type, pos) VALUES (10738, "lamù", "lamu", "m", "v");
INSERT INTO `wced_head` (entryid, head, normalized_head, type, pos) VALUES (10738, "linamù", "linamu", "s", "n");
INSERT INTO `wced_head` (entryid, head, normalized_head, type, pos) VALUES (10738, "lamùlamù", "lamulamu", "s", "v");
INSERT INTO `wced_head` (entryid, head, normalized_head, type, pos) VALUES (10738, "lamùlámù", "lamulamu", "s", "v");
INSERT INTO `wced_entry` VALUES (10739, "lamudlaw", "571", "<entry page=""571"" id=""10739""><form id=""lamudlaw"" lang=""ceb"">lamudlaw</form>
<hom role=""n""><pos>n</pos>
<sense n=""0""><trans> k.o. vine of waste spaces bearing edible fruits, the size and shape of a hen’s egg with stripes, acrid and pulpy, but with little juice and lots of tiny seeds.
</trans>
</sense></hom></entry>");
INSERT INTO `wced_head` (entryid, head, normalized_head, type, pos) VALUES (10739, "lamudlaw", "lamudlaw", "m", "n");
INSERT INTO `wced_entry` VALUES (10740, "lamugdung", "571", "<entry page=""571"" id=""10740""><form id=""lamugdung"" lang=""ceb"">lamugdung</form>
<hom role=""a""><pos>a</pos>
<sense n=""0""><trans> overcast, gloomy. </trans>
<eg><i lang=""ceb"">Lamugdung ang lángit, muuwan tingáli,</i><trans> The sky is overcast. It will probably rain. </trans></eg>
<eg><i lang=""ceb"">Lamugdung siyag nawung mu rag kahilakun,</i><trans> She has a gloomy expression as if she were about to burst into tears. </trans></eg>
</sense></hom>
<hom role=""v""><pos>v</pos>
<sense n=""0""> <itype>[B; b3c1]</itype><trans> become overcast, gloomy.
</trans>
</sense></hom></entry>");
INSERT INTO `wced_head` (entryid, head, normalized_head, type, pos) VALUES (10740, "lamugdung", "lamugdung", "m", "av");
INSERT INTO `wced_entry` VALUES (10741, "lamugay", "571", "<entry page=""571"" id=""10741""><form id=""lamuxgay"" lang=""ceb"">lamúgay</form>
<hom role=""v""><pos>v</pos>
<sense n=""1""><number>1</number> <itype>[A; c1]</itype><trans> mix, jumble thoroughly. </trans>
<eg><i lang=""ceb"">Kamiy milamúgay (naglamúgay) sa balas ug simintu,</i><trans> We mixed the sand and cement thoroughly. </trans></eg>
</sense>
<sense n=""2""><number>2</number> <itype>[B26C3; c1]</itype><trans> for a crowd to mill about in confusion. </trans>
<eg><i lang=""ceb"">Milamúgay ang mga táwu pagkakità sa kaláyu,</i><trans> The people ran about in confused panic when they saw the fire. </trans></eg>
</sense></hom>
<hom role=""a""><pos>a</pos>
<sense n=""0""><trans> topsy-turvy, in disorder. </trans>
<eg><i lang=""ceb"">Lamúgay ang sála,</i><trans> The living room was topsy-turvy.
</trans></eg>
</sense></hom></entry>");
INSERT INTO `wced_head` (entryid, head, normalized_head, type, pos) VALUES (10741, "lamúgay", "lamugay", "m", "va");
INSERT INTO `wced_entry` VALUES (10742, "lamuglamug", "571", "<entry page=""571"" id=""10742""><form id=""lamuglamug"" lang=""ceb"">lamuglamug</form>
<hom role=""n""><pos>n</pos>
<sense n=""0""><trans> slimy substance. </trans>
</sense>
<sense n=""1""><number>1</number><trans> slime which forms where water has been allowed to stand. </trans>
</sense>
<sense n=""2""><number>2</number><trans> slime exuded by certain animals, such as snails. </trans>
</sense>
<sense n=""3""><number>3</number><trans> thin film that forms on the eyeballs of seriously ill persons. </trans>
</sense>
<sense n=""4""><number>4</number><trans> thin, filmy membranes adhering to meat or tendons. </trans>
</sense>
<sense n=""5""><number>5</number><trans> gelatinous substance found under the bark of young trees. </trans>
</sense>
<sense n=""6""><number>6</number><trans> oily substance found on the surface of coconut meat ripened beyond maturity ( <xr lang=""ceb"" target=""#dalixnug"">= <sc>dalínug</sc></xr>). </trans>
</sense></hom>
<entry><form id=""lamuglamug_sa_tubaq"" lang=""ceb""><abbr expan=""lamuglamug"">—</abbr> sa tubà</form>
<hom>
<sense n=""0""><trans> sediment in the coconut palm toddy. </trans>
</sense></hom>
<hom role=""v""><pos>v</pos>
<sense n=""0""> <itype>[B1246; a4b4]</itype><trans> form slimy substances of these various kinds.
</trans>
</sense></hom></entry></entry>");
INSERT INTO `wced_head` (entryid, head, normalized_head, type, pos) VALUES (10742, "lamuglamug", "lamuglamug", "m", "n");
INSERT INTO `wced_head` (entryid, head, normalized_head, type, pos) VALUES (10742, "lamuglamug sa tubà", "lamuglamug sa tuba", "s", "v");
INSERT INTO `wced_entry` VALUES (10743, "lamugmugan", "571", "<entry page=""571"" id=""10743""><form id=""lamugmugan"" lang=""ceb"">lamugmugan</form>
<hom>
<sense n=""0""><trans> <xr lang=""ceb"" target=""#limugmugan"">= <sc>limugmugan</sc>.</xr> <xr lang=""ceb"" target=""#limugmug""><ix>see</ix> <sc>limugmug</sc>.</xr>
<pb n=""572""/>
</trans>
</sense></hom></entry>");
INSERT INTO `wced_head` (entryid, head, normalized_head, type, pos) VALUES (10743, "lamugmugan", "lamugmugan", "m", "");
INSERT INTO `wced_entry` VALUES (10744, "lamuk", "572", "<entry page=""572"" id=""10744""><form id=""lamuk"" lang=""ceb"">lamuk</form>
<hom role=""n""><pos>n</pos>
<sense n=""0""><trans> <tr>mosquito</tr>. </trans>
</sense></hom>
<hom role=""v""><pos>v</pos>
<sense n=""0""> <itype>[a4]</itype><trans> </trans>
</sense>
<sense n=""1""><number>1</number><trans> be infested with mosquitoes. </trans>
<eg><i lang=""ceb"">Ang lugar nga may lámak lamukun,</i><trans> A place where there is standing water gets infested with mosquitoes. </trans></eg>
</sense>
<sense n=""2""><number>2</number><trans> wait s.w. too long. </trans>
<eg><i lang=""ceb"">Gilamuk na lang kug hinuwat, wà giyud mupatim-aw,</i><trans> I waited for a long time, but he did not show up. </trans></eg>
</sense></hom>
<entry><form id=""laxmuk"" lang=""ceb""><abbr expan=""lámuk"">(←)</abbr></form>
<hom role=""v""><pos>v</pos>
<sense n=""1""><number>1</number> <itype>[A; b6]</itype><trans> be present in large numbers with confusion and bustle. </trans>
<eg><i lang=""ceb"">Naglámuk ang mga táwu sa baratilyu,</i><trans> People crowded the bargain sale. </trans></eg>
<eg><i lang=""ceb"">Míting man untà ni, nalámuk na man hinúun,</i><trans> This is supposed to be a meeting, but it has become a melee instead. </trans></eg>
</sense>
<sense n=""2""><number>2</number> <itype>[BC3]</itype><trans> be, become a free-for-all, melee. </trans>
<eg><i lang=""ceb"">Nagkalámuk ang mga istudiyanti ug mga pulis,</i><trans> There was a free-for-all between the students and the police. </trans></eg>
</sense></hom>
<hom role=""a""><pos>a</pos>
<sense n=""0""><trans> busy and chaotic with large numbers of people. </trans>
</sense></hom>
<hom role=""n""><pos>n</pos>
<sense n=""0""><trans> a free-for-all, melee. </trans>
</sense></hom></entry>
<entry><form id=""lamuklaxmuk"" lang=""ceb"">lamuklámuk</form>
<hom>
<sense n=""0""><trans> <xr lang=""ceb"" target=""#laxmuk"">= <sc>lámuk</sc>, <i lang=""ceb"">n, v2.</i></xr> </trans>
</sense></hom></entry>
<entry><form id=""lamuxkay"" lang=""ceb""><abbr expan=""lamúkay"">-ay(←)</abbr></form>
<hom>
<sense n=""0""><trans> <ix>see</ix> <xr lang=""ceb"" target=""#lamuxkay""><sc>lamúkay</sc>.</xr>
</trans>
</sense></hom></entry></entry>");
INSERT INTO `wced_head` (entryid, head, normalized_head, type, pos) VALUES (10744, "lamuk", "lamuk", "m", "nv");
INSERT INTO `wced_head` (entryid, head, normalized_head, type, pos) VALUES (10744, "lámuk", "lamuk", "s", "van");
INSERT INTO `wced_head` (entryid, head, normalized_head, type, pos) VALUES (10744, "lamuklámuk", "lamuklamuk", "s", "");
INSERT INTO `wced_head` (entryid, head, normalized_head, type, pos) VALUES (10744, "lamúkay", "lamukay", "s", "");
INSERT INTO `wced_translation` (entryid, translation) VALUES (10744, "mosquito");
INSERT INTO `wced_entry` VALUES (10745, "lamukat", "572", "<entry page=""572"" id=""10745""><form id=""lamuxkat"" lang=""ceb"">lamúkat</form>
<hom role=""v""><pos>v</pos>
<sense n=""0""> <itype>[B16; a]</itype><trans> be, become disorderly, messed up. </trans>
<eg><i lang=""ceb"">Naglamúkat ang íyang nawung sa mik-ap,</i><trans> Her make-up was in chaotic disarray. </trans></eg>
<eg><i lang=""ceb"">Nalamúkat ang mga dáhun sa sular,</i><trans> The leaves were strewn all over the yard. </trans></eg>
<eg><i lang=""ceb"">Ayawg lamukáta nang ímung ásuy arun hisabtan ka,</i><trans> Do not tell your story incoherently so that you’ll be understood. </trans></eg>
</sense></hom>
<hom role=""a""><pos>a</pos>
<sense n=""0""><trans> all in disorder. </trans>
<eg><i lang=""ceb"">Lamúkat nga administrasiyun,</i><trans> A chaotic administration. </trans></eg>
</sense></hom>
<entry><form id=""kalamuxkat"" lang=""ceb""><abbr expan=""kalamúkat"">ka-</abbr></form>
<hom>
<sense n=""0""><trans> (not without <ix>l</ix>) </trans>
</sense></hom>
<hom role=""v""><pos>v</pos>
<sense n=""0""> <itype>[A; a2]</itype><trans> be in chaotic disorder. </trans>
<eg><i lang=""ceb"">Nagkalamúkat ang labábu sa mga plátu ug kaldíru,</i><trans> The sink is a mess with all the kettles and plates piled up in it. </trans></eg>
<eg><i lang=""ceb"">Magkalamúkat ang panimalay kun way pagsinabtanay,</i><trans> Home life is chaotic when there is no understanding.
</trans></eg>
</sense></hom></entry></entry>");
INSERT INTO `wced_head` (entryid, head, normalized_head, type, pos) VALUES (10745, "lamúkat", "lamukat", "m", "va");
INSERT INTO `wced_head` (entryid, head, normalized_head, type, pos) VALUES (10745, "kalamúkat", "kalamukat", "s", "v");
INSERT INTO `wced_entry` VALUES (10746, "lamukay", "572", "<entry page=""572"" id=""10746""><form id=""lamuxkay"" lang=""ceb"">lamúkay</form>
<hom>
<sense n=""0""><trans> (from <ix>lamuk</ix>) </trans>
</sense></hom>
<hom role=""a""><pos>a</pos>
<sense n=""0""><trans> in chaotic disorder, topsy-turvy. </trans>
<eg><i lang=""ceb"">Lamúkay ang kwartu,</i><trans> The room is in chaos. </trans></eg>
</sense></hom>
<hom role=""v""><pos>v</pos>
<sense n=""1""><number>1</number> <itype>[A; a]</itype><trans> mix, stir things up thoroughly. </trans>
<eg><i lang=""ceb"">Naglamúkay si Ipì sa simintu,</i><trans> Ipe was mixing the cement. </trans></eg>
</sense>
<sense n=""2""><number>2</number> <itype>[B]</itype><trans> for there to be chaos, things in great numbers in disorder. </trans>
<eg><i lang=""ceb"">Naglamúkay (nagkalamúkay) ang mga táwu sa tyanggihan pagsúnug,</i><trans> The people in the market were rushing about in all directions when the fire broke out. </trans></eg>
</sense></hom>
<entry><form id=""kalamuxkay"" lang=""ceb""><abbr expan=""kalamúkay"">ka-</abbr></form>
<hom>
<sense n=""0""><trans> <xr lang=""ceb"" target=""#lamuxkay"">= <sc>lamúkay</sc>, <i lang=""ceb"">v2.</i></xr>
</trans>
</sense></hom></entry></entry>");
INSERT INTO `wced_head` (entryid, head, normalized_head, type, pos) VALUES (10746, "lamúkay", "lamukay", "m", "av");
INSERT INTO `wced_head` (entryid, head, normalized_head, type, pos) VALUES (10746, "kalamúkay", "kalamukay", "s", "");
INSERT INTO `wced_entry` VALUES (10747, "lamun", "572", "<entry page=""572"" id=""10747""><form id=""lamun"" lang=""ceb"">lamun</form>
<hom role=""n""><pos>n</pos>
<sense n=""1""><number>1</number><trans> k.o. badly infected boil which goes deep and fails to develop a head. It often leads to blood poisoning. </trans>
</sense>
<sense n=""2""><number>2</number><trans> word used in a curse hoping the one cursed gets a <ix>lamun</ix>. </trans>
<eg><i lang=""ceb"">Wà ka dad-a sa lamun!</i><trans> Damn you! (Lit. Haven’t you been killed by blood poisoning?) </trans></eg>
</sense></hom>
<hom role=""v""><pos>v</pos>
<sense n=""0""> <itype>[b4]</itype><trans> be infected with <ix>lamun</ix>. </trans>
<eg><i lang=""ceb"">Ang bátang gilamunan namatay,</i><trans> The child who was infected with a <ix>lamun</ix> died.
</trans></eg>
</sense></hom></entry>");
INSERT INTO `wced_head` (entryid, head, normalized_head, type, pos) VALUES (10747, "lamun", "lamun", "m", "nv");
INSERT INTO `wced_entry` VALUES (10748, "lamun", "572", "<entry page=""572"" id=""10748""><form id=""laxmun"" lang=""ceb"">lámun</form>
<hom role=""v""><pos>v</pos>
<sense n=""0""> <itype>[A; c1]</itype><trans> put large chunks of food in the mouth whole. </trans>
<eg><i lang=""ceb"">Makalámun kug usa ka parak bingka,</i><trans> I can put a whole piece of rice cake in my mouth. </trans></eg>
<eg><i lang=""ceb"">Kúlang ka rang lamúnun (ilámun) sa higanti,</i><trans> You’re not even enough to stuff in the giant’s mouth.
</trans></eg>
</sense></hom></entry>");
INSERT INTO `wced_head` (entryid, head, normalized_head, type, pos) VALUES (10748, "lámun", "lamun", "m", "v");
INSERT INTO `wced_entry` VALUES (10749, "lamuruk", "572", "<entry page=""572"" id=""10749""><form id=""lamuruk"" lang=""ceb"">lamuruk</form>
<hom role=""a""><pos>a</pos>
<sense n=""0""><trans> plump in the cheeks. </trans>
</sense></hom>
<hom role=""v""><pos>v</pos>
<sense n=""0""> <itype>[B]</itype><trans> for the cheeks to become full and rounded. </trans>
<eg><i lang=""ceb"">Nagkalamuruk ang íyang áping sukad maáyu,</i><trans> Her cheeks are beginning to get rounded now that she has recovered. </trans></eg>
</sense></hom>
<entry><form id=""lamurukun"" lang=""ceb""><abbr expan=""lamurukun"">-un</abbr></form>
<hom role=""a""><pos>a</pos>
<sense n=""0""><trans> of a plump sort.
</trans>
</sense></hom></entry></entry>");
INSERT INTO `wced_head` (entryid, head, normalized_head, type, pos) VALUES (10749, "lamuruk", "lamuruk", "m", "av");
INSERT INTO `wced_head` (entryid, head, normalized_head, type, pos) VALUES (10749, "lamurukun", "lamurukun", "s", "a");
INSERT INTO `wced_entry` VALUES (10750, "lamuy", "572", "<entry page=""572"" id=""10750""><form id=""lamuy"" lang=""ceb"">lamuy</form>
<hom role=""v""><pos>v</pos>
<sense n=""1""><number>1</number> <itype>[A; a]</itype><trans> take in s.t. by swallowing. </trans>
<eg><i lang=""ceb"">Maglamuy kug tablítas pára katúlug,</i><trans> I’ll take some sleeping pills. </trans></eg>
<eg><i lang=""ceb"">Gilamuy si Hunas sa balyína,</i><trans> Jonah was swallowed by a whale. </trans></eg>
</sense>
<sense n=""1a""><number>1a</number><trans> eat greedily or gluttonously (coarse). </trans>
<eg><i lang=""ceb"">À, milakaw man lang dáyun human makalamuy,</i><trans> After he gorged himself, he immediately left the party. </trans></eg>
</sense>
<sense n=""1b""><number>1b</number> <form id=""lamuy_sa_bakunaxwa_ang_buxwan"" lang=""ceb""><abbr expan=""lamuy"">—</abbr> sa bakunáwa ang búwan</form><trans> <itype>[a12]</itype> for there to be a lunar eclipse (for the moon to have been swallowed by the <ix>bakunáwa</ix>). </trans>
</sense>
<sense n=""2""><number>2</number> <itype>[A; a2]</itype><trans> swallow words or feelings. </trans>
<eg><i lang=""ceb"">Milamuy ka lang dáyun sa íyang gisulti,</i><trans> You swallowed his story, hook, line, and sinker. </trans></eg>
<eg><i lang=""ceb"">Gilamuy ku ang ákung kasukù arun way masilù,</i><trans> I just swallowed my anger so that nobody would have hard feelings. </trans></eg>
</sense>
<sense n=""3""><number>3</number><trans> swallowed up in a figurative sense. </trans>
<eg><i lang=""ceb"">Galastúhan nga milamuy sa ílang tinipígan,</i><trans> The expenses which swallowed up their savings. </trans></eg>
<eg><i lang=""ceb"">Gilamuy siya sa kangitngit,</i><trans> He was swallowed by the darkness. </trans></eg>
</sense></hom>
<hom role=""n""><pos>n</pos>
<sense n=""0""><trans> food consumption. </trans>
<eg><i lang=""ceb"">Ang ámung mutsatsu dakug lamuy,</i><trans> Our servant eats too much. </trans></eg>
</sense></hom>
<entry><form id=""walay_lamuy"" lang=""ceb"">walay <abbr expan=""lamuy"">—</abbr></form>
<hom>
<sense n=""0""><trans> poor as a church mouse (deprecatory). </trans>
</sense></hom></entry>
<entry><form id=""linamuxyan"" lang=""ceb""><abbr expan=""linamúyan"">-in-an</abbr></form>
<hom role=""n""><pos>n</pos>
<sense n=""0""><trans> manner of eating.
</trans>
</sense></hom></entry></entry>");
INSERT INTO `wced_head` (entryid, head, normalized_head, type, pos) VALUES (10750, "lamuy", "lamuy", "m", "vn");
INSERT INTO `wced_head` (entryid, head, normalized_head, type, pos) VALUES (10750, "lamuy sa bakunáwa ang búwan", "lamuy sa bakunawa ang buwan", "s", "");
INSERT INTO `wced_head` (entryid, head, normalized_head, type, pos) VALUES (10750, "walay lamuy", "walay lamuy", "s", "");
INSERT INTO `wced_head` (entryid, head, normalized_head, type, pos) VALUES (10750, "linamúyan", "linamuyan", "s", "n");
INSERT INTO `wced_entry` VALUES (10751, "lamuya", "572", "<entry page=""572"" id=""10751""><form id=""lamuxyaq"" lang=""ceb"">lamúyà</form>
<hom role=""v""><pos>v</pos>
<sense n=""0""> <itype>[B]</itype><trans> get excessively fat. </trans>
<eg><i lang=""ceb"">Naglamúyà siya sa katambuk,</i><trans> He is bulging with excessive fat. </trans></eg>
<eg><i lang=""ceb"">Nagkalamuyà ang tiyan sa palaínum,</i><trans> The drunkard is getting a beer belly.
</trans></eg>
</sense></hom></entry>");
INSERT INTO `wced_head` (entryid, head, normalized_head, type, pos) VALUES (10751, "lamúyà", "lamuya", "m", "v");
INSERT INTO `wced_entry` VALUES (10752, "lamwas", "572", "<entry page=""572"" id=""10752""><form id=""lamwas"" lang=""ceb"">lamwas</form>
<hom role=""v""><pos>v</pos>
<sense n=""1""><number>1</number> <itype>[A; b6]</itype><trans> for water to come in or spread over s.t. </trans>
<eg><i lang=""ceb"">Hápit malúnud ang sakayan nga nalamwásan sa túbig,</i><trans> The boat nearly sank because water came in it. </trans></eg>
<eg><i lang=""ceb"">Gilamwásan ang tugkaran sa túbig gíkan sa kanal,</i><trans> The water from the drainage ditch flooded our yard. </trans></eg>
</sense>
<sense n=""1a""><number>1a</number><trans> for water to run out over a container. </trans>
<eg><i lang=""ceb"">Milamwas ang túbig sa planggána,</i><trans> Water ran out over the basin. </trans></eg>
</sense>
<sense n=""2""><number>2</number> <itype>[A; c1]</itype><trans> extend beyond a certain limit. </trans>
<eg><i lang=""ceb"">Mulamwas ang ákung tiil sa katri kay mubù ra,</i><trans> My feet spill over the end of the bed because it is too short. </trans></eg>
<eg><i lang=""ceb"">Lamwása (ilamwas) sa túhud ang sidsid sa ákung sinínà,</i><trans> Extend the hem line of my dress beyond the knees.
</trans></eg>
</sense></hom></entry>");
INSERT INTO `wced_head` (entryid, head, normalized_head, type, pos) VALUES (10752, "lamwas", "lamwas", "m", "v");
INSERT INTO `wced_entry` VALUES (10753, "lamyat", "572", "<entry page=""572"" id=""10753""><form id=""lamyat"" lang=""ceb"">lamyat</form>
<hom role=""a""><pos>a</pos>
<sense n=""0""><trans> sluggish, doing things slowly and lazily. </trans>
</sense></hom>
<hom role=""v""><pos>v</pos>
<sense n=""0""> <itype>[B; b6]</itype><trans> be sluggish in doing things. </trans>
<eg><i lang=""ceb"">Nagkalamyat ang mid nga nagkadugay sa báy,</i><trans> The longer the maid stays in the house <pb n=""573""/>the slower she works.
</trans></eg>
</sense></hom></entry>");
INSERT INTO `wced_head` (entryid, head, normalized_head, type, pos) VALUES (10753, "lamyat", "lamyat", "m", "av");
INSERT INTO `wced_entry` VALUES (10754, "-l-an", "573", "<entry page=""573"" id=""10754""><form id=""x-l-an"" lang=""ceb"">-l-an</form>
<hom>
<sense n=""0""><trans> alternant for <ix>-anan</ix>, added to some, but not all, bases which occur with <ix>-anan</ix> and usually with the same meaning. </trans>
<eg><i lang=""ceb"">Palalítan,</i><trans> Place one buys things. </trans></eg>
<eg><i lang=""ceb"">Halatagan sa limus,</i><trans> Person to whom alms are given.
</trans></eg>
</sense></hom></entry>");
INSERT INTO `wced_head` (entryid, head, normalized_head, type, pos) VALUES (10754, "-l-an", "-l-an", "m", "");
INSERT INTO `wced_entry` VALUES (10755, "lana1", "573", "<entry page=""573"" id=""10755""><form id=""laxna"" lang=""ceb"">lána<sub>1</sub></form>
<hom role=""n""><pos>n</pos>
<sense n=""1""><number>1</number><trans> <tr>oil</tr> obtained from plants. </trans>
</sense>
<sense n=""2""><number>2</number><trans> a concoction of oil and herbs having special curative properties or power to ward off evil of supernatural origin. </trans>
</sense></hom>
<entry><form id=""laxna_nga_pangulang"" lang=""ceb""><abbr expan=""lána"">—</abbr> nga pangulang</form>
<hom>
<sense n=""0""><trans> oil to counteract supernaturally caused skin ailments. </trans>
</sense>
<sense n=""3""><number>3</number> <form id=""may_walay_laxna"" lang=""ceb"">may, walay <abbr expan=""lána"">—</abbr></form><trans> have (not have) sexual potency in old age. </trans>
<eg><i lang=""ceb"">Mamána ka ánang tigúlang bálu? Wà na nay lána,</i><trans> Are you going to marry that old widower? I doubt if he can do it any more. </trans></eg>
</sense></hom>
<hom role=""v""><pos>v</pos>
<sense n=""1""><number>1</number> <itype>[A; a]</itype><trans> make oil. </trans>
<eg><i lang=""ceb"">Dílì ku mulána ánang lubi kay kápuy ug kagud,</i><trans> I will not make oil because it is tiresome grating those coconuts. </trans></eg>
</sense>
<sense n=""2""><number>2</number> <itype>[b6]</itype><trans> put oil in a lamp. </trans>
</sense>
<sense n=""3""><number>3</number> <form id=""laxna_ug_puxtut"" lang=""ceb""><abbr expan=""lána"">—</abbr> ug pútut</form><trans> </trans>
</sense></hom>
<hom role=""v""><pos>v</pos>
<sense n=""0""> <itype>[A13; a12]</itype><trans> do the impossible (lit. extract oil from a very young coconut). </trans>
<eg><i lang=""ceb"">Maáyu pay maglána ug pútut kay sa mulansar nga way kwarta,</i><trans> It would be easier to squeeze oil out of a young coconut than to win an election without money. </trans></eg>
</sense></hom></entry>
<entry><form id=""lana"" lang=""ceb""><abbr expan=""lana"">(→)</abbr></form>
<hom role=""v""><pos>v</pos>
<sense n=""1""><number>1</number> <itype>[A; b]</itype><trans> apply oil on. </trans>
<eg><i lang=""ceb"">Lanahi ang halígi arun dílì anáyun,</i><trans> Put oil on the post so the termites can’t get at it. </trans></eg>
</sense>
<sense n=""2""><number>2</number> <itype>[B3(1)46]</itype><trans> be, become oily, exude oily secretion. </trans>
<eg><i lang=""ceb"">Naglana ang íyang pánit,</i><trans> Her skin is exuding oil. </trans></eg>
</sense>
<sense n=""3""><number>3</number> <itype>[A; b6]</itype><trans> coax s.o. by flattery. </trans>
<eg><i lang=""ceb"">Lanahi siya dì ba húmuk musugut sa ímung hangyù,</i><trans> Give her some sweet talk. See if she doesn’t give you what you ask for. </trans></eg>
</sense></hom></entry>
<entry><form id=""lanaxhan_lanhan"" lang=""ceb"">lanáhan, lanhan</form>
<hom role=""n""><pos>n</pos>
<sense n=""0""><trans> folk doctor who practices healing with the use of special oils. </trans>
</sense></hom></entry>
<entry><form id=""lanahan"" lang=""ceb"">lanahan</form>
<hom role=""n""><pos>n</pos>
<sense n=""0""><trans> container for oil. </trans>
</sense></hom></entry>
<entry><form id=""lanahun_lanaxhun"" lang=""ceb"">lanahun, lanáhun</form>
<hom role=""a""><pos>a</pos>
<sense n=""0""><trans> full of oil. †
</trans>
</sense></hom></entry></entry>");
INSERT INTO `wced_head` (entryid, head, normalized_head, type, pos) VALUES (10755, "lána", "lana", "s", "n");
INSERT INTO `wced_head` (entryid, head, normalized_head, type, pos) VALUES (10755, "lána nga pangulang", "lana nga pangulang", "s", "vv");
INSERT INTO `wced_head` (entryid, head, normalized_head, type, pos) VALUES (10755, "may", "may", "s", "");
INSERT INTO `wced_head` (entryid, head, normalized_head, type, pos) VALUES (10755, "walay lána", "walay lana", "s", "");
INSERT INTO `wced_head` (entryid, head, normalized_head, type, pos) VALUES (10755, "lána ug pútut", "lana ug putut", "s", "");
INSERT INTO `wced_head` (entryid, head, normalized_head, type, pos) VALUES (10755, "lana", "lana", "s", "v");
INSERT INTO `wced_head` (entryid, head, normalized_head, type, pos) VALUES (10755, "lanáhan", "lanahan", "s", "n");
INSERT INTO `wced_head` (entryid, head, normalized_head, type, pos) VALUES (10755, "lanhan", "lanhan", "s", "n");
INSERT INTO `wced_head` (entryid, head, normalized_head, type, pos) VALUES (10755, "lanahan", "lanahan", "s", "n");
INSERT INTO `wced_head` (entryid, head, normalized_head, type, pos) VALUES (10755, "lanahun", "lanahun", "s", "a");
INSERT INTO `wced_head` (entryid, head, normalized_head, type, pos) VALUES (10755, "lanáhun", "lanahun", "s", "a");
INSERT INTO `wced_translation` (entryid, translation) VALUES (10755, "oil");
INSERT INTO `wced_entry` VALUES (10756, "lana2", "573", "<entry page=""573"" id=""10756""><form id=""laxna2"" lang=""ceb"">lána<sub>2</sub></form>
<hom>
<sense n=""0""><trans> <xr lang=""ceb"" target=""#dilaxna"">= <sc>dilána</sc>.</xr>
</trans>
</sense></hom></entry>");
INSERT INTO `wced_head` (entryid, head, normalized_head, type, pos) VALUES (10756, "lána", "lana", "s", "");
INSERT INTO `wced_entry` VALUES (10757, "lanag", "573", "<entry page=""573"" id=""10757""><form id=""laxnag"" lang=""ceb"">lánag</form>
<hom role=""n""><pos>n</pos>
<sense n=""0""><trans> mild, not fatal poisoning. </trans>
<eg><i lang=""ceb"">Ang lánag ságad dílì makamatay, makapabúyud lang,</i><trans> Mild poisoning usually doesn’t kill. It just makes one dizzy. </trans></eg>
</sense></hom>
<hom role=""v""><pos>v</pos>
<sense n=""1""><number>1</number> <itype>[B126; b4(1)]</itype><trans> have, be affected by poisoning. </trans>
<eg><i lang=""ceb"">Nalánag ku sa amúting káhuy nga wà maáyung pagkalung-ag,</i><trans> I got food poisoning from the cassava that wasn’t prepared properly. </trans></eg>
</sense>
<sense n=""2""><number>2</number> <itype>[B126]</itype><trans> be sickened, nauseated. </trans>
<eg><i lang=""ceb"">Nalánag ku sa báhù sa karni didtus ihawan,</i><trans> I was sickened by the smell of meat at the <corr sic=""abbatoir"">abattoir</corr>. </trans></eg>
</sense>
<sense n=""3""><number>3</number><trans> be bored to tears. </trans>
<eg><i lang=""ceb"">Nalánag ku ánang ímung isturya nga gibalikbálik,</i><trans> I am bored to tears by your story that you keep telling again and again. </trans></eg>
</sense></hom>
<entry><form id=""lanag"" lang=""ceb""><abbr expan=""lanag"">(→)</abbr></form>
<hom role=""n""><pos>n</pos>
<sense n=""0""><trans> s.t. to smoke (derogatory). </trans>
</sense></hom>
<hom role=""v""><pos>v</pos>
<sense n=""0""> <itype>[A; c1]</itype><trans> smoke. </trans>
<eg><i lang=""ceb"">Naglanag ka na sab nga gidid-an ka man sa duktur?</i><trans> You’re smoking again when the doctor told you not to.
</trans></eg>
</sense></hom></entry></entry>");
INSERT INTO `wced_head` (entryid, head, normalized_head, type, pos) VALUES (10757, "lánag", "lanag", "m", "nv");
INSERT INTO `wced_head` (entryid, head, normalized_head, type, pos) VALUES (10757, "lanag", "lanag", "s", "nv");
INSERT INTO `wced_entry` VALUES (10758, "lanang", "573", "<entry page=""573"" id=""10758""><form id=""lanang"" lang=""ceb"">lanang</form>
<hom role=""n""><pos>n</pos>
<sense n=""0""><trans> watery, slushy ground. </trans>
</sense></hom>
<hom role=""v""><pos>v</pos>
<sense n=""1""><number>1</number> <itype>[B; b6]</itype><trans> become watery and slushy. </trans>
<eg><i lang=""ceb"">Milanang (nalanang) ang sílung sa ulan,</i><trans> The yard became watery and muddy in the rain. </trans></eg>
</sense></hom>
<entry><form id=""laxnang"" lang=""ceb""><abbr expan=""lánang"">(←)</abbr></form>
<hom role=""v""><pos>v</pos>
<sense n=""0""> <itype>[A; b6]</itype><trans> for liquid to spread out on an area. </trans>
<eg><i lang=""ceb"">Milánang ang ímung íhì sa salug,</i><trans> Your urine flowed over the floor. </trans></eg>
</sense></hom></entry>
<entry><form id=""lanaxngan"" lang=""ceb""><abbr expan=""lanángan"">-an</abbr></form>
<hom role=""n""><pos>n</pos>
<sense n=""0""><trans> slushy, muddy place. </trans>
</sense></hom></entry>
<entry><form id=""lananglanang"" lang=""ceb"">lananglanang</form>
<hom role=""v""><pos>v</pos>
<sense n=""0""> <itype>[A]</itype><trans> be <tr>greasy</tr>, <tr>oily</tr>. </trans>
<eg><i lang=""ceb"">Mulananglanang ang ímung nawung ug dí ka mamulbus,</i><trans> Your face will get oily if you don’t powder it. </trans></eg>
<eg><i lang=""ceb"">Maglananglanang ang sud-an nga labihan kamantikáun,</i><trans> A dish that has too much fat is greasy.
</trans></eg>
</sense></hom></entry></entry>");
INSERT INTO `wced_head` (entryid, head, normalized_head, type, pos) VALUES (10758, "lanang", "lanang", "m", "nv");
INSERT INTO `wced_head` (entryid, head, normalized_head, type, pos) VALUES (10758, "lánang", "lanang", "s", "v");
INSERT INTO `wced_head` (entryid, head, normalized_head, type, pos) VALUES (10758, "lanángan", "lanangan", "s", "n");
INSERT INTO `wced_head` (entryid, head, normalized_head, type, pos) VALUES (10758, "lananglanang", "lananglanang", "s", "v");
INSERT INTO `wced_translation` (entryid, translation) VALUES (10758, "greasy");
INSERT INTO `wced_translation` (entryid, translation) VALUES (10758, "oily");
INSERT INTO `wced_entry` VALUES (10759, "lanap", "573", "<entry page=""573"" id=""10759""><form id=""laxnap"" lang=""ceb"">lánap</form>
<hom role=""v""><pos>v</pos>
<sense n=""0""> <itype>[A; b(1)]</itype><trans> <tr>overflow</tr> or <tr>flood</tr> an area. </trans>
<eg><i lang=""ceb"">Ang karsáda nga gilanápan sa dágat napunù sa mga gapnud,</i><trans> The road that the sea had flooded is full of driftwood. </trans></eg>
<eg><i lang=""ceb"">Sa pagkusug sa ulan, gilanápan ang ámung sílung sa túbig,</i><trans> Because of the heavy rain, our basement was flooded with water.
</trans></eg>
</sense></hom></entry>");
INSERT INTO `wced_head` (entryid, head, normalized_head, type, pos) VALUES (10759, "lánap", "lanap", "m", "v");
INSERT INTO `wced_translation` (entryid, translation) VALUES (10759, "overflow");
INSERT INTO `wced_translation` (entryid, translation) VALUES (10759, "flood");
INSERT INTO `wced_entry` VALUES (10760, "lanat", "573", "<entry page=""573"" id=""10760""><form id=""lanat"" lang=""ceb"">lanat</form>
<hom role=""v""><pos>v</pos>
<sense n=""0""> <itype>[A; a12]</itype><trans> <tr>pursue</tr>, <tr>chase</tr>. </trans>
<eg><i lang=""ceb"">Dílì ku mulanat níla ngadtu sa ngitngit,</i><trans> I will not run after them into the dark. </trans></eg>
<eg><i lang=""ceb"">Lanata ang kawatan!</i><trans> Chase the thief. </trans></eg>
</sense></hom>
<entry><form id=""mabaq_ug_lanat"" lang=""ceb"">mabà ug <abbr expan=""lanat"">—</abbr></form>
<hom>
<sense n=""0""><trans> tend to be short-winded, easily tiring out. </trans>
<eg><i lang=""ceb"">Dì siya kaagwanta ug bugtaway kay mabà siyag lanat,</i><trans> He doesn’t last in a race because he is short-winded. </trans></eg>
</sense></hom></entry>
<entry><form id=""laxnat"" lang=""ceb""><abbr expan=""lánat"">(←)</abbr></form>
<hom role=""n""><pos>n</pos>
<sense n=""0""><trans> <tr>pursuit</tr>, <tr>chase</tr>, <tr>race</tr>. </trans>
<eg><i lang=""ceb"">Ang lánat sa kinabúhì,</i><trans> The rat race of life.
</trans></eg>
</sense></hom></entry></entry>");
INSERT INTO `wced_head` (entryid, head, normalized_head, type, pos) VALUES (10760, "lanat", "lanat", "m", "v");
INSERT INTO `wced_head` (entryid, head, normalized_head, type, pos) VALUES (10760, "mabà ug lanat", "maba ug lanat", "s", "");
INSERT INTO `wced_head` (entryid, head, normalized_head, type, pos) VALUES (10760, "lánat", "lanat", "s", "n");
INSERT INTO `wced_translation` (entryid, translation) VALUES (10760, "pursue");
INSERT INTO `wced_translation` (entryid, translation) VALUES (10760, "chase");
INSERT INTO `wced_translation` (entryid, translation) VALUES (10760, "pursuit");
INSERT INTO `wced_translation` (entryid, translation) VALUES (10760, "race");
INSERT INTO `wced_entry` VALUES (10761, "lanatad", "573", "<entry page=""573"" id=""10761""><form id=""lanaxtad"" lang=""ceb"">lanátad</form>
<hom role=""n""><pos>n</pos>
<sense n=""0""><trans> sea which is flat and even, as for example, at high tide before it begins to go out again, or water over tidal flats. </trans>
</sense></hom>
<hom role=""v""><pos>v</pos>
<sense n=""0""> <itype>[B2]</itype><trans> for a large area to become covered with a smooth surface of water. </trans>
<eg><i lang=""ceb"">Ug magbahà, mulanátad ang túbig sa kaumahan,</i><trans> When it floods, the water floods over the fields.
</trans></eg>
</sense></hom></entry>");
INSERT INTO `wced_head` (entryid, head, normalized_head, type, pos) VALUES (10761, "lanátad", "lanatad", "m", "nv");
INSERT INTO `wced_entry` VALUES (10762, "lanaw", "573", "<entry page=""573"" id=""10762""><form id=""laxnaw"" lang=""ceb"">lánaw</form>
<hom>
<sense n=""0""><trans> <xr lang=""ceb"" target=""#danaw"">= <sc>danaw</sc></xr>, <xr lang=""ceb"" target=""#daxnaw""><sc>dánaw</sc>.</xr>
</trans>
</sense></hom></entry>");
INSERT INTO `wced_head` (entryid, head, normalized_head, type, pos) VALUES (10762, "lánaw", "lanaw", "m", "");
INSERT INTO `wced_entry` VALUES (10763, "lanay", "573", "<entry page=""573"" id=""10763""><form id=""laxnay"" lang=""ceb"">lánay</form>
<hom role=""v""><pos>v</pos>
<sense n=""1""><number>1</number> <itype>[AB2S; a]</itype><trans> <tr>melt</tr>, <tr>become soft</tr> </trans>
<eg><i lang=""ceb"">Naglánay ku ug tinggà pára gam-ung pamatu,</i><trans> I am melting lead to make into a sinker. </trans></eg>
<eg><i lang=""ceb"">Naglanay ang mantikilya,</i><trans> The butter is soft. </trans></eg>
</sense>
<sense n=""2""><number>2</number> <form id=""laxnay_ang_atay"" lang=""ceb""><abbr expan=""lánay"">—</abbr> ang atay</form><trans> <itype>[B246]</itype> get flattered. </trans>
<eg><i lang=""ceb"">Milánay ang íyang atay pag-ingun nákung gwápa siya,</i><trans> She swelled with pride when I told her she was pretty. </trans></eg>
</sense></hom>
<entry><form id=""lanay"" lang=""ceb""><abbr expan=""lanay"">(→)</abbr></form>
<hom role=""a""><pos>a</pos>
<sense n=""1""><number>1</number><trans> <tr>soft</tr>, partially melted. </trans>
<eg><i lang=""ceb"">Itì nga lanay,</i><trans> Soft and watery droppings of fowl. </trans></eg>
</sense>
<sense n=""3""><number>3</number> <form id=""lanay_ug_tixngug"" lang=""ceb""><abbr expan=""lanay"">—</abbr> ug tíngug</form><trans> for the voice to be flat in tone, not full, as if cracked. </trans>
<eg><i lang=""ceb"">Way kaláking pamináwun ang lanay nga tíngug,</i><trans> A flat voice is not pleasant to listen to. </trans></eg>
</sense></hom>
<hom role=""v""><pos>v</pos>
<sense n=""0""> <itype>[B; b6]</itype><trans> </trans>
</sense>
<sense n=""1""><number>1</number><trans> for the voice to become flat. </trans>
</sense></hom></entry>
<entry><form id=""lanay_ug_sinultihan"" lang=""ceb""><abbr expan=""lanay"">—</abbr> ug sinultihan</form>
<hom role=""a""><pos>a</pos>
<sense n=""0""><trans> way of speaking characterized by a slow and slurring intonation, not brisk. </trans>
</sense></hom>
<hom role=""v""><pos>v</pos>
<sense n=""0""> <itype>[B]</itype><trans> for the manner of speaking to be slow and slurring in intonation.
</trans>
</sense></hom></entry></entry>");
INSERT INTO `wced_head` (entryid, head, normalized_head, type, pos) VALUES (10763, "lánay", "lanay", "m", "v");
INSERT INTO `wced_head` (entryid, head, normalized_head, type, pos) VALUES (10763, "lánay ang atay", "lanay ang atay", "s", "");
INSERT INTO `wced_head` (entryid, head, normalized_head, type, pos) VALUES (10763, "lanay", "lanay", "s", "av");
INSERT INTO `wced_head` (entryid, head, normalized_head, type, pos) VALUES (10763, "lanay ug tíngug", "lanay ug tingug", "s", "");
INSERT INTO `wced_head` (entryid, head, normalized_head, type, pos) VALUES (10763, "lanay ug sinultihan", "lanay ug sinultihan", "s", "av");
INSERT INTO `wced_translation` (entryid, translation) VALUES (10763, "melt");
INSERT INTO `wced_translation` (entryid, translation) VALUES (10763, "become soft");
INSERT INTO `wced_translation` (entryid, translation) VALUES (10763, "soft");
INSERT INTO `wced_entry` VALUES (10764, "landa", "573", "<entry page=""573"" id=""10764""><form id=""landa"" lang=""ceb"">landa</form>
<hom role=""v""><pos>v</pos>
<sense n=""0""> <itype>[A; a]</itype><trans> put copra in a tray to dry. </trans>
<eg><i lang=""ceb"">Ákù lang landahun ang kupras kay wà may ínit,</i><trans> I’ll just dry the copra in a tray (and <pb n=""574""/>put it in a kiln) because there’s no sun. </trans></eg>
</sense></hom>
<entry><form id=""landahan_landaxhan"" lang=""ceb"">landahan, landáhan</form>
<hom role=""n""><pos>n</pos>
<sense n=""1""><number>1</number><trans> tray for drying copra. </trans>
</sense>
<sense n=""2""><number>2</number><trans> kiln where copra is dried.
</trans>
</sense></hom></entry></entry>");
INSERT INTO `wced_head` (entryid, head, normalized_head, type, pos) VALUES (10764, "landa", "landa", "m", "v");
INSERT INTO `wced_head` (entryid, head, normalized_head, type, pos) VALUES (10764, "landahan", "landahan", "s", "n");
INSERT INTO `wced_head` (entryid, head, normalized_head, type, pos) VALUES (10764, "landáhan", "landahan", "s", "n");
INSERT INTO `wced_entry` VALUES (10765, "landag1", "574", "<entry page=""574"" id=""10765""><form id=""landag"" lang=""ceb"">landag<sub>1</sub></form>
<hom role=""v""><pos>v</pos>
<sense n=""1""><number>1</number> <itype>[A; a2]</itype><trans> cook eggs by boiling. </trans>
<eg><i lang=""ceb"">Ayaw ug landága ang mga itlug kay papusaun,</i><trans> Don’t boil the eggs because we are going to let them hatch. </trans></eg>
</sense>
<sense n=""2""><number>2</number><trans> broil bananas or tubers that have been peeled, usually leftover. </trans>
<eg><i lang=""ceb"">Landágun nátù ang báhaw nga kamúti ugmà puhun,</i><trans> We’ll broil the leftover sweet potatoes tomorrow. </trans></eg>
</sense></hom>
<entry><form id=""linandag"" lang=""ceb""><abbr expan=""linandag"">-in-</abbr></form>
<hom role=""n""><pos>n</pos>
<sense n=""0""><trans> <tr>hard-boiled eggs</tr>.
</trans>
</sense></hom></entry></entry>");
INSERT INTO `wced_head` (entryid, head, normalized_head, type, pos) VALUES (10765, "landag", "landag", "s", "v");
INSERT INTO `wced_head` (entryid, head, normalized_head, type, pos) VALUES (10765, "linandag", "linandag", "s", "n");
INSERT INTO `wced_translation` (entryid, translation) VALUES (10765, "hard-boiled eggs");
INSERT INTO `wced_entry` VALUES (10766, "landag2", "574", "<entry page=""574"" id=""10766""><form id=""landag2"" lang=""ceb"">landag<sub>2</sub></form>
<hom>
<sense n=""0""><trans> <xr lang=""ceb"" target=""#lamdag"">= <sc>lamdag</sc>.</xr>
</trans>
</sense></hom></entry>");
INSERT INTO `wced_head` (entryid, head, normalized_head, type, pos) VALUES (10766, "landag", "landag", "s", "");
INSERT INTO `wced_entry` VALUES (10767, "landang", "574", "<entry page=""574"" id=""10767""><form id=""landang"" lang=""ceb"">landang</form>
<hom role=""n""><pos>n</pos>
<sense n=""1""><number>1</number><trans> a powdered buri palm starch. </trans>
</sense>
<sense n=""2""><number>2</number><trans> sweet preparation made of buri palm starch, sugar, juice of coconut meat to which fruit may optionally be added. </trans>
</sense></hom>
<hom role=""v""><pos>v</pos>
<sense n=""0""> <itype>[A; a2]</itype><trans> make the dish called <ix>landang</ix>.
</trans>
</sense></hom></entry>");
INSERT INTO `wced_head` (entryid, head, normalized_head, type, pos) VALUES (10767, "landang", "landang", "m", "nv");
INSERT INTO `wced_entry` VALUES (10768, "landasan", "574", "<entry page=""574"" id=""10768""><form id=""landasan"" lang=""ceb"">landasan</form>
<hom role=""n""><pos>n</pos>
<sense n=""0""><trans> anvil.
</trans>
</sense></hom></entry>");
INSERT INTO `wced_head` (entryid, head, normalized_head, type, pos) VALUES (10768, "landasan", "landasan", "m", "n");
INSERT INTO `wced_entry` VALUES (10769, "landay1", "574", "<entry page=""574"" id=""10769""><form id=""landay"" lang=""ceb"">landay<sub>1</sub></form>
<hom role=""a""><pos>a</pos>
<sense n=""0""><trans> for female humans or mammals to <tr>be sterile</tr>. </trans>
</sense></hom>
<hom role=""v""><pos>v</pos>
<sense n=""0""> <itype>[B1]</itype><trans> be, become <tr>sterile</tr>. </trans>
<eg><i lang=""ceb"">Ságad sa masakitung babáyi malanday,</i><trans> Most sickly women tend to be sterile.
</trans></eg>
</sense></hom></entry>");
INSERT INTO `wced_head` (entryid, head, normalized_head, type, pos) VALUES (10769, "landay", "landay", "s", "av");
INSERT INTO `wced_translation` (entryid, translation) VALUES (10769, "be sterile");
INSERT INTO `wced_translation` (entryid, translation) VALUES (10769, "sterile");
INSERT INTO `wced_entry` VALUES (10770, "landay2", "574", "<entry page=""574"" id=""10770""><form id=""landay2"" lang=""ceb"">landay<sub>2</sub></form>
<hom role=""n""><pos>n</pos>
<sense n=""0""><trans> a sack that holds more than twenty-five gantas and is of a strong material, designed esp. for holding heavy contents. </trans>
<eg><i lang=""ceb"">Usa ka landayng kupras,</i><trans> A large sackful of copra.
</trans></eg>
</sense></hom></entry>");
INSERT INTO `wced_head` (entryid, head, normalized_head, type, pos) VALUES (10770, "landay", "landay", "s", "n");
INSERT INTO `wced_entry` VALUES (10771, "landig", "574", "<entry page=""574"" id=""10771""><form id=""landig"" lang=""ceb"">landig</form>
<hom role=""v""><pos>v</pos>
<sense n=""1""><number>1</number> <itype>[A; c]</itype><trans> for boats or airplanes to land. </trans>
<eg><i lang=""ceb"">Ang idru mulandig sa Masbáti,</i><trans> The plane will land on Masbate. </trans></eg>
</sense>
<sense n=""2""><number>2</number> <itype>[B256]</itype><trans> come to rest after falling. </trans>
<eg><i lang=""ceb"">Didtu mulandig (malandig) ang awtu sa sapà pagkatambug sa pangpang,</i><trans> The car fell off the cliff and landed in the stream. †
</trans></eg>
</sense></hom></entry>");
INSERT INTO `wced_head` (entryid, head, normalized_head, type, pos) VALUES (10771, "landig", "landig", "m", "v");
INSERT INTO `wced_entry` VALUES (10772, "landing", "574", "<entry page=""574"" id=""10772""><form id=""landing"" lang=""ceb"">landing</form>
<hom role=""n""><pos>n</pos>
<sense n=""0""><trans> <tr>airfield</tr>, <tr>airport</tr>. </trans>
</sense></hom>
<hom role=""v""><pos>v</pos>
<sense n=""0""> <itype>[A; c]</itype><trans> </trans>
</sense>
<sense n=""1""><number>1</number><trans> for airplanes to land. </trans>
<eg><i lang=""ceb"">Gilanding ang idru sa dáru,</i><trans> The plane landed on the plowed field. </trans></eg>
</sense>
<sense n=""2""><number>2</number><trans> for invasion forces to land. </trans>
<eg><i lang=""ceb"">Ang pwirsa sa mga Amirkánu milanding sa Layti,</i><trans> The American forces landed on Leyte. </trans></eg>
</sense></hom>
<entry><form id=""landing_bards"" lang=""ceb""><abbr expan=""landing"">—</abbr> bards</form>
<hom>
<sense n=""0""><trans> <tr>landing barge</tr>. </trans>
</sense></hom>
<hom role=""v""><pos>v</pos>
<sense n=""0""> <itype>[A13]</itype><trans> go by landing barge. </trans>
</sense></hom></entry>
<entry><form id=""landing_pild"" lang=""ceb""><abbr expan=""landing"">—</abbr> pild</form>
<hom role=""n""><pos>n</pos>
<sense n=""0""><trans> <tr>airfield</tr>.
</trans>
</sense></hom></entry></entry>");
INSERT INTO `wced_head` (entryid, head, normalized_head, type, pos) VALUES (10772, "landing", "landing", "m", "nv");
INSERT INTO `wced_head` (entryid, head, normalized_head, type, pos) VALUES (10772, "landing bards", "landing bards", "s", "v");
INSERT INTO `wced_head` (entryid, head, normalized_head, type, pos) VALUES (10772, "landing pild", "landing pild", "s", "n");
INSERT INTO `wced_translation` (entryid, translation) VALUES (10772, "airfield");
INSERT INTO `wced_translation` (entryid, translation) VALUES (10772, "airport");
INSERT INTO `wced_translation` (entryid, translation) VALUES (10772, "landing barge");
INSERT INTO `wced_entry` VALUES (10773, "*landrakas", "574", "<entry page=""574"" id=""10773""><form id=""xxlandraxkas"" lang=""ceb"">*landrákas</form>
<hom>
<sense n=""0""><trans> <ix>see</ix> <xr lang=""ceb"" target=""#kalandraxkas""><sc>kalandrákas</sc>.</xr>
</trans>
</sense></hom></entry>");
INSERT INTO `wced_head` (entryid, head, normalized_head, type, pos) VALUES (10773, "landrákas", "landrakas", "s", "");
INSERT INTO `wced_entry` VALUES (10774, "landung", "574", "<entry page=""574"" id=""10774""><form id=""landung"" lang=""ceb"">landung</form>
<hom role=""n""><pos>n</pos>
<sense n=""1""><number>1</number><trans> <tr>image</tr>, <tr>replica</tr>. </trans>
<eg><i lang=""ceb"">Daw landung sa kamatáyun ang íyang panagway,</i><trans> Her face is a picture of death. </trans></eg>
<eg><i lang=""ceb"">Landung giyud siya sa íyang inahan,</i><trans> She is the image of her mother. </trans></eg>
</sense>
<sense n=""2""><number>2</number><trans> <tr>shade</tr>, <tr>shadow</tr>. </trans>
<eg><i lang=""ceb"">Ang purma sa káhuy mailhan sa íyang landung,</i><trans> You can tell what a tree looks like just from the shadow. </trans></eg>
</sense></hom>
<hom role=""a""><pos>a</pos>
<sense n=""0""><trans> shady. </trans>
<eg><i lang=""ceb"">Landung kaáyu sa kalubihan,</i><trans> It is nice and shady in the coconut grove. </trans></eg>
</sense></hom>
<hom role=""v""><pos>v</pos>
<sense n=""1""><number>1</number> <itype>[B46]</itype><trans> for an image to form itself, come into the mind. </trans>
<eg><i lang=""ceb"">Walà mulandung sa ákung kaisípan nga mau kiniy mahitabù,</i><trans> It never occurred to me that this is what would happen. </trans></eg>
</sense>
<sense n=""2""><number>2</number> <itype>[A1B; b2]</itype><trans> be, become shady, overcast; cause to become so. </trans>
<eg><i lang=""ceb"">Ang akasya nga naglandung sa nátad,</i><trans> The acacia tree that shaded the yard. </trans></eg>
<eg><i lang=""ceb"">Naglandung ang kalibútan kay bagà ang pangánud,</i><trans> The world is overcast because there is a thick cloud covering. </trans></eg>
<eg><i lang=""ceb"">Hinglandungan ang misítas sa lubi,</i><trans> The ornamental plant is in the shade of the coconut tree. </trans></eg>
</sense></hom>
<entry><form id=""palandung"" lang=""ceb""><abbr expan=""palandung"">pa-</abbr></form>
<hom role=""v""><pos>v</pos>
<sense n=""0""> <itype>[AN; b5]</itype><trans> </trans>
</sense>
<sense n=""1""><number>1</number><trans> <tr>think</tr>, <tr>ponder</tr>. </trans>
<eg><i lang=""ceb"">Nagpalandung ku sa unsay mahitabù nákù,</i><trans> I am pondering over what will happen to me. </trans></eg>
<eg><i lang=""ceb"">Ang átung pagpamalandung gikutlù gíkan sa salmus,</i><trans> Our meditation is taken from the Psalms. </trans></eg>
</sense>
<sense n=""1a""><number>1a</number> <form id=""walaq_dixliq_palandung"" lang=""ceb"">walà, dílì <abbr expan=""palandung"">—</abbr></form><trans> </trans>
</sense></hom>
<hom role=""v""><pos>v</pos>
<sense n=""1""><number>1</number> <itype>[A13; a12]</itype><trans> not expect s.t. to happen. </trans>
<eg><i lang=""ceb"">Wà palandúnga sa tanan nga madátù ka,</i><trans> Nobody thought you’d get rich. </trans></eg>
</sense>
<sense n=""2""><number>2</number> <itype>[A; b(1)]</itype><trans> put or go to the shade. </trans>
<eg><i lang=""ceb"">Palandúngi (palandungi) ang kábaw kay ínit na ang adlaw,</i><trans> Put the carabao in the shade because the sun is hot now.
</trans></eg>
</sense></hom></entry></entry>");
INSERT INTO `wced_head` (entryid, head, normalized_head, type, pos) VALUES (10774, "landung", "landung", "m", "nav");
INSERT INTO `wced_head` (entryid, head, normalized_head, type, pos) VALUES (10774, "palandung", "palandung", "s", "vv");
INSERT INTO `wced_head` (entryid, head, normalized_head, type, pos) VALUES (10774, "walà", "wala", "s", "");
INSERT INTO `wced_head` (entryid, head, normalized_head, type, pos) VALUES (10774, "dílì palandung", "dili palandung", "s", "");
INSERT INTO `wced_translation` (entryid, translation) VALUES (10774, "image");
INSERT INTO `wced_translation` (entryid, translation) VALUES (10774, "replica");
INSERT INTO `wced_translation` (entryid, translation) VALUES (10774, "shade");
INSERT INTO `wced_translation` (entryid, translation) VALUES (10774, "shadow");
INSERT INTO `wced_translation` (entryid, translation) VALUES (10774, "think");
INSERT INTO `wced_translation` (entryid, translation) VALUES (10774, "ponder");
INSERT INTO `wced_entry` VALUES (10775, "landuylanduy", "574", "<entry page=""574"" id=""10775""><form id=""landuylanduy"" lang=""ceb"">landuylanduy</form>
<hom role=""v""><pos>v</pos>
<sense n=""0""> <itype>[A; be]</itype><trans> gallivant about, bum around (instead of doing s.t. one should be doing) </trans>
<eg><i lang=""ceb"">Maglanduylanduy lang ku kay wà kuy trabáhu,</i><trans> I’m just bumming around because I have no work. </trans></eg>
<eg><i lang=""ceb"">Ayawg landuylandúyi (ilanduylanduy) ang ímung pagtuun,</i><trans> Don’t spend the time you’re supposed to be studying in roaming about.
</trans></eg>
</sense></hom></entry>");
INSERT INTO `wced_head` (entryid, head, normalized_head, type, pos) VALUES (10775, "landuylanduy", "landuylanduy", "m", "v");
INSERT INTO `wced_entry` VALUES (10776, "lang", "574", "<entry page=""574"" id=""10776""><form id=""lang"" lang=""ceb"">lang</form>
<hom>
<sense n=""0""><trans> <xr lang=""ceb"" target=""#laxmang"">= <sc>lámang</sc>.</xr>
</trans>
</sense></hom></entry>");
INSERT INTO `wced_head` (entryid, head, normalized_head, type, pos) VALUES (10776, "lang", "lang", "m", "");
INSERT INTO `wced_entry` VALUES (10777, "langab", "574", "<entry page=""574"" id=""10777""><form id=""laxngab"" lang=""ceb"">lángab</form>
<hom role=""v""><pos>v</pos>
<sense n=""1""><number>1</number> <itype>[a12]</itype><trans> do all of a set portion of work. </trans>
<eg><i lang=""ceb"">Langába ug sanggì ang tibuuk maisan,</i><trans> Harvest the entire cornfield. </trans></eg>
<eg><i lang=""ceb"">Langábun ku pagpintal ang usa ka bungbung úsà ku musúgud ug láin,</i><trans> I’ll paint one whole wall before I start the next. </trans></eg>
</sense>
<sense n=""2""><number>2</number> <itype>[A12; a12]</itype><trans> inadvertently work on an area assigned to s.o. else. </trans>
<eg><i lang=""ceb"">Nalángab ug dáru sa sinuhúlan ang nasikbit nga uma,</i><trans> The hired hand inadvertently plowed the adjacent farm as well.
</trans></eg>
</sense></hom></entry>");
INSERT INTO `wced_head` (entryid, head, normalized_head, type, pos) VALUES (10777, "lángab", "langab", "m", "v");
INSERT INTO `wced_entry` VALUES (10778, "langan", "574", "<entry page=""574"" id=""10778""><form id=""laxngan"" lang=""ceb"">lángan</form>
<hom role=""v""><pos>v</pos>
<sense n=""1""><number>1</number> <itype>[A3P; a2b3]</itype><trans> <tr>delay</tr>, <tr>waste time</tr>. </trans>
<eg><i lang=""ceb"">Naglángan ka sa ámung byáhi,</i><trans> You are delaying our trip. </trans></eg>
</sense>
<sense n=""2""><number>2</number> <itype>[A13; b(1)]</itype><trans> spend or waste time, effort doing s.t. </trans>
<eg><i lang=""ceb"">Naglángan ka lang ug limpiyu ánang kahun,</i><trans> You are just wasting your time cleaning that box. </trans></eg>
</sense></hom>
<hom role=""n""><pos>n</pos>
<sense n=""0""><trans> delay. </trans>
<eg><i lang=""ceb"">Sa walay lángan miadtu dáyun siya sa prisidinti,</i><trans> Without delay he went at once to the President. </trans></eg>
</sense></hom>
<hom role=""a""><pos>a</pos>
<sense n=""0""><trans> wasteful of time. </trans>
<eg><i lang=""ceb"">Lángan (langan) kaáyu ning paagíha,</i><trans> This procedure is very wasteful of time. </trans></eg>
</sense></hom>
<entry><form id=""langan"" lang=""ceb""><abbr expan=""langan"">(→)</abbr></form>
<hom>
<sense n=""0""><trans> <xr lang=""ceb"" target=""#laxngan"">= <sc>lángan</sc>.</xr> </trans>
</sense></hom></entry>
<entry><form id=""langanan"" lang=""ceb""><abbr expan=""langanan"">-an(→)</abbr></form>
<hom role=""a""><pos>a</pos>
<sense n=""0""><trans> taking a long time. </trans>
<eg><i lang=""ceb"">Langanan kaáyu siyang sugúun,</i><trans> He takes his sweet time about it when you tell him to go s.w. </trans></eg>
</sense></hom></entry>
<entry><form id=""kalaxngan"" lang=""ceb""><abbr expan=""kalángan"">ka-</abbr></form>
<hom role=""n""><pos>n</pos>
<sense n=""0""><trans> delay, waste of time. </trans>
<eg><i lang=""ceb"">Ang kalángan nákù dílì kabayran ug sápì,</i><trans> Money cannot make up for the delay I suffered. </trans></eg>
</sense></hom></entry>
<entry><form id=""malanganun"" lang=""ceb""><abbr expan=""malanganun"">ma-un</abbr></form>
<hom role=""a""><pos>a</pos>
<sense n=""0""><trans> wasteful of time.
</trans>
</sense></hom></entry></entry>");
INSERT INTO `wced_head` (entryid, head, normalized_head, type, pos) VALUES (10778, "lángan", "langan", "m", "vna");
INSERT INTO `wced_head` (entryid, head, normalized_head, type, pos) VALUES (10778, "langan", "langan", "s", "");
INSERT INTO `wced_head` (entryid, head, normalized_head, type, pos) VALUES (10778, "langanan", "langanan", "s", "a");
INSERT INTO `wced_head` (entryid, head, normalized_head, type, pos) VALUES (10778, "kalángan", "kalangan", "s", "n");
INSERT INTO `wced_head` (entryid, head, normalized_head, type, pos) VALUES (10778, "malanganun", "malanganun", "s", "a");
INSERT INTO `wced_translation` (entryid, translation) VALUES (10778, "delay");
INSERT INTO `wced_translation` (entryid, translation) VALUES (10778, "waste time");
INSERT INTO `wced_entry` VALUES (10779, "langas", "574", "<entry page=""574"" id=""10779""><form id=""langas"" lang=""ceb"">langas</form>
<hom role=""a""><pos>a</pos>
<sense n=""1""><number>1</number><trans> <tr>noisy</tr>. </trans>
<eg><i lang=""ceb"">Langas kaáyu ka nga magtuun,</i><trans> You are very noisy when you study. </trans></eg>
</sense>
<sense n=""2""><number>2</number><trans> moving about a lot, engaging in horseplay. <pb n=""575""/></trans>
<eg><i lang=""ceb"">Langas kaáyung ikadúlug,</i><trans> He’ll bother you a lot if you sleep with him because he tosses and turns. </trans></eg>
</sense></hom>
<hom role=""v""><pos>v</pos>
<sense n=""1""><number>1</number> <itype>[A; b6]</itype><trans> make noise. </trans>
<eg><i lang=""ceb"">Dílì mu maglangas kay matúlug ku,</i><trans> You should not make noise because I’m going to bed. </trans></eg>
</sense>
<sense n=""1a""><number>1a</number> <itype>[A3]</itype><trans> breathe a word. </trans>
<eg><i lang=""ceb"">Dílì ka maglangas kang bísan kinsa sa ímung nakit-an,</i><trans> Don’t you tell anyone what you saw. </trans></eg>
</sense>
<sense n=""1b""><number>1b</number><trans> shut up! </trans>
<eg><i lang=""ceb"">Langas! Naglamlam ka lang!</i><trans> Shut up. You are talking nonsense! </trans></eg>
</sense>
<sense n=""2""><number>2</number> <itype>[A]</itype><trans> moving about, not keeping still. </trans>
<eg><i lang=""ceb"">Langas! Ayaw paghikaphíkap,</i><trans> Hold still. Keep your paws to yourself. </trans></eg>
</sense>
<sense n=""3""><number>3</number> <itype>[A]</itype><trans> make a fuss about s.t. </trans>
<eg><i lang=""ceb"">Mulangas man ku ug dílì bahínan,</i><trans> I will make a fuss if you do not give me a share. </trans></eg>
</sense></hom>
<hom role=""n""><pos>n</pos>
<sense n=""1""><number>1</number><trans> <tr>noise</tr>. </trans>
</sense>
<sense n=""2""><number>2</number><trans> fuss, ado. </trans>
<eg><i lang=""ceb"">Mitrabáhu dáyun sa walay daghan nga langas,</i><trans> He went to work without much ado. </trans></eg>
</sense></hom>
<entry><form id=""langasan"" lang=""ceb""><abbr expan=""langasan"">-an</abbr></form>
<hom role=""a""><pos>a</pos>
<sense n=""0""><trans> noisy, engaging in horseplay. </trans>
<eg><i lang=""ceb"">Kadtung langasan kaáyu dílì dad-un sa sini,</i><trans> Those of you who don’t keep still will not get to go to the show.
</trans></eg>
</sense></hom></entry></entry>");
INSERT INTO `wced_head` (entryid, head, normalized_head, type, pos) VALUES (10779, "langas", "langas", "m", "avn");
INSERT INTO `wced_head` (entryid, head, normalized_head, type, pos) VALUES (10779, "langasan", "langasan", "s", "a");
INSERT INTO `wced_translation` (entryid, translation) VALUES (10779, "noisy");
INSERT INTO `wced_translation` (entryid, translation) VALUES (10779, "noise");
INSERT INTO `wced_entry` VALUES (10780, "langatad", "575", "<entry page=""575"" id=""10780""><form id=""langaxtad"" lang=""ceb"">langátad</form>
<hom>
<sense n=""0""><trans> <xr lang=""ceb"" target=""#lanaxtad"">= <sc>lanátad</sc>.</xr>
</trans>
</sense></hom></entry>");
INSERT INTO `wced_head` (entryid, head, normalized_head, type, pos) VALUES (10780, "langátad", "langatad", "m", "");
INSERT INTO `wced_entry` VALUES (10781, "langaw", "575", "<entry page=""575"" id=""10781""><form id=""laxngaw"" lang=""ceb"">lángaw</form>
<hom role=""n""><pos>n</pos>
<sense n=""0""><trans> <tr>housefly</tr>. </trans>
</sense></hom>
<hom role=""v""><pos>v</pos></hom>
<entry><form id=""langaw"" lang=""ceb""><abbr expan=""langaw"">(→)</abbr></form>
<hom>
<sense n=""0""> <itype>[a4]</itype><trans> </trans>
</sense>
<sense n=""1""><number>1</number><trans> be infested, swarm with flies. </trans>
<eg><i lang=""ceb"">Langawun ang pagkáun,</i><trans> The food will be swarming with flies. </trans></eg>
</sense>
<sense n=""2""><number>2</number><trans> get tired waiting. </trans>
<eg><i lang=""ceb"">Dúgay kaáyu siya nga mag-ílis, langawun ka ug pinaábut,</i><trans> It takes her a long time to dress up. You will get tired waiting. </trans></eg>
</sense>
<sense n=""3""><number>3</number><trans> do not sell, sell little. </trans>
<eg><i lang=""ceb"">Gilangaw ang íyang tinda, way hálin,</i><trans> Her store did poorly—she had no sale. </trans></eg>
</sense></hom></entry>
<entry><form id=""palangaw"" lang=""ceb""><abbr expan=""palangaw"">pa-</abbr></form>
<hom role=""v""><pos>v</pos>
<sense n=""0""> <itype>[A12]</itype><trans> attract flies. </trans>
<eg><i lang=""ceb"">Ang pálut sa mangga makapalangaw,</i><trans> Mango peelings attract flies. </trans></eg>
</sense></hom></entry>
<entry><form id=""ambut_sa_laxngaw"" lang=""ceb"">ambut sa <abbr expan=""lángaw"">—</abbr></form>
<hom>
<sense n=""0""><trans> search me, I don’t know (and I don’t care much). </trans>
</sense></hom></entry>
<entry><form id=""langawlangaw"" lang=""ceb"">langawlangaw</form>
<hom>
<sense n=""0""><trans> <xr lang=""ceb"" target=""#abungaw"">= <sc>abungaw<sub>1</sub></sc>.</xr>
</trans>
</sense></hom></entry></entry>");
INSERT INTO `wced_head` (entryid, head, normalized_head, type, pos) VALUES (10781, "lángaw", "langaw", "m", "nv");
INSERT INTO `wced_head` (entryid, head, normalized_head, type, pos) VALUES (10781, "langaw", "langaw", "s", "");
INSERT INTO `wced_head` (entryid, head, normalized_head, type, pos) VALUES (10781, "palangaw", "palangaw", "s", "v");
INSERT INTO `wced_head` (entryid, head, normalized_head, type, pos) VALUES (10781, "ambut sa lángaw", "ambut sa langaw", "s", "");
INSERT INTO `wced_head` (entryid, head, normalized_head, type, pos) VALUES (10781, "langawlangaw", "langawlangaw", "s", "");
INSERT INTO `wced_translation` (entryid, translation) VALUES (10781, "housefly");
INSERT INTO `wced_entry` VALUES (10782, "langay", "575", "<entry page=""575"" id=""10782""><form id=""laxngay"" lang=""ceb"">lángay</form>
<hom role=""a""><pos>a</pos>
<sense n=""0""><trans> wasteful of time<corr>.</corr> </trans>
<eg><i lang=""ceb"">Lángay ka kaáyu sa pagkalígù,</i><trans> You take your sweet time about taking a bath, don’t you? </trans></eg>
</sense></hom>
<hom role=""v""><pos>v</pos>
<sense n=""1""><number>1</number> <itype>[A13]</itype><trans> waste time. </trans>
<eg><i lang=""ceb"">Naglángay ka lang kay dílì nà musalir,</i><trans> You are wasting time because that won’t do. </trans></eg>
</sense>
<sense n=""2""><number>2</number> <itype>[A13; a12]</itype><trans> cause delay. </trans>
<eg><i lang=""ceb"">Naglángay ka sa ámung trabáhu.</i><trans> You’re holding up our work. </trans></eg>
<eg><i lang=""ceb"">Dílì mistil langáyun ang kasal bisan ug wà pa dinhi ang amahan,</i><trans> You do not have to hold up the wedding just because the father is not here yet. </trans></eg>
</sense></hom>
<entry><form id=""langayan"" lang=""ceb""><abbr expan=""langayan"">-an(→)</abbr></form>
<hom role=""a""><pos>a</pos>
<sense n=""0""><trans> always dilly-dallying.
</trans>
</sense></hom></entry></entry>");
INSERT INTO `wced_head` (entryid, head, normalized_head, type, pos) VALUES (10782, "lángay", "langay", "m", "av");
INSERT INTO `wced_head` (entryid, head, normalized_head, type, pos) VALUES (10782, "langayan", "langayan", "s", "a");
INSERT INTO `wced_entry` VALUES (10783, "langaya", "575", "<entry page=""575"" id=""10783""><form id=""langayaq"" lang=""ceb"">langayà</form>
<hom>
<sense n=""0""><trans> <xr lang=""ceb"" target=""#langayan"">= <sc>langayan</sc>.</xr> <ix>see</ix> <xr lang=""ceb"" target=""#laxngay""><sc>lángay</sc>.</xr>
</trans>
</sense></hom></entry>");
INSERT INTO `wced_head` (entryid, head, normalized_head, type, pos) VALUES (10783, "langayà", "langaya", "m", "");
INSERT INTO `wced_entry` VALUES (10784, "langbay", "575", "<entry page=""575"" id=""10784""><form id=""langbay"" lang=""ceb"">langbay</form>
<hom role=""n""><pos>n</pos>
<sense n=""0""><trans> edible swimming <tr>crabs</tr>, found in shallow and deep waters, rather similar in shape and flavor to the blue crabs sold in the States. They differ from other crabs in that the shell has two sharp points on the sides, both claws are the same size and only slightly larger than the other limbs. Deep-sea specimens may grow as big as <measure reg=""30 cm"">a foot</measure> across. </trans>
</sense></hom>
<entry><form id=""panglangbay"" lang=""ceb""><abbr expan=""panglangbay"">paN-</abbr></form>
<hom role=""v""><pos>v</pos>
<sense n=""0""> <itype>[A2; b6]</itype><trans> catch this sort of crab. </trans>
</sense></hom></entry>
<entry><form id=""langbaxyan_panglangbaxyan"" lang=""ceb""><abbr expan=""langbáyan"">-an</abbr>, <abbr expan=""panglangbáyan"">paN-an</abbr></form>
<hom role=""n""><pos>n</pos>
<sense n=""0""><trans> place where these crabs are found.
</trans>
</sense></hom></entry></entry>");
INSERT INTO `wced_head` (entryid, head, normalized_head, type, pos) VALUES (10784, "langbay", "langbay", "m", "n");
INSERT INTO `wced_head` (entryid, head, normalized_head, type, pos) VALUES (10784, "panglangbay", "panglangbay", "s", "v");
INSERT INTO `wced_head` (entryid, head, normalized_head, type, pos) VALUES (10784, "langbáyan", "langbayan", "s", "n");
INSERT INTO `wced_head` (entryid, head, normalized_head, type, pos) VALUES (10784, "panglangbáyan", "panglangbayan", "s", "n");
INSERT INTO `wced_translation` (entryid, translation) VALUES (10784, "crabs");
INSERT INTO `wced_entry` VALUES (10785, "langbi", "575", "<entry page=""575"" id=""10785""><form id=""langbiq"" lang=""ceb"">langbì</form>
<hom>
<sense n=""0""><trans> <xr lang=""ceb"" target=""#lambiq"">= <sc>lambì</sc>.</xr>
</trans>
</sense></hom></entry>");
INSERT INTO `wced_head` (entryid, head, normalized_head, type, pos) VALUES (10785, "langbì", "langbi", "m", "");
INSERT INTO `wced_entry` VALUES (10786, "langbu", "575", "<entry page=""575"" id=""10786""><form id=""langbuq"" lang=""ceb"">langbù</form>
<hom>
<sense n=""0""><trans> <xr lang=""ceb"" target=""#lambuq"">= <sc>lambù</sc>.</xr>
</trans>
</sense></hom></entry>");
INSERT INTO `wced_head` (entryid, head, normalized_head, type, pos) VALUES (10786, "langbù", "langbu", "m", "");
INSERT INTO `wced_entry` VALUES (10787, "langbud", "575", "<entry page=""575"" id=""10787""><form id=""langbud"" lang=""ceb"">langbud</form>
<hom>
<sense n=""0""><trans> <xr lang=""ceb"" target=""#lambud"">= <sc>lambud</sc>.</xr>
</trans>
</sense></hom></entry>");
INSERT INTO `wced_head` (entryid, head, normalized_head, type, pos) VALUES (10787, "langbud", "langbud", "m", "");
INSERT INTO `wced_entry` VALUES (10788, "langday", "575", "<entry page=""575"" id=""10788""><form id=""langday"" lang=""ceb"">langday</form>
<hom>
<sense n=""0""><trans> <xr lang=""ceb"" target=""#landay"">= <sc>landay</sc>, <ix>1</ix>, <ix>2</ix>.</xr>
</trans>
</sense></hom></entry>");
INSERT INTO `wced_head` (entryid, head, normalized_head, type, pos) VALUES (10788, "langday", "langday", "m", "");
INSERT INTO `wced_entry` VALUES (10789, "langga", "575", "<entry page=""575"" id=""10789""><form id=""langgaq"" lang=""ceb"">langgà</form>
<hom>
<sense n=""0""><trans> <ix>short for</ix> <xr lang=""ceb"" target=""#palangga""><sc>palangga</sc>.</xr>
</trans>
</sense></hom></entry>");
INSERT INTO `wced_head` (entryid, head, normalized_head, type, pos) VALUES (10789, "langgà", "langga", "m", "");
INSERT INTO `wced_entry` VALUES (10790, "langgam", "575", "<entry page=""575"" id=""10790""><form id=""langgam"" lang=""ceb"">langgam</form>
<hom role=""n""><pos>n</pos>
<sense n=""0""><trans> <tr>bird</tr>. </trans>
</sense></hom>
<entry><form id=""panglanggam"" lang=""ceb""><abbr expan=""panglanggam"">-an(→)</abbr></form>
<hom role=""n""><pos>n</pos>
<sense n=""0""><trans> a small instrument used to cut rice panicles during the harvest. </trans>
</sense></hom></entry>
<entry><form id=""langgaxmun"" lang=""ceb""><abbr expan=""langgámun"">-un</abbr></form>
<hom role=""a""><pos>a</pos>
<sense n=""0""><trans> <tr>bird-like</tr>. </trans>
<eg><i lang=""ceb"">Ang íyang sunuy mu rag dílì igtalarì kay langgámun kaáyu ug hitsúra,</i><trans> His rooster doesn’t look like a fighting cock because it has a bird-like appearance.
</trans></eg>
</sense></hom></entry></entry>");
INSERT INTO `wced_head` (entryid, head, normalized_head, type, pos) VALUES (10790, "langgam", "langgam", "m", "n");
INSERT INTO `wced_head` (entryid, head, normalized_head, type, pos) VALUES (10790, "panglanggam", "panglanggam", "s", "n");
INSERT INTO `wced_head` (entryid, head, normalized_head, type, pos) VALUES (10790, "langgámun", "langgamun", "s", "a");
INSERT INTO `wced_translation` (entryid, translation) VALUES (10790, "bird");
INSERT INTO `wced_translation` (entryid, translation) VALUES (10790, "bird-like");
INSERT INTO `wced_entry` VALUES (10791, "langgaw1", "575", "<entry page=""575"" id=""10791""><form id=""langgaw"" lang=""ceb"">langgaw<sub>1</sub></form>
<hom role=""a""><pos>a</pos>
<sense n=""0""><trans> <tr>lukewarm</tr>. </trans>
</sense></hom>
<hom role=""v""><pos>v</pos>
<sense n=""0""> <itype>[AB2; c1]</itype><trans> be, become lukewarm, cause s.t. to become so. </trans>
<eg><i lang=""ceb"">Malanggaw (mulanggaw) ang tubà ug hiinitan,</i><trans> The palm toddy will become lukewarm if you leave it under the sun. </trans></eg>
<eg><i lang=""ceb"">Naglanggaw siyag túbig pára ikalígù nákù,</i><trans> She’s heating water for my bath.
</trans></eg>
</sense></hom></entry>");
INSERT INTO `wced_head` (entryid, head, normalized_head, type, pos) VALUES (10791, "langgaw", "langgaw", "s", "av");
INSERT INTO `wced_translation` (entryid, translation) VALUES (10791, "lukewarm");
INSERT INTO `wced_entry` VALUES (10792, "langgaw2", "575", "<entry page=""575"" id=""10792""><form id=""langgaw2"" lang=""ceb"">langgaw<sub>2</sub></form>
<hom role=""n""><pos>n</pos>
<sense n=""0""><trans> <tr>vinegar</tr>. </trans>
</sense></hom>
<hom role=""v""><pos>v</pos>
<sense n=""0""> <itype>[A13; a12]</itype><trans> make, make into vinegar.
</trans>
</sense></hom></entry>");
INSERT INTO `wced_head` (entryid, head, normalized_head, type, pos) VALUES (10792, "langgaw", "langgaw", "s", "nv");
INSERT INTO `wced_translation` (entryid, translation) VALUES (10792, "vinegar");
INSERT INTO `wced_entry` VALUES (10793, "langgi", "575", "<entry page=""575"" id=""10793""><form id=""langgiq"" lang=""ceb"">langgì</form>
<hom role=""v""><pos>v</pos>
<sense n=""0""> <itype>[A3P; a]</itype><trans> snap s.t. off from the main part at the joint. </trans>
<eg><i lang=""ceb"">Ákung langgíun ang sanga sa ímung tanum,</i><trans> I’ll break a branch off your plant.
</trans></eg>
</sense></hom></entry>");
INSERT INTO `wced_head` (entryid, head, normalized_head, type, pos) VALUES (10793, "langgì", "langgi", "m", "v");
INSERT INTO `wced_entry` VALUES (10794, "langgikit", "575", "<entry page=""575"" id=""10794""><form id=""langgixkit"" lang=""ceb"">langgíkit</form>
<hom role=""v""><pos>v</pos>
<sense n=""1""><number>1</number> <itype>[A; a12]</itype><trans> tie or attach things together or side by side. </trans>
<eg><i lang=""ceb"">Mulanggíkit ka ug pila ka bulus kawáyan pára gam-ung gákit,</i><trans> Tie several lengths of bamboo together to make a raft. </trans></eg>
<eg><i lang=""ceb"">Langgikítun nákù ning duha ka buuk káhuy arun makas-a ug dala,</i><trans> I will tie these two pieces of wood together so I can carry them all at once. </trans></eg>
</sense>
<sense n=""2""><number>2</number> <itype>[C23]</itype><trans> be near one another. </trans>
<eg><i lang=""ceb"">Sígi sila nga maglanggíkit bisag ása lakaw,</i><trans> They are always near each other wherever they go. </trans></eg>
</sense>
<sense n=""3""><number>3</number> <itype>[A; c6]</itype><trans> involve s.o. in s.t. </trans>
<eg><i lang=""ceb"">Ang ímung binúang naglanggíkit nákù sa kaúlaw,</i><trans> Your foolishness involved me in your shame. </trans></eg>
<eg><i lang=""ceb"">Ayaw kug ilanggíkit sa inyung tinuntu,</i><trans> Do not involve me in your shenanigans. </trans></eg>
</sense></hom>
<hom role=""n""><pos>n</pos>
<sense n=""0""><trans> link, means of connecting. </trans>
<eg><i lang=""ceb"">Kining suláta mauy langgíkit sa kagahápun,</i><trans> This letter is a link to the past.
</trans></eg>
</sense></hom></entry>");
INSERT INTO `wced_head` (entryid, head, normalized_head, type, pos) VALUES (10794, "langgíkit", "langgikit", "m", "vn");
INSERT INTO `wced_entry` VALUES (10795, "langgilanggi", "575", "<entry page=""575"" id=""10795""><form id=""langgilanggi"" lang=""ceb"">langgilanggi</form>
<hom role=""n""><pos>n</pos>
<sense n=""0""><trans> shrub or small tree with a straight, light-brown trunk used for fencing. The leaves are alternate, elliptic, with entire margins, green on top, whitish on the bottom and smooth. It bears sweet, pea-sized, white berries in axillary clusters.
</trans>
</sense></hom></entry>");
INSERT INTO `wced_head` (entryid, head, normalized_head, type, pos) VALUES (10795, "langgilanggi", "langgilanggi", "m", "n");
INSERT INTO `wced_entry` VALUES (10796, "langgis", "575", "<entry page=""575"" id=""10796""><form id=""langgis"" lang=""ceb"">langgis</form>
<hom role=""a""><pos>a</pos>
<sense n=""0""><trans> high-pitched, screeching noise. </trans>
<eg><i lang=""ceb"">Langgis ang ági sa tísà sa pisára,</i><trans> It’s very spine-tingling the way the piece of chalk scratches the blackboard. </trans></eg>
</sense></hom>
<hom role=""v""><pos>v</pos>
<sense n=""0""> <itype>[A]</itype><trans> make a spine-tingling, screeching noise. </trans>
<eg><i lang=""ceb"">Ayúha nang ímung pagkiskis kay naglanggis,</i><trans> Try not to make it so spine-tingling when you scrape. </trans></eg>
</sense></hom>
<entry><form id=""kalanggis"" lang=""ceb""><abbr expan=""kalanggis"">ka-</abbr></form>
<hom role=""n""><pos>n</pos>
<sense n=""0""><trans> the way s.t. is shrill and screeching.
</trans>
</sense></hom></entry></entry>");
INSERT INTO `wced_head` (entryid, head, normalized_head, type, pos) VALUES (10796, "langgis", "langgis", "m", "av");
INSERT INTO `wced_head` (entryid, head, normalized_head, type, pos) VALUES (10796, "kalanggis", "kalanggis", "s", "n");
INSERT INTO `wced_entry` VALUES (10797, "langgisaw", "575", "<entry page=""575"" id=""10797""><form id=""langgisaw"" lang=""ceb"">langgisaw</form>
<hom role=""n""><pos>n</pos>
<sense n=""0""><trans> k.o. fish.
</trans>
</sense></hom></entry>");
INSERT INTO `wced_head` (entryid, head, normalized_head, type, pos) VALUES (10797, "langgisaw", "langgisaw", "m", "n");
INSERT INTO `wced_entry` VALUES (10798, "langgita", "575", "<entry page=""575"" id=""10798""><form id=""langgixta"" lang=""ceb"">langgíta</form>
<hom role=""n""><pos>n</pos>
<sense n=""0""><trans> loop at the waist of trousers <pb n=""576""/>through which the belt is passed. </trans>
</sense></hom>
<hom role=""v""><pos>v</pos>
<sense n=""0""> <itype>[A; b6]</itype><trans> make or attach belt loops.
</trans>
</sense></hom></entry>");
INSERT INTO `wced_head` (entryid, head, normalized_head, type, pos) VALUES (10798, "langgíta", "langgita", "m", "nv");
INSERT INTO `wced_entry` VALUES (10799, "langgiti", "576", "<entry page=""576"" id=""10799""><form id=""langgixti"" lang=""ceb"">langgíti</form>
<hom role=""n""><pos>n</pos>
<sense n=""0""><trans> <tr>anvil</tr>.
</trans>
</sense></hom></entry>");
INSERT INTO `wced_head` (entryid, head, normalized_head, type, pos) VALUES (10799, "langgíti", "langgiti", "m", "n");
INSERT INTO `wced_translation` (entryid, translation) VALUES (10799, "anvil");
INSERT INTO `wced_entry` VALUES (10800, "langgung", "576", "<entry page=""576"" id=""10800""><form id=""langgung"" lang=""ceb"">langgung</form>
<hom role=""v""><pos>v</pos>
<sense n=""0""> <itype>[B56; c1]</itype><trans> in pool, for the cue ball to go into the hole and not be counted.
</trans>
</sense></hom></entry>");
INSERT INTO `wced_head` (entryid, head, normalized_head, type, pos) VALUES (10800, "langgung", "langgung", "m", "v");
INSERT INTO `wced_entry` VALUES (10801, "langgus", "576", "<entry page=""576"" id=""10801""><form id=""langgus"" lang=""ceb"">langgus</form>
<hom role=""v""><pos>v</pos>
<sense n=""0""> <itype>[A; a12]</itype><trans> <tr>chafe</tr>, injure a wide area slightly. </trans>
<eg><i lang=""ceb"">Ayawg hukti ug alambri kay mulanggus sa pintal,</i><trans> Don’t tie it with a wire because it will scratch the paint. </trans></eg>
<eg><i lang=""ceb"">Nalanggus ákung buktun pagkatumba nákù,</i><trans> I chafed my arm when I fell.
</trans></eg>
</sense></hom></entry>");
INSERT INTO `wced_head` (entryid, head, normalized_head, type, pos) VALUES (10801, "langgus", "langgus", "m", "v");
INSERT INTO `wced_translation` (entryid, translation) VALUES (10801, "chafe");
INSERT INTO `wced_entry` VALUES (10802, "langgut", "576", "<entry page=""576"" id=""10802""><form id=""langgut"" lang=""ceb"">langgut</form>
<hom role=""v""><pos>v</pos>
<sense n=""1""><number>1</number> <itype>[A; a1b2]</itype><trans> for a fish to break a line. </trans>
<eg><i lang=""ceb"">Nalanggut ang pasul kay gidawíhag dakung isdà,</i><trans> The fishing line broke because a huge fish got hooked on it. </trans></eg>
</sense>
<sense n=""2""><number>2</number> <itype>[AN; a]</itype><trans> <tr>embezzle</tr>, <tr>cheat</tr>. </trans>
<eg><i lang=""ceb"">Nalanggutan (hilanggutan) ku níyag singku písus,</i><trans> He cheated me out of five pesos. </trans></eg>
<eg><i lang=""ceb"">Íyang langgútun nang inyung kwarta ug siyay inyung pagunítun ánà,</i><trans> She will pocket your money if you entrust it to her. </trans></eg>
</sense></hom>
<entry><form id=""langgutixra"" lang=""ceb""><abbr expan=""langgutíra"">-íra</abbr></form>
<hom>
<sense n=""0""><trans> <xr lang=""ceb"" target=""#langgutixru"">= <sc>langgutíru</sc></xr> (female). </trans>
</sense></hom></entry>
<entry><form id=""langgutixru"" lang=""ceb""><abbr expan=""langgutíru"">-íru</abbr></form>
<hom role=""a""><pos>a</pos>
<sense n=""0""><trans> <tr>embezzler</tr>, <tr>swindler</tr>.
</trans>
</sense></hom></entry></entry>");
INSERT INTO `wced_head` (entryid, head, normalized_head, type, pos) VALUES (10802, "langgut", "langgut", "m", "v");
INSERT INTO `wced_head` (entryid, head, normalized_head, type, pos) VALUES (10802, "langgutíra", "langgutira", "s", "");
INSERT INTO `wced_head` (entryid, head, normalized_head, type, pos) VALUES (10802, "langgutíru", "langgutiru", "s", "a");
INSERT INTO `wced_translation` (entryid, translation) VALUES (10802, "embezzle");
INSERT INTO `wced_translation` (entryid, translation) VALUES (10802, "cheat");
INSERT INTO `wced_translation` (entryid, translation) VALUES (10802, "embezzler");
INSERT INTO `wced_translation` (entryid, translation) VALUES (10802, "swindler");
INSERT INTO `wced_entry` VALUES (10803, "langgwita", "576", "<entry page=""576"" id=""10803""><form id=""langgwixta"" lang=""ceb"">langgwíta</form>
<hom>
<sense n=""0""><trans> <xr lang=""ceb"" target=""#langgixta"">= <sc>langgíta</sc>.</xr>
</trans>
</sense></hom></entry>");
INSERT INTO `wced_head` (entryid, head, normalized_head, type, pos) VALUES (10803, "langgwíta", "langgwita", "m", "");
INSERT INTO `wced_entry` VALUES (10804, "langi1", "576", "<entry page=""576"" id=""10804""><form id=""langiq"" lang=""ceb"">langì<sub>1</sub></form>
<hom role=""v""><pos>v</pos>
<sense n=""0""> <itype>[A; a2]</itype><trans> </trans>
</sense>
<sense n=""1a""><number>1a</number><trans> loosen s.t. rigid and long from a place it is embedded. </trans>
<eg><i lang=""ceb"">Way makalangì sa pusting maáyung pagkataruk,</i><trans> No one can loosen the post, it is so firmly implanted. </trans></eg>
</sense>
<sense n=""1b""><number>1b</number><trans> bend s.t. rigid out of shape. </trans>
<eg><i lang=""ceb"">Nakabuhì ang isdà kay nalangì ang tagà,</i><trans> The fish escaped because the hook was bent out of shape. </trans></eg>
</sense>
<sense n=""1c""><number>1c</number><trans> break the finger or toenail. </trans>
<eg><i lang=""ceb"">Malangì ang ákung kuku ug dì hinguk-an,</i><trans> My nails break if I don’t trim them. </trans></eg>
</sense>
<sense n=""2""><number>2</number><trans> twist off a branch from plants. </trans>
<eg><i lang=""ceb"">Nakalangì ku ug usa ka sanga sa íyang san pransisku,</i><trans> I broke a branch off from her croton. </trans></eg>
</sense></hom>
<hom role=""a""><pos>a</pos>
<sense n=""0""><trans> hangnail, loose in its place. </trans>
<eg><i lang=""ceb"">Hustu nang tangung langíun. Langì na kaáyu,</i><trans> That tooth is about ready to pull out. It has gotten very loose.
</trans></eg>
</sense></hom></entry>");
INSERT INTO `wced_head` (entryid, head, normalized_head, type, pos) VALUES (10804, "langì", "langi", "s", "va");
INSERT INTO `wced_entry` VALUES (10805, "langi2", "576", "<entry page=""576"" id=""10805""><form id=""langiq2"" lang=""ceb"">langì<sub>2</sub></form>
<hom role=""v""><pos>v</pos>
<sense n=""0""> <itype>[A]</itype><trans> </trans>
</sense>
<sense n=""1""><number>1</number><trans> ask for affection by making demands. </trans>
</sense>
<sense n=""2""><number>2</number><trans> act spoiled and abusive from having been pampered. </trans>
<eg><i lang=""ceb"">Naglangì nà siya kay labánan man.</i><trans> He has gotten uncontrollable because s.o. always takes his side. </trans></eg>
</sense></hom>
<hom role=""a""><pos>a</pos>
<sense n=""0""><trans> asking for affection, being spoiled. </trans>
<eg><i lang=""ceb"">Kanang íyang pagpangáyug pagkáun ági lang nag langì,</i><trans> When she asks for food like that she’s just asking for attention.
</trans></eg>
</sense></hom></entry>");
INSERT INTO `wced_head` (entryid, head, normalized_head, type, pos) VALUES (10805, "langì", "langi", "s", "va");
INSERT INTO `wced_entry` VALUES (10806, "langigngig", "576", "<entry page=""576"" id=""10806""><form id=""langigngig"" lang=""ceb"">langigngig</form>
<hom role=""a""><pos>a</pos>
<sense n=""0""><trans> for foods to be too greasy or oily to digest readily. </trans>
</sense></hom>
<hom role=""v""><pos>v</pos>
<sense n=""0""> <itype>[B; c1]</itype><trans> be too greasy and heavy in the stomach. </trans>
<eg><i lang=""ceb"">Dì mulangigngig (malangigngig) ang tiil sa bábuy basta lat-an ug butangag bátung linata,</i><trans> Pig’s legs won’t be too fatty to eat if you add salted black beans. </trans></eg>
<eg><i lang=""ceb"">Magkalangigngig ang bíku sa tantung káun,</i><trans> The more sticky rice you eat, the heavier it is in the stomach.
</trans></eg>
</sense></hom></entry>");
INSERT INTO `wced_head` (entryid, head, normalized_head, type, pos) VALUES (10806, "langigngig", "langigngig", "m", "av");
INSERT INTO `wced_entry` VALUES (10807, "langis", "576", "<entry page=""576"" id=""10807""><form id=""langis"" lang=""ceb"">langis</form>
<hom role=""v""><pos>v</pos>
<sense n=""0""> <itype>[A2; c]</itype><trans> hoodwink s.o. into doing s.t. by giving him sweet talk. </trans>
<eg><i lang=""ceb"">Maáyu siyang mulangis sa íyang apuhan arun tagáan ug kwarta,</i><trans> He is good in talking his grandfather into giving him money. </trans></eg>
<eg><i lang=""ceb"">Gilangisan ku níyang mupalit ug libru piru íya diayng gipanugal,</i><trans> He hoodwinked me into giving him money which he said was for a book, but actually it turned out to be for gambling. </trans></eg>
</sense></hom>
<hom role=""n""><pos>n</pos>
<sense n=""0""><trans> sweet talk, flattery employed to gain one’s ends. </trans>
</sense></hom>
<entry><form id=""langisixru"" lang=""ceb""><abbr expan=""langisíru"">-íru</abbr></form>
<hom role=""n""><pos>n</pos>
<sense n=""0""><trans> one who sweet talks people and pulls the wool over their eyes.
</trans>
</sense></hom></entry></entry>");
INSERT INTO `wced_head` (entryid, head, normalized_head, type, pos) VALUES (10807, "langis", "langis", "m", "vn");
INSERT INTO `wced_head` (entryid, head, normalized_head, type, pos) VALUES (10807, "langisíru", "langisiru", "s", "n");
INSERT INTO `wced_entry` VALUES (10808, "langit", "576", "<entry page=""576"" id=""10808""><form id=""laxngit"" lang=""ceb"">lángit</form>
<hom role=""n""><pos>n</pos>
<sense n=""1""><number>1</number><trans> <tr>heaven</tr>, <tr>sky</tr>. </trans>
<eg><i lang=""ceb"">Ang lángit gibuti sa mga bitúun,</i><trans> The sky is pock-marked with stars. </trans></eg>
</sense>
<sense n=""2""><number>2</number><trans> <tr>joy</tr>, <tr>happiness</tr>. </trans>
<eg><i lang=""ceb"">Lángit ka sa ákung panan-aw,</i><trans> You are a joy to my sight. </trans></eg>
</sense></hom>
<entry><form id=""ikapitung_laxngit"" lang=""ceb"">ikapitung <abbr expan=""lángit"">—</abbr></form>
<hom>
<sense n=""0""><trans> the last tier of heaven where perfect happiness is to be found. </trans>
<eg><i lang=""ceb"">Dad-un ku ikaw sa ikapitung lángit,</i><trans> I’ll bring you to the seventh heaven of happiness. </trans></eg>
</sense></hom>
<hom role=""v""><pos>v</pos>
<sense n=""0""> <itype>[B1256]</itype><trans> go to heaven. </trans>
<eg><i lang=""ceb"">Ikaw kay makasasálà, dílì ka malangit,</i><trans> You, who are a sinner, will not go to heaven. </trans></eg>
</sense></hom></entry>
<entry><form id=""kitaq_ug_laxngit"" lang=""ceb"">kità ug <abbr expan=""lángit"">—</abbr></form>
<hom role=""v""><pos>v</pos>
<sense n=""0""> <itype>[A12]</itype><trans> experience the most painful sensation of one’s life, esp. pain in childbirth. </trans>
<eg><i lang=""ceb"">Nakakità na siyag lángit sa íyang pagpanganak,</i><trans> She experienced the most painful sensation of her life when she gave birth. </trans></eg>
</sense></hom></entry>
<entry><form id=""kalangixtan"" lang=""ceb""><abbr expan=""kalangítan"">ka-an</abbr></form>
<hom role=""n""><pos>n</pos>
<sense n=""0""><trans> <tr>skies</tr>. </trans>
</sense></hom></entry>
<entry><form id=""langitnun"" lang=""ceb""><abbr expan=""langitnun"">-nun</abbr></form>
<hom role=""a""><pos>a</pos>
<sense n=""0""><trans> pertaining to heaven. </trans>
<eg><i lang=""ceb"">Langitnung kaháyag,</i><trans> A heavenly light. </trans></eg>
</sense></hom></entry>
<entry><form id=""langitlaxngit"" lang=""ceb"">langitlángit</form>
<hom role=""n""><pos>n</pos>
<sense n=""1""><number>1</number><trans> <tr>egg white</tr>. </trans>
</sense>
<sense n=""2""><number>2</number><trans> canopy of an altar or bed. </trans>
</sense>
<sense n=""2a""><number>2a</number> <form id=""langitlaxngit_sa_muskitixru"" lang=""ceb""><abbr expan=""langitlángit"">—</abbr> sa muskitíru</form><trans> top of a mosquito net. </trans>
</sense></hom></entry>
<entry><form id=""langitlangit"" lang=""ceb"">langitlangit</form>
<hom>
<sense n=""0""><trans> <xr lang=""ceb"" target=""#langitlaxngit"">= <sc>langitlángit</sc>, <ix>1</ix>.</xr>
</trans>
</sense></hom></entry></entry>");
INSERT INTO `wced_head` (entryid, head, normalized_head, type, pos) VALUES (10808, "lángit", "langit", "m", "n");
INSERT INTO `wced_head` (entryid, head, normalized_head, type, pos) VALUES (10808, "ikapitung lángit", "ikapitung langit", "s", "v");
INSERT INTO `wced_head` (entryid, head, normalized_head, type, pos) VALUES (10808, "kità ug lángit", "kita ug langit", "s", "v");
INSERT INTO `wced_head` (entryid, head, normalized_head, type, pos) VALUES (10808, "kalangítan", "kalangitan", "s", "n");
INSERT INTO `wced_head` (entryid, head, normalized_head, type, pos) VALUES (10808, "langitnun", "langitnun", "s", "a");
INSERT INTO `wced_head` (entryid, head, normalized_head, type, pos) VALUES (10808, "langitlángit", "langitlangit", "s", "n");
INSERT INTO `wced_head` (entryid, head, normalized_head, type, pos) VALUES (10808, "langitlángit sa muskitíru", "langitlangit sa muskitiru", "s", "");
INSERT INTO `wced_head` (entryid, head, normalized_head, type, pos) VALUES (10808, "langitlangit", "langitlangit", "s", "");
INSERT INTO `wced_translation` (entryid, translation) VALUES (10808, "heaven");
INSERT INTO `wced_translation` (entryid, translation) VALUES (10808, "sky");
INSERT INTO `wced_translation` (entryid, translation) VALUES (10808, "joy");
INSERT INTO `wced_translation` (entryid, translation) VALUES (10808, "happiness");
INSERT INTO `wced_translation` (entryid, translation) VALUES (10808, "skies");
INSERT INTO `wced_translation` (entryid, translation) VALUES (10808, "egg white");
INSERT INTO `wced_entry` VALUES (10809, "langitngit", "576", "<entry page=""576"" id=""10809""><form id=""langitngit"" lang=""ceb"">langitngit</form>
<hom>
<sense n=""0""><trans> <xr lang=""ceb"" target=""#alangitngit"">= <sc>alangitngit</sc>.</xr>
</trans>
</sense></hom></entry>");
INSERT INTO `wced_head` (entryid, head, normalized_head, type, pos) VALUES (10809, "langitngit", "langitngit", "m", "");
INSERT INTO `wced_entry` VALUES (10810, "langkap", "576", "<entry page=""576"" id=""10810""><form id=""langkap"" lang=""ceb"">langkap</form>
<hom role=""v""><pos>v</pos>
<sense n=""0""> <itype>[A; ab7]</itype><trans> take over all or part of s.o.’s obligations so that they be completely fulfilled. </trans>
<eg><i lang=""ceb"">Akuy milangkap sa íyang bayranan kay wà man siyay kwarta,</i><trans> I paid up all her obligations because she had no money. </trans></eg>
<eg><i lang=""ceb"">Langkápa ang ákung báhin sa gunahun, kay may laktun ku,</i><trans> Finish my weeding work for me because I have to go s.w. </trans></eg>
<eg><i lang=""ceb"">Gilangkápan sa uyuan ang kúwang sa twisyun,</i><trans> The uncle paid the amount lacking in the tuition fees.
</trans></eg>
</sense></hom></entry>");
INSERT INTO `wced_head` (entryid, head, normalized_head, type, pos) VALUES (10810, "langkap", "langkap", "m", "v");
INSERT INTO `wced_entry` VALUES (10811, "langkat", "576", "<entry page=""576"" id=""10811""><form id=""langkat"" lang=""ceb"">langkat</form>
<hom role=""v""><pos>v</pos>
<sense n=""1""><number>1</number> <itype>[A; a]</itype><trans> <tr>rip off</tr>, out, <tr>tear</tr> forcibly away. </trans>
<eg><i lang=""ceb"">Átung langkátun ang salug,</i><trans> Let us rip the floor out. </trans></eg>
<eg><i lang=""ceb"">Ámung gilangkátan sa mga balágun ang kural,</i><trans> We ripped the vines off of the fence. </trans></eg>
</sense>
<sense n=""2""><number>2</number> <itype>[A; b6]</itype><trans> strip s.o. of power, rights, or privileges. </trans>
<eg><i lang=""ceb"">Gilangkátan siya sa ranggu,</i><trans> He was stripped of his rank. </trans></eg>
</sense>
<sense n=""3""><number>3</number> <itype>[A; a2]</itype><trans> remove s.t. as if pulled away by force. </trans>
<eg><i lang=""ceb"">Ang ímung paglúib naglangkat sa ákung gugma kanímu,</i><trans> Your unfaithfulness has killed my love for you. </trans></eg>
<eg><i lang=""ceb"">Sukad karun langkátun ku ang hunàhúnà nga kita manag-amígu,</i><trans> From now on I will banish the thought that we are friends. </trans></eg>
</sense>
<sense n=""4""><number>4</number> <itype>[A; a1]</itype><trans> slam a basketball that is in the air above the head in a downward <pb n=""577""/>direction. </trans>
<eg><i lang=""ceb"">Pag-untul giyud sa búla sa ring, gilangkat dáyun kini ni Wilyam,</i><trans> As soon as the ball rebounded from the ring, William slammed it down.
</trans></eg>
</sense></hom></entry>");
INSERT INTO `wced_head` (entryid, head, normalized_head, type, pos) VALUES (10811, "langkat", "langkat", "m", "v");
INSERT INTO `wced_translation` (entryid, translation) VALUES (10811, "rip off");
INSERT INTO `wced_translation` (entryid, translation) VALUES (10811, "tear");
INSERT INTO `wced_entry` VALUES (10812, "langkaw", "577", "<entry page=""577"" id=""10812""><form id=""langkaw"" lang=""ceb"">langkaw</form>
<hom role=""a""><pos>a</pos>
<sense n=""0""><trans> tending to loaf on the job, playing hooky. </trans>
<eg><i lang=""ceb"">Gamay kag ági kay langkaw ka sa trabáhu,</i><trans> You haven’t accomplished much because you’ve been loafing on the job. </trans></eg>
</sense></hom>
<hom role=""v""><pos>v</pos>
<sense n=""0""> <itype>[A; b6(1)]</itype><trans> loaf on the job, play hooky. </trans>
<eg><i lang=""ceb"">Dì ka makapasar ug sígi kang langkaw,</i><trans> You won’t pass if you keep playing hooky. </trans></eg>
<eg><i lang=""ceb"">Langkáwi ang ímung pagdáru kay minúsan ku ang ímung swildu,</i><trans> Loaf on the job while you’re plowing and I will take it off your pay. </trans></eg>
</sense></hom>
<entry><form id=""langkawan"" lang=""ceb""><abbr expan=""langkawan"">-an(→)</abbr></form>
<hom role=""a""><pos>a</pos>
<sense n=""0""><trans> always loafing or playing hooky.
</trans>
</sense></hom></entry></entry>");
INSERT INTO `wced_head` (entryid, head, normalized_head, type, pos) VALUES (10812, "langkaw", "langkaw", "m", "av");
INSERT INTO `wced_head` (entryid, head, normalized_head, type, pos) VALUES (10812, "langkawan", "langkawan", "s", "a");
INSERT INTO `wced_entry` VALUES (10813, "langkay1", "577", "<entry page=""577"" id=""10813""><form id=""langkay"" lang=""ceb"">langkay<sub>1</sub></form>
<hom role=""n""><pos>n</pos>
<sense n=""1""><number>1</number><trans> dried coconut palm frond. </trans>
</sense>
<sense n=""2""><number>2</number><trans> old maid (humorous). </trans>
</sense></hom>
<hom role=""v""><pos>v</pos>
<sense n=""0""> <itype>[B12]</itype><trans> become an old maid.
</trans>
</sense></hom></entry>");
INSERT INTO `wced_head` (entryid, head, normalized_head, type, pos) VALUES (10813, "langkay", "langkay", "s", "nv");
INSERT INTO `wced_entry` VALUES (10814, "langkay2", "577", "<entry page=""577"" id=""10814""><form id=""langkay2"" lang=""ceb"">langkay<sub>2</sub></form>
<hom>
<sense n=""0""><trans> <xr lang=""ceb"" target=""#dixwit"">= <sc>díwit</sc>.</xr>
</trans>
</sense></hom></entry>");
INSERT INTO `wced_head` (entryid, head, normalized_head, type, pos) VALUES (10814, "langkay", "langkay", "s", "");
INSERT INTO `wced_entry` VALUES (10815, "langki", "577", "<entry page=""577"" id=""10815""><form id=""langkiq"" lang=""ceb"">langkì</form>
<hom role=""a""><pos>a</pos>
<sense n=""0""><trans> for teeth to be crooked. </trans>
<eg><i lang=""ceb"">Makadisgwápa sa babáyi ang mga ngípung langkì,</i><trans> Crooked teeth mar a woman’s beauty. </trans></eg>
</sense></hom>
<hom role=""v""><pos>v</pos>
<sense n=""0""> <itype>[B; b6]</itype><trans> for a tooth to become crooked. </trans>
<eg><i lang=""ceb"">Maáyung pagahilútun ang ngípung magkalangkì,</i><trans> It’s good to massage into place a tooth that is growing in crooked.
</trans></eg>
</sense></hom></entry>");
INSERT INTO `wced_head` (entryid, head, normalized_head, type, pos) VALUES (10815, "langkì", "langki", "m", "av");
INSERT INTO `wced_entry` VALUES (10816, "langking", "577", "<entry page=""577"" id=""10816""><form id=""langking"" lang=""ceb"">langking</form>
<hom role=""n""><pos>n</pos>
<sense n=""0""><trans> k.o. black pigment shaped into rectangular sticks used for shoe blacking, drawing, and by the Chinese for writing. </trans>
</sense></hom>
<hom role=""v""><pos>v</pos>
<sense n=""0""> <itype>[A; b6]</itype><trans> blacken s.t. with this material.
</trans>
</sense></hom></entry>");
INSERT INTO `wced_head` (entryid, head, normalized_head, type, pos) VALUES (10816, "langking", "langking", "m", "nv");
INSERT INTO `wced_entry` VALUES (10817, "langkit", "577", "<entry page=""577"" id=""10817""><form id=""langkit"" lang=""ceb"">langkit</form>
<hom role=""v""><pos>v</pos>
<sense n=""0""> <itype>[A; ac]</itype><trans> join two pieces of material together by sewing, welding, and the like at the edges. </trans>
<eg><i lang=""ceb"">Langkítun ta ang duha ka hábul arun ta makatulda,</i><trans> We’ll sew the edges of the two blankets together so we can have a tent. </trans></eg>
<eg><i lang=""ceb"">Ilangkit ang usa ka playwud ngari,</i><trans> Join a piece of plywood to this place. </trans></eg>
</sense>
<sense n=""2""><number>2</number> <itype>[c]</itype><trans> add an affix in grammar. </trans>
</sense></hom>
<entry><form id=""iglalangkit"" lang=""ceb""><abbr expan=""iglalangkit"">ig-l-</abbr></form>
<hom role=""n""><pos>n</pos>
<sense n=""0""><trans> <tr>affix</tr>.
</trans>
</sense></hom></entry></entry>");
INSERT INTO `wced_head` (entryid, head, normalized_head, type, pos) VALUES (10817, "langkit", "langkit", "m", "v");
INSERT INTO `wced_head` (entryid, head, normalized_head, type, pos) VALUES (10817, "iglalangkit", "iglalangkit", "s", "n");
INSERT INTO `wced_translation` (entryid, translation) VALUES (10817, "affix");
INSERT INTO `wced_entry` VALUES (10818, "langkiya, langkiya1", "577", "<entry page=""577"" id=""10818""><form id=""langkiya_langkiyaq"" lang=""ceb"">langkiya, langkiyà<sub>1</sub></form>
<hom role=""n""><pos>n</pos>
<sense n=""0""><trans> <tr>spadefish</tr>: <bio>Scatophagus argus</bio>.
</trans>
</sense></hom></entry>");
INSERT INTO `wced_head` (entryid, head, normalized_head, type, pos) VALUES (10818, "langkiya", "langkiya", "s", "n");
INSERT INTO `wced_head` (entryid, head, normalized_head, type, pos) VALUES (10818, "langkiyà", "langkiya", "s", "n");
INSERT INTO `wced_translation` (entryid, translation) VALUES (10818, "spadefish");
INSERT INTO `wced_entry` VALUES (10819, "langkiya2, langkiya", "577", "<entry page=""577"" id=""10819""><form id=""langkiya2_langkixyaq"" lang=""ceb"">langkiya<sub>2</sub>, langkíyà</form>
<hom>
<sense n=""0""><trans> (from <ix>kíya</ix>) </trans>
</sense></hom>
<hom role=""v""><pos>v</pos>
<sense n=""0""> <itype>[B236(1)]</itype><trans> for airplanes or kites to wobble, dart from side to side in losing altitude. </trans>
<eg><i lang=""ceb"">Mulangkíya ang talabánug kun mabugtù ang tugut,</i><trans> The kite will wobble from side to side and continue losing altitude when the string snaps.
</trans></eg>
</sense></hom></entry>");
INSERT INTO `wced_head` (entryid, head, normalized_head, type, pos) VALUES (10819, "langkiya", "langkiya", "s", "v");
INSERT INTO `wced_head` (entryid, head, normalized_head, type, pos) VALUES (10819, "langkíyà", "langkiya", "s", "v");
INSERT INTO `wced_entry` VALUES (10820, "langkub", "577", "<entry page=""577"" id=""10820""><form id=""langkub"" lang=""ceb"">langkub</form>
<hom role=""v""><pos>v</pos>
<sense n=""1""><number>1</number> <itype>[AC12; ac1]</itype><trans> <tr>combine</tr> several things, ideas, quantities into a group at the same time. </trans>
<eg><i lang=""ceb"">Akuy mulangkub ug dala áning duha ka bugkus,</i><trans> I will take these two bundles at one time. </trans></eg>
<eg><i lang=""ceb"">Kining duha ka súma nagkalangkub (gilangkub),</i><trans> The two sums have been put together. </trans></eg>
</sense>
<sense n=""1a""><number>1a</number> <itype>[A13]</itype><trans> include, comprehend. </trans>
<eg><i lang=""ceb"">Ang lungsud naglangkub ug lima ka baryu,</i><trans> The municipality includes five barrios. </trans></eg>
</sense>
<sense n=""1b""><number>1b</number> <itype>[B1256]</itype><trans> be included in a group, identified with. </trans>
<eg><i lang=""ceb"">Pagkadátù níya nalangkub siya sa alta susyidad,</i><trans> After he got rich he was identified with high society. </trans></eg>
</sense>
<sense n=""2""><number>2</number> <itype>[A; b5]</itype><trans> make s.t. a complete whole. </trans>
<eg><i lang=""ceb"">Langkúbi (langkúba) ang kúwang sa báyad,</i><trans> Complete the amount lacking in the payment. </trans></eg>
</sense>
<sense n=""2a""><number>2a</number> <itype>[A13; a12]</itype><trans> fix one’s decision, decide to do s.t. with no wavering. </trans>
<eg><i lang=""ceb"">Naglangkub ku sa ákung hunàhúnà sa paglikay sa sugal,</i><trans> I am determined to avoid gambling. </trans></eg>
</sense></hom>
<entry><form id=""linangkub"" lang=""ceb""><abbr expan=""linangkub"">-in-</abbr></form>
<hom role=""n""><pos>n</pos>
<sense n=""0""><trans> things that are taken together, done collectively. </trans>
<eg><i lang=""ceb"">Linangkub nga sisiyun,</i><trans> A joint session.
</trans></eg>
</sense></hom></entry></entry>");
INSERT INTO `wced_head` (entryid, head, normalized_head, type, pos) VALUES (10820, "langkub", "langkub", "m", "v");
INSERT INTO `wced_head` (entryid, head, normalized_head, type, pos) VALUES (10820, "linangkub", "linangkub", "s", "n");
INSERT INTO `wced_translation` (entryid, translation) VALUES (10820, "combine");
INSERT INTO `wced_entry` VALUES (10821, "langkuy1", "577", "<entry page=""577"" id=""10821""><form id=""langkuy"" lang=""ceb"">langkuy<sub>1</sub></form>
<hom role=""v""><pos>v</pos>
<sense n=""1""><number>1</number> <itype>[A2; b5c]</itype><trans> <tr>walk</tr> or <tr>travel</tr> around without any particular purpose. </trans>
<eg><i lang=""ceb"">Mulangkuy sila inigpangítag bulad sa tabuan,</i><trans> They walk about in the market when they look for dried fish. </trans></eg>
<eg><i lang=""ceb"">Ilangkuy ang masakitun sa wiltsir sa plása,</i><trans> Take the wheelchair patient for a walk in the park. </trans></eg>
</sense>
<sense n=""2""><number>2</number> <itype>[B2; b6]</itype><trans> be, become an idler. </trans>
<eg><i lang=""ceb"">Malangkuy (mulangkuy) siya kun dúnay kwarta,</i><trans> He becomes lazy when he has money. </trans></eg>
</sense>
<sense n=""3""><number>3</number> <itype>[AC; a12b2]</itype><trans> have sexual intercourse with (slang). </trans>
<eg><i lang=""ceb"">Naglangkuy ang magtiáyun súd sa kwartu,</i><trans> The couple are making love inside the room. </trans></eg>
</sense></hom>
<hom role=""a""><pos>a</pos>
<sense n=""0""><trans> idler, lazy. </trans>
</sense></hom>
<hom role=""n""><pos>n</pos>
<sense n=""0""><trans> sexual intercourse (slang). </trans>
</sense></hom>
<entry><form id=""langkuylangkuy"" lang=""ceb"">langkuylangkuy</form>
<hom role=""v""><pos>v</pos>
<sense n=""1""><number>1</number><trans> <xr lang=""ceb"" target=""#langkuy"">= <sc>langkuy</sc>.</xr> </trans>
</sense>
<sense n=""2""><number>2</number> <itype>[A; b(1)]</itype><trans> dawdle about instead of working. </trans>
<eg><i lang=""ceb"">Sukad sa ákung pagsulud ug trabáhu dinhi wà ku makalangkuylangkuy,</i><trans> Since I started working here I haven’t dawdled around on the job.
</trans></eg>
</sense></hom></entry></entry>");
INSERT INTO `wced_head` (entryid, head, normalized_head, type, pos) VALUES (10821, "langkuy", "langkuy", "s", "van");
INSERT INTO `wced_head` (entryid, head, normalized_head, type, pos) VALUES (10821, "langkuylangkuy", "langkuylangkuy", "s", "v");
INSERT INTO `wced_translation` (entryid, translation) VALUES (10821, "walk");
INSERT INTO `wced_translation` (entryid, translation) VALUES (10821, "travel");
INSERT INTO `wced_entry` VALUES (10822, "langkuy2", "577", "<entry page=""577"" id=""10822""><form id=""langkuy2"" lang=""ceb"">langkuy<sub>2</sub></form>
<hom role=""n""><pos>n</pos>
<sense n=""0""><trans> cutlass fish: <bio>Trichiurus spp</bio>. </trans>
</sense></hom>
<hom role=""a""><pos>a</pos>
<sense n=""0""><trans> tall and thin (like the cutlass fish).
</trans>
</sense></hom></entry>");
INSERT INTO `wced_head` (entryid, head, normalized_head, type, pos) VALUES (10822, "langkuy", "langkuy", "s", "na");
INSERT INTO `wced_entry` VALUES (10823, "langpus", "577", "<entry page=""577"" id=""10823""><form id=""langpus"" lang=""ceb"">langpus</form>
<hom>
<sense n=""0""><trans> <xr lang=""ceb"" target=""#lampus"">= <sc>lampus</sc>.</xr>
</trans>
</sense></hom></entry>");
INSERT INTO `wced_head` (entryid, head, normalized_head, type, pos) VALUES (10823, "langpus", "langpus", "m", "");
INSERT INTO `wced_entry` VALUES (10824, "lan-grabir", "577", "<entry page=""577"" id=""10824""><form id=""lan-graxbir"" lang=""ceb"">lan-grábir</form>
<hom role=""n""><pos>n</pos>
<sense n=""0""><trans> <tr>landgrabber</tr>. </trans>
</sense></hom>
<hom role=""v""><pos>v</pos>
<sense n=""0""> <itype>[B1256]</itype><trans> be, become a landgrabber.
</trans>
</sense></hom></entry>");
INSERT INTO `wced_head` (entryid, head, normalized_head, type, pos) VALUES (10824, "lan-grábir", "lan-grabir", "m", "nv");
INSERT INTO `wced_translation` (entryid, translation) VALUES (10824, "landgrabber");
INSERT INTO `wced_entry` VALUES (10825, "langsa", "577", "<entry page=""577"" id=""10825""><form id=""langsa"" lang=""ceb"">langsa</form>
<hom role=""a""><pos>a</pos>
<sense n=""0""><trans> having a fishy smell or the taste of blood. </trans>
<eg><i lang=""ceb"">Bahung langsa ang mga pasahírag isdà,</i><trans> Fish vendors have a fishy smell. </trans></eg>
<eg><i lang=""ceb"">Ang mulmul langsa nga isdà,</i><trans> The parrot fish has an intense fishy taste. </trans></eg>
<eg><i lang=""ceb"">Langsag báhù ang babáying girigla,</i><trans> Women smell of fish when they menstruate. </trans></eg>
</sense></hom>
<hom role=""v""><pos>v</pos>
<sense n=""0""> <itype>[B12; b6]</itype><trans> be smelly from fish or blood.
</trans>
</sense></hom></entry>");
INSERT INTO `wced_head` (entryid, head, normalized_head, type, pos) VALUES (10825, "langsa", "langsa", "m", "av");
INSERT INTO `wced_entry` VALUES (10826, "langsad", "577", "<entry page=""577"" id=""10826""><form id=""langsad"" lang=""ceb"">langsad</form>
<hom role=""v""><pos>v</pos>
<sense n=""1""><number>1</number> <itype>[A; b6]</itype><trans> run for an elective position or office. </trans>
<eg><i lang=""ceb"">Mulangsad ku pagkagubirnadur,</i><trans> I will run for governor. </trans></eg>
</sense>
<sense n=""2""><number>2</number> <itype>[A; c]</itype><trans> take the gamecock out of his cage. </trans>
<eg><i lang=""ceb"">Ilansad ang sunuy sa silinganan,</i><trans> Tether the rooster in the yard. </trans></eg>
</sense>
<sense n=""3""><number>3</number> <itype>[A; c1]</itype><trans> take a hen and young chicks out of the nest and set them on the ground. </trans>
<eg><i lang=""ceb"">Ug ilansad (lansárun) ug sayu ang pisù, patyun sa umígas,</i><trans> If you take the chicks out of the nest too early, they are likely to get killed by the ants. </trans></eg>
</sense></hom>
<entry><form id=""lansaraxnan"" lang=""ceb"">lansaránan</form>
<hom role=""n""><pos>n</pos>
<sense n=""0""><trans> ground on which gamecocks are tethered out.
</trans>
</sense></hom></entry></entry>");
INSERT INTO `wced_head` (entryid, head, normalized_head, type, pos) VALUES (10826, "langsad", "langsad", "m", "v");
INSERT INTO `wced_head` (entryid, head, normalized_head, type, pos) VALUES (10826, "lansaránan", "lansaranan", "s", "n");
INSERT INTO `wced_entry` VALUES (10827, "langsi", "577", "<entry page=""577"" id=""10827""><form id=""langsi"" lang=""ceb"">langsi</form>
<hom>
<sense n=""0""><trans> <xr lang=""ceb"" target=""#langsa"">= <sc>langsa</sc>.</xr>
</trans>
</sense></hom></entry>");
INSERT INTO `wced_head` (entryid, head, normalized_head, type, pos) VALUES (10827, "langsi", "langsi", "m", "");
INSERT INTO `wced_entry` VALUES (10828, "langsub", "577", "<entry page=""577"" id=""10828""><form id=""langsub"" lang=""ceb"">langsub</form>
<hom role=""a""><pos>a</pos>
<sense n=""0""><trans> for an area to be shady and dark, <pb n=""578""/>either because it is depressed below the surrounding land or because it is surrounded by tall trees. </trans>
<eg><i lang=""ceb"">Ságad sa lugar nga langsub bugnaw,</i><trans> A depressed or shaded area tends to be cool. </trans></eg>
</sense></hom>
<hom role=""v""><pos>v</pos>
<sense n=""0""> <itype>[B]</itype><trans> for an area to be shady because of its depressed situation or the trees surrounding it. </trans>
<eg><i lang=""ceb"">Ang mga dagkung káhuy mauy nakalangsub áning inyung sular,</i><trans> The trees make your lot shady.
</trans></eg>
</sense></hom></entry>");
INSERT INTO `wced_head` (entryid, head, normalized_head, type, pos) VALUES (10828, "langsub", "langsub", "m", "av");
INSERT INTO `wced_entry` VALUES (10829, "langtaw", "578", "<entry page=""578"" id=""10829""><form id=""langtaw"" lang=""ceb"">langtaw</form>
<hom role=""v""><pos>v</pos>
<sense n=""1""><number>1</number> <itype>[AN13; a2]</itype><trans> see, look at s.t. in a distance. </trans>
<eg><i lang=""ceb"">Lantáwa ang búkid ug gigabúnan ba,</i><trans> Look at the mountain and see if it is shrouded in mist. </trans></eg>
<eg><i lang=""ceb"">Nalantawan ku sa ákung gitindúgan ang pag-abut níya,</i><trans> I could see him coming from where I was standing. </trans></eg>
</sense>
<sense n=""1a""><number>1a</number> <itype>[A; a12]</itype><trans> watch a movie or stage performance. </trans>
<eg><i lang=""ceb"">Mulantaw kag sini rung gabíi?</i><trans> Will you see a movie tonight? </trans></eg>
</sense>
<sense n=""2""><number>2</number> <itype>[A; a2b2]</itype><trans> look to the future, perceive with foresight. </trans>
<eg><i lang=""ceb"">Lantáwun mu ang kaugmáun ug panagána,</i><trans> Look to the future and be prepared. </trans></eg>
<eg><i lang=""ceb"">Nalantawan ku nga kanang trabahúa walay kauswágan,</i><trans> I have perceived that that job offers no advancement. </trans></eg>
</sense>
<sense n=""3""><number>3</number> <itype>[A; a12]</itype><trans> look after. </trans>
<eg><i lang=""ceb"">Akuy mulantaw sa bátà ug mulakaw ka,</i><trans> I will look after the child if you go out. </trans></eg>
<eg><i lang=""ceb"">Lantáwa ang ákung sinugba nga isdà arun dílì mapágud,</i><trans> Keep watching my broiled fish to see that it doesn’t get burnt. </trans></eg>
</sense></hom>
<entry><form id=""langtawan_langtawanan"" lang=""ceb""><abbr expan=""langtawan"">-an(→)</abbr>, <abbr expan=""langtawanan"">-anan</abbr></form>
<hom role=""n""><pos>n</pos>
<sense n=""0""><trans> an elevated place which affords a good view. </trans>
</sense></hom></entry>
<entry><form id=""panglangtaw"" lang=""ceb""><abbr expan=""panglangtaw"">paN-</abbr></form>
<hom role=""n""><pos>n</pos>
<sense n=""0""><trans> <tr>foresight</tr>. </trans>
<eg><i lang=""ceb"">Kanang ímung paági kúlang sa panglantaw,</i><trans> Your procedure lacks foresight.
</trans></eg>
</sense></hom></entry></entry>");
INSERT INTO `wced_head` (entryid, head, normalized_head, type, pos) VALUES (10829, "langtaw", "langtaw", "m", "v");
INSERT INTO `wced_head` (entryid, head, normalized_head, type, pos) VALUES (10829, "langtawan", "langtawan", "s", "n");
INSERT INTO `wced_head` (entryid, head, normalized_head, type, pos) VALUES (10829, "langtawanan", "langtawanan", "s", "n");
INSERT INTO `wced_head` (entryid, head, normalized_head, type, pos) VALUES (10829, "panglangtaw", "panglangtaw", "s", "n");
INSERT INTO `wced_translation` (entryid, translation) VALUES (10829, "foresight");
INSERT INTO `wced_entry` VALUES (10830, "langtu", "578", "<entry page=""578"" id=""10830""><form id=""langtu"" lang=""ceb"">langtu</form>
<hom role=""a""><pos>a</pos>
<sense n=""0""><trans> having the smell of green beans, spinach, burned feathers, hair, nails, and some kinds of plastic. </trans>
<eg><i lang=""ceb"">Ayaw pagsúnug ug balhíbu kay langtu kaáyu ang báhù,</i><trans> Don’t burn feathers because the odor is very disagreeable. </trans></eg>
</sense></hom>
<hom role=""v""><pos>v</pos>
<sense n=""0""> <itype>[B1; b6]</itype><trans> get this particular smell. </trans>
<eg><i lang=""ceb"">Ang balátung mauy nakalangtu (nakapalangtu) sa linat-an,</i><trans> The string beans made the stew taste peculiar.
</trans></eg>
</sense></hom></entry>");
INSERT INTO `wced_head` (entryid, head, normalized_head, type, pos) VALUES (10830, "langtu", "langtu", "m", "av");
INSERT INTO `wced_entry` VALUES (10831, "langtung", "578", "<entry page=""578"" id=""10831""><form id=""langtung"" lang=""ceb"">langtung</form>
<hom role=""n""><pos>n</pos>
<sense n=""0""><trans> the point in the tide where the highest level is reached and when it is about to start going out again. </trans>
</sense></hom>
<entry><form id=""langtung_sa_hunas"" lang=""ceb""><abbr expan=""langtung"">—</abbr> sa hunas</form>
<hom>
<sense n=""0""><trans> point in the tide where the lowest level is reached before it begins to come in again. </trans>
</sense></hom>
<hom role=""v""><pos>v</pos>
<sense n=""0""> <itype>[B3N; b6]</itype><trans> for the tide to reach its highest point. </trans>
<eg><i lang=""ceb"">Ug mulantung ang dágat muabut giyud sa ílang tugkaran ang túbig,</i><trans> At the highest point the tide reaches their front yard.
</trans></eg>
</sense></hom></entry></entry>");
INSERT INTO `wced_head` (entryid, head, normalized_head, type, pos) VALUES (10831, "langtung", "langtung", "m", "n");
INSERT INTO `wced_head` (entryid, head, normalized_head, type, pos) VALUES (10831, "langtung sa hunas", "langtung sa hunas", "s", "v");
INSERT INTO `wced_entry` VALUES (10832, "langu", "578", "<entry page=""578"" id=""10832""><form id=""languq"" lang=""ceb"">langù</form>
<hom role=""a""><pos>a</pos>
<sense n=""1""><number>1</number><trans> dizzy due to poisoning. </trans>
</sense>
<sense n=""2""><number>2</number><trans> <tr>drunk</tr> (slang). </trans>
</sense></hom>
<hom role=""v""><pos>v</pos>
<sense n=""1""><number>1</number> <itype>[B12; b6]</itype><trans> be, become dizzy due to poisoning. </trans>
<eg><i lang=""ceb"">Nalangù ang iring human makakaun sa hilu,</i><trans> The cat became dizzy after eating the poison. </trans></eg>
</sense>
<sense n=""2""><number>2</number> <itype>[A1P; a]</itype><trans> make s.o. drunk. </trans>
<eg><i lang=""ceb"">Kadtung ikaduhang lungnik mauy naglangù (nagpalangù) nákù,</i><trans> The second fifth sure made me drunk.
</trans></eg>
</sense></hom></entry>");
INSERT INTO `wced_head` (entryid, head, normalized_head, type, pos) VALUES (10832, "langù", "langu", "m", "av");
INSERT INTO `wced_translation` (entryid, translation) VALUES (10832, "drunk");
INSERT INTO `wced_entry` VALUES (10833, "lang-u", "578", "<entry page=""578"" id=""10833""><form id=""lang-u"" lang=""ceb"">lang-u</form>
<hom role=""a""><pos>a</pos>
<sense n=""0""><trans> having a dank, unpleasant smell. </trans>
<eg><i lang=""ceb""><sic>Lan-u</sic> ang básung giimnan sa bátang nagsuwag inun-únan,</i><trans> The glass that the child drank from after he ate the vinegarized fish has a dank smell. </trans></eg>
</sense></hom>
<hom role=""v""><pos>v</pos>
<sense n=""0""> <itype>[B; b6]</itype><trans> develop a dank smell. </trans>
<eg><i lang=""ceb"">Mulang-u ang trápung way laba,</i><trans> A rag will develop a dank smell if you don’t wash it. </trans></eg>
</sense></hom>
<entry><form id=""kalang-u"" lang=""ceb""><abbr expan=""kalang-u"">ka-</abbr></form>
<hom role=""n""><pos>n</pos>
<sense n=""0""><trans> <tr>foul smell</tr>. </trans>
<eg><i lang=""ceb"">Ang Láyipbuy makakúhà sa kalang-u sa láwas,</i><trans> Lifebuoy can get rid of body odor.
</trans></eg>
</sense></hom></entry></entry>");
INSERT INTO `wced_head` (entryid, head, normalized_head, type, pos) VALUES (10833, "lang-u", "lang-u", "m", "av");
INSERT INTO `wced_head` (entryid, head, normalized_head, type, pos) VALUES (10833, "kalang-u", "kalang-u", "s", "n");
INSERT INTO `wced_translation` (entryid, translation) VALUES (10833, "foul smell");
INSERT INTO `wced_entry` VALUES (10834, "langub", "578", "<entry page=""578"" id=""10834""><form id=""laxngub"" lang=""ceb"">lángub</form>
<hom role=""n""><pos>n</pos>
<sense n=""0""><trans> <tr>cave</tr>. </trans>
</sense></hom>
<hom role=""v""><pos>v</pos>
<sense n=""0""> <itype>[B1256; a12]</itype><trans> become, make into a cave.
</trans>
</sense></hom></entry>");
INSERT INTO `wced_head` (entryid, head, normalized_head, type, pos) VALUES (10834, "lángub", "langub", "m", "nv");
INSERT INTO `wced_translation` (entryid, translation) VALUES (10834, "cave");
INSERT INTO `wced_entry` VALUES (10835, "lang-ug", "578", "<entry page=""578"" id=""10835""><form id=""lang-ug"" lang=""ceb"">lang-ug</form>
<hom role=""a""><pos>a</pos>
<sense n=""0""><trans> having the putrid smell of severe halitosis. </trans>
<eg><i lang=""ceb"">Lang-ug ang bàbà ug bag-ung mata ug dì makapanutbras,</i><trans> A person that has just woke up has awful halitosis until he brushes his teeth. </trans></eg>
</sense></hom>
<hom role=""v""><pos>v</pos>
<sense n=""0""> <itype>[B]</itype><trans> get a foul smell. </trans>
<eg><i lang=""ceb"">Mulan-ug ang túbig sa bangà ug dílì kailísan,</i><trans> The water in the jar will turn foul if you don’t change it.
</trans></eg>
</sense></hom></entry>");
INSERT INTO `wced_head` (entryid, head, normalized_head, type, pos) VALUES (10835, "lang-ug", "lang-ug", "m", "av");
INSERT INTO `wced_entry` VALUES (10836, "langut", "578", "<entry page=""578"" id=""10836""><form id=""laxngut"" lang=""ceb"">lángut</form>
<hom role=""v""><pos>v</pos>
<sense n=""0""> <itype>[A2; b]</itype><trans> stick to work until it is done. </trans>
<eg><i lang=""ceb"">Tiwas dáyun nà ug langútan nákù ug tulu ka úras,</i><trans> It’ll get done quickly if I stick to it for three hours.
</trans></eg>
</sense></hom></entry>");
INSERT INTO `wced_head` (entryid, head, normalized_head, type, pos) VALUES (10836, "lángut", "langut", "m", "v");
INSERT INTO `wced_entry` VALUES (10837, "languy", "578", "<entry page=""578"" id=""10837""><form id=""languy"" lang=""ceb"">languy</form>
<hom role=""v""><pos>v</pos>
<sense n=""1""><number>1</number> <itype>[A; ac]</itype><trans> <tr>swim</tr>. </trans>
<eg><i lang=""ceb"">Gikalambrihan siya samtang naglanguy,</i><trans> He had an attack of cramps while he was swimming. </trans></eg>
</sense>
<sense n=""2""><number>2</number> <itype>[A13]</itype><trans> float as if swimming. </trans>
<eg><i lang=""ceb"">Ayawg isirbi ang sud-ang naglanguy sa mantíkà,</i><trans> Don’t serve food that’s swimming in fat. </trans></eg>
</sense>
<sense n=""3""><number>3</number> <itype>[b8]</itype><trans> for soup to be too dilute. </trans>
<eg><i lang=""ceb"">Grábi sab ka makasabaw kalanguyan man,</i><trans> How terrible the soup is! You could practically swim in it. </trans></eg>
</sense></hom>
<entry><form id=""laxnguy"" lang=""ceb""><abbr expan=""lánguy"">(←)</abbr></form>
<hom role=""v""><pos>v</pos>
<sense n=""0""> <itype>[A12]</itype><trans> swim for pleasure. </trans>
</sense></hom>
<hom role=""n""><pos>n</pos>
<sense n=""1""><number>1</number><trans> action of swimming. </trans>
<eg><i lang=""ceb"">Ang ámung lánguy niadtung Duminggu,</i><trans> Our swim last Sunday. </trans></eg>
</sense>
<sense n=""2""><number>2</number><trans> swimming contest. </trans>
</sense></hom></entry>
<entry><form id=""linangyan"" lang=""ceb"">linangyan</form>
<hom role=""n""><pos>n</pos>
<sense n=""0""><trans> style of swimming.
</trans>
</sense></hom></entry></entry>");
INSERT INTO `wced_head` (entryid, head, normalized_head, type, pos) VALUES (10837, "languy", "languy", "m", "v");
INSERT INTO `wced_head` (entryid, head, normalized_head, type, pos) VALUES (10837, "lánguy", "languy", "s", "vn");
INSERT INTO `wced_head` (entryid, head, normalized_head, type, pos) VALUES (10837, "linangyan", "linangyan", "s", "n");
INSERT INTO `wced_translation` (entryid, translation) VALUES (10837, "swim");
INSERT INTO `wced_entry` VALUES (10838, "langyaw", "578", "<entry page=""578"" id=""10838""><form id=""langyaw"" lang=""ceb"">langyaw</form>
<hom role=""v""><pos>v</pos>
<sense n=""1""><number>1</number> <itype>[A; b6]</itype><trans> <tr>travel abroad</tr>. </trans>
<eg><i lang=""ceb"">Mulangyaw ku inigkahíkay sa paspurt,</i><trans> I’m going abroad as soon as my passport is ready. </trans></eg>
</sense>
<sense n=""2""><number>2</number> <itype>[A2; b6]</itype><trans> emigrate. </trans>
<eg><i lang=""ceb"">Mulangyaw sila sa Mindanaw,</i><trans> They will emigrate to Mindanao. </trans></eg>
</sense></hom>
<hom role=""n""><pos>n</pos>
<sense n=""0""><trans> foreigner. </trans>
</sense></hom>
<entry><form id=""buhatang_kalihuxkang_langyaw"" lang=""ceb"">buhatang, kalihúkang <abbr expan=""langyaw"">—</abbr></form>
<hom>
<sense n=""0""><trans> Department of Foreign Affairs. </trans>
</sense>
<sense n=""2""><number>2</number><trans> extra-marital relations (humorous). </trans>
<eg><i lang=""ceb"">Human sa trabáhu dílì pa nà siya mupaúlì kay dúna pay kalihúkang langyaw nga atimanun,</i><trans> After work he doesn’t go directly home because he still has some foreign relations to attend. </trans></eg>
</sense></hom></entry>
<entry><form id=""langyaw_nga_kalabuxtan"" lang=""ceb""><abbr expan=""langyaw"">—</abbr> nga kalabútan</form>
<hom>
<sense n=""0""><trans> foreign affairs.
</trans>
</sense></hom></entry></entry>");
INSERT INTO `wced_head` (entryid, head, normalized_head, type, pos) VALUES (10838, "langyaw", "langyaw", "m", "vn");
INSERT INTO `wced_head` (entryid, head, normalized_head, type, pos) VALUES (10838, "buhatang", "buhatang", "s", "");
INSERT INTO `wced_head` (entryid, head, normalized_head, type, pos) VALUES (10838, "kalihúkang langyaw", "kalihukang langyaw", "s", "");
INSERT INTO `wced_head` (entryid, head, normalized_head, type, pos) VALUES (10838, "langyaw nga kalabútan", "langyaw nga kalabutan", "s", "");
INSERT INTO `wced_translation` (entryid, translation) VALUES (10838, "travel abroad");
INSERT INTO `wced_entry` VALUES (10839, "lanipga", "578", "<entry page=""578"" id=""10839""><form id=""lanipgaq"" lang=""ceb"">lanipgà</form>
<hom role=""n""><pos>n</pos>
<sense n=""0""><trans> forest tree with wood that smells like cedar, used for making cigar boxes, finger boards for guitars, et al.: <bio>Toona calantas</bio>.
</trans>
</sense></hom></entry>");
INSERT INTO `wced_head` (entryid, head, normalized_head, type, pos) VALUES (10839, "lanipgà", "lanipga", "m", "n");
INSERT INTO `wced_entry` VALUES (10840, "lanit", "578", "<entry page=""578"" id=""10840""><form id=""lanit"" lang=""ceb"">lanit</form>
<hom role=""v""><pos>v</pos>
<sense n=""0""> <itype>[A; a]</itype><trans> <tr>grab</tr> s.t., usually with speed. </trans>
<eg><i lang=""ceb"">Milanit siya sa íyang amirkána ug miadtu sa huspital,</i><trans> He grabbed his coat and went <pb n=""579""/>to the hospital. </trans></eg>
<eg><i lang=""ceb"">Gilanit ang íyang pitáka sa kawatan,</i><trans> The thief snatched her purse. </trans></eg>
<eg><i lang=""ceb"">Gilanitan ku níya sa íyang pistúla,</i><trans> He drew his gun on me.
</trans></eg>
</sense></hom></entry>");
INSERT INTO `wced_head` (entryid, head, normalized_head, type, pos) VALUES (10840, "lanit", "lanit", "m", "v");
INSERT INTO `wced_translation` (entryid, translation) VALUES (10840, "grab");
INSERT INTO `wced_entry` VALUES (10841, "laniw", "579", "<entry page=""579"" id=""10841""><form id=""laniw"" lang=""ceb"">laniw</form>
<hom role=""n""><pos>n</pos>
<sense n=""0""><trans> k.o. small <tr>flying fish</tr>, smaller than the <ix>barúnguy</ix> and <ix>bangsi</ix>.
</trans>
</sense></hom></entry>");
INSERT INTO `wced_head` (entryid, head, normalized_head, type, pos) VALUES (10841, "laniw", "laniw", "m", "n");
INSERT INTO `wced_translation` (entryid, translation) VALUES (10841, "flying fish");
INSERT INTO `wced_entry` VALUES (10842, "lankay", "579", "<entry page=""579"" id=""10842""><form id=""lankay"" lang=""ceb"">lankay</form>
<hom>
<sense n=""0""><trans> <xr lang=""ceb"" target=""#langkay"">= <sc>langkay</sc>.</xr>
</trans>
</sense></hom></entry>");
INSERT INTO `wced_head` (entryid, head, normalized_head, type, pos) VALUES (10842, "lankay", "lankay", "m", "");
INSERT INTO `wced_entry` VALUES (10843, "lanlan", "579", "<entry page=""579"" id=""10843""><form id=""lanlan"" lang=""ceb"">lanlan</form>
<hom role=""v""><pos>v</pos>
<sense n=""0""> <itype>[A; a12]</itype><trans> </trans>
</sense>
<sense n=""1""><number>1</number><trans> eat food usually taken with rice or corn (<ix>sud-an</ix>) all alone. </trans>
<eg><i lang=""ceb"">Mulanlan siya sa isdà úsà mukáun sa kan-un,</i><trans> He eats the fish and then eats his rice afterwards. </trans></eg>
<eg><i lang=""ceb"">Mau ra niy bulad, ayaw ug lanlána,</i><trans> This is all the dried fish we have. Don’t eat it without rice. </trans></eg>
</sense>
<sense n=""2""><number>2</number><trans> by extension, eat s.t. alone that usually accompanies s.t. else. </trans>
<eg><i lang=""ceb"">Mulanlan lang siyag dyam nga way pán,</i><trans> He eats jam all alone without bread.
</trans></eg>
</sense></hom></entry>");
INSERT INTO `wced_head` (entryid, head, normalized_head, type, pos) VALUES (10843, "lanlan", "lanlan", "m", "v");
INSERT INTO `wced_entry` VALUES (10844, "lanlidi", "579", "<entry page=""579"" id=""10844""><form id=""lanlixdi"" lang=""ceb"">lanlídi</form>
<hom role=""n""><pos>n</pos>
<sense n=""0""><trans> <tr>landlady</tr> of a rooming or boarding house. </trans>
</sense></hom>
<hom role=""v""><pos>v</pos>
<sense n=""0""> <itype>[A13]</itype><trans> be a landlady.
</trans>
</sense></hom></entry>");
INSERT INTO `wced_head` (entryid, head, normalized_head, type, pos) VALUES (10844, "lanlídi", "lanlidi", "m", "nv");
INSERT INTO `wced_translation` (entryid, translation) VALUES (10844, "landlady");
INSERT INTO `wced_entry` VALUES (10845, "lansa", "579", "<entry page=""579"" id=""10845""><form id=""lansa"" lang=""ceb"">lansa</form>
<hom role=""n""><pos>n</pos>
<sense n=""0""><trans> <tr>launch</tr>. </trans>
</sense></hom>
<hom role=""v""><pos>v</pos>
<sense n=""0""> <itype>[A13; a12]</itype><trans> go or travel by launch. </trans>
<eg><i lang=""ceb"">Maglansa mi pag-adtu sa Buhul,</i><trans> We will travel by launch to Bohol.
</trans></eg>
</sense></hom></entry>");
INSERT INTO `wced_head` (entryid, head, normalized_head, type, pos) VALUES (10845, "lansa", "lansa", "m", "nv");
INSERT INTO `wced_translation` (entryid, translation) VALUES (10845, "launch");
INSERT INTO `wced_entry` VALUES (10846, "lansad", "579", "<entry page=""579"" id=""10846""><form id=""lansad"" lang=""ceb"">lansad</form>
<hom>
<sense n=""0""><trans> <xr lang=""ceb"" target=""#langsad"">= <sc>langsad</sc>.</xr>
</trans>
</sense></hom></entry>");
INSERT INTO `wced_head` (entryid, head, normalized_head, type, pos) VALUES (10846, "lansad", "lansad", "m", "");
INSERT INTO `wced_entry` VALUES (10847, "lansadira", "579", "<entry page=""579"" id=""10847""><form id=""lansadixra"" lang=""ceb"">lansadíra</form>
<hom role=""n""><pos>n</pos>
<sense n=""1""><number>1</number><trans> <tr>shuttle</tr> in weaving. </trans>
</sense>
<sense n=""2""><number>2</number><trans> case for the bobbin in a sewing machine. </trans>
</sense></hom>
<hom role=""v""><pos>v</pos>
<sense n=""0""> <itype>[A13; b6(1)]</itype><trans> make into, attach, use a shuttle.
</trans>
</sense></hom></entry>");
INSERT INTO `wced_head` (entryid, head, normalized_head, type, pos) VALUES (10847, "lansadíra", "lansadira", "m", "nv");
INSERT INTO `wced_translation` (entryid, translation) VALUES (10847, "shuttle");
INSERT INTO `wced_entry` VALUES (10848, "lansalira", "579", "<entry page=""579"" id=""10848""><form id=""lansalixra"" lang=""ceb"">lansalíra</form>
<hom>
<sense n=""0""><trans> <xr lang=""ceb"" target=""#lansadixra"">= <sc>lansadíra</sc>.</xr>
</trans>
</sense></hom></entry>");
INSERT INTO `wced_head` (entryid, head, normalized_head, type, pos) VALUES (10848, "lansalíra", "lansalira", "m", "");
INSERT INTO `wced_entry` VALUES (10849, "lansang", "579", "<entry page=""579"" id=""10849""><form id=""lansang"" lang=""ceb"">lansang</form>
<hom role=""n""><pos>n</pos>
<sense n=""1""><number>1</number><trans> <tr>nail</tr>. </trans>
<eg><i lang=""ceb"">Lansang sa kabáyù,</i><trans> Nail for a horseshoe. </trans></eg>
</sense>
<sense n=""2""><number>2</number><trans> dried anchovies (slang). </trans>
</sense></hom>
<hom role=""v""><pos>v</pos>
<sense n=""1""><number>1</number> <itype>[A; c]</itype><trans> drive a nail, nail. </trans>
<eg><i lang=""ceb"">Dì na ni maukang kay gilansángan,</i><trans> You can’t get this off because it is nailed down. </trans></eg>
<eg><i lang=""ceb"">Ilansang sa bungbung ang kahun arun dílì mahúlug,</i><trans> Nail the box to the wall so it won’t fall. </trans></eg>
</sense>
<sense n=""2""><number>2</number> <itype>[a12]</itype><trans> sit or stand rooted to a place, as if nailed. </trans>
<eg><i lang=""ceb"">Gilansang ku sa ákung gilingkúran sa kalísang,</i><trans> I sat nailed to my seat in fright. </trans></eg>
</sense>
<sense n=""2a""><number>2a</number> <itype>[a3]</itype><trans> for the gaze to be fixed, as if nailed. </trans>
<eg><i lang=""ceb"">Ang íyang mga mata nalansang didtu sa dalága,</i><trans> His eyes were glued to the maiden. </trans></eg>
</sense>
<sense n=""2b""><number>2b</number> <itype>[c6]</itype><trans> be fixed at a certain quantity, as if nailed. </trans>
<eg><i lang=""ceb"">Gilansang sa diyis ang ámung iskur, hangtud nahuman,</i><trans> Our score was stuck at ten points to the very end. </trans></eg>
</sense>
<sense n=""3""><number>3</number> <itype>[A; b4]</itype><trans> get a tire puncture from nails. </trans>
<eg><i lang=""ceb"">Lansángan ang dyip nga dì mubigay,</i><trans> If you don’t give protection money, they’ll puncture the tires of your jeep.
</trans></eg>
</sense></hom></entry>");
INSERT INTO `wced_head` (entryid, head, normalized_head, type, pos) VALUES (10849, "lansang", "lansang", "m", "nv");
INSERT INTO `wced_translation` (entryid, translation) VALUES (10849, "nail");
INSERT INTO `wced_entry` VALUES (10850, "lansar", "579", "<entry page=""579"" id=""10850""><form id=""lansar"" lang=""ceb"">lansar</form>
<hom>
<sense n=""0""><trans> <xr lang=""ceb"" target=""#langsad"">= <sc>langsad</sc>, <ix>1.</ix></xr>
</trans>
</sense></hom></entry>");
INSERT INTO `wced_head` (entryid, head, normalized_head, type, pos) VALUES (10850, "lansar", "lansar", "m", "");
INSERT INTO `wced_entry` VALUES (10851, "lansarira", "579", "<entry page=""579"" id=""10851""><form id=""lansarixra"" lang=""ceb"">lansaríra</form>
<hom>
<sense n=""0""><trans> <xr lang=""ceb"" target=""#lansadixra"">= <sc>lansadíra</sc>.</xr>
</trans>
</sense></hom></entry>");
INSERT INTO `wced_head` (entryid, head, normalized_head, type, pos) VALUES (10851, "lansaríra", "lansarira", "m", "");
INSERT INTO `wced_entry` VALUES (10852, "lansaru", "579", "<entry page=""579"" id=""10852""><form id=""lansaru"" lang=""ceb"">lansaru</form>
<hom role=""n""><pos>n</pos>
<sense n=""0""><trans> <tr>leprosy</tr>. </trans>
</sense></hom>
<hom role=""v""><pos>v</pos>
<sense n=""0""> <itype>[a4]</itype><trans> be affected with leprosy. </trans>
</sense></hom>
<entry><form id=""lansaruun_lansaruhun"" lang=""ceb"">lansaruun, lansaruhun</form>
<hom role=""n""><pos>n</pos>
<sense n=""0""><trans> leper. </trans>
</sense></hom>
<hom role=""v""><pos>v</pos>
<sense n=""0""> <itype>[B1256]</itype><trans> become a leper.
</trans>
</sense></hom></entry></entry>");
INSERT INTO `wced_head` (entryid, head, normalized_head, type, pos) VALUES (10852, "lansaru", "lansaru", "m", "nv");
INSERT INTO `wced_head` (entryid, head, normalized_head, type, pos) VALUES (10852, "lansaruun", "lansaruun", "s", "nv");
INSERT INTO `wced_head` (entryid, head, normalized_head, type, pos) VALUES (10852, "lansaruhun", "lansaruhun", "s", "nv");
INSERT INTO `wced_translation` (entryid, translation) VALUES (10852, "leprosy");
INSERT INTO `wced_entry` VALUES (10853, "lansilira", "579", "<entry page=""579"" id=""10853""><form id=""lansilixra"" lang=""ceb"">lansilíra</form>
<hom>
<sense n=""0""><trans> <xr lang=""ceb"" target=""#lansadixra"">= <sc>lansadíra</sc>.</xr>
</trans>
</sense></hom></entry>");
INSERT INTO `wced_head` (entryid, head, normalized_head, type, pos) VALUES (10853, "lansilíra", "lansilira", "m", "");
INSERT INTO `wced_entry` VALUES (10854, "lansis", "579", "<entry page=""579"" id=""10854""><form id=""lansis"" lang=""ceb"">lansis</form>
<hom role=""v""><pos>v</pos>
<sense n=""0""> <itype>[AN2; b]</itype><trans> tell a <tr>lie</tr> about what one is doing when one is actually doing s.t. else, make a lying excuse. </trans>
<eg><i lang=""ceb"">Nanlansis siya paghulam ug libru apan namisíta diay,</i><trans> He came on the pretext of borrowing a book, but he actually wanted to visit my daughter. </trans></eg>
<eg><i lang=""ceb"">Unsa may átung ilansis sa maistru ug pangutan-un ta?</i><trans> What excuse will we give the teacher if he asks us? </trans></eg>
</sense></hom>
<hom role=""n""><pos>n</pos>
<sense n=""0""><trans> lie told to disguise one’s actions.
</trans>
</sense></hom></entry>");
INSERT INTO `wced_head` (entryid, head, normalized_head, type, pos) VALUES (10854, "lansis", "lansis", "m", "vn");
INSERT INTO `wced_translation` (entryid, translation) VALUES (10854, "lie");
INSERT INTO `wced_entry` VALUES (10855, "lansita", "579", "<entry page=""579"" id=""10855""><form id=""lansixta"" lang=""ceb"">lansíta</form>
<hom role=""n""><pos>n</pos>
<sense n=""0""><trans> small <tr>launch</tr>.
</trans>
</sense></hom></entry>");
INSERT INTO `wced_head` (entryid, head, normalized_head, type, pos) VALUES (10855, "lansíta", "lansita", "m", "n");
INSERT INTO `wced_translation` (entryid, translation) VALUES (10855, "launch");
INSERT INTO `wced_entry` VALUES (10856, "lansiyang", "579", "<entry page=""579"" id=""10856""><form id=""lansixyang"" lang=""ceb"">lansíyang</form>
<hom>
<sense n=""0""><trans> <xr lang=""ceb"" target=""#galansixyang"">= <sc>galansíyang</sc>.</xr>
</trans>
</sense></hom></entry>");
INSERT INTO `wced_head` (entryid, head, normalized_head, type, pos) VALUES (10856, "lansíyang", "lansiyang", "m", "");
INSERT INTO `wced_entry` VALUES (10857, "lanslayid", "579", "<entry page=""579"" id=""10857""><form id=""lanslayid"" lang=""ceb"">lanslayid</form>
<hom role=""n""><pos>n</pos>
<sense n=""0""><trans> <tr>landslide</tr>. </trans>
</sense></hom>
<hom role=""v""><pos>v</pos>
<sense n=""0""> <itype>[A; b4]</itype><trans> for there to be a landslide. </trans>
<eg><i lang=""ceb"">Ang tibuuk lungsud gilanslayran sa mga dagkung batu ug yútà,</i><trans> The whole town was buried under a landslide of rocks and earth.
</trans></eg>
</sense></hom></entry>");
INSERT INTO `wced_head` (entryid, head, normalized_head, type, pos) VALUES (10857, "lanslayid", "lanslayid", "m", "nv");
INSERT INTO `wced_translation` (entryid, translation) VALUES (10857, "landslide");
INSERT INTO `wced_entry` VALUES (10858, "lansu, lansun", "579", "<entry page=""579"" id=""10858""><form id=""lansu_lansun"" lang=""ceb"">lansu, lansun</form>
<hom role=""n""><pos>n</pos>
<sense n=""0""><trans> thin, white, coarsely woven cotton <tr>fabric</tr>. </trans>
</sense></hom>
<hom role=""v""><pos>v</pos>
<sense n=""0""> <itype>[A; c1]</itype><trans> use <ix>lansu</ix>. </trans>
<eg><i lang=""ceb"">Pubri man, dì maglansu lang,</i><trans> I’m poor, so I wear <ix>lansu</ix>.
</trans></eg>
</sense></hom></entry>");
INSERT INTO `wced_head` (entryid, head, normalized_head, type, pos) VALUES (10858, "lansu", "lansu", "s", "nv");
INSERT INTO `wced_head` (entryid, head, normalized_head, type, pos) VALUES (10858, "lansun", "lansun", "s", "nv");
INSERT INTO `wced_translation` (entryid, translation) VALUES (10858, "fabric");
INSERT INTO `wced_entry` VALUES (10859, "lansunis", "579", "<entry page=""579"" id=""10859""><form id=""lansuxnis"" lang=""ceb"">lansúnis</form>
<hom role=""n""><pos>n</pos>
<sense n=""0""><trans> tall, slender <tr>tree</tr> bearing a fruit of commercial importance. The fruit is whitish-yellow, up to </trans>
</sense>
<sense n=""6""><number>6</number><trans> cm. long, growing in bunches from stalks which come out of the larger branches and trunk, and has juicy translucent pulp encasing one or two irregularly-shaped seeds: <bio>Lansium domesticum</bio>.
</trans>
</sense></hom></entry>");
INSERT INTO `wced_head` (entryid, head, normalized_head, type, pos) VALUES (10859, "lansúnis", "lansunis", "m", "n");
INSERT INTO `wced_translation` (entryid, translation) VALUES (10859, "tree");
INSERT INTO `wced_entry` VALUES (10860, "lanta", "579", "<entry page=""579"" id=""10860""><form id=""lanta"" lang=""ceb"">lanta</form>
<hom role=""n""><pos>n</pos>
<sense n=""0""><trans> <tr>dressing</tr> for open wounds consisting of absorbent cotton soaked in a mixture of lime, vinegar, and coconut oil. </trans>
</sense></hom>
<hom role=""v""><pos>v</pos>
<sense n=""0""> <itype>[A13; a12]</itype><trans> make such a dressing. </trans>
</sense></hom>
<entry><form id=""linanta_nilanta"" lang=""ceb""><abbr expan=""linanta"">-in-</abbr>, <abbr expan=""nilanta"">ni-</abbr></form>
<hom>
<sense n=""0""><trans> <xr lang=""ceb"" target=""#lanta"">= <sc>lanta</sc>, <i lang=""ceb"">n</i>.</xr>
</trans>
</sense></hom></entry></entry>");
INSERT INTO `wced_head` (entryid, head, normalized_head, type, pos) VALUES (10860, "lanta", "lanta", "m", "nv");
INSERT INTO `wced_head` (entryid, head, normalized_head, type, pos) VALUES (10860, "linanta", "linanta", "s", "");
INSERT INTO `wced_head` (entryid, head, normalized_head, type, pos) VALUES (10860, "nilanta", "nilanta", "s", "");
INSERT INTO `wced_translation` (entryid, translation) VALUES (10860, "dressing");
INSERT INTO `wced_entry` VALUES (10861, "lantaka, lantaka", "579", "<entry page=""579"" id=""10861""><form id=""lantaxka_lantaxkaq"" lang=""ceb"">lantáka, lantákà</form>
<hom>
<sense n=""0""><trans> <xr lang=""ceb"" target=""#luthang"">= <sc>luthang</sc>, <i lang=""ceb"">n2.</i></xr> †
</trans>
</sense></hom></entry>");
INSERT INTO `wced_head` (entryid, head, normalized_head, type, pos) VALUES (10861, "lantáka", "lantaka", "s", "");
INSERT INTO `wced_head` (entryid, head, normalized_head, type, pos) VALUES (10861, "lantákà", "lantaka", "s", "");
INSERT INTO `wced_entry` VALUES (10862, "lantap1", "579", "<entry page=""579"" id=""10862""><form id=""lantap"" lang=""ceb"">lantap<sub>1</sub></form>
<hom role=""a""><pos>a</pos>
<sense n=""0""><trans> for liquids to have oil or streaks of oil on the surface. </trans>
<eg><i lang=""ceb"">Lantap kaáyu ang sabaw,</i><trans> Soup is full of oil. </trans></eg>
</sense></hom>
<hom role=""v""><pos>v</pos>
<sense n=""0""> <itype>[A; b]</itype><trans> for the surface of a liquid to be oily. </trans>
<eg><i lang=""ceb"">Naglantap ang dágat sa usik nga gasulína,</i><trans> The surface of the sea is full of oil because of the gasoline that spilled.
</trans></eg>
</sense></hom></entry>");
INSERT INTO `wced_head` (entryid, head, normalized_head, type, pos) VALUES (10862, "lantap", "lantap", "s", "av");
INSERT INTO `wced_entry` VALUES (10863, "lantap2", "579", "<entry page=""579"" id=""10863""><form id=""lantap2"" lang=""ceb"">lantap<sub>2</sub></form>
<hom role=""a""><pos>a</pos>
<sense n=""0""><trans> for the sea to be high and calm, as when the tide is coming in and there is no wind. </trans>
</sense></hom>
<hom role=""v""><pos>v</pos>
<sense n=""0""> <itype>[B2; b6]</itype><trans> for the sea to get high and calm.
</trans>
</sense></hom></entry>");
INSERT INTO `wced_head` (entryid, head, normalized_head, type, pos) VALUES (10863, "lantap", "lantap", "s", "av");
INSERT INTO `wced_entry` VALUES (10864, "lantaw", "579", "<entry page=""579"" id=""10864""><form id=""lantaw"" lang=""ceb"">lantaw</form>
<hom>
<sense n=""0""><trans> <xr lang=""ceb"" target=""#langtaw"">= <sc>langtaw</sc>.</xr>
</trans>
</sense></hom></entry>");
INSERT INTO `wced_head` (entryid, head, normalized_head, type, pos) VALUES (10864, "lantaw", "lantaw", "m", "");
INSERT INTO `wced_entry` VALUES (10865, "lantay", "579", "<entry page=""579"" id=""10865""><form id=""lantay"" lang=""ceb"">lantay</form>
<hom role=""n""><pos>n</pos>
<sense n=""0""><trans> anything with a top or bottom consisting of bamboo slats: a bed, table, tray, bench, shelf. </trans>
</sense></hom>
<hom role=""v""><pos>v</pos>
<sense n=""0""> <itype>[A13; a12]</itype><trans> put, make into a <ix>lantay</ix>.
</trans>
</sense></hom></entry>");
INSERT INTO `wced_head` (entryid, head, normalized_head, type, pos) VALUES (10865, "lantay", "lantay", "m", "nv");
INSERT INTO `wced_entry` VALUES (10866, "lantayug", "579", "<entry page=""579"" id=""10866""><form id=""lantaxyug"" lang=""ceb"">lantáyug</form>
<hom role=""a""><pos>a</pos>
<sense n=""0""><trans> growing very <tr>tall</tr>. </trans>
</sense></hom>
<hom role=""v""><pos>v</pos>
<sense n=""0""> <itype>[B]</itype><trans> grow very tall. </trans>
<eg><i lang=""ceb"">Mulantáyug ang lubi ug magúlang na,</i><trans> Coconut trees grow very tall when they get mature. </trans></eg>
<eg><i lang=""ceb"">Naglantáyug ka lang nga way buut,</i><trans> You may be tall, but you don’t have a grain of sense.
</trans></eg>
</sense></hom></entry>");
INSERT INTO `wced_head` (entryid, head, normalized_head, type, pos) VALUES (10866, "lantáyug", "lantayug", "m", "av");
INSERT INTO `wced_translation` (entryid, translation) VALUES (10866, "tall");
INSERT INTO `wced_entry` VALUES (10867, "lanti", "579", "<entry page=""579"" id=""10867""><form id=""lantiq"" lang=""ceb"">lantì</form>
<hom role=""a""><pos>a</pos>
<sense n=""0""><trans> <tr>clear</tr>, clearly defined with sharp edges and contrasts. </trans>
<eg><i lang=""ceb"">Lantì kaáyu ang makítà diri sa largabista,</i><trans> I see everything very clearly with the binoculars. </trans></eg>
</sense></hom>
<hom role=""v""><pos>v</pos>
<sense n=""0""> <itype>[B2; b6]</itype><trans> be, become clear. </trans>
<eg><i lang=""ceb"">Mulantì ang ákung panan-aw ug mag-antiyúhus,</i><trans> My vision becomes clear if I wear glasses.
</trans></eg>
</sense></hom></entry>");
INSERT INTO `wced_head` (entryid, head, normalized_head, type, pos) VALUES (10867, "lantì", "lanti", "m", "av");
INSERT INTO `wced_translation` (entryid, translation) VALUES (10867, "clear");
INSERT INTO `wced_entry` VALUES (10868, "lanting", "579", "<entry page=""579"" id=""10868""><form id=""lanting"" lang=""ceb"">lanting</form>
<hom role=""v""><pos>v</pos>
<sense n=""0""> <itype>[AC; ac]</itype><trans> for boats with no anchor or floats to tie up to or together with another <pb n=""580""/>boat. </trans>
<eg><i lang=""ceb"">Mulanting ku sa ímung sakayan kay walà kuy pundu,</i><trans> I will tie up to your boat because I don’t have an anchor. </trans></eg>
<eg><i lang=""ceb"">Lantíngun ta ning duha ka bátang arun makadaug nátù,</i><trans> Let us tie these two logs together so that they can carry us.
</trans></eg>
</sense></hom></entry>");
INSERT INTO `wced_head` (entryid, head, normalized_head, type, pos) VALUES (10868, "lanting", "lanting", "m", "v");
INSERT INTO `wced_entry` VALUES (10869, "lantip", "580", "<entry page=""580"" id=""10869""><form id=""lantip"" lang=""ceb"">lantip</form>
<hom role=""a""><pos>a</pos>
<sense n=""1""><number>1</number><trans> <tr>sharp</tr> of blade. </trans>
<eg><i lang=""ceb"">Lantip kaáyu ning kutsilyúha,</i><trans> This knife is very sharp. </trans></eg>
</sense>
<sense n=""2""><number>2</number><trans> sharp of mind. </trans>
<eg><i lang=""ceb"">Lantip ug salabútan,</i><trans> Having an incisive mind. </trans></eg>
</sense></hom>
<hom role=""v""><pos>v</pos>
<sense n=""0""> <itype>[B2; a2]</itype><trans> be, become sharp-edged or sharp of mind. </trans>
<eg><i lang=""ceb"">Kanang ímung binairan dílì makalantip (makapalantip) sa sundang,</i><trans> The machete will not get sharp the way you are doing it. </trans></eg>
</sense></hom>
<entry><form id=""linantip"" lang=""ceb""><abbr expan=""linantip"">-in-</abbr></form>
<hom role=""n""><pos>n</pos>
<sense n=""0""><trans> a bolo always kept sharp and not usually used for household chores. </trans>
</sense></hom></entry>
<entry><form id=""kalantip"" lang=""ceb""><abbr expan=""kalantip"">ka-</abbr></form>
<hom role=""n""><pos>n</pos>
<sense n=""0""><trans> sharpness, keenness of mind.
</trans>
</sense></hom></entry></entry>");
INSERT INTO `wced_head` (entryid, head, normalized_head, type, pos) VALUES (10869, "lantip", "lantip", "m", "av");
INSERT INTO `wced_head` (entryid, head, normalized_head, type, pos) VALUES (10869, "linantip", "linantip", "s", "n");
INSERT INTO `wced_head` (entryid, head, normalized_head, type, pos) VALUES (10869, "kalantip", "kalantip", "s", "n");
INSERT INTO `wced_translation` (entryid, translation) VALUES (10869, "sharp");
INSERT INTO `wced_entry` VALUES (10870, "lantsa", "580", "<entry page=""580"" id=""10870""><form id=""lantsa"" lang=""ceb"">lantsa</form>
<hom>
<sense n=""0""><trans> <xr lang=""ceb"" target=""#lansa"">= <sc>lansa</sc>.</xr>
</trans>
</sense></hom></entry>");
INSERT INTO `wced_head` (entryid, head, normalized_head, type, pos) VALUES (10870, "lantsa", "lantsa", "m", "");
INSERT INTO `wced_entry` VALUES (10871, "lantugay", "580", "<entry page=""580"" id=""10871""><form id=""lantugay"" lang=""ceb"">lantugay</form>
<hom role=""v""><pos>v</pos>
<sense n=""0""> <itype>[A12]</itype><trans> <tr>linger</tr>, <tr>dilly-dally</tr> over s.t. or at a place. </trans>
<eg><i lang=""ceb"">Dílì makalantugay ang ákung mga anak sa iskuylahan kay daghag búhat sa ámù,</i><trans> My children cannot afford to linger around after school because there are so many things to do at home. </trans></eg>
</sense></hom>
<entry><form id=""palantugay"" lang=""ceb""><abbr expan=""palantugay"">pa-</abbr></form>
<hom role=""v""><pos>v</pos>
<sense n=""0""> <itype>[A; b5c1]</itype><trans> <tr>linger</tr>, <tr>dilly-dally</tr>. </trans>
<eg><i lang=""ceb"">Hingkaadlawnan kanúnay ang bána pagpaúlì kay adtu man magpalantugay sa sugálan,</i><trans> The husband used to come home in the wee hours of the morning because he stayed late in the gambling den.
</trans></eg>
</sense></hom></entry></entry>");
INSERT INTO `wced_head` (entryid, head, normalized_head, type, pos) VALUES (10871, "lantugay", "lantugay", "m", "v");
INSERT INTO `wced_head` (entryid, head, normalized_head, type, pos) VALUES (10871, "palantugay", "palantugay", "s", "v");
INSERT INTO `wced_translation` (entryid, translation) VALUES (10871, "linger");
INSERT INTO `wced_translation` (entryid, translation) VALUES (10871, "dilly-dally");
INSERT INTO `wced_entry` VALUES (10872, "lantugi", "580", "<entry page=""580"" id=""10872""><form id=""lantuxgiq"" lang=""ceb"">lantúgì</form>
<hom role=""n""><pos>n</pos>
<sense n=""0""><trans> <tr>argument</tr>, <tr>quarrel</tr>. </trans>
<eg><i lang=""ceb"">Ang inyung banhà nga lantúgì nakapamata nákù,</i><trans> Your noisy argument woke me up. </trans></eg>
</sense></hom>
<hom role=""v""><pos>v</pos>
<sense n=""0""> <itype>[A2C; a2]</itype><trans> argue, quarrel. </trans>
<eg><i lang=""ceb"">Dì ku mulantúgì nímu ánang butánga,</i><trans> I won’t quarrel with you over that matter. </trans></eg>
<eg><i lang=""ceb"">Naglantúgì sila ug unsáun pagpaguwà sa pyánu,</i><trans> They are arguing about how to take the piano out. </trans></eg>
</sense></hom>
<entry><form id=""kalantuxgiq"" lang=""ceb""><abbr expan=""kalantúgì"">ka-</abbr></form>
<hom role=""n""><pos>n</pos>
<sense n=""0""><trans> an opponent in an argument. </trans>
</sense></hom></entry>
<entry><form id=""malantugixun"" lang=""ceb""><abbr expan=""malantugíun"">ma-un</abbr></form>
<hom role=""a""><pos>a</pos>
<sense n=""0""><trans> contentious, argumentative. </trans>
<eg><i lang=""ceb"">Malantugíun kaáyu siya nga mitubag sa íyang inahan,</i><trans> He talked back to his mother in an argumentative tone. </trans></eg>
</sense></hom></entry>
<entry><form id=""maglalantuxgiq"" lang=""ceb""><abbr expan=""maglalantúgì"">mag-r-</abbr></form>
<hom role=""n""><pos>n</pos>
<sense n=""0""><trans> <tr>debater</tr>. </trans>
</sense></hom></entry>
<entry><form id=""mamumulung_maglalantuxgiq"" lang=""ceb"">mamumulung <abbr expan=""maglalantúgì"">—</abbr></form>
<hom>
<sense n=""0""><trans> <tr>orator-debater</tr>. </trans>
</sense></hom></entry>
<entry><form id=""lantugixun"" lang=""ceb""><abbr expan=""lantugíun"">-un(→)</abbr></form>
<hom role=""a""><pos>a</pos>
<sense n=""0""><trans> controversial. </trans>
<eg><i lang=""ceb"">Lantugiun ang risulta sa iliksiyun,</i><trans> The results of the election are very much a matter of controversy.
</trans></eg>
</sense></hom></entry></entry>");
INSERT INTO `wced_head` (entryid, head, normalized_head, type, pos) VALUES (10872, "lantúgì", "lantugi", "m", "nv");
INSERT INTO `wced_head` (entryid, head, normalized_head, type, pos) VALUES (10872, "kalantúgì", "kalantugi", "s", "n");
INSERT INTO `wced_head` (entryid, head, normalized_head, type, pos) VALUES (10872, "malantugíun", "malantugiun", "s", "a");
INSERT INTO `wced_head` (entryid, head, normalized_head, type, pos) VALUES (10872, "maglalantúgì", "maglalantugi", "s", "n");
INSERT INTO `wced_head` (entryid, head, normalized_head, type, pos) VALUES (10872, "mamumulung maglalantúgì", "mamumulung maglalantugi", "s", "");
INSERT INTO `wced_head` (entryid, head, normalized_head, type, pos) VALUES (10872, "lantugíun", "lantugiun", "s", "a");
INSERT INTO `wced_translation` (entryid, translation) VALUES (10872, "argument");
INSERT INTO `wced_translation` (entryid, translation) VALUES (10872, "quarrel");
INSERT INTO `wced_translation` (entryid, translation) VALUES (10872, "debater");
INSERT INTO `wced_translation` (entryid, translation) VALUES (10872, "orator-debater");
INSERT INTO `wced_entry` VALUES (10873, "lantung", "580", "<entry page=""580"" id=""10873""><form id=""lantung"" lang=""ceb"">lantung</form>
<hom>
<sense n=""0""><trans> <xr lang=""ceb"" target=""#langtung"">= <sc>langtung</sc>.</xr>
</trans>
</sense></hom></entry>");
INSERT INTO `wced_head` (entryid, head, normalized_head, type, pos) VALUES (10873, "lantung", "lantung", "m", "");
INSERT INTO `wced_entry` VALUES (10874, "lan-u", "580", "<entry page=""580"" id=""10874""><form id=""lan-u"" lang=""ceb"">lan-u</form>
<hom>
<sense n=""0""><trans> <xr lang=""ceb"" target=""#lang-u"">= <sc>lang-u</sc>.</xr>
</trans>
</sense></hom></entry>");
INSERT INTO `wced_head` (entryid, head, normalized_head, type, pos) VALUES (10874, "lan-u", "lan-u", "m", "");
INSERT INTO `wced_entry` VALUES (10875, "lanubu", "580", "<entry page=""580"" id=""10875""><form id=""lanuxbuq"" lang=""ceb"">lanúbù</form>
<hom role=""a""><pos>a</pos>
<sense n=""1""><number>1</number><trans> grow <tr>lush</tr> and big. </trans>
<eg><i lang=""ceb"">Lanúbù ang tanum dinhi kay tabunuk ang yútà,</i><trans> The plants grow large here because the land is fertile. </trans></eg>
</sense>
<sense n=""2""><number>2</number><trans> be economical to use because a small amount does the same job as a larger amount of similar material. </trans>
<eg><i lang=""ceb"">Lanúbù kining bugása kay kusug mutúbù,</i><trans> This rice is economical to use because it expands well. </trans></eg>
<eg><i lang=""ceb"">Lanúbù kining sabúna. Gamay kaáyu ang gawíun,</i><trans> This soap is economical. You just need to use a little. </trans></eg>
</sense></hom>
<hom role=""v""><pos>v</pos>
<sense n=""0""> <itype>[c1]</itype><trans> make s.t. go far. </trans>
<eg><i lang=""ceb"">Lanubúa (ilanúbù) ug gámit ang sabun,</i><trans> Use the soap sparingly.
</trans></eg>
</sense></hom></entry>");
INSERT INTO `wced_head` (entryid, head, normalized_head, type, pos) VALUES (10875, "lanúbù", "lanubu", "m", "av");
INSERT INTO `wced_translation` (entryid, translation) VALUES (10875, "lush");
INSERT INTO `wced_entry` VALUES (10876, "lanug", "580", "<entry page=""580"" id=""10876""><form id=""laxnug"" lang=""ceb"">lánug</form>
<hom role=""a""><pos>a</pos>
<sense n=""0""><trans> <tr>loud</tr>, <tr>resonant</tr>. </trans>
<eg><i lang=""ceb"">Lánug kaáyu íyang tíngug sa pagtawag nákù,</i><trans> He called me with a very loud voice. </trans></eg>
</sense></hom>
<hom role=""v""><pos>v</pos>
<sense n=""1""><number>1</number> <itype>[B2]</itype><trans> be, become loud. </trans>
<eg><i lang=""ceb"">Mulánug (malánug) ang ímung tíngug ug magmigapun ka,</i><trans> Your voice will become loud if you use a megaphone. </trans></eg>
</sense>
<sense n=""2""><number>2</number> <itype>[A]</itype><trans> echo, resound. </trans>
<eg><i lang=""ceb"">Naglánug ang íyang singgit sa dyím,</i><trans> His shout resounded in the gym. </trans></eg>
</sense></hom>
<hom role=""n""><pos>n</pos>
<sense n=""1""><number>1</number><trans> loudness. </trans>
</sense>
<sense n=""2""><number>2</number><trans> echo. </trans>
<eg><i lang=""ceb"">Walay mitubag gawas sa lánug sa íyang tíngug,</i><trans> There was no answer except the echo of his voice. </trans></eg>
</sense>
<sense n=""2a""><number>2a</number><trans> echoes, reminiscenses of the past. </trans>
<eg><i lang=""ceb"">Kining mga awíta mga lánug lámang sa kanhíay,</i><trans> These songs are but echoes of the past. </trans></eg>
</sense></hom>
<entry><form id=""palaxnug"" lang=""ceb""><abbr expan=""palánug"">pa-</abbr></form>
<hom role=""v""><pos>v</pos>
<sense n=""0""> <itype>[A; c6]</itype><trans> broadcast, disseminate by word or publicity. </trans>
<eg><i lang=""ceb"">Ipalánug ning balitáa sa tibuuk násud,</i><trans> Broadcast this news throughout the nation.
</trans></eg>
</sense></hom></entry></entry>");
INSERT INTO `wced_head` (entryid, head, normalized_head, type, pos) VALUES (10876, "lánug", "lanug", "m", "avn");
INSERT INTO `wced_head` (entryid, head, normalized_head, type, pos) VALUES (10876, "palánug", "palanug", "s", "v");
INSERT INTO `wced_translation` (entryid, translation) VALUES (10876, "loud");
INSERT INTO `wced_translation` (entryid, translation) VALUES (10876, "resonant");
INSERT INTO `wced_entry` VALUES (10877, "lan-ug", "580", "<entry page=""580"" id=""10877""><form id=""lan-ug"" lang=""ceb"">lan-ug</form>
<hom>
<sense n=""0""><trans> <xr lang=""ceb"" target=""#lang-ug"">= <sc>lang-ug</sc>.</xr>
</trans>
</sense></hom></entry>");
INSERT INTO `wced_head` (entryid, head, normalized_head, type, pos) VALUES (10877, "lan-ug", "lan-ug", "m", "");
INSERT INTO `wced_entry` VALUES (10878, "lanulin", "580", "<entry page=""580"" id=""10878""><form id=""lanulin"" lang=""ceb"">lanulin</form>
<hom role=""n""><pos>n</pos>
<sense n=""0""><trans> <tr>lanolin</tr>.
</trans>
</sense></hom></entry>");
INSERT INTO `wced_head` (entryid, head, normalized_head, type, pos) VALUES (10878, "lanulin", "lanulin", "m", "n");
INSERT INTO `wced_translation` (entryid, translation) VALUES (10878, "lanolin");
INSERT INTO `wced_entry` VALUES (10879, "lan-us", "580", "<entry page=""580"" id=""10879""><form id=""lan-us"" lang=""ceb"">lan-us</form>
<hom role=""a""><pos>a</pos>
<sense n=""0""><trans> have the bad smell of eating or drinking utensils which have been used but not well cleaned. </trans>
</sense></hom>
<hom role=""v""><pos>v</pos>
<sense n=""1""><number>1</number> <itype>[B; b6]</itype><trans> for utensils to develop a bad smell from not having been properly cleaned. </trans>
</sense>
<sense n=""2""><number>2</number> <itype>[A; c1]</itype><trans> let coconut milk curdle to use the curds for medicine. </trans>
<eg><i lang=""ceb"">Maglan-us kug tunù nga himúung lanta,</i><trans> I’ll ferment coconut milk to make into a medicinal plaster. </trans></eg>
</sense></hom>
<entry><form id=""linan-us"" lang=""ceb""><abbr expan=""linan-us"">-in-</abbr></form>
<hom role=""n""><pos>n</pos>
<sense n=""0""><trans> sediment from fermented coconut milk.
</trans>
</sense></hom></entry></entry>");
INSERT INTO `wced_head` (entryid, head, normalized_head, type, pos) VALUES (10879, "lan-us", "lan-us", "m", "av");
INSERT INTO `wced_head` (entryid, head, normalized_head, type, pos) VALUES (10879, "linan-us", "linan-us", "s", "n");
INSERT INTO `wced_entry` VALUES (10880, "lanut", "580", "<entry page=""580"" id=""10880""><form id=""lanut"" lang=""ceb"">lanut</form>
<hom role=""n""><pos>n</pos>
<sense n=""0""><trans> gelatinous water that develops when rice or beans are boiled. </trans>
<eg><i lang=""ceb"">Lanut ang ipainum sa masusu,</i><trans> Give the baby water from boiled beans. </trans></eg>
</sense></hom>
<hom role=""v""><pos>v</pos>
<sense n=""0""> <itype>[A]</itype><trans> develop this substance. </trans>
<eg><i lang=""ceb"">Kining humáya húmuk mulanut ug lugáwun,</i><trans> This rice develops gelatinous water when you make porridge of it.
</trans></eg>
</sense></hom></entry>");
INSERT INTO `wced_head` (entryid, head, normalized_head, type, pos) VALUES (10880, "lanut", "lanut", "m", "nv");
INSERT INTO `wced_entry` VALUES (10881, "lanut", "580", "<entry page=""580"" id=""10881""><form id=""laxnut"" lang=""ceb"">lánut</form>
<hom role=""n""><pos>n</pos>
<sense n=""1""><number>1</number><trans> <tr>hemp</tr> from abaca. </trans>
</sense>
<sense n=""2""><number>2</number><trans> any k.o. long, tough plant fibers. </trans>
<eg><i lang=""ceb"">Ánang trabahúa ang ímung kinabúhì naglatay sa usa ka lugas lánut,</i><trans> Your job is very dangerous. (Lit. In that job your life walks over a long thin strand.) </trans></eg>
</sense></hom>
<hom role=""v""><pos>v</pos>
<sense n=""1""><number>1</number> <itype>[A; a12]</itype><trans> make hemp from abaca. </trans>
<eg><i lang=""ceb"">Anus-a man lanúta ninyu ang pinutul nga abaka?</i><trans> When will you make hemp from that abaca you cut into pieces? </trans></eg>
</sense>
<sense n=""2""><number>2</number> <itype>[B5]</itype><trans> show fibrous components, become threadbare. </trans>
<eg><i lang=""ceb"">Dáan na kaáyung kalsunísa naglanut na gánì ang panaptun,</i><trans> These trousers are very old. They are already threadbare. </trans></eg>
</sense>
<sense n=""3""><number>3</number> <itype>[B456]</itype><trans> for s.t. sticky like syrup, glue, and the like to show fiber-like portions when stretched. </trans>
</sense></hom>
<entry><form id=""lanuxtun"" lang=""ceb""><abbr expan=""lanútun"">-un</abbr></form>
<hom role=""a""><pos>a</pos>
<sense n=""0""><trans> fibrous, having fibers. </trans>
<eg><i lang=""ceb"">Lanútun kaáyu ug unud ang páhù,</i><trans> <ix>Páhù</ix> is a stringy kind of mango. </trans></eg>
</sense></hom></entry>
<entry><form id=""lanutlanut"" lang=""ceb"">lanutlanut</form>
<hom role=""n""><pos>n</pos>
<sense n=""0""><trans> fine fibers of fruits.
</trans>
</sense></hom></entry></entry>");
INSERT INTO `wced_head` (entryid, head, normalized_head, type, pos) VALUES (10881, "lánut", "lanut", "m", "nv");
INSERT INTO `wced_head` (entryid, head, normalized_head, type, pos) VALUES (10881, "lanútun", "lanutun", "s", "a");
INSERT INTO `wced_head` (entryid, head, normalized_head, type, pos) VALUES (10881, "lanutlanut", "lanutlanut", "s", "n");
INSERT INTO `wced_translation` (entryid, translation) VALUES (10881, "hemp");
INSERT INTO `wced_entry` VALUES (10882, "lapa", "580", "<entry page=""580"" id=""10882""><form id=""laxpaq"" lang=""ceb"">lápà</form>
<hom role=""v""><pos>v</pos>
<sense n=""1""><number>1</number> <itype>[AC12; a]</itype><trans> <tr>cut</tr> into sizeable chunks. <pb n=""581""/></trans>
<eg><i lang=""ceb"">Lapáa ang bábuy unyà atarúha,</i><trans> Cut the pig in chunks and group them into portions for sale. </trans></eg>
</sense>
<sense n=""2""><number>2</number> <itype>[A; a]</itype><trans> hack to pieces. </trans>
<eg><i lang=""ceb"">Dinhi siya lapáag sundang sa naghuramintádu,</i><trans> He was hacked to pieces in this place by a man who ran amok.
</trans></eg>
</sense></hom></entry>");
INSERT INTO `wced_head` (entryid, head, normalized_head, type, pos) VALUES (10882, "lápà", "lapa", "m", "v");
INSERT INTO `wced_translation` (entryid, translation) VALUES (10882, "cut");
INSERT INTO `wced_entry` VALUES (10883, "lapad", "581", "<entry page=""581"" id=""10883""><form id=""lapad"" lang=""ceb"">lapad</form>
<hom role=""a""><pos>a</pos>
<sense n=""1""><number>1</number><trans> <tr>flat</tr>, <tr>level</tr> surface. </trans>
<eg><i lang=""ceb"">Lapad siyag nawung,</i><trans> She has a flat face. </trans></eg>
<eg><i lang=""ceb"">Lapad ug tiil,</i><trans> Flat-footed or having the toes wide apart. </trans></eg>
</sense>
<sense n=""2""><number>2</number><trans> <tr>broad</tr>, having considerable width. </trans>
<eg><i lang=""ceb"">Lapad nga karitíra,</i><trans> The broad highway. </trans></eg>
<eg><i lang=""ceb"">Lapad nga kayutáan,</i><trans> Vast stretches of land. </trans></eg>
</sense></hom>
<hom role=""v""><pos>v</pos>
<sense n=""1""><number>1</number> <itype>[AB; a]</itype><trans> be flat, wide. </trans>
<eg><i lang=""ceb"">Mulapad kag baril, mauy ikural,</i><trans> Flatten barrels to make into a fence. </trans></eg>
<eg><i lang=""ceb"">Naglapad lang nang ilung mu,</i><trans> Your nose is so flat. </trans></eg>
</sense>
<sense n=""2""><number>2</number> <itype>[APB2; ab7]</itype><trans> widen or broaden. </trans>
<eg><i lang=""ceb"">Nagkalapad na ang baul nga gihawánan na,</i><trans> The field has more area now that it has been cleared of bushes. </trans></eg>
<eg><i lang=""ceb"">Lapdan ang lamísa kay gamay ra,</i><trans> The table will be made wider because it is too narrow. </trans></eg>
</sense></hom>
<entry><form id=""lapad_ang_atay"" lang=""ceb""><abbr expan=""lapad"">—</abbr> ang atay</form>
<hom role=""v""><pos>v</pos>
<sense n=""0""> <itype>[B26]</itype><trans> be, become flattered (lit. for the liver to expand). </trans>
<eg><i lang=""ceb"">Mulapad (malapad) dáyun nang íyang atay basta daygun,</i><trans> It goes to her head if you flatter her. </trans></eg>
</sense></hom>
<hom role=""n""><pos>n</pos>
<sense n=""0""><trans> flat, pocket-sized bottle for liquor (slang). </trans>
</sense></hom></entry>
<entry><form id=""palapad"" lang=""ceb""><abbr expan=""palapad"">pa-</abbr></form>
<hom role=""n""><pos>n</pos>
<sense n=""0""><trans> matting made out of woven palm fronds. </trans>
</sense></hom>
<hom role=""v""><pos>v</pos>
<sense n=""0""> <itype>[A; c1]</itype><trans> make this matting. </trans>
</sense></hom></entry>
<entry><form id=""palaxpad_sa_papil_kaugalixngun"" lang=""ceb""><abbr expan=""palápad"">pa-(←)</abbr> sa papil, kaugalíngun</form>
<hom role=""v""><pos>v</pos>
<sense n=""0""> <itype>[A; c6]</itype><trans> do s.t. so as to project a good image of oneself. </trans>
<eg><i lang=""ceb"">Nagpalápad siya sa papil maung midunar,</i><trans> He made a donation in order to give himself a good public image. </trans></eg>
</sense></hom></entry>
<entry><form id=""lagpad"" lang=""ceb""><abbr expan=""lagpad"">-g-</abbr></form>
<hom>
<sense n=""0""><trans> <xr lang=""ceb"" target=""#lapad"">= <sc>lapad</sc></xr> (plural). </trans>
</sense></hom></entry>
<entry><form id=""halapad"" lang=""ceb""><abbr expan=""halapad"">ha-</abbr></form>
<hom role=""a""><pos>a</pos>
<sense n=""0""><trans> wide, broad. </trans>
</sense></hom></entry>
<entry><form id=""laparun"" lang=""ceb"">laparun</form>
<hom role=""a""><pos>a</pos>
<sense n=""0""><trans> flattish in surface. </trans>
</sense></hom></entry>
<entry><form id=""kalapad"" lang=""ceb""><abbr expan=""kalapad"">ka-</abbr></form>
<hom>
<sense n=""1""><number>1</number><trans> state of being large, broad. </trans>
</sense>
<sense n=""2""><number>2</number><trans> <xr lang=""ceb"" target=""#gilapdun"">= <sc>gilapdun</sc>.</xr> </trans>
</sense></hom></entry>
<entry><form id=""gilapdun"" lang=""ceb"">gilapdun</form>
<hom role=""n""><pos>n</pos>
<sense n=""0""><trans> width. </trans>
<eg><i lang=""ceb"">Kwatru piyis ang gilapdun (kalapad) sa playwud,</i><trans> The plywood is <measure reg=""1.2 m"">4′</measure> in width.
</trans></eg>
</sense></hom></entry></entry>");
INSERT INTO `wced_head` (entryid, head, normalized_head, type, pos) VALUES (10883, "lapad", "lapad", "m", "av");
INSERT INTO `wced_head` (entryid, head, normalized_head, type, pos) VALUES (10883, "lapad ang atay", "lapad ang atay", "s", "vn");
INSERT INTO `wced_head` (entryid, head, normalized_head, type, pos) VALUES (10883, "palapad", "palapad", "s", "nv");
INSERT INTO `wced_head` (entryid, head, normalized_head, type, pos) VALUES (10883, "palápad sa papil", "palapad sa papil", "s", "v");
INSERT INTO `wced_head` (entryid, head, normalized_head, type, pos) VALUES (10883, "kaugalíngun", "kaugalingun", "s", "v");
INSERT INTO `wced_head` (entryid, head, normalized_head, type, pos) VALUES (10883, "lagpad", "lagpad", "s", "");
INSERT INTO `wced_head` (entryid, head, normalized_head, type, pos) VALUES (10883, "halapad", "halapad", "s", "a");
INSERT INTO `wced_head` (entryid, head, normalized_head, type, pos) VALUES (10883, "laparun", "laparun", "s", "a");
INSERT INTO `wced_head` (entryid, head, normalized_head, type, pos) VALUES (10883, "kalapad", "kalapad", "s", "");
INSERT INTO `wced_head` (entryid, head, normalized_head, type, pos) VALUES (10883, "gilapdun", "gilapdun", "s", "n");
INSERT INTO `wced_translation` (entryid, translation) VALUES (10883, "flat");
INSERT INTO `wced_translation` (entryid, translation) VALUES (10883, "level");
INSERT INTO `wced_translation` (entryid, translation) VALUES (10883, "broad");
INSERT INTO `wced_entry` VALUES (10884, "lapak1", "581", "<entry page=""581"" id=""10884""><form id=""lapak"" lang=""ceb"">lapak<sub>1</sub></form>
<hom role=""n""><pos>n</pos>
<sense n=""1""><number>1</number><trans> an area differing in color or texture from the surrounding area: <tr>splotch</tr>, <tr>stripe</tr>, <tr>spot</tr>. </trans>
<eg><i lang=""ceb"">Ang sanínà may lapak nga pula ug itum,</i><trans> The dress has red and black dots (stripes, splotches). </trans></eg>
</sense>
<sense n=""2""><number>2</number>
</sense></hom>
<hom role=""a""><pos>a</pos>
<sense n=""0""><trans> piece, irregular scrap of material. </trans>
<eg><i lang=""ceb"">Paggunting ug lapak sa putì nga panaptun,</i><trans> Cut a piece of white cloth. </trans></eg>
</sense></hom>
<hom role=""v""><pos>v</pos>
<sense n=""0""> <itype>[A; a]</itype><trans> put spots, stripes, smudges on s.t. </trans>
<eg><i lang=""ceb"">Milapak ang pintal nga basà sa íyang buktun,</i><trans> His arm got a splotch of wet paint on it. </trans></eg>
<eg><i lang=""ceb"">Nakalapak (nakapalapak) sa salug ang húgaw nímung tiil,</i><trans> My floor has become splotched with your dirty feet. </trans></eg>
<eg><i lang=""ceb"">Lapakun pagtáud ang mga lainláing kulur sa buluhátung bidsprid,</i><trans> Sew patches of assorted colors into the bedspread you are making. </trans></eg>
</sense></hom>
<entry><form id=""linapak"" lang=""ceb""><abbr expan=""linapak"">-in-</abbr></form>
<hom role=""n""><pos>n</pos>
<sense n=""0""><trans> plaid design.
</trans>
</sense></hom></entry></entry>");
INSERT INTO `wced_head` (entryid, head, normalized_head, type, pos) VALUES (10884, "lapak", "lapak", "s", "nav");
INSERT INTO `wced_head` (entryid, head, normalized_head, type, pos) VALUES (10884, "linapak", "linapak", "s", "n");
INSERT INTO `wced_translation` (entryid, translation) VALUES (10884, "splotch");
INSERT INTO `wced_translation` (entryid, translation) VALUES (10884, "stripe");
INSERT INTO `wced_translation` (entryid, translation) VALUES (10884, "spot");
INSERT INTO `wced_entry` VALUES (10885, "lapak2", "581", "<entry page=""581"" id=""10885""><form id=""lapak2"" lang=""ceb"">lapak<sub>2</sub></form>
<hom role=""v""><pos>v</pos>
<sense n=""0""> <itype>[A; a1b2]</itype><trans> <tr>spank</tr> s.o. lightly. </trans>
<eg><i lang=""ceb"">Sakit ang sinílas nga ilapak,</i><trans> It hurts if you are spanked with a slipper.
</trans></eg>
</sense></hom></entry>");
INSERT INTO `wced_head` (entryid, head, normalized_head, type, pos) VALUES (10885, "lapak", "lapak", "s", "v");
INSERT INTO `wced_translation` (entryid, translation) VALUES (10885, "spank");
INSERT INTO `wced_entry` VALUES (10886, "lapak", "581", "<entry page=""581"" id=""10886""><form id=""laxpak"" lang=""ceb"">lápak</form>
<hom role=""v""><pos>v</pos>
<sense n=""0""> <itype>[A; b(1)]</itype><trans> <tr>step</tr> on s.t. </trans>
<eg><i lang=""ceb"">Nabuling ang linadlad kay gilapákan sa bábuy,</i><trans> The bleached clothes got dirty because pigs stepped on them.
</trans></eg>
</sense></hom></entry>");
INSERT INTO `wced_head` (entryid, head, normalized_head, type, pos) VALUES (10886, "lápak", "lapak", "m", "v");
INSERT INTO `wced_translation` (entryid, translation) VALUES (10886, "step");
INSERT INTO `wced_entry` VALUES (10887, "lap-ak", "581", "<entry page=""581"" id=""10887""><form id=""lap-ak"" lang=""ceb"">lap-ak</form>
<hom role=""n""><pos>n</pos>
<sense n=""0""><trans> <tr>splotch</tr>, <tr>splatter</tr>. </trans>
<eg><i lang=""ceb"">Dakung lap-ak sa dugù sa samput,</i><trans> The big blood stain on the bottom of the dress. </trans></eg>
</sense></hom>
<hom role=""v""><pos>v</pos>
<sense n=""0""> <itype>[B6; c1]</itype><trans> splotch, splatter. </trans>
</sense></hom>
<entry><form id=""lap-aklap-ak"" lang=""ceb"">lap-aklap-ak</form>
<hom role=""v""><pos>v</pos>
<sense n=""1""><number>1</number> <itype>[B6; c1]</itype><trans> splotch, splatter. </trans>
<eg><i lang=""ceb"">Gilap-aklap-ak (naglap-aklap-ak) ang íyang buktun sa bun-i,</i><trans> His arm has ringworm marks all over it. </trans></eg>
</sense>
<sense n=""2""><number>2</number> <itype>[AB; c1]</itype><trans> do s.t irregularly, such that the results are splotched or irregularly spaced spots. </trans>
<eg><i lang=""ceb"">Ang bungbung naglap-aklap-ak sa litrátu,</i><trans> Photos are pasted all over the wall in an irregular fashion (as if spattered on the wall). </trans></eg>
<eg><i lang=""ceb"">Abanira giyud. Ayaw lap-aklap-áka (ilap-aklap-ak) pagpintal,</i><trans> Paint it a square at a time. Don’t skip around.
</trans></eg>
</sense></hom></entry></entry>");
INSERT INTO `wced_head` (entryid, head, normalized_head, type, pos) VALUES (10887, "lap-ak", "lap-ak", "m", "nv");
INSERT INTO `wced_head` (entryid, head, normalized_head, type, pos) VALUES (10887, "lap-aklap-ak", "lap-aklap-ak", "s", "v");
INSERT INTO `wced_translation` (entryid, translation) VALUES (10887, "splotch");
INSERT INTO `wced_translation` (entryid, translation) VALUES (10887, "splatter");
INSERT INTO `wced_entry` VALUES (10888, "lapalapa", "581", "<entry page=""581"" id=""10888""><form id=""lapalapa"" lang=""ceb"">lapalapa</form>
<hom role=""n""><pos>n</pos>
<sense n=""1""><number>1</number><trans> <tr>sole</tr>, bottom surface of the foot. </trans>
</sense>
<sense n=""2""><number>2</number><trans> sole of shoe, boots, etc. </trans>
</sense></hom>
<hom role=""v""><pos>v</pos>
<sense n=""0""> <itype>[A; b6(1)]</itype><trans> work on the sole of a shoe being manufactured.
</trans>
</sense></hom></entry>");
INSERT INTO `wced_head` (entryid, head, normalized_head, type, pos) VALUES (10888, "lapalapa", "lapalapa", "m", "nv");
INSERT INTO `wced_translation` (entryid, translation) VALUES (10888, "sole");
INSERT INTO `wced_entry` VALUES (10889, "lapanag", "581", "<entry page=""581"" id=""10889""><form id=""lapaxnag"" lang=""ceb"">lapánag</form>
<hom role=""v""><pos>v</pos>
<sense n=""0""> <itype>[A2S; b4]</itype><trans> for s.t. to <tr>spread</tr> over an area. </trans>
<eg><i lang=""ceb"">Milapánag ang túbig sa daruhan,</i><trans> The water spread over the fields. </trans></eg>
<eg><i lang=""ceb"">Ang íyang ap-ap naglapanag sa íyang tibuuk láwas,</i><trans> His fungus is spreading all over his body. </trans></eg>
<eg><i lang=""ceb"">Wà makalapánag ang balità,</i><trans> The news didn’t get very far.
</trans></eg>
</sense></hom></entry>");
INSERT INTO `wced_head` (entryid, head, normalized_head, type, pos) VALUES (10889, "lapánag", "lapanag", "m", "v");
INSERT INTO `wced_translation` (entryid, translation) VALUES (10889, "spread");
INSERT INTO `wced_entry` VALUES (10890, "laparu", "581", "<entry page=""581"" id=""10890""><form id=""lapaxru"" lang=""ceb"">lapáru</form>
<hom>
<sense n=""0""><trans> <xr lang=""ceb"" target=""#lampaxru"">= <sc>lampáru</sc>.</xr>
</trans>
</sense></hom></entry>");
INSERT INTO `wced_head` (entryid, head, normalized_head, type, pos) VALUES (10890, "lapáru", "laparu", "m", "");
INSERT INTO `wced_entry` VALUES (10891, "lapas", "581", "<entry page=""581"" id=""10891""><form id=""laxpas"" lang=""ceb"">lápas</form>
<hom role=""a""><pos>a</pos>
<sense n=""0""><trans> <tr>past</tr>, <tr>beyond</tr> a time or place considered right. </trans>
<eg><i lang=""ceb"">Lápas na sa alas unsi,</i><trans> It’s past eleven o’clock. </trans></eg>
<eg><i lang=""ceb"">Lápas na ang dyíp sa átù,</i><trans> The jeep has gone past our place. </trans></eg>
</sense></hom>
<hom role=""v""><pos>v</pos>
<sense n=""1""><number>1</number> <itype>[B2; b6c]</itype><trans> go past a certain time or place, do s.t. beyond, esp. where one shouldn’t. </trans>
<eg><i lang=""ceb"">Bayri sa dì pa makalápas sa tagal,</i><trans> Pay it off before it goes beyond the due date. </trans></eg>
<eg><i lang=""ceb"">Dì na makalápas sa túhud ang sinínà sa átung mga kababayin-an karun,</i><trans> Women’s dresses these days no longer go beyond their knees. </trans></eg>
<eg><i lang=""ceb"">Ayawg lapása (lapási, palapása, palapási) ang utlánan,</i><trans> Don’t build beyond the boundary of your land. </trans></eg>
<eg><i lang=""ceb"">Ayaw ug ilápas (ipalápas) ang kural sa utlánan,</i><trans> Don’t have the fence go beyond the boundary. </trans></eg>
<eg><i lang=""ceb"">Naminyù na ang ímung manghud ikaw walà pa, hinglapasan hinúun ka,</i><trans> Your younger sister has gotten married, but you haven’t. You have been passed over. </trans></eg>
</sense>
<sense n=""1a""><number>1a</number> <form id=""laxpas_na_sa_kalindaryu"" lang=""ceb""><abbr expan=""lápas"">—</abbr> na sa kalindaryu</form><trans> </trans>
</sense></hom>
<hom role=""v""><pos>v</pos>
<sense n=""0""> <itype>[B2356]</itype><trans> for a woman to have reached an age greater than the number of days in the calendar (lit. gone beyond the calendar). </trans>
<eg><i lang=""ceb"">Lisud ka nang maminyù ug mulápas (malápas) ka na sa kalindaryu,</i><trans> You’ll find it hard to get married if you get above thirty. </trans></eg>
</sense>
<sense n=""2""><number>2</number> <itype>[A; a12]</itype><trans> violate a law, go beyond certain rules or agreements. </trans>
<eg><i lang=""ceb"">Wà pa dungga nga mulápas kug sáad,</i><trans> I’ve <pb n=""582""/>never been known to break a promise. </trans></eg>
<eg><i lang=""ceb"">Nakalápas ka sa maáyung pamatásan,</i><trans> You have gone beyond the bounds of good behavior. </trans></eg>
</sense></hom>
<entry><form id=""lapas"" lang=""ceb""><abbr expan=""lapas"">(→)</abbr></form>
<hom role=""n""><pos>n</pos>
<sense n=""0""><trans> <tr>abalone</tr>, so called because the meat tends to extend beyond the shell. </trans>
</sense></hom></entry>
<entry><form id=""kalapaxsan"" lang=""ceb""><abbr expan=""kalapásan"">ka-an</abbr></form>
<hom role=""n""><pos>n</pos>
<sense n=""0""><trans> violation, actions going beyond a code<corr sic="","">.</corr> </trans>
<eg><i lang=""ceb"">Pasaylúa kami Ginúu sa ámung mga kalapásan,</i><trans> Forgive us, Lord, our trespasses. </trans></eg>
</sense></hom></entry>
<entry><form id=""malapaxsun"" lang=""ceb""><abbr expan=""malapásun"">ma-un</abbr></form>
<hom role=""a""><pos>a</pos>
<sense n=""0""><trans> going beyond the limits of right action.
</trans>
</sense></hom></entry></entry>");
INSERT INTO `wced_head` (entryid, head, normalized_head, type, pos) VALUES (10891, "lápas", "lapas", "m", "avv");
INSERT INTO `wced_head` (entryid, head, normalized_head, type, pos) VALUES (10891, "lápas na sa kalindaryu", "lapas na sa kalindaryu", "s", "");
INSERT INTO `wced_head` (entryid, head, normalized_head, type, pos) VALUES (10891, "lapas", "lapas", "s", "n");
INSERT INTO `wced_head` (entryid, head, normalized_head, type, pos) VALUES (10891, "kalapásan", "kalapasan", "s", "n");
INSERT INTO `wced_head` (entryid, head, normalized_head, type, pos) VALUES (10891, "malapásun", "malapasun", "s", "a");
INSERT INTO `wced_translation` (entryid, translation) VALUES (10891, "past");
INSERT INTO `wced_translation` (entryid, translation) VALUES (10891, "beyond");
INSERT INTO `wced_translation` (entryid, translation) VALUES (10891, "abalone");
INSERT INTO `wced_entry` VALUES (10892, "lapasi", "582", "<entry page=""582"" id=""10892""><form id=""lapasiq"" lang=""ceb"">lapasì</form>
<hom>
<sense n=""0""><trans> <xr lang=""ceb"" target=""#lupasiq"">= <sc>lupasì</sc>.</xr>
</trans>
</sense></hom></entry>");
INSERT INTO `wced_head` (entryid, head, normalized_head, type, pos) VALUES (10892, "lapasì", "lapasi", "m", "");
INSERT INTO `wced_entry` VALUES (10893, "lapat1", "582", "<entry page=""582"" id=""10893""><form id=""lapat"" lang=""ceb"">lapat<sub>1</sub></form>
<hom role=""a""><pos>a</pos>
<sense n=""0""><trans> for the contents of a container to be practically gone. </trans>
<eg><i lang=""ceb"">Lapat na ang bugas,</i><trans> The rice is right down to the bottom of the rice can. </trans></eg>
</sense></hom>
<hom role=""v""><pos>v</pos>
<sense n=""0""> <itype>[B3]</itype><trans> be almost to the bottom of the container. </trans>
<eg><i lang=""ceb"">Nagkalapat na ang túbig sa tangki,</i><trans> The water in the tank is getting near the bottom.
</trans></eg>
</sense></hom></entry>");
INSERT INTO `wced_head` (entryid, head, normalized_head, type, pos) VALUES (10893, "lapat", "lapat", "s", "av");
INSERT INTO `wced_entry` VALUES (10894, "lapat2", "582", "<entry page=""582"" id=""10894""><form id=""lapat2"" lang=""ceb"">lapat<sub>2</sub></form>
<hom role=""n""><pos>n</pos>
<sense n=""0""><trans> clothes for home wear.
</trans>
</sense></hom></entry>");
INSERT INTO `wced_head` (entryid, head, normalized_head, type, pos) VALUES (10894, "lapat", "lapat", "s", "n");
INSERT INTO `wced_entry` VALUES (10895, "lapaw", "582", "<entry page=""582"" id=""10895""><form id=""laxpaw"" lang=""ceb"">lápaw</form>
<hom role=""v""><pos>v</pos>
<sense n=""0""> <itype>[B23; cP]</itype><trans> go above or beyond a certain amount. </trans>
<eg><i lang=""ceb"">Milápaw na ang ákung anak nákù,</i><trans> My son has gotten to be taller than I am. </trans></eg>
<eg><i lang=""ceb"">Ug malápaw na sa dus písus ang gantang sa mais, ambut lang,</i><trans> If corn goes beyond two pesos a ganta, I don’t know. </trans></eg>
<eg><i lang=""ceb"">Makalápaw ka bag luksu ánang gilay-úna?</i><trans> Can you jump beyond that point? </trans></eg>
<eg><i lang=""ceb"">Sa íyang abilidad dì ka makalápaw,</i><trans> You can not surpass his ability. </trans></eg>
<eg><i lang=""ceb"">Gilapáwan ang mga atup sa lúnup,</i><trans> The flood water rose above the rooftops. </trans></eg>
<eg><i lang=""ceb"">Ilápaw (ipalápaw) giyud ang sabaw sa gilung-ag,</i><trans> The water level should be higher than the rice. </trans></eg>
</sense></hom>
<hom role=""a""><pos>a</pos>
<sense n=""0""><trans> gone far beyond, over. </trans>
</sense></hom>
<entry><form id=""laxpaw_sa"" lang=""ceb""><abbr expan=""lápaw"">—</abbr> sa</form>
<hom>
<sense n=""0""><trans> <tr>beyond</tr>. </trans>
</sense></hom></entry>
<entry><form id=""tagilaxpaw_tagilapaw"" lang=""ceb""><abbr expan=""tagilápaw"">tagi-</abbr>, <abbr expan=""tagilapaw"">tagi-(→)</abbr></form>
<hom role=""a""><pos>a</pos>
<sense n=""0""><trans> high above a certain level. </trans>
<eg><i lang=""ceb"">Ang bahà tagilápaw (tagilapaw) sa túhud,</i><trans> The flood is above the knees.
</trans></eg>
</sense></hom></entry></entry>");
INSERT INTO `wced_head` (entryid, head, normalized_head, type, pos) VALUES (10895, "lápaw", "lapaw", "m", "va");
INSERT INTO `wced_head` (entryid, head, normalized_head, type, pos) VALUES (10895, "lápaw sa", "lapaw sa", "s", "");
INSERT INTO `wced_head` (entryid, head, normalized_head, type, pos) VALUES (10895, "tagilápaw", "tagilapaw", "s", "a");
INSERT INTO `wced_head` (entryid, head, normalized_head, type, pos) VALUES (10895, "tagilapaw", "tagilapaw", "s", "a");
INSERT INTO `wced_translation` (entryid, translation) VALUES (10895, "beyond");
INSERT INTO `wced_entry` VALUES (10896, "lapay", "582", "<entry page=""582"" id=""10896""><form id=""lapay"" lang=""ceb"">lapay</form>
<hom role=""n""><pos>n</pos>
<sense n=""0""><trans> k.o. purple-brown heron of swamps and tidal flats: <bio>Ardea purpurea</bio>.
</trans>
</sense></hom></entry>");
INSERT INTO `wced_head` (entryid, head, normalized_head, type, pos) VALUES (10896, "lapay", "lapay", "m", "n");
INSERT INTO `wced_entry` VALUES (10897, "lapdus", "582", "<entry page=""582"" id=""10897""><form id=""lapdus"" lang=""ceb"">lapdus</form>
<hom role=""v""><pos>v</pos>
<sense n=""0""> <itype>[A; b6(1)]</itype><trans> <tr>lash</tr>, <tr>whip</tr>. </trans>
<eg><i lang=""ceb"">Midágan ang kabáyù dihang gilapdúsan,</i><trans> The horse galloped when it was lashed. </trans></eg>
<eg><i lang=""ceb"">Makapahilánat kunu kanang íkug sa pági kun mauy ilapdus,</i><trans> They say that it will make a person ill if you whip him with a stingray tail. </trans></eg>
</sense></hom>
<hom role=""n""><pos>n</pos>
<sense n=""0""><trans> lash, a stroke with s.t. pliable.
</trans>
</sense></hom></entry>");
INSERT INTO `wced_head` (entryid, head, normalized_head, type, pos) VALUES (10897, "lapdus", "lapdus", "m", "vn");
INSERT INTO `wced_translation` (entryid, translation) VALUES (10897, "lash");
INSERT INTO `wced_translation` (entryid, translation) VALUES (10897, "whip");
INSERT INTO `wced_entry` VALUES (10898, "lapgus", "582", "<entry page=""582"" id=""10898""><form id=""lapgus"" lang=""ceb"">lapgus</form>
<hom role=""n""><pos>n</pos>
<sense n=""1""><number>1</number><trans> bundle of twine or hemp. </trans>
</sense>
<sense n=""2""><number>2</number><trans> standard size by which a bundle of twine is sold. </trans>
</sense></hom>
<hom role=""v""><pos>v</pos>
<sense n=""0""> <itype>[A1; c1]</itype><trans> make a bundle of twine.
</trans>
</sense></hom></entry>");
INSERT INTO `wced_head` (entryid, head, normalized_head, type, pos) VALUES (10898, "lapgus", "lapgus", "m", "nv");
INSERT INTO `wced_entry` VALUES (10899, "lapi", "582", "<entry page=""582"" id=""10899""><form id=""laxpiq"" lang=""ceb"">lápì</form>
<hom role=""v""><pos>v</pos>
<sense n=""1""><number>1</number> <itype>[A; a12]</itype><trans> bend or fold s.t. over <tr>double</tr>. </trans>
<eg><i lang=""ceb"">Lapía ang panaptun ug adtu guntínga sa piniluan,</i><trans> Fold the cloth over and cut it in the fold. </trans></eg>
</sense>
<sense n=""1a""><number>1a</number> <itype>[C3]</itype><trans> for two flat surfaces to be close together as if there were only one. </trans>
<eg><i lang=""ceb"">Ábi kug usa ra ni ka písus. Duha man diay, nagkalápì lang,</i><trans> I thought there was only one peso, but it turned out they are two bills stuck together. </trans></eg>
</sense>
<sense n=""2""><number>2</number> <itype>[B3(1)6]</itype><trans> <tr>double</tr>, <tr>increase twofold</tr> or by extension, a few folds more. </trans>
<eg><i lang=""ceb"">Milápì (nalápì) ang prisyu karun sa tanang mga palitúnun,</i><trans> The price of everything has doubled. </trans></eg>
<eg><i lang=""ceb"">Anam-anamun ku ni pagbúhat arun dílì maglápì,</i><trans> I will do the work as it comes up so I won’t have but one thing to do at a time. </trans></eg>
</sense>
<sense n=""2a""><number>2a</number> <itype>[A12; a12]</itype><trans> do s.t. to two where one is usual. </trans>
<eg><i lang=""ceb"">Búang ka ug lapíun nímug pangulitáwu ang mga mag-ágaw,</i><trans> You’re crazy if you court both the cousins at the same time. </trans></eg>
</sense>
<sense n=""3""><number>3</number> <itype>[A; a]</itype><trans> break s.t. off a plant by bending it over and twisting. </trans>
<eg><i lang=""ceb"">Maglápì lang kug ígù tilaubun,</i><trans> I’ll pick just enough young corn to broil. </trans></eg>
<eg><i lang=""ceb"">Putla, ayaw lapía ang pagkúhà sa sanga,</i><trans> Cut the branch off, don’t break it off. </trans></eg>
<eg><i lang=""ceb"">Malápì nang palwa ug ímung tungtúngan,</i><trans> The frond will break off if you step on it. </trans></eg>
</sense></hom>
<hom role=""n""><pos>n</pos>
<sense n=""1""><number>1</number><trans> action of folding s.t double. </trans>
</sense>
<sense n=""2""><number>2</number><trans> times in division. </trans>
<eg><i lang=""ceb"">Pila ka lápì ang unum sa trayinta?</i><trans> How many times does six go into thirty? </trans></eg>
</sense></hom>
<entry><form id=""lapiq"" lang=""ceb""><abbr expan=""lapì"">(→)</abbr></form>
<hom role=""a""><pos>a</pos>
<sense n=""0""><trans> coconuts with dry, oilless meat that is easily detached from its shell, and which has failed to sprout. </trans>
</sense></hom>
<hom role=""v""><pos>v</pos>
<sense n=""0""> <itype>[B2; b6]</itype><trans> be, become a <ix>lapì</ix> coconut. </trans>
</sense></hom></entry>
<entry><form id=""lapian"" lang=""ceb""><abbr expan=""lapian"">-an(→)</abbr></form>
<hom role=""n""><pos>n</pos>
<sense n=""0""><trans> k.o. coconut, the fronds and fruit bunches of which break off easily.
</trans>
</sense></hom></entry></entry>");
INSERT INTO `wced_head` (entryid, head, normalized_head, type, pos) VALUES (10899, "lápì", "lapi", "m", "vn");
INSERT INTO `wced_head` (entryid, head, normalized_head, type, pos) VALUES (10899, "lapì", "lapi", "s", "av");
INSERT INTO `wced_head` (entryid, head, normalized_head, type, pos) VALUES (10899, "lapian", "lapian", "s", "n");
INSERT INTO `wced_translation` (entryid, translation) VALUES (10899, "double");
INSERT INTO `wced_translation` (entryid, translation) VALUES (10899, "increase twofold");
INSERT INTO `wced_entry` VALUES (10900, "lapida", "582", "<entry page=""582"" id=""10900""><form id=""lapida"" lang=""ceb"">lapida</form>
<hom role=""n""><pos>n</pos>
<sense n=""0""><trans> <tr>tombstone</tr>. </trans>
</sense></hom>
<hom role=""v""><pos>v</pos>
<sense n=""0""> <itype>[A; a]</itype><trans> make a tombstone, put a tombstone on.
</trans>
</sense></hom></entry>");
INSERT INTO `wced_head` (entryid, head, normalized_head, type, pos) VALUES (10900, "lapida", "lapida", "m", "nv");
INSERT INTO `wced_translation` (entryid, translation) VALUES (10900, "tombstone");
INSERT INTO `wced_entry` VALUES (10901, "lapiki", "582", "<entry page=""582"" id=""10901""><form id=""lapikiq"" lang=""ceb"">lapikì</form>
<hom role=""n""><pos>n</pos>
<sense n=""0""><trans> repeated, sharp smacking sounds. </trans>
</sense></hom>
<hom role=""v""><pos>v</pos>
<sense n=""0""> <itype>[A; c]</itype><trans> make a smacking sound. </trans>
<eg><i lang=""ceb"">Milapikì ang íyang nawung pagtamparus nákù,</i><trans> Her face resounded when I slapped her. </trans></eg>
<eg><i lang=""ceb"">Gilapikig latus sa kutsíru ang kabáyù,</i><trans> The rig driver cracked his whip on the horse.
</trans></eg>
</sense></hom></entry>");
INSERT INTO `wced_head` (entryid, head, normalized_head, type, pos) VALUES (10901, "lapikì", "lapiki", "m", "nv");
INSERT INTO `wced_entry` VALUES (10902, "lapilapi", "582", "<entry page=""582"" id=""10902""><form id=""lapilapi"" lang=""ceb"">lapilapi</form>
<hom role=""v""><pos>v</pos>
<sense n=""0""> <itype>[B56; c1]</itype><trans> for a liquid to reach the brim or to the top of an embankment, almost spilling over. </trans>
<eg><i lang=""ceb"">Milapilapi na ang subà. Maglúnup man kahà,</i><trans> The river has risen to the banks. It looks as though it’s going to flood. </trans></eg>
<eg><i lang=""ceb"">Gilapilapi nákù ang tása sa kapi,</i><trans> I filled the cup to the brim with coffee. </trans></eg>
</sense></hom>
<hom role=""a""><pos>a</pos>
<sense n=""0""><trans> filled up to the brim.
</trans>
</sense></hom></entry>");
INSERT INTO `wced_head` (entryid, head, normalized_head, type, pos) VALUES (10902, "lapilapi", "lapilapi", "m", "va");
INSERT INTO `wced_entry` VALUES (10903, "laping", "582", "<entry page=""582"" id=""10903""><form id=""laping"" lang=""ceb"">laping</form>
<hom role=""v""><pos>v</pos>
<sense n=""0""> <itype>[A23; c1]</itype><trans> graze s.t. but not hit it squarely. </trans>
<eg><i lang=""ceb"">Swirti kay milaping lang níya ang batu,</i><trans> Fortunately the stone just grazed him. </trans></eg>
<eg><i lang=""ceb"">Gilapingan lang ku sa bála,</i><trans> The bullet only grazed me.
</trans></eg>
</sense></hom></entry>");
INSERT INTO `wced_head` (entryid, head, normalized_head, type, pos) VALUES (10903, "laping", "laping", "m", "v");
INSERT INTO `wced_entry` VALUES (10904, "lapinig", "582", "<entry page=""582"" id=""10904""><form id=""lapixnig"" lang=""ceb"">lapínig</form>
<hom>
<sense n=""0""><trans> <xr lang=""ceb"" target=""#lampixnig"">= <sc>lampínig</sc>.</xr>
</trans>
</sense></hom></entry>");
INSERT INTO `wced_head` (entryid, head, normalized_head, type, pos) VALUES (10904, "lapínig", "lapinig", "m", "");
INSERT INTO `wced_entry` VALUES (10905, "lapis1, lapis1", "582", "<entry page=""582"" id=""10905""><form id=""lapis_laxpis"" lang=""ceb"">lapis<sub>1</sub>, lápis<sub>1</sub></form>
<hom role=""v""><pos>v</pos>
<sense n=""1""><number>1</number> <itype>[A; a12b2]</itype><trans> do the same thing to two things at once. </trans>
<eg><i lang=""ceb"">Lapísa ang duha ka langgam sa usa ka tíru,</i><trans> Hit two birds with one shot. </trans></eg>
<eg><i lang=""ceb"">Ayaw lapisa sa paghigugma ang duha ka magsúun,</i><trans> Don’t fall in love with both sisters. </trans></eg>
</sense>
<sense n=""2""><number>2</number> <itype>[A; c1]</itype><trans> be included in s.t. that happened to s.o. else. </trans>
<eg><i lang=""ceb"">Nalapis ku sa kasábà kúmu kaúban,</i><trans> I was included in the scolding since I was their companion.
</trans></eg>
</sense></hom></entry>");
INSERT INTO `wced_head` (entryid, head, normalized_head, type, pos) VALUES (10905, "lapis", "lapis", "s", "v");
INSERT INTO `wced_head` (entryid, head, normalized_head, type, pos) VALUES (10905, "lápis", "lapis", "s", "v");
INSERT INTO `wced_entry` VALUES (10906, "lapis2", "582", "<entry page=""582"" id=""10906""><form id=""lapis2"" lang=""ceb"">lapis<sub>2</sub></form>
<hom role=""n""><pos>n</pos>
<sense n=""0""><trans> k.o. leather jacket: <bio>Scomberoides spp</bio>.
</trans>
</sense></hom></entry>");
INSERT INTO `wced_head` (entryid, head, normalized_head, type, pos) VALUES (10906, "lapis", "lapis", "s", "n");
INSERT INTO `wced_entry` VALUES (10907, "lapis2", "582", "<entry page=""582"" id=""10907""><form id=""laxpis2"" lang=""ceb"">lápis<sub>2</sub></form>
<hom role=""n""><pos>n</pos>
<sense n=""0""><trans> <tr>pencil</tr>. </trans>
</sense></hom>
<hom role=""v""><pos>v</pos>
<sense n=""0""> <itype>[A1; a12]</itype><trans> write with a <pb n=""583""/>pencil. </trans>
<eg><i lang=""ceb"">Lapísa lang pagsulat. Usbunun pa bítaw nà,</i><trans> Just write it with a pencil. It has to be rewritten anyway.
</trans></eg>
</sense></hom></entry>");
INSERT INTO `wced_head` (entryid, head, normalized_head, type, pos) VALUES (10907, "lápis", "lapis", "s", "nv");
INSERT INTO `wced_translation` (entryid, translation) VALUES (10907, "pencil");
INSERT INTO `wced_entry` VALUES (10908, "lapiti", "583", "<entry page=""583"" id=""10908""><form id=""lapiti"" lang=""ceb"">lapiti</form>
<hom role=""v""><pos>v</pos>
<sense n=""0""> <itype>[A; b6(1)]</itype><trans> make s.t. dirty by bespattering it. </trans>
<eg><i lang=""ceb"">Siyay nakalapiti ug lápuk sa bungbung,</i><trans> He spattered mud on the wall. </trans></eg>
</sense></hom>
<entry><form id=""kalapiti_kalapixti"" lang=""ceb""><abbr expan=""kalapiti"">ka-</abbr>, <abbr expan=""kalapíti"">ka-(←)</abbr></form>
<hom role=""v""><pos>v</pos>
<sense n=""0""> <itype>[A13]</itype><trans> get s.t. smeared, spattered all over one. </trans>
<eg><i lang=""ceb"">Nagkalapíti ang bátà sa tái,</i><trans> The child got smeared all over with his stool.
</trans></eg>
</sense></hom></entry></entry>");
INSERT INTO `wced_head` (entryid, head, normalized_head, type, pos) VALUES (10908, "lapiti", "lapiti", "m", "v");
INSERT INTO `wced_head` (entryid, head, normalized_head, type, pos) VALUES (10908, "kalapiti", "kalapiti", "s", "v");
INSERT INTO `wced_head` (entryid, head, normalized_head, type, pos) VALUES (10908, "kalapíti", "kalapiti", "s", "v");
INSERT INTO `wced_entry` VALUES (10909, "laplap1", "583", "<entry page=""583"" id=""10909""><form id=""laplap"" lang=""ceb"">laplap<sub>1</sub></form>
<hom role=""a""><pos>a</pos>
<sense n=""0""><trans> for clothing to be loose and flapping. </trans>
<eg><i lang=""ceb"">Namanus kag sinínà nu kay laplap man kaáyu nímu,</i><trans> You must be wearing s.o. else’s clothes because they are so loose on you. </trans></eg>
</sense></hom>
<hom role=""v""><pos>v</pos>
<sense n=""0""> <itype>[B; c1]</itype><trans> for s.t. to flap or clothes to be loose. </trans>
<eg><i lang=""ceb"">Naglaplap ang bandíra sa hángin,</i><trans> The flag is waving in the breeze.
</trans></eg>
</sense></hom></entry>");
INSERT INTO `wced_head` (entryid, head, normalized_head, type, pos) VALUES (10909, "laplap", "laplap", "s", "av");
INSERT INTO `wced_entry` VALUES (10910, "laplap2", "583", "<entry page=""583"" id=""10910""><form id=""laplap2"" lang=""ceb"">laplap<sub>2</sub></form>
<hom role=""v""><pos>v</pos>
<sense n=""0""> <itype>[A; ab7]</itype><trans> slice off s.t. from a surface. </trans>
<eg><i lang=""ceb"">Mulaplap kug gamay sa karni pára isugba,</i><trans> I’ll slice off a small piece of meat to broil. </trans></eg>
<eg><i lang=""ceb"">Laplápa ang apdu ug ilábay,</i><trans> Slice off the gall bladder and throw it away. </trans></eg>
<eg><i lang=""ceb"">Laplápi ang lapalapa sa kúbal,</i><trans> Cut the callous off the sole of your foot.
</trans></eg>
</sense></hom></entry>");
INSERT INTO `wced_head` (entryid, head, normalized_head, type, pos) VALUES (10910, "laplap", "laplap", "s", "v");
INSERT INTO `wced_entry` VALUES (10911, "lapnis", "583", "<entry page=""583"" id=""10911""><form id=""lapnis"" lang=""ceb"">lapnis</form>
<hom role=""n""><pos>n</pos>
<sense n=""0""><trans> fiber stripped off the outside of a banana or abaca trunk used to tie things.
</trans>
</sense></hom></entry>");
INSERT INTO `wced_head` (entryid, head, normalized_head, type, pos) VALUES (10911, "lapnis", "lapnis", "m", "n");
INSERT INTO `wced_entry` VALUES (10912, "lapnut1", "583", "<entry page=""583"" id=""10912""><form id=""lapnut"" lang=""ceb"">lapnut<sub>1</sub></form>
<hom role=""a""><pos>a</pos>
<sense n=""0""><trans> for liquids to be thick and sticky. </trans>
</sense></hom>
<hom role=""v""><pos>v</pos>
<sense n=""0""> <itype>[B; a]</itype><trans> be thick and sticky. </trans>
<eg><i lang=""ceb"">Mulapnut (malapnut) ang sabaw sa útan ug dúnay ukra,</i><trans> Vegetable soup gets sticky if you put okra in it.
</trans></eg>
</sense></hom></entry>");
INSERT INTO `wced_head` (entryid, head, normalized_head, type, pos) VALUES (10912, "lapnut", "lapnut", "s", "av");
INSERT INTO `wced_entry` VALUES (10913, "lapnut2", "583", "<entry page=""583"" id=""10913""><form id=""lapnut2"" lang=""ceb"">lapnut<sub>2</sub></form>
<hom role=""v""><pos>v</pos>
<sense n=""0""> <itype>[AN; ab2]</itype><trans> remove s.t. rooted, attached, or sticking fast. </trans>
<eg><i lang=""ceb"">Kinsay milapnut sa papil nga ákung gipilit sa lamísa?</i><trans> Who ripped off the paper that I had pasted on the table? </trans></eg>
<eg><i lang=""ceb"">Íyang gilapnut ang íyang lásu kay gisáput na man pud,</i><trans> She pulled the ribbon out off her hair because she was in a bad mood again.
</trans></eg>
</sense></hom></entry>");
INSERT INTO `wced_head` (entryid, head, normalized_head, type, pos) VALUES (10913, "lapnut", "lapnut", "s", "v");
INSERT INTO `wced_entry` VALUES (10914, "lapnuy", "583", "<entry page=""583"" id=""10914""><form id=""lapnuy"" lang=""ceb"">lapnuy</form>
<hom role=""v""><pos>v</pos>
<sense n=""0""> <itype>[B2]</itype><trans> glide, move through an area smoothly. </trans>
<eg><i lang=""ceb"">Milapnuy lag lísu sa santul sa ákung tutunlan,</i><trans> The seed of the santol slipped down my throat. </trans></eg>
<eg><i lang=""ceb"">Mulapnuy ang kasíli sa kadanglug,</i><trans> The eel is so slippery, it will come right out of your hands. </trans></eg>
</sense></hom>
<hom role=""a""><pos>a</pos>
<sense n=""0""><trans> moving through an area smoothly. </trans>
<eg><i lang=""ceb"">Lapnuy ianak ang gamayng bátà,</i><trans> You will have a smooth delivery if it’s a small baby. </trans></eg>
</sense></hom>
<entry><form id=""lapnuylapnuy"" lang=""ceb"">lapnuylapnuy</form>
<hom role=""v""><pos>v</pos>
<sense n=""0""> <itype>[A3; b6]</itype><trans> glide up and down on a surface. </trans>
<eg><i lang=""ceb"">Naglapnuylapnuy ang gapnud sa mga balud,</i><trans> The driftwood is gliding over the waves.
</trans></eg>
</sense></hom></entry></entry>");
INSERT INTO `wced_head` (entryid, head, normalized_head, type, pos) VALUES (10914, "lapnuy", "lapnuy", "m", "va");
INSERT INTO `wced_head` (entryid, head, normalized_head, type, pos) VALUES (10914, "lapnuylapnuy", "lapnuylapnuy", "s", "v");
INSERT INTO `wced_entry` VALUES (10915, "lapris", "583", "<entry page=""583"" id=""10915""><form id=""lapris"" lang=""ceb"">lapris</form>
<hom role=""n""><pos>n</pos>
<sense n=""0""><trans> <tr>rabbet plane</tr>. </trans>
</sense></hom>
<hom role=""v""><pos>v</pos>
<sense n=""1""><number>1</number> <itype>[A; b6]</itype><trans> make or smooth a groove with a rabbet plane. </trans>
</sense>
<sense n=""2""><number>2</number> <itype>[A13; a12]</itype><trans> make into a rabbet plane.
</trans>
</sense></hom></entry>");
INSERT INTO `wced_head` (entryid, head, normalized_head, type, pos) VALUES (10915, "lapris", "lapris", "m", "nv");
INSERT INTO `wced_translation` (entryid, translation) VALUES (10915, "rabbet plane");
INSERT INTO `wced_entry` VALUES (10916, "lapsaw", "583", "<entry page=""583"" id=""10916""><form id=""lapsaw"" lang=""ceb"">lapsaw</form>
<hom role=""a""><pos>a</pos>
<sense n=""0""><trans> <tr>watery</tr>, <tr>diluted</tr> in taste. </trans>
<eg><i lang=""ceb"">Lapsaw kaáyu ang ílang litsi kay giligaban ug túbig,</i><trans> Their milk is watery because they adulterated it with water. </trans></eg>
</sense></hom>
<hom role=""v""><pos>v</pos>
<sense n=""0""> <itype>[B1; a2]</itype><trans> get to be watery, have a diluted taste. </trans>
<eg><i lang=""ceb"">Kinsay ganáhan sa ímung sabaw nga naglapsaw ang lamì?</i><trans> Who likes your soup since it tastes so watery? </trans></eg>
</sense></hom>
<entry><form id=""lapsaw_ug_duguq"" lang=""ceb""><abbr expan=""lapsaw"">—</abbr> ug dugù</form>
<hom>
<sense n=""0""><trans> <tr>sluggish</tr>, lacking in vigor, movement. </trans>
</sense></hom></entry>
<entry><form id=""lapsaw_ug_uxtuk"" lang=""ceb""><abbr expan=""lapsaw"">—</abbr> ug útuk</form>
<hom>
<sense n=""0""><trans> <tr>stupid</tr>.
</trans>
</sense></hom></entry></entry>");
INSERT INTO `wced_head` (entryid, head, normalized_head, type, pos) VALUES (10916, "lapsaw", "lapsaw", "m", "av");
INSERT INTO `wced_head` (entryid, head, normalized_head, type, pos) VALUES (10916, "lapsaw ug dugù", "lapsaw ug dugu", "s", "");
INSERT INTO `wced_head` (entryid, head, normalized_head, type, pos) VALUES (10916, "lapsaw ug útuk", "lapsaw ug utuk", "s", "");
INSERT INTO `wced_translation` (entryid, translation) VALUES (10916, "watery");
INSERT INTO `wced_translation` (entryid, translation) VALUES (10916, "diluted");
INSERT INTO `wced_translation` (entryid, translation) VALUES (10916, "sluggish");
INSERT INTO `wced_translation` (entryid, translation) VALUES (10916, "stupid");
INSERT INTO `wced_entry` VALUES (10917, "lapta", "583", "<entry page=""583"" id=""10917""><form id=""lapta"" lang=""ceb"">lapta</form>
<hom role=""a""><pos>a</pos>
<sense n=""0""><trans> <tr>splotchy</tr>. </trans>
<eg><i lang=""ceb"">Lapta kaáyu ang pagkapintal sa kisami kay nubátus ang nagpintal,</i><trans> The paint of the ceiling is splotchy because the painter is inexperienced. </trans></eg>
</sense></hom>
<entry><form id=""laptalapta"" lang=""ceb"">laptalapta</form>
<hom role=""v""><pos>v</pos>
<sense n=""0""> <itype>[B; c1]</itype><trans> be splotchy. </trans>
<eg><i lang=""ceb"">Naglaptalapta ang mga bun-i sa íyang buktun,</i><trans> Ringworms are appearing in splotches on her arms.
</trans></eg>
</sense></hom></entry></entry>");
INSERT INTO `wced_head` (entryid, head, normalized_head, type, pos) VALUES (10917, "lapta", "lapta", "m", "a");
INSERT INTO `wced_head` (entryid, head, normalized_head, type, pos) VALUES (10917, "laptalapta", "laptalapta", "s", "v");
INSERT INTO `wced_translation` (entryid, translation) VALUES (10917, "splotchy");
INSERT INTO `wced_entry` VALUES (10918, "lapu", "583", "<entry page=""583"" id=""10918""><form id=""laxpu"" lang=""ceb"">lápu</form>
<hom role=""v""><pos>v</pos>
<sense n=""0""> <itype>[A; a1]</itype><trans> <tr>spank</tr> s.o. with the hand or with s.t. long, rigid, and flat. </trans>
<eg><i lang=""ceb"">Lapúhun ta ka íring lipak ug dì ka mutúman,</i><trans> I’ll spank you with this bamboo slat if you don’t obey.
</trans></eg>
</sense></hom></entry>");
INSERT INTO `wced_head` (entryid, head, normalized_head, type, pos) VALUES (10918, "lápu", "lapu", "m", "v");
INSERT INTO `wced_translation` (entryid, translation) VALUES (10918, "spank");
INSERT INTO `wced_entry` VALUES (10919, "lapug", "583", "<entry page=""583"" id=""10919""><form id=""lapug"" lang=""ceb"">lapug</form>
<hom role=""n""><pos>n</pos>
<sense n=""0""><trans> k.o. large grouper.
</trans>
</sense></hom></entry>");
INSERT INTO `wced_head` (entryid, head, normalized_head, type, pos) VALUES (10919, "lapug", "lapug", "m", "n");
INSERT INTO `wced_entry` VALUES (10920, "lapuk", "583", "<entry page=""583"" id=""10920""><form id=""laxpuk"" lang=""ceb"">lápuk</form>
<hom role=""n""><pos>n</pos>
<sense n=""1""><number>1</number><trans> <tr>mud</tr>. </trans>
</sense>
<sense n=""2""><number>2</number><trans> <tr>derogatory remarks</tr>. </trans>
<eg><i lang=""ceb"">Nag-iyáhay lag lábay ug lápuk ang mga kandidátu,</i><trans> Political candidates resorted to mudslinging. </trans></eg>
</sense></hom>
<entry><form id=""laxpuk_sa_agtang"" lang=""ceb""><abbr expan=""lápuk"">—</abbr> sa agtang</form>
<hom role=""a""><pos>a</pos>
<sense n=""0""><trans> smear on a man’s reputation incurred when his wife commits adultery. </trans>
</sense></hom>
<hom role=""v""><pos>v</pos>
<sense n=""1""><number>1</number> <itype>[B; a]</itype><trans> be, become muddy. </trans>
<eg><i lang=""ceb"">Mulápuk (malápuk) lang kita dinhi kun mag-ulan,</i><trans> This place becomes muddy when it rains. </trans></eg>
</sense>
<sense n=""2""><number>2</number> <form id=""laxpuk_sa_agtang"" lang=""ceb""><abbr expan=""lápuk"">—</abbr> sa agtang</form><trans> </trans>
</sense></hom>
<hom role=""v""><pos>v</pos>
<sense n=""0""> <itype>[A13; b5]</itype><trans> for a wife to smear her husband’s reputation by committing adultery. </trans>
</sense></hom></entry>
<entry><form id=""lapuklapuk"" lang=""ceb"">lapuklapuk</form>
<hom role=""v""><pos>v</pos>
<sense n=""0""> <itype>[A1; b5]</itype><trans> make muddy. </trans>
<eg><i lang=""ceb"">Gustu giyud maglapuklapuk ang mga bátà,</i><trans> Children enjoy getting themselves all muddy. </trans></eg>
<eg><i lang=""ceb"">Gilapuklapukan ang salug sa mga bátà,</i><trans> The children made the floor muddy. </trans></eg>
</sense></hom></entry>
<entry><form id=""kalaxpuk"" lang=""ceb""><abbr expan=""kalápuk"">ka-</abbr></form>
<hom role=""v""><pos>v</pos>
<sense n=""0""> <itype>[B1456]</itype><trans> be spattered with mud. </trans>
<eg><i lang=""ceb"">Nagkalápuk ang tiil sa irù,</i><trans> The dog’s feet are muddy. </trans></eg>
</sense></hom></entry>
<entry><form id=""lapuxkun"" lang=""ceb""><abbr expan=""lapúkun"">-un</abbr></form>
<hom role=""a""><pos>a</pos>
<sense n=""0""><trans> <tr>muddy</tr>. </trans>
</sense></hom></entry>
<entry><form id=""kalapuxkan"" lang=""ceb""><abbr expan=""kalapúkan"">ka-an</abbr></form>
<hom role=""n""><pos>n</pos>
<sense n=""0""><trans> places that are muddy.
</trans>
</sense></hom></entry></entry>");
INSERT INTO `wced_head` (entryid, head, normalized_head, type, pos) VALUES (10920, "lápuk", "lapuk", "m", "n");
INSERT INTO `wced_head` (entryid, head, normalized_head, type, pos) VALUES (10920, "lápuk sa agtang", "lapuk sa agtang", "s", "avv");
INSERT INTO `wced_head` (entryid, head, normalized_head, type, pos) VALUES (10920, "lapuklapuk", "lapuklapuk", "s", "v");
INSERT INTO `wced_head` (entryid, head, normalized_head, type, pos) VALUES (10920, "kalápuk", "kalapuk", "s", "v");
INSERT INTO `wced_head` (entryid, head, normalized_head, type, pos) VALUES (10920, "lapúkun", "lapukun", "s", "a");
INSERT INTO `wced_head` (entryid, head, normalized_head, type, pos) VALUES (10920, "kalapúkan", "kalapukan", "s", "n");
INSERT INTO `wced_translation` (entryid, translation) VALUES (10920, "mud");
INSERT INTO `wced_translation` (entryid, translation) VALUES (10920, "derogatory remarks");
INSERT INTO `wced_translation` (entryid, translation) VALUES (10920, "muddy");
INSERT INTO `wced_entry` VALUES (10921, "lapulapu1", "583", "<entry page=""583"" id=""10921""><form id=""lapulaxpu"" lang=""ceb"">lapulápu<sub>1</sub></form>
<hom role=""n""><pos>n</pos>
<sense n=""0""><trans> commercial name given to groupers (<ix>pugápu</ix>).
</trans>
</sense></hom></entry>");
INSERT INTO `wced_head` (entryid, head, normalized_head, type, pos) VALUES (10921, "lapulápu", "lapulapu", "s", "n");
INSERT INTO `wced_entry` VALUES (10922, "lapung", "583", "<entry page=""583"" id=""10922""><form id=""lapung"" lang=""ceb"">lapung</form>
<hom role=""v""><pos>v</pos>
<sense n=""0""> <itype>[AN; c1]</itype><trans> involve s.o. in s.t. bad that he should not be involved in or do s.t. to more members of a group than should have had it done to them. </trans>
<eg><i lang=""ceb"">Siyay naglapung ug pangulitáwu sa tulu námù ka tindíra,</i><trans> He courted all the three of our salesgirls at one time. </trans></eg>
<eg><i lang=""ceb"">Makalapung kag dakup niánang mga manúka?</i><trans> Could you catch all those chickens at one time? </trans></eg>
<eg><i lang=""ceb"">Gilapung ku níyag áway bísag wà ku makasâ,</i><trans> She quarreled with everyone, including me, even though I had not done anything wrong. </trans></eg>
<eg><i lang=""ceb"">Nalapung ang ámung balay sa súnug,</i><trans> Our house got burnt along with the others.
</trans></eg>
</sense></hom></entry>");
INSERT INTO `wced_head` (entryid, head, normalized_head, type, pos) VALUES (10922, "lapung", "lapung", "m", "v");
INSERT INTO `wced_entry` VALUES (10923, "lapus", "583", "<entry page=""583"" id=""10923""><form id=""lapus"" lang=""ceb"">lapus</form>
<hom role=""v""><pos>v</pos>
<sense n=""1""><number>1</number> <itype>[A2; ac]</itype><trans> <tr>penetrate</tr>, <tr>pierce</tr> through the opposite side. </trans>
<eg><i lang=""ceb"">Dì makalapus ang ulan sa atup,</i><trans> The rain can’t penetrate the roof. </trans></eg>
<eg><i lang=""ceb"">Nalapsan sa panà ang isdà,</i><trans> The spear went through the fish. </trans></eg>
</sense>
<sense n=""1a""><number>1a</number> <itype>[b4]</itype><trans> have one’s menstrual blood penetrate to one’s clothing. </trans>
<eg><i lang=""ceb"">Gilapsan ku, maung mag-ílis ku,</i><trans> I got menstrual <pb n=""584""/>blood on my dress so I have to change. </trans></eg>
</sense>
<sense n=""2""><number>2</number> <itype>[A2; b6(1)]</itype><trans> <tr>bypass</tr>, pass through or beyond a point. </trans>
<eg><i lang=""ceb"">Dì na ku mulapus ngadtu sa píkas bungtud,</i><trans> I won’t go beyond the other side of the hill. </trans></eg>
</sense>
<sense n=""2a""><number>2a</number> <itype>[A12; b6(1)]</itype><trans> finish one’s studies. </trans>
<eg><i lang=""ceb"">Nakalapus na siya sa abugasíya,</i><trans> He has gotten through his law course. </trans></eg>
</sense>
<sense n=""2b""><number>2b</number> <itype>[A2; a1c]</itype><trans> go up to, reach. </trans>
<eg><i lang=""ceb"">Milapus ba ning karsadáha ngadtu sa Lilúan?</i><trans> Does this road go all the way through to Liloan? </trans></eg>
</sense>
<sense n=""3""><number>3</number> <itype>[C23; a12]</itype><trans> for two holes to lead through to each other. </trans>
<eg><i lang=""ceb"">Ang duha ka lángub naglápus,</i><trans> The two caves lead into each other. </trans></eg>
</sense>
<sense n=""4""><number>4</number> <itype>[B2]</itype><trans> for the foreskin of the penis to get loose so that the glans can be exposed. </trans>
<eg><i lang=""ceb"">Magpatúlì ku kun mulapus nag ákung tintin,</i><trans> I’ll get circumcised when the foreskin of my thing is loose enough to pull back all the way. </trans></eg>
</sense></hom>
<hom role=""a""><pos>a</pos>
<sense n=""1""><number>1</number><trans> be finished with one’s course of studies. </trans>
</sense>
<sense n=""2""><number>2</number><trans> turn out to be relatively more beautiful than the others in a group. </trans>
<eg><i lang=""ceb"">Námung magsúun si Nína ray lapus,</i><trans> Nena is the only good-looking one among us children. </trans></eg>
</sense></hom>
<entry><form id=""laxpus"" lang=""ceb""><abbr expan=""lápus"">(←)</abbr></form>
<hom role=""a""><pos>a</pos>
<sense n=""0""><trans> going clear through the other side. </trans>
<eg><i lang=""ceb"">Lápus ba ang lungag sa masig ka dawunggan?</i><trans> Do the earholes go clear through the head to the other side? </trans></eg>
</sense></hom></entry>
<entry><form id=""lapsanan"" lang=""ceb"">lapsanan</form>
<hom role=""n""><pos>n</pos>
<sense n=""0""><trans> place where s.t or s.o. exits<corr>.</corr> </trans>
<eg><i lang=""ceb"">Dúna bay lapsanan ning pasilyúha?</i><trans> Does this passageway have an exit?
</trans></eg>
</sense></hom></entry></entry>");
INSERT INTO `wced_head` (entryid, head, normalized_head, type, pos) VALUES (10923, "lapus", "lapus", "m", "va");
INSERT INTO `wced_head` (entryid, head, normalized_head, type, pos) VALUES (10923, "lápus", "lapus", "s", "a");
INSERT INTO `wced_head` (entryid, head, normalized_head, type, pos) VALUES (10923, "lapsanan", "lapsanan", "s", "n");
INSERT INTO `wced_translation` (entryid, translation) VALUES (10923, "penetrate");
INSERT INTO `wced_translation` (entryid, translation) VALUES (10923, "pierce");
INSERT INTO `wced_translation` (entryid, translation) VALUES (10923, "bypass");
INSERT INTO `wced_entry` VALUES (10924, "laput", "584", "<entry page=""584"" id=""10924""><form id=""laput"" lang=""ceb"">laput</form>
<hom role=""n""><pos>n</pos>
<sense n=""0""><trans> term for various kinds of fry or tiny fishes caught by the <ix>sanggab</ix>.
</trans>
</sense></hom></entry>");
INSERT INTO `wced_head` (entryid, head, normalized_head, type, pos) VALUES (10924, "laput", "laput", "m", "n");
INSERT INTO `wced_entry` VALUES (10925, "laput", "584", "<entry page=""584"" id=""10925""><form id=""laxput"" lang=""ceb"">láput</form>
<hom>
<sense n=""0""><trans> <xr lang=""ceb"" target=""#lap-ut2"">= <sc>lap-ut<sub>2</sub></sc>.</xr>
</trans>
</sense></hom></entry>");
INSERT INTO `wced_head` (entryid, head, normalized_head, type, pos) VALUES (10925, "láput", "laput", "m", "");
INSERT INTO `wced_entry` VALUES (10926, "lap-ut1", "584", "<entry page=""584"" id=""10926""><form id=""lap-ut"" lang=""ceb"">lap-ut<sub>1</sub></form>
<hom role=""v""><pos>v</pos>
<sense n=""0""> <itype>[B126; b2]</itype><trans> get slightly burnt, lightly injured from heat or acid. </trans>
<eg><i lang=""ceb"">Nalap-ut ang ákung tudlù sa asidu muryatiku,</i><trans> My finger got scalded with muriatic acid. </trans></eg>
<eg><i lang=""ceb"">Nalap-ut ákung bukubuku sa ínit,</i><trans> My back got burnt in the sun. </trans></eg>
</sense></hom>
<hom role=""n""><pos>n</pos>
<sense n=""0""><trans> light burn.
</trans>
</sense></hom></entry>");
INSERT INTO `wced_head` (entryid, head, normalized_head, type, pos) VALUES (10926, "lap-ut", "lap-ut", "s", "vn");
INSERT INTO `wced_entry` VALUES (10927, "lap-ut2", "584", "<entry page=""584"" id=""10927""><form id=""lap-ut2"" lang=""ceb"">lap-ut<sub>2</sub></form>
<hom role=""a""><pos>a</pos>
<sense n=""0""><trans> for a liquid to get thick and sticky. </trans>
</sense></hom>
<hom role=""v""><pos>v</pos>
<sense n=""0""> <itype>[B3(1)]</itype><trans> for soup to thicken. </trans>
<eg><i lang=""ceb"">Mulap-ut ang sabaw sa útan nga sagúlan ug bisul,</i><trans> Vegetable soup thickens if yautia is stewed with it. </trans></eg>
<eg><i lang=""ceb"">Haúna sa dì pa makalap-ut,</i><trans> Take it out before it gets thick. </trans></eg>
<eg><i lang=""ceb"">Ang harína nakalap-ut (nakapalap-ut) sa sabaw,</i><trans> The flour made the soup too thick. </trans></eg>
</sense></hom>
<entry><form id=""lap-uxtay_lap-utay"" lang=""ceb""><abbr expan=""lap-útay"">-ay</abbr>, <abbr expan=""lap-utay"">-ay(→)</abbr></form>
<hom>
<sense n=""0""><trans> <xr lang=""ceb"" target=""#lap-ut"">= <sc>lap-ut</sc>.</xr>
</trans>
</sense></hom></entry></entry>");
INSERT INTO `wced_head` (entryid, head, normalized_head, type, pos) VALUES (10927, "lap-ut", "lap-ut", "s", "av");
INSERT INTO `wced_head` (entryid, head, normalized_head, type, pos) VALUES (10927, "lap-útay", "lap-utay", "s", "");
INSERT INTO `wced_head` (entryid, head, normalized_head, type, pos) VALUES (10927, "lap-utay", "lap-utay", "s", "");
INSERT INTO `wced_entry` VALUES (10928, "lapuy", "584", "<entry page=""584"" id=""10928""><form id=""lapuy"" lang=""ceb"">lapuy</form>
<hom role=""v""><pos>v</pos>
<sense n=""0""> <itype>[B; a4b4]</itype><trans> be <tr>weary</tr>, <tr>fatigued</tr>. </trans>
<eg><i lang=""ceb"">Nalapuy (milapuy) ang ákung mga buktun sa pagginúna,</i><trans> My arms have become fatigued from weeding. </trans></eg>
<eg><i lang=""ceb"">Gilapuy (gilapuyan) kug maáyu sa paglinanguy,</i><trans> I was exhausted from swimming so much. </trans></eg>
</sense></hom>
<hom role=""a""><pos>a</pos>
<sense n=""0""><trans> <tr>fatigued</tr>. </trans>
</sense></hom>
<entry><form id=""kalapuy"" lang=""ceb""><abbr expan=""kalapuy"">ka-</abbr></form>
<hom role=""n""><pos>n</pos>
<sense n=""0""><trans> body fatigue.
</trans>
</sense></hom></entry></entry>");
INSERT INTO `wced_head` (entryid, head, normalized_head, type, pos) VALUES (10928, "lapuy", "lapuy", "m", "va");
INSERT INTO `wced_head` (entryid, head, normalized_head, type, pos) VALUES (10928, "kalapuy", "kalapuy", "s", "n");
INSERT INTO `wced_translation` (entryid, translation) VALUES (10928, "weary");
INSERT INTO `wced_translation` (entryid, translation) VALUES (10928, "fatigued");
INSERT INTO `wced_entry` VALUES (10929, "lapwa", "584", "<entry page=""584"" id=""10929""><form id=""lapwa"" lang=""ceb"">lapwa</form>
<hom role=""v""><pos>v</pos>
<sense n=""0""> <itype>[A; b6(1)]</itype><trans> put s.t. in boiling water, to blanch, sterilize, or prepare it for further cooking. </trans>
<eg><i lang=""ceb"">Lapwái (lapwáhi) ang kutsára sa masakitun,</i><trans> Sterilize the patient’s spoon in boiling water. </trans></eg>
<eg><i lang=""ceb"">Lapwáhi ang útuk sa túbig nga may asin,</i><trans> Parboil the brain in salted water.
</trans></eg>
</sense></hom></entry>");
INSERT INTO `wced_head` (entryid, head, normalized_head, type, pos) VALUES (10929, "lapwa", "lapwa", "m", "v");
INSERT INTO `wced_entry` VALUES (10930, "lapya", "584", "<entry page=""584"" id=""10930""><form id=""lapya"" lang=""ceb"">lapya</form>
<hom role=""n""><pos>n</pos>
<sense n=""0""><trans> lapping or dashing of waves, sound of waves coming onto the shore. </trans>
<eg><i lang=""ceb"">Ang lapya sa mga balud sa baybáyun,</i><trans> The lapping of the waves on the shore. </trans></eg>
</sense></hom>
<hom role=""v""><pos>v</pos>
<sense n=""0""> <itype>[A; b6]</itype><trans> for the waves to strike the shore. </trans>
</sense></hom>
<entry><form id=""lapyahan_lapyahaxnan"" lang=""ceb"">lapyahan, lapyahánan</form>
<hom role=""n""><pos>n</pos>
<sense n=""0""><trans> the place where the waves strike the shore. </trans>
</sense></hom></entry>
<entry><form id=""linapya"" lang=""ceb""><abbr expan=""linapya"">-in-</abbr></form>
<hom role=""n""><pos>n</pos>
<sense n=""0""><trans> sound of waves striking the shore.
</trans>
</sense></hom></entry></entry>");
INSERT INTO `wced_head` (entryid, head, normalized_head, type, pos) VALUES (10930, "lapya", "lapya", "m", "nv");
INSERT INTO `wced_head` (entryid, head, normalized_head, type, pos) VALUES (10930, "lapyahan", "lapyahan", "s", "n");
INSERT INTO `wced_head` (entryid, head, normalized_head, type, pos) VALUES (10930, "lapyahánan", "lapyahanan", "s", "n");
INSERT INTO `wced_head` (entryid, head, normalized_head, type, pos) VALUES (10930, "linapya", "linapya", "s", "n");
INSERT INTO `wced_entry` VALUES (10931, "lapya", "584", "<entry page=""584"" id=""10931""><form id=""lapyaq"" lang=""ceb"">lapyà</form>
<hom role=""a""><pos>a</pos>
<sense n=""0""><trans> <tr>broad</tr> in face, flattened out. </trans>
<eg><i lang=""ceb"">Lapyag nawung,</i><trans> A broad, <tr>flat</tr> face. </trans></eg>
</sense></hom>
<hom role=""v""><pos>v</pos>
<sense n=""0""> <itype>[B]</itype><trans> be, become flattened out. </trans>
<eg><i lang=""ceb"">Nalapyà ang nígu nga naligsan sa trák,</i><trans> The winnowing tray is flattened out because the truck drove over it.
</trans></eg>
</sense></hom></entry>");
INSERT INTO `wced_head` (entryid, head, normalized_head, type, pos) VALUES (10931, "lapyà", "lapya", "m", "av");
INSERT INTO `wced_translation` (entryid, translation) VALUES (10931, "broad");
INSERT INTO `wced_translation` (entryid, translation) VALUES (10931, "flat");
INSERT INTO `wced_entry` VALUES (10932, "lapyat", "584", "<entry page=""584"" id=""10932""><form id=""lapyat"" lang=""ceb"">lapyat</form>
<hom role=""a""><pos>a</pos>
<sense n=""1""><number>1</number><trans> <tr>fat</tr> and <tr>flabby</tr>. </trans>
<eg><i lang=""ceb"">Dalágang úlay kunu piru lapyat na ug dughan,</i><trans> She’s supposed to be a virgin but she has sagging breasts. </trans></eg>
</sense>
<sense n=""2""><number>2</number><trans> slow and languid in movement. </trans>
<eg><i lang=""ceb"">Lapyat nga manlihuklihuk,</i><trans> Moving sluggishly. </trans></eg>
</sense></hom>
<hom role=""v""><pos>v</pos>
<sense n=""1""><number>1</number> <itype>[B; a2]</itype><trans> be, become flabby or lacking in fullness. </trans>
<eg><i lang=""ceb"">Wà kay iksirsayis maung nagkalapyat ang ímung buktun,</i><trans> You lack exercise. No wonder your arms are getting flabby. </trans></eg>
</sense>
<sense n=""2""><number>2</number> <itype>[B; a2]</itype><trans> move without energy. </trans>
<eg><i lang=""ceb"">Dì giyud mahuman ang ímung trabáhu ug maglapyat ka,</i><trans> Your work will never get done if you work slow.
</trans></eg>
</sense></hom></entry>");
INSERT INTO `wced_head` (entryid, head, normalized_head, type, pos) VALUES (10932, "lapyat", "lapyat", "m", "av");
INSERT INTO `wced_translation` (entryid, translation) VALUES (10932, "fat");
INSERT INTO `wced_translation` (entryid, translation) VALUES (10932, "flabby");
INSERT INTO `wced_entry` VALUES (10933, "lapyu", "584", "<entry page=""584"" id=""10933""><form id=""lapyuq"" lang=""ceb"">lapyù</form>
<hom role=""a""><pos>a</pos>
<sense n=""0""><trans> <tr>young</tr> and <tr>tender</tr>. </trans>
<eg><i lang=""ceb"">Ang lapyung bágu mauy maáyung utánun,</i><trans> Young and tender <ix>bágu</ix> leaves make an excellent vegetable stew. </trans></eg>
<eg><i lang=""ceb"">Lapyù nga kaisípan,</i><trans> Young and tender minds.
</trans></eg>
</sense></hom></entry>");
INSERT INTO `wced_head` (entryid, head, normalized_head, type, pos) VALUES (10933, "lapyù", "lapyu", "m", "a");
INSERT INTO `wced_translation` (entryid, translation) VALUES (10933, "young");
INSERT INTO `wced_translation` (entryid, translation) VALUES (10933, "tender");
INSERT INTO `wced_entry` VALUES (10934, "larag", "584", "<entry page=""584"" id=""10934""><form id=""laxrag"" lang=""ceb"">lárag</form>
<hom role=""v""><pos>v</pos>
<sense n=""1""><number>1</number> <itype>[B2]</itype><trans> for leaves to yellow. </trans>
<eg><i lang=""ceb"">Nagkalarag ang mga tanum kay way ulan,</i><trans> The plants are becoming yellow because there hasn’t been any rain. </trans></eg>
</sense>
<sense n=""1a""><number>1a</number> <itype>[B12]</itype><trans> for leaves or flowers to wither and fall off. </trans>
<eg><i lang=""ceb"">Nalárag ang mga dáhun sa lawus nga kamunggay,</i><trans> The withered <ix>kamunggay</ix> leaves dropped off. </trans></eg>
</sense>
<sense n=""2""><number>2</number> <itype>[B12]</itype><trans> be faded. </trans>
<eg><i lang=""ceb"">Nalárag na ang íyang kaanyag,</i><trans> Her beauty has faded. </trans></eg>
</sense>
<sense n=""2a""><number>2a</number> <form id=""laxrag_ang_buxlak_pagkabuxlak"" lang=""ceb""><abbr expan=""lárag"">—</abbr> ang búlak, pagkabúlak</form><trans> lose one’s virginity (for the flower to fade). </trans>
<eg><i lang=""ceb"">Nalárag ang íyang pagkabúlak sa dihang gipaangkan siya,</i><trans> She lost her chaste beauty when she became pregnant. </trans></eg>
</sense>
<sense n=""3""><number>3</number> <itype>[B]</itype><trans> get completely drunk. </trans>
<eg><i lang=""ceb"">Sa ílang pag-ínum gabíi si Tunyu ang únang nalárag,</i><trans> In their spree last night Tonio was the first one to get under the table. </trans></eg>
</sense>
<sense n=""3a""><number>3a</number> <itype>[B12; a1]</itype><trans> be fascinated with s.o. </trans>
<eg><i lang=""ceb"">Ang íyang kaanyag mauy nakalárag (nakapalárag) nákù,</i><trans> Her beauty fascinated me. </trans></eg>
</sense></hom>
<entry><form id=""larag"" lang=""ceb""><abbr expan=""larag"">(→)</abbr></form>
<hom role=""a""><pos>a</pos>
<sense n=""0""><trans> withered, yellowed leaves, flowers, faded beauty, unchaste. </trans>
<eg><i lang=""ceb"">Gipangasáwa siya bísan usa na siya ka larag nga búlak,</i><trans> S.o. married her even though she was a faded flower (no longer a virgin). </trans></eg>
</sense></hom>
<hom role=""n""><pos>n</pos>
<sense n=""0""><trans> fallen leaves.
<pb n=""585""/>
</trans>
</sense></hom></entry></entry>");
INSERT INTO `wced_head` (entryid, head, normalized_head, type, pos) VALUES (10934, "lárag", "larag", "m", "v");
INSERT INTO `wced_head` (entryid, head, normalized_head, type, pos) VALUES (10934, "lárag ang búlak", "larag ang bulak", "s", "");
INSERT INTO `wced_head` (entryid, head, normalized_head, type, pos) VALUES (10934, "pagkabúlak", "pagkabulak", "s", "");
INSERT INTO `wced_head` (entryid, head, normalized_head, type, pos) VALUES (10934, "larag", "larag", "s", "an");
INSERT INTO `wced_entry` VALUES (10935, "laran", "585", "<entry page=""585"" id=""10935""><form id=""laxran"" lang=""ceb"">láran</form>
<hom role=""v""><pos>v</pos>
<sense n=""0""> <itype>[A12; a12]</itype><trans> <tr>beat</tr>, <tr>outdo</tr>. </trans>
<eg><i lang=""ceb"">Dakù túud si Klí apan walà siya makaláran ni Prísir,</i><trans> Clay may be big but he couldn’t beat Frazier. </trans></eg>
</sense></hom>
<entry><form id=""palaxran"" lang=""ceb""><abbr expan=""paláran"">pa-</abbr></form>
<hom role=""v""><pos>v</pos>
<sense n=""1""><number>1</number> <itype>[A3]</itype><trans> allow oneself to be outdone. </trans>
</sense>
<sense n=""2""><number>2</number> <itype>[A13]</itype><trans> allow oneself to get carried away with his emotions. </trans>
<eg><i lang=""ceb"">Magpaláran ka gánis ímung kaguul, masakit ka giyud,</i><trans> If you allow yourself to get carried away with your emotions, you will surely get sick.
</trans></eg>
</sense></hom></entry></entry>");
INSERT INTO `wced_head` (entryid, head, normalized_head, type, pos) VALUES (10935, "láran", "laran", "m", "v");
INSERT INTO `wced_head` (entryid, head, normalized_head, type, pos) VALUES (10935, "paláran", "palaran", "s", "v");
INSERT INTO `wced_translation` (entryid, translation) VALUES (10935, "beat");
INSERT INTO `wced_translation` (entryid, translation) VALUES (10935, "outdo");
INSERT INTO `wced_entry` VALUES (10936, "larang", "585", "<entry page=""585"" id=""10936""><form id=""laxrang"" lang=""ceb"">lárang</form>
<hom role=""v""><pos>v</pos>
<sense n=""0""> <itype>[A; c1]</itype><trans> </trans>
</sense>
<sense n=""1""><number>1</number><trans> stew s.t. with coconut milk and nothing else but spices. </trans>
<eg><i lang=""ceb"">Lamì ang kyampaw ug ilárang (larángun),</i><trans> The best way to cook ray is by stewing it in coconut juice. </trans></eg>
</sense>
<sense n=""2""><number>2</number><trans> reheat s.t. to remove the fat. </trans>
<eg><i lang=""ceb"">Laránga ang adúbu arun dílì kaáyu ngilngig,</i><trans> Heat the <ix>adúbu</ix> so it won’t be so greasy. </trans></eg>
</sense></hom>
<hom role=""n""><pos>n</pos>
<sense n=""0""><trans> dish stewed in coconut milk, usually stingray.
</trans>
</sense></hom></entry>");
INSERT INTO `wced_head` (entryid, head, normalized_head, type, pos) VALUES (10936, "lárang", "larang", "m", "vn");
INSERT INTO `wced_entry` VALUES (10937, "laras", "585", "<entry page=""585"" id=""10937""><form id=""laxras"" lang=""ceb"">láras</form>
<hom role=""v""><pos>v</pos>
<sense n=""0""> <itype>[A; b6]</itype><trans> <tr>saw</tr> along the length. </trans>
<eg><i lang=""ceb"">Larásun nátù ang átung giputul nga káhuy,</i><trans> We’ll saw the log into lumber. </trans></eg>
</sense></hom>
<entry><form id=""laras"" lang=""ceb""><abbr expan=""laras"">(→)</abbr></form>
<hom role=""v""><pos>v</pos>
<sense n=""0""> <itype>[A; c1]</itype><trans> </trans>
</sense>
<sense n=""1""><number>1</number><trans> do s.t. to all of a group. </trans>
<eg><i lang=""ceb"">Ang huramintádu nga milaras ug patay sa tibuuk pamilya,</i><trans> The amok who killed all the members of the family. </trans></eg>
<eg><i lang=""ceb"">Ayaw mi larasa (ilaras) ug kasábà kay usa ray nakasâ,</i><trans> Don’t include us all in the scolding because only one of us did anything wrong. </trans></eg>
<eg><i lang=""ceb"">Gilaras ku pagsuruysúruy ang mga dálan dinhi,</i><trans> I wandered through all of the streets. </trans></eg>
</sense>
<sense n=""2""><number>2</number><trans> do s.t. to a larger number of a group than would ordinarily be expected. </trans>
<eg><i lang=""ceb"">Gilaras níyag pangulitáwu ang duha ka magsúun,</i><trans> He courted two of the sisters at the same time. </trans></eg>
</sense></hom>
<hom role=""n""><pos>n</pos>
<sense n=""0""><trans> ripsaw, saw for cutting with the grain. </trans>
</sense></hom></entry>
<entry><form id=""larasan"" lang=""ceb""><abbr expan=""larasan"">-an(→)</abbr></form>
<hom role=""n""><pos>n</pos>
<sense n=""0""><trans> sawhorse. </trans>
</sense></hom></entry>
<entry><form id=""linaxras"" lang=""ceb""><abbr expan=""lináras"">-in-</abbr></form>
<hom role=""n""><pos>n</pos>
<sense n=""0""><trans> boards sawed off with a ripsaw.
</trans>
</sense></hom></entry></entry>");
INSERT INTO `wced_head` (entryid, head, normalized_head, type, pos) VALUES (10937, "láras", "laras", "m", "v");
INSERT INTO `wced_head` (entryid, head, normalized_head, type, pos) VALUES (10937, "laras", "laras", "s", "vn");
INSERT INTO `wced_head` (entryid, head, normalized_head, type, pos) VALUES (10937, "larasan", "larasan", "s", "n");
INSERT INTO `wced_head` (entryid, head, normalized_head, type, pos) VALUES (10937, "lináras", "linaras", "s", "n");
INSERT INTO `wced_translation` (entryid, translation) VALUES (10937, "saw");
INSERT INTO `wced_entry` VALUES (10938, "laraw", "585", "<entry page=""585"" id=""10938""><form id=""laxraw"" lang=""ceb"">láraw</form>
<hom role=""v""><pos>v</pos>
<sense n=""1""><number>1</number> <itype>[A; ab]</itype><trans> <tr>make plans</tr> to do s.t. </trans>
<eg><i lang=""ceb"">Nagláraw ang prisidinti nga magdiktadur,</i><trans> The president is planning to become a dictator. </trans></eg>
<eg><i lang=""ceb"">Dúna siyay gilárawng buhátun nímu,</i><trans> He is plotting to do s.t. against you. </trans></eg>
<eg><i lang=""ceb"">Ikay gilaráwan níyang patyun,</i><trans> He is planning to kill you. </trans></eg>
</sense>
<sense n=""2""><number>2</number> <itype>[A; a2]</itype><trans> plan how and where s.t. is to be built. </trans>
<eg><i lang=""ceb"">Magláraw ta sa átung balayan,</i><trans> We’re going to map out the place where the house is to be built. </trans></eg>
</sense></hom>
<hom role=""n""><pos>n</pos>
<sense n=""0""><trans> plan, plot. </trans>
<eg><i lang=""ceb"">Wà kuy láraw sa pagbiyáhi,</i><trans> I have no plans to travel. </trans></eg>
</sense></hom>
<entry><form id=""laraxwan"" lang=""ceb""><abbr expan=""laráwan"">-an</abbr></form>
<hom role=""n""><pos>n</pos>
<sense n=""1""><number>1</number><trans> <tr>picture</tr>. </trans>
</sense>
<sense n=""2""><number>2</number><trans> graven image (Biblical). </trans>
<eg><i lang=""ceb"">Dílì ka magsimba sa mga laráwan,</i><trans> Thou shalt not worship graven images. </trans></eg>
</sense>
<sense n=""3""><number>3</number><trans> image, likeness of. </trans>
<eg><i lang=""ceb"">Laráwan ka sa ímung inahan,</i><trans> You are your mother’s image. </trans></eg>
</sense>
<sense n=""4""><number>4</number><trans> typical example. </trans>
<eg><i lang=""ceb"">Laráwan sa kakúgi ug kabuútan,</i><trans> Paragon of industry and virtue. </trans></eg>
<eg><i lang=""ceb"">Laráwan sa kahimsug,</i><trans> A picture of health. </trans></eg>
</sense></hom>
<hom role=""v""><pos>v</pos>
<sense n=""0""> <itype>[A; a]</itype><trans> showing clearly, picture s.t. </trans>
<eg><i lang=""ceb"">Ang ílang kahimtang naglaráwan sa túmang kakabus,</i><trans> The condition shows what utter poverty is. </trans></eg>
<eg><i lang=""ceb"">Nalaráwan sa íyang panagway ang kahadluk,</i><trans> Fear was etched on her face. </trans></eg>
<eg><i lang=""ceb"">Larawána kunúhay ang lángit,</i><trans> Try to picture heaven in your mind.
</trans></eg>
</sense></hom></entry></entry>");
INSERT INTO `wced_head` (entryid, head, normalized_head, type, pos) VALUES (10938, "láraw", "laraw", "m", "vn");
INSERT INTO `wced_head` (entryid, head, normalized_head, type, pos) VALUES (10938, "laráwan", "larawan", "s", "nv");
INSERT INTO `wced_translation` (entryid, translation) VALUES (10938, "make plans");
INSERT INTO `wced_translation` (entryid, translation) VALUES (10938, "picture");
INSERT INTO `wced_entry` VALUES (10939, "laray1", "585", "<entry page=""585"" id=""10939""><form id=""laray"" lang=""ceb"">laray<sub>1</sub></form>
<hom role=""v""><pos>v</pos>
<sense n=""0""> <itype>[A; b6(1)]</itype><trans> sing a song with meaningless syllables (<ix>la la la</ix>). </trans>
<eg><i lang=""ceb"">Naglaray siya sa bátà nga gitū́g,</i><trans> She hummed the child to sleep. </trans></eg>
</sense></hom>
<hom role=""n""><pos>n</pos>
<sense n=""0""><trans> song sung with meaningless syllables.
</trans>
</sense></hom></entry>");
INSERT INTO `wced_head` (entryid, head, normalized_head, type, pos) VALUES (10939, "laray", "laray", "s", "vn");
INSERT INTO `wced_entry` VALUES (10940, "laray", "585", "<entry page=""585"" id=""10940""><form id=""laxray"" lang=""ceb"">láray</form>
<hom role=""v""><pos>v</pos>
<sense n=""0""> <itype>[A; c1]</itype><trans> be in a <tr>row</tr> or <tr>line</tr>; cause s.t. to be so. </trans>
<eg><i lang=""ceb"">Siyay miláray sa mga masitíra sa agiánan,</i><trans> She lined the path with flower pots. </trans></eg>
<eg><i lang=""ceb"">Nagláray ang mga patyunun atúbang sa payring iskwad,</i><trans> The condemned men were lined up before the firing squad. </trans></eg>
</sense></hom>
<hom role=""n""><pos>n</pos>
<sense n=""0""><trans> line, row. </trans>
</sense></hom>
<entry><form id=""laray2"" lang=""ceb""><abbr expan=""laray"">(→)</abbr><sub>2</sub></form>
<hom>
<sense n=""0""><trans> <xr lang=""ceb"" target=""#laxray"">= <sc>láray</sc>, <i lang=""ceb"">n.</i></xr> </trans>
</sense></hom>
<hom role=""v""><pos>v</pos>
<sense n=""0""> <itype>[A; ac]</itype><trans> display goods for sale on the sidewalks or in open booths in the public market. </trans>
<eg><i lang=""ceb"">Adtu tas tábù tan-áwun tag unsay gilaray,</i><trans> Let’s go to the market and see what is being displayed.
</trans></eg>
</sense></hom></entry></entry>");
INSERT INTO `wced_head` (entryid, head, normalized_head, type, pos) VALUES (10940, "láray", "laray", "m", "vn");
INSERT INTO `wced_head` (entryid, head, normalized_head, type, pos) VALUES (10940, "laray", "laray", "s", "v");
INSERT INTO `wced_translation` (entryid, translation) VALUES (10940, "row");
INSERT INTO `wced_translation` (entryid, translation) VALUES (10940, "line");
INSERT INTO `wced_entry` VALUES (10941, "larga", "585", "<entry page=""585"" id=""10941""><form id=""larga"" lang=""ceb"">larga</form>
<hom role=""v""><pos>v</pos>
<sense n=""1""><number>1</number> <itype>[B36]</itype><trans> for a passenger vehicle to leave. </trans>
<eg><i lang=""ceb"">Milarga (nalarga) ang trák binyáan ang kunduktur,</i><trans> The bus went off, leaving the conductor behind. </trans></eg>
</sense>
<sense n=""1a""><number>1a</number><trans> leave for a distant place. </trans>
<eg><i lang=""ceb"">Mularga mi ugmà pára Butwan,</i><trans> We’ll leave for Butuan tomorrow. </trans></eg>
<eg><i lang=""ceb"">Ug malarga na mi mahibáwu ka ra,</i><trans> You’ll surely know it if we have gotten off. </trans></eg>
</sense>
<sense n=""1b""><number>1b</number><trans> used in commands only: go ahead, start. </trans>
<eg><i lang=""ceb"">Ug muingun kung ‘larga’, dágan ... Na, larga na,</i><trans> When I say ‘OK’, run ... OK, run! </trans></eg>
</sense></hom>
<entry><form id=""larga_manuk"" lang=""ceb""><abbr expan=""larga"">—</abbr> manuk</form>
<hom>
<sense n=""0""><trans> <xr lang=""ceb"" target=""#larga"">= <sc>larga</sc>, <ix>1b.</ix></xr> </trans>
</sense>
<sense n=""2""><number>2</number> <itype>[A3P; b]</itype><trans> allow, permit s.o. to do s.t. freely. </trans>
<eg><i lang=""ceb"">Kinsa may naglarga nímu nga ipatandug nang trabahúa?</i><trans> Who gave you a free hand to touch that work? </trans></eg>
</sense>
<sense n=""2a""><number>2a</number> <itype>[A; b]</itype><trans> meet a price offered, agree to do s.t. for a certain price offered. </trans>
<eg><i lang=""ceb"">Mularga ku ánà sa bayinti,</i><trans> I’ll let it go for twenty. </trans></eg>
</sense>
<sense n=""3""><number>3</number> <itype>[A; b7]</itype><trans> pay out the line. </trans>
<eg><i lang=""ceb"">Ayaw palabii ug larga sa tugut ang tabánug,</i><trans> Don’t pay out the string of your kite too much. </trans></eg>
<eg><i lang=""ceb"">Largahi ang pasul,</i><trans> Pay out the fishline. </trans></eg>
</sense>
<sense n=""4""><number>4</number> <itype>[A; bc]</itype><trans> let cocks go for a fight. </trans>
<eg><i lang=""ceb"">Largáhan na gánì nang duha ka manuk, súgud na ang búlang,</i><trans> When those two cocks are released, that means the game is on. </trans></eg>
</sense>
<sense n=""4a""><number>4a</number> <itype>[B; b]</itype><trans> set on s.o. </trans>
<eg><i lang=""ceb"">Gilargahan siya sa mga buguy,</i><trans> The bullies set on him. </trans></eg>
</sense></hom></entry>
<entry><form id=""largaxda"" lang=""ceb""><abbr expan=""largáda"">-da</abbr></form>
<hom role=""n""><pos>n</pos>
<sense n=""0""><trans> all set to go, well-prepared, showing confidence as one goes into a fight, examination, or contest. </trans>
<eg><i lang=""ceb"">Hustu sa largáda si Klí. Walà giyud magpakítag kahadluk,</i><trans> Clay was all set to go with complete confidence. He didn’t show a trace of fear. </trans></eg>
</sense></hom></entry>
<entry><form id=""largadur"" lang=""ceb""><abbr expan=""largadur"">-dur(→)</abbr></form>
<hom role=""n""><pos>n</pos>
<sense n=""1""><number>1</number><trans> one who releases cocks in cockfighting. </trans>
</sense>
<sense n=""2""><number>2</number><trans> one who formally announces the candidacy of s.o. running for an elective office.
</trans>
</sense></hom></entry></entry>");
INSERT INTO `wced_head` (entryid, head, normalized_head, type, pos) VALUES (10941, "larga", "larga", "m", "v");
INSERT INTO `wced_head` (entryid, head, normalized_head, type, pos) VALUES (10941, "larga manuk", "larga manuk", "s", "");
INSERT INTO `wced_head` (entryid, head, normalized_head, type, pos) VALUES (10941, "largáda", "largada", "s", "n");
INSERT INTO `wced_head` (entryid, head, normalized_head, type, pos) VALUES (10941, "largadur", "largadur", "s", "n");
INSERT INTO `wced_entry` VALUES (10942, "largabista", "585", "<entry page=""585"" id=""10942""><form id=""largabista"" lang=""ceb"">largabista</form>
<hom role=""n""><pos>n</pos>
<sense n=""0""><trans> <tr>binoculars</tr>. </trans>
</sense></hom>
<hom role=""v""><pos>v</pos>
<sense n=""0""> <itype>[A; b5]</itype><trans> look at s.t. with binoculars.
</trans>
</sense></hom></entry>");
INSERT INTO `wced_head` (entryid, head, normalized_head, type, pos) VALUES (10942, "largabista", "largabista", "m", "nv");
INSERT INTO `wced_translation` (entryid, translation) VALUES (10942, "binoculars");
INSERT INTO `wced_entry` VALUES (10943, "largu", "585", "<entry page=""585"" id=""10943""><form id=""largu"" lang=""ceb"">largu</form>
<hom>
<sense n=""0""><trans> lead directly to. </trans>
<eg><i lang=""ceb"">Kining dalána largu sa subà,</i><trans> The path leads directly to the river. </trans></eg>
</sense></hom>
<hom role=""v""><pos>v</pos>
<sense n=""1""><number>1</number> <itype>[A2; ac]</itype><trans> go straight, take a straight course s.w. </trans>
<eg><i lang=""ceb"">Mulargu lang ku ngadtu sa íla,</i><trans> I’ll just go straight to their place. </trans></eg>
</sense>
<sense n=""2""><number>2</number> <itype>[A2; abc]</itype><trans> do s.t. directly straight away. </trans>
<eg><i lang=""ceb"">Mulargu ka lang ug hílak bísan gipangutána ka lang,</i><trans> You cry right away even though I only asked you. </trans></eg>
<eg><i lang=""ceb"">Dílì ka makalargu ug sulud,</i><trans> You can’t just go straight in. </trans></eg>
<eg><i lang=""ceb"">Ay na lang ug sukda. Largúha na lang pagputul,</i><trans> Never mind measuring it. Just cut it right off. </trans></eg>
<eg><i lang=""ceb"">Largúhi lang siyag ingun nga wà kay gustu,</i><trans> Just tell him directly that you don’t like him. </trans></eg>
<eg><i lang=""ceb"">Ayaw ilargug hátag,</i><trans> Don’t give it to him directly. </trans></eg>
</sense>
<sense n=""2a""><number>2a</number> <itype>[A2]</itype><trans> happen fast without any previous indication. </trans>
<eg><i lang=""ceb"">Milargu ug butu ang ribintadur ug wà gánì musíyù,</i><trans> The firecracker exploded right away and it didn’t even sizzle. </trans></eg>
</sense>
<sense n=""3""><number>3</number> <itype>[B16; c1]</itype><trans> be, become straight. </trans>
<eg><i lang=""ceb"">Naglargu lang ning sinináa mu rag sáku,</i><trans> This dress is straight at the sides like a sack. </trans></eg>
</sense></hom>
<entry><form id=""larguhaxnan"" lang=""ceb"">larguhánan</form>
<hom role=""n""><pos>n</pos>
<sense n=""0""><trans> short, direct route toward. </trans>
</sense></hom></entry>
<entry><form id=""dilargu_pantalun_dilargu"" lang=""ceb""><abbr expan=""dilargu"">di-</abbr>, pantalun <abbr expan=""dilargu"">di-</abbr></form>
<hom role=""n""><pos>n</pos>
<sense n=""0""><trans> long pants.
</trans>
</sense></hom></entry></entry>");
INSERT INTO `wced_head` (entryid, head, normalized_head, type, pos) VALUES (10943, "largu", "largu", "m", "v");
INSERT INTO `wced_head` (entryid, head, normalized_head, type, pos) VALUES (10943, "larguhánan", "larguhanan", "s", "n");
INSERT INTO `wced_head` (entryid, head, normalized_head, type, pos) VALUES (10943, "dilargu", "dilargu", "s", "n");
INSERT INTO `wced_head` (entryid, head, normalized_head, type, pos) VALUES (10943, "pantalun dilargu", "pantalun dilargu", "s", "n");
INSERT INTO `wced_entry` VALUES (10944, "laring", "586", "<entry page=""586"" id=""10944""><form id=""laxring"" lang=""ceb"">láring</form>
<hom role=""n""><pos>n</pos>
<sense n=""0""><trans> k.o. <tr>sword</tr> similar to the <ix>kanduwálì</ix> but with a slight curve to the blade.
</trans>
</sense></hom></entry>");
INSERT INTO `wced_head` (entryid, head, normalized_head, type, pos) VALUES (10944, "láring", "laring", "m", "n");
INSERT INTO `wced_translation` (entryid, translation) VALUES (10944, "sword");
INSERT INTO `wced_entry` VALUES (10945, "larinu", "586", "<entry page=""586"" id=""10945""><form id=""larixnu"" lang=""ceb"">larínu</form>
<hom role=""a""><pos>a</pos>
<sense n=""0""><trans> speaking clearly and fluently. </trans>
<eg><i lang=""ceb"">Larínu kaáyu nang Kanúa mubinisayà,</i><trans> That American speaks Cebuano very fluently. </trans></eg>
</sense></hom>
<hom role=""v""><pos>v</pos>
<sense n=""0""> <itype>[B12; c1]</itype><trans> speak clearly and fluently.
</trans>
</sense></hom></entry>");
INSERT INTO `wced_head` (entryid, head, normalized_head, type, pos) VALUES (10945, "larínu", "larinu", "m", "av");
INSERT INTO `wced_entry` VALUES (10946, "laruk", "586", "<entry page=""586"" id=""10946""><form id=""laxruk"" lang=""ceb"">láruk</form>
<hom>
<sense n=""0""><trans> <xr lang=""ceb"" target=""#lagduk"">= <sc>lagduk</sc>, <i lang=""ceb"">in all meanings except 1a.</i></xr>
</trans>
</sense></hom></entry>");
INSERT INTO `wced_head` (entryid, head, normalized_head, type, pos) VALUES (10946, "láruk", "laruk", "m", "");
INSERT INTO `wced_entry` VALUES (10947, "larut", "586", "<entry page=""586"" id=""10947""><form id=""larut"" lang=""ceb"">larut</form>
<hom role=""v""><pos>v</pos>
<sense n=""0""> <itype>[A3P; a]</itype><trans> </trans>
</sense>
<sense n=""1""><number>1</number><trans> <tr>pull up</tr> by the roots. </trans>
<eg><i lang=""ceb"">Maglarut kug mani pára lapwáan,</i><trans> I’ll pull up some peanuts to boil. </trans></eg>
<eg><i lang=""ceb"">Íyang larutun ning tangúha,</i><trans> He’ll pull this tooth out. </trans></eg>
</sense>
<sense n=""2""><number>2</number><trans> pull s.t. off from its moorings, as if uprooting it. </trans>
<eg><i lang=""ceb"">Bagyu ang nakalarut (nakapalarut) sa mga barungbárung,</i><trans> The typhoon knocked the shanties over. </trans></eg>
</sense>
<sense n=""3""><number>3</number> <itype>[B12N; b3]</itype><trans> lose one’s hair. </trans>
<eg><i lang=""ceb"">Nanglarut ang íyang buhuk,</i><trans> His hair is falling out. </trans></eg>
</sense></hom>
<hom role=""n""><pos>n</pos>
<sense n=""1""><number>1</number><trans> hair that has fallen out. </trans>
<eg><i lang=""ceb"">Matag kalígù níya dúnay daghang larut,</i><trans> Every time he takes a bath he loses a lot of hair. </trans></eg>
</sense>
<sense n=""2""><number>2</number><trans> bad luck, allegedly brought on by s.o. </trans>
<eg><i lang=""ceb"">Ngánung miduwà pa giyud ka, napildi na núun ta. Ikaw lay nagdá sa larut,</i><trans> Why did you have to play with us? Now we lost. You must have brought this bad luck. </trans></eg>
</sense></hom>
<entry><form id=""laxrut"" lang=""ceb""><abbr expan=""lárut"">(←)</abbr></form>
<hom role=""v""><pos>v</pos>
<sense n=""0""> <itype>[A; ab7]</itype><trans> take rice seedlings out from their bed ready for transplanting. </trans>
<eg><i lang=""ceb"">Larútun na nátù ang similya kay andam na ang basak,</i><trans> Let’s take the seedlings out of the seedbed now because the field is ready for planting.
</trans></eg>
</sense></hom></entry></entry>");
INSERT INTO `wced_head` (entryid, head, normalized_head, type, pos) VALUES (10947, "larut", "larut", "m", "vn");
INSERT INTO `wced_head` (entryid, head, normalized_head, type, pos) VALUES (10947, "lárut", "larut", "s", "v");
INSERT INTO `wced_translation` (entryid, translation) VALUES (10947, "pull up");
INSERT INTO `wced_entry` VALUES (10948, "laruylaruy, laruylaruy", "586", "<entry page=""586"" id=""10948""><form id=""laruylaruy_laruylaxruy"" lang=""ceb"">laruylaruy, laruyláruy</form>
<hom role=""v""><pos>v</pos>
<sense n=""0""> <itype>[A; b6]</itype><trans> <tr>roam</tr> idly, aimlessly about instead of doing s.t. </trans>
<eg><i lang=""ceb"">Gilaruylarúyan níya ang íyang pagtuun maung nahagbung,</i><trans> He wandered about instead of studying, so he failed.
</trans></eg>
</sense></hom></entry>");
INSERT INTO `wced_head` (entryid, head, normalized_head, type, pos) VALUES (10948, "laruylaruy", "laruylaruy", "s", "v");
INSERT INTO `wced_head` (entryid, head, normalized_head, type, pos) VALUES (10948, "laruyláruy", "laruylaruy", "s", "v");
INSERT INTO `wced_translation` (entryid, translation) VALUES (10948, "roam");
INSERT INTO `wced_entry` VALUES (10949, "laryang", "586", "<entry page=""586"" id=""10949""><form id=""laryang"" lang=""ceb"">laryang</form>
<hom role=""n""><pos>n</pos>
<sense n=""0""><trans> meaningless word used in singing a song without words.
</trans>
</sense></hom></entry>");
INSERT INTO `wced_head` (entryid, head, normalized_head, type, pos) VALUES (10949, "laryang", "laryang", "m", "n");
INSERT INTO `wced_entry` VALUES (10950, "las", "586", "<entry page=""586"" id=""10950""><form id=""las"" lang=""ceb"">las</form>
<hom>
<sense n=""0""><trans> for the <tr>last</tr> time. </trans>
<eg><i lang=""ceb"">Hatági pa ku bi, las na lang,</i><trans> Please let me have one more. This is the last one, for sure.
</trans></eg>
</sense></hom></entry>");
INSERT INTO `wced_head` (entryid, head, normalized_head, type, pos) VALUES (10950, "las", "las", "m", "");
INSERT INTO `wced_translation` (entryid, translation) VALUES (10950, "last");
INSERT INTO `wced_entry` VALUES (10951, "lasa1", "586", "<entry page=""586"" id=""10951""><form id=""laxsa"" lang=""ceb"">lása<sub>1</sub></form>
<hom role=""a""><pos>a</pos>
<sense n=""0""><trans> <tr>oil</tr> floating on top of liquids. </trans>
<eg><i lang=""ceb"">Lása kaáyu ang sabaw sa linat-ang manuk,</i><trans> The chicken soup is oily because the chicken is fat. </trans></eg>
</sense></hom>
<hom role=""v""><pos>v</pos>
<sense n=""0""> <itype>[B2S]</itype><trans> for oil to appear on liquids. </trans>
<eg><i lang=""ceb"">Naglasa ang dágat tungud sa gasulína,</i><trans> The sea is covered with a film of oil from the gasoline leak.
</trans></eg>
</sense></hom></entry>");
INSERT INTO `wced_head` (entryid, head, normalized_head, type, pos) VALUES (10951, "lása", "lasa", "s", "av");
INSERT INTO `wced_translation` (entryid, translation) VALUES (10951, "oil");
INSERT INTO `wced_entry` VALUES (10952, "lasa2", "586", "<entry page=""586"" id=""10952""><form id=""laxsa2"" lang=""ceb"">lása<sub>2</sub></form>
<hom role=""n""><pos>n</pos>
<sense n=""0""><trans> <tr>taste</tr>. </trans>
<eg><i lang=""ceb"">Tayam ang lása sa ílang túbig imnunun,</i><trans> Their drinking water has a salty taste. </trans></eg>
</sense></hom>
<hom role=""v""><pos>v</pos>
<sense n=""0""> <itype>[B2346; c5]</itype><trans> be <tr>tasty</tr>. </trans>
<eg><i lang=""ceb"">Dì mulása ang útan ug daghan ang sabaw,</i><trans> Vegetable stew does not taste good if there’s too much water. </trans></eg>
</sense></hom>
<hom role=""n""><pos>n</pos>
<sense n=""0""><trans> spices. </trans>
</sense></hom>
<entry><form id=""lasa"" lang=""ceb""><abbr expan=""lasa"">(→)</abbr></form>
<hom role=""v""><pos>v</pos>
<sense n=""0""> <itype>[A; b6c1]</itype><trans> add or use spices. </trans>
<eg><i lang=""ceb"">Mulasa kug tanglad sa linat-ang manuk,</i><trans> I use lemon grass to spice chicken stew.
</trans></eg>
</sense></hom></entry></entry>");
INSERT INTO `wced_head` (entryid, head, normalized_head, type, pos) VALUES (10952, "lása", "lasa", "s", "nvn");
INSERT INTO `wced_head` (entryid, head, normalized_head, type, pos) VALUES (10952, "lasa", "lasa", "s", "v");
INSERT INTO `wced_translation` (entryid, translation) VALUES (10952, "taste");
INSERT INTO `wced_translation` (entryid, translation) VALUES (10952, "tasty");
INSERT INTO `wced_entry` VALUES (10953, "las-ag", "586", "<entry page=""586"" id=""10953""><form id=""las-ag"" lang=""ceb"">las-ag</form>
<hom role=""n""><pos>n</pos>
<sense n=""0""><trans> <tr>puddle</tr>, esp. a dirty one.
</trans>
</sense></hom></entry>");
INSERT INTO `wced_head` (entryid, head, normalized_head, type, pos) VALUES (10953, "las-ag", "las-ag", "m", "n");
INSERT INTO `wced_translation` (entryid, translation) VALUES (10953, "puddle");
INSERT INTO `wced_entry` VALUES (10954, "lasak", "586", "<entry page=""586"" id=""10954""><form id=""lasak"" lang=""ceb"">lasak</form>
<hom role=""n""><pos>n</pos>
<sense n=""0""><trans> <tr>money</tr> contained in s.t. (slang). </trans>
<eg><i lang=""ceb"">Pilay lasak sa pitákang inyung gilunggub?</i><trans> How much was in the bag you snatched?
</trans></eg>
</sense></hom></entry>");
INSERT INTO `wced_head` (entryid, head, normalized_head, type, pos) VALUES (10954, "lasak", "lasak", "m", "n");
INSERT INTO `wced_translation` (entryid, translation) VALUES (10954, "money");
INSERT INTO `wced_entry` VALUES (10955, "lasang", "586", "<entry page=""586"" id=""10955""><form id=""lasang"" lang=""ceb"">lasang</form>
<hom role=""n""><pos>n</pos>
<sense n=""1""><number>1</number><trans> <tr>forest</tr>, <tr>jungle</tr>. </trans>
</sense>
<sense n=""2""><number>2</number><trans> the trees on such land. </trans>
</sense></hom>
<hom role=""v""><pos>v</pos>
<sense n=""0""> <itype>[B2; b6]</itype><trans> be, become a forest. </trans>
<eg><i lang=""ceb"">Malasang (mulasang) ning yutáa ug dì nímu trabahúun,</i><trans> This land will become a forest if you don’t cultivate it. </trans></eg>
</sense></hom>
<entry><form id=""kalasangan"" lang=""ceb""><abbr expan=""kalasangan"">ka-an</abbr></form>
<hom role=""n""><pos>n</pos>
<sense n=""0""><trans> <tr>forests</tr>. </trans>
</sense></hom></entry>
<entry><form id=""lasangnun"" lang=""ceb""><abbr expan=""lasangnun"">-nun</abbr></form>
<hom role=""a""><pos>a</pos>
<sense n=""0""><trans> from the forest. </trans>
<eg><i lang=""ceb"">Lasangnun nga mga mananap,</i><trans> Jungle animals. </trans></eg>
</sense></hom></entry>
<entry><form id=""laxsang"" lang=""ceb""><abbr expan=""lásang"">(←)</abbr></form>
<hom role=""v""><pos>v</pos>
<sense n=""0""> <itype>[A; b5]</itype><trans> clear the forest. </trans>
<eg><i lang=""ceb"">Nangahánaw ang mga Suban-un sa dihang gilásang (gilasángan) na ang ílang lugar,</i><trans> The Subanos disappeared when their land was deforested.
</trans></eg>
</sense></hom></entry></entry>");
INSERT INTO `wced_head` (entryid, head, normalized_head, type, pos) VALUES (10955, "lasang", "lasang", "m", "nv");
INSERT INTO `wced_head` (entryid, head, normalized_head, type, pos) VALUES (10955, "kalasangan", "kalasangan", "s", "n");
INSERT INTO `wced_head` (entryid, head, normalized_head, type, pos) VALUES (10955, "lasangnun", "lasangnun", "s", "a");
INSERT INTO `wced_head` (entryid, head, normalized_head, type, pos) VALUES (10955, "lásang", "lasang", "s", "v");
INSERT INTO `wced_translation` (entryid, translation) VALUES (10955, "forest");
INSERT INTO `wced_translation` (entryid, translation) VALUES (10955, "jungle");
INSERT INTO `wced_translation` (entryid, translation) VALUES (10955, "forests");
INSERT INTO `wced_entry` VALUES (10956, "lasaw", "586", "<entry page=""586"" id=""10956""><form id=""laxsaw"" lang=""ceb"">lásaw</form>
<hom role=""v""><pos>v</pos>
<sense n=""0""> <itype>[A; c1]</itype><trans> for liquids to <tr>flow</tr> or <tr>spread</tr> all over. </trans>
<eg><i lang=""ceb"">Mulásaw ang ámung sílung ug mag-ulan,</i><trans> Water flows under our house when it rains. </trans></eg>
<eg><i lang=""ceb"">Mu rag túbig ang álak nga naglásaw sa kumbira,</i><trans> Wine flowed like water at the party. </trans></eg>
</sense></hom>
<entry><form id=""lasaw"" lang=""ceb""><abbr expan=""lasaw"">(→)</abbr></form>
<hom role=""a""><pos>a</pos>
<sense n=""0""><trans> <tr>diluted</tr>, <tr>watery</tr>. </trans>
<eg><i lang=""ceb"">Lasaw ang miskla sa simintu,</i><trans> The cement is watery. </trans></eg>
</sense></hom>
<hom role=""v""><pos>v</pos>
<sense n=""0""> <itype>[AB; b7]</itype><trans> dilute s.t., make a mixture thin. </trans>
<eg><i lang=""ceb"">Ayaw lasawa ang kapi,</i><trans> Don’t make the coffee so weak. </trans></eg>
</sense></hom></entry>
<entry><form id=""lasaw_ug_duguq"" lang=""ceb""><abbr expan=""lasaw"">—</abbr> ug dugù</form>
<hom role=""a""><pos>a</pos>
<sense n=""0""><trans> cowardly. </trans>
<eg><i lang=""ceb"">Ang lasaw ug dugù níyang manghud wà muambak,</i><trans> His brother was too chicken to jump.
</trans></eg>
</sense></hom></entry></entry>");
INSERT INTO `wced_head` (entryid, head, normalized_head, type, pos) VALUES (10956, "lásaw", "lasaw", "m", "v");
INSERT INTO `wced_head` (entryid, head, normalized_head, type, pos) VALUES (10956, "lasaw", "lasaw", "s", "av");
INSERT INTO `wced_head` (entryid, head, normalized_head, type, pos) VALUES (10956, "lasaw ug dugù", "lasaw ug dugu", "s", "a");
INSERT INTO `wced_translation` (entryid, translation) VALUES (10956, "flow");
INSERT INTO `wced_translation` (entryid, translation) VALUES (10956, "spread");
INSERT INTO `wced_translation` (entryid, translation) VALUES (10956, "diluted");
INSERT INTO `wced_translation` (entryid, translation) VALUES (10956, "watery");
INSERT INTO `wced_entry` VALUES (10957, "las-ay", "586", "<entry page=""586"" id=""10957""><form id=""las-ay"" lang=""ceb"">las-ay</form>
<hom role=""a""><pos>a</pos>
<sense n=""0""><trans> lacking flavor. </trans>
<eg><i lang=""ceb"">Las-ay ang sabaw, kúwag útan,</i><trans> The soup is <tr>tasteless</tr> because it lacks vegetables. </trans></eg>
</sense></hom>
<hom role=""v""><pos>v</pos>
<sense n=""0""> <itype>[B; c1]</itype><trans> get to be tasteless. </trans>
<eg><i lang=""ceb"">Ang manggang ahat pagkahinug las-ayg lamì,</i><trans> Mangoes which are not tree-ripened have an insipid taste.
</trans></eg>
</sense></hom></entry>");
INSERT INTO `wced_head` (entryid, head, normalized_head, type, pos) VALUES (10957, "las-ay", "las-ay", "m", "av");
INSERT INTO `wced_translation` (entryid, translation) VALUES (10957, "tasteless");
INSERT INTO `wced_entry` VALUES (10958, "lasbi", "586", "<entry page=""586"" id=""10958""><form id=""lasbi"" lang=""ceb"">lasbi</form>
<entry><form id=""lasbi_ug"" lang=""ceb""><abbr expan=""lasbi"">—</abbr> ug</form>
<hom>
<sense n=""0""><trans> <tr>rather</tr> than that [so-and-so] happen (s.t. else is better). </trans>
<eg><i lang=""ceb"">Maáyu pa ug bayran nímu ang buhis, lasbi ug mamurúsu ang yútà!</i><trans> Pay your taxes. It’s <tr>better</tr> than to have your land foreclosed. </trans></eg>
<eg><i lang=""ceb"">Dawáta na lang ning diyis, lasbig wâ,</i><trans> Just accept this dime. It’s better than nothing. </trans></eg>
<eg><i lang=""ceb"">Gihátag na lang nákù, <pb n=""587""/>lasbig kawátun,</i><trans> I just gave it to him. Better than having him steal it.
</trans></eg>
</sense></hom></entry></entry>");
INSERT INTO `wced_head` (entryid, head, normalized_head, type, pos) VALUES (10958, "lasbi", "lasbi", "m", "");
INSERT INTO `wced_head` (entryid, head, normalized_head, type, pos) VALUES (10958, "lasbi ug", "lasbi ug", "s", "");
INSERT INTO `wced_translation` (entryid, translation) VALUES (10958, "rather");
INSERT INTO `wced_translation` (entryid, translation) VALUES (10958, "better");
INSERT INTO `wced_entry` VALUES (10959, "lasgas", "587", "<entry page=""587"" id=""10959""><form id=""lasgas"" lang=""ceb"">lasgas</form>
<hom role=""a""><pos>a</pos>
<sense n=""1""><number>1</number><trans> for a smooth surface to be <tr>rough</tr> with tiny scratches, such that it would make a grating sound if s.t. were rubbed over it. </trans>
</sense>
<sense n=""2""><number>2</number><trans> for corn to be mature (for the husks to become dry and <tr>rough</tr>). </trans>
</sense></hom>
<hom role=""v""><pos>v</pos>
<sense n=""1""><number>1</number> <itype>[AB; a]</itype><trans> for a smooth surface to <tr>get roughened</tr>, cause it to do so. </trans>
<eg><i lang=""ceb"">Nalasgas ang imabaw sa lamísa kay gikuriskurisan,</i><trans> The table top got all scratched because s.o. rubbed <corr sic=""on ""/>s.t. sharp over it. </trans></eg>
</sense>
<sense n=""2""><number>2</number> <itype>[A13]</itype><trans> get a k.o. scaly formation on the skin, caused by contact with contaminated water. </trans>
<eg><i lang=""ceb"">Naglasgas ang ákung pánit kay nagtrabáhu mi sa kanal,</i><trans> My skin is infected with scales because we have been working in the ditch. </trans></eg>
</sense>
<sense n=""3""><number>3</number> <itype>[B12]</itype><trans> for corn to mature (from the notion that the husks get <tr>rough</tr> and wrinkled when the fruit is mature).
</trans>
</sense></hom></entry>");
INSERT INTO `wced_head` (entryid, head, normalized_head, type, pos) VALUES (10959, "lasgas", "lasgas", "m", "av");
INSERT INTO `wced_translation` (entryid, translation) VALUES (10959, "rough");
INSERT INTO `wced_translation` (entryid, translation) VALUES (10959, "get roughened");
INSERT INTO `wced_entry` VALUES (10960, "lasib", "587", "<entry page=""587"" id=""10960""><form id=""lasib"" lang=""ceb"">lasib</form>
<hom role=""v""><pos>v</pos>
<sense n=""0""> <itype>[A; a]</itype><trans> <tr>slice</tr> into long, thin pieces or slice a thin portion off a larger slab. </trans>
<eg><i lang=""ceb"">Lamì ang hamun ug nipsun paglasib,</i><trans> Ham tastes better if you slice it thin. </trans></eg>
<eg><i lang=""ceb"">Aku na lay mulasib íning karni nga ipanugba,</i><trans> I will slice off portions from this meat to broil. </trans></eg>
<eg><i lang=""ceb"">Basta mag-apritáda lasibun ang karni,</i><trans> <ix>Apritáda</ix> is made with meat cut into slivers.
</trans></eg>
</sense></hom></entry>");
INSERT INTO `wced_head` (entryid, head, normalized_head, type, pos) VALUES (10960, "lasib", "lasib", "m", "v");
INSERT INTO `wced_translation` (entryid, translation) VALUES (10960, "slice");
INSERT INTO `wced_entry` VALUES (10961, "lasid", "587", "<entry page=""587"" id=""10961""><form id=""lasid"" lang=""ceb"">lasid</form>
<hom role=""v""><pos>v</pos>
<sense n=""0""> <itype>[A; c1]</itype><trans> <tr>involve</tr>, include with the others, esp. in s.t. unpleasant. </trans>
<eg><i lang=""ceb"">Ang kastígu sa Diyus mulasid sa tanan,</i><trans> Everybody gets involved in God’s punishment. </trans></eg>
<eg><i lang=""ceb"">Bísag usa ray makasalà, lasirun (ilasid) ming tanan ug búnal ni Máma,</i><trans> Mother whips everybody even if only one of us does s.t. wrong.
</trans></eg>
</sense></hom></entry>");
INSERT INTO `wced_head` (entryid, head, normalized_head, type, pos) VALUES (10961, "lasid", "lasid", "m", "v");
INSERT INTO `wced_translation` (entryid, translation) VALUES (10961, "involve");
INSERT INTO `wced_entry` VALUES (10962, "lasik", "587", "<entry page=""587"" id=""10962""><form id=""laxsik"" lang=""ceb"">lásik</form>
<hom role=""v""><pos>v</pos>
<sense n=""0""> <itype>[B26; b8]</itype><trans> <tr>be thrown off</tr> <corr sic=""in"">for</corr> a distance under a forceful impact. </trans>
<eg><i lang=""ceb"">Milásik (nalásik) ug layù ang búla nga íyang gipatíran,</i><trans> He kicked the ball and it went far. </trans></eg>
<eg><i lang=""ceb"">Hilasikan (nalasikan) siya sa lápuk,</i><trans> She got mud splashed on her.
</trans></eg>
</sense></hom></entry>");
INSERT INTO `wced_head` (entryid, head, normalized_head, type, pos) VALUES (10962, "lásik", "lasik", "m", "v");
INSERT INTO `wced_translation` (entryid, translation) VALUES (10962, "be thrown off");
INSERT INTO `wced_entry` VALUES (10963, "lasing", "587", "<entry page=""587"" id=""10963""><form id=""lasing"" lang=""ceb"">lasing</form>
<hom role=""a""><pos>a</pos>
<sense n=""0""><trans> <tr>drunk</tr>. </trans>
<eg><i lang=""ceb"">Kusug na nà siya muisturya ug lasing na kaáyu,</i><trans> He becomes talkative when he is very groggy. </trans></eg>
</sense></hom>
<hom role=""v""><pos>v</pos>
<sense n=""0""> <itype>[A13B12; a]</itype><trans> <tr>get drunk</tr>, cause s.o. to do so.
</trans>
</sense></hom></entry>");
INSERT INTO `wced_head` (entryid, head, normalized_head, type, pos) VALUES (10963, "lasing", "lasing", "m", "av");
INSERT INTO `wced_translation` (entryid, translation) VALUES (10963, "drunk");
INSERT INTO `wced_translation` (entryid, translation) VALUES (10963, "get drunk");
INSERT INTO `wced_entry` VALUES (10964, "laski", "587", "<entry page=""587"" id=""10964""><form id=""laski"" lang=""ceb"">laski</form>
<hom role=""a""><pos>a</pos>
<sense n=""0""><trans> <tr>be fast</tr>, sprightly in doing s.t. </trans>
<eg><i lang=""ceb"">Laski mulakaw,</i><trans> A fast walker. </trans></eg>
<eg><i lang=""ceb"">Laski ang láwas,</i><trans> A body that is active and full of energy. </trans></eg>
<eg><i lang=""ceb"">Laski siyang muhímug kálù,</i><trans> He is energetic in making hats. </trans></eg>
</sense></hom>
<hom role=""v""><pos>v</pos>
<sense n=""0""> <itype>[B2; b6]</itype><trans> be fast or brisk in doing s.t. </trans>
<eg><i lang=""ceb"">Mulaski (malaski) nà siyang sugúun ug suhúlan,</i><trans> She’ll run an errand with alacrity if you pay her. </trans></eg>
<eg><i lang=""ceb"">Nagkalaski na ang nagluyang mga manuk,</i><trans> The chickens were weak, but they are regaining their strength now.
</trans></eg>
</sense></hom></entry>");
INSERT INTO `wced_head` (entryid, head, normalized_head, type, pos) VALUES (10964, "laski", "laski", "m", "av");
INSERT INTO `wced_translation` (entryid, translation) VALUES (10964, "be fast");
INSERT INTO `wced_entry` VALUES (10965, "laskuta", "587", "<entry page=""587"" id=""10965""><form id=""laskuxta"" lang=""ceb"">laskúta</form>
<hom role=""n""><pos>n</pos>
<sense n=""0""><trans> guy <tr>rope</tr>: </trans>
</sense>
<sense n=""1""><number>1</number><trans> a rope, chain, or rod to guide a carabao in plowing. </trans>
</sense>
<sense n=""2""><number>2</number><trans> a rope tied from the boom of a sail to the stern to control the sail. </trans>
</sense></hom>
<hom role=""v""><pos>v</pos>
<sense n=""1""><number>1</number> <itype>[A; b6(1)]</itype><trans> use or attach a guy rope to a carabao or to a sail. </trans>
</sense>
<sense n=""2""><number>2</number> <itype>[A; a2]</itype><trans> make into a guy rope.
</trans>
</sense></hom></entry>");
INSERT INTO `wced_head` (entryid, head, normalized_head, type, pos) VALUES (10965, "laskúta", "laskuta", "m", "nv");
INSERT INTO `wced_translation` (entryid, translation) VALUES (10965, "rope");
INSERT INTO `wced_entry` VALUES (10966, "laslas", "587", "<entry page=""587"" id=""10966""><form id=""laslas"" lang=""ceb"">laslas</form>
<hom role=""v""><pos>v</pos>
<sense n=""0""> <itype>[A; a]</itype><trans> <tr>cut</tr> s.t. with a sawing motion to make a <tr>slash</tr> in it or to remove leaves and small twigs. </trans>
<eg><i lang=""ceb"">Gilaslas níya ang mga lukay,</i><trans> He cut off the leaflets from the palm frond. </trans></eg>
<eg><i lang=""ceb"">Gilaslasan sa kawatan ang ákung bag,</i><trans> The thief made a gash in my bag. </trans></eg>
<eg><i lang=""ceb"">Malaslas na lang nang ímung bàbà ug tinambag, dílì gayud pamatíun,</i><trans> You can give him advice till you’re blue in the face (lit. you can rip your mouth giving him advice), but he won’t listen to you. </trans></eg>
</sense></hom>
<hom role=""n""><pos>n</pos>
<sense n=""0""><trans> slash, cracks like slashes.
</trans>
</sense></hom></entry>");
INSERT INTO `wced_head` (entryid, head, normalized_head, type, pos) VALUES (10966, "laslas", "laslas", "m", "vn");
INSERT INTO `wced_translation` (entryid, translation) VALUES (10966, "cut");
INSERT INTO `wced_translation` (entryid, translation) VALUES (10966, "slash");
INSERT INTO `wced_entry` VALUES (10967, "lasmu", "587", "<entry page=""587"" id=""10967""><form id=""lasmu"" lang=""ceb"">lasmu</form>
<hom role=""a""><pos>a</pos>
<sense n=""0""><trans> having the fishy odor of stagnant water or a body of a person who has not bathed in weeks. </trans>
<eg><i lang=""ceb"">Lasmu kaáyu ang kabù kay walà kahugási,</i><trans> The dipper smells bad because it hasn’t been washed. </trans></eg>
<eg><i lang=""ceb"">Lasmu kaáyu ang isdà sa batu,</i><trans> Fishes that live in rocks tend to have a revolting smell. </trans></eg>
</sense></hom>
<entry><form id=""way_lasmu"" lang=""ceb"">way <abbr expan=""lasmu"">—</abbr></form>
<hom role=""a""><pos>a</pos>
<sense n=""0""><trans> without making a fuss or bother (colloquial). </trans>
<eg><i lang=""ceb"">Wà giyud nay lasmung amahána. Muhátag dáyun bísag unsay pangayúun sa anak,</i><trans> That father never makes a fuss. Whatever his son asks for he gets. </trans></eg>
</sense></hom>
<hom role=""v""><pos>v</pos>
<sense n=""0""> <itype>[B; b6]</itype><trans> smell fishy or revolting like stagnant water. </trans>
<eg><i lang=""ceb"">Mulasmu ang plátung dì sabunan inighugas,</i><trans> Plates develop a fishy smell if you don’t wash them with soap.
</trans></eg>
</sense></hom></entry></entry>");
INSERT INTO `wced_head` (entryid, head, normalized_head, type, pos) VALUES (10967, "lasmu", "lasmu", "m", "a");
INSERT INTO `wced_head` (entryid, head, normalized_head, type, pos) VALUES (10967, "way lasmu", "way lasmu", "s", "av");
INSERT INTO `wced_entry` VALUES (10968, "lasnit", "587", "<entry page=""587"" id=""10968""><form id=""lasnit"" lang=""ceb"">lasnit</form>
<hom role=""v""><pos>v</pos>
<sense n=""0""> <itype>[A; a]</itype><trans> <tr>tear</tr> s.t. that sticks or is attached off with force. </trans>
<eg><i lang=""ceb"">Akuy milasnit sa ngil-ad ritrátu nga ímung gipilit sa bungbung,</i><trans> I stripped off the indecent picture that you had pasted on the wall. </trans></eg>
<eg><i lang=""ceb"">Gilasnítan níyag pánid ang nutbuk,</i><trans> He tore a page out of his notebook.
</trans></eg>
</sense></hom></entry>");
INSERT INTO `wced_head` (entryid, head, normalized_head, type, pos) VALUES (10968, "lasnit", "lasnit", "m", "v");
INSERT INTO `wced_translation` (entryid, translation) VALUES (10968, "tear");
INSERT INTO `wced_entry` VALUES (10969, "laspa", "587", "<entry page=""587"" id=""10969""><form id=""laspa"" lang=""ceb"">laspa</form>
<hom role=""v""><pos>v</pos>
<sense n=""0""> <itype>[AB126; c1]</itype><trans> do s.t. which brings ill or good to s.t. else besides the thing for which it was intended. </trans>
<eg><i lang=""ceb"">Ang inyung binúang nakalaspa (nakapalaspa) ug daghang táwu,</i><trans> Your foolishness has involved lots of people. </trans></eg>
<eg><i lang=""ceb"">Kay dihà man ku pagpanghátag sa mga kindi, gilaspa hasta aku,</i><trans> When they gave out the candy, I also got some because I happened to be there. </trans></eg>
<eg><i lang=""ceb"">Íyang gilaspa ug larut ang tanum uban sa sagbut,</i><trans> He uprooted the plant together with the weeds.
</trans></eg>
</sense></hom></entry>");
INSERT INTO `wced_head` (entryid, head, normalized_head, type, pos) VALUES (10969, "laspa", "laspa", "m", "v");
INSERT INTO `wced_entry` VALUES (10970, "last1", "587", "<entry page=""587"" id=""10970""><form id=""last"" lang=""ceb"">last<sub>1</sub></form>
<hom role=""n""><pos>n</pos>
<sense n=""0""><trans> in table tennis, one point away from winning. </trans>
<eg><i lang=""ceb"">Ug makapuntus siyag kausa daug na, kay last na man ang íyang iskur,</i><trans> If he makes one more point, he wins because he needs only one point. </trans></eg>
</sense></hom>
<hom role=""v""><pos>v</pos>
<sense n=""0""> <itype>[B56]</itype><trans> be a point away from winning.
</trans>
</sense></hom></entry>");
INSERT INTO `wced_head` (entryid, head, normalized_head, type, pos) VALUES (10970, "last", "last", "s", "nv");
INSERT INTO `wced_entry` VALUES (10971, "last2", "587", "<entry page=""587"" id=""10971""><form id=""last2"" lang=""ceb"">last<sub>2</sub></form>
<hom>
<sense n=""0""><trans> <xr lang=""ceb"" target=""#las"">= <sc>las</sc>.</xr>
</trans>
</sense></hom></entry>");
INSERT INTO `wced_head` (entryid, head, normalized_head, type, pos) VALUES (10971, "last", "last", "s", "");
INSERT INTO `wced_entry` VALUES (10972, "lastats", "587", "<entry page=""587"" id=""10972""><form id=""lastats"" lang=""ceb"">lastats</form>
<hom role=""n""><pos>n</pos>
<sense n=""0""><trans> in basketball, the one who was the last to touch a ball which went out of <pb n=""588""/>bounds. </trans>
<eg><i lang=""ceb"">Inyu ang búla kay lastats man ang inyung kuntra,</i><trans> It’s your ball because your opponents touched the ball last. </trans></eg>
</sense></hom>
<hom role=""v""><pos>v</pos>
<sense n=""0""> <itype>[B1236]</itype><trans> be the <tr>last</tr> to touch a ball which went out of bounds.
</trans>
</sense></hom></entry>");
INSERT INTO `wced_head` (entryid, head, normalized_head, type, pos) VALUES (10972, "lastats", "lastats", "m", "nv");
INSERT INTO `wced_translation` (entryid, translation) VALUES (10972, "last");
INSERT INTO `wced_entry` VALUES (10973, "last dil", "588", "<entry page=""588"" id=""10973""><form id=""last_dixl"" lang=""ceb"">last díl</form>
<hom role=""n""><pos>n</pos>
<sense n=""0""><trans> <tr>last deal</tr> in a mahjong or card game before quitting. </trans>
</sense></hom>
<hom role=""v""><pos>v</pos>
<sense n=""0""> <itype>[c1]</itype><trans> be the last deal in a mahjong or card game. </trans>
<eg><i lang=""ceb"">Last dílun (ilast díl) na ni nátù kay buntag na,</i><trans> Let’s make this our last deal because it’s already morning.
</trans></eg>
</sense></hom></entry>");
INSERT INTO `wced_head` (entryid, head, normalized_head, type, pos) VALUES (10973, "last díl", "last dil", "m", "nv");
INSERT INTO `wced_translation` (entryid, translation) VALUES (10973, "last deal");
INSERT INTO `wced_entry` VALUES (10974, "lasti", "588", "<entry page=""588"" id=""10974""><form id=""lasti"" lang=""ceb"">lasti</form>
<hom role=""v""><pos>v</pos>
<sense n=""0""> <itype>[A; c]</itype><trans> </trans>
</sense>
<sense n=""1""><number>1</number><trans> <tr>carry</tr>, <tr>ride</tr> with s.o. on a bike or other vehicle meant for one. </trans>
<eg><i lang=""ceb"">Dílì ka makalasti kay kúlang ug hángin ang gúma,</i><trans> You cannot ride double with me because there isn’t enough air. </trans></eg>
</sense>
<sense n=""2""><number>2</number><trans> <tr>tie</tr> a rock to leaves or fronds which hang down from a raft to keep them from floating. </trans>
<eg><i lang=""ceb"">Ang palwa sa lubi gilastíhag batu arun dílì mulutaw,</i><trans> The palm fronds have rocks tied to them so they won’t float.
</trans></eg>
</sense></hom></entry>");
INSERT INTO `wced_head` (entryid, head, normalized_head, type, pos) VALUES (10974, "lasti", "lasti", "m", "v");
INSERT INTO `wced_translation` (entryid, translation) VALUES (10974, "carry");
INSERT INTO `wced_translation` (entryid, translation) VALUES (10974, "ride");
INSERT INTO `wced_translation` (entryid, translation) VALUES (10974, "tie");
INSERT INTO `wced_entry` VALUES (10975, "lastiku", "588", "<entry page=""588"" id=""10975""><form id=""lastiku"" lang=""ceb"">lastiku</form>
<hom role=""n""><pos>n</pos>
<sense n=""1""><number>1</number><trans> <tr>rubber band</tr>. </trans>
</sense>
<sense n=""2""><number>2</number><trans> <tr>slingshot</tr> made of a rubber strip. </trans>
</sense></hom>
<hom role=""v""><pos>v</pos>
<sense n=""1""><number>1</number> <itype>[b6]</itype><trans> <tr>bind</tr> or <tr>fasten</tr> with a rubber band. </trans>
<eg><i lang=""ceb"">Ákung gilastikuhan ang usa ka bugkus lápis,</i><trans> I bound the bundle of pencils with a rubber band. </trans></eg>
</sense>
<sense n=""2""><number>2</number> <itype>[A; a1]</itype><trans> <tr>shoot</tr> with a slingshot. </trans>
<eg><i lang=""ceb"">Lastikuhun lang ang kaimítu,</i><trans> Get the star apple with a slingshot. </trans></eg>
</sense></hom>
<entry><form id=""panglastiku"" lang=""ceb""><abbr expan=""panglastiku"">paN-</abbr></form>
<hom role=""v""><pos>v</pos>
<sense n=""0""> <itype>[A2; b6(1)]</itype><trans> go hunting with a slingshot. </trans>
<eg><i lang=""ceb"">Manglastiku ku ug manuk ihálas,</i><trans> I’ll go hunting wild chickens with a slingshot. </trans></eg>
</sense></hom></entry>
<entry><form id=""dilastiku"" lang=""ceb""><abbr expan=""dilastiku"">di-</abbr></form>
<hom>
<sense n=""0""><trans> having an elastic garter. </trans>
<eg><i lang=""ceb"">Dilastiku ang ákung panti,</i><trans> I am wearing a <corr sic=""pantie"">panty</corr> with an elastic garter.
</trans></eg>
</sense></hom></entry></entry>");
INSERT INTO `wced_head` (entryid, head, normalized_head, type, pos) VALUES (10975, "lastiku", "lastiku", "m", "nv");
INSERT INTO `wced_head` (entryid, head, normalized_head, type, pos) VALUES (10975, "panglastiku", "panglastiku", "s", "v");
INSERT INTO `wced_head` (entryid, head, normalized_head, type, pos) VALUES (10975, "dilastiku", "dilastiku", "s", "");
INSERT INTO `wced_translation` (entryid, translation) VALUES (10975, "rubber band");
INSERT INTO `wced_translation` (entryid, translation) VALUES (10975, "slingshot");
INSERT INTO `wced_translation` (entryid, translation) VALUES (10975, "bind");
INSERT INTO `wced_translation` (entryid, translation) VALUES (10975, "fasten");
INSERT INTO `wced_translation` (entryid, translation) VALUES (10975, "shoot");
INSERT INTO `wced_entry` VALUES (10976, "lastrip", "588", "<entry page=""588"" id=""10976""><form id=""lastrip"" lang=""ceb"">lastrip</form>
<hom role=""n""><pos>n</pos>
<sense n=""1""><number>1</number><trans> <tr>last trip</tr> of the day by passenger vehicles or trains. </trans>
</sense>
<sense n=""2""><number>2</number><trans> one’s trip to the cemetery (humorous). </trans>
</sense>
<sense n=""3""><number>3</number><trans> last chance to get married. </trans>
<eg><i lang=""ceb"">Nangartig maáyu si Marta arun dì hibyaan sa lastrip,</i><trans> Martha makes herself up carefully in the hope that she can still make the last train. </trans></eg>
<eg><i lang=""ceb"">Bisag lastrip basta pransit,</i><trans> It does not matter if it’s the last trip (last chance to get married), so long as it’s the front seat (that is, a rich husband). </trans></eg>
</sense></hom>
<hom role=""v""><pos>v</pos>
<sense n=""1""><number>1</number> <itype>[A; c]</itype><trans> take the last trip, be the last trip. </trans>
<eg><i lang=""ceb"">Mulastrip ku rung hápun,</i><trans> I’ll take the last trip this afternoon. </trans></eg>
<eg><i lang=""ceb"">Ug malastrip na ni, musakay na lang ku,</i><trans> If this is the last trip, I’ll just take it. </trans></eg>
</sense>
<sense n=""2""><number>2</number> <itype>[B26]</itype><trans> <tr>die</tr> (humorous slang).
</trans>
</sense></hom></entry>");
INSERT INTO `wced_head` (entryid, head, normalized_head, type, pos) VALUES (10976, "lastrip", "lastrip", "m", "nv");
INSERT INTO `wced_translation` (entryid, translation) VALUES (10976, "last trip");
INSERT INTO `wced_translation` (entryid, translation) VALUES (10976, "die");
INSERT INTO `wced_entry` VALUES (10977, "lasu", "588", "<entry page=""588"" id=""10977""><form id=""laxsu"" lang=""ceb"">lásu</form>
<hom role=""n""><pos>n</pos>
<sense n=""1""><number>1</number><trans> <tr>ribbon</tr>, <tr>bow</tr>. </trans>
</sense>
<sense n=""2""><number>2</number><trans> <tr>lasso</tr>. </trans>
</sense></hom>
<hom role=""v""><pos>v</pos>
<sense n=""0""> <itype>[A; a]</itype><trans> </trans>
</sense>
<sense n=""1""><number>1</number><trans> <tr>tie</tr> into a bow. </trans>
<eg><i lang=""ceb"">Lasúha ang listun, ayawg balitùtúa,</i><trans> Lace the shoelace, don’t tie it into a knot. </trans></eg>
<eg><i lang=""ceb"">Gilasúhan níya ang íyang dalága,</i><trans> She tied a ribbon in her little girl’s hair. </trans></eg>
</sense>
<sense n=""2""><number>2</number><trans> <tr>lasso</tr>. </trans>
<eg><i lang=""ceb"">Lasúha ang kábaw nga nakabuhì,</i><trans> Lasso the carabao that escaped. </trans></eg>
</sense>
<sense n=""3""><number>3</number> <itype>[a3]</itype><trans> get entangled in a rope or vines. </trans>
<eg><i lang=""ceb"">Nalásu ang mangangayam sa daghang bágun,</i><trans> The hunter got entangled in the vines.
</trans></eg>
</sense></hom></entry>");
INSERT INTO `wced_head` (entryid, head, normalized_head, type, pos) VALUES (10977, "lásu", "lasu", "m", "nv");
INSERT INTO `wced_translation` (entryid, translation) VALUES (10977, "ribbon");
INSERT INTO `wced_translation` (entryid, translation) VALUES (10977, "bow");
INSERT INTO `wced_translation` (entryid, translation) VALUES (10977, "lasso");
INSERT INTO `wced_translation` (entryid, translation) VALUES (10977, "tie");
INSERT INTO `wced_entry` VALUES (10978, "lasu", "588", "<entry page=""588"" id=""10978""><form id=""lasuq"" lang=""ceb"">lasù</form>
<hom role=""v""><pos>v</pos>
<sense n=""1""><number>1</number> <itype>[A13]</itype><trans> <tr>masturbate</tr> (coarse). </trans>
</sense>
<sense n=""2""><number>2</number> <itype>[A; a]</itype><trans> <tr>misuse</tr> s.t. so as to break it. </trans>
<eg><i lang=""ceb"">Hala, lasua nang bisiklíta kay ikaw mauy mupaáyu,</i><trans> OK, fool around with that bicycle, and you will have to fix it.
</trans></eg>
</sense></hom></entry>");
INSERT INTO `wced_head` (entryid, head, normalized_head, type, pos) VALUES (10978, "lasù", "lasu", "m", "v");
INSERT INTO `wced_translation` (entryid, translation) VALUES (10978, "masturbate");
INSERT INTO `wced_translation` (entryid, translation) VALUES (10978, "misuse");
INSERT INTO `wced_entry` VALUES (10979, "las-u", "588", "<entry page=""588"" id=""10979""><form id=""las-u"" lang=""ceb"">las-u</form>
<hom role=""v""><pos>v</pos>
<sense n=""1""><number>1</number> <itype>[A; b]</itype><trans> heat s.t. by pouring boiling water on it. </trans>
<eg><i lang=""ceb"">Wà pa ku makalas-u sa gikan-an sa pasyinti,</i><trans> I haven’t poured boiling water over the patient’s eating utensils. </trans></eg>
</sense>
<sense n=""2""><number>2</number> <itype>[B126; b4]</itype><trans> get <tr>burnt</tr> with s.t. very hot. </trans>
<eg><i lang=""ceb"">Nalas-u (nalas-úhan) ang ákung kamut sa bágang ákung nahikapan,</i><trans> I burnt my hand with the coals that I touched.
</trans></eg>
</sense></hom></entry>");
INSERT INTO `wced_head` (entryid, head, normalized_head, type, pos) VALUES (10979, "las-u", "las-u", "m", "v");
INSERT INTO `wced_translation` (entryid, translation) VALUES (10979, "burnt");
INSERT INTO `wced_entry` VALUES (10980, "lasugas", "588", "<entry page=""588"" id=""10980""><form id=""lasugas"" lang=""ceb"">lasugas</form>
<hom role=""v""><pos>v</pos>
<sense n=""0""> <itype>[A; ac]</itype><trans> <tr>expose</tr> oneself to the elements. </trans>
<eg><i lang=""ceb"">Ngánung naglasugas ka man íning ulan nga dakù?</i><trans> Why are you going out in this heavy rain? </trans></eg>
<eg><i lang=""ceb"">Dì maáyung lasugasun nátù ang ínit,</i><trans> It is not good to expose yourself to the sun.
</trans></eg>
</sense></hom></entry>");
INSERT INTO `wced_head` (entryid, head, normalized_head, type, pos) VALUES (10980, "lasugas", "lasugas", "m", "v");
INSERT INTO `wced_translation` (entryid, translation) VALUES (10980, "expose");
INSERT INTO `wced_entry` VALUES (10981, "las-ung", "588", "<entry page=""588"" id=""10981""><form id=""las-ung"" lang=""ceb"">las-ung</form>
<hom role=""v""><pos>v</pos>
<sense n=""0""> <itype>[A; a]</itype><trans> <tr>catch</tr> with a noose. </trans>
<eg><i lang=""ceb"">Maglas-ung tag tamsi pinaági íning láang,</i><trans> Let’s catch a small bird with this noose. </trans></eg>
<eg><i lang=""ceb"">Las-únga nang kabáyung idlas,</i><trans> Catch that wild horse with a lasso. </trans></eg>
</sense></hom>
<hom role=""n""><pos>n</pos>
<sense n=""0""><trans> <tr>lasso</tr> or <tr>noose</tr> that tightens when you pull it.
</trans>
</sense></hom></entry>");
INSERT INTO `wced_head` (entryid, head, normalized_head, type, pos) VALUES (10981, "las-ung", "las-ung", "m", "vn");
INSERT INTO `wced_translation` (entryid, translation) VALUES (10981, "catch");
INSERT INTO `wced_translation` (entryid, translation) VALUES (10981, "lasso");
INSERT INTO `wced_translation` (entryid, translation) VALUES (10981, "noose");
INSERT INTO `wced_entry` VALUES (10982, "las-ut1", "588", "<entry page=""588"" id=""10982""><form id=""las-ut"" lang=""ceb"">las-ut<sub>1</sub></form>
<hom role=""a""><pos>a</pos>
<sense n=""1""><number>1</number><trans> <tr>bad</tr>, <tr>ugly</tr>. </trans>
<eg><i lang=""ceb"">Las-ut kaáyug batásan nang bayhána,</i><trans> That woman has a very bad character. </trans></eg>
<eg><i lang=""ceb"">Las-ut ug dagway,</i><trans> Ugly in face. </trans></eg>
</sense>
<sense n=""2""><number>2</number><trans> <tr>shoddy</tr>, badly done, poor in quality. </trans>
<eg><i lang=""ceb"">Las-ut kaáyung pagkabúhat ning trabahúa,</i><trans> This piece of work is very badly done. </trans></eg>
<eg><i lang=""ceb"">Las-ut nga klási sa panaptun,</i><trans> A lousy k.o. cloth. </trans></eg>
</sense></hom>
<hom role=""v""><pos>v</pos>
<sense n=""0""> <itype>[B12; a2]</itype><trans> get to be bad, ugly, poor in quality, do s.t. badly. </trans>
<eg><i lang=""ceb"">Ang kadaghan sa adurnu mauy nakalas-ut (nakapalas-ut) sa íyang sinínà,</i><trans> Her dress was spoiled by the excessive decorations. </trans></eg>
<eg><i lang=""ceb"">Ayaw las-úta ning ímung ági,</i><trans> Don’t make your penmanship poor.
</trans></eg>
</sense></hom></entry>");
INSERT INTO `wced_head` (entryid, head, normalized_head, type, pos) VALUES (10982, "las-ut", "las-ut", "s", "av");
INSERT INTO `wced_translation` (entryid, translation) VALUES (10982, "bad");
INSERT INTO `wced_translation` (entryid, translation) VALUES (10982, "ugly");
INSERT INTO `wced_translation` (entryid, translation) VALUES (10982, "shoddy");
INSERT INTO `wced_entry` VALUES (10983, "las-ut2", "588", "<entry page=""588"" id=""10983""><form id=""las-ut2"" lang=""ceb"">las-ut<sub>2</sub></form>
<hom>
<sense n=""0""><trans> <xr lang=""ceb"" target=""#lap-ut"">= <sc>lap-ut<sub>1</sub></sc>.</xr>
</trans>
</sense></hom></entry>");
INSERT INTO `wced_head` (entryid, head, normalized_head, type, pos) VALUES (10983, "las-ut", "las-ut", "s", "");
INSERT INTO `wced_entry` VALUES (10984, "laswa", "588", "<entry page=""588"" id=""10984""><form id=""laswa"" lang=""ceb"">laswa</form>
<hom role=""v""><pos>v</pos>
<sense n=""0""> <itype>[AB; b5]</itype><trans> pour boiling liquid on. </trans>
<eg><i lang=""ceb"">Ákung gilaswáan (gilaswáhan) ang giíhaw nga manuk arun himulbúlan,</i><trans> I poured hot water on the slaughtered chicken to get the feathers off. </trans></eg>
<eg><i lang=""ceb"">Pagbutukbutuk sa mantíkà nalaswahan (nalaswa) ku,</i><trans> When the fat popped, I got burnt.
</trans></eg>
</sense></hom></entry>");
INSERT INTO `wced_head` (entryid, head, normalized_head, type, pos) VALUES (10984, "laswa", "laswa", "m", "v");
INSERT INTO `wced_entry` VALUES (10985, "lasyu", "588", "<entry page=""588"" id=""10985""><form id=""lasyu"" lang=""ceb"">lasyu</form>
<hom role=""n""><pos>n</pos>
<sense n=""1""><number>1</number><trans> <tr>canal</tr> for diverting water. </trans>
</sense>
<sense n=""2""><number>2</number><trans> grooving plane. </trans>
</sense></hom>
<hom role=""v""><pos>v</pos>
<sense n=""1""><number>1</number> <itype>[A; a]</itype><trans> divert water with a canal. </trans>
<eg><i lang=""ceb"">Lasyúha (lasyuha) ang túbig sa tubud arun ipatubig,</i><trans> Divert the water from the river for irrigation. </trans></eg>
</sense>
<sense n=""2""><number>2</number> <itype>[A; b6]</itype><trans> cut a groove. </trans>
</sense>
<sense n=""3""><number>3</number> <itype>[A13; a12]</itype><trans> make into a grooving plane. </trans>
</sense></hom>
<entry><form id=""lasyadur"" lang=""ceb"">lasyadur</form>
<hom role=""n""><pos>n</pos>
<sense n=""0""><trans> grooving plane.
</trans>
</sense></hom></entry></entry>");
INSERT INTO `wced_head` (entryid, head, normalized_head, type, pos) VALUES (10985, "lasyu", "lasyu", "m", "nv");
INSERT INTO `wced_head` (entryid, head, normalized_head, type, pos) VALUES (10985, "lasyadur", "lasyadur", "s", "n");
INSERT INTO `wced_translation` (entryid, translation) VALUES (10985, "canal");
INSERT INTO `wced_entry` VALUES (10986, "lat", "588", "<entry page=""588"" id=""10986""><form id=""lat"" lang=""ceb"">lat</form>
<hom>
<sense n=""0""><trans> <xr lang=""ceb"" target=""#usab"">= <sc>usab</sc> (dialectal).</xr>
</trans>
</sense></hom></entry>");
INSERT INTO `wced_head` (entryid, head, normalized_head, type, pos) VALUES (10986, "lat", "lat", "m", "");
INSERT INTO `wced_entry` VALUES (10987, "lata", "588", "<entry page=""588"" id=""10987""><form id=""laxta"" lang=""ceb"">láta</form>
<hom role=""n""><pos>n</pos>
<sense n=""1""><number>1</number><trans> tin <tr>can</tr>. </trans>
<eg><i lang=""ceb"">Láta sa gátas,</i><trans> Can of milk. </trans></eg>
</sense>
<sense n=""2""><number>2</number><trans> a canful of. </trans>
<eg><i lang=""ceb"">Usa ka látang biskwit,</i><trans> A canful of biscuits. </trans></eg>
</sense></hom>
<entry><form id=""linata"" lang=""ceb""><abbr expan=""linata"">-in-(→)</abbr></form>
<hom role=""n""><pos>n</pos>
<sense n=""0""><trans> <tr>canned goods</tr>. </trans>
<eg><i lang=""ceb"">Karni nga linata,</i><trans> Canned meat. </trans></eg>
</sense></hom>
<hom role=""v""><pos>v</pos>
<sense n=""1""><number>1</number> <itype>[A1; b1c1]</itype><trans> <pb n=""589""/>prepare canned food for a meal. </trans>
<eg><i lang=""ceb"">Maglinata lang ta kay kápuy ilútù,</i><trans> Let’s just have canned foods because I’m too lazy to cook. </trans></eg>
</sense>
<sense n=""1""><number>1</number> <itype>[A]</itype><trans> can s.t. </trans>
</sense></hom></entry>
<entry><form id=""dilaxta"" lang=""ceb""><abbr expan=""diláta"">di-</abbr></form>
<hom>
<sense n=""0""><trans> <xr lang=""ceb"" target=""#linata"">= <sc>linata</sc>.</xr> </trans>
</sense></hom></entry>
<entry><form id=""abrilaxta"" lang=""ceb""><abbr expan=""abriláta"">abri-</abbr></form>
<hom role=""n""><pos>n</pos>
<sense n=""0""><trans> can opener. </trans>
</sense></hom></entry>
<entry><form id=""batulaxta"" lang=""ceb""><abbr expan=""batuláta"">batu-</abbr></form>
<hom role=""n""><pos>n</pos>
<sense n=""0""><trans> game of kick-the-can.
</trans>
</sense></hom></entry></entry>");
INSERT INTO `wced_head` (entryid, head, normalized_head, type, pos) VALUES (10987, "láta", "lata", "m", "n");
INSERT INTO `wced_head` (entryid, head, normalized_head, type, pos) VALUES (10987, "linata", "linata", "s", "nv");
INSERT INTO `wced_head` (entryid, head, normalized_head, type, pos) VALUES (10987, "diláta", "dilata", "s", "");
INSERT INTO `wced_head` (entryid, head, normalized_head, type, pos) VALUES (10987, "abriláta", "abrilata", "s", "n");
INSERT INTO `wced_head` (entryid, head, normalized_head, type, pos) VALUES (10987, "batuláta", "batulata", "s", "n");
INSERT INTO `wced_translation` (entryid, translation) VALUES (10987, "can");
INSERT INTO `wced_translation` (entryid, translation) VALUES (10987, "canned goods");
INSERT INTO `wced_entry` VALUES (10988, "lata", "589", "<entry page=""589"" id=""10988""><form id=""lataq"" lang=""ceb"">latà</form>
<hom role=""a""><pos>a</pos>
<sense n=""1""><number>1</number><trans> for fruits to be extremely soft or rotten. </trans>
<eg><i lang=""ceb"">Ipásaw ang mga latà nga prútas,</i><trans> Feed the rotten fruits to the pigs. </trans></eg>
</sense>
<sense n=""1a""><number>1a</number><trans> decayed, rotted. </trans>
<eg><i lang=""ceb"">Latà na ang halígi,</i><trans> The posts are rotten. </trans></eg>
</sense>
<sense n=""2""><number>2</number><trans> for foods to be cooked, well-done, and soft, </trans>
<eg><i lang=""ceb"">Latà na ang linúgaw,</i><trans> The porridge is soft now. </trans></eg>
</sense>
<sense n=""3""><number>3</number><trans> rotten in character. </trans>
<eg><i lang=""ceb"">Ang latà nga pamunúan ni Markus,</i><trans> The rotten Marcos administration. </trans></eg>
</sense>
<sense n=""3a""><number>3a</number><trans> for a woman to have been had so often she is putrid (coarse). </trans>
</sense>
<sense n=""4""><number>4</number><trans> slow in action as well as thinking power. </trans>
<eg><i lang=""ceb"">Unsáun nátù pagkadaug nga latà kaáyu ang kuts?</i><trans> How can we win with a rotten coach? </trans></eg>
</sense></hom>
<hom role=""v""><pos>v</pos>
<sense n=""1""><number>1</number> <itype>[B12]</itype><trans> become rotten or very soft. </trans>
<eg><i lang=""ceb"">Náay ilagà nga nalatà sa tangki,</i><trans> There’s a dead rat that has rotted in the water tank. </trans></eg>
<eg><i lang=""ceb"">Nagkalatà ang mga nuug nga pirming gihúmul,</i><trans> The cloth is rotting because it is always kept in water. </trans></eg>
</sense>
<sense n=""2""><number>2</number> <itype>[A; ab]</itype><trans> boil food until it is tender. </trans>
<eg><i lang=""ceb"">Ayawg lat-a paglútù ang kamúti kay mawálà ang lamì,</i><trans> Don’t cook the sweet potatoes too soft or they will lose their flavor. </trans></eg>
<eg><i lang=""ceb"">Lat-i ang karni úsà adubúha,</i><trans> Boil the meat tender before you fry it. </trans></eg>
</sense>
<sense n=""3""><number>3</number> <itype>[B12]</itype><trans> be crushed to flatness. </trans>
<eg><i lang=""ceb"">Malatà giyud ka ug hiligsan ka sa pisun,</i><trans> You’ll be crushed flat if you are run over by a steam roller. </trans></eg>
</sense>
<sense n=""4""><number>4</number> <itype>[A3P; b]</itype><trans> maul, gang upon s.o. viciously with blows. </trans>
<eg><i lang=""ceb"">Ang kawatan kun hisakpan lat-an sa mga táwu,</i><trans> The people will maul the thief if they catch him. </trans></eg>
</sense>
<sense n=""4a""><number>4a</number> <itype>[b1]</itype><trans> defeat badly. </trans>
<eg><i lang=""ceb"">Gilat-an ang bangà nílang tím,</i><trans> Their lousy team got a sound thrashing. </trans></eg>
</sense>
<sense n=""4b""><number>4b</number> <itype>[b]</itype><trans> subject to vigorous questions or criticisms. </trans>
<eg><i lang=""ceb"">Gilat-an ang tistígus sa abugádu,</i><trans> The lawyer absolutely pulverized the witness. </trans></eg>
<eg><i lang=""ceb"">Pirming lat-an si Markus sa piryudiku,</i><trans> The newspapers always lambast Marcos. </trans></eg>
</sense></hom>
<entry><form id=""kalaxtaq"" lang=""ceb""><abbr expan=""kalátà"">ka-(←)</abbr></form>
<hom role=""v""><pos>v</pos>
<sense n=""0""> <itype>[A13]</itype><trans> be present in huge quantities. </trans>
<eg><i lang=""ceb"">Nagkalátà lang ang sayup sa íyang papil,</i><trans> There were plenty of mistakes on his paper. </trans></eg>
<eg><i lang=""ceb"">Nagkalátà ang lansúnis didtu sa Misámis,</i><trans> There are plenty of lanzones in Misamis. </trans></eg>
</sense></hom></entry>
<entry><form id=""nilat-an_linat-an"" lang=""ceb"">nilat-an, linat-an</form>
<hom role=""n""><pos>n</pos>
<sense n=""0""><trans> s.t. stewed.
</trans>
</sense></hom></entry></entry>");
INSERT INTO `wced_head` (entryid, head, normalized_head, type, pos) VALUES (10988, "latà", "lata", "m", "av");
INSERT INTO `wced_head` (entryid, head, normalized_head, type, pos) VALUES (10988, "kalátà", "kalata", "s", "v");
INSERT INTO `wced_head` (entryid, head, normalized_head, type, pos) VALUES (10988, "nilat-an", "nilat-an", "s", "n");
INSERT INTO `wced_head` (entryid, head, normalized_head, type, pos) VALUES (10988, "linat-an", "linat-an", "s", "n");
INSERT INTO `wced_entry` VALUES (10989, "latab", "589", "<entry page=""589"" id=""10989""><form id=""laxtab"" lang=""ceb"">látab</form>
<hom role=""n""><pos>n</pos>
<sense n=""0""><trans> name given to young <ix>samúk</ix>: <bio>Gerres spp</bio>.
</trans>
</sense></hom></entry>");
INSERT INTO `wced_head` (entryid, head, normalized_head, type, pos) VALUES (10989, "látab", "latab", "m", "n");
INSERT INTO `wced_entry` VALUES (10990, "latab1", "589", "<entry page=""589"" id=""10990""><form id=""laxtab"" lang=""ceb"">látab<sub>1</sub></form>
<hom role=""v""><pos>v</pos>
<sense n=""0""> <itype>[B6; b]</itype><trans> for liquids to have oil, usually edible, floating on top. </trans>
<eg><i lang=""ceb"">Ang sabaw naglátab sa mantíkà,</i><trans> The soup has streaks of oil floating on top of it.
</trans></eg>
</sense></hom></entry>");
INSERT INTO `wced_head` (entryid, head, normalized_head, type, pos) VALUES (10990, "látab", "latab", "s", "v");
INSERT INTO `wced_entry` VALUES (10991, "latab2", "589", "<entry page=""589"" id=""10991""><form id=""laxtab2"" lang=""ceb"">látab<sub>2</sub></form>
<hom role=""v""><pos>v</pos>
<sense n=""0""> <itype>[A13]</itype><trans> for liquor to be present in inexhaustible quantities. </trans>
<eg><i lang=""ceb"">Maglátab ang tubà sa ámù maduminggu,</i><trans> The toddy simply flows at our place on Sundays.
</trans></eg>
</sense></hom></entry>");
INSERT INTO `wced_head` (entryid, head, normalized_head, type, pos) VALUES (10991, "látab", "latab", "s", "v");
INSERT INTO `wced_entry` VALUES (10992, "latad", "589", "<entry page=""589"" id=""10992""><form id=""laxtad"" lang=""ceb"">látad</form>
<hom role=""v""><pos>v</pos>
<sense n=""0""> <itype>[A; c]</itype><trans> spread s.t. out under the sun. </trans>
<eg><i lang=""ceb"">Ilátad ang mais (kupras) arun mauga,</i><trans> Spread the corn (copra) under the sun. </trans></eg>
<eg><i lang=""ceb"">Ilátad ang putì,</i><trans> Bleach the white clothes under the sun. </trans></eg>
</sense></hom>
<entry><form id=""lataran"" lang=""ceb"">lataran</form>
<hom role=""n""><pos>n</pos>
<sense n=""0""><trans> place one spreads things out under the sun.
</trans>
</sense></hom></entry></entry>");
INSERT INTO `wced_head` (entryid, head, normalized_head, type, pos) VALUES (10992, "látad", "latad", "m", "v");
INSERT INTO `wced_head` (entryid, head, normalized_head, type, pos) VALUES (10992, "lataran", "lataran", "s", "n");
INSERT INTO `wced_entry` VALUES (10993, "latag", "589", "<entry page=""589"" id=""10993""><form id=""laxtag"" lang=""ceb"">látag</form>
<hom>
<sense n=""0""><trans> <xr lang=""ceb"" target=""#laxtad"">= <sc>látad</sc>.</xr>
</trans>
</sense></hom></entry>");
INSERT INTO `wced_head` (entryid, head, normalized_head, type, pos) VALUES (10993, "látag", "latag", "m", "");
INSERT INTO `wced_entry` VALUES (10994, "latagaw", "589", "<entry page=""589"" id=""10994""><form id=""latagaw"" lang=""ceb"">latagaw</form>
<hom>
<sense n=""0""><trans> (from <ix>tagaw</ix>) a <tr>wanderer</tr>, rambling about without destination. </trans>
<eg><i lang=""ceb"">Ang latagaw dílì mahimuyù,</i><trans> A vagabond won’t stay in one place. </trans></eg>
<eg><i lang=""ceb"">Latagaw ang ílang isturya,</i><trans> Their conversation wandered from one topic to another. </trans></eg>
<eg><i lang=""ceb"">Latagaw ug mata,</i><trans> Having eyes which rove all over. </trans></eg>
</sense></hom>
<hom role=""v""><pos>v</pos>
<sense n=""0""> <itype>[A13B2; b(1)]</itype><trans> wander aimlessly about, without destination. </trans>
<eg><i lang=""ceb"">Mulatagaw (malatagaw) ang irù ug dílì pakan-un,</i><trans> A dog roves about if you don’t feed it. </trans></eg>
<eg><i lang=""ceb"">Síging yawyaw ang maistra piru naglatagaw ang ákung hunàhúnà,</i><trans> The teacher kept talking away but my mind wandered. </trans></eg>
<eg><i lang=""ceb"">Bisan unsang dapíta ang íyang gilatagawan karun,</i><trans> He roams about any place he feels like going.
</trans></eg>
</sense></hom></entry>");
INSERT INTO `wced_head` (entryid, head, normalized_head, type, pos) VALUES (10994, "latagaw", "latagaw", "m", "v");
INSERT INTO `wced_translation` (entryid, translation) VALUES (10994, "wanderer");
INSERT INTO `wced_entry` VALUES (10995, "latak", "589", "<entry page=""589"" id=""10995""><form id=""latak"" lang=""ceb"">latak</form>
<hom role=""a""><pos>a</pos>
<sense n=""0""><trans> standing out <tr>clear</tr>. </trans>
<eg><i lang=""ceb"">Latak kaáyu ang panti,</i><trans> You can clearly see her panties (through her skirt). </trans></eg>
<eg><i lang=""ceb"">Latak kaáyu ang litra sa aybiim,</i><trans> The <xr lang=""ceb"" target=""#ibm""><sc>ibm</sc></xr> typewriter types clearly. </trans></eg>
</sense></hom>
<hom role=""v""><pos>v</pos>
<sense n=""0""> <itype>[B3(1)]</itype><trans> for a mark, outline or imprint to stand out clear.
</trans>
</sense></hom></entry>");
INSERT INTO `wced_head` (entryid, head, normalized_head, type, pos) VALUES (10995, "latak", "latak", "m", "av");
INSERT INTO `wced_translation` (entryid, translation) VALUES (10995, "clear");
INSERT INTO `wced_entry` VALUES (10996, "latak", "589", "<entry page=""589"" id=""10996""><form id=""laxtak"" lang=""ceb"">látak</form>
<hom role=""v""><pos>v</pos>
<sense n=""1""><number>1</number> <itype>[B36]</itype><trans> for fruits, flowers, or leaves to fall. </trans>
<eg><i lang=""ceb"">Malátak ang mga mangga kun hinug na,</i><trans> Mangoes fall off the tree when they are ripe. </trans></eg>
</sense>
<sense n=""2""><number>2</number> <itype>[AN]</itype><trans> lower (not cast) fishing equipment into the sea. </trans>
<eg><i lang=""ceb"">Anhi ta dinhi manlátak sa báling,</i><trans> We’ll lower the net in this place.
</trans></eg>
</sense></hom></entry>");
INSERT INTO `wced_head` (entryid, head, normalized_head, type, pos) VALUES (10996, "látak", "latak", "m", "v");
INSERT INTO `wced_entry` VALUES (10997, "latang", "589", "<entry page=""589"" id=""10997""><form id=""latang"" lang=""ceb"">latang</form>
<hom role=""a""><pos>a</pos>
<sense n=""0""><trans> soft and <tr>ripe</tr> to the point just prior to getting rotten. </trans>
<eg><i lang=""ceb"">Tam-is kaáyu ang búngan ug latang na,</i><trans> The green table bananas are very sweet when they are ripened soft. </trans></eg>
</sense></hom>
<hom role=""v""><pos>v</pos>
<sense n=""0""> <itype>[B12]</itype><trans> become very ripe.
</trans>
</sense></hom></entry>");
INSERT INTO `wced_head` (entryid, head, normalized_head, type, pos) VALUES (10997, "latang", "latang", "m", "av");
INSERT INTO `wced_translation` (entryid, translation) VALUES (10997, "ripe");
INSERT INTO `wced_entry` VALUES (10998, "lat-ang", "589", "<entry page=""589"" id=""10998""><form id=""lat-ang"" lang=""ceb"">lat-ang</form>
<hom role=""v""><pos>v</pos>
<sense n=""1""><number>1</number> <itype>[A; b(1)]</itype><trans> <tr>miss</tr> or <tr>skip</tr> a chance in a series. </trans>
<eg><i lang=""ceb"">Ug makalat-ang kag tumar sa tablítas, maburus ka dáyun,</i><trans> If you miss taking a pill you will get pregnant. </trans></eg>
<eg><i lang=""ceb"">Lat-angig duha ka linya úsà isulat ang uluhan,</i><trans> Leave two lines before writing the title. </trans></eg>
</sense>
<sense n=""2""><number>2</number> <itype>[A; c]</itype><trans> for s.t. to be placed in between s.t. else. </trans>
<eg><i lang=""ceb"">Upisína sa prinsipal ang nakalat-ang sa ámung duha ka kwartu,</i><trans> The principal’s office is between our two rooms. </trans></eg>
<eg><i lang=""ceb"">Lat-ángi ug munggus ang mga tudling sa mais,</i><trans> Plant mung beans between the rows of corn. </trans></eg>
</sense></hom>
<entry><form id=""lat-anglat-ang"" lang=""ceb"">lat-anglat-ang</form>
<hom role=""v""><pos>v</pos>
<sense n=""0""> <itype>[A13; c1]</itype><trans> for things to be in a series so that they alternate; put them so. </trans>
<eg><i lang=""ceb"">Naglat-anglat-ang ang mga babáyi ug láki paglingkud,</i><trans> The boys and girls are seated alternately.
</trans></eg>
</sense></hom></entry></entry>");
INSERT INTO `wced_head` (entryid, head, normalized_head, type, pos) VALUES (10998, "lat-ang", "lat-ang", "m", "v");
INSERT INTO `wced_head` (entryid, head, normalized_head, type, pos) VALUES (10998, "lat-anglat-ang", "lat-anglat-ang", "s", "v");
INSERT INTO `wced_translation` (entryid, translation) VALUES (10998, "miss");
INSERT INTO `wced_translation` (entryid, translation) VALUES (10998, "skip");
INSERT INTO `wced_entry` VALUES (10999, "latas", "589", "<entry page=""589"" id=""10999""><form id=""latas"" lang=""ceb"">latas</form>
<hom role=""v""><pos>v</pos>
<sense n=""1""><number>1</number> <itype>[A; a]</itype><trans> <tr>cross</tr> or <tr>pass through</tr>. </trans>
<eg><i lang=""ceb"">Latasun <pb n=""590""/>nímu nang subáa padúng sa íla,</i><trans> You have to cross that river to their place. </trans></eg>
</sense>
<sense n=""2""><number>2</number><trans> pass or go through experiences. </trans>
<eg><i lang=""ceb"">Mga kalisud nga íyang gilatas,</i><trans> Difficulties he passed through. </trans></eg>
</sense></hom>
<entry><form id=""latas_sa"" lang=""ceb""><abbr expan=""latas"">—</abbr> sa</form>
<hom>
<sense n=""0""><trans> <tr>across</tr>. </trans>
<eg><i lang=""ceb"">Mipánaw aku latas sa kadagátan,</i><trans> I travelled across oceans. </trans></eg>
</sense></hom></entry>
<entry><form id=""latasunun"" lang=""ceb""><abbr expan=""latasunun"">-unun</abbr></form>
<hom role=""n""><pos>n</pos>
<sense n=""0""><trans> s.t. to be crossed.
</trans>
</sense></hom></entry></entry>");
INSERT INTO `wced_head` (entryid, head, normalized_head, type, pos) VALUES (10999, "latas", "latas", "m", "v");
INSERT INTO `wced_head` (entryid, head, normalized_head, type, pos) VALUES (10999, "latas sa", "latas sa", "s", "");
INSERT INTO `wced_head` (entryid, head, normalized_head, type, pos) VALUES (10999, "latasunun", "latasunun", "s", "n");
INSERT INTO `wced_translation` (entryid, translation) VALUES (10999, "cross");
INSERT INTO `wced_translation` (entryid, translation) VALUES (10999, "pass through");
INSERT INTO `wced_translation` (entryid, translation) VALUES (10999, "across");
INSERT INTO `wced_entry` VALUES (11000, "lat-as", "590", "<entry page=""590"" id=""11000""><form id=""lat-as"" lang=""ceb"">lat-as</form>
<hom role=""v""><pos>v</pos>
<sense n=""0""> <itype>[A2; b5c]</itype><trans> </trans>
</sense>
<sense n=""1""><number>1</number><trans> go straight across s.t., take a <tr>short cut</tr>. </trans>
<eg><i lang=""ceb"">Milat-as (nanglat-as) kug ági sa plása arun maapsan ka,</i><trans> I walked across the plaza to catch up with you. </trans></eg>
<eg><i lang=""ceb"">Dílì mahímung lat-asan ang lún,</i><trans> You’re not allowed to take a short cut across the lawn. </trans></eg>
</sense>
<sense n=""2""><number>2</number><trans> <tr>go across</tr>. </trans>
<eg><i lang=""ceb"">Mulat-as úsà kag subà adisir ka muabut sa íla,</i><trans> You have to cross a river before you get to their house. </trans></eg>
</sense></hom>
<entry><form id=""lat-asanan"" lang=""ceb""><abbr expan=""lat-asanan"">-anan</abbr></form>
<hom role=""n""><pos>n</pos>
<sense n=""0""><trans> path, road for taking a short cut.
</trans>
</sense></hom></entry></entry>");
INSERT INTO `wced_head` (entryid, head, normalized_head, type, pos) VALUES (11000, "lat-as", "lat-as", "m", "v");
INSERT INTO `wced_head` (entryid, head, normalized_head, type, pos) VALUES (11000, "lat-asanan", "lat-asanan", "s", "n");
INSERT INTO `wced_translation` (entryid, translation) VALUES (11000, "short cut");
INSERT INTO `wced_translation` (entryid, translation) VALUES (11000, "go across");
INSERT INTO `wced_entry` VALUES (11001, "latay", "590", "<entry page=""590"" id=""11001""><form id=""laxtay"" lang=""ceb"">látay</form>
<hom role=""v""><pos>v</pos>
<sense n=""1""><number>1</number> <itype>[A2S; b5c]</itype><trans> go over a narrow walkway. </trans>
<eg><i lang=""ceb"">Milátay sa andamyu ang mga pasahíru,</i><trans> The passengers walked over the gangplank. </trans></eg>
<eg><i lang=""ceb"">Usa ka gamayng alambri ang gilatáyan (gilátay) sa sirkadur,</i><trans> It was only a small piece of wire the acrobat walked over. </trans></eg>
</sense>
<sense n=""1a""><number>1a</number> <form id=""laxtay_sa_usa_ka_lugas_laxnut"" lang=""ceb""><abbr expan=""látay"">—</abbr> sa usa ka lugas lánut</form><trans> be precarious (passing over a single strand). </trans>
<eg><i lang=""ceb"">Ang kahimtang sa gikidnap naglatay sa usa ka lugas lánut,</i><trans> The kidnap victim’s life is hanging by a thread. </trans></eg>
</sense>
<sense n=""2""><number>2</number> <itype>[A2S; b(1)]</itype><trans> run, flow through a tube or tube-like thing. </trans>
<eg><i lang=""ceb"">Dúnay dugung Aliman nga naglatay sa íyang kaugatan,</i><trans> There is German blood running in her veins. </trans></eg>
</sense>
<sense n=""2a""><number>2a</number> <itype>[A2; b(1)]</itype><trans> for a feeling to creep through. </trans>
<eg><i lang=""ceb"">Ang kabugnaw sa íyang nahikapan milátay sa íyang tudlù ngadtu sa íyang buktun,</i><trans> The coldness of what he touched crept from his fingers up to his arm. </trans></eg>
</sense>
<sense n=""3""><number>3</number> <itype>[A23; c]</itype><trans> add a new debt to one’s current account. </trans>
<eg><i lang=""ceb"">Ilátay na lang ning útang sa ákung ristanti,</i><trans> Just add this debt to my bill. </trans></eg>
</sense></hom>
<hom role=""n""><pos>n</pos>
<sense n=""0""><trans> small wooden bridge for pedestrian or vehicles. </trans>
</sense></hom>
<entry><form id=""latayan_latayanan"" lang=""ceb""><abbr expan=""latayan"">-an(→)</abbr>, <abbr expan=""latayanan"">-anan</abbr></form>
<hom role=""n""><pos>n</pos>
<sense n=""0""><trans> narrow bridge or passageway to walk over.
</trans>
</sense></hom></entry></entry>");
INSERT INTO `wced_head` (entryid, head, normalized_head, type, pos) VALUES (11001, "látay", "latay", "m", "vn");
INSERT INTO `wced_head` (entryid, head, normalized_head, type, pos) VALUES (11001, "látay sa usa ka lugas lánut", "latay sa usa ka lugas lanut", "s", "");
INSERT INTO `wced_head` (entryid, head, normalized_head, type, pos) VALUES (11001, "latayan", "latayan", "s", "n");
INSERT INTO `wced_head` (entryid, head, normalized_head, type, pos) VALUES (11001, "latayanan", "latayanan", "s", "n");
INSERT INTO `wced_entry` VALUES (11002, "latbu", "590", "<entry page=""590"" id=""11002""><form id=""latbuq"" lang=""ceb"">latbù</form>
<hom role=""a""><pos>a</pos>
<sense n=""0""><trans> <tr>fast-growing</tr>. </trans>
<eg><i lang=""ceb"">Latbù kaáyug tinubuan ang bátà nga daghang sustansiya,</i><trans> A child grows fast if he gets good food. </trans></eg>
</sense></hom>
<hom role=""v""><pos>v</pos>
<sense n=""0""> <itype>[B2; b6]</itype><trans> grow or develop fast. </trans>
<eg><i lang=""ceb"">Mulatbù (malatbù) ang tinubuan sa tanum ug abunúhan,</i><trans> Plants grow fast if they are fertilized. </trans></eg>
<eg><i lang=""ceb"">Nagkalatbù kining syudára,</i><trans> This city is growing by leaps and bounds.
</trans></eg>
</sense></hom></entry>");
INSERT INTO `wced_head` (entryid, head, normalized_head, type, pos) VALUES (11002, "latbù", "latbu", "m", "av");
INSERT INTO `wced_translation` (entryid, translation) VALUES (11002, "fast-growing");
INSERT INTO `wced_entry` VALUES (11003, "latbug", "590", "<entry page=""590"" id=""11003""><form id=""latbug"" lang=""ceb"">latbug</form>
<hom role=""v""><pos>v</pos>
<sense n=""1""><number>1</number> <itype>[A; c]</itype><trans> throw or knock s.t. heavy, using force, usually with an initial backward swing. </trans>
<eg><i lang=""ceb"">Tabangan nátug latbug ang patayng irù sa dágat,</i><trans> Let’s all help throw the dead dog into the sea. </trans></eg>
</sense>
<sense n=""2""><number>2</number> <itype>[b6]</itype><trans> for the mind to wander away from the subject or situation at hand. </trans>
<eg><i lang=""ceb"">Samtang nagklási mi, layù ug gilatbúgan ang ákung hunàhúnà,</i><trans> My mind wandered far while we were in class.
</trans></eg>
</sense></hom></entry>");
INSERT INTO `wced_head` (entryid, head, normalized_head, type, pos) VALUES (11003, "latbug", "latbug", "m", "v");
INSERT INTO `wced_entry` VALUES (11004, "lathang", "590", "<entry page=""590"" id=""11004""><form id=""lathang"" lang=""ceb"">lathang</form>
<hom role=""n""><pos>n</pos>
<sense n=""0""><trans> space between two adjacent teeth which are not close together. </trans>
<eg><i lang=""ceb"">Ayaw ug ngísi kay ngil-ad tan-áwun ang lathang,</i><trans> Don’t smile because the spaces between your teeth are ugly.
</trans></eg>
</sense></hom></entry>");
INSERT INTO `wced_head` (entryid, head, normalized_head, type, pos) VALUES (11004, "lathang", "lathang", "m", "n");
INSERT INTO `wced_entry` VALUES (11005, "lati", "590", "<entry page=""590"" id=""11005""><form id=""lati"" lang=""ceb"">lati</form>
<hom>
<sense n=""0""><trans> <xr lang=""ceb"" target=""#nati"">= <sc>nati</sc>.</xr>
</trans>
</sense></hom></entry>");
INSERT INTO `wced_head` (entryid, head, normalized_head, type, pos) VALUES (11005, "lati", "lati", "m", "");
INSERT INTO `wced_entry` VALUES (11006, "latiba", "590", "<entry page=""590"" id=""11006""><form id=""latixba"" lang=""ceb"">latíba</form>
<hom>
<sense n=""0""><trans> <xr lang=""ceb"" target=""#labatixba"">= <sc>labatíba</sc>.</xr>
</trans>
</sense></hom></entry>");
INSERT INTO `wced_head` (entryid, head, normalized_head, type, pos) VALUES (11006, "latíba", "latiba", "m", "");
INSERT INTO `wced_entry` VALUES (11007, "latid", "590", "<entry page=""590"" id=""11007""><form id=""laxtid"" lang=""ceb"">látid</form>
<hom role=""n""><pos>n</pos>
<sense n=""1""><number>1</number><trans> <tr>line</tr> which delineates an area or <tr>boundary</tr>. </trans>
<eg><i lang=""ceb"">Sa taliwálà sa dálan dúnay látid nga putì,</i><trans> A white line is drawn in the middle of the road. </trans></eg>
<eg><i lang=""ceb"">Sapà ang látid sa duha ka lungsud,</i><trans> A river is the boundary between the two towns. </trans></eg>
</sense>
<sense n=""2""><number>2</number><trans> path, plan by which s.t. is carried out. </trans>
</sense>
<sense n=""3""><number>3</number><trans> rules, laws. </trans>
<eg><i lang=""ceb"">Dúnay mga látid ang pagdúlag baskitbul,</i><trans> Basketball is played according to set rules. </trans></eg>
</sense></hom>
<hom role=""v""><pos>v</pos>
<sense n=""0""> <itype>[A; a]</itype><trans> </trans>
</sense>
<sense n=""1""><number>1</number><trans> delineate an area, esp. where s.t. is to be built. </trans>
<eg><i lang=""ceb"">Pagkúhà ug lambu kay maglátid ta sa ámung balayan,</i><trans> Get some string because we will stake out where the walls for the house are to be put. </trans></eg>
</sense>
<sense n=""2""><number>2</number><trans> plan or arrange a method to be followed or done. </trans>
<eg><i lang=""ceb"">Ang mga Libiral naglátid sa ílang buhátun sa kampanya,</i><trans> The Liberals were laying out plans for their campaign. </trans></eg>
<eg><i lang=""ceb"">Mauy átung pagasubáyun ang nalátid sa átung kapaláran,</i><trans> What fate has decreed for us to do is what we must follow. </trans></eg>
</sense>
<sense n=""3""><number>3</number><trans> establish laws or rules.
</trans>
</sense></hom></entry>");
INSERT INTO `wced_head` (entryid, head, normalized_head, type, pos) VALUES (11007, "látid", "latid", "m", "nv");
INSERT INTO `wced_translation` (entryid, translation) VALUES (11007, "line");
INSERT INTO `wced_translation` (entryid, translation) VALUES (11007, "boundary");
INSERT INTO `wced_entry` VALUES (11008, "latigu", "590", "<entry page=""590"" id=""11008""><form id=""latigu"" lang=""ceb"">latigu</form>
<hom role=""n""><pos>n</pos>
<sense n=""1""><number>1</number><trans> <tr>whip</tr>. </trans>
<eg><i lang=""ceb"">Latigu sa kabáyù,</i><trans> Horsewhip. </trans></eg>
</sense>
<sense n=""2""><number>2</number><trans> punishment inflicted with a whip. </trans>
<eg><i lang=""ceb"">Nakadawat ug latigu kay nakasalà man,</i><trans> He got a whipping because he did s.t. </trans></eg>
</sense>
<sense n=""3""><number>3</number><trans> k.o. aerial orchid with small, violet flowers and long, whip-like projections. </trans>
</sense></hom>
<hom role=""v""><pos>v</pos>
<sense n=""0""> <itype>[A; ab2]</itype><trans> </trans>
</sense>
<sense n=""1""><number>1</number><trans> whip. </trans>
<eg><i lang=""ceb"">Gilatigu sa kutsíru ang kabáyù kay misúki,</i><trans> The rig driver flogged his horse because it balked. </trans></eg>
</sense>
<sense n=""2""><number>2</number><trans> attack with scathing criticism. </trans>
<eg><i lang=""ceb"">Ang kandidátu sa upusisiyun milatigu sa kaatbang,</i><trans> The opposition candidate lashed out at his opponent.
</trans></eg>
</sense></hom></entry>");
INSERT INTO `wced_head` (entryid, head, normalized_head, type, pos) VALUES (11008, "latigu", "latigu", "m", "nv");
INSERT INTO `wced_translation` (entryid, translation) VALUES (11008, "whip");
INSERT INTO `wced_entry` VALUES (11009, "latik", "590", "<entry page=""590"" id=""11009""><form id=""latik"" lang=""ceb"">latik</form>
<hom role=""n""><pos>n</pos>
<sense n=""1""><number>1</number><trans> <tr>syrup</tr> made of sugar and water or sugar and coconut milk. </trans>
</sense>
<sense n=""2""><number>2</number><trans> sweet prepared from seedless breadfruit (<ix>kulu</ix>) cooked in syrup mixed with coconut milk. </trans>
</sense></hom>
<hom role=""v""><pos>v</pos>
<sense n=""1""><number>1</number> <itype>[A1B23(1); a]</itype><trans> make syrup, for syrup to develop. </trans>
<eg><i lang=""ceb"">Ilúnud ang ságing kun mulatik (malatik) na ang gipabúkal nga kámay,</i><trans> Put in the bananas when the sugar turns into syrup. </trans></eg>
</sense>
<sense n=""2""><number>2</number> <itype>[b(1)]</itype><trans> put syrup on food. </trans>
</sense>
<sense n=""3""><number>3</number> <itype>[A; a2]</itype><trans> prepare the <ix>latik</ix> made from breadfruit. </trans>
</sense></hom>
<entry><form id=""linatik"" lang=""ceb""><abbr expan=""linatik"">-in-</abbr></form>
<hom>
<sense n=""0""><trans> <xr lang=""ceb"" target=""#latik"">= <sc>latik</sc>, <i lang=""ceb"">n2.</i></xr>
</trans>
</sense></hom></entry></entry>");
INSERT INTO `wced_head` (entryid, head, normalized_head, type, pos) VALUES (11009, "latik", "latik", "m", "nv");
INSERT INTO `wced_head` (entryid, head, normalized_head, type, pos) VALUES (11009, "linatik", "linatik", "s", "");
INSERT INTO `wced_translation` (entryid, translation) VALUES (11009, "syrup");
INSERT INTO `wced_entry` VALUES (11010, "latik", "590", "<entry page=""590"" id=""11010""><form id=""laxtik"" lang=""ceb"">látik</form>
<hom role=""v""><pos>v</pos>
<sense n=""0""> <itype>[A13]</itype><trans> for a school of fish to swim near the surface and disturb it. </trans>
<eg><i lang=""ceb"">Andáma ang inyung pasul kay nía na ang bansíkul naglátik,</i><trans> Prepare your lines because there is a school of mackerel thrashing around on the surface.
</trans></eg>
</sense></hom></entry>");
INSERT INTO `wced_head` (entryid, head, normalized_head, type, pos) VALUES (11010, "látik", "latik", "m", "v");
INSERT INTO `wced_entry` VALUES (11011, "latin", "590", "<entry page=""590"" id=""11011""><form id=""latin"" lang=""ceb"">latin</form>
<hom role=""n""><pos>n</pos>
<sense n=""1""><number>1</number><trans> <tr>Latin</tr>. </trans>
</sense>
<sense n=""1a""><number>1a</number><trans> special k.o. prayer with <pb n=""591""/>magical effects. </trans>
<eg><i lang=""ceb"">May nakat-unan kung latin nga sumpà sa kasukù,</i><trans> I know of a special prayer that works against anger. </trans></eg>
</sense>
<sense n=""2""><number>2</number><trans> a tongue-lashing. </trans>
<eg><i lang=""ceb"">Ayaw paglangaylángay ug paúlì kay ang latin sa ímung asáwa taas ra ba kaáyu,</i><trans> Don’t tarry on your way home. Your wife’s tongue-lashings are no joke. </trans></eg>
</sense></hom>
<hom role=""v""><pos>v</pos>
<sense n=""1""><number>1</number> <itype>[A; a2]</itype><trans> speak Latin. </trans>
</sense>
<sense n=""1a""><number>1a</number><trans> utter a special magical prayer. </trans>
</sense>
<sense n=""2""><number>2</number> <itype>[A1; c]</itype><trans> give s.o. a tongue-lashing. </trans>
<eg><i lang=""ceb"">Gilatinan ku ni Máma pagpaúlì nákù,</i><trans> Mother gave me a good tongue-lashing when I got home.
</trans></eg>
</sense></hom></entry>");
INSERT INTO `wced_head` (entryid, head, normalized_head, type, pos) VALUES (11011, "latin", "latin", "m", "nv");
INSERT INTO `wced_translation` (entryid, translation) VALUES (11011, "Latin");
INSERT INTO `wced_entry` VALUES (11012, "lating", "591", "<entry page=""591"" id=""11012""><form id=""lating"" lang=""ceb"">lating</form>
<hom role=""v""><pos>v</pos>
<sense n=""0""> <itype>[A2; b4(1)]</itype><trans> for a missile to <tr>ricochet</tr>. </trans>
<eg><i lang=""ceb"">Ang bála dílì makalating kay húmuk ang yútà,</i><trans> The bullet cannot bounce off because the ground is soft. </trans></eg>
<eg><i lang=""ceb"">Nalatingan ku sa bála,</i><trans> The bullet ricocheted off on me.
</trans></eg>
</sense></hom></entry>");
INSERT INTO `wced_head` (entryid, head, normalized_head, type, pos) VALUES (11012, "lating", "lating", "m", "v");
INSERT INTO `wced_translation` (entryid, translation) VALUES (11012, "ricochet");
INSERT INTO `wced_entry` VALUES (11013, "lating", "591", "<entry page=""591"" id=""11013""><form id=""laxting"" lang=""ceb"">láting</form>
<hom role=""v""><pos>v</pos>
<sense n=""0""> <itype>[B246]</itype><trans> for a wound or other injury to <tr>swell</tr> because of an infection. </trans>
<eg><i lang=""ceb"">Muláting ang samad ug ibuwad sa ínit,</i><trans> A wound swells if you let the sun get on it.
</trans></eg>
</sense></hom></entry>");
INSERT INTO `wced_head` (entryid, head, normalized_head, type, pos) VALUES (11013, "láting", "lating", "m", "v");
INSERT INTO `wced_translation` (entryid, translation) VALUES (11013, "swell");
INSERT INTO `wced_entry` VALUES (11014, "latu", "591", "<entry page=""591"" id=""11014""><form id=""laxtu"" lang=""ceb"">látu</form>
<hom role=""v""><pos>v</pos>
<sense n=""1""><number>1</number> <itype>[B126; a2]</itype><trans> have so much of s.t. that one loses pleasure in it or it fails to have the normal effect. </trans>
<eg><i lang=""ceb"">Latúhun ta kag pakáun ug mangga,</i><trans> I’ll give you so many mangoes you will get sick of them. </trans></eg>
<eg><i lang=""ceb"">Nalátu na ku sa ímung pangatarúngan,</i><trans> I can’t believe your sob stories any longer. </trans></eg>
</sense>
<sense n=""2""><number>2</number> <itype>[A2PB12; a1]</itype><trans> feel nauseated from exposure to s.t., cause s.t. to do so. </trans>
<eg><i lang=""ceb"">Dugà sa tabákù ang ilátu sa tamalà,</i><trans> Stupefy the octopus with tobacco-leaf juice.
</trans></eg>
</sense></hom></entry>");
INSERT INTO `wced_head` (entryid, head, normalized_head, type, pos) VALUES (11014, "látu", "latu", "m", "v");
INSERT INTO `wced_entry` VALUES (11015, "latu", "591", "<entry page=""591"" id=""11015""><form id=""latuq"" lang=""ceb"">latù</form>
<hom role=""n""><pos>n</pos>
<sense n=""0""><trans> a branching, semi-transparent <tr>seaweed</tr>, greenish in color and edible. It has small, rounded growths on the branches which pop when pressed.
</trans>
</sense></hom></entry>");
INSERT INTO `wced_head` (entryid, head, normalized_head, type, pos) VALUES (11015, "latù", "latu", "m", "n");
INSERT INTO `wced_translation` (entryid, translation) VALUES (11015, "seaweed");
INSERT INTO `wced_entry` VALUES (11016, "latuk1", "591", "<entry page=""591"" id=""11016""><form id=""latuk"" lang=""ceb"">latuk<sub>1</sub></form>
<hom role=""v""><pos>v</pos>
<sense n=""0""> <itype>[A3; b(1)]</itype><trans> have a blank and stupid look on the face. </trans>
<eg><i lang=""ceb"">Naglatuk lang ang tuntu. Wà makasabut,</i><trans> The idiot just stared blankly. He didn’t understand. </trans></eg>
<eg><i lang=""ceb"">Gilatukan lang ku sa íyang mata dihang ákung gisultíhan,</i><trans> She just stared at me blankly when I talked to her.
</trans></eg>
</sense></hom></entry>");
INSERT INTO `wced_head` (entryid, head, normalized_head, type, pos) VALUES (11016, "latuk", "latuk", "s", "v");
INSERT INTO `wced_entry` VALUES (11017, "latuk2", "591", "<entry page=""591"" id=""11017""><form id=""latuk2"" lang=""ceb"">latuk<sub>2</sub></form>
<hom role=""n""><pos>n</pos>
<sense n=""0""><trans> <tr>cassava flour</tr>, very fine, white sediment from cassava juice.
</trans>
</sense></hom></entry>");
INSERT INTO `wced_head` (entryid, head, normalized_head, type, pos) VALUES (11017, "latuk", "latuk", "s", "n");
INSERT INTO `wced_translation` (entryid, translation) VALUES (11017, "cassava flour");
INSERT INTO `wced_entry` VALUES (11018, "latun", "591", "<entry page=""591"" id=""11018""><form id=""latun"" lang=""ceb"">latun</form>
<hom role=""n""><pos>n</pos>
<sense n=""1""><number>1</number><trans> cylindrical <tr>pail</tr> with the mouth as big as the bottom. </trans>
</sense>
<sense n=""2""><number>2</number><trans> drum for petroleum products.
</trans>
</sense></hom></entry>");
INSERT INTO `wced_head` (entryid, head, normalized_head, type, pos) VALUES (11018, "latun", "latun", "m", "n");
INSERT INTO `wced_translation` (entryid, translation) VALUES (11018, "pail");
INSERT INTO `wced_entry` VALUES (11019, "latundan", "591", "<entry page=""591"" id=""11019""><form id=""latundan"" lang=""ceb"">latundan</form>
<hom>
<sense n=""0""><trans> <xr lang=""ceb"" target=""#alitundan"">= <sc>alitundan</sc>.</xr>
</trans>
</sense></hom></entry>");
INSERT INTO `wced_head` (entryid, head, normalized_head, type, pos) VALUES (11019, "latundan", "latundan", "m", "");
INSERT INTO `wced_entry` VALUES (11020, "latung", "591", "<entry page=""591"" id=""11020""><form id=""latung"" lang=""ceb"">latung</form>
<hom role=""a""><pos>a</pos>
<sense n=""0""><trans> very <tr>ripe</tr>, bordering on over-ripeness. </trans>
<eg><i lang=""ceb"">Húmuk na kaáyu ang kapáyas kay latung na man,</i><trans> The papaya has turned soft because it is very ripe. </trans></eg>
</sense></hom>
<hom role=""v""><pos>v</pos>
<sense n=""0""> <itype>[B2; b6]</itype><trans> be, become very ripe.
</trans>
</sense></hom></entry>");
INSERT INTO `wced_head` (entryid, head, normalized_head, type, pos) VALUES (11020, "latung", "latung", "m", "av");
INSERT INTO `wced_translation` (entryid, translation) VALUES (11020, "ripe");
INSERT INTO `wced_entry` VALUES (11021, "latungdan", "591", "<entry page=""591"" id=""11021""><form id=""latungdan"" lang=""ceb"">latungdan</form>
<hom>
<sense n=""0""><trans> <xr lang=""ceb"" target=""#alitundan"">= <sc>alitundan</sc>.</xr>
</trans>
</sense></hom></entry>");
INSERT INTO `wced_head` (entryid, head, normalized_head, type, pos) VALUES (11021, "latungdan", "latungdan", "m", "");
INSERT INTO `wced_entry` VALUES (11022, "latus", "591", "<entry page=""591"" id=""11022""><form id=""latus"" lang=""ceb"">latus</form>
<hom role=""v""><pos>v</pos>
<sense n=""0""> <itype>[A; a1b2]</itype><trans> </trans>
</sense>
<sense n=""1""><number>1</number><trans> <tr>whip</tr> with anything flexible. </trans>
<eg><i lang=""ceb"">Dílì giyud tu mulatus ang ámung amahan apan mahadluk giyud mi níya,</i><trans> My father never whipped us but we feared him. </trans></eg>
<eg><i lang=""ceb"">Ang mga madri maglatus sa ílang kaugalíngun inigka Byirnis Santu arun pagsakripisyu,</i><trans> The nuns flog themselves on Good Fridays to mortify themselves. </trans></eg>
</sense>
<sense n=""2""><number>2</number><trans> attack, criticize severely. </trans>
<eg><i lang=""ceb"">Kanúnay níyang latusun si Markus sa íyang lindug,</i><trans> He always criticizes Marcos in his column.
</trans></eg>
</sense></hom></entry>");
INSERT INTO `wced_head` (entryid, head, normalized_head, type, pos) VALUES (11022, "latus", "latus", "m", "v");
INSERT INTO `wced_translation` (entryid, translation) VALUES (11022, "whip");
INSERT INTO `wced_entry` VALUES (11023, "latuy", "591", "<entry page=""591"" id=""11023""><form id=""latuy"" lang=""ceb"">latuy</form>
<hom role=""a""><pos>a</pos>
<sense n=""0""><trans> for edible beans or pea pods to be tender. </trans>
</sense></hom>
<hom role=""v""><pos>v</pos>
<sense n=""0""> <itype>[b6]</itype><trans> cook s.t. together with tender pods. </trans>
<eg><i lang=""ceb"">Latuyi ang linat-an nga báka,</i><trans> Put tender string beans into the beef stew.
</trans></eg>
</sense></hom></entry>");
INSERT INTO `wced_head` (entryid, head, normalized_head, type, pos) VALUES (11023, "latuy", "latuy", "m", "av");
INSERT INTO `wced_entry` VALUES (11024, "lau", "591", "<entry page=""591"" id=""11024""><form id=""lau"" lang=""ceb"">lau</form>
<hom>
<sense n=""0""><trans> <xr lang=""ceb"" target=""#lalau"">= <sc>lalau</sc>.</xr>
</trans>
</sense></hom></entry>");
INSERT INTO `wced_head` (entryid, head, normalized_head, type, pos) VALUES (11024, "lau", "lau", "m", "");
INSERT INTO `wced_entry` VALUES (11025, "laublaub", "591", "<entry page=""591"" id=""11025""><form id=""laublaxub"" lang=""ceb"">laubláub</form>
<hom role=""a""><pos>a</pos>
<sense n=""0""><trans> increasing and diminishing in intensity periodically. </trans>
<eg><i lang=""ceb"">Laubláub ang hilánat íning batáa,</i><trans> This child’s fever rises and falls. </trans></eg>
</sense></hom>
<hom role=""v""><pos>v</pos>
<sense n=""0""> <itype>[B456]</itype><trans> for s.t. to increase and diminish in intensity periodically. </trans>
<eg><i lang=""ceb"">Mulaubláub giyud ang nigusyu,</i><trans> Business <tr>fluctuates</tr>, as you would expect. </trans></eg>
<eg><i lang=""ceb"">Maglaubláub ang pagguwà íning tabuguk,</i><trans> <ix>Tabuguk</ix> octopuses appear in great numbers from time to time. </trans></eg>
<eg><i lang=""ceb"">Ang tilíik sa sirína naglaubláub,</i><trans> The wailing of the siren rises and falls.
</trans></eg>
</sense></hom></entry>");
INSERT INTO `wced_head` (entryid, head, normalized_head, type, pos) VALUES (11025, "laubláub", "laublaub", "m", "av");
INSERT INTO `wced_translation` (entryid, translation) VALUES (11025, "fluctuates");
INSERT INTO `wced_entry` VALUES (11026, "laud", "591", "<entry page=""591"" id=""11026""><form id=""laud"" lang=""ceb"">laud</form>
<hom role=""v""><pos>v</pos>
<sense n=""0""> <itype>[A; c]</itype><trans> <tr>tie</tr> s.t. to s.t. letting the rope go around it several times before knotting it. </trans>
<eg><i lang=""ceb"">Ang kunduktur mauy mulaud sa mga kargamintu sa stipburd,</i><trans> The conductor ties loads to the running board. </trans></eg>
<eg><i lang=""ceb"">Ang táwung gikastígu gilaud sa halígi ug gipahulmigasan,</i><trans> The offender was tied to a post and left to the ants.
</trans></eg>
</sense></hom></entry>");
INSERT INTO `wced_head` (entryid, head, normalized_head, type, pos) VALUES (11026, "laud", "laud", "m", "v");
INSERT INTO `wced_translation` (entryid, translation) VALUES (11026, "tie");
INSERT INTO `wced_entry` VALUES (11027, "laug", "591", "<entry page=""591"" id=""11027""><form id=""laug"" lang=""ceb"">laug</form>
<hom role=""a""><pos>a</pos>
<sense n=""1""><number>1</number><trans> <tr>liking</tr> s.t. very much and, therefore, disliking to share it. </trans>
<eg><i lang=""ceb"">Laug kaáyu kug ayis krim,</i><trans> I’m very fond of ice cream. </trans></eg>
<eg><i lang=""ceb"">Laug siyag bayli,</i><trans> She loves to dance. </trans></eg>
</sense>
<sense n=""2""><number>2</number><trans> <tr>selfish</tr>. </trans>
<eg><i lang=""ceb"">Laug nga batáa, dílì manghátag,</i><trans> What a selfish child. She won’t give anything to anyone else. </trans></eg>
</sense></hom>
<hom role=""v""><pos>v</pos>
<sense n=""0""> <itype>[B12]</itype><trans> get to be <tr>greedy</tr>. </trans>
</sense></hom>
<entry><form id=""laxug"" lang=""ceb""><abbr expan=""láug"">(←)</abbr><sub>1</sub></form>
<hom>
<sense n=""0""> <itype>[B12]</itype><trans> take a strong liking to s.t. </trans>
<eg><i lang=""ceb"">Nía rag ímung libru. Way naláug,</i><trans> Here’s your damn book. Who wants it anyway (lit. no one has taken a liking to it).

</trans></eg>
</sense></hom></entry></entry>");
INSERT INTO `wced_head` (entryid, head, normalized_head, type, pos) VALUES (11027, "laug", "laug", "m", "av");
INSERT INTO `wced_head` (entryid, head, normalized_head, type, pos) VALUES (11027, "láug", "laug", "s", "");
INSERT INTO `wced_translation` (entryid, translation) VALUES (11027, "liking");
INSERT INTO `wced_translation` (entryid, translation) VALUES (11027, "selfish");
INSERT INTO `wced_translation` (entryid, translation) VALUES (11027, "greedy");
INSERT INTO `wced_entry` VALUES (11028, "laug2", "591", "<entry page=""591"" id=""11028""><form id=""laxug2"" lang=""ceb"">láug<sub>2</sub></form>
<hom role=""v""><pos>v</pos>
<sense n=""0""> <itype>[A; a]</itype><trans> </trans>
</sense>
<sense n=""1""><number>1</number><trans> go out to go about with no particular purpose. </trans>
<eg><i lang=""ceb"">Unsay ímung giláug didtu? Dúna kay gibisitáhan?</i><trans> What did you stroll over to their place for? Did you visit s.o.? </trans></eg>
</sense>
<sense n=""2""><number>2</number><trans> get out of a place, <tr>flee</tr>. </trans>
<eg><i lang=""ceb"">Miláug ang manuk,</i><trans> The chicken flew the coop. </trans></eg>
<eg><i lang=""ceb"">Laúgan ka sa ímung mga sákup kun mag-inistriktu ka,</i><trans> Your employees will leave you if you are too strict. </trans></eg>
</sense></hom>
<entry><form id=""laugan"" lang=""ceb""><abbr expan=""laugan"">-an(→)</abbr></form>
<hom role=""a""><pos>a</pos>
<sense n=""0""><trans> tending to go out to roam about. </trans>
</sense></hom>
<hom role=""v""><pos>v</pos>
<sense n=""0""> <itype>[B12]</itype><trans> get to be a roamer.
</trans>
</sense></hom></entry></entry>");
INSERT INTO `wced_head` (entryid, head, normalized_head, type, pos) VALUES (11028, "láug", "laug", "s", "v");
INSERT INTO `wced_head` (entryid, head, normalized_head, type, pos) VALUES (11028, "laugan", "laugan", "s", "av");
INSERT INTO `wced_translation` (entryid, translation) VALUES (11028, "flee");
INSERT INTO `wced_entry` VALUES (11029, "laugdu", "591", "<entry page=""591"" id=""11029""><form id=""laugdu"" lang=""ceb"">laugdu</form>
<hom>
<sense n=""0""><trans> (from <ix>ugdu</ix>) </trans>
</sense></hom>
<hom role=""v""><pos>v</pos>
<sense n=""0""> <itype>[B; c1]</itype><trans> <tr>pile</tr>, <tr>heap</tr> up. </trans>
<eg><i lang=""ceb"">Nagkalaugdu ang mga sagbut nga wà kuháa sa mga basuríru,</i><trans> The garbage is piling up because it hasn’t been collected by the garbage men.
</trans></eg>
</sense></hom></entry>");
INSERT INTO `wced_head` (entryid, head, normalized_head, type, pos) VALUES (11029, "laugdu", "laugdu", "m", "v");
INSERT INTO `wced_translation` (entryid, translation) VALUES (11029, "pile");
INSERT INTO `wced_translation` (entryid, translation) VALUES (11029, "heap");
INSERT INTO `wced_entry` VALUES (11030, "laum", "591", "<entry page=""591"" id=""11030""><form id=""laxum"" lang=""ceb"">láum</form>
<hom role=""v""><pos>v</pos>
<sense n=""1""><number>1</number> <itype>[A; b(1)]</itype><trans> <tr>expect</tr> s.t. hopefully. <pb n=""592""/></trans>
<eg><i lang=""ceb"">Nagláum ku nga mausab pa siya,</i><trans> I still have hopes that he’ll change. </trans></eg>
<eg><i lang=""ceb"">Laúmi ang íyang pagbálik,</i><trans> Hope for his return. </trans></eg>
</sense>
<sense n=""2""><number>2</number> <itype>[A; bc5]</itype><trans> rely. </trans>
<eg><i lang=""ceb"">Makaláum ba ku sa ímung sáad?</i><trans> Can I trust your promises? </trans></eg>
<eg><i lang=""ceb"">Kining lúti ang bugtung námung gilaúman sa panginabúhì,</i><trans> This small lot is our sole means of support. </trans></eg>
</sense></hom>
<entry><form id=""kalauxman_paglaxum"" lang=""ceb""><abbr expan=""kalaúman"">ka-an</abbr>, <abbr expan=""pagláum"">pag-</abbr></form>
<hom role=""n""><pos>n</pos>
<sense n=""1""><number>1</number><trans> <tr>hope</tr>. </trans>
<eg><i lang=""ceb"">Nawad-an na siyag pagláum sa kinabúhì,</i><trans> He has lost hope in life. </trans></eg>
<eg><i lang=""ceb"">Kini rang midisináha ang ákung pagláum,</i><trans> This medicine is my only hope. </trans></eg>
</sense></hom></entry>
<entry><form id=""malauxmun"" lang=""ceb""><abbr expan=""malaúmun"">ma-un</abbr></form>
<hom role=""a""><pos>a</pos>
<sense n=""0""><trans> full of hope.
</trans>
</sense></hom></entry></entry>");
INSERT INTO `wced_head` (entryid, head, normalized_head, type, pos) VALUES (11030, "láum", "laum", "m", "v");
INSERT INTO `wced_head` (entryid, head, normalized_head, type, pos) VALUES (11030, "kalaúman", "kalauman", "s", "n");
INSERT INTO `wced_head` (entryid, head, normalized_head, type, pos) VALUES (11030, "pagláum", "paglaum", "s", "n");
INSERT INTO `wced_head` (entryid, head, normalized_head, type, pos) VALUES (11030, "malaúmun", "malaumun", "s", "a");
INSERT INTO `wced_translation` (entryid, translation) VALUES (11030, "expect");
INSERT INTO `wced_translation` (entryid, translation) VALUES (11030, "hope");
INSERT INTO `wced_entry` VALUES (11031, "laumlaum", "592", "<entry page=""592"" id=""11031""><form id=""laumlaum"" lang=""ceb"">laumlaum</form>
<hom role=""v""><pos>v</pos>
<sense n=""0""> <itype>[A1; b(1)]</itype><trans> prolong one’s <tr>stay</tr> in a certain place for a purpose. </trans>
<eg><i lang=""ceb"">Naglaumláum ang mga batan-un human sa pangadyì tungud sa bayli,</i><trans> The young men who joined the prayers stayed late for the dance. </trans></eg>
<eg><i lang=""ceb"">Gilaumlaúman nákù sa Manílà ang pagpaluap sa ákung apuyintmint,</i><trans> I stayed in Manila for some time to follow up on my appointment.
</trans></eg>
</sense></hom></entry>");
INSERT INTO `wced_head` (entryid, head, normalized_head, type, pos) VALUES (11031, "laumlaum", "laumlaum", "m", "v");
INSERT INTO `wced_translation` (entryid, translation) VALUES (11031, "stay");
INSERT INTO `wced_entry` VALUES (11032, "laun", "592", "<entry page=""592"" id=""11032""><form id=""laun"" lang=""ceb"">laun</form>
<hom role=""a""><pos>a</pos>
<sense n=""0""><trans> <tr>aged</tr>: </trans>
</sense>
<sense n=""1""><number>1</number><trans> for s.t. that gets better as it grows old to be mature. </trans>
</sense>
<sense n=""1a""><number>1a</number><trans> mellowed, aged. </trans>
<eg><i lang=""ceb"">Bínung laun,</i><trans> Aged wine. </trans></eg>
<eg><i lang=""ceb"">Tabákung laun,</i><trans> Mellowed tobacco. </trans></eg>
</sense>
<sense n=""1b""><number>1b</number><trans> for a plant or animal commonly found immature to grow to its full extent and thus improve. </trans>
<eg><i lang=""ceb"">Laun nga aháan ang midáwi kaníya,</i><trans> He caught a full-grown giant snapper. </trans></eg>
</sense>
<sense n=""2""><number>2</number><trans> old stock left over from the previous harvest. </trans>
<eg><i lang=""ceb"">Unáhug dispatsar ang laun,</i><trans> Get rid of the old stock first. </trans></eg>
</sense>
<sense n=""3""><number>3</number><trans> old maid (humorous). </trans>
</sense></hom>
<hom role=""v""><pos>v</pos>
<sense n=""0""> <itype>[B3; b4(1)]</itype><trans> for s.t. to age. </trans>
<eg><i lang=""ceb"">Ang kamúti nga malaun (mulaun) sa uma dagkù ug tam-is,</i><trans> If you leave sweet potatoes in the ground to maturity, they will be big and sweet. </trans></eg>
<eg><i lang=""ceb"">Wà makalaun ang tabákù kay anam,</i><trans> The tobacco didn’t get a chance to age because they kept smoking it as it matured. </trans></eg>
<eg><i lang=""ceb"">Ug subra ka kaistrikta, hilaunan kag dalága,</i><trans> If you are too strict, your daughter is going to turn into an old maid on you.
</trans></eg>
</sense></hom></entry>");
INSERT INTO `wced_head` (entryid, head, normalized_head, type, pos) VALUES (11032, "laun", "laun", "m", "av");
INSERT INTO `wced_translation` (entryid, translation) VALUES (11032, "aged");
INSERT INTO `wced_entry` VALUES (11033, "launduk", "592", "<entry page=""592"" id=""11033""><form id=""launduk"" lang=""ceb"">launduk</form>
<hom>
<sense n=""0""><trans> <xr lang=""ceb"" target=""#taliunduk"">= <sc>taliunduk</sc>.</xr>
</trans>
</sense></hom></entry>");
INSERT INTO `wced_head` (entryid, head, normalized_head, type, pos) VALUES (11033, "launduk", "launduk", "m", "");
INSERT INTO `wced_entry` VALUES (11034, "laung", "592", "<entry page=""592"" id=""11034""><form id=""laung"" lang=""ceb"">laung</form>
<hom>
<sense n=""0""><trans> <xr lang=""ceb"" target=""#ingun2"">= <sc>ingun<sub>2</sub></sc> (dialectal).</xr>
</trans>
</sense></hom></entry>");
INSERT INTO `wced_head` (entryid, head, normalized_head, type, pos) VALUES (11034, "laung", "laung", "m", "");
INSERT INTO `wced_entry` VALUES (11035, "laus", "592", "<entry page=""592"" id=""11035""><form id=""laus"" lang=""ceb"">laus</form>
<hom role=""a""><pos>a</pos>
<sense n=""0""><trans> past one’s peak or popularity. </trans>
<eg><i lang=""ceb"">Laus na ang buksidur,</i><trans> The boxer is past his prime. </trans></eg>
</sense></hom>
<hom role=""v""><pos>v</pos>
<sense n=""0""> <itype>[B12]</itype><trans> be past one’s peak or popularity.
</trans>
</sense></hom></entry>");
INSERT INTO `wced_head` (entryid, head, normalized_head, type, pos) VALUES (11035, "laus", "laus", "m", "av");
INSERT INTO `wced_entry` VALUES (11036, "lausag", "592", "<entry page=""592"" id=""11036""><form id=""lauxsag"" lang=""ceb"">laúsag</form>
<hom role=""v""><pos>v</pos>
<sense n=""0""> <itype>[B4]</itype><trans> for undesirable characteristics to <tr>worsen</tr>. </trans>
<eg><i lang=""ceb"">Milaúsag ang íyang kakiriwan,</i><trans> His thievery got <tr>worse</tr>. </trans></eg>
<eg><i lang=""ceb"">Naglaúsag ang pagkapilyu sa bátà,</i><trans> The child misbehaved more and more.
</trans></eg>
</sense></hom></entry>");
INSERT INTO `wced_head` (entryid, head, normalized_head, type, pos) VALUES (11036, "laúsag", "lausag", "m", "v");
INSERT INTO `wced_translation` (entryid, translation) VALUES (11036, "worsen");
INSERT INTO `wced_translation` (entryid, translation) VALUES (11036, "worse");
INSERT INTO `wced_entry` VALUES (11037, "lauy", "592", "<entry page=""592"" id=""11037""><form id=""lauy"" lang=""ceb"">lauy</form>
<hom role=""a""><pos>a</pos>
<sense n=""0""><trans> <tr>lacking</tr> <tr>sleep</tr>. </trans>
<eg><i lang=""ceb"">Lauy ku kay nagbilar ku gabíi,</i><trans> I lack sleep because I kept vigil last night. </trans></eg>
</sense></hom>
<hom role=""v""><pos>v</pos>
<sense n=""0""> <itype>[B126; b6]</itype><trans> lack sleep. </trans>
</sense></hom>
<entry><form id=""laxuy"" lang=""ceb""><abbr expan=""láuy"">(←)</abbr><sub>1</sub></form>
<hom role=""v""><pos>v</pos>
<sense n=""0""> <itype>[A13]</itype><trans> stay up late at night. </trans>
<eg><i lang=""ceb"">Nagláuy siya tungud sa íyang paynals,</i><trans> He is staying up late to study for his finals.
</trans></eg>
</sense></hom></entry></entry>");
INSERT INTO `wced_head` (entryid, head, normalized_head, type, pos) VALUES (11037, "lauy", "lauy", "m", "av");
INSERT INTO `wced_head` (entryid, head, normalized_head, type, pos) VALUES (11037, "láuy", "lauy", "s", "v");
INSERT INTO `wced_translation` (entryid, translation) VALUES (11037, "lacking");
INSERT INTO `wced_translation` (entryid, translation) VALUES (11037, "sleep");
INSERT INTO `wced_entry` VALUES (11038, "lauy2", "592", "<entry page=""592"" id=""11038""><form id=""laxuy2"" lang=""ceb"">láuy<sub>2</sub></form>
<hom role=""v""><pos>v</pos>
<sense n=""0""> <itype>[A; c1]</itype><trans> go, see to <tr>visit</tr> or to see how s.t. is doing. </trans>
<eg><i lang=""ceb"">Muláuy (magláuy) ku sa ákung higála sa uspital,</i><trans> I will visit my friend in the hospital. </trans></eg>
<eg><i lang=""ceb"">Laúyun (iláuy) nátù ang kamaisan sa walug kun túa na ta sa búkid,</i><trans> While we are in the mountains we will go see how the corn we planted in the valley is doing.
</trans></eg>
</sense></hom></entry>");
INSERT INTO `wced_head` (entryid, head, normalized_head, type, pos) VALUES (11038, "láuy", "lauy", "s", "v");
INSERT INTO `wced_translation` (entryid, translation) VALUES (11038, "visit");
INSERT INTO `wced_entry` VALUES (11039, "lawa1", "592", "<entry page=""592"" id=""11039""><form id=""laxwaq"" lang=""ceb"">láwà<sub>1</sub></form>
<hom role=""n""><pos>n</pos>
<sense n=""0""><trans> a <tr>spider</tr>. </trans>
</sense></hom>
<entry><form id=""lawaqlawaq"" lang=""ceb"">lawàlawà</form>
<hom role=""n""><pos>n</pos>
<sense n=""0""><trans> <tr>spider web</tr>, <tr>cobweb</tr>. </trans>
</sense></hom>
<hom role=""v""><pos>v</pos>
<sense n=""0""> <itype>[b4]</itype><trans> </trans>
</sense>
<sense n=""1""><number>1</number><trans> be filled with cobwebs. </trans>
<eg><i lang=""ceb"">Gilawàlawaan na lang ang ímung makinilyang way gáwì,</i><trans> Your typewriter is all covered with cobwebs because it’s never used. </trans></eg>
</sense>
<sense n=""2""><number>2</number><trans> for a dying man’s eyes to become dull and blurred (lit. have cobwebs in one’s eyes).
</trans>
</sense></hom></entry></entry>");
INSERT INTO `wced_head` (entryid, head, normalized_head, type, pos) VALUES (11039, "láwà", "lawa", "s", "n");
INSERT INTO `wced_head` (entryid, head, normalized_head, type, pos) VALUES (11039, "lawàlawà", "lawalawa", "s", "nv");
INSERT INTO `wced_translation` (entryid, translation) VALUES (11039, "spider");
INSERT INTO `wced_translation` (entryid, translation) VALUES (11039, "spider web");
INSERT INTO `wced_translation` (entryid, translation) VALUES (11039, "cobweb");
INSERT INTO `wced_entry` VALUES (11040, "lawa2", "592", "<entry page=""592"" id=""11040""><form id=""laxwaq2"" lang=""ceb"">láwà<sub>2</sub></form>
<hom>
<sense n=""0""><trans> (from <ix>walà</ix>) not have (slang). </trans>
<eg><i lang=""ceb"">Láwà nu siyay takwal,</i><trans> He says he’s out of dough.
</trans></eg>
</sense></hom></entry>");
INSERT INTO `wced_head` (entryid, head, normalized_head, type, pos) VALUES (11040, "láwà", "lawa", "s", "");
INSERT INTO `wced_entry` VALUES (11041, "lawaan", "592", "<entry page=""592"" id=""11041""><form id=""lawaxan"" lang=""ceb"">lawáan</form>
<hom role=""n""><pos>n</pos>
<sense n=""0""><trans> name given to a number of forest trees producing inexpensive timber, widely used in construction: <bio>Pentacme</bio> and <bio>Shorea spp</bio>. </trans>
</sense></hom>
<entry><form id=""lawaxan_nga_putiq"" lang=""ceb""><abbr expan=""lawáan"">—</abbr> nga putì</form>
<hom>
<sense n=""0""><trans>: <bio>Pentacme contorta</bio>. </trans>
</sense></hom></entry>
<entry><form id=""lawaxan_pula"" lang=""ceb""><abbr expan=""lawáan"">—</abbr> pula</form>
<hom>
<sense n=""0""><trans>: <bio>Shorea negrosensis</bio>.
</trans>
</sense></hom></entry></entry>");
INSERT INTO `wced_head` (entryid, head, normalized_head, type, pos) VALUES (11041, "lawáan", "lawaan", "m", "n");
INSERT INTO `wced_head` (entryid, head, normalized_head, type, pos) VALUES (11041, "lawáan nga putì", "lawaan nga puti", "s", "");
INSERT INTO `wced_head` (entryid, head, normalized_head, type, pos) VALUES (11041, "lawáan pula", "lawaan pula", "s", "");
INSERT INTO `wced_entry` VALUES (11042, "lawag", "592", "<entry page=""592"" id=""11042""><form id=""laxwag"" lang=""ceb"">láwag</form>
<hom role=""n""><pos>n</pos>
<sense n=""0""><trans> k.o. fishing with lights. Several boats illuminate a wide area and when the fish appear, the boats gradually converge, drawing the fish into a small area from which they can be scooped up with a net.
</trans>
</sense></hom></entry>");
INSERT INTO `wced_head` (entryid, head, normalized_head, type, pos) VALUES (11042, "láwag", "lawag", "m", "n");
INSERT INTO `wced_entry` VALUES (11043, "lawak", "592", "<entry page=""592"" id=""11043""><form id=""lawak"" lang=""ceb"">lawak</form>
<hom role=""n""><pos>n</pos>
<sense n=""0""><trans> <tr>room</tr> in a house or building. </trans>
</sense></hom>
<hom role=""v""><pos>v</pos>
<sense n=""0""> <itype>[A1; a]</itype><trans> make a room. </trans>
<eg><i lang=""ceb"">Gilawakan ku ang sílung pára sa mga gamit,</i><trans> I made a room in the basement for the tools.
</trans></eg>
</sense></hom></entry>");
INSERT INTO `wced_head` (entryid, head, normalized_head, type, pos) VALUES (11043, "lawak", "lawak", "m", "nv");
INSERT INTO `wced_translation` (entryid, translation) VALUES (11043, "room");
INSERT INTO `wced_entry` VALUES (11044, "lawang", "592", "<entry page=""592"" id=""11044""><form id=""laxwang"" lang=""ceb"">láwang</form>
<hom role=""a""><pos>a</pos>
<sense n=""0""><trans> for an area to be <tr>wide</tr>, <tr>spacious</tr>. </trans>
<eg><i lang=""ceb"">Mas láwang ang tinisan kay sa baskitan,</i><trans> A tennis court is wider than a basketball court. </trans></eg>
</sense></hom>
<hom role=""n""><pos>n</pos>
<sense n=""0""><trans> space across, width. </trans>
<eg><i lang=""ceb"">Pila ka mitrus ang láwang sa kalsáda?</i><trans> How many meters wide is the road? </trans></eg>
</sense></hom>
<hom role=""v""><pos>v</pos>
<sense n=""0""> <itype>[B23]</itype><trans> be, become wide or spacious. </trans>
</sense></hom>
<entry><form id=""lawanglawang_lawanglaxwang"" lang=""ceb"">lawanglawang, lawangláwang</form>
<hom role=""v""><pos>v</pos>
<sense n=""0""> <itype>[B4]</itype><trans> </trans>
</sense>
<sense n=""1""><number>1</number><trans> have too much space for the amount of material put in. </trans>
<eg><i lang=""ceb"">Naglawanglawang ang trák padúlung sa syudad kay way pasahíru,</i><trans> The truck went to the city nearly empty because there were no passengers. </trans></eg>
</sense>
<sense n=""2""><number>2</number><trans> be in a place which is too spacious. </trans>
<eg><i lang=""ceb"">Maglawanglawang ta sa dakung balay,</i><trans> We’ve got room to burn in that huge house. </trans></eg>
</sense>
<sense n=""3""><number>3</number> <itype>[c1]</itype><trans> make s.t. wider. </trans>
<eg><i lang=""ceb"">Gilawanglawang ang silya sa manidyǐr,</i><trans> The manager’s chair was given a wider seat.
</trans></eg>
</sense></hom></entry></entry>");
INSERT INTO `wced_head` (entryid, head, normalized_head, type, pos) VALUES (11044, "láwang", "lawang", "m", "anv");
INSERT INTO `wced_head` (entryid, head, normalized_head, type, pos) VALUES (11044, "lawanglawang", "lawanglawang", "s", "v");
INSERT INTO `wced_head` (entryid, head, normalized_head, type, pos) VALUES (11044, "lawangláwang", "lawanglawang", "s", "v");
INSERT INTO `wced_translation` (entryid, translation) VALUES (11044, "wide");
INSERT INTO `wced_translation` (entryid, translation) VALUES (11044, "spacious");
INSERT INTO `wced_entry` VALUES (11045, "lawanlawan", "592", "<entry page=""592"" id=""11045""><form id=""lawanlawan"" lang=""ceb"">lawanlawan</form>
<hom>
<sense n=""0""><trans> <xr lang=""ceb"" target=""#lawanglawang"">= <sc>lawanglawang</sc>.</xr> <ix>see</ix> <xr lang=""ceb"" target=""#lawang""><sc>lawang</sc>.</xr>
</trans>
</sense></hom></entry>");
INSERT INTO `wced_head` (entryid, head, normalized_head, type, pos) VALUES (11045, "lawanlawan", "lawanlawan", "m", "");
INSERT INTO `wced_entry` VALUES (11046, "lawas", "592", "<entry page=""592"" id=""11046""><form id=""laxwas"" lang=""ceb"">láwas</form>
<hom role=""n""><pos>n</pos>
<sense n=""1""><number>1</number><trans> <tr>body</tr> of human or animal. </trans>
</sense></hom>
<entry><form id=""taput_laxwas"" lang=""ceb"">taput <abbr expan=""láwas"">—</abbr></form>
<hom>
<sense n=""0""><trans> the clothes on one’s back. </trans>
<eg><i lang=""ceb"">Ang ákung nasalbǎr sa súnug ang taput láwas,</i><trans> All I could save from the fire was the clothes on my back. </trans></eg>
</sense>
<sense n=""2""><number>2</number><trans> the frame or main part of a structure. </trans>
<eg><i lang=""ceb"">Láwas sa ayruplánu,</i><trans> Fuselage of the plane. </trans></eg>
<eg><i lang=""ceb"">Ang láwas sa angkla,</i><trans> The shank of the anchor. </trans></eg>
</sense>
<sense n=""3""><number>3</number><trans> one’s turn in a game where the players perform one at a time in succession. <pb n=""593""/></trans>
<eg><i lang=""ceb"">Sa bíku kamuy páris ug aku rang usa, apan duhay láwas ku,</i><trans> It’ll be you two against me in hopscotch, but I get two turns. </trans></eg>
</sense>
<sense n=""4""><number>4</number> <form id=""laxwas_ug_kataruxngan"" lang=""ceb""><abbr expan=""láwas"">—</abbr> ug katarúngan</form><trans> body and reasoning, all one arms oneself in fighting for justice (as opposed to money, weapons). </trans>
<eg><i lang=""ceb"">Láwas ug katarúngan ang ákung iatúbang sa ímung lantúgì,</i><trans> I come here not to fight, but to talk it out (offer my reasoning). </trans></eg>
</sense>
<sense n=""5""><number>5</number><trans> one who takes another person’s place, performing his functions in his absence. </trans>
<eg><i lang=""ceb"">Ang kinamagulángang babáyi mauy láwas sa íyang inahang patay na,</i><trans> The eldest daughter took the mother’s place when she died. </trans></eg>
</sense>
<sense n=""6""><number>6</number><trans> tantamount to, as good as. </trans>
<eg><i lang=""ceb"">Sa pag-insultu nímu sa ákung bána láwas ug aku ang ímung gipasakitan,</i><trans> If you insult my husband it is the same as if you hurt me. </trans></eg>
<eg><i lang=""ceb"">Bisag usa ray ákung anak, láwas gihápun ug tulu kay duha may ákung binuhì,</i><trans> I have only one child, but it is good as three because I have two adopted ones. </trans></eg>
</sense>
<sense n=""6a""><number>6a</number><trans> good for. </trans>
<eg><i lang=""ceb"">Miurdir kug pagkáun láwas ug tulu ka táwu,</i><trans> I’ll order food enough for three persons. </trans></eg>
</sense>
<sense n=""7a""><number>7a</number><trans> physical strength, resistance. </trans>
<eg><i lang=""ceb"">Tungud niíning ákung sakit walà na akuy láwas nga ikatrabáhu,</i><trans> Because of my illness I do not have the strength to work. </trans></eg>
</sense>
<sense n=""7b""><number>7b</number><trans> one’s single body, all that one has to dispose of in working (and no more). </trans>
<eg><i lang=""ceb"">Ug ákù ang tanan, unsa pa may ákung láwas?</i><trans> How could I possibly do everything. I don’t have but two hands. </trans></eg>
</sense></hom>
<hom role=""v""><pos>v</pos>
<sense n=""1""><number>1</number> <itype>[B145]</itype><trans> have a certain k.o. body. </trans>
<eg><i lang=""ceb"">Kaniadtu nagláwas sab kug sáma kalísun kanímu karun,</i><trans> Formerly, I had as nice a body as you have now. </trans></eg>
</sense>
<sense n=""2""><number>2</number> <itype>[A2; c]</itype><trans> make a body for some structure. </trans>
<eg><i lang=""ceb"">Kining kahúya ígù rang makaláwas sa píkas kílid sa sakayan,</i><trans> These boards are only enough to make one side of the boat. </trans></eg>
</sense></hom></entry>
<entry><form id=""lawas"" lang=""ceb""><abbr expan=""lawas"">(→)</abbr></form>
<hom role=""n""><pos>n</pos>
<sense n=""1""><number>1</number><trans> <tr>internode</tr>, section of a plant stem between two successive nodes. </trans>
<eg><i lang=""ceb"">Tag-as kaáyug lawas kining ímung tubu,</i><trans> Your sugar cane stalks have long internodes. </trans></eg>
</sense>
<sense n=""2""><number>2</number><trans> strands of hair above the base. </trans>
</sense></hom></entry>
<entry><form id=""panglawas"" lang=""ceb""><abbr expan=""panglawas"">paN-</abbr></form>
<hom role=""v""><pos>v</pos>
<sense n=""0""> <itype>[A]</itype><trans> be in the upper part of the strands of hair. </trans>
<eg><i lang=""ceb"">Kasagáran manlawas ang lusà basta mamusà na,</i><trans> Usually nits stay in the upper part of the strands of hair when they hatch. </trans></eg>
</sense></hom></entry>
<entry><form id=""linaxwas_linawas"" lang=""ceb""><abbr expan=""lináwas"">-in-</abbr>, <abbr expan=""linawas"">-in-(→)</abbr></form>
<hom role=""n""><pos>n</pos>
<sense n=""0""><trans> in person, one’s physical presence. </trans>
</sense></hom>
<hom role=""v""><pos>v</pos>
<sense n=""0""> <itype>[A; a1]</itype><trans> appear personally. </trans>
<eg><i lang=""ceb"">Mulinawas pagsalída si Súsan Rúsis,</i><trans> Susan Roces will appear personally. </trans></eg>
</sense></hom></entry>
<entry><form id=""hilaxwas"" lang=""ceb""><abbr expan=""hiláwas"">hi-</abbr></form>
<hom role=""v""><pos>v</pos>
<sense n=""0""> <itype>[ANC12; bN]</itype><trans> have sexual intercourse outside of marriage. </trans>
<eg><i lang=""ceb"">Dì mahilangit kadtung manghiláwas,</i><trans> Those who <tr>fornicate</tr> will not go to heaven. </trans></eg>
<eg><i lang=""ceb"">Dì ka makighiláwas sa mga way bunyag,</i><trans> Lie not with the heathen. </trans></eg>
</sense></hom></entry>
<entry><form id=""panghilaxwas"" lang=""ceb""><abbr expan=""panghiláwas"">panghi-</abbr></form>
<hom role=""n""><pos>n</pos>
<sense n=""0""><trans> <tr>fornication</tr>. </trans>
</sense></hom></entry>
<entry><form id=""makighi-un"" lang=""ceb"">makighi-un</form>
<hom role=""a""><pos>a</pos>
<sense n=""0""><trans> <tr>fornicator</tr>. </trans>
</sense></hom></entry>
<entry><form id=""lawasan"" lang=""ceb""><abbr expan=""lawasan"">-an(→)</abbr></form>
<hom role=""a""><pos>a</pos>
<sense n=""0""><trans> physically <tr>well-built</tr>, <tr>stocky</tr>. </trans>
</sense></hom></entry>
<entry><form id=""kalawaxsan"" lang=""ceb""><abbr expan=""kalawásan"">ka-an</abbr></form>
<hom role=""n""><pos>n</pos>
<sense n=""0""><trans> the whole body. </trans>
</sense></hom></entry>
<entry><form id=""panglaxwas"" lang=""ceb""><abbr expan=""pangláwas"">paN-</abbr></form>
<hom role=""n""><pos>n</pos>
<sense n=""0""><trans> <tr>health</tr>; general well-being of a person or animal. </trans>
</sense></hom></entry>
<entry><form id=""tagilaxwas_taglaxwas"" lang=""ceb""><abbr expan=""tagiláwas"">tagi-</abbr>, <abbr expan=""tagláwas"">tag-</abbr></form>
<hom role=""n""><pos>n</pos>
<sense n=""0""><trans> one’s person, what k.o. body one has. </trans>
<eg><i lang=""ceb"">Náa ra sa tagiláwas ug makaagwanta ba sa bug-at nga trabáhu,</i><trans> It depends on the person if he can stand hard work. </trans></eg>
</sense></hom></entry>
<entry><form id=""lawasnun"" lang=""ceb"">lawasnun</form>
<hom role=""a""><pos>a</pos>
<sense n=""0""><trans> pertaining to the body or flesh. </trans>
<eg><i lang=""ceb"">Lawasnun nga kalimpiyu,</i><trans> Cleanliness of the body. </trans></eg>
<eg><i lang=""ceb"">Lawasnun nga kahínam,</i><trans> Desires of the flesh.
</trans></eg>
</sense></hom></entry></entry>");
INSERT INTO `wced_head` (entryid, head, normalized_head, type, pos) VALUES (11046, "láwas", "lawas", "m", "n");
INSERT INTO `wced_head` (entryid, head, normalized_head, type, pos) VALUES (11046, "taput láwas", "taput lawas", "s", "v");
INSERT INTO `wced_head` (entryid, head, normalized_head, type, pos) VALUES (11046, "láwas ug katarúngan", "lawas ug katarungan", "s", "");
INSERT INTO `wced_head` (entryid, head, normalized_head, type, pos) VALUES (11046, "lawas", "lawas", "s", "n");
INSERT INTO `wced_head` (entryid, head, normalized_head, type, pos) VALUES (11046, "panglawas", "panglawas", "s", "v");
INSERT INTO `wced_head` (entryid, head, normalized_head, type, pos) VALUES (11046, "lináwas", "linawas", "s", "nv");
INSERT INTO `wced_head` (entryid, head, normalized_head, type, pos) VALUES (11046, "linawas", "linawas", "s", "nv");
INSERT INTO `wced_head` (entryid, head, normalized_head, type, pos) VALUES (11046, "hiláwas", "hilawas", "s", "v");
INSERT INTO `wced_head` (entryid, head, normalized_head, type, pos) VALUES (11046, "panghiláwas", "panghilawas", "s", "n");
INSERT INTO `wced_head` (entryid, head, normalized_head, type, pos) VALUES (11046, "makighi-un", "makighi-un", "s", "a");
INSERT INTO `wced_head` (entryid, head, normalized_head, type, pos) VALUES (11046, "lawasan", "lawasan", "s", "a");
INSERT INTO `wced_head` (entryid, head, normalized_head, type, pos) VALUES (11046, "kalawásan", "kalawasan", "s", "n");
INSERT INTO `wced_head` (entryid, head, normalized_head, type, pos) VALUES (11046, "pangláwas", "panglawas", "s", "n");
INSERT INTO `wced_head` (entryid, head, normalized_head, type, pos) VALUES (11046, "tagiláwas", "tagilawas", "s", "n");
INSERT INTO `wced_head` (entryid, head, normalized_head, type, pos) VALUES (11046, "tagláwas", "taglawas", "s", "n");
INSERT INTO `wced_head` (entryid, head, normalized_head, type, pos) VALUES (11046, "lawasnun", "lawasnun", "s", "a");
INSERT INTO `wced_translation` (entryid, translation) VALUES (11046, "body");
INSERT INTO `wced_translation` (entryid, translation) VALUES (11046, "internode");
INSERT INTO `wced_translation` (entryid, translation) VALUES (11046, "fornicate");
INSERT INTO `wced_translation` (entryid, translation) VALUES (11046, "fornication");
INSERT INTO `wced_translation` (entryid, translation) VALUES (11046, "fornicator");
INSERT INTO `wced_translation` (entryid, translation) VALUES (11046, "well-built");
INSERT INTO `wced_translation` (entryid, translation) VALUES (11046, "stocky");
INSERT INTO `wced_translation` (entryid, translation) VALUES (11046, "health");
INSERT INTO `wced_entry` VALUES (11047, "laway", "593", "<entry page=""593"" id=""11047""><form id=""laxway"" lang=""ceb"">láway</form>
<hom role=""n""><pos>n</pos>
<sense n=""0""><trans> <tr>saliva</tr>. </trans>
</sense></hom>
<entry><form id=""laxway_ray_puhuxnan"" lang=""ceb""><abbr expan=""láway"">—</abbr> ray puhúnan</form>
<hom role=""n""><pos>n</pos>
<sense n=""0""><trans> <tr>persuasive talk</tr> (lit. spit was all that was used). </trans>
<eg><i lang=""ceb"">Láway ray ákung puhúnan áni kay ákù siyang giulug-ulúgan,</i><trans> I got this by fast talk because I soft-soaped him in giving it to me. </trans></eg>
</sense></hom></entry>
<entry><form id=""laway"" lang=""ceb""><abbr expan=""laway"">(→)</abbr></form>
<hom role=""v""><pos>v</pos>
<sense n=""1""><number>1</number> <itype>[B46]</itype><trans> <tr>drool</tr>. </trans>
<eg><i lang=""ceb"">Milaway dáyun ákung bàbà pagkakità nákù sa hilawng mangga,</i><trans> My mouth watered when I saw the green mangoes. </trans></eg>
<eg><i lang=""ceb"">Maglaway siya nga matúlug,</i><trans> He drools when he sleeps. </trans></eg>
</sense>
<sense n=""2""><number>2</number> <itype>[B1456]</itype><trans> feel very desirous of s.t. one cannot have. </trans>
<eg><i lang=""ceb"">Maglaway ta áning mga dátù nga makapalit bísag unsa,</i><trans> All we can do is drool at what rich people have. </trans></eg>
</sense></hom></entry>
<entry><form id=""palaway"" lang=""ceb""><abbr expan=""palaway"">pa-(→)</abbr></form>
<hom role=""v""><pos>v</pos>
<sense n=""0""> <itype>[A3; a1]</itype><trans> make s.o. desire s.t. strongly which he cannot have. </trans>
<eg><i lang=""ceb"">Dì úsà ku magminyù, magpalaway ku úsà sa mga laláki,</i><trans> I won’t get married yet. I’ll just let men drool over me. </trans></eg>
<eg><i lang=""ceb"">Ímu lang kung gipalaway sa ímung tíbi,</i><trans> You were just making me envious of your TV set. </trans></eg>
</sense></hom></entry>
<entry><form id=""lawayan"" lang=""ceb""><abbr expan=""lawayan"">-an(→)</abbr></form>
<hom role=""n""><pos>n</pos>
<sense n=""1""><number>1</number><trans> a <tr>folk doctor</tr> who treats patients with his saliva. </trans>
</sense>
<sense n=""2""><number>2</number><trans> k.o. carangoid fish, shiny-white in color, that spits a transparent, sticky liquid. </trans>
</sense></hom></entry>
<entry><form id=""lawaylaway"" lang=""ceb"">lawaylaway</form>
<hom role=""n""><pos>n</pos>
<sense n=""0""><trans> name given to various whelks.
</trans>
</sense></hom></entry></entry>");
INSERT INTO `wced_head` (entryid, head, normalized_head, type, pos) VALUES (11047, "láway", "laway", "m", "n");
INSERT INTO `wced_head` (entryid, head, normalized_head, type, pos) VALUES (11047, "láway ray puhúnan", "laway ray puhunan", "s", "n");
INSERT INTO `wced_head` (entryid, head, normalized_head, type, pos) VALUES (11047, "laway", "laway", "s", "v");
INSERT INTO `wced_head` (entryid, head, normalized_head, type, pos) VALUES (11047, "palaway", "palaway", "s", "v");
INSERT INTO `wced_head` (entryid, head, normalized_head, type, pos) VALUES (11047, "lawayan", "lawayan", "s", "n");
INSERT INTO `wced_head` (entryid, head, normalized_head, type, pos) VALUES (11047, "lawaylaway", "lawaylaway", "s", "n");
INSERT INTO `wced_translation` (entryid, translation) VALUES (11047, "saliva");
INSERT INTO `wced_translation` (entryid, translation) VALUES (11047, "persuasive talk");
INSERT INTO `wced_translation` (entryid, translation) VALUES (11047, "drool");
INSERT INTO `wced_translation` (entryid, translation) VALUES (11047, "folk doctor");
INSERT INTO `wced_entry` VALUES (11048, "law-ay", "593", "<entry page=""593"" id=""11048""><form id=""law-ay"" lang=""ceb"">law-ay</form>
<hom role=""a""><pos>a</pos>
<sense n=""0""><trans> offensive to decency, revolting to the taste. </trans>
<eg><i lang=""ceb"">Gisinsur ang law-ay nga libru,</i><trans> The obscene book was censored. </trans></eg>
<eg><i lang=""ceb"">Law-ay kaáyung tan-áwun ang dakù nga magbinátà,</i><trans> It’s disgusting to see a grown-up act like a child. </trans></eg>
</sense></hom>
<hom role=""v""><pos>v</pos>
<sense n=""0""> <itype>[B12; b6]</itype><trans> be <tr>lewd</tr>, <tr>obscene</tr>. </trans>
<eg><i lang=""ceb"">Nagkalaw-ay ang mga sini karun,</i><trans> Movies are all lewd nowadays. </trans></eg>
<eg><i lang=""ceb"">Gilaw-ayan ku sa báhù sa patay,</i><trans> The odor of the corpse was revolting to me.
</trans></eg>
</sense></hom></entry>");
INSERT INTO `wced_head` (entryid, head, normalized_head, type, pos) VALUES (11048, "law-ay", "law-ay", "m", "av");
INSERT INTO `wced_translation` (entryid, translation) VALUES (11048, "lewd");
INSERT INTO `wced_translation` (entryid, translation) VALUES (11048, "obscene");
INSERT INTO `wced_entry` VALUES (11049, "lawgaw", "593", "<entry page=""593"" id=""11049""><form id=""lawgaw"" lang=""ceb"">lawgaw</form>
<hom role=""v""><pos>v</pos>
<sense n=""1""><number>1</number> <itype>[A; ac]</itype><trans> <tr>touch</tr>, stir up s.t. with the bare hands. </trans>
<eg><i lang=""ceb"">Panghunaw kay milawgaw ka man sa pasaw,</i><trans> Wash your hands because you stirred the slop with them. </trans></eg>
<eg><i lang=""ceb"">Ayawg lawgáwa nang túbig imnunun,</i><trans> Don’t stick your hands in the drinking water. </trans></eg>
</sense>
<sense n=""2""><number>2</number> <itype>[B1]</itype><trans> be all mixed up, <tr>confused</tr>. </trans>
<eg><i lang=""ceb"">Naglawgaw ang iksplikasiyun. Wà kung kasabut,</i><trans> His explanation was all mixed up. I couldn’t understand it. </trans></eg>
</sense>
<sense n=""2a""><number>2a</number><trans> get to be no good. </trans>
<eg><i lang=""ceb"">Nalawgaw ang ílang sáyaw kay yabag ang dúyug,</i><trans> Their dance number was unsuccessful because the music was out of tune. </trans></eg>
</sense>
<sense n=""3""><number>3</number> <itype>[AN]</itype><trans> mix into s.t. and disturb its orderly performance. </trans>
<eg><i lang=""ceb"">Ngánung gilawgaw man nímu si Pidru nga nangamural?</i><trans> Why did you butt in on Pedro just <pb n=""594""/>when he was proposing? </trans></eg>
</sense></hom>
<hom role=""a""><pos>a</pos>
<sense n=""1""><number>1</number><trans> falling below good standards. </trans>
<eg><i lang=""ceb"">Lawgaw tawhána puru lang sáad,</i><trans> He is no good. He is all promises. </trans></eg>
</sense>
<sense n=""2""><number>2</number><trans> <tr>mixed up</tr> and <tr>chaotic</tr>. </trans>
<eg><i lang=""ceb"">Lawgaw tung iliksiyúna, dúnay pálit,</i><trans> The election was chaotic with rampant vote-buying. </trans></eg>
</sense>
<sense n=""3""><number>3</number><trans> creating disturbance or confusion in an otherwise orderly performance. </trans>
<eg><i lang=""ceb"">Ay siyag paintraha sa sáyaw kay lawgaw,</i><trans> Don’t let him take part in the folk dance because he tends to bungle. </trans></eg>
</sense></hom>
<entry><form id=""manglalawgaw"" lang=""ceb""><abbr expan=""manglalawgaw"">maN-r-</abbr></form>
<hom role=""n""><pos>n</pos>
<sense n=""0""><trans> one who habitually creates trouble and confusion in otherwise smooth and peaceful proceedings.
</trans>
</sense></hom></entry></entry>");
INSERT INTO `wced_head` (entryid, head, normalized_head, type, pos) VALUES (11049, "lawgaw", "lawgaw", "m", "va");
INSERT INTO `wced_head` (entryid, head, normalized_head, type, pos) VALUES (11049, "manglalawgaw", "manglalawgaw", "s", "n");
INSERT INTO `wced_translation` (entryid, translation) VALUES (11049, "touch");
INSERT INTO `wced_translation` (entryid, translation) VALUES (11049, "confused");
INSERT INTO `wced_translation` (entryid, translation) VALUES (11049, "mixed up");
INSERT INTO `wced_translation` (entryid, translation) VALUES (11049, "chaotic");
INSERT INTO `wced_entry` VALUES (11050, "lawi, lawi", "594", "<entry page=""594"" id=""11050""><form id=""laxwi_laxwiq"" lang=""ceb"">láwi, láwì</form>
<hom role=""n""><pos>n</pos>
<sense n=""0""><trans> <tr>sickle feather</tr>, one of the long curved feathers in the tail of domestic cocks. </trans>
</sense></hom>
<entry><form id=""lawilaxwi"" lang=""ceb"">lawiláwi</form>
<hom>
<sense n=""0""><trans> s.t. like a tail feather. </trans>
<eg><i lang=""ceb"">Lawiláwi sa kúgun,</i><trans> The flower of the cogon grass. </trans></eg>
</sense></hom></entry>
<entry><form id=""lawixan_lawixhan"" lang=""ceb"">lawían, lawíhan</form>
<hom role=""n""><pos>n</pos>
<sense n=""0""><trans> name given to fish of various families that have filamentous projections, usually from the fins.
</trans>
</sense></hom></entry></entry>");
INSERT INTO `wced_head` (entryid, head, normalized_head, type, pos) VALUES (11050, "láwi", "lawi", "s", "n");
INSERT INTO `wced_head` (entryid, head, normalized_head, type, pos) VALUES (11050, "láwì", "lawi", "s", "n");
INSERT INTO `wced_head` (entryid, head, normalized_head, type, pos) VALUES (11050, "lawiláwi", "lawilawi", "s", "");
INSERT INTO `wced_head` (entryid, head, normalized_head, type, pos) VALUES (11050, "lawían", "lawian", "s", "n");
INSERT INTO `wced_head` (entryid, head, normalized_head, type, pos) VALUES (11050, "lawíhan", "lawihan", "s", "n");
INSERT INTO `wced_translation` (entryid, translation) VALUES (11050, "sickle feather");
INSERT INTO `wced_entry` VALUES (11051, "lawig", "594", "<entry page=""594"" id=""11051""><form id=""lawig"" lang=""ceb"">lawig</form>
<hom role=""v""><pos>v</pos>
<sense n=""1""><number>1</number> <itype>[A; a]</itype><trans> <tr>pasture</tr> livestock. </trans>
<eg><i lang=""ceb"">Ilawig ang kábaw sa lagúna,</i><trans> Pasture the carabao in the meadow. </trans></eg>
</sense>
<sense n=""1a""><number>1a</number><trans> give an additional length of line. </trans>
<eg><i lang=""ceb"">Lawigi ang tugut sa tabánug,</i><trans> Pay out more string to the kite. </trans></eg>
<eg><i lang=""ceb"">Lawigi ang kábaw arun daghan ang masabsab,</i><trans> Give the carabao more rope so that it can graze over a wide area. </trans></eg>
</sense>
<sense n=""1b""><number>1b</number> <itype>[A; b]</itype><trans> tie an anchor to a boat. </trans>
<eg><i lang=""ceb"">Lawigi ang sakayan arun dì madala sa sulug,</i><trans> Keep the boat anchored so the current won’t carry it away. </trans></eg>
</sense>
<sense n=""2""><number>2</number> <itype>[A; b6]</itype><trans> <tr>sail</tr>. </trans>
<eg><i lang=""ceb"">Naglawig na ang barku pagdasmag sa unus,</i><trans> The boat was on the high seas when a storm hit us. </trans></eg>
<eg><i lang=""ceb"">Kadagátan nga gilawigan sa barku,</i><trans> The seas the ship sailed across. </trans></eg>
</sense>
<sense n=""2a""><number>2a</number><trans> <tr>travel</tr> in general. </trans>
<eg><i lang=""ceb"">Bag-u ka pa gánì nahiulì mulawig na pud ka?</i><trans> You have just arrived and now you are going to take another trip? </trans></eg>
</sense></hom>
<hom role=""n""><pos>n</pos>
<sense n=""1""><number>1</number><trans> cord tied to s.t. </trans>
</sense>
<sense n=""1a""><number>1a</number><trans> <tr>anchor rope</tr>. </trans>
</sense>
<sense n=""1b""><number>1b</number><trans> tether <tr>rope</tr>. </trans>
</sense>
<sense n=""1c""><number>1c</number><trans> cord wound around the neck. </trans>
<eg><i lang=""ceb"">Taas ug lawig ang íyang pag-antus,</i><trans> She has a long chain of suffering tied around her neck. </trans></eg>
</sense>
<sense n=""2""><number>2</number><trans> <tr>tentacles</tr>. </trans>
</sense></hom>
<entry><form id=""lawigan"" lang=""ceb""><abbr expan=""lawigan"">-an</abbr></form>
<hom>
<sense n=""0""><trans> place s.t. is tethered. </trans>
</sense></hom></entry>
<entry><form id=""lalawixgan"" lang=""ceb""><abbr expan=""lalawígan"">-l-an(←)</abbr></form>
<hom role=""n""><pos>n</pos>
<sense n=""0""><trans> <tr>province</tr> (lit. place one sails to). </trans>
</sense></hom></entry>
<entry><form id=""lumaxwig"" lang=""ceb""><abbr expan=""lumáwig"">-um-(←)</abbr></form>
<hom role=""n""><pos>n</pos>
<sense n=""0""><trans> a slender thread which, in folk belief, attaches the placenta (<ix>inunlan</ix>) to the womb (<ix>matris</ix>) s.w. in the vicinity of the umbilical cord (<ix>púsud</ix>) and is the passageway for food from the mother to the baby. The <ix>lumáwig</ix> is considered very delicate, and if there is intense bleeding during childbirth it is believed due to a rupture of the <ix>lumáwig</ix>. </trans>
</sense></hom>
<hom role=""v""><pos>v</pos>
<sense n=""0""> <itype>[b4]</itype><trans> have one’s <ix>lumáwig</ix> ruptured and then suffer intense bleeding.
</trans>
</sense></hom></entry></entry>");
INSERT INTO `wced_head` (entryid, head, normalized_head, type, pos) VALUES (11051, "lawig", "lawig", "m", "vn");
INSERT INTO `wced_head` (entryid, head, normalized_head, type, pos) VALUES (11051, "lawigan", "lawigan", "s", "");
INSERT INTO `wced_head` (entryid, head, normalized_head, type, pos) VALUES (11051, "lalawígan", "lalawigan", "s", "n");
INSERT INTO `wced_head` (entryid, head, normalized_head, type, pos) VALUES (11051, "lumáwig", "lumawig", "s", "nv");
INSERT INTO `wced_translation` (entryid, translation) VALUES (11051, "pasture");
INSERT INTO `wced_translation` (entryid, translation) VALUES (11051, "sail");
INSERT INTO `wced_translation` (entryid, translation) VALUES (11051, "travel");
INSERT INTO `wced_translation` (entryid, translation) VALUES (11051, "anchor rope");
INSERT INTO `wced_translation` (entryid, translation) VALUES (11051, "rope");
INSERT INTO `wced_translation` (entryid, translation) VALUES (11051, "tentacles");
INSERT INTO `wced_translation` (entryid, translation) VALUES (11051, "province");
INSERT INTO `wced_entry` VALUES (11052, "lawilawi", "594", "<entry page=""594"" id=""11052""><form id=""lawilaxwi"" lang=""ceb"">lawiláwi</form>
<hom role=""n""><pos>n</pos>
<sense n=""0""><trans> variety of croton (<ix>kalípay</ix>).
</trans>
</sense></hom></entry>");
INSERT INTO `wced_head` (entryid, head, normalized_head, type, pos) VALUES (11052, "lawiláwi", "lawilawi", "m", "n");
INSERT INTO `wced_entry` VALUES (11053, "lawis", "594", "<entry page=""594"" id=""11053""><form id=""lawis"" lang=""ceb"">lawis</form>
<hom role=""n""><pos>n</pos>
<sense n=""0""><trans> <tr>spit</tr>, a point of low land extending from the shore into the water. </trans>
</sense></hom>
<hom role=""v""><pos>v</pos>
<sense n=""0""> <itype>[B6]</itype><trans> <tr>jut out</tr>. </trans>
<eg><i lang=""ceb"">May unud nga daw tudlù ang milawis sa kumagkù sa táwu,</i><trans> A finger-like growth is sticking out from the man’s thumb. </trans></eg>
<eg><i lang=""ceb"">Nasungkù aku sa naglawis nga kawáyan,</i><trans> I bumped my head on a piece of bamboo that was sticking out. </trans></eg>
<eg><i lang=""ceb"">Gibaligyà ang yútà nga nalawis sa kinadak-an sa yútà,</i><trans> They sold the lot that was jutting out from the main portion of their land.
</trans></eg>
</sense></hom></entry>");
INSERT INTO `wced_head` (entryid, head, normalized_head, type, pos) VALUES (11053, "lawis", "lawis", "m", "nv");
INSERT INTO `wced_translation` (entryid, translation) VALUES (11053, "spit");
INSERT INTO `wced_translation` (entryid, translation) VALUES (11053, "jut out");
INSERT INTO `wced_entry` VALUES (11054, "lawiswis", "594", "<entry page=""594"" id=""11054""><form id=""lawiswis"" lang=""ceb"">lawiswis</form>
<hom>
<sense n=""0""><trans> <xr lang=""ceb"" target=""#alawiswis"">= <sc>alawiswis</sc>.</xr>
</trans>
</sense></hom></entry>");
INSERT INTO `wced_head` (entryid, head, normalized_head, type, pos) VALUES (11054, "lawiswis", "lawiswis", "m", "");
INSERT INTO `wced_entry` VALUES (11055, "lawit", "594", "<entry page=""594"" id=""11055""><form id=""lawit"" lang=""ceb"">lawit</form>
<hom role=""v""><pos>v</pos>
<sense n=""1""><number>1</number> <itype>[B456]</itype><trans> for s.t. almost cut off to dangle. </trans>
<eg><i lang=""ceb"">Naglawit ang ákung tudlù kay nabakgutan sa sanggut,</i><trans> My finger is dangling because I nearly cut it off with a sickle. </trans></eg>
</sense>
<sense n=""2""><number>2</number> <itype>[A; b6]</itype><trans> hang, cling barely or precariously to s.t. </trans>
<eg><i lang=""ceb"">Naglawit ang kinabúhì sa masakitun sa usa ka lugas lánut,</i><trans> The patient’s life is hanging by a single thread. </trans></eg>
</sense></hom>
<entry><form id=""lawitlawit"" lang=""ceb"">lawitlawit</form>
<hom role=""n""><pos>n</pos>
<sense n=""0""><trans> pieces of tissue hanging from cuts of meat.
</trans>
</sense></hom></entry></entry>");
INSERT INTO `wced_head` (entryid, head, normalized_head, type, pos) VALUES (11055, "lawit", "lawit", "m", "v");
INSERT INTO `wced_head` (entryid, head, normalized_head, type, pos) VALUES (11055, "lawitlawit", "lawitlawit", "s", "n");
INSERT INTO `wced_entry` VALUES (11056, "lawitan", "594", "<entry page=""594"" id=""11056""><form id=""lawitan"" lang=""ceb"">lawitan</form>
<hom role=""n""><pos>n</pos>
<sense n=""0""><trans> the two boats holding the ends of the net in a k.o. fishing with a large net (<ix>sinsúru</ix>) where the fish are driven into a small area by small boats (<ix>buntúlan</ix>) converging.
</trans>
</sense></hom></entry>");
INSERT INTO `wced_head` (entryid, head, normalized_head, type, pos) VALUES (11056, "lawitan", "lawitan", "m", "n");
INSERT INTO `wced_entry` VALUES (11057, "lawlaw1", "594", "<entry page=""594"" id=""11057""><form id=""lawlaw"" lang=""ceb"">lawlaw<sub>1</sub></form>
<hom role=""v""><pos>v</pos>
<sense n=""1""><number>1</number> <itype>[A; c1]</itype><trans> <tr>slacken</tr> a line. </trans>
<eg><i lang=""ceb"">Maglawlaw ku áning mikubit arun dì mabugtù ang pasul,</i><trans> I am paying out extra fishing line so the line won’t break. </trans></eg>
<eg><i lang=""ceb"">Ayaw ilawlaw (lawláwa) ang hayhayan,</i><trans> Don’t make the clothesline so loose it sags. </trans></eg>
</sense>
<sense n=""1a""><number>1a</number> <itype>[B]</itype><trans> get to be loose, <tr>sagging</tr>. </trans>
<eg><i lang=""ceb"">Mulawlaw ang kurtína kun luagun ang hílu,</i><trans> The curtain will sag if you make the string loose. </trans></eg>
</sense>
<sense n=""1b""><number>1b</number> <itype>[AB]</itype><trans> for trousers to be cut loose at the crotch, wear trousers cut loose at the crotch. </trans>
<eg><i lang=""ceb"">Ságad sa tigúlang maglawlaw ang kinarsunisan,</i><trans> Most old people wear pants loose at the crotch. </trans></eg>
</sense>
<sense n=""2""><number>2</number> <itype>[AN; b3]</itype><trans> go round the edge of s.t. instead of directly across or along it. </trans>
<eg><i lang=""ceb"">Manglawlaw tag ági diri kay dì man katadlasan ang ílang baul,</i><trans> We’ll have to go around this way because they won’t let people cut across their field. </trans></eg>
</sense></hom>
<hom role=""a""><pos>a</pos>
<sense n=""0""><trans> be cut loose at the crotch. </trans>
</sense></hom>
<entry><form id=""palawlaw"" lang=""ceb""><abbr expan=""palawlaw"">pa-</abbr></form>
<hom role=""v""><pos>v</pos>
<sense n=""0""> <itype>[A; c1]</itype><trans> let time pass idly by. </trans>
<eg><i lang=""ceb"">Ang nagpalawlaw sa panahun way maáni,</i><trans> Those who waste their time doing nothing will have nothing to harvest.
</trans></eg>
</sense></hom></entry></entry>");
INSERT INTO `wced_head` (entryid, head, normalized_head, type, pos) VALUES (11057, "lawlaw", "lawlaw", "s", "va");
INSERT INTO `wced_head` (entryid, head, normalized_head, type, pos) VALUES (11057, "palawlaw", "palawlaw", "s", "v");
INSERT INTO `wced_translation` (entryid, translation) VALUES (11057, "slacken");
INSERT INTO `wced_translation` (entryid, translation) VALUES (11057, "sagging");
INSERT INTO `wced_entry` VALUES (11058, "lawlaw2", "594", "<entry page=""594"" id=""11058""><form id=""lawlaw2"" lang=""ceb"">lawlaw<sub>2</sub></form>
<hom role=""n""><pos>n</pos>
<sense n=""0""><trans> sardines which have been preserved in a large quantity of salt, such that not all the salt is dissolved in the juices of the fish, and the result is a dry fish enveloped with fishy grains of salt.
</trans>
</sense></hom></entry>");
INSERT INTO `wced_head` (entryid, head, normalized_head, type, pos) VALUES (11058, "lawlaw", "lawlaw", "s", "n");
INSERT INTO `wced_entry` VALUES (11059, "lawngun", "594", "<entry page=""594"" id=""11059""><form id=""lawngun"" lang=""ceb"">lawngun</form>
<hom>
<sense n=""0""><trans> <xr lang=""ceb"" target=""#lalungun"">= <sc>lalungun</sc>.</xr> <ix>see</ix> <xr lang=""ceb"" target=""#laxlung""><sc>lálung</sc>.</xr>
</trans>
</sense></hom></entry>");
INSERT INTO `wced_head` (entryid, head, normalized_head, type, pos) VALUES (11059, "lawngun", "lawngun", "m", "");
INSERT INTO `wced_entry` VALUES (11060, "lawril", "594", "<entry page=""594"" id=""11060""><form id=""lawril"" lang=""ceb"">lawril</form>
<hom role=""n""><pos>n</pos>
<sense n=""0""><trans> <tr>bay leaves</tr> used as a spice.
</trans>
</sense></hom></entry>");
INSERT INTO `wced_head` (entryid, head, normalized_head, type, pos) VALUES (11060, "lawril", "lawril", "m", "n");
INSERT INTO `wced_translation` (entryid, translation) VALUES (11060, "bay leaves");
INSERT INTO `wced_entry` VALUES (11061, "lawriyat", "594", "<entry page=""594"" id=""11061""><form id=""lawriyat"" lang=""ceb"">lawriyat</form>
<hom role=""n""><pos>n</pos>
<sense n=""0""><trans> k.o. Chinese banquet with ten or more courses tendered on special occasions.
</trans>
</sense></hom></entry>");
INSERT INTO `wced_head` (entryid, head, normalized_head, type, pos) VALUES (11061, "lawriyat", "lawriyat", "m", "n");
INSERT INTO `wced_entry` VALUES (11062, "lawsi", "594", "<entry page=""594"" id=""11062""><form id=""lawsi"" lang=""ceb"">lawsi</form>
<hom>
<sense n=""1""><number>1</number><trans> poor, <tr>sloppy</tr>, bad in quality or appearance. </trans>
<eg><i lang=""ceb"">Lawsi siya mamisti,</i><trans> She dresses poorly. </trans></eg>
<eg><i lang=""ceb"">Lawsi kadtung pagkáun,</i><trans> That was lousy food. </trans></eg>
</sense>
<sense n=""2""><number>2</number><trans> <tr>boring</tr> and <tr>uninteresting</tr>. </trans>
<eg><i lang=""ceb"">Lawsing parti,</i><trans> A lousy party. </trans></eg>
<eg><i lang=""ceb"">Lawsi tung salidáha,</i><trans> <pb n=""595""/>That was a lousy movie. </trans></eg>
</sense></hom>
<hom role=""v""><pos>v</pos>
<sense n=""0""> <itype>[B12; a12b6]</itype><trans> be, become lousy.
</trans>
</sense></hom></entry>");
INSERT INTO `wced_head` (entryid, head, normalized_head, type, pos) VALUES (11062, "lawsi", "lawsi", "m", "v");
INSERT INTO `wced_translation` (entryid, translation) VALUES (11062, "sloppy");
INSERT INTO `wced_translation` (entryid, translation) VALUES (11062, "boring");
INSERT INTO `wced_translation` (entryid, translation) VALUES (11062, "uninteresting");
INSERT INTO `wced_entry` VALUES (11063, "lawting", "595", "<entry page=""595"" id=""11063""><form id=""lawting"" lang=""ceb"">lawting</form>
<hom role=""n""><pos>n</pos>
<sense n=""0""><trans> attic consisting of a shelf built underneath a roof and which runs part of the distance covered by the roof. It is used as a storage place or sleeping area. </trans>
</sense></hom>
<hom role=""v""><pos>v</pos>
<sense n=""0""> <itype>[A1; a]</itype><trans> make a <ix>lawting</ix>.
</trans>
</sense></hom></entry>");
INSERT INTO `wced_head` (entryid, head, normalized_head, type, pos) VALUES (11063, "lawting", "lawting", "m", "nv");
INSERT INTO `wced_entry` VALUES (11064, "lawud", "595", "<entry page=""595"" id=""11064""><form id=""lawud"" lang=""ceb"">lawud</form>
<hom role=""n""><pos>n</pos>
<sense n=""0""><trans> deep open <tr>sea</tr>. </trans>
</sense></hom>
<entry><form id=""pitu_ka_lawud"" lang=""ceb"">pitu ka <abbr expan=""lawud"">—</abbr></form>
<hom>
<sense n=""0""><trans> <tr>seven seas</tr>. <ix>see</ix> <xr lang=""ceb"" target=""#laxbang""><sc>lábang</sc>.</xr> </trans>
</sense></hom>
<hom role=""v""><pos>v</pos>
<sense n=""0""> <itype>[A2NP; a]</itype><trans> </trans>
</sense>
<sense n=""1""><number>1</number><trans> go out into the <tr>deep sea</tr>, usually to fish. </trans>
<eg><i lang=""ceb"">Ug maáyu ang panahun mulawud (manglawud) ku karung gabíi,</i><trans> If the weather is good, I will go out to sea tonight. </trans></eg>
<eg><i lang=""ceb"">Kinahanglang lawrun ta giyud ang malasugi,</i><trans> You have to go to the deep to get the sailfish. </trans></eg>
</sense>
<sense n=""2""><number>2</number> <itype>[A13]</itype><trans> <xr lang=""ceb"" target=""#lawudlaxwud"">= <sc>lawudláwud</sc>.</xr> </trans>
</sense></hom></entry>
<entry><form id=""lawudlaxwud"" lang=""ceb"">lawudláwud</form>
<hom role=""v""><pos>v</pos>
<sense n=""0""> <itype>[A]</itype><trans> be like a sea. </trans>
<eg><i lang=""ceb"">Naglawudláwud ang halapad nga humayan,</i><trans> The vast rice field is like a sea. </trans></eg>
</sense></hom></entry>
<entry><form id=""ilaxwud"" lang=""ceb""><abbr expan=""iláwud"">i-(←)</abbr></form>
<hom role=""n""><pos>n</pos>
<sense n=""0""><trans> place toward town and away from rural areas. </trans>
</sense></hom>
<hom role=""v""><pos>v</pos>
<sense n=""0""> <itype>[AP; ac6P]</itype><trans> go, bring s.t. toward town. </trans>
</sense></hom></entry>
<entry><form id=""ilawud"" lang=""ceb""><abbr expan=""ilawud"">i-</abbr></form>
<hom>
<sense n=""0""><trans> <xr lang=""ceb"" target=""#ilaxwud"">= <sc>iláwud</sc>, <ix>v</ix>.</xr> </trans>
</sense></hom></entry>
<entry><form id=""kalawran"" lang=""ceb"">kalawran</form>
<hom role=""n""><pos>n</pos>
<sense n=""0""><trans> <tr>seas</tr>. </trans>
</sense></hom></entry>
<entry><form id=""kinalawran"" lang=""ceb"">kinalawran</form>
<hom role=""n""><pos>n</pos>
<sense n=""0""><trans> deepest part of the sea. </trans>
</sense></hom></entry>
<entry><form id=""lawudnun"" lang=""ceb"">lawudnun</form>
<hom role=""n""><pos>n</pos>
<sense n=""0""><trans> of the seas.
</trans>
</sense></hom></entry></entry>");
INSERT INTO `wced_head` (entryid, head, normalized_head, type, pos) VALUES (11064, "lawud", "lawud", "m", "n");
INSERT INTO `wced_head` (entryid, head, normalized_head, type, pos) VALUES (11064, "pitu ka lawud", "pitu ka lawud", "s", "v");
INSERT INTO `wced_head` (entryid, head, normalized_head, type, pos) VALUES (11064, "lawudláwud", "lawudlawud", "s", "v");
INSERT INTO `wced_head` (entryid, head, normalized_head, type, pos) VALUES (11064, "iláwud", "ilawud", "s", "nv");
INSERT INTO `wced_head` (entryid, head, normalized_head, type, pos) VALUES (11064, "ilawud", "ilawud", "s", "");
INSERT INTO `wced_head` (entryid, head, normalized_head, type, pos) VALUES (11064, "kalawran", "kalawran", "s", "n");
INSERT INTO `wced_head` (entryid, head, normalized_head, type, pos) VALUES (11064, "kinalawran", "kinalawran", "s", "n");
INSERT INTO `wced_head` (entryid, head, normalized_head, type, pos) VALUES (11064, "lawudnun", "lawudnun", "s", "n");
INSERT INTO `wced_translation` (entryid, translation) VALUES (11064, "sea");
INSERT INTO `wced_translation` (entryid, translation) VALUES (11064, "seven seas");
INSERT INTO `wced_translation` (entryid, translation) VALUES (11064, "deep sea");
INSERT INTO `wced_translation` (entryid, translation) VALUES (11064, "seas");
INSERT INTO `wced_entry` VALUES (11065, "lawug", "595", "<entry page=""595"" id=""11065""><form id=""laxwug"" lang=""ceb"">láwug</form>
<hom role=""v""><pos>v</pos>
<sense n=""0""> <itype>[A2SB]</itype><trans> for stiff and long things to <tr>warp</tr> or <tr>bend</tr>. </trans>
<eg><i lang=""ceb"">Miláwug ang tabla human initi,</i><trans> The board warped after having been exposed to the sun. </trans></eg>
</sense></hom>
<entry><form id=""lawug"" lang=""ceb""><abbr expan=""lawug"">(→)</abbr></form>
<hom role=""n""><pos>n</pos>
<sense n=""0""><trans> long bent things.
</trans>
</sense></hom></entry></entry>");
INSERT INTO `wced_head` (entryid, head, normalized_head, type, pos) VALUES (11065, "láwug", "lawug", "m", "v");
INSERT INTO `wced_head` (entryid, head, normalized_head, type, pos) VALUES (11065, "lawug", "lawug", "s", "n");
INSERT INTO `wced_translation` (entryid, translation) VALUES (11065, "warp");
INSERT INTO `wced_translation` (entryid, translation) VALUES (11065, "bend");
INSERT INTO `wced_entry` VALUES (11066, "lawung", "595", "<entry page=""595"" id=""11066""><form id=""laxwung"" lang=""ceb"">láwung</form>
<hom role=""n""><pos>n</pos>
<sense n=""0""><trans> <tr>lionfish</tr>, a brightly colored fish of coral reefs with very poisonous dorsal fins: <bio>Pterois spp</bio>.
</trans>
</sense></hom></entry>");
INSERT INTO `wced_head` (entryid, head, normalized_head, type, pos) VALUES (11066, "láwung", "lawung", "m", "n");
INSERT INTO `wced_translation` (entryid, translation) VALUES (11066, "lionfish");
INSERT INTO `wced_entry` VALUES (11067, "lawus", "595", "<entry page=""595"" id=""11067""><form id=""lawus"" lang=""ceb"">lawus</form>
<hom role=""a""><pos>a</pos>
<sense n=""1""><number>1</number><trans> <tr>withered</tr>. </trans>
<eg><i lang=""ceb"">Ngánung lawus ang utanung ímung gipalit?</i><trans> Why did you buy withered vegetables? </trans></eg>
</sense>
<sense n=""2""><number>2</number><trans> withered or <tr>wizened</tr> from age or sickness. </trans>
<eg><i lang=""ceb"">Lawus na si Glurya Rumíru, gúwang na man gud,</i><trans> Gloria Romero is faded now. She is quite old. </trans></eg>
</sense>
<sense n=""3""><number>3</number><trans> past one’s prime. </trans>
<eg><i lang=""ceb"">Lawus nang pagkabuksingíru si Ilurdi,</i><trans> Elorde is over his peak as a boxer. </trans></eg>
</sense>
<sense n=""4""><number>4</number><trans> for feelings to have faded. </trans>
<eg><i lang=""ceb"">Lawus na ang ímung pagbátì nákù,</i><trans> Your love for me has faded. </trans></eg>
</sense></hom>
<entry><form id=""laxwus"" lang=""ceb""><abbr expan=""láwus"">(←)</abbr></form>
<hom role=""v""><pos>v</pos>
<sense n=""0""> <itype>[B2S; b6]</itype><trans> </trans>
</sense>
<sense n=""1""><number>1</number><trans> get <tr>withered</tr>. </trans>
<eg><i lang=""ceb"">Ang búlak muláwus (maláwus) ug initan,</i><trans> Flowers wither if you expose them to heat. </trans></eg>
<eg><i lang=""ceb"">Nagkalawus na ang tanum kay wà katubigi,</i><trans> The plants are getting withered because they were not watered. </trans></eg>
</sense>
<sense n=""2""><number>2</number><trans> <tr>get old</tr> and shriveled. </trans>
<eg><i lang=""ceb"">Naglawus ka man. May balatían ka?</i><trans> You look shrunken. Are you ill? </trans></eg>
</sense>
<sense n=""3""><number>3</number><trans> get beyond one’s prime. </trans>
</sense>
<sense n=""4""><number>4</number><trans> for feelings to fade. </trans>
<eg><i lang=""ceb"">Kanang prisyúha makaláwus (makapaláwus) giyud sa gána,</i><trans> That price sure throws cold water on my desire. </trans></eg>
<eg><i lang=""ceb"">Nagkalawus ang ákung pagláum nga maulì pa siya,</i><trans> My hope for his return is wavering.
</trans></eg>
</sense></hom></entry></entry>");
INSERT INTO `wced_head` (entryid, head, normalized_head, type, pos) VALUES (11067, "lawus", "lawus", "m", "a");
INSERT INTO `wced_head` (entryid, head, normalized_head, type, pos) VALUES (11067, "láwus", "lawus", "s", "v");
INSERT INTO `wced_translation` (entryid, translation) VALUES (11067, "withered");
INSERT INTO `wced_translation` (entryid, translation) VALUES (11067, "wizened");
INSERT INTO `wced_translation` (entryid, translation) VALUES (11067, "get old");
INSERT INTO `wced_entry` VALUES (11068, "lawut", "595", "<entry page=""595"" id=""11068""><form id=""laxwut"" lang=""ceb"">láwut</form>
<hom role=""v""><pos>v</pos>
<sense n=""0""> <itype>[B; a12]</itype><trans> for liquids to become thick and gooey. </trans>
<eg><i lang=""ceb"">Magkalawut ang linúgaw madúgayng sinukgay,</i><trans> The more porridge is stirred the thicker and more viscous it becomes. </trans></eg>
</sense></hom>
<hom role=""a""><pos>a</pos>
<sense n=""0""><trans> thick and <tr>gooey</tr>. </trans>
<eg><i lang=""ceb"">Láwut ning utána kay náay tugábang,</i><trans> This vegetable dish is gooey because it contains <ix>tugábang</ix>.
</trans></eg>
</sense></hom></entry>");
INSERT INTO `wced_head` (entryid, head, normalized_head, type, pos) VALUES (11068, "láwut", "lawut", "m", "va");
INSERT INTO `wced_translation` (entryid, translation) VALUES (11068, "gooey");
INSERT INTO `wced_entry` VALUES (11069, "law-uy", "595", "<entry page=""595"" id=""11069""><form id=""law-uy"" lang=""ceb"">law-uy</form>
<hom role=""a""><pos>a</pos>
<sense n=""0""><trans> cooked vegetables without fish, meat, or fat. </trans>
<eg><i lang=""ceb"">Law-uy lang ning útan kay way subak,</i><trans> This vegetable dish is cooked just plain because we have nothing to cook with it. </trans></eg>
</sense></hom>
<hom role=""v""><pos>v</pos>
<sense n=""0""> <itype>[A13B; a12]</itype><trans> cook vegetables plain, be plain and tasteless.
</trans>
</sense></hom></entry>");
INSERT INTO `wced_head` (entryid, head, normalized_head, type, pos) VALUES (11069, "law-uy", "law-uy", "m", "av");
INSERT INTO `wced_entry` VALUES (11070, "laya", "595", "<entry page=""595"" id=""11070""><form id=""laxya"" lang=""ceb"">láya</form>
<hom role=""n""><pos>n</pos>
<sense n=""0""><trans> a k.o. shallow water cast net, conical in shape, made of fine sewing thread with a fine mesh. Weights are put on the mouth to spread the net when thrown, and when the net is lifted the weights cause the mouth to contract so that escape is impossible. </trans>
</sense></hom>
<hom role=""v""><pos>v</pos>
<sense n=""1""><number>1</number> <itype>[AN; a2]</itype><trans> catch fish with a <ix>láya</ix>. </trans>
</sense>
<sense n=""2""><number>2</number> <itype>[A; a12]</itype><trans> make into a <ix>láya</ix>. </trans>
</sense></hom>
<entry><form id=""layalaxya"" lang=""ceb"">layaláya</form>
<hom role=""n""><pos>n</pos>
<sense n=""0""><trans> very thin membrane that envelopes the stomach, used as a wrapper for <ix>murkun</ix>.
</trans>
</sense></hom></entry></entry>");
INSERT INTO `wced_head` (entryid, head, normalized_head, type, pos) VALUES (11070, "láya", "laya", "m", "nv");
INSERT INTO `wced_head` (entryid, head, normalized_head, type, pos) VALUES (11070, "layaláya", "layalaya", "s", "n");
INSERT INTO `wced_entry` VALUES (11071, "*laya", "595", "<entry page=""595"" id=""11071""><form id=""xxlaxya"" lang=""ceb"">*láya</form>
<hom>
<sense n=""0""><trans> <ix>see</ix> <xr lang=""ceb"" target=""#ilaxya""><sc>iláya</sc>.</xr>
</trans>
</sense></hom></entry>");
INSERT INTO `wced_head` (entryid, head, normalized_head, type, pos) VALUES (11071, "láya", "laya", "s", "");
INSERT INTO `wced_entry` VALUES (11072, "laya1", "595", "<entry page=""595"" id=""11072""><form id=""layaq"" lang=""ceb"">layà<sub>1</sub></form>
<hom role=""n""><pos>n</pos>
<sense n=""0""><trans> k.o. fresh-water fish which grows <measure reg=""61 cm"">2′</measure> long and <measure reg=""15 cm"">6″</measure> wide, with big, silvery scales, spotted with black.
</trans>
</sense></hom></entry>");
INSERT INTO `wced_head` (entryid, head, normalized_head, type, pos) VALUES (11072, "layà", "laya", "s", "n");
INSERT INTO `wced_entry` VALUES (11073, "laya", "595", "<entry page=""595"" id=""11073""><form id=""laxyaq"" lang=""ceb"">láyà</form>
<hom role=""a""><pos>a</pos>
<sense n=""0""><trans> <tr>dried</tr>, <tr>withered</tr> up. </trans>
</sense></hom>
<hom role=""v""><pos>v</pos>
<sense n=""1""><number>1</number> <itype>[B23(1)]</itype><trans> <tr>dry</tr>, become dry or withered. </trans>
<eg><i lang=""ceb"">Unyà ra daúbi ang sagbut kun muláyà (maláyà) na,</i><trans> Burn the leaves when they become dry. </trans></eg>
<eg><i lang=""ceb"">Himalatyun na ning kahúya kay nagkalayà nag mga dáhun,</i><trans> This tree is going to die because its leaves are withering. </trans></eg>
</sense>
<sense n=""2""><number>2</number> <itype>[B2; b6]</itype><trans> for the ears of corn to mature. </trans>
</sense>
<sense n=""3""><number>3</number> <form id=""laxyaq_ang_baxgaq"" lang=""ceb""><abbr expan=""láyà"">—</abbr> ang bágà</form><trans> </trans>
</sense></hom>
<hom role=""v""><pos>v</pos>
<sense n=""0""> <itype>[B2; a12]</itype><trans> for the lungs to be damaged from drinking too much. </trans>
</sense></hom>
<hom role=""n""><pos>n</pos>
<sense n=""0""><trans> <tr>paper money</tr> (slang). </trans>
</sense></hom>
<entry><form id=""layaq2"" lang=""ceb""><abbr expan=""layà"">(→)</abbr><sub>2</sub></form>
<hom role=""a""><pos>a</pos>
<sense n=""1""><number>1</number><trans> dried up. </trans>
</sense>
<sense n=""2""><number>2</number><trans> for ears of corn to be mature. </trans>
</sense>
<sense n=""3""><number>3</number> <form id=""layaq_ug_baxgaq"" lang=""ceb""><abbr expan=""layà"">—</abbr> ug bágà</form><trans> having inflamed lungs from overindulgence in drinking. </trans>
</sense>
<sense n=""4""><number>4</number> <form id=""daxhung_layaq"" lang=""ceb"">dáhung <abbr expan=""layà"">—</abbr></form><trans> <tr>paper money</tr> (slang).
</trans>
</sense></hom></entry></entry>");
INSERT INTO `wced_head` (entryid, head, normalized_head, type, pos) VALUES (11073, "láyà", "laya", "m", "avvn");
INSERT INTO `wced_head` (entryid, head, normalized_head, type, pos) VALUES (11073, "láyà ang bágà", "laya ang baga", "s", "");
INSERT INTO `wced_head` (entryid, head, normalized_head, type, pos) VALUES (11073, "layà", "laya", "s", "a");
INSERT INTO `wced_head` (entryid, head, normalized_head, type, pos) VALUES (11073, "layà ug bágà", "laya ug baga", "s", "");
INSERT INTO `wced_head` (entryid, head, normalized_head, type, pos) VALUES (11073, "dáhung layà", "dahung laya", "s", "");
INSERT INTO `wced_translation` (entryid, translation) VALUES (11073, "dried");
INSERT INTO `wced_translation` (entryid, translation) VALUES (11073, "withered");
INSERT INTO `wced_translation` (entryid, translation) VALUES (11073, "dry");
INSERT INTO `wced_translation` (entryid, translation) VALUES (11073, "paper money");
INSERT INTO `wced_entry` VALUES (11074, "layag1", "595", "<entry page=""595"" id=""11074""><form id=""laxyag"" lang=""ceb"">láyag<sub>1</sub></form>
<hom role=""n""><pos>n</pos>
<sense n=""0""><trans> <tr>sail</tr> of a boat. </trans>
</sense></hom>
<hom role=""v""><pos>v</pos>
<sense n=""0""> <itype>[A; b6]</itype><trans> put up the sail. </trans>
<eg><i lang=""ceb"">Mularga na ang sakayan kay gilayágan na,</i><trans> The boat is ready to sail because they have hoisted the sails. </trans></eg>
</sense></hom>
<entry><form id=""layag"" lang=""ceb""><abbr expan=""layag"">(→)</abbr></form>
<hom role=""v""><pos>v</pos>
<sense n=""0""> <itype>[A13]</itype><trans> </trans>
</sense>
<sense n=""1""><number>1</number><trans> for a sailboat to sail. </trans>
</sense>
<sense n=""1a""><number>1a</number> <form id=""lantaw_ug_layag"" lang=""ceb"">lantaw ug <abbr expan=""layag"">—</abbr></form><trans> sit idly by watching people that are working without lifting a finger to help (as if watching s.o. sailing). </trans>
<eg><i lang=""ceb"">Naglantawg naglayag bisag gikinahanglan kaáyu ang íyang pagtábang,</i><trans> He just sits idly by watching, even though his help is badly needed. </trans></eg>
</sense>
<sense n=""2""><number>2</number><trans> for the ears to stick out. </trans>
<eg><i lang=""ceb"">Naglayag ang dunggan,</i><trans> His ears stick out. </trans></eg>
</sense></hom></entry>
<entry><form id=""layagan"" lang=""ceb""><abbr expan=""layagan"">-an(→)</abbr></form>
<hom>
<sense n=""0""><trans> k.o. volute shell growing to <measure reg=""7.7 cm"">3″</measure> by 1½″ with no operculum. Edible but bitter. </trans>
</sense></hom></entry>
<entry><form id=""linayagan"" lang=""ceb""><abbr expan=""linayagan"">-in-an</abbr></form>
<hom role=""n""><pos>n</pos>
<sense n=""0""><trans> boat with sails. </trans>
</sense></hom></entry>
<entry><form id=""layagun"" lang=""ceb""><abbr expan=""layagun"">-un</abbr></form>
<hom role=""a""><pos>a</pos>
<sense n=""0""><trans> favorable for sailing. </trans>
</sense></hom></entry>
<entry><form id=""layagun_ug_daxtuq"" lang=""ceb""><abbr expan=""layagun"">-un</abbr> ug dátù</form>
<hom>
<sense n=""0""><trans> for a wind to be slow (lit. good only for rich people with plenty of time to sail with). </trans>
</sense></hom></entry>
<entry><form id=""lumayagun"" lang=""ceb""><abbr expan=""lumayagun"">-um-an</abbr></form>
<hom role=""n""><pos>n</pos>
<sense n=""0""><trans> k.o. small squid, growing to <measure reg=""20 cm"">8″</measure> with a very reduced internal plate. </trans>
</sense></hom></entry>
<entry><form id=""panglumayagan"" lang=""ceb""><abbr expan=""panglumayagan"">paN-um-an(→)</abbr></form>
<hom role=""v""><pos>v</pos>
<sense n=""0""> <itype>[B; c]</itype><trans> go to catch <ix>lumayágan</ix>. </trans>
</sense></hom></entry>
<entry><form id=""panlumayaganan"" lang=""ceb"">panlumayaganan</form>
<hom>
<sense n=""0""><trans> <pb n=""596""/>place one can fish for <ix>lumayágan</ix>. </trans>
</sense>
<sense n=""2""><number>2</number><trans> boat for fishing for <ix>lumayágan</ix>.
</trans>
</sense></hom></entry></entry>");
INSERT INTO `wced_head` (entryid, head, normalized_head, type, pos) VALUES (11074, "láyag", "layag", "s", "nv");
INSERT INTO `wced_head` (entryid, head, normalized_head, type, pos) VALUES (11074, "layag", "layag", "s", "v");
INSERT INTO `wced_head` (entryid, head, normalized_head, type, pos) VALUES (11074, "lantaw ug layag", "lantaw ug layag", "s", "");
INSERT INTO `wced_head` (entryid, head, normalized_head, type, pos) VALUES (11074, "layagan", "layagan", "s", "");
INSERT INTO `wced_head` (entryid, head, normalized_head, type, pos) VALUES (11074, "linayagan", "linayagan", "s", "n");
INSERT INTO `wced_head` (entryid, head, normalized_head, type, pos) VALUES (11074, "layagun", "layagun", "s", "a");
INSERT INTO `wced_head` (entryid, head, normalized_head, type, pos) VALUES (11074, "layagun ug dátù", "layagun ug datu", "s", "");
INSERT INTO `wced_head` (entryid, head, normalized_head, type, pos) VALUES (11074, "lumayagun", "lumayagun", "s", "n");
INSERT INTO `wced_head` (entryid, head, normalized_head, type, pos) VALUES (11074, "panglumayagan", "panglumayagan", "s", "v");
INSERT INTO `wced_head` (entryid, head, normalized_head, type, pos) VALUES (11074, "panlumayaganan", "panlumayaganan", "s", "");
INSERT INTO `wced_translation` (entryid, translation) VALUES (11074, "sail");
INSERT INTO `wced_entry` VALUES (11075, "layag2", "596", "<entry page=""596"" id=""11075""><form id=""laxyag2"" lang=""ceb"">láyag<sub>2</sub></form>
<hom role=""n""><pos>n</pos>
<sense n=""0""><trans> the missing of one’s menstruation but not because of pregnancy. </trans>
</sense></hom>
<hom role=""v""><pos>v</pos>
<sense n=""0""> <itype>[b4]</itype><trans> miss one’s period. </trans>
<eg><i lang=""ceb"">Ábi kug gilayágan ku, burus giyud diay,</i><trans> I thought I just missed a period, but I was actually pregnant.
</trans></eg>
</sense></hom></entry>");
INSERT INTO `wced_head` (entryid, head, normalized_head, type, pos) VALUES (11075, "láyag", "layag", "s", "nv");
INSERT INTO `wced_entry` VALUES (11076, "layag3", "596", "<entry page=""596"" id=""11076""><form id=""laxyag3"" lang=""ceb"">láyag<sub>3</sub></form>
<hom role=""v""><pos>v</pos>
<sense n=""0""> <itype>[A; b(1)]</itype><trans> join others who have food, drinks, or cigarettes to mooch off of them. </trans>
<eg><i lang=""ceb"">Way makaláyag níya kay adtu siya sa tágù magkaun,</i><trans> He ate in seclusion because he didn’t want anyone to mooch off of him.
</trans></eg>
</sense></hom></entry>");
INSERT INTO `wced_head` (entryid, head, normalized_head, type, pos) VALUES (11076, "láyag", "layag", "s", "v");
INSERT INTO `wced_entry` VALUES (11077, "layanglayang", "596", "<entry page=""596"" id=""11077""><form id=""layanglaxyang"" lang=""ceb"">layangláyang</form>
<hom role=""n""><pos>n</pos>
<sense n=""1""><number>1</number><trans> awning or temporary <tr>shelter</tr> made of four posts and a cloth or thatch covering. </trans>
</sense>
<sense n=""2""><number>2</number><trans> principal rafters placed at the thwart edges of a roof which, in a thatched roof, hold the thatch in place. </trans>
</sense></hom>
<hom role=""v""><pos>v</pos>
<sense n=""0""> <itype>[A; b]</itype><trans> put a temporary shelter s.w.
</trans>
</sense></hom></entry>");
INSERT INTO `wced_head` (entryid, head, normalized_head, type, pos) VALUES (11077, "layangláyang", "layanglayang", "m", "nv");
INSERT INTO `wced_translation` (entryid, translation) VALUES (11077, "shelter");
INSERT INTO `wced_entry` VALUES (11078, "layas", "596", "<entry page=""596"" id=""11078""><form id=""laxyas"" lang=""ceb"">láyas</form>
<hom role=""v""><pos>v</pos>
<sense n=""0""> <itype>[A2; b6]</itype><trans> </trans>
</sense>
<sense n=""1""><number>1</number><trans> leave a place to avoid s.t. unpleasant. </trans>
<eg><i lang=""ceb"">Miláyas siya sa dagmalan níyang inaína,</i><trans> She escaped from her cruel stepmother. </trans></eg>
<eg><i lang=""ceb"">Gilayásan siyag suluguun,</i><trans> Her servant walked out on her. </trans></eg>
</sense>
<sense n=""2""><number>2</number><trans> get out of a place for any reason. </trans>
<eg><i lang=""ceb"">Láyas, animal,</i><trans> Leave this home, you beast. </trans></eg>
</sense></hom>
<entry><form id=""layas"" lang=""ceb""><abbr expan=""layas"">(→)</abbr></form>
<hom role=""n""><pos>n</pos>
<sense n=""0""><trans> <tr>escapee</tr>. </trans>
<eg><i lang=""ceb"">Siya layas sa Bilíbid,</i><trans> He is an escapee from Bilibid prison.
</trans></eg>
</sense></hom></entry></entry>");
INSERT INTO `wced_head` (entryid, head, normalized_head, type, pos) VALUES (11078, "láyas", "layas", "m", "v");
INSERT INTO `wced_head` (entryid, head, normalized_head, type, pos) VALUES (11078, "layas", "layas", "s", "n");
INSERT INTO `wced_translation` (entryid, translation) VALUES (11078, "escapee");
INSERT INTO `wced_entry` VALUES (11079, "layat1", "596", "<entry page=""596"" id=""11079""><form id=""layat"" lang=""ceb"">layat<sub>1</sub></form>
<hom role=""v""><pos>v</pos>
<sense n=""0""> <itype>[A2; a]</itype><trans> <tr>jump</tr> to a place: up, down, or over. </trans>
<eg><i lang=""ceb"">Milayat ang kabáyù sa kural,</i><trans> The horse jumped over the fence. </trans></eg>
<eg><i lang=""ceb"">Layata lang nang bintánà nga mubù,</i><trans> Just jump down from that low window. </trans></eg>
</sense></hom>
<hom role=""n""><pos>n</pos>
<sense n=""0""><trans> act of jumping.
</trans>
</sense></hom></entry>");
INSERT INTO `wced_head` (entryid, head, normalized_head, type, pos) VALUES (11079, "layat", "layat", "s", "vn");
INSERT INTO `wced_translation` (entryid, translation) VALUES (11079, "jump");
INSERT INTO `wced_entry` VALUES (11080, "layat2", "596", "<entry page=""596"" id=""11080""><form id=""layat2"" lang=""ceb"">layat<sub>2</sub></form>
<hom role=""n""><pos>n</pos>
<sense n=""0""><trans> large, edible tree fungus, shiny, dark-brown in color.
</trans>
</sense></hom></entry>");
INSERT INTO `wced_head` (entryid, head, normalized_head, type, pos) VALUES (11080, "layat", "layat", "s", "n");
INSERT INTO `wced_entry` VALUES (11081, "layaw", "596", "<entry page=""596"" id=""11081""><form id=""laxyaw"" lang=""ceb"">láyaw</form>
<hom role=""v""><pos>v</pos>
<sense n=""0""> <itype>[A2]</itype><trans> for animals to roam about. </trans>
<eg><i lang=""ceb"">Muláyaw ang mga háyup nga buhían,</i><trans> Domestic animals stray if you don’t tether them. </trans></eg>
</sense></hom>
<entry><form id=""layaw"" lang=""ceb""><abbr expan=""layaw"">(→)</abbr></form>
<hom role=""n""><pos>n</pos>
<sense n=""1""><number>1</number><trans> animal that has been allowed to stray. </trans>
<eg><i lang=""ceb"">Kinahanglang lamíngun ang manuk layaw kay langsag unud,</i><trans> You have to keep stray chickens and feed them special food before you kill them; otherwise they have a terrible flavor. </trans></eg>
</sense>
<sense n=""1a""><number>1a</number><trans> going out when one should not be doing so, person that has been allowed to stray. </trans>
<eg><i lang=""ceb"">Madisgrasya giyud ang babáying layaw,</i><trans> A woman that gallivants about is likely to get into trouble. </trans></eg>
</sense>
<sense n=""1b""><number>1b</number><trans> off the mark, far from correct. </trans>
<eg><i lang=""ceb"">Layaw kaáyu ang ímung pangagpas,</i><trans> Your conjecture is way off the mark. </trans></eg>
</sense>
<sense n=""2""><number>2</number><trans> for a mixture to be too weak in consistency. </trans>
<eg><i lang=""ceb"">Layaw nga pintal,</i><trans> Paint that’s too thin. </trans></eg>
</sense>
<sense n=""3""><number>3</number><trans> <ix>in phrases:</ix> </trans>
</sense></hom></entry>
<entry><form id=""layaw_ug_duguq"" lang=""ceb""><abbr expan=""layaw"">—</abbr> ug dugù</form>
<hom>
<sense n=""0""><trans> <tr>cowardly</tr>, lacking guts. </trans>
</sense></hom></entry>
<entry><form id=""layaw_ug_hunaqhuxnaq"" lang=""ceb""><abbr expan=""layaw"">—</abbr> ug hunàhúnà</form>
<hom>
<sense n=""0""><trans> given to sudden whims or fancies. </trans>
<eg><i lang=""ceb"">Way pundu ang táwung layaw ug hunàhúnà,</i><trans> A person who is given to sudden whims or fancies is unstable. </trans></eg>
</sense></hom></entry>
<entry><form id=""layaw_ug_uxtuk"" lang=""ceb""><abbr expan=""layaw"">—</abbr> ug útuk</form>
<hom>
<sense n=""0""><trans> a dull person. </trans>
<eg><i lang=""ceb"">Ang táwung layaw ug útuk gáhing makasabut,</i><trans> A dull person does not understand easily. </trans></eg>
</sense></hom>
<hom role=""v""><pos>v</pos>
<sense n=""0""> <itype>[B1]</itype><trans> become a wanderer, one who gallivants around. </trans>
</sense></hom></entry>
<entry><form id=""layawan"" lang=""ceb""><abbr expan=""layawan"">-an</abbr></form>
<hom role=""n""><pos>n</pos>
<sense n=""0""><trans> open land where animals are allowed to roam and graze. </trans>
</sense></hom></entry>
<entry><form id=""pinalayaw"" lang=""ceb""><abbr expan=""pinalayaw"">pina-</abbr></form>
<hom role=""a""><pos>a</pos>
<sense n=""0""><trans> <tr>spoiled</tr>, left alone by parents to do as he pleases. </trans>
<eg><i lang=""ceb"">Way trabáhung makat-unan ang bátang pinalayaw,</i><trans> A spoiled child that has been left to do as he pleases will not learn a trade.
</trans></eg>
</sense></hom></entry></entry>");
INSERT INTO `wced_head` (entryid, head, normalized_head, type, pos) VALUES (11081, "láyaw", "layaw", "m", "v");
INSERT INTO `wced_head` (entryid, head, normalized_head, type, pos) VALUES (11081, "layaw", "layaw", "s", "n");
INSERT INTO `wced_head` (entryid, head, normalized_head, type, pos) VALUES (11081, "layaw ug dugù", "layaw ug dugu", "s", "");
INSERT INTO `wced_head` (entryid, head, normalized_head, type, pos) VALUES (11081, "layaw ug hunàhúnà", "layaw ug hunahuna", "s", "");
INSERT INTO `wced_head` (entryid, head, normalized_head, type, pos) VALUES (11081, "layaw ug útuk", "layaw ug utuk", "s", "v");
INSERT INTO `wced_head` (entryid, head, normalized_head, type, pos) VALUES (11081, "layawan", "layawan", "s", "n");
INSERT INTO `wced_head` (entryid, head, normalized_head, type, pos) VALUES (11081, "pinalayaw", "pinalayaw", "s", "a");
INSERT INTO `wced_translation` (entryid, translation) VALUES (11081, "cowardly");
INSERT INTO `wced_translation` (entryid, translation) VALUES (11081, "spoiled");
INSERT INTO `wced_entry` VALUES (11082, "laybrari", "596", "<entry page=""596"" id=""11082""><form id=""laybrari"" lang=""ceb"">laybrari</form>
<hom role=""n""><pos>n</pos>
<sense n=""0""><trans> <tr>library</tr>. </trans>
</sense></hom>
<entry><form id=""laybrariyan"" lang=""ceb""><abbr expan=""laybrariyan"">-yan</abbr></form>
<hom role=""n""><pos>n</pos>
<sense n=""0""><trans> <tr>librarian</tr>. </trans>
</sense></hom>
<hom role=""v""><pos>v</pos>
<sense n=""0""> <itype>[B16]</itype><trans> be a librarian.
</trans>
</sense></hom></entry></entry>");
INSERT INTO `wced_head` (entryid, head, normalized_head, type, pos) VALUES (11082, "laybrari", "laybrari", "m", "n");
INSERT INTO `wced_head` (entryid, head, normalized_head, type, pos) VALUES (11082, "laybrariyan", "laybrariyan", "s", "nv");
INSERT INTO `wced_translation` (entryid, translation) VALUES (11082, "library");
INSERT INTO `wced_translation` (entryid, translation) VALUES (11082, "librarian");
INSERT INTO `wced_entry` VALUES (11083, "laygay", "596", "<entry page=""596"" id=""11083""><form id=""laygay"" lang=""ceb"">laygay</form>
<hom role=""v""><pos>v</pos>
<sense n=""1""><number>1</number> <itype>[A3P; a12]</itype><trans> make s.o. <tr>bedridden</tr>. </trans>
<eg><i lang=""ceb"">Sakit nga milaygay kaníya,</i><trans> The sickness that incapacitated him. </trans></eg>
<eg><i lang=""ceb"">Gilaygay siyag tísis,</i><trans> He was bedridden with T.B. </trans></eg>
</sense>
<sense n=""2""><number>2</number> <itype>[a4]</itype><trans> be affected with great financial difficulty. </trans>
<eg><i lang=""ceb"">Mga kabus nga gilaygay sa kalisud,</i><trans> Poor people who are wallowing in difficulty. </trans></eg>
</sense></hom>
<hom role=""a""><pos>a</pos>
<sense n=""0""><trans> <tr>incapacitating</tr>, leaving one bedridden. </trans>
<eg><i lang=""ceb"">Laygay sakíta nang paralisis,</i><trans> Paralysis leaves one bedridden.
</trans></eg>
</sense></hom></entry>");
INSERT INTO `wced_head` (entryid, head, normalized_head, type, pos) VALUES (11083, "laygay", "laygay", "m", "va");
INSERT INTO `wced_translation` (entryid, translation) VALUES (11083, "bedridden");
INSERT INTO `wced_translation` (entryid, translation) VALUES (11083, "incapacitating");
INSERT INTO `wced_entry` VALUES (11084, "layhan", "596", "<entry page=""596"" id=""11084""><form id=""layhan"" lang=""ceb"">layhan</form>
<hom>
<sense n=""0""><trans> <ix>see</ix> <xr lang=""ceb"" target=""#xxlahay""><sc>*lahay</sc>.</xr>
</trans>
</sense></hom></entry>");
INSERT INTO `wced_head` (entryid, head, normalized_head, type, pos) VALUES (11084, "layhan", "layhan", "m", "");
INSERT INTO `wced_entry` VALUES (11085, "layi diantigwa", "596", "<entry page=""596"" id=""11085""><form id=""layi_diantigwa"" lang=""ceb"">layi diantigwa</form>
<hom role=""n""><pos>n</pos>
<sense n=""0""><trans> old, outmoded laws or customs. </trans>
<eg><i lang=""ceb"">Sunud ka man ánang layi diantigwa. Kabag-úhan na run!</i><trans> You’re following old, out-moded ways. We’re in the Twentieth Century now!
</trans></eg>
</sense></hom></entry>");
INSERT INTO `wced_head` (entryid, head, normalized_head, type, pos) VALUES (11085, "layi diantigwa", "layi diantigwa", "m", "n");
INSERT INTO `wced_entry` VALUES (11086, "layi", "596", "<entry page=""596"" id=""11086""><form id=""laxyiq"" lang=""ceb"">láyì</form>
<hom role=""n""><pos>n</pos>
<sense n=""0""><trans> tool for cutting abaca fibers or buri strips, made of a thin, flat piece of <ix>bagákay</ix> bamboo, <measure reg=""7.7–10 cm"">3″–4″</measure> long.
</trans>
</sense></hom></entry>");
INSERT INTO `wced_head` (entryid, head, normalized_head, type, pos) VALUES (11086, "láyì", "layi", "m", "n");
INSERT INTO `wced_entry` VALUES (11087, "layik", "596", "<entry page=""596"" id=""11087""><form id=""laxyik"" lang=""ceb"">láyik</form>
<hom role=""v""><pos>v</pos>
<sense n=""0""> <itype>[A12]</itype><trans> have a <tr>liking</tr> or crush for s.t. or s.o. (slang). </trans>
<eg><i lang=""ceb"">Nakasabut giyud ku nga nakaláyik nà si Idyun nímu,</i><trans> I realize that Edion has taken a liking to you.
</trans></eg>
</sense></hom></entry>");
INSERT INTO `wced_head` (entryid, head, normalized_head, type, pos) VALUES (11087, "láyik", "layik", "m", "v");
INSERT INTO `wced_translation` (entryid, translation) VALUES (11087, "liking");
INSERT INTO `wced_entry` VALUES (11088, "layiku", "596", "<entry page=""596"" id=""11088""><form id=""layiku"" lang=""ceb"">layiku</form>
<hom role=""n""><pos>n</pos>
<sense n=""0""><trans> <tr>layman</tr>, <tr>laity</tr>. </trans>
<eg><i lang=""ceb"">Ang buluhatun sa layiku sa iglisya,</i><trans> The role of the laity in the church.
</trans></eg>
</sense></hom></entry>");
INSERT INTO `wced_head` (entryid, head, normalized_head, type, pos) VALUES (11088, "layiku", "layiku", "m", "n");
INSERT INTO `wced_translation` (entryid, translation) VALUES (11088, "layman");
INSERT INTO `wced_translation` (entryid, translation) VALUES (11088, "laity");
INSERT INTO `wced_entry` VALUES (11089, "layip", "596", "<entry page=""596"" id=""11089""><form id=""laxyip"" lang=""ceb"">láyip</form>
<hom role=""n""><pos>n</pos>
<sense n=""0""><trans> <tr>life imprisonment</tr>. </trans>
<eg><i lang=""ceb"">Gisintinsyahan siyag láyip,</i><trans> He got life imprisonment.
</trans></eg>
</sense></hom></entry>");
INSERT INTO `wced_head` (entryid, head, normalized_head, type, pos) VALUES (11089, "láyip", "layip", "m", "n");
INSERT INTO `wced_translation` (entryid, translation) VALUES (11089, "life imprisonment");
INSERT INTO `wced_entry` VALUES (11090, "layit wit", "596", "<entry page=""596"" id=""11090""><form id=""layit_wit"" lang=""ceb"">layit wit</form>
<hom role=""n""><pos>n</pos>
<sense n=""0""><trans> lightweight boxer or wrestler.
</trans>
</sense></hom></entry>");
INSERT INTO `wced_head` (entryid, head, normalized_head, type, pos) VALUES (11090, "layit wit", "layit wit", "m", "n");
INSERT INTO `wced_entry` VALUES (11091, "laylay1", "596", "<entry page=""596"" id=""11091""><form id=""laylay"" lang=""ceb"">laylay<sub>1</sub></form>
<hom role=""a""><pos>a</pos>
<sense n=""1""><number>1</number><trans> <tr>tired</tr>, <tr>drooping</tr> from fatigue. </trans>
</sense>
<sense n=""2""><number>2</number><trans> for plants to be limp or drooping. </trans>
<eg><i lang=""ceb"">Pangúhag laylay nga mais, itambug sa kabáyù,</i><trans> Get the drooping corn leaves to feed the horses. </trans></eg>
</sense>
<sense n=""2a""><number>2a</number><trans> for leaves to be colored red or yellow. </trans>
</sense>
<sense n=""2b""><number>2b</number><trans> people at the bottom strata of society. </trans>
</sense></hom>
<hom role=""v""><pos>v</pos>
<sense n=""1""><number>1</number> <itype>[BN; a2b4]</itype><trans> be <tr>tired</tr>. </trans>
<eg><i lang=""ceb"">Milaylay (nalaylay) ang ákung abága ug pinas-an sa baskit,</i><trans> My shoulders got tired from carrying the basket. </trans></eg>
<eg><i lang=""ceb"">Wà mu layláyig tinindug,</i><trans> Aren’t you all exhausted from standing? </trans></eg>
</sense>
<sense n=""2""><number>2</number> <itype>[AB; c1]</itype><trans> <tr>droop</tr>, cause s.t. to do so. </trans>
<eg><i lang=""ceb"">Naglaylay ang abaga,</i><trans> His shoulders are drooping. </trans></eg>
<eg><i lang=""ceb"">Layláya (ilaylay) ang sanga arun makab-ut ang búnga,</i><trans> Bend the branch so you can reach the fruit. </trans></eg>
</sense>
<sense n=""2a""><number>2a</number> <itype>[AN; b]</itype><trans> gather bent or discolored leaves. </trans>
</sense></hom>
<entry><form id=""kalaylay"" lang=""ceb""><abbr expan=""kalaylay"">ka-</abbr></form>
<hom>
<sense n=""0""><trans> <tr>tiredness</tr>, feeling of being weak from fatigue. </trans>
</sense></hom>
<hom role=""n""><pos>n</pos>
<sense n=""0""><trans> yellowed leaves on trees that are about to drop.
<pb n=""597""/>
</trans>
</sense></hom></entry></entry>");
INSERT INTO `wced_head` (entryid, head, normalized_head, type, pos) VALUES (11091, "laylay", "laylay", "s", "av");
INSERT INTO `wced_head` (entryid, head, normalized_head, type, pos) VALUES (11091, "kalaylay", "kalaylay", "s", "n");
INSERT INTO `wced_translation` (entryid, translation) VALUES (11091, "tired");
INSERT INTO `wced_translation` (entryid, translation) VALUES (11091, "drooping");
INSERT INTO `wced_translation` (entryid, translation) VALUES (11091, "droop");
INSERT INTO `wced_translation` (entryid, translation) VALUES (11091, "tiredness");
INSERT INTO `wced_entry` VALUES (11092, "laylay2", "597", "<entry page=""597"" id=""11092""><form id=""laylay2"" lang=""ceb"">laylay<sub>2</sub></form>
<hom role=""v""><pos>v</pos>
<sense n=""0""> <itype>[A; a2]</itype><trans> sing with no words other than meaningless syllables. </trans>
<eg><i lang=""ceb"">Naglaylay ang inahan nga nagpakatúlug sa bátà,</i><trans> The mother is singing the baby to sleep. </trans></eg>
</sense></hom>
<hom role=""n""><pos>n</pos>
<sense n=""0""><trans> song hummed or sung with syllables <ix>la, la</ix>.
</trans>
</sense></hom></entry>");
INSERT INTO `wced_head` (entryid, head, normalized_head, type, pos) VALUES (11092, "laylay", "laylay", "s", "vn");
INSERT INTO `wced_entry` VALUES (11093, "laylu", "597", "<entry page=""597"" id=""11093""><form id=""laylu"" lang=""ceb"">laylu</form>
<hom role=""v""><pos>v</pos>
<sense n=""0""> <itype>[A; c1]</itype><trans> not do s.t. one would normally do, esp. combat, because of some danger. </trans>
<eg><i lang=""ceb"">Manglaylu tag panágat kay nagdáut ang panahun,</i><trans> We won’t go out fishing because the weather is bad. </trans></eg>
<eg><i lang=""ceb"">Manglaylu lang ku, kay náa ang amahan,</i><trans> I won’t visit her for the while because her father is home. </trans></eg>
<eg><i lang=""ceb"">Wà na gániy bála, laylúhun (ilaylu) dáyun sa mga girilya ang ílang kalihúkan,</i><trans> When the <corr sic=""guerillas"">guerrillas</corr> run out of bullets, they lie low for awhile.
</trans></eg>
</sense></hom></entry>");
INSERT INTO `wced_head` (entryid, head, normalized_head, type, pos) VALUES (11093, "laylu", "laylu", "m", "v");
INSERT INTO `wced_entry` VALUES (11094, "layning", "597", "<entry page=""597"" id=""11094""><form id=""layning"" lang=""ceb"">layning</form>
<hom role=""n""><pos>n</pos>
<sense n=""0""><trans> <tr>lining</tr> or cloth used for lining. </trans>
</sense></hom>
<hom role=""v""><pos>v</pos>
<sense n=""0""> <itype>[A; a]</itype><trans> put a lining in s.t.
</trans>
</sense></hom></entry>");
INSERT INTO `wced_head` (entryid, head, normalized_head, type, pos) VALUES (11094, "layning", "layning", "m", "nv");
INSERT INTO `wced_translation` (entryid, translation) VALUES (11094, "lining");
INSERT INTO `wced_entry` VALUES (11095, "laysul", "597", "<entry page=""597"" id=""11095""><form id=""laysul"" lang=""ceb"">laysul</form>
<hom role=""n""><pos>n</pos>
<sense n=""0""><trans> <tr>lysol</tr>.
</trans>
</sense></hom></entry>");
INSERT INTO `wced_head` (entryid, head, normalized_head, type, pos) VALUES (11095, "laysul", "laysul", "m", "n");
INSERT INTO `wced_translation` (entryid, translation) VALUES (11095, "lysol");
INSERT INTO `wced_entry` VALUES (11096, "layti", "597", "<entry page=""597"" id=""11096""><form id=""Layti"" lang=""ceb"">Layti</form>
<hom role=""n""><pos>n</pos>
<sense n=""0""><trans> <tr>Leyte</tr>.
</trans>
</sense></hom></entry>");
INSERT INTO `wced_head` (entryid, head, normalized_head, type, pos) VALUES (11096, "Layti", "layti", "m", "n");
INSERT INTO `wced_translation` (entryid, translation) VALUES (11096, "Leyte");
INSERT INTO `wced_entry` VALUES (11097, "laytir", "597", "<entry page=""597"" id=""11097""><form id=""laytir"" lang=""ceb"">laytir</form>
<hom role=""n""><pos>n</pos>
<sense n=""0""><trans> cigarette <tr>lighter</tr>. </trans>
</sense></hom>
<hom role=""v""><pos>v</pos>
<sense n=""0""> <itype>[b(1)]</itype><trans> light with a lighter.
</trans>
</sense></hom></entry>");
INSERT INTO `wced_head` (entryid, head, normalized_head, type, pos) VALUES (11097, "laytir", "laytir", "m", "nv");
INSERT INTO `wced_translation` (entryid, translation) VALUES (11097, "lighter");
INSERT INTO `wced_entry` VALUES (11098, "layu", "597", "<entry page=""597"" id=""11098""><form id=""layu"" lang=""ceb"">layu</form>
<hom role=""v""><pos>v</pos>
<sense n=""0""> <itype>[A; c1]</itype><trans> broil unhusked young corn over flames, cooking it half-way. </trans>
<eg><i lang=""ceb"">Layuhun (ilayu) nátù ang linghud arun dalì rang malútù,</i><trans> Let’s just pass the young corn unhusked through the flames so it won’t take long to cook it.
</trans></eg>
</sense></hom></entry>");
INSERT INTO `wced_head` (entryid, head, normalized_head, type, pos) VALUES (11098, "layu", "layu", "m", "v");
INSERT INTO `wced_entry` VALUES (11099, "layu", "597", "<entry page=""597"" id=""11099""><form id=""layuq"" lang=""ceb"">layù</form>
<hom role=""a""><pos>a</pos>
<sense n=""1""><number>1</number><trans> <tr>far</tr>, <tr>distant</tr>. </trans>
<eg><i lang=""ceb"">Layù kaáyu ang Urúpa,</i><trans> Europe is far away. </trans></eg>
<eg><i lang=""ceb"">Paryinti mi piru layù na,</i><trans> We are relatives but rather distant. </trans></eg>
</sense>
<sense n=""1a""><number>1a</number><trans> far from being correct. </trans>
<eg><i lang=""ceb"">Layù ra kaáyu ang ímung tubag sa dyakpat kwistiyun,</i><trans> Your answer to the jackpot question was far off the mark. </trans></eg>
</sense>
<sense n=""1b""><number>1b</number> <form id=""layuq_ra_sa_tinaxi"" lang=""ceb""><abbr expan=""layù"">—</abbr> ra sa tinái</form><trans> for mishaps not to be serious (far from the intestines). </trans>
<eg><i lang=""ceb"">Gamay ning samára layù ra sa tinái,</i><trans> It’s a superficial wound. It’s not serious. </trans></eg>
</sense>
<sense n=""1c""><number>1c</number> <form id=""layuq_ra_sa_tinaxi_sa_manuk"" lang=""ceb""><abbr expan=""layù"">—</abbr> ra sa tinái sa manuk</form><trans> for answers and guesses to be wide off the mark. </trans>
<eg><i lang=""ceb"">Ang ímung tubag sayup ug layù ra sa tinái sa manuk,</i><trans> Your answer is wrong and is way off the mark. </trans></eg>
</sense>
<sense n=""2""><number>2</number><trans> comparatively far behind in some good trait. </trans>
<eg><i lang=""ceb"">Layù ra si Magsaysay ni Salungga sa abilidad,</i><trans> Magsaysay can’t hold a candle to Salonga. </trans></eg>
</sense></hom>
<hom role=""v""><pos>v</pos>
<sense n=""0""> <itype>[B25C; ab7c]</itype><trans> be <tr>far</tr>. </trans>
<eg><i lang=""ceb"">Ug mulayù ang tugdúnan sa búla, ipakúhà lang,</i><trans> If the ball lands far away have s.o. go get it. </trans></eg>
<eg><i lang=""ceb"">Ug makigláyù ka nákù, mingawun ku nímu,</i><trans> If you want us to be far from each other, I’ll miss you. </trans></eg>
<eg><i lang=""ceb"">Layúun ta mu kay palaaway mu,</i><trans> I’ll keep you two far apart because you are quarrelsome. </trans></eg>
<eg><i lang=""ceb"">Layui pa kay duul ra nà,</i><trans> Move it farther away because it’s too close. </trans></eg>
</sense></hom>
<entry><form id=""dixliq_iglaxyuq"" lang=""ceb"">dílì <abbr expan=""igláyù"">ig-(←)</abbr></form>
<hom>
<sense n=""0""><trans> not distantly related by blood. </trans>
<eg><i lang=""ceb"">Dílì ta igláyù magtagsa ang átung inahan,</i><trans> We are not distantly related because your mother is my mother’s first cousin. </trans></eg>
</sense></hom></entry>
<entry><form id=""hilayuq_halayuq"" lang=""ceb""><abbr expan=""hilayù"">hi-</abbr>/<abbr expan=""halayù"">ha-</abbr></form>
<hom role=""v""><pos>v</pos>
<sense n=""0""> <itype>[B1256]</itype><trans> get to be far away. </trans>
</sense></hom></entry>
<entry><form id=""palayuq"" lang=""ceb""><abbr expan=""palayù"">pa-</abbr></form>
<hom role=""v""><pos>v</pos>
<sense n=""0""> <itype>[A; bc]</itype><trans> go far away, stay away from a place, hold s.t. at a distance. </trans>
<eg><i lang=""ceb"">Ngánung magpalayù ka man kanámù?</i><trans> What makes you want to keep your distance from us? </trans></eg>
<eg><i lang=""ceb"">Gipalay-an ni pagsiyát arun makúhà ang byú,</i><trans> This picture was shot from a distance to get the view. </trans></eg>
</sense></hom></entry>
<entry><form id=""pahilayuq"" lang=""ceb""><abbr expan=""pahilayù"">pahi-</abbr></form>
<hom role=""v""><pos>v</pos>
<sense n=""0""> <itype>[A; a3]</itype><trans> go far away. </trans>
<eg><i lang=""ceb"">Tungud sa ákung kahiubus, magpahilayù ku,</i><trans> I’m going away because I was terribly hurt. </trans></eg>
</sense></hom></entry>
<entry><form id=""linay-axnay_linay-anay"" lang=""ceb"">linay-ánay, linay-anay</form>
<hom role=""v""><pos>v</pos>
<sense n=""0""> <itype>[C]</itype><trans> be far from one another. </trans>
</sense></hom></entry>
<entry><form id=""lagyuq"" lang=""ceb""><abbr expan=""lagyù"">-g-</abbr></form>
<hom>
<sense n=""0""><trans> <xr lang=""ceb"" target=""#layuq"">= <sc>layù</sc></xr> (plural). </trans>
</sense></hom></entry>
<entry><form id=""halayuq"" lang=""ceb""><abbr expan=""halayù"">ha-</abbr></form>
<hom>
<sense n=""0""><trans> <xr lang=""ceb"" target=""#layuq"">= <sc>layù</sc>, <ix>a 1.</ix></xr> </trans>
</sense></hom></entry>
<entry><form id=""gilay-un_kalay-un"" lang=""ceb"">gilay-un, kalay-un</form>
<hom role=""n""><pos>n</pos>
<sense n=""0""><trans> <tr>distance</tr>. </trans>
<eg><i lang=""ceb"">Usa ka kilumitru ang gilay-un,</i><trans> The distance is one kilometer. </trans></eg>
</sense></hom></entry>
<entry><form id=""kinalay-an"" lang=""ceb"">kinalay-an</form>
<hom role=""a""><pos>a</pos>
<sense n=""0""><trans> <tr>farthest</tr>.
</trans>
</sense></hom></entry></entry>");
INSERT INTO `wced_head` (entryid, head, normalized_head, type, pos) VALUES (11099, "layù", "layu", "m", "av");
INSERT INTO `wced_head` (entryid, head, normalized_head, type, pos) VALUES (11099, "layù ra sa tinái", "layu ra sa tinai", "s", "");
INSERT INTO `wced_head` (entryid, head, normalized_head, type, pos) VALUES (11099, "layù ra sa tinái sa manuk", "layu ra sa tinai sa manuk", "s", "");
INSERT INTO `wced_head` (entryid, head, normalized_head, type, pos) VALUES (11099, "dílì igláyù", "dili iglayu", "s", "");
INSERT INTO `wced_head` (entryid, head, normalized_head, type, pos) VALUES (11099, "hilayù", "hilayu", "s", "v");
INSERT INTO `wced_head` (entryid, head, normalized_head, type, pos) VALUES (11099, "halayù", "halayu", "s", "v");
INSERT INTO `wced_head` (entryid, head, normalized_head, type, pos) VALUES (11099, "palayù", "palayu", "s", "v");
INSERT INTO `wced_head` (entryid, head, normalized_head, type, pos) VALUES (11099, "pahilayù", "pahilayu", "s", "v");
INSERT INTO `wced_head` (entryid, head, normalized_head, type, pos) VALUES (11099, "linay-ánay", "linay-anay", "s", "v");
INSERT INTO `wced_head` (entryid, head, normalized_head, type, pos) VALUES (11099, "linay-anay", "linay-anay", "s", "v");
INSERT INTO `wced_head` (entryid, head, normalized_head, type, pos) VALUES (11099, "lagyù", "lagyu", "s", "");
INSERT INTO `wced_head` (entryid, head, normalized_head, type, pos) VALUES (11099, "gilay-un", "gilay-un", "s", "n");
INSERT INTO `wced_head` (entryid, head, normalized_head, type, pos) VALUES (11099, "kalay-un", "kalay-un", "s", "n");
INSERT INTO `wced_head` (entryid, head, normalized_head, type, pos) VALUES (11099, "kinalay-an", "kinalay-an", "s", "a");
INSERT INTO `wced_translation` (entryid, translation) VALUES (11099, "far");
INSERT INTO `wced_translation` (entryid, translation) VALUES (11099, "distant");
INSERT INTO `wced_translation` (entryid, translation) VALUES (11099, "distance");
INSERT INTO `wced_translation` (entryid, translation) VALUES (11099, "farthest");
INSERT INTO `wced_entry` VALUES (11100, "lay-u1", "597", "<entry page=""597"" id=""11100""><form id=""lay-u"" lang=""ceb"">lay-u<sub>1</sub></form>
<hom role=""n""><pos>n</pos>
<sense n=""0""><trans> a body of standing water in low-lying areas formed by overflowing floodwaters or heavy rains. </trans>
<eg><i lang=""ceb"">Dúnay daghang isdà sa lay-u,</i><trans> There are lots of fish stranded in the pool.
</trans></eg>
</sense></hom></entry>");
INSERT INTO `wced_head` (entryid, head, normalized_head, type, pos) VALUES (11100, "lay-u", "lay-u", "s", "n");
INSERT INTO `wced_entry` VALUES (11101, "lay-u2", "597", "<entry page=""597"" id=""11101""><form id=""lay-u2"" lang=""ceb"">lay-u<sub>2</sub></form>
<hom role=""v""><pos>v</pos>
<sense n=""0""> <itype>[B; a2]</itype><trans> for plants to wither from being in the heat after being uprooted or damaged by wind. </trans>
<eg><i lang=""ceb"">Malay-u (mulay-u) ang mga tanum sa kusug nga hángin,</i><trans> The plants will wither because of the strong wind. </trans></eg>
<eg><i lang=""ceb"">Lay-úhun nang mga sagínga nga nangatumba sa ínit run,</i><trans> The heat will wither those plants that were uprooted.
</trans></eg>
</sense></hom></entry>");
INSERT INTO `wced_head` (entryid, head, normalized_head, type, pos) VALUES (11101, "lay-u", "lay-u", "s", "v");
INSERT INTO `wced_entry` VALUES (11102, "layug", "597", "<entry page=""597"" id=""11102""><form id=""layug"" lang=""ceb"">layug</form>
<hom role=""v""><pos>v</pos>
<sense n=""0""> <itype>[A2C; a2]</itype><trans> </trans>
</sense>
<sense n=""1""><number>1</number><trans> <tr>grapple</tr> with s.o. </trans>
<eg><i lang=""ceb"">Giulang ku ang duha ka bátà nga nagláyug,</i><trans> I intervened when the two boys were wrestling with each other. </trans></eg>
<eg><i lang=""ceb"">Gilayug ku siya kay ákung giílug ang kutsilyu,</i><trans> I wrestled with him to get the knife from him. </trans></eg>
</sense>
<sense n=""2""><number>2</number><trans> <tr>wrestle</tr> with a woman in foreplay. </trans>
<eg><i lang=""ceb"">Daw may gilayug nga dalága,</i><trans> It seems that s.o. was wrestling with a girl (to rape her). </trans></eg>
</sense></hom>
<entry><form id=""tiglayug"" lang=""ceb""><abbr expan=""tiglayug"">tig-</abbr></form>
<hom role=""a""><pos>a</pos>
<sense n=""1""><number>1</number><trans> fond of wrestling. </trans>
</sense>
<sense n=""2""><number>2</number><trans> fond of mutilating plants by breaking off branches, flowers, etc. as if having wrestled with them. </trans>
<eg><i lang=""ceb"">Kining mga bátà dinhi muy tiglayug sa mga tanum,</i><trans> It’s the children that destroy the plants here.
</trans></eg>
</sense></hom></entry></entry>");
INSERT INTO `wced_head` (entryid, head, normalized_head, type, pos) VALUES (11102, "layug", "layug", "m", "v");
INSERT INTO `wced_head` (entryid, head, normalized_head, type, pos) VALUES (11102, "tiglayug", "tiglayug", "s", "a");
INSERT INTO `wced_translation` (entryid, translation) VALUES (11102, "grapple");
INSERT INTO `wced_translation` (entryid, translation) VALUES (11102, "wrestle");
INSERT INTO `wced_entry` VALUES (11103, "layug", "597", "<entry page=""597"" id=""11103""><form id=""laxyug"" lang=""ceb"">láyug</form>
<hom role=""a""><pos>a</pos>
<sense n=""0""><trans> <tr>tall</tr> and quite straight. </trans>
<eg><i lang=""ceb"">Láyug kaáyu nang lubíha,</i><trans> That coconut tree is very tall. </trans></eg>
</sense></hom>
<hom role=""v""><pos>v</pos>
<sense n=""1""><number>1</number> <itype>[B2]</itype><trans> become <tr>tall</tr>. </trans>
<eg><i lang=""ceb"">Muláyug (maláyug) nang kahúya ug dì pul-úngan,</i><trans> That tree will grow tall if you don’t prune it. </trans></eg>
</sense>
<sense n=""2""><number>2</number> <itype>[A; b6]</itype><trans> <tr>fly</tr> (usually said of fowls that keep to the ground). </trans>
<eg><i lang=""ceb"">Miláyug ang manuk nga gigúkud sa irù,</i><trans> The chicken flew up when the dog chased it. </trans></eg>
<eg><i lang=""ceb"">Taas ug gilayúgan ang manuk,</i><trans> The rooster flew high up. </trans></eg>
</sense></hom>
<hom role=""n""><pos>n</pos>
<sense n=""0""><trans> flight of birds or fowl. </trans>
<eg><i lang=""ceb"">Gisunud kug tan-aw ang láyug sa mga langgam,</i><trans> I followed the flight of the birds with my eyes.
</trans></eg>
</sense></hom></entry>");
INSERT INTO `wced_head` (entryid, head, normalized_head, type, pos) VALUES (11103, "láyug", "layug", "m", "avn");
INSERT INTO `wced_translation` (entryid, translation) VALUES (11103, "tall");
INSERT INTO `wced_translation` (entryid, translation) VALUES (11103, "fly");
INSERT INTO `wced_entry` VALUES (11104, "lay-ug", "597", "<entry page=""597"" id=""11104""><form id=""lay-ug"" lang=""ceb"">lay-ug</form>
<hom role=""v""><pos>v</pos>
<sense n=""0""> <itype>[AP; c1]</itype><trans> for plants to be badly shaken by a strong wind, such that they are damaged and likely to die in hot weather. <pb n=""598""/></trans>
<eg><i lang=""ceb"">Kusug hángin ang milay-ug (mipalay-ug) sa mga tanum,</i><trans> A strong wind caused severe damage to the plants. </trans></eg>
<eg><i lang=""ceb"">Ug malay-ug ang mga lubi, madagdag ang mga búnga,</i><trans> If a coconut tree is shaken by the wind, its fruit will fall off.
</trans></eg>
</sense></hom></entry>");
INSERT INTO `wced_head` (entryid, head, normalized_head, type, pos) VALUES (11104, "lay-ug", "lay-ug", "m", "v");
INSERT INTO `wced_entry` VALUES (11105, "layuglayug", "598", "<entry page=""598"" id=""11105""><form id=""layuglayug"" lang=""ceb"">layuglayug</form>
<hom role=""n""><pos>n</pos>
<sense n=""0""><trans> k.o. edible brown seaweed with a leaf-like structure.
</trans>
</sense></hom></entry>");
INSERT INTO `wced_head` (entryid, head, normalized_head, type, pos) VALUES (11105, "layuglayug", "layuglayug", "m", "n");
INSERT INTO `wced_entry` VALUES (11106, "layun", "598", "<entry page=""598"" id=""11106""><form id=""layun"" lang=""ceb"">layun</form>
<hom role=""a""><pos>a</pos>
<sense n=""0""><trans> for bananas to be almost ripe, but still hard. </trans>
</sense></hom>
<hom role=""v""><pos>v</pos>
<sense n=""0""> <itype>[B23(1); b6]</itype><trans> for bananas to be almost ripe. </trans>
<eg><i lang=""ceb"">Hustung pritúhun ang kardábang malayun na,</i><trans> Cooking bananas are best to fry when they are nearly ripe.
</trans></eg>
</sense></hom></entry>");
INSERT INTO `wced_head` (entryid, head, normalized_head, type, pos) VALUES (11106, "layun", "layun", "m", "av");
INSERT INTO `wced_entry` VALUES (11107, "layus", "598", "<entry page=""598"" id=""11107""><form id=""laxyus"" lang=""ceb"">láyus</form>
<hom role=""v""><pos>v</pos>
<sense n=""0""> <itype>[B12; a12]</itype><trans> for plants or fruits to <tr>wither</tr>. </trans>
<eg><i lang=""ceb"">Nagkalayus ang mga tanum kay dúgayng wà ulana,</i><trans> The plants are withering gradually because it has not rained for a long time. </trans></eg>
<eg><i lang=""ceb"">Naláyus ang mga utanun nga wà mangahálin,</i><trans> The vegetables that were left unsold withered. </trans></eg>
</sense></hom>
<entry><form id=""layus"" lang=""ceb""><abbr expan=""layus"">(→)</abbr></form>
<hom role=""a""><pos>a</pos>
<sense n=""0""><trans> <tr>withered</tr> (of plants or fruits).
</trans>
</sense></hom></entry></entry>");
INSERT INTO `wced_head` (entryid, head, normalized_head, type, pos) VALUES (11107, "láyus", "layus", "m", "v");
INSERT INTO `wced_head` (entryid, head, normalized_head, type, pos) VALUES (11107, "layus", "layus", "s", "a");
INSERT INTO `wced_translation` (entryid, translation) VALUES (11107, "wither");
INSERT INTO `wced_translation` (entryid, translation) VALUES (11107, "withered");
INSERT INTO `wced_entry` VALUES (11108, "li", "598", "<entry page=""598"" id=""11108""><form id=""lix"" lang=""ceb"">lí</form>
<hom role=""n""><pos>n</pos>
<sense n=""0""><trans> <tr>lei</tr>, a garland of flowers hung on visitors’ necks as a sign of welcome. </trans>
</sense></hom>
<hom role=""v""><pos>v</pos>
<sense n=""0""> <itype>[A; c1]</itype><trans> give, make a lei.
</trans>
</sense></hom></entry>");
INSERT INTO `wced_head` (entryid, head, normalized_head, type, pos) VALUES (11108, "lí", "li", "m", "nv");
INSERT INTO `wced_translation` (entryid, translation) VALUES (11108, "lei");
INSERT INTO `wced_entry` VALUES (11109, "liab", "598", "<entry page=""598"" id=""11109""><form id=""lixab"" lang=""ceb"">líab</form>
<hom role=""n""><pos>n</pos>
<sense n=""0""><trans> <tr>neckline</tr> of garment. </trans>
<eg><i lang=""ceb"">Ang íyang bistída mabà ug líab,</i><trans> Her dress has a low neckline. </trans></eg>
</sense></hom>
<hom role=""v""><pos>v</pos>
<sense n=""0""> <itype>[A; b6]</itype><trans> put a neckline. </trans>
</sense></hom>
<entry><form id=""liab"" lang=""ceb""><abbr expan=""liab"">(→)</abbr></form>
<hom role=""v""><pos>v</pos>
<sense n=""0""> <itype>[A; a12]</itype><trans> grab s.o. by the collar. </trans>
<eg><i lang=""ceb"">Bi, tan-áwun ta ug muliab ba giyud siya nákù!</i><trans> Well, let’s see if he dares grab me by the collar.
</trans></eg>
</sense></hom></entry></entry>");
INSERT INTO `wced_head` (entryid, head, normalized_head, type, pos) VALUES (11109, "líab", "liab", "m", "nv");
INSERT INTO `wced_head` (entryid, head, normalized_head, type, pos) VALUES (11109, "liab", "liab", "s", "v");
INSERT INTO `wced_translation` (entryid, translation) VALUES (11109, "neckline");
INSERT INTO `wced_entry` VALUES (11110, "liad", "598", "<entry page=""598"" id=""11110""><form id=""liad"" lang=""ceb"">liad</form>
<hom role=""v""><pos>v</pos>
<sense n=""1""><number>1</number> <itype>[A2]</itype><trans> bend or throw one’s body backward. </trans>
<eg><i lang=""ceb"">Dílì makaliad ang bátà kay ákung gigunítan ang abága,</i><trans> The baby can not throw his body backward because I’m holding onto his shoulder. </trans></eg>
</sense>
<sense n=""2""><number>2</number> <itype>[A; a12P]</itype><trans> be in a position with the stomach sticking out and shoulders back. </trans>
<eg><i lang=""ceb"">Dílì ka muliad ug maglakaw ka,</i><trans> Don’t walk with your stomach sticking out a in a position with the stomach sticking out and the shoulders back. </trans></eg>
</sense>
<sense n=""3""><number>3</number> <itype>[B3(1); b6]</itype><trans> for lumber to warp or twist. </trans>
<eg><i lang=""ceb"">Nagkalíad ang mga káhuy nga gibulad sa ínit,</i><trans> The pieces of wood they dried under the heat of sun are getting warped. </trans></eg>
</sense></hom>
<entry><form id=""liadlixad"" lang=""ceb"">liadlíad</form>
<hom role=""v""><pos>v</pos>
<sense n=""1""><number>1</number> <itype>[A13]</itype><trans> writhe about in pain. </trans>
<eg><i lang=""ceb"">Nagliadlíad siya sa kasakit,</i><trans> He is writhing in pain. </trans></eg>
</sense>
<sense n=""2""><number>2</number> <itype>[A13; c1]</itype><trans> walk with a distended stomach due to pregnancy or obesity. </trans>
<eg><i lang=""ceb"">Nagliadlíad ang mabdus nga naglakaw sa karsáda,</i><trans> The pregnant woman walked down the street with her stomach sticking out.
</trans></eg>
</sense></hom></entry></entry>");
INSERT INTO `wced_head` (entryid, head, normalized_head, type, pos) VALUES (11110, "liad", "liad", "m", "v");
INSERT INTO `wced_head` (entryid, head, normalized_head, type, pos) VALUES (11110, "liadlíad", "liadliad", "s", "v");
INSERT INTO `wced_entry` VALUES (11111, "liap", "598", "<entry page=""598"" id=""11111""><form id=""lixap"" lang=""ceb"">líap</form>
<hom role=""v""><pos>v</pos>
<sense n=""0""> <itype>[A; c]</itype><trans> make a shot from under the goal in basketball. </trans>
</sense></hom>
<hom role=""n""><pos>n</pos>
<sense n=""0""><trans> a shot of this sort in basketball.
</trans>
</sense></hom></entry>");
INSERT INTO `wced_head` (entryid, head, normalized_head, type, pos) VALUES (11111, "líap", "liap", "m", "vn");
INSERT INTO `wced_entry` VALUES (11112, "liat", "598", "<entry page=""598"" id=""11112""><form id=""liat"" lang=""ceb"">liat</form>
<hom role=""v""><pos>v</pos>
<sense n=""1""><number>1</number> <itype>[A2; b(1)]</itype><trans> <tr>skip over</tr>, <tr>by-pass</tr>. </trans>
<eg><i lang=""ceb"">Dì mu makaliat sa ámù kay mag-atang mi sa bintánà,</i><trans> You could not miss our house because we will be watching for you at the window. </trans></eg>
<eg><i lang=""ceb"">Way giliatan ang íyang láwas sa labud,</i><trans> His body is covered with welts. </trans></eg>
<eg><i lang=""ceb"">Way giliatan sa kaláyu,</i><trans> The fire got everything. </trans></eg>
</sense>
<sense n=""2""><number>2</number> <itype>[A2]</itype><trans> go, <tr>pass</tr> by in time or space. </trans>
<eg><i lang=""ceb"">Muliat sa duha ka lungsud ang trín,</i><trans> The train will pass through the two towns. </trans></eg>
<eg><i lang=""ceb"">Mubáyad ku nímu sa dì pa makaliat ang usa ka simána,</i><trans> I will pay you before a week goes by. </trans></eg>
</sense>
<sense n=""3""><number>3</number> <itype>[A; a]</itype><trans> take time out to go s.w. for a short while. </trans>
<eg><i lang=""ceb"">Muliat giyud nà siyag tábì bísag daghang búhat,</i><trans> She takes time out for some quick gossip, even if she’s very busy. </trans></eg>
<eg><i lang=""ceb"">Liata ang kan-un ug lútù na ba,</i><trans> Take a quick peep at the rice to see if it is cooked yet. </trans></eg>
<eg><i lang=""ceb"">Iliat ni Nánay ning matam-is,</i><trans> Run to Grandma’s and give her these sweets.
</trans></eg>
</sense></hom></entry>");
INSERT INTO `wced_head` (entryid, head, normalized_head, type, pos) VALUES (11112, "liat", "liat", "m", "v");
INSERT INTO `wced_translation` (entryid, translation) VALUES (11112, "skip over");
INSERT INTO `wced_translation` (entryid, translation) VALUES (11112, "by-pass");
INSERT INTO `wced_translation` (entryid, translation) VALUES (11112, "pass");
INSERT INTO `wced_entry` VALUES (11113, "liawt", "598", "<entry page=""598"" id=""11113""><form id=""lixawt"" lang=""ceb"">líawt</form>
<hom role=""n""><pos>n</pos>
<sense n=""0""><trans> proper, optimum disposition of things or component parts put s.w. </trans>
</sense></hom>
<hom role=""v""><pos>v</pos>
<sense n=""0""> <itype>[A; c]</itype><trans> put things in their proper relative positions. </trans>
<eg><i lang=""ceb"">Ilíawt úsà ang mga kuniksiyun úsà suldáha,</i><trans> Lay the connections out in their proper disposition before you solder them.
</trans></eg>
</sense></hom></entry>");
INSERT INTO `wced_head` (entryid, head, normalized_head, type, pos) VALUES (11113, "líawt", "liawt", "m", "nv");
INSERT INTO `wced_entry` VALUES (11114, "lib", "598", "<entry page=""598"" id=""11114""><form id=""lixb"" lang=""ceb"">líb</form>
<hom role=""v""><pos>v</pos>
<sense n=""0""> <itype>[A2]</itype><trans> go on <tr>leave</tr> from a job. </trans>
<eg><i lang=""ceb"">Mulíb siya usa ka simána antis manganak,</i><trans> She will take her maternity leave one week before she has her baby. </trans></eg>
</sense></hom>
<entry><form id=""matirniti_lixb"" lang=""ceb"">matirniti <abbr expan=""líb"">—</abbr></form>
<hom role=""n""><pos>n</pos>
<sense n=""0""><trans> <tr>maternity leave</tr>. </trans>
</sense></hom></entry>
<entry><form id=""sik_lixb"" lang=""ceb"">sik <abbr expan=""líb"">—</abbr></form>
<hom role=""n""><pos>n</pos>
<sense n=""0""><trans> <tr>sick leave</tr>.
</trans>
</sense></hom></entry></entry>");
INSERT INTO `wced_head` (entryid, head, normalized_head, type, pos) VALUES (11114, "líb", "lib", "m", "v");
INSERT INTO `wced_head` (entryid, head, normalized_head, type, pos) VALUES (11114, "matirniti líb", "matirniti lib", "s", "n");
INSERT INTO `wced_head` (entryid, head, normalized_head, type, pos) VALUES (11114, "sik líb", "sik lib", "s", "n");
INSERT INTO `wced_translation` (entryid, translation) VALUES (11114, "leave");
INSERT INTO `wced_translation` (entryid, translation) VALUES (11114, "maternity leave");
INSERT INTO `wced_translation` (entryid, translation) VALUES (11114, "sick leave");
INSERT INTO `wced_entry` VALUES (11115, "liba", "598", "<entry page=""598"" id=""11115""><form id=""lixbaq"" lang=""ceb"">líbà</form>
<hom role=""a""><pos>a</pos>
<sense n=""1""><number>1</number><trans> <tr>ignorant</tr>, lacking knowledge of certain ways. </trans>
</sense>
<sense n=""1a""><number>1a</number><trans> disrupting by adding confusion to s.t. that is otherwise smooth and orderly. </trans>
<eg><i lang=""ceb"">Ay nà siyag paintraha sa dráma kay líbà,</i><trans> Don’t assign him a role in the play because he is a great bungler. </trans></eg>
</sense>
<sense n=""2""><number>2</number><trans> acting in a socially unacceptable way so as to cause resentment. </trans>
<eg><i lang=""ceb"">Líbà kaáyu nang maistráha, duha ray gipapasar,</i><trans> That teacher really has a lot of nerve. She failed the whole class except two. </trans></eg>
</sense></hom>
<hom role=""v""><pos>v</pos>
<sense n=""1""><number>1</number> <itype>[B12; b6]</itype><trans> be, become <tr>ignorant</tr>, lacking in knowledge of certain ways. </trans>
<eg><i lang=""ceb"">Malíbà ka sa bag-ung dapit,</i><trans> If you go to a new place, you will be ignorant of how things are there. </trans></eg>
</sense>
<sense n=""2""><number>2</number> <itype>[A; a12]</itype><trans> <tr>fool</tr>, pull a trick on s.o. </trans>
<eg><i lang=""ceb"">Nakalíbà silag duha ka sapíang Insik,</i><trans> They swindled two rich Chinese. </trans></eg>
<eg><i lang=""ceb"">Malíbà kahà nà siya sa baráha?</i><trans> Can anyone pull one over on him in cards?
</trans></eg>
</sense></hom></entry>");
INSERT INTO `wced_head` (entryid, head, normalized_head, type, pos) VALUES (11115, "líbà", "liba", "m", "av");
INSERT INTO `wced_translation` (entryid, translation) VALUES (11115, "ignorant");
INSERT INTO `wced_translation` (entryid, translation) VALUES (11115, "fool");
INSERT INTO `wced_entry` VALUES (11116, "libad pa", "598", "<entry page=""598"" id=""11116""><form id=""lixbad_pa"" lang=""ceb"">líbad pa</form>
<hom>
<sense n=""0""><trans> it’s the same thing, it’s just as good. </trans>
<eg><i lang=""ceb"">Samu lang ug di ku makaadtu sa parti. Tutal muadtu man ang ákung páris. Líbad pa,</i><trans> Never mind if I can’t attend the party. Anyway my husband will attend. That’s just as good. </trans></eg>
<eg><i lang=""ceb"">Dílì na ku makahuwat sa ímung bána. Líbad pa ug ikawy ákung tagáan sa kwarta?</i><trans> I can’t wait for your husband any longer. Wouldn’t it be the same thing if I gave the money to you? </trans></eg>
<eg><i lang=""ceb"">Bisag ása sa duha. Líbad pa,</i><trans> Either one of the two. It’s all the same.
<pb n=""599""/>
</trans></eg>
</sense></hom></entry>");
INSERT INTO `wced_head` (entryid, head, normalized_head, type, pos) VALUES (11116, "líbad pa", "libad pa", "m", "");
INSERT INTO `wced_entry` VALUES (11117, "libadura", "599", "<entry page=""599"" id=""11117""><form id=""libaduxra"" lang=""ceb"">libadúra</form>
<hom role=""n""><pos>n</pos>
<sense n=""0""><trans> leaven. </trans>
<eg><i lang=""ceb"">Pán nga way libadúra,</i><trans> Unleavened bread.
</trans></eg>
</sense></hom></entry>");
INSERT INTO `wced_head` (entryid, head, normalized_head, type, pos) VALUES (11117, "libadúra", "libadura", "m", "n");
INSERT INTO `wced_entry` VALUES (11118, "libagbag", "599", "<entry page=""599"" id=""11118""><form id=""libagbag"" lang=""ceb"">libagbag</form>
<hom>
<sense n=""0""><trans> <xr lang=""ceb"" target=""#xxalibagbag"">= <sc>*alibagbag</sc>.</xr>
</trans>
</sense></hom></entry>");
INSERT INTO `wced_head` (entryid, head, normalized_head, type, pos) VALUES (11118, "libagbag", "libagbag", "m", "");
INSERT INTO `wced_entry` VALUES (11119, "libagha", "599", "<entry page=""599"" id=""11119""><form id=""libaghaq"" lang=""ceb"">libaghà</form>
<hom role=""v""><pos>v</pos>
<sense n=""0""> <itype>[A2N; b4N]</itype><trans> </trans>
</sense>
<sense n=""1""><number>1</number><trans> develop a rash on the skin. </trans>
<eg><i lang=""ceb"">Nanglibaghà (gipanglibagháan) ákung pánit human nákug káun ug bulad,</i><trans> I broke out in a rash after I ate dried fish. </trans></eg>
</sense>
<sense n=""2""><number>2</number><trans> for an emotion to show itself to a great degree. </trans>
<eg><i lang=""ceb"">Sa íyang nawung nilibaghà ang kalísang,</i><trans> A look of terror erupted on her face. </trans></eg>
</sense></hom>
<hom role=""n""><pos>n</pos>
<sense n=""0""><trans> rash on the skin.
</trans>
</sense></hom></entry>");
INSERT INTO `wced_head` (entryid, head, normalized_head, type, pos) VALUES (11119, "libaghà", "libagha", "m", "vn");
INSERT INTO `wced_entry` VALUES (11120, "libak", "599", "<entry page=""599"" id=""11120""><form id=""libak"" lang=""ceb"">libak</form>
<hom role=""v""><pos>v</pos>
<sense n=""0""> <itype>[AN; a1]</itype><trans> backbite, say bad things about s.o. when his back is turned or cannot understand them. </trans>
<eg><i lang=""ceb"">Maáyung mudáyig sa atubángan, manlibak sa luyu,</i><trans> She says nice things to your face, but turn your back, and you’ll get it. </trans></eg>
</sense></hom>
<entry><form id=""palibak"" lang=""ceb""><abbr expan=""palibak"">pa-</abbr></form>
<hom role=""v""><pos>v</pos>
<sense n=""0""> <itype>[A; ac]</itype><trans> allow s.o. to backbite. </trans>
</sense></hom></entry>
<entry><form id=""walaq_dixliq_palibak"" lang=""ceb"">walà, dílì <abbr expan=""palibak"">pa-</abbr></form>
<hom>
<sense n=""0""><trans> appear right after being spoken about. </trans>
<eg><i lang=""ceb"">Walà palibak si Duruy ug nakaabut sa ámung ínum,</i><trans> Talk about the devil and there he is — Doroy arrived at our drinking session just as we were discussing him. </trans></eg>
</sense></hom>
<hom role=""n""><pos>n</pos>
<sense n=""0""><trans> backbiting. </trans>
</sense></hom></entry>
<entry><form id=""libakixru_manglilixbak_malibaxkun"" lang=""ceb""><abbr expan=""libakíru"">-iru(←)</abbr>, <abbr expan=""manglilíbak"">maN-r-(←)</abbr>, <abbr expan=""malibákun"">ma-un(←)</abbr></form>
<hom role=""a""><pos>a</pos>
<sense n=""0""><trans> given to backbiting. </trans>
</sense></hom>
<hom role=""v""><pos>v</pos>
<sense n=""0""> <itype>[B12]</itype><trans> be, become fond of backbiting. </trans>
</sense></hom></entry>
<entry><form id=""libakixra"" lang=""ceb""><abbr expan=""libakíra"">-ira(←)</abbr></form>
<hom>
<sense n=""0""><trans> <xr lang=""ceb"" target=""#x-irulx"">= <sc><abbr expan=""libakíru"">-iru(←)</abbr></sc> (female).</xr>
</trans>
</sense></hom></entry></entry>");
INSERT INTO `wced_head` (entryid, head, normalized_head, type, pos) VALUES (11120, "libak", "libak", "m", "v");
INSERT INTO `wced_head` (entryid, head, normalized_head, type, pos) VALUES (11120, "palibak", "palibak", "s", "v");
INSERT INTO `wced_head` (entryid, head, normalized_head, type, pos) VALUES (11120, "walà", "wala", "s", "n");
INSERT INTO `wced_head` (entryid, head, normalized_head, type, pos) VALUES (11120, "dílì palibak", "dili palibak", "s", "n");
INSERT INTO `wced_head` (entryid, head, normalized_head, type, pos) VALUES (11120, "libakíru", "libakiru", "s", "av");
INSERT INTO `wced_head` (entryid, head, normalized_head, type, pos) VALUES (11120, "manglilíbak", "manglilibak", "s", "av");
INSERT INTO `wced_head` (entryid, head, normalized_head, type, pos) VALUES (11120, "malibákun", "malibakun", "s", "av");
INSERT INTO `wced_head` (entryid, head, normalized_head, type, pos) VALUES (11120, "libakíra", "libakira", "s", "");
INSERT INTO `wced_entry` VALUES (11121, "libakag", "599", "<entry page=""599"" id=""11121""><form id=""libaxkag"" lang=""ceb"">libákag</form>
<hom role=""v""><pos>v</pos>
<sense n=""0""> <itype>[A2]</itype><trans> stand up on its ends. </trans>
<eg><i lang=""ceb"">Mulibákag ang ákung balhíbu kung makadungug kug irù nga mag-ulang,</i><trans> My hair stands on end whenever I hear a dog howling. </trans></eg>
<eg><i lang=""ceb"">Milibákag ang ákung dalunggan sa pagkadungug ku sa íyang ísug nga sinultihan,</i><trans> My ears perked up when I heard her commanding voice.
</trans></eg>
</sense></hom></entry>");
INSERT INTO `wced_head` (entryid, head, normalized_head, type, pos) VALUES (11121, "libákag", "libakag", "m", "v");
INSERT INTO `wced_entry` VALUES (11122, "liban", "599", "<entry page=""599"" id=""11122""><form id=""liban"" lang=""ceb"">liban</form>
<hom role=""v""><pos>v</pos>
<sense n=""0""> <itype>[B126]</itype><trans> </trans>
</sense>
<sense n=""1""><number>1</number><trans> overlook s.t. inadvertently. </trans>
<eg><i lang=""ceb"">Naliban ku sa pagsukip sa kwarta,</i><trans> I forgot to include the money in the letter. </trans></eg>
</sense>
<sense n=""2""><number>2</number><trans> be preoccupied and fail to notice s.t. </trans>
<eg><i lang=""ceb"">Naliban ku, wà ku kamatngun pag-ági níya,</i><trans> I was preoccupied. I didn’t notice her going by.
</trans></eg>
</sense></hom></entry>");
INSERT INTO `wced_head` (entryid, head, normalized_head, type, pos) VALUES (11122, "liban", "liban", "m", "v");
INSERT INTO `wced_entry` VALUES (11123, "libang1", "599", "<entry page=""599"" id=""11123""><form id=""libang"" lang=""ceb"">libang<sub>1</sub></form>
<hom role=""n""><pos>n</pos>
<sense n=""0""><trans> activities or chores to keep one busy. </trans>
<eg><i lang=""ceb"">Dì ku makaatiman niánà kay daghan kug libang sa panimalay,</i><trans> I have no time to take care of that because I have lots of chores to keep me busy at home. </trans></eg>
</sense></hom>
<hom role=""a""><pos>a</pos>
<sense n=""0""><trans> having many things to attend to. </trans>
<eg><i lang=""ceb"">Libang siya kaáyu mau nga labihan kalimtánun,</i><trans> She has so many things to attend to, she tends to forget details. </trans></eg>
</sense></hom>
<hom role=""v""><pos>v</pos>
<sense n=""0""> <itype>[B12; b3(1)]</itype><trans> be busy attending to s.t.
</trans>
</sense></hom></entry>");
INSERT INTO `wced_head` (entryid, head, normalized_head, type, pos) VALUES (11123, "libang", "libang", "s", "nav");
INSERT INTO `wced_entry` VALUES (11124, "*libang2", "599", "<entry page=""599"" id=""11124""><form id=""xxlibang2"" lang=""ceb"">*libang<sub>2</sub></form>
<hom role=""v""><pos>v</pos>
<sense n=""0""> <itype>[B125]</itype><trans> <tr>defecate</tr>. </trans>
<eg><i lang=""ceb"">Nalibang (mikalibang) ku hasta kalima kay naghibús ku,</i><trans> I defecated five times because I had <abbr expan=""loose bowel movements"">LBM</abbr>. </trans></eg>
</sense></hom>
<entry><form id=""libang_ang_baqbaq"" lang=""ceb""><abbr expan=""libang"">—</abbr> ang bàbà</form>
<hom>
<sense n=""0""> <itype>[A]</itype><trans> <tr>vomit</tr> (humorous and coarse). </trans>
</sense></hom></entry>
<entry><form id=""kalibang"" lang=""ceb""><abbr expan=""kalibang"">ka-</abbr></form>
<hom role=""v""><pos>v</pos>
<sense n=""0""> <itype>[A; c]</itype><trans> defecate, move one’s bowels. </trans>
<eg><i lang=""ceb"">Gikalibangan sa bátà ang íyang karsúnis,</i><trans> The child defecated in his pants. </trans></eg>
<eg><i lang=""ceb"">Gikalibang nákù ang lísu sa santul,</i><trans> I expelled santol seeds when I defecated. </trans></eg>
</sense></hom></entry>
<entry><form id=""kalibang_ang_baqbaq"" lang=""ceb""><abbr expan=""kalibang"">ka-</abbr> ang bàbà</form>
<hom>
<sense n=""0""> <itype>[B1236]</itype><trans> <tr>vomit</tr> (humorous and coarse). </trans>
</sense></hom></entry>
<entry><form id=""kalixbang"" lang=""ceb""><abbr expan=""kalíbang"">ka-(←)</abbr></form>
<hom role=""v""><pos>v</pos>
<sense n=""0""> <itype>[B146]</itype><trans> have diarrhea. </trans>
</sense></hom>
<hom role=""n""><pos>n</pos>
<sense n=""0""><trans> <tr>diarrhea</tr>. </trans>
<eg><i lang=""ceb"">Kalíbang ang namatyan sa bátà,</i><trans> The child died of diarrhea. </trans></eg>
</sense></hom></entry>
<entry><form id=""suxka_kalixbang"" lang=""ceb"">súka <abbr expan=""kalíbang"">ka-(←)</abbr></form>
<hom role=""n""><pos>n</pos>
<sense n=""0""><trans> vomiting combined with diarrhea. </trans>
</sense></hom></entry>
<entry><form id=""kalibaxngan"" lang=""ceb""><abbr expan=""kalibángan"">ka-an(←)</abbr></form>
<hom role=""n""><pos>n</pos>
<sense n=""0""><trans> <tr>toilet</tr>. </trans>
</sense></hom></entry>
<entry><form id=""kinalibang"" lang=""ceb""><abbr expan=""kinalibang"">kina-</abbr></form>
<hom role=""n""><pos>n</pos>
<sense n=""0""><trans> <tr>stools</tr>. </trans>
</sense></hom></entry>
<entry><form id=""kalibangun"" lang=""ceb""><abbr expan=""kalibangun"">ka-un</abbr></form>
<hom role=""a""><pos>a</pos>
<sense n=""0""><trans> feel like defecating.
</trans>
</sense></hom></entry></entry>");
INSERT INTO `wced_head` (entryid, head, normalized_head, type, pos) VALUES (11124, "libang", "libang", "s", "v");
INSERT INTO `wced_head` (entryid, head, normalized_head, type, pos) VALUES (11124, "libang ang bàbà", "libang ang baba", "s", "");
INSERT INTO `wced_head` (entryid, head, normalized_head, type, pos) VALUES (11124, "kalibang", "kalibang", "s", "v");
INSERT INTO `wced_head` (entryid, head, normalized_head, type, pos) VALUES (11124, "kalibang ang bàbà", "kalibang ang baba", "s", "");
INSERT INTO `wced_head` (entryid, head, normalized_head, type, pos) VALUES (11124, "kalíbang", "kalibang", "s", "vn");
INSERT INTO `wced_head` (entryid, head, normalized_head, type, pos) VALUES (11124, "súka kalíbang", "suka kalibang", "s", "n");
INSERT INTO `wced_head` (entryid, head, normalized_head, type, pos) VALUES (11124, "kalibángan", "kalibangan", "s", "n");
INSERT INTO `wced_head` (entryid, head, normalized_head, type, pos) VALUES (11124, "kinalibang", "kinalibang", "s", "n");
INSERT INTO `wced_head` (entryid, head, normalized_head, type, pos) VALUES (11124, "kalibangun", "kalibangun", "s", "a");
INSERT INTO `wced_translation` (entryid, translation) VALUES (11124, "defecate");
INSERT INTO `wced_translation` (entryid, translation) VALUES (11124, "vomit");
INSERT INTO `wced_translation` (entryid, translation) VALUES (11124, "diarrhea");
INSERT INTO `wced_translation` (entryid, translation) VALUES (11124, "toilet");
INSERT INTO `wced_translation` (entryid, translation) VALUES (11124, "stools");
INSERT INTO `wced_entry` VALUES (11125, "libanta", "599", "<entry page=""599"" id=""11125""><form id=""libanta"" lang=""ceb"">libanta</form>
<hom role=""v""><pos>v</pos>
<sense n=""1""><number>1</number> <itype>[B36; b3(1)c1]</itype><trans> for a dog’s ears to prick up in alertness. </trans>
<eg><i lang=""ceb"">Mulibanta dáyun ang ámung irù ug náay kasíkas,</i><trans> Our dog pricks up his ears when there is a slight noise. </trans></eg>
</sense></hom>
<entry><form id=""sinta_libanta"" lang=""ceb"">sinta <abbr expan=""libanta"">—</abbr></form>
<hom>
<sense n=""0""><trans> <ix>see</ix> <xr lang=""ceb"" target=""#sinta""><sc>sinta</sc>.</xr>
</trans>
</sense></hom></entry></entry>");
INSERT INTO `wced_head` (entryid, head, normalized_head, type, pos) VALUES (11125, "libanta", "libanta", "m", "v");
INSERT INTO `wced_head` (entryid, head, normalized_head, type, pos) VALUES (11125, "sinta libanta", "sinta libanta", "s", "");
INSERT INTO `wced_entry` VALUES (11126, "libas", "599", "<entry page=""599"" id=""11126""><form id=""libas"" lang=""ceb"">libas</form>
<hom>
<sense n=""0""><trans> <xr lang=""ceb"" target=""#alabixhid"">= <sc>alabíhid</sc>.</xr>
</trans>
</sense></hom></entry>");
INSERT INTO `wced_head` (entryid, head, normalized_head, type, pos) VALUES (11126, "libas", "libas", "m", "");
INSERT INTO `wced_entry` VALUES (11127, "libat", "599", "<entry page=""599"" id=""11127""><form id=""libat"" lang=""ceb"">libat</form>
<hom role=""a""><pos>a</pos>
<sense n=""0""><trans> <tr>cross-eyed</tr>. </trans>
</sense></hom>
<hom role=""v""><pos>v</pos>
<sense n=""0""> <itype>[B12; b6]</itype><trans> become cross-eyed. </trans>
<eg><i lang=""ceb"">Nalibat ang bátà kay nahagbung,</i><trans> The child became cross-eyed because he had a fall. </trans></eg>
</sense></hom>
<entry><form id=""lixbat"" lang=""ceb""><abbr expan=""líbat"">(←)</abbr></form>
<hom role=""v""><pos>v</pos>
<sense n=""1""><number>1</number> <itype>[B12; a2]</itype><trans> cross one’s eyes. </trans>
<eg><i lang=""ceb"">Nalíbat siya pagkaigù sa ákung kúmù,</i><trans> His eyes went to the center of his head when I hit him with my fist. </trans></eg>
<eg><i lang=""ceb"">Libáta ímung mata arun ang mga bátà mangatáwa,</i><trans> Cross your eyes to make the children laugh. </trans></eg>
</sense>
<sense n=""2""><number>2</number> <itype>[B12]</itype><trans> look at s.t. so hard one gets cross-eyed. </trans>
<eg><i lang=""ceb"">Nalíbat kug pangítà nímu,</i><trans> I got cross-eyed looking for you. </trans></eg>
<eg><i lang=""ceb"">Ang kadaghan sa gwápa nakalíbat (nakapalíbat) nákù,</i><trans> I got cross-eyed looking at the pretty girls.
</trans></eg>
</sense></hom></entry></entry>");
INSERT INTO `wced_head` (entryid, head, normalized_head, type, pos) VALUES (11127, "libat", "libat", "m", "av");
INSERT INTO `wced_head` (entryid, head, normalized_head, type, pos) VALUES (11127, "líbat", "libat", "s", "v");
INSERT INTO `wced_translation` (entryid, translation) VALUES (11127, "cross-eyed");
INSERT INTO `wced_entry` VALUES (11128, "libaung", "599", "<entry page=""599"" id=""11128""><form id=""libaung"" lang=""ceb"">libaung</form>
<hom role=""n""><pos>n</pos>
<sense n=""0""><trans> <tr>potholes</tr> in a road. </trans>
</sense></hom>
<hom role=""v""><pos>v</pos>
<sense n=""0""> <itype>[B12]</itype><trans> get potholes in it. </trans>
<eg><i lang=""ceb"">Malibaung ang dálan ug muulan,</i><trans> The road gets potholes in it when it rains. </trans></eg>
</sense></hom>
<entry><form id=""kalibaxung"" lang=""ceb""><abbr expan=""kalibáung"">ka-(←)</abbr></form>
<hom role=""v""><pos>v</pos>
<sense n=""0""> <itype>[A13]</itype><trans> be full of potholes. </trans>
</sense></hom></entry>
<entry><form id=""libaungun"" lang=""ceb""><abbr expan=""libaungun"">-un</abbr></form>
<hom role=""a""><pos>a</pos>
<sense n=""0""><trans> having potholes.
</trans>
</sense></hom></entry></entry>");
INSERT INTO `wced_head` (entryid, head, normalized_head, type, pos) VALUES (11128, "libaung", "libaung", "m", "nv");
INSERT INTO `wced_head` (entryid, head, normalized_head, type, pos) VALUES (11128, "kalibáung", "kalibaung", "s", "v");
INSERT INTO `wced_head` (entryid, head, normalized_head, type, pos) VALUES (11128, "libaungun", "libaungun", "s", "a");
INSERT INTO `wced_translation` (entryid, translation) VALUES (11128, "potholes");
INSERT INTO `wced_entry` VALUES (11129, "libayan", "599", "<entry page=""599"" id=""11129""><form id=""libayan"" lang=""ceb"">libayan</form>
<hom role=""n""><pos>n</pos>
<sense n=""0""><trans> k.o. fish.
</trans>
</sense></hom></entry>");
INSERT INTO `wced_head` (entryid, head, normalized_head, type, pos) VALUES (11129, "libayan", "libayan", "m", "n");
INSERT INTO `wced_entry` VALUES (11130, "libgaw", "599", "<entry page=""599"" id=""11130""><form id=""libgaw"" lang=""ceb"">libgaw</form>
<hom role=""n""><pos>n</pos>
<sense n=""0""><trans> small <tr>anchovy</tr>, a kind of <ix>bulinaw</ix>: <bio>Stolephorus commersonii</bio>.
</trans>
</sense></hom></entry>");
INSERT INTO `wced_head` (entryid, head, normalized_head, type, pos) VALUES (11130, "libgaw", "libgaw", "m", "n");
INSERT INTO `wced_translation` (entryid, translation) VALUES (11130, "anchovy");
INSERT INTO `wced_entry` VALUES (11131, "libgus", "599", "<entry page=""599"" id=""11131""><form id=""libgus"" lang=""ceb"">libgus</form>
<hom role=""n""><pos>n</pos>
<sense n=""0""><trans> k.o. edible mushroom growing to a height of <measure reg=""7.7–10 cm"">3″–4″</measure>, having a conical pileus around <measure reg=""5.1 cm"">2″</measure> in diameter, usually gray in hue and somewhat darker at the center. It is a good deal thinner than the <ix>úhung</ix> and thicker than the <ix>uwáping</ix>.
</trans>
</sense></hom></entry>");
INSERT INTO `wced_head` (entryid, head, normalized_head, type, pos) VALUES (11131, "libgus", "libgus", "m", "n");
INSERT INTO `wced_entry` VALUES (11132, "libilawu", "599", "<entry page=""599"" id=""11132""><form id=""libilaxwu"" lang=""ceb"">libiláwu</form>
<hom>
<sense n=""0""><trans> <xr lang=""ceb"" target=""#nibilaxwu"">= <sc>nibiláwu</sc>.</xr> <ix>see</ix> <xr lang=""ceb"" target=""#nibil""><sc>nibil</sc>.</xr>
</trans>
</sense></hom></entry>");
INSERT INTO `wced_head` (entryid, head, normalized_head, type, pos) VALUES (11132, "libiláwu", "libilawu", "m", "");
INSERT INTO `wced_entry` VALUES (11133, "libilu", "599", "<entry page=""599"" id=""11133""><form id=""libixlu"" lang=""ceb"">libílu</form>
<hom role=""n""><pos>n</pos>
<sense n=""0""><trans> <tr>libel</tr>.
</trans>
</sense></hom></entry>");
INSERT INTO `wced_head` (entryid, head, normalized_head, type, pos) VALUES (11133, "libílu", "libilu", "m", "n");
INSERT INTO `wced_translation` (entryid, translation) VALUES (11133, "libel");
INSERT INTO `wced_entry` VALUES (11134, "libinta", "599", "<entry page=""599"" id=""11134""><form id=""libinta"" lang=""ceb"">libinta</form>
<hom role=""v""><pos>v</pos>
<sense n=""0""> <itype>[B2]</itype><trans> for s.t. to give way because what is in it is too big for it. </trans>
<eg><i lang=""ceb"">Nilibinta ang sáku kay gidasuk ug maáyu ang sulud,</i><trans> The sack ripped open because the contents were stuffed in too tight.
</trans></eg>
</sense></hom></entry>");
INSERT INTO `wced_head` (entryid, head, normalized_head, type, pos) VALUES (11134, "libinta", "libinta", "m", "v");
INSERT INTO `wced_entry` VALUES (11135, "libintadur", "599", "<entry page=""599"" id=""11135""><form id=""libintadur"" lang=""ceb"">libintadur</form>
<hom role=""n""><pos>n</pos>
<sense n=""0""><trans> <tr>firecrackers</tr>.
</trans>
</sense></hom></entry>");
INSERT INTO `wced_head` (entryid, head, normalized_head, type, pos) VALUES (11135, "libintadur", "libintadur", "m", "n");
INSERT INTO `wced_translation` (entryid, translation) VALUES (11135, "firecrackers");
INSERT INTO `wced_entry` VALUES (11136, "libiral1", "599", "<entry page=""599"" id=""11136""><form id=""libiral"" lang=""ceb"">libiral<sub>1</sub></form>
<hom role=""a""><pos>a</pos>
<sense n=""1""><number>1</number><trans> <tr>liberal</tr>, <tr>generous</tr>. </trans>
<eg><i lang=""ceb"">Ang pilantrupu libiral kaáyu nga muhátag,</i><trans> A philanthropist gives liberally. </trans></eg>
</sense>
<sense n=""2""><number>2</number><trans> permissive, not strict. </trans>
<eg><i lang=""ceb"">Libiral kaáyu nang amahána nga mudala sa ílang mga anak,</i><trans> That father is very liberal in bringing up his children. </trans></eg>
</sense></hom>
<hom role=""v""><pos>v</pos>
<sense n=""0""> <itype>[B12; b6]</itype><trans> be, become generous or permissive.
</trans>
</sense></hom></entry>");
INSERT INTO `wced_head` (entryid, head, normalized_head, type, pos) VALUES (11136, "libiral", "libiral", "s", "av");
INSERT INTO `wced_translation` (entryid, translation) VALUES (11136, "liberal");
INSERT INTO `wced_translation` (entryid, translation) VALUES (11136, "generous");
INSERT INTO `wced_entry` VALUES (11137, "libiral2", "599", "<entry page=""599"" id=""11137""><form id=""libiral2"" lang=""ceb"">libiral<sub>2</sub></form>
<hom role=""n""><pos>n</pos>
<sense n=""0""><trans> Liberal, member of the Liberal Party. </trans>
</sense></hom>
<entry><form id=""partixdu_libiral"" lang=""ceb"">partídu <abbr expan=""libiral"">—</abbr></form>
<hom>
<sense n=""0""><trans> the Liberal Party. </trans>
</sense></hom>
<hom role=""v""><pos>v</pos>
<sense n=""0""> <itype>[B156]</itype><trans> <pb n=""600""/>become a Liberal. </trans>
<eg><i lang=""ceb"">Ang Nasyunalista nga mayur naglibiral na,</i><trans> The mayor, who was a Nacionalista, has crossed over to the Liberal party.
</trans></eg>
</sense></hom></entry></entry>");
INSERT INTO `wced_head` (entryid, head, normalized_head, type, pos) VALUES (11137, "libiral", "libiral", "s", "n");
INSERT INTO `wced_head` (entryid, head, normalized_head, type, pos) VALUES (11137, "partídu libiral", "partidu libiral", "s", "v");
INSERT INTO `wced_entry` VALUES (11138, "libirasiyun, libirisyun", "600", "<entry page=""600"" id=""11138""><form id=""libirasiyun_libirisyun"" lang=""ceb"">libirasiyun, libirisyun</form>
<hom role=""n""><pos>n</pos>
<sense n=""0""><trans> the period following the ouster of the Japanese and the achieving of independence (end of 1944–1946). </trans>
</sense></hom>
<hom role=""v""><pos>v</pos>
<sense n=""0""> <itype>[B1256]</itype><trans> be the liberation time.
</trans>
</sense></hom></entry>");
INSERT INTO `wced_head` (entryid, head, normalized_head, type, pos) VALUES (11138, "libirasiyun", "libirasiyun", "s", "nv");
INSERT INTO `wced_head` (entryid, head, normalized_head, type, pos) VALUES (11138, "libirisyun", "libirisyun", "s", "nv");
INSERT INTO `wced_entry` VALUES (11139, "libirtad", "600", "<entry page=""600"" id=""11139""><form id=""libirta4d"" lang=""ceb"">libirtǎd</form>
<hom role=""n""><pos>n</pos>
<sense n=""0""><trans> freedom. </trans>
<eg><i lang=""ceb"">Ang ákung bátà way libirtǎd sa pagpílì sa íyang gustu,</i><trans> She has no freedom to choose what she wants.
</trans></eg>
</sense></hom></entry>");
INSERT INTO `wced_head` (entryid, head, normalized_head, type, pos) VALUES (11139, "libirtǎd", "libirtad", "m", "n");
INSERT INTO `wced_entry` VALUES (11140, "libitus", "600", "<entry page=""600"" id=""11140""><form id=""libixtus"" lang=""ceb"">libítus</form>
<hom>
<sense n=""0""><trans> <xr lang=""ceb"" target=""#lubixtus"">= <sc>lubítus</sc>.</xr>
</trans>
</sense></hom></entry>");
INSERT INTO `wced_head` (entryid, head, normalized_head, type, pos) VALUES (11140, "libítus", "libitus", "m", "");
INSERT INTO `wced_entry` VALUES (11141, "libkas", "600", "<entry page=""600"" id=""11141""><form id=""libkas"" lang=""ceb"">libkas</form>
<hom role=""v""><pos>v</pos>
<sense n=""1""><number>1</number> <itype>[APB3(1)]</itype><trans> for a trap to spring, for s.t. held back to be released suddenly; cause it to do so. </trans>
<eg><i lang=""ceb"">Milibkas na ang pas-ung, tingáli nakakuhà,</i><trans> The trap sprung. Maybe it has caught s.t. </trans></eg>
<eg><i lang=""ceb"">Milibkas ang kabli dihang napalus sa ligid,</i><trans> The cable lashed out when it slipped off the wheel. </trans></eg>
<eg><i lang=""ceb"">Hilibkasan ka bayà ánang bawug,</i><trans> The spring pole might snap back on you. </trans></eg>
</sense>
<sense n=""1a""><number>1a</number><trans> slip off under weight. </trans>
<eg><i lang=""ceb"">Ayúhag bángil ang tiil arun dì makalibkas,</i><trans> Put the support under the leg carefully so that it won’t slip off. </trans></eg>
</sense>
<sense n=""2""><number>2</number> <itype>[B3]</itype><trans> for s.t. to slip inadvertently out of the mouth. </trans>
<eg><i lang=""ceb"">Nalibkas sa bàbà ang tinúud, maung nahibaw-an sa tanan,</i><trans> The truth inadvertently slipped out of my mouth so that everyone found out. </trans></eg>
</sense>
<sense n=""3""><number>3</number> <itype>[A23]</itype><trans> appear, occur all of a sudden. </trans>
<eg><i lang=""ceb"">Usa ka pahiyum milibkas sa íyang nawung,</i><trans> A smile lit his face. </trans></eg>
<eg><i lang=""ceb"">Nakapaúlì siya sa wà pa mulibkas ang gúbat,</i><trans> He had a chance to go home before the war suddenly broke out. </trans></eg>
</sense></hom>
<entry><form id=""palibkas"" lang=""ceb""><abbr expan=""palibkas"">pa-</abbr></form>
<hom role=""n""><pos>n</pos>
<sense n=""0""><trans> slingshot.
</trans>
</sense></hom></entry></entry>");
INSERT INTO `wced_head` (entryid, head, normalized_head, type, pos) VALUES (11141, "libkas", "libkas", "m", "v");
INSERT INTO `wced_head` (entryid, head, normalized_head, type, pos) VALUES (11141, "palibkas", "palibkas", "s", "n");
INSERT INTO `wced_entry` VALUES (11142, "libra1", "600", "<entry page=""600"" id=""11142""><form id=""libra"" lang=""ceb"">libra<sub>1</sub></form>
<hom role=""n""><pos>n</pos>
<sense n=""0""><trans> pound, a unit of weight. </trans>
<eg><i lang=""ceb"">Napúlù ka libra,</i><trans> Ten pounds. </trans></eg>
</sense></hom>
<entry><form id=""libras"" lang=""ceb""><abbr expan=""libras"">-s</abbr></form>
<hom>
<sense n=""0""><trans> <xr lang=""ceb"" target=""#libra"">= <sc>libra</sc> (plural).</xr> </trans>
<eg><i lang=""ceb"">Diyis libras,</i><trans> Ten pounds.
</trans></eg>
</sense></hom></entry></entry>");
INSERT INTO `wced_head` (entryid, head, normalized_head, type, pos) VALUES (11142, "libra", "libra", "s", "n");
INSERT INTO `wced_head` (entryid, head, normalized_head, type, pos) VALUES (11142, "libras", "libras", "s", "");
INSERT INTO `wced_entry` VALUES (11143, "libra2", "600", "<entry page=""600"" id=""11143""><form id=""libra2"" lang=""ceb"">libra<sub>2</sub></form>
<hom role=""n""><pos>n</pos>
<sense n=""0""><trans> the Libra in the horoscope.
</trans>
</sense></hom></entry>");
INSERT INTO `wced_head` (entryid, head, normalized_head, type, pos) VALUES (11143, "libra", "libra", "s", "n");
INSERT INTO `wced_entry` VALUES (11144, "libri1", "600", "<entry page=""600"" id=""11144""><form id=""libri"" lang=""ceb"">libri<sub>1</sub></form>
<hom role=""a""><pos>a</pos>
<sense n=""1""><number>1</number><trans> free, not restricted. </trans>
<eg><i lang=""ceb"">Libri na ang binilanggù,</i><trans> The prisoner is free. </trans></eg>
<eg><i lang=""ceb"">Way pugsanay, libri sa gustu ang táwu,</i><trans> There’s no forcing. Each man is free to do as he wishes. </trans></eg>
</sense>
<sense n=""2""><number>2</number><trans> without cost or payment. </trans>
<eg><i lang=""ceb"">Libri ang íyang káun, libri siya sa káun,</i><trans> He gets his meals free. </trans></eg>
</sense>
<sense n=""3""><number>3</number><trans> having clearance for passage. </trans>
<eg><i lang=""ceb"">Inig-ági sa trák sa gawang, tan-áwa ug libri ba ang kílid,</i><trans> When the truck passes through the gate, see if both sides have clearance. </trans></eg>
</sense>
<sense n=""4""><number>4</number><trans> safe from destruction. </trans>
<eg><i lang=""ceb"">Libri na ang giupirahan,</i><trans> The patient who was operated on is safe. </trans></eg>
</sense></hom>
<hom role=""v""><pos>v</pos>
<sense n=""0""> <itype>[A; a1]</itype><trans> </trans>
</sense>
<sense n=""1""><number>1</number><trans> give s.o. free use of s.t. by paying for him or not obliging him to pay. </trans>
<eg><i lang=""ceb"">Íya kung libríhun sa pasáhi,</i><trans> She is going to pay for my fare. </trans></eg>
<eg><i lang=""ceb"">Nalíbri ku sa plíti,</i><trans> I got to ride free. </trans></eg>
</sense>
<sense n=""2""><number>2</number><trans> save from s.t. bad. </trans>
<eg><i lang=""ceb"">Ang balanghuy makalibri sa gútum,</i><trans> Cassava can save you from starvation. </trans></eg>
</sense></hom>
<entry><form id=""libri_kumixda_libri_pasaxhi"" lang=""ceb""><abbr expan=""libri"">—</abbr> kumída, <abbr expan=""libri pasáhi"">pasáhi</abbr></form>
<hom role=""n""><pos>n</pos>
<sense n=""0""><trans> free meal(s), free passage. </trans>
<eg><i lang=""ceb"">Libri pasáhi ka sa barku kay díay rikumindasiyun iadtu sa kapitan,</i><trans> You get free passage on the boat because I have a recommendation for you to give to the captain. </trans></eg>
</sense></hom></entry>
<entry><form id=""librilibri"" lang=""ceb"">librilibri</form>
<hom role=""n""><pos>n</pos>
<sense n=""0""><trans> a k.o. <tr>kick-the-can</tr> game. </trans>
</sense></hom>
<hom role=""v""><pos>v</pos>
<sense n=""0""> <itype>[A12C; b(1)]</itype><trans> play kick-the-can. </trans>
</sense></hom></entry>
<entry><form id=""librihay_librihaxnay"" lang=""ceb"">librihay, librihánay</form>
<hom role=""v""><pos>v</pos>
<sense n=""0""> <itype>[C13]</itype><trans> do s.t., each man for himself. </trans>
<eg><i lang=""ceb"">Maglibrihay (maglibrihánay) tag plíti,</i><trans> Let’s each pay his own fare.
</trans></eg>
</sense></hom></entry></entry>");
INSERT INTO `wced_head` (entryid, head, normalized_head, type, pos) VALUES (11144, "libri", "libri", "s", "av");
INSERT INTO `wced_head` (entryid, head, normalized_head, type, pos) VALUES (11144, "libri kumída", "libri kumida", "s", "n");
INSERT INTO `wced_head` (entryid, head, normalized_head, type, pos) VALUES (11144, "libri pasáhi", "libri pasahi", "s", "n");
INSERT INTO `wced_head` (entryid, head, normalized_head, type, pos) VALUES (11144, "librilibri", "librilibri", "s", "nv");
INSERT INTO `wced_head` (entryid, head, normalized_head, type, pos) VALUES (11144, "librihay", "librihay", "s", "v");
INSERT INTO `wced_head` (entryid, head, normalized_head, type, pos) VALUES (11144, "librihánay", "librihanay", "s", "v");
INSERT INTO `wced_translation` (entryid, translation) VALUES (11144, "kick-the-can");
INSERT INTO `wced_entry` VALUES (11145, "libri2", "600", "<entry page=""600"" id=""11145""><form id=""libri2"" lang=""ceb"">libri<sub>2</sub></form>
<hom>
<sense n=""0""><trans> <ix>humorous expression uttered upon hearing s.o. clearing his throat:</ix> ‘spit it out’.
</trans>
</sense></hom></entry>");
INSERT INTO `wced_head` (entryid, head, normalized_head, type, pos) VALUES (11145, "libri", "libri", "s", "");
INSERT INTO `wced_entry` VALUES (11146, "libririya", "600", "<entry page=""600"" id=""11146""><form id=""libririxya"" lang=""ceb"">libriríya</form>
<hom role=""n""><pos>n</pos>
<sense n=""0""><trans> <tr>library</tr>.
</trans>
</sense></hom></entry>");
INSERT INTO `wced_head` (entryid, head, normalized_head, type, pos) VALUES (11146, "libriríya", "libririya", "m", "n");
INSERT INTO `wced_translation` (entryid, translation) VALUES (11146, "library");
INSERT INTO `wced_entry` VALUES (11147, "librita", "600", "<entry page=""600"" id=""11147""><form id=""librixta"" lang=""ceb"">libríta</form>
<hom>
<sense n=""0""><trans> <xr lang=""ceb"" target=""#librixtu"">= <sc>librítu</sc>, 2.</xr>
</trans>
</sense></hom></entry>");
INSERT INTO `wced_head` (entryid, head, normalized_head, type, pos) VALUES (11147, "libríta", "librita", "m", "");
INSERT INTO `wced_entry` VALUES (11148, "libritu", "600", "<entry page=""600"" id=""11148""><form id=""librixtu"" lang=""ceb"">librítu</form>
<hom role=""n""><pos>n</pos>
<sense n=""1""><number>1</number><trans> a small book containing magical prayers (<ix>urasiyun</ix>) which comes into a person’s possession through the agency of a supernatural force. The uttering of the prayers by the owner of the book is thought to have special healing or protective powers. </trans>
</sense>
<sense n=""2""><number>2</number><trans> any small <tr>booklet</tr>. </trans>
</sense></hom>
<entry><form id=""librixtu_sa_bangku"" lang=""ceb""><abbr expan=""librítu"">—</abbr> sa bangku</form>
<hom role=""n""><pos>n</pos>
<sense n=""0""><trans> <tr>bankbook</tr>. </trans>
</sense></hom></entry>
<entry><form id=""librixtu_sa_tixkit"" lang=""ceb""><abbr expan=""librítu"">—</abbr> sa tíkit</form>
<hom role=""n""><pos>n</pos>
<sense n=""0""><trans> book of tickets.
</trans>
</sense></hom></entry></entry>");
INSERT INTO `wced_head` (entryid, head, normalized_head, type, pos) VALUES (11148, "librítu", "libritu", "m", "n");
INSERT INTO `wced_head` (entryid, head, normalized_head, type, pos) VALUES (11148, "librítu sa bangku", "libritu sa bangku", "s", "n");
INSERT INTO `wced_head` (entryid, head, normalized_head, type, pos) VALUES (11148, "librítu sa tíkit", "libritu sa tikit", "s", "n");
INSERT INTO `wced_translation` (entryid, translation) VALUES (11148, "booklet");
INSERT INTO `wced_translation` (entryid, translation) VALUES (11148, "bankbook");
INSERT INTO `wced_entry` VALUES (11149, "libru", "600", "<entry page=""600"" id=""11149""><form id=""libru"" lang=""ceb"">libru</form>
<hom role=""n""><pos>n</pos>
<sense n=""1""><number>1</number><trans> <tr>book</tr>. </trans>
</sense>
<sense n=""2""><number>2</number><trans> subject one is enrolled in. </trans>
<eg><i lang=""ceb"">Tulu na lang ka libru ang íyang kúlang pára nga makagraduwar siya,</i><trans> He lacks three courses to graduate. </trans></eg>
</sense>
<sense n=""3""><number>3</number><trans> <tr>accounts</tr>. </trans>
</sense></hom>
<entry><form id=""tinidur_dilibru"" lang=""ceb"">tinidur <abbr expan=""dilibru"">di-</abbr></form>
<hom>
<sense n=""0""><trans> bookkeeper. </trans>
</sense></hom>
<hom role=""v""><pos>v</pos>
<sense n=""0""> <itype>[A; a12]</itype><trans> bind into books. </trans>
</sense></hom></entry>
<entry><form id=""librulibru"" lang=""ceb"">librulibru</form>
<hom>
<sense n=""0""><trans> <xr lang=""ceb"" target=""#mandunggu"">= <sc>mandunggu</sc>.</xr>
</trans>
</sense></hom></entry></entry>");
INSERT INTO `wced_head` (entryid, head, normalized_head, type, pos) VALUES (11149, "libru", "libru", "m", "n");
INSERT INTO `wced_head` (entryid, head, normalized_head, type, pos) VALUES (11149, "tinidur dilibru", "tinidur dilibru", "s", "v");
INSERT INTO `wced_head` (entryid, head, normalized_head, type, pos) VALUES (11149, "librulibru", "librulibru", "s", "");
INSERT INTO `wced_translation` (entryid, translation) VALUES (11149, "book");
INSERT INTO `wced_translation` (entryid, translation) VALUES (11149, "accounts");
INSERT INTO `wced_entry` VALUES (11150, "libu1", "600", "<entry page=""600"" id=""11150""><form id=""lixbu"" lang=""ceb"">líbu<sub>1</sub></form>
<hom role=""n""><pos>n</pos>
<sense n=""0""><trans> one <tr>thousand</tr>. </trans>
</sense></hom>
<hom role=""v""><pos>v</pos>
<sense n=""1""><number>1</number> <itype>[B256]</itype><trans> be a thousand. </trans>
<eg><i lang=""ceb"">Mulíbu na run ang sáka sa lubi,</i><trans> The coconut trees now yield one thousand nuts. </trans></eg>
</sense>
<sense n=""2""><number>2</number> <itype>[c1]</itype><trans> do by the thousand. </trans>
<eg><i lang=""ceb"">Libúhun (ilíbu) ni nákù pag-ihap,</i><trans> I’ll count these by the thousands. </trans></eg>
</sense></hom>
<entry><form id=""libulixbu"" lang=""ceb"">libulíbu</form>
<hom>
<sense n=""0""><trans> thousands and thousands. </trans>
</sense></hom></entry>
<entry><form id=""linibu_nilibu"" lang=""ceb""><abbr expan=""linibu"">-in-(→)</abbr>, <abbr expan=""nilibu"">ni-(→)</abbr></form>
<hom role=""n""><pos>n</pos>
<sense n=""0""><trans> by the thousand. </trans>
<eg><i lang=""ceb"">Linibu ang ílang gastu matag búlan,</i><trans> They spend by the thousands every month. </trans></eg>
</sense></hom>
<hom role=""v""><pos>v</pos>
<sense n=""0""> <itype>[c1]</itype><trans> do by the thousands. </trans>
</sense></hom></entry>
<entry><form id=""kalibuxan"" lang=""ceb"">kalibúan</form>
<hom role=""n""><pos>n</pos>
<sense n=""0""><trans> <tr>thousands</tr>. </trans>
<eg><i lang=""ceb"">Kalibúan ang íyang gitabángan,</i><trans> He has helped thousands of people. </trans></eg>
</sense></hom></entry>
<entry><form id=""libuxhay"" lang=""ceb"">libúhay</form>
<hom role=""n""><pos>n</pos>
<sense n=""1""><number>1</number><trans> about a thousand. </trans>
<eg><i lang=""ceb"">Libúhay ra ang íyang nagastu,</i><trans> He spent about a thousand. </trans></eg>
</sense>
<sense n=""2""><number>2</number><trans> thousands of. </trans>
<eg><i lang=""ceb"">Libúhay ka mga túig,</i><trans> Thousands of years.
</trans></eg>
</sense></hom></entry></entry>");
INSERT INTO `wced_head` (entryid, head, normalized_head, type, pos) VALUES (11150, "líbu", "libu", "s", "nv");
INSERT INTO `wced_head` (entryid, head, normalized_head, type, pos) VALUES (11150, "libulíbu", "libulibu", "s", "");
INSERT INTO `wced_head` (entryid, head, normalized_head, type, pos) VALUES (11150, "linibu", "linibu", "s", "nv");
INSERT INTO `wced_head` (entryid, head, normalized_head, type, pos) VALUES (11150, "nilibu", "nilibu", "s", "nv");
INSERT INTO `wced_head` (entryid, head, normalized_head, type, pos) VALUES (11150, "kalibúan", "kalibuan", "s", "n");
INSERT INTO `wced_head` (entryid, head, normalized_head, type, pos) VALUES (11150, "libúhay", "libuhay", "s", "n");
INSERT INTO `wced_translation` (entryid, translation) VALUES (11150, "thousand");
INSERT INTO `wced_translation` (entryid, translation) VALUES (11150, "thousands");
INSERT INTO `wced_entry` VALUES (11151, "libu2", "600", "<entry page=""600"" id=""11151""><form id=""lixbu2"" lang=""ceb"">líbu<sub>2</sub></form>
<hom role=""n""><pos>n</pos>
<sense n=""0""><trans> carry a number in addition. </trans>
<eg><i lang=""ceb"">Singku imas utsu, trísi, líbu únu,</i><trans> Five and eight is thirteen, carry your one. </trans></eg>
</sense></hom>
<hom role=""v""><pos>v</pos>
<sense n=""0""> <itype>[c6]</itype><trans> carry a number. </trans>
<eg><i lang=""ceb"">Ug pilay ímung ilíbu isulat sa ibabaw sa numiru nga nagsunud,</i><trans> Write the number you carry above the next column.
</trans></eg>
</sense></hom></entry>");
INSERT INTO `wced_head` (entryid, head, normalized_head, type, pos) VALUES (11151, "líbu", "libu", "s", "nv");
INSERT INTO `wced_entry` VALUES (11152, "libud", "600", "<entry page=""600"" id=""11152""><form id=""lixbud"" lang=""ceb"">líbud</form>
<hom role=""v""><pos>v</pos>
<sense n=""1""><number>1</number> <itype>[A; a]</itype><trans> <tr>go around</tr> a place. </trans>
<eg><i lang=""ceb"">Libúra úsà ang abúhan únà ka mulíbud sa kalibútan,</i><trans> Don’t tell me you’re going around the world. You haven’t even gone in back of your stove! </trans></eg>
</sense>
<sense n=""2""><number>2</number> <itype>[A; ac]</itype><trans> go, bring around to several places. </trans>
<eg><i lang=""ceb"">Ang bangkadur mauy mulíbud sa baráha,</i><trans> The dealer will distribute the cards. </trans></eg>
<eg><i lang=""ceb"">Libúrun ku ang mga saup arun patambúngun sa míting,</i><trans> I will go around to all the tenants to have them attend the meeting. <pb n=""601""/></trans></eg>
<eg><i lang=""ceb"">Mani ang ákung ilíbud ugmà,</i><trans> I’ll go around selling peanuts tomorrow. </trans></eg>
</sense>
<sense n=""3""><number>3</number> <itype>[B12]</itype><trans> get to be round about. </trans>
</sense></hom>
<hom role=""a""><pos>a</pos>
<sense n=""0""><trans> round about. </trans>
<eg><i lang=""ceb"">Líbud na kaáyu ug muhapit pa mi sa inyu,</i><trans> It will be a very long way out of the way if we go by your place first. </trans></eg>
</sense></hom>
<hom role=""n""><pos>n</pos>
<sense n=""1""><number>1</number><trans> church procession. </trans>
</sense>
<sense n=""2""><number>2</number><trans> round in games. </trans>
</sense></hom>
<entry><form id=""libud"" lang=""ceb""><abbr expan=""libud"">(→)</abbr></form>
<hom>
<sense n=""0""><trans> <xr lang=""ceb"" target=""#lixbud"">= <sc>líbud</sc>, <i lang=""ceb"">a</i>.</xr> </trans>
</sense></hom></entry>
<entry><form id=""libud_suruy"" lang=""ceb""><abbr expan=""libud"">(→)</abbr> suruy</form>
<hom role=""n""><pos>n</pos>
<sense n=""0""><trans> tramp, one who wanders from place to place with no particular course or destination. </trans>
</sense></hom>
<hom role=""v""><pos>v</pos>
<sense n=""0""> <itype>[B1; b6]</itype><trans> become a roamer. </trans>
<eg><i lang=""ceb"">Maglibud suruy na lang ku ug wà na kuy trabáhu,</i><trans> I’ll just become a tramp when I have no more work. </trans></eg>
</sense></hom></entry>
<entry><form id=""libudlixbud"" lang=""ceb"">libudlíbud</form>
<hom role=""v""><pos>v</pos>
<sense n=""0""> <itype>[A; b6]</itype><trans> roam around aimlessly.
</trans>
</sense></hom></entry></entry>");
INSERT INTO `wced_head` (entryid, head, normalized_head, type, pos) VALUES (11152, "líbud", "libud", "m", "van");
INSERT INTO `wced_head` (entryid, head, normalized_head, type, pos) VALUES (11152, "libud", "libud", "s", "");
INSERT INTO `wced_head` (entryid, head, normalized_head, type, pos) VALUES (11152, "libud suruy", "libud suruy", "s", "nv");
INSERT INTO `wced_head` (entryid, head, normalized_head, type, pos) VALUES (11152, "libudlíbud", "libudlibud", "s", "v");
INSERT INTO `wced_translation` (entryid, translation) VALUES (11152, "go around");
INSERT INTO `wced_entry` VALUES (11153, "libug", "601", "<entry page=""601"" id=""11153""><form id=""lixbug"" lang=""ceb"">líbug</form>
<hom role=""v""><pos>v</pos>
<sense n=""1""><number>1</number> <itype>[A1B1; a2b3(1)]</itype><trans> confuse, be confused. </trans>
<eg><i lang=""ceb"">Naglíbug kug diin nákù ikabutang ang kwintas,</i><trans> I’m at a loss to figure out where I could have put my necklace. </trans></eg>
<eg><i lang=""ceb"">Ay kug tudlúi. Naglíbug ka lang nákù,</i><trans> Don’t try to teach me. You are just confusing me. </trans></eg>
</sense>
<sense n=""2""><number>2</number> <itype>[AP; a2b3(1)]</itype><trans> cause s.o. to go crazy through supernatural means or from natural causes. </trans>
<eg><i lang=""ceb"">Ang mga kalakíhan makamaung mulíbug (mupalíbug) sa úlu sa táwu,</i><trans> People who possess supernatural powers can make people insane. </trans></eg>
</sense>
<sense n=""3""><number>3</number> <itype>[A; a1b8]</itype><trans> make the rounds, attending to each and every member of a group or assemblage. </trans>
<eg><i lang=""ceb"">Akuy naglíbug ug kík sa mga bisíta,</i><trans> I was the one who passed the cake around to the visitors. </trans></eg>
<eg><i lang=""ceb"">Libúga (libga) pagpangutána ang tanang mitambung sa míting,</i><trans> Ask each and every one who attended the meeting. </trans></eg>
</sense></hom>
<hom role=""a""><pos>a</pos>
<sense n=""0""><trans> perplexing. </trans>
<eg><i lang=""ceb"">Líbug kaáyu ning prublimáha,</i><trans> This is a perplexing problem. </trans></eg>
</sense></hom>
<entry><form id=""libug"" lang=""ceb""><abbr expan=""libug"">(→)</abbr></form>
<hom role=""n""><pos>n</pos>
<sense n=""1""><number>1</number><trans> fuss or ado about s.t. </trans>
<eg><i lang=""ceb"">Way daghang libug mikúut siyag kwarta unyà gibayran ang manunúkut,</i><trans> Without much ado he took the money out of his pocket and paid the bill collector. </trans></eg>
</sense>
<sense n=""2""><number>2</number><trans> be of mixed blood. </trans>
<eg><i lang=""ceb"">Libug kining batáa. Ang amahan Pilipínu ug ang ínahan Amirkána,</i><trans> This child is of mixed blood. The father is a Filipino and the mother an American. </trans></eg>
</sense></hom></entry>
<entry><form id=""libugan_libgaxnun"" lang=""ceb""><abbr expan=""libugan"">-an(→)</abbr>, libgánun</form>
<hom role=""a""><pos>a</pos>
<sense n=""0""><trans> prone to get confused. </trans>
<eg><i lang=""ceb"">Libugan (libgánun) kaáyu siya kay húmuk ra mawálà bisan sa kinasayunang iksplikasiyun,</i><trans> She easily gets confused because she gets lost with the easiest of explanations. </trans></eg>
</sense></hom></entry>
<entry><form id=""libugay"" lang=""ceb""><abbr expan=""libugay"">-ay(→)</abbr></form>
<hom role=""n""><pos>n</pos>
<sense n=""0""><trans> k.o. work bee wherein the members work for each other in turn and each member repays the people who worked for him with an equivalent amount of work. </trans>
</sense></hom>
<hom role=""v""><pos>v</pos>
<sense n=""0""> <itype>[C]</itype><trans> hold this sort of work bee. </trans>
</sense></hom></entry>
<entry><form id=""kalibug"" lang=""ceb""><abbr expan=""kalibug"">ka-</abbr></form>
<hom role=""n""><pos>n</pos>
<sense n=""0""><trans> confusion. </trans>
</sense></hom></entry>
<entry><form id=""kalibuxgan_kalibugan"" lang=""ceb""><abbr expan=""kalibúgan"">ka-an</abbr>, <abbr expan=""kalibugan"">ka-an(→)</abbr></form>
<hom role=""n""><pos>n</pos>
<sense n=""0""><trans> a crossbreed or person of mixed blood. </trans>
<eg><i lang=""ceb"">Ang anay pulantsína ug ang butakal dyirsi. Ang mga baktin kalibugan na,</i><trans> The sow is a Poland China variety and the boar a Jersey. The offspring are a crossbreed. </trans></eg>
</sense></hom>
<hom role=""v""><pos>v</pos>
<sense n=""0""> <itype>[B126; a2]</itype><trans> become a crossbreed. </trans>
</sense></hom></entry>
<entry><form id=""makalilixbug"" lang=""ceb""><abbr expan=""makalilíbug"">maka-r-</abbr></form>
<hom role=""a""><pos>a</pos>
<sense n=""0""><trans> causing confusion.
</trans>
</sense></hom></entry></entry>");
INSERT INTO `wced_head` (entryid, head, normalized_head, type, pos) VALUES (11153, "líbug", "libug", "m", "va");
INSERT INTO `wced_head` (entryid, head, normalized_head, type, pos) VALUES (11153, "libug", "libug", "s", "n");
INSERT INTO `wced_head` (entryid, head, normalized_head, type, pos) VALUES (11153, "libugan", "libugan", "s", "a");
INSERT INTO `wced_head` (entryid, head, normalized_head, type, pos) VALUES (11153, "libgánun", "libganun", "s", "a");
INSERT INTO `wced_head` (entryid, head, normalized_head, type, pos) VALUES (11153, "libugay", "libugay", "s", "nv");
INSERT INTO `wced_head` (entryid, head, normalized_head, type, pos) VALUES (11153, "kalibug", "kalibug", "s", "n");
INSERT INTO `wced_head` (entryid, head, normalized_head, type, pos) VALUES (11153, "kalibúgan", "kalibugan", "s", "nv");
INSERT INTO `wced_head` (entryid, head, normalized_head, type, pos) VALUES (11153, "kalibugan", "kalibugan", "s", "nv");
INSERT INTO `wced_head` (entryid, head, normalized_head, type, pos) VALUES (11153, "makalilíbug", "makalilibug", "s", "a");
INSERT INTO `wced_entry` VALUES (11154, "lib-ug", "601", "<entry page=""601"" id=""11154""><form id=""lib-ug"" lang=""ceb"">lib-ug</form>
<hom role=""n""><pos>n</pos>
<sense n=""0""><trans> pool in the tidal flat, left when the tide goes out.
</trans>
</sense></hom></entry>");
INSERT INTO `wced_head` (entryid, head, normalized_head, type, pos) VALUES (11154, "lib-ug", "lib-ug", "m", "n");
INSERT INTO `wced_entry` VALUES (11155, "libun1", "601", "<entry page=""601"" id=""11155""><form id=""libun"" lang=""ceb"">libun<sub>1</sub></form>
<hom role=""n""><pos>n</pos>
<sense n=""0""><trans> <tr>tick</tr>. </trans>
</sense></hom>
<hom role=""v""><pos>v</pos>
<sense n=""0""> <itype>[A123P; a4]</itype><trans> get infested with ticks.
</trans>
</sense></hom></entry>");
INSERT INTO `wced_head` (entryid, head, normalized_head, type, pos) VALUES (11155, "libun", "libun", "s", "nv");
INSERT INTO `wced_translation` (entryid, translation) VALUES (11155, "tick");
INSERT INTO `wced_entry` VALUES (11156, "libun2, libun1", "601", "<entry page=""601"" id=""11156""><form id=""libun2_lixbun"" lang=""ceb"">libun<sub>2</sub>, líbun<sub>1</sub></form>
<hom role=""a""><pos>a</pos>
<sense n=""0""><trans> <tr>solid</tr>, not hollow. </trans>
<eg><i lang=""ceb"">Líbun ang ligid sa íyang bisiklíta,</i><trans> His bicycle has solid rubber wheels. </trans></eg>
</sense></hom>
<hom role=""v""><pos>v</pos>
<sense n=""1""><number>1</number> <itype>[B1256; a]</itype><trans> be solid. </trans>
</sense>
<sense n=""2""><number>2</number> <itype>[B1256]</itype><trans> for a boil not to come to a head. </trans>
<eg><i lang=""ceb"">Nalíbun ning hubága maung nagngutngut,</i><trans> This boil hasn’t come to a head; that’s why it aches. </trans></eg>
</sense>
<sense n=""3""><number>3</number> <itype>[AN; a12]</itype><trans> in a game of <ix>sungkà</ix>: to take all of one’s partner’s stones without giving the opponent a chance to take his turn. </trans>
<eg><i lang=""ceb"">Sayun ang maglíbun ug tuluy sunug,</i><trans> It is easy to get all of your opponent’s stones when he has three empty holes.
</trans></eg>
</sense></hom></entry>");
INSERT INTO `wced_head` (entryid, head, normalized_head, type, pos) VALUES (11156, "libun", "libun", "s", "av");
INSERT INTO `wced_head` (entryid, head, normalized_head, type, pos) VALUES (11156, "líbun", "libun", "s", "av");
INSERT INTO `wced_translation` (entryid, translation) VALUES (11156, "solid");
INSERT INTO `wced_entry` VALUES (11157, "libun2", "601", "<entry page=""601"" id=""11157""><form id=""lixbun2"" lang=""ceb"">líbun<sub>2</sub></form>
<hom role=""n""><pos>n</pos>
<sense n=""0""><trans> <tr>thicket</tr>. </trans>
</sense></hom>
<hom role=""v""><pos>v</pos>
<sense n=""1""><number>1</number> <itype>[B]</itype><trans> become a thicket. </trans>
<eg><i lang=""ceb"">Mulibun (malibun) pagbálik ang kaíngin nga byáan,</i><trans> The abandoned clearing will revert to a thicket. </trans></eg>
</sense>
<sense n=""2""><number>2</number> <itype>[A; c]</itype><trans> <tr>reforest</tr> with small trees or shrubbery. </trans>
<eg><i lang=""ceb"">Byatilis mauy maáyung ilíbun sa mga yútà nga dagul,</i><trans> <corr sic=""Ipilipil"">Ipil-ipil</corr> is suitable for reforesting infertile lands. </trans></eg>
</sense></hom>
<entry><form id=""kalibunan"" lang=""ceb""><abbr expan=""kalibunan"">ka-an(→)</abbr></form>
<hom>
<sense n=""0""><trans> <xr lang=""ceb"" target=""#lixbun"">= <sc>líbun</sc>, <ix>n, v1.</ix></xr>
</trans>
</sense></hom></entry></entry>");
INSERT INTO `wced_head` (entryid, head, normalized_head, type, pos) VALUES (11157, "líbun", "libun", "s", "nv");
INSERT INTO `wced_head` (entryid, head, normalized_head, type, pos) VALUES (11157, "kalibunan", "kalibunan", "s", "");
INSERT INTO `wced_translation` (entryid, translation) VALUES (11157, "thicket");
INSERT INTO `wced_translation` (entryid, translation) VALUES (11157, "reforest");
INSERT INTO `wced_entry` VALUES (11158, "libur", "601", "<entry page=""601"" id=""11158""><form id=""lixbur"" lang=""ceb"">líbur</form>
<hom role=""n""><pos>n</pos>
<sense n=""0""><trans> amount paid for the labor on a piece of work. </trans>
<eg><i lang=""ceb"">Mugastu ka sa mga matiryális lang. Walay lábut sa líbur,</i><trans> Your only costs will be the materials. The labor is free. </trans></eg>
</sense></hom>
<entry><form id=""lixbur_dix"" lang=""ceb""><abbr expan=""líbur"">—</abbr> dí</form>
<hom role=""n""><pos>n</pos>
<sense n=""0""><trans> <tr>Labor Day</tr>. </trans>
</sense></hom></entry>
<entry><form id=""lixbur_yunyun"" lang=""ceb""><abbr expan=""líbur"">—</abbr> yunyun</form>
<hom role=""n""><pos>n</pos>
<sense n=""0""><trans> <tr>labor union</tr>.
</trans>
</sense></hom></entry></entry>");
INSERT INTO `wced_head` (entryid, head, normalized_head, type, pos) VALUES (11158, "líbur", "libur", "m", "n");
INSERT INTO `wced_head` (entryid, head, normalized_head, type, pos) VALUES (11158, "líbur dí", "libur di", "s", "n");
INSERT INTO `wced_head` (entryid, head, normalized_head, type, pos) VALUES (11158, "líbur yunyun", "libur yunyun", "s", "n");
INSERT INTO `wced_translation` (entryid, translation) VALUES (11158, "Labor Day");
INSERT INTO `wced_translation` (entryid, translation) VALUES (11158, "labor union");
INSERT INTO `wced_entry` VALUES (11159, "liburus", "601", "<entry page=""601"" id=""11159""><form id=""libuxrus"" lang=""ceb"">libúrus</form>
<hom role=""v""><pos>v</pos>
<sense n=""0""> <itype>[B2S3(1); b6]</itype><trans> have rashes or hives. </trans>
<eg><i lang=""ceb"">Milibúrus ang ákung buktun sa pinaakan sa mga namuk,</i><trans> My arms are covered with <tr>rash</tr> from the mosquito bites. </trans></eg>
<eg><i lang=""ceb"">Til-as ang nakalibúrus (nakapalibúrus) sa ákung nawung,</i><trans> The hairs of the caterpillar caused my face to break out.
</trans></eg>
</sense></hom></entry>");
INSERT INTO `wced_head` (entryid, head, normalized_head, type, pos) VALUES (11159, "libúrus", "liburus", "m", "v");
INSERT INTO `wced_translation` (entryid, translation) VALUES (11159, "rash");
INSERT INTO `wced_entry` VALUES (11160, "libut1", "601", "<entry page=""601"" id=""11160""><form id=""lixbut"" lang=""ceb"">líbut<sub>1</sub></form>
<hom role=""v""><pos>v</pos>
<sense n=""1""><number>1</number> <itype>[A; a12]</itype><trans> go, bring, put s.t. around a place. </trans>
<eg><i lang=""ceb"">Mulíbut siya sa punúan sa káhuy,</i><trans> He’ll go around the tree. </trans></eg>
<eg><i lang=""ceb"">Siyay milíbut ug batu sa mga tanum,</i><trans> She put stones around each plant. </trans></eg>
<eg><i lang=""ceb"">Libúta ang pusti makalima, dì ka ba malílung,</i><trans> Go around the post five times. See if you don’t get dizzy. </trans></eg>
<eg><i lang=""ceb"">Ákù siyang ilíbut sa syudad,</i><trans> I’ll take her around the city. </trans></eg>
</sense>
<sense n=""2""><number>2</number> <itype>[A2S; b6(1)]</itype><trans> <tr>surround</tr>. </trans>
<eg><i lang=""ceb"">Dì makalíbut ning tirása sa líab,</i><trans> This lace isn’t enough to go all around the neckline. </trans></eg>
<eg><i lang=""ceb"">Gilibútan ang mga sundáwu sa mga kaáway,</i><trans> The soldiers were surrounded by the enemies. </trans></eg>
</sense></hom>
<hom role=""n""><pos>n</pos>
<sense n=""0""><trans> action of going around. </trans>
</sense></hom>
<entry><form id=""lixbut_sa"" lang=""ceb""><abbr expan=""líbut"">—</abbr> sa</form>
<hom>
<sense n=""0""><trans> <tr>around</tr>. </trans>
<eg><i lang=""ceb"">Mudágan ku líbut sa plása,</i><trans> I’ll run around the plaza. </trans></eg>
</sense></hom></entry>
<entry><form id=""palixbut"" lang=""ceb""><abbr expan=""palíbut"">pa-</abbr></form>
<hom role=""n""><pos>n</pos>
<sense n=""0""><trans> <tr>surroundings</tr>. </trans>
<eg><i lang=""ceb"">Limpiyu kaáyu ang inyung palíbut,</i><trans> Your surroundings are very clean. </trans></eg>
</sense></hom></entry>
<entry><form id=""kalibutan"" lang=""ceb""><abbr expan=""kalibutan"">ka-an</abbr></form>
<hom role=""n""><pos>n</pos>
<sense n=""1""><number>1</number><trans> the <tr>world</tr>, the <tr>earth</tr>. </trans>
</sense>
<sense n=""1a""><number>1a</number> <form id=""laxing_kalibutan"" lang=""ceb"">láing <abbr expan=""kalibutan"">ka-an</abbr></form><trans> the next world. </trans>
</sense>
<sense n=""2""><number>2</number><trans> sexual activity (euphemism). </trans>
<eg><i lang=""ceb"">Ayaw mu pagpalábi <pb n=""602""/>sa kalibútan,</i><trans> Don’t indulge in sexual activity too much. </trans></eg>
</sense></hom></entry>
<entry><form id=""kalibutaxnun"" lang=""ceb""><abbr expan=""kalibutánun"">ka-ánun</abbr></form>
<hom>
<sense n=""0""><trans> <tr>worldly</tr>. </trans>
<eg><i lang=""ceb"">Kalibutánung mga kalípay,</i><trans> Worldly pleasures.
</trans></eg>
</sense></hom></entry></entry>");
INSERT INTO `wced_head` (entryid, head, normalized_head, type, pos) VALUES (11160, "líbut", "libut", "s", "vn");
INSERT INTO `wced_head` (entryid, head, normalized_head, type, pos) VALUES (11160, "líbut sa", "libut sa", "s", "");
INSERT INTO `wced_head` (entryid, head, normalized_head, type, pos) VALUES (11160, "palíbut", "palibut", "s", "n");
INSERT INTO `wced_head` (entryid, head, normalized_head, type, pos) VALUES (11160, "kalibutan", "kalibutan", "s", "n");
INSERT INTO `wced_head` (entryid, head, normalized_head, type, pos) VALUES (11160, "láing kalibutan", "laing kalibutan", "s", "");
INSERT INTO `wced_head` (entryid, head, normalized_head, type, pos) VALUES (11160, "kalibutánun", "kalibutanun", "s", "");
INSERT INTO `wced_translation` (entryid, translation) VALUES (11160, "surround");
INSERT INTO `wced_translation` (entryid, translation) VALUES (11160, "around");
INSERT INTO `wced_translation` (entryid, translation) VALUES (11160, "surroundings");
INSERT INTO `wced_translation` (entryid, translation) VALUES (11160, "world");
INSERT INTO `wced_translation` (entryid, translation) VALUES (11160, "earth");
INSERT INTO `wced_translation` (entryid, translation) VALUES (11160, "worldly");
INSERT INTO `wced_entry` VALUES (11161, "*libut2", "602", "<entry page=""602"" id=""11161""><form id=""xxlixbut2"" lang=""ceb"">*líbut<sub>2</sub></form>
<entry><form id=""unsay_kalibuxtan_gen."" lang=""ceb"">unsay <abbr expan=""kalibútan"">ka-an</abbr> <r>[<i lang=""ceb"">gen.</i>]</r></form>
<hom>
<sense n=""0""><trans> what does [gen.] know about it? </trans>
<eg><i lang=""ceb"">Unsay kalibútan ku kun diin ka paingun?</i><trans> How would I know where you went to? </trans></eg>
</sense></hom></entry>
<entry><form id=""walay_kalibuxtan"" lang=""ceb"">walay <abbr expan=""kalibútan"">ka-an</abbr></form>
<hom>
<sense n=""1""><number>1</number><trans> <tr>unconscious</tr>. </trans>
<eg><i lang=""ceb"">Gidá siya sa uspital nga way kalibútan,</i><trans> They brought her to the hospital unconscious. </trans></eg>
</sense>
<sense n=""2""><number>2</number><trans> <tr>unaware</tr>. </trans>
<eg><i lang=""ceb"">Way kalibútan ang ákung gipangulitawhan nga minyù na ku,</i><trans> The girl I’m courting has no idea I’m married.
</trans></eg>
</sense></hom></entry></entry>");
INSERT INTO `wced_head` (entryid, head, normalized_head, type, pos) VALUES (11161, "líbut", "libut", "s", "");
INSERT INTO `wced_head` (entryid, head, normalized_head, type, pos) VALUES (11161, "unsay kalibútan [gen.]", "unsay kalibutan [gen.]", "s", "");
INSERT INTO `wced_head` (entryid, head, normalized_head, type, pos) VALUES (11161, "walay kalibútan", "walay kalibutan", "s", "");
INSERT INTO `wced_translation` (entryid, translation) VALUES (11161, "unconscious");
INSERT INTO `wced_translation` (entryid, translation) VALUES (11161, "unaware");
INSERT INTO `wced_entry` VALUES (11162, "libutug", "602", "<entry page=""602"" id=""11162""><form id=""libutug"" lang=""ceb"">libutug</form>
<hom role=""n""><pos>n</pos>
<sense n=""0""><trans> small <tr>bulge</tr>, <tr>swelling</tr>. </trans>
</sense></hom>
<hom role=""v""><pos>v</pos>
<sense n=""0""> <itype>[B; b4]</itype><trans> <tr>swell</tr>, <tr>bulge</tr>. </trans>
<eg><i lang=""ceb"">Mulibutug ang pinaakan sa lamuk ug kalútun,</i><trans> Mosquito bites swell if you scratch them.
</trans></eg>
</sense></hom></entry>");
INSERT INTO `wced_head` (entryid, head, normalized_head, type, pos) VALUES (11162, "libutug", "libutug", "m", "nv");
INSERT INTO `wced_translation` (entryid, translation) VALUES (11162, "bulge");
INSERT INTO `wced_translation` (entryid, translation) VALUES (11162, "swelling");
INSERT INTO `wced_translation` (entryid, translation) VALUES (11162, "swell");
INSERT INTO `wced_entry` VALUES (11163, "libuu", "602", "<entry page=""602"" id=""11163""><form id=""libuxu"" lang=""ceb"">libúu</form>
<hom role=""n""><pos>n</pos>
<sense n=""0""><trans> k.o. edible clam which buries itself into the mud of mangrove swamps. It has a thin, greyish shell, growing to <measure reg=""7.7 cm"">3″</measure>.
</trans>
</sense></hom></entry>");
INSERT INTO `wced_head` (entryid, head, normalized_head, type, pos) VALUES (11163, "libúu", "libuu", "m", "n");
INSERT INTO `wced_entry` VALUES (11164, "libuy", "602", "<entry page=""602"" id=""11164""><form id=""lixbuy"" lang=""ceb"">líbuy</form>
<hom role=""n""><pos>n</pos>
<sense n=""1""><number>1</number><trans> handle of a plow. </trans>
</sense>
<sense n=""2""><number>2</number><trans> <tr>penis</tr> (humorous euphemism). </trans>
</sense></hom>
<hom role=""v""><pos>v</pos>
<sense n=""0""> <itype>[A13; a]</itype><trans> put, use as a plough.
</trans>
</sense></hom></entry>");
INSERT INTO `wced_head` (entryid, head, normalized_head, type, pos) VALUES (11164, "líbuy", "libuy", "m", "nv");
INSERT INTO `wced_translation` (entryid, translation) VALUES (11164, "penis");
INSERT INTO `wced_entry` VALUES (11165, "libwas", "602", "<entry page=""602"" id=""11165""><form id=""libwas"" lang=""ceb"">libwas</form>
<hom role=""v""><pos>v</pos>
<sense n=""0""> <itype>[A; b]</itype><trans> </trans>
</sense>
<sense n=""1""><number>1</number><trans> put a new roof on a house. </trans>
<eg><i lang=""ceb"">Íyang gilibwásan ang tanang atup nga dáan,</i><trans> He replaced all the old roofing. </trans></eg>
</sense>
<sense n=""1a""><number>1a</number><trans> <tr>replace</tr> anything. </trans>
<eg><i lang=""ceb"">Maáyung malibwásan mu ang ímung kinaíya,</i><trans> You had better change your ways. </trans></eg>
</sense>
<sense n=""2""><number>2</number> <itype>[B126]</itype><trans> for one’s savings to be used up (lit. get to the stage that it must be replenished). </trans>
<eg><i lang=""ceb"">Nalibwas ang tanan kung tinagúan karung Paskúha,</i><trans> Christmas ate up all of our savings. </trans></eg>
</sense></hom>
<entry><form id=""libwasuxnun"" lang=""ceb""><abbr expan=""libwasúnun"">-únun</abbr></form>
<hom role=""a""><pos>a</pos>
<sense n=""0""><trans> needing a change of roof. </trans>
</sense>
<sense n=""3""><number>3</number> <itype>[B; b]</itype><trans> for one generation to replace another. </trans>
<eg><i lang=""ceb"">Maglibwas ang táwu sa kalibútan,</i><trans> A new generation will replace the old generation of people in the world. </trans></eg>
</sense></hom></entry>
<entry><form id=""libwaslibwas"" lang=""ceb"">libwaslibwas</form>
<hom role=""v""><pos>v</pos>
<sense n=""0""> <itype>[A13; b]</itype><trans> do s.t. several times. </trans>
<eg><i lang=""ceb"">Walà pa giyud ka mabusug nga naglibwaslibwas man kag káun?</i><trans> Haven’t you gotten your fill? You have eaten several times.
</trans></eg>
</sense></hom></entry></entry>");
INSERT INTO `wced_head` (entryid, head, normalized_head, type, pos) VALUES (11165, "libwas", "libwas", "m", "v");
INSERT INTO `wced_head` (entryid, head, normalized_head, type, pos) VALUES (11165, "libwasúnun", "libwasunun", "s", "a");
INSERT INTO `wced_head` (entryid, head, normalized_head, type, pos) VALUES (11165, "libwaslibwas", "libwaslibwas", "s", "v");
INSERT INTO `wced_translation` (entryid, translation) VALUES (11165, "replace");
INSERT INTO `wced_entry` VALUES (11166, "lid1", "602", "<entry page=""602"" id=""11166""><form id=""lixd"" lang=""ceb"">líd<sub>1</sub></form>
<hom role=""n""><pos>n</pos>
<sense n=""1""><number>1</number><trans> <tr>lead guitar</tr>. </trans>
</sense>
<sense n=""2""><number>2</number><trans> music performed by the lead guitar. </trans>
</sense></hom>
<hom role=""v""><pos>v</pos>
<sense n=""0""> <itype>[A; b6(1)]</itype><trans> play the lead guitar in a combo performance. </trans>
</sense></hom>
<entry><form id=""lixd_gitar"" lang=""ceb""><abbr expan=""líd"">—</abbr> gitar</form>
<hom>
<sense n=""0""><trans> <xr lang=""ceb"" target=""#lixd"">= <sc>líd</sc>, <i lang=""ceb"">n1.</i></xr>
</trans>
</sense></hom></entry></entry>");
INSERT INTO `wced_head` (entryid, head, normalized_head, type, pos) VALUES (11166, "líd", "lid", "s", "nv");
INSERT INTO `wced_head` (entryid, head, normalized_head, type, pos) VALUES (11166, "líd gitar", "lid gitar", "s", "");
INSERT INTO `wced_translation` (entryid, translation) VALUES (11166, "lead guitar");
INSERT INTO `wced_entry` VALUES (11167, "lid2", "602", "<entry page=""602"" id=""11167""><form id=""lixd2"" lang=""ceb"">líd<sub>2</sub></form>
<hom role=""n""><pos>n</pos>
<sense n=""0""><trans> <tr>lead-projectile</tr> of a bullet.
</trans>
</sense></hom></entry>");
INSERT INTO `wced_head` (entryid, head, normalized_head, type, pos) VALUES (11167, "líd", "lid", "s", "n");
INSERT INTO `wced_translation` (entryid, translation) VALUES (11167, "lead-projectile");
INSERT INTO `wced_entry` VALUES (11168, "lidgid", "602", "<entry page=""602"" id=""11168""><form id=""lidgid"" lang=""ceb"">lidgid</form>
<hom role=""v""><pos>v</pos>
<sense n=""1""><number>1</number> <itype>[A; a]</itype><trans> <tr>grate</tr>. </trans>
<eg><i lang=""ceb"">Lidgíra ang kamúti,</i><trans> Grate the sweet potatoes. </trans></eg>
</sense>
<sense n=""2""><number>2</number> <itype>[A; a]</itype><trans> make the delicacy called <ix>lidgid</ix>. </trans>
</sense></hom>
<hom role=""n""><pos>n</pos>
<sense n=""0""><trans> sweet made of a mixture of finely grated cassava or sweet potato mixed with grated young coconut and sugar which is rolled, wrapped in banana leaves, and boiled. </trans>
</sense></hom>
<entry><form id=""nilidgid_linidgid"" lang=""ceb""><abbr expan=""nilidgid"">ni-</abbr>, <abbr expan=""linidgid"">-in-</abbr></form>
<hom>
<sense n=""0""><trans> <xr lang=""ceb"" target=""#lidgid"">= <sc>lidgid</sc>.</xr> </trans>
</sense></hom></entry>
<entry><form id=""lidgiran_lidgixran_lidgiraxnan"" lang=""ceb"">lidgiran, lidgíran, lidgiránan</form>
<hom role=""n""><pos>n</pos>
<sense n=""0""><trans> <tr>grater</tr>.
</trans>
</sense></hom></entry></entry>");
INSERT INTO `wced_head` (entryid, head, normalized_head, type, pos) VALUES (11168, "lidgid", "lidgid", "m", "vn");
INSERT INTO `wced_head` (entryid, head, normalized_head, type, pos) VALUES (11168, "nilidgid", "nilidgid", "s", "");
INSERT INTO `wced_head` (entryid, head, normalized_head, type, pos) VALUES (11168, "linidgid", "linidgid", "s", "");
INSERT INTO `wced_head` (entryid, head, normalized_head, type, pos) VALUES (11168, "lidgiran", "lidgiran", "s", "n");
INSERT INTO `wced_head` (entryid, head, normalized_head, type, pos) VALUES (11168, "lidgíran", "lidgiran", "s", "n");
INSERT INTO `wced_head` (entryid, head, normalized_head, type, pos) VALUES (11168, "lidgiránan", "lidgiranan", "s", "n");
INSERT INTO `wced_translation` (entryid, translation) VALUES (11168, "grate");
INSERT INTO `wced_translation` (entryid, translation) VALUES (11168, "grater");
INSERT INTO `wced_entry` VALUES (11169, "lidibag", "602", "<entry page=""602"" id=""11169""><form id=""lidibag"" lang=""ceb"">lidibag</form>
<hom role=""n""><pos>n</pos>
<sense n=""0""><trans> k.o. <tr>ladybug</tr> commonly found on squash plants.
</trans>
</sense></hom></entry>");
INSERT INTO `wced_head` (entryid, head, normalized_head, type, pos) VALUES (11169, "lidibag", "lidibag", "m", "n");
INSERT INTO `wced_translation` (entryid, translation) VALUES (11169, "ladybug");
INSERT INTO `wced_entry` VALUES (11170, "lidir1", "602", "<entry page=""602"" id=""11170""><form id=""lixdir"" lang=""ceb"">lídir<sub>1</sub></form>
<hom role=""n""><pos>n</pos>
<sense n=""1""><number>1</number><trans> <tr>ward-leader</tr> or other person who can command a block of votes. </trans>
</sense>
<sense n=""2""><number>2</number><trans> <tr>leader</tr> of a group. </trans>
</sense></hom>
<hom role=""v""><pos>v</pos>
<sense n=""0""> <itype>[B156; c1]</itype><trans> be, become a political leader. </trans>
</sense></hom>
<entry><form id=""lidiraxtu"" lang=""ceb""><abbr expan=""lidirátu"">-atu(←)</abbr></form>
<hom role=""n""><pos>n</pos>
<sense n=""0""><trans> political <tr>leadership</tr>. </trans>
<eg><i lang=""ceb"">Kusgánun ang lidirátu ni Duránu sa Sugbu,</i><trans> Durano has strong political influence in Cebu.
</trans></eg>
</sense></hom></entry></entry>");
INSERT INTO `wced_head` (entryid, head, normalized_head, type, pos) VALUES (11170, "lídir", "lidir", "s", "nv");
INSERT INTO `wced_head` (entryid, head, normalized_head, type, pos) VALUES (11170, "lidirátu", "lidiratu", "s", "n");
INSERT INTO `wced_translation` (entryid, translation) VALUES (11170, "ward-leader");
INSERT INTO `wced_translation` (entryid, translation) VALUES (11170, "leader");
INSERT INTO `wced_translation` (entryid, translation) VALUES (11170, "leadership");
INSERT INTO `wced_entry` VALUES (11171, "lidir2", "602", "<entry page=""602"" id=""11171""><form id=""lixdir2"" lang=""ceb"">lídir<sub>2</sub></form>
<hom role=""n""><pos>n</pos>
<sense n=""0""><trans> a <tr>go-between</tr> or one who is the bearer of communications between lovers. </trans>
</sense></hom>
<hom role=""v""><pos>v</pos>
<sense n=""0""> <itype>[B156; b8]</itype><trans> make s.o. a go-between between lovers.
</trans>
</sense></hom></entry>");
INSERT INTO `wced_head` (entryid, head, normalized_head, type, pos) VALUES (11171, "lídir", "lidir", "s", "nv");
INSERT INTO `wced_translation` (entryid, translation) VALUES (11171, "go-between");
INSERT INTO `wced_entry` VALUES (11172, "lidiratu", "602", "<entry page=""602"" id=""11172""><form id=""lidiraxtu"" lang=""ceb"">lidirátu</form>
<hom>
<sense n=""0""><trans> <ix>see</ix> <sc>lídir<sub>1</sub></sc>.
</trans>
</sense></hom></entry>");
INSERT INTO `wced_head` (entryid, head, normalized_head, type, pos) VALUES (11172, "lidirátu", "lidiratu", "m", "");
INSERT INTO `wced_entry` VALUES (11173, "*lidis", "602", "<entry page=""602"" id=""11173""><form id=""xxlixdis"" lang=""ceb"">*lídis</form>
<entry><form id=""lixdis_dringk"" lang=""ceb""><abbr expan=""lídis"">—</abbr> dringk</form>
<hom role=""n""><pos>n</pos>
<sense n=""0""><trans> a drink with only a small amount or no liquor for ladies to drink at a party. </trans>
</sense></hom></entry>
<entry><form id=""lixdis_diyis"" lang=""ceb""><abbr expan=""lídis"">—</abbr> diyis</form>
<hom role=""n""><pos>n</pos>
<sense n=""0""><trans> a dance number where the ladies choose the men and the men have to pay ten centavos per dance, which goes to charity. </trans>
</sense></hom>
<hom role=""v""><pos>v</pos>
<sense n=""0""> <itype>[A1; c1]</itype><trans> make a dance number, one where the men have to pay ten cents. </trans>
</sense></hom></entry>
<entry><form id=""lixdis_tsuys"" lang=""ceb""><abbr expan=""lídis"">—</abbr> tsuys</form>
<hom>
<sense n=""0""><trans> ladies’-choice-dance number where the girls choose the partners. </trans>
</sense></hom>
<hom role=""v""><pos>v</pos>
<sense n=""0""> <itype>[A1; c1]</itype><trans> make a number a ladies’ choice.
</trans>
</sense></hom></entry></entry>");
INSERT INTO `wced_head` (entryid, head, normalized_head, type, pos) VALUES (11173, "lídis", "lidis", "s", "");
INSERT INTO `wced_head` (entryid, head, normalized_head, type, pos) VALUES (11173, "lídis dringk", "lidis dringk", "s", "n");
INSERT INTO `wced_head` (entryid, head, normalized_head, type, pos) VALUES (11173, "lídis diyis", "lidis diyis", "s", "nv");
INSERT INTO `wced_head` (entryid, head, normalized_head, type, pos) VALUES (11173, "lídis tsuys", "lidis tsuys", "s", "v");
INSERT INTO `wced_entry` VALUES (11174, "lidlid", "602", "<entry page=""602"" id=""11174""><form id=""lidlid"" lang=""ceb"">lidlid</form>
<hom>
<sense n=""0""><trans> <xr lang=""ceb"" target=""#lidgid"">= <sc>lidgid</sc>.</xr>
</trans>
</sense></hom></entry>");
INSERT INTO `wced_head` (entryid, head, normalized_head, type, pos) VALUES (11174, "lidlid", "lidlid", "m", "");
INSERT INTO `wced_entry` VALUES (11175, "liga, liga1", "602", "<entry page=""602"" id=""11175""><form id=""liga_lixga"" lang=""ceb"">liga, líga<sub>1</sub></form>
<hom role=""n""><pos>n</pos>
<sense n=""0""><trans> s.t. added to s.t. to enhance its quality. </trans>
<eg><i lang=""ceb"">Táyid nga may ligang anyil,</i><trans> Detergent with bluing added. </trans></eg>
</sense></hom>
<hom role=""v""><pos>v</pos>
<sense n=""0""> <itype>[A; c]</itype><trans> </trans>
</sense>
<sense n=""1""><number>1</number><trans> put an addition to s.t. </trans>
<eg><i lang=""ceb"">Ligahi ug suwà ang lána,</i><trans> Put citrus juice into the coconut oil. </trans></eg>
</sense>
<sense n=""2""><number>2</number><trans> <tr>adulterate</tr>. </trans>
<eg><i lang=""ceb"">Giligáhan ang tablíyag mani,</i><trans> They adulterated the unsweetened chocolate with roasted peanuts. </trans></eg>
</sense></hom>
<entry><form id=""lixga_puul"" lang=""ceb""><abbr expan=""líga"">—</abbr> puul</form>
<hom role=""a""><pos>a</pos>
<sense n=""0""><trans> being enough to give one his fill until he tires of it. </trans>
<eg><i lang=""ceb"">Líga puul giyud ang súruy rung bakasiyun,</i><trans> When I get my vacation I’m going to roam about until I get sick of it.
</trans></eg>
</sense></hom></entry></entry>");
INSERT INTO `wced_head` (entryid, head, normalized_head, type, pos) VALUES (11175, "liga", "liga", "s", "nv");
INSERT INTO `wced_head` (entryid, head, normalized_head, type, pos) VALUES (11175, "líga", "liga", "s", "nv");
INSERT INTO `wced_head` (entryid, head, normalized_head, type, pos) VALUES (11175, "líga puul", "liga puul", "s", "a");
INSERT INTO `wced_translation` (entryid, translation) VALUES (11175, "adulterate");
INSERT INTO `wced_entry` VALUES (11176, "liga2", "602", "<entry page=""602"" id=""11176""><form id=""lixga2"" lang=""ceb"">líga<sub>2</sub></form>
<hom role=""n""><pos>n</pos>
<sense n=""0""><trans> <tr>tournament</tr>. </trans>
<eg><i lang=""ceb"">Líga sa baskitbul,</i><trans> Basketball tournament. </trans></eg>
</sense></hom>
<hom role=""v""><pos>v</pos>
<sense n=""0""> <itype>[A13]</itype><trans> hold a tournament.
</trans>
</sense></hom></entry>");
INSERT INTO `wced_head` (entryid, head, normalized_head, type, pos) VALUES (11176, "líga", "liga", "s", "nv");
INSERT INTO `wced_translation` (entryid, translation) VALUES (11176, "tournament");
INSERT INTO `wced_entry` VALUES (11177, "liga3", "602", "<entry page=""602"" id=""11177""><form id=""lixga3"" lang=""ceb"">líga<sub>3</sub></form>
<hom role=""n""><pos>n</pos>
<sense n=""0""><trans> The <tr>League of Nations</tr>.
</trans>
</sense></hom></entry>");
INSERT INTO `wced_head` (entryid, head, normalized_head, type, pos) VALUES (11177, "líga", "liga", "s", "n");
INSERT INTO `wced_translation` (entryid, translation) VALUES (11177, "League of Nations");
INSERT INTO `wced_entry` VALUES (11178, "ligad1", "602", "<entry page=""602"" id=""11178""><form id=""lixgad"" lang=""ceb"">lígad<sub>1</sub></form>
<hom role=""v""><pos>v</pos>
<sense n=""0""> <itype>[A2S; c6]</itype><trans> for people or animals to <tr>lie down</tr>. </trans>
<eg><i lang=""ceb"">Ayaw ilígad ang ímung igsilimba,</i><trans> Do not lie in your Sunday clothes.
</trans></eg>
</sense></hom></entry>");
INSERT INTO `wced_head` (entryid, head, normalized_head, type, pos) VALUES (11178, "lígad", "ligad", "s", "v");
INSERT INTO `wced_translation` (entryid, translation) VALUES (11178, "lie down");
INSERT INTO `wced_entry` VALUES (11179, "ligad2", "602", "<entry page=""602"" id=""11179""><form id=""lixgad2"" lang=""ceb"">lígad<sub>2</sub></form>
<hom role=""v""><pos>v</pos>
<sense n=""0""> <itype>[A2S; b5]</itype><trans> <tr>pass</tr>, <tr>pass by</tr>, <tr>go by</tr>. </trans>
<eg><i lang=""ceb"">Wà kay gibúhat samtang nagligad ang úras?</i><trans> You did nothing as the time went by? </trans></eg>
<eg><i lang=""ceb"">Dì mu makalígad sa Argaw kun muadtu mu sa Baríli,</i><trans> You do not go by Argao when you go to Barili. </trans></eg>
<eg><i lang=""ceb"">Ligárun (ligáran) ta nang buntúra,</i><trans> We will go beyond that mountain. </trans></eg>
</sense></hom>
<entry><form id=""ligad"" lang=""ceb""><abbr expan=""ligad"">(→)</abbr></form>
<hom role=""a""><pos>a</pos>
<sense n=""0""><trans> afternoon, the time after the sun has passed the zenith until sunset. </trans>
</sense></hom>
<hom role=""n""><pos>n</pos>
<sense n=""0""><trans> crops that are left over after the harvest. </trans>
<eg><i lang=""ceb"">Nanghagdaw silag mga ligad sa mais,</i><trans> They are gleaning the few ears of corn that were missed in the harvest. </trans></eg>
</sense></hom></entry>
<entry><form id=""ligad_sa_kasaraxngan"" lang=""ceb""><abbr expan=""ligad"">(→)</abbr> sa kasarángan</form>
<hom>
<sense n=""0""><trans> <tr>excessively</tr>, more than normal. </trans>
<eg><i lang=""ceb"">Ligad sa kasarángan ang ímung pag-inum,</i><trans> You drink excessively.
</trans></eg>
</sense></hom></entry></entry>");
INSERT INTO `wced_head` (entryid, head, normalized_head, type, pos) VALUES (11179, "lígad", "ligad", "s", "v");
INSERT INTO `wced_head` (entryid, head, normalized_head, type, pos) VALUES (11179, "ligad", "ligad", "s", "an");
INSERT INTO `wced_head` (entryid, head, normalized_head, type, pos) VALUES (11179, "ligad sa kasarángan", "ligad sa kasarangan", "s", "");
INSERT INTO `wced_translation` (entryid, translation) VALUES (11179, "pass");
INSERT INTO `wced_translation` (entryid, translation) VALUES (11179, "pass by");
INSERT INTO `wced_translation` (entryid, translation) VALUES (11179, "go by");
INSERT INTO `wced_translation` (entryid, translation) VALUES (11179, "excessively");
INSERT INTO `wced_entry` VALUES (11180, "ligadira", "602", "<entry page=""602"" id=""11180""><form id=""ligadixra"" lang=""ceb"">ligadíra</form>
<hom>
<sense n=""0""><trans> <xr lang=""ceb"" target=""#rigadixra"">= <sc>rigadíra</sc>.</xr>
</trans>
</sense></hom></entry>");
INSERT INTO `wced_head` (entryid, head, normalized_head, type, pos) VALUES (11180, "ligadíra", "ligadira", "m", "");
INSERT INTO `wced_entry` VALUES (11181, "ligal", "602", "<entry page=""602"" id=""11181""><form id=""ligal"" lang=""ceb"">ligal</form>
<hom role=""a""><pos>a</pos>
<sense n=""0""><trans> <tr>legal</tr>, within the law. </trans>
</sense></hom>
<entry><form id=""ligalidad"" lang=""ceb""><abbr expan=""ligalidad"">-idad</abbr></form>
<hom role=""n""><pos>n</pos>
<sense n=""1""><number>1</number><trans> <tr>legality</tr>, <tr>lawfulness</tr>. </trans>
<eg><i lang=""ceb"">Ang ligalidad sa ámut mauy ámung gilalísan,</i><trans> The legality of the contribution <pb n=""603""/>was what we were arguing about. </trans></eg>
</sense>
<sense n=""2""><number>2</number><trans> the legal point in contention. </trans>
<eg><i lang=""ceb"">Ang ligalidad nga gikagubtan nagagikan sa pagsabut sa púlung ‘dupa’,</i><trans> The legal point that is in contention lies in the interpretation of the word ‘fathom’. †
</trans></eg>
</sense></hom></entry></entry>");
INSERT INTO `wced_head` (entryid, head, normalized_head, type, pos) VALUES (11181, "ligal", "ligal", "m", "a");
INSERT INTO `wced_head` (entryid, head, normalized_head, type, pos) VALUES (11181, "ligalidad", "ligalidad", "s", "n");
INSERT INTO `wced_translation` (entryid, translation) VALUES (11181, "legal");
INSERT INTO `wced_translation` (entryid, translation) VALUES (11181, "legality");
INSERT INTO `wced_translation` (entryid, translation) VALUES (11181, "lawfulness");
INSERT INTO `wced_entry` VALUES (11182, "ligas", "603", "<entry page=""603"" id=""11182""><form id=""ligas"" lang=""ceb"">ligas</form>
<hom role=""v""><pos>v</pos>
<sense n=""0""> <itype>[B256; b4(1)]</itype><trans> </trans>
</sense>
<sense n=""1""><number>1</number><trans> for s.t. to <tr>slip</tr> off of what it is placed on or for one’s footing to slip. </trans>
<eg><i lang=""ceb"">Bangíla ug maáyu ang tiil sa lamísa arun dílì muligas (maligas),</i><trans> Wedge the table leg carefully so it won’t slip off. </trans></eg>
<eg><i lang=""ceb"">Naligas ang ákung tiil sa hakhak,</i><trans> My foot slipped out of the notch in the coconut tree. </trans></eg>
</sense>
<sense n=""2""><number>2</number><trans> commit a mistake. </trans>
<eg><i lang=""ceb"">Muligas (maligas) ka lang ug kas-a, itsapuyra dáyun ka,</i><trans> If you make a single mistake, you will be fired at once. </trans></eg>
<eg><i lang=""ceb"">Naligas ang ákung bàbà pagtug-an,</i><trans> The truth slipped out of my mouth. </trans></eg>
</sense>
<sense n=""3""><number>3</number><trans> <tr>fail</tr>, be <tr>unsuccessful</tr>. </trans>
<eg><i lang=""ceb"">Sáyang, miligas ang átung plánu,</i><trans> Too bad. Our plan failed. </trans></eg>
</sense>
<sense n=""4""><number>4</number><trans> be past the high noon mark. </trans>
<eg><i lang=""ceb"">Musúgud ta pagtrabáhu sa dílì pa muligas (maligas) ang adlaw,</i><trans> We will start work before the sun gets past high noon. </trans></eg>
</sense></hom>
<hom role=""a""><pos>a</pos>
<sense n=""1""><number>1</number><trans> be past the zenith. </trans>
<eg><i lang=""ceb"">Ligas na ang bulan. Kay daktul, saylu na sa tungang gabíi,</i><trans> The moon is past the zenith, and since it is full moon, it must be past midnight. </trans></eg>
</sense>
<sense n=""2""><number>2</number><trans> for a pig to be below the accepted standard weight (forty kilos) for wholesale shipment. </trans>
</sense></hom>
<entry><form id=""lixgas"" lang=""ceb""><abbr expan=""lígas"">(←)</abbr></form>
<hom role=""v""><pos>v</pos>
<sense n=""1""><number>1</number> <itype>[A13; b]</itype><trans> miss a number or proportion by a small amount. </trans>
<eg><i lang=""ceb"">Ug maglígas ang ímung timpla sa abúnu mamatay ang tanum,</i><trans> If your fertilizer is not mixed in the right proportions, the plant will die. </trans></eg>
<eg><i lang=""ceb"">Ang madaúgun nga tíkit ug ang ákù naglígas ug duha ka numiru,</i><trans> My ticket was only two numbers off of the winning number. </trans></eg>
</sense>
<sense n=""2""><number>2</number> <itype>[b3(1)]</itype><trans> have differences over s.t. </trans>
<eg><i lang=""ceb"">Gamay ra gud nang inyung gikaligásan, sultíhun lang gud nà,</i><trans> You are having a quarrel over such a small thing. You should talk it out. </trans></eg>
</sense></hom></entry>
<entry><form id=""paligas"" lang=""ceb""><abbr expan=""paligas"">pa-</abbr></form>
<hom role=""v""><pos>v</pos>
<sense n=""0""> <itype>[A; a12]</itype><trans> look for errors s.o. has made to justify harsh action against him. </trans>
<eg><i lang=""ceb"">Gipaligas ka lang sa ímung manidyǐr arun maháwà ka,</i><trans> The manager is just waiting for you to slip so he can fire you. </trans></eg>
</sense></hom></entry>
<entry><form id=""palixgas"" lang=""ceb""><abbr expan=""palígas"">pa-(←)</abbr></form>
<hom role=""v""><pos>v</pos>
<sense n=""0""> <itype>[A; b]</itype><trans> provoke s.o. to provide the excuse to beat him up. </trans>
</sense></hom></entry>
<entry><form id=""ligaxsan"" lang=""ceb""><abbr expan=""ligásan"">-an(←)</abbr></form>
<hom role=""n""><pos>n</pos>
<sense n=""0""><trans> the amount or extent to which one thing differs from another.
</trans>
</sense></hom></entry></entry>");
INSERT INTO `wced_head` (entryid, head, normalized_head, type, pos) VALUES (11182, "ligas", "ligas", "m", "va");
INSERT INTO `wced_head` (entryid, head, normalized_head, type, pos) VALUES (11182, "lígas", "ligas", "s", "v");
INSERT INTO `wced_head` (entryid, head, normalized_head, type, pos) VALUES (11182, "paligas", "paligas", "s", "v");
INSERT INTO `wced_head` (entryid, head, normalized_head, type, pos) VALUES (11182, "palígas", "paligas", "s", "v");
INSERT INTO `wced_head` (entryid, head, normalized_head, type, pos) VALUES (11182, "ligásan", "ligasan", "s", "n");
INSERT INTO `wced_translation` (entryid, translation) VALUES (11182, "slip");
INSERT INTO `wced_translation` (entryid, translation) VALUES (11182, "fail");
INSERT INTO `wced_translation` (entryid, translation) VALUES (11182, "unsuccessful");
INSERT INTO `wced_entry` VALUES (11183, "ligas", "603", "<entry page=""603"" id=""11183""><form id=""lixgas"" lang=""ceb"">lígas</form>
<hom role=""n""><pos>n</pos>
<sense n=""0""><trans> <tr>garter</tr> to hold the stockings up.
</trans>
</sense></hom></entry>");
INSERT INTO `wced_head` (entryid, head, normalized_head, type, pos) VALUES (11183, "lígas", "ligas", "m", "n");
INSERT INTO `wced_translation` (entryid, translation) VALUES (11183, "garter");
INSERT INTO `wced_entry` VALUES (11184, "ligasun", "603", "<entry page=""603"" id=""11184""><form id=""ligaxsun"" lang=""ceb"">ligásun</form>
<hom role=""n""><pos>n</pos>
<sense n=""0""><trans> ribs in a boat frame to which the boards or steelplates which form the hull covering are attached.
</trans>
</sense></hom></entry>");
INSERT INTO `wced_head` (entryid, head, normalized_head, type, pos) VALUES (11184, "ligásun", "ligasun", "m", "n");
INSERT INTO `wced_entry` VALUES (11185, "ligaw", "603", "<entry page=""603"" id=""11185""><form id=""ligaw"" lang=""ceb"">ligaw</form>
<hom role=""v""><pos>v</pos>
<sense n=""0""> <itype>[A12; b8]</itype><trans> do s.t. right by accident. </trans>
<eg><i lang=""ceb"">Nakaligaw ku ug bungat sa hustung tubag,</i><trans> I happened to hit on the correct answer. </trans></eg>
<eg><i lang=""ceb"">Nakaligaw ku sa hustung timpla,</i><trans> I hit on the right mixture.
</trans></eg>
</sense></hom></entry>");
INSERT INTO `wced_head` (entryid, head, normalized_head, type, pos) VALUES (11185, "ligaw", "ligaw", "m", "v");
INSERT INTO `wced_entry` VALUES (11186, "ligay", "603", "<entry page=""603"" id=""11186""><form id=""ligay"" lang=""ceb"">ligay</form>
<hom role=""n""><pos>n</pos>
<sense n=""0""><trans> swollen lymph node. </trans>
</sense></hom>
<hom role=""v""><pos>v</pos>
<sense n=""0""> <itype>[B46; b4]</itype><trans> get swollen lymph nodes. </trans>
<eg><i lang=""ceb"">Giligayan ku kay giansúyan ang ákung tunuk,</i><trans> I have swollen lymph glands because my wound got infected.
</trans></eg>
</sense></hom></entry>");
INSERT INTO `wced_head` (entryid, head, normalized_head, type, pos) VALUES (11186, "ligay", "ligay", "m", "nv");
INSERT INTO `wced_entry` VALUES (11187, "ligdas", "603", "<entry page=""603"" id=""11187""><form id=""ligdas"" lang=""ceb"">ligdas</form>
<hom role=""v""><pos>v</pos>
<sense n=""0""> <itype>[A3]</itype><trans> </trans>
</sense>
<sense n=""1""><number>1</number><trans> lie any old place to sleep. </trans>
<eg><i lang=""ceb"">Nagligdas sa dálan ang hubug,</i><trans> The drunk was lying in the road. </trans></eg>
</sense>
<sense n=""2""><number>2</number><trans> <tr>die</tr>. </trans>
<eg><i lang=""ceb"">Muligdas mug way tawutáwug ikakuntra ninyu ang taga Pásil,</i><trans> You’ll be killed without even anybody knowing who did it if you make enemies with people from Pasil.
</trans></eg>
</sense></hom></entry>");
INSERT INTO `wced_head` (entryid, head, normalized_head, type, pos) VALUES (11187, "ligdas", "ligdas", "m", "v");
INSERT INTO `wced_translation` (entryid, translation) VALUES (11187, "die");
INSERT INTO `wced_entry` VALUES (11188, "ligdung", "603", "<entry page=""603"" id=""11188""><form id=""ligdung"" lang=""ceb"">ligdung</form>
<hom role=""a""><pos>a</pos>
<sense n=""1""><number>1</number><trans> <tr>upright</tr>. </trans>
<eg><i lang=""ceb"">Ligdung kaáyu siya sa íyang trabáhu. Dì manáwat ug suburnu,</i><trans> He is very upright in his work. He won’t accept bribes. </trans></eg>
</sense>
<sense n=""2""><number>2</number><trans> keeping in one’s place, proper and refined in deportment. </trans>
<eg><i lang=""ceb"">Usa siya ka táwu nga ligdung ug dílì maakuakuhun,</i><trans> He keeps in his place and is not presumptuous. </trans></eg>
</sense>
<sense n=""3""><number>3</number><trans> serene in demeanor, but dignified and reserved. </trans>
<eg><i lang=""ceb"">Ligdung kaáyu siyang manubagtubag,</i><trans> She answers with very dignified reserve. </trans></eg>
</sense></hom>
<hom role=""v""><pos>v</pos>
<sense n=""0""> <itype>[B1; a12]</itype><trans> be <tr>upright</tr>, <tr>refined</tr>, and stay in one’s place. </trans>
</sense></hom>
<entry><form id=""kaligdung"" lang=""ceb""><abbr expan=""kaligdung"">ka-</abbr></form>
<hom role=""n""><pos>n</pos>
<sense n=""0""><trans> doing what is proper to one’s station. </trans>
<eg><i lang=""ceb"">Ipakítang ímung kaligdung; pangáyug katahúran, ayaw ipabundak ang ngálan sa ímung isigkatáwu, ayawg tubagtubag sa mga tigúlang,</i><trans> Show you know how to behave: greet people, don’t address people without using a title, don’t talk back to old people.
</trans></eg>
</sense></hom></entry></entry>");
INSERT INTO `wced_head` (entryid, head, normalized_head, type, pos) VALUES (11188, "ligdung", "ligdung", "m", "av");
INSERT INTO `wced_head` (entryid, head, normalized_head, type, pos) VALUES (11188, "kaligdung", "kaligdung", "s", "n");
INSERT INTO `wced_translation` (entryid, translation) VALUES (11188, "upright");
INSERT INTO `wced_translation` (entryid, translation) VALUES (11188, "refined");
INSERT INTO `wced_entry` VALUES (11189, "lighut", "603", "<entry page=""603"" id=""11189""><form id=""lighut"" lang=""ceb"">lighut</form>
<hom>
<sense n=""0""><trans> (from <ix>lihut</ix>) </trans>
</sense></hom>
<hom role=""v""><pos>v</pos>
<sense n=""0""> <itype>[A13; b6]</itype><trans> <tr>sneak out</tr>, leave surreptitiously. </trans>
<eg><i lang=""ceb"">Mulighut ta sa klási,</i><trans> Let’s sneak out of the class. </trans></eg>
<eg><i lang=""ceb"">Milighut siya ug sakay sa ayruplánu,</i><trans> He boarded the plane surreptitiously. </trans></eg>
<eg><i lang=""ceb"">Mag-ábut nyà ta ug makalighut ku sa ámù,</i><trans> I’ll see you later if I can sneak out of the house.
</trans></eg>
</sense></hom></entry>");
INSERT INTO `wced_head` (entryid, head, normalized_head, type, pos) VALUES (11189, "lighut", "lighut", "m", "v");
INSERT INTO `wced_translation` (entryid, translation) VALUES (11189, "sneak out");
INSERT INTO `wced_entry` VALUES (11190, "ligid", "603", "<entry page=""603"" id=""11190""><form id=""lixgid"" lang=""ceb"">lígid</form>
<hom role=""v""><pos>v</pos>
<sense n=""1""><number>1</number> <itype>[APB2S6; c1]</itype><trans> <tr>roll</tr>, roll s.t. </trans>
<eg><i lang=""ceb"">Si Pidru mauy mulígid (mupalígid) sa búla,</i><trans> Pedro will roll the ball. </trans></eg>
<eg><i lang=""ceb"">Lígid dáyun ug masúnug ang sinínà,</i><trans> Roll (on the ground) if your clothes are afire. </trans></eg>
<eg><i lang=""ceb"">Ligírun (ligdun, ilígid) ku kanà kay nakaáli sa ákung agiánan,</i><trans> I will roll it out of the way. </trans></eg>
</sense>
<sense n=""1a""><number>1a</number> <itype>[A23]</itype><trans> for days, years, etc. to roll by (literary). </trans>
<eg><i lang=""ceb"">Túling milígid ang katuígan,</i><trans> Years rolled by swiftly. </trans></eg>
</sense>
<sense n=""1b""><number>1b</number> <itype>[A]</itype><trans> throw a tantrum by rolling on the floor. </trans>
<eg><i lang=""ceb"">Ngánung milígid ang bátà? Unsa na puy íyang gustu?</i><trans> Why is the child throwing a tantrum? What does he want now? </trans></eg>
</sense>
<sense n=""2""><number>2</number> <itype>[A]</itype><trans> <tr>lie down</tr>. </trans>
<eg><i lang=""ceb"">Mulígid siya dáyun igkahumag káun,</i><trans> He lies down as soon as he finishes eating. </trans></eg>
</sense>
<sense n=""2a""><number>2a</number> <form id=""lixgid_sa_banig"" lang=""ceb""><abbr expan=""lígid"">—</abbr> sa banig</form><trans> be <tr>bedridden</tr>. </trans>
<eg><i lang=""ceb"">Tulu na ka túig siya nga naglígid sa banig,</i><trans> She has been bedridden for three years. </trans></eg>
</sense>
<sense n=""3""><number>3</number> <itype>[A; b6]</itype><trans> <tr>wallow</tr>. </trans>
<eg><i lang=""ceb"">Ang kábaw sa panahun sa ting-init mulígid sa tunaan,</i><trans> On hot days the carabao wallows <pb n=""604""/>in the pond. </trans></eg>
<eg><i lang=""ceb"">Kanang daginutána naglígid sa bahandì,</i><trans> That miser is wallowing in riches. </trans></eg>
<eg><i lang=""ceb"">Naglígid siya sa kasal-ánan,</i><trans> She is sinking deep in sin. </trans></eg>
</sense>
<sense n=""4""><number>4</number> <itype>[A; a1]</itype><trans> do s.t. to s.o. mercilessly without letup. </trans>
<eg><i lang=""ceb"">Gilígid kug pangutána sa abugádu,</i><trans> The lawyer cross-examined me. </trans></eg>
<eg><i lang=""ceb"">Ang asáwa gilígid ug hawuk sa íyang bána,</i><trans> The husband smothered his wife with kisses. </trans></eg>
</sense></hom>
<entry><form id=""ligid"" lang=""ceb""><abbr expan=""ligid"">(→)</abbr></form>
<hom role=""n""><pos>n</pos>
<sense n=""0""><trans> <tr>wheel</tr>. </trans>
</sense></hom></entry>
<entry><form id=""kaligiray"" lang=""ceb"">kaligiray</form>
<hom role=""v""><pos>v</pos>
<sense n=""0""> <itype>[A13]</itype><trans> <tr>roll around</tr>. </trans>
<eg><i lang=""ceb"">Nagkaligiray si Duman sa túmang kasakit,</i><trans> Duman rolled around in intense pain. </trans></eg>
</sense></hom></entry>
<entry><form id=""kaligiran"" lang=""ceb"">kaligiran</form>
<hom role=""v""><pos>v</pos>
<sense n=""0""> <itype>[A13]</itype><trans> roll head over heels. </trans>
<eg><i lang=""ceb"">Nagkaligiran ang táwung nadakin-as sa bakilid,</i><trans> The man slipped on the slope and tumbled down head over heels. </trans></eg>
</sense></hom></entry>
<entry><form id=""palixgid"" lang=""ceb""><abbr expan=""palígid"">pa-</abbr></form>
<hom role=""n""><pos>n</pos>
<sense n=""0""><trans> <tr>hoop</tr> to play with.
</trans>
</sense></hom></entry></entry>");
INSERT INTO `wced_head` (entryid, head, normalized_head, type, pos) VALUES (11190, "lígid", "ligid", "m", "v");
INSERT INTO `wced_head` (entryid, head, normalized_head, type, pos) VALUES (11190, "lígid sa banig", "ligid sa banig", "s", "");
INSERT INTO `wced_head` (entryid, head, normalized_head, type, pos) VALUES (11190, "ligid", "ligid", "s", "n");
INSERT INTO `wced_head` (entryid, head, normalized_head, type, pos) VALUES (11190, "kaligiray", "kaligiray", "s", "v");
INSERT INTO `wced_head` (entryid, head, normalized_head, type, pos) VALUES (11190, "kaligiran", "kaligiran", "s", "v");
INSERT INTO `wced_head` (entryid, head, normalized_head, type, pos) VALUES (11190, "palígid", "paligid", "s", "n");
INSERT INTO `wced_translation` (entryid, translation) VALUES (11190, "roll");
INSERT INTO `wced_translation` (entryid, translation) VALUES (11190, "lie down");
INSERT INTO `wced_translation` (entryid, translation) VALUES (11190, "bedridden");
INSERT INTO `wced_translation` (entryid, translation) VALUES (11190, "wallow");
INSERT INTO `wced_translation` (entryid, translation) VALUES (11190, "wheel");
INSERT INTO `wced_translation` (entryid, translation) VALUES (11190, "roll around");
INSERT INTO `wced_translation` (entryid, translation) VALUES (11190, "hoop");
INSERT INTO `wced_entry` VALUES (11191, "ligingliging", "604", "<entry page=""604"" id=""11191""><form id=""ligingliging"" lang=""ceb"">ligingliging</form>
<hom role=""v""><pos>v</pos>
<sense n=""0""> <itype>[B1456]</itype><trans> be bulging all over from obesity. </trans>
<eg><i lang=""ceb"">Si Áyik Lusáda nagligingliging sa katambuk,</i><trans> Ike Lozada is bulging all over from obesity.
</trans></eg>
</sense></hom></entry>");
INSERT INTO `wced_head` (entryid, head, normalized_head, type, pos) VALUES (11191, "ligingliging", "ligingliging", "m", "v");
INSERT INTO `wced_entry` VALUES (11192, "ligings", "604", "<entry page=""604"" id=""11192""><form id=""lixgings"" lang=""ceb"">lígings</form>
<hom role=""n""><pos>n</pos>
<sense n=""0""><trans> <tr>leggings</tr> worn with riding pants. </trans>
</sense></hom>
<hom role=""v""><pos>v</pos>
<sense n=""0""> <itype>[A13]</itype><trans> </trans>
</sense>
<sense n=""1""><number>1</number><trans> wear leggings. </trans>
</sense>
<sense n=""2""><number>2</number><trans> wear stockings (humorous).
</trans>
</sense></hom></entry>");
INSERT INTO `wced_head` (entryid, head, normalized_head, type, pos) VALUES (11192, "lígings", "ligings", "m", "nv");
INSERT INTO `wced_translation` (entryid, translation) VALUES (11192, "leggings");
INSERT INTO `wced_entry` VALUES (11193, "ligis", "604", "<entry page=""604"" id=""11193""><form id=""ligis"" lang=""ceb"">ligis</form>
<hom role=""v""><pos>v</pos>
<sense n=""1""><number>1</number> <itype>[A; a]</itype><trans> flatten or <tr>mash</tr> s.t. into powder by pressing s.t. heavy on it. </trans>
<eg><i lang=""ceb"">Ligisa (ligsa) ang asin ug kutsára,</i><trans> Pulverize the rock salt with a tablespoon. </trans></eg>
</sense>
<sense n=""2""><number>2</number> <itype>[A; b2]</itype><trans> for a vehicle to run over s.t. </trans>
<eg><i lang=""ceb"">Dariyut ku maligsi sa taksi,</i><trans> The taxi nearly ran me over. </trans></eg>
</sense></hom>
<hom role=""n""><pos>n</pos>
<sense n=""0""><trans> <tr>pestle</tr>, <tr>rolling pin</tr>, or anything else used for crushing things into fine particles. </trans>
</sense></hom>
<entry><form id=""ligsanan"" lang=""ceb"">ligsanan</form>
<hom role=""n""><pos>n</pos>
<sense n=""0""><trans> s.t. on which s.t. is crushed.
</trans>
</sense></hom></entry></entry>");
INSERT INTO `wced_head` (entryid, head, normalized_head, type, pos) VALUES (11193, "ligis", "ligis", "m", "vn");
INSERT INTO `wced_head` (entryid, head, normalized_head, type, pos) VALUES (11193, "ligsanan", "ligsanan", "s", "n");
INSERT INTO `wced_translation` (entryid, translation) VALUES (11193, "mash");
INSERT INTO `wced_translation` (entryid, translation) VALUES (11193, "pestle");
INSERT INTO `wced_translation` (entryid, translation) VALUES (11193, "rolling pin");
INSERT INTO `wced_entry` VALUES (11194, "ligitligit", "604", "<entry page=""604"" id=""11194""><form id=""ligitlixgit"" lang=""ceb"">ligitlígit</form>
<hom role=""v""><pos>v</pos>
<sense n=""0""> <itype>[A13; a12]</itype><trans> <tr>knead</tr>, roll into a ball with the thumb and forefinger. </trans>
<eg><i lang=""ceb"">Naghunàhúnà siya samtang nagligitlígit sa íyang búngut,</i><trans> As he was thinking, he twisted his beard with his fingers.
</trans></eg>
</sense></hom></entry>");
INSERT INTO `wced_head` (entryid, head, normalized_head, type, pos) VALUES (11194, "ligitlígit", "ligitligit", "m", "v");
INSERT INTO `wced_translation` (entryid, translation) VALUES (11194, "knead");
INSERT INTO `wced_entry` VALUES (11195, "ligngin", "604", "<entry page=""604"" id=""11195""><form id=""ligngin"" lang=""ceb"">ligngin</form>
<hom>
<sense n=""0""><trans> <xr lang=""ceb"" target=""#lixngin"">= <sc>língin</sc></xr> (plural).
</trans>
</sense></hom></entry>");
INSERT INTO `wced_head` (entryid, head, normalized_head, type, pos) VALUES (11195, "ligngin", "ligngin", "m", "");
INSERT INTO `wced_entry` VALUES (11196, "ligpit", "604", "<entry page=""604"" id=""11196""><form id=""ligpit"" lang=""ceb"">ligpit</form>
<hom role=""v""><pos>v</pos>
<sense n=""1""><number>1</number> <itype>[A; b6(1)]</itype><trans> fasten s.t. temporarily by pressing it down with s.t. that holds it in place. </trans>
<eg><i lang=""ceb"">Bungbung amákang giligpítag dus pur dus,</i><trans> Sawali walling that was held in place by two-by-two’s. </trans></eg>
<eg><i lang=""ceb"">Ligpíti ug kumpit ang mga hinayhay,</i><trans> Clip the wash with clothespins. </trans></eg>
</sense>
<sense n=""2""><number>2</number> <itype>[A; b2]</itype><trans> press down on s.t. </trans>
<eg><i lang=""ceb"">Hiligpitan ang ákung tudlù sa sira,</i><trans> My finger was caught in the door shutter. </trans></eg>
<eg><i lang=""ceb"">Bug-at nga batu ang iligpit sa binanggud balanghuy,</i><trans> Use a heavy stone to press out the juice of the grated cassava. </trans></eg>
</sense>
<sense n=""3""><number>3</number><trans> put pressure on s.o. </trans>
<eg><i lang=""ceb"">Gitug-an níya kay giligpítan siya sa pulis,</i><trans> He revealed the truth because the police pressured him. </trans></eg>
</sense></hom>
<hom role=""n""><pos>n</pos>
<sense n=""1""><number>1</number><trans> clip to fasten s.t. </trans>
</sense>
<sense n=""2""><number>2</number><trans> s.t. used to press s.t. in place.
</trans>
</sense></hom></entry>");
INSERT INTO `wced_head` (entryid, head, normalized_head, type, pos) VALUES (11196, "ligpit", "ligpit", "m", "vn");
INSERT INTO `wced_entry` VALUES (11197, "ligsi", "604", "<entry page=""604"" id=""11197""><form id=""ligsiq"" lang=""ceb"">ligsì</form>
<hom role=""v""><pos>v</pos>
<sense n=""0""> <itype>[B26; a12]</itype><trans> for bamboo to crack along the grain under pressure. </trans>
<eg><i lang=""ceb"">Ayaw ug ibundak ang sag-ub kay muligsì (maligsì),</i><trans> Set the bamboo tube water container down gently so it doesn’t crack.
</trans></eg>
</sense></hom></entry>");
INSERT INTO `wced_head` (entryid, head, normalized_head, type, pos) VALUES (11197, "ligsì", "ligsi", "m", "v");
INSERT INTO `wced_entry` VALUES (11198, "ligsik", "604", "<entry page=""604"" id=""11198""><form id=""ligsik"" lang=""ceb"">ligsik</form>
<hom>
<sense n=""0""><trans> (from <ix>lisik</ix>) </trans>
</sense></hom>
<hom role=""v""><pos>v</pos>
<sense n=""1""><number>1</number> <itype>[B23(1)46]</itype><trans> <tr>expel</tr> s.t. solid from within with a sudden force. </trans>
<eg><i lang=""ceb"">Muligsik ang lísu sa nangkà ug hugtun paggúnit,</i><trans> The seed of the jackfruit will jump out if you grab the meat. </trans></eg>
</sense>
<sense n=""2""><number>2</number> <itype>[B246]</itype><trans> be wide-eyed with fear, amazement, surprise, etc. </trans>
<eg><i lang=""ceb"">Miligsik ang mga mata sa táwu sa kahibúlung,</i><trans> The man’s eyes became wide with amazement.
</trans></eg>
</sense></hom></entry>");
INSERT INTO `wced_head` (entryid, head, normalized_head, type, pos) VALUES (11198, "ligsik", "ligsik", "m", "v");
INSERT INTO `wced_translation` (entryid, translation) VALUES (11198, "expel");
INSERT INTO `wced_entry` VALUES (11199, "ligtak", "604", "<entry page=""604"" id=""11199""><form id=""ligtak"" lang=""ceb"">ligtak</form>
<hom role=""v""><pos>v</pos>
<sense n=""0""> <itype>[B26C; a12P]</itype><trans> for the skull to crack. </trans>
<eg><i lang=""ceb"">Miligtak ang íyang úlu pagkabunsù sa simintu,</i><trans> He cracked his skull when he fell, striking his head on the cement. </trans></eg>
<eg><i lang=""ceb"">Ligtákun ku nang úlu mu,</i><trans> I’ll crack your skull wide open.
</trans></eg>
</sense></hom></entry>");
INSERT INTO `wced_head` (entryid, head, normalized_head, type, pos) VALUES (11199, "ligtak", "ligtak", "m", "v");
INSERT INTO `wced_entry` VALUES (11200, "ligti", "604", "<entry page=""604"" id=""11200""><form id=""ligtiq"" lang=""ceb"">ligtì</form>
<hom role=""v""><pos>v</pos>
<sense n=""0""> <itype>[B26; a12]</itype><trans> </trans>
</sense>
<sense n=""1""><number>1</number><trans> for brittle things to crack due to sudden change of temperature. </trans>
<eg><i lang=""ceb"">Ang básu muligtì ug butangan ug pinabúkal nga túbig,</i><trans> The tumbler will crack if you put boiling water in it. </trans></eg>
<eg><i lang=""ceb"">Miligtì ang sundang kay dì maáyung pagkasubu,</i><trans> The sword cracked because it was not well tempered. </trans></eg>
</sense>
<sense n=""2""><number>2</number> <itype>[B26; a12]</itype><trans> <tr>crack</tr> s.t. </trans>
<eg><i lang=""ceb"">Ligtíun ku nang bagulbágul mu,</i><trans> I’ll crack your skull.
</trans></eg>
</sense></hom></entry>");
INSERT INTO `wced_head` (entryid, head, normalized_head, type, pos) VALUES (11200, "ligtì", "ligti", "m", "v");
INSERT INTO `wced_translation` (entryid, translation) VALUES (11200, "crack");
INSERT INTO `wced_entry` VALUES (11201, "ligtik", "604", "<entry page=""604"" id=""11201""><form id=""ligtik"" lang=""ceb"">ligtik</form>
<hom role=""v""><pos>v</pos>
<sense n=""0""> <itype>[B26; a12]</itype><trans> for s.t. to crack under pressure or sudden change of temperature. </trans>
<eg><i lang=""ceb"">Muligtik nang ímung tiyan ug magpalábi kag káun,</i><trans> Your stomach will burst if you eat too much. </trans></eg>
<eg><i lang=""ceb"">Muligtik (maligtik) ang sag-ub ug ímung ipusdak,</i><trans> The bamboo water container will crack if you slam it down hard on the ground.
</trans></eg>
</sense></hom></entry>");
INSERT INTO `wced_head` (entryid, head, normalized_head, type, pos) VALUES (11201, "ligtik", "ligtik", "m", "v");
INSERT INTO `wced_entry` VALUES (11202, "ligtiw", "604", "<entry page=""604"" id=""11202""><form id=""ligtiw"" lang=""ceb"">ligtiw</form>
<hom role=""v""><pos>v</pos>
<sense n=""0""> <itype>[B2346; b8]</itype><trans> <tr>fly off</tr> to a distance. </trans>
<eg><i lang=""ceb"">Naligtiwan ku sa aligatu sa nag-ismiril,</i><trans> The sparks flew off from the sharpening stone and hit me.
</trans></eg>
</sense></hom></entry>");
INSERT INTO `wced_head` (entryid, head, normalized_head, type, pos) VALUES (11202, "ligtiw", "ligtiw", "m", "v");
INSERT INTO `wced_translation` (entryid, translation) VALUES (11202, "fly off");
INSERT INTO `wced_entry` VALUES (11203, "ligu", "604", "<entry page=""604"" id=""11203""><form id=""lixguq"" lang=""ceb"">lígù</form>
<hom>
<sense n=""0""><trans> (from <ix>dígù</ix>) </trans>
</sense></hom>
<hom role=""v""><pos>v</pos>
<sense n=""0""> <itype>[A; a]</itype><trans> </trans>
</sense>
<sense n=""1""><number>1</number><trans> <tr>bathe</tr> s.o. </trans>
<eg><i lang=""ceb"">Ang inahan naglígù sa bátà,</i><trans> The mother is bathing the baby. </trans></eg>
<eg><i lang=""ceb"">Ligúa ang irù.</i><trans> Bathe the dog. </trans></eg>
</sense>
<sense n=""2""><number>2</number> <itype>[B123S56]</itype><trans> take a <tr>bath</tr>, <tr>go swimming</tr>. </trans>
<eg><i lang=""ceb"">Malígù (mukalígù) ta sa Talísay,</i><trans> We’ll go swimming at Talisay Beach. </trans></eg>
<eg><i lang=""ceb"">Dì ta makaligù kay way túbig,</i><trans> We cannot take a bath because there is no water. </trans></eg>
</sense>
<sense n=""2a""><number>2a</number> <itype>[B1256]</itype><trans> (in proverbs) do s.t. to a certain extent. </trans>
<eg><i lang=""ceb"">Puslan mang malígù, manlúgud na lang giyud,</i><trans> Since we took it on, we might as well go through with it. (We’re bathing so we might as well rub the dirt off.) </trans></eg>
<eg><i lang=""ceb"">Puslan mang mahumud, malígù na lang,</i><trans> Since you took it on, you might as well go the whole hog. (Lit. You got wet, so you might as well bathe.) </trans></eg>
</sense></hom>
<entry><form id=""walay_liguq"" lang=""ceb"">walay <abbr expan=""ligù"">(→)</abbr></form>
<hom role=""a""><pos>a</pos>
<sense n=""0""><trans> not having had a bath. </trans>
<eg><i lang=""ceb"">Húgaw batáa. Way ligù,</i><trans> What a dirty child. He didn’t take a bath. </trans></eg>
</sense></hom></entry>
<entry><form id=""kalixguq"" lang=""ceb""><abbr expan=""kalígù"">ka-</abbr></form>
<hom role=""v""><pos>v</pos>
<sense n=""1""><number>1</number> <itype>[A2; b6(1)]</itype><trans> <tr>take a bath</tr>. </trans>
<eg><i lang=""ceb"">Ayawg kaligúi ang banyu kay naistak-ap,</i><trans> Do not take a bath in the bathroom because it is plugged up. </trans></eg>
<eg><i lang=""ceb"">Ínit túbig ang ikalígù,</i><trans> Bathe with hot water. </trans></eg>
</sense>
<sense n=""1a""><number>1a</number> <itype>[A123S]</itype><trans> take a bath after being bedridden, and therefore be cured. </trans>
<eg><i lang=""ceb"">Makabalik ka na sa trabáhu kay nakaligù <pb n=""605""/>(nakakaligù) na ka,</i><trans> You may go back to work because you are all better now. </trans></eg>
</sense>
<sense n=""2""><number>2</number> <itype>[A123S]</itype><trans> be wet all over, as in taking a bath. </trans>
<eg><i lang=""ceb"">Nakaligù (nakakaligù) ang nangharánag íhì,</i><trans> The serenaders were bathed with urine. </trans></eg>
</sense></hom>
<hom role=""n""><pos>n</pos>
<sense n=""0""><trans> action of taking a bath, going swimming. </trans>
</sense></hom></entry>
<entry><form id=""kaliguan_kaliguanan"" lang=""ceb""><abbr expan=""kaliguan"">ka-an(→)</abbr>, <abbr expan=""kaliguanan"">ka-anan</abbr></form>
<hom role=""n""><pos>n</pos>
<sense n=""0""><trans> place one bathes or goes swimming. †
</trans>
</sense></hom></entry></entry>");
INSERT INTO `wced_head` (entryid, head, normalized_head, type, pos) VALUES (11203, "lígù", "ligu", "m", "v");
INSERT INTO `wced_head` (entryid, head, normalized_head, type, pos) VALUES (11203, "walay ligù", "walay ligu", "s", "a");
INSERT INTO `wced_head` (entryid, head, normalized_head, type, pos) VALUES (11203, "kalígù", "kaligu", "s", "vn");
INSERT INTO `wced_head` (entryid, head, normalized_head, type, pos) VALUES (11203, "kaliguan", "kaliguan", "s", "n");
INSERT INTO `wced_head` (entryid, head, normalized_head, type, pos) VALUES (11203, "kaliguanan", "kaliguanan", "s", "n");
INSERT INTO `wced_translation` (entryid, translation) VALUES (11203, "bathe");
INSERT INTO `wced_translation` (entryid, translation) VALUES (11203, "bath");
INSERT INTO `wced_translation` (entryid, translation) VALUES (11203, "go swimming");
INSERT INTO `wced_translation` (entryid, translation) VALUES (11203, "take a bath");
INSERT INTO `wced_entry` VALUES (11204, "lig-un", "605", "<entry page=""605"" id=""11204""><form id=""lig-un"" lang=""ceb"">lig-un</form>
<hom role=""a""><pos>a</pos>
<sense n=""1""><number>1</number><trans> <tr>strong</tr>, <tr>sturdy</tr>, <tr>durable</tr>. </trans>
<eg><i lang=""ceb"">Lig-un kaáyu ning baláya kay walà matumba sa bagyu,</i><trans> This is a strong house because it was not blown down in the storm. </trans></eg>
<eg><i lang=""ceb"">Lig-un ning panaptúna,</i><trans> This is durable cloth. </trans></eg>
</sense>
<sense n=""2""><number>2</number><trans> firm in will or endurance. </trans>
<eg><i lang=""ceb"">Dílì ni makapahílak níya kay lig-un siya ug balatían,</i><trans> You cannot make him cry with that because he is a strong child. </trans></eg>
<eg><i lang=""ceb"">Nagsáad siya sa lig-un nga dì na muusab,</i><trans> He firmly resolved never to do it again. </trans></eg>
</sense>
<sense n=""2a""><number>2a</number> <form id=""lig-un_ug_kasingkaxsing"" lang=""ceb""><abbr expan=""lig-un"">—</abbr> ug kasingkásing</form><trans> </trans>
</sense></hom>
<hom role=""a""><pos>a</pos>
<sense n=""0""><trans> <tr>stouthearted</tr>. </trans>
<eg><i lang=""ceb"">Ang táwung lig-un ug kasingkásing dílì daling mahadluk ug mawad-ag pagláum,</i><trans> A stouthearted man is not easily frightened nor easily discouraged. </trans></eg>
</sense>
<sense n=""3""><number>3</number><trans> strong, difficult to defeat. </trans>
<eg><i lang=""ceb"">Lig-un nga tím sa baskitbul,</i><trans> A strong basketball team. </trans></eg>
</sense></hom>
<entry><form id=""way_lig-un"" lang=""ceb"">way <abbr expan=""lig-un"">—</abbr></form>
<hom role=""a""><pos>a</pos>
<sense n=""0""><trans> weak, not strong. </trans>
<eg><i lang=""ceb"">Way lig-un ning báya kay gabuk na ug halígi,</i><trans> This house is not strong because it has weak posts. </trans></eg>
</sense></hom>
<hom role=""v""><pos>v</pos>
<sense n=""0""> <itype>[AB; a12]</itype><trans> be, become strong, durable, sturdy; cause s.t. to become so. </trans>
<eg><i lang=""ceb"">Lig-úna ang ímung kaugalíngun. Ayaw paghílak,</i><trans> Brace yourself. Don’t cry. </trans></eg>
</sense></hom></entry>
<entry><form id=""kalig-un"" lang=""ceb""><abbr expan=""kalig-un"">ka-</abbr></form>
<hom role=""n""><pos>n</pos>
<sense n=""0""><trans> <tr>strength</tr>, <tr>durability</tr>, <tr>firmness</tr>. </trans>
</sense></hom></entry>
<entry><form id=""kalig-uxnan"" lang=""ceb""><abbr expan=""kalig-únan"">ka-an</abbr></form>
<hom role=""n""><pos>n</pos>
<sense n=""0""><trans> documents as evidence of a contract, agreement, and the like. </trans>
<eg><i lang=""ceb"">Dúna kay kalig-únan báhin sa íyang útang?</i><trans> Do you have any evidence of her debt? </trans></eg>
<eg><i lang=""ceb"">Kining singsing kalig-únan sa ákung gugma nímu,</i><trans> This ring is a token of my love for you.
</trans></eg>
</sense></hom></entry></entry>");
INSERT INTO `wced_head` (entryid, head, normalized_head, type, pos) VALUES (11204, "lig-un", "lig-un", "m", "aa");
INSERT INTO `wced_head` (entryid, head, normalized_head, type, pos) VALUES (11204, "lig-un ug kasingkásing", "lig-un ug kasingkasing", "s", "");
INSERT INTO `wced_head` (entryid, head, normalized_head, type, pos) VALUES (11204, "way lig-un", "way lig-un", "s", "av");
INSERT INTO `wced_head` (entryid, head, normalized_head, type, pos) VALUES (11204, "kalig-un", "kalig-un", "s", "n");
INSERT INTO `wced_head` (entryid, head, normalized_head, type, pos) VALUES (11204, "kalig-únan", "kalig-unan", "s", "n");
INSERT INTO `wced_translation` (entryid, translation) VALUES (11204, "strong");
INSERT INTO `wced_translation` (entryid, translation) VALUES (11204, "sturdy");
INSERT INTO `wced_translation` (entryid, translation) VALUES (11204, "durable");
INSERT INTO `wced_translation` (entryid, translation) VALUES (11204, "stouthearted");
INSERT INTO `wced_translation` (entryid, translation) VALUES (11204, "strength");
INSERT INTO `wced_translation` (entryid, translation) VALUES (11204, "durability");
INSERT INTO `wced_translation` (entryid, translation) VALUES (11204, "firmness");
INSERT INTO `wced_entry` VALUES (11205, "ligung", "605", "<entry page=""605"" id=""11205""><form id=""ligung"" lang=""ceb"">ligung</form>
<hom>
<sense n=""0""><trans> <xr lang=""ceb"" target=""#binga"">= <sc>binga</sc>.</xr>
</trans>
</sense></hom></entry>");
INSERT INTO `wced_head` (entryid, head, normalized_head, type, pos) VALUES (11205, "ligung", "ligung", "m", "");
INSERT INTO `wced_entry` VALUES (11206, "ligutgut", "605", "<entry page=""605"" id=""11206""><form id=""ligutgut"" lang=""ceb"">ligutgut</form>
<hom>
<sense n=""0""><trans> <xr lang=""ceb"" target=""#aligutgut"">= <sc>aligutgut</sc>.</xr>
</trans>
</sense></hom></entry>");
INSERT INTO `wced_head` (entryid, head, normalized_head, type, pos) VALUES (11206, "ligutgut", "ligutgut", "m", "");
INSERT INTO `wced_entry` VALUES (11207, "liguy", "605", "<entry page=""605"" id=""11207""><form id=""liguy"" lang=""ceb"">liguy</form>
<hom role=""a""><pos>a</pos>
<sense n=""0""><trans> trying to get out of work. </trans>
<eg><i lang=""ceb"">Ang maistrang liguy muatúbang ug klási nga way lísun plan,</i><trans> The lazy teacher comes to class with no lesson plan. </trans></eg>
</sense></hom>
<hom role=""v""><pos>v</pos>
<sense n=""1""><number>1</number> <itype>[B; b6]</itype><trans> get out of work by being absent or simply not tending to it. </trans>
<eg><i lang=""ceb"">Ug dúnay mga bug-at nga buluhatun, muliguy siya,</i><trans> When there are unpleasant things to do, he bugs out. </trans></eg>
</sense>
<sense n=""2""><number>2</number> <itype>[A2; b6]</itype><trans> play hooky. </trans>
<eg><i lang=""ceb"">Muliguy ku sa klási kay mutan-aw kug sini,</i><trans> I will skip class to go to the movies. </trans></eg>
</sense></hom>
<entry><form id=""liguylixguy"" lang=""ceb"">liguylíguy</form>
<hom role=""v""><pos>v</pos>
<sense n=""0""> <itype>[A; b(1)]</itype><trans> </trans>
</sense>
<sense n=""1""><number>1</number><trans> loaf on the job. </trans>
<eg><i lang=""ceb"">Mauwaw kung muliguylíguy sa ákung trabáhu ug náa ang ákung ámu,</i><trans> I am ashamed to loaf on the job when my boss is around. </trans></eg>
</sense>
<sense n=""2""><number>2</number><trans> be absent from school every once in a while. </trans>
</sense></hom></entry>
<entry><form id=""kaliguy"" lang=""ceb""><abbr expan=""kaliguy"">ka-</abbr></form>
<hom role=""n""><pos>n</pos>
<sense n=""0""><trans> being a bug-out.
</trans>
</sense></hom></entry></entry>");
INSERT INTO `wced_head` (entryid, head, normalized_head, type, pos) VALUES (11207, "liguy", "liguy", "m", "av");
INSERT INTO `wced_head` (entryid, head, normalized_head, type, pos) VALUES (11207, "liguylíguy", "liguyliguy", "s", "v");
INSERT INTO `wced_head` (entryid, head, normalized_head, type, pos) VALUES (11207, "kaliguy", "kaliguy", "s", "n");
INSERT INTO `wced_entry` VALUES (11208, "ligwa", "605", "<entry page=""605"" id=""11208""><form id=""ligwa"" lang=""ceb"">ligwa</form>
<hom role=""n""><pos>n</pos>
<sense n=""0""><trans> measurement of distance: a league.
</trans>
</sense></hom></entry>");
INSERT INTO `wced_head` (entryid, head, normalized_head, type, pos) VALUES (11208, "ligwa", "ligwa", "m", "n");
INSERT INTO `wced_entry` VALUES (11209, "ligwan", "605", "<entry page=""605"" id=""11209""><form id=""ligwan"" lang=""ceb"">ligwan</form>
<hom role=""n""><pos>n</pos>
<sense n=""0""><trans> k.o. small wild honeybee, having black and light orange stripes, nesting inside trees or walls.
</trans>
</sense></hom></entry>");
INSERT INTO `wced_head` (entryid, head, normalized_head, type, pos) VALUES (11209, "ligwan", "ligwan", "m", "n");
INSERT INTO `wced_entry` VALUES (11210, "ligwat", "605", "<entry page=""605"" id=""11210""><form id=""ligwat"" lang=""ceb"">ligwat</form>
<hom role=""v""><pos>v</pos>
<sense n=""0""> <itype>[A; b6]</itype><trans> pry s.t. off or open. </trans>
<eg><i lang=""ceb"">Ligwáti lang ang kaban kay nasúd ang yáwi,</i><trans> Just pry the trunk open because the key is inside. </trans></eg>
<eg><i lang=""ceb"">Náay lansang sa bungbung muy iligwat sa pipsi,</i><trans> There’s a nail on the wall to open the Pepsi. </trans></eg>
</sense></hom>
<hom role=""n""><pos>n</pos>
<sense n=""0""><trans> s.t. used to pry s.t. open. </trans>
</sense></hom>
<entry><form id=""paligwat_ug_sulti"" lang=""ceb""><abbr expan=""paligwat"">pa-</abbr> ug sulti</form>
<hom role=""v""><pos>v</pos>
<sense n=""0""> <itype>[A; b]</itype><trans> make nasty allusions about s.o. </trans>
<eg><i lang=""ceb"">Pirmi siyang kakitag áway kay kusug mupaligwat ug sulti,</i><trans> She tends to pick quarrels because she tends to make nasty allusions.
</trans></eg>
</sense></hom></entry></entry>");
INSERT INTO `wced_head` (entryid, head, normalized_head, type, pos) VALUES (11210, "ligwat", "ligwat", "m", "vn");
INSERT INTO `wced_head` (entryid, head, normalized_head, type, pos) VALUES (11210, "paligwat ug sulti", "paligwat ug sulti", "s", "v");
INSERT INTO `wced_entry` VALUES (11211, "liha", "605", "<entry page=""605"" id=""11211""><form id=""lixha"" lang=""ceb"">líha</form>
<hom role=""v""><pos>v</pos>
<sense n=""0""> <itype>[A; b6]</itype><trans> rub or smooth down s.t. with sandpaper or s.t. similar. </trans>
<eg><i lang=""ceb"">Ikay mulíha sa tabla ug akuy mupintal,</i><trans> You sand the board, and I will paint it. </trans></eg>
</sense></hom>
<hom role=""n""><pos>n</pos>
<sense n=""0""><trans> <tr>sandpaper</tr> or s.t. used like sandpaper. </trans>
</sense></hom>
<entry><form id=""papil_dilixha"" lang=""ceb"">papil <abbr expan=""dilíha"">di-</abbr></form>
<hom>
<sense n=""0""><trans> <xr lang=""ceb"" target=""#lixha"">= <sc>líha</sc>.</xr>
</trans>
</sense></hom></entry></entry>");
INSERT INTO `wced_head` (entryid, head, normalized_head, type, pos) VALUES (11211, "líha", "liha", "m", "vn");
INSERT INTO `wced_head` (entryid, head, normalized_head, type, pos) VALUES (11211, "papil dilíha", "papil diliha", "s", "");
INSERT INTO `wced_translation` (entryid, translation) VALUES (11211, "sandpaper");
INSERT INTO `wced_entry` VALUES (11212, "lihang", "605", "<entry page=""605"" id=""11212""><form id=""lihang"" lang=""ceb"">lihang</form>
<hom role=""n""><pos>n</pos>
<sense n=""1""><number>1</number><trans> vertical space made when two long things are not placed closely. </trans>
<eg><i lang=""ceb"">Ang tayùtù nakalusut sa lihang sa bungbung,</i><trans> The lizard went through the space between the parts of the walling. </trans></eg>
</sense>
<sense n=""2""><number>2</number><trans> the space between teeth that are set somewhat apart.
</trans>
</sense></hom></entry>");
INSERT INTO `wced_head` (entryid, head, normalized_head, type, pos) VALUES (11212, "lihang", "lihang", "m", "n");
INSERT INTO `wced_entry` VALUES (11213, "lihat", "605", "<entry page=""605"" id=""11213""><form id=""lihat"" lang=""ceb"">lihat</form>
<hom role=""v""><pos>v</pos>
<sense n=""0""> <itype>[B126]</itype><trans> do s.t. <tr>inadvertently</tr>. </trans>
<eg><i lang=""ceb"">Ang kadaghan sa pumapálit mauy makalihat (makapalihat) nákù sa pagpanuklì,</i><trans> I made mistakes in making change because there were so many customers. </trans></eg>
<eg><i lang=""ceb"">Nalihat ang pulis patrul sa kutsi nga ílang gisunud,</i><trans> The police patrol inadvertently lost track of the car they were following.
</trans></eg>
</sense></hom></entry>");
INSERT INTO `wced_head` (entryid, head, normalized_head, type, pos) VALUES (11213, "lihat", "lihat", "m", "v");
INSERT INTO `wced_translation` (entryid, translation) VALUES (11213, "inadvertently");
INSERT INTO `wced_entry` VALUES (11214, "lihay, lihay", "605", "<entry page=""605"" id=""11214""><form id=""lihay_lixhay"" lang=""ceb"">lihay, líhay</form>
<hom role=""v""><pos>v</pos>
<sense n=""1""><number>1</number> <itype>[A2; c]</itype><trans> <tr>dodge</tr>, <tr>evade</tr> a blow. </trans>
<eg><i lang=""ceb"">Ilihay ang ímung nawung, ayawg atras,</i><trans> Pull your face away, but don’t back off. </trans></eg>
</sense>
<sense n=""2""><number>2</number> <itype>[A2; b(1)]</itype><trans> evade a question, wriggle out of s.t. </trans>
<eg><i lang=""ceb"">Maáyu siyang mulihay ug pangutána kay abugádu man,</i><trans> He is good in evading questions because he is a lawyer. </trans></eg>
<eg><i lang=""ceb"">Dì ka na giyud makalihay ánang mga pruyba,</i><trans> There is no way you can wriggle out of it in the face of this evidence. </trans></eg>
</sense>
<sense n=""2a""><number>2a</number><trans> escape one’s obligations. </trans>
<eg><i lang=""ceb"">Buluhatun nga íyang gilihayan,</i><trans> A job that he wriggled out of.
</trans></eg>
</sense></hom></entry>");
INSERT INTO `wced_head` (entryid, head, normalized_head, type, pos) VALUES (11214, "lihay", "lihay", "s", "v");
INSERT INTO `wced_head` (entryid, head, normalized_head, type, pos) VALUES (11214, "líhay", "lihay", "s", "v");
INSERT INTO `wced_translation` (entryid, translation) VALUES (11214, "dodge");
INSERT INTO `wced_translation` (entryid, translation) VALUES (11214, "evade");
INSERT INTO `wced_entry` VALUES (11215, "lihi", "605", "<entry page=""605"" id=""11215""><form id=""lihi"" lang=""ceb"">lihi</form>
<hom role=""v""><pos>v</pos>
<sense n=""1""><number>1</number> <itype>[A; b]</itype><trans> <tr>inaugurate</tr> s.t. with the proper ceremonies or magical ingredients. </trans>
<eg><i lang=""ceb"">Maglihi sila sa iskuylahan,</i><trans> They will have the school blessed. </trans></eg>
<eg><i lang=""ceb"">Kámay mauy ilihi sa mag-anak,</i><trans> When a woman is in labor, give her brown sugar to insure that she will recover quickly. </trans></eg>
</sense>
<sense n=""1a""><number>1a</number><trans> bury s.t. with plants to insure a good harvest. </trans>
<eg><i lang=""ceb"">Lihian ug tablíya ang tabákù arun lugum ug kulur ang dáhun,</i><trans> They plant chocolate together with tobacco seeds to assure that it will have dark-colored leaves. </trans></eg>
</sense>
<sense n=""1b""><number>1b</number><trans> begin the new year with a certain action which is believed will then endure for the rest of the year. </trans>
<eg><i lang=""ceb"">Gilihian níla ang bag-ung túig ug áway,</i><trans> They began the new year with a <pb n=""606""/>quarrel. </trans></eg>
</sense>
<sense n=""1c""><number>1c</number><trans> use s.t. for the first time following the proper prohibitions or injunctions. </trans>
<eg><i lang=""ceb"">Lihian nátug simba ang bag-u nátung sapátus arun mulungtad,</i><trans> Let’s wear our new shoes to church so they will last. </trans></eg>
</sense>
<sense n=""2""><number>2</number> <itype>[A1; b6(1)]</itype><trans> crave s.t. in the first few months of pregnancy such that the appearance of the thing desired appears as a birthmark in the offspring. </trans>
<eg><i lang=""ceb"">Kun maglihi kag asin, putì kunu ang ímung bátà,</i><trans> If you crave salt in your early months of pregnancy, your child will be white. </trans></eg>
</sense>
<sense n=""2a""><number>2a</number> <itype>[b4]</itype><trans> for a child to get the appearance of a certain thing his mother craved while she was conceiving him. </trans>
<eg><i lang=""ceb"">Náay pula nga tap-ing sa íyang nawung kay gilihian siyag kundíman,</i><trans> He has a purple splotch on his cheek because his mother craved red cloth in her pregnancy. </trans></eg>
</sense>
<sense n=""2b""><number>2b</number> <itype>[b4]</itype><trans> get to have a certain characteristic by starting out in a certain way. </trans>
<eg><i lang=""ceb"">Bag-ung túig gánì, sayug mata arun dì ka lìhan pagkahingatulug,</i><trans> Get up early on New Year’s day so you won’t get the characteristic of being a sleepyhead for the whole year. </trans></eg>
</sense></hom>
<hom role=""n""><pos>n</pos>
<sense n=""1""><number>1</number><trans> injunctions or prohibitions observed upon inaugurating s.t.; anything used as a magical means to insure success of s.t. inaugurated. </trans>
<eg><i lang=""ceb"">Ang lihi sa pagtanum ug mangga, asúkar,</i><trans> They use sugar to plant with mangoes to insure sweet fruit. </trans></eg>
</sense>
<sense n=""2""><number>2</number><trans> birthmark which is thought invariably to be due to a mother’s cravings in her early stages of pregnancy. </trans>
</sense></hom>
<entry><form id=""pistang_iglilihi"" lang=""ceb"">pistang <abbr expan=""iglilihi"">ig-l-(←)</abbr></form>
<hom role=""n""><pos>n</pos>
<sense n=""0""><trans> holiday of obligation in the Catholic Church.
</trans>
</sense></hom></entry></entry>");
INSERT INTO `wced_head` (entryid, head, normalized_head, type, pos) VALUES (11215, "lihi", "lihi", "m", "vn");
INSERT INTO `wced_head` (entryid, head, normalized_head, type, pos) VALUES (11215, "pistang iglilihi", "pistang iglilihi", "s", "n");
INSERT INTO `wced_translation` (entryid, translation) VALUES (11215, "inaugurate");
INSERT INTO `wced_entry` VALUES (11216, "lihiru", "606", "<entry page=""606"" id=""11216""><form id=""lihixru"" lang=""ceb"">lihíru</form>
<hom>
<sense n=""1""><number>1</number><trans> doing things with <tr>agility</tr> and <tr>rapidity</tr>. </trans>
<eg><i lang=""ceb"">Lihíru siyang sugúun,</i><trans> When you tell him to do s.t. he does it quickly and without hesitation. </trans></eg>
<eg><i lang=""ceb"">Lihíru siyang mulálag banig,</i><trans> She’s quick in weaving mats. </trans></eg>
</sense>
<sense n=""2""><number>2</number><trans> ready to do s.t. </trans>
<eg><i lang=""ceb"">Lihíru nga mangusì ning batáa sa íyang kadúlà,</i><trans> This child is quick to pinch his playmates. </trans></eg>
</sense>
<sense n=""3""><number>3</number><trans> skillful. </trans>
<eg><i lang=""ceb"">Lihíru siyang mudúwag ahidris,</i><trans> He’s good in playing chess. </trans></eg>
</sense>
<sense n=""4""><number>4</number><trans> bright. </trans>
<eg><i lang=""ceb"">Dakù siyag grádu kay lihíru man,</i><trans> He got high marks because he is intelligent. </trans></eg>
</sense>
<sense n=""4a""><number>4a</number><trans> smart, resourcefully shrewd. </trans>
<eg><i lang=""ceb"">Dì kang kaliput ánang kumirsiyantíha kay lihíru nà,</i><trans> You can’t put one over on that shrewd businessman. </trans></eg>
</sense>
<sense n=""5""><number>5</number> <form id=""lihixri_ug_kamut"" lang=""ceb""><abbr expan=""lihíri"">—</abbr> ug kamut</form><trans> </trans>
</sense></hom>
<hom role=""a""><pos>a</pos>
<sense n=""0""><trans> light-fingered. </trans>
<eg><i lang=""ceb"">Kinahanglang magbantay ang mga tindíra sa mga lihíru ug kamut,</i><trans> The salesgirls had better watch out for light-fingered customers. </trans></eg>
</sense></hom>
<hom role=""v""><pos>v</pos>
<sense n=""0""> <itype>[B125]</itype><trans> get to be expeditious, skillful. </trans>
<eg><i lang=""ceb"">Malihíru man lang ni si Puduy ug náay diyis,</i><trans> Podoy will move if he knows he can get a dime out of it.
</trans></eg>
</sense></hom></entry>");
INSERT INTO `wced_head` (entryid, head, normalized_head, type, pos) VALUES (11216, "lihíru", "lihiru", "m", "av");
INSERT INTO `wced_head` (entryid, head, normalized_head, type, pos) VALUES (11216, "lihíri ug kamut", "lihiri ug kamut", "s", "");
INSERT INTO `wced_translation` (entryid, translation) VALUES (11216, "agility");
INSERT INTO `wced_translation` (entryid, translation) VALUES (11216, "rapidity");
INSERT INTO `wced_entry` VALUES (11217, "lihisladur", "606", "<entry page=""606"" id=""11217""><form id=""lihisladur"" lang=""ceb"">lihisladur</form>
<hom role=""n""><pos>n</pos>
<sense n=""0""><trans> <tr>legislator</tr>. </trans>
</sense></hom>
<hom role=""v""><pos>v</pos>
<sense n=""0""> <itype>[B1456]</itype><trans> be, become a legislator.
</trans>
</sense></hom></entry>");
INSERT INTO `wced_head` (entryid, head, normalized_head, type, pos) VALUES (11217, "lihisladur", "lihisladur", "m", "nv");
INSERT INTO `wced_translation` (entryid, translation) VALUES (11217, "legislator");
INSERT INTO `wced_entry` VALUES (11218, "lihislatibu", "606", "<entry page=""606"" id=""11218""><form id=""lihislatixbu"" lang=""ceb"">lihislatíbu</form>
<hom role=""n""><pos>n</pos>
<sense n=""0""><trans> <tr>legislative</tr>.
</trans>
</sense></hom></entry>");
INSERT INTO `wced_head` (entryid, head, normalized_head, type, pos) VALUES (11218, "lihislatíbu", "lihislatibu", "m", "n");
INSERT INTO `wced_translation` (entryid, translation) VALUES (11218, "legislative");
INSERT INTO `wced_entry` VALUES (11219, "lihislatura", "606", "<entry page=""606"" id=""11219""><form id=""lihislatuxra"" lang=""ceb"">lihislatúra</form>
<hom role=""n""><pos>n</pos>
<sense n=""0""><trans> <tr>legislature</tr>.
</trans>
</sense></hom></entry>");
INSERT INTO `wced_head` (entryid, head, normalized_head, type, pos) VALUES (11219, "lihislatúra", "lihislatura", "m", "n");
INSERT INTO `wced_translation` (entryid, translation) VALUES (11219, "legislature");
INSERT INTO `wced_entry` VALUES (11220, "lihiya, lihiya", "606", "<entry page=""606"" id=""11220""><form id=""lihiya_lihixya"" lang=""ceb"">lihiya, lihíya</form>
<hom role=""n""><pos>n</pos>
<sense n=""0""><trans> <tr>lye</tr>: caustic soda or lye obtained from wood ashes. </trans>
</sense></hom>
<hom role=""v""><pos>v</pos>
<sense n=""0""> <itype>[A; a2]</itype><trans> make lye.
</trans>
</sense></hom></entry>");
INSERT INTO `wced_head` (entryid, head, normalized_head, type, pos) VALUES (11220, "lihiya", "lihiya", "s", "nv");
INSERT INTO `wced_head` (entryid, head, normalized_head, type, pos) VALUES (11220, "lihíya", "lihiya", "s", "nv");
INSERT INTO `wced_translation` (entryid, translation) VALUES (11220, "lye");
INSERT INTO `wced_entry` VALUES (11221, "lihu", "606", "<entry page=""606"" id=""11221""><form id=""lixhuq"" lang=""ceb"">líhù</form>
<hom role=""v""><pos>v</pos>
<sense n=""0""> <itype>[A; c]</itype><trans> guide s.o. while he urinates or defecates. </trans>
<eg><i lang=""ceb"">Ang míd mauy mulíhù sa bátà sa bangkíyu,</i><trans> The maid makes the child sit on the potty. </trans></eg>
<eg><i lang=""ceb"">Ilíhù ang masakitun sa inudúru,</i><trans> Guide the patient while he goes to the toilet.
</trans></eg>
</sense></hom></entry>");
INSERT INTO `wced_head` (entryid, head, normalized_head, type, pos) VALUES (11221, "líhù", "lihu", "m", "v");
INSERT INTO `wced_entry` VALUES (11222, "*lihug", "606", "<entry page=""606"" id=""11222""><form id=""xxlihug"" lang=""ceb"">*lihug</form>
<entry><form id=""palixhug"" lang=""ceb""><abbr expan=""palíhug"">pa-</abbr></form>
<hom>
<sense n=""1""><number>1</number><trans> <tr>please</tr>. </trans>
<eg><i lang=""ceb"">Palíhug, ikúhà akug túbig,</i><trans> Please, get me some water. </trans></eg>
</sense>
<sense n=""2""><number>2</number><trans> work bee in which people are not paid for their labor. </trans>
</sense></hom>
<hom role=""v""><pos>v</pos>
<sense n=""1""><number>1</number> <itype>[A; ac]</itype><trans> ask s.o. to do s.t. as a favor without pay. </trans>
<eg><i lang=""ceb"">Palihúgun ku siyag húlug ug suwat,</i><trans> I will ask him to do me the favor of mailing a letter. </trans></eg>
<eg><i lang=""ceb"">Dúna kuy ipalíhug nímu,</i><trans> I have a favor to ask of you. </trans></eg>
<eg><i lang=""ceb"">Ipalíhug kug kúhà ánà bisag wà kuy iháwun,</i><trans> Please do me the favor of getting it, even though I have no pig to roast (from the notion that people who are asked to do a big job without pay are generally given a good meal). </trans></eg>
</sense>
<sense n=""2""><number>2</number> <itype>[AN]</itype><trans> hold a work bee in which people work for free except for food and drinks. </trans>
<eg><i lang=""ceb"">Mupalíhug (mamalíhug) kug paalsa sa ákung balay,</i><trans> I’m having a work bee to move my house. </trans></eg>
</sense></hom>
<hom role=""n""><pos>n</pos>
<sense n=""1""><number>1</number><trans> <xr lang=""ceb"" target=""#x-in-"">= <sc><abbr expan=""linihug"">-in-</abbr></sc>.</xr> </trans>
</sense>
<sense n=""2""><number>2</number><trans> <tr>favor</tr> asked. </trans>
</sense></hom></entry>
<entry><form id=""pinalihug"" lang=""ceb""><abbr expan=""pinalihug"">pina-</abbr></form>
<hom role=""n""><pos>n</pos>
<sense n=""0""><trans> persons requested to help.
</trans>
</sense></hom></entry></entry>");
INSERT INTO `wced_head` (entryid, head, normalized_head, type, pos) VALUES (11222, "lihug", "lihug", "s", "");
INSERT INTO `wced_head` (entryid, head, normalized_head, type, pos) VALUES (11222, "palíhug", "palihug", "s", "vn");
INSERT INTO `wced_head` (entryid, head, normalized_head, type, pos) VALUES (11222, "pinalihug", "pinalihug", "s", "n");
INSERT INTO `wced_translation` (entryid, translation) VALUES (11222, "please");
INSERT INTO `wced_translation` (entryid, translation) VALUES (11222, "favor");
INSERT INTO `wced_entry` VALUES (11223, "lihuk", "606", "<entry page=""606"" id=""11223""><form id=""lixhuk"" lang=""ceb"">líhuk</form>
<hom role=""v""><pos>v</pos>
<sense n=""1""><number>1</number> <itype>[A2S]</itype><trans> <tr>move</tr>. </trans>
<eg><i lang=""ceb"">Búhì pa diay ang isdà kay naglihuk,</i><trans> The fish is still alive because it is moving. </trans></eg>
</sense>
<sense n=""1a""><number>1a</number> <itype>[A; a12]</itype><trans> cause s.t. to move. </trans>
<eg><i lang=""ceb"">Kinsay naglíhuk sa hárì áring damahan?</i><trans> Who moved the king here on the checkerboard? </trans></eg>
</sense>
<sense n=""1b""><number>1b</number> <itype>[A2; a12]</itype><trans> betake oneself to do s.t. </trans>
<eg><i lang=""ceb"">Dì mulíhuk ug dílì suburnúhan,</i><trans> They won’t make a move unless you bribe them. </trans></eg>
</sense>
<sense n=""2""><number>2</number> <itype>[A2; b4]</itype><trans> for a characteristic to make its appearance. </trans>
<eg><i lang=""ceb"">Ug mukatursi anyus na ang láki, mulíhuk na ang gána,</i><trans> When a boy reaches fourteen years or so, he begins to feel his sexual drives. </trans></eg>
<eg><i lang=""ceb"">Milíhuk na pud ang túlis,</i><trans> Robbery cases are on the rise. </trans></eg>
<eg><i lang=""ceb"">Gilihúkan na pud siya sa íyang kabúang,</i><trans> His insanity is making its appearance again. </trans></eg>
</sense></hom>
<hom role=""n""><pos>n</pos>
<sense n=""1""><number>1</number><trans> action, deed. </trans>
<eg><i lang=""ceb"">Katahápan ang íyang líhuk,</i><trans> His actions are arousing suspicion. </trans></eg>
</sense>
<sense n=""2""><number>2</number><trans> one’s turn to move a piece in a game. </trans>
</sense></hom>
<entry><form id=""hixnay_ug_lixhuk"" lang=""ceb"">hínay ug <abbr expan=""líhuk"">—</abbr></form>
<hom role=""a""><pos>a</pos>
<sense n=""1""><number>1</number><trans> timid, lacking aggressiveness. </trans>
<eg><i lang=""ceb"">Hínay nímug líhuk! Musugut na untà tu ug ímu pang giapríta,</i><trans> You sure don’t move! She would have accepted you had you pressed her. </trans></eg>
</sense>
<sense n=""2""><number>2</number><trans> slowpoke. </trans>
<eg><i lang=""ceb"">Hínay bayà nímug líhuk, wà man nímu mahuman nga udtu na man,</i><trans> You sure are slow! You haven’t finished and it’s already noon! </trans></eg>
</sense></hom></entry>
<entry><form id=""lihuk"" lang=""ceb""><abbr expan=""lihuk"">(→)</abbr></form>
<hom role=""n""><pos>n</pos>
<sense n=""0""><trans> movement, stirring. </trans>
<eg><i lang=""ceb"">Basta way irpákit, wà giyuy lihuk ang ayruplánu,</i><trans> As long as there are no air pockets the airplane will fly smoothly. </trans></eg>
</sense></hom>
<hom role=""a""><pos>a</pos>
<sense n=""1""><number>1</number><trans> always moving, <pb n=""607""/>unstable. </trans>
<eg><i lang=""ceb"">Lihuk kaáyung tabanúga,</i><trans> An unstable kite. </trans></eg>
<eg><i lang=""ceb"">Lihuk nga bátà,</i><trans> A restless child. </trans></eg>
</sense>
<sense n=""2""><number>2</number><trans> for women to have excessive sexual desire. </trans>
<eg><i lang=""ceb"">Ang mga babáying lihuk bísag minyù na, manguríbut pa giyud,</i><trans> Women who have excessive sexual desire fool around with men, even if they are married. </trans></eg>
</sense></hom>
<hom role=""v""><pos>v</pos>
<sense n=""0""> <itype>[B12; b6]</itype><trans> be, become s.t. that moves around too much or a woman of excessive desires. </trans>
</sense></hom></entry>
<entry><form id=""palixhuk"" lang=""ceb""><abbr expan=""palíhuk"">pa-</abbr></form>
<hom role=""v""><pos>v</pos>
<sense n=""0""> <itype>[A23; a12]</itype><trans> set s.t. into motion. </trans>
<eg><i lang=""ceb"">Ubang pulitiku mupalíhuk dáyun sa ubras publikas sa panahun sa piliay,</i><trans> Some politicians will set public works projects into motion during elections. </trans></eg>
</sense></hom></entry>
<entry><form id=""haglihuk"" lang=""ceb""><abbr expan=""haglihuk"">hag-</abbr></form>
<hom role=""v""><pos>v</pos>
<sense n=""0""> <itype>[B1256]</itype><trans> be able to move. </trans>
<eg><i lang=""ceb"">Pwirti nákung lisánga. Wà ku mahaglihuk,</i><trans> I was so frightened I couldn’t move. </trans></eg>
</sense></hom></entry>
<entry><form id=""lihukan"" lang=""ceb""><abbr expan=""lihukan"">-an(→)</abbr></form>
<hom role=""a""><pos>a</pos>
<sense n=""0""><trans> given to moving around, restless. </trans>
<eg><i lang=""ceb"">Lihukan siyag kamut sa sinihan,</i><trans> He has wandering hands in the movie house. </trans></eg>
</sense></hom></entry>
<entry><form id=""linihukan"" lang=""ceb""><abbr expan=""linihukan"">-in-an(→)</abbr></form>
<hom role=""n""><pos>n</pos>
<sense n=""0""><trans> way one acts. </trans>
</sense></hom></entry>
<entry><form id=""kalihuxkan"" lang=""ceb""><abbr expan=""kalihúkan"">ka-an</abbr></form>
<hom role=""n""><pos>n</pos>
<sense n=""1""><number>1</number><trans> activities. </trans>
<eg><i lang=""ceb"">Unsay kalihúkan sa iskuylahan rung gabíi?</i><trans> What is going on in school this evening? </trans></eg>
<eg><i lang=""ceb"">Kalihúkang langyaw,</i><trans> Foreign affairs. </trans></eg>
</sense>
<sense n=""2""><number>2</number><trans> movement, organized activities to gain a certain objective. </trans>
<eg><i lang=""ceb"">Kalihúkan sa pausbaw sa swildu,</i><trans> Movement to increase wages. </trans></eg>
</sense></hom></entry>
<entry><form id=""malihuk"" lang=""ceb""><abbr expan=""malihuk"">ma-(→)</abbr></form>
<hom>
<sense n=""0""><trans> <xr lang=""ceb"" target=""#lihuk"">= <sc>lihuk</sc>, <i lang=""ceb"">a</i>.</xr> </trans>
</sense></hom></entry>
<entry><form id=""panglixhuk"" lang=""ceb""><abbr expan=""panglíhuk"">paN-</abbr></form>
<hom role=""n""><pos>n</pos>
<sense n=""1""><number>1</number><trans> the way one carries himself. </trans>
<eg><i lang=""ceb"">Mga babáying artipisyal ang panlíhuk,</i><trans> Women with artificial ways about them. </trans></eg>
</sense>
<sense n=""2""><number>2</number><trans> things to be done, chores to attend to. </trans>
</sense></hom></entry>
<entry><form id=""lihukun"" lang=""ceb""><abbr expan=""lihukun"">-un(→)</abbr></form>
<hom>
<sense n=""0""><trans> <xr lang=""ceb"" target=""#pan-"">= <sc><abbr expan=""panglíhuk"">paN-</abbr></sc>, <i lang=""ceb"">n2.</i></xr>
</trans>
</sense></hom></entry></entry>");
INSERT INTO `wced_head` (entryid, head, normalized_head, type, pos) VALUES (11223, "líhuk", "lihuk", "m", "vn");
INSERT INTO `wced_head` (entryid, head, normalized_head, type, pos) VALUES (11223, "hínay ug líhuk", "hinay ug lihuk", "s", "a");
INSERT INTO `wced_head` (entryid, head, normalized_head, type, pos) VALUES (11223, "lihuk", "lihuk", "s", "nav");
INSERT INTO `wced_head` (entryid, head, normalized_head, type, pos) VALUES (11223, "palíhuk", "palihuk", "s", "v");
INSERT INTO `wced_head` (entryid, head, normalized_head, type, pos) VALUES (11223, "haglihuk", "haglihuk", "s", "v");
INSERT INTO `wced_head` (entryid, head, normalized_head, type, pos) VALUES (11223, "lihukan", "lihukan", "s", "a");
INSERT INTO `wced_head` (entryid, head, normalized_head, type, pos) VALUES (11223, "linihukan", "linihukan", "s", "n");
INSERT INTO `wced_head` (entryid, head, normalized_head, type, pos) VALUES (11223, "kalihúkan", "kalihukan", "s", "n");
INSERT INTO `wced_head` (entryid, head, normalized_head, type, pos) VALUES (11223, "malihuk", "malihuk", "s", "");
INSERT INTO `wced_head` (entryid, head, normalized_head, type, pos) VALUES (11223, "panglíhuk", "panglihuk", "s", "n");
INSERT INTO `wced_head` (entryid, head, normalized_head, type, pos) VALUES (11223, "lihukun", "lihukun", "s", "");
INSERT INTO `wced_translation` (entryid, translation) VALUES (11223, "move");
INSERT INTO `wced_entry` VALUES (11224, "lihut", "607", "<entry page=""607"" id=""11224""><form id=""lihut"" lang=""ceb"">lihut</form>
<hom role=""v""><pos>v</pos>
<sense n=""1""><number>1</number> <itype>[A2]</itype><trans> take time out to do s.t. for a moment. </trans>
<eg><i lang=""ceb"">Bisag daghang trabáhu, mulihut giyud siyag dúaw dinhi,</i><trans> In spite of all the things he has to attend to he still takes out time to come here. </trans></eg>
<eg><i lang=""ceb"">Makalihut pa giyud siyag suwat bísan ug bísi,</i><trans> She still found time to write to me even if she was busy. </trans></eg>
</sense>
<sense n=""2""><number>2</number> <itype>[A2; c1]</itype><trans> do s.t. secretly. </trans>
<eg><i lang=""ceb"">Kun maúlaw kang hidunggan, lihuta (ilihut) lang pagsulti,</i><trans> If you are ashamed to let anyone hear it, just tell it secretly.
</trans></eg>
</sense></hom></entry>");
INSERT INTO `wced_head` (entryid, head, normalized_head, type, pos) VALUES (11224, "lihut", "lihut", "m", "v");
INSERT INTO `wced_entry` VALUES (11225, "likag", "607", "<entry page=""607"" id=""11225""><form id=""likag"" lang=""ceb"">likag</form>
<hom role=""n""><pos>n</pos>
<sense n=""0""><trans> k.o. ray.
</trans>
</sense></hom></entry>");
INSERT INTO `wced_head` (entryid, head, normalized_head, type, pos) VALUES (11225, "likag", "likag", "m", "n");
INSERT INTO `wced_entry` VALUES (11226, "likat", "607", "<entry page=""607"" id=""11226""><form id=""likat"" lang=""ceb"">likat</form>
<hom role=""v""><pos>v</pos>
<sense n=""0""> <itype>[b8]</itype><trans> overlook or miss s.t. </trans>
<eg><i lang=""ceb"">Nalikatan (hilikatan) níyag ihap ang usa ka libru,</i><trans> He overlooked one book in counting them.
</trans></eg>
</sense></hom></entry>");
INSERT INTO `wced_head` (entryid, head, normalized_head, type, pos) VALUES (11226, "likat", "likat", "m", "v");
INSERT INTO `wced_entry` VALUES (11227, "likay", "607", "<entry page=""607"" id=""11227""><form id=""likay"" lang=""ceb"">likay</form>
<hom role=""v""><pos>v</pos>
<sense n=""1""><number>1</number> <itype>[A; b6]</itype><trans> <tr>avoid</tr> s.t., s.o.’s company. </trans>
<eg><i lang=""ceb"">Mulikay siya sa buluhatun,</i><trans> He tries to avoid work. </trans></eg>
<eg><i lang=""ceb"">Maglikay ka sa sámuk, ha?</i><trans> You must keep away from trouble, understand? </trans></eg>
<eg><i lang=""ceb"">Likayi nang tawhána kay palaaway siya,</i><trans> Keep away from that man because he is quarrelsome. </trans></eg>
<eg><i lang=""ceb"">Dílì kalikayan ang sayup,</i><trans> You can’t avoid making some mistakes. </trans></eg>
</sense>
<sense n=""1a""><number>1a</number> <itype>[a3]</itype><trans> be delivered, safe from actual or feared evil. </trans>
<eg><i lang=""ceb"">Mag-ampù ta básin ug malikay siya sa kadaútan,</i><trans> Let us pray and hope that he be kept safe from evil. </trans></eg>
</sense>
<sense n=""2""><number>2</number> <itype>[A2; c]</itype><trans> dodge s.t., duck out of the way. </trans>
<eg><i lang=""ceb"">Walà ku makalikay sa íyang suntuk,</i><trans> I was not able to dodge his blows. </trans></eg>
<eg><i lang=""ceb"">Naglikay sa bága, nahasugba sa síga,</i><trans> Out of the frying pan, into the fire (lit. avoiding the coals, he got broiled in the fire).
</trans></eg>
</sense></hom></entry>");
INSERT INTO `wced_head` (entryid, head, normalized_head, type, pos) VALUES (11227, "likay", "likay", "m", "v");
INSERT INTO `wced_translation` (entryid, translation) VALUES (11227, "avoid");
INSERT INTO `wced_entry` VALUES (11228, "likbung", "607", "<entry page=""607"" id=""11228""><form id=""likbung"" lang=""ceb"">likbung</form>
<hom role=""v""><pos>v</pos>
<sense n=""0""> <itype>[A; b6]</itype><trans> put s.t. in the way to prevent passage. </trans>
<eg><i lang=""ceb"">Ikaw bay naglikbung ug síya sa pultahan?</i><trans> Were you the one who placed a chair across the doorway? </trans></eg>
</sense></hom>
<hom role=""n""><pos>n</pos>
<sense n=""0""><trans> anything placed across an opening or passageway to prevent passage.
</trans>
</sense></hom></entry>");
INSERT INTO `wced_head` (entryid, head, normalized_head, type, pos) VALUES (11228, "likbung", "likbung", "m", "vn");
INSERT INTO `wced_entry` VALUES (11229, "likhad", "607", "<entry page=""607"" id=""11229""><form id=""likhad"" lang=""ceb"">likhad</form>
<hom role=""v""><pos>v</pos>
<sense n=""0""> <itype>[B3(1); b(1)]</itype><trans> for the brim of s.t. stiff and woven to open out. </trans>
<eg><i lang=""ceb"">Mulikhad (malikhad) ang daplin sa nígu ug wà pay liskug,</i><trans> The sides of a winnowing tray will come out open if there’s no ring to keep it in place.
</trans></eg>
</sense></hom></entry>");
INSERT INTO `wced_head` (entryid, head, normalized_head, type, pos) VALUES (11229, "likhad", "likhad", "m", "v");
INSERT INTO `wced_entry` VALUES (11230, "liki1", "607", "<entry page=""607"" id=""11230""><form id=""likiq"" lang=""ceb"">likì<sub>1</sub></form>
<hom role=""v""><pos>v</pos>
<sense n=""0""> <itype>[B2]</itype><trans> <tr>crack</tr>. </trans>
<eg><i lang=""ceb"">Mulikì ang yútà ug dúgay nga ulanun,</i><trans> The earth cracks if there is no rain for a long time. </trans></eg>
<eg><i lang=""ceb"">Ang ínit makalikì (makapalikì) sa tabla,</i><trans> Heat can make boards crack. </trans></eg>
<eg><i lang=""ceb"">Ang lapalapa mulikì ug dílì sapatúsan,</i><trans> Your soles will crack if you don’t wear shoes. </trans></eg>
</sense></hom>
<hom role=""n""><pos>n</pos>
<sense n=""0""><trans> <tr>crack</tr>. </trans>
</sense></hom>
<entry><form id=""bibingka_nga_usa_ray_likiq"" lang=""ceb"">bibingka nga usa ray <abbr expan=""likì"">—</abbr></form>
<hom>
<sense n=""0""><trans> female genitalia (humorous—lit. rice cake with a single crack). </trans>
</sense></hom></entry>
<entry><form id=""likiq_sa_kawaxyan"" lang=""ceb""><abbr expan=""likì"">—</abbr> sa kawáyan</form>
<hom role=""n""><pos>n</pos>
<sense n=""0""><trans> of unknown origin. </trans>
</sense>
<sense n=""a""><number>a</number><trans> illegitimate children. </trans>
<eg><i lang=""ceb"">Kanang mga anak mung gíkan sa likì sa kawáyan,</i><trans> Those illegitimate children of yours (lit. who come from the cracks in bamboos). </trans></eg>
</sense>
<sense n=""b""><number>b</number><trans> appearing from nowhere. </trans>
<eg><i lang=""ceb"">Mu ra mag gíkan sa likì sa kawáyan nang tawhána. Nikalit lag tunga dinhi,</i><trans> That man seems to have appeared out of nowhere. He just appeared in this place. </trans></eg>
</sense></hom>
<hom role=""a""><pos>a</pos>
<sense n=""0""><trans> having a crack. </trans>
<eg><i lang=""ceb"">Sugung nga likì,</i><trans> A bamboo container with a crack. </trans></eg>
</sense></hom></entry>
<entry><form id=""lixkiq"" lang=""ceb""><abbr expan=""líkì"">(←)</abbr></form>
<hom role=""v""><pos>v</pos>
<sense n=""0""> <itype>[a12]</itype><trans> do s.t. to s.o. intensely. </trans>
<eg><i lang=""ceb"">Likíun (likiyun) kag búnal ni Pápa mu ug sakpan ka,</i><trans> Your father will beat you mercilessly if he catches you. </trans></eg>
</sense></hom></entry>
<entry><form id=""palikiq"" lang=""ceb""><abbr expan=""palikì"">pa-</abbr></form>
<hom role=""v""><pos>v</pos>
<sense n=""0""> <itype>[A; a]</itype><trans> cause a crack or s.t. like a crack to appear s.w. </trans>
<eg><i lang=""ceb"">Palikiun ku ang ákung hinápay,</i><trans> I’ll do my hair with a part (lit. cause my hairdo to have a crack). †
</trans></eg>
</sense></hom></entry></entry>");
INSERT INTO `wced_head` (entryid, head, normalized_head, type, pos) VALUES (11230, "likì", "liki", "s", "vn");
INSERT INTO `wced_head` (entryid, head, normalized_head, type, pos) VALUES (11230, "bibingka nga usa ray likì", "bibingka nga usa ray liki", "s", "");
INSERT INTO `wced_head` (entryid, head, normalized_head, type, pos) VALUES (11230, "likì sa kawáyan", "liki sa kawayan", "s", "na");
INSERT INTO `wced_head` (entryid, head, normalized_head, type, pos) VALUES (11230, "líkì", "liki", "s", "v");
INSERT INTO `wced_head` (entryid, head, normalized_head, type, pos) VALUES (11230, "palikì", "paliki", "s", "v");
INSERT INTO `wced_translation` (entryid, translation) VALUES (11230, "crack");
INSERT INTO `wced_entry` VALUES (11231, "liki2", "607", "<entry page=""607"" id=""11231""><form id=""likiq2"" lang=""ceb"">likì<sub>2</sub></form>
<hom role=""v""><pos>v</pos>
<sense n=""0""> <itype>[A12]</itype><trans> take a liking to s.o. (humorous slang). </trans>
<eg><i lang=""ceb"">Nakalikì siya sa íyang bag-ung silíngan,</i><trans> She took a liking to her new neighbor.
</trans></eg>
</sense></hom></entry>");
INSERT INTO `wced_head` (entryid, head, normalized_head, type, pos) VALUES (11231, "likì", "liki", "s", "v");
INSERT INTO `wced_entry` VALUES (11232, "likid", "607", "<entry page=""607"" id=""11232""><form id=""lixkid"" lang=""ceb"">líkid</form>
<hom role=""v""><pos>v</pos>
<sense n=""0""> <itype>[A2]</itype><trans> go around a winding path or road. </trans>
<eg><i lang=""ceb"">Kun milíkid na gánì sila dílì na nímu sila makit-an,</i><trans> If they have already gone around the bend you won’t see them any more. </trans></eg>
<eg><i lang=""ceb"">Dúgay silang miabut sa ibabaw kay milíkid man sila,</i><trans> It took them long to reach the top because they took the winding path up.
</trans></eg>
</sense></hom></entry>");
INSERT INTO `wced_head` (entryid, head, normalized_head, type, pos) VALUES (11232, "líkid", "likid", "m", "v");
INSERT INTO `wced_entry` VALUES (11233, "likida, likidar", "607", "<entry page=""607"" id=""11233""><form id=""likida_likidar"" lang=""ceb"">likida, likidar</form>
<hom role=""v""><pos>v</pos>
<sense n=""0""> <itype>[A; a]</itype><trans> <tr>liquidate</tr>, <tr>kill</tr>. </trans>
<eg><i lang=""ceb"">Sinuhúlan ang milikidar sa kunggrisman,</i><trans> The congressman was killed by a hired goon.
</trans></eg>
</sense></hom></entry>");
INSERT INTO `wced_head` (entryid, head, normalized_head, type, pos) VALUES (11233, "likida", "likida", "s", "v");
INSERT INTO `wced_head` (entryid, head, normalized_head, type, pos) VALUES (11233, "likidar", "likidar", "s", "v");
INSERT INTO `wced_translation` (entryid, translation) VALUES (11233, "liquidate");
INSERT INTO `wced_translation` (entryid, translation) VALUES (11233, "kill");
INSERT INTO `wced_entry` VALUES (11234, "likids", "607", "<entry page=""607"" id=""11234""><form id=""lixkids"" lang=""ceb"">líkids</form>
<hom role=""n""><pos>n</pos>
<sense n=""0""><trans> leakage in a government examination, <pb n=""608""/>where the answers are given to buyers. </trans>
<eg><i lang=""ceb"">May líkids matag iksámin sa Síbil Sirbis,</i><trans> There is always a leakage every Civil Service exam. </trans></eg>
</sense></hom>
<hom role=""v""><pos>v</pos>
<sense n=""0""> <itype>[A12]</itype><trans> obtain the answers in advance through leakage. </trans>
<eg><i lang=""ceb"">Nakalíkids man maung nakapasar,</i><trans> He got the answers ahead, and that’s why he passed.
</trans></eg>
</sense></hom></entry>");
INSERT INTO `wced_head` (entryid, head, normalized_head, type, pos) VALUES (11234, "líkids", "likids", "m", "nv");
INSERT INTO `wced_entry` VALUES (11235, "likidu", "608", "<entry page=""608"" id=""11235""><form id=""likidu"" lang=""ceb"">likidu</form>
<hom role=""n""><pos>n</pos>
<sense n=""0""><trans> <tr>liquid</tr>, not solid.
</trans>
</sense></hom></entry>");
INSERT INTO `wced_head` (entryid, head, normalized_head, type, pos) VALUES (11235, "likidu", "likidu", "m", "n");
INSERT INTO `wced_translation` (entryid, translation) VALUES (11235, "liquid");
INSERT INTO `wced_entry` VALUES (11236, "likin", "608", "<entry page=""608"" id=""11236""><form id=""lixkin"" lang=""ceb"">líkin</form>
<hom role=""n""><pos>n</pos>
<sense n=""1""><number>1</number><trans> cigar made of finely crushed, roasted tobacco rolled in the <ix>lungbuy</ix> leaf or some other material formed into a tube. </trans>
</sense>
<sense n=""2""><number>2</number><trans> the wrapper for this sort of cigar. </trans>
</sense></hom>
<hom role=""v""><pos>v</pos>
<sense n=""0""> <itype>[A; a12]</itype><trans> make, make into this sort of cigar. </trans>
</sense></hom>
<entry><form id=""likin_likixnan_likinan"" lang=""ceb""><abbr expan=""likin"">(→)</abbr>, <abbr expan=""likínan"">-an</abbr>, <abbr expan=""likinan"">-an(→)</abbr></form>
<hom>
<sense n=""0""><trans> <xr lang=""ceb"" target=""#lixkin"">= <sc>líkin</sc>, <i lang=""ceb"">n2.</i></xr> </trans>
</sense></hom></entry>
<entry><form id=""linixkin"" lang=""ceb""><abbr expan=""liníkin"">-in-</abbr></form>
<hom>
<sense n=""0""><trans> <xr lang=""ceb"" target=""#lixkin"">= <sc>líkin</sc>, <i lang=""ceb"">n1.</i></xr>
</trans>
</sense></hom></entry></entry>");
INSERT INTO `wced_head` (entryid, head, normalized_head, type, pos) VALUES (11236, "líkin", "likin", "m", "nv");
INSERT INTO `wced_head` (entryid, head, normalized_head, type, pos) VALUES (11236, "likin", "likin", "s", "");
INSERT INTO `wced_head` (entryid, head, normalized_head, type, pos) VALUES (11236, "likínan", "likinan", "s", "");
INSERT INTO `wced_head` (entryid, head, normalized_head, type, pos) VALUES (11236, "likinan", "likinan", "s", "");
INSERT INTO `wced_head` (entryid, head, normalized_head, type, pos) VALUES (11236, "liníkin", "linikin", "s", "");
INSERT INTO `wced_entry` VALUES (11237, "likis", "608", "<entry page=""608"" id=""11237""><form id=""lixkis"" lang=""ceb"">líkis</form>
<hom role=""v""><pos>v</pos>
<sense n=""1""><number>1</number> <itype>[A13B; c]</itype><trans> be wound around, cause s.t. to do so. </trans>
<eg><i lang=""ceb"">Didtuy dakung sawa nga naglíkis sa sanga,</i><trans> There was a big snake wound around the branch. </trans></eg>
<eg><i lang=""ceb"">Ilíkis ug hugut ang písì sa halígi,</i><trans> Wind the rope tightly around the post. </trans></eg>
</sense>
<sense n=""2""><number>2</number> <itype>[A; c]</itype><trans> put s.t. all around s.t. </trans>
<eg><i lang=""ceb"">Akuy mulíkis aring mga batu líbut sa punúan sa tanum,</i><trans> I’ll put these stones around the base of the plants. </trans></eg>
</sense></hom>
<entry><form id=""likisan"" lang=""ceb""><abbr expan=""likisan"">-an(→)</abbr></form>
<hom role=""n""><pos>n</pos>
<sense n=""0""><trans> the beam at the far end of the loom around which the warp threads are wound.
</trans>
</sense></hom></entry></entry>");
INSERT INTO `wced_head` (entryid, head, normalized_head, type, pos) VALUES (11237, "líkis", "likis", "m", "v");
INSERT INTO `wced_head` (entryid, head, normalized_head, type, pos) VALUES (11237, "likisan", "likisan", "s", "n");
INSERT INTO `wced_entry` VALUES (11238, "likit", "608", "<entry page=""608"" id=""11238""><form id=""lixkit"" lang=""ceb"">líkit</form>
<hom role=""v""><pos>v</pos>
<sense n=""0""> <itype>[A; a12]</itype><trans> roll s.t. flat into a tight tube, or turn a tube to wind s.t. around it. </trans>
<eg><i lang=""ceb"">Maglíkit kug mga papil pára sa rípa,</i><trans> I will roll pieces of paper up for the raffle. </trans></eg>
<eg><i lang=""ceb"">Likta ug maáyu ang ímung tinustus arun dílì muhungaw,</i><trans> Roll your cigar tightly so it will draw in air well. </trans></eg>
</sense></hom>
<hom role=""n""><pos>n</pos>
<sense n=""0""><trans> tight roll. </trans>
<eg><i lang=""ceb"">Usa ka líkit nga kwarta,</i><trans> A roll of paper bills. </trans></eg>
</sense></hom>
<entry><form id=""linixkit"" lang=""ceb""><abbr expan=""liníkit"">-in-</abbr></form>
<hom>
<sense n=""0""><trans> <xr lang=""ceb"" target=""#lixkit"">= <sc>líkit</sc>, <i lang=""ceb"">n</i>.</xr>
</trans>
</sense></hom></entry></entry>");
INSERT INTO `wced_head` (entryid, head, normalized_head, type, pos) VALUES (11238, "líkit", "likit", "m", "vn");
INSERT INTO `wced_head` (entryid, head, normalized_head, type, pos) VALUES (11238, "liníkit", "linikit", "s", "");
INSERT INTO `wced_entry` VALUES (11239, "liklik", "608", "<entry page=""608"" id=""11239""><form id=""liklik"" lang=""ceb"">liklik</form>
<hom role=""v""><pos>v</pos>
<sense n=""0""> <itype>[A2N]</itype><trans> go along the edges of s.t. or round about, not straight across or in the center. </trans>
<eg><i lang=""ceb"">Nangliklik ku sa asíras kay nag-ulan,</i><trans> I walked along the sidewalk (rather than in the street) because it was raining. </trans></eg>
<eg><i lang=""ceb"">Mangliklik lang ta kay náay daghang buguy dihà sa agiánan,</i><trans> Let’s go around because there are lots of toughs on the road.
</trans></eg>
</sense></hom></entry>");
INSERT INTO `wced_head` (entryid, head, normalized_head, type, pos) VALUES (11239, "liklik", "liklik", "m", "v");
INSERT INTO `wced_entry` VALUES (11240, "likmu", "608", "<entry page=""608"" id=""11240""><form id=""likmuq"" lang=""ceb"">likmù</form>
<hom role=""v""><pos>v</pos>
<sense n=""1""><number>1</number> <itype>[A; c]</itype><trans> conceal s.t. so others will not know it. </trans>
<eg><i lang=""ceb"">Ilikmù nákù ang ákung daug,</i><trans> I’ll conceal the fact that I won. </trans></eg>
<eg><i lang=""ceb"">Likmúi ang inahan nga namatay ang íyang anak,</i><trans> Keep it hidden from the mother that her son died. </trans></eg>
</sense>
<sense n=""2""><number>2</number> <itype>[A; a2]</itype><trans> cheat s.o. by withholding part of the amount or number to be handed in. </trans>
<eg><i lang=""ceb"">Likmúun nákù ang katungà sa hálin,</i><trans> I’ll keep half of the proceeds to myself.
</trans></eg>
</sense></hom></entry>");
INSERT INTO `wced_head` (entryid, head, normalized_head, type, pos) VALUES (11240, "likmù", "likmu", "m", "v");
INSERT INTO `wced_entry` VALUES (11241, "liksi", "608", "<entry page=""608"" id=""11241""><form id=""liksi"" lang=""ceb"">liksi</form>
<hom role=""v""><pos>v</pos>
<sense n=""0""> <itype>[A2]</itype><trans> jump up or aside, usually by reflex action in fright or to avoid danger. </trans>
<eg><i lang=""ceb"">Miliksi siya sa kakurat,</i><trans> He jumped back with fright. </trans></eg>
</sense></hom>
<entry><form id=""liksiliksi"" lang=""ceb"">liksiliksi</form>
<hom role=""v""><pos>v</pos>
<sense n=""0""> <itype>[A; b6]</itype><trans> jump about violently. </trans>
<eg><i lang=""ceb"">Paknga ang isdà arun dílì muliksiliksi sulud sa baskit,</i><trans> Knock the fish on the head so they won’t thrash around in the basket.
</trans></eg>
</sense></hom></entry></entry>");
INSERT INTO `wced_head` (entryid, head, normalized_head, type, pos) VALUES (11241, "liksi", "liksi", "m", "v");
INSERT INTO `wced_head` (entryid, head, normalized_head, type, pos) VALUES (11241, "liksiliksi", "liksiliksi", "s", "v");
INSERT INTO `wced_entry` VALUES (11242, "liksiyun", "608", "<entry page=""608"" id=""11242""><form id=""liksiyun"" lang=""ceb"">liksiyun</form>
<hom role=""n""><pos>n</pos>
<sense n=""1""><number>1</number><trans> <tr>lesson in school</tr>. </trans>
</sense>
<sense n=""2""><number>2</number><trans> <tr>object lesson</tr>, an event or experience that should teach one to do s.t. differently. </trans>
<eg><i lang=""ceb"">Kadtung baháa liksiyun nátù báhin sa pagpanagag káhuy,</i><trans> That flood should be a lesson to us with regards to deforestation. </trans></eg>
</sense></hom>
<hom role=""v""><pos>v</pos>
<sense n=""1""><number>1</number> <itype>[A; a12]</itype><trans> assign, study a lesson. </trans>
<eg><i lang=""ceb"">Akuy muliksiyun ninyu run báhin sa paghúbad,</i><trans> I will give you a translation exercise today. </trans></eg>
<eg><i lang=""ceb"">Nagliksiyun mi báhin sa birbu,</i><trans> We were having our lesson on verbs. </trans></eg>
</sense>
<sense n=""2""><number>2</number> <itype>[A12; a12]</itype><trans> make s.o. know the disagreeable consequence of an act. </trans>
<eg><i lang=""ceb"">Liksiyunun ta ka sa ímung binúang,</i><trans> I will discipline you because of your foolishness.
</trans></eg>
</sense></hom></entry>");
INSERT INTO `wced_head` (entryid, head, normalized_head, type, pos) VALUES (11242, "liksiyun", "liksiyun", "m", "nv");
INSERT INTO `wced_translation` (entryid, translation) VALUES (11242, "lesson in school");
INSERT INTO `wced_translation` (entryid, translation) VALUES (11242, "object lesson");
INSERT INTO `wced_entry` VALUES (11243, "liktyur", "608", "<entry page=""608"" id=""11243""><form id=""liktyur"" lang=""ceb"">liktyur</form>
<hom role=""n""><pos>n</pos>
<sense n=""1""><number>1</number><trans> <tr>lecture</tr>. </trans>
</sense>
<sense n=""2""><number>2</number><trans> <tr>scolding</tr> (humorous slang). </trans>
</sense></hom>
<hom role=""v""><pos>v</pos>
<sense n=""0""> <itype>[A; b6]</itype><trans> </trans>
</sense>
<sense n=""1""><number>1</number><trans> give a lecture. </trans>
</sense>
<sense n=""2""><number>2</number><trans> <tr>scold</tr>. </trans>
<eg><i lang=""ceb"">Sa sayu sa buntag nagliktyur na siya sa íyang mga suluguun,</i><trans> It’s early in the morning, but she is already reading her servants a lecture.
</trans></eg>
</sense></hom></entry>");
INSERT INTO `wced_head` (entryid, head, normalized_head, type, pos) VALUES (11243, "liktyur", "liktyur", "m", "nv");
INSERT INTO `wced_translation` (entryid, translation) VALUES (11243, "lecture");
INSERT INTO `wced_translation` (entryid, translation) VALUES (11243, "scolding");
INSERT INTO `wced_translation` (entryid, translation) VALUES (11243, "scold");
INSERT INTO `wced_entry` VALUES (11244, "liku, liku", "608", "<entry page=""608"" id=""11244""><form id=""likuq_lixkuq"" lang=""ceb"">likù, líkù</form>
<hom role=""v""><pos>v</pos>
<sense n=""1""><number>1</number> <itype>[A2; c]</itype><trans> <tr>turn</tr>, <tr>change directions</tr>. </trans>
<eg><i lang=""ceb"">Mulikù ka sa wala padúlung sa pantalan,</i><trans> Turn left towards the wharf. </trans></eg>
<eg><i lang=""ceb"">Ilíkù ang dyíp dihang iskináha,</i><trans> Turn the jeep at the corner. </trans></eg>
</sense>
<sense n=""2""><number>2</number> <itype>[AB6; c1]</itype><trans> bend, be wound around. </trans>
<eg><i lang=""ceb"">Nakalikù siya sa bakus sa líug sa irù,</i><trans> She managed to get the belt around the dog’s neck. </trans></eg>
<eg><i lang=""ceb"">Kining karsadáha naglikù sa bungtud,</i><trans> This road encircles the hill. </trans></eg>
</sense></hom>
<entry><form id=""lixkuq"" lang=""ceb""><abbr expan=""líkù"">(←)</abbr></form>
<hom role=""v""><pos>v</pos>
<sense n=""0""> <itype>[B; c1]</itype><trans> for a way to be, become round about. </trans>
<eg><i lang=""ceb"">Mulíkù ang átung pagkaági ug manúbay ta sa karsáda,</i><trans> Our way will be round about if we follow the road. </trans></eg>
</sense></hom>
<hom role=""a""><pos>a</pos>
<sense n=""0""><trans> round about way. </trans>
</sense></hom></entry>
<entry><form id=""likuq"" lang=""ceb""><abbr expan=""likù"">(→)</abbr></form>
<hom role=""n""><pos>n</pos>
<sense n=""0""><trans> a bent pipe for channelling gas in a lantern. </trans>
</sense></hom></entry>
<entry><form id=""likuqlixkuq"" lang=""ceb"">likùlíkù</form>
<hom role=""a""><pos>a</pos>
<sense n=""1""><number>1</number><trans> <tr>zigzagging</tr>. </trans>
</sense>
<sense n=""2""><number>2</number><trans> not direct to the point, beating around the bush. </trans>
</sense></hom>
<hom role=""v""><pos>v</pos>
<sense n=""1""><number>1</number> <itype>[B456]</itype><trans> be, become zigzagging. </trans>
<eg><i lang=""ceb"">Mupahínay ka ug mulikùlíkù ang karsáda,</i><trans> Slow down if the road starts to zigzag. </trans></eg>
</sense>
<sense n=""2""><number>2</number> <itype>[A; c1]</itype><trans> beat around the bush. </trans>
<eg><i lang=""ceb"">Sultíhi ku sa inyung túyù. Ay na lag ilikùlíkù (likùlikúa),</i><trans> Tell me what it is you want. Don’t hem and haw. </trans></eg>
</sense></hom>
<hom role=""n""><pos>n</pos>
<sense n=""0""><trans> action of beating around the bush. </trans>
<eg><i lang=""ceb"">Sa way daghang likùlíkù mipadayag siya sa íyang túyù,</i><trans> Without beating around the bush, he disclosed his intentions. </trans></eg>
</sense></hom></entry>
<entry><form id=""likuqlikuan"" lang=""ceb"">likùlikuan</form>
<hom role=""a""><pos>a</pos>
<sense n=""0""><trans> one who is inconsistent in what he says, unreliable. </trans>
<eg><i lang=""ceb"">Dílì kasalígan ang táwung likùlikuan,</i><trans> A person who doesn’t say the same thing twice can’t be trusted. </trans></eg>
</sense></hom>
<hom role=""v""><pos>v</pos>
<sense n=""0""> <itype>[B12]</itype><trans> become inconsistent and unreliable. </trans>
</sense></hom></entry>
<entry><form id=""likuan_likuaxnan"" lang=""ceb""><abbr expan=""likuan"">-an(→)</abbr>, <abbr expan=""likuánan"">-anan</abbr></form>
<hom role=""n""><pos>n</pos>
<sense n=""1""><number>1</number><trans> curve, bend of a road. </trans>
<eg><i lang=""ceb"">Náa ang íla sa may likúan,</i><trans> Their place is near where the bend is. </trans></eg>
</sense>
<sense n=""2""><number>2</number><trans> place one turns off.
</trans>
</sense></hom></entry></entry>");
INSERT INTO `wced_head` (entryid, head, normalized_head, type, pos) VALUES (11244, "likù", "liku", "s", "v");
INSERT INTO `wced_head` (entryid, head, normalized_head, type, pos) VALUES (11244, "líkù", "liku", "s", "v");
INSERT INTO `wced_head` (entryid, head, normalized_head, type, pos) VALUES (11244, "likùlíkù", "likuliku", "s", "avn");
INSERT INTO `wced_head` (entryid, head, normalized_head, type, pos) VALUES (11244, "likùlikuan", "likulikuan", "s", "av");
INSERT INTO `wced_head` (entryid, head, normalized_head, type, pos) VALUES (11244, "likuan", "likuan", "s", "n");
INSERT INTO `wced_head` (entryid, head, normalized_head, type, pos) VALUES (11244, "likuánan", "likuanan", "s", "n");
INSERT INTO `wced_translation` (entryid, translation) VALUES (11244, "turn");
INSERT INTO `wced_translation` (entryid, translation) VALUES (11244, "change directions");
INSERT INTO `wced_translation` (entryid, translation) VALUES (11244, "zigzagging");
INSERT INTO `wced_entry` VALUES (11245, "likub", "608", "<entry page=""608"" id=""11245""><form id=""likub"" lang=""ceb"">likub</form>
<hom role=""v""><pos>v</pos>
<sense n=""0""> <itype>[A; b6(1)]</itype><trans> place or put s.t. in the middle or across a path to prevent or obstruct passage. </trans>
<eg><i lang=""ceb"">Akuy mulikub ug batu áning agianána, bir ug kinsay muyawyaw,</i><trans> I will <pb n=""609""/>put a rock in the middle of this pathway. Let’s see who dares complain. </trans></eg>
<eg><i lang=""ceb"">Ang kanal nalikban ug sagbut,</i><trans> The ditch was blocked with trash. </trans></eg>
</sense></hom>
<hom role=""n""><pos>n</pos>
<sense n=""0""><trans> anything in the way to obstruct passage.
</trans>
</sense></hom></entry>");
INSERT INTO `wced_head` (entryid, head, normalized_head, type, pos) VALUES (11245, "likub", "likub", "m", "vn");
INSERT INTO `wced_entry` VALUES (11246, "likud", "609", "<entry page=""609"" id=""11246""><form id=""likud"" lang=""ceb"">likud</form>
<hom>
<sense n=""1""><number>1</number><trans> <tr>behind</tr>, at the <tr>back of</tr>. </trans>
<eg><i lang=""ceb"">Ang ámung balay náa sa likud sa simbahan,</i><trans> Our house is behind the church. </trans></eg>
<eg><i lang=""ceb"">Didtu siya maglingkud sa likud sa trák,</i><trans> He sat in the back of the bus. </trans></eg>
</sense>
<sense n=""1a""><number>1a</number><trans> one’s back. </trans>
<eg><i lang=""ceb"">Palíhug kalúta ang ákung likud,</i><trans> Please scratch my back. </trans></eg>
</sense>
<sense n=""2""><number>2</number><trans> coming after. </trans>
<eg><i lang=""ceb"">Likud sa íyang mga pag-antus miabut ang kalampúsan,</i><trans> On the heels of his sufferings came success. </trans></eg>
</sense>
<sense n=""3""><number>3</number><trans> coexistent with but not readily apparent. </trans>
<eg><i lang=""ceb"">Likud sa íyang pahiyum nag-umidu ang kayugut,</i><trans> There is a seething rancor behind her smile. </trans></eg>
<eg><i lang=""ceb"">Didtuy mistiryu nga nahitágù sa likud sa kangitngit,</i><trans> There was s.t. mysterious hidden in the midst of the darkness. </trans></eg>
</sense></hom>
<hom role=""v""><pos>v</pos>
<sense n=""0""> <itype>[AN; c1]</itype><trans> <tr>betray</tr>, turn one over to his enemies. </trans>
<eg><i lang=""ceb"">Gilikud si Taruk sa íyang sákup ngadtu sa Písi,</i><trans> Taruc’s men betrayed him to the <abbr expan=""Philippine Constabulary"">P.C.</abbr> </trans></eg>
</sense></hom>
<entry><form id=""likuran"" lang=""ceb"">likuran</form>
<hom role=""n""><pos>n</pos>
<sense n=""0""><trans> place in back of s.t. </trans>
</sense></hom></entry>
<entry><form id=""likudlixkud"" lang=""ceb"">likudlíkud</form>
<hom role=""n""><pos>n</pos>
<sense n=""0""><trans> eve before a wedding. </trans>
<eg><i lang=""ceb"">Mikalit lang siyag kahánaw sa likudlíkud sa íyang kasal,</i><trans> He suddenly disappeared on the eve of his wedding.
</trans></eg>
</sense></hom></entry></entry>");
INSERT INTO `wced_head` (entryid, head, normalized_head, type, pos) VALUES (11246, "likud", "likud", "m", "v");
INSERT INTO `wced_head` (entryid, head, normalized_head, type, pos) VALUES (11246, "likuran", "likuran", "s", "n");
INSERT INTO `wced_head` (entryid, head, normalized_head, type, pos) VALUES (11246, "likudlíkud", "likudlikud", "s", "n");
INSERT INTO `wced_translation` (entryid, translation) VALUES (11246, "behind");
INSERT INTO `wced_translation` (entryid, translation) VALUES (11246, "back of");
INSERT INTO `wced_translation` (entryid, translation) VALUES (11246, "betray");
INSERT INTO `wced_entry` VALUES (11247, "likug", "609", "<entry page=""609"" id=""11247""><form id=""likug"" lang=""ceb"">likug</form>
<hom role=""v""><pos>v</pos>
<sense n=""0""> <itype>[AB; c1]</itype><trans> for s.t. long and thin to get crooked or curled. </trans>
<eg><i lang=""ceb"">Gilikug níla ang alambri sa punúan sa káhuy,</i><trans> They tied the wire around the trunk of the tree. </trans></eg>
</sense></hom>
<hom role=""a""><pos>a</pos>
<sense n=""0""><trans> <tr>crooked</tr>, not straight. </trans>
<eg><i lang=""ceb"">Dì na magámit ang rúlir, kay likug na,</i><trans> We can’t use the ruler because it is bent.
</trans></eg>
</sense></hom></entry>");
INSERT INTO `wced_head` (entryid, head, normalized_head, type, pos) VALUES (11247, "likug", "likug", "m", "va");
INSERT INTO `wced_translation` (entryid, translation) VALUES (11247, "crooked");
INSERT INTO `wced_entry` VALUES (11248, "likulikuhan", "609", "<entry page=""609"" id=""11248""><form id=""likulikuhan"" lang=""ceb"">likulikuhan</form>
<hom>
<sense n=""0""><trans> <xr lang=""ceb"" target=""#likuqlikuan"">= <sc>likùlikuan</sc>.</xr> <ix>see</ix> <xr lang=""ceb"" target=""#likuq""><sc>likù</sc>.</xr>
</trans>
</sense></hom></entry>");
INSERT INTO `wced_head` (entryid, head, normalized_head, type, pos) VALUES (11248, "likulikuhan", "likulikuhan", "m", "");
INSERT INTO `wced_entry` VALUES (11249, "likung, likung", "609", "<entry page=""609"" id=""11249""><form id=""likung_lixkung"" lang=""ceb"">likung, líkung</form>
<hom role=""v""><pos>v</pos>
<sense n=""0""> <itype>[A; c1]</itype><trans> make into a circle, coil. </trans>
<eg><i lang=""ceb"">Likúngun (ilíkung) ku ning alambri,</i><trans> I will coil up the wire into a circular loop. </trans></eg>
</sense></hom>
<hom role=""n""><pos>n</pos>
<sense n=""0""><trans> s.t. fashioned into a coil, loop. </trans>
<eg><i lang=""ceb"">Dúnay líkung nga gipátung níya sa íyang úlu silbing hapin sa íyang lukdúun,</i><trans> She has a piece of cloth rolled into a coil which she placed on her head to cushion what she is going to carry. </trans></eg>
<eg><i lang=""ceb"">Kuháang likung kay maghulahup ku,</i><trans> Get me a hoop. I’m going to play hulahoop.
</trans></eg>
</sense></hom></entry>");
INSERT INTO `wced_head` (entryid, head, normalized_head, type, pos) VALUES (11249, "likung", "likung", "s", "vn");
INSERT INTO `wced_head` (entryid, head, normalized_head, type, pos) VALUES (11249, "líkung", "likung", "s", "vn");
INSERT INTO `wced_entry` VALUES (11250, "likup, likup", "609", "<entry page=""609"" id=""11250""><form id=""likup_lixkup"" lang=""ceb"">likup, líkup</form>
<hom role=""v""><pos>v</pos>
<sense n=""0""> <itype>[A2S; a]</itype><trans> <tr>surround</tr>, <tr>enclose</tr>. </trans>
<eg><i lang=""ceb"">Ang mga kaáway milíkup sa ílang kampu,</i><trans> The enemies surrounded their camp. </trans></eg>
<eg><i lang=""ceb"">Daghang mistiryu ang naglikup niíning hitabúa,</i><trans> The event is shrouded in mystery. </trans></eg>
<eg><i lang=""ceb"">Likpa (likupa, palikpi) ug kural ang balay,</i><trans> Build a fence around the house. </trans></eg>
</sense></hom>
<entry><form id=""likup"" lang=""ceb""><abbr expan=""likup"">(→)</abbr></form>
<hom role=""n""><pos>n</pos>
<sense n=""0""><trans> distance or measurement around s.t. </trans>
</sense></hom></entry>
<entry><form id=""kaliuxpan_palikup"" lang=""ceb""><abbr expan=""kaliúpan"">ka-an</abbr>, <abbr expan=""palikup"">pa-</abbr></form>
<hom role=""n""><pos>n</pos>
<sense n=""0""><trans> <tr>surroundings</tr>, <tr>environs</tr>.
</trans>
</sense></hom></entry></entry>");
INSERT INTO `wced_head` (entryid, head, normalized_head, type, pos) VALUES (11250, "likup", "likup", "s", "v");
INSERT INTO `wced_head` (entryid, head, normalized_head, type, pos) VALUES (11250, "líkup", "likup", "s", "v");
INSERT INTO `wced_head` (entryid, head, normalized_head, type, pos) VALUES (11250, "kaliúpan", "kaliupan", "s", "n");
INSERT INTO `wced_head` (entryid, head, normalized_head, type, pos) VALUES (11250, "palikup", "palikup", "s", "n");
INSERT INTO `wced_translation` (entryid, translation) VALUES (11250, "surround");
INSERT INTO `wced_translation` (entryid, translation) VALUES (11250, "enclose");
INSERT INTO `wced_translation` (entryid, translation) VALUES (11250, "surroundings");
INSERT INTO `wced_translation` (entryid, translation) VALUES (11250, "environs");
INSERT INTO `wced_entry` VALUES (11251, "lik-up", "609", "<entry page=""609"" id=""11251""><form id=""lik-up"" lang=""ceb"">lik-up</form>
<hom role=""v""><pos>v</pos>
<sense n=""0""> <itype>[A; b6(1)]</itype><trans> close, cover a passage. </trans>
<eg><i lang=""ceb"">Dì mu makalik-up ning dalána kay agiánan man ni sa publiku,</i><trans> You can’t block this road because this is a public thoroughfare. </trans></eg>
<eg><i lang=""ceb"">Ákung gilik-úpan ang sapà arun muhubas ang ubus,</i><trans> I’m damming up the brook so that the area below will dry up.
</trans></eg>
</sense></hom></entry>");
INSERT INTO `wced_head` (entryid, head, normalized_head, type, pos) VALUES (11251, "lik-up", "lik-up", "m", "v");
INSERT INTO `wced_entry` VALUES (11252, "likuplikup", "609", "<entry page=""609"" id=""11252""><form id=""likuplikup"" lang=""ceb"">likuplikup</form>
<hom role=""n""><pos>n</pos>
<sense n=""0""><trans> a climbing vine with whitish-yellow flowers and round, smooth leaves, belonging to the family <bio>Dischidia</bio>.
</trans>
</sense></hom></entry>");
INSERT INTO `wced_head` (entryid, head, normalized_head, type, pos) VALUES (11252, "likuplikup", "likuplikup", "m", "n");
INSERT INTO `wced_entry` VALUES (11253, "likus", "609", "<entry page=""609"" id=""11253""><form id=""lixkus"" lang=""ceb"">líkus</form>
<hom role=""v""><pos>v</pos>
<sense n=""0""> <itype>[A; c]</itype><trans> be <tr>coiled around</tr> s.t. </trans>
<eg><i lang=""ceb"">Sawa nga nagalíkus sa sanga,</i><trans> A snake coiled around the branch. </trans></eg>
<eg><i lang=""ceb"">Milíkus sa payag ang mga sundálu,</i><trans> The soldiers surrounded the hut. </trans></eg>
<eg><i lang=""ceb"">Dúnay paril nga naglíkus sa simbahan,</i><trans> There is a stone wall that is surrounding the church. </trans></eg>
<eg><i lang=""ceb"">Ílang giliksan sa púkut ang dakung duut sa isdà,</i><trans> They encircled the big school of fish with the net. </trans></eg>
</sense></hom>
<hom role=""n""><pos>n</pos>
<sense n=""0""><trans> measurement around s.t., perimeter. </trans>
</sense></hom>
<entry><form id=""likus_likuslikus"" lang=""ceb""><abbr expan=""likus"">(→)</abbr>, likuslikus</form>
<hom role=""n""><pos>n</pos>
<sense n=""0""><trans> k.o. itchy skin infection where eruptions of watery pustules appear in splotches around the body and later burst.
</trans>
</sense></hom></entry></entry>");
INSERT INTO `wced_head` (entryid, head, normalized_head, type, pos) VALUES (11253, "líkus", "likus", "m", "vn");
INSERT INTO `wced_head` (entryid, head, normalized_head, type, pos) VALUES (11253, "likus", "likus", "s", "n");
INSERT INTO `wced_head` (entryid, head, normalized_head, type, pos) VALUES (11253, "likuslikus", "likuslikus", "s", "n");
INSERT INTO `wced_translation` (entryid, translation) VALUES (11253, "coiled around");
INSERT INTO `wced_entry` VALUES (11254, "likut", "609", "<entry page=""609"" id=""11254""><form id=""likut"" lang=""ceb"">likut</form>
<hom role=""a""><pos>a</pos>
<sense n=""0""><trans> <tr>slit-eyed</tr>. </trans>
<eg><i lang=""ceb"">Likut siya kay kalíwat ug Insik,</i><trans> He has narrow eyes. He is of Chinese extraction. </trans></eg>
</sense></hom>
<hom role=""v""><pos>v</pos>
<sense n=""0""> <itype>[B15]</itype><trans> be, become slit-eyed.
</trans>
</sense></hom></entry>");
INSERT INTO `wced_head` (entryid, head, normalized_head, type, pos) VALUES (11254, "likut", "likut", "m", "av");
INSERT INTO `wced_translation` (entryid, translation) VALUES (11254, "slit-eyed");
INSERT INTO `wced_entry` VALUES (11255, "likuy, likuy", "609", "<entry page=""609"" id=""11255""><form id=""likuy_lixkuy"" lang=""ceb"">likuy, líkuy</form>
<hom role=""a""><pos>a</pos>
<sense n=""0""><trans> going in a curve. </trans>
<eg><i lang=""ceb"">Líkuy ang dágan sa búla kay walà man manibil ang mísa,</i><trans> The ball is rolling crooked because the billiard table is not level. </trans></eg>
</sense></hom>
<hom role=""v""><pos>v</pos>
<sense n=""0""> <itype>[B2S]</itype><trans> for a ball to curve or swerve. </trans>
<eg><i lang=""ceb"">Lisud saw-un ang búla nga naglikuy,</i><trans> It is hard to catch a curve ball.
</trans></eg>
</sense></hom></entry>");
INSERT INTO `wced_head` (entryid, head, normalized_head, type, pos) VALUES (11255, "likuy", "likuy", "s", "av");
INSERT INTO `wced_head` (entryid, head, normalized_head, type, pos) VALUES (11255, "líkuy", "likuy", "s", "av");
INSERT INTO `wced_entry` VALUES (11256, "likwa", "609", "<entry page=""609"" id=""11256""><form id=""likwa"" lang=""ceb"">likwa</form>
<hom role=""v""><pos>v</pos>
<sense n=""0""> <itype>[c]</itype><trans> buy stock with the proceeds of a day’s sale. </trans>
<eg><i lang=""ceb"">Ígù rang ilikwa ang halin karung adláwa,</i><trans> Today’s sales are just enough to buy new stock. </trans></eg>
</sense></hom>
<entry><form id=""likwalikwa"" lang=""ceb"">likwalikwa</form>
<hom role=""n""><pos>n</pos>
<sense n=""0""><trans> the system of small-time buying and selling in which the entire capital is tied up in a single day’s sales and the proceeds go for buying new goods. </trans>
</sense></hom>
<hom role=""v""><pos>v</pos>
<sense n=""0""> <itype>[A12; c]</itype><trans> operate a business on this method.
</trans>
</sense></hom></entry></entry>");
INSERT INTO `wced_head` (entryid, head, normalized_head, type, pos) VALUES (11256, "likwa", "likwa", "m", "v");
INSERT INTO `wced_head` (entryid, head, normalized_head, type, pos) VALUES (11256, "likwalikwa", "likwalikwa", "s", "nv");
INSERT INTO `wced_entry` VALUES (11257, "likwad", "609", "<entry page=""609"" id=""11257""><form id=""likwad"" lang=""ceb"">likwad</form>
<hom role=""v""><pos>v</pos>
<sense n=""0""> <itype>[AN; c]</itype><trans> cleverly deny s.t. or conceal a truth when accused. </trans>
<eg><i lang=""ceb"">Dì ka makalikwad kay nasáyud na ku,</i><trans> Don’t try to be clever and hide anything because I already know. </trans></eg>
<eg><i lang=""ceb"">Ayawg ilikwad nákù ang hustung kítà,</i><trans> Don’t try to conceal exactly what the proceeds are. </trans></eg>
</sense></hom>
<hom role=""a""><pos>a</pos>
<sense n=""0""><trans> cleverly denying or concealing s.t. when accused. </trans>
</sense></hom>
<entry><form id=""likwadlikwad"" lang=""ceb"">likwadlikwad</form>
<hom role=""v""><pos>v</pos>
<sense n=""0""> <itype>[A; c1]</itype><trans> investigate, cross-examine thoroughly, turning questions inside out. </trans>
<eg><i lang=""ceb"">Ug likwadlikwárun (ilikwadlikwad) ang mga pangutána, tingálig maluba ang giakusar,</i><trans> If the questions are turned inside out in the course of the cross-examination, the accused will probably give in.
</trans></eg>
</sense></hom></entry></entry>");
INSERT INTO `wced_head` (entryid, head, normalized_head, type, pos) VALUES (11257, "likwad", "likwad", "m", "va");
INSERT INTO `wced_head` (entryid, head, normalized_head, type, pos) VALUES (11257, "likwadlikwad", "likwadlikwad", "s", "v");
INSERT INTO `wced_entry` VALUES (11258, "likwala", "609", "<entry page=""609"" id=""11258""><form id=""likwaxla"" lang=""ceb"">likwála</form>
<hom role=""n""><pos>n</pos>
<sense n=""0""><trans> k.o. ornamental palm with wide, round, accordion-like leaves and long, slender stalks lined with thorns at the sides: <bio>Licuala spp</bio>.
</trans>
</sense></hom></entry>");
INSERT INTO `wced_head` (entryid, head, normalized_head, type, pos) VALUES (11258, "likwála", "likwala", "m", "n");
INSERT INTO `wced_entry` VALUES (11259, "likwang", "609", "<entry page=""609"" id=""11259""><form id=""likwang"" lang=""ceb"">likwang</form>
<hom role=""v""><pos>v</pos>
<sense n=""0""> <itype>[A; b2c1]</itype><trans> tilt or turn s.t. heavy over. </trans>
<eg><i lang=""ceb"">Likwángun (ilikwang) ku ang batu ug <pb n=""610""/>náa bay kinhasun sa iláwum,</i><trans> I’ll turn the stone over to see whether there are any shells under it. </trans></eg>
<eg><i lang=""ceb"">Ilikwang (likwánga) ang baril arun mayabu ang súd,</i><trans> Turn the barrel over to pour the water out.
</trans></eg>
</sense></hom></entry>");
INSERT INTO `wced_head` (entryid, head, normalized_head, type, pos) VALUES (11259, "likwang", "likwang", "m", "v");
INSERT INTO `wced_entry` VALUES (11260, "likyad", "610", "<entry page=""610"" id=""11260""><form id=""likyad"" lang=""ceb"">likyad</form>
<hom role=""v""><pos>v</pos>
<sense n=""0""> <itype>[B23(1); c6]</itype><trans> curl up at the edges. </trans>
<eg><i lang=""ceb"">Milikyad ang playwud nga giparka sa sakayan,</i><trans> The plywood they used to wall the boat curled at the edges. </trans></eg>
<eg><i lang=""ceb"">Milikyad ang papil nga gipapilit sa bungbung kay natangtang ang ngilit,</i><trans> The paper that had been pasted to the walls curled up because the edges got loose.
</trans></eg>
</sense></hom></entry>");
INSERT INTO `wced_head` (entryid, head, normalized_head, type, pos) VALUES (11260, "likyad", "likyad", "m", "v");
INSERT INTO `wced_entry` VALUES (11261, "lila", "610", "<entry page=""610"" id=""11261""><form id=""lixla"" lang=""ceb"">líla</form>
<hom role=""a""><pos>a</pos>
<sense n=""0""><trans> <tr>violet</tr>. </trans>
</sense></hom>
<hom role=""v""><pos>v</pos>
<sense n=""0""> <itype>[A13; a12]</itype><trans> color s.t. violet.
</trans>
</sense></hom></entry>");
INSERT INTO `wced_head` (entryid, head, normalized_head, type, pos) VALUES (11261, "líla", "lila", "m", "av");
INSERT INTO `wced_translation` (entryid, translation) VALUES (11261, "violet");
INSERT INTO `wced_entry` VALUES (11262, "lilang", "610", "<entry page=""610"" id=""11262""><form id=""lixlang"" lang=""ceb"">lílang</form>
<hom role=""n""><pos>n</pos>
<sense n=""0""><trans> k.o. herring.
</trans>
</sense></hom></entry>");
INSERT INTO `wced_head` (entryid, head, normalized_head, type, pos) VALUES (11262, "lílang", "lilang", "m", "n");
INSERT INTO `wced_entry` VALUES (11263, "lilas", "610", "<entry page=""610"" id=""11263""><form id=""lixlas"" lang=""ceb"">lílas</form>
<hom role=""n""><pos>n</pos>
<sense n=""1""><number>1</number><trans> long strip, usually of young buri palm leaves, used in weaving mats or bags. </trans>
</sense>
<sense n=""2""><number>2</number><trans> film on which movies are recorded. </trans>
</sense>
<sense n=""2a""><number>2a</number><trans> the motion picture industry or art form. </trans>
<eg><i lang=""ceb"">Sa kalibútan sa lílas,</i><trans> In the world of film. </trans></eg>
</sense>
<sense n=""2b""><number>2b</number><trans> <tr>movie</tr>. </trans>
<eg><i lang=""ceb"">Lílas nga aksiyun,</i><trans> An action film. </trans></eg>
</sense></hom>
<hom role=""v""><pos>v</pos>
<sense n=""1""><number>1</number> <itype>[A; a12]</itype><trans> make s.t. into strips for weaving. </trans>
</sense>
<sense n=""2""><number>2</number> <itype>[A13; a12]</itype><trans> make a movie out of a story. </trans>
</sense></hom>
<entry><form id=""lilasan"" lang=""ceb""><abbr expan=""lilasan"">-an</abbr></form>
<hom role=""n""><pos>n</pos>
<sense n=""0""><trans> device for cutting s.t. into strips.
</trans>
</sense></hom></entry></entry>");
INSERT INTO `wced_head` (entryid, head, normalized_head, type, pos) VALUES (11263, "lílas", "lilas", "m", "nv");
INSERT INTO `wced_head` (entryid, head, normalized_head, type, pos) VALUES (11263, "lilasan", "lilasan", "s", "n");
INSERT INTO `wced_translation` (entryid, translation) VALUES (11263, "movie");
INSERT INTO `wced_entry` VALUES (11264, "lili", "610", "<entry page=""610"" id=""11264""><form id=""liqliq"" lang=""ceb"">lìlì</form>
<hom role=""v""><pos>v</pos>
<sense n=""1""><number>1</number> <itype>[A; a2]</itype><trans> peep at s.t. while hidden. </trans>
<eg><i lang=""ceb"">Ug malígù ka dihà, lìlíun kang Piduy,</i><trans> If you bathe there, Pidoy will peep at you. </trans></eg>
</sense>
<sense n=""2""><number>2</number> <itype>[A13; a12]</itype><trans> take a look to see how things are. </trans>
<eg><i lang=""ceb"">Lìlía ang kan-un ug nahubsan na ba,</i><trans> Take a look at the rice to see if the water has evaporated. </trans></eg>
</sense></hom>
<entry><form id=""liqliun"" lang=""ceb""><abbr expan=""lìliun"">-un(→)</abbr></form>
<hom role=""n""><pos>n</pos>
<sense n=""0""><trans> small variety of eggplant, so called because one has to look under the leaves to see it.
</trans>
</sense></hom></entry></entry>");
INSERT INTO `wced_head` (entryid, head, normalized_head, type, pos) VALUES (11264, "lìlì", "lili", "m", "v");
INSERT INTO `wced_head` (entryid, head, normalized_head, type, pos) VALUES (11264, "lìliun", "liliun", "s", "n");
INSERT INTO `wced_entry` VALUES (11265, "liligan", "610", "<entry page=""610"" id=""11265""><form id=""lilixgan"" lang=""ceb"">lilígan</form>
<hom role=""n""><pos>n</pos>
<sense n=""0""><trans> in a bamboo house, thin bamboo slats to which flooring slats (<ix>salug</ix>) or walling slats which hold the walling material (<ix>lugpit</ix>) are tied and which serve to hold them in place.
</trans>
</sense></hom></entry>");
INSERT INTO `wced_head` (entryid, head, normalized_head, type, pos) VALUES (11265, "lilígan", "liligan", "m", "n");
INSERT INTO `wced_entry` VALUES (11266, "lilingliling", "610", "<entry page=""610"" id=""11266""><form id=""lilinglixling"" lang=""ceb"">lilinglíling</form>
<hom role=""v""><pos>v</pos>
<sense n=""0""> <itype>[A; a2]</itype><trans> circle around looking for s.t. </trans>
<eg><i lang=""ceb"">Mulilinglíling ang ayruplánu úsà mamumba,</i><trans> An airplane circles over a target first before it begins dropping bombs. </trans></eg>
<eg><i lang=""ceb"">Lilinglilínga ang ákung singsing nga nahúlug sa sílung,</i><trans> Look around for my ring that fell under the house.
</trans></eg>
</sense></hom></entry>");
INSERT INTO `wced_head` (entryid, head, normalized_head, type, pos) VALUES (11266, "lilinglíling", "lilingliling", "m", "v");
INSERT INTO `wced_entry` VALUES (11267, "lilit", "610", "<entry page=""610"" id=""11267""><form id=""lixlit"" lang=""ceb"">lílit</form>
<hom role=""v""><pos>v</pos>
<sense n=""0""> <itype>[A2S]</itype><trans> for s.t. to bulge out through an opening. </trans>
<eg><i lang=""ceb"">Mililit ang tinái sa samad,</i><trans> His guts were sticking out through the wound. </trans></eg>
<eg><i lang=""ceb"">Naglilit ang íyang tiyan sa guut nga karsunsilyu,</i><trans> His stomach is bulging through his tight shorts.
</trans></eg>
</sense></hom></entry>");
INSERT INTO `wced_head` (entryid, head, normalized_head, type, pos) VALUES (11267, "lílit", "lilit", "m", "v");
INSERT INTO `wced_entry` VALUES (11268, "lilitik", "610", "<entry page=""610"" id=""11268""><form id=""lilixtik"" lang=""ceb"">lilítik</form>
<hom>
<sense n=""0""><trans> <xr lang=""ceb"" target=""#handilixtik"">= <sc>handilítik</sc>.</xr>
</trans>
</sense></hom></entry>");
INSERT INTO `wced_head` (entryid, head, normalized_head, type, pos) VALUES (11268, "lilítik", "lilitik", "m", "");
INSERT INTO `wced_entry` VALUES (11269, "lilu", "610", "<entry page=""610"" id=""11269""><form id=""lixluq"" lang=""ceb"">lílù</form>
<hom role=""n""><pos>n</pos>
<sense n=""0""><trans> <tr>whirlpool</tr>. </trans>
</sense></hom>
<hom role=""v""><pos>v</pos>
<sense n=""1""><number>1</number> <itype>[A]</itype><trans> form a whirlpool. </trans>
<eg><i lang=""ceb"">Mulílù ang túbig ug ang duha ka sulug magbanggà,</i><trans> A whirlpool forms if two currents meet. </trans></eg>
</sense>
<sense n=""2""><number>2</number> <itype>[A12]</itype><trans> be agitated as if swirled in a whirlpool. </trans>
<eg><i lang=""ceb"">Naglílù ang ákung pagbátì tungud sa kalíbug,</i><trans> My feelings are all awhirl with confusion. </trans></eg>
</sense>
<sense n=""3""><number>3</number> <itype>[A23]</itype><trans> for a dimple to form a whirlpool-like depression. </trans>
<eg><i lang=""ceb"">Mulílù ang íyang kandíis ug mupahíyum siya,</i><trans> Her dimples form whirlpool-like depressions when she smiles. </trans></eg>
</sense></hom>
<entry><form id=""liluxan"" lang=""ceb""><abbr expan=""lilúan"">-an</abbr></form>
<hom role=""n""><pos>n</pos>
<sense n=""0""><trans> place where there is a whirlpool.
</trans>
</sense></hom></entry></entry>");
INSERT INTO `wced_head` (entryid, head, normalized_head, type, pos) VALUES (11269, "lílù", "lilu", "m", "nv");
INSERT INTO `wced_head` (entryid, head, normalized_head, type, pos) VALUES (11269, "lilúan", "liluan", "s", "n");
INSERT INTO `wced_translation` (entryid, translation) VALUES (11269, "whirlpool");
INSERT INTO `wced_entry` VALUES (11270, "liluk", "610", "<entry page=""610"" id=""11270""><form id=""lixluk"" lang=""ceb"">líluk</form>
<hom role=""v""><pos>v</pos>
<sense n=""0""> <itype>[A; a]</itype><trans> <tr>carve</tr>. </trans>
<eg><i lang=""ceb"">Maáyung mulíluk ug istatúwa ang manlilíluk,</i><trans> A sculptor carves statues well. </trans></eg>
<eg><i lang=""ceb"">Maanindut nga dibúhu ang íyang gilíluk,</i><trans> He carved a beautiful design in the wood. </trans></eg>
</sense></hom>
<entry><form id=""panglixluk"" lang=""ceb""><abbr expan=""panglíluk"">paN-</abbr></form>
<hom role=""n""><pos>n</pos>
<sense n=""0""><trans> occupation of carving.
</trans>
</sense></hom></entry></entry>");
INSERT INTO `wced_head` (entryid, head, normalized_head, type, pos) VALUES (11270, "líluk", "liluk", "m", "v");
INSERT INTO `wced_head` (entryid, head, normalized_head, type, pos) VALUES (11270, "panglíluk", "pangliluk", "s", "n");
INSERT INTO `wced_translation` (entryid, translation) VALUES (11270, "carve");
INSERT INTO `wced_entry` VALUES (11271, "lilung1", "610", "<entry page=""610"" id=""11271""><form id=""lixlung"" lang=""ceb"">lílung<sub>1</sub></form>
<hom role=""v""><pos>v</pos>
<sense n=""0""> <itype>[A; c]</itype><trans> conceal, hide a true state of affairs. </trans>
<eg><i lang=""ceb"">Ayaw kug lilúngi, duktǔr,</i><trans> Do not conceal the truth from me, Doctor. </trans></eg>
<eg><i lang=""ceb"">Ilílung nátù níya ang nahitabù,</i><trans> We’ll keep what happened from him.
</trans></eg>
</sense></hom></entry>");
INSERT INTO `wced_head` (entryid, head, normalized_head, type, pos) VALUES (11271, "lílung", "lilung", "s", "v");
INSERT INTO `wced_entry` VALUES (11272, "lilung2", "610", "<entry page=""610"" id=""11272""><form id=""lixlung2"" lang=""ceb"">lílung<sub>2</sub></form>
<hom role=""a""><pos>a</pos>
<sense n=""0""><trans> <tr>making dizzy</tr>. </trans>
<eg><i lang=""ceb"">Lílung sakyan ang tyubíbu,</i><trans> It makes you dizzy to ride a merry-go-round. </trans></eg>
</sense></hom>
<hom role=""n""><pos>n</pos>
<sense n=""0""><trans> <tr>dizziness</tr>. </trans>
<eg><i lang=""ceb"">Ang táwung makaagwanta sa lílung puyding maastrunut,</i><trans> A man who can stand dizziness can qualify as an astronaut. </trans></eg>
</sense></hom>
<hom role=""v""><pos>v</pos>
<sense n=""0""> <itype>[B126]</itype><trans> be, become dizzy. </trans>
</sense></hom>
<entry><form id=""panglilung"" lang=""ceb""><abbr expan=""panglilung"">paN-(→)</abbr></form>
<hom role=""n""><pos>n</pos>
<sense n=""0""><trans> dizzy spell, occasional feeling of dizziness. </trans>
<eg><i lang=""ceb"">Kasagáran sa magsabak batíug panglilung,</i><trans> Most women experience dizzy spells in their early months of pregnancy. </trans></eg>
</sense></hom></entry>
<entry><form id=""pangalilung"" lang=""ceb""><abbr expan=""pangalilung"">panga-</abbr></form>
<hom role=""v""><pos>v</pos>
<sense n=""0""> <itype>[A13]</itype><trans> be in a state of slight dizziness. </trans>
<eg><i lang=""ceb"">Nagpangalilung ku sa kagútum,</i><trans> I’m somewhat dizzy from hunger.
</trans></eg>
</sense></hom></entry></entry>");
INSERT INTO `wced_head` (entryid, head, normalized_head, type, pos) VALUES (11272, "lílung", "lilung", "s", "anv");
INSERT INTO `wced_head` (entryid, head, normalized_head, type, pos) VALUES (11272, "panglilung", "panglilung", "s", "n");
INSERT INTO `wced_head` (entryid, head, normalized_head, type, pos) VALUES (11272, "pangalilung", "pangalilung", "s", "v");
INSERT INTO `wced_translation` (entryid, translation) VALUES (11272, "making dizzy");
INSERT INTO `wced_translation` (entryid, translation) VALUES (11272, "dizziness");
INSERT INTO `wced_entry` VALUES (11273, "lima", "610", "<entry page=""610"" id=""11273""><form id=""lima"" lang=""ceb"">lima</form>
<hom>
<sense n=""0""><trans> <ix>numeral</ix> <tr>five</tr>. </trans>
</sense></hom>
<hom role=""v""><pos>v</pos>
<sense n=""0""><trans> <ix>see</ix> <xr lang=""ceb"" target=""#tulu""><sc>tulu</sc>.</xr>
</trans>
</sense></hom></entry>");
INSERT INTO `wced_head` (entryid, head, normalized_head, type, pos) VALUES (11273, "lima", "lima", "m", "v");
INSERT INTO `wced_translation` (entryid, translation) VALUES (11273, "five");
INSERT INTO `wced_entry` VALUES (11274, "limangka", "610", "<entry page=""610"" id=""11274""><form id=""limangkaq"" lang=""ceb"">limangkà</form>
<hom role=""v""><pos>v</pos>
<sense n=""0""> <itype>[A3; c1]</itype><trans> having the legs crossed at the ankles. </trans>
<eg><i lang=""ceb"">Milimangkà siya sa salug,</i><trans> He sat on the floor with his legs crossed in front. </trans></eg>
<eg><i lang=""ceb"">Niambak siya sa túbig nga naglimangkà arun pagtimpasaw,</i><trans> He jumped into the water with his ankles crossed to make a big splash.
</trans></eg>
</sense></hom></entry>");
INSERT INTO `wced_head` (entryid, head, normalized_head, type, pos) VALUES (11274, "limangkà", "limangka", "m", "v");
INSERT INTO `wced_entry` VALUES (11275, "limas", "610", "<entry page=""610"" id=""11275""><form id=""lixmas"" lang=""ceb"">límas</form>
<hom role=""v""><pos>v</pos>
<sense n=""0""> <itype>[A; b]</itype><trans> <tr>bail water</tr> out. </trans>
<eg><i lang=""ceb"">Ug dílì ka mulímas malúnud ta,</i><trans> If you do not bail, we will sink. </trans></eg>
</sense>
<sense n=""2""><number>2</number><trans> empty a pool or a big container by bailing the water out. </trans>
</sense></hom>
<entry><form id=""limas"" lang=""ceb""><abbr expan=""limas"">(→)</abbr></form>
<hom role=""n""><pos>n</pos>
<sense n=""0""><trans> s.t. used for bailing. </trans>
</sense></hom></entry>
<entry><form id=""limasun"" lang=""ceb""><abbr expan=""limasun"">-un(→)</abbr></form>
<hom role=""n""><pos>n</pos>
<sense n=""0""><trans> water in the bottom of a boat, <tr>bilge water</tr>.
</trans>
</sense></hom></entry></entry>");
INSERT INTO `wced_head` (entryid, head, normalized_head, type, pos) VALUES (11275, "límas", "limas", "m", "v");
INSERT INTO `wced_head` (entryid, head, normalized_head, type, pos) VALUES (11275, "limas", "limas", "s", "n");
INSERT INTO `wced_head` (entryid, head, normalized_head, type, pos) VALUES (11275, "limasun", "limasun", "s", "n");
INSERT INTO `wced_translation` (entryid, translation) VALUES (11275, "bail water");
INSERT INTO `wced_translation` (entryid, translation) VALUES (11275, "bilge water");
INSERT INTO `wced_entry` VALUES (11276, "limatuk", "610", "<entry page=""610"" id=""11276""><form id=""limaxtuk"" lang=""ceb"">limátuk</form>
<hom>
<sense n=""0""><trans> <xr lang=""ceb"" target=""#alimaxtuk"">= <sc>alimátuk</sc>.</xr>
</trans>
</sense></hom></entry>");
INSERT INTO `wced_head` (entryid, head, normalized_head, type, pos) VALUES (11276, "limátuk", "limatuk", "m", "");
INSERT INTO `wced_entry` VALUES (11277, "lim-aw", "610", "<entry page=""610"" id=""11277""><form id=""lim-aw"" lang=""ceb"">lim-aw</form>
<hom role=""n""><pos>n</pos>
<sense n=""0""><trans> small, shallow pool of water. </trans>
<eg><i lang=""ceb"">Mga lim-aw nga mahibilin inighunas,</i><trans> Pools left after the tide has gone out. </trans></eg>
<eg><i lang=""ceb"">Lim-aw human sa ulan,</i><trans> Pools of water after the rain. </trans></eg>
</sense></hom>
<hom role=""v""><pos>v</pos>
<sense n=""0""> <itype>[B]</itype><trans> form a small pool.
</trans>
</sense></hom></entry>");
INSERT INTO `wced_head` (entryid, head, normalized_head, type, pos) VALUES (11277, "lim-aw", "lim-aw", "m", "nv");
INSERT INTO `wced_entry` VALUES (11278, "limba", "610", "<entry page=""610"" id=""11278""><form id=""limba"" lang=""ceb"">limba</form>
<hom role=""v""><pos>v</pos>
<sense n=""0""><trans> <xr lang=""ceb"" target=""#limbalimba"">= <sc>limbalimba</sc>.</xr> </trans>
</sense></hom>
<entry><form id=""limbalimba"" lang=""ceb"">limbalimba</form>
<hom role=""v""><pos>v</pos>
<sense n=""0""> <itype>[A1]</itype><trans> toss, roll around. </trans>
<eg><i lang=""ceb"">Ug muinum kug kapi maglimbalimba lang ku tibuuk gabíi,</i><trans> If I drink coffee, I toss and turn the whole night.
</trans></eg>
</sense></hom></entry></entry>");
INSERT INTO `wced_head` (entryid, head, normalized_head, type, pos) VALUES (11278, "limba", "limba", "m", "v");
INSERT INTO `wced_head` (entryid, head, normalized_head, type, pos) VALUES (11278, "limbalimba", "limbalimba", "s", "v");
INSERT INTO `wced_entry` VALUES (11279, "limbag", "610", "<entry page=""610"" id=""11279""><form id=""limbag"" lang=""ceb"">limbag</form>
<hom role=""v""><pos>v</pos>
<sense n=""0""> <itype>[A]</itype><trans> <tr>writhe</tr>, <tr>wriggle</tr>, esp. from stomach pain. </trans>
<eg><i lang=""ceb"">Bisag giunsa níya paglimbag, wà makabuhì,</i><trans> No matter how he wriggled, he couldn’t free himself. </trans></eg>
<eg><i lang=""ceb"">Naglimbag siya kay <pb n=""611""/>gisirulan,</i><trans> He was writhing in pain from his stomach cramps.
</trans></eg>
</sense></hom></entry>");
INSERT INTO `wced_head` (entryid, head, normalized_head, type, pos) VALUES (11279, "limbag", "limbag", "m", "v");
INSERT INTO `wced_translation` (entryid, translation) VALUES (11279, "writhe");
INSERT INTO `wced_translation` (entryid, translation) VALUES (11279, "wriggle");
INSERT INTO `wced_entry` VALUES (11280, "limbahun", "611", "<entry page=""611"" id=""11280""><form id=""limbaxhun"" lang=""ceb"">limbáhun</form>
<hom role=""a""><pos>a</pos>
<sense n=""0""><trans> having a yellow color with a reddish cast. </trans>
<eg><i lang=""ceb"">Ang limbáhung bidlísiw sa nagsalup nga adlaw,</i><trans> The pink rays of the setting sun. </trans></eg>
</sense></hom>
<hom role=""n""><pos>n</pos>
<sense n=""0""><trans> fruits that have this color. </trans>
</sense>
<sense n=""a""><number>a</number><trans> coconuts that have red or yellow-orange husks. </trans>
</sense>
<sense n=""b""><number>b</number><trans> variety of shaddock (<ix>buluungun</ix>) with pinkish meat.
</trans>
</sense></hom></entry>");
INSERT INTO `wced_head` (entryid, head, normalized_head, type, pos) VALUES (11280, "limbáhun", "limbahun", "m", "an");
INSERT INTO `wced_entry` VALUES (11281, "limbakug", "611", "<entry page=""611"" id=""11281""><form id=""limbaxkug"" lang=""ceb"">limbákug</form>
<hom role=""v""><pos>v</pos>
<sense n=""0""> <itype>[B456; c1]</itype><trans> twist and squirm vigorously. </trans>
<eg><i lang=""ceb"">Naglimbákug sa kasakit ang táwu nga gisul-an sa tiyan,</i><trans> The man was writhing in pain because of his stomach pains. </trans></eg>
<eg><i lang=""ceb"">Naglimbákug ang bitin nga naputlan sa úlu,</i><trans> The snake was writhing because his head was cut off.
</trans></eg>
</sense></hom></entry>");
INSERT INTO `wced_head` (entryid, head, normalized_head, type, pos) VALUES (11281, "limbákug", "limbakug", "m", "v");
INSERT INTO `wced_entry` VALUES (11282, "limbaruk", "611", "<entry page=""611"" id=""11282""><form id=""limbaruk"" lang=""ceb"">limbaruk</form>
<hom>
<sense n=""0""><trans> strong curse word expressing exasperation or irritation. </trans>
<eg><i lang=""ceb"">Limbaruk, dimálas baraháa,</i><trans> Damn! What an unlucky card. </trans></eg>
</sense></hom>
<hom role=""v""><pos>v</pos>
<sense n=""0""> <itype>[a4]</itype><trans> be cursed. </trans>
<eg><i lang=""ceb"">Mu rag gilimbaruk kining ámung kahimtang,</i><trans> It looks as though we’re completely out of luck.
</trans></eg>
</sense></hom></entry>");
INSERT INTO `wced_head` (entryid, head, normalized_head, type, pos) VALUES (11282, "limbaruk", "limbaruk", "m", "v");
INSERT INTO `wced_entry` VALUES (11283, "limbaruk", "611", "<entry page=""611"" id=""11283""><form id=""limbaxruk"" lang=""ceb"">limbáruk</form>
<hom role=""v""><pos>v</pos>
<sense n=""0""> <itype>[B126; b6]</itype><trans> fall headlong. </trans>
<eg><i lang=""ceb"">Nalimbáruk ang bátà sa bintánà,</i><trans> The child fell headlong out of the window.
</trans></eg>
</sense></hom></entry>");
INSERT INTO `wced_head` (entryid, head, normalized_head, type, pos) VALUES (11283, "limbáruk", "limbaruk", "m", "v");
INSERT INTO `wced_entry` VALUES (11284, "limbarut", "611", "<entry page=""611"" id=""11284""><form id=""limbaxrut"" lang=""ceb"">limbárut</form>
<hom>
<sense n=""0""><trans> <xr lang=""ceb"" target=""#xxlimbaxwut"">= <sc>*limbáwut</sc>.</xr>
</trans>
</sense></hom></entry>");
INSERT INTO `wced_head` (entryid, head, normalized_head, type, pos) VALUES (11284, "limbárut", "limbarut", "m", "");
INSERT INTO `wced_entry` VALUES (11285, "limbas", "611", "<entry page=""611"" id=""11285""><form id=""limbas"" lang=""ceb"">limbas</form>
<hom>
<sense n=""0""><trans> <xr lang=""ceb"" target=""#lingbas"">= <sc>lingbas</sc>.</xr>
</trans>
</sense></hom></entry>");
INSERT INTO `wced_head` (entryid, head, normalized_head, type, pos) VALUES (11285, "limbas", "limbas", "m", "");
INSERT INTO `wced_entry` VALUES (11286, "*limbasug", "611", "<entry page=""611"" id=""11286""><form id=""xxlimbaxsug"" lang=""ceb"">*limbásug</form>
<entry><form id=""panglimbaxsug"" lang=""ceb""><abbr expan=""panglimbásug"">paN-</abbr></form>
<hom role=""v""><pos>v</pos>
<sense n=""0""> <itype>[A; b5]</itype><trans> <tr>strive hard</tr>, exert effort to accomplish s.t. </trans>
<eg><i lang=""ceb"">Nanglimbásug siya nga makabuhì,</i><trans> She struggled to free herself. </trans></eg>
<eg><i lang=""ceb"">Panlimbasúgan (panlimbasúgun) ku nga makapasar,</i><trans> I will try my best to pass the course. </trans></eg>
</sense></hom>
<hom role=""n""><pos>n</pos>
<sense n=""0""><trans> act of striving hard or exerting effort. </trans>
<eg><i lang=""ceb"">Ang panglimbásug dílì laksut basta dílì lang palabihan,</i><trans> It is not a bad thing to strive hard as long as you don’t overdo it. </trans></eg>
</sense></hom></entry>
<entry><form id=""mapanglimbasuxgun"" lang=""ceb""><abbr expan=""mapanglimbasúgun"">mapaN-un</abbr></form>
<hom role=""a""><pos>a</pos>
<sense n=""0""><trans> characterized with assiduous work or effort. </trans>
<eg><i lang=""ceb"">Nagpúlaw siya sa mapanglimbasúgun nga tingúhà sa paglampus,</i><trans> He works till late at night in his ardent desire for success.
</trans></eg>
</sense></hom></entry></entry>");
INSERT INTO `wced_head` (entryid, head, normalized_head, type, pos) VALUES (11286, "limbásug", "limbasug", "s", "");
INSERT INTO `wced_head` (entryid, head, normalized_head, type, pos) VALUES (11286, "panglimbásug", "panglimbasug", "s", "vn");
INSERT INTO `wced_head` (entryid, head, normalized_head, type, pos) VALUES (11286, "mapanglimbasúgun", "mapanglimbasugun", "s", "a");
INSERT INTO `wced_translation` (entryid, translation) VALUES (11286, "strive hard");
INSERT INTO `wced_entry` VALUES (11287, "limbatianun", "611", "<entry page=""611"" id=""11287""><form id=""limbatiaxnun"" lang=""ceb"">limbatiánun</form>
<hom>
<sense n=""0""><trans> (from <ix>bátì<sub>1</sub></ix>) </trans>
</sense></hom>
<hom role=""a""><pos>a</pos>
<sense n=""0""><trans> <tr>heartfelt</tr>, <tr>with feeling</tr> (literary). </trans>
<eg><i lang=""ceb"">Gugmang limbatiánun,</i><trans> Deeply-felt love.
</trans></eg>
</sense></hom></entry>");
INSERT INTO `wced_head` (entryid, head, normalized_head, type, pos) VALUES (11287, "limbatiánun", "limbatianun", "m", "a");
INSERT INTO `wced_translation` (entryid, translation) VALUES (11287, "heartfelt");
INSERT INTO `wced_translation` (entryid, translation) VALUES (11287, "with feeling");
INSERT INTO `wced_entry` VALUES (11288, "limbaun", "611", "<entry page=""611"" id=""11288""><form id=""limbaxun"" lang=""ceb"">limbáun</form>
<hom>
<sense n=""0""><trans> <xr lang=""ceb"" target=""#limbaxhun"">= <sc>limbáhun</sc>.</xr>
</trans>
</sense></hom></entry>");
INSERT INTO `wced_head` (entryid, head, normalized_head, type, pos) VALUES (11288, "limbáun", "limbaun", "m", "");
INSERT INTO `wced_entry` VALUES (11289, "*limbawut", "611", "<entry page=""611"" id=""11289""><form id=""xxlimbaxwut"" lang=""ceb"">*limbáwut</form>
<entry><form id=""panglimbaxwut"" lang=""ceb""><abbr expan=""panglimbáwut"">paN-</abbr></form>
<hom role=""v""><pos>v</pos>
<sense n=""0""> <itype>[A; b4]</itype><trans> for hair to stand on end, get goose bumps. </trans>
<eg><i lang=""ceb"">Nanglimbáwut ákung balhíbu pagkadungug nákù sa isturya,</i><trans> My hair stood on end when I heard the story.
</trans></eg>
</sense></hom></entry></entry>");
INSERT INTO `wced_head` (entryid, head, normalized_head, type, pos) VALUES (11289, "limbáwut", "limbawut", "s", "");
INSERT INTO `wced_head` (entryid, head, normalized_head, type, pos) VALUES (11289, "panglimbáwut", "panglimbawut", "s", "v");
INSERT INTO `wced_entry` VALUES (11290, "limbu", "611", "<entry page=""611"" id=""11290""><form id=""limbu"" lang=""ceb"">limbu</form>
<hom role=""n""><pos>n</pos>
<sense n=""1""><number>1</number><trans> whirling current of wind. </trans>
<eg><i lang=""ceb"">Nadala sa limbu ang mga dáhung layà,</i><trans> The dry leaves were whirled about in the wind. </trans></eg>
</sense>
<sense n=""2""><number>2</number><trans> place between heaven and hell to which unbaptized children are consigned. </trans>
</sense>
<sense n=""3""><number>3</number> <form id=""sa_limbu"" lang=""ceb"">sa <abbr expan=""limbu"">—</abbr></form><trans> be up on the air, not certain. </trans>
<eg><i lang=""ceb"">Túa pa sa limbu ang ámung plánu,</i><trans> Our plans are still up in the air. </trans></eg>
</sense></hom>
<hom role=""v""><pos>v</pos>
<sense n=""1""><number>1</number> <itype>[A3P]</itype><trans> for the wind to whirl around. </trans>
</sense>
<sense n=""2""><number>2</number> <itype>[A; c1]</itype><trans> be blown about in the air. </trans>
<eg><i lang=""ceb"">Mulimbu ang asu ug huypun sa hángin,</i><trans> Smoke moves rapidly through the air when the wind blows it. </trans></eg>
<eg><i lang=""ceb"">Milimbu ang tabánug nga nakabugtù sa tugut,</i><trans> The kite soared when its string broke.
</trans></eg>
</sense></hom></entry>");
INSERT INTO `wced_head` (entryid, head, normalized_head, type, pos) VALUES (11290, "limbu", "limbu", "m", "nv");
INSERT INTO `wced_head` (entryid, head, normalized_head, type, pos) VALUES (11290, "sa limbu", "sa limbu", "s", "");
INSERT INTO `wced_entry` VALUES (11291, "limbukad", "611", "<entry page=""611"" id=""11291""><form id=""limbuxkad"" lang=""ceb"">limbúkad</form>
<hom>
<sense n=""0""><trans> <xr lang=""ceb"" target=""#alimbuxkad"">= <sc>alimbúkad</sc>.</xr>
</trans>
</sense></hom></entry>");
INSERT INTO `wced_head` (entryid, head, normalized_head, type, pos) VALUES (11291, "limbúkad", "limbukad", "m", "");
INSERT INTO `wced_entry` VALUES (11292, "limbung", "611", "<entry page=""611"" id=""11292""><form id=""limbung"" lang=""ceb"">limbung</form>
<hom role=""v""><pos>v</pos>
<sense n=""0""> <itype>[AN; b6]</itype><trans> <tr>cheat</tr>, <tr>deceive</tr>. </trans>
<eg><i lang=""ceb"">Ása gud nà siya mulimbung (manglimbung) nákù!</i><trans> He would never cheat me! </trans></eg>
<eg><i lang=""ceb"">Dílì ku makalimbung (makapanglimbung) sa paghigugma nímu,</i><trans> I cannot commit deception by pretending to love you. </trans></eg>
<eg><i lang=""ceb"">Gilimbúngan mu aku sa pag-undang mu ug iskuyla,</i><trans> You deceived me when you stopped attending school. </trans></eg>
</sense></hom>
<hom role=""n""><pos>n</pos>
<sense n=""0""><trans> action of cheating, deceiving. </trans>
</sense></hom>
<entry><form id=""limbungan"" lang=""ceb""><abbr expan=""limbungan"">-an(→)</abbr></form>
<hom role=""n""><pos>n</pos>
<sense n=""1""><number>1</number><trans> inclined to cheat or defraud. </trans>
<eg><i lang=""ceb"">Dílì ku makigdúlà nímu kay limbungan kaáyu ka,</i><trans> I will not play with you because you cheat. </trans></eg>
</sense>
<sense n=""2""><number>2</number><trans> giving the illusion of being taller than it really is. </trans>
<eg><i lang=""ceb"">Limbungan ang babáyi nga naghayhil,</i><trans> The woman gives the impression of being taller than she is because she is wearing high heels. </trans></eg>
</sense></hom></entry>
<entry><form id=""malimbuxngun"" lang=""ceb""><abbr expan=""malimbúngun"">ma-un</abbr></form>
<hom role=""a""><pos>a</pos>
<sense n=""0""><trans> <tr>deceptive</tr>. </trans>
<eg><i lang=""ceb"">Dílì ku mamátì sa íyang malimbúngun nga mga sáad,</i><trans> I will not listen to his deceptive promises. </trans></eg>
</sense></hom></entry>
<entry><form id=""panglimbung"" lang=""ceb""><abbr expan=""panglimbung"">paN-</abbr></form>
<hom role=""n""><pos>n</pos>
<sense n=""0""><trans> <tr>deception</tr>.
</trans>
</sense></hom></entry></entry>");
INSERT INTO `wced_head` (entryid, head, normalized_head, type, pos) VALUES (11292, "limbung", "limbung", "m", "vn");
INSERT INTO `wced_head` (entryid, head, normalized_head, type, pos) VALUES (11292, "limbungan", "limbungan", "s", "n");
INSERT INTO `wced_head` (entryid, head, normalized_head, type, pos) VALUES (11292, "malimbúngun", "malimbungun", "s", "a");
INSERT INTO `wced_head` (entryid, head, normalized_head, type, pos) VALUES (11292, "panglimbung", "panglimbung", "s", "n");
INSERT INTO `wced_translation` (entryid, translation) VALUES (11292, "cheat");
INSERT INTO `wced_translation` (entryid, translation) VALUES (11292, "deceive");
INSERT INTO `wced_translation` (entryid, translation) VALUES (11292, "deceptive");
INSERT INTO `wced_translation` (entryid, translation) VALUES (11292, "deception");
INSERT INTO `wced_entry` VALUES (11293, "limbu rak", "611", "<entry page=""611"" id=""11293""><form id=""limbu_rak"" lang=""ceb"">limbu rak</form>
<hom role=""n""><pos>n</pos>
<sense n=""0""><trans> a k.o. dance, the limbo rock. </trans>
</sense></hom>
<hom role=""v""><pos>v</pos>
<sense n=""0""> <itype>[A]</itype><trans> dance the limbo rock.
</trans>
</sense></hom></entry>");
INSERT INTO `wced_head` (entryid, head, normalized_head, type, pos) VALUES (11293, "limbu rak", "limbu rak", "m", "nv");
INSERT INTO `wced_entry` VALUES (11294, "limbuwad, limbuwad", "611", "<entry page=""611"" id=""11294""><form id=""limbuwad_limbuxwad"" lang=""ceb"">limbuwad, limbúwad</form>
<hom role=""v""><pos>v</pos>
<sense n=""0""> <itype>[AB26; c]</itype><trans> fall headlong, topple over; cause s.t. to do so. </trans>
<eg><i lang=""ceb"">Milimbúwad (nalimbúwad) ang kaang paghángin,</i><trans> The flower pot toppled over in the wind. </trans></eg>
<eg><i lang=""ceb"">Gilimbúwad ni Buy ang lamísa sa íyang kasukù,</i><trans> Boy toppled the table over in his anger.
</trans></eg>
</sense></hom></entry>");
INSERT INTO `wced_head` (entryid, head, normalized_head, type, pos) VALUES (11294, "limbuwad", "limbuwad", "s", "v");
INSERT INTO `wced_head` (entryid, head, normalized_head, type, pos) VALUES (11294, "limbúwad", "limbuwad", "s", "v");
INSERT INTO `wced_entry` VALUES (11295, "limbuyuk", "611", "<entry page=""611"" id=""11295""><form id=""limbuxyuk"" lang=""ceb"">limbúyuk</form>
<hom role=""v""><pos>v</pos>
<sense n=""0""> <itype>[B126]</itype><trans> be in chaotic confusion. </trans>
<eg><i lang=""ceb"">Nalimbúyuk ning ákung kaisípan sa túmang kalíbug,</i><trans> My mind is whirling in confusion.
</trans></eg>
</sense></hom></entry>");
INSERT INTO `wced_head` (entryid, head, normalized_head, type, pos) VALUES (11295, "limbúyuk", "limbuyuk", "m", "v");
INSERT INTO `wced_entry` VALUES (11296, "limin", "611", "<entry page=""611"" id=""11296""><form id=""lixmin"" lang=""ceb"">límin</form>
<hom role=""v""><pos>v</pos>
<sense n=""1""><number>1</number> <itype>[A13; b]</itype><trans> wrap cloth around the body, <tr>swaddle</tr>. </trans>
<eg><i lang=""ceb"">Lanahi ang pinútì unyà limíni ug lampin,</i><trans> Put oil on the bolo then wrap it up in a diaper. </trans></eg>
<eg><i lang=""ceb"">Dinhay masúsu nga gilimínan ug mga nuug,</i><trans> There was an infant that was swaddled in rags. </trans></eg>
</sense>
<sense n=""2""><number>2</number> <itype>[A; b6]</itype><trans> pervade, envelop as if to cover entirely. </trans>
<eg><i lang=""ceb"">Kangitngit nga milímin sa kasilingánan,</i><trans> Darkness that enveloped the neighborhood. </trans></eg>
<eg><i lang=""ceb"">Ang íyang pagbátì nákù gilimínan sa mga duhadúha,</i><trans> Doubt pervades her feelings toward me.
</trans></eg>
</sense></hom></entry>");
INSERT INTO `wced_head` (entryid, head, normalized_head, type, pos) VALUES (11296, "límin", "limin", "m", "v");
INSERT INTO `wced_translation` (entryid, translation) VALUES (11296, "swaddle");
INSERT INTO `wced_entry` VALUES (11297, "liminlimin", "611", "<entry page=""611"" id=""11297""><form id=""liminlimin"" lang=""ceb"">liminlimin</form>
<hom role=""v""><pos>v</pos>
<sense n=""0""> <itype>[B6; c1]</itype><trans> be all jumbled, thrown together without order. </trans>
<eg><i lang=""ceb"">Muliminlimin (maliminlimin) nang búla sa hílu ug dì nímu baátan,</i><trans> Those pieces of string will get all tangled up if you don’t tie them together. </trans></eg>
<eg><i lang=""ceb"">Ákung liminliminun (iliminlimin) ang mga bulingun,</i><trans> I’ll throw the dirty clothes in a bunch.
</trans></eg>
</sense></hom></entry>");
INSERT INTO `wced_head` (entryid, head, normalized_head, type, pos) VALUES (11297, "liminlimin", "liminlimin", "m", "v");
INSERT INTO `wced_entry` VALUES (11298, "limis", "611", "<entry page=""611"" id=""11298""><form id=""lixmis"" lang=""ceb"">límis</form>
<hom role=""v""><pos>v</pos>
<sense n=""0""> <itype>[A3P; b5]</itype><trans> </trans>
</sense>
<sense n=""1""><number>1</number><trans> <tr>wrap</tr>, <tr>envelop</tr>. </trans>
<eg><i lang=""ceb"">Nagkinahanglan kug dakung papil nga makalímis <pb n=""612""/>(makapalímis) niíning kartun,</i><trans> I need a large sheet of paper to wrap this box in. </trans></eg>
<eg><i lang=""ceb"">Limísa (limísi) sa tualya ang bátà ighumag kalígù,</i><trans> Wrap the child in a towel after his bath. </trans></eg>
<eg><i lang=""ceb"">Duha ka makusgánung buktun ang gilímis kaníya,</i><trans> Two strong arms embraced her. </trans></eg>
</sense>
<sense n=""2""><number>2</number><trans> envelop completely with. </trans>
<eg><i lang=""ceb"">Nangamátay ang mga tanum kay nalímis (nalimisan) sa mga sagbut,</i><trans> The plants died when they were completely covered with weeds. </trans></eg>
</sense>
<sense n=""3""><number>3</number><trans> shower with affection. </trans>
<eg><i lang=""ceb"">Gilímis (gilimísan) ku níyag hawuk,</i><trans> She smothered me with kisses.
</trans></eg>
</sense></hom></entry>");
INSERT INTO `wced_head` (entryid, head, normalized_head, type, pos) VALUES (11298, "límis", "limis", "m", "v");
INSERT INTO `wced_translation` (entryid, translation) VALUES (11298, "wrap");
INSERT INTO `wced_translation` (entryid, translation) VALUES (11298, "envelop");
INSERT INTO `wced_entry` VALUES (11299, "limitar", "612", "<entry page=""612"" id=""11299""><form id=""limitar"" lang=""ceb"">limitar</form>
<hom role=""v""><pos>v</pos>
<sense n=""0""> <itype>[A; b(1)]</itype><trans> put a limit to. </trans>
<eg><i lang=""ceb"">Gilimitahan níya ang úras sa pagbisíta,</i><trans> She put a limit to the visiting hours. </trans></eg>
</sense></hom>
<entry><form id=""limitaxdu"" lang=""ceb"">limitádu</form>
<hom role=""a""><pos>a</pos>
<sense n=""0""><trans> given in insufficient amounts, limited. </trans>
<eg><i lang=""ceb"">Ang pagkáun limitádu kaáyu sa kasirahan,</i><trans> They serve an insufficient amount of food in the boarding house. </trans></eg>
</sense></hom>
<hom role=""v""><pos>v</pos>
<sense n=""0""> <itype>[B1256]</itype><trans> be limited.
</trans>
</sense></hom></entry></entry>");
INSERT INTO `wced_head` (entryid, head, normalized_head, type, pos) VALUES (11299, "limitar", "limitar", "m", "v");
INSERT INTO `wced_head` (entryid, head, normalized_head, type, pos) VALUES (11299, "limitádu", "limitadu", "s", "av");
INSERT INTO `wced_entry` VALUES (11300, "limiti", "612", "<entry page=""612"" id=""11300""><form id=""limiti"" lang=""ceb"">limiti</form>
<hom role=""n""><pos>n</pos>
<sense n=""0""><trans> limit. </trans>
<eg><i lang=""ceb"">Way limiti ug pilay ímung gustung dad-un,</i><trans> There is no limit to how many you may take. </trans></eg>
</sense></hom>
<hom role=""v""><pos>v</pos>
<sense n=""0""> <itype>[A; b6]</itype><trans> set limits. </trans>
<eg><i lang=""ceb"">Dílì ku mulimiti sa ímung pagkáun,</i><trans> I will set no limits as to how much you may eat.
</trans></eg>
</sense></hom></entry>");
INSERT INTO `wced_head` (entryid, head, normalized_head, type, pos) VALUES (11300, "limiti", "limiti", "m", "nv");
INSERT INTO `wced_entry` VALUES (11301, "limpangug", "612", "<entry page=""612"" id=""11301""><form id=""limpangug"" lang=""ceb"">limpangug</form>
<hom>
<sense n=""0""><trans> (from <ix>pangug</ix>) </trans>
</sense></hom>
<hom role=""a""><pos>a</pos>
<sense n=""0""><trans> silly, stupid; lacking good judgment or common sense. </trans>
<eg><i lang=""ceb"">Ayaw na lang pagsalig nga matúman ang tanan mung súgù, limpangug kaáyu nang tawhána,</i><trans> Don’t expect that man to carry out your instructions properly, he is so stupid.
</trans></eg>
</sense></hom></entry>");
INSERT INTO `wced_head` (entryid, head, normalized_head, type, pos) VALUES (11301, "limpangug", "limpangug", "m", "a");
INSERT INTO `wced_entry` VALUES (11302, "limpisa", "612", "<entry page=""612"" id=""11302""><form id=""limpixsa"" lang=""ceb"">limpísa</form>
<hom role=""v""><pos>v</pos>
<sense n=""0""> <itype>[A; c]</itype><trans> clean a mechanism. </trans>
<eg><i lang=""ceb"">Kamau kang mulimpísa ug karburadur sa awtu?</i><trans> Do you know how to clean the carburator of a car? </trans></eg>
<eg><i lang=""ceb"">Limpisáhi ang pitrumaks arun musíga,</i><trans> Clean the pressure lantern so it will light. </trans></eg>
</sense></hom>
<hom role=""n""><pos>n</pos>
<sense n=""0""><trans> cleaning of mechanical equipment.
</trans>
</sense></hom></entry>");
INSERT INTO `wced_head` (entryid, head, normalized_head, type, pos) VALUES (11302, "limpísa", "limpisa", "m", "vn");
INSERT INTO `wced_entry` VALUES (11303, "limpiya", "612", "<entry page=""612"" id=""11303""><form id=""limpiya"" lang=""ceb"">limpiya</form>
<hom role=""v""><pos>v</pos>
<sense n=""0""> <itype>[A; b6]</itype><trans> <tr>polish</tr> shoes. </trans>
<eg><i lang=""ceb"">Nagkabítun ang ákung kamut kay naglimpiya ku sa ákung sapátus,</i><trans> My hands have shoe polish on them because I was polishing my shoes. </trans></eg>
</sense></hom>
<hom role=""n""><pos>n</pos>
<sense n=""1""><number>1</number><trans> shoeshining as a business. </trans>
<eg><i lang=""ceb"">Kusug ang limpiya gikang mag-uwan,</i><trans> After it rains we get plenty of business shining shoes. </trans></eg>
</sense>
<sense n=""2""><number>2</number><trans> materials for shining shoes. </trans>
</sense></hom>
<entry><form id=""way_limpiya"" lang=""ceb"">way <abbr expan=""limpiya"">—</abbr></form>
<hom>
<sense n=""0""><trans> badly needing a shine. </trans>
<eg><i lang=""ceb"">Way limpiya ang ímung sapátus,</i><trans> Your shoes need a shine. </trans></eg>
</sense></hom></entry>
<entry><form id=""panglimpiya"" lang=""ceb""><abbr expan=""panglimpiya"">paN-</abbr></form>
<hom role=""v""><pos>v</pos>
<sense n=""0""> <itype>[A2; b6]</itype><trans> polish shoes for a living. </trans>
</sense></hom>
<hom role=""n""><pos>n</pos>
<sense n=""0""><trans> occupation of shining shoes. </trans>
</sense></hom></entry>
<entry><form id=""limpiya_buxtas"" lang=""ceb""><abbr expan=""limpiya"">—</abbr> bútas</form>
<hom role=""n""><pos>n</pos>
<sense n=""0""><trans> <tr>bootblack</tr>. </trans>
</sense></hom></entry>
<entry><form id=""maglilimpiya_manglilimpiya"" lang=""ceb""><abbr expan=""maglilimpiya"">mag-l-</abbr>, <abbr expan=""manglilimpiya"">maN-l-</abbr></form>
<hom role=""n""><pos>n</pos>
<sense n=""0""><trans> <tr>bootblack</tr>.
</trans>
</sense></hom></entry></entry>");
INSERT INTO `wced_head` (entryid, head, normalized_head, type, pos) VALUES (11303, "limpiya", "limpiya", "m", "vn");
INSERT INTO `wced_head` (entryid, head, normalized_head, type, pos) VALUES (11303, "way limpiya", "way limpiya", "s", "");
INSERT INTO `wced_head` (entryid, head, normalized_head, type, pos) VALUES (11303, "panglimpiya", "panglimpiya", "s", "vn");
INSERT INTO `wced_head` (entryid, head, normalized_head, type, pos) VALUES (11303, "limpiya bútas", "limpiya butas", "s", "n");
INSERT INTO `wced_head` (entryid, head, normalized_head, type, pos) VALUES (11303, "maglilimpiya", "maglilimpiya", "s", "n");
INSERT INTO `wced_head` (entryid, head, normalized_head, type, pos) VALUES (11303, "manglilimpiya", "manglilimpiya", "s", "n");
INSERT INTO `wced_translation` (entryid, translation) VALUES (11303, "polish");
INSERT INTO `wced_translation` (entryid, translation) VALUES (11303, "bootblack");
INSERT INTO `wced_entry` VALUES (11304, "limpiyada", "612", "<entry page=""612"" id=""11304""><form id=""limpiyaxda"" lang=""ceb"">limpiyáda</form>
<hom role=""a""><pos>a</pos>
<sense n=""0""><trans> for a woman to be neat and clean in her ways. </trans>
<eg><i lang=""ceb"">Hinlù ílang báy kay ang inahan limpiyáda,</i><trans> Their house is clean because the mother is a demon for cleanliness. </trans></eg>
</sense></hom>
<hom role=""v""><pos>v</pos>
<sense n=""0""> <itype>[B1]</itype><trans> be habitually neat and clean.
</trans>
</sense></hom></entry>");
INSERT INTO `wced_head` (entryid, head, normalized_head, type, pos) VALUES (11304, "limpiyáda", "limpiyada", "m", "av");
INSERT INTO `wced_entry` VALUES (11305, "limpiyu", "612", "<entry page=""612"" id=""11305""><form id=""limpiyu"" lang=""ceb"">limpiyu</form>
<hom role=""a""><pos>a</pos>
<sense n=""1""><number>1</number><trans> clean, devoid of dirt, sanitary. </trans>
<eg><i lang=""ceb"">Limpiyu kaáyu ang salug run,</i><trans> The floor is very clean today. </trans></eg>
<eg><i lang=""ceb"">Limpiyu ang ristawran nga ámung gikan-an,</i><trans> The restaurant we ate in is sanitary. </trans></eg>
</sense>
<sense n=""1a""><number>1a</number><trans> clean, without VD. </trans>
</sense>
<sense n=""2""><number>2</number><trans> clear, unsullied. </trans>
<eg><i lang=""ceb"">Limpiyu ku ug kunsinsiya kay wà kuy salà,</i><trans> I have a clear conscience because I am not guilty. </trans></eg>
</sense></hom>
<hom role=""n""><pos>n</pos>
<sense n=""1""><number>1</number><trans> action of cleaning. </trans>
<eg><i lang=""ceb"">Kahúgaw, way limpiyu,</i><trans> How dirty it is! No one cleaned it! </trans></eg>
</sense>
<sense n=""2""><number>2</number><trans> clean clothes. </trans>
<eg><i lang=""ceb"">Wà kuy limpiyu isimba,</i><trans> I have no clean clothes to wear to church. </trans></eg>
</sense>
<sense n=""3""><number>3</number><trans> amount gained clear. </trans>
</sense></hom>
<hom role=""v""><pos>v</pos>
<sense n=""1""><number>1</number> <itype>[AB; ab]</itype><trans> clean, rid s.t. of dirt, become clean. </trans>
<eg><i lang=""ceb"">Hugáwan siyang mulimpiyu sa kasilyas,</i><trans> He thinks cleaning the toilet is dirty. </trans></eg>
<eg><i lang=""ceb"">Malimpiyu ra nang kasilyas ug nía ku,</i><trans> The only time that toilet is clean is when I’m around to watch you. </trans></eg>
<eg><i lang=""ceb"">Limpiyúhun nátù ang átung trabáhu arun dílì ta maúlaw,</i><trans> Let us do a clean job of our work so we won’t be put to embarrassment. </trans></eg>
<eg><i lang=""ceb"">Limpiyúhi ang kusína,</i><trans> Clean the kitchen. </trans></eg>
</sense>
<sense n=""2""><number>2</number> <itype>[A2; a12]</itype><trans> make a net gain or income. </trans>
<eg><i lang=""ceb"">Nakalimpiyu kug kinsi sa ákung pamaráda karun,</i><trans> I netted fifteen pesos in my driving today. </trans></eg>
</sense></hom>
<entry><form id=""iglilimpiyu"" lang=""ceb""><abbr expan=""iglilimpiyu"">ig-l-</abbr></form>
<hom role=""n""><pos>n</pos>
<sense n=""0""><trans> thing used in cleaning. </trans>
</sense></hom></entry>
<entry><form id=""maglilimpiyu"" lang=""ceb""><abbr expan=""maglilimpiyu"">mag-l-</abbr></form>
<hom role=""n""><pos>n</pos>
<sense n=""0""><trans> one who cleans.
</trans>
</sense></hom></entry></entry>");
INSERT INTO `wced_head` (entryid, head, normalized_head, type, pos) VALUES (11305, "limpiyu", "limpiyu", "m", "anv");
INSERT INTO `wced_head` (entryid, head, normalized_head, type, pos) VALUES (11305, "iglilimpiyu", "iglilimpiyu", "s", "n");
INSERT INTO `wced_head` (entryid, head, normalized_head, type, pos) VALUES (11305, "maglilimpiyu", "maglilimpiyu", "s", "n");
INSERT INTO `wced_entry` VALUES (11306, "limu", "612", "<entry page=""612"" id=""11306""><form id=""limu"" lang=""ceb"">limu</form>
<hom role=""n""><pos>n</pos>
<sense n=""0""><trans> magical practices used to help a baby go through his various stages of development easily and successfully or to cure a grown person of a bad characteristic or to get rid of s.t. undesirable that is s.w. These practices may consist of having the baby or the afflicted adult perform an action analogous to the actions one wishes to develop or stop or may consist of special foods or potions together with magic words. </trans>
<eg><i lang=""ceb"">Ang limu sa bátang magngipun, ang lagus pahírag tái,</i><trans> The ritual for a child that is teething: feces are rubbed on his gums. </trans></eg>
</sense></hom>
<hom role=""v""><pos>v</pos>
<sense n=""0""> <itype>[A; a]</itype><trans> treat with <ix>limu</ix>. </trans>
<eg><i lang=""ceb"">Limuha ug sagu ang palaínum nímung bána,</i><trans> Mix a dead man’s saliva into your husband’s drink to stop his vice.
</trans></eg>
</sense></hom></entry>");
INSERT INTO `wced_head` (entryid, head, normalized_head, type, pos) VALUES (11306, "limu", "limu", "m", "nv");
INSERT INTO `wced_entry` VALUES (11307, "limu", "612", "<entry page=""612"" id=""11307""><form id=""limuq"" lang=""ceb"">limù</form>
<hom role=""v""><pos>v</pos>
<sense n=""0""> <itype>[A; a]</itype><trans> hide, keep s.t. a secret. </trans>
<eg><i lang=""ceb"">Naglimù ba ku nímu sa ákung makítà?</i><trans> Do I hide my earnings from you? </trans></eg>
<eg><i lang=""ceb"">Sa prubinsiya dì ka makalimù bisan gamayng sikrítu,</i><trans> In the country you cannot keep the tiniest secret. </trans></eg>
<eg><i lang=""ceb"">Ayaw ilimù sa ímung ginikánan ang ímung prublíma,</i><trans> Do not keep your problems from your parents.
</trans></eg>
</sense></hom></entry>");
INSERT INTO `wced_head` (entryid, head, normalized_head, type, pos) VALUES (11307, "limù", "limu", "m", "v");
INSERT INTO `wced_entry` VALUES (11308, "limud", "612", "<entry page=""612"" id=""11308""><form id=""limud"" lang=""ceb"">limud</form>
<hom role=""v""><pos>v</pos>
<sense n=""0""> <itype>[A; c]</itype><trans> deny, conceal s.t. upon being confronted. </trans>
<eg><i lang=""ceb"">Mulimud ka pa giyud nga kláru man ang pruyba!</i><trans> You still dare to conceal it when the evidence is so clear! </trans></eg>
<eg><i lang=""ceb"">Ayaw ug ilimud ang ímung pag-anhi,</i><trans> Don’t deny that you came here. </trans></eg>
</sense></hom>
<entry><form id=""malimdaxnun"" lang=""ceb"">malimdánun</form>
<hom role=""a""><pos>a</pos>
<sense n=""0""><trans> given to denying or concealing the truth when confronted.
</trans>
</sense></hom></entry></entry>");
INSERT INTO `wced_head` (entryid, head, normalized_head, type, pos) VALUES (11308, "limud", "limud", "m", "v");
INSERT INTO `wced_head` (entryid, head, normalized_head, type, pos) VALUES (11308, "malimdánun", "malimdanun", "s", "a");
INSERT INTO `wced_entry` VALUES (11309, "limugmug", "612", "<entry page=""612"" id=""11309""><form id=""limugmug"" lang=""ceb"">limugmug</form>
<hom role=""v""><pos>v</pos>
<sense n=""1""><number>1</number> <itype>[AN; c1]</itype><trans> rinse the mouth out. </trans>
<eg><i lang=""ceb"">Mulimugmug (manlimugmug) giyud ku human ug káun,</i><trans> I rinse my mouth after I eat. </trans></eg>
</sense>
<sense n=""1a""><number>1a</number> <itype>[A; b]</itype><trans> slosh water around in the mouth <pb n=""613""/>to warm it and spit it out on s.t. to bathe it. </trans>
<eg><i lang=""ceb"">Limugmúgi ang sunuy matag buntag,</i><trans> Bathe the cock every morning with water you slosh around in your mouth. </trans></eg>
</sense>
<sense n=""2""><number>2</number> <itype>[AP; a]</itype><trans> take a drink of liquor, usually in a large gulp (humorous slang). </trans>
<eg><i lang=""ceb"">Mulimugmug (manlimugmug) siyag usa ka básung tubà,</i><trans> He will gulp down a glass of toddy. </trans></eg>
</sense>
<sense n=""3""><number>3</number> <itype>[c]</itype><trans> be unconcerned about s.t. s.o. says or s.t. embarrassing that happens. </trans>
<eg><i lang=""ceb"">Way kapuslánan ang kasábà, gilimugmug lang,</i><trans> No use scolding him. It runs off him like water off a duck’s back. (Lit. He just gargles with it.) </trans></eg>
</sense></hom>
<entry><form id=""limugmugan"" lang=""ceb""><abbr expan=""limugmugan"">-an(→)</abbr></form>
<hom role=""n""><pos>n</pos>
<sense n=""1""><number>1</number><trans> the oral cavity. </trans>
</sense>
<sense n=""1a""><number>1a</number><trans> by extension, the throat. </trans>
</sense>
<sense n=""2""><number>2</number><trans> the outside of this area: the cheeks, including the lower part of the jaw and the base of the ear. </trans>
</sense>
<sense n=""3""><number>3</number><trans> the place in a monkey’s mouth where he stores food.
</trans>
</sense></hom></entry></entry>");
INSERT INTO `wced_head` (entryid, head, normalized_head, type, pos) VALUES (11309, "limugmug", "limugmug", "m", "v");
INSERT INTO `wced_head` (entryid, head, normalized_head, type, pos) VALUES (11309, "limugmugan", "limugmugan", "s", "n");
INSERT INTO `wced_entry` VALUES (11310, "*limuhag", "613", "<entry page=""613"" id=""11310""><form id=""xxlimuxhag"" lang=""ceb"">*limúhag</form>
<entry><form id=""kalimuhaxgan"" lang=""ceb""><abbr expan=""kalimuhágan"">ka-an</abbr></form>
<hom role=""n""><pos>n</pos>
<sense n=""1""><number>1</number><trans> knowledge of how to do s.t. </trans>
<eg><i lang=""ceb"">Ayaw ku ug paayúha ug makina kay wà kuy kalimuhágan ánang mga butánga,</i><trans> Don’t ask me to repair engines because I have no knowledge of that sort of thing. </trans></eg>
</sense>
<sense n=""2""><number>2</number><trans> knowledge about or of what a thing is. </trans>
<eg><i lang=""ceb"">Manukutsukut ta sa mangingisdà arun makabatun tag kalimuhágan sa mga isdà,</i><trans> Let’s ask the fishermen so we can learn s.t. about fishes.
</trans></eg>
</sense></hom></entry></entry>");
INSERT INTO `wced_head` (entryid, head, normalized_head, type, pos) VALUES (11310, "limúhag", "limuhag", "s", "");
INSERT INTO `wced_head` (entryid, head, normalized_head, type, pos) VALUES (11310, "kalimuhágan", "kalimuhagan", "s", "n");
INSERT INTO `wced_entry` VALUES (11311, "limuk", "613", "<entry page=""613"" id=""11311""><form id=""limuxk"" lang=""ceb"">limúk</form>
<hom role=""v""><pos>v</pos>
<sense n=""0""> <itype>[A2N; b6]</itype><trans> give a look of anger or disgust with pursed lips, and make a humming sound. </trans>
<eg><i lang=""ceb"">Milimúk (nanlimúk) siya nákù kay wà man nákù pakapíha,</i><trans> She gave me a sour look because I did not allow her to copy my work. </trans></eg>
<eg><i lang=""ceb"">Íya kung gilimúkan, mu rag nakasalà ku níya,</i><trans> She gave me a look of disgust, as if I had offended her.
</trans></eg>
</sense></hom></entry>");
INSERT INTO `wced_head` (entryid, head, normalized_head, type, pos) VALUES (11311, "limúk", "limuk", "m", "v");
INSERT INTO `wced_entry` VALUES (11312, "limukun", "613", "<entry page=""613"" id=""11312""><form id=""limukun"" lang=""ceb"">limukun</form>
<hom role=""n""><pos>n</pos>
<sense n=""0""><trans> k.o. edible shellfish of the depths, finned and similar to a crab, but without claws.
</trans>
</sense></hom></entry>");
INSERT INTO `wced_head` (entryid, head, normalized_head, type, pos) VALUES (11312, "limukun", "limukun", "m", "n");
INSERT INTO `wced_entry` VALUES (11313, "limukun", "613", "<entry page=""613"" id=""11313""><form id=""limuxkun"" lang=""ceb"">limúkun</form>
<hom>
<sense n=""0""><trans> <xr lang=""ceb"" target=""#alimuxkun"">= <sc>alimúkun</sc>.</xr>
</trans>
</sense></hom></entry>");
INSERT INTO `wced_head` (entryid, head, normalized_head, type, pos) VALUES (11313, "limúkun", "limukun", "m", "");
INSERT INTO `wced_entry` VALUES (11314, "limulimu", "613", "<entry page=""613"" id=""11314""><form id=""limulixmu"" lang=""ceb"">limulímu</form>
<hom role=""v""><pos>v</pos>
<sense n=""0""> <itype>[A; c1]</itype><trans> hide, withhold s.t. from s.o. that he ought to know. </trans>
<eg><i lang=""ceb"">Kusug siyang mulimulímu sa íyang kalihúkan sa íyang bána,</i><trans> She is fond of keeping her activities from her husband. </trans></eg>
<eg><i lang=""ceb"">Gilimulímu níla sa ílang inahan ang kamatáyun sa ílang igsúun,</i><trans> They concealed their brother’s death from their mother.
</trans></eg>
</sense></hom></entry>");
INSERT INTO `wced_head` (entryid, head, normalized_head, type, pos) VALUES (11314, "limulímu", "limulimu", "m", "v");
INSERT INTO `wced_entry` VALUES (11315, "limun", "613", "<entry page=""613"" id=""11315""><form id=""limun"" lang=""ceb"">limun</form>
<hom role=""n""><pos>n</pos>
<sense n=""0""><trans> k.o. hard candies.
</trans>
</sense></hom></entry>");
INSERT INTO `wced_head` (entryid, head, normalized_head, type, pos) VALUES (11315, "limun", "limun", "m", "n");
INSERT INTO `wced_entry` VALUES (11316, "limun", "613", "<entry page=""613"" id=""11316""><form id=""lixmun"" lang=""ceb"">límun</form>
<hom role=""v""><pos>v</pos>
<sense n=""0""> <itype>[A; b5]</itype><trans> roll and wrap s.t. up to conceal it, facilitate disposal, carrying, and the like. </trans>
<eg><i lang=""ceb"">Limúni (limúna) ang mga bulingun sa hábul,</i><trans> Wrap the dirty clothes in the blanket.
</trans></eg>
</sense></hom></entry>");
INSERT INTO `wced_head` (entryid, head, normalized_head, type, pos) VALUES (11316, "límun", "limun", "m", "v");
INSERT INTO `wced_entry` VALUES (11317, "limunada", "613", "<entry page=""613"" id=""11317""><form id=""limunaxda"" lang=""ceb"">limunáda</form>
<hom role=""n""><pos>n</pos>
<sense n=""0""><trans> lemonade, usually made of calamondin juice (<ix>limunsítu</ix>). </trans>
</sense></hom>
<hom role=""v""><pos>v</pos>
<sense n=""0""> <itype>[A13; a12]</itype><trans> make lemonade. </trans>
</sense></hom>
<entry><form id=""limunaxda_ruhi"" lang=""ceb""><abbr expan=""limunáda"">—</abbr> ruhi</form>
<hom role=""n""><pos>n</pos>
<sense n=""0""><trans> a k.o. purgative for children, prepared under physician’s prescription and taken hot.
</trans>
</sense></hom></entry></entry>");
INSERT INTO `wced_head` (entryid, head, normalized_head, type, pos) VALUES (11317, "limunáda", "limunada", "m", "nv");
INSERT INTO `wced_head` (entryid, head, normalized_head, type, pos) VALUES (11317, "limunáda ruhi", "limunada ruhi", "s", "n");
INSERT INTO `wced_entry` VALUES (11318, "limunglimung", "613", "<entry page=""613"" id=""11318""><form id=""limunglixmung"" lang=""ceb"">limunglímung</form>
<hom>
<sense n=""0""><trans> <xr lang=""ceb"" target=""#limulixmu"">= <sc>limulímu</sc>.</xr>
</trans>
</sense></hom></entry>");
INSERT INTO `wced_head` (entryid, head, normalized_head, type, pos) VALUES (11318, "limunglímung", "limunglimung", "m", "");
INSERT INTO `wced_entry` VALUES (11319, "limunsitu, limunsitus", "613", "<entry page=""613"" id=""11319""><form id=""limunsixtu_limunsixtus"" lang=""ceb"">limunsítu, limunsítus</form>
<hom role=""n""><pos>n</pos>
<sense n=""0""><trans> calamondin, a small citrus tree bearing small, round, acid fruit, orange-colored when ripe, with an easily separable peel. It is the most widely sold sour citrus: <bio>Citrus microcarpa</bio>.
</trans>
</sense></hom></entry>");
INSERT INTO `wced_head` (entryid, head, normalized_head, type, pos) VALUES (11319, "limunsítu", "limunsitu", "s", "n");
INSERT INTO `wced_head` (entryid, head, normalized_head, type, pos) VALUES (11319, "limunsítus", "limunsitus", "s", "n");
INSERT INTO `wced_entry` VALUES (11320, "limuruk, limuruk", "613", "<entry page=""613"" id=""11320""><form id=""limuruk_limuxruk"" lang=""ceb"">limuruk, limúruk</form>
<hom>
<sense n=""0""><trans> <xr lang=""ceb"" target=""#lamuruk"">= <sc>lamuruk</sc>.</xr>
</trans>
</sense></hom></entry>");
INSERT INTO `wced_head` (entryid, head, normalized_head, type, pos) VALUES (11320, "limuruk", "limuruk", "s", "");
INSERT INTO `wced_head` (entryid, head, normalized_head, type, pos) VALUES (11320, "limúruk", "limuruk", "s", "");
INSERT INTO `wced_entry` VALUES (11321, "limus", "613", "<entry page=""613"" id=""11321""><form id=""limus"" lang=""ceb"">limus</form>
<hom role=""n""><pos>n</pos>
<sense n=""1""><number>1</number><trans> <tr>alms</tr>. </trans>
</sense>
<sense n=""2""><number>2</number><trans> a voluntary contribution to the family of a person who died. </trans>
</sense></hom>
<hom role=""v""><pos>v</pos>
<sense n=""0""> <itype>[A; b6(1)]</itype><trans> </trans>
</sense>
<sense n=""1""><number>1</number><trans> give alms or a voluntary contribution to the family of a person who died. </trans>
<eg><i lang=""ceb"">Mulimus giyud ta inigdúaw sa namatyan,</i><trans> We ought to give a little s.t. when we visit the family of the deceased. </trans></eg>
<eg><i lang=""ceb"">Limusi ang makililímus nga buta,</i><trans> Give alms to the blind beggar. </trans></eg>
</sense>
<sense n=""2""><number>2</number><trans> give s.t. of great value to the recipient but of little value to the owner. </trans>
<eg><i lang=""ceb"">Intáwun, Kurdaping. Anus-a pa man ku nímu limsig pahíyum?</i><trans> Have pity, Cordaping. When will you bestow a smile on me? </trans></eg>
</sense>
<sense n=""3""><number>3</number><trans> give s.t. of little value, but unwillingly. </trans>
<eg><i lang=""ceb"">Ug dì níya bayran tung dus, ilimus na lang tu,</i><trans> If he doesn’t give me my two pesos back, forget it. I’ll write it off as charity. </trans></eg>
</sense></hom>
<entry><form id=""pakilimus"" lang=""ceb""><abbr expan=""pakilimus"">paki-</abbr></form>
<hom role=""v""><pos>v</pos>
<sense n=""0""> <itype>[A]</itype><trans> go begging for alms. </trans>
<eg><i lang=""ceb"">Magpakilimus na lang ta ug wà nay mahímù,</i><trans> We’ll have to go begging if there’s no other way. </trans></eg>
</sense></hom></entry>
<entry><form id=""linimsan"" lang=""ceb"">linimsan</form>
<hom role=""n""><pos>n</pos>
<sense n=""0""><trans> amount collected by begging. </trans>
</sense></hom></entry>
<entry><form id=""makalilixmus_makililixmus_pakililixmus"" lang=""ceb""><abbr expan=""makalilímus"">maka-r-(←)</abbr>, <abbr expan=""makililímus"">maki-r-(←)</abbr>, <abbr expan=""pakililímus"">paki-r-(←)</abbr></form>
<hom role=""n""><pos>n</pos>
<sense n=""0""><trans> <tr>beggar</tr>.
</trans>
</sense></hom></entry></entry>");
INSERT INTO `wced_head` (entryid, head, normalized_head, type, pos) VALUES (11321, "limus", "limus", "m", "nv");
INSERT INTO `wced_head` (entryid, head, normalized_head, type, pos) VALUES (11321, "pakilimus", "pakilimus", "s", "v");
INSERT INTO `wced_head` (entryid, head, normalized_head, type, pos) VALUES (11321, "linimsan", "linimsan", "s", "n");
INSERT INTO `wced_head` (entryid, head, normalized_head, type, pos) VALUES (11321, "makalilímus", "makalilimus", "s", "n");
INSERT INTO `wced_head` (entryid, head, normalized_head, type, pos) VALUES (11321, "makililímus", "makililimus", "s", "n");
INSERT INTO `wced_head` (entryid, head, normalized_head, type, pos) VALUES (11321, "pakililímus", "pakililimus", "s", "n");
INSERT INTO `wced_translation` (entryid, translation) VALUES (11321, "alms");
INSERT INTO `wced_translation` (entryid, translation) VALUES (11321, "beggar");
INSERT INTO `wced_entry` VALUES (11322, "limut", "613", "<entry page=""613"" id=""11322""><form id=""lixmut"" lang=""ceb"">límut</form>
<hom role=""v""><pos>v</pos>
<sense n=""1""><number>1</number> <itype>[B123S6; b8]</itype><trans> forget. </trans>
<eg><i lang=""ceb"">Nalímut ku sa átung sábut,</i><trans> I forgot our appointment. </trans></eg>
<eg><i lang=""ceb"">Uy, nakalimut ka ug butúnis sa ímung karsúnis!</i><trans> Hey! You forgot to button your pants! </trans></eg>
<eg><i lang=""ceb"">Nalimtan nákù <corr sic=""ag"">ang</corr> ákung pitáka!</i><trans> I forgot my wallet! </trans></eg>
<eg><i lang=""ceb"">Kalimti ang nangági kanátù,</i><trans> Forget what happened between us. </trans></eg>
<eg><i lang=""ceb"">Dílì ku kalimtan tung nawnga bísan ug ása,</i><trans> I will not forget that face anywhere. </trans></eg>
</sense>
<sense n=""2""><number>2</number> <itype>[B126]</itype><trans> lose consciousness. </trans>
<eg><i lang=""ceb"">Nalímut ku pagkapangkà sa ákung úlu,</i><trans> I got unconscious when my head bumped into s.t. </trans></eg>
</sense>
<sense n=""3""><number>3</number><trans> <xr lang=""ceb"" target=""#limut"">= <sc>limut</sc>, <i lang=""ceb"">v</i>.</xr> </trans>
</sense></hom>
<entry><form id=""limut"" lang=""ceb""><abbr expan=""limut"">(→)</abbr></form>
<hom role=""n""><pos>n</pos>
<sense n=""1""><number>1</number><trans> anesthetic. </trans>
</sense>
<sense n=""2""><number>2</number><trans> k.o. antidote to make s.o. stop a vice. </trans>
</sense></hom>
<hom role=""v""><pos>v</pos>
<sense n=""0""> <itype>[A; a1]</itype><trans> </trans>
</sense>
<sense n=""1""><number>1</number><trans> give general anesthesia. </trans>
<eg><i lang=""ceb"">Dílì mulímut ang duktǔr ug dúnay sakit sa kasingkásing,</i><trans> A doctor won’t administer anesthesia to s.o. with a heart disease. </trans></eg>
<eg><i lang=""ceb"">Unsay ilimut sa bátang palaihì magabíi?</i><trans> What antidote shall we use on a child that wets his bed? </trans></eg>
</sense>
<sense n=""2""><number>2</number><trans> hypnotize, dazzle s.o. to make him lose his sense of reason or see things in a different way. </trans>
<eg><i lang=""ceb"">Ingkantu ang milimut (naglimut) kaníya,</i><trans> An enchanted being led him into a different world. </trans></eg>
<eg><i lang=""ceb"">Limutun ka sa íyang katahum,</i><trans> You will be dazzled by her beauty. </trans></eg>
</sense></hom></entry>
<entry><form id=""limutlixmut"" lang=""ceb"">limutlímut</form>
<hom role=""v""><pos>v</pos>
<sense n=""0""> <itype>[b6]</itype><trans> forget s.t. at every occasion. </trans>
<eg><i lang=""ceb"">Íyang gilimutlimútan ug úlì ang bumba sa ligid,</i><trans> He forgets to return the air pump every time. </trans></eg>
</sense></hom></entry>
<entry><form id=""hikalimut_hakalimut"" lang=""ceb""><abbr expan=""hikalimut"">hika-</abbr>/<abbr expan=""hakalimut"">haka-(→)</abbr></form>
<hom role=""v""><pos>v</pos>
<sense n=""0""> <itype>[B1256; b8]</itype><trans> happen to forget. </trans>
<eg><i lang=""ceb"">Nahikalimut <pb n=""614""/>siya pagpalit ug sibúyas,</i><trans> She forgot to buy onions. </trans></eg>
</sense></hom></entry>
<entry><form id=""panglixmut"" lang=""ceb""><abbr expan=""panglímut"">paN-</abbr></form>
<hom role=""v""><pos>v</pos>
<sense n=""0""> <itype>[b1]</itype><trans> </trans>
</sense>
<sense n=""1""><number>1</number><trans> lose consciousness. </trans>
</sense>
<sense n=""2""><number>2</number><trans> lose control of oneself. </trans>
<eg><i lang=""ceb"">Gipanlimútan siyang misagpà sa íyang asáwa,</i><trans> He lost control of himself and hit his wife. </trans></eg>
</sense></hom></entry>
<entry><form id=""limuxta"" lang=""ceb""><abbr expan=""limúta"">-a(←)</abbr></form>
<hom>
<sense n=""0""><trans> how very forgetful. </trans>
<eg><i lang=""ceb"">Labihan nákung limúta uy!</i><trans> Jesus, how forgetful I am! </trans></eg>
</sense></hom></entry>
<entry><form id=""kalixmut"" lang=""ceb""><abbr expan=""kalímut"">ka-</abbr></form>
<hom role=""n""><pos>n</pos>
<sense n=""0""><trans> action of forgetting s.t. </trans>
<eg><i lang=""ceb"">Way nagtuun sa kalímut,</i><trans> No one learns how to forget. (You’re born with that knowledge.) </trans></eg>
</sense></hom></entry>
<entry><form id=""malimuxtun_malimtaxnun_manggilimtaxnun_limtaxnun"" lang=""ceb""><abbr expan=""malimútun"">ma-un</abbr>, malimtánun, manggilimtánun, limtánun</form>
<hom role=""a""><pos>a</pos>
<sense n=""0""><trans> <tr>forgetful</tr>. </trans>
</sense></hom>
<hom role=""v""><pos>v</pos>
<sense n=""0""> <itype>[B12]</itype><trans> become forgetful. </trans>
</sense></hom></entry>
<entry><form id=""palixmut"" lang=""ceb""><abbr expan=""palímut"">pa-</abbr></form>
<hom>
<sense n=""0""><trans> <xr lang=""ceb"" target=""#limut"">= <sc>limut</sc>, <ix>n</ix>.</xr>
</trans>
</sense></hom></entry></entry>");
INSERT INTO `wced_head` (entryid, head, normalized_head, type, pos) VALUES (11322, "límut", "limut", "m", "v");
INSERT INTO `wced_head` (entryid, head, normalized_head, type, pos) VALUES (11322, "limut", "limut", "s", "nv");
INSERT INTO `wced_head` (entryid, head, normalized_head, type, pos) VALUES (11322, "limutlímut", "limutlimut", "s", "v");
INSERT INTO `wced_head` (entryid, head, normalized_head, type, pos) VALUES (11322, "hikalimut", "hikalimut", "s", "v");
INSERT INTO `wced_head` (entryid, head, normalized_head, type, pos) VALUES (11322, "hakalimut", "hakalimut", "s", "v");
INSERT INTO `wced_head` (entryid, head, normalized_head, type, pos) VALUES (11322, "panglímut", "panglimut", "s", "v");
INSERT INTO `wced_head` (entryid, head, normalized_head, type, pos) VALUES (11322, "limúta", "limuta", "s", "");
INSERT INTO `wced_head` (entryid, head, normalized_head, type, pos) VALUES (11322, "kalímut", "kalimut", "s", "n");
INSERT INTO `wced_head` (entryid, head, normalized_head, type, pos) VALUES (11322, "malimútun", "malimutun", "s", "av");
INSERT INTO `wced_head` (entryid, head, normalized_head, type, pos) VALUES (11322, "malimtánun", "malimtanun", "s", "av");
INSERT INTO `wced_head` (entryid, head, normalized_head, type, pos) VALUES (11322, "manggilimtánun", "manggilimtanun", "s", "av");
INSERT INTO `wced_head` (entryid, head, normalized_head, type, pos) VALUES (11322, "limtánun", "limtanun", "s", "av");
INSERT INTO `wced_head` (entryid, head, normalized_head, type, pos) VALUES (11322, "palímut", "palimut", "s", "");
INSERT INTO `wced_translation` (entryid, translation) VALUES (11322, "forgetful");
INSERT INTO `wced_entry` VALUES (11323, "limuut", "614", "<entry page=""614"" id=""11323""><form id=""limuxut"" lang=""ceb"">limúut</form>
<hom>
<sense n=""0""><trans> <xr lang=""ceb"" target=""#alimuxut"">= <sc>alimúut</sc>.</xr>
</trans>
</sense></hom></entry>");
INSERT INTO `wced_head` (entryid, head, normalized_head, type, pos) VALUES (11323, "limúut", "limuut", "m", "");
INSERT INTO `wced_entry` VALUES (11324, "lina1", "614", "<entry page=""614"" id=""11324""><form id=""lixnaq"" lang=""ceb"">línà<sub>1</sub></form>
<hom role=""v""><pos>v</pos>
<sense n=""1""><number>1</number> <itype>[A13; a12]</itype><trans> collect toddy before the normal time to gather it, most usually take the toddy in the evening instead of the following morning. </trans>
<eg><i lang=""ceb"">Maglínà ku sa dawat kay gustu kung muinum ug tam-is nga tubà,</i><trans> I will take the toddy this evening because I want to drink sweet palm toddy. </trans></eg>
<eg><i lang=""ceb"">Lináa ang tubà arun tam-is,</i><trans> Gather the palm toddy early so that it will be sweet. </trans></eg>
</sense>
<sense n=""2""><number>2</number> <itype>[A; a1]</itype><trans> restore s.o.’s health by drinking fresh unfermented coconut toddy. </trans>
<eg><i lang=""ceb"">Gilínà ang bátà kay luyahun,</i><trans> The child was given fresh toddy as a tonic because he was so weak. </trans></eg>
</sense></hom>
<hom role=""n""><pos>n</pos>
<sense n=""0""><trans> sweet palm toddy. </trans>
</sense></hom>
<entry><form id=""linaq"" lang=""ceb""><abbr expan=""linà"">(→)</abbr></form>
<hom>
<sense n=""0""><trans> <xr lang=""ceb"" target=""#lixnaq"">= <sc>línà</sc>, <i lang=""ceb"">n</i>.</xr>
</trans>
</sense></hom></entry></entry>");
INSERT INTO `wced_head` (entryid, head, normalized_head, type, pos) VALUES (11324, "línà", "lina", "s", "vn");
INSERT INTO `wced_head` (entryid, head, normalized_head, type, pos) VALUES (11324, "linà", "lina", "s", "");
INSERT INTO `wced_entry` VALUES (11325, "*lina2", "614", "<entry page=""614"" id=""11325""><form id=""xxlixnaq2"" lang=""ceb"">*línà<sub>2</sub></form>
<entry><form id=""palinaq"" lang=""ceb""><abbr expan=""palinà"">pa-</abbr></form>
<hom role=""n""><pos>n</pos>
<sense n=""1""><number>1</number><trans> a process of purification in folk medicine whereby some evil or bad effect is removed by exposing the victim to magical smoke, obtained from certain plants and compounds. </trans>
</sense>
<sense n=""2""><number>2</number><trans> the material burned in the process of <ix>palínà</ix>. </trans>
</sense></hom>
<hom role=""v""><pos>v</pos>
<sense n=""0""> <itype>[A; b6(1)]</itype><trans> administer this treatment. </trans>
<eg><i lang=""ceb"">Gipalináan ug sagbut sa mintiryu ang gilubatan,</i><trans> She became ill after attending a funeral and was treated with smoke from plants taken from the cemetery.
</trans></eg>
</sense></hom></entry></entry>");
INSERT INTO `wced_head` (entryid, head, normalized_head, type, pos) VALUES (11325, "línà", "lina", "s", "");
INSERT INTO `wced_head` (entryid, head, normalized_head, type, pos) VALUES (11325, "palinà", "palina", "s", "nv");
INSERT INTO `wced_entry` VALUES (11326, "linab", "614", "<entry page=""614"" id=""11326""><form id=""lixnab"" lang=""ceb"">línab</form>
<hom role=""n""><pos>n</pos>
<sense n=""0""><trans> woman born with a very narrow or no vaginal opening.
</trans>
</sense></hom></entry>");
INSERT INTO `wced_head` (entryid, head, normalized_head, type, pos) VALUES (11326, "línab", "linab", "m", "n");
INSERT INTO `wced_entry` VALUES (11327, "linaw1", "614", "<entry page=""614"" id=""11327""><form id=""lixnaw"" lang=""ceb"">línaw<sub>1</sub></form>
<hom role=""a""><pos>a</pos>
<sense n=""1""><number>1</number><trans> <tr>calm</tr>, free of agitation. </trans>
<eg><i lang=""ceb"">Línaw ang dágat,</i><trans> The sea is calm. </trans></eg>
</sense>
<sense n=""2""><number>2</number><trans> calm, free from excitement. </trans>
<eg><i lang=""ceb"">Línaw átung hunàhúnà ug walà tay mga suliran,</i><trans> Your mind is calm if you don’t have problems. </trans></eg>
</sense></hom>
<hom role=""v""><pos>v</pos>
<sense n=""1""><number>1</number> <itype>[B2S; b4(1)]</itype><trans> be, become calm. </trans>
<eg><i lang=""ceb"">Naglínaw ang panahun,</i><trans> The weather is calm. </trans></eg>
<eg><i lang=""ceb"">Dúgay ming naabut kay nalináwan ang sakayan,</i><trans> We arrived late because the boat was becalmed. </trans></eg>
</sense>
<sense n=""2""><number>2</number> <itype>[B1; a12]</itype><trans> be calm, undisturbed. </trans>
<eg><i lang=""ceb"">Dílì maglínaw ang ímung tanlag,</i><trans> Your conscience will not be at peace. </trans></eg>
<eg><i lang=""ceb"">Lináwa ang ímung kaugalíngun, ayaw ug katarantar,</i><trans> Compose yourself. Don’t panic. </trans></eg>
</sense></hom>
<hom role=""n""><pos>n</pos>
<sense n=""0""><trans> peace, calm. </trans>
<eg><i lang=""ceb"">Walay línaw ning panimuyúa,</i><trans> The way we’re living, there is no peace and quiet. </trans></eg>
</sense></hom>
<entry><form id=""malinaxwun"" lang=""ceb""><abbr expan=""malináwun"">ma-un</abbr></form>
<hom role=""a""><pos>a</pos>
<sense n=""0""><trans> calmly, peacefully. </trans>
<eg><i lang=""ceb"">Malináwun siya nga namatay,</i><trans> He died calmly. </trans></eg>
</sense></hom></entry>
<entry><form id=""kalixnaw"" lang=""ceb""><abbr expan=""kalínaw"">ka-</abbr></form>
<hom role=""n""><pos>n</pos>
<sense n=""0""><trans> <xr lang=""ceb"" target=""#lixnaw"">= <sc>línaw</sc>, <i lang=""ceb"">n</i>.</xr>
</trans>
</sense></hom></entry></entry>");
INSERT INTO `wced_head` (entryid, head, normalized_head, type, pos) VALUES (11327, "línaw", "linaw", "s", "avn");
INSERT INTO `wced_head` (entryid, head, normalized_head, type, pos) VALUES (11327, "malináwun", "malinawun", "s", "a");
INSERT INTO `wced_head` (entryid, head, normalized_head, type, pos) VALUES (11327, "kalínaw", "kalinaw", "s", "n");
INSERT INTO `wced_translation` (entryid, translation) VALUES (11327, "calm");
INSERT INTO `wced_entry` VALUES (11328, "linaw2", "614", "<entry page=""614"" id=""11328""><form id=""lixnaw2"" lang=""ceb"">línaw<sub>2</sub></form>
<hom role=""n""><pos>n</pos>
<sense n=""0""><trans> <tr>pool</tr>, <tr>lake</tr>. </trans>
</sense></hom>
<hom role=""v""><pos>v</pos>
<sense n=""0""> <itype>[A; b6]</itype><trans> form into a pool, pond, or lake. </trans>
<eg><i lang=""ceb"">Mulínaw ang túbig sa sílung ug kusug ang ulan,</i><trans> A lake forms under our house when it rains hard.
</trans></eg>
</sense></hom></entry>");
INSERT INTO `wced_head` (entryid, head, normalized_head, type, pos) VALUES (11328, "línaw", "linaw", "s", "nv");
INSERT INTO `wced_translation` (entryid, translation) VALUES (11328, "pool");
INSERT INTO `wced_translation` (entryid, translation) VALUES (11328, "lake");
INSERT INTO `wced_entry` VALUES (11329, "lindag", "614", "<entry page=""614"" id=""11329""><form id=""lindag"" lang=""ceb"">lindag</form>
<hom role=""v""><pos>v</pos>
<sense n=""0""> <itype>[B456]</itype><trans> toss about restlessly in bed. </trans>
<eg><i lang=""ceb"">Naglindag ku sa higdaánan gabíi, wà giyud kung katulug,</i><trans> I didn’t sleep the whole night last night. I just kept tossing around in bed.
</trans></eg>
</sense></hom></entry>");
INSERT INTO `wced_head` (entryid, head, normalized_head, type, pos) VALUES (11329, "lindag", "lindag", "m", "v");
INSERT INTO `wced_entry` VALUES (11330, "lindug", "614", "<entry page=""614"" id=""11330""><form id=""lindug"" lang=""ceb"">lindug</form>
<hom role=""n""><pos>n</pos>
<sense n=""1""><number>1</number><trans> unbranching trunk of a tree. </trans>
<eg><i lang=""ceb"">Lindug sa lubi,</i><trans> The trunk of a coconut tree. </trans></eg>
</sense>
<sense n=""1a""><number>1a</number><trans> column in a building. </trans>
</sense>
<sense n=""2""><number>2</number><trans> <tr>column</tr> in a newspaper or journal. </trans>
<eg><i lang=""ceb"">Lindug sa mga bálak,</i><trans> Poetry section. </trans></eg>
</sense>
<sense n=""3""><number>3</number><trans> warp threads. </trans>
</sense></hom>
<entry><form id=""maglilindug"" lang=""ceb""><abbr expan=""maglilindug"">mag-r-</abbr></form>
<hom role=""n""><pos>n</pos>
<sense n=""0""><trans> <tr>columnist</tr>.
</trans>
</sense></hom></entry></entry>");
INSERT INTO `wced_head` (entryid, head, normalized_head, type, pos) VALUES (11330, "lindug", "lindug", "m", "n");
INSERT INTO `wced_head` (entryid, head, normalized_head, type, pos) VALUES (11330, "maglilindug", "maglilindug", "s", "n");
INSERT INTO `wced_translation` (entryid, translation) VALUES (11330, "column");
INSERT INTO `wced_translation` (entryid, translation) VALUES (11330, "columnist");
INSERT INTO `wced_entry` VALUES (11331, "linga, linga", "614", "<entry page=""614"" id=""11331""><form id=""linga_lixnga"" lang=""ceb"">linga, línga</form>
<hom>
<sense n=""0""><trans> (from <ix>alinga</ix>) </trans>
</sense></hom>
<hom role=""a""><pos>a</pos>
<sense n=""0""><trans> inattentive due to preoccupation with s.t. else. </trans>
<eg><i lang=""ceb"">Balikbalíka pag-isplikar kay linga kaáyu,</i><trans> Repeat your explanation because he is very inattentive. </trans></eg>
</sense></hom>
<hom role=""n""><pos>n</pos>
<sense n=""0""><trans> preoccupation that keeps one from concentrating. </trans>
<eg><i lang=""ceb"">Dì siya makatrabáhu kay daghan siyag linga,</i><trans> He can’t do work because he has lots of other things to think about. </trans></eg>
</sense></hom>
<hom role=""v""><pos>v</pos>
<sense n=""1""><number>1</number> <itype>[B12; b3]</itype><trans> be inattentive. </trans>
<eg><i lang=""ceb"">Wà kung kabantay pag-ági níya. Nalinga lang ku,</i><trans> I didn’t see her go by. I wasn’t paying attention. </trans></eg>
<eg><i lang=""ceb"">Subrang dúwà ang nalingahan ánang batáa,</i><trans> The child has nothing but play on his mind and thus is inattentive. </trans></eg>
</sense>
<sense n=""2""><number>2</number> <itype>[A12; a]</itype><trans> hold one’s attention. </trans>
<eg><i lang=""ceb"">Nalinga kug tan-aw sa lamígas nga nanag-áway,</i><trans> I was amused watching the ants fighting each other. </trans></eg>
<eg><i lang=""ceb"">Lingaha ang gwardiya kay muipsut ku sa píkas,</i><trans> Keep the guard occupied because I will slip through the other side. </trans></eg>
</sense>
<sense n=""3""><number>3</number> <itype>[B1256]</itype><trans> be so occupied. </trans>
<eg><i lang=""ceb"">Ang tindíra nalinga ug paninsíyu,</i><trans> The salesgirl was so busy she couldn’t make change properly. </trans></eg>
</sense></hom>
<entry><form id=""makalilixnga"" lang=""ceb""><abbr expan=""makalilínga"">maka-r-(←)</abbr></form>
<hom role=""a""><pos>a</pos>
<sense n=""0""><trans> being easily diverted, distracted. </trans>
<eg><i lang=""ceb"">Pangidad nga makalilínga,</i><trans> Age at which one has a short attention span.
</trans></eg>
</sense></hom></entry></entry>");
INSERT INTO `wced_head` (entryid, head, normalized_head, type, pos) VALUES (11331, "linga", "linga", "s", "anv");
INSERT INTO `wced_head` (entryid, head, normalized_head, type, pos) VALUES (11331, "línga", "linga", "s", "anv");
INSERT INTO `wced_head` (entryid, head, normalized_head, type, pos) VALUES (11331, "makalilínga", "makalilinga", "s", "a");
INSERT INTO `wced_entry` VALUES (11332, "lingab", "614", "<entry page=""614"" id=""11332""><form id=""lixngab"" lang=""ceb"">língab</form>
<hom role=""a""><pos>a</pos>
<sense n=""0""><trans> having the congenital defect of a narrow or no vaginal opening.
</trans>
</sense></hom></entry>");
INSERT INTO `wced_head` (entryid, head, normalized_head, type, pos) VALUES (11332, "língab", "lingab", "m", "a");
INSERT INTO `wced_entry` VALUES (11333, "lingabngab", "614", "<entry page=""614"" id=""11333""><form id=""lingabngab"" lang=""ceb"">lingabngab</form>
<hom role=""n""><pos>n</pos>
<sense n=""0""><trans> yawn. </trans>
</sense></hom>
<hom role=""v""><pos>v</pos>
<sense n=""0""> <itype>[AN2]</itype><trans> yawn. </trans>
<eg><i lang=""ceb"">Mulingabngab (manglingabngab) lang ku ug katulgun na ku,</i><trans> I yawn when I feel sleepy.
</trans></eg>
</sense></hom></entry>");
INSERT INTO `wced_head` (entryid, head, normalized_head, type, pos) VALUES (11333, "lingabngab", "lingabngab", "m", "nv");
INSERT INTO `wced_entry` VALUES (11334, "lingag", "614", "<entry page=""614"" id=""11334""><form id=""lingag"" lang=""ceb"">lingag</form>
<hom role=""a""><pos>a</pos>
<sense n=""0""><trans> lacking concentration, preoccupied with many other things so as to make stupid mistakes. </trans>
<eg><i lang=""ceb"">Lingag man maung bisag kurik girúngan,</i><trans> She is so careless. She marked correct answers wrong. </trans></eg>
<eg><i lang=""ceb"">Wà siya makatúman sa túgun kay lingag man,</i><trans> She didn’t do what she was told because she was careless. </trans></eg>
</sense></hom>
<hom role=""v""><pos>v</pos>
<sense n=""0""> <itype>[B1]</itype><trans> be, become careless, preoccupied with other distracting activities. </trans>
<eg><i lang=""ceb"">Nagkalingag na ning draybir námù. Sígi na lang makabanggà,</i><trans> Our chauffeur is getting careless. He keeps having accidents.
</trans></eg>
</sense></hom></entry>");
INSERT INTO `wced_head` (entryid, head, normalized_head, type, pos) VALUES (11334, "lingag", "lingag", "m", "av");
INSERT INTO `wced_entry` VALUES (11335, "lingagngag", "614", "<entry page=""614"" id=""11335""><form id=""lingagngag"" lang=""ceb"">lingagngag</form>
<hom>
<sense n=""0""><trans> <xr lang=""ceb"" target=""#alingagngag"">= <sc>alingagngag</sc>.</xr>
<pb n=""615""/>
</trans>
</sense></hom></entry>");
INSERT INTO `wced_head` (entryid, head, normalized_head, type, pos) VALUES (11335, "lingagngag", "lingagngag", "m", "");
INSERT INTO `wced_entry` VALUES (11336, "lingas", "615", "<entry page=""615"" id=""11336""><form id=""lingas"" lang=""ceb"">lingas</form>
<hom role=""a""><pos>a</pos>
<sense n=""0""><trans> unable to keep still but moving about all the time instead. </trans>
<eg><i lang=""ceb"">Lingas kaáyu ning batáa, dì mahimutang,</i><trans> This boy is always moving about, he can’t keep still. </trans></eg>
</sense></hom>
<hom role=""v""><pos>v</pos>
<sense n=""0""> <itype>[B; b6]</itype><trans> be moving about always and not keeping still.
</trans>
</sense></hom></entry>");
INSERT INTO `wced_head` (entryid, head, normalized_head, type, pos) VALUES (11336, "lingas", "lingas", "m", "av");
INSERT INTO `wced_entry` VALUES (11337, "lingat", "615", "<entry page=""615"" id=""11337""><form id=""lixngat"" lang=""ceb"">língat</form>
<hom role=""v""><pos>v</pos>
<sense n=""1""><number>1</number> <itype>[AB24]</itype><trans> for the eyes to rove, move the eyes. </trans>
<eg><i lang=""ceb"">Milíngat lang ang íyang mata pagsúd níya sa palasyu,</i><trans> Her eyes popped out of her head when she went in the palace. </trans></eg>
<eg><i lang=""ceb"">Naglíngat siya sa simbahan,</i><trans> She looked around at the people in the church. </trans></eg>
</sense>
<sense n=""2""><number>2</number> <itype>[A]</itype><trans> behave badly, wildly when one is in a place where formal behavior is expected. </trans>
<eg><i lang=""ceb"">Mulíngat lang ning mga bátà kung túa sa láing báy,</i><trans> My children act wild when they are in other people’s houses. </trans></eg>
<eg><i lang=""ceb"">Naglíngat lang siya didtu sa baylihan kay hubug man,</i><trans> He acted wildly at the dance because he was drunk. </trans></eg>
</sense></hom>
<entry><form id=""lingat"" lang=""ceb""><abbr expan=""lingat"">(→)</abbr></form>
<hom role=""a""><pos>a</pos>
<sense n=""1""><number>1</number><trans> careless, not paying attention to what one is about. </trans>
<eg><i lang=""ceb"">Hibyaan níya ang bág kay lingat man,</i><trans> She left her bag because she was careless. </trans></eg>
</sense>
<sense n=""2""><number>2</number><trans> failing to behave modestly and composed in a place where one is expected to be on one’s good behavior. </trans>
</sense></hom>
<hom role=""v""><pos>v</pos>
<sense n=""0""> <itype>[B12; b6]</itype><trans> be, become careless. </trans>
<eg><i lang=""ceb"">Nalingat siya kay giapura,</i><trans> She was careless because she was rushed.
</trans></eg>
</sense></hom></entry></entry>");
INSERT INTO `wced_head` (entryid, head, normalized_head, type, pos) VALUES (11337, "língat", "lingat", "m", "v");
INSERT INTO `wced_head` (entryid, head, normalized_head, type, pos) VALUES (11337, "lingat", "lingat", "s", "av");
INSERT INTO `wced_entry` VALUES (11338, "lingatung", "615", "<entry page=""615"" id=""11338""><form id=""lingaxtung"" lang=""ceb"">lingátung</form>
<hom role=""n""><pos>n</pos>
<sense n=""0""><trans> shrub or small tree having numerous stinging hairs, with magical uses to drive <ix>unglù</ix> away: <bio>Laportea brunnea</bio>. </trans>
</sense></hom>
<hom role=""v""><pos>v</pos>
<sense n=""0""> <itype>[b4(1)]</itype><trans> get the stinging hairs of this plant on one.
</trans>
</sense></hom></entry>");
INSERT INTO `wced_head` (entryid, head, normalized_head, type, pos) VALUES (11338, "lingátung", "lingatung", "m", "nv");
INSERT INTO `wced_entry` VALUES (11339, "lingaw", "615", "<entry page=""615"" id=""11339""><form id=""lingaw"" lang=""ceb"">lingaw</form>
<hom role=""v""><pos>v</pos>
<sense n=""1""><number>1</number> <itype>[A; a12]</itype><trans> attract one’s interest or attention. </trans>
<eg><i lang=""ceb"">Ákung lingawun si Máma ug ikay kúhà sa dulsi,</i><trans> I’ll keep Mom’s attention while you get the candy. </trans></eg>
</sense>
<sense n=""2""><number>2</number> <itype>[A2; a12]</itype><trans> entertain, amuse. </trans>
<eg><i lang=""ceb"">Ang íyang kumidiya dílì makalingaw nákù,</i><trans> His jokes don’t amuse me. </trans></eg>
<eg><i lang=""ceb"">Nalingaw ang bátà ug panakup ug apan,</i><trans> The child is amused, occupying himself with catching grasshoppers. </trans></eg>
</sense></hom>
<hom role=""n""><pos>n</pos>
<sense n=""0""><trans> thing to keep oneself busy with. </trans>
<eg><i lang=""ceb"">Ug wà kay lingaw, pagtuun,</i><trans> If you don’t have anything to do, you could study. </trans></eg>
</sense></hom>
<entry><form id=""kalingaw"" lang=""ceb""><abbr expan=""kalingaw"">ka-</abbr></form>
<hom role=""v""><pos>v</pos>
<sense n=""0""> <itype>[A3; b6]</itype><trans> do s.t. in one’s spare time, spend one’s time doing s.t. </trans>
<eg><i lang=""ceb"">Samtang nagpaábut ku, magkalingaw kug bása,</i><trans> While I am waiting, I will pass the time reading. </trans></eg>
</sense></hom></entry>
<entry><form id=""lingawlixngaw"" lang=""ceb"">lingawlíngaw</form>
<hom role=""v""><pos>v</pos>
<sense n=""1""><number>1</number> <itype>[A13]</itype><trans> amuse, divert oneself. </trans>
<eg><i lang=""ceb"">Human sa trabáhu, maglingawlíngaw mi,</i><trans> After work we amuse ourselves. </trans></eg>
</sense>
<sense n=""2""><number>2</number> <itype>[A13; b6]</itype><trans> spend one’s spare time doing s.t. </trans>
<eg><i lang=""ceb"">Human dáyun ni kay ákung lingawlingáwan ug pintal human sa trabáhu,</i><trans> It won’t take long to get done painting because I’ll do it in my spare time after work. </trans></eg>
</sense></hom>
<hom role=""n""><pos>n</pos>
<sense n=""0""><trans> recreation, amusement. </trans>
<eg><i lang=""ceb"">Álang kaníya ang panulat usa ka lingawlíngaw,</i><trans> For him writing is a form of relaxation. </trans></eg>
</sense></hom></entry>
<entry><form id=""palingawlixngaw"" lang=""ceb"">palingawlíngaw</form>
<hom role=""v""><pos>v</pos>
<sense n=""0""> <itype>[A; b6]</itype><trans> pretend to be occupied or engrossed with s.t. to avoid confronting an embarrassing situation. </trans>
<eg><i lang=""ceb"">Nainsultuhan gud siya piru nagpalingawlíngaw lag hinábì sa uban,</i><trans> She felt insulted but she just pretended to be engrossed in her conversation with other people. </trans></eg>
</sense></hom></entry>
<entry><form id=""kalingaxwan"" lang=""ceb""><abbr expan=""kalingáwan"">ka-an(←)</abbr></form>
<hom role=""n""><pos>n</pos>
<sense n=""0""><trans> <tr>amusement</tr>. </trans>
<eg><i lang=""ceb"">Sa karnabalan daghang kalingáwan,</i><trans> In the fair grounds there are lots of amusements. </trans></eg>
</sense></hom></entry>
<entry><form id=""makalilixngaw"" lang=""ceb""><abbr expan=""makalilíngaw"">maka-r-(←)</abbr></form>
<hom role=""a""><pos>a</pos>
<sense n=""0""><trans> affording amusement.
</trans>
</sense></hom></entry></entry>");
INSERT INTO `wced_head` (entryid, head, normalized_head, type, pos) VALUES (11339, "lingaw", "lingaw", "m", "vn");
INSERT INTO `wced_head` (entryid, head, normalized_head, type, pos) VALUES (11339, "kalingaw", "kalingaw", "s", "v");
INSERT INTO `wced_head` (entryid, head, normalized_head, type, pos) VALUES (11339, "lingawlíngaw", "lingawlingaw", "s", "vn");
INSERT INTO `wced_head` (entryid, head, normalized_head, type, pos) VALUES (11339, "palingawlíngaw", "palingawlingaw", "s", "v");
INSERT INTO `wced_head` (entryid, head, normalized_head, type, pos) VALUES (11339, "kalingáwan", "kalingawan", "s", "n");
INSERT INTO `wced_head` (entryid, head, normalized_head, type, pos) VALUES (11339, "makalilíngaw", "makalilingaw", "s", "a");
INSERT INTO `wced_translation` (entryid, translation) VALUES (11339, "amusement");
INSERT INTO `wced_entry` VALUES (11340, "lingay, lingay", "615", "<entry page=""615"" id=""11340""><form id=""lingay_lixngay"" lang=""ceb"">lingay, língay</form>
<hom role=""v""><pos>v</pos>
<sense n=""0""> <itype>[A2]</itype><trans> for the sun to move beyond the zenith and the shadows to lengthen in the afternoon. </trans>
<eg><i lang=""ceb"">Milingay na ang adlaw ug wà pa sila makapaniudtu,</i><trans> The sun has moved beyond the zenith and they still have not taken their lunch. </trans></eg>
<eg><i lang=""ceb"">Nakalingay ang anínu sa lubi gíkan sa kural apan ang aláyun wà pa makasúgud,</i><trans> The shadow of the coconut tree has moved beyond the fence, but the work bee has not yet started.
</trans></eg>
</sense></hom></entry>");
INSERT INTO `wced_head` (entryid, head, normalized_head, type, pos) VALUES (11340, "lingay", "lingay", "s", "v");
INSERT INTO `wced_head` (entryid, head, normalized_head, type, pos) VALUES (11340, "língay", "lingay", "s", "v");
INSERT INTO `wced_entry` VALUES (11341, "lingbas", "615", "<entry page=""615"" id=""11341""><form id=""lingbas"" lang=""ceb"">lingbas</form>
<hom role=""n""><pos>n</pos>
<sense n=""0""><trans> <tr>file</tr>. </trans>
</sense></hom>
<entry><form id=""lingbas_nga_lixngin"" lang=""ceb""><abbr expan=""lingbas"">—</abbr> nga língin</form>
<hom>
<sense n=""0""><trans> rattail file. </trans>
</sense></hom></entry>
<entry><form id=""lingbas_nga_mixdiya_lixngin"" lang=""ceb""><abbr expan=""lingbas"">—</abbr> nga mídiya língin</form>
<hom>
<sense n=""0""><trans> half-round file. </trans>
</sense></hom></entry>
<entry><form id=""lingbas_nga_tris_kantus"" lang=""ceb""><abbr expan=""lingbas"">—</abbr> nga tris kantus</form>
<hom>
<sense n=""0""><trans> triangular file. </trans>
</sense></hom>
<hom role=""v""><pos>v</pos>
<sense n=""0""> <itype>[A; a1]</itype><trans> </trans>
</sense>
<sense n=""1""><number>1</number><trans> file s.t. down, off. </trans>
</sense>
<sense n=""2""><number>2</number><trans> make, make into a file. </trans>
</sense></hom></entry>
<entry><form id=""liningbas"" lang=""ceb""><abbr expan=""liningbas"">-in-</abbr></form>
<hom role=""n""><pos>n</pos>
<sense n=""0""><trans> filings. </trans>
</sense></hom></entry>
<entry><form id=""lilingbaxsan"" lang=""ceb""><abbr expan=""lilingbásan"">-in-an</abbr></form>
<hom role=""a""><pos>a</pos>
<sense n=""0""><trans> for the voice to be cutting and sharp. </trans>
<eg><i lang=""ceb"">Gitubag ku níya sa usa ka tíngug nga linimbásan,</i><trans> She answered me in a sharp and cutting voice.
</trans></eg>
</sense></hom></entry></entry>");
INSERT INTO `wced_head` (entryid, head, normalized_head, type, pos) VALUES (11341, "lingbas", "lingbas", "m", "n");
INSERT INTO `wced_head` (entryid, head, normalized_head, type, pos) VALUES (11341, "lingbas nga língin", "lingbas nga lingin", "s", "");
INSERT INTO `wced_head` (entryid, head, normalized_head, type, pos) VALUES (11341, "lingbas nga mídiya língin", "lingbas nga midiya lingin", "s", "");
INSERT INTO `wced_head` (entryid, head, normalized_head, type, pos) VALUES (11341, "lingbas nga tris kantus", "lingbas nga tris kantus", "s", "v");
INSERT INTO `wced_head` (entryid, head, normalized_head, type, pos) VALUES (11341, "liningbas", "liningbas", "s", "n");
INSERT INTO `wced_head` (entryid, head, normalized_head, type, pos) VALUES (11341, "lilingbásan", "lilingbasan", "s", "a");
INSERT INTO `wced_translation` (entryid, translation) VALUES (11341, "file");
INSERT INTO `wced_entry` VALUES (11342, "lingbahun", "615", "<entry page=""615"" id=""11342""><form id=""lingbaxhun"" lang=""ceb"">lingbáhun</form>
<hom>
<sense n=""0""><trans> <xr lang=""ceb"" target=""#limbaxhun"">= <sc>limbáhun</sc>.</xr>
</trans>
</sense></hom></entry>");
INSERT INTO `wced_head` (entryid, head, normalized_head, type, pos) VALUES (11342, "lingbáhun", "lingbahun", "m", "");
INSERT INTO `wced_entry` VALUES (11343, "lingga", "615", "<entry page=""615"" id=""11343""><form id=""linggaq"" lang=""ceb"">linggà</form>
<hom role=""v""><pos>v</pos>
<sense n=""0""> <itype>[B6; a12]</itype><trans> for boats to roll. </trans>
<eg><i lang=""ceb"">Pag-ági sa barku gilinggà ang sakayan,</i><trans> The fishing boat rolled in the wake of the ship.
</trans></eg>
</sense></hom></entry>");
INSERT INTO `wced_head` (entryid, head, normalized_head, type, pos) VALUES (11343, "linggà", "lingga", "m", "v");
INSERT INTO `wced_entry` VALUES (11344, "linggalingga", "615", "<entry page=""615"" id=""11344""><form id=""linggalingga"" lang=""ceb"">linggalingga</form>
<hom role=""v""><pos>v</pos>
<sense n=""0""> <itype>[A; c16]</itype><trans> rock a vessel or vehicle from side to side. </trans>
<eg><i lang=""ceb"">Ayawg linggalinggáha ang búti kay mayabu,</i><trans> Don’t rock the life boat. It might overturn.
</trans></eg>
</sense></hom></entry>");
INSERT INTO `wced_head` (entryid, head, normalized_head, type, pos) VALUES (11344, "linggalingga", "linggalingga", "m", "v");
INSERT INTO `wced_entry` VALUES (11345, "lingganay", "615", "<entry page=""615"" id=""11345""><form id=""linggaxnay"" lang=""ceb"">linggánay</form>
<hom role=""n""><pos>n</pos>
<sense n=""1""><number>1</number><trans> church bell. </trans>
</sense>
<sense n=""2""><number>2</number><trans> ringing of church bells. </trans>
</sense></hom>
<hom role=""v""><pos>v</pos>
<sense n=""0""> <itype>[A]</itype><trans> for church bells to ring. </trans>
</sense></hom>
<entry><form id=""lingganayan"" lang=""ceb""><abbr expan=""lingganayan"">-an</abbr></form>
<hom role=""n""><pos>n</pos>
<sense n=""0""><trans> bell tower.
</trans>
</sense></hom></entry></entry>");
INSERT INTO `wced_head` (entryid, head, normalized_head, type, pos) VALUES (11345, "linggánay", "lingganay", "m", "nv");
INSERT INTO `wced_head` (entryid, head, normalized_head, type, pos) VALUES (11345, "lingganayan", "lingganayan", "s", "n");
INSERT INTO `wced_entry` VALUES (11346, "linggawas", "615", "<entry page=""615"" id=""11346""><form id=""linggawas"" lang=""ceb"">linggawas</form>
<hom>
<sense n=""0""><trans> <xr lang=""ceb"" target=""#lingkawas"">= <sc>lingkawas</sc>.</xr>
</trans>
</sense></hom></entry>");
INSERT INTO `wced_head` (entryid, head, normalized_head, type, pos) VALUES (11346, "linggawas", "linggawas", "m", "");
INSERT INTO `wced_entry` VALUES (11347, "linggiru", "615", "<entry page=""615"" id=""11347""><form id=""linggixru"" lang=""ceb"">linggíru</form>
<hom role=""n""><pos>n</pos>
<sense n=""0""><trans> k.o. soldierfish.
</trans>
</sense></hom></entry>");
INSERT INTO `wced_head` (entryid, head, normalized_head, type, pos) VALUES (11347, "linggíru", "linggiru", "m", "n");
INSERT INTO `wced_entry` VALUES (11348, "linggukud", "615", "<entry page=""615"" id=""11348""><form id=""lingguxkud"" lang=""ceb"">linggúkud</form>
<hom role=""n""><pos>n</pos>
<sense n=""0""><trans> the young of the <ix>agápang</ix> (k.o. mullet).
</trans>
</sense></hom></entry>");
INSERT INTO `wced_head` (entryid, head, normalized_head, type, pos) VALUES (11348, "linggúkud", "linggukud", "m", "n");
INSERT INTO `wced_entry` VALUES (11349, "lingguwahi", "615", "<entry page=""615"" id=""11349""><form id=""lingguwaxhi"" lang=""ceb"">lingguwáhi</form>
<hom role=""n""><pos>n</pos>
<sense n=""0""><trans> <tr>language</tr>.
</trans>
</sense></hom></entry>");
INSERT INTO `wced_head` (entryid, head, normalized_head, type, pos) VALUES (11349, "lingguwáhi", "lingguwahi", "m", "n");
INSERT INTO `wced_translation` (entryid, translation) VALUES (11349, "language");
INSERT INTO `wced_entry` VALUES (11350, "lingguwista", "615", "<entry page=""615"" id=""11350""><form id=""lingguwista"" lang=""ceb"">lingguwista</form>
<hom role=""n""><pos>n</pos>
<sense n=""0""><trans> <tr>linguist</tr>. </trans>
</sense></hom>
<hom role=""v""><pos>v</pos>
<sense n=""0""> <itype>[B156]</itype><trans> be, become a linguist.
</trans>
</sense></hom></entry>");
INSERT INTO `wced_head` (entryid, head, normalized_head, type, pos) VALUES (11350, "lingguwista", "lingguwista", "m", "nv");
INSERT INTO `wced_translation` (entryid, translation) VALUES (11350, "linguist");
INSERT INTO `wced_entry` VALUES (11351, "lingguwita", "615", "<entry page=""615"" id=""11351""><form id=""lingguwita"" lang=""ceb"">lingguwita</form>
<hom>
<sense n=""0""><trans> <xr lang=""ceb"" target=""#langgixta"">= <sc>langgíta</sc>.</xr>
</trans>
</sense></hom></entry>");
INSERT INTO `wced_head` (entryid, head, normalized_head, type, pos) VALUES (11351, "lingguwita", "lingguwita", "m", "");
INSERT INTO `wced_entry` VALUES (11352, "linghud", "615", "<entry page=""615"" id=""11352""><form id=""linghud"" lang=""ceb"">linghud</form>
<hom role=""a""><pos>a</pos>
<sense n=""1""><number>1</number><trans> immature plants. </trans>
<eg><i lang=""ceb"">Aslum ang manggang linghud pa,</i><trans> Mangoes are very sour when they are young. </trans></eg>
<eg><i lang=""ceb"">Dílì maáyung isugnud ang linghud káhuy,</i><trans> Green wood is no good for fuel. </trans></eg>
</sense>
<sense n=""2""><number>2</number><trans> young and immature. </trans>
<eg><i lang=""ceb"">Ang linghud níyang pangísip,</i><trans> His immature mind. </trans></eg>
</sense></hom>
<entry><form id=""kalinghud"" lang=""ceb""><abbr expan=""kalinghud"">ka-</abbr></form>
<hom role=""n""><pos>n</pos>
<sense n=""0""><trans> state or condition of being young and immature.
</trans>
</sense></hom></entry></entry>");
INSERT INTO `wced_head` (entryid, head, normalized_head, type, pos) VALUES (11352, "linghud", "linghud", "m", "a");
INSERT INTO `wced_head` (entryid, head, normalized_head, type, pos) VALUES (11352, "kalinghud", "kalinghud", "s", "n");
INSERT INTO `wced_entry` VALUES (11353, "lingi", "615", "<entry page=""615"" id=""11353""><form id=""lixngiq"" lang=""ceb"">língì</form>
<hom role=""v""><pos>v</pos>
<sense n=""1""><number>1</number> <itype>[A3S; a2b2]</itype><trans> turn one’s head to the side to look back. </trans>
<eg><i lang=""ceb"">Milíngì siya nákù,</i><trans> He looked back at me. </trans></eg>
<eg><i lang=""ceb"">Ayaw siyag lingía,</i><trans> Don’t <pb n=""616""/>turn to look at him. </trans></eg>
</sense>
<sense n=""2""><number>2</number> <itype>[A2S; a12]</itype><trans> give s.t. the attention it requires. </trans>
<eg><i lang=""ceb"">Ayawg ipanugal ímung kítà, lingía usab ang ímung mga anak,</i><trans> Don’t gamble away your earnings. You have your children to think of. </trans></eg>
</sense>
<sense n=""2a""><number>2a</number> <itype>[A23; a12]</itype><trans> pay attention to s.t., recognize its existence. </trans>
<eg><i lang=""ceb"">Karun nga dátù na siya dílì na ta lingíun níya,</i><trans> Now that he is rich, he will not take notice of us. </trans></eg>
</sense></hom>
<entry><form id=""panglingiq"" lang=""ceb""><abbr expan=""panglingì"">paN-(→)</abbr></form>
<hom role=""v""><pos>v</pos>
<sense n=""0""> <itype>[A13]</itype><trans> keep looking back. </trans>
<eg><i lang=""ceb"">Nagpanglingì ku sa pagtan-aw ug náa bay nagsunud,</i><trans> I kept looking back to see if anyone was following us.
</trans></eg>
</sense></hom></entry></entry>");
INSERT INTO `wced_head` (entryid, head, normalized_head, type, pos) VALUES (11353, "língì", "lingi", "m", "v");
INSERT INTO `wced_head` (entryid, head, normalized_head, type, pos) VALUES (11353, "panglingì", "panglingi", "s", "v");
INSERT INTO `wced_entry` VALUES (11354, "lingig", "616", "<entry page=""616"" id=""11354""><form id=""lingig"" lang=""ceb"">lingig</form>
<hom role=""v""><pos>v</pos>
<sense n=""1""><number>1</number> <itype>[A; b6]</itype><trans> bend the teeth of a saw alternately to the side to widen the kerf and to prevent sticking. </trans>
<eg><i lang=""ceb"">Lingigi ang gabas arun dakug ági,</i><trans> Twist the teeth on your saw so it will have a wide kerf. </trans></eg>
</sense>
<sense n=""2""><number>2</number> <itype>[B12; b6]</itype><trans> get one’s neck twisted. </trans>
</sense></hom>
<hom role=""n""><pos>n</pos>
<sense n=""1""><number>1</number><trans> saw set, tool to give set to saw teeth. </trans>
</sense>
<sense n=""2""><number>2</number><trans> set, the amount of bend imparted to saw teeth. </trans>
</sense></hom>
<hom role=""a""><pos>a</pos>
<sense n=""0""><trans> for the neck to be twisted to one side. </trans>
<eg><i lang=""ceb"">Mau ra nà siyag kanúnayng maglingì kay lingig man,</i><trans> He looks like he is always looking to the side because he has a twisted neck.
</trans></eg>
</sense></hom></entry>");
INSERT INTO `wced_head` (entryid, head, normalized_head, type, pos) VALUES (11354, "lingig", "lingig", "m", "vna");
INSERT INTO `wced_entry` VALUES (11355, "lingin", "616", "<entry page=""616"" id=""11355""><form id=""lixngin"" lang=""ceb"">língin</form>
<hom role=""a""><pos>a</pos>
<sense n=""0""><trans> <tr>round</tr>, <tr>circular</tr>. </trans>
<eg><i lang=""ceb"">Língin kaáyu ang singsing (búla),</i><trans> The ring (ball) is round. </trans></eg>
</sense></hom>
<entry><form id=""lixngin_ang_buxla"" lang=""ceb""><abbr expan=""língin"">—</abbr> ang búla</form>
<hom>
<sense n=""0""><trans> still in the running, all is not lost. </trans>
<eg><i lang=""ceb"">Língin pa ang búla, puydi pag mabawì nákù sa paynals ang ákung grádu,</i><trans> I still have a chance. Maybe I can make up for my failing grade in the finals. </trans></eg>
</sense></hom>
<hom role=""n""><pos>n</pos>
<sense n=""0""><trans> money (slang). </trans>
</sense></hom>
<hom role=""v""><pos>v</pos>
<sense n=""0""> <itype>[AB2S; a]</itype><trans> form a circle or sphere, cause s.t. to do so. </trans>
<eg><i lang=""ceb"">Naglíngin ku áring tabla pára ligid sa duláan,</i><trans> I am cutting this board into a circle as a wheel for the toy. </trans></eg>
<eg><i lang=""ceb"">Ang naglíngin níyang mata,</i><trans> Her round eyes. </trans></eg>
<eg><i lang=""ceb"">Lingína ang bulabúla,</i><trans> Form the meat into little balls. </trans></eg>
<eg><i lang=""ceb"">Lingíni sa tungà ug human, gabsa ang tungà,</i><trans> Make a circle in the middle and then saw out the middle portion. </trans></eg>
</sense></hom>
<hom role=""n""><pos>n</pos>
<sense n=""0""><trans> circle. </trans>
</sense></hom></entry>
<entry><form id=""lixgngin"" lang=""ceb""><abbr expan=""lígngin"">-g-</abbr></form>
<hom>
<sense n=""0""><trans> <xr lang=""ceb"" target=""#lixngin"">= <sc>língin</sc>, <ix>a</ix> (plural).</xr> </trans>
</sense></hom></entry>
<entry><form id=""malixngin"" lang=""ceb""><abbr expan=""malíngin"">ma-</abbr></form>
<hom role=""a""><pos>a</pos>
<sense n=""1""><number>1</number><trans> <tr>round</tr>. </trans>
</sense>
<sense n=""2""><number>2</number> <form id=""disgrasyang_malixngin"" lang=""ceb"">disgrasyang <abbr expan=""malíngin"">ma-</abbr></form><trans> a most unlikely misfortune which nevertheless takes place, though the victim does not deserve it. </trans>
</sense></hom></entry>
<entry><form id=""linginun"" lang=""ceb""><abbr expan=""linginun"">-un(→)</abbr></form>
<hom role=""a""><pos>a</pos>
<sense n=""0""><trans> <tr>roundish</tr>.
</trans>
</sense></hom></entry></entry>");
INSERT INTO `wced_head` (entryid, head, normalized_head, type, pos) VALUES (11355, "língin", "lingin", "m", "a");
INSERT INTO `wced_head` (entryid, head, normalized_head, type, pos) VALUES (11355, "língin ang búla", "lingin ang bula", "s", "nvn");
INSERT INTO `wced_head` (entryid, head, normalized_head, type, pos) VALUES (11355, "lígngin", "ligngin", "s", "");
INSERT INTO `wced_head` (entryid, head, normalized_head, type, pos) VALUES (11355, "malíngin", "malingin", "s", "a");
INSERT INTO `wced_head` (entryid, head, normalized_head, type, pos) VALUES (11355, "disgrasyang malíngin", "disgrasyang malingin", "s", "");
INSERT INTO `wced_head` (entryid, head, normalized_head, type, pos) VALUES (11355, "linginun", "linginun", "s", "a");
INSERT INTO `wced_translation` (entryid, translation) VALUES (11355, "round");
INSERT INTO `wced_translation` (entryid, translation) VALUES (11355, "circular");
INSERT INTO `wced_translation` (entryid, translation) VALUES (11355, "roundish");
INSERT INTO `wced_entry` VALUES (11356, "lingiw", "616", "<entry page=""616"" id=""11356""><form id=""lingiw"" lang=""ceb"">lingiw</form>
<hom role=""v""><pos>v</pos>
<sense n=""0""> <itype>[A2]</itype><trans> look away. </trans>
<eg><i lang=""ceb"">Mulingiw siya ug ákung tan-áwun kay sad-an man siya,</i><trans> He looks away when I look at him because he’s guilty. </trans></eg>
<eg><i lang=""ceb"">Ígù lang ku nga nakalingiw kay dì ku kaagwanta ug tan-aw,</i><trans> All I could do was look away because I couldn’t stand to look at him.
</trans></eg>
</sense></hom></entry>");
INSERT INTO `wced_head` (entryid, head, normalized_head, type, pos) VALUES (11356, "lingiw", "lingiw", "m", "v");
INSERT INTO `wced_entry` VALUES (11357, "lingka", "616", "<entry page=""616"" id=""11357""><form id=""lingka"" lang=""ceb"">lingka</form>
<hom role=""v""><pos>v</pos>
<sense n=""0""> <itype>[A; a]</itype><trans> uproot vines to clear a place. </trans>
<eg><i lang=""ceb"">Lingkáhun námù ning kamutihána kay tumus na,</i><trans> We’ll uproot this sweet potato patch because the potatoes have all been gathered.
</trans></eg>
</sense></hom></entry>");
INSERT INTO `wced_head` (entryid, head, normalized_head, type, pos) VALUES (11357, "lingka", "lingka", "m", "v");
INSERT INTO `wced_entry` VALUES (11358, "lingkaang", "616", "<entry page=""616"" id=""11358""><form id=""lingkaxang"" lang=""ceb"">lingkáang</form>
<hom role=""v""><pos>v</pos>
<sense n=""1""><number>1</number> <itype>[B46N]</itype><trans> for plants to spread out. </trans>
<eg><i lang=""ceb"">Milingkáang (nanglingkáang) ang lambáyung sa baybáyun,</i><trans> The vines spread out over the beach. </trans></eg>
<eg><i lang=""ceb"">Dákit nga naglingkáang ang mga sanga,</i><trans> A spreading banyan tree. </trans></eg>
</sense>
<sense n=""2""><number>2</number> <itype>[BN; a1]</itype><trans> for parts of the body to spread like a plant. </trans>
<eg><i lang=""ceb"">Tiil nga nanglingkáang kay dúgay nga wà kasapatúsi,</i><trans> Spreading feet that hadn’t worn shoes in ages. </trans></eg>
<eg><i lang=""ceb"">Lingkaángun (ilingkáang) sa pábu ang íyang balhíbu ug duúlun,</i><trans> A turkey will puff itself up if you get near it. </trans></eg>
</sense>
<sense n=""2a""><number>2a</number><trans> for the ears or hair to stand up upon feeling an emotion. </trans>
<eg><i lang=""ceb"">Nanlingkáang ang íyang dawunggan pagkadungug sa isturya,</i><trans> Her ears stood up when she heard the story. </trans></eg>
<eg><i lang=""ceb"">Hutwang sa irù nga makalingkáang sa balhíbu,</i><trans> The howling of a dog that can make your hair stand on end.
</trans></eg>
</sense></hom></entry>");
INSERT INTO `wced_head` (entryid, head, normalized_head, type, pos) VALUES (11358, "lingkáang", "lingkaang", "m", "v");
INSERT INTO `wced_entry` VALUES (11359, "lingkag", "616", "<entry page=""616"" id=""11359""><form id=""lingkag"" lang=""ceb"">lingkag</form>
<hom role=""a""><pos>a</pos>
<sense n=""0""><trans> having ears that stick out sidewards. </trans>
<eg><i lang=""ceb"">Lingkag kaáyug dalunggan ang kuníhu,</i><trans> Rabbits have ears that stick out. </trans></eg>
</sense></hom>
<hom role=""v""><pos>v</pos>
<sense n=""0""> <itype>[B2]</itype><trans> for the ears to prick up, esp. in surprise. </trans>
<eg><i lang=""ceb"">Nalingkag ang íyang dalunggan pagkadungug sa íyang ngálan,</i><trans> His ears pricked up when he heard his name.
</trans></eg>
</sense></hom></entry>");
INSERT INTO `wced_head` (entryid, head, normalized_head, type, pos) VALUES (11359, "lingkag", "lingkag", "m", "av");
INSERT INTO `wced_entry` VALUES (11360, "lingkalang", "616", "<entry page=""616"" id=""11360""><form id=""lingkaxlang"" lang=""ceb"">lingkálang</form>
<hom>
<sense n=""0""><trans> <xr lang=""ceb"" target=""#lingkaxang"">= <sc>lingkáang</sc>.</xr>
</trans>
</sense></hom></entry>");
INSERT INTO `wced_head` (entryid, head, normalized_head, type, pos) VALUES (11360, "lingkálang", "lingkalang", "m", "");
INSERT INTO `wced_entry` VALUES (11361, "lingkang", "616", "<entry page=""616"" id=""11361""><form id=""lingkaxng"" lang=""ceb"">lingkáng</form>
<hom>
<sense n=""0""><trans> <xr lang=""ceb"" target=""#lingkaxang"">= <sc>lingkáang</sc>.</xr>
</trans>
</sense></hom></entry>");
INSERT INTO `wced_head` (entryid, head, normalized_head, type, pos) VALUES (11361, "lingkáng", "lingkang", "m", "");
INSERT INTO `wced_entry` VALUES (11362, "lingkas", "616", "<entry page=""616"" id=""11362""><form id=""lingkas"" lang=""ceb"">lingkas</form>
<hom>
<sense n=""0""><trans> <xr lang=""ceb"" target=""#lingka"">= <sc>lingka</sc>.</xr>
</trans>
</sense></hom></entry>");
INSERT INTO `wced_head` (entryid, head, normalized_head, type, pos) VALUES (11362, "lingkas", "lingkas", "m", "");
INSERT INTO `wced_entry` VALUES (11363, "lingkawas", "616", "<entry page=""616"" id=""11363""><form id=""lingkawas"" lang=""ceb"">lingkawas</form>
<hom role=""v""><pos>v</pos>
<sense n=""0""> <itype>[APB3(1); b6]</itype><trans> <tr>escape</tr>. </trans>
<eg><i lang=""ceb"">Kinsay mulingkawas (mupalingkawas) nátù niíning kalisud?</i><trans> Who will save us from our poverty? </trans></eg>
<eg><i lang=""ceb"">Mulingkawas siyag dúnay buluhátun,</i><trans> He escapes when there is work to do. </trans></eg>
<eg><i lang=""ceb"">Dílì ka makalingkawas sa sílut sa kamatáyun,</i><trans> You cannot escape the death penalty.
</trans></eg>
</sense></hom></entry>");
INSERT INTO `wced_head` (entryid, head, normalized_head, type, pos) VALUES (11363, "lingkawas", "lingkawas", "m", "v");
INSERT INTO `wced_translation` (entryid, translation) VALUES (11363, "escape");
INSERT INTO `wced_entry` VALUES (11364, "lingkit", "616", "<entry page=""616"" id=""11364""><form id=""lingkit"" lang=""ceb"">lingkit</form>
<hom role=""a""><pos>a</pos>
<sense n=""0""><trans> for two things to be joined along their lengths. </trans>
<eg><i lang=""ceb"">Ang lingkit nga ságing isípung usa,</i><trans> They count two bananas joined together as one. </trans></eg>
<eg><i lang=""ceb"">Lingkit ang pán nga grasyúsa,</i><trans> The <ix>graciosa</ix> bread comes linked. </trans></eg>
</sense></hom>
<entry><form id=""baxtaq_nga_lingkit_kaluxha_nga_lingkit"" lang=""ceb""><abbr expan=""bátà nga lingkit"">bátà</abbr>, kalúha nga <abbr expan=""lingkit"">—</abbr></form>
<hom>
<sense n=""0""><trans> <tr>Siamese twins</tr>. </trans>
</sense></hom>
<hom role=""v""><pos>v</pos>
<sense n=""1""><number>1</number> <itype>[B126C3; b6]</itype><trans> be joined along the lengths. </trans>
</sense>
<sense n=""2""><number>2</number> <itype>[A; c1]</itype><trans> tie two or more coconuts together by joining them with a small piece of husk slashed from each of them.
</trans>
</sense></hom></entry></entry>");
INSERT INTO `wced_head` (entryid, head, normalized_head, type, pos) VALUES (11364, "lingkit", "lingkit", "m", "a");
INSERT INTO `wced_head` (entryid, head, normalized_head, type, pos) VALUES (11364, "bátà nga lingkit", "bata nga lingkit", "s", "v");
INSERT INTO `wced_head` (entryid, head, normalized_head, type, pos) VALUES (11364, "kalúha nga lingkit", "kaluha nga lingkit", "s", "v");
INSERT INTO `wced_translation` (entryid, translation) VALUES (11364, "Siamese twins");
INSERT INTO `wced_entry` VALUES (11365, "lingkubaw", "616", "<entry page=""616"" id=""11365""><form id=""lingkuxbaw"" lang=""ceb"">lingkúbaw</form>
<hom>
<sense n=""0""><trans> <xr lang=""ceb"" target=""#lintuxbaw"">= <sc>lintúbaw</sc>.</xr>
</trans>
</sense></hom></entry>");
INSERT INTO `wced_head` (entryid, head, normalized_head, type, pos) VALUES (11365, "lingkúbaw", "lingkubaw", "m", "");
INSERT INTO `wced_entry` VALUES (11366, "lingkud", "616", "<entry page=""616"" id=""11366""><form id=""lingkud"" lang=""ceb"">lingkud</form>
<hom role=""v""><pos>v</pos>
<sense n=""1""><number>1</number> <itype>[A1; b6(1)]</itype><trans> <tr>sit down</tr>. </trans>
<eg><i lang=""ceb"">Ayaw ug lingkúri nang syáha kay basà pa ang pintal,</i><trans> Don’t sit on that chair because the paint is still wet. </trans></eg>
<eg><i lang=""ceb"">Ayaw ug ilingkud nang ímung bag-ung inutaw nga karsúnis kay malum-it,</i><trans> Do not sit down in your newly pressed pants because they will get crumpled. </trans></eg>
</sense>
<sense n=""2""><number>2</number> <itype>[A; b6]</itype><trans> assume, <tr>hold office</tr> or position. </trans>
<eg><i lang=""ceb"">Mulingkud siya pagkaprisidinti sa kumpaníya ugmà,</i><trans> He will assume office as president of the company tomorrow. </trans></eg>
</sense>
<sense n=""3""><number>3</number> <itype>[b(1)]</itype><trans> sit to give serious, full time and attention to a piece of work. </trans>
<eg><i lang=""ceb"">Kinahanglang lingkúran ning trabahúa,</i><trans> This work must be given full time <pb n=""617""/>and attention. </trans></eg>
</sense>
<sense n=""4""><number>4</number> <itype>[A]</itype><trans> for a coconut to grow to the stage that its trunk shows. </trans>
<eg><i lang=""ceb"">Sa duha ka tuig dílì pa mulingkud ang lubi,</i><trans> At two years the coconut still does not show its trunk. </trans></eg>
</sense></hom>
<entry><form id=""palingkud"" lang=""ceb""><abbr expan=""palingkud"">pa-</abbr></form>
<hom role=""v""><pos>v</pos>
<sense n=""0""> <itype>[a3]</itype><trans> fall down into a sitting position. </trans>
<eg><i lang=""ceb"">Nahisabiklan ku sa táwu ug napalingkud ku sa bangkù,</i><trans> The man bumped into me and I fell down in a sitting position on the bench. </trans></eg>
</sense></hom></entry>
<entry><form id=""lingkuraxnan"" lang=""ceb"">lingkuránan</form>
<hom role=""n""><pos>n</pos>
<sense n=""0""><trans> <tr>seat</tr>, <tr>chair</tr>, <tr>bench</tr>. </trans>
</sense></hom></entry>
<entry><form id=""lingkurun"" lang=""ceb"">lingkurun</form>
<hom role=""n""><pos>n</pos>
<sense n=""1""><number>1</number><trans> for an occupation to be sedentary. </trans>
</sense>
<sense n=""2""><number>2</number><trans> the bride’s family and guests at a wedding party (who sit and are served as opposed to the groom’s friends and relatives, the <ix>tindugun</ix>, who do the work). </trans>
</sense></hom></entry>
<entry><form id=""pinalinkud"" lang=""ceb""><abbr expan=""pinalinkud"">pina-</abbr></form>
<hom role=""n""><pos>n</pos>
<sense n=""0""><trans> made to sit down. </trans>
</sense></hom></entry>
<entry><form id=""pinalinkud_sa_urinuxla"" lang=""ceb""><abbr expan=""pinalinkud"">pina-</abbr> sa urinúla</form>
<hom>
<sense n=""0""><trans> toilet trained. </trans>
<eg><i lang=""ceb"">Ang bátà nga pinalingkud sa urinúla dílì mangíhì sa salug,</i><trans> The child that is toilet trained doesn’t urinate on the floor.
</trans></eg>
</sense></hom></entry></entry>");
INSERT INTO `wced_head` (entryid, head, normalized_head, type, pos) VALUES (11366, "lingkud", "lingkud", "m", "v");
INSERT INTO `wced_head` (entryid, head, normalized_head, type, pos) VALUES (11366, "palingkud", "palingkud", "s", "v");
INSERT INTO `wced_head` (entryid, head, normalized_head, type, pos) VALUES (11366, "lingkuránan", "lingkuranan", "s", "n");
INSERT INTO `wced_head` (entryid, head, normalized_head, type, pos) VALUES (11366, "lingkurun", "lingkurun", "s", "n");
INSERT INTO `wced_head` (entryid, head, normalized_head, type, pos) VALUES (11366, "pinalinkud", "pinalinkud", "s", "n");
INSERT INTO `wced_head` (entryid, head, normalized_head, type, pos) VALUES (11366, "pinalinkud sa urinúla", "pinalinkud sa urinula", "s", "");
INSERT INTO `wced_translation` (entryid, translation) VALUES (11366, "sit down");
INSERT INTO `wced_translation` (entryid, translation) VALUES (11366, "hold office");
INSERT INTO `wced_translation` (entryid, translation) VALUES (11366, "seat");
INSERT INTO `wced_translation` (entryid, translation) VALUES (11366, "chair");
INSERT INTO `wced_translation` (entryid, translation) VALUES (11366, "bench");
INSERT INTO `wced_entry` VALUES (11367, "lingkung", "617", "<entry page=""617"" id=""11367""><form id=""lingkung"" lang=""ceb"">lingkung</form>
<hom role=""a""><pos>a</pos>
<sense n=""0""><trans> for s.t. long to be bent so that the middle part is higher than either end. </trans>
<eg><i lang=""ceb"">Lingkung kaáyu ning sundánga,</i><trans> This bolo has a good curve. </trans></eg>
<eg><i lang=""ceb"">Lingkung ang íyang buktun. Dì matuy-ud,</i><trans> He has a bent arm. It won’t straighten out any longer. </trans></eg>
<eg><i lang=""ceb"">Lingkung siyag tiil ug mag-untul-untul siyang maglakaw,</i><trans> He is club-footed and he walks with a bounce. </trans></eg>
</sense></hom>
<hom role=""v""><pos>v</pos>
<sense n=""0""> <itype>[B126]</itype><trans> come out curved.
</trans>
</sense></hom></entry>");
INSERT INTO `wced_head` (entryid, head, normalized_head, type, pos) VALUES (11367, "lingkung", "lingkung", "m", "av");
INSERT INTO `wced_entry` VALUES (11368, "lingkus", "617", "<entry page=""617"" id=""11368""><form id=""lingkuxs"" lang=""ceb"">lingkús</form>
<hom role=""v""><pos>v</pos>
<sense n=""0""> <itype>[B; b6]</itype><trans> for s.t. long to curl up or come out in knotted form. </trans>
<eg><i lang=""ceb"">Mulingkús ang písì ug madúgay nang gámit,</i><trans> The rope will curl up if it is used for a long time. </trans></eg>
<eg><i lang=""ceb"">Nagkalingkús na ang mga dáhun sa tabákù nga naláyà na,</i><trans> The tobacco leaves are curling up now that they are withering.
</trans></eg>
</sense></hom></entry>");
INSERT INTO `wced_head` (entryid, head, normalized_head, type, pos) VALUES (11368, "lingkús", "lingkus", "m", "v");
INSERT INTO `wced_entry` VALUES (11369, "lingla", "617", "<entry page=""617"" id=""11369""><form id=""lingla"" lang=""ceb"">lingla</form>
<hom role=""v""><pos>v</pos>
<sense n=""1""><number>1</number> <itype>[A2; a12]</itype><trans> <tr>deceive</tr>. </trans>
<eg><i lang=""ceb"">Milingla siya nákù pag-ingun nga ulitáwu siya,</i><trans> He deceived me by saying he was a bachelor. </trans></eg>
<eg><i lang=""ceb"">Gilingla ku níya sa pagpasugut sa kuntrátu,</i><trans> He deceived me into accepting the contract. </trans></eg>
</sense>
<sense n=""2""><number>2</number> <itype>[A; a1]</itype><trans> divert one’s attention to achieve one’s purpose. </trans>
<eg><i lang=""ceb"">Akuy mulingla sa tindíra arun makúhà nímu ang sigarilyu,</i><trans> I’ll divert the storekeeper’s attention while you filch the cigarettes. </trans></eg>
</sense></hom>
<hom role=""n""><pos>n</pos>
<sense n=""0""><trans> <tr>deceit</tr>. </trans>
</sense></hom>
<entry><form id=""malinglaxhun"" lang=""ceb"">malingláhun</form>
<hom role=""a""><pos>a</pos>
<sense n=""0""><trans> <tr>deceitful</tr>.
</trans>
</sense></hom></entry></entry>");
INSERT INTO `wced_head` (entryid, head, normalized_head, type, pos) VALUES (11369, "lingla", "lingla", "m", "vn");
INSERT INTO `wced_head` (entryid, head, normalized_head, type, pos) VALUES (11369, "malingláhun", "malinglahun", "s", "a");
INSERT INTO `wced_translation` (entryid, translation) VALUES (11369, "deceive");
INSERT INTO `wced_translation` (entryid, translation) VALUES (11369, "deceit");
INSERT INTO `wced_translation` (entryid, translation) VALUES (11369, "deceitful");
INSERT INTO `wced_entry` VALUES (11370, "lingling", "617", "<entry page=""617"" id=""11370""><form id=""lingling"" lang=""ceb"">lingling</form>
<hom role=""v""><pos>v</pos>
<sense n=""0""> <itype>[AN; a2]</itype><trans> <tr>peep</tr>. </trans>
<eg><i lang=""ceb"">Linglíngun ta ka inigkalígù nímu,</i><trans> I’ll peep at you when you take a bath.
</trans></eg>
</sense></hom></entry>");
INSERT INTO `wced_head` (entryid, head, normalized_head, type, pos) VALUES (11370, "lingling", "lingling", "m", "v");
INSERT INTO `wced_translation` (entryid, translation) VALUES (11370, "peep");
INSERT INTO `wced_entry` VALUES (11371, "lingu", "617", "<entry page=""617"" id=""11371""><form id=""linguq"" lang=""ceb"">lingù</form>
<hom role=""v""><pos>v</pos>
<sense n=""0""> <itype>[A2; b6]</itype><trans> shake one’s head to say no or in hopelessness or resignation. </trans>
<eg><i lang=""ceb"">Dílì tingáli siya musugut kay milingù tu siya,</i><trans> He probably won’t agree because he shook his head. </trans></eg>
</sense></hom>
<entry><form id=""panglinguq"" lang=""ceb""><abbr expan=""panglingù"">paN-</abbr></form>
<hom role=""v""><pos>v</pos>
<sense n=""0""> <itype>[A]</itype><trans> keep shaking the head in hopelessness and resignation. </trans>
<eg><i lang=""ceb"">Nagpanglingù ang párì nga nagtan-aw sa nanagparisparis didtu sa plása,</i><trans> The priest shook his head as he looked at the people paired off in the park.
</trans></eg>
</sense></hom></entry></entry>");
INSERT INTO `wced_head` (entryid, head, normalized_head, type, pos) VALUES (11371, "lingù", "lingu", "m", "v");
INSERT INTO `wced_head` (entryid, head, normalized_head, type, pos) VALUES (11371, "panglingù", "panglingu", "s", "v");
INSERT INTO `wced_entry` VALUES (11372, "linguglingug", "617", "<entry page=""617"" id=""11372""><form id=""linguglingug"" lang=""ceb"">linguglingug</form>
<hom role=""v""><pos>v</pos>
<sense n=""0""> <itype>[AP; b(1)P]</itype><trans> <tr>ignore</tr> s.t. by pretending not to hear; pay no attention to s.t. </trans>
<eg><i lang=""ceb"">Gilinguglingugan man lang nímu ang ákung gipangáyù,</i><trans> You just pretend not to hear when I ask you for s.t. </trans></eg>
<eg><i lang=""ceb"">Bisag unsáun nákug tambag mulinguglingug (mupalinguglingug) lang,</i><trans> No matter how much I advise her, she pays no attention.
</trans></eg>
</sense></hom></entry>");
INSERT INTO `wced_head` (entryid, head, normalized_head, type, pos) VALUES (11372, "linguglingug", "linguglingug", "m", "v");
INSERT INTO `wced_translation` (entryid, translation) VALUES (11372, "ignore");
INSERT INTO `wced_entry` VALUES (11373, "lingugngug", "617", "<entry page=""617"" id=""11373""><form id=""lingugngug"" lang=""ceb"">lingugngug</form>
<hom>
<sense n=""0""><trans> <xr lang=""ceb"" target=""#alingugngug"">= <sc>alingugngug</sc>.</xr>
</trans>
</sense></hom></entry>");
INSERT INTO `wced_head` (entryid, head, normalized_head, type, pos) VALUES (11373, "lingugngug", "lingugngug", "m", "");
INSERT INTO `wced_entry` VALUES (11374, "ling-un", "617", "<entry page=""617"" id=""11374""><form id=""ling-un"" lang=""ceb"">ling-un</form>
<hom role=""n""><pos>n</pos>
<sense n=""1""><number>1</number><trans> a <tr>small area</tr>. </trans>
<eg><i lang=""ceb"">Ling-ung gitamnag mais,</i><trans> A parcel planted to corn. </trans></eg>
</sense>
<sense n=""2""><number>2</number><trans> mass of people in a certain area. </trans>
<eg><i lang=""ceb"">Ang ling-un sa mga katawhan sa plása,</i><trans> The mass of people in the square. </trans></eg>
</sense>
<sense n=""2a""><number>2a</number><trans> a group of people, <tr>social class</tr>. </trans>
<eg><i lang=""ceb"">Ling-un sa mga timáwà,</i><trans> The poorest classes.
</trans></eg>
</sense></hom></entry>");
INSERT INTO `wced_head` (entryid, head, normalized_head, type, pos) VALUES (11374, "ling-un", "ling-un", "m", "n");
INSERT INTO `wced_translation` (entryid, translation) VALUES (11374, "small area");
INSERT INTO `wced_translation` (entryid, translation) VALUES (11374, "social class");
INSERT INTO `wced_entry` VALUES (11375, "linimintu", "617", "<entry page=""617"" id=""11375""><form id=""linimintu"" lang=""ceb"">linimintu</form>
<hom role=""n""><pos>n</pos>
<sense n=""0""><trans> <tr>liniment</tr>. </trans>
</sense></hom>
<hom role=""v""><pos>v</pos>
<sense n=""0""> <itype>[b6]</itype><trans> apply liniment to s.t. </trans>
<eg><i lang=""ceb"">Linimintuhi ang pamául mu,</i><trans> Apply liniment on your sore muscles.
</trans></eg>
</sense></hom></entry>");
INSERT INTO `wced_head` (entryid, head, normalized_head, type, pos) VALUES (11375, "linimintu", "linimintu", "m", "nv");
INSERT INTO `wced_translation` (entryid, translation) VALUES (11375, "liniment");
INSERT INTO `wced_entry` VALUES (11376, "linin", "617", "<entry page=""617"" id=""11376""><form id=""lixnin"" lang=""ceb"">línin</form>
<hom role=""n""><pos>n</pos>
<sense n=""1""><number>1</number><trans> <tr>linen cloth</tr>. </trans>
</sense>
<sense n=""2""><number>2</number><trans> stationery having a linen finish. </trans>
</sense></hom>
<entry><form id=""swis_lixnin"" lang=""ceb"">swis <abbr expan=""línin"">—</abbr></form>
<hom role=""n""><pos>n</pos>
<sense n=""0""><trans> k.o. fine cloth.
</trans>
</sense></hom></entry></entry>");
INSERT INTO `wced_head` (entryid, head, normalized_head, type, pos) VALUES (11376, "línin", "linin", "m", "n");
INSERT INTO `wced_head` (entryid, head, normalized_head, type, pos) VALUES (11376, "swis línin", "swis linin", "s", "n");
INSERT INTO `wced_translation` (entryid, translation) VALUES (11376, "linen cloth");
INSERT INTO `wced_entry` VALUES (11377, "linis1", "617", "<entry page=""617"" id=""11377""><form id=""lixnis"" lang=""ceb"">línis<sub>1</sub></form>
<hom role=""v""><pos>v</pos>
<sense n=""1""><number>1</number> <itype>[A23B2; a12]</itype><trans> <tr>melt</tr>, <tr>wear down</tr> or <tr>eat away</tr>. </trans>
<eg><i lang=""ceb"">Ang ayis krim dalì mulínis sa ínit,</i><trans> The ice cream will melt rapidly in the sun. </trans></eg>
<eg><i lang=""ceb"">Nagkalinis ang kutsilyu pagbináid,</i><trans> The knife is being worn down from being sharpened so often. </trans></eg>
<eg><i lang=""ceb"">Linísa sa túbig ang tablítas,</i><trans> Dissolve the tablets in water. </trans></eg>
</sense>
<sense n=""2""><number>2</number> <itype>[A123; a3b4(1)]</itype><trans> <tr>digest</tr> food eaten. </trans>
<eg><i lang=""ceb"">Wà malínis ang ákung kináun, What I ate did not dissolve.</i></eg>
</sense></hom>
<entry><form id=""linis"" lang=""ceb""><abbr expan=""linis"">(→)</abbr></form>
<hom role=""a""><pos>a</pos>
<sense n=""0""><trans> <tr>worn down</tr>.
</trans>
</sense></hom></entry></entry>");
INSERT INTO `wced_head` (entryid, head, normalized_head, type, pos) VALUES (11377, "línis", "linis", "s", "v");
INSERT INTO `wced_head` (entryid, head, normalized_head, type, pos) VALUES (11377, "linis", "linis", "s", "a");
INSERT INTO `wced_translation` (entryid, translation) VALUES (11377, "melt");
INSERT INTO `wced_translation` (entryid, translation) VALUES (11377, "wear down");
INSERT INTO `wced_translation` (entryid, translation) VALUES (11377, "eat away");
INSERT INTO `wced_translation` (entryid, translation) VALUES (11377, "digest");
INSERT INTO `wced_translation` (entryid, translation) VALUES (11377, "worn down");
INSERT INTO `wced_entry` VALUES (11378, "linis2", "617", "<entry page=""617"" id=""11378""><form id=""lixnis2"" lang=""ceb"">línis<sub>2</sub></form>
<hom role=""v""><pos>v</pos>
<sense n=""1""><number>1</number> <itype>[AB12; b5]</itype><trans> make s.t. <tr>clean</tr>. </trans>
<eg><i lang=""ceb"">Ang dyanitur mauy mulínis sa mga lawak,</i><trans> The janitor will clean the rooms. </trans></eg>
<eg><i lang=""ceb"">Malínis na unyà ning sapatúsag kalimpyáhan,</i><trans> These shoes will be clean once they are shined. </trans></eg>
<eg><i lang=""ceb"">Kinahanglang linísun (linísan) nímu ang báy pirmi,</i><trans> You should always clean the house. </trans></eg>
</sense>
<sense n=""2""><number>2</number> <itype>[APB12; b5]</itype><trans> cleanse or purify the soul, reputation, etc.; become cleansed. </trans>
<eg><i lang=""ceb"">Ang paghinulsul mauy mulínis (mupalínis) sa ímung kunsinsiya,</i><trans> Repentance will cleanse your conscience. </trans></eg>
<eg><i lang=""ceb"">Kinahanglang linísun (linísan) nátù ang átung banságun,</i><trans> We must clear our family name. </trans></eg>
</sense></hom>
<entry><form id=""malixnis"" lang=""ceb""><abbr expan=""malínis"">ma-</abbr></form>
<hom role=""a""><pos>a</pos>
<sense n=""0""><trans> <tr>clean</tr>, <tr>pure</tr>.
</trans>
</sense></hom></entry></entry>");
INSERT INTO `wced_head` (entryid, head, normalized_head, type, pos) VALUES (11378, "línis", "linis", "s", "v");
INSERT INTO `wced_head` (entryid, head, normalized_head, type, pos) VALUES (11378, "malínis", "malinis", "s", "a");
INSERT INTO `wced_translation` (entryid, translation) VALUES (11378, "clean");
INSERT INTO `wced_translation` (entryid, translation) VALUES (11378, "pure");
INSERT INTO `wced_entry` VALUES (11379, "linlang", "617", "<entry page=""617"" id=""11379""><form id=""linlang"" lang=""ceb"">linlang</form>
<hom role=""v""><pos>v</pos>
<sense n=""0""> <itype>[A; a1]</itype><trans> </trans>
</sense>
<sense n=""1""><number>1</number><trans> <tr>deceive</tr>, <tr>fool</tr>. </trans>
<eg><i lang=""ceb"">Naglinlang ka sa mga táwu ánang pagparìpárì mu,</i><trans> You are deceiving the people by posing as a priest. </trans></eg>
</sense>
<sense n=""2""><number>2</number><trans> <tr>distract</tr>, divert s.o.’s attention. </trans>
<eg><i lang=""ceb"">Dì ka makalinlang níya kun magtan-aw siyag tilibisyun,</i><trans> You cannot divert his attention when he is watching TV.
</trans></eg>
</sense></hom></entry>");
INSERT INTO `wced_head` (entryid, head, normalized_head, type, pos) VALUES (11379, "linlang", "linlang", "m", "v");
INSERT INTO `wced_translation` (entryid, translation) VALUES (11379, "deceive");
INSERT INTO `wced_translation` (entryid, translation) VALUES (11379, "fool");
INSERT INTO `wced_translation` (entryid, translation) VALUES (11379, "distract");
INSERT INTO `wced_entry` VALUES (11380, "linsa", "617", "<entry page=""617"" id=""11380""><form id=""linsa"" lang=""ceb"">linsa</form>
<hom role=""v""><pos>v</pos>
<sense n=""0""> <itype>[A; b6]</itype><trans> string a guideline in construction. </trans>
<eg><i lang=""ceb"">Akuy mulinsa sa pagpinsa arun dì maghiwì,</i><trans> I’ll string a guideline for the fence so it won’t come out crooked. </trans></eg>
</sense></hom>
<hom role=""n""><pos>n</pos>
<sense n=""0""><trans> string used as a guide.
<pb n=""618""/>
</trans>
</sense></hom></entry>");
INSERT INTO `wced_head` (entryid, head, normalized_head, type, pos) VALUES (11380, "linsa", "linsa", "m", "vn");
INSERT INTO `wced_entry` VALUES (11381, "linsuwak", "618", "<entry page=""618"" id=""11381""><form id=""linsuxwak"" lang=""ceb"">linsúwak</form>
<hom role=""v""><pos>v</pos>
<sense n=""0""> <itype>[B1256]</itype><trans> fall headlong. </trans>
<eg><i lang=""ceb"">Nalinsúwak siya gíkan sa bintánà,</i><trans> He fell headlong from the window.
</trans></eg>
</sense></hom></entry>");
INSERT INTO `wced_head` (entryid, head, normalized_head, type, pos) VALUES (11381, "linsúwak", "linsuwak", "m", "v");
INSERT INTO `wced_entry` VALUES (11382, "linta", "618", "<entry page=""618"" id=""11382""><form id=""lintaq"" lang=""ceb"">lintà</form>
<hom role=""n""><pos>n</pos>
<sense n=""0""><trans> leech.
</trans>
</sense></hom></entry>");
INSERT INTO `wced_head` (entryid, head, normalized_head, type, pos) VALUES (11382, "lintà", "linta", "m", "n");
INSERT INTO `wced_entry` VALUES (11383, "lintar", "618", "<entry page=""618"" id=""11383""><form id=""lintar"" lang=""ceb"">lintar</form>
<hom role=""v""><pos>v</pos>
<sense n=""0""> <itype>[B126; b3(1)c5]</itype><trans> lose one’s head, panic. </trans>
<eg><i lang=""ceb"">Nalintar siya maung gasulinadur hinúuy íyang gisikáran,</i><trans> He panicked, so he stepped on the accelerator instead. </trans></eg>
<eg><i lang=""ceb"">Wà pa gánì ka kasab-i nalintar na,</i><trans> You haven’t even got your scolding and you already panic. </trans></eg>
</sense></hom>
<entry><form id=""lintaxdu"" lang=""ceb"">lintádu</form>
<hom role=""a""><pos>a</pos>
<sense n=""0""><trans> tending to panic.
</trans>
</sense></hom></entry></entry>");
INSERT INTO `wced_head` (entryid, head, normalized_head, type, pos) VALUES (11383, "lintar", "lintar", "m", "v");
INSERT INTO `wced_head` (entryid, head, normalized_head, type, pos) VALUES (11383, "lintádu", "lintadu", "s", "a");
INSERT INTO `wced_entry` VALUES (11384, "linti", "618", "<entry page=""618"" id=""11384""><form id=""linti"" lang=""ceb"">linti</form>
<hom role=""n""><pos>n</pos>
<sense n=""1""><number>1</number><trans> lens, magnifying glass. </trans>
</sense>
<sense n=""2""><number>2</number><trans> searchlight. </trans>
</sense></hom>
<hom role=""v""><pos>v</pos>
<sense n=""1""><number>1</number> <itype>[b]</itype><trans> use a magnifying glass on s.t. </trans>
<eg><i lang=""ceb"">Lintíhi ang mga litra arun sayun nga basáhun,</i><trans> Use a magnifying glass on the letters so you can easily read them. </trans></eg>
</sense>
<sense n=""2""><number>2</number> <itype>[A; b]</itype><trans> beam with a searchlight. </trans>
<eg><i lang=""ceb"">Gilintíhan sa barku ang pantalan,</i><trans> The ship beamed a searchlight on the wharf. </trans></eg>
</sense>
<sense n=""3""><number>3</number> <itype>[A; a]</itype><trans> make into a magnifying glass, searchlight.
</trans>
</sense></hom></entry>");
INSERT INTO `wced_head` (entryid, head, normalized_head, type, pos) VALUES (11384, "linti", "linti", "m", "nv");
INSERT INTO `wced_entry` VALUES (11385, "linti", "618", "<entry page=""618"" id=""11385""><form id=""lintiq"" lang=""ceb"">lintì</form>
<hom role=""n""><pos>n</pos>
<sense n=""0""><trans> lightning, thunderbolt. </trans>
</sense></hom>
<hom role=""v""><pos>v</pos>
<sense n=""0""> <itype>[b4]</itype><trans> </trans>
</sense>
<sense n=""1""><number>1</number><trans> be struck with a thunderbolt. </trans>
<eg><i lang=""ceb"">Lintian (lintían) kunu ang táwung makigminyù ug paryinti,</i><trans> They say that a man who marries a relative will be struck with a thunderbolt. </trans></eg>
</sense>
<sense n=""2""><number>2</number><trans> get severe punishment. </trans>
<eg><i lang=""ceb"">Kay ímung gidáut nà, lintían kang Pápa,</i><trans> Since you broke it, you’ll get hell from Dad. </trans></eg>
</sense>
<sense n=""2a""><number>2a</number> <itype>[b4(1)]</itype><trans> be in a very unpleasant situation. </trans>
<eg><i lang=""ceb"">Nahutdan ta ug gasulína ug layù tas lungsud, nalintían na ta áni,</i><trans> We’re out of gas and we’re far from town. Now we are in trouble. </trans></eg>
</sense></hom>
<hom role=""a""><pos>a</pos>
<sense n=""0""><trans> incorrigible in behavior. </trans>
<eg><i lang=""ceb"">Sa piyir náay daghang mga buguy nga lintì kaáyu,</i><trans> There are lots of incorrigible bums at the waterfront.
</trans></eg>
</sense></hom></entry>");
INSERT INTO `wced_head` (entryid, head, normalized_head, type, pos) VALUES (11385, "lintì", "linti", "m", "nva");
INSERT INTO `wced_entry` VALUES (11386, "lintihuylas", "618", "<entry page=""618"" id=""11386""><form id=""lintihuylas"" lang=""ceb"">lintihuylas</form>
<hom>
<sense n=""0""><trans> <xr lang=""ceb"" target=""#lintuhixlas"">= <sc>lintuhílas</sc>.</xr>
</trans>
</sense></hom></entry>");
INSERT INTO `wced_head` (entryid, head, normalized_head, type, pos) VALUES (11386, "lintihuylas", "lintihuylas", "m", "");
INSERT INTO `wced_entry` VALUES (11387, "lintubaw", "618", "<entry page=""618"" id=""11387""><form id=""lintuxbaw"" lang=""ceb"">lintúbaw</form>
<hom role=""v""><pos>v</pos>
<sense n=""0""> <itype>[B1256]</itype><trans> fall down headlong. </trans>
<eg><i lang=""ceb"">Nalintúbaw ang bátà ngadtu sa atábay,</i><trans> The child toppled into the well.
</trans></eg>
</sense></hom></entry>");
INSERT INTO `wced_head` (entryid, head, normalized_head, type, pos) VALUES (11387, "lintúbaw", "lintubaw", "m", "v");
INSERT INTO `wced_entry` VALUES (11388, "lintuhilas", "618", "<entry page=""618"" id=""11388""><form id=""lintuhixlas"" lang=""ceb"">lintuhílas</form>
<hom role=""n""><pos>n</pos>
<sense n=""0""><trans> small sequins or spangles used as ornaments for clothing. </trans>
</sense></hom>
<hom role=""v""><pos>v</pos>
<sense n=""0""> <itype>[A; b]</itype><trans> put sequins on s.t.
</trans>
</sense></hom></entry>");
INSERT INTO `wced_head` (entryid, head, normalized_head, type, pos) VALUES (11388, "lintuhílas", "lintuhilas", "m", "nv");
INSERT INTO `wced_entry` VALUES (11389, "lintunganay", "618", "<entry page=""618"" id=""11389""><form id=""lintungaxnay"" lang=""ceb"">lintungánay</form>
<hom role=""a""><pos>a</pos>
<sense n=""1""><number>1</number><trans> principal source of s.t. </trans>
<eg><i lang=""ceb"">Lawum ug dulut ang gamut nga lintungánay,</i><trans> Primary roots go deep. </trans></eg>
<eg><i lang=""ceb"">Kanang ákung sanggutan mau ang lintungánay sa ákung katigayúnan karun,</i><trans> Palm toddy is the source of my current wealth. </trans></eg>
</sense>
<sense n=""2""><number>2</number><trans> original. </trans>
<eg><i lang=""ceb"">Nagkahanaw na karun ang pinulungan nga lintungánayng binisayà,</i><trans> The original and native Visayan is fast disappearing.
</trans></eg>
</sense></hom></entry>");
INSERT INTO `wced_head` (entryid, head, normalized_head, type, pos) VALUES (11389, "lintungánay", "lintunganay", "m", "a");
INSERT INTO `wced_entry` VALUES (11390, "lintuwad", "618", "<entry page=""618"" id=""11390""><form id=""lintuxwad"" lang=""ceb"">lintúwad</form>
<hom>
<sense n=""0""><trans> (from <ix>tuwad</ix>) </trans>
</sense></hom>
<hom role=""v""><pos>v</pos>
<sense n=""0""> <itype>[AB16; a12]</itype><trans> </trans>
</sense>
<sense n=""1""><number>1</number><trans> fall down, topple over, usually landing wrong side or tail end up; cause s.t. to do so. </trans>
<eg><i lang=""ceb"">Didtu sa kanal malintúwad ang awtu,</i><trans> The car fell front-end first into the ditch. </trans></eg>
<eg><i lang=""ceb"">Kinsay naglintúwad sa bukag nga gisudlan sa mangga?</i><trans> Who turned over the basket with the mangoes in it? </trans></eg>
</sense>
<sense n=""2""><number>2</number><trans> be in utter disorder. </trans>
</sense></hom>
<entry><form id=""kalintuxwad"" lang=""ceb""><abbr expan=""kalintúwad"">ka-</abbr></form>
<hom role=""v""><pos>v</pos>
<sense n=""0""> <itype>[A13]</itype><trans> be in utter disorder. </trans>
<eg><i lang=""ceb"">Nagkalintúwad lang ang hugasun sa hugasan,</i><trans> The sink is in utter disorder with all the dishes in it.
</trans></eg>
</sense></hom></entry></entry>");
INSERT INTO `wced_head` (entryid, head, normalized_head, type, pos) VALUES (11390, "lintúwad", "lintuwad", "m", "v");
INSERT INTO `wced_head` (entryid, head, normalized_head, type, pos) VALUES (11390, "kalintúwad", "kalintuwad", "s", "v");
INSERT INTO `wced_entry` VALUES (11391, "lintuwang, lintuwang", "618", "<entry page=""618"" id=""11391""><form id=""lintuwang_lintuxwang"" lang=""ceb"">lintuwang, lintúwang</form>
<hom>
<sense n=""0""><trans> (from <ix>tuwang</ix>) </trans>
</sense></hom>
<hom role=""v""><pos>v</pos>
<sense n=""0""> <itype>[A; c1]</itype><trans> turn s.t. over. </trans>
<eg><i lang=""ceb"">Akuy naglintuwang sa mga lingkuránan pag-uwan,</i><trans> I turned the chairs over when it rained.
</trans></eg>
</sense></hom></entry>");
INSERT INTO `wced_head` (entryid, head, normalized_head, type, pos) VALUES (11391, "lintuwang", "lintuwang", "s", "v");
INSERT INTO `wced_head` (entryid, head, normalized_head, type, pos) VALUES (11391, "lintúwang", "lintuwang", "s", "v");
INSERT INTO `wced_entry` VALUES (11392, "linu", "618", "<entry page=""618"" id=""11392""><form id=""linuq"" lang=""ceb"">linù</form>
<hom role=""v""><pos>v</pos>
<sense n=""0""> <itype>[A; b6]</itype><trans> <tr>slosh</tr> liquid around inside s.t. </trans>
<eg><i lang=""ceb"">Naglinù ku ug gasulína áring butilya arun makúhà ang asíti,</i><trans> I am sloshing gasoline around inside the bottle to get the oil out. </trans></eg>
<eg><i lang=""ceb"">Linui ug ínit túbig ang tirmus úsà sudli ug ínit nga kapi,</i><trans> Slosh hot water around in the thermos before you put hot coffee in it. </trans></eg>
</sense></hom>
<hom role=""n""><pos>n</pos>
<sense n=""0""><trans> pieces of dough collected from the mixing bowl by sloshing water around in it. </trans>
</sense></hom>
<entry><form id=""lininuxan"" lang=""ceb""><abbr expan=""lininúan"">-in-an</abbr></form>
<hom>
<sense n=""0""><trans> <xr lang=""ceb"" target=""#linux"">= <sc>linú</sc>, <i lang=""ceb"">n</i>.</xr>
</trans>
</sense></hom></entry></entry>");
INSERT INTO `wced_head` (entryid, head, normalized_head, type, pos) VALUES (11392, "linù", "linu", "m", "vn");
INSERT INTO `wced_head` (entryid, head, normalized_head, type, pos) VALUES (11392, "lininúan", "lininuan", "s", "");
INSERT INTO `wced_translation` (entryid, translation) VALUES (11392, "slosh");
INSERT INTO `wced_entry` VALUES (11393, "linug", "618", "<entry page=""618"" id=""11393""><form id=""lixnug"" lang=""ceb"">línug</form>
<hom role=""n""><pos>n</pos>
<sense n=""0""><trans> <tr>earthquake</tr>. </trans>
</sense></hom>
<hom role=""v""><pos>v</pos>
<sense n=""0""> <itype>[A; b6]</itype><trans> for there to be an earthquake. </trans>
<eg><i lang=""ceb"">Ug mulínug, hugnù giyud ning taytayána,</i><trans> If there is an earthquake, this bridge will surely collapse. </trans></eg>
<eg><i lang=""ceb"">Nangabut ang hinábang sa gilinúgan,</i><trans> Aid arrived for the earthquake victims.
</trans></eg>
</sense></hom></entry>");
INSERT INTO `wced_head` (entryid, head, normalized_head, type, pos) VALUES (11393, "línug", "linug", "m", "nv");
INSERT INTO `wced_translation` (entryid, translation) VALUES (11393, "earthquake");
INSERT INTO `wced_entry` VALUES (11394, "linulyum", "618", "<entry page=""618"" id=""11394""><form id=""linulyum"" lang=""ceb"">linulyum</form>
<hom role=""n""><pos>n</pos>
<sense n=""0""><trans> <tr>linoleum</tr>. </trans>
</sense></hom>
<hom role=""v""><pos>v</pos>
<sense n=""0""> <itype>[A13; b6]</itype><trans> put a linoleum covering on s.t.
</trans>
</sense></hom></entry>");
INSERT INTO `wced_head` (entryid, head, normalized_head, type, pos) VALUES (11394, "linulyum", "linulyum", "m", "nv");
INSERT INTO `wced_translation` (entryid, translation) VALUES (11394, "linoleum");
INSERT INTO `wced_entry` VALUES (11395, "linya", "618", "<entry page=""618"" id=""11395""><form id=""linya"" lang=""ceb"">linya</form>
<hom role=""n""><pos>n</pos>
<sense n=""1""><number>1</number><trans> <tr>lines</tr> drawn or formed by things in a row or column. </trans>
<eg><i lang=""ceb"">Ang linya sa ímung papil hiwì,</i><trans> The lines on your paper are crooked. </trans></eg>
<eg><i lang=""ceb"">Ang linya sa mga táwu miabut ngadtu sa iskína,</i><trans> The queue reached to the corner. </trans></eg>
</sense>
<sense n=""2""><number>2</number><trans> electric, telephone, telegraph lines. </trans>
<eg><i lang=""ceb"">Naputul ang linya sa tilipunu,</i><trans> The telephone line was cut. </trans></eg>
</sense>
<sense n=""3""><number>3</number><trans> transportation line. </trans>
<eg><i lang=""ceb"">Barátu ang plíti kay duha ka linya nagkumpitinsiya,</i><trans> The fare is cheap because the two lines are in competition. </trans></eg>
</sense>
<sense n=""3a""><number>3a</number><trans> the route served by a line. </trans>
<eg><i lang=""ceb"">Ang ámung dapit may linya sa pasahiruan,</i><trans> Our neighborhood is on a public transportation line. </trans></eg>
</sense>
<sense n=""4""><number>4</number><trans> the <tr>field</tr> of one’s special knowledge, interest. </trans>
<eg><i lang=""ceb"">Dílì ákung linya ang pagkamagtutudlù,</i><trans> Teaching is just not my line. </trans></eg>
</sense>
<sense n=""5""><number>5</number><trans> <tr>line</tr> of things similar to each other. </trans>
<eg><i lang=""ceb"">Ang bansíkul ug tulíngan paríhug hitsúra kay mau ra mang linyáha,</i><trans> Tuna and mackerel are similar in appearance because they belong to the same family. </trans></eg>
</sense></hom>
<hom role=""v""><pos>v</pos>
<sense n=""1""><number>1</number> <itype>[A; c]</itype><trans> <tr>line</tr> s.t. </trans>
<eg><i lang=""ceb"">Naglinya ku áring tabla pára damahan,</i><trans> I am making lines for the checkerboard on this piece of wood. </trans></eg>
</sense>
<sense n=""2""><number>2</number> <itype>[A; c1]</itype><trans> form, put into lines. </trans>
<eg><i lang=""ceb"">Sayu nga mulinya ang mga táwu pagpalit ug tíkit sa sini,</i><trans> The people queue up early to buy tickets to the movie. </trans></eg>
<eg><i lang=""ceb"">Linyáha (ilinya) ang mga síya diri,</i><trans> Put the chairs in line here.
</trans></eg>
</sense></hom></entry>");
INSERT INTO `wced_head` (entryid, head, normalized_head, type, pos) VALUES (11395, "linya", "linya", "m", "nv");
INSERT INTO `wced_translation` (entryid, translation) VALUES (11395, "lines");
INSERT INTO `wced_translation` (entryid, translation) VALUES (11395, "field");
INSERT INTO `wced_translation` (entryid, translation) VALUES (11395, "line");
INSERT INTO `wced_entry` VALUES (11396, "lipad", "618", "<entry page=""618"" id=""11396""><form id=""lipad"" lang=""ceb"">lipad</form>
<hom role=""v""><pos>v</pos>
<sense n=""0""> <itype>[A23P]</itype><trans> <tr>swerve</tr> or <tr>veer</tr> while in flight or traveling at very high speed. </trans>
<eg><i lang=""ceb"">Sa kusug nga dágan, ang gaan nga awtu mulipad,</i><trans> Light cars swerve at high speeds. </trans></eg>
<eg><i lang=""ceb"">Ang kapii <pb n=""619""/>sa bála mauy makapalipad sa íyang ági,</i><trans> The bullet is deformed, so it won’t go straight.
</trans></eg>
</sense></hom></entry>");
INSERT INTO `wced_head` (entryid, head, normalized_head, type, pos) VALUES (11396, "lipad", "lipad", "m", "v");
INSERT INTO `wced_translation` (entryid, translation) VALUES (11396, "swerve");
INSERT INTO `wced_translation` (entryid, translation) VALUES (11396, "veer");
INSERT INTO `wced_entry` VALUES (11397, "lipagha", "619", "<entry page=""619"" id=""11397""><form id=""lipaghaq"" lang=""ceb"">lipaghà</form>
<hom>
<sense n=""0""><trans> <xr lang=""ceb"" target=""#libaghaq"">= <sc>libaghà</sc>.</xr>
</trans>
</sense></hom></entry>");
INSERT INTO `wced_head` (entryid, head, normalized_head, type, pos) VALUES (11397, "lipaghà", "lipagha", "m", "");
INSERT INTO `wced_entry` VALUES (11398, "lipaghung", "619", "<entry page=""619"" id=""11398""><form id=""lipaghung"" lang=""ceb"">lipaghung</form>
<hom role=""v""><pos>v</pos>
<sense n=""0""> <itype>[A2N]</itype><trans> turn red in embarrassment or pique. </trans>
<eg><i lang=""ceb"">Nanglipaghung ákung nawung pagkabatì ku sa insultu,</i><trans> My face flushed when I heard the insult.
</trans></eg>
</sense></hom></entry>");
INSERT INTO `wced_head` (entryid, head, normalized_head, type, pos) VALUES (11398, "lipaghung", "lipaghung", "m", "v");
INSERT INTO `wced_entry` VALUES (11399, "lipak", "619", "<entry page=""619"" id=""11399""><form id=""lipak"" lang=""ceb"">lipak</form>
<hom role=""n""><pos>n</pos>
<sense n=""0""><trans> <tr>bamboo slats</tr>. </trans>
</sense></hom>
<hom role=""v""><pos>v</pos>
<sense n=""1""><number>1</number> <itype>[A; a1]</itype><trans> cut bamboo into slats. </trans>
<eg><i lang=""ceb"">Lipaka ang kawáyan pára ikural,</i><trans> Cut the bamboo into slats to use for fencing. </trans></eg>
</sense>
<sense n=""2""><number>2</number> <itype>[a12]</itype><trans> strike with a bamboo slat. </trans>
<eg><i lang=""ceb"">Lipaka ang irù,</i><trans> Strike the dog with a bamboo slat.
</trans></eg>
</sense></hom></entry>");
INSERT INTO `wced_head` (entryid, head, normalized_head, type, pos) VALUES (11399, "lipak", "lipak", "m", "nv");
INSERT INTO `wced_translation` (entryid, translation) VALUES (11399, "bamboo slats");
INSERT INTO `wced_entry` VALUES (11400, "lipak", "619", "<entry page=""619"" id=""11400""><form id=""lixpak"" lang=""ceb"">lípak</form>
<hom role=""n""><pos>n</pos>
<sense n=""0""><trans> loud <tr>thunderclap</tr>. </trans>
</sense></hom>
<hom role=""v""><pos>v</pos>
<sense n=""1""><number>1</number> <itype>[A]</itype><trans> for there to be a loud thunderclap. </trans>
<eg><i lang=""ceb"">Bantayi ang irù ug mulípak, dì ba mukúrug,</i><trans> Watch the dog when there is a thunderclap. He’ll quiver. </trans></eg>
</sense>
<sense n=""1a""><number>1a</number> <itype>[b(1)]</itype><trans> be struck by a thunderbolt. </trans>
<eg><i lang=""ceb"">Wà lipáki nang amahan nga nag-unay sa kaugalíngun níyang anak!</i><trans> Surely the father was struck by lightning for having relations with his own daughter! </trans></eg>
</sense>
<sense n=""2""><number>2</number> <itype>[b6]</itype><trans> get a <tr>severe scolding</tr>, <tr>severely punished</tr>. </trans>
<eg><i lang=""ceb"">Lipákan kang Dádi mu ug hibaw-an ka,</i><trans> You will get hell from Daddy if he finds out.
</trans></eg>
</sense></hom></entry>");
INSERT INTO `wced_head` (entryid, head, normalized_head, type, pos) VALUES (11400, "lípak", "lipak", "m", "nv");
INSERT INTO `wced_translation` (entryid, translation) VALUES (11400, "thunderclap");
INSERT INTO `wced_translation` (entryid, translation) VALUES (11400, "severe scolding");
INSERT INTO `wced_translation` (entryid, translation) VALUES (11400, "severely punished");
INSERT INTO `wced_entry` VALUES (11401, "lipaka", "619", "<entry page=""619"" id=""11401""><form id=""lipakaq"" lang=""ceb"">lipakà</form>
<hom role=""n""><pos>n</pos>
<sense n=""0""><trans> itchy red splotches on the skin from allergies or insect bites. </trans>
</sense></hom>
<hom role=""v""><pos>v</pos>
<sense n=""0""> <itype>[B6; b4]</itype><trans> have splotches on the skin. </trans>
<eg><i lang=""ceb"">Naglipakà (gilipakaan) ang láwas sa bátà sa tipdas,</i><trans> The child is covered with rash from his measles.
</trans></eg>
</sense></hom></entry>");
INSERT INTO `wced_head` (entryid, head, normalized_head, type, pos) VALUES (11401, "lipakà", "lipaka", "m", "nv");
INSERT INTO `wced_entry` VALUES (11402, "lipang", "619", "<entry page=""619"" id=""11402""><form id=""lixpang"" lang=""ceb"">lípang</form>
<hom role=""v""><pos>v</pos>
<sense n=""1""><number>1</number> <itype>[B6]</itype><trans> <tr>grow</tr> well and profusely. </trans>
<eg><i lang=""ceb"">Milípang ang mais human kaabunúhi,</i><trans> The corn grew lush after it was fertilized. </trans></eg>
<eg><i lang=""ceb"">Nanglípang ang láwas sa bátang pinainum ug litsi,</i><trans> The child grew robust because they fed it milk. </trans></eg>
</sense>
<sense n=""2""><number>2</number> <itype>[A3P]</itype><trans> for emotions to intensify. </trans>
<eg><i lang=""ceb"">Milípang ang ílang panaghigugmaay human sa panag-úlì,</i><trans> After they were reconciled, their love for each other grew more intense.
</trans></eg>
</sense></hom></entry>");
INSERT INTO `wced_head` (entryid, head, normalized_head, type, pos) VALUES (11402, "lípang", "lipang", "m", "v");
INSERT INTO `wced_translation` (entryid, translation) VALUES (11402, "grow");
INSERT INTO `wced_entry` VALUES (11403, "lip-an rayit", "619", "<entry page=""619"" id=""11403""><form id=""lip-an_rayit"" lang=""ceb"">lip-an rayit</form>
<hom role=""a""><pos>a</pos>
<sense n=""0""><trans> giving without discrimination or restraint. </trans>
<eg><i lang=""ceb"">Lip-an rayit silang naglamánu sa mga butanti,</i><trans> They shook as many of the voters’ hands as they possibly could. </trans></eg>
</sense></hom>
<hom role=""v""><pos>v</pos>
<sense n=""0""> <itype>[A13; c]</itype><trans> give without discrimination or restraint. </trans>
<eg><i lang=""ceb"">Naglip-an rayit ug panghátag ang ahinti sa mga sampul,</i><trans> The agent gave out samples left and right.
</trans></eg>
</sense></hom></entry>");
INSERT INTO `wced_head` (entryid, head, normalized_head, type, pos) VALUES (11403, "lip-an rayit", "lip-an rayit", "m", "av");
INSERT INTO `wced_entry` VALUES (11404, "liparak", "619", "<entry page=""619"" id=""11404""><form id=""lipaxrak"" lang=""ceb"">lipárak</form>
<hom role=""v""><pos>v</pos>
<sense n=""0""> <itype>[B2]</itype><trans> be, become <tr>fat</tr>, <tr>pudgy</tr>. </trans>
<eg><i lang=""ceb"">Mulipárak giyud ka ug magpatúyang kag káun,</i><trans> You’ll surely get fat if you eat as much as you like. </trans></eg>
<eg><i lang=""ceb"">Nagkaliparak ang bátà kay naayun sa litsi,</i><trans> The baby is getting fat because the milk agrees with him.
</trans></eg>
</sense></hom></entry>");
INSERT INTO `wced_head` (entryid, head, normalized_head, type, pos) VALUES (11404, "lipárak", "liparak", "m", "v");
INSERT INTO `wced_translation` (entryid, translation) VALUES (11404, "fat");
INSERT INTO `wced_translation` (entryid, translation) VALUES (11404, "pudgy");
INSERT INTO `wced_entry` VALUES (11405, "lipas", "619", "<entry page=""619"" id=""11405""><form id=""lixpas"" lang=""ceb"">lípas</form>
<hom role=""v""><pos>v</pos>
<sense n=""0""> <itype>[A2; c]</itype><trans> not go directly over s.t., pass around. </trans>
<eg><i lang=""ceb"">Ilípas ang kutsi kay gubà ang taytáyan,</i><trans> Take a detour because the bridge is out. </trans></eg>
</sense></hom>
<entry><form id=""lipas"" lang=""ceb""><abbr expan=""lipas"">(→)</abbr></form>
<hom role=""a""><pos>a</pos>
<sense n=""0""><trans> gone beyond a point in time. </trans>
<eg><i lang=""ceb"">Lipas na ang úras sa pagkáun,</i><trans> The time for eating has passed. </trans></eg>
</sense></hom>
<hom role=""v""><pos>v</pos>
<sense n=""0""> <itype>[B2; c1]</itype><trans> get beyond a certain point in time. </trans>
<eg><i lang=""ceb"">Nilípas na ang búwan sa udtuhan,</i><trans> The moon has passed the midpoint in the sky. </trans></eg>
</sense></hom></entry>
<entry><form id=""lipas_ang_guxtum"" lang=""ceb""><abbr expan=""lipas"">—</abbr> ang gútum</form>
<hom>
<sense n=""0""><trans> for one’s hunger to disappear after the time for eating has passed. </trans>
<eg><i lang=""ceb"">Ug kanúnay nímung lipasun (ilipas) ang ímung gútum ulsirun ka,</i><trans> If you always fail to eat on time, you will develop ulcers. </trans></eg>
</sense></hom></entry>
<entry><form id=""lipasan"" lang=""ceb""><abbr expan=""lipasan"">-an</abbr></form>
<hom role=""n""><pos>n</pos>
<sense n=""0""><trans> <tr>detour</tr>, place a route goes around s.t.
</trans>
</sense></hom></entry></entry>");
INSERT INTO `wced_head` (entryid, head, normalized_head, type, pos) VALUES (11405, "lípas", "lipas", "m", "v");
INSERT INTO `wced_head` (entryid, head, normalized_head, type, pos) VALUES (11405, "lipas", "lipas", "s", "av");
INSERT INTO `wced_head` (entryid, head, normalized_head, type, pos) VALUES (11405, "lipas ang gútum", "lipas ang gutum", "s", "");
INSERT INTO `wced_head` (entryid, head, normalized_head, type, pos) VALUES (11405, "lipasan", "lipasan", "s", "n");
INSERT INTO `wced_translation` (entryid, translation) VALUES (11405, "detour");
INSERT INTO `wced_entry` VALUES (11406, "lipat", "619", "<entry page=""619"" id=""11406""><form id=""lipat"" lang=""ceb"">lipat</form>
<hom role=""v""><pos>v</pos>
<sense n=""0""> <itype>[B1256]</itype><trans> </trans>
</sense>
<sense n=""1""><number>1</number><trans> make an error through inattention: lose track or forget what one was talking about. </trans>
<eg><i lang=""ceb"">Sa pag-ihap nalipat ku ug pila na tu,</i><trans> I was counting, but I lost track how many there were. </trans></eg>
<eg><i lang=""ceb"">Nalipat ku ug diin ikabutang ang hunsuy,</i><trans> It slipped my mind where I put my pipe. </trans></eg>
</sense>
<sense n=""2""><number>2</number><trans> mistake s.o.’s identity. </trans>
<eg><i lang=""ceb"">Nalipat ku. Ingun ku ug si Nítuy ka,</i><trans> I was mistaken. I thought you were Nitoy. </trans></eg>
</sense>
<sense n=""3""><number>3</number> <itype>[B1256; b8]</itype><trans> fail to notice s.t. </trans>
<eg><i lang=""ceb"">Nalipat ku ug walà ku makamatikud sa pag-ági sa bátà,</i><trans> I failed to notice, and I was not aware of it when the child passed by. </trans></eg>
<eg><i lang=""ceb"">Nalipatan ku ang usa ka linya ug kupya,</i><trans> I missed a line when I was copying. </trans></eg>
</sense>
<sense n=""4""><number>4</number> <itype>[A; a12]</itype><trans> deceive s.o., causing him to fail to notice s.t. </trans>
<eg><i lang=""ceb"">Lipatun ka lang níya sa mga púlung nga tam-is,</i><trans> He will just deceive you with sweet words. </trans></eg>
</sense></hom>
<entry><form id=""palixpat_lipatlixpat"" lang=""ceb""><abbr expan=""palípat"">pa-(←)</abbr>, lipatlípat</form>
<hom role=""n""><pos>n</pos>
<sense n=""1""><number>1</number><trans> sleight of hand, esp. a thimblerig game where a seed is hidden under one of the three thimble-shaped cups and is quickly shifted from one cup to another. The players gamble as to where the seed is located. </trans>
</sense>
<sense n=""2""><number>2</number><trans> deception, chicanery. </trans>
<eg><i lang=""ceb"">Ang íyang pagdaug sa kuntrátu nahímù sa palípat,</i><trans> He won the contract through chicanery. </trans></eg>
</sense></hom>
<hom role=""v""><pos>v</pos>
<sense n=""1""><number>1</number> <itype>[A13]</itype><trans> have a thimblerig game. </trans>
</sense>
<sense n=""2""><number>2</number> <itype>[A; a12]</itype><trans> deceive with chicanery.
</trans>
</sense></hom></entry></entry>");
INSERT INTO `wced_head` (entryid, head, normalized_head, type, pos) VALUES (11406, "lipat", "lipat", "m", "v");
INSERT INTO `wced_head` (entryid, head, normalized_head, type, pos) VALUES (11406, "palípat", "palipat", "s", "nv");
INSERT INTO `wced_head` (entryid, head, normalized_head, type, pos) VALUES (11406, "lipatlípat", "lipatlipat", "s", "nv");
INSERT INTO `wced_entry` VALUES (11407, "lipata, lipata", "619", "<entry page=""619"" id=""11407""><form id=""lipaxta_lipaxtaq"" lang=""ceb"">lipáta, lipátà</form>
<hom>
<sense n=""0""><trans> <xr lang=""ceb"" target=""#alipaxtaq"">= <sc>alipátà</sc>.</xr>
</trans>
</sense></hom></entry>");
INSERT INTO `wced_head` (entryid, head, normalized_head, type, pos) VALUES (11407, "lipáta", "lipata", "s", "");
INSERT INTO `wced_head` (entryid, head, normalized_head, type, pos) VALUES (11407, "lipátà", "lipata", "s", "");
INSERT INTO `wced_entry` VALUES (11408, "lipatpat", "619", "<entry page=""619"" id=""11408""><form id=""lipatpat"" lang=""ceb"">lipatpat</form>
<hom>
<sense n=""0""><trans> <xr lang=""ceb"" target=""#alipatpat"">= <sc>alipatpat</sc>.</xr>
</trans>
</sense></hom></entry>");
INSERT INTO `wced_head` (entryid, head, normalized_head, type, pos) VALUES (11408, "lipatpat", "lipatpat", "m", "");
INSERT INTO `wced_entry` VALUES (11409, "lipay", "619", "<entry page=""619"" id=""11409""><form id=""lixpay"" lang=""ceb"">lípay</form>
<hom role=""a""><pos>a</pos>
<sense n=""0""><trans> glad. </trans>
<eg><i lang=""ceb"">Lípay kaáyu kung midaug ka,</i><trans> I’m very glad that you won. </trans></eg>
</sense></hom>
<hom role=""v""><pos>v</pos>
<sense n=""1""><number>1</number> <itype>[A2; a12]</itype><trans> make s.o. happy. </trans>
<eg><i lang=""ceb"">Wà nay láing mulípay nákù kun dílì ikaw,</i><trans> No one can make me happy but you. </trans></eg>
</sense>
<sense n=""2""><number>2</number> <itype>[B156; c5]</itype><trans> be happy, glad. </trans>
<eg><i lang=""ceb"">Nalípay ku nga nía ka,</i><trans> I am glad that you’re here. </trans></eg>
<eg><i lang=""ceb"">Maglípay ta kay milampus ang átung plánu,</i><trans> Let’s be happy because our plans succeeded. </trans></eg>
<eg><i lang=""ceb"">Gikalípay kug dakù ang ímung kalampúsan,</i><trans> I am very happy at your success. </trans></eg>
</sense></hom>
<entry><form id=""pahalixpay"" lang=""ceb""><abbr expan=""pahalípay"">paha-</abbr></form>
<hom role=""v""><pos>v</pos>
<sense n=""0""> <itype>[A; b6]</itype><trans> congratulate, felicitate. </trans>
<eg><i lang=""ceb"">Usa aku sa mupahalípay nímu sa ímung kadaúgan,</i><trans> I am one of those who will congratulate you on your victory. </trans></eg>
</sense></hom>
<hom role=""n""><pos>n</pos>
<sense n=""0""><trans> congratulations. </trans>
<eg><i lang=""ceb"">Dawáta ang kinasingkásing kung pahalípay,</i><trans> Accept my heartfelt congratulations. </trans></eg>
</sense></hom></entry>
<entry><form id=""malipaxyun"" lang=""ceb""><abbr expan=""malipáyun"">ma-un</abbr></form>
<hom role=""a""><pos>a</pos>
<sense n=""0""><trans> happy. </trans>
<eg><i lang=""ceb"">Malipáyun kaáyu siya nga misugut sa ákung hangyù,</i><trans> He was happy <pb n=""620""/>to comply with my request. </trans></eg>
</sense></hom></entry>
<entry><form id=""malipaxyun_nga_pasku"" lang=""ceb""><abbr expan=""malipáyun"">—</abbr> nga pasku</form>
<hom>
<sense n=""0""><trans> Merry Christmas. </trans>
</sense></hom>
<hom role=""v""><pos>v</pos>
<sense n=""0""> <itype>[A13]</itype><trans> be happy. </trans>
</sense></hom></entry>
<entry><form id=""kalixpay"" lang=""ceb""><abbr expan=""kalípay"">ka-</abbr></form>
<hom role=""n""><pos>n</pos>
<sense n=""0""><trans> happiness. </trans>
<eg><i lang=""ceb"">Ang íyang pagkaasáwa walay kalípay,</i><trans> She knows no happiness as a wife. </trans></eg>
</sense></hom></entry>
<entry><form id=""maglilixpay"" lang=""ceb""><abbr expan=""maglilípay"">mag-r-</abbr></form>
<hom role=""n""><pos>n</pos>
<sense n=""0""><trans> the Holy Spirit as Comforter.
</trans>
</sense></hom></entry></entry>");
INSERT INTO `wced_head` (entryid, head, normalized_head, type, pos) VALUES (11409, "lípay", "lipay", "m", "av");
INSERT INTO `wced_head` (entryid, head, normalized_head, type, pos) VALUES (11409, "pahalípay", "pahalipay", "s", "vn");
INSERT INTO `wced_head` (entryid, head, normalized_head, type, pos) VALUES (11409, "malipáyun", "malipayun", "s", "a");
INSERT INTO `wced_head` (entryid, head, normalized_head, type, pos) VALUES (11409, "malipáyun nga pasku", "malipayun nga pasku", "s", "v");
INSERT INTO `wced_head` (entryid, head, normalized_head, type, pos) VALUES (11409, "kalípay", "kalipay", "s", "n");
INSERT INTO `wced_head` (entryid, head, normalized_head, type, pos) VALUES (11409, "maglilípay", "maglilipay", "s", "n");
INSERT INTO `wced_entry` VALUES (11410, "liphuk", "620", "<entry page=""620"" id=""11410""><form id=""liphuk"" lang=""ceb"">liphuk</form>
<hom role=""n""><pos>n</pos>
<sense n=""0""><trans> left hook in boxing.
</trans>
</sense></hom></entry>");
INSERT INTO `wced_head` (entryid, head, normalized_head, type, pos) VALUES (11410, "liphuk", "liphuk", "m", "n");
INSERT INTO `wced_entry` VALUES (11411, "lip-istik", "620", "<entry page=""620"" id=""11411""><form id=""lip-istik"" lang=""ceb"">lip-istik</form>
<hom>
<sense n=""0""><trans> <xr lang=""ceb"" target=""#lipstik"">= <sc>lipstik</sc>.</xr>
</trans>
</sense></hom></entry>");
INSERT INTO `wced_head` (entryid, head, normalized_head, type, pos) VALUES (11411, "lip-istik", "lip-istik", "m", "");
INSERT INTO `wced_entry` VALUES (11412, "lip-it", "620", "<entry page=""620"" id=""11412""><form id=""lip-it"" lang=""ceb"">lip-it</form>
<hom role=""v""><pos>v</pos>
<sense n=""0""> <itype>[AP; b2]</itype><trans> put s.t. in between two flat surfaces. </trans>
<eg><i lang=""ceb"">Ilip-it ang mamísus sa libru,</i><trans> Stick the peso bills in the book. </trans></eg>
<eg><i lang=""ceb"">Didtu ra malip-iti ang dukumintu sa mga inutaw,</i><trans> The document was right there, in between the ironed clothes.
</trans></eg>
</sense></hom></entry>");
INSERT INTO `wced_head` (entryid, head, normalized_head, type, pos) VALUES (11412, "lip-it", "lip-it", "m", "v");
INSERT INTO `wced_entry` VALUES (11413, "liplip", "620", "<entry page=""620"" id=""11413""><form id=""liplip"" lang=""ceb"">liplip</form>
<hom role=""n""><pos>n</pos>
<sense n=""0""><trans> k.o. matting used to wrap tobacco in bales or as walling, made of <ix>nípà</ix> or coconut leaflets laid flat side by side with some overlap and stitched together with fiber. </trans>
</sense></hom>
<hom role=""v""><pos>v</pos>
<sense n=""0""> <itype>[A13; a12]</itype><trans> make into a matting of this sort.
</trans>
</sense></hom></entry>");
INSERT INTO `wced_head` (entryid, head, normalized_head, type, pos) VALUES (11413, "liplip", "liplip", "m", "nv");
INSERT INTO `wced_entry` VALUES (11414, "lipstik", "620", "<entry page=""620"" id=""11414""><form id=""lipstik"" lang=""ceb"">lipstik</form>
<hom role=""n""><pos>n</pos>
<sense n=""0""><trans> <tr>lipstick</tr>. </trans>
</sense></hom>
<hom role=""v""><pos>v</pos>
<sense n=""0""> <itype>[A; b6(1)]</itype><trans> use a certain k.o. lipstick. </trans>
</sense></hom>
<entry><form id=""panglipstik"" lang=""ceb""><abbr expan=""panglipstik"">paN-</abbr></form>
<hom role=""v""><pos>v</pos>
<sense n=""0""> <itype>[A; b6(1)]</itype><trans> put lipstick on.
</trans>
</sense></hom></entry></entry>");
INSERT INTO `wced_head` (entryid, head, normalized_head, type, pos) VALUES (11414, "lipstik", "lipstik", "m", "nv");
INSERT INTO `wced_head` (entryid, head, normalized_head, type, pos) VALUES (11414, "panglipstik", "panglipstik", "s", "v");
INSERT INTO `wced_translation` (entryid, translation) VALUES (11414, "lipstick");
INSERT INTO `wced_entry` VALUES (11415, "lipsut", "620", "<entry page=""620"" id=""11415""><form id=""lipsut"" lang=""ceb"">lipsut</form>
<hom>
<sense n=""0""><trans> <xr lang=""ceb"" target=""#ipsut"">= <sc>ipsut</sc>.</xr>
</trans>
</sense></hom></entry>");
INSERT INTO `wced_head` (entryid, head, normalized_head, type, pos) VALUES (11415, "lipsut", "lipsut", "m", "");
INSERT INTO `wced_entry` VALUES (11416, "lipti", "620", "<entry page=""620"" id=""11416""><form id=""lipti"" lang=""ceb"">lipti</form>
<hom role=""n""><pos>n</pos>
<sense n=""0""><trans> painted grunter: <bio>Plectorhinchus pictus</bio>.
</trans>
</sense></hom></entry>");
INSERT INTO `wced_head` (entryid, head, normalized_head, type, pos) VALUES (11416, "lipti", "lipti", "m", "n");
INSERT INTO `wced_entry` VALUES (11417, "lipting", "620", "<entry page=""620"" id=""11417""><form id=""lipting"" lang=""ceb"">lipting</form>
<hom role=""n""><pos>n</pos>
<sense n=""0""><trans> the violation in dribbling a basketball where the ball is not hit, but lifted slightly before being bounced. </trans>
</sense></hom>
<hom role=""v""><pos>v</pos>
<sense n=""0""> <itype>[B126; b6(1)]</itype><trans> commit this violation.
</trans>
</sense></hom></entry>");
INSERT INTO `wced_head` (entryid, head, normalized_head, type, pos) VALUES (11417, "lipting", "lipting", "m", "nv");
INSERT INTO `wced_entry` VALUES (11418, "liptung", "620", "<entry page=""620"" id=""11418""><form id=""liptung"" lang=""ceb"">liptung</form>
<hom role=""n""><pos>n</pos>
<sense n=""0""><trans> lake formed in a river by a dam or similar obstruction. </trans>
</sense></hom>
<hom role=""v""><pos>v</pos>
<sense n=""0""> <itype>[B6, b5c1]</itype><trans> gather into a pool, make into a dam, gather in a dam. </trans>
<eg><i lang=""ceb"">Naliptung (miliptung) ang sapà kay naalihan sa dakung káhuy nga natumba,</i><trans> The water of the brook formed a pool because a fallen log obstructed its course. </trans></eg>
<eg><i lang=""ceb"">Liptúngi (liptúnga, iliptung) ang sapà arun kalanguyan,</i><trans> Make a dam in the river so we can swim in it.
</trans></eg>
</sense></hom></entry>");
INSERT INTO `wced_head` (entryid, head, normalized_head, type, pos) VALUES (11418, "liptung", "liptung", "m", "nv");
INSERT INTO `wced_entry` VALUES (11419, "*lipu", "620", "<entry page=""620"" id=""11419""><form id=""xxlipu"" lang=""ceb"">*lipu</form>
<entry><form id=""kalipuhan"" lang=""ceb"">kalipuhan</form>
<hom role=""v""><pos>v</pos>
<sense n=""0""> <itype>[A13]</itype><trans> be hard-pressed by time or quantity of work. </trans>
<eg><i lang=""ceb"">Nagkalipuhan siya didtu sa kusína kay dúnay muabut nga bisíta,</i><trans> She was very busy in the kitchen because there were visitors coming.
</trans></eg>
</sense></hom></entry></entry>");
INSERT INTO `wced_head` (entryid, head, normalized_head, type, pos) VALUES (11419, "lipu", "lipu", "s", "");
INSERT INTO `wced_head` (entryid, head, normalized_head, type, pos) VALUES (11419, "kalipuhan", "kalipuhan", "s", "v");
INSERT INTO `wced_entry` VALUES (11420, "lipudlipud", "620", "<entry page=""620"" id=""11420""><form id=""lipudlixpud"" lang=""ceb"">lipudlípud</form>
<hom role=""v""><pos>v</pos>
<sense n=""0""> <itype>[A; c]</itype><trans> hide s.t. by circumlocution or covering up. </trans>
<eg><i lang=""ceb"">Náay ímung tinagúan kay naglipudlípud ka sa pagtug-an nákù,</i><trans> You must be hiding s.t. because you are beating around the bush instead of telling me right out. </trans></eg>
<eg><i lang=""ceb"">Gilipudlípud sa inahan ang mga salà sa íyang mga anak ngadtu sa íyang bána,</i><trans> The mother covered up for her children in front of the father. </trans></eg>
</sense></hom>
<hom role=""n""><pos>n</pos>
<sense n=""0""><trans> action of concealing s.t. </trans>
<eg><i lang=""ceb"">Sa walay lipudlípud nga pagkasulti tikasan ka!</i><trans> Let’s call a spade a spade. You’re a cheat!
</trans></eg>
</sense></hom></entry>");
INSERT INTO `wced_head` (entryid, head, normalized_head, type, pos) VALUES (11420, "lipudlípud", "lipudlipud", "m", "vn");
INSERT INTO `wced_entry` VALUES (11421, "lipulipu", "620", "<entry page=""620"" id=""11421""><form id=""lipulipu"" lang=""ceb"">lipulipu</form>
<hom role=""v""><pos>v</pos>
<sense n=""0""> <itype>[B16]</itype><trans> be hard-pressed to do s.t. because of the quantity of work or the lack of time. </trans>
<eg><i lang=""ceb"">Naglipulipu mi karun kay umaábut ang supirbisur,</i><trans> We are very busy now because the supervisor is about to come. </trans></eg>
</sense></hom>
<entry><form id=""kalipulipu"" lang=""ceb""><abbr expan=""kalipulipu"">ka-</abbr></form>
<hom role=""v""><pos>v</pos>
<sense n=""0""> <itype>[A13]</itype><trans> be very hard-pressed. </trans>
<eg><i lang=""ceb"">Nagkalipulipu siya pagpamatúnis pagbuthù sa mga bisíta,</i><trans> He was in a dither trying to get his pants buttoned up when the visitors suddenly arrived.
</trans></eg>
</sense></hom></entry></entry>");
INSERT INTO `wced_head` (entryid, head, normalized_head, type, pos) VALUES (11421, "lipulipu", "lipulipu", "m", "v");
INSERT INTO `wced_head` (entryid, head, normalized_head, type, pos) VALUES (11421, "kalipulipu", "kalipulipu", "s", "v");
INSERT INTO `wced_entry` VALUES (11422, "lipung", "620", "<entry page=""620"" id=""11422""><form id=""lixpung"" lang=""ceb"">lípung</form>
<hom role=""v""><pos>v</pos>
<sense n=""1""><number>1</number> <itype>[B126]</itype><trans> be, become <tr>dizzy</tr>, <tr>woozy</tr>. </trans>
<eg><i lang=""ceb"">Nalípung siya human makatimahù adtung báhù sa tambal,</i><trans> He became woozy after he smelled the odor of the medicine. </trans></eg>
<eg><i lang=""ceb"">Pwirting makalípung ang argulya,</i><trans> The merry-go-round can get you real dizzy. </trans></eg>
</sense>
<sense n=""2""><number>2</number> <itype>[A123P]</itype><trans> be enormously high in price. </trans>
<eg><i lang=""ceb"">Biling makalípung,</i><trans> A dizzyingly high price. </trans></eg>
</sense></hom>
<entry><form id=""panglipung"" lang=""ceb""><abbr expan=""panglipung"">paN-(→)</abbr></form>
<hom role=""v""><pos>v</pos>
<sense n=""0""> <itype>[A13]</itype><trans> undergo dizzy spells. </trans>
<eg><i lang=""ceb"">Nagpanglipung siya kay masakitun pa siya,</i><trans> He has dizzy spells because he is still sick. </trans></eg>
</sense></hom>
<hom role=""n""><pos>n</pos>
<sense n=""0""><trans> recurring dizziness. </trans>
</sense></hom></entry>
<entry><form id=""kalixpung"" lang=""ceb""><abbr expan=""kalípung"">ka-</abbr></form>
<hom role=""n""><pos>n</pos>
<sense n=""0""><trans> <tr>dizziness</tr>, <tr>giddiness</tr>.
</trans>
</sense></hom></entry></entry>");
INSERT INTO `wced_head` (entryid, head, normalized_head, type, pos) VALUES (11422, "lípung", "lipung", "m", "v");
INSERT INTO `wced_head` (entryid, head, normalized_head, type, pos) VALUES (11422, "panglipung", "panglipung", "s", "vn");
INSERT INTO `wced_head` (entryid, head, normalized_head, type, pos) VALUES (11422, "kalípung", "kalipung", "s", "n");
INSERT INTO `wced_translation` (entryid, translation) VALUES (11422, "dizzy");
INSERT INTO `wced_translation` (entryid, translation) VALUES (11422, "woozy");
INSERT INTO `wced_translation` (entryid, translation) VALUES (11422, "dizziness");
INSERT INTO `wced_translation` (entryid, translation) VALUES (11422, "giddiness");
INSERT INTO `wced_entry` VALUES (11423, "lipun-ug", "620", "<entry page=""620"" id=""11423""><form id=""lipun-ug"" lang=""ceb"">lipun-ug</form>
<hom>
<sense n=""0""><trans> <xr lang=""ceb"" target=""#tipun-ug"">= <sc>tipun-ug</sc>.</xr>
</trans>
</sense></hom></entry>");
INSERT INTO `wced_head` (entryid, head, normalized_head, type, pos) VALUES (11423, "lipun-ug", "lipun-ug", "m", "");
INSERT INTO `wced_entry` VALUES (11424, "liput1", "620", "<entry page=""620"" id=""11424""><form id=""liput"" lang=""ceb"">liput<sub>1</sub></form>
<hom role=""v""><pos>v</pos>
<sense n=""1""><number>1</number> <itype>[A2; b6]</itype><trans> go behind s.t. </trans>
<eg><i lang=""ceb"">Ang kawatan miliput sa usang balay ug nawálà,</i><trans> The thief ducked in back of the next house and disappeared. </trans></eg>
<eg><i lang=""ceb"">Maigù untà ku sa batu ug wà pa ku makaliput sa baril,</i><trans> I would have been hit with a stone if I had not ducked behind a barrel. </trans></eg>
</sense>
<sense n=""2""><number>2</number> <itype>[A3; a12]</itype><trans> catch s.t. by going the other way. </trans>
<eg><i lang=""ceb"">Lingawa siya kay muliput ku sa píkas arun ákung sakpan,</i><trans> Hold his attention because I will go the other way around so I can catch him. </trans></eg>
</sense></hom>
<entry><form id=""lixput"" lang=""ceb""><abbr expan=""líput"">(←)</abbr></form>
<hom role=""v""><pos>v</pos>
<sense n=""1""><number>1</number> <itype>[A; b6]</itype><trans> doublecross, betray. </trans>
<eg><i lang=""ceb"">Ug mangispíya ka pára sa píkas, naglíput ka sa átung násud,</i><trans> If you do espionage work for the other side, you are betraying our country. </trans></eg>
</sense>
<sense n=""2""><number>2</number> <itype>[AN2; b6]</itype><trans> fight unfairly by doing s.t. treacherous or taking unfair advantage. </trans>
<eg><i lang=""ceb"">Gilipútan siyag dugmak sa luyu,</i><trans> S.o. treacherously stabbed him in the back. </trans></eg>
</sense></hom>
<hom role=""n""><pos>n</pos>
<sense n=""0""><trans> treachery. </trans>
</sense></hom></entry>
<entry><form id=""paliput_ug_pusta_palixput_ug_pusta"" lang=""ceb""><abbr expan=""paliput ug pusta"">pa-</abbr>, <abbr expan=""palíput"">pa-(←)</abbr> ug pusta</form>
<hom role=""v""><pos>v</pos>
<sense n=""0""> <itype>[A13; c6]</itype><trans> secretly place a bet on the opposing cock (instead of one’s own) or simply bet on an opposing cock in addition to one’s own. </trans>
</sense></hom></entry>
<entry><form id=""malipuxtun"" lang=""ceb""><abbr expan=""malipútun"">ma-un(←)</abbr></form>
<hom role=""a""><pos>a</pos>
<sense n=""0""><trans> <tr>treacherous</tr>, <tr>traitorous</tr>. </trans>
</sense></hom></entry>
<entry><form id=""pangliput"" lang=""ceb""><abbr expan=""pangliput"">paN-</abbr></form>
<hom>
<sense n=""0""><trans> <xr lang=""ceb"" target=""#lixput"">= <sc>líput</sc>, <i lang=""ceb"">n</i>.</xr> </trans>
</sense></hom></entry>
<entry><form id=""kalipuxtan"" lang=""ceb""><abbr expan=""kalipútan"">ka-an</abbr></form>
<hom role=""n""><pos>n</pos>
<sense n=""0""><trans> <tr>anus</tr> (euphemism).
</trans>
</sense></hom></entry></entry>");
INSERT INTO `wced_head` (entryid, head, normalized_head, type, pos) VALUES (11424, "liput", "liput", "s", "v");
INSERT INTO `wced_head` (entryid, head, normalized_head, type, pos) VALUES (11424, "líput", "liput", "s", "vn");
INSERT INTO `wced_head` (entryid, head, normalized_head, type, pos) VALUES (11424, "paliput ug pusta", "paliput ug pusta", "s", "v");
INSERT INTO `wced_head` (entryid, head, normalized_head, type, pos) VALUES (11424, "palíput ug pusta", "paliput ug pusta", "s", "v");
INSERT INTO `wced_head` (entryid, head, normalized_head, type, pos) VALUES (11424, "malipútun", "maliputun", "s", "a");
INSERT INTO `wced_head` (entryid, head, normalized_head, type, pos) VALUES (11424, "pangliput", "pangliput", "s", "");
INSERT INTO `wced_head` (entryid, head, normalized_head, type, pos) VALUES (11424, "kalipútan", "kaliputan", "s", "n");
INSERT INTO `wced_translation` (entryid, translation) VALUES (11424, "treacherous");
INSERT INTO `wced_translation` (entryid, translation) VALUES (11424, "traitorous");
INSERT INTO `wced_translation` (entryid, translation) VALUES (11424, "anus");
INSERT INTO `wced_entry` VALUES (11425, "liput2", "620", "<entry page=""620"" id=""11425""><form id=""liput2"" lang=""ceb"">liput<sub>2</sub></form>
<hom role=""n""><pos>n</pos>
<sense n=""0""><trans> k.o. ray.
</trans>
</sense></hom></entry>");
INSERT INTO `wced_head` (entryid, head, normalized_head, type, pos) VALUES (11425, "liput", "liput", "s", "n");
INSERT INTO `wced_entry` VALUES (11426, "lip-ut", "620", "<entry page=""620"" id=""11426""><form id=""lip-ut"" lang=""ceb"">lip-ut</form>
<hom role=""a""><pos>a</pos>
<sense n=""0""><trans> narrow in space or width. </trans>
</sense></hom>
<hom role=""v""><pos>v</pos>
<sense n=""0""> <itype>[B; c1]</itype><trans> for a space or width to be narrow. </trans>
<eg><i lang=""ceb"">Nalip-ut ang sayal kay gamay man ang sun-ut sa panaptun,</i><trans> The skirt was made narrow because it was a narrow piece of cloth. </trans></eg>
<eg><i lang=""ceb"">Ang mga butang mauy nakalip-ut (nakapalip-ut) sa lugar dinhi,</i><trans> The space was too small because too many things were put in it.
</trans></eg>
</sense></hom></entry>");
INSERT INTO `wced_head` (entryid, head, normalized_head, type, pos) VALUES (11426, "lip-ut", "lip-ut", "m", "av");
INSERT INTO `wced_entry` VALUES (11427, "lipuwa", "620", "<entry page=""620"" id=""11427""><form id=""lipuwa"" lang=""ceb"">lipuwa</form>
<entry><form id=""panglipuwa"" lang=""ceb""><abbr expan=""panglipuwa"">paN-</abbr></form>
<hom role=""v""><pos>v</pos>
<sense n=""0""> <itype>[A23P]</itype><trans> blush. </trans>
<eg><i lang=""ceb"">Nanglipuwa ang náwung ni Balúduy dihang giintrudyǔs siya sa usa ka maanyag,</i><trans> How Balodoy blushed when he was introduced to a beauty.
</trans></eg>
</sense></hom></entry></entry>");
INSERT INTO `wced_head` (entryid, head, normalized_head, type, pos) VALUES (11427, "lipuwa", "lipuwa", "m", "");
INSERT INTO `wced_head` (entryid, head, normalized_head, type, pos) VALUES (11427, "panglipuwa", "panglipuwa", "s", "v");
INSERT INTO `wced_entry` VALUES (11428, "lipya", "620", "<entry page=""620"" id=""11428""><form id=""lipyaq"" lang=""ceb"">lipyà</form>
<hom role=""n""><pos>n</pos>
<sense n=""0""><trans> moldboard, a curved iron plate attached <pb n=""621""/>to a plowshare (punta) which lifts, turns, and pulverizes the soil. </trans>
</sense></hom>
<hom role=""v""><pos>v</pos>
<sense n=""0""> <itype>[A; b]</itype><trans> attach a moldboard on a plowshare.
</trans>
</sense></hom></entry>");
INSERT INTO `wced_head` (entryid, head, normalized_head, type, pos) VALUES (11428, "lipyà", "lipya", "m", "nv");
INSERT INTO `wced_entry` VALUES (11429, "lira", "621", "<entry page=""621"" id=""11429""><form id=""lixra"" lang=""ceb"">líra</form>
<hom role=""n""><pos>n</pos>
<sense n=""0""><trans> lyre.
</trans>
</sense></hom></entry>");
INSERT INTO `wced_head` (entryid, head, normalized_head, type, pos) VALUES (11429, "líra", "lira", "m", "n");
INSERT INTO `wced_entry` VALUES (11430, "liraw", "621", "<entry page=""621"" id=""11430""><form id=""lixraw"" lang=""ceb"">líraw</form>
<hom role=""v""><pos>v</pos>
<sense n=""0""> <itype>[A2; c6P]</itype><trans> for the eyes to dart back and forth, roll. </trans>
<eg><i lang=""ceb"">Milíraw ang íyang mga mata sa kalamì,</i><trans> Her eyes rolled because it was so delicious. </trans></eg>
</sense></hom>
<entry><form id=""lirawliraw"" lang=""ceb"">lirawliraw</form>
<hom role=""v""><pos>v</pos>
<sense n=""0""> <itype>[B456]</itype><trans> </trans>
</sense>
<sense n=""1""><number>1</number><trans> for the eyes to roll continuously. </trans>
<eg><i lang=""ceb"">Naglirawliraw ang íyang mata mu rag dúnay gipangítà,</i><trans> His eyes moved back and forth as if he were looking for s.t. </trans></eg>
</sense>
<sense n=""2""><number>2</number><trans> for the thoughts to move rapidly from place to place.
</trans>
</sense></hom></entry></entry>");
INSERT INTO `wced_head` (entryid, head, normalized_head, type, pos) VALUES (11430, "líraw", "liraw", "m", "v");
INSERT INTO `wced_head` (entryid, head, normalized_head, type, pos) VALUES (11430, "lirawliraw", "lirawliraw", "s", "v");
INSERT INTO `wced_entry` VALUES (11431, "liri", "621", "<entry page=""621"" id=""11431""><form id=""liriq"" lang=""ceb"">lirì</form>
<hom role=""v""><pos>v</pos>
<sense n=""0""> <itype>[B4]</itype><trans> </trans>
</sense>
<sense n=""1""><number>1</number><trans> split, tear open from fullness. </trans>
<eg><i lang=""ceb"">Ayaw nag daska ang sáku kay naglirì na sa kapunù,</i><trans> Don’t fill the sack further because it’s so full it’s bursting. </trans></eg>
</sense>
<sense n=""2""><number>2</number><trans> get obese as if about to split. </trans>
<eg><i lang=""ceb"">Milirì siya sa katambuk humag panganak,</i><trans> She got terribly fat after she had her baby.
</trans></eg>
</sense></hom></entry>");
INSERT INTO `wced_head` (entryid, head, normalized_head, type, pos) VALUES (11431, "lirì", "liri", "m", "v");
INSERT INTO `wced_entry` VALUES (11432, "liru", "621", "<entry page=""621"" id=""11432""><form id=""liru"" lang=""ceb"">liru</form>
<hom>
<sense n=""0""><trans> <xr lang=""ceb"" target=""#rilu"">= <sc>rilu</sc>.</xr>
</trans>
</sense></hom></entry>");
INSERT INTO `wced_head` (entryid, head, normalized_head, type, pos) VALUES (11432, "liru", "liru", "m", "");
INSERT INTO `wced_entry` VALUES (11433, "liruliru", "621", "<entry page=""621"" id=""11433""><form id=""liruliru"" lang=""ceb"">liruliru</form>
<hom role=""v""><pos>v</pos>
<sense n=""0""> <itype>[A; c1]</itype><trans> for the eyes to roll. </trans>
<eg><i lang=""ceb"">Miliruliru (nagliruliru) lang ang íyang mga mata pagkutána nákù,</i><trans> He just rolled his eyes when I questioned him.
</trans></eg>
</sense></hom></entry>");
INSERT INTO `wced_head` (entryid, head, normalized_head, type, pos) VALUES (11433, "liruliru", "liruliru", "m", "v");
INSERT INTO `wced_entry` VALUES (11434, "lirung", "621", "<entry page=""621"" id=""11434""><form id=""lixrung"" lang=""ceb"">lírung</form>
<hom role=""a""><pos>a</pos>
<sense n=""0""><trans> circular, rounded. </trans>
<eg><i lang=""ceb"">Lírung ang pláka,</i><trans> A record is round. </trans></eg>
</sense></hom>
<hom role=""n""><pos>n</pos>
<sense n=""0""><trans> a shallow circular basket used for winnowing or as a container for vending fish or vegetables.
</trans>
</sense></hom></entry>");
INSERT INTO `wced_head` (entryid, head, normalized_head, type, pos) VALUES (11434, "lírung", "lirung", "m", "an");
INSERT INTO `wced_entry` VALUES (11435, "liryu", "621", "<entry page=""621"" id=""11435""><form id=""liryu"" lang=""ceb"">liryu</form>
<hom role=""n""><pos>n</pos>
<sense n=""0""><trans> name given to several k.o. ornamental bulbs, some of which also occur wild: <bio>Hymenocallis <corr sic=""littorale"">littoralis</corr>, <corr sic=""Zephyranthis"">Zephyranthes</corr> rosea</bio>, et al. In poetry, this flower symbolizes beauty.
</trans>
</sense></hom></entry>");
INSERT INTO `wced_head` (entryid, head, normalized_head, type, pos) VALUES (11435, "liryu", "liryu", "m", "n");
INSERT INTO `wced_entry` VALUES (11436, "lis1", "621", "<entry page=""621"" id=""11436""><form id=""lixs"" lang=""ceb"">lís<sub>1</sub></form>
<hom role=""n""><pos>n</pos>
<sense n=""0""><trans> lace. </trans>
</sense></hom>
<hom role=""v""><pos>v</pos>
<sense n=""0""> <itype>[A1]</itype><trans> wear lace. </trans>
<eg><i lang=""ceb"">Naglís siyag panti,</i><trans> She is wearing lace panties.
</trans></eg>
</sense></hom></entry>");
INSERT INTO `wced_head` (entryid, head, normalized_head, type, pos) VALUES (11436, "lís", "lis", "s", "nv");
INSERT INTO `wced_entry` VALUES (11437, "lis2", "621", "<entry page=""621"" id=""11437""><form id=""lixs2"" lang=""ceb"">lís<sub>2</sub></form>
<hom role=""n""><pos>n</pos>
<sense n=""0""><trans> k.o. </trans>
<eg><i lang=""ceb"">kalípay, 2.</i></eg>
</sense></hom></entry>");
INSERT INTO `wced_head` (entryid, head, normalized_head, type, pos) VALUES (11437, "lís", "lis", "s", "n");
INSERT INTO `wced_entry` VALUES (11438, "lisa", "621", "<entry page=""621"" id=""11438""><form id=""lisa"" lang=""ceb"">lisa</form>
<hom role=""v""><pos>v</pos>
<sense n=""0""> <itype>[a3]</itype><trans> sprain or dislocate a joint. </trans>
<eg><i lang=""ceb"">Nalisa ang íyang túhud pagkadagmà níya,</i><trans> His knee was dislocated when he fell down. </trans></eg>
</sense></hom>
<hom role=""n""><pos>n</pos>
<sense n=""0""><trans> sprain or dislocation.
</trans>
</sense></hom></entry>");
INSERT INTO `wced_head` (entryid, head, normalized_head, type, pos) VALUES (11438, "lisa", "lisa", "m", "vn");
INSERT INTO `wced_entry` VALUES (11439, "lisang", "621", "<entry page=""621"" id=""11439""><form id=""lixsang"" lang=""ceb"">lísang</form>
<hom role=""v""><pos>v</pos>
<sense n=""0""> <itype>[A; a12]</itype><trans> terrify, frighten severely. </trans>
<eg><i lang=""ceb"">Nalísang ku pagkalintúwad sa kutsi,</i><trans> I was terrified when the car somersaulted. </trans></eg>
<eg><i lang=""ceb"">Ayaw kug lisánga ánà kay dílì na tinúud sawa.</i><trans> You can’t scare me with that because that’s no real snake. </trans></eg>
</sense></hom>
<entry><form id=""lisang"" lang=""ceb""><abbr expan=""lisang"">(→)</abbr></form>
<hom role=""n""><pos>n</pos>
<sense n=""0""><trans> ailment, usually fever, that results from intense fright. </trans>
</sense></hom></entry>
<entry><form id=""kalixsang"" lang=""ceb""><abbr expan=""kalísang"">ka-</abbr></form>
<hom role=""n""><pos>n</pos>
<sense n=""0""><trans> terror. </trans>
</sense></hom></entry>
<entry><form id=""makalilixsang"" lang=""ceb""><abbr expan=""makalilísang"">maka-r-</abbr></form>
<hom role=""a""><pos>a</pos>
<sense n=""0""><trans> terrifying. </trans>
<eg><i lang=""ceb"">Makalilísang kaáyu tung bagyúha kay hasta ang mga awtu nakulub,</i><trans> That was a terrifying storm because it even turned cars over. 
</trans></eg>
</sense></hom></entry></entry>");
INSERT INTO `wced_head` (entryid, head, normalized_head, type, pos) VALUES (11439, "lísang", "lisang", "m", "v");
INSERT INTO `wced_head` (entryid, head, normalized_head, type, pos) VALUES (11439, "lisang", "lisang", "s", "n");
INSERT INTO `wced_head` (entryid, head, normalized_head, type, pos) VALUES (11439, "kalísang", "kalisang", "s", "n");
INSERT INTO `wced_head` (entryid, head, normalized_head, type, pos) VALUES (11439, "makalilísang", "makalilisang", "s", "a");
INSERT INTO `wced_entry` VALUES (11440, "lisay", "621", "<entry page=""621"" id=""11440""><form id=""lisay"" lang=""ceb"">lisay</form>
<hom role=""n""><pos>n</pos>
<sense n=""0""><trans> lymph node. </trans>
</sense></hom>
<hom role=""v""><pos>v</pos>
<sense n=""0""> <itype>[B; b4]</itype><trans> have swollen lymph nodes. </trans>
<eg><i lang=""ceb"">Naglisay (gilisayan) ang ákung íluk kay náay hubag ang ákung kamut,</i><trans> I have swollen lymph glands in the armpits because I have a swollen hand.
</trans></eg>
</sense></hom></entry>");
INSERT INTO `wced_head` (entryid, head, normalized_head, type, pos) VALUES (11440, "lisay", "lisay", "m", "nv");
INSERT INTO `wced_entry` VALUES (11441, "lisik", "621", "<entry page=""621"" id=""11441""><form id=""lisik"" lang=""ceb"">lisik</form>
<hom role=""v""><pos>v</pos>
<sense n=""0""> <itype>[A]</itype><trans> stick out from a hidden or partly hidden position. </trans>
<eg><i lang=""ceb"">Milisik ang íyang mata sa kalágut,</i><trans> His eyes bulged in anger. </trans></eg>
<eg><i lang=""ceb"">Ang itlug sa tigúwang naglisik,</i><trans> The old man’s testicles are hanging out in view. </trans></eg>
</sense></hom>
<hom role=""n""><pos>n</pos>
<sense n=""0""><trans> <tr>testicles</tr>. </trans>
</sense></hom>
<entry><form id=""putiq_ug_lisik"" lang=""ceb"">putì ug <abbr expan=""lisik"">—</abbr></form>
<hom>
<sense n=""0""><trans> <tr>cowardly</tr>.
</trans>
</sense></hom></entry></entry>");
INSERT INTO `wced_head` (entryid, head, normalized_head, type, pos) VALUES (11441, "lisik", "lisik", "m", "vn");
INSERT INTO `wced_head` (entryid, head, normalized_head, type, pos) VALUES (11441, "putì ug lisik", "puti ug lisik", "s", "");
INSERT INTO `wced_translation` (entryid, translation) VALUES (11441, "testicles");
INSERT INTO `wced_translation` (entryid, translation) VALUES (11441, "cowardly");
INSERT INTO `wced_entry` VALUES (11442, "lisinsiya", "621", "<entry page=""621"" id=""11442""><form id=""lisinsiya"" lang=""ceb"">lisinsiya</form>
<hom role=""n""><pos>n</pos>
<sense n=""1""><number>1</number><trans> <tr>license</tr>, a document evidencing permission to engage in s.t. </trans>
</sense>
<sense n=""2""><number>2</number><trans> <tr>permission</tr> to do s.t. </trans>
<eg><i lang=""ceb"">Ayaw ug uban námù kay wà kay lisinsiya ni Pápa,</i><trans> Don’t go with us because you don’t have Daddy’s permission. </trans></eg>
</sense></hom>
<hom role=""v""><pos>v</pos>
<sense n=""0""> <itype>[AN2; b6]</itype><trans> ask permission. </trans>
<eg><i lang=""ceb"">Walà ku lisinsiyáhi ug táwu nga magbayli áning baláya,</i><trans> Nobody asked me permission to hold a dance here in this house. </trans></eg>
</sense></hom>
<entry><form id=""panglisinsiya"" lang=""ceb""><abbr expan=""panglisinsiya"">paN-</abbr></form>
<hom role=""n""><pos>n</pos>
<sense n=""0""><trans> s.t. said or used to obtain permission. </trans>
</sense></hom></entry>
<entry><form id=""lisinsiyaxdu"" lang=""ceb""><abbr expan=""lisinsiyádu"">-du(←)</abbr></form>
<hom role=""n""><pos>n</pos>
<sense n=""0""><trans> having a license. </trans>
<eg><i lang=""ceb"">Ribulbir nga lisinsiyádu,</i><trans> Licensed revolver.
</trans></eg>
</sense></hom></entry></entry>");
INSERT INTO `wced_head` (entryid, head, normalized_head, type, pos) VALUES (11442, "lisinsiya", "lisinsiya", "m", "nv");
INSERT INTO `wced_head` (entryid, head, normalized_head, type, pos) VALUES (11442, "panglisinsiya", "panglisinsiya", "s", "n");
INSERT INTO `wced_head` (entryid, head, normalized_head, type, pos) VALUES (11442, "lisinsiyádu", "lisinsiyadu", "s", "n");
INSERT INTO `wced_translation` (entryid, translation) VALUES (11442, "license");
INSERT INTO `wced_translation` (entryid, translation) VALUES (11442, "permission");
INSERT INTO `wced_entry` VALUES (11443, "lisis", "621", "<entry page=""621"" id=""11443""><form id=""lixsis"" lang=""ceb"">lísis</form>
<hom role=""n""><pos>n</pos>
<sense n=""0""><trans> <tr>shoelace</tr>. </trans>
</sense></hom>
<hom role=""v""><pos>v</pos>
<sense n=""0""> <itype>[A; c]</itype><trans> tie the shoes. </trans>
</sense></hom>
<entry><form id=""panglixsis"" lang=""ceb""><abbr expan=""panglísis"">paN-</abbr></form>
<hom role=""v""><pos>v</pos>
<sense n=""0""> <itype>[A2]</itype><trans> tie one’s shoes.
</trans>
</sense></hom></entry></entry>");
INSERT INTO `wced_head` (entryid, head, normalized_head, type, pos) VALUES (11443, "lísis", "lisis", "m", "nv");
INSERT INTO `wced_head` (entryid, head, normalized_head, type, pos) VALUES (11443, "panglísis", "panglisis", "s", "v");
INSERT INTO `wced_translation` (entryid, translation) VALUES (11443, "shoelace");
INSERT INTO `wced_entry` VALUES (11444, "liskad", "621", "<entry page=""621"" id=""11444""><form id=""liskad"" lang=""ceb"">liskad</form>
<hom>
<sense n=""0""><trans> <xr lang=""ceb"" target=""#liskag"">= <sc>liskag</sc>.</xr>
</trans>
</sense></hom></entry>");
INSERT INTO `wced_head` (entryid, head, normalized_head, type, pos) VALUES (11444, "liskad", "liskad", "m", "");
INSERT INTO `wced_entry` VALUES (11445, "liskag", "621", "<entry page=""621"" id=""11445""><form id=""liskag"" lang=""ceb"">liskag</form>
<hom role=""v""><pos>v</pos>
<sense n=""1""><number>1</number> <itype>[B2; c1]</itype><trans> for s.t. that wraps s.t. to come open. </trans>
<eg><i lang=""ceb"">Miliskag ang dáhun sa ságing nga gipustan sa bulad,</i><trans> The banana leaves which the dried fish were wrapped in came undone. </trans></eg>
<eg><i lang=""ceb"">Nagkaliskag ang sáku kay labihang dasúka,</i><trans> The sack is coming apart because it was filled too full. </trans></eg>
<eg><i lang=""ceb"">Liskága (iliskag) ang baat,</i><trans> Untie the string. </trans></eg>
</sense>
<sense n=""1a""><number>1a</number><trans> for s.t. woven to get undone. </trans>
<eg><i lang=""ceb"">Naliskag ang banig kay wà masapay,</i><trans> The mat came undone because the edges weren’t closed up. </trans></eg>
</sense>
<sense n=""2""><number>2</number> <itype>[B2N]</itype><trans> <tr>spread out</tr>, <tr>stick out</tr>. </trans>
<eg><i lang=""ceb"">Maliskag ang balhíbu sa pábung duúlun,</i><trans> The turkey puffs up its feathers if you get near it. </trans></eg>
<eg><i lang=""ceb"">Naliskag ang íyang dunggan pagkadungug sa íyang ngā́n,</i><trans> Her ears perked up when she heard her name. </trans></eg>
</sense></hom>
<hom role=""a""><pos>a</pos>
<sense n=""0""><trans> <tr>spread out</tr>, <tr>undone</tr>. </trans>
<eg><i lang=""ceb"">Liskag ug tiil,</i><trans> Spreading feet.
</trans></eg>
</sense></hom></entry>");
INSERT INTO `wced_head` (entryid, head, normalized_head, type, pos) VALUES (11445, "liskag", "liskag", "m", "va");
INSERT INTO `wced_translation` (entryid, translation) VALUES (11445, "spread out");
INSERT INTO `wced_translation` (entryid, translation) VALUES (11445, "stick out");
INSERT INTO `wced_translation` (entryid, translation) VALUES (11445, "undone");
INSERT INTO `wced_entry` VALUES (11446, "liskug", "621", "<entry page=""621"" id=""11446""><form id=""liskug"" lang=""ceb"">liskug</form>
<hom role=""n""><pos>n</pos>
<sense n=""1""><number>1</number><trans> <tr>coil</tr> of rattan, wire, or anything stiff. </trans>
</sense>
<sense n=""2""><number>2</number><trans> stiff band attached to the rim of a basket, tray, and the like to strengthen the rim. </trans>
</sense></hom>
<hom role=""v""><pos>v</pos>
<sense n=""0""> <itype>[A; ab]</itype><trans> </trans>
</sense>
<sense n=""1""><number>1</number><trans> <tr>coil up</tr> s.t. stiff. </trans>
</sense>
<sense n=""2""><number>2</number><trans> make, attach a reinforcing band on the rim of a basket or tray. </trans>
</sense>
<sense n=""3""><number>3</number> <itype>[B]</itype><trans> for s.t. long to curl up at the ends. </trans>
<eg><i lang=""ceb"">Naliskug ang lipak kay nainitan,</i><trans> The bamboo slats curled up because they were exposed to the sun.
</trans></eg>
</sense></hom></entry>");
INSERT INTO `wced_head` (entryid, head, normalized_head, type, pos) VALUES (11446, "liskug", "liskug", "m", "nv");
INSERT INTO `wced_translation` (entryid, translation) VALUES (11446, "coil");
INSERT INTO `wced_translation` (entryid, translation) VALUES (11446, "coil up");
INSERT INTO `wced_entry` VALUES (11447, "liskuhag", "621", "<entry page=""621"" id=""11447""><form id=""liskuxhag"" lang=""ceb"">liskúhag</form>
<hom role=""v""><pos>v</pos>
<sense n=""1""><number>1</number> <itype>[B26]</itype><trans> <tr>move</tr>, be stirred from an inactive or suppressed state. </trans>
<eg><i lang=""ceb"">Miliskúhag ang mga lútì sa baskit nga wà kalugpíti,</i><trans> The bamboo strips on the rim of the basket came open because it wasn’t clipped. </trans></eg>
</sense>
<sense n=""2""><number>2</number> <itype>[A23]</itype><trans> for a feeling or emotion to spring forth in one’s inner self (literary). </trans>
<eg><i lang=""ceb"">Miliskúhag pagkalit sa ákung kasingkásing ang usa ka tawhánung pagbátì,</i><trans> Some sort of human emotion emerged within me.
</trans></eg>
</sense></hom></entry>");
INSERT INTO `wced_head` (entryid, head, normalized_head, type, pos) VALUES (11447, "liskúhag", "liskuhag", "m", "v");
INSERT INTO `wced_translation` (entryid, translation) VALUES (11447, "move");
INSERT INTO `wced_entry` VALUES (11448, "lisngag", "621", "<entry page=""621"" id=""11448""><form id=""lisngag"" lang=""ceb"">lisngag</form>
<hom role=""a""><pos>a</pos>
<sense n=""0""><trans> having nostrils larger than would be ordinary for a given size of nose. </trans>
</sense></hom>
<hom role=""v""><pos>v</pos>
<sense n=""0""> <itype>[B; c16]</itype><trans> for the nostrils to be unusually large. </trans>
<eg><i lang=""ceb"">Naglisngag lang nang ilung mu mu rag kabáyung <pb n=""622""/>nasukù,</i><trans> You have nostrils that are drawn up like the nose of an angry horse.
</trans></eg>
</sense></hom></entry>");
INSERT INTO `wced_head` (entryid, head, normalized_head, type, pos) VALUES (11448, "lisngag", "lisngag", "m", "av");
INSERT INTO `wced_entry` VALUES (11449, "lisngig", "622", "<entry page=""622"" id=""11449""><form id=""lisngig"" lang=""ceb"">lisngig</form>
<hom role=""v""><pos>v</pos>
<sense n=""1""><number>1</number> <itype>[A; b]</itype><trans> turn the face away in scorn, disgust, and the like. </trans>
<eg><i lang=""ceb"">Milisngig dáyun ang kasíra sa pagkakità sa sud-an,</i><trans> The boarder turned her face away in disgust when she saw the food. </trans></eg>
</sense>
<sense n=""2""><number>2</number> <itype>[B6; c1]</itype><trans> look, turn the face sideways, usually due to a defect. </trans>
<eg><i lang=""ceb"">Nalisngig ang íyang tinan-awan tungud sa íyang hubag sa líug,</i><trans> She has to keep looking sideways because of the big boil on her neck.
</trans></eg>
</sense></hom></entry>");
INSERT INTO `wced_head` (entryid, head, normalized_head, type, pos) VALUES (11449, "lisngig", "lisngig", "m", "v");
INSERT INTO `wced_entry` VALUES (11450, "lispu", "622", "<entry page=""622"" id=""11450""><form id=""lispu"" lang=""ceb"">lispu</form>
<hom>
<sense n=""0""><trans> <xr lang=""ceb"" target=""#pulis"">= <sc>pulis</sc></xr> (slang).
</trans>
</sense></hom></entry>");
INSERT INTO `wced_head` (entryid, head, normalized_head, type, pos) VALUES (11450, "lispu", "lispu", "m", "");
INSERT INTO `wced_entry` VALUES (11451, "lista1", "622", "<entry page=""622"" id=""11451""><form id=""lista"" lang=""ceb"">lista<sub>1</sub></form>
<hom role=""n""><pos>n</pos>
<sense n=""1""><number>1</number><trans> <tr>list</tr>. </trans>
<eg><i lang=""ceb"">Wà maapil ang ímung ngálan sa lista,</i><trans> Your name is not on the list. </trans></eg>
</sense>
<sense n=""2""><number>2</number><trans> list of debts. </trans>
</sense></hom>
<hom role=""v""><pos>v</pos>
<sense n=""1""><number>1</number> <itype>[A; c]</itype><trans> list, enumerate in writing, </trans>
<eg><i lang=""ceb"">Ilista ang palitúnun arun way makalimtan,</i><trans> List the things to buy so we don’t forget anything. </trans></eg>
</sense>
<sense n=""2""><number>2</number> <itype>[A; c1]</itype><trans> charge s.t. to one’s account in a store, add to one’s list of debts. </trans>
<eg><i lang=""ceb"">Hápit tanang pamilya sa sundáwu naglista sa kantína,</i><trans> Almost all the soldiers’ families charge all the goods they get from the canteen. </trans></eg>
<eg><i lang=""ceb"">Listahun (ilista) lang ni, ha?</i><trans> Just charge this, O.K.? </trans></eg>
</sense></hom>
<entry><form id=""palista"" lang=""ceb""><abbr expan=""palista"">pa-</abbr></form>
<hom role=""v""><pos>v</pos>
<sense n=""0""> <itype>[A; c6]</itype><trans> <tr>enroll</tr> s.o. or oneself in a course. </trans>
<eg><i lang=""ceb"">Dílì ku makapalista kay wà kuy kwarta,</i><trans> I cannot enroll because I don’t have any money. </trans></eg>
</sense></hom></entry>
<entry><form id=""listahan"" lang=""ceb"">listahan</form>
<hom>
<sense n=""0""><trans> <xr lang=""ceb"" target=""#lista"">= <sc>lista</sc>, <i lang=""ceb"">n1.</i></xr> </trans>
</sense></hom></entry>
<entry><form id=""panglista"" lang=""ceb""><abbr expan=""panglista"">paN-</abbr></form>
<hom role=""n""><pos>n</pos>
<sense n=""0""><trans> <tr>enrollment</tr>.
</trans>
</sense></hom></entry></entry>");
INSERT INTO `wced_head` (entryid, head, normalized_head, type, pos) VALUES (11451, "lista", "lista", "s", "nv");
INSERT INTO `wced_head` (entryid, head, normalized_head, type, pos) VALUES (11451, "palista", "palista", "s", "v");
INSERT INTO `wced_head` (entryid, head, normalized_head, type, pos) VALUES (11451, "listahan", "listahan", "s", "");
INSERT INTO `wced_head` (entryid, head, normalized_head, type, pos) VALUES (11451, "panglista", "panglista", "s", "n");
INSERT INTO `wced_translation` (entryid, translation) VALUES (11451, "list");
INSERT INTO `wced_translation` (entryid, translation) VALUES (11451, "enroll");
INSERT INTO `wced_translation` (entryid, translation) VALUES (11451, "enrollment");
INSERT INTO `wced_entry` VALUES (11452, "lista2", "622", "<entry page=""622"" id=""11452""><form id=""lista2"" lang=""ceb"">lista<sub>2</sub></form>
<hom>
<sense n=""0""><trans> <xr lang=""ceb"" target=""#alistu"">= <sc>alistu</sc></xr> (female).
</trans>
</sense></hom></entry>");
INSERT INTO `wced_head` (entryid, head, normalized_head, type, pos) VALUES (11452, "lista", "lista", "s", "");
INSERT INTO `wced_entry` VALUES (11453, "listu", "622", "<entry page=""622"" id=""11453""><form id=""listu"" lang=""ceb"">listu</form>
<hom>
<sense n=""0""><trans> <xr lang=""ceb"" target=""#alistu"">= <sc>alistu</sc>.</xr>
</trans>
</sense></hom></entry>");
INSERT INTO `wced_head` (entryid, head, normalized_head, type, pos) VALUES (11453, "listu", "listu", "m", "");
INSERT INTO `wced_entry` VALUES (11454, "listun1, listun", "622", "<entry page=""622"" id=""11454""><form id=""listun_listu4n"" lang=""ceb"">listun<sub>1</sub>, listǔn</form>
<hom role=""n""><pos>n</pos>
<sense n=""0""><trans> <tr>shoelace</tr>. </trans>
</sense></hom>
<hom role=""v""><pos>v</pos>
<sense n=""0""> <itype>[A; b6]</itype><trans> put, tie s.o.’s shoelaces. </trans>
</sense></hom>
<entry><form id=""panglistun"" lang=""ceb""><abbr expan=""panglistun"">paN-</abbr></form>
<hom role=""v""><pos>v</pos>
<sense n=""0""> <itype>[A2]</itype><trans> tie one’s own shoelaces. </trans>
<eg><i lang=""ceb"">Huwat úsà kay nanglistun pa ku,</i><trans> Just a second, I’m still tying my shoelaces.
</trans></eg>
</sense></hom></entry></entry>");
INSERT INTO `wced_head` (entryid, head, normalized_head, type, pos) VALUES (11454, "listun", "listun", "s", "nv");
INSERT INTO `wced_head` (entryid, head, normalized_head, type, pos) VALUES (11454, "listǔn", "listun", "s", "nv");
INSERT INTO `wced_head` (entryid, head, normalized_head, type, pos) VALUES (11454, "panglistun", "panglistun", "s", "v");
INSERT INTO `wced_translation` (entryid, translation) VALUES (11454, "shoelace");
INSERT INTO `wced_entry` VALUES (11455, "listun2", "622", "<entry page=""622"" id=""11455""><form id=""listun2"" lang=""ceb"">listun<sub>2</sub></form>
<hom role=""n""><pos>n</pos>
<sense n=""0""><trans> <tr>molding</tr>, a strip of wooden material for edging in a building or boat. </trans>
</sense></hom>
<hom role=""v""><pos>v</pos>
<sense n=""1""><number>1</number> <itype>[A; b]</itype><trans> put a molding s.w. </trans>
<eg><i lang=""ceb"">Ikaw bay mulistun sa mga daplin sa bungbung?</i><trans> Will you be the one to attach the molding at the edges of the walling? </trans></eg>
<eg><i lang=""ceb"">Íyang gilistúnan ang mga piktiyur prim,</i><trans> He attached the mouldings (around the sides) of the picture frame. </trans></eg>
</sense>
<sense n=""2""><number>2</number> <itype>[a12]</itype><trans> make into a wooden moulding. </trans>
<eg><i lang=""ceb"">Listúnun ku ning kahúya,</i><trans> I’ll make a moulding out of this piece of wood.
</trans></eg>
</sense></hom></entry>");
INSERT INTO `wced_head` (entryid, head, normalized_head, type, pos) VALUES (11455, "listun", "listun", "s", "nv");
INSERT INTO `wced_translation` (entryid, translation) VALUES (11455, "molding");
INSERT INTO `wced_entry` VALUES (11456, "lisu", "622", "<entry page=""622"" id=""11456""><form id=""lixsu"" lang=""ceb"">lísu</form>
<hom role=""n""><pos>n</pos>
<sense n=""0""><trans> <tr>seed</tr>. </trans>
</sense></hom>
<entry><form id=""makaagpas_sa_lixsu"" lang=""ceb"">makaagpas sa <abbr expan=""lísu"">—</abbr></form>
<hom>
<sense n=""0""><trans> get the implication of s.t. spoken by indirection. </trans>
<eg><i lang=""ceb"">Wà ku makaagpas sa lísu adtung íyang pasumbíngay,</i><trans> I did not get what he was driving at. </trans></eg>
</sense></hom></entry>
<entry><form id=""lisulisu_lisuhan"" lang=""ceb"">lisulisu, lisuhan</form>
<hom role=""a""><pos>a</pos>
<sense n=""0""><trans> for corn or rice to be half cooked, as if there were seeds in the center. </trans>
</sense></hom>
<hom role=""v""><pos>v</pos>
<sense n=""0""> <itype>[B126; b6]</itype><trans> for rice or corn to come out half-cooked. </trans>
</sense></hom></entry>
<entry><form id=""lisuxhan"" lang=""ceb"">lisúhan</form>
<hom role=""a""><pos>a</pos>
<sense n=""0""><trans> having seeds. </trans>
<eg><i lang=""ceb"">Kadaghánan sa mga prútas lisúhan,</i><trans> Most fruits have seeds.
</trans></eg>
</sense></hom></entry></entry>");
INSERT INTO `wced_head` (entryid, head, normalized_head, type, pos) VALUES (11456, "lísu", "lisu", "m", "n");
INSERT INTO `wced_head` (entryid, head, normalized_head, type, pos) VALUES (11456, "makaagpas sa lísu", "makaagpas sa lisu", "s", "");
INSERT INTO `wced_head` (entryid, head, normalized_head, type, pos) VALUES (11456, "lisulisu", "lisulisu", "s", "av");
INSERT INTO `wced_head` (entryid, head, normalized_head, type, pos) VALUES (11456, "lisuhan", "lisuhan", "s", "av");
INSERT INTO `wced_head` (entryid, head, normalized_head, type, pos) VALUES (11456, "lisúhan", "lisuhan", "s", "a");
INSERT INTO `wced_translation` (entryid, translation) VALUES (11456, "seed");
INSERT INTO `wced_entry` VALUES (11457, "lisu", "622", "<entry page=""622"" id=""11457""><form id=""lixsuq"" lang=""ceb"">lísù</form>
<hom role=""v""><pos>v</pos>
<sense n=""1""><number>1</number> <itype>[A; a12b2]</itype><trans> <tr>turn</tr>, cause s.t. to rotate on its axis. </trans>
<eg><i lang=""ceb"">Pugngi ang twirka samtang maglísù ku sa pirnu,</i><trans> Hold the nut in place while I turn the bolt. </trans></eg>
<eg><i lang=""ceb"">Lisúa ang ímung síya ug atúbang diri,</i><trans> Turn your chair around and face this way. </trans></eg>
</sense>
<sense n=""1a""><number>1a</number> <form id=""malixsuq_pay_buku_sa_kawaxyan"" lang=""ceb""><abbr expan=""malísù"">ma-</abbr> pay buku sa kawáyan</form><trans> impossible to change (lit. it would be easier to twist a bamboo node). </trans>
<eg><i lang=""ceb"">Malísù pay buku sa kawáyan kay sa ákung hukum,</i><trans> I’ll stick to my decision come hell or high water. </trans></eg>
</sense>
<sense n=""1b""><number>1b</number> <itype>[b4(1)]</itype><trans> <form id=""lixsuq_sa_buut_kwirdas_pangixsip_twirka_uxtuk"" lang=""ceb""><abbr expan=""lísù"">—</abbr> sa buut, kwirdas, pangísip, twirka, útuk</form> go off one’s rocker. </trans>
<eg><i lang=""ceb"">Ang pubring inahan nalisúan sa pangísip pagkamatay sa íyang mga bátà,</i><trans> The poor mother went crazy after her children died. </trans></eg>
</sense>
<sense n=""2""><number>2</number> <itype>[A2; c6]</itype><trans> twist one’s body as if on an axis. </trans>
<eg><i lang=""ceb"">Milísù siya ug mitan-aw nákù,</i><trans> He turned around and looked at me. </trans></eg>
<eg><i lang=""ceb"">Ilísù ímung láwas ngadtu arun makaagi ku,</i><trans> Turn your body that way so I can pass by. </trans></eg>
</sense>
<sense n=""2a""><number>2a</number> <itype>[A2]</itype><trans> turn one’s body over. </trans>
<eg><i lang=""ceb"">Ug pukáwun siya mulísù lang ug mubálik ug katúlug,</i><trans> If you wake him, he just turns over and goes back to sleep. </trans></eg>
</sense></hom>
<entry><form id=""lisuq"" lang=""ceb""><abbr expan=""lisù"">(→)</abbr></form>
<hom role=""n""><pos>n</pos>
<sense n=""0""><trans> turning pegs of musical instrument. </trans>
</sense></hom></entry>
<entry><form id=""lisuanan"" lang=""ceb""><abbr expan=""lisuanan"">-anan</abbr></form>
<hom role=""n""><pos>n</pos>
<sense n=""1""><number>1</number><trans> <xr lang=""ceb"" target=""#lixsuq"">= <sc>lísù</sc>.</xr> </trans>
</sense>
<sense n=""2""><number>2</number><trans> knob or switch one turns to turn s.t. on. </trans>
</sense></hom></entry>
<entry><form id=""lisuqlixsuq"" lang=""ceb"">lisùlísù</form>
<hom role=""v""><pos>v</pos>
<sense n=""0""> <itype>[A13]</itype><trans> </trans>
</sense>
<sense n=""1""><number>1</number><trans> <tr>turn around</tr>. </trans>
<eg><i lang=""ceb"">Naglisùlísù siya sa silya nga nangítà nákù,</i><trans> He was turning around in the chair looking for me. </trans></eg>
</sense>
<sense n=""2""><number>2</number><trans> <tr>toss</tr> and turn. </trans>
<eg><i lang=""ceb"">Naglisùlísù siya tibuuk gabíi ug walà makatulug,</i><trans> He was tossing all night and was not able to sleep. </trans></eg>
</sense></hom></entry>
<entry><form id=""lisuay"" lang=""ceb""><abbr expan=""lisuay"">-ay(→)</abbr></form>
<hom role=""v""><pos>v</pos>
<sense n=""0""> <itype>[B146]</itype><trans> be very busy. </trans>
<eg><i lang=""ceb"">Naglisuay (nagkalisuay) ku íning trabáhu kay wà kuy katábang,</i><trans> I’m up to my neck with work because I don’t have anybody to help me.
</trans></eg>
</sense></hom></entry></entry>");
INSERT INTO `wced_head` (entryid, head, normalized_head, type, pos) VALUES (11457, "lísù", "lisu", "m", "v");
INSERT INTO `wced_head` (entryid, head, normalized_head, type, pos) VALUES (11457, "malísù pay buku sa kawáyan", "malisu pay buku sa kawayan", "s", "");
INSERT INTO `wced_head` (entryid, head, normalized_head, type, pos) VALUES (11457, "lísù sa buut", "lisu sa buut", "s", "");
INSERT INTO `wced_head` (entryid, head, normalized_head, type, pos) VALUES (11457, "kwirdas", "kwirdas", "s", "");
INSERT INTO `wced_head` (entryid, head, normalized_head, type, pos) VALUES (11457, "pangísip", "pangisip", "s", "");
INSERT INTO `wced_head` (entryid, head, normalized_head, type, pos) VALUES (11457, "twirka", "twirka", "s", "");
INSERT INTO `wced_head` (entryid, head, normalized_head, type, pos) VALUES (11457, "útuk", "utuk", "s", "");
INSERT INTO `wced_head` (entryid, head, normalized_head, type, pos) VALUES (11457, "lisù", "lisu", "s", "n");
INSERT INTO `wced_head` (entryid, head, normalized_head, type, pos) VALUES (11457, "lisuanan", "lisuanan", "s", "n");
INSERT INTO `wced_head` (entryid, head, normalized_head, type, pos) VALUES (11457, "lisùlísù", "lisulisu", "s", "v");
INSERT INTO `wced_head` (entryid, head, normalized_head, type, pos) VALUES (11457, "lisuay", "lisuay", "s", "v");
INSERT INTO `wced_translation` (entryid, translation) VALUES (11457, "turn");
INSERT INTO `wced_translation` (entryid, translation) VALUES (11457, "turn around");
INSERT INTO `wced_translation` (entryid, translation) VALUES (11457, "toss");
INSERT INTO `wced_entry` VALUES (11458, "lisud", "622", "<entry page=""622"" id=""11458""><form id=""lisud"" lang=""ceb"">lisud</form>
<hom role=""a""><pos>a</pos>
<sense n=""1""><number>1</number><trans> <tr>difficult</tr>. </trans>
<eg><i lang=""ceb"">Lisud kaáyu ning liksiyúna,</i><trans> This lesson is very difficult. </trans></eg>
</sense>
<sense n=""2""><number>2</number><trans> in short supply, requiring effort. </trans>
<eg><i lang=""ceb"">Lisud ang túbig sa ámù,</i><trans> Water is hard to come by at our place. </trans></eg>
<eg><i lang=""ceb"">Lisud ang dálan sa Tulídu,</i><trans> The road in Toledo is difficult. </trans></eg>
</sense>
<sense n=""3""><number>3</number><trans> for a situation to be hard to save or remedy<corr sic="","">.</corr> </trans>
<eg><i lang=""ceb"">Lisud na ang kahimtang sa masakitun<corr sic=""."">,</corr></i><trans> The patient is in critical condition. </trans></eg>
</sense></hom>
<hom role=""v""><pos>v</pos>
<sense n=""1""><number>1</number> <itype>[B2; a2]</itype><trans> be, become <tr>difficult</tr>. </trans>
<eg><i lang=""ceb"">Dílì nákù lisdun ang mga pangutána,</i><trans> I won’t make the questions difficult. </trans></eg>
</sense>
<sense n=""2""><number>2</number> <itype>[B145; b6]</itype><trans> have, encounter difficulty in doing s.t. </trans>
<eg><i lang=""ceb"">Naglisud ku ug paandar sa makina,</i><trans> I am having difficulty starting the engine. </trans></eg>
<eg><i lang=""ceb"">Wà ka ba lisuri (lisdi) sa pag-ílis ug ligid?</i><trans> Did you have difficulty in changing the tire? </trans></eg>
</sense>
<sense n=""2a""><number>2a</number> <itype>[a12]</itype><trans> put s.o. to great inconvenience. </trans>
<eg><i lang=""ceb"">Ug ímu kung lisdun, muundang ku sa trabáhu,</i><trans> If you make things hard for me, I will quit this job. </trans></eg>
</sense>
<sense n=""3""><number>3</number> <itype>[A13]</itype><trans> be in bad shape financially or in health. </trans>
<eg><i lang=""ceb"">Naglisud si Lúlu mu,</i><trans> Your grandfather is gravely ill. </trans></eg>
<eg><i lang=""ceb"">Naglisud mi run kay wà kuy trabáhu,</i><trans> We’re hard up because I have no work. </trans></eg>
</sense></hom>
<hom role=""n""><pos>n</pos>
<sense n=""0""><trans> thing that constitutes the hardship or difficulty. </trans>
<eg><i lang=""ceb"">Ang lisud mau nga dílì siya muadmitir nga utángan siya nímu,</i><trans> <pb n=""623""/>The difficult thing is that he won’t admit that he is indebted to you. </trans></eg>
</sense></hom>
<entry><form id=""lixsud_kalixsud"" lang=""ceb""><abbr expan=""lísud"">(←)</abbr>, <abbr expan=""kalísud"">ka-(←)</abbr></form>
<hom role=""v""><pos>v</pos>
<sense n=""0""> <itype>[A13]</itype><trans> have a hard time doing s.t. </trans>
<eg><i lang=""ceb"">Naglísud (nagkalísud) kug báyad,</i><trans> I’m having a hard time paying. </trans></eg>
</sense></hom></entry>
<entry><form id=""ug_makalixsud"" lang=""ceb"">ug <abbr expan=""makalísud"">magka-(←)</abbr></form>
<hom>
<sense n=""0""><trans> if need be, if things get bad enough. </trans>
<eg><i lang=""ceb"">Ug magkalísud mubáyad na lang ku arun maariglu ang kásu,</i><trans> If there is no other way, I’ll just pay up so as to get rid of the case. </trans></eg>
</sense></hom></entry>
<entry><form id=""lisudlisud"" lang=""ceb"">lisudlisud</form>
<hom role=""v""><pos>v</pos>
<sense n=""0""> <itype>[A13; a12]</itype><trans> </trans>
</sense>
<sense n=""1""><number>1</number><trans> do s.t. the hard way. </trans>
<eg><i lang=""ceb"">Lisudlisurun man nímu ug limbas. Gabsa!</i><trans> You are doing it the hard way with a file. Use a saw! </trans></eg>
</sense>
<sense n=""2""><number>2</number><trans> impose unnecessary work or difficulty on s.o. </trans>
<eg><i lang=""ceb"">Naglisudlisud ka lang nákù pagpatubig sa tanum nga muulan man run,</i><trans> You are making me water the plants for nothing when it is going to rain. </trans></eg>
</sense></hom></entry>
<entry><form id=""kalisudlisud"" lang=""ceb"">kalisudlisud</form>
<hom role=""v""><pos>v</pos>
<sense n=""0""> <itype>[A13]</itype><trans> be hard up financially. </trans>
<eg><i lang=""ceb"">Nagkalisudlisud sila kay walay trabáhu ang amahan,</i><trans> They are hard up because the father has no work. </trans></eg>
</sense></hom></entry>
<entry><form id=""kalisud"" lang=""ceb""><abbr expan=""kalisud"">ka-</abbr></form>
<hom role=""n""><pos>n</pos>
<sense n=""0""><trans> hardship. </trans>
<eg><i lang=""ceb"">Ang kalisud nga ímung masagubang,</i><trans> The hardships you will encounter. </trans></eg>
</sense></hom></entry>
<entry><form id=""kalisdaxnan"" lang=""ceb"">kalisdánan</form>
<hom role=""n""><pos>n</pos>
<sense n=""0""><trans> <tr>hardships</tr>.
</trans>
</sense></hom></entry></entry>");
INSERT INTO `wced_head` (entryid, head, normalized_head, type, pos) VALUES (11458, "lisud", "lisud", "m", "avn");
INSERT INTO `wced_head` (entryid, head, normalized_head, type, pos) VALUES (11458, "lísud", "lisud", "s", "v");
INSERT INTO `wced_head` (entryid, head, normalized_head, type, pos) VALUES (11458, "kalísud", "kalisud", "s", "v");
INSERT INTO `wced_head` (entryid, head, normalized_head, type, pos) VALUES (11458, "ug makalísud", "ug makalisud", "s", "");
INSERT INTO `wced_head` (entryid, head, normalized_head, type, pos) VALUES (11458, "lisudlisud", "lisudlisud", "s", "v");
INSERT INTO `wced_head` (entryid, head, normalized_head, type, pos) VALUES (11458, "kalisudlisud", "kalisudlisud", "s", "v");
INSERT INTO `wced_head` (entryid, head, normalized_head, type, pos) VALUES (11458, "kalisud", "kalisud", "s", "n");
INSERT INTO `wced_head` (entryid, head, normalized_head, type, pos) VALUES (11458, "kalisdánan", "kalisdanan", "s", "n");
INSERT INTO `wced_translation` (entryid, translation) VALUES (11458, "difficult");
INSERT INTO `wced_translation` (entryid, translation) VALUES (11458, "hardships");
INSERT INTO `wced_entry` VALUES (11459, "lisuglisug", "623", "<entry page=""623"" id=""11459""><form id=""lisuglisug"" lang=""ceb"">lisuglisug</form>
<hom role=""v""><pos>v</pos>
<sense n=""0""> <itype>[B46; b4]</itype><trans> for the body to have cysts or cyst-like protrusions. </trans>
<eg><i lang=""ceb"">Mulisuglisug ang ákung íluk ug pamlúgan ku,</i><trans> I get swollen glands in my armpit whenever I get a lymphatic infection.
</trans></eg>
</sense></hom></entry>");
INSERT INTO `wced_head` (entryid, head, normalized_head, type, pos) VALUES (11459, "lisuglisug", "lisuglisug", "m", "v");
INSERT INTO `wced_entry` VALUES (11460, "lisun1", "623", "<entry page=""623"" id=""11460""><form id=""lixsun"" lang=""ceb"">lísun<sub>1</sub></form>
<hom role=""a""><pos>a</pos>
<sense n=""0""><trans> <tr>filled out</tr>, <tr>well-built</tr> in body. </trans>
<eg><i lang=""ceb"">Ang himsug nga bátà lísun kaáyug láwas,</i><trans> The healthy child has a well-filled-out body. </trans></eg>
<eg><i lang=""ceb"">Ságad sa mga trabahadur lísun kaáyug láwas,</i><trans> Most workers have good bodies. </trans></eg>
</sense></hom>
<hom role=""v""><pos>v</pos>
<sense n=""0""> <itype>[B2; b6]</itype><trans> for a body to be well-built, rounded. </trans>
</sense></hom>
<entry><form id=""kalixsun"" lang=""ceb""><abbr expan=""kalísun"">ka-</abbr></form>
<hom role=""n""><pos>n</pos>
<sense n=""0""><trans> state of being well-built.
</trans>
</sense></hom></entry></entry>");
INSERT INTO `wced_head` (entryid, head, normalized_head, type, pos) VALUES (11460, "lísun", "lisun", "s", "av");
INSERT INTO `wced_head` (entryid, head, normalized_head, type, pos) VALUES (11460, "kalísun", "kalisun", "s", "n");
INSERT INTO `wced_translation` (entryid, translation) VALUES (11460, "filled out");
INSERT INTO `wced_translation` (entryid, translation) VALUES (11460, "well-built");
INSERT INTO `wced_entry` VALUES (11461, "lisun2", "623", "<entry page=""623"" id=""11461""><form id=""lixsun2"" lang=""ceb"">lísun<sub>2</sub></form>
<hom role=""n""><pos>n</pos>
<sense n=""0""><trans> name given to various fleshy carangoid fish.
</trans>
</sense></hom></entry>");
INSERT INTO `wced_head` (entryid, head, normalized_head, type, pos) VALUES (11461, "lísun", "lisun", "s", "n");
INSERT INTO `wced_entry` VALUES (11462, "lisun plan", "623", "<entry page=""623"" id=""11462""><form id=""lisun_plan"" lang=""ceb"">lisun plan</form>
<hom role=""n""><pos>n</pos>
<sense n=""0""><trans> <tr>lesson plan</tr> for schools. </trans>
</sense></hom>
<hom role=""v""><pos>v</pos>
<sense n=""0""> <itype>[A; b]</itype><trans> make a lesson plan.
</trans>
</sense></hom></entry>");
INSERT INTO `wced_head` (entryid, head, normalized_head, type, pos) VALUES (11462, "lisun plan", "lisun plan", "m", "nv");
INSERT INTO `wced_translation` (entryid, translation) VALUES (11462, "lesson plan");
INSERT INTO `wced_entry` VALUES (11463, "liswi", "623", "<entry page=""623"" id=""11463""><form id=""liswi"" lang=""ceb"">liswi</form>
<hom role=""n""><pos>n</pos>
<sense n=""1""><number>1</number><trans> <xr lang=""ceb"" target=""#habasan"">= <sc>habasan</sc>.</xr> </trans>
</sense>
<sense n=""2""><number>2</number><trans> blood-mouthed conch.
</trans>
</sense></hom></entry>");
INSERT INTO `wced_head` (entryid, head, normalized_head, type, pos) VALUES (11463, "liswi", "liswi", "m", "n");
INSERT INTO `wced_entry` VALUES (11464, "lisyinsiya", "623", "<entry page=""623"" id=""11464""><form id=""lisyinsiya"" lang=""ceb"">lisyinsiya</form>
<hom>
<sense n=""0""><trans> <xr lang=""ceb"" target=""#lisinsiya"">= <sc>lisinsiya</sc>.</xr>
</trans>
</sense></hom></entry>");
INSERT INTO `wced_head` (entryid, head, normalized_head, type, pos) VALUES (11464, "lisyinsiya", "lisyinsiya", "m", "");
INSERT INTO `wced_entry` VALUES (11465, "lit", "623", "<entry page=""623"" id=""11465""><form id=""lixt"" lang=""ceb"">lít</form>
<hom role=""a""><pos>a</pos>
<sense n=""0""><trans> <tr>late</tr>, not on time. </trans>
<eg><i lang=""ceb"">Diin gud ka! Lít kaáyu ka,</i><trans> Where have you been? You are very late. </trans></eg>
</sense></hom>
<hom role=""v""><pos>v</pos>
<sense n=""0""> <itype>[B126]</itype><trans> be <tr>late</tr>. </trans>
<eg><i lang=""ceb"">Ug malít ka sa klási, ay na lang ug sulud,</i><trans> If you are late for class, don’t attend.
</trans></eg>
</sense></hom></entry>");
INSERT INTO `wced_head` (entryid, head, normalized_head, type, pos) VALUES (11465, "lít", "lit", "m", "av");
INSERT INTO `wced_translation` (entryid, translation) VALUES (11465, "late");
INSERT INTO `wced_entry` VALUES (11466, "lit-ad", "623", "<entry page=""623"" id=""11466""><form id=""lit-ad"" lang=""ceb"">lit-ad</form>
<hom role=""a""><pos>a</pos>
<sense n=""0""><trans> bent or twisted from warping, <tr>warped</tr>. </trans>
<eg><i lang=""ceb"">Lit-ad kaáyu ning tabláha kay dúgay nga nabulad sa ínit,</i><trans> This piece of wood is all warped because it was left under the sun. </trans></eg>
</sense></hom>
<hom role=""v""><pos>v</pos>
<sense n=""1""><number>1</number> <itype>[A2]</itype><trans> get warped. </trans>
</sense>
<sense n=""2""><number>2</number> <itype>[A]</itype><trans> bend the body backwards or writhe. </trans>
<eg><i lang=""ceb"">Ayúhag kúgus ang bátà kay mukalit ug lit-ad,</i><trans> Hold the child firmly because he’ll just suddenly throw himself backward. </trans></eg>
</sense></hom>
<entry><form id=""lit-adlit-ad"" lang=""ceb"">lit-adlit-ad</form>
<hom role=""v""><pos>v</pos>
<sense n=""0""> <itype>[A]</itype><trans> <tr>writhe</tr>, <tr>wriggle</tr>. </trans>
<eg><i lang=""ceb"">Naglit-adlit-ad siya sa kalamì,</i><trans> She writhed in ecstasy.
</trans></eg>
</sense></hom></entry></entry>");
INSERT INTO `wced_head` (entryid, head, normalized_head, type, pos) VALUES (11466, "lit-ad", "lit-ad", "m", "av");
INSERT INTO `wced_head` (entryid, head, normalized_head, type, pos) VALUES (11466, "lit-adlit-ad", "lit-adlit-ad", "s", "v");
INSERT INTO `wced_translation` (entryid, translation) VALUES (11466, "warped");
INSERT INTO `wced_translation` (entryid, translation) VALUES (11466, "writhe");
INSERT INTO `wced_translation` (entryid, translation) VALUES (11466, "wriggle");
INSERT INTO `wced_entry` VALUES (11467, "lit-ag", "623", "<entry page=""623"" id=""11467""><form id=""lit-ag"" lang=""ceb"">lit-ag</form>
<hom role=""n""><pos>n</pos>
<sense n=""0""><trans> k.o. <tr>snare</tr> with a running noose, actuated by a spring pole which is released when the quarry steps on the cross piece that holds it down. </trans>
</sense></hom>
<entry><form id=""lit-ag_nga_mubutu"" lang=""ceb""><abbr expan=""lit-ag"">—</abbr> nga mubutu</form>
<hom>
<sense n=""0""><trans> <tr>booby trap</tr>. </trans>
</sense></hom>
<hom role=""v""><pos>v</pos>
<sense n=""1""><number>1</number> <itype>[AN; a12]</itype><trans> catch with this sort of snare. </trans>
<eg><i lang=""ceb"">Manglit-ag mi sa lasang ug ihálas manuk,</i><trans> We will snare wild chickens in the forest. </trans></eg>
</sense>
<sense n=""2""><number>2</number> <itype>[A13; a12]</itype><trans> make into a snare.
</trans>
</sense></hom></entry></entry>");
INSERT INTO `wced_head` (entryid, head, normalized_head, type, pos) VALUES (11467, "lit-ag", "lit-ag", "m", "n");
INSERT INTO `wced_head` (entryid, head, normalized_head, type, pos) VALUES (11467, "lit-ag nga mubutu", "lit-ag nga mubutu", "s", "v");
INSERT INTO `wced_translation` (entryid, translation) VALUES (11467, "snare");
INSERT INTO `wced_translation` (entryid, translation) VALUES (11467, "booby trap");
INSERT INTO `wced_entry` VALUES (11468, "litaniya", "623", "<entry page=""623"" id=""11468""><form id=""litanixya"" lang=""ceb"">litaníya</form>
<hom role=""n""><pos>n</pos>
<sense n=""1""><number>1</number><trans> <tr>litany</tr>. </trans>
</sense>
<sense n=""2""><number>2</number><trans> <tr>enumeration</tr> of things in a series. </trans>
<eg><i lang=""ceb"">Túa na, gibungat ang litaníya sa ímung mga sayup,</i><trans> There he goes, reciting the litany of all your faults. </trans></eg>
</sense></hom>
<hom role=""v""><pos>v</pos>
<sense n=""1""><number>1</number> <itype>[A13]</itype><trans> say the <tr>litany</tr>. </trans>
</sense>
<sense n=""2""><number>2</number> <itype>[A13; a]</itype><trans> say s.t. in an enumeration. </trans>
<eg><i lang=""ceb"">Wà ku katíngug dihang gilitanyáhan ku níya sa ákung mga salà,</i><trans> I could not say a word when he enumerated my faults to me.
</trans></eg>
</sense></hom></entry>");
INSERT INTO `wced_head` (entryid, head, normalized_head, type, pos) VALUES (11468, "litaníya", "litaniya", "m", "nv");
INSERT INTO `wced_translation` (entryid, translation) VALUES (11468, "litany");
INSERT INTO `wced_translation` (entryid, translation) VALUES (11468, "enumeration");
INSERT INTO `wced_entry` VALUES (11469, "liti", "623", "<entry page=""623"" id=""11469""><form id=""litiq"" lang=""ceb"">litì</form>
<hom role=""n""><pos>n</pos>
<sense n=""0""><trans> <tr>thunderbolt</tr>. </trans>
<eg><i lang=""ceb"">Usa ka makabungul nga litì milánug sa kagabhíun,</i><trans> A deafening thunderbolt echoed in the night. </trans></eg>
</sense></hom>
<hom role=""v""><pos>v</pos>
<sense n=""0""> <itype>[A2]</itype><trans> for a thunderbolt to crash. </trans>
</sense></hom>
<entry><form id=""litiq_sa_udtung_tuxtuk"" lang=""ceb""><abbr expan=""litì"">—</abbr> sa udtung tútuk</form>
<hom>
<sense n=""0""><trans> sudden and unexpected happening (like a bolt of lightning at high noon, a rare occurrence). </trans>
<eg><i lang=""ceb"">Ang pagbali sa sinalígan sa partídu ngadtu sa píkas mauy usa ka litì sa udtung tútuk,</i><trans> The party leader’s defection to the other side was a most unexpected move.
</trans></eg>
</sense></hom></entry></entry>");
INSERT INTO `wced_head` (entryid, head, normalized_head, type, pos) VALUES (11469, "litì", "liti", "m", "nv");
INSERT INTO `wced_head` (entryid, head, normalized_head, type, pos) VALUES (11469, "litì sa udtung tútuk", "liti sa udtung tutuk", "s", "");
INSERT INTO `wced_translation` (entryid, translation) VALUES (11469, "thunderbolt");
INSERT INTO `wced_entry` VALUES (11470, "litik", "623", "<entry page=""623"" id=""11470""><form id=""litik"" lang=""ceb"">litik</form>
<hom role=""v""><pos>v</pos>
<sense n=""1""><number>1</number> <itype>[AN; c1]</itype><trans> <tr>snap</tr> one’s finger. </trans>
<eg><i lang=""ceb"">Nagpanglitik siya sa íyang tudlù sa higayun nga nalipatan,</i><trans> He snapped his fingers in annoyance that he missed the opportunity. </trans></eg>
<eg><i lang=""ceb"">Litki (litiki) ang irù arun mudúul,</i><trans> Snap your fingers at the dog so it will come near. </trans></eg>
</sense>
<sense n=""2""><number>2</number> <itype>[A; b]</itype><trans> <tr>flick</tr> s.t. with the fingers. </trans>
<eg><i lang=""ceb"">Litkan (liktan) ku nang dunggan mu ug dì ka mamínaw,</i><trans> I’ll flick your ears if you don’t listen. </trans></eg>
</sense></hom>
<entry><form id=""lixtik"" lang=""ceb""><abbr expan=""lítik"">(←)</abbr></form>
<hom>
<sense n=""0""><trans> <xr lang=""ceb"" target=""#litiklitik"">= <sc>litiklitik</sc>, <i lang=""ceb"">n2,</i> <i lang=""ceb"">v</i>.</xr> </trans>
</sense></hom></entry>
<entry><form id=""litiklixtik_litikay_litikaxnay_litkanay_liktanay"" lang=""ceb"">litiklítik, litikay, litikánay, litkanay, liktanay</form>
<hom role=""n""><pos>n</pos>
<sense n=""1""><number>1</number><trans> a game of flicking each other’s knuckles to see who will surrender in pain. </trans>
</sense>
<sense n=""2""><number>2</number><trans> game of detaching or scattering a bunch of knotted rubber bands by flicking with the thumb and middle finger. </trans>
</sense></hom>
<hom role=""v""><pos>v</pos>
<sense n=""0""> <itype>[C]</itype><trans> play a finger-flicking game or game scattering rubber bands.
</trans>
</sense></hom></entry></entry>");
INSERT INTO `wced_head` (entryid, head, normalized_head, type, pos) VALUES (11470, "litik", "litik", "m", "v");
INSERT INTO `wced_head` (entryid, head, normalized_head, type, pos) VALUES (11470, "lítik", "litik", "s", "");
INSERT INTO `wced_head` (entryid, head, normalized_head, type, pos) VALUES (11470, "litiklítik", "litiklitik", "s", "nv");
INSERT INTO `wced_head` (entryid, head, normalized_head, type, pos) VALUES (11470, "litikay", "litikay", "s", "nv");
INSERT INTO `wced_head` (entryid, head, normalized_head, type, pos) VALUES (11470, "litikánay", "litikanay", "s", "nv");
INSERT INTO `wced_head` (entryid, head, normalized_head, type, pos) VALUES (11470, "litkanay", "litkanay", "s", "nv");
INSERT INTO `wced_head` (entryid, head, normalized_head, type, pos) VALUES (11470, "liktanay", "liktanay", "s", "nv");
INSERT INTO `wced_translation` (entryid, translation) VALUES (11470, "snap");
INSERT INTO `wced_translation` (entryid, translation) VALUES (11470, "flick");
INSERT INTO `wced_entry` VALUES (11471, "litiliti", "623", "<entry page=""623"" id=""11471""><form id=""litiliti"" lang=""ceb"">litiliti</form>
<hom role=""a""><pos>a</pos>
<sense n=""0""><trans> for s.t. in a container to be used up, very close to the bottom. </trans>
<eg><i lang=""ceb"">Litiliti na kaáyu ang túbig sa bangà,</i><trans> The water in the jar is falling pretty close to the bottom. </trans></eg>
</sense></hom>
<hom role=""v""><pos>v</pos>
<sense n=""0""> <itype>[B36]</itype><trans> </trans>
</sense>
<sense n=""1""><number>1</number><trans> for s.t. to be used up, usually to the bottom of the container. </trans>
<eg><i lang=""ceb"">Nagkalitiliti ang átung bugas,</i><trans> Our rice is getting close to the bottom of the bin. </trans></eg>
</sense>
<sense n=""2""><number>2</number><trans> be reduced to a very small amount. </trans>
<eg><i lang=""ceb"">Naglitiliti ang nanan-aw sa prugráma kay taligsik,</i><trans> Only a small sparse crowd saw the program because it was drizzling.
</trans></eg>
</sense></hom></entry>");
INSERT INTO `wced_head` (entryid, head, normalized_head, type, pos) VALUES (11471, "litiliti", "litiliti", "m", "av");
INSERT INTO `wced_entry` VALUES (11472, "litira", "623", "<entry page=""623"" id=""11472""><form id=""litixra"" lang=""ceb"">litíra</form>
<hom>
<sense n=""0""><trans> <xr lang=""ceb"" target=""#ritixra"">= <sc>ritíra</sc>.</xr>
</trans>
</sense></hom></entry>");
INSERT INTO `wced_head` (entryid, head, normalized_head, type, pos) VALUES (11472, "litíra", "litira", "m", "");
INSERT INTO `wced_entry` VALUES (11473, "litiral", "623", "<entry page=""623"" id=""11473""><form id=""litiral"" lang=""ceb"">litiral</form>
<hom role=""a""><pos>a</pos>
<sense n=""0""><trans> <tr>literal</tr>. </trans>
<eg><i lang=""ceb"">Litiral nga intirpritasiyun sa Biblíya,</i><trans> A literal interpretation of the Bible. <pb n=""624""/></trans></eg>
</sense></hom>
<hom role=""v""><pos>v</pos>
<sense n=""0""> <itype>[a12]</itype><trans> do s.t. literally.
</trans>
</sense></hom></entry>");
INSERT INTO `wced_head` (entryid, head, normalized_head, type, pos) VALUES (11473, "litiral", "litiral", "m", "av");
INSERT INTO `wced_translation` (entryid, translation) VALUES (11473, "literal");
INSERT INTO `wced_entry` VALUES (11474, "litiratura", "624", "<entry page=""624"" id=""11474""><form id=""litiratuxra"" lang=""ceb"">litiratúra</form>
<hom role=""n""><pos>n</pos>
<sense n=""1""><number>1</number><trans> literature. </trans>
</sense>
<sense n=""2""><number>2</number><trans> literature carrying advertising or information.
</trans>
</sense></hom></entry>");
INSERT INTO `wced_head` (entryid, head, normalized_head, type, pos) VALUES (11474, "litiratúra", "litiratura", "m", "n");
INSERT INTO `wced_entry` VALUES (11475, "litis", "624", "<entry page=""624"" id=""11475""><form id=""lixtis"" lang=""ceb"">lítis</form>
<hom>
<sense n=""0""><trans> <xr lang=""ceb"" target=""#litsuxgas"">= <sc>litsúgas</sc>, <ix>1.</ix></xr>
</trans>
</sense></hom></entry>");
INSERT INTO `wced_head` (entryid, head, normalized_head, type, pos) VALUES (11475, "lítis", "litis", "m", "");
INSERT INTO `wced_entry` VALUES (11476, "litra", "624", "<entry page=""624"" id=""11476""><form id=""litra"" lang=""ceb"">litra</form>
<hom role=""n""><pos>n</pos>
<sense n=""0""><trans> letter of the alphabet. </trans>
</sense></hom>
<hom role=""v""><pos>v</pos>
<sense n=""0""> <itype>[A; b6]</itype><trans> mark with a letter. </trans>
<eg><i lang=""ceb"">Litráhan ku ning ákung mga punda,</i><trans> I will mark my pillowcases with my initials.
</trans></eg>
</sense></hom></entry>");
INSERT INTO `wced_head` (entryid, head, normalized_head, type, pos) VALUES (11476, "litra", "litra", "m", "nv");
INSERT INTO `wced_entry` VALUES (11477, "litratu", "624", "<entry page=""624"" id=""11477""><form id=""litraxtu"" lang=""ceb"">litrátu</form>
<hom>
<sense n=""0""><trans> <xr lang=""ceb"" target=""#ritraxtu"">= <sc>ritrátu</sc>.</xr> </trans>
</sense></hom>
<entry><form id=""litratista"" lang=""ceb"">litratista</form>
<hom>
<sense n=""0""><trans> <xr lang=""ceb"" target=""#ritratista"">= <sc>ritratista</sc>.</xr> <ix>see</ix> <xr lang=""ceb"" target=""#ritraxtu""><sc>ritrátu</sc>.</xr>
</trans>
</sense></hom></entry></entry>");
INSERT INTO `wced_head` (entryid, head, normalized_head, type, pos) VALUES (11477, "litrátu", "litratu", "m", "");
INSERT INTO `wced_head` (entryid, head, normalized_head, type, pos) VALUES (11477, "litratista", "litratista", "s", "");
INSERT INTO `wced_entry` VALUES (11478, "litru", "624", "<entry page=""624"" id=""11478""><form id=""litru"" lang=""ceb"">litru</form>
<hom role=""n""><pos>n</pos>
<sense n=""1""><number>1</number><trans> liter. </trans>
</sense>
<sense n=""2""><number>2</number><trans> dry measure for grains and other items equal to one-third of a ganta. </trans>
<eg><i lang=""ceb"">Ipalit ku ug usa ka litru nga asin,</i><trans> Buy me a liter of salt. </trans></eg>
</sense></hom>
<hom role=""v""><pos>v</pos>
<sense n=""0""> <itype>[A13; a12]</itype><trans> measure s.t. by the liter. </trans>
</sense></hom>
<entry><form id=""litruhan"" lang=""ceb"">litruhan</form>
<hom role=""n""><pos>n</pos>
<sense n=""0""><trans> a container used as a liter measure.
</trans>
</sense></hom></entry></entry>");
INSERT INTO `wced_head` (entryid, head, normalized_head, type, pos) VALUES (11478, "litru", "litru", "m", "nv");
INSERT INTO `wced_head` (entryid, head, normalized_head, type, pos) VALUES (11478, "litruhan", "litruhan", "s", "n");
INSERT INTO `wced_entry` VALUES (11479, "litsi1", "624", "<entry page=""624"" id=""11479""><form id=""litsi"" lang=""ceb"">litsi<sub>1</sub></form>
<hom role=""n""><pos>n</pos>
<sense n=""0""><trans> <tr>milk</tr>. </trans>
</sense></hom>
<hom role=""v""><pos>v</pos>
<sense n=""1""><number>1</number> <itype>[b6]</itype><trans> put or add milk to s.t. </trans>
<eg><i lang=""ceb"">Gilitsihan ba nímu ang ákung kapi?</i><trans> Did you put milk in my coffee? </trans></eg>
</sense>
<sense n=""2""><number>2</number> <itype>[a12]</itype><trans> raise s.t. or s.o. on milk other than the mother’s. </trans>
<eg><i lang=""ceb"">Litsíhun ku ning itúya kay namatay ang inahan,</i><trans> I will raise this puppy on canned milk because the mother died. </trans></eg>
</sense></hom>
<entry><form id=""litsi_plan"" lang=""ceb""><abbr expan=""litsi"">—</abbr> plan</form>
<hom role=""n""><pos>n</pos>
<sense n=""0""><trans> k.o. custard baked or steamed in syrup. </trans>
</sense></hom></entry>
<entry><form id=""kulur_dixlitsi"" lang=""ceb"">kulur <abbr expan=""dílitsi"">dí-</abbr></form>
<hom role=""a""><pos>a</pos>
<sense n=""0""><trans> cream-colored. </trans>
</sense></hom></entry>
<entry><form id=""litsihan_litsixhan"" lang=""ceb"">litsihan, litsíhan</form>
<hom role=""n""><pos>n</pos>
<sense n=""0""><trans> a unit of dry or liquid measure the size of a milk can.
</trans>
</sense></hom></entry></entry>");
INSERT INTO `wced_head` (entryid, head, normalized_head, type, pos) VALUES (11479, "litsi", "litsi", "s", "nv");
INSERT INTO `wced_head` (entryid, head, normalized_head, type, pos) VALUES (11479, "litsi plan", "litsi plan", "s", "n");
INSERT INTO `wced_head` (entryid, head, normalized_head, type, pos) VALUES (11479, "kulur dílitsi", "kulur dilitsi", "s", "a");
INSERT INTO `wced_head` (entryid, head, normalized_head, type, pos) VALUES (11479, "litsihan", "litsihan", "s", "n");
INSERT INTO `wced_head` (entryid, head, normalized_head, type, pos) VALUES (11479, "litsíhan", "litsihan", "s", "n");
INSERT INTO `wced_translation` (entryid, translation) VALUES (11479, "milk");
INSERT INTO `wced_entry` VALUES (11480, "litsi2", "624", "<entry page=""624"" id=""11480""><form id=""litsi2"" lang=""ceb"">litsi<sub>2</sub></form>
<hom>
<sense n=""1""><number>1</number><trans> mild cuss word uttered in annoyance or anger (euphemism for <ix>pisti</ix>). </trans>
<eg><i lang=""ceb"">Litsi! Gibálì na pud nà nímu,</i><trans> Darn! You broke it again. </trans></eg>
</sense>
<sense n=""2""><number>2</number><trans> reference to s.o. one is annoyed at. </trans>
<eg><i lang=""ceb"">Giindiyan ku sa litsing dakù,</i><trans> The son of a gun stood me up. </trans></eg>
</sense></hom>
<entry><form id=""litsing_yaxwaq"" lang=""ceb""><abbr expan=""litsing"">-ng</abbr> yáwà</form>
<hom>
<sense n=""0""><trans> expression of strong anger. </trans>
<eg><i lang=""ceb"">Litsing yáwà! Aku pay hulaman ug libru ug aku pay pahatdun didtu sa íla!</i><trans> Shit! He borrows a book from me and then I’m supposed to bring it to his house as well! </trans></eg>
</sense></hom></entry>
<entry><form id=""litsilitsi"" lang=""ceb"">litsilitsi</form>
<hom role=""v""><pos>v</pos>
<sense n=""0""> <itype>[A13; a12]</itype><trans> say <ix>litsi</ix> to s.o. </trans>
<eg><i lang=""ceb"">Ayaw kug litsilitsíha,</i><trans> Don’t you say <ix>litsi</ix> to me!
</trans></eg>
</sense></hom></entry></entry>");
INSERT INTO `wced_head` (entryid, head, normalized_head, type, pos) VALUES (11480, "litsi", "litsi", "s", "");
INSERT INTO `wced_head` (entryid, head, normalized_head, type, pos) VALUES (11480, "litsing yáwà", "litsing yawa", "s", "");
INSERT INTO `wced_head` (entryid, head, normalized_head, type, pos) VALUES (11480, "litsilitsi", "litsilitsi", "s", "v");
INSERT INTO `wced_entry` VALUES (11481, "litsugas", "624", "<entry page=""624"" id=""11481""><form id=""litsuxgas"" lang=""ceb"">litsúgas</form>
<hom role=""n""><pos>n</pos>
<sense n=""1""><number>1</number><trans> <tr>lettuce</tr>: <bio>Lactuca sativa</bio>. </trans>
</sense>
<sense n=""2""><number>2</number><trans> mild cuss word uttered upon being annoyed (euphemism for <ix>litsi</ix>). </trans>
<eg><i lang=""ceb"">Litsúgas ning batáa, kanúnay rang mangáyù ug singku!</i><trans> This darn child! He always asks for a nickel.
</trans></eg>
</sense></hom></entry>");
INSERT INTO `wced_head` (entryid, head, normalized_head, type, pos) VALUES (11481, "litsúgas", "litsugas", "m", "n");
INSERT INTO `wced_translation` (entryid, translation) VALUES (11481, "lettuce");
INSERT INTO `wced_entry` VALUES (11482, "litsun", "624", "<entry page=""624"" id=""11482""><form id=""litsun"" lang=""ceb"">litsun</form>
<hom role=""n""><pos>n</pos>
<sense n=""1""><number>1</number><trans> pig roasted whole over coals. </trans>
</sense>
<sense n=""2""><number>2</number><trans> by extension, fowl so roasted. </trans>
</sense></hom>
<entry><form id=""litsun_dilitsi"" lang=""ceb""><abbr expan=""litsun"">—</abbr> dilitsi</form>
<hom>
<sense n=""0""><trans> roast suckling pig. </trans>
</sense>
<sense n=""3""><number>3</number><trans> euphemism for <ix>litsi,</ix> a mild curse said when one is annoyed with s.o. </trans>
<eg><i lang=""ceb"">Litsun ning batáa samukan kaáyu,</i><trans> Darn this child. He’s such a nuisance. </trans></eg>
</sense></hom>
<hom role=""v""><pos>v</pos>
<sense n=""0""> <itype>[A; a2]</itype><trans> roast a pig, have a roast pig or, by extension, a fowl. </trans>
</sense></hom></entry>
<entry><form id=""linitsun"" lang=""ceb""><abbr expan=""linitsun"">-in-</abbr></form>
<hom role=""n""><pos>n</pos>
<sense n=""0""><trans> animal so roasted whole over coals. </trans>
</sense></hom></entry>
<entry><form id=""litsunun"" lang=""ceb""><abbr expan=""litsunun"">-un(→)</abbr></form>
<hom role=""n""><pos>n</pos>
<sense n=""0""><trans> a pig in the stage of growth considered ideal for roasting.
</trans>
</sense></hom></entry></entry>");
INSERT INTO `wced_head` (entryid, head, normalized_head, type, pos) VALUES (11482, "litsun", "litsun", "m", "n");
INSERT INTO `wced_head` (entryid, head, normalized_head, type, pos) VALUES (11482, "litsun dilitsi", "litsun dilitsi", "s", "v");
INSERT INTO `wced_head` (entryid, head, normalized_head, type, pos) VALUES (11482, "linitsun", "linitsun", "s", "n");
INSERT INTO `wced_head` (entryid, head, normalized_head, type, pos) VALUES (11482, "litsunun", "litsunun", "s", "n");
INSERT INTO `wced_entry` VALUES (11483, "litu, litu", "624", "<entry page=""624"" id=""11483""><form id=""litu_lixtu"" lang=""ceb"">litu, lítu</form>
<hom role=""v""><pos>v</pos>
<sense n=""0""> <itype>[A; a]</itype><trans> buy rice or corn for home consumption. </trans>
<eg><i lang=""ceb"">Lisud kaáyug hasta bugas litúhun pa,</i><trans> It’s very difficult if we have to buy rice, too. </trans></eg>
</sense></hom>
<entry><form id=""palixtu"" lang=""ceb""><abbr expan=""palítu"">pa-(←)</abbr></form>
<hom role=""v""><pos>v</pos>
<sense n=""0""> <itype>[A; c]</itype><trans> </trans>
</sense>
<sense n=""1""><number>1</number><trans> sell corn grits or rice. </trans>
</sense>
<sense n=""2""><number>2</number><trans> sell corn grits or rice on a rationed basis. </trans>
<eg><i lang=""ceb"">Magpalítug bugas mais ang arsii,</i><trans> The RCA will sell corn meal on a rationed basis.
</trans></eg>
</sense></hom></entry></entry>");
INSERT INTO `wced_head` (entryid, head, normalized_head, type, pos) VALUES (11483, "litu", "litu", "s", "v");
INSERT INTO `wced_head` (entryid, head, normalized_head, type, pos) VALUES (11483, "lítu", "litu", "s", "v");
INSERT INTO `wced_head` (entryid, head, normalized_head, type, pos) VALUES (11483, "palítu", "palitu", "s", "v");
INSERT INTO `wced_entry` VALUES (11484, "litu", "624", "<entry page=""624"" id=""11484""><form id=""lituq"" lang=""ceb"">litù</form>
<hom role=""v""><pos>v</pos>
<sense n=""1""><number>1</number> <itype>[AB; a12]</itype><trans> for joints to crack, crack the joints. </trans>
<eg><i lang=""ceb"">Kamau ka nga mulitù sa ímung tudlù?</i><trans> Do you know how to crack your knuckles? </trans></eg>
</sense>
<sense n=""2""><number>2</number> <itype>[A; a12]</itype><trans> rub a leaf over an angle to make the leaf pliant. </trans>
<eg><i lang=""ceb"">Lituun nímu ang dáhun sa lumbuy sa ngilit sa lamísa arun sayun nga lukútun,</i><trans> Rub the <ix>lumbuy</ix> leaf over the edge of the table so it will be easy to roll. </trans></eg>
</sense></hom>
<entry><form id=""lituaxnan"" lang=""ceb""><abbr expan=""lituánan"">-anan(←)</abbr></form>
<hom role=""n""><pos>n</pos>
<sense n=""0""><trans> s.t. one can rub a leaf over to make it pliant.
</trans>
</sense></hom></entry></entry>");
INSERT INTO `wced_head` (entryid, head, normalized_head, type, pos) VALUES (11484, "litù", "litu", "m", "v");
INSERT INTO `wced_head` (entryid, head, normalized_head, type, pos) VALUES (11484, "lituánan", "lituanan", "s", "n");
INSERT INTO `wced_entry` VALUES (11485, "litub", "624", "<entry page=""624"" id=""11485""><form id=""lixtub"" lang=""ceb"">lítub</form>
<hom role=""n""><pos>n</pos>
<sense n=""0""><trans> k.o. edible arc shell. </trans>
</sense></hom>
<entry><form id=""lixtub_sa_amuq"" lang=""ceb""><abbr expan=""lítub"">—</abbr> sa amù</form>
<hom>
<sense n=""0""><trans> k.o. small arc shell (<measure reg=""1.3 cm"">½″</measure>) which clings to cliffs along the seashore. It is not eaten.
</trans>
</sense></hom></entry></entry>");
INSERT INTO `wced_head` (entryid, head, normalized_head, type, pos) VALUES (11485, "lítub", "litub", "m", "n");
INSERT INTO `wced_head` (entryid, head, normalized_head, type, pos) VALUES (11485, "lítub sa amù", "litub sa amu", "s", "");
INSERT INTO `wced_entry` VALUES (11486, "lituglitug", "624", "<entry page=""624"" id=""11486""><form id=""lituglixtug"" lang=""ceb"">lituglítug</form>
<hom role=""v""><pos>v</pos>
<sense n=""0""> <itype>[AN; c1]</itype><trans> </trans>
</sense>
<sense n=""1""><number>1</number><trans> hide, refuse to tell the truth when asked. </trans>
<eg><i lang=""ceb"">Ayawg lituglítug, tug-an sa tinúud,</i><trans> Don’t try to hide s.t. Tell the truth. </trans></eg>
<eg><i lang=""ceb"">Ayaw kug lituglitúgi. Háin ang kwarta?</i><trans> Don’t try to hide anything from me. Where’s the money? </trans></eg>
</sense>
<sense n=""2""><number>2</number><trans> withhold s.t. which one is supposed to turn over. </trans>
<eg><i lang=""ceb"">Gilituglítug sa pyádu ang abut sa humay,</i><trans> The man who was in charge didn’t turn over all of the rice crop.
</trans></eg>
</sense></hom></entry>");
INSERT INTO `wced_head` (entryid, head, normalized_head, type, pos) VALUES (11486, "lituglítug", "lituglitug", "m", "v");
INSERT INTO `wced_entry` VALUES (11487, "lituk1", "624", "<entry page=""624"" id=""11487""><form id=""lituk"" lang=""ceb"">lituk<sub>1</sub></form>
<hom role=""v""><pos>v</pos>
<sense n=""1""><number>1</number> <itype>[A; a12]</itype><trans> pronounce. </trans>
<eg><i lang=""ceb"">Kamau nang mulituk si Bíbut sa púlung ‘Máma’,</i><trans> Bebot already knows how to say ‘Mama’ distinctly. </trans></eg>
</sense>
<sense n=""2""><number>2</number> <itype>[A; b6(1)]</itype><trans> express, convey s.t. by speaking. </trans>
<eg><i lang=""ceb"">Naglituk siya sa íyang gugma ngadtu sa dalága,</i><trans> He was expressing his love to the maiden. </trans></eg>
<eg><i lang=""ceb"">Litukan ta ka sa prisyu nga walay makaparíhu,</i><trans> I will quote you a price no one can match.
</trans></eg>
</sense></hom></entry>");
INSERT INTO `wced_head` (entryid, head, normalized_head, type, pos) VALUES (11487, "lituk", "lituk", "s", "v");
INSERT INTO `wced_entry` VALUES (11488, "lituk2", "624", "<entry page=""624"" id=""11488""><form id=""lituk2"" lang=""ceb"">lituk<sub>2</sub></form>
<hom role=""n""><pos>n</pos>
<sense n=""0""><trans> flick with the fingers. </trans>
</sense></hom>
<hom role=""v""><pos>v</pos>
<sense n=""0""> <itype>[A; b]</itype><trans> hit s.t. by flicking the fingers at it. </trans>
<eg><i lang=""ceb"">Ang tabian gilitukan sa maistru sa ū́,</i><trans> The teacher flicked the pupil on the head for talking in class.
</trans></eg>
</sense></hom></entry>");
INSERT INTO `wced_head` (entryid, head, normalized_head, type, pos) VALUES (11488, "lituk", "lituk", "s", "nv");
INSERT INTO `wced_entry` VALUES (11489, "lituk", "624", "<entry page=""624"" id=""11489""><form id=""lixtuk"" lang=""ceb"">lítuk</form>
<hom role=""a""><pos>a</pos>
<sense n=""0""><trans> for rice plants to sprout fresh, lush leaves. </trans>
</sense></hom>
<hom role=""v""><pos>v</pos>
<sense n=""0""> <itype>[B]</itype><trans> for rice transplants to get lush new leaves. </trans>
<eg><i lang=""ceb"">Naglítuk ang íyang humay kay dinisibi man,</i><trans> His rice plants are sprouting lush leaves because they are well cared for.
</trans></eg>
</sense></hom></entry>");
INSERT INTO `wced_head` (entryid, head, normalized_head, type, pos) VALUES (11489, "lítuk", "lituk", "m", "av");
INSERT INTO `wced_entry` VALUES (11490, "litundan", "624", "<entry page=""624"" id=""11490""><form id=""litundan"" lang=""ceb"">litundan</form>
<hom>
<sense n=""0""><trans> <xr lang=""ceb"" target=""#alitundan"">= <sc>alitundan</sc>.</xr>
</trans>
</sense></hom></entry>");
INSERT INTO `wced_head` (entryid, head, normalized_head, type, pos) VALUES (11490, "litundan", "litundan", "m", "");
INSERT INTO `wced_entry` VALUES (11491, "liu", "624", "<entry page=""624"" id=""11491""><form id=""lixu"" lang=""ceb"">líu</form>
<hom>
<sense n=""0""><trans> <xr lang=""ceb"" target=""#lixhuq"">= <sc>líhù</sc>.</xr>
</trans>
</sense></hom></entry>");
INSERT INTO `wced_head` (entryid, head, normalized_head, type, pos) VALUES (11491, "líu", "liu", "m", "");
INSERT INTO `wced_entry` VALUES (11492, "liug", "624", "<entry page=""624"" id=""11492""><form id=""lixug"" lang=""ceb"">líug</form>
<hom role=""n""><pos>n</pos>
<sense n=""0""><trans> neck. </trans>
<eg><i lang=""ceb"">Butilyang taas ug líug,</i><trans> A bottle with a long neck. </trans></eg>
</sense></hom>
<entry><form id=""liug"" lang=""ceb""><abbr expan=""liug"">(→)</abbr></form>
<hom role=""v""><pos>v</pos>
<sense n=""1""><number>1</number> <itype>[A123S; a12]</itype><trans> hit in the neck. </trans>
<eg><i lang=""ceb"">Liugun níya ug pusil ang liyun,</i><trans> He will shoot the lion in the neck. </trans></eg>
</sense>
<sense n=""2""><number>2</number> <form id=""liug_sa_bitik_ni_San_Markus"" lang=""ceb""><abbr expan=""liug"">—</abbr> sa bitik ni San Markus</form><trans> </trans>
</sense></hom>
<hom role=""v""><pos>v</pos>
<sense n=""0""> <itype>[a3]</itype><trans> be hooked into marriage (lit. be caught in the neck by the noose of St. Mark). </trans>
<eg><i lang=""ceb"">Ígù lang kung migraduwar, <pb n=""625""/>naliug dáyun ku sa bitik ni San Markus,</i><trans> As soon as I graduated I got married. </trans></eg>
</sense></hom></entry>
<entry><form id=""panglixug"" lang=""ceb""><abbr expan=""panglíug"">paN-</abbr></form>
<hom role=""v""><pos>v</pos>
<sense n=""0""> <itype>[A2]</itype><trans> get thick at the neck. </trans>
<eg><i lang=""ceb"">Nanglíug siyag maáyu, mu rag bábuy,</i><trans> He’s got lots of fat around the neck like a pig. </trans></eg>
</sense></hom></entry>
<entry><form id=""panghiliug"" lang=""ceb""><abbr expan=""panghiliug"">panghi-(→)</abbr></form>
<hom role=""v""><pos>v</pos>
<sense n=""0""> <itype>[B2456]</itype><trans> for a young bull to become fully mature, as shown by an enlargement of the neck. </trans>
<eg><i lang=""ceb"">Manungag ra ba nang turíyu nga manghiliug,</i><trans> That young bull will gore you now that he’s getting mature. </trans></eg>
</sense></hom></entry>
<entry><form id=""pangliug"" lang=""ceb""><abbr expan=""pangliug"">paN-(→)</abbr></form>
<hom role=""n""><pos>n</pos>
<sense n=""0""><trans> in plowing with a water buffalo, a rope tied from one end of the yoke to the other, passing under the animal’s neck, the purpose of which is to prevent the yoke from slipping off. </trans>
</sense></hom></entry>
<entry><form id=""tagaliug"" lang=""ceb""><abbr expan=""tagaliug"">taga-(→)</abbr></form>
<hom role=""a""><pos>a</pos>
<sense n=""0""><trans> up to the neck. </trans>
<eg><i lang=""ceb"">Tagaliug ku sa mga útang,</i><trans> I’m up to my neck in debt. </trans></eg>
</sense></hom>
<hom role=""v""><pos>v</pos>
<sense n=""0""> <itype>[B156]</itype><trans> get to be up to the neck.
</trans>
</sense></hom></entry></entry>");
INSERT INTO `wced_head` (entryid, head, normalized_head, type, pos) VALUES (11492, "líug", "liug", "m", "n");
INSERT INTO `wced_head` (entryid, head, normalized_head, type, pos) VALUES (11492, "liug", "liug", "s", "vv");
INSERT INTO `wced_head` (entryid, head, normalized_head, type, pos) VALUES (11492, "liug sa bitik ni San Markus", "liug sa bitik ni san markus", "s", "");
INSERT INTO `wced_head` (entryid, head, normalized_head, type, pos) VALUES (11492, "panglíug", "pangliug", "s", "v");
INSERT INTO `wced_head` (entryid, head, normalized_head, type, pos) VALUES (11492, "panghiliug", "panghiliug", "s", "v");
INSERT INTO `wced_head` (entryid, head, normalized_head, type, pos) VALUES (11492, "pangliug", "pangliug", "s", "n");
INSERT INTO `wced_head` (entryid, head, normalized_head, type, pos) VALUES (11492, "tagaliug", "tagaliug", "s", "av");
INSERT INTO `wced_entry` VALUES (11493, "liunduk", "625", "<entry page=""625"" id=""11493""><form id=""liunduk"" lang=""ceb"">liunduk</form>
<hom>
<sense n=""0""><trans> <xr lang=""ceb"" target=""#taliunduk"">= <sc>taliunduk</sc>.</xr>
</trans>
</sense></hom></entry>");
INSERT INTO `wced_head` (entryid, head, normalized_head, type, pos) VALUES (11493, "liunduk", "liunduk", "m", "");
INSERT INTO `wced_entry` VALUES (11494, "lius", "625", "<entry page=""625"" id=""11494""><form id=""lius"" lang=""ceb"">lius</form>
<hom role=""v""><pos>v</pos>
<sense n=""1""><number>1</number> <itype>[A2]</itype><trans> pass by s.t. unnoticed. </trans>
<eg><i lang=""ceb"">Sa luyung pultahan siya mulius,</i><trans> He passed thru the back door unnoticed. </trans></eg>
</sense>
<sense n=""1a""><number>1a</number> <itype>[C3; b5]</itype><trans> fail to see s.t., skip over s.t. </trans>
<eg><i lang=""ceb"">Naglíus lang sila ug wà magkítà,</i><trans> They passed each other without seeing each other and they failed to meet. </trans></eg>
<eg><i lang=""ceb"">Giliusan (gilius) námù siya pagsilbi,</i><trans> We skipped her when we were serving. </trans></eg>
</sense>
<sense n=""2""><number>2</number> <itype>[A3B; a12]</itype><trans> distract s.o.’s attention from s.t. </trans>
<eg><i lang=""ceb"">Akuy naglius sa irù; siya usab nangáwat,</i><trans> I distracted the dog’s attention, while he broke into the house. </trans></eg>
</sense>
<sense n=""3""><number>3</number> <itype>[A12]</itype><trans> for s.t. to come and go without being given adequate or passing attention. </trans>
<eg><i lang=""ceb"">Pila na ka Sabadu ang milius?</i><trans> How many Saturdays have come and gone? </trans></eg>
</sense></hom>
<entry><form id=""lixus"" lang=""ceb""><abbr expan=""líus"">(←)</abbr></form>
<hom role=""v""><pos>v</pos>
<sense n=""1""><number>1</number> <itype>[A13]</itype><trans> keep coming in succession. </trans>
<eg><i lang=""ceb"">Naglíus na man lang tung mga maáyung tanyag,</i><trans> Those good offers have just been coming to you one after the other. </trans></eg>
</sense>
<sense n=""2""><number>2</number> <itype>[A2; b5]</itype><trans> wriggle through a tight opening. </trans>
<eg><i lang=""ceb"">Liúsa (liúsi) ang mga táwu arun maabut ka sa altar,</i><trans> Wriggle through the throng so you can reach the altar. </trans></eg>
</sense></hom></entry>
<entry><form id=""liuslixus"" lang=""ceb"">liuslíus</form>
<hom role=""v""><pos>v</pos>
<sense n=""0""> <itype>[A; b6]</itype><trans> </trans>
</sense>
<sense n=""1""><number>1</number><trans> avoid being caught by changing direction and speed constantly. </trans>
<eg><i lang=""ceb"">Lisud siyang dakpun kay maáyung muliuslíus,</i><trans> He is hard to catch because he is good in dodging. </trans></eg>
</sense>
<sense n=""2""><number>2</number><trans> manage to get through an argument or interrogation by evasive means. </trans>
<eg><i lang=""ceb"">Maáyu siyang muliuslíus sa katarúngan,</i><trans> He is good at giving evasive reasons.
</trans></eg>
</sense></hom></entry></entry>");
INSERT INTO `wced_head` (entryid, head, normalized_head, type, pos) VALUES (11494, "lius", "lius", "m", "v");
INSERT INTO `wced_head` (entryid, head, normalized_head, type, pos) VALUES (11494, "líus", "lius", "s", "v");
INSERT INTO `wced_head` (entryid, head, normalized_head, type, pos) VALUES (11494, "liuslíus", "liuslius", "s", "v");
INSERT INTO `wced_entry` VALUES (11495, "liut", "625", "<entry page=""625"" id=""11495""><form id=""lixut"" lang=""ceb"">líut</form>
<hom role=""v""><pos>v</pos>
<sense n=""0""> <itype>[A2; b6]</itype><trans> </trans>
</sense>
<sense n=""1""><number>1</number><trans> squeeze one’s way through. </trans>
<eg><i lang=""ceb"">Milíut siya sa daghang táwu,</i><trans> He squeezed his way through the crowd. </trans></eg>
<eg><i lang=""ceb"">Nasámad siya sa alambring íyang giliútan,</i><trans> He sustained cuts from the barbed wire he squeezed through. </trans></eg>
</sense>
<sense n=""2""><number>2</number><trans> get out of a difficult spot by verbal cunning. </trans>
<eg><i lang=""ceb"">Bísag pit-un siya, makalíut pa giyug pangatarúngan,</i><trans> Even if you push him against the wall, he will manage to come up with an answer that will somehow get him out of it.
</trans></eg>
</sense></hom></entry>");
INSERT INTO `wced_head` (entryid, head, normalized_head, type, pos) VALUES (11495, "líut", "liut", "m", "v");
INSERT INTO `wced_entry` VALUES (11496, "liwa", "625", "<entry page=""625"" id=""11496""><form id=""lixwa"" lang=""ceb"">líwa</form>
<hom role=""v""><pos>v</pos>
<sense n=""0""> <itype>[A; a1]</itype><trans> destroy mankind and rid the world of evils. </trans>
<eg><i lang=""ceb"">Ang lúnup mauy milíwa sa kalibútan,</i><trans> The great deluge destroyed mankind and rid the world of evils.
</trans></eg>
</sense></hom></entry>");
INSERT INTO `wced_head` (entryid, head, normalized_head, type, pos) VALUES (11496, "líwa", "liwa", "m", "v");
INSERT INTO `wced_entry` VALUES (11497, "liwag", "625", "<entry page=""625"" id=""11497""><form id=""lixwag"" lang=""ceb"">líwag</form>
<hom role=""v""><pos>v</pos>
<sense n=""1""><number>1</number> <itype>[A; c1]</itype><trans> move s.t. at one end to get it out of the way or make it change position. </trans>
<eg><i lang=""ceb"">Liwágun nátù ngadtu ning tabla arun dílì magbalabag sa dálan,</i><trans> Let’s push this board to one side so it won’t be in the way. </trans></eg>
</sense>
<sense n=""2""><number>2</number> <itype>[B6; c1]</itype><trans> face a different direction. </trans>
<eg><i lang=""ceb"">Pastilan ug mulíwag nang kanyun,</i><trans> If that cannon turns in this direction, we’re in for it. </trans></eg>
</sense>
<sense n=""2a""><number>2a</number><trans> shift one’s direction in squatting without taking the soles off the ground. </trans>
<eg><i lang=""ceb"">Milíwag siya arun maduul sa íyang tiráhan nga dyúlin,</i><trans> He pivoted around to get nearer to the target he was shooting his marble at.
</trans></eg>
</sense></hom></entry>");
INSERT INTO `wced_head` (entryid, head, normalized_head, type, pos) VALUES (11497, "líwag", "liwag", "m", "v");
INSERT INTO `wced_entry` VALUES (11498, "liwas", "625", "<entry page=""625"" id=""11498""><form id=""lixwas"" lang=""ceb"">líwas</form>
<hom role=""n""><pos>n</pos>
<sense n=""0""><trans> period after a holiday or big occasion. </trans>
<eg><i lang=""ceb"">Sa líwas sa pyista,</i><trans> After the fiesta. </trans></eg>
<eg><i lang=""ceb"">Líwas sa gíra,</i><trans> The post-war period. </trans></eg>
</sense></hom>
<hom role=""v""><pos>v</pos>
<sense n=""0""> <itype>[B256; b]</itype><trans> for it to get to be the time after some period. </trans>
<eg><i lang=""ceb"">Mulíwas na lang ang pasku wà giyud kuy pinaskúhan,</i><trans> Christmas will soon be over and I still haven’t received a single Christmas gift. </trans></eg>
<eg><i lang=""ceb"">Giliwásan giyud mi sa ting-ani didtu sa búkid,</i><trans> We stayed in the mountains until after the harvest season.
</trans></eg>
</sense></hom></entry>");
INSERT INTO `wced_head` (entryid, head, normalized_head, type, pos) VALUES (11498, "líwas", "liwas", "m", "nv");
INSERT INTO `wced_entry` VALUES (11499, "liwat", "625", "<entry page=""625"" id=""11499""><form id=""liwat"" lang=""ceb"">liwat</form>
<hom role=""a""><pos>a</pos>
<sense n=""0""><trans> <tr>taking after</tr>. </trans>
<eg><i lang=""ceb"">Liwat siya sa amahan nga taas ug ilung,</i><trans> He got his father’s long nose. </trans></eg>
</sense></hom>
<entry><form id=""liwat_sa_giliwatan"" lang=""ceb""><abbr expan=""liwat"">—</abbr> sa giliwatan</form>
<hom>
<sense n=""0""><trans> being exactly like the parents, a chip off the old block. </trans>
</sense></hom>
<hom role=""v""><pos>v</pos>
<sense n=""1""><number>1</number> <itype>[B256N; b6]</itype><trans> <tr>take after</tr> s.o. </trans>
</sense>
<sense n=""2""><number>2</number> <itype>[A12]</itype><trans> obtain or produce an offspring or young. </trans>
<eg><i lang=""ceb"">Maáyu na lang ug makaliwat (makapaliwat) ning sunúya kay dì na ikatárì,</i><trans> This rooster is no good for fighting any more, but we can still use him as breeder. </trans></eg>
</sense></hom>
<hom role=""n""><pos>n</pos>
<sense n=""1""><number>1</number><trans> <tr>species</tr>, <tr>breed</tr> of. </trans>
<eg><i lang=""ceb"">Ang dumánu liwat sa lubi nga inánu, Dumánu</i><trans> is a species of dwarf coconut. </trans></eg>
</sense>
<sense n=""2""><number>2</number><trans> one’s <tr>children</tr>. </trans>
<eg><i lang=""ceb"">Pila nay ímung liwat karun?</i><trans> How many children do you have now? </trans></eg>
</sense></hom></entry>
<entry><form id=""paliwat"" lang=""ceb""><abbr expan=""paliwat"">pa-</abbr></form>
<hom role=""v""><pos>v</pos>
<sense n=""0""> <itype>[A; b5c]</itype><trans> <tr>breed</tr> s.t. </trans>
<eg><i lang=""ceb"">Paliwatan (paliwatun) nákù ning ákung alumnus,</i><trans> I will use this boar for breeding purposes. </trans></eg>
<eg><i lang=""ceb"">Ug gustu kag maáyung nati, anhà ipaliwat sa ílang túru,</i><trans> If you want to have a good calf, breed it from their bull. </trans></eg>
</sense></hom></entry>
<entry><form id=""pangliwat"" lang=""ceb""><abbr expan=""pangliwat"">paN-</abbr></form>
<hom role=""v""><pos>v</pos>
<sense n=""0""> <itype>[A2]</itype><trans> have an <tr>offspring</tr>. </trans>
<eg><i lang=""ceb"">Ug mangliwat ímung bábuy, paambíta ta ug usa,</i><trans> If your pig has a litter, let me have one. </trans></eg>
</sense></hom></entry>
<entry><form id=""kalixwat"" lang=""ceb""><abbr expan=""kalíwat"">ka-(←)</abbr></form>
<hom role=""n""><pos>n</pos>
<sense n=""1""><number>1</number><trans> <tr>descendant</tr>. </trans>
<eg><i lang=""ceb"">Ang kalíwat ni Busyu mau ang mga adunáhan sa Karkar,</i><trans> The wealthy families in Carcar are the descendants of Bosio. </trans></eg>
</sense>
<sense n=""2""><number>2</number><trans> <tr>breed</tr>, <tr>race</tr>, <tr>species</tr>. </trans>
<eg><i lang=""ceb"">Kining mungaána kalíwat ug hingitlug,</i><trans> This hen is an egg-laying breed. </trans></eg>
<eg><i lang=""ceb"">Lubus nga kalíwat,</i><trans> Purebred. </trans></eg>
<eg><i lang=""ceb"">Mau ni ang kalíwat sa úhung nga <pb n=""626""/>gagmayun apan pinangità,</i><trans> This species of mushroom is small but highly prized. </trans></eg>
<eg><i lang=""ceb"">Tabúnung kalíwat,</i><trans> The brown race. †
</trans></eg>
</sense></hom></entry></entry>");
INSERT INTO `wced_head` (entryid, head, normalized_head, type, pos) VALUES (11499, "liwat", "liwat", "m", "a");
INSERT INTO `wced_head` (entryid, head, normalized_head, type, pos) VALUES (11499, "liwat sa giliwatan", "liwat sa giliwatan", "s", "vn");
INSERT INTO `wced_head` (entryid, head, normalized_head, type, pos) VALUES (11499, "paliwat", "paliwat", "s", "v");
INSERT INTO `wced_head` (entryid, head, normalized_head, type, pos) VALUES (11499, "pangliwat", "pangliwat", "s", "v");
INSERT INTO `wced_head` (entryid, head, normalized_head, type, pos) VALUES (11499, "kalíwat", "kaliwat", "s", "n");
INSERT INTO `wced_translation` (entryid, translation) VALUES (11499, "taking after");
INSERT INTO `wced_translation` (entryid, translation) VALUES (11499, "take after");
INSERT INTO `wced_translation` (entryid, translation) VALUES (11499, "species");
INSERT INTO `wced_translation` (entryid, translation) VALUES (11499, "breed");
INSERT INTO `wced_translation` (entryid, translation) VALUES (11499, "children");
INSERT INTO `wced_translation` (entryid, translation) VALUES (11499, "offspring");
INSERT INTO `wced_translation` (entryid, translation) VALUES (11499, "descendant");
INSERT INTO `wced_translation` (entryid, translation) VALUES (11499, "race");
INSERT INTO `wced_entry` VALUES (11500, "liwayway", "626", "<entry page=""626"" id=""11500""><form id=""liwayway"" lang=""ceb"">liwayway</form>
<hom role=""n""><pos>n</pos>
<sense n=""1""><number>1</number><trans> name of a Tagalog weekly. </trans>
</sense>
<sense n=""2""><number>2</number><trans> brand of cheap cigarettes.
</trans>
</sense></hom></entry>");
INSERT INTO `wced_head` (entryid, head, normalized_head, type, pos) VALUES (11500, "liwayway", "liwayway", "m", "n");
INSERT INTO `wced_entry` VALUES (11501, "liwit", "626", "<entry page=""626"" id=""11501""><form id=""liwit"" lang=""ceb"">liwit</form>
<hom>
<sense n=""0""><trans> <xr lang=""ceb"" target=""#diwit"">= <sc>diwit</sc>.</xr>
</trans>
</sense></hom></entry>");
INSERT INTO `wced_head` (entryid, head, normalized_head, type, pos) VALUES (11501, "liwit", "liwit", "m", "");
INSERT INTO `wced_entry` VALUES (11502, "liyaliya", "626", "<entry page=""626"" id=""11502""><form id=""liyalixya"" lang=""ceb"">liyalíya</form>
<hom role=""n""><pos>n</pos>
<sense n=""0""><trans> <tr>rocking chair</tr>. </trans>
</sense></hom>
<hom role=""v""><pos>v</pos>
<sense n=""0""> <itype>[A; c1]</itype><trans> sit or be rocking in a chair. </trans>
<eg><i lang=""ceb"">Midiskansu siya, nagliyalíya,</i><trans> He is sitting in his rocking chair, relaxing.
</trans></eg>
</sense></hom></entry>");
INSERT INTO `wced_head` (entryid, head, normalized_head, type, pos) VALUES (11502, "liyalíya", "liyaliya", "m", "nv");
INSERT INTO `wced_translation` (entryid, translation) VALUES (11502, "rocking chair");
INSERT INTO `wced_entry` VALUES (11503, "liyinda", "626", "<entry page=""626"" id=""11503""><form id=""liyinda"" lang=""ceb"">liyinda</form>
<hom role=""n""><pos>n</pos>
<sense n=""0""><trans> <tr>legend</tr>, a story handed down from early times by tradition and popularly regarded as historical.
</trans>
</sense></hom></entry>");
INSERT INTO `wced_head` (entryid, head, normalized_head, type, pos) VALUES (11503, "liyinda", "liyinda", "m", "n");
INSERT INTO `wced_translation` (entryid, translation) VALUES (11503, "legend");
INSERT INTO `wced_entry` VALUES (11504, "liyu", "626", "<entry page=""626"" id=""11504""><form id=""lixyu"" lang=""ceb"">líyu</form>
<hom role=""v""><pos>v</pos>
<sense n=""0""> <itype>[A2; b6(1)]</itype><trans> <tr>circle</tr> around. </trans>
<eg><i lang=""ceb"">Milíyu ug katulu ang ayruplánu únà mutugpa,</i><trans> The airplane circled three times before it landed. </trans></eg>
</sense></hom>
<hom role=""n""><pos>n</pos>
<sense n=""0""><trans> things located in a circle around an area. </trans>
<eg><i lang=""ceb"">Mga balay nga líyu sa simbahan,</i><trans> The houses surrounding the church.
</trans></eg>
</sense></hom></entry>");
INSERT INTO `wced_head` (entryid, head, normalized_head, type, pos) VALUES (11504, "líyu", "liyu", "m", "vn");
INSERT INTO `wced_translation` (entryid, translation) VALUES (11504, "circle");
INSERT INTO `wced_entry` VALUES (11505, "liyug", "626", "<entry page=""626"" id=""11505""><form id=""lixyug"" lang=""ceb"">líyug</form>
<hom role=""a""><pos>a</pos>
<sense n=""0""><trans> for s.t. long and slender to be <tr>bent</tr> or <tr>crooked</tr>, <tr>warped</tr>. </trans>
<eg><i lang=""ceb"">Dílì magsirbi nà pára pálu kay líyug kaáyu,</i><trans> This would not do for a mast because it is crooked. </trans></eg>
</sense></hom>
<hom role=""v""><pos>v</pos>
<sense n=""1""><number>1</number> <itype>[A13]</itype><trans> be <tr>crooked</tr> or <tr>bent</tr>. </trans>
<eg><i lang=""ceb"">Unsang klási sa mitrusána ni nga naglíyug man?</i><trans> What kind of meter stick is this that it is so crooked? </trans></eg>
</sense>
<sense n=""2""><number>2</number> <itype>[B246]</itype><trans> for a missile to go crooked. </trans>
<eg><i lang=""ceb"">Mulíyug ang lapad nga batu ug ilábay,</i><trans> A flat stone curves when you throw it. </trans></eg>
</sense></hom>
<entry><form id=""liyuglixyug"" lang=""ceb"">liyuglíyug</form>
<hom role=""v""><pos>v</pos>
<sense n=""0""> <itype>[A]</itype><trans> bend back and forth. </trans>
<eg><i lang=""ceb"">Ug muliyuglíyug ang lubi, bagyu na nà,</i><trans> If the coconut sways back and forth, it’s a typhoon.
</trans></eg>
</sense></hom></entry></entry>");
INSERT INTO `wced_head` (entryid, head, normalized_head, type, pos) VALUES (11505, "líyug", "liyug", "m", "av");
INSERT INTO `wced_head` (entryid, head, normalized_head, type, pos) VALUES (11505, "liyuglíyug", "liyugliyug", "s", "v");
INSERT INTO `wced_translation` (entryid, translation) VALUES (11505, "bent");
INSERT INTO `wced_translation` (entryid, translation) VALUES (11505, "crooked");
INSERT INTO `wced_translation` (entryid, translation) VALUES (11505, "warped");
INSERT INTO `wced_entry` VALUES (11506, "liyuk", "626", "<entry page=""626"" id=""11506""><form id=""lixyuk"" lang=""ceb"">líyuk</form>
<hom role=""v""><pos>v</pos>
<sense n=""0""> <itype>[A2S; c]</itype><trans> be, go around s.t. </trans>
<eg><i lang=""ceb"">Mga bátang naglíyuk (nagliyuk) sa nag-ásuy,</i><trans> Children sitting around the storyteller. </trans></eg>
<eg><i lang=""ceb"">Makalíyuk ba ning písì sa paldu?</i><trans> Will this rope go all around the bale? </trans></eg>
<eg><i lang=""ceb"">Wà mi makasíbug dihang giliyúkan mi sa mga Hapun,</i><trans> We were not able to retreat when the Japanese surrounded us. </trans></eg>
</sense></hom>
<hom role=""a""><pos>a</pos>
<sense n=""0""><trans> being around. </trans>
<eg><i lang=""ceb"">Líyuk sa ílang balay may káhuy nga namúnga,</i><trans> There are trees covered with fruit all around their house.
</trans></eg>
</sense></hom></entry>");
INSERT INTO `wced_head` (entryid, head, normalized_head, type, pos) VALUES (11506, "líyuk", "liyuk", "m", "va");
INSERT INTO `wced_entry` VALUES (11507, "liyun", "626", "<entry page=""626"" id=""11507""><form id=""liyun"" lang=""ceb"">liyun</form>
<hom role=""n""><pos>n</pos>
<sense n=""0""><trans> <tr>lion</tr>.
</trans>
</sense></hom></entry>");
INSERT INTO `wced_head` (entryid, head, normalized_head, type, pos) VALUES (11507, "liyun", "liyun", "m", "n");
INSERT INTO `wced_translation` (entryid, translation) VALUES (11507, "lion");
INSERT INTO `wced_entry` VALUES (11508, "lu1", "626", "<entry page=""626"" id=""11508""><form id=""lux"" lang=""ceb"">lú<sub>1</sub></form>
<hom role=""n""><pos>n</pos>
<sense n=""0""><trans> <tr>law course</tr>. </trans>
<eg><i lang=""ceb"">Lú ang íyang giistudiyúhan,</i><trans> He is taking up law.
</trans></eg>
</sense></hom></entry>");
INSERT INTO `wced_head` (entryid, head, normalized_head, type, pos) VALUES (11508, "lú", "lu", "s", "n");
INSERT INTO `wced_translation` (entryid, translation) VALUES (11508, "law course");
INSERT INTO `wced_entry` VALUES (11509, "lu2", "626", "<entry page=""626"" id=""11509""><form id=""lux2"" lang=""ceb"">lú<sub>2</sub></form>
<hom role=""v""><pos>v</pos>
<sense n=""0""> <itype>[A; c6]</itype><trans> <tr>feel weak</tr> and with no energy. </trans>
<eg><i lang=""ceb"">Mulú lang nang tawhána ug magdaut,</i><trans> That man feels weak and lazy only if he is ill. </trans></eg>
<eg><i lang=""ceb"">Ug ilú nímu ang plú, musamut,</i><trans> Your flu will get worse if you give in to it.
</trans></eg>
</sense></hom></entry>");
INSERT INTO `wced_head` (entryid, head, normalized_head, type, pos) VALUES (11509, "lú", "lu", "s", "v");
INSERT INTO `wced_translation` (entryid, translation) VALUES (11509, "feel weak");
INSERT INTO `wced_entry` VALUES (11510, "luad", "626", "<entry page=""626"" id=""11510""><form id=""luxad"" lang=""ceb"">lúad</form>
<hom role=""v""><pos>v</pos>
<sense n=""1""><number>1</number> <itype>[AB126; a12]</itype><trans> be <tr>uprooted</tr> and fall on its side, <tr>uproot</tr> s.t. </trans>
<eg><i lang=""ceb"">Bagyu Ámi ang naglúad ánang kasya,</i><trans> Typhoon Amy felled that acacia tree. </trans></eg>
<eg><i lang=""ceb"">Nalúad ang pusti nga naagian sa bahà,</i><trans> The post was uprooted when the flood went through it. </trans></eg>
</sense>
<sense n=""2""><number>2</number> <itype>[A; a12]</itype><trans> for brothers to marry sisters. </trans>
<eg><i lang=""ceb"">Gilúad sa mga Plánas ang mga Bakalan,</i><trans> The Planas brothers married the Bacalan sisters.
</trans></eg>
</sense></hom></entry>");
INSERT INTO `wced_head` (entryid, head, normalized_head, type, pos) VALUES (11510, "lúad", "luad", "m", "v");
INSERT INTO `wced_translation` (entryid, translation) VALUES (11510, "uprooted");
INSERT INTO `wced_translation` (entryid, translation) VALUES (11510, "uproot");
INSERT INTO `wced_entry` VALUES (11511, "luag", "626", "<entry page=""626"" id=""11511""><form id=""luag"" lang=""ceb"">luag</form>
<hom role=""a""><pos>a</pos>
<sense n=""1""><number>1</number><trans> loose, not tightly attached or wound around. </trans>
<eg><i lang=""ceb"">Luag kaáyu pagkabaáta ang písì,</i><trans> The rope is loosely tied. </trans></eg>
<eg><i lang=""ceb"">Luag nga sapátus,</i><trans> Shoes that are too big. </trans></eg>
</sense>
<sense n=""2""><number>2</number><trans> having ample space. </trans>
<eg><i lang=""ceb"">Ang bangkù luag pára lingkúran sa lima ka táwu,</i><trans> The bench is big enough for five persons to sit on it. </trans></eg>
<eg><i lang=""ceb"">Luag nga kalubinhan.</i><trans> Large tracts of coconut land. </trans></eg>
</sense>
<sense n=""2a""><number>2a</number><trans> for s.t. not to occupy a whole area. </trans>
<eg><i lang=""ceb"">Ípun diri ug lingkud kay luag pa mi kaáyu,</i><trans> Sit with us because there’s plenty of room here. </trans></eg>
</sense>
<sense n=""3""><number>3</number><trans> being in a comfortable situation. </trans>
<eg><i lang=""ceb"">Luag na ang átung panimuyù kay may trabáhu na silas Pápa ug Máma,</i><trans> We have a comfortable life now that Dad and Mom both have jobs. </trans></eg>
</sense>
<sense n=""4""><number>4</number><trans> for emotions or a sickness to be relieved. </trans>
<eg><i lang=""ceb"">Luag na ang ákung ginháwa dihang naulì na ang bátà,</i><trans> My anxiety has been relieved now that my daughter came home. </trans></eg>
</sense></hom>
<hom role=""v""><pos>v</pos>
<sense n=""1""><number>1</number> <itype>[APB; a2]</itype><trans> be loose, loosen. </trans>
<eg><i lang=""ceb"">Bi, akuy muluag (mupaluag) sa ímung kurbáta,</i><trans> Here, I will loosen your necktie. </trans></eg>
<eg><i lang=""ceb"">Hugti ug maáyu ang twirka arun dílì muluag,</i><trans> Tighten the nut very well so it will not loosen. </trans></eg>
<eg><i lang=""ceb"">Luagi ug báat ang ákung kamut,</i><trans> Tie my hands loosely. </trans></eg>
</sense>
<sense n=""2""><number>2</number> <itype>[B5; b6]</itype><trans> be, become wide in area. </trans>
<eg><i lang=""ceb"">Nagkaluag ang ílang kahumayan kay nanáwat silag prinda,</i><trans> They are getting more and more rice lands because they accept mortgages. </trans></eg>
</sense>
<sense n=""3""><number>3</number><trans> for one’s financial or emotional situation to ease up. </trans>
</sense></hom>
<entry><form id=""haluag"" lang=""ceb""><abbr expan=""haluag"">ha-</abbr></form>
<hom>
<sense n=""0""><trans> <xr lang=""ceb"" target=""#luag"">= <sc>luag</sc>, <i lang=""ceb"">a2.</i></xr> </trans>
</sense></hom></entry>
<entry><form id=""luagluxag"" lang=""ceb"">luaglúag</form>
<hom role=""v""><pos>v</pos>
<sense n=""0""> <itype>[B26; b(1)]</itype><trans> for there to be a slackening of pressure, treat leniently. </trans>
<eg><i lang=""ceb"">Apikíha siya. Ayawg luagluági ang ímung paghangyù,</i><trans> Pressure him. Don’t ease up in your pleading. </trans></eg>
<eg><i lang=""ceb"">Ug luagluágan nímu ang ímung mga anak, mangabusar nà,</i><trans> If you are too lenient with your children, they will become abusive.
</trans></eg>
</sense></hom></entry></entry>");
INSERT INTO `wced_head` (entryid, head, normalized_head, type, pos) VALUES (11511, "luag", "luag", "m", "av");
INSERT INTO `wced_head` (entryid, head, normalized_head, type, pos) VALUES (11511, "haluag", "haluag", "s", "");
INSERT INTO `wced_head` (entryid, head, normalized_head, type, pos) VALUES (11511, "luaglúag", "luagluag", "s", "v");
INSERT INTO `wced_entry` VALUES (11512, "luaryang, luaryung", "626", "<entry page=""626"" id=""11512""><form id=""luaryang_luaryung"" lang=""ceb"">luaryang, luaryung</form>
<hom>
<sense n=""0""><trans> (from <ix>luag</ix>) </trans>
</sense></hom>
<hom role=""a""><pos>a</pos>
<sense n=""0""><trans> for a woman to have a large vagina, no longer a virgin (coarse). </trans>
<eg><i lang=""ceb"">Mangasáwa ka ánang luaryang?</i><trans> Are you going to marry that fallen woman? </trans></eg>
</sense></hom>
<hom role=""v""><pos>v</pos>
<sense n=""0""> <itype>[B126]</itype><trans> be a fallen woman.
</trans>
</sense></hom></entry>");
INSERT INTO `wced_head` (entryid, head, normalized_head, type, pos) VALUES (11512, "luaryang", "luaryang", "s", "av");
INSERT INTO `wced_head` (entryid, head, normalized_head, type, pos) VALUES (11512, "luaryung", "luaryung", "s", "av");
INSERT INTO `wced_entry` VALUES (11513, "luas", "626", "<entry page=""626"" id=""11513""><form id=""luxas"" lang=""ceb"">lúas</form>
<hom role=""n""><pos>n</pos>
<sense n=""0""><trans> tiny sore in the gums or inside of the mouth. </trans>
</sense></hom>
<hom role=""v""><pos>v</pos>
<sense n=""0""> <itype>[b4]</itype><trans> have tiny sores in the mouth.
</trans>
</sense></hom></entry>");
INSERT INTO `wced_head` (entryid, head, normalized_head, type, pos) VALUES (11513, "lúas", "luas", "m", "nv");
INSERT INTO `wced_entry` VALUES (11514, "luatan", "626", "<entry page=""626"" id=""11514""><form id=""luaxtan"" lang=""ceb"">luátan</form>
<hom role=""n""><pos>n</pos>
<sense n=""0""><trans> joints, a place of union between two separate bones.
</trans>
</sense></hom></entry>");
INSERT INTO `wced_head` (entryid, head, normalized_head, type, pos) VALUES (11514, "luátan", "luatan", "m", "n");
INSERT INTO `wced_entry` VALUES (11515, "luay1", "626", "<entry page=""626"" id=""11515""><form id=""luay"" lang=""ceb"">luay<sub>1</sub></form>
<hom role=""n""><pos>n</pos>
<sense n=""0""><trans> leader in fishing with a line. </trans>
</sense></hom>
<hom role=""v""><pos>v</pos>
<sense n=""0""> <itype>[A; b6(1)]</itype><trans> attach a leader to a line.
</trans>
</sense></hom></entry>");
INSERT INTO `wced_head` (entryid, head, normalized_head, type, pos) VALUES (11515, "luay", "luay", "s", "nv");
INSERT INTO `wced_entry` VALUES (11516, "luay2", "626", "<entry page=""626"" id=""11516""><form id=""luay2"" lang=""ceb"">luay<sub>2</sub></form>
<hom role=""v""><pos>v</pos>
<sense n=""0""> <itype>[B2; b6]</itype><trans> be, become weak and limp. </trans>
<eg><i lang=""ceb"">Muluay (maluay) ang láwas sa táwung kuyapan,</i><trans> The body of a person who faints becomes limp. </trans></eg>
<eg><i lang=""ceb"">Nagluay ang úlu sa bátà nga nakatúlug sa silya,</i><trans> The child’s head was hanging limply after he fell asleep in the chair. </trans></eg>
</sense></hom>
<hom role=""a""><pos>a</pos>
<sense n=""0""><trans> flexible, limp. </trans>
<eg><i lang=""ceb"">Luay ang alambri,</i><trans> <pb n=""627""/>Wire is flexible.
</trans></eg>
</sense></hom></entry>");
INSERT INTO `wced_head` (entryid, head, normalized_head, type, pos) VALUES (11516, "luay", "luay", "s", "va");
INSERT INTO `wced_entry` VALUES (11517, "luay3", "627", "<entry page=""627"" id=""11517""><form id=""luay3"" lang=""ceb"">luay<sub>3</sub></form>
<hom>
<sense n=""0""><trans> <xr lang=""ceb"" target=""#dul-ay"">= <sc>dul-ay</sc>.</xr>
</trans>
</sense></hom></entry>");
INSERT INTO `wced_head` (entryid, head, normalized_head, type, pos) VALUES (11517, "luay", "luay", "s", "");
INSERT INTO `wced_entry` VALUES (11518, "luba", "627", "<entry page=""627"" id=""11518""><form id=""luba"" lang=""ceb"">luba</form>
<hom role=""v""><pos>v</pos>
<sense n=""0""> <itype>[B26]</itype><trans> <tr>give way</tr> under pressure, persecution, public opinion. </trans>
<eg><i lang=""ceb"">Dì muluba (maluba) ning ákung pagbátì bísan taliwā̀ sa pagtámay,</i><trans> My love will not give way no matter how much scorn they may heap on me. </trans></eg>
<eg><i lang=""ceb"">Ang lúhà sa íyang asáwa mauy nakapaluba (nakaluba) sa íyang hugut nga hukum,</i><trans> His wife’s tears moved him to back down from his firm decision.
</trans></eg>
</sense></hom></entry>");
INSERT INTO `wced_head` (entryid, head, normalized_head, type, pos) VALUES (11518, "luba", "luba", "m", "v");
INSERT INTO `wced_translation` (entryid, translation) VALUES (11518, "give way");
INSERT INTO `wced_entry` VALUES (11519, "luba", "627", "<entry page=""627"" id=""11519""><form id=""luxbaq"" lang=""ceb"">lúbà</form>
<hom role=""v""><pos>v</pos>
<sense n=""0""> <itype>[A3S; a1]</itype><trans> <tr>stab</tr>. </trans>
<eg><i lang=""ceb"">Naprísu siya kay nakalúbà,</i><trans> He was put in jail because he stabbed s.o.
</trans></eg>
</sense></hom></entry>");
INSERT INTO `wced_head` (entryid, head, normalized_head, type, pos) VALUES (11519, "lúbà", "luba", "m", "v");
INSERT INTO `wced_translation` (entryid, translation) VALUES (11519, "stab");
INSERT INTO `wced_entry` VALUES (11520, "lubad", "627", "<entry page=""627"" id=""11520""><form id=""lubad"" lang=""ceb"">lubad</form>
<hom role=""v""><pos>v</pos>
<sense n=""1""><number>1</number> <itype>[B2]</itype><trans> <tr>fade</tr>. </trans>
<eg><i lang=""ceb"">Milubad (nalubad) ang púlu kay gibakhan,</i><trans> The shirt faded because it was bleached in the sun. </trans></eg>
<eg><i lang=""ceb"">Nagkalubad ang singsing pansi,</i><trans> The imitation ring is fading. </trans></eg>
</sense>
<sense n=""2""><number>2</number> <itype>[B246; b4]</itype><trans> for colors to run. </trans>
<eg><i lang=""ceb"">Gilubdan ang putì nga giságul sa dikulur,</i><trans> When the white and the colored clothing were washed together, the colors ran onto the white cloth. </trans></eg>
</sense>
<sense n=""3""><number>3</number> <itype>[B2]</itype><trans> for feelings, traits, etc. to <tr>fade</tr>. </trans>
<eg><i lang=""ceb"">Ang panahun makapalubad (makalubad) sa panaghigalaay,</i><trans> Time can make a friendship fade. </trans></eg>
</sense>
<sense n=""3a""><number>3a</number> <itype>[AB]</itype><trans> change one’s mind, cause s.o. to do so. </trans>
<eg><i lang=""ceb"">Dì giyud siya maglubad sa íyang hukum,</i><trans> He never changes his decisions. </trans></eg>
<eg><i lang=""ceb"">Milubad (nalubad) ang íyang hunàhúnà pagkabuntag,</i><trans> She changed her mind the following morning. </trans></eg>
</sense>
<sense n=""4""><number>4</number><trans> for the voice to break. </trans>
<eg><i lang=""ceb"">Ulitáwu ka na kay milubad nag ímung tíngug,</i><trans> You are an adolescent now because your voice has started to break. </trans></eg>
</sense></hom>
<hom role=""a""><pos>a</pos>
<sense n=""0""><trans> <tr>faded</tr>. </trans>
<eg><i lang=""ceb"">Sinínang lubad,</i><trans> A faded shirt. </trans></eg>
</sense></hom>
<entry><form id=""palubad"" lang=""ceb""><abbr expan=""palubad"">pa-</abbr></form>
<hom role=""v""><pos>v</pos>
<sense n=""0""> <itype>[A; c6]</itype><trans> shift the topic of conversation. </trans>
<eg><i lang=""ceb"">Mipalubad dáyun siya dihang ákù na untang sukmátan,</i><trans> He changed the subject right away when I was about to confront him. </trans></eg>
</sense></hom></entry>
<entry><form id=""lubarun"" lang=""ceb"">lubarun</form>
<hom role=""a""><pos>a</pos>
<sense n=""0""><trans> of a <tr>faded</tr> sort. </trans>
<eg><i lang=""ceb"">Lubarun na ning pulúha, dáan na man gud,</i><trans> This sport shirt is faded because it is already old.
</trans></eg>
</sense></hom></entry></entry>");
INSERT INTO `wced_head` (entryid, head, normalized_head, type, pos) VALUES (11520, "lubad", "lubad", "m", "va");
INSERT INTO `wced_head` (entryid, head, normalized_head, type, pos) VALUES (11520, "palubad", "palubad", "s", "v");
INSERT INTO `wced_head` (entryid, head, normalized_head, type, pos) VALUES (11520, "lubarun", "lubarun", "s", "a");
INSERT INTO `wced_translation` (entryid, translation) VALUES (11520, "fade");
INSERT INTO `wced_translation` (entryid, translation) VALUES (11520, "faded");
INSERT INTO `wced_entry` VALUES (11521, "*lubag1", "627", "<entry page=""627"" id=""11521""><form id=""xxlubag"" lang=""ceb"">*lubag<sub>1</sub></form>
<entry><form id=""palubag"" lang=""ceb""><abbr expan=""palubag"">pa-</abbr></form>
<hom role=""v""><pos>v</pos>
<sense n=""0""> <itype>[A2; c]</itype><trans> <tr>change the topic</tr> of conversation, take s.t. back. </trans>
<eg><i lang=""ceb"">Mangumidiya siya, apan kun masukù na ang íyang kumidiyáhan, mupalubag (magpalubag) dáyun siya,</i><trans> He teases, but when the fellow he is teasing gets angry, he immediately takes it back. </trans></eg>
<eg><i lang=""ceb"">Báhin sa gugma ang íyang gipalubag,</i><trans> He changed the topic of conversation to love.
</trans></eg>
</sense></hom></entry></entry>");
INSERT INTO `wced_head` (entryid, head, normalized_head, type, pos) VALUES (11521, "lubag", "lubag", "s", "");
INSERT INTO `wced_head` (entryid, head, normalized_head, type, pos) VALUES (11521, "palubag", "palubag", "s", "v");
INSERT INTO `wced_translation` (entryid, translation) VALUES (11521, "change the topic");
INSERT INTO `wced_entry` VALUES (11522, "lubag", "627", "<entry page=""627"" id=""11522""><form id=""luxbag"" lang=""ceb"">lúbag</form>
<hom role=""v""><pos>v</pos>
<sense n=""1""><number>1</number> <itype>[AB6; ab]</itype><trans> <tr>twist</tr> s.t., <tr>wring</tr> s.t. out. </trans>
<eg><i lang=""ceb"">Lubágun ku nang líug mu, animála ka,</i><trans> I will wring your neck, you beast. </trans></eg>
<eg><i lang=""ceb"">Lubági ang linabhan arun daling mauga,</i><trans> Wring out the clothes so they will dry quickly. </trans></eg>
</sense>
<sense n=""2""><number>2</number> <itype>[A13]</itype><trans> for flat boards to be <tr>warped</tr>. </trans>
<eg><i lang=""ceb"">Naglúbag ang tabla kay dúgayng nabulad sa ínit,</i><trans> The board is warped because it was left in the sun for a long time. </trans></eg>
</sense></hom>
<entry><form id=""lubag2"" lang=""ceb""><abbr expan=""lubag"">(→)</abbr><sub>2</sub></form>
<hom role=""n""><pos>n</pos>
<sense n=""0""><trans> liquid obtained by squeezing plants for their sap. </trans>
<eg><i lang=""ceb"">Maáyung bubhu ang lubag sa bawnus,</i><trans> The squeezings from the gogo vine make good shampoo. </trans></eg>
</sense></hom>
<hom role=""v""><pos>v</pos>
<sense n=""0""> <itype>[A2; c]</itype><trans> </trans>
</sense>
<sense n=""1""><number>1</number><trans> exude a juice, taste, color when soaked in water. </trans>
<eg><i lang=""ceb"">Pula ang ilubag sa tungug,</i><trans> Mangrove bark gives off a red color. </trans></eg>
</sense>
<sense n=""2""><number>2</number><trans> for the results of bad behavior to come out. </trans>
<eg><i lang=""ceb"">Milubag na ang íyang pangarmin. Napaangkan siya,</i><trans> Her habit of always making herself up has borne fruit. Now she got pregnant. </trans></eg>
</sense>
<sense n=""3""><number>3</number> <itype>[A2N]</itype><trans> for dirt to loosen so that it comes out easily. </trans>
<eg><i lang=""ceb"">Ihúmul únà sa sabun nang mga bulingun bwáhan makalubag ang buling,</i><trans> Soak the dirty clothes in soapy water so that the dirt can come loose. </trans></eg>
</sense></hom></entry>
<entry><form id=""lubagluxbag"" lang=""ceb"">lubaglúbag</form>
<hom role=""v""><pos>v</pos>
<sense n=""0""> <itype>[A; c6]</itype><trans> writhe. </trans>
<eg><i lang=""ceb"">Naglubaglúbag siya sa katri sa kasakit,</i><trans> He is writhing in pain on the bed. </trans></eg>
</sense></hom></entry>
<entry><form id=""linuxbag"" lang=""ceb""><abbr expan=""linúbag"">-in-</abbr></form>
<hom role=""n""><pos>n</pos>
<sense n=""0""><trans> liquid or juice squeezed out of s.t. </trans>
<eg><i lang=""ceb"">Waswási pag linabhan kay lubug pag linúbag,</i><trans> Rinse the clothes once more because the water you are wringing out is still dirty. </trans></eg>
</sense></hom></entry>
<entry><form id=""paluxbag"" lang=""ceb""><abbr expan=""palúbag"">pa-</abbr></form>
<hom role=""v""><pos>v</pos>
<sense n=""0""> <itype>[A; c]</itype><trans> cause s.t. to exude its juice or dirt to come out. </trans>
</sense></hom>
<hom role=""n""><pos>n</pos>
<sense n=""0""><trans> s.t. which can loosen dirt.
</trans>
</sense></hom></entry></entry>");
INSERT INTO `wced_head` (entryid, head, normalized_head, type, pos) VALUES (11522, "lúbag", "lubag", "m", "v");
INSERT INTO `wced_head` (entryid, head, normalized_head, type, pos) VALUES (11522, "lubag", "lubag", "s", "nv");
INSERT INTO `wced_head` (entryid, head, normalized_head, type, pos) VALUES (11522, "lubaglúbag", "lubaglubag", "s", "v");
INSERT INTO `wced_head` (entryid, head, normalized_head, type, pos) VALUES (11522, "linúbag", "linubag", "s", "n");
INSERT INTO `wced_head` (entryid, head, normalized_head, type, pos) VALUES (11522, "palúbag", "palubag", "s", "vn");
INSERT INTO `wced_translation` (entryid, translation) VALUES (11522, "twist");
INSERT INTO `wced_translation` (entryid, translation) VALUES (11522, "wring");
INSERT INTO `wced_translation` (entryid, translation) VALUES (11522, "warped");
INSERT INTO `wced_entry` VALUES (11523, "lubak", "627", "<entry page=""627"" id=""11523""><form id=""lubak"" lang=""ceb"">lubak</form>
<hom role=""v""><pos>v</pos>
<sense n=""0""> <itype>[A; a]</itype><trans> pound, beat heavily with s.t. </trans>
<eg><i lang=""ceb"">Tulu ka táwu ang mulubak (maglubak) sa humay,</i><trans> Three persons will pound the rice. </trans></eg>
<eg><i lang=""ceb"">Lubakun ku sa kúmù ang ímung nawung,</i><trans> I will beat your face with my fists.
</trans></eg>
</sense></hom></entry>");
INSERT INTO `wced_head` (entryid, head, normalized_head, type, pos) VALUES (11523, "lubak", "lubak", "m", "v");
INSERT INTO `wced_entry` VALUES (11524, "lubakan", "627", "<entry page=""627"" id=""11524""><form id=""lubakan"" lang=""ceb"">lubakan</form>
<hom role=""n""><pos>n</pos>
<sense n=""1""><number>1</number><trans> a coconut palm with the defect that its nuts and fronds easily break or fall off. </trans>
</sense>
<sense n=""2""><number>2</number><trans> the way certain coconuts develop with a husk so thick that the nut looks very much bigger than the ordinary, but with an ordinary amount of meat. </trans>
</sense></hom>
<hom role=""v""><pos>v</pos>
<sense n=""0""> <itype>[B1256]</itype><trans> for a coconut tree to get to be so that the nuts and fronds break off easily.
</trans>
</sense></hom></entry>");
INSERT INTO `wced_head` (entryid, head, normalized_head, type, pos) VALUES (11524, "lubakan", "lubakan", "m", "nv");
INSERT INTO `wced_entry` VALUES (11525, "lubang1", "627", "<entry page=""627"" id=""11525""><form id=""lubang"" lang=""ceb"">lubang<sub>1</sub></form>
<hom role=""v""><pos>v</pos>
<sense n=""0""> <itype>[A; c]</itype><trans> transplant seedlings. </trans>
<eg><i lang=""ceb"">Kamiy mulubang sa mga lubi,</i><trans> We will transplant the coconut seedlings. </trans></eg>
</sense></hom>
<hom role=""n""><pos>n</pos>
<sense n=""0""><trans> seedling.
</trans>
</sense></hom></entry>");
INSERT INTO `wced_head` (entryid, head, normalized_head, type, pos) VALUES (11525, "lubang", "lubang", "s", "vn");
INSERT INTO `wced_entry` VALUES (11526, "lubang2", "627", "<entry page=""627"" id=""11526""><form id=""lubang2"" lang=""ceb"">lubang<sub>2</sub></form>
<hom role=""v""><pos>v</pos>
<sense n=""0""> <itype>[B246]</itype><trans> for pimples or rash to come out. </trans>
<eg><i lang=""ceb"">Mulubang ang mga butuybutuy ug mukáun siyag pasáyan,</i><trans> She breaks out in rash if she eats shrimps.
</trans></eg>
</sense></hom></entry>");
INSERT INTO `wced_head` (entryid, head, normalized_head, type, pos) VALUES (11526, "lubang", "lubang", "s", "v");
INSERT INTO `wced_entry` VALUES (11527, "lubang", "627", "<entry page=""627"" id=""11527""><form id=""luxbang"" lang=""ceb"">lúbang</form>
<hom role=""n""><pos>n</pos>
<sense n=""0""><trans> k.o. upland rice with big, round, reddish grains that ripen in five months.
</trans>
</sense></hom></entry>");
INSERT INTO `wced_head` (entryid, head, normalized_head, type, pos) VALUES (11527, "lúbang", "lubang", "m", "n");
INSERT INTO `wced_entry` VALUES (11528, "lub-ang1", "627", "<entry page=""627"" id=""11528""><form id=""lub-ang"" lang=""ceb"">lub-ang<sub>1</sub></form>
<hom role=""v""><pos>v</pos>
<sense n=""0""> <itype>[A; c]</itype><trans> put all of s.t. in one container. </trans>
<eg><i lang=""ceb"">Kinsa may naglub-ang íning tanang ságing sa kúlun?</i><trans> Who put all the bananas in the pot? </trans></eg>
<eg><i lang=""ceb"">Ilub-ang ang tanang linabhan sa duwang,</i><trans> Put all of the laundry in the basin.
</trans></eg>
</sense></hom></entry>");
INSERT INTO `wced_head` (entryid, head, normalized_head, type, pos) VALUES (11528, "lub-ang", "lub-ang", "s", "v");
INSERT INTO `wced_entry` VALUES (11529, "lub-ang2", "627", "<entry page=""627"" id=""11529""><form id=""lub-ang2"" lang=""ceb"">lub-ang<sub>2</sub></form>
<hom role=""n""><pos>n</pos>
<sense n=""1""><number>1</number><trans> pothole. </trans>
</sense>
<sense n=""2""><number>2</number><trans> hole to plant seedlings in. </trans>
</sense></hom>
<hom role=""v""><pos>v</pos>
<sense n=""0""> <itype>[B12]</itype><trans> for potholes to develop. </trans>
</sense></hom>
<entry><form id=""lub-angun"" lang=""ceb""><abbr expan=""lub-angun"">-un(→)</abbr></form>
<hom role=""n""><pos>n</pos>
<sense n=""0""><trans> seedling ready for transplanting to holes dug for the purpose.
</trans>
</sense></hom></entry></entry>");
INSERT INTO `wced_head` (entryid, head, normalized_head, type, pos) VALUES (11529, "lub-ang", "lub-ang", "s", "nv");
INSERT INTO `wced_head` (entryid, head, normalized_head, type, pos) VALUES (11529, "lub-angun", "lub-angun", "s", "n");
INSERT INTO `wced_entry` VALUES (11530, "lubas", "627", "<entry page=""627"" id=""11530""><form id=""luxbas"" lang=""ceb"">lúbas</form>
<hom role=""n""><pos>n</pos>
<sense n=""1""><number>1</number><trans> heartwood of timber. </trans>
</sense>
<sense n=""2""><number>2</number><trans> maturity, enough years to become seasoned (literary). <pb n=""628""/></trans>
</sense></hom>
<hom role=""v""><pos>v</pos>
<sense n=""0""> <itype>[b4]</itype><trans> have well-developed heartwood. </trans>
</sense></hom>
<entry><form id=""lubaxsan"" lang=""ceb""><abbr expan=""lubásan"">-an</abbr></form>
<hom role=""a""><pos>a</pos>
<sense n=""1""><number>1</number><trans> having well-developed heartwood. </trans>
</sense>
<sense n=""2""><number>2</number><trans> <tr>seasoned</tr>, <tr>experienced</tr>. </trans>
<eg><i lang=""ceb"">Lubásan nga magbabalaud,</i><trans> Seasoned lawmaker.
</trans></eg>
</sense></hom></entry></entry>");
INSERT INTO `wced_head` (entryid, head, normalized_head, type, pos) VALUES (11530, "lúbas", "lubas", "m", "nv");
INSERT INTO `wced_head` (entryid, head, normalized_head, type, pos) VALUES (11530, "lubásan", "lubasan", "s", "a");
INSERT INTO `wced_translation` (entryid, translation) VALUES (11530, "seasoned");
INSERT INTO `wced_translation` (entryid, translation) VALUES (11530, "experienced");
INSERT INTO `wced_entry` VALUES (11531, "lubat", "628", "<entry page=""628"" id=""11531""><form id=""lubat"" lang=""ceb"">lubat</form>
<hom role=""n""><pos>n</pos>
<sense n=""0""><trans> illness caused by a frightening experience, esp. contact with the dead. The cure is <ix>palínà</ix>. (<ix>see</ix> <sc>*línà<sub>2</sub></sc>) </trans>
<eg><i lang=""ceb"">Kanang íyang gibátì lubat nà niadtung kalit nga pagdawugdug,</i><trans> Her sickness is due to the intense fright she suffered from hearing the thunder. </trans></eg>
</sense></hom>
<hom role=""v""><pos>v</pos>
<sense n=""0""> <itype>[B246; b4]</itype><trans> for an illness to develop or for s.t. that one has to get worse because of intense fright. </trans>
<eg><i lang=""ceb"">Mulubat ang kabahung basta iadtug mintiryu,</i><trans> Sores get worse if you go to a cemetery when you have them. </trans></eg>
<eg><i lang=""ceb"">Gilubatan ang bátà kay gidúul sa minatay,</i><trans> The child got ill from fright because he was made to go near the corpse. </trans></eg>
</sense></hom>
<entry><form id=""palubat"" lang=""ceb""><abbr expan=""palubat"">pa-</abbr></form>
<hom role=""v""><pos>v</pos>
<sense n=""0""> <itype>[A; c]</itype><trans> startle s.o. by s.t. sudden—a shout or a sudden spring from a concealed position. </trans>
<eg><i lang=""ceb"">Palubatan nákù si Náti inigsúd sa kwartu,</i><trans> I’ll frighten Natie when she enters the room.
</trans></eg>
</sense></hom></entry></entry>");
INSERT INTO `wced_head` (entryid, head, normalized_head, type, pos) VALUES (11531, "lubat", "lubat", "m", "nv");
INSERT INTO `wced_head` (entryid, head, normalized_head, type, pos) VALUES (11531, "palubat", "palubat", "s", "v");
INSERT INTO `wced_entry` VALUES (11532, "lubaung", "628", "<entry page=""628"" id=""11532""><form id=""lubaung"" lang=""ceb"">lubaung</form>
<hom>
<sense n=""0""><trans><xr lang=""ceb"" target=""#libaung"">= <sc>libaung</sc>.</xr>
</trans>
</sense></hom></entry>");
INSERT INTO `wced_head` (entryid, head, normalized_head, type, pos) VALUES (11532, "lubaung", "lubaung", "m", "");
INSERT INTO `wced_entry` VALUES (11533, "lubay, lubay", "628", "<entry page=""628"" id=""11533""><form id=""lubay_luxbay"" lang=""ceb"">lubay, lúbay</form>
<hom role=""a""><pos>a</pos>
<sense n=""0""><trans> <tr>pliant</tr>, easily bent. </trans>
<eg><i lang=""ceb"">Lúbay ang kawáyan,</i><trans> Bamboo bends. </trans></eg>
</sense></hom>
<hom role=""v""><pos>v</pos>
<sense n=""0""> <itype>[B2; b6]</itype><trans> become <tr>supple</tr>. </trans>
<eg><i lang=""ceb"">Mulúbay (malúbay) ímung láwas ug mukúhà kag bali,</i><trans> Your body becomes supple if you take ballet lessons. </trans></eg>
</sense></hom>
<entry><form id=""lubay"" lang=""ceb""><abbr expan=""lubay"">(→)</abbr></form>
<hom role=""n""><pos>n</pos>
<sense n=""0""><trans> tender string beans. </trans>
</sense></hom></entry>
<entry><form id=""lubayluxbay"" lang=""ceb"">lubaylúbay</form>
<hom role=""v""><pos>v</pos>
<sense n=""0""> <itype>[A1P; c16]</itype><trans> move or do s.t. slowly with a wiggly body. </trans>
<eg><i lang=""ceb"">Maglubaylúbay (magpalubaylúbay) giyud nà siyang maglakaw, mu rag báyut,</i><trans> He walks slowly wiggling his body like a fairy. </trans></eg>
</sense></hom>
<hom role=""n""><pos>n</pos>
<sense n=""0""><trans> k.o. <tr>wrasse</tr>.
</trans>
</sense></hom></entry></entry>");
INSERT INTO `wced_head` (entryid, head, normalized_head, type, pos) VALUES (11533, "lubay", "lubay", "s", "av");
INSERT INTO `wced_head` (entryid, head, normalized_head, type, pos) VALUES (11533, "lúbay", "lubay", "s", "av");
INSERT INTO `wced_head` (entryid, head, normalized_head, type, pos) VALUES (11533, "lubaylúbay", "lubaylubay", "s", "vn");
INSERT INTO `wced_translation` (entryid, translation) VALUES (11533, "pliant");
INSERT INTO `wced_translation` (entryid, translation) VALUES (11533, "supple");
INSERT INTO `wced_translation` (entryid, translation) VALUES (11533, "wrasse");
INSERT INTO `wced_entry` VALUES (11534, "lubi", "628", "<entry page=""628"" id=""11534""><form id=""lubi"" lang=""ceb"">lubi</form>
<hom role=""n""><pos>n</pos>
<sense n=""0""><trans> <tr>coconut</tr>: <bio>Cocos nucifera</bio>. </trans>
</sense></hom>
<entry><form id=""mugbuq_pa_ang_lubi"" lang=""ceb"">mugbù pa ang <abbr expan=""lubi"">—</abbr></form>
<hom>
<sense n=""0""><trans> <tr>long ago</tr>. </trans>
</sense></hom></entry>
<entry><form id=""lubi_nga_lupixsan"" lang=""ceb""><abbr expan=""lubi"">—</abbr> nga lupísan</form>
<hom role=""n""><pos>n</pos>
<sense n=""0""><trans> variety with green husks. </trans>
</sense></hom></entry>
<entry><form id=""lubi_nga_ugis"" lang=""ceb""><abbr expan=""lubi"">—</abbr> nga ugis</form>
<hom role=""n""><pos>n</pos>
<sense n=""0""><trans> variety with whitish nuts, used in making coconut oil for medicinal purposes. </trans>
</sense></hom>
<hom role=""v""><pos>v</pos>
<sense n=""0""> <itype>[b(1)]</itype><trans> mix milk extracted from coconut meat with s.t. </trans>
<eg><i lang=""ceb"">Nindut ang sabaw sa kinhasun ug lubihan,</i><trans> A chowder of seashells tastes good if coconut milk is added to it. </trans></eg>
</sense></hom></entry>
<entry><form id=""lubiluxbi"" lang=""ceb"">lubilúbi</form>
<hom role=""v""><pos>v</pos>
<sense n=""0""> <itype>[A; ab]</itype><trans> weed or clean the area around each coconut plant. </trans>
<eg><i lang=""ceb"">Ug dì nátù matibuuk paglimpiyu, lubilubíhun lang,</i><trans> If we can’t clean the whole area, just clean under each tree. </trans></eg>
</sense></hom>
<hom role=""n""><pos>n</pos>
<sense n=""1""><number>1</number><trans> name given to various plants commonly found in coconut groves. </trans>
</sense>
<sense n=""1a""><number>1a</number><trans> k.o. shrub with no branches and reddish leaves growing at the tops. </trans>
</sense>
<sense n=""1b""><number>1b</number><trans> k.o. <tr>ground orchids</tr>, e.g. the ornamental <tr>orchid</tr>: <bio>Spathoglottis plicata</bio>. </trans>
</sense>
<sense n=""2""><number>2</number><trans> name given to k.o. palm. </trans>
</sense></hom></entry>
<entry><form id=""palubiluxbi"" lang=""ceb"">palubilúbi</form>
<hom role=""v""><pos>v</pos>
<sense n=""0""> <itype>[A]</itype><trans> play hard to get (from the notion that coconut meat is hard to extract from its shell). </trans>
<eg><i lang=""ceb"">Nagpalubilúbi siya ábig ákung lugítun,</i><trans> She is playing hard to get. She thinks I’m going to try to extract her from the shell. </trans></eg>
</sense></hom></entry>
<entry><form id=""kalubihan_kalubian_kalubinhan"" lang=""ceb"">kalubihan, kalubian, kalubinhan</form>
<hom role=""n""><pos>n</pos>
<sense n=""0""><trans> coconut grove. </trans>
</sense></hom></entry>
<entry><form id=""tagalubi"" lang=""ceb""><abbr expan=""tagalubi"">taga-</abbr></form>
<hom role=""n""><pos>n</pos>
<sense n=""0""><trans> a system of trading in which the merchandise, esp. home-made food preparations as cakes, etc., are bartered for mature coconuts. </trans>
</sense></hom>
<hom role=""v""><pos>v</pos>
<sense n=""0""> <itype>[c6]</itype><trans> barter goods for coconuts. </trans>
<eg><i lang=""ceb"">Itagalubi ni nákung bibingka,</i><trans> I’ll barter these rice cakes for coconuts.
</trans></eg>
</sense></hom></entry></entry>");
INSERT INTO `wced_head` (entryid, head, normalized_head, type, pos) VALUES (11534, "lubi", "lubi", "m", "n");
INSERT INTO `wced_head` (entryid, head, normalized_head, type, pos) VALUES (11534, "mugbù pa ang lubi", "mugbu pa ang lubi", "s", "");
INSERT INTO `wced_head` (entryid, head, normalized_head, type, pos) VALUES (11534, "lubi nga lupísan", "lubi nga lupisan", "s", "n");
INSERT INTO `wced_head` (entryid, head, normalized_head, type, pos) VALUES (11534, "lubi nga ugis", "lubi nga ugis", "s", "nv");
INSERT INTO `wced_head` (entryid, head, normalized_head, type, pos) VALUES (11534, "lubilúbi", "lubilubi", "s", "vn");
INSERT INTO `wced_head` (entryid, head, normalized_head, type, pos) VALUES (11534, "palubilúbi", "palubilubi", "s", "v");
INSERT INTO `wced_head` (entryid, head, normalized_head, type, pos) VALUES (11534, "kalubihan", "kalubihan", "s", "n");
INSERT INTO `wced_head` (entryid, head, normalized_head, type, pos) VALUES (11534, "kalubian", "kalubian", "s", "n");
INSERT INTO `wced_head` (entryid, head, normalized_head, type, pos) VALUES (11534, "kalubinhan", "kalubinhan", "s", "n");
INSERT INTO `wced_head` (entryid, head, normalized_head, type, pos) VALUES (11534, "tagalubi", "tagalubi", "s", "nv");
INSERT INTO `wced_translation` (entryid, translation) VALUES (11534, "coconut");
INSERT INTO `wced_translation` (entryid, translation) VALUES (11534, "long ago");
INSERT INTO `wced_translation` (entryid, translation) VALUES (11534, "ground orchids");
INSERT INTO `wced_translation` (entryid, translation) VALUES (11534, "orchid");
INSERT INTO `wced_entry` VALUES (11535, "lubid", "628", "<entry page=""628"" id=""11535""><form id=""luxbid"" lang=""ceb"">lúbid</form>
<hom role=""v""><pos>v</pos>
<sense n=""0""> <itype>[AB12; a]</itype><trans> twist together, twine. </trans>
<eg><i lang=""ceb"">Nagkalúbid íyang dílà pagsinultig ininglis,</i><trans> His tongue gets all twisted up in trying to speak English. </trans></eg>
<eg><i lang=""ceb"">Lubíra ang duha ka wáyir arun lig-un giyud,</i><trans> Twist the two wires together to make them really strong. </trans></eg>
</sense></hom>
<hom role=""n""><pos>n</pos>
<sense n=""0""><trans> abaca twine. </trans>
</sense></hom>
<entry><form id=""lubiran"" lang=""ceb"">lubiran</form>
<hom role=""n""><pos>n</pos>
<sense n=""0""><trans> device for twining rope. </trans>
</sense></hom></entry>
<entry><form id=""lubidluxbid_linuxbid"" lang=""ceb"">lubidlúbid, <abbr expan=""linúbid"">-in-</abbr></form>
<hom role=""n""><pos>n</pos>
<sense n=""0""><trans> k.o. hard, crunchy pastry, fashioned like twine, sprinkled with flakes of sugar.
</trans>
</sense></hom></entry></entry>");
INSERT INTO `wced_head` (entryid, head, normalized_head, type, pos) VALUES (11535, "lúbid", "lubid", "m", "vn");
INSERT INTO `wced_head` (entryid, head, normalized_head, type, pos) VALUES (11535, "lubiran", "lubiran", "s", "n");
INSERT INTO `wced_head` (entryid, head, normalized_head, type, pos) VALUES (11535, "lubidlúbid", "lubidlubid", "s", "n");
INSERT INTO `wced_head` (entryid, head, normalized_head, type, pos) VALUES (11535, "linúbid", "linubid", "s", "n");
INSERT INTO `wced_entry` VALUES (11536, "lubing", "628", "<entry page=""628"" id=""11536""><form id=""lubing"" lang=""ceb"">lubing</form>
<hom role=""n""><pos>n</pos>
<sense n=""0""><trans> loop or noose of a lasso which tightens when pulled. </trans>
<eg><i lang=""ceb"">Dakua ang lubing kay dakù ug líug ang báka,</i><trans> Make the loop large because the neck of the cow is large. </trans></eg>
</sense></hom>
<hom role=""v""><pos>v</pos>
<sense n=""0""> <itype>[A; c1]</itype><trans> </trans>
</sense>
<sense n=""1""><number>1</number><trans> catch or ensnare using a lasso or noose which tightens when pulled. </trans>
<eg><i lang=""ceb"">Akuy mulubing (maglubing) sa mga báka,</i><trans> I’ll lasso the cows. </trans></eg>
</sense>
<sense n=""2""><number>2</number><trans> win s.o. through deceit or by fast talk. </trans>
<eg><i lang=""ceb"">Gilubing sa pulitiku ang publiku,</i><trans> The politician had won the public support through his glib words.
</trans></eg>
</sense></hom></entry>");
INSERT INTO `wced_head` (entryid, head, normalized_head, type, pos) VALUES (11536, "lubing", "lubing", "m", "nv");
INSERT INTO `wced_entry` VALUES (11537, "lubintadur", "628", "<entry page=""628"" id=""11537""><form id=""lubintadur"" lang=""ceb"">lubintadur</form>
<hom>
<sense n=""0""><trans> <xr lang=""ceb"" target=""#libintadur"">= <sc>libintadur</sc>.</xr>
</trans>
</sense></hom></entry>");
INSERT INTO `wced_head` (entryid, head, normalized_head, type, pos) VALUES (11537, "lubintadur", "lubintadur", "m", "");
INSERT INTO `wced_entry` VALUES (11538, "lubitus", "628", "<entry page=""628"" id=""11538""><form id=""lubixtus"" lang=""ceb"">lubítus</form>
<hom role=""n""><pos>n</pos>
<sense n=""0""><trans> very small beads sewn on s.t. for decoration. </trans>
</sense></hom>
<hom role=""v""><pos>v</pos>
<sense n=""0""> <itype>[A; b6]</itype><trans> decorate s.t. with <ix>lubítus.</ix>
</trans>
</sense></hom></entry>");
INSERT INTO `wced_head` (entryid, head, normalized_head, type, pos) VALUES (11538, "lubítus", "lubitus", "m", "nv");
INSERT INTO `wced_entry` VALUES (11539, "lublub", "628", "<entry page=""628"" id=""11539""><form id=""lublub"" lang=""ceb"">lublub</form>
<hom role=""v""><pos>v</pos>
<sense n=""1""><number>1</number> <itype>[A;b(1)]</itype><trans> bury oneself. </trans>
<eg><i lang=""ceb"">Kuykúya ang gilublúban sa hanlilítik,</i><trans> Dig down to where the scorpion shrimp buried itself. </trans></eg>
</sense>
<sense n=""2""><number>2</number> <itype>[A; b6]</itype><trans> stay long in a place without much activity. </trans>
<eg><i lang=""ceb"">Naglublub lang siya sa íla kay way kwarta,</i><trans> He just stays home because he doesn’t have any money. </trans></eg>
</sense></hom>
<entry><form id=""lublubanan"" lang=""ceb""><abbr expan=""lublubanan"">-anan</abbr></form>
<hom role=""n""><pos>n</pos>
<sense n=""0""><trans> place where s.o. buries himself or stays long in. †
</trans>
</sense></hom></entry></entry>");
INSERT INTO `wced_head` (entryid, head, normalized_head, type, pos) VALUES (11539, "lublub", "lublub", "m", "v");
INSERT INTO `wced_head` (entryid, head, normalized_head, type, pos) VALUES (11539, "lublubanan", "lublubanan", "s", "n");
INSERT INTO `wced_entry` VALUES (11540, "lubu1", "628", "<entry page=""628"" id=""11540""><form id=""luxbu"" lang=""ceb"">lúbu<sub>1</sub></form>
<hom role=""v""><pos>v</pos>
<sense n=""0""> <itype>[B26; c1P]</itype><trans> for s.t. to be projected upwards at a sharp angle. </trans>
<eg><i lang=""ceb"">Ayawg ilúbu (lubúha ipalúbu, palubúha) inigsirbi kay sayun nang sagngun,</i><trans> Don’t serve it high because it will be easy to spike it. </trans></eg>
</sense></hom>
<hom role=""a""><pos>a</pos>
<sense n=""0""><trans> projected at a sharp angle. </trans>
<eg><i lang=""ceb"">Lúbu ra nga pagkasirbi<corr>,</corr></i><trans> Served too high. </trans></eg>
</sense></hom>
<hom role=""n""><pos>n</pos>
<sense n=""1""><number>1</number><trans> balloon. </trans>
</sense>
<sense n=""2""><number>2</number><trans> hot-air balloon. </trans>
<eg><i lang=""ceb"">Misáka ang lúbu human kadagkuti ang pabílu,</i><trans> The hot-air balloon rose after the wick was lit.
</trans></eg>
</sense></hom></entry>");
INSERT INTO `wced_head` (entryid, head, normalized_head, type, pos) VALUES (11540, "lúbu", "lubu", "s", "van");
INSERT INTO `wced_entry` VALUES (11541, "lubu2", "628", "<entry page=""628"" id=""11541""><form id=""luxbu2"" lang=""ceb"">lúbu<sub>2</sub></form>
<hom role=""n""><pos>n</pos>
<sense n=""0""><trans> wolf.
</trans>
</sense></hom></entry>");
INSERT INTO `wced_head` (entryid, head, normalized_head, type, pos) VALUES (11541, "lúbu", "lubu", "s", "n");
INSERT INTO `wced_entry` VALUES (11542, "lubu", "628", "<entry page=""628"" id=""11542""><form id=""luxbuq"" lang=""ceb"">lúbù</form>
<hom role=""v""><pos>v</pos>
<sense n=""0""> <itype>[A; a]</itype><trans> </trans>
</sense>
<sense n=""1""><number>1</number><trans> remove grains of corn from the cob. </trans>
<eg><i lang=""ceb"">Lubúa nang mais arun ipagaling,</i><trans> Remove the kernels so we can mill them. </trans></eg>
</sense>
<sense n=""2""><number>2</number><trans> remove teeth, serrations, or anything protruding in a series, like the grains of corn. </trans>
<eg><i lang=""ceb"">Malúbù run nang ngípun mug musúpak ka,</i><trans> You’ll be minus your teeth if you don’t <pb n=""629""/>cooperate. </trans></eg>
</sense></hom>
<entry><form id=""hangyuq_luxbuq"" lang=""ceb"">hangyù <abbr expan=""lúbù"">—</abbr></form>
<hom>
<sense n=""0""><trans> request made in such a way it cannot be turned down (so called from the notion that as one is asking for corn he is at the same time picking at the grains).
</trans>
</sense></hom></entry></entry>");
INSERT INTO `wced_head` (entryid, head, normalized_head, type, pos) VALUES (11542, "lúbù", "lubu", "m", "v");
INSERT INTO `wced_head` (entryid, head, normalized_head, type, pos) VALUES (11542, "hangyù lúbù", "hangyu lubu", "s", "");
INSERT INTO `wced_entry` VALUES (11543, "lubug", "629", "<entry page=""629"" id=""11543""><form id=""lubug"" lang=""ceb"">lubug</form>
<hom role=""v""><pos>v</pos>
<sense n=""0""> <itype>[A; b6]</itype><trans> </trans>
</sense>
<sense n=""1""><number>1</number><trans> for a person to sit with the rump smack on the ground or for an animal to sit or lie with its limbs flat on the ground. </trans>
<eg><i lang=""ceb"">Milubug sa sawug ang irù,</i><trans> The dog was stretched out on the floor. </trans></eg>
</sense>
<sense n=""1a""><number>1a</number><trans> for the sun to be about to set. </trans>
<eg><i lang=""ceb"">Milubug na ang adlaw sa kasadpan,</i><trans> The sun was about to set (lit. sitting on its rump in the west). </trans></eg>
</sense>
<sense n=""2""><number>2</number><trans> stay in a place for some time, but temporarily. </trans>
<eg><i lang=""ceb"">Duha na ku ka simánang lubug dinhi kay way kasakyan,</i><trans> I have been stuck here for two weeks because there has been no transportation. </trans></eg>
</sense>
<sense n=""2a""><number>2a</number> <form id=""lubug_sa_banig"" lang=""ceb""><abbr expan=""lubug"">—</abbr> sa banig</form><trans> <itype>[A13]</itype> stay in bed due to illness. </trans>
<eg><i lang=""ceb"">Mutúig na siyang galubug sa banig,</i><trans> He has been bedridden for almost a year. </trans></eg>
</sense></hom>
<entry><form id=""lubganan"" lang=""ceb"">lubganan</form>
<hom role=""n""><pos>n</pos>
<sense n=""0""><trans> place where animals habitually lie down.
</trans>
</sense></hom></entry></entry>");
INSERT INTO `wced_head` (entryid, head, normalized_head, type, pos) VALUES (11543, "lubug", "lubug", "m", "v");
INSERT INTO `wced_head` (entryid, head, normalized_head, type, pos) VALUES (11543, "lubug sa banig", "lubug sa banig", "s", "");
INSERT INTO `wced_head` (entryid, head, normalized_head, type, pos) VALUES (11543, "lubganan", "lubganan", "s", "n");
INSERT INTO `wced_entry` VALUES (11544, "lubug", "629", "<entry page=""629"" id=""11544""><form id=""luxbug"" lang=""ceb"">lúbug</form>
<hom role=""v""><pos>v</pos>
<sense n=""1""><number>1</number> <itype>[AB2; a]</itype><trans> for liquid to get or be made murky with sediment. </trans>
<eg><i lang=""ceb"">Mulúbug (malúbug) ang subà ug mubahà,</i><trans> The river becomes muddy during floods. </trans></eg>
<eg><i lang=""ceb"">Ang nangaligúay mauy naglúbug sa subà,</i><trans> The bathers made the river all muddy. </trans></eg>
</sense>
<sense n=""2""><number>2</number> <itype>[AB12]</itype><trans> for one’s sight to become, be made blurry. </trans>
<eg><i lang=""ceb"">Bulug sa lúhà nga milúbug sa íyang mata,</i><trans> A torrent of tears that blurred her sight. </trans></eg>
</sense>
<sense n=""3""><number>3</number> <itype>[A; a12]</itype><trans> make a wild disturbance so as to disrupt an activity. </trans>
<eg><i lang=""ceb"">Tagagawas ang naglúbug sa ámung parti,</i><trans> Some outsiders disrupted our party. </trans></eg>
</sense></hom>
<hom role=""a""><pos>a</pos>
<sense n=""0""><trans> murky, blurred. </trans>
</sense></hom>
<entry><form id=""lubug"" lang=""ceb""><abbr expan=""lubug"">(→)</abbr></form>
<hom>
<sense n=""0""><trans> <xr lang=""ceb"" target=""#luxbug"">= <sc>lúbug</sc>, <i lang=""ceb"">a</i>.</xr> </trans>
</sense></hom></entry>
<entry><form id=""lubugun"" lang=""ceb""><abbr expan=""lubugun"">-un(→)</abbr></form>
<hom role=""a""><pos>a</pos>
<sense n=""0""><trans> of a muddy, murky sort.
</trans>
</sense></hom></entry></entry>");
INSERT INTO `wced_head` (entryid, head, normalized_head, type, pos) VALUES (11544, "lúbug", "lubug", "m", "va");
INSERT INTO `wced_head` (entryid, head, normalized_head, type, pos) VALUES (11544, "lubug", "lubug", "s", "");
INSERT INTO `wced_head` (entryid, head, normalized_head, type, pos) VALUES (11544, "lubugun", "lubugun", "s", "a");
INSERT INTO `wced_entry` VALUES (11545, "lubuk", "629", "<entry page=""629"" id=""11545""><form id=""lubuk"" lang=""ceb"">lubuk</form>
<hom role=""v""><pos>v</pos>
<sense n=""1""><number>1</number> <itype>[A; a]</itype><trans> pound with a pestle. </trans>
<eg><i lang=""ceb"">Lubka (lukba) lang ang tipasì. Ayawg ipagaling,</i><trans> Just pound the rice. Don’t have it milled. </trans></eg>
</sense>
<sense n=""2""><number>2</number> <itype>[A; a12]</itype><trans> rain blows on the body. </trans>
<eg><i lang=""ceb"">Lubkun únà sa buksidur ang tiyan sa íyang kuntra,</i><trans> The boxer pounds his opponent’s stomach first. </trans></eg>
</sense></hom>
<entry><form id=""lubkanan"" lang=""ceb"">lubkanan</form>
<hom role=""n""><pos>n</pos>
<sense n=""1""><number>1</number><trans> place where pounding is done. </trans>
</sense>
<sense n=""2""><number>2</number><trans> mortar.
</trans>
</sense></hom></entry></entry>");
INSERT INTO `wced_head` (entryid, head, normalized_head, type, pos) VALUES (11545, "lubuk", "lubuk", "m", "v");
INSERT INTO `wced_head` (entryid, head, normalized_head, type, pos) VALUES (11545, "lubkanan", "lubkanan", "s", "n");
INSERT INTO `wced_entry` VALUES (11546, "lubulubu", "629", "<entry page=""629"" id=""11546""><form id=""lubuluxbu"" lang=""ceb"">lubulúbu</form>
<hom role=""n""><pos>n</pos>
<sense n=""1""><number>1</number><trans> a bitter, inedible powdery material from buri palm flour, which is separated from the edible portion (<ix>natuk</ix>) and disposed of. </trans>
</sense>
<sense n=""2""><number>2</number><trans> thin, white membranous covering on the inside surface of bamboo stems.
</trans>
</sense></hom></entry>");
INSERT INTO `wced_head` (entryid, head, normalized_head, type, pos) VALUES (11546, "lubulúbu", "lubulubu", "m", "n");
INSERT INTO `wced_entry` VALUES (11547, "lubun", "629", "<entry page=""629"" id=""11547""><form id=""lubun"" lang=""ceb"">lubun</form>
<hom role=""v""><pos>v</pos>
<sense n=""0""> <itype>[B23(1)]</itype><trans> sink into s.t. soft. </trans>
<eg><i lang=""ceb"">Nalubun ang trák sa lápuk ug dì na makadúwal,</i><trans> The truck is stuck in the mud and cannot move any further. </trans></eg>
<eg><i lang=""ceb"">Nagkalubun na ning ákung singsing kay nagkadakù man ning ákung tudlù,</i><trans> My ring is getting embedded more and more deeply in my finger because my finger is getting fatter. </trans></eg>
<eg><i lang=""ceb"">Ilubun (lubunun) pag-áyu ang batu sa aláhas arun dílì daling mulagput,</i><trans> The stones are set deeply so that they can’t fall out. </trans></eg>
</sense></hom>
<hom role=""a""><pos>a</pos>
<sense n=""0""><trans> for stones to be set deep. </trans>
</sense></hom>
<entry><form id=""palubun"" lang=""ceb""><abbr expan=""palubun"">pa-</abbr></form>
<hom role=""n""><pos>n</pos>
<sense n=""0""><trans> meat or fish inserted into the boiled rice one carries s.w. as his lunch (<ix>malutù</ix>). </trans>
</sense></hom></entry>
<entry><form id=""paluxbun"" lang=""ceb""><abbr expan=""palúbun"">pa-(←)</abbr></form>
<hom role=""n""><pos>n</pos>
<sense n=""0""><trans> in weaving, a rod stuck into a groove made in the cloth beam (<ix>likisan</ix>), the purpose of which is to hold the woven cloth wound around the cloth beam in place and maintain tension on the warp.
</trans>
</sense></hom></entry></entry>");
INSERT INTO `wced_head` (entryid, head, normalized_head, type, pos) VALUES (11547, "lubun", "lubun", "m", "va");
INSERT INTO `wced_head` (entryid, head, normalized_head, type, pos) VALUES (11547, "palubun", "palubun", "s", "n");
INSERT INTO `wced_head` (entryid, head, normalized_head, type, pos) VALUES (11547, "palúbun", "palubun", "s", "n");
INSERT INTO `wced_entry` VALUES (11548, "lubung", "629", "<entry page=""629"" id=""11548""><form id=""lubung"" lang=""ceb"">lubung</form>
<hom role=""v""><pos>v</pos>
<sense n=""1""><number>1</number> <itype>[A; c]</itype><trans> <tr>bury</tr>. </trans>
<eg><i lang=""ceb"">Naglubung silag bahandì sa sílung,</i><trans> They buried a treasure under the house. </trans></eg>
<eg><i lang=""ceb"">Gipamisáhan ang háyà únà ilubung,</i><trans> A mass was said for the dead man before he was buried. </trans></eg>
</sense>
<sense n=""1a""><number>1a</number><trans> be beaten by an overwhelming victory in an election, contest, game. </trans>
<eg><i lang=""ceb"">Gilubung ang Libiral sa Nasyunalista,</i><trans> The Nationalists defeated the Liberals by a landslide. </trans></eg>
</sense>
<sense n=""1b""><number>1b</number><trans> bury fish in the sand to make them look fresh. </trans>
</sense>
<sense n=""1c""><number>1c</number><trans> embed a charm inside a part of the body. </trans>
<eg><i lang=""ceb"">Gilubung níya ang mutyà sa íyang brásu arun mahímu siyang kublan,</i><trans> He embedded the magical pearl in his biceps to make himself invulnerable. </trans></eg>
</sense>
<sense n=""2""><number>2</number> <itype>[AB6; cP]</itype><trans> sink, drive s.t. into the ground; for s.t. to sink into the ground. </trans>
<eg><i lang=""ceb"">Milubung ákung tiil pagtámak nákù sa lápuk,</i><trans> My foot sank when I stepped in the mud. </trans></eg>
<eg><i lang=""ceb"">Naglubung silag mga trúsu sa pundasiyun,</i><trans> They drove logs into the foundations. </trans></eg>
</sense></hom>
<entry><form id=""lubung_sa_kalixmut"" lang=""ceb""><abbr expan=""lubung"">—</abbr> sa kalímut</form>
<hom role=""v""><pos>v</pos>
<sense n=""0""> <itype>[c6]</itype><trans> forget s.t. completely. </trans>
<eg><i lang=""ceb"">Ilubung sa kalímut ang ímung makauúlawng kaági,</i><trans> Forget your shameful past. </trans></eg>
</sense></hom>
<hom role=""n""><pos>n</pos>
<sense n=""1""><number>1</number><trans> grave. </trans>
</sense>
<sense n=""2""><number>2</number><trans> interment. </trans>
</sense></hom></entry>
<entry><form id=""lubngaxnan"" lang=""ceb"">lubngánan</form>
<hom role=""n""><pos>n</pos>
<sense n=""0""><trans> place of interment. </trans>
<eg><i lang=""ceb"">Bawnun ku sa lubngánan ang ákung pagmáhay,</i><trans> I will regret it to my dying day (lit. carry my regret to my grave). </trans></eg>
</sense></hom></entry>
<entry><form id=""lubnganan_kalubngan"" lang=""ceb"">lubnganan, kalubngan</form>
<hom role=""n""><pos>n</pos>
<sense n=""0""><trans> cemetery. </trans>
</sense></hom></entry>
<entry><form id=""lubnganaxnun"" lang=""ceb"">lubnganánun</form>
<hom role=""a""><pos>a</pos>
<sense n=""0""><trans> appropriate to the cemetery. </trans>
<eg><i lang=""ceb"">Lubnganánung kahílum,</i><trans> A cemetery-like silence. </trans></eg>
</sense></hom></entry>
<entry><form id=""linubung"" lang=""ceb""><abbr expan=""linubung"">-in-</abbr></form>
<hom role=""n""><pos>n</pos>
<sense n=""0""><trans> fish buried in the sand near the shore so that they would look fresh.
</trans>
</sense></hom></entry></entry>");
INSERT INTO `wced_head` (entryid, head, normalized_head, type, pos) VALUES (11548, "lubung", "lubung", "m", "v");
INSERT INTO `wced_head` (entryid, head, normalized_head, type, pos) VALUES (11548, "lubung sa kalímut", "lubung sa kalimut", "s", "vn");
INSERT INTO `wced_head` (entryid, head, normalized_head, type, pos) VALUES (11548, "lubngánan", "lubnganan", "s", "n");
INSERT INTO `wced_head` (entryid, head, normalized_head, type, pos) VALUES (11548, "lubnganan", "lubnganan", "s", "n");
INSERT INTO `wced_head` (entryid, head, normalized_head, type, pos) VALUES (11548, "kalubngan", "kalubngan", "s", "n");
INSERT INTO `wced_head` (entryid, head, normalized_head, type, pos) VALUES (11548, "lubnganánun", "lubngananun", "s", "a");
INSERT INTO `wced_head` (entryid, head, normalized_head, type, pos) VALUES (11548, "linubung", "linubung", "s", "n");
INSERT INTO `wced_translation` (entryid, translation) VALUES (11548, "bury");
INSERT INTO `wced_entry` VALUES (11549, "lubus", "629", "<entry page=""629"" id=""11549""><form id=""lubus"" lang=""ceb"">lubus</form>
<hom role=""v""><pos>v</pos>
<sense n=""0""> <itype>[AN; a12]</itype><trans> acquire a supernatural ability by means of undergoing a series of difficult tasks (<ix>táhas</ix>) in preparation for it. </trans>
<eg><i lang=""ceb"">Ug mulubus (manlubus) kag kaláki kinahanglang makatúman ka sa táhas,</i><trans> If you want to acquire supernatural ability, you must be able to accomplish the series of difficult tasks. </trans></eg>
<eg><i lang=""ceb"">Gilubus sa ákung apuhan ang kaláki ni Dun Liyun Kílat,</i><trans> My grandfather acquired Don Leon Kilat’s supernatural ability.
</trans></eg>
</sense></hom></entry>");
INSERT INTO `wced_head` (entryid, head, normalized_head, type, pos) VALUES (11549, "lubus", "lubus", "m", "v");
INSERT INTO `wced_entry` VALUES (11550, "lubus1", "629", "<entry page=""629"" id=""11550""><form id=""luxbus"" lang=""ceb"">lúbus<sub>1</sub></form>
<hom role=""a""><pos>a</pos>
<sense n=""1""><number>1</number><trans> entirely of one color and texture. </trans>
<eg><i lang=""ceb"">Ang ákung irù lúbus nga putì,</i><trans> My dog is entirely white. </trans></eg>
<eg><i lang=""ceb"">Ang kulur sa bistídu lúbus kaáyung pula,</i><trans> My dress is colored a very pure red. </trans></eg>
<eg><i lang=""ceb"">Lúbus pánit ákung bág,</i><trans> My purse <pb n=""630""/>is all leather. </trans></eg>
</sense>
<sense n=""1a""><number>1a</number> <form id=""luxbus_kalixwat"" lang=""ceb""><abbr expan=""lúbus"">—</abbr> kalíwat</form><trans> <tr>purebred</tr>. </trans>
<eg><i lang=""ceb"">Lúbus kalíwat Tiksas kining manúka,</i><trans> This cock is a purebred Texas. </trans></eg>
</sense>
<sense n=""2""><number>2</number><trans> for a decision to be final. </trans>
<eg><i lang=""ceb"">Lúbus na ang ákung hukum,</i><trans> My decision is final. </trans></eg>
</sense></hom>
<hom role=""v""><pos>v</pos>
<sense n=""1""><number>1</number> <itype>[B2; c1]</itype><trans> be, become purely one color. </trans>
<eg><i lang=""ceb"">Ug usban nímug pintal, mulúbus (malúbus) ang kulur,</i><trans> If you paint it once more, the color will be pure and even. </trans></eg>
</sense>
<sense n=""2""><number>2</number> <itype>[B26; c1]</itype><trans> be, become <tr>decided</tr>.
</trans>
</sense></hom></entry>");
INSERT INTO `wced_head` (entryid, head, normalized_head, type, pos) VALUES (11550, "lúbus", "lubus", "s", "av");
INSERT INTO `wced_head` (entryid, head, normalized_head, type, pos) VALUES (11550, "lúbus kalíwat", "lubus kaliwat", "s", "");
INSERT INTO `wced_translation` (entryid, translation) VALUES (11550, "purebred");
INSERT INTO `wced_translation` (entryid, translation) VALUES (11550, "decided");
INSERT INTO `wced_entry` VALUES (11551, "lubus2", "630", "<entry page=""630"" id=""11551""><form id=""luxbus2"" lang=""ceb"">lúbus<sub>2</sub></form>
<hom role=""a""><pos>a</pos>
<sense n=""0""><trans> <tr>tied</tr>, wound around tight. </trans>
</sense></hom>
<hom role=""v""><pos>v</pos>
<sense n=""0""> <itype>[a12]</itype><trans> <tr>tie</tr> s.t. tight. </trans>
<eg><i lang=""ceb"">Ayaw lubúsa pagbáat arun sayun badbárun,</i><trans> Don’t tie it tight so it will be easy to untie. </trans></eg>
</sense></hom>
<entry><form id=""kaluxbus"" lang=""ceb""><abbr expan=""kalúbus"">ka-</abbr></form>
<hom role=""n""><pos>n</pos>
<sense n=""0""><trans> <tr>tightness</tr> of a knot or the way s.t. was tied up.
</trans>
</sense></hom></entry></entry>");
INSERT INTO `wced_head` (entryid, head, normalized_head, type, pos) VALUES (11551, "lúbus", "lubus", "s", "av");
INSERT INTO `wced_head` (entryid, head, normalized_head, type, pos) VALUES (11551, "kalúbus", "kalubus", "s", "n");
INSERT INTO `wced_translation` (entryid, translation) VALUES (11551, "tied");
INSERT INTO `wced_translation` (entryid, translation) VALUES (11551, "tie");
INSERT INTO `wced_translation` (entryid, translation) VALUES (11551, "tightness");
INSERT INTO `wced_entry` VALUES (11552, "lubut", "630", "<entry page=""630"" id=""11552""><form id=""lubut"" lang=""ceb"">lubut</form>
<hom role=""n""><pos>n</pos>
<sense n=""1""><number>1</number><trans> <tr>anus</tr>, <tr>rump</tr>. </trans>
<eg><i lang=""ceb"">Lúpig pay lubut sa himungáan sa katabian níya,</i><trans> She’s more talkative than a hen’s behind (which keeps opening and closing). </trans></eg>
</sense></hom>
<entry><form id=""walay_lubut"" lang=""ceb"">walay <abbr expan=""lubut"">—</abbr></form>
<hom>
<sense n=""0""><trans> having hips and buttocks far too forward. </trans>
<eg><i lang=""ceb"">Ayg tak-in kay wà kay lubut,</i><trans> Don’t tuck in your shirt because you have flat buttocks. </trans></eg>
</sense>
<sense n=""2""><number>2</number><trans> <tr>vagina</tr> (euphemism). </trans>
<eg><i lang=""ceb"">Ang bátà anhà mulusut sa lubut sa babáyi,</i><trans> A baby comes out through the mother’s bottom. </trans></eg>
</sense>
<sense n=""3""><number>3</number><trans> bottom part of a container or receptacle. </trans>
<eg><i lang=""ceb"">Lubut sa baskit,</i><trans> Bottom of the basket. </trans></eg>
</sense>
<sense n=""3a""><number>3a</number> <form id=""lubut_sa_baxsu"" lang=""ceb""><abbr expan=""lubut"">—</abbr> sa básu</form><trans> costume jewelry (lit. made from the bottom of a glass). </trans>
<eg><i lang=""ceb"">Daling mulubad ang singsing nga lubut sa básu,</i><trans> A dimestore ring soon fades. </trans></eg>
</sense>
<sense n=""4""><number>4</number><trans> rear end of vehicles. </trans>
<eg><i lang=""ceb"">Ikarga sa lubut sa trák,</i><trans> Load it at the back part of the truck. </trans></eg>
</sense>
<sense n=""5""><number>5</number> <form id=""lubut_mu"" lang=""ceb""><abbr expan=""lubut"">—</abbr> mu</form><trans> </trans>
</sense>
<sense n=""5a""><number>5a</number><trans> expression of disbelief. </trans>
<eg><i lang=""ceb"">Lubut nímu! Kinsay mutúu,</i><trans> My foot! Who’d believe that! </trans></eg>
</sense>
<sense n=""5b""><number>5b</number><trans> expression of disgust. </trans>
<eg><i lang=""ceb"">‘Tagai kug dus ipamúwang.’—‘Dus sa ímung lubut. Hái kwartáhun?’</i><trans> ‘Let me have two pesos to go to the cockfights.’—‘Two pesos. You must be nuts. We don’t have any money!’ </trans></eg>
</sense>
<sense n=""6""><number>6</number> <form id=""nakahikap_sa_lubut"" lang=""ceb"">nakahikap sa <abbr expan=""lubut"">—</abbr></form><trans> s.t. must have happened to [subject] that he did s.t. nice since he doesn’t usually do that. </trans>
<eg><i lang=""ceb"">Nanghátag mag kwarta ang tihik. Nakahikap sa lubut,</i><trans> Suddenly the miser is giving out money. S.t. must have happened to him. (Lit. He must have gotten his hand on s.o.’s rear end.) </trans></eg>
</sense>
<sense n=""7""><number>7</number> <form id=""mabaw_ug_lubut"" lang=""ceb"">mabaw ug <abbr expan=""lubut"">—</abbr></form><trans> easily angered. </trans>
</sense></hom>
<hom role=""v""><pos>v</pos>
<sense n=""1""><number>1</number> <itype>[ANC; c1]</itype><trans> do s.t. at s.o.’s rear end. </trans>
<eg><i lang=""ceb"">Nanglubut siya ug suntuk,</i><trans> He hit him on the buttocks. </trans></eg>
<eg><i lang=""ceb"">Nagkalúbut mig higdà,</i><trans> We lay with our buttocks touching each other. </trans></eg>
<eg><i lang=""ceb"">Lubuta siya pagtindak,</i><trans> Kick her in the arse. </trans></eg>
</sense>
<sense n=""2""><number>2</number> <itype>[B; c]</itype><trans> get to be at the rear or bottom. </trans>
<eg><i lang=""ceb"">Nagkalubut na man ku sa ámung klási,</i><trans> I am gradually slipping to the bottom of my class. </trans></eg>
<eg><i lang=""ceb"">Inay kay nag-una kug sakay, nalubut na hinúun,</i><trans> I was the first to get on the bus, but I wound up in the rear end anyway. </trans></eg>
<eg><i lang=""ceb"">Ilubut lang ning ákung karga,</i><trans> Just place my baggage at the rear. </trans></eg>
</sense>
<sense n=""3""><number>3</number> <itype>[A12N; a12]</itype><trans> enter through the back way. </trans>
<eg><i lang=""ceb"">Lubtun lang nátug súd ang báy arung dì ta makit-an,</i><trans> Let’s go in through the back door so that nobody will see us. </trans></eg>
</sense></hom></entry>
<entry><form id=""lubut_ug_anay"" lang=""ceb""><abbr expan=""lubut"">—</abbr> ug anay</form>
<hom role=""n""><pos>n</pos>
<sense n=""0""><trans> nutmeg shells (lit. sow’s anus) so called because of the similarity of the lips of this shell to the anal lips of a sow. </trans>
</sense></hom></entry>
<entry><form id=""lubutlubut"" lang=""ceb"">lubutlubut</form>
<hom role=""v""><pos>v</pos>
<sense n=""0""> <itype>[B4]</itype><trans> have more work to do than one can handle. </trans>
<eg><i lang=""ceb"">Nagkalubutlubut kug laba,</i><trans> I’m going crazy trying to do all this laundry. </trans></eg>
<eg><i lang=""ceb"">Dílì man ka mutuktuk, magkalubutlubut man lang tag panábun sa átung láwas,</i><trans> Why didn’t you knock? I went wild trying to cover myself. </trans></eg>
</sense></hom></entry>
<entry><form id=""lubutluxbut"" lang=""ceb"">lubutlúbut</form>
<hom role=""v""><pos>v</pos>
<sense n=""0""> <itype>[AP; c]</itype><trans> <tr>follow</tr> s.o. around. </trans>
<eg><i lang=""ceb"">Ayaw kug lubutlubúti,</i><trans> Don’t follow me around all the time.
</trans></eg>
</sense></hom></entry></entry>");
INSERT INTO `wced_head` (entryid, head, normalized_head, type, pos) VALUES (11552, "lubut", "lubut", "m", "n");
INSERT INTO `wced_head` (entryid, head, normalized_head, type, pos) VALUES (11552, "walay lubut", "walay lubut", "s", "v");
INSERT INTO `wced_head` (entryid, head, normalized_head, type, pos) VALUES (11552, "lubut sa básu", "lubut sa basu", "s", "");
INSERT INTO `wced_head` (entryid, head, normalized_head, type, pos) VALUES (11552, "lubut mu", "lubut mu", "s", "");
INSERT INTO `wced_head` (entryid, head, normalized_head, type, pos) VALUES (11552, "nakahikap sa lubut", "nakahikap sa lubut", "s", "");
INSERT INTO `wced_head` (entryid, head, normalized_head, type, pos) VALUES (11552, "mabaw ug lubut", "mabaw ug lubut", "s", "");
INSERT INTO `wced_head` (entryid, head, normalized_head, type, pos) VALUES (11552, "lubut ug anay", "lubut ug anay", "s", "n");
INSERT INTO `wced_head` (entryid, head, normalized_head, type, pos) VALUES (11552, "lubutlubut", "lubutlubut", "s", "v");
INSERT INTO `wced_head` (entryid, head, normalized_head, type, pos) VALUES (11552, "lubutlúbut", "lubutlubut", "s", "v");
INSERT INTO `wced_translation` (entryid, translation) VALUES (11552, "anus");
INSERT INTO `wced_translation` (entryid, translation) VALUES (11552, "rump");
INSERT INTO `wced_translation` (entryid, translation) VALUES (11552, "vagina");
INSERT INTO `wced_translation` (entryid, translation) VALUES (11552, "follow");
INSERT INTO `wced_entry` VALUES (11553, "lubyuk", "630", "<entry page=""630"" id=""11553""><form id=""lubyuk"" lang=""ceb"">lubyuk</form>
<hom role=""v""><pos>v</pos>
<sense n=""0""> <itype>[B]</itype><trans> be, become <tr>hollow</tr>, <tr>sunken</tr>. </trans>
<eg><i lang=""ceb"">Kandíis nga naglubyuk sa íyang isig ka áping,</i><trans> Dimples that are deeply set on each cheek. </trans></eg>
<eg><i lang=""ceb"">Ang húmuk nga yútà malubyuk kun tumban,</i><trans> Soft earth caves in when you step on it.
</trans></eg>
</sense></hom></entry>");
INSERT INTO `wced_head` (entryid, head, normalized_head, type, pos) VALUES (11553, "lubyuk", "lubyuk", "m", "v");
INSERT INTO `wced_translation` (entryid, translation) VALUES (11553, "hollow");
INSERT INTO `wced_translation` (entryid, translation) VALUES (11553, "sunken");
INSERT INTO `wced_entry` VALUES (11554, "lud", "630", "<entry page=""630"" id=""11554""><form id=""luxd"" lang=""ceb"">lúd</form>
<hom role=""n""><pos>n</pos>
<sense n=""0""><trans> load of courses given to a teacher. </trans>
</sense></hom>
<hom role=""v""><pos>v</pos>
<sense n=""0""> <itype>[A; c]</itype><trans> have a certain teaching load. </trans>
<eg><i lang=""ceb"">Gamay ra kug makítà kay naglúd lang kug duha,</i><trans> I don’t earn much because I have only two courses. </trans></eg>
<eg><i lang=""ceb"">Pilay ilúd nímu káda simistir?</i><trans> How many courses are given you per semester?
</trans></eg>
</sense></hom></entry>");
INSERT INTO `wced_head` (entryid, head, normalized_head, type, pos) VALUES (11554, "lúd", "lud", "m", "nv");
INSERT INTO `wced_entry` VALUES (11555, "luda", "630", "<entry page=""630"" id=""11555""><form id=""ludaq"" lang=""ceb"">ludà</form>
<hom role=""v""><pos>v</pos>
<sense n=""0""> <itype>[AN; c]</itype><trans> <tr>spit</tr>, <tr>spit out</tr>. </trans>
<eg><i lang=""ceb"">Giludà níya ang íyang giúsap,</i><trans> He spat out what he was chewing. </trans></eg>
</sense></hom>
<hom role=""n""><pos>n</pos>
<sense n=""0""><trans> <tr>spittle</tr>, <tr>saliva</tr>.
</trans>
</sense></hom></entry>");
INSERT INTO `wced_head` (entryid, head, normalized_head, type, pos) VALUES (11555, "ludà", "luda", "m", "vn");
INSERT INTO `wced_translation` (entryid, translation) VALUES (11555, "spit");
INSERT INTO `wced_translation` (entryid, translation) VALUES (11555, "spit out");
INSERT INTO `wced_translation` (entryid, translation) VALUES (11555, "spittle");
INSERT INTO `wced_translation` (entryid, translation) VALUES (11555, "saliva");
INSERT INTO `wced_entry` VALUES (11556, "ludabi", "630", "<entry page=""630"" id=""11556""><form id=""ludaxbi"" lang=""ceb"">ludábi</form>
<hom role=""n""><pos>n</pos>
<sense n=""0""><trans> name of Cebuano writers’ organization, abbreviation of <ix>Lúbas sa Dágang Bisayà</ix>, ‘The elite (lit. heartwood) of Visayan literature’.
</trans>
</sense></hom></entry>");
INSERT INTO `wced_head` (entryid, head, normalized_head, type, pos) VALUES (11556, "ludábi", "ludabi", "m", "n");
INSERT INTO `wced_entry` VALUES (11557, "lud-an", "630", "<entry page=""630"" id=""11557""><form id=""lud-an"" lang=""ceb"">lud-an</form>
<hom>
<sense n=""0""><trans> <ix>see</ix> <xr lang=""ceb"" target=""#luwaq""><sc>luwà</sc>.</xr>
</trans>
</sense></hom></entry>");
INSERT INTO `wced_head` (entryid, head, normalized_head, type, pos) VALUES (11557, "lud-an", "lud-an", "m", "");
INSERT INTO `wced_entry` VALUES (11558, "ludhan", "630", "<entry page=""630"" id=""11558""><form id=""ludhan"" lang=""ceb"">ludhan</form>
<hom>
<sense n=""0""><trans> <ix>see</ix> <xr lang=""ceb"" target=""#luhud""><sc>luhud</sc>.</xr>
</trans>
</sense></hom></entry>");
INSERT INTO `wced_head` (entryid, head, normalized_head, type, pos) VALUES (11558, "ludhan", "ludhan", "m", "");
INSERT INTO `wced_entry` VALUES (11559, "luga", "630", "<entry page=""630"" id=""11559""><form id=""luxgaq"" lang=""ceb"">lúgà</form>
<hom>
<sense n=""0""><trans> <xr lang=""ceb"" target=""#lugaqluxgaq"">= <sc>lugàlúgà</sc>.</xr>
</trans>
</sense></hom></entry>");
INSERT INTO `wced_head` (entryid, head, normalized_head, type, pos) VALUES (11559, "lúgà", "luga", "m", "");
INSERT INTO `wced_entry` VALUES (11560, "lugabu, lugabu", "630", "<entry page=""630"" id=""11560""><form id=""lugabu_lugaxbu"" lang=""ceb"">lugabu, lugábu</form>
<hom role=""n""><pos>n</pos>
<sense n=""0""><trans> dull hollow sound of impact. </trans>
<eg><i lang=""ceb"">Lugábu sa mga táwung nagsáyaw sa táas,</i><trans> The thumping sound of the people dancing upstairs. </trans></eg>
</sense></hom>
<hom role=""v""><pos>v</pos>
<sense n=""0""> <itype>[A2S3]</itype><trans> produce a dull hollow sound of impact. </trans>
<eg><i lang=""ceb"">Milugábu ang likud nga gisumbag,</i><trans> His back resounded with a thump when I slapped him. </trans></eg>
<eg><i lang=""ceb"">Naglugabu ang bawud sa lapyahan,</i><trans> The waves pounded against the shore. </trans></eg>
</sense></hom>
<entry><form id=""linugabu"" lang=""ceb""><abbr expan=""linugabu"">-in-</abbr></form>
<hom>
<sense n=""0""><trans> <xr lang=""ceb"" target=""#lugaxbu"">= <sc>lugábu</sc>, <i lang=""ceb"">n</i>.</xr>
</trans>
</sense></hom></entry></entry>");
INSERT INTO `wced_head` (entryid, head, normalized_head, type, pos) VALUES (11560, "lugabu", "lugabu", "s", "nv");
INSERT INTO `wced_head` (entryid, head, normalized_head, type, pos) VALUES (11560, "lugábu", "lugabu", "s", "nv");
INSERT INTO `wced_head` (entryid, head, normalized_head, type, pos) VALUES (11560, "linugabu", "linugabu", "s", "");
INSERT INTO `wced_entry` VALUES (11561, "lugabung", "630", "<entry page=""630"" id=""11561""><form id=""lugabung"" lang=""ceb"">lugabung</form>
<hom role=""v""><pos>v</pos>
<sense n=""0""> <itype>[B1456]</itype><trans> make a thumping sound. </trans>
<eg><i lang=""ceb"">Naglugabung ang mga lamísa ug síya nga gipatíran sa mga hubug,</i><trans> The chairs and tables made a thumping sound as the drunken men kicked them.
</trans></eg>
</sense></hom></entry>");
INSERT INTO `wced_head` (entryid, head, normalized_head, type, pos) VALUES (11561, "lugabung", "lugabung", "m", "v");
INSERT INTO `wced_entry` VALUES (11562, "lugak", "630", "<entry page=""630"" id=""11562""><form id=""lugak"" lang=""ceb"">lugak</form>
<hom role=""v""><pos>v</pos>
<sense n=""1""><number>1</number> <itype>[AB; ab7]</itype><trans> for s.t. which grips or is tied round s.t. to loosen. </trans>
<eg><i lang=""ceb"">Wà siya mulugak ug gakus nákù sa kahadluk nga byáan,</i><trans> She did not let go of her embrace for fear of being left behind. </trans></eg>
<eg><i lang=""ceb"">Lugaka ang ímung sinínà arun hayáhay,</i><trans> Loosen your dress so it will <pb n=""631""/>be comfortable. </trans></eg>
<eg><i lang=""ceb"">Lugaki ang turniki káda singku minútus,</i><trans> Loosen the tourniquet every five minutes. </trans></eg>
</sense>
<sense n=""2""><number>2</number> <itype>[B4; b(1)]</itype><trans> <tr>abate</tr>, <tr>slow down</tr> from doing s.t. with energy. </trans>
<eg><i lang=""ceb"">Ang bag-ung dálan makalugak (makapalugak) sa trapiku dinhi,</i><trans> The new street can relieve the traffic here. </trans></eg>
<eg><i lang=""ceb"">Ayawg lugaki ang pagpanguyab níya,</i><trans> Keep courting her for all you’re worth. Don’t let off. </trans></eg>
</sense>
<sense n=""3""><number>3</number> <itype>[B2456N]</itype><trans> for the knees to give way, for a person to budge from his convictions. </trans>
<eg><i lang=""ceb"">Dì siya mulugak sa íyang barugánan bísag hulgáun,</i><trans> He won’t budge from his stand even if you threaten him. </trans></eg>
<eg><i lang=""ceb"">Nanglugak ang íyang mga túhud,</i><trans> His knees gave way. </trans></eg>
</sense>
<sense n=""4""><number>4</number> <itype>[b(1)]</itype><trans> loosen one’s control or discipline over. </trans>
<eg><i lang=""ceb"">Ug ímung lugakan ang ímung anak muabusar nà,</i><trans> If you rear your child leniently he will become abusive.
</trans></eg>
</sense></hom></entry>");
INSERT INTO `wced_head` (entryid, head, normalized_head, type, pos) VALUES (11562, "lugak", "lugak", "m", "v");
INSERT INTO `wced_translation` (entryid, translation) VALUES (11562, "abate");
INSERT INTO `wced_translation` (entryid, translation) VALUES (11562, "slow down");
INSERT INTO `wced_entry` VALUES (11563, "lugaluga", "631", "<entry page=""631"" id=""11563""><form id=""lugaqluxgaq"" lang=""ceb"">lugàlúgà</form>
<hom role=""v""><pos>v</pos>
<sense n=""0""> <itype>[A13; a12]</itype><trans> move s.t. in a hole back and forth. </trans>
<eg><i lang=""ceb"">Naglugàlúgà siya ug lipak sa nabúlit nga túbu,</i><trans> He worked a stick back and forth in the tube that was stopped up.
</trans></eg>
</sense></hom></entry>");
INSERT INTO `wced_head` (entryid, head, normalized_head, type, pos) VALUES (11563, "lugàlúgà", "lugaluga", "m", "v");
INSERT INTO `wced_entry` VALUES (11564, "lugamak, lugamak", "631", "<entry page=""631"" id=""11564""><form id=""lugamak_lugaxmak"" lang=""ceb"">lugamak, lugámak</form>
<hom role=""v""><pos>v</pos>
<sense n=""0""> <itype>[B456; c1P]</itype><trans> fall with a crash, be thrown down with force. </trans>
<eg><i lang=""ceb"">Mulugamak ka giyud ug mahugnù nang ímung gitungtúngan,</i><trans> You will fall with a crash if that thing you are standing on collapses. </trans></eg>
<eg><i lang=""ceb"">Gilugamakan (gipalugamakan) ang mga búlak sa mga inibut nga sagbut,</i><trans> They threw the uprooted weeds with force on top of the flowers. </trans></eg>
<eg><i lang=""ceb"">Nalugamakan (nalugmakan) ku sa íyang kasábà,</i><trans> I received the brunt of his scoldings. </trans></eg>
<eg><i lang=""ceb"">Ímu man nang ilugamak (ipalugamak) ang ímung láwas bísag ása,</i><trans> You throw yourself down anywhere. </trans></eg>
</sense></hom>
<hom role=""n""><pos>n</pos>
<sense n=""0""><trans> sounds of s.t. falling with a crash. </trans>
</sense></hom>
<entry><form id=""lugamak"" lang=""ceb""><abbr expan=""lugamak"">(→)</abbr></form>
<hom>
<sense n=""0""> <itype>[B126; b8]</itype><trans> rush headlong into s.t. </trans>
<eg><i lang=""ceb"">Nalugamak siya sa usa ka byúda nga way kwarta,</i><trans> He rushed into marriage with a penniless widow. </trans></eg>
</sense></hom></entry>
<entry><form id=""linugamak"" lang=""ceb""><abbr expan=""linugamak"">-in-</abbr></form>
<hom>
<sense n=""0""><trans> <xr lang=""ceb"" target=""#lugaxmak"">= <sc>lugámak</sc>, <i lang=""ceb"">n</i>.</xr>
</trans>
</sense></hom></entry></entry>");
INSERT INTO `wced_head` (entryid, head, normalized_head, type, pos) VALUES (11564, "lugamak", "lugamak", "s", "vn");
INSERT INTO `wced_head` (entryid, head, normalized_head, type, pos) VALUES (11564, "lugámak", "lugamak", "s", "vn");
INSERT INTO `wced_head` (entryid, head, normalized_head, type, pos) VALUES (11564, "linugamak", "linugamak", "s", "");
INSERT INTO `wced_entry` VALUES (11565, "lugan-ub", "631", "<entry page=""631"" id=""11565""><form id=""lugan-ub"" lang=""ceb"">lugan-ub</form>
<hom role=""n""><pos>n</pos>
<sense n=""0""><trans> <tr>thundering</tr>, <tr>reverberating</tr> sound. </trans>
</sense></hom>
<hom role=""v""><pos>v</pos>
<sense n=""0""> <itype>[A3]</itype><trans> produce a thunderous or loud reverberating sound. </trans>
<eg><i lang=""ceb"">Milugan-ub ang kabukíran nga gipabuthan ug dinamíta,</i><trans> A deafening sound echoed through the mountains when the dynamite was exploded. </trans></eg>
</sense></hom>
<hom role=""n""><pos>n</pos>
<sense n=""0""><trans> a thundering, reverberating sound. </trans>
</sense></hom>
<entry><form id=""linugan-ub"" lang=""ceb""><abbr expan=""linugan-ub"">-in-</abbr></form>
<hom>
<sense n=""0""><trans> <xr lang=""ceb"" target=""#lugan-ub"">= <sc>lugan-ub</sc>.</xr>
</trans>
</sense></hom></entry></entry>");
INSERT INTO `wced_head` (entryid, head, normalized_head, type, pos) VALUES (11565, "lugan-ub", "lugan-ub", "m", "nvn");
INSERT INTO `wced_head` (entryid, head, normalized_head, type, pos) VALUES (11565, "linugan-ub", "linugan-ub", "s", "");
INSERT INTO `wced_translation` (entryid, translation) VALUES (11565, "thundering");
INSERT INTO `wced_translation` (entryid, translation) VALUES (11565, "reverberating");
INSERT INTO `wced_entry` VALUES (11566, "lugapak, lugapak", "631", "<entry page=""631"" id=""11566""><form id=""lugapak_lugaxpak"" lang=""ceb"">lugapak, lugápak</form>
<hom role=""n""><pos>n</pos>
<sense n=""0""><trans> <tr>banging</tr>, <tr>slapping</tr>, <tr>cracking</tr> sound. </trans>
<eg><i lang=""ceb"">Ang lugapak sa kawáyan,</i><trans> The cracking of the bamboo. </trans></eg>
</sense></hom>
<hom role=""v""><pos>v</pos>
<sense n=""0""> <itype>[A2S; ac]</itype><trans> make a cracking, slapping, banging sound. </trans>
<eg><i lang=""ceb"">Milugapak ang pultahan nga gikalit pagsira,</i><trans> The door was slammed with a bang. </trans></eg>
<eg><i lang=""ceb"">Naglugapak ang samput sa íyang anak sa bakus,</i><trans> The leather belt cracked over his son’s buttocks. </trans></eg>
</sense></hom>
<entry><form id=""linugapak"" lang=""ceb""><abbr expan=""linugapak"">-in-</abbr></form>
<hom>
<sense n=""0""><trans> <xr lang=""ceb"" target=""#lugaxpak"">= <sc>lugápak</sc>, <i lang=""ceb"">n</i>.</xr>
</trans>
</sense></hom></entry></entry>");
INSERT INTO `wced_head` (entryid, head, normalized_head, type, pos) VALUES (11566, "lugapak", "lugapak", "s", "nv");
INSERT INTO `wced_head` (entryid, head, normalized_head, type, pos) VALUES (11566, "lugápak", "lugapak", "s", "nv");
INSERT INTO `wced_head` (entryid, head, normalized_head, type, pos) VALUES (11566, "linugapak", "linugapak", "s", "");
INSERT INTO `wced_translation` (entryid, translation) VALUES (11566, "banging");
INSERT INTO `wced_translation` (entryid, translation) VALUES (11566, "slapping");
INSERT INTO `wced_translation` (entryid, translation) VALUES (11566, "cracking");
INSERT INTO `wced_entry` VALUES (11567, "lugar1", "631", "<entry page=""631"" id=""11567""><form id=""lugar"" lang=""ceb"">lugar<sub>1</sub></form>
<hom role=""n""><pos>n</pos>
<sense n=""1""><number>1</number><trans> geographical place. </trans>
<eg><i lang=""ceb"">Nakaadtu na ku sa lainláing lugar sa kalibútan,</i><trans> I have been to various places in the world. </trans></eg>
</sense>
<sense n=""1a""><number>1a</number><trans> situation one is in. </trans>
<eg><i lang=""ceb"">Ikaw sa ákung lugar ug lalim ba,</i><trans> You try being in my place and see if it is nice. </trans></eg>
</sense>
<sense n=""2""><number>2</number><trans> proper place, occasion for s.t. </trans>
<eg><i lang=""ceb"">Ibutang sa lugar ang ímung pagpangmik-ap,</i><trans> Use make-up at the proper occasion. </trans></eg>
<eg><i lang=""ceb"">Walà sa lugar tung ímung pagsaway níya kay daghang namínaw,</i><trans> It was not the right time for you to criticise him because there were lots of people listening. </trans></eg>
</sense>
<sense n=""2a""><number>2a</number><trans> proper place of vehicles in the flow of traffic. </trans>
<eg><i lang=""ceb"">Patuu. Wà ka sa lugar,</i><trans> Move to the right. You’re not in your lane. </trans></eg>
</sense>
<sense n=""3""><number>3</number><trans> vacant place. </trans>
<eg><i lang=""ceb""><corr sic=""Dùna"">Dúna</corr> pa bay lugar sa dyíp?</i><trans> Is there room in the jeep? </trans></eg>
</sense>
<sense n=""4""><number>4</number><trans> available time for s.t. </trans>
<eg><i lang=""ceb"">Wà kuy lugar pagsúruy run,</i><trans> I don’t have time to go around now. </trans></eg>
</sense>
<sense n=""5""><number>5</number><trans> <tr>chance</tr> or <tr>opportunity</tr> to do s.t. </trans>
<eg><i lang=""ceb"">Way lugar pagdúul níya kay gwardiyádu,</i><trans> There is no chance to get near him because he is guarded. </trans></eg>
</sense>
<sense n=""6""><number>6</number> <form id=""primixru_ikaduha_etc._lugar"" lang=""ceb"">primíru <r>(</r>ikaduha, <r>etc.)</r> <abbr expan=""lugar"">—</abbr></form><trans> in the first (second, etc.) <tr>place</tr>. </trans>
<eg><i lang=""ceb"">Ayawg adtu. Primíru lugar istranyu ka,</i><trans> Don’t go there. In the first place, you are a stranger. </trans></eg>
</sense></hom>
<entry><form id=""lugraxha_lugaraxha"" lang=""ceb"">lugráha, lugaráha</form>
<hom role=""n""><pos>n</pos>
<sense n=""0""><trans> particular place, time, chance. </trans>
</sense></hom>
<hom role=""v""><pos>v</pos>
<sense n=""1""><number>1</number> <itype>[A; b(1)]</itype><trans> <tr>give way</tr> or space to. </trans>
<eg><i lang=""ceb"">Milugar siya arun makalingkud ang babáyi,</i><trans> He gave his place so the lady could sit. </trans></eg>
<eg><i lang=""ceb"">Lugari ang Prisidinti inigsúut níya sa nanambung,</i><trans> Give way to the President when he goes through the crowd. </trans></eg>
</sense>
<sense n=""2""><number>2</number> <itype>[A3; b(1)]</itype><trans> give the chance to do s.t. </trans>
<eg><i lang=""ceb"">Musabut giyug íyang pápa kay mulugar man inigpamisíta nákù,</i><trans> Her father is sure understanding because he leaves us alone (lit. gives a chance) when I go visiting. </trans></eg>
<eg><i lang=""ceb"">Ayaw siyag lugari nga muantug,</i><trans> Don’t give him the chance to shoot the ball. </trans></eg>
</sense>
<sense n=""3""><number>3</number> <itype>[A12]</itype><trans> </trans>
</sense>
<sense n=""3a""><number>3a</number><trans> get a chance to do s.t. </trans>
<eg><i lang=""ceb"">Hagki dáyun siya ug makalugar ka,</i><trans> Kiss her as soon as you get the chance. </trans></eg>
</sense>
<sense n=""3b""><number>3b</number><trans> have the time to. </trans>
<eg><i lang=""ceb"">Buháta ni ug makalugar ka,</i><trans> Do this if you have the time to. </trans></eg>
</sense>
<sense n=""4""><number>4</number> <itype>[A2; c6]</itype><trans> pull over in a place proper for stopping a vehicle. </trans>
<eg><i lang=""ceb"">Ilugar ang dyip ug muhúnung ka,</i><trans> Pull over to the side of the road when you stop. </trans></eg>
</sense></hom>
<hom role=""a""><pos>a</pos>
<sense n=""1""><number>1</number><trans> having available space. </trans>
<eg><i lang=""ceb"">Kargáhi pa kay lugar pa kaáyu,</i><trans> Put in more passengers because there’s still plenty of space. </trans></eg>
</sense>
<sense n=""2""><number>2</number><trans> for there to be a chance. </trans>
<eg><i lang=""ceb"">Dì ku mangupya bísag lugar kaáyu,</i><trans> I won’t cheat even if I have a good chance to do so. </trans></eg>
</sense></hom></entry>
<entry><form id=""palugar"" lang=""ceb""><abbr expan=""palugar"">pa-</abbr></form>
<hom role=""v""><pos>v</pos>
<sense n=""0""> <itype>[A; b(1)]</itype><trans> give s.o. a chance to come near or touch one. </trans>
<eg><i lang=""ceb""><corr sic=""Di"">Dì</corr> nà siya magbinúang bísag palugaran,</i><trans> He won’t do anything foolish even if given the chance. </trans></eg>
</sense></hom></entry>
<entry><form id=""taglugar"" lang=""ceb""><abbr expan=""taglugar"">tag-</abbr></form>
<hom role=""n""><pos>n</pos>
<sense n=""0""><trans> spirit inhabiting a particular place. </trans>
<eg><i lang=""ceb"">Gidaútan nà siya sa taglugar kay íyang giputul ang káhuy,</i><trans> The spirit of the place made him ill when he cut the tree down.
<pb n=""632""/>
</trans></eg>
</sense></hom></entry></entry>");
INSERT INTO `wced_head` (entryid, head, normalized_head, type, pos) VALUES (11567, "lugar", "lugar", "s", "n");
INSERT INTO `wced_head` (entryid, head, normalized_head, type, pos) VALUES (11567, "primíru (ikaduha", "primiru (ikaduha", "s", "");
INSERT INTO `wced_head` (entryid, head, normalized_head, type, pos) VALUES (11567, "etc.) lugar", "etc.) lugar", "s", "");
INSERT INTO `wced_head` (entryid, head, normalized_head, type, pos) VALUES (11567, "lugráha", "lugraha", "s", "nva");
INSERT INTO `wced_head` (entryid, head, normalized_head, type, pos) VALUES (11567, "lugaráha", "lugaraha", "s", "nva");
INSERT INTO `wced_head` (entryid, head, normalized_head, type, pos) VALUES (11567, "palugar", "palugar", "s", "v");
INSERT INTO `wced_head` (entryid, head, normalized_head, type, pos) VALUES (11567, "taglugar", "taglugar", "s", "n");
INSERT INTO `wced_translation` (entryid, translation) VALUES (11567, "chance");
INSERT INTO `wced_translation` (entryid, translation) VALUES (11567, "opportunity");
INSERT INTO `wced_translation` (entryid, translation) VALUES (11567, "place");
INSERT INTO `wced_translation` (entryid, translation) VALUES (11567, "give way");
INSERT INTO `wced_entry` VALUES (11568, "lugar2", "632", "<entry page=""632"" id=""11568""><form id=""lugar2"" lang=""ceb"">lugar<sub>2</sub></form>
<hom>
<sense n=""0""><trans> <xr lang=""ceb"" target=""#kinta"">= <sc>kinta<sub>1</sub></sc>.</xr>
</trans>
</sense></hom></entry>");
INSERT INTO `wced_head` (entryid, head, normalized_head, type, pos) VALUES (11568, "lugar", "lugar", "s", "");
INSERT INTO `wced_entry` VALUES (11569, "lugas", "632", "<entry page=""632"" id=""11569""><form id=""lugas"" lang=""ceb"">lugas</form>
<hom role=""n""><pos>n</pos>
<sense n=""1""><number>1</number><trans> <tr>grain</tr>. </trans>
<eg><i lang=""ceb"">Usa ka lugas humay,</i><trans> A grain of rice. </trans></eg>
<eg><i lang=""ceb"">Maáyu ang lugas sa igtalánum nga binhì,</i><trans> The seeds for planting have well-formed grains. </trans></eg>
</sense>
<sense n=""1a""><number>1a</number><trans> <tr>drops</tr> (figurative). </trans>
<eg><i lang=""ceb"">Pipila ka lugas nga lúhà,</i><trans> A few teardrops. </trans></eg>
</sense>
<sense n=""2""><number>2</number><trans> strand. </trans>
<eg><i lang=""ceb"">Usa ka lugas buhuk,</i><trans> A strand of hair. </trans></eg>
</sense>
<sense n=""2a""><number>2a</number> <form id=""lugas_laxnut"" lang=""ceb""><abbr expan=""lugas"">—</abbr> lánut</form><trans> a hair’s breadth (lit. strand of abaca fiber) by which one is kept from death. </trans>
<eg><i lang=""ceb"">Usa ka lugas lánut ang nakauwang nákù sa kamatáyun,</i><trans> I came within a hair’s breadth of meeting my death. </trans></eg>
</sense>
<sense n=""3""><number>3</number><trans> word counter for people. </trans>
<eg><i lang=""ceb"">Pipila ka lugas táwu ang didtu sa sinihan,</i><trans> There were only a few people in the movies. </trans></eg>
</sense>
<sense n=""4""><number>4</number><trans> word counter for things which can be counted but not concrete. </trans>
<eg><i lang=""ceb"">Pipila ka lugas púlung,</i><trans> A few words. </trans></eg>
<eg><i lang=""ceb"">Pipila ka lugas kanta,</i><trans> A few songs. </trans></eg>
<eg><i lang=""ceb"">Pipila ka lugas idíya,</i><trans> A few ideas.
</trans></eg>
</sense></hom></entry>");
INSERT INTO `wced_head` (entryid, head, normalized_head, type, pos) VALUES (11569, "lugas", "lugas", "m", "n");
INSERT INTO `wced_head` (entryid, head, normalized_head, type, pos) VALUES (11569, "lugas lánut", "lugas lanut", "s", "");
INSERT INTO `wced_translation` (entryid, translation) VALUES (11569, "grain");
INSERT INTO `wced_translation` (entryid, translation) VALUES (11569, "drops");
INSERT INTO `wced_entry` VALUES (11570, "lug-as", "632", "<entry page=""632"" id=""11570""><form id=""lug-as"" lang=""ceb"">lug-as</form>
<hom role=""v""><pos>v</pos>
<sense n=""0""> <itype>[B12; a12]</itype><trans> remove husk from rice or other grains. </trans>
<eg><i lang=""ceb"">Ang ímung linubkan dì makalug-as (makapalug-as) sa dáwa,</i><trans> The way you are doing it won’t get the husks off the millet. </trans></eg>
</sense></hom>
<hom role=""a""><pos>a</pos>
<sense n=""0""><trans> already unhusked. </trans>
<eg><i lang=""ceb"">Taphi ang linubuk kay lug-as na,</i><trans> Winnow the pounded rice because the husks are off now.
</trans></eg>
</sense></hom></entry>");
INSERT INTO `wced_head` (entryid, head, normalized_head, type, pos) VALUES (11570, "lug-as", "lug-as", "m", "va");
INSERT INTO `wced_entry` VALUES (11571, "lugatub", "632", "<entry page=""632"" id=""11571""><form id=""lugaxtub"" lang=""ceb"">lugátub</form>
<hom role=""n""><pos>n</pos>
<sense n=""0""><trans> deep, loud, hollow sound. </trans>
</sense></hom>
<hom role=""v""><pos>v</pos>
<sense n=""0""> <itype>[A]</itype><trans> resound with a deep loud, hollow sound. </trans>
<eg><i lang=""ceb"">Milugátub ang baril nga gilábayg batu,</i><trans> The barrel went bonk when a stone was thrown at it. </trans></eg>
</sense></hom>
<entry><form id=""linugaxtub"" lang=""ceb""><abbr expan=""linugátub"">-in-</abbr></form>
<hom>
<sense n=""0""><trans> <xr lang=""ceb"" target=""#lugaxtub"">= <sc>lugátub</sc>.</xr>
</trans>
</sense></hom></entry></entry>");
INSERT INTO `wced_head` (entryid, head, normalized_head, type, pos) VALUES (11571, "lugátub", "lugatub", "m", "nv");
INSERT INTO `wced_head` (entryid, head, normalized_head, type, pos) VALUES (11571, "linugátub", "linugatub", "s", "");
INSERT INTO `wced_entry` VALUES (11572, "lugaw", "632", "<entry page=""632"" id=""11572""><form id=""luxgaw"" lang=""ceb"">lúgaw</form>
<hom role=""n""><pos>n</pos>
<sense n=""0""><trans> <tr>porridge</tr> from rice or corn grits. </trans>
</sense></hom>
<hom role=""v""><pos>v</pos>
<sense n=""1""><number>1</number> <itype>[A; a]</itype><trans> make porridge. </trans>
<eg><i lang=""ceb"">Bag-ung humay ang lugáwa,</i><trans> Make porridge from the new rice. </trans></eg>
</sense>
<sense n=""2""><number>2</number> <itype>[B12]</itype><trans> turn to, become a mud puddle or mire. </trans>
<eg><i lang=""ceb"">Malúgaw ang dálan ug mag-úlan,</i><trans> The path becomes slush during rainy days. </trans></eg>
</sense></hom>
<entry><form id=""linuxgaw_niluxgaw"" lang=""ceb""><abbr expan=""linúgaw"">-in-</abbr>, <abbr expan=""nilúgaw"">ni-</abbr></form>
<hom role=""n""><pos>n</pos>
<sense n=""0""><trans> <xr lang=""ceb"" target=""#luxgaw"">= <sc>lúgaw</sc>.</xr>
</trans>
</sense></hom></entry></entry>");
INSERT INTO `wced_head` (entryid, head, normalized_head, type, pos) VALUES (11572, "lúgaw", "lugaw", "m", "nv");
INSERT INTO `wced_head` (entryid, head, normalized_head, type, pos) VALUES (11572, "linúgaw", "linugaw", "s", "n");
INSERT INTO `wced_head` (entryid, head, normalized_head, type, pos) VALUES (11572, "nilúgaw", "nilugaw", "s", "n");
INSERT INTO `wced_translation` (entryid, translation) VALUES (11572, "porridge");
INSERT INTO `wced_entry` VALUES (11573, "*lugay", "632", "<entry page=""632"" id=""11573""><form id=""xxlugay"" lang=""ceb"">*lugay</form>
<entry><form id=""lugaynan_lugaynun"" lang=""ceb""><abbr expan=""lugaynan"">-nan</abbr>, <abbr expan=""lugaynun"">-nun</abbr></form>
<hom role=""n""><pos>n</pos>
<sense n=""0""><trans> pertaining to politics and elections. </trans>
<eg><i lang=""ceb"">Bugnù nga lugaynun (lugaynan) diin napárut si Kirínu,</i><trans> The political fight where Quirino lost.
</trans></eg>
</sense></hom></entry></entry>");
INSERT INTO `wced_head` (entryid, head, normalized_head, type, pos) VALUES (11573, "lugay", "lugay", "s", "");
INSERT INTO `wced_head` (entryid, head, normalized_head, type, pos) VALUES (11573, "lugaynan", "lugaynan", "s", "n");
INSERT INTO `wced_head` (entryid, head, normalized_head, type, pos) VALUES (11573, "lugaynun", "lugaynun", "s", "n");
INSERT INTO `wced_entry` VALUES (11574, "lugbak", "632", "<entry page=""632"" id=""11574""><form id=""lugbak"" lang=""ceb"">lugbak</form>
<hom role=""v""><pos>v</pos>
<sense n=""0""> <itype>[B26]</itype><trans> for organic matter to decay. </trans>
<eg><i lang=""ceb"">Malugbak ang prútas nga may tatsa,</i><trans> The fruit will <tr>rot</tr> if it has been damaged. </trans></eg>
<eg><i lang=""ceb"">Bisan malugbak ang ímung bukug, dílì ka kabalus sa ímung ginikánan,</i><trans> You can never repay your parents no matter how much time goes by (lit. even after your bones have rotted). </trans></eg>
<eg><i lang=""ceb"">Mauy nakalugbak (nakapalugbak) sa káhuyng halígi ang kanúnayng paghúmul níini sa túbig,</i><trans> The wooden post rotted because it was immersed too long in water.
</trans></eg>
</sense></hom></entry>");
INSERT INTO `wced_head` (entryid, head, normalized_head, type, pos) VALUES (11574, "lugbak", "lugbak", "m", "v");
INSERT INTO `wced_translation` (entryid, translation) VALUES (11574, "rot");
INSERT INTO `wced_entry` VALUES (11575, "lugbati", "632", "<entry page=""632"" id=""11575""><form id=""lugbaxti"" lang=""ceb"">lugbáti</form>
<hom>
<sense n=""0""><trans> <xr lang=""ceb"" target=""#alugbaxti"">= <sc>alugbáti</sc>.</xr>
</trans>
</sense></hom></entry>");
INSERT INTO `wced_head` (entryid, head, normalized_head, type, pos) VALUES (11575, "lugbáti", "lugbati", "m", "");
INSERT INTO `wced_entry` VALUES (11576, "lugda", "632", "<entry page=""632"" id=""11576""><form id=""lugda"" lang=""ceb"">lugda</form>
<hom role=""v""><pos>v</pos>
<sense n=""0""> <itype>[A; b(1)]</itype><trans> start, originate some foolishness or mild misbehavior. </trans>
<eg><i lang=""ceb"">Kinsa ninyuy naglugda ug kuriskuris sa bungbung?</i><trans> Which one of you started making scratches on the wall?
</trans></eg>
</sense></hom></entry>");
INSERT INTO `wced_head` (entryid, head, normalized_head, type, pos) VALUES (11576, "lugda", "lugda", "m", "v");
INSERT INTO `wced_entry` VALUES (11577, "lugdang", "632", "<entry page=""632"" id=""11577""><form id=""lugdang"" lang=""ceb"">lugdang</form>
<hom role=""v""><pos>v</pos>
<sense n=""0""> <itype>[A2; b6]</itype><trans> </trans>
</sense>
<sense n=""1""><number>1</number><trans> settle to the bottom of a liquid. </trans>
<eg><i lang=""ceb"">Wà makalugdang ang húgaw kay pirming gikútaw,</i><trans> The dirt would not settle because s.o. kept stirring the water. </trans></eg>
<eg><i lang=""ceb"">Dúgayng milugdang ang íyang paun kay súg man,</i><trans> It took his bait a long time to reach the bottom because there was a current. </trans></eg>
</sense>
<sense n=""2""><number>2</number><trans> for results of bad action to make themselves felt. </trans>
<eg><i lang=""ceb"">Milugdang ang íyang tinuntu. Nakalabus,</i><trans> That is the fruit of his foolishness. He was sent to prison. </trans></eg>
</sense>
<sense n=""3""><number>3</number> <itype>[B3(1)4]</itype><trans> for tender rice grains to solidify. </trans>
<eg><i lang=""ceb"">Wà pa gánì makalugdang ang humay aníhun na nímu,</i><trans> Are you going to harvest the rice when the grains haven’t solidified yet? </trans></eg>
</sense></hom>
<entry><form id=""linugdang_nilugdang"" lang=""ceb""><abbr expan=""linugdang"">-in-</abbr>, <abbr expan=""nilugdang"">ni-</abbr></form>
<hom role=""n""><pos>n</pos>
<sense n=""1""><number>1</number><trans> s.t. that settled. </trans>
</sense>
<sense n=""2""><number>2</number><trans> results of bad action. </trans>
<eg><i lang=""ceb"">Kanang batáa linugdang sa ímung tinuntu,</i><trans> The child is the fruit of your stupidity. </trans></eg>
</sense>
<sense n=""3""><number>3</number><trans> one’s youngest child (humorous). </trans>
</sense></hom></entry>
<entry><form id=""linugdaxngan"" lang=""ceb""><abbr expan=""linugdángan"">-in-an</abbr></form>
<hom>
<sense n=""0""><trans> <xr lang=""ceb"" target=""#x-in-"">= <sc><abbr expan=""linugdang"">-in-</abbr></sc>, <ix>1</ix>.</xr>
</trans>
</sense></hom></entry></entry>");
INSERT INTO `wced_head` (entryid, head, normalized_head, type, pos) VALUES (11577, "lugdang", "lugdang", "m", "v");
INSERT INTO `wced_head` (entryid, head, normalized_head, type, pos) VALUES (11577, "linugdang", "linugdang", "s", "n");
INSERT INTO `wced_head` (entryid, head, normalized_head, type, pos) VALUES (11577, "nilugdang", "nilugdang", "s", "n");
INSERT INTO `wced_head` (entryid, head, normalized_head, type, pos) VALUES (11577, "linugdángan", "linugdangan", "s", "");
INSERT INTO `wced_entry` VALUES (11578, "lugdat", "632", "<entry page=""632"" id=""11578""><form id=""lugdat"" lang=""ceb"">lugdat</form>
<hom role=""v""><pos>v</pos>
<sense n=""0""> <itype>[B46]</itype><trans> for the eyes to bulge. </trans>
<eg><i lang=""ceb"">Milugdat ang íyang mata sa katingála,</i><trans> Her eyes bulged with surprise. </trans></eg>
<eg><i lang=""ceb"">Gwápa untà apan naglugdat lang ang mata,</i><trans> She looks pretty but she has bulging eyes.
</trans></eg>
</sense></hom></entry>");
INSERT INTO `wced_head` (entryid, head, normalized_head, type, pos) VALUES (11578, "lugdat", "lugdat", "m", "v");
INSERT INTO `wced_entry` VALUES (11579, "lugdum, lugdung", "632", "<entry page=""632"" id=""11579""><form id=""lugdum_lugdung"" lang=""ceb"">lugdum, lugdung</form>
<hom role=""a""><pos>a</pos>
<sense n=""0""><trans> heavily <tr>overcast</tr>, particularly with rain clouds. </trans>
</sense></hom>
<hom role=""v""><pos>v</pos>
<sense n=""0""> <itype>[B46]</itype><trans> be heavily overcast. </trans>
<eg><i lang=""ceb"">Dúnay taliábut nga unus kay naglugdung ang lángit,</i><trans> A rainstorm is coming because the sky is heavily overcast.
</trans></eg>
</sense></hom></entry>");
INSERT INTO `wced_head` (entryid, head, normalized_head, type, pos) VALUES (11579, "lugdum", "lugdum", "s", "av");
INSERT INTO `wced_head` (entryid, head, normalized_head, type, pos) VALUES (11579, "lugdung", "lugdung", "s", "av");
INSERT INTO `wced_translation` (entryid, translation) VALUES (11579, "overcast");
INSERT INTO `wced_entry` VALUES (11580, "lugi1", "632", "<entry page=""632"" id=""11580""><form id=""luxgiq"" lang=""ceb"">lúgì<sub>1</sub></form>
<hom role=""v""><pos>v</pos>
<sense n=""1""><number>1</number> <itype>[A; a]</itype><trans> extract dried coconut meat from shell. </trans>
<eg><i lang=""ceb"">Hustu nang lugíun ang gihudnu nga lubi,</i><trans> The coconuts are dried and the meat can be extracted. </trans></eg>
</sense>
<sense n=""2""><number>2</number> <itype>[A; a12]</itype><trans> process coconut into copra, from harvesting to drying. </trans>
<eg><i lang=""ceb"">Maglúgì mi káda trimistri,</i><trans> We make copra every three months. </trans></eg>
</sense></hom>
<hom role=""n""><pos>n</pos>
<sense n=""0""><trans> <tr>copra</tr>. </trans>
<eg><i lang=""ceb"">Isulud sa sáku ang lúgì,</i><trans> Put the copra in the sack. </trans></eg>
</sense></hom>
<entry><form id=""lugiq"" lang=""ceb""><abbr expan=""lugì"">(→)</abbr></form>
<hom role=""n""><pos>n</pos>
<sense n=""0""><trans> instrument for extracting coconut meat from the shell.
</trans>
</sense></hom></entry></entry>");
INSERT INTO `wced_head` (entryid, head, normalized_head, type, pos) VALUES (11580, "lúgì", "lugi", "s", "vn");
INSERT INTO `wced_head` (entryid, head, normalized_head, type, pos) VALUES (11580, "lugì", "lugi", "s", "n");
INSERT INTO `wced_translation` (entryid, translation) VALUES (11580, "copra");
INSERT INTO `wced_entry` VALUES (11581, "lugi2", "632", "<entry page=""632"" id=""11581""><form id=""luxgiq2"" lang=""ceb"">lúgì<sub>2</sub></form>
<hom role=""a""><pos>a</pos>
<sense n=""0""><trans> being outsmarted, fooled (slang). </trans>
<eg><i lang=""ceb"">Lúgì ka kay mitúu kang mubáyad siyag útang,</i><trans> You have been fooled for believing that he pays his debts. </trans></eg>
</sense></hom>
<hom role=""v""><pos>v</pos>
<sense n=""1""><number>1</number> <itype>[B126]</itype><trans> be tricked into s.t. (slang). </trans>
<eg><i lang=""ceb"">Nalúgì ku sa Múrus pagpalit sa imitasyung rúliks,</i><trans> I was tricked by the Moro into buying a fake Rolex watch. </trans></eg>
</sense>
<sense n=""2""><number>2</number> <itype>[B126; a12]</itype><trans> for a business to fail, fold up. </trans>
<eg><i lang=""ceb"">Ang kalit nga pagbahar sa prisyu mauy nakalúgì (nakapalúgì) sa íyang nigusyu,</i><trans> The sudden drop in prices caused his business to fail. </trans></eg>
</sense>
<sense n=""3""><number>3</number> <itype>[A; a2b3(1)]</itype><trans> defeat in a game or fight. </trans>
<eg><i lang=""ceb"">Ang manghud ra nákuy maglúgí níya sa ahidris,</i><trans> Even my little brother could defeat him in chess. </trans></eg>
<eg><i lang=""ceb"">Ang liphuk ni Prasyir mauy nalugian ni Klí,</i><trans> It was Frazier’s left hook that defeated Clay.
</trans></eg>
</sense></hom></entry>");
INSERT INTO `wced_head` (entryid, head, normalized_head, type, pos) VALUES (11581, "lúgì", "lugi", "s", "av");
INSERT INTO `wced_entry` VALUES (11582, "luging", "632", "<entry page=""632"" id=""11582""><form id=""luxging"" lang=""ceb"">lúging</form>
<hom role=""n""><pos>n</pos>
<sense n=""0""><trans> logging company, industry. </trans>
<eg><i lang=""ceb"">Náa ku <pb n=""633""/>sa lúging,</i><trans> I work for a logging firm.
</trans></eg>
</sense></hom></entry>");
INSERT INTO `wced_head` (entryid, head, normalized_head, type, pos) VALUES (11582, "lúging", "luging", "m", "n");
INSERT INTO `wced_entry` VALUES (11583, "lug-is", "633", "<entry page=""633"" id=""11583""><form id=""lug-is"" lang=""ceb"">lug-is</form>
<hom role=""v""><pos>v</pos>
<sense n=""0""> <itype>[AB6; a1]</itype><trans> <tr>split</tr> or <tr>break</tr> into smaller sizes. </trans>
<eg><i lang=""ceb"">Maglug-is kug kawáyan pára ikural,</i><trans> I will split some bamboo for fencing. </trans></eg>
<eg><i lang=""ceb"">Naglug-is ang pintal,</i><trans> The paint is cracking.
</trans></eg>
</sense></hom></entry>");
INSERT INTO `wced_head` (entryid, head, normalized_head, type, pos) VALUES (11583, "lug-is", "lug-is", "m", "v");
INSERT INTO `wced_translation` (entryid, translation) VALUES (11583, "split");
INSERT INTO `wced_translation` (entryid, translation) VALUES (11583, "break");
INSERT INTO `wced_entry` VALUES (11584, "lugit", "633", "<entry page=""633"" id=""11584""><form id=""luxgit"" lang=""ceb"">lúgit</form>
<hom role=""v""><pos>v</pos>
<sense n=""0""> <itype>[A; a]</itype><trans> </trans>
</sense>
<sense n=""1""><number>1</number><trans> <tr>extract</tr> s.t. buried or fastened hard to a surface with s.t. pointed or sharp. </trans>
<eg><i lang=""ceb"">Gilúgit ang bála gíkan sa íyang páa,</i><trans> The slug was extracted from his thigh. </trans></eg>
</sense>
<sense n=""2""><number>2</number><trans> extract coconut meat from the shell in making copra. </trans>
<eg><i lang=""ceb"">Ang láhing ray lugítun,</i><trans> Extract copra only from mature nuts. </trans></eg>
</sense>
<sense n=""3""><number>3</number><trans> force oneself or s.o. to dig deep for money when he is financially hard up. </trans>
<eg><i lang=""ceb"">Napugus ang pubri paglúgit sa íyang tinagúan,</i><trans> The poor man was forced to dig into his savings. </trans></eg>
</sense>
<sense n=""4""><number>4</number><trans> ask for s.t. in a forceful way. </trans>
<eg><i lang=""ceb"">Milúgit siyag hangyù sa íyang bánang mulakaw siya,</i><trans> She twisted her husband’s arm to let her go out. </trans></eg>
</sense></hom>
<entry><form id=""lugit"" lang=""ceb""><abbr expan=""lugit"">(→)</abbr></form>
<hom role=""n""><pos>n</pos>
<sense n=""0""><trans> s.t. used to extract s.t. buried or fastened hard to a surface, esp. an instrument to separate coconut meat from the shell. </trans>
</sense></hom></entry>
<entry><form id=""paluxgit"" lang=""ceb""><abbr expan=""palúgit"">pa-</abbr></form>
<hom role=""v""><pos>v</pos>
<sense n=""0""> <itype>[A]</itype><trans> act unwilling to make s.o. trouble himself or plead. </trans>
<eg><i lang=""ceb"">Gustu túud siya, piru nagmagáhì kay magpalúgit giyud,</i><trans> She actually wanted to, but she put up resistance because she wanted him to implore her.
</trans></eg>
</sense></hom></entry></entry>");
INSERT INTO `wced_head` (entryid, head, normalized_head, type, pos) VALUES (11584, "lúgit", "lugit", "m", "v");
INSERT INTO `wced_head` (entryid, head, normalized_head, type, pos) VALUES (11584, "lugit", "lugit", "s", "n");
INSERT INTO `wced_head` (entryid, head, normalized_head, type, pos) VALUES (11584, "palúgit", "palugit", "s", "v");
INSERT INTO `wced_translation` (entryid, translation) VALUES (11584, "extract");
INSERT INTO `wced_entry` VALUES (11585, "lugituk", "633", "<entry page=""633"" id=""11585""><form id=""lugituk"" lang=""ceb"">lugituk</form>
<hom role=""v""><pos>v</pos>
<sense n=""0""> <itype>[B46; b6]</itype><trans> for cereals to be <tr>half-cooked</tr> but moist. </trans>
<eg><i lang=""ceb"">Naglugituk ang linung-ag kay wà ayúhag síga,</i><trans> The rice is half-cooked because the fire wasn’t hot enough.
</trans></eg>
</sense></hom></entry>");
INSERT INTO `wced_head` (entryid, head, normalized_head, type, pos) VALUES (11585, "lugituk", "lugituk", "m", "v");
INSERT INTO `wced_translation` (entryid, translation) VALUES (11585, "half-cooked");
INSERT INTO `wced_entry` VALUES (11586, "lugitum", "633", "<entry page=""633"" id=""11586""><form id=""lugitum"" lang=""ceb"">lugitum</form>
<hom>
<sense n=""0""><trans> (from <ix>itum</ix>) </trans>
</sense></hom>
<hom role=""v""><pos>v</pos>
<sense n=""0""> <itype>[B4]</itype><trans> be dark, gloomy because of denseness. </trans>
<eg><i lang=""ceb"">Milugitum ang lángit sa kabagà sa dag-um,</i><trans> The sky got dark with thick clouds. </trans></eg>
<eg><i lang=""ceb"">Ang naglugitum nga kamaisan,</i><trans> The dense and dark cornfields.
</trans></eg>
</sense></hom></entry>");
INSERT INTO `wced_head` (entryid, head, normalized_head, type, pos) VALUES (11586, "lugitum", "lugitum", "m", "v");
INSERT INTO `wced_entry` VALUES (11587, "lugkab", "633", "<entry page=""633"" id=""11587""><form id=""lugkab"" lang=""ceb"">lugkab</form>
<hom>
<sense n=""0""><trans> <xr lang=""ceb"" target=""#lungkab"">= <sc>lungkab</sc>.</xr>
</trans>
</sense></hom></entry>");
INSERT INTO `wced_head` (entryid, head, normalized_head, type, pos) VALUES (11587, "lugkab", "lugkab", "m", "");
INSERT INTO `wced_entry` VALUES (11588, "lugkat", "633", "<entry page=""633"" id=""11588""><form id=""lugkat"" lang=""ceb"">lugkat</form>
<hom>
<sense n=""0""><trans> (from <ix>lukat</ix>) </trans>
</sense></hom>
<hom role=""v""><pos>v</pos>
<sense n=""0""> <itype>[A; a]</itype><trans> </trans>
</sense>
<sense n=""1""><number>1</number><trans> pry off things that are nailed or stuck into s.t. </trans>
<eg><i lang=""ceb"">Nakalugkat siya sa dakung lansang nga nagtaup sa káhuy,</i><trans> He managed to pull the large nail out of the wood. </trans></eg>
<eg><i lang=""ceb"">Gilugkat ang mga dáang baldúsa,</i><trans> They removed the old tiles. </trans></eg>
</sense>
<sense n=""2""><number>2</number><trans> <tr>uproot</tr>, <tr>fell</tr>, including roots and all. </trans>
<eg><i lang=""ceb"">Nalugkat ang pusti nga nadasmagan sa trák,</i><trans> The truck rammed into the post and it knocked it over.
</trans></eg>
</sense></hom></entry>");
INSERT INTO `wced_head` (entryid, head, normalized_head, type, pos) VALUES (11588, "lugkat", "lugkat", "m", "v");
INSERT INTO `wced_translation` (entryid, translation) VALUES (11588, "uproot");
INSERT INTO `wced_translation` (entryid, translation) VALUES (11588, "fell");
INSERT INTO `wced_entry` VALUES (11589, "luglug1", "633", "<entry page=""633"" id=""11589""><form id=""luglug"" lang=""ceb"">luglug<sub>1</sub></form>
<hom role=""v""><pos>v</pos>
<sense n=""0""> <itype>[A; a]</itype><trans> thrust s.t. long repeatedly into a narrow opening. </trans>
<eg><i lang=""ceb"">Luglúga ang kasilyas kay nasampúngan,</i><trans> Thrust a stick into the toilet pipe because it is stopped up. </trans></eg>
</sense></hom>
<hom role=""n""><pos>n</pos>
<sense n=""0""><trans> stick or the like used to thrust into a narrow opening.
</trans>
</sense></hom></entry>");
INSERT INTO `wced_head` (entryid, head, normalized_head, type, pos) VALUES (11589, "luglug", "luglug", "s", "vn");
INSERT INTO `wced_entry` VALUES (11590, "luglug2", "633", "<entry page=""633"" id=""11590""><form id=""luglug2"" lang=""ceb"">luglug<sub>2</sub></form>
<hom role=""v""><pos>v</pos>
<sense n=""0""> <itype>[A; a1]</itype><trans> <tr>slaughter</tr> an animal by slicing the neck. </trans>
<eg><i lang=""ceb"">Way sud-an, magluglug tag manuk,</i><trans> We have nothing for dinner. Let’s slaughter a chicken.
</trans></eg>
</sense></hom></entry>");
INSERT INTO `wced_head` (entryid, head, normalized_head, type, pos) VALUES (11590, "luglug", "luglug", "s", "v");
INSERT INTO `wced_translation` (entryid, translation) VALUES (11590, "slaughter");
INSERT INTO `wced_entry` VALUES (11591, "*luglug3", "633", "<entry page=""633"" id=""11591""><form id=""xxluglug3"" lang=""ceb"">*luglug<sub>3</sub></form>
<entry><form id=""pansit_luglug"" lang=""ceb"">pansit <abbr expan=""luglug"">—</abbr></form>
<hom>
<sense n=""0""><trans> <ix>see</ix> <xr lang=""ceb"" target=""#pansit""><sc>pansit</sc>.</xr>
</trans>
</sense></hom></entry></entry>");
INSERT INTO `wced_head` (entryid, head, normalized_head, type, pos) VALUES (11591, "luglug", "luglug", "s", "");
INSERT INTO `wced_head` (entryid, head, normalized_head, type, pos) VALUES (11591, "pansit luglug", "pansit luglug", "s", "");
INSERT INTO `wced_entry` VALUES (11592, "lugmak", "633", "<entry page=""633"" id=""11592""><form id=""lugmak"" lang=""ceb"">lugmak</form>
<hom role=""v""><pos>v</pos>
<sense n=""1""><number>1</number> <itype>[B2; a1]</itype><trans> give way or break in the middle due to force or weight. </trans>
<eg><i lang=""ceb"">Mulugmak (malugmak) nang salúga kun tungtúngan ug daghan,</i><trans> That floor will collapse if lots of people stand on it. </trans></eg>
</sense>
<sense n=""2""><number>2</number> <itype>[A; a2]</itype><trans> <tr>trample</tr> on plants and destroy them. </trans>
<eg><i lang=""ceb"">Gilugmak sa bábuy ang mga buwak,</i><trans> The pig trampled over the flowers.
</trans></eg>
</sense></hom></entry>");
INSERT INTO `wced_head` (entryid, head, normalized_head, type, pos) VALUES (11592, "lugmak", "lugmak", "m", "v");
INSERT INTO `wced_translation` (entryid, translation) VALUES (11592, "trample");
INSERT INTO `wced_entry` VALUES (11593, "lugmaw", "633", "<entry page=""633"" id=""11593""><form id=""lugmaw"" lang=""ceb"">lugmaw</form>
<hom role=""v""><pos>v</pos>
<sense n=""1""><number>1</number> <itype>[A2; b6]</itype><trans> <tr>show up</tr> or <tr>appear</tr>. </trans>
<eg><i lang=""ceb"">Ingug musultis Prisidinti Markus. Hái Markúsang milugmaw?</i><trans> They said President Marcos would give a talk. But no Marcos appeared. </trans></eg>
<eg><i lang=""ceb"">Gilugmáwan siyag dílì ingun nátù,</i><trans> A supernatural being appeared to him. </trans></eg>
</sense>
<sense n=""2""><number>2</number> <itype>[A2]</itype><trans> for part of s.t. buried to be sticking out. </trans>
<eg><i lang=""ceb"">Giunsa man ninyu paglubung ang irù nga milugmaw man ang tiil?</i><trans> How did you bury the dog when its feet are sticking out? </trans></eg>
</sense>
<sense n=""3""><number>3</number> <itype>[A2N; b6]</itype><trans> for tears to well up in the eyes. </trans>
<eg><i lang=""ceb"">Nalúbug ang ákung mata nga gilugmáwan sa lúhà,</i><trans> My eyes were blurred with the tears that started to form.
</trans></eg>
</sense></hom></entry>");
INSERT INTO `wced_head` (entryid, head, normalized_head, type, pos) VALUES (11593, "lugmaw", "lugmaw", "m", "v");
INSERT INTO `wced_translation` (entryid, translation) VALUES (11593, "show up");
INSERT INTO `wced_translation` (entryid, translation) VALUES (11593, "appear");
INSERT INTO `wced_entry` VALUES (11594, "lugmay", "633", "<entry page=""633"" id=""11594""><form id=""lugmay"" lang=""ceb"">lugmay</form>
<hom>
<sense n=""0""><trans> <xr lang=""ceb"" target=""#lukmay"">= <sc>lukmay</sc>.</xr>
</trans>
</sense></hom></entry>");
INSERT INTO `wced_head` (entryid, head, normalized_head, type, pos) VALUES (11594, "lugmay", "lugmay", "m", "");
INSERT INTO `wced_entry` VALUES (11595, "lugmuk", "633", "<entry page=""633"" id=""11595""><form id=""lugmuk"" lang=""ceb"">lugmuk</form>
<hom role=""v""><pos>v</pos>
<sense n=""0""> <itype>[AB26; a2b2]</itype><trans> for structures or people to <tr>collapse</tr>. </trans>
<eg><i lang=""ceb"">Ang línug mauy naglugmuk sa Rúbi Táwir,</i><trans> The earthquake destroyed the Ruby Tower. </trans></eg>
<eg><i lang=""ceb"">Nalugmuk sa simbahan ang táwung nakuyapan,</i><trans> The man who fainted in church suddenly collapsed. </trans></eg>
</sense></hom>
<entry><form id=""palugmuk"" lang=""ceb""><abbr expan=""palugmuk"">pa-</abbr></form>
<hom role=""v""><pos>v</pos>
<sense n=""0""> <itype>[A; c]</itype><trans> <tr>tear down</tr> structures. </trans>
<eg><i lang=""ceb"">Ipalugmuk sa gubyirnu ang mga bawungbáwung,</i><trans> The government will tear the shacks down.
</trans></eg>
</sense></hom></entry></entry>");
INSERT INTO `wced_head` (entryid, head, normalized_head, type, pos) VALUES (11595, "lugmuk", "lugmuk", "m", "v");
INSERT INTO `wced_head` (entryid, head, normalized_head, type, pos) VALUES (11595, "palugmuk", "palugmuk", "s", "v");
INSERT INTO `wced_translation` (entryid, translation) VALUES (11595, "collapse");
INSERT INTO `wced_translation` (entryid, translation) VALUES (11595, "tear down");
INSERT INTO `wced_entry` VALUES (11596, "lugmuy", "633", "<entry page=""633"" id=""11596""><form id=""lugmuy"" lang=""ceb"">lugmuy</form>
<hom>
<sense n=""0""><trans> <xr lang=""ceb"" target=""#lukmuy"">= <sc>lukmuy</sc>.</xr>
</trans>
</sense></hom></entry>");
INSERT INTO `wced_head` (entryid, head, normalized_head, type, pos) VALUES (11596, "lugmuy", "lugmuy", "m", "");
INSERT INTO `wced_entry` VALUES (11597, "lugnas", "633", "<entry page=""633"" id=""11597""><form id=""lugnas"" lang=""ceb"">lugnas</form>
<hom role=""v""><pos>v</pos>
<sense n=""1""><number>1</number> <itype>[A23P]</itype><trans> for plants to die from disease or from being past the fruit-bearing age. </trans>
<eg><i lang=""ceb"">Gagmay nag búnga ang tamátis kay hápit na malugnas,</i><trans> My tomato plants are bearing few fruits now because they will soon wither and die. </trans></eg>
</sense>
<sense n=""2""><number>2</number> <itype>[B126]</itype><trans> be brought to utter ruin. </trans>
<eg><i lang=""ceb"">Nalugnas ang íyang nigusyu kay miintra siya sa súgal,</i><trans> His business was brought to utter ruin because he took to gambling. </trans></eg>
</sense>
<sense n=""3""><number>3</number> <itype>[B1256]</itype><trans> for structures to <tr>fall apart</tr>. </trans>
<eg><i lang=""ceb"">Dílì na madúgay nga malugnas ang balay kay dáan na kaáyu,</i><trans> It won’t be long for the house to fall apart because it is very old.
</trans></eg>
</sense></hom></entry>");
INSERT INTO `wced_head` (entryid, head, normalized_head, type, pos) VALUES (11597, "lugnas", "lugnas", "m", "v");
INSERT INTO `wced_translation` (entryid, translation) VALUES (11597, "fall apart");
INSERT INTO `wced_entry` VALUES (11598, "lugnut", "633", "<entry page=""633"" id=""11598""><form id=""lugnut"" lang=""ceb"">lugnut</form>
<hom role=""v""><pos>v</pos>
<sense n=""0""> <itype>[A2; c6]</itype><trans> struggle to free oneself from s.t. that holds one. </trans>
<eg><i lang=""ceb"">Ayawg ilugnut ímung buktun ug gunítan ka paglabang,</i><trans> Do not pull your arm away when I’m holding on to you to cross the street. </trans></eg>
</sense></hom>
<entry><form id=""panglugnut"" lang=""ceb""><abbr expan=""panglugnut"">paN-</abbr></form>
<hom role=""v""><pos>v</pos>
<sense n=""0""> <itype>[A1]</itype><trans> struggle vigorously to get free. </trans>
<eg><i lang=""ceb"">Nagpanglugnut ang babáying gikidnap,</i><trans> The girl struggled vigorously to get loose from her abductors.
</trans></eg>
</sense></hom></entry></entry>");
INSERT INTO `wced_head` (entryid, head, normalized_head, type, pos) VALUES (11598, "lugnut", "lugnut", "m", "v");
INSERT INTO `wced_head` (entryid, head, normalized_head, type, pos) VALUES (11598, "panglugnut", "panglugnut", "s", "v");
INSERT INTO `wced_entry` VALUES (11599, "lugpad", "633", "<entry page=""633"" id=""11599""><form id=""lugpad"" lang=""ceb"">lugpad</form>
<hom role=""v""><pos>v</pos>
<sense n=""1""><number>1</number><trans> <xr lang=""ceb"" target=""#lupad"">= <sc>lupad</sc>.</xr> </trans>
</sense>
<sense n=""2""><number>2</number> <itype>[A2]</itype><trans> <tr>fly up</tr>. </trans>
<eg><i lang=""ceb"">Milugpad ang abug paglabay sa trák,</i><trans> Dust flew up <pb n=""634""/>when the truck passed by. </trans></eg>
</sense>
<sense n=""3""><number>3</number> <itype>[A23]</itype><trans> send s.o. reeling as though flying. </trans>
<eg><i lang=""ceb"">Mulugpad ka run ug suntúkun ta ka,</i><trans> I’ll send you reeling if I strike you.
</trans></eg>
</sense></hom></entry>");
INSERT INTO `wced_head` (entryid, head, normalized_head, type, pos) VALUES (11599, "lugpad", "lugpad", "m", "v");
INSERT INTO `wced_translation` (entryid, translation) VALUES (11599, "fly up");
INSERT INTO `wced_entry` VALUES (11600, "lugpit", "634", "<entry page=""634"" id=""11600""><form id=""lugpit"" lang=""ceb"">lugpit</form>
<hom role=""v""><pos>v</pos>
<sense n=""0""> <itype>[A; b]</itype><trans> pin s.t. down tightly or between two things. </trans>
<eg><i lang=""ceb"">Tabángi kug lugpit sa kúgun íring duha ka lipak,</i><trans> Help me fasten the grass thatch down with those two pieces of bamboo. </trans></eg>
<eg><i lang=""ceb"">Lugpíti (lugpiti) ang libru sa íluk,</i><trans> Hold your book tightly under your arm. </trans></eg>
<eg><i lang=""ceb"">Hilugpitan ákung tudlù pagsira nákù sa húnus,</i><trans> I caught my finger when I closed the drawer. </trans></eg>
</sense></hom>
<hom role=""n""><pos>n</pos>
<sense n=""1""><number>1</number><trans> s.t. used to clip or pin s.t. tightly down or against s.t. </trans>
</sense>
<sense n=""2""><number>2</number><trans> chord on a guitar formed by pressing the finger straight across the strings. </trans>
</sense></hom>
<entry><form id=""palugpit"" lang=""ceb""><abbr expan=""palugpit"">pa-</abbr></form>
<hom role=""v""><pos>v</pos>
<sense n=""0""> <itype>[A; ab]</itype><trans> cause s.t. to be pinned down. </trans>
<eg><i lang=""ceb"">Puting kamisadintru nga íyang gipalugpítan (gipalugpitan),</i><trans> A white shirt which he had tucked in.
</trans></eg>
</sense></hom></entry></entry>");
INSERT INTO `wced_head` (entryid, head, normalized_head, type, pos) VALUES (11600, "lugpit", "lugpit", "m", "vn");
INSERT INTO `wced_head` (entryid, head, normalized_head, type, pos) VALUES (11600, "palugpit", "palugpit", "s", "v");
INSERT INTO `wced_entry` VALUES (11601, "lugput", "634", "<entry page=""634"" id=""11601""><form id=""lugput"" lang=""ceb"">lugput</form>
<hom role=""v""><pos>v</pos>
<sense n=""0""> <itype>[B246; b6]</itype><trans> <tr>pop up</tr> like a jack-in-the-box. </trans>
<eg><i lang=""ceb"">Milugput ku sa silya sa kakurat,</i><trans> I shot up from my seat in my fright. </trans></eg>
<eg><i lang=""ceb"">Layù siyag gilugpútan pagkalingkud níyag dágum,</i><trans> He jumped a mile when he sat on a pin.
</trans></eg>
</sense></hom></entry>");
INSERT INTO `wced_head` (entryid, head, normalized_head, type, pos) VALUES (11601, "lugput", "lugput", "m", "v");
INSERT INTO `wced_translation` (entryid, translation) VALUES (11601, "pop up");
INSERT INTO `wced_entry` VALUES (11602, "lugru", "634", "<entry page=""634"" id=""11602""><form id=""lugru"" lang=""ceb"">lugru</form>
<hom role=""n""><pos>n</pos>
<sense n=""0""><trans> advantage given in betting where the odds are not even. </trans>
<eg><i lang=""ceb"">Ang lugru tris kuntra sa ímung dus,</i><trans> The advantage is three to your two. </trans></eg>
</sense></hom>
<hom role=""v""><pos>v</pos>
<sense n=""0""> <itype>[A; b6]</itype><trans> give advantage in betting, not said of tossing coins. </trans>
<eg><i lang=""ceb"">Lugrúhan ta sila ug singku tris arun mudáwat sila sa pusta,</i><trans> We will give them an advantage of five to three so that they will take the bet.
</trans></eg>
</sense></hom></entry>");
INSERT INTO `wced_head` (entryid, head, normalized_head, type, pos) VALUES (11602, "lugru", "lugru", "m", "nv");
INSERT INTO `wced_entry` VALUES (11603, "lugsad", "634", "<entry page=""634"" id=""11603""><form id=""lugsad"" lang=""ceb"">lugsad</form>
<hom role=""v""><pos>v</pos>
<sense n=""1""><number>1</number> <itype>[A; c1]</itype><trans> get to the ground or bottom. </trans>
<eg><i lang=""ceb"">Milugsad na ang ayruplánu sa tugpahánan,</i><trans> The airplane has landed at the airport. </trans></eg>
<eg><i lang=""ceb"">Naglugsad sila samtang kami nagtungas,</i><trans> They were coming down the hill while we were going up. </trans></eg>
</sense>
<sense n=""2""><number>2</number> <itype>[A; c]</itype><trans> bring s.t. down. </trans>
<eg><i lang=""ceb"">Adúnay mulugsad (maglugsad) sa mga abut ngadtu sa lungsud,</i><trans> S.o. will bring the produce down to the town.
</trans></eg>
</sense></hom></entry>");
INSERT INTO `wced_head` (entryid, head, normalized_head, type, pos) VALUES (11603, "lugsad", "lugsad", "m", "v");
INSERT INTO `wced_entry` VALUES (11604, "lugsung", "634", "<entry page=""634"" id=""11604""><form id=""lugsung"" lang=""ceb"">lugsung</form>
<hom role=""v""><pos>v</pos>
<sense n=""1""><number>1</number> <itype>[AB36; ac]</itype><trans> go, bring downhill, to town. </trans>
<eg><i lang=""ceb"">Mantinir lang únà tag manuk kay wà mi makalugsung,</i><trans> Let’s just put up with chicken because we haven’t had a chance to go down to town (to buy anything better). </trans></eg>
<eg><i lang=""ceb"">Maglugsung sila sa ílang mga pruduktu ngadtu sa lungsud,</i><trans> They bring their products down to the city. </trans></eg>
<eg><i lang=""ceb"">Unsay ímung lugsúngun maduminggu?</i><trans> What do you go to town for on Sundays? </trans></eg>
</sense>
<sense n=""2""><number>2</number> <itype>[A1]</itype><trans> eat canned fish (humorous). </trans>
</sense></hom>
<hom role=""n""><pos>n</pos>
<sense n=""1""><number>1</number> <form id=""lugsung_sa"" lang=""ceb""><abbr expan=""lugsung"">—</abbr> sa</form><trans> <tr>down to</tr>. </trans>
<eg><i lang=""ceb"">Kining kasagingan gíkan dinhi lugsung sa subà ákù,</i><trans> This banana plantation from here down to the river is mine. </trans></eg>
</sense>
<sense n=""2""><number>2</number><trans> <tr>canned fish</tr> (so called from the joke that mountaineers consider canned fish better than chicken because they have to go down to get it—see the first sentence under <ix>v</ix>). </trans>
</sense></hom>
<entry><form id=""lugsuxngun_lugsungun"" lang=""ceb""><abbr expan=""lugsúngun"">-un</abbr>, <abbr expan=""lugsungun"">-un(→)</abbr></form>
<hom role=""a""><pos>a</pos>
<sense n=""0""><trans> <tr>downhill</tr>.
</trans>
</sense></hom></entry></entry>");
INSERT INTO `wced_head` (entryid, head, normalized_head, type, pos) VALUES (11604, "lugsung", "lugsung", "m", "vn");
INSERT INTO `wced_head` (entryid, head, normalized_head, type, pos) VALUES (11604, "lugsung sa", "lugsung sa", "s", "");
INSERT INTO `wced_head` (entryid, head, normalized_head, type, pos) VALUES (11604, "lugsúngun", "lugsungun", "s", "a");
INSERT INTO `wced_head` (entryid, head, normalized_head, type, pos) VALUES (11604, "lugsungun", "lugsungun", "s", "a");
INSERT INTO `wced_translation` (entryid, translation) VALUES (11604, "down to");
INSERT INTO `wced_translation` (entryid, translation) VALUES (11604, "canned fish");
INSERT INTO `wced_translation` (entryid, translation) VALUES (11604, "downhill");
INSERT INTO `wced_entry` VALUES (11605, "lugsut", "634", "<entry page=""634"" id=""11605""><form id=""lugsut"" lang=""ceb"">lugsut</form>
<hom role=""v""><pos>v</pos>
<sense n=""0""> <itype>[A2; b8]</itype><trans> <tr>eject</tr> s.t. with force. </trans>
<eg><i lang=""ceb"">Milugsut ang lísu dihang naligsan sa ligid,</i><trans> The seed was ejected when the wheel ran over the fruit. </trans></eg>
<eg><i lang=""ceb"">Milugsut ang ákù sa tantu níyang hamilhámil,</i><trans> I ejaculated because she kept rubbing and rubbing it. </trans></eg>
<eg><i lang=""ceb"">Nalugsutan ku sa asíti paghasù sa bumba,</i><trans> Oil spurted onto me when he worked the pump.
</trans></eg>
</sense></hom></entry>");
INSERT INTO `wced_head` (entryid, head, normalized_head, type, pos) VALUES (11605, "lugsut", "lugsut", "m", "v");
INSERT INTO `wced_translation` (entryid, translation) VALUES (11605, "eject");
INSERT INTO `wced_entry` VALUES (11606, "lugtab", "634", "<entry page=""634"" id=""11606""><form id=""lugtab"" lang=""ceb"">lugtab</form>
<hom role=""v""><pos>v</pos>
<sense n=""1""><number>1</number> <itype>[A; b5]</itype><trans> force a door open. </trans>
<eg><i lang=""ceb"">Wà nay kawatang makalugtab áning pultahána,</i><trans> No thief can break this door open. </trans></eg>
</sense>
<sense n=""2""><number>2</number> <itype>[A; ab2]</itype><trans> cut a string or rope with a long slashing stroke of the blade. </trans>
<eg><i lang=""ceb"">Naglugtab siya sa tahì sa sinínang usbunun,</i><trans> She is cutting the stitches of the dress she has to alter. </trans></eg>
<eg><i lang=""ceb"">Lugtaba ang hukut arun malibri ang kabáyù,</i><trans> Cut the tether rope to free the horse. </trans></eg>
<eg><i lang=""ceb"">Hinglugtaban nákù ang halayhayan,</i><trans> I accidentally cut the clothesline. </trans></eg>
</sense>
<sense n=""3""><number>3</number> <itype>[A3P; a12]</itype><trans> deprive s.o. of his power. </trans>
<eg><i lang=""ceb"">Unsay íyang pagabuhátun arun malugtab ang gahum sa ingkantu?</i><trans> What shall he do to overcome the power of the spirit?
</trans></eg>
</sense></hom></entry>");
INSERT INTO `wced_head` (entryid, head, normalized_head, type, pos) VALUES (11606, "lugtab", "lugtab", "m", "v");
INSERT INTO `wced_entry` VALUES (11607, "lugtas", "634", "<entry page=""634"" id=""11607""><form id=""lugtas"" lang=""ceb"">lugtas</form>
<hom role=""v""><pos>v</pos>
<sense n=""1""><number>1</number> <itype>[A; a]</itype><trans> break a rope, thread, string, etc. by pulling on it with force. </trans>
<eg><i lang=""ceb"">Naglugtas pa ku sa tahì sa ákung sinínà,</i><trans> I am ripping out the stitches in my dress. </trans></eg>
<eg><i lang=""ceb"">Kun dì mahúbad, lugtása lang,</i><trans> If you can’t untie it, just break it off. </trans></eg>
</sense>
<sense n=""2""><number>2</number> <itype>[A; b4c1]</itype><trans> <tr>terminate</tr>, put an end to s.t. </trans>
<eg><i lang=""ceb"">Kaguul nga mulugtas sa ímung kinabúhì,</i><trans> Sorrows that can terminate your life. </trans></eg>
<eg><i lang=""ceb"">Lugtásun (ilugtas) ba lang nímu ang ímung mga damgu tungud lang sa usa ka babáyi?</i><trans> Will you destroy your hopes and dreams all because of a woman? </trans></eg>
</sense>
<sense n=""3""><number>3</number> <itype>[a12]</itype><trans> <tr>finish</tr> a task or job. </trans>
<eg><i lang=""ceb"">Kanang labhanan na lang ímung lugtásun karun.</i><trans> All you have to finish is that laundry.
</trans></eg>
</sense></hom></entry>");
INSERT INTO `wced_head` (entryid, head, normalized_head, type, pos) VALUES (11607, "lugtas", "lugtas", "m", "v");
INSERT INTO `wced_translation` (entryid, translation) VALUES (11607, "terminate");
INSERT INTO `wced_translation` (entryid, translation) VALUES (11607, "finish");
INSERT INTO `wced_entry` VALUES (11608, "lugti", "634", "<entry page=""634"" id=""11608""><form id=""lugtiq"" lang=""ceb"">lugtì</form>
<hom role=""v""><pos>v</pos>
<sense n=""0""> <itype>[AB; a]</itype><trans> for s.t. crisp or brittle to break, cause it to do so. </trans>
<eg><i lang=""ceb"">Milugtì ang básu nga gibùbúan sa túbig nga nagbukal,</i><trans> The glass cracked when boiling water was poured into it. </trans></eg>
<eg><i lang=""ceb"">Dì ku makalugtì niíning bukúga. Gáhì kaáyu,</i><trans> I cannot break this bone. It’s too hard. </trans></eg>
<eg><i lang=""ceb"">Lugtía nang mitrusan,</i><trans> Break that meter stick.
</trans></eg>
</sense></hom></entry>");
INSERT INTO `wced_head` (entryid, head, normalized_head, type, pos) VALUES (11608, "lugtì", "lugti", "m", "v");
INSERT INTO `wced_entry` VALUES (11609, "lugu", "634", "<entry page=""634"" id=""11609""><form id=""luqguq"" lang=""ceb"">lùgù</form>
<hom role=""v""><pos>v</pos>
<sense n=""0""> <itype>[A; a]</itype><trans> shake a vessel with liquid in it to slosh the liquid around. </trans>
<eg><i lang=""ceb"">Lùgúi nang butilya kay namilit ang húgaw sa sulud,</i><trans> Slosh water around in the bottle because there’s dirt sticking to the sides.
</trans></eg>
</sense></hom></entry>");
INSERT INTO `wced_head` (entryid, head, normalized_head, type, pos) VALUES (11609, "lùgù", "lugu", "m", "v");
INSERT INTO `wced_entry` VALUES (11610, "lugud", "634", "<entry page=""634"" id=""11610""><form id=""luxgud"" lang=""ceb"">lúgud</form>
<hom role=""v""><pos>v</pos>
<sense n=""1""><number>1</number> <itype>[AN; a1]</itype><trans> <tr>rub</tr> the eyes. </trans>
<eg><i lang=""ceb"">Ayawg lugda ímung mata ug mapúling ka,</i><trans> Don’t rub your eyes when you get dirt in them. </trans></eg>
</sense>
<sense n=""2""><number>2</number> <itype>[A; b]</itype><trans> <tr>rub</tr> the skin with a stone to remove dirt. </trans>
<eg><i lang=""ceb"">Lugdi ímung líug kay daghang buling,</i><trans> Rub your neck because there’s lots of dirt on it. <pb n=""635""/></trans></eg>
</sense></hom>
<entry><form id=""pangluxgud"" lang=""ceb""><abbr expan=""panglúgud"">paN-</abbr></form>
<hom role=""v""><pos>v</pos>
<sense n=""0""> <itype>[A2; c6]</itype><trans> rub oneself with a stone to remove dirt. </trans>
<eg><i lang=""ceb"">Panlúgud, unyà human, panabun,</i><trans> Scrub yourself, and after that, soap yourself. </trans></eg>
<eg><i lang=""ceb"">Puslan pa mang malígù manlúgud gayud,</i><trans> Since I’ve started, I might as well go the whole hog. (Lit. Since I am bathing I might as well scrub myself.) </trans></eg>
</sense></hom></entry>
<entry><form id=""lugud"" lang=""ceb""><abbr expan=""lugud"">(→)</abbr></form>
<hom role=""n""><pos>n</pos>
<sense n=""0""><trans> stone used for scrubbing oneself to remove dirt.
</trans>
</sense></hom></entry></entry>");
INSERT INTO `wced_head` (entryid, head, normalized_head, type, pos) VALUES (11610, "lúgud", "lugud", "m", "v");
INSERT INTO `wced_head` (entryid, head, normalized_head, type, pos) VALUES (11610, "panglúgud", "panglugud", "s", "v");
INSERT INTO `wced_head` (entryid, head, normalized_head, type, pos) VALUES (11610, "lugud", "lugud", "s", "n");
INSERT INTO `wced_translation` (entryid, translation) VALUES (11610, "rub");
INSERT INTO `wced_entry` VALUES (11611, "luguk, luguk", "635", "<entry page=""635"" id=""11611""><form id=""luguk_luxguk"" lang=""ceb"">luguk, lúguk</form>
<hom role=""v""><pos>v</pos>
<sense n=""0""> <itype>[B2456; b6]</itype><trans> <tr>well up</tr>. </trans>
<eg><i lang=""ceb"">Milúguk ang dugù sa tudlung nadukdukan sa martilyu,</i><trans> The blood welled up in his fingers when the hammer struck them. </trans></eg>
<eg><i lang=""ceb"">Lúgus siyang kakità kay gilugúkan íyang mata sa lúhà,</i><trans> She could hardly see because of the tears which welled up in her eyes.
</trans></eg>
</sense></hom></entry>");
INSERT INTO `wced_head` (entryid, head, normalized_head, type, pos) VALUES (11611, "luguk", "luguk", "s", "v");
INSERT INTO `wced_head` (entryid, head, normalized_head, type, pos) VALUES (11611, "lúguk", "luguk", "s", "v");
INSERT INTO `wced_translation` (entryid, translation) VALUES (11611, "well up");
INSERT INTO `wced_entry` VALUES (11612, "lugum", "635", "<entry page=""635"" id=""11612""><form id=""lugum"" lang=""ceb"">lugum</form>
<hom role=""v""><pos>v</pos>
<sense n=""0""> <itype>[B2; ab7]</itype><trans> make, become dark or deep in hue. </trans>
<eg><i lang=""ceb"">Mulugum ang kulur ug putì ang ipaluyu,</i><trans> A color becomes deeper in hue if it is set off against a white background. </trans></eg>
<eg><i lang=""ceb"">Luguma pagpintal arun matabunan ang suwatsúwat,</i><trans> Paint it dark to cover the writing. </trans></eg>
</sense></hom>
<hom role=""a""><pos>a</pos>
<sense n=""0""><trans> <tr>dark</tr> or deep in hue. </trans>
<eg><i lang=""ceb"">Hanap dì lugum ang ági sa drúwing pinsil,</i><trans> Your pencil made light lines, not dark ones.
</trans></eg>
</sense></hom></entry>");
INSERT INTO `wced_head` (entryid, head, normalized_head, type, pos) VALUES (11612, "lugum", "lugum", "m", "va");
INSERT INTO `wced_translation` (entryid, translation) VALUES (11612, "dark");
INSERT INTO `wced_entry` VALUES (11613, "lugum", "635", "<entry page=""635"" id=""11613""><form id=""luxgum"" lang=""ceb"">lúgum</form>
<hom role=""v""><pos>v</pos>
<sense n=""0""> <itype>[B3(1)6]</itype><trans> for water to collect and form into a pool. </trans>
<eg><i lang=""ceb"">Maglúgum giyud ang túbig kay wà nay kaagásan,</i><trans> The water will form a pool because there is no way for it to get out.
</trans></eg>
</sense></hom></entry>");
INSERT INTO `wced_head` (entryid, head, normalized_head, type, pos) VALUES (11613, "lúgum", "lugum", "m", "v");
INSERT INTO `wced_entry` VALUES (11614, "lugus", "635", "<entry page=""635"" id=""11614""><form id=""luxgus"" lang=""ceb"">lúgus</form>
<hom role=""v""><pos>v</pos>
<sense n=""1""><number>1</number> <itype>[A; c1]</itype><trans> <tr>force</tr>, force oneself. </trans>
<eg><i lang=""ceb"">Milúgus kug iskuyla bisag gihilantan ku,</i><trans> I forced myself to go to school even though I had a fever. </trans></eg>
<eg><i lang=""ceb"">Kinsay naglúgus ínig pasuk sa buhù bísag huut,</i><trans> Who forced this into the hole even though it’s too big? </trans></eg>
<eg><i lang=""ceb"">Ayawg ilúgus (lugsa) ímung láwas ug dì giyud mahímù,</i><trans> Don’t force your body if you can’t manage it. </trans></eg>
</sense>
<sense n=""2""><number>2</number> <itype>[A; a2]</itype><trans> <tr>rape</tr>. </trans>
<eg><i lang=""ceb"">Gibítay ang naglúgus sa babáyi,</i><trans> The man who raped the girl was hanged. </trans></eg>
</sense></hom>
<hom role=""a""><pos>a</pos>
<sense n=""0""><trans> <tr>hardly</tr>, <tr>barely</tr>. </trans>
<eg><i lang=""ceb"">Tíngug nga lúgus mabátì,</i><trans> A barely audible voice. </trans></eg>
<eg><i lang=""ceb"">Lúgus gánì ming makapalit ug bugas,</i><trans> We can scarcely afford to buy rice. </trans></eg>
</sense></hom>
<entry><form id=""lugus"" lang=""ceb""><abbr expan=""lugus"">(→)</abbr></form>
<hom role=""v""><pos>v</pos>
<sense n=""0""> <itype>[A]</itype><trans> <tr>barely</tr> do s.t. under difficult odds. </trans>
<eg><i lang=""ceb"">Naglugus giyug iskuyla bísag walay kwarta,</i><trans> He managed to get through school despite his poverty. </trans></eg>
</sense></hom></entry>
<entry><form id=""linugsaxnay_lugsanay_lugsaxnay"" lang=""ceb"">linugsánay, lugsanay, lugsánay</form>
<hom>
<sense n=""0""><trans> <xr lang=""ceb"" target=""#luxgus"">= <sc>lúgus</sc>, <i lang=""ceb"">a</i>.</xr> </trans>
</sense></hom></entry>
<entry><form id=""pangluxgus"" lang=""ceb""><abbr expan=""panglúgus"">paN-</abbr></form>
<hom role=""n""><pos>n</pos>
<sense n=""0""><trans> <tr>rape</tr>. </trans>
</sense></hom></entry>
<entry><form id=""mangluluxgus"" lang=""ceb""><abbr expan=""manglulúgus"">maN-r-(→)</abbr></form>
<hom role=""n""><pos>n</pos>
<sense n=""0""><trans> <tr>rapist</tr>.
</trans>
</sense></hom></entry></entry>");
INSERT INTO `wced_head` (entryid, head, normalized_head, type, pos) VALUES (11614, "lúgus", "lugus", "m", "va");
INSERT INTO `wced_head` (entryid, head, normalized_head, type, pos) VALUES (11614, "lugus", "lugus", "s", "v");
INSERT INTO `wced_head` (entryid, head, normalized_head, type, pos) VALUES (11614, "linugsánay", "linugsanay", "s", "");
INSERT INTO `wced_head` (entryid, head, normalized_head, type, pos) VALUES (11614, "lugsanay", "lugsanay", "s", "");
INSERT INTO `wced_head` (entryid, head, normalized_head, type, pos) VALUES (11614, "lugsánay", "lugsanay", "s", "");
INSERT INTO `wced_head` (entryid, head, normalized_head, type, pos) VALUES (11614, "panglúgus", "panglugus", "s", "n");
INSERT INTO `wced_head` (entryid, head, normalized_head, type, pos) VALUES (11614, "manglulúgus", "manglulugus", "s", "n");
INSERT INTO `wced_translation` (entryid, translation) VALUES (11614, "force");
INSERT INTO `wced_translation` (entryid, translation) VALUES (11614, "rape");
INSERT INTO `wced_translation` (entryid, translation) VALUES (11614, "hardly");
INSERT INTO `wced_translation` (entryid, translation) VALUES (11614, "barely");
INSERT INTO `wced_translation` (entryid, translation) VALUES (11614, "rapist");
INSERT INTO `wced_entry` VALUES (11615, "lugut", "635", "<entry page=""635"" id=""11615""><form id=""lugut"" lang=""ceb"">lugut</form>
<hom role=""n""><pos>n</pos>
<sense n=""1""><number>1</number><trans> <tr>thicket</tr>, <tr>woods</tr>. </trans>
<eg><i lang=""ceb"">Miadtu siya sa lugut arun pagkúhag talibugsuk,</i><trans> He went to the woods to cut down stakes for fencing. </trans></eg>
</sense>
<sense n=""2""><number>2</number><trans> <tr>ravine</tr> or <tr>gully</tr>. </trans>
<eg><i lang=""ceb"">Túbig nga nag-ambak ngadtu sa lugut,</i><trans> Water that leaps down into the ravine. </trans></eg>
</sense></hom>
<entry><form id=""kaluguxtan"" lang=""ceb""><abbr expan=""kalugútan"">ka-an</abbr></form>
<hom role=""n""><pos>n</pos>
<sense n=""1""><number>1</number><trans> <xr lang=""ceb"" target=""#lugut"">= <sc>lugut</sc>, <ix>1</ix>.</xr> </trans>
</sense>
<sense n=""2""><number>2</number><trans> series of ravines or narrow valleys.
</trans>
</sense></hom></entry></entry>");
INSERT INTO `wced_head` (entryid, head, normalized_head, type, pos) VALUES (11615, "lugut", "lugut", "m", "n");
INSERT INTO `wced_head` (entryid, head, normalized_head, type, pos) VALUES (11615, "kalugútan", "kalugutan", "s", "n");
INSERT INTO `wced_translation` (entryid, translation) VALUES (11615, "thicket");
INSERT INTO `wced_translation` (entryid, translation) VALUES (11615, "woods");
INSERT INTO `wced_translation` (entryid, translation) VALUES (11615, "ravine");
INSERT INTO `wced_translation` (entryid, translation) VALUES (11615, "gully");
INSERT INTO `wced_entry` VALUES (11616, "lugwa", "635", "<entry page=""635"" id=""11616""><form id=""lugwaq"" lang=""ceb"">lugwà</form>
<hom>
<sense n=""0""><trans> (from <ix>gulà</ix>) </trans>
</sense></hom>
<hom role=""v""><pos>v</pos>
<sense n=""0""> <itype>[B3(1)6; b6]</itype><trans> </trans>
</sense>
<sense n=""1""><number>1</number><trans> be <tr>forced out</tr>. </trans>
<eg><i lang=""ceb"">Wà makalugwà ang bítuk kay giundángan ang pagpurga,</i><trans> The intestinal worms didn’t come out because he stopped taking his medicine. </trans></eg>
<eg><i lang=""ceb"">Mihuphup ang hubag human lugwái sa nánà,</i><trans> The boil shrank after the pus had come out of it. </trans></eg>
</sense>
<sense n=""2""><number>2</number><trans> go out in general. </trans>
<eg><i lang=""ceb"">Way púlung nga milugwà sa íyang bàbà,</i><trans> Not a word came out of his mouth.
</trans></eg>
</sense></hom></entry>");
INSERT INTO `wced_head` (entryid, head, normalized_head, type, pos) VALUES (11616, "lugwà", "lugwa", "m", "v");
INSERT INTO `wced_translation` (entryid, translation) VALUES (11616, "forced out");
INSERT INTO `wced_entry` VALUES (11617, "lugway", "635", "<entry page=""635"" id=""11617""><form id=""lugway"" lang=""ceb"">lugway</form>
<hom role=""v""><pos>v</pos>
<sense n=""1""><number>1</number> <itype>[A; b]</itype><trans> lengthen the rope on a tether. </trans>
<eg><i lang=""ceb"">Kinsay naglugway sa kábaw nga nakaábut man sa maisan.</i><trans> Who gave the carabao enough rope to get to the cornfield? </trans></eg>
<eg><i lang=""ceb"">Lugwáyi pa ang tabánug,</i><trans> Give the kite more rope. </trans></eg>
</sense>
<sense n=""2""><number>2</number> <itype>[AB; b]</itype><trans> <tr>extend</tr>, prolong time allotted, for time to be extended. </trans>
<eg><i lang=""ceb"">Ug mulugway ang ákung kinabúhì,</i><trans> If my life is extended. </trans></eg>
<eg><i lang=""ceb"">Lugwáyi ang panahun sa ákung pagbáyad,</i><trans> Give me more time to pay. </trans></eg>
</sense>
<sense n=""3""><number>3</number> <itype>[A]</itype><trans> have enough of s.t. at one’s disposal. </trans>
<eg><i lang=""ceb"">Kun makalugway ka sa pagdágan,</i><trans> If you can stand to run for a long distance. </trans></eg>
</sense></hom>
<hom role=""n""><pos>n</pos>
<sense n=""1""><number>1</number><trans> length of rope used in tying s.t. that moves. </trans>
<eg><i lang=""ceb"">Mub-i ang lugway sa hiniktan,</i><trans> Shorten the rooster’s tether. </trans></eg>
</sense>
<sense n=""1a""><number>1a</number><trans> length of rope in a fishing apparatus used in connecting one part with another to render moveability. </trans>
</sense>
<sense n=""2""><number>2</number><trans> extra time allowance given. </trans>
<eg><i lang=""ceb"">Mangáyù tag lugway ug dì ni mahuman ugmà,</i><trans> We will ask for an extension if this doesn’t get done tomorrow. </trans></eg>
</sense>
<sense n=""3""><number>3</number><trans> length of s.t. one has at his disposal. </trans>
<eg><i lang=""ceb"">Dakù kug lugway sa pasinsiya,</i><trans> I have a great deal of patience. </trans></eg>
<eg><i lang=""ceb"">Bisag gastúhan nimug usa ka gatus, dúna pay lugway nga ikapalit ug sapátus,</i><trans> Even if you spend a hundred of the money, there is still enough to buy shoes.
</trans></eg>
</sense></hom></entry>");
INSERT INTO `wced_head` (entryid, head, normalized_head, type, pos) VALUES (11617, "lugway", "lugway", "m", "vn");
INSERT INTO `wced_translation` (entryid, translation) VALUES (11617, "extend");
INSERT INTO `wced_entry` VALUES (11618, "luha", "635", "<entry page=""635"" id=""11618""><form id=""luxhaq"" lang=""ceb"">lúhà</form>
<hom role=""n""><pos>n</pos>
<sense n=""0""><trans> <tr>tears</tr>. </trans>
</sense></hom>
<entry><form id=""luxhaq_sa_bau"" lang=""ceb""><abbr expan=""lúhà"">—</abbr> sa bau</form>
<hom>
<sense n=""0""><trans> crocodile tears. </trans>
</sense></hom></entry>
<entry><form id=""luhaq"" lang=""ceb""><abbr expan=""luhà"">(→)</abbr></form>
<hom role=""v""><pos>v</pos>
<sense n=""0""> <itype>[AN]</itype><trans> get tears in the eyes. </trans>
<eg><i lang=""ceb"">Nag-áway sigúru sila kay nagluhà íyang mata,</i><trans> They must have had a quarrel because her eyes are moist. </trans></eg>
<eg><i lang=""ceb"">Nangluhà siya pagkabatì sa sintimintal nga isturya,</i><trans> She got misty-eyed upon hearing the sentimental story. </trans></eg>
</sense></hom></entry>
<entry><form id=""luhaxan_luhaun"" lang=""ceb""><abbr expan=""luháan"">-an</abbr>, <abbr expan=""luhaun"">-un(→)</abbr></form>
<hom role=""a""><pos>a</pos>
<sense n=""0""><trans> with tears<corr sic="","">.</corr> </trans>
</sense></hom></entry>
<entry><form id=""walug_sa_ginluhaxan"" lang=""ceb"">walug sa <abbr expan=""ginluháan"">gin-an</abbr></form>
<hom role=""n""><pos>n</pos>
<sense n=""0""><trans> the world, this <tr>vale of tears</tr>. </trans>
</sense></hom></entry>
<entry><form id=""luxhaq_sa_dalaxga"" lang=""ceb""><abbr expan=""lúhà"">—</abbr> sa dalága</form>
<hom role=""n""><pos>n</pos>
<sense n=""0""><trans> k.o. ornamental hanging vine: <bio>Dischidia oinantha</bio>.
</trans>
</sense></hom></entry></entry>");
INSERT INTO `wced_head` (entryid, head, normalized_head, type, pos) VALUES (11618, "lúhà", "luha", "m", "n");
INSERT INTO `wced_head` (entryid, head, normalized_head, type, pos) VALUES (11618, "lúhà sa bau", "luha sa bau", "s", "");
INSERT INTO `wced_head` (entryid, head, normalized_head, type, pos) VALUES (11618, "luhà", "luha", "s", "v");
INSERT INTO `wced_head` (entryid, head, normalized_head, type, pos) VALUES (11618, "luháan", "luhaan", "s", "a");
INSERT INTO `wced_head` (entryid, head, normalized_head, type, pos) VALUES (11618, "luhaun", "luhaun", "s", "a");
INSERT INTO `wced_head` (entryid, head, normalized_head, type, pos) VALUES (11618, "walug sa ginluháan", "walug sa ginluhaan", "s", "n");
INSERT INTO `wced_head` (entryid, head, normalized_head, type, pos) VALUES (11618, "lúhà sa dalága", "luha sa dalaga", "s", "n");
INSERT INTO `wced_translation` (entryid, translation) VALUES (11618, "tears");
INSERT INTO `wced_translation` (entryid, translation) VALUES (11618, "vale of tears");
INSERT INTO `wced_entry` VALUES (11619, "luhag", "635", "<entry page=""635"" id=""11619""><form id=""luhag"" lang=""ceb"">luhag</form>
<hom role=""a""><pos>a</pos>
<sense n=""0""><trans> not still, <tr>restless</tr>. </trans>
<eg><i lang=""ceb"">Luhag kaáyung kamut nang ímung uyab,</i><trans> Your boy friend has restless hands. </trans></eg>
</sense></hom>
<hom role=""v""><pos>v</pos>
<sense n=""0""> <itype>[A; c1]</itype><trans> <tr>move about</tr>, not be still. </trans>
<eg><i lang=""ceb"">Way magluhag ug dúnay bisíta,</i><trans> You sit still (lit. nobody move) when the visitors are here. </trans></eg>
<eg><i lang=""ceb"">Ayaw nig luhaga kay igsaktu nang pagkatáud,</i><trans> Don’t move this an inch because it is just in the right place.
</trans></eg>
</sense></hom></entry>");
INSERT INTO `wced_head` (entryid, head, normalized_head, type, pos) VALUES (11619, "luhag", "luhag", "m", "av");
INSERT INTO `wced_translation` (entryid, translation) VALUES (11619, "restless");
INSERT INTO `wced_translation` (entryid, translation) VALUES (11619, "move about");
INSERT INTO `wced_entry` VALUES (11620, "luhaluha", "635", "<entry page=""635"" id=""11620""><form id=""luhaqluhaq"" lang=""ceb"">luhàluhà</form>
<hom role=""n""><pos>n</pos>
<sense n=""0""><trans> <tr>joints</tr> of the human or animal anatomy. </trans>
</sense></hom>
<hom role=""v""><pos>v</pos>
<sense n=""0""> <itype>[A; a]</itype><trans> cut up a chicken or slaughtered animal in the joints. </trans>
<eg><i lang=""ceb"">Luhàluhaa ang iníhaw nga manuk,</i><trans> Cut up the slaughtered chicken in the joints.
</trans></eg>
</sense></hom></entry>");
INSERT INTO `wced_head` (entryid, head, normalized_head, type, pos) VALUES (11620, "luhàluhà", "luhaluha", "m", "nv");
INSERT INTO `wced_translation` (entryid, translation) VALUES (11620, "joints");
INSERT INTO `wced_entry` VALUES (11621, "luhit", "635", "<entry page=""635"" id=""11621""><form id=""luxhit"" lang=""ceb"">lúhit</form>
<hom role=""v""><pos>v</pos>
<sense n=""0""> <itype>[A; a]</itype><trans> remove the meat of a sea shell with a pin or the like. </trans>
<eg><i lang=""ceb"">Luhíti ang bátà ug <pb n=""636""/>unud sa kinhasun,</i><trans> Remove some of the meat from the sea shells for the child.
</trans></eg>
</sense></hom></entry>");
INSERT INTO `wced_head` (entryid, head, normalized_head, type, pos) VALUES (11621, "lúhit", "luhit", "m", "v");
INSERT INTO `wced_entry` VALUES (11622, "luhu", "636", "<entry page=""636"" id=""11622""><form id=""luxhu"" lang=""ceb"">lúhu</form>
<hom role=""a""><pos>a</pos>
<sense n=""0""><trans> with refinement and elegance in appearance. </trans>
<eg><i lang=""ceb"">Mutambung sigúru siyag parti kay lúhu kaáyug pamisti,</i><trans> He must be going to a party because he is elegantly dressed. </trans></eg>
<eg><i lang=""ceb"">Lúhung pagkabúhat nga tukadur,</i><trans> A finely built dresser. </trans></eg>
</sense></hom>
<hom role=""v""><pos>v</pos>
<sense n=""0""> <itype>[B12(1); c1]</itype><trans> be <tr>elegant</tr>, luxurious in appearance.
</trans>
</sense></hom></entry>");
INSERT INTO `wced_head` (entryid, head, normalized_head, type, pos) VALUES (11622, "lúhu", "luhu", "m", "av");
INSERT INTO `wced_translation` (entryid, translation) VALUES (11622, "elegant");
INSERT INTO `wced_entry` VALUES (11623, "luhud", "636", "<entry page=""636"" id=""11623""><form id=""luhud"" lang=""ceb"">luhud</form>
<hom role=""v""><pos>v</pos>
<sense n=""1""><number>1</number> <itype>[A; b]</itype><trans> <tr>kneel</tr>. </trans>
<eg><i lang=""ceb"">Nagluhud siya atubángan sa birhin,</i><trans> She is kneeling before the Virgin Mary. </trans></eg>
</sense>
<sense n=""2""><number>2</number> <itype>[A; b6]</itype><trans> <tr>worship</tr>. </trans>
<eg><i lang=""ceb"">Tahúra ang mga santus; ayawg ludhi,</i><trans> Venerate the saints; don’t worship them. </trans></eg>
</sense>
<sense n=""3""><number>3</number> <itype>[A]</itype><trans> <tr>surrender</tr>. </trans>
<eg><i lang=""ceb"">Miluhud ang Hapun human bumbáhi sa atúmik bam,</i><trans> Japan surrendered after the atomic bomb was dropped. </trans></eg>
</sense>
<sense n=""4""><number>4</number> <itype>[A; b6]</itype><trans> sponsor a wedding. </trans>
<eg><i lang=""ceb"">Daghan nang kasal ang ákung naludhan,</i><trans> I have been a sponsor at many weddings. </trans></eg>
</sense></hom>
<entry><form id=""paluhud"" lang=""ceb""><abbr expan=""paluhud"">pa-</abbr></form>
<hom role=""v""><pos>v</pos>
<sense n=""1""><number>1</number> <itype>[A; ac]</itype><trans> be made to <tr>kneel</tr>. </trans>
</sense>
<sense n=""2""><number>2</number> <itype>[a3]</itype><trans> be thrown to one’s knees. </trans>
<eg><i lang=""ceb"">Napaluhud siya pagkaigù sa ákung krús,</i><trans> He fell on his knees after being hit with my cross. </trans></eg>
</sense></hom></entry>
<entry><form id=""linudhan"" lang=""ceb"">linudhan</form>
<hom role=""n""><pos>n</pos>
<sense n=""0""><trans> person sponsored in a wedding. </trans>
</sense></hom></entry>
<entry><form id=""ludhanan_luhuraxnan"" lang=""ceb"">ludhanan, luhuránan</form>
<hom role=""n""><pos>n</pos>
<sense n=""0""><trans> rail one kneels on. </trans>
</sense></hom></entry>
<entry><form id=""taliluhud"" lang=""ceb""><abbr expan=""taliluhud"">tali-</abbr></form>
<hom role=""n""><pos>n</pos>
<sense n=""0""><trans> about to kneel. </trans>
</sense></hom></entry>
<entry><form id=""tikluhud"" lang=""ceb""><abbr expan=""tikluhud"">tik-</abbr></form>
<hom>
<sense n=""0""><trans> <ix>see</ix> <xr lang=""ceb"" target=""#tikluhud""><sc>tikluhud</sc>.</xr>
</trans>
</sense></hom></entry></entry>");
INSERT INTO `wced_head` (entryid, head, normalized_head, type, pos) VALUES (11623, "luhud", "luhud", "m", "v");
INSERT INTO `wced_head` (entryid, head, normalized_head, type, pos) VALUES (11623, "paluhud", "paluhud", "s", "v");
INSERT INTO `wced_head` (entryid, head, normalized_head, type, pos) VALUES (11623, "linudhan", "linudhan", "s", "n");
INSERT INTO `wced_head` (entryid, head, normalized_head, type, pos) VALUES (11623, "ludhanan", "ludhanan", "s", "n");
INSERT INTO `wced_head` (entryid, head, normalized_head, type, pos) VALUES (11623, "luhuránan", "luhuranan", "s", "n");
INSERT INTO `wced_head` (entryid, head, normalized_head, type, pos) VALUES (11623, "taliluhud", "taliluhud", "s", "n");
INSERT INTO `wced_head` (entryid, head, normalized_head, type, pos) VALUES (11623, "tikluhud", "tikluhud", "s", "");
INSERT INTO `wced_translation` (entryid, translation) VALUES (11623, "kneel");
INSERT INTO `wced_translation` (entryid, translation) VALUES (11623, "worship");
INSERT INTO `wced_translation` (entryid, translation) VALUES (11623, "surrender");
INSERT INTO `wced_entry` VALUES (11624, "luhudluhud", "636", "<entry page=""636"" id=""11624""><form id=""luhudluhud"" lang=""ceb"">luhudluhud</form>
<hom role=""n""><pos>n</pos>
<sense n=""0""><trans> a prostrate, spreading herb found in wasteland and open spaces, bearing small blue flowers in an axilliary, peduncled, leaflike spathe: <bio>Commelina diffusa</bio>.
</trans>
</sense></hom></entry>");
INSERT INTO `wced_head` (entryid, head, normalized_head, type, pos) VALUES (11624, "luhudluhud", "luhudluhud", "m", "n");
INSERT INTO `wced_entry` VALUES (11625, "luib", "636", "<entry page=""636"" id=""11625""><form id=""luib"" lang=""ceb"">luib</form>
<hom role=""n""><pos>n</pos>
<sense n=""0""><trans> small bits of cooked rice or other burnt or partially burnt food that stick to the corners and creases of leaves which line the bottom of a cooking vessel.
</trans>
</sense></hom></entry>");
INSERT INTO `wced_head` (entryid, head, normalized_head, type, pos) VALUES (11625, "luib", "luib", "m", "n");
INSERT INTO `wced_entry` VALUES (11626, "luib", "636", "<entry page=""636"" id=""11626""><form id=""luxib"" lang=""ceb"">lúib</form>
<hom role=""v""><pos>v</pos>
<sense n=""0""> <itype>[A2S3S; b(1)]</itype><trans> <tr>betray</tr>, be <tr>unfaithful</tr> to s.o. </trans>
<eg><i lang=""ceb"">Way mapyúsu nga makaluib sa mapya,</i><trans> No Mafioso can betray the Mafia. </trans></eg>
<eg><i lang=""ceb"">Giluíban siya sa íyang asáwa,</i><trans> His wife was unfaithful to him. </trans></eg>
</sense></hom>
<entry><form id=""maluixbun"" lang=""ceb""><abbr expan=""maluíbun"">ma-un</abbr></form>
<hom role=""a""><pos>a</pos>
<sense n=""0""><trans> <tr>unfaithful</tr>, tending to betray. </trans>
</sense></hom>
<hom role=""n""><pos>n</pos>
<sense n=""0""><trans> <ix>see</ix> <xr lang=""ceb"" target=""#maluixbun""><sc>maluíbun</sc>.</xr>
</trans>
</sense></hom></entry></entry>");
INSERT INTO `wced_head` (entryid, head, normalized_head, type, pos) VALUES (11626, "lúib", "luib", "m", "v");
INSERT INTO `wced_head` (entryid, head, normalized_head, type, pos) VALUES (11626, "maluíbun", "maluibun", "s", "an");
INSERT INTO `wced_translation` (entryid, translation) VALUES (11626, "betray");
INSERT INTO `wced_translation` (entryid, translation) VALUES (11626, "unfaithful");
INSERT INTO `wced_entry` VALUES (11627, "luing", "636", "<entry page=""636"" id=""11627""><form id=""luing"" lang=""ceb"">luing</form>
<hom role=""a""><pos>a</pos>
<sense n=""0""><trans> having weak knees such that one can’t stand. </trans>
</sense></hom>
<hom role=""v""><pos>v</pos>
<sense n=""0""> <itype>[B12]</itype><trans> be, become <tr>weak-kneed</tr>. </trans>
<eg><i lang=""ceb"">Pulyu ang nakaluing (nakapaluing) nang batáa,</i><trans> Polio has caused that child to have weak knees.
</trans></eg>
</sense></hom></entry>");
INSERT INTO `wced_head` (entryid, head, normalized_head, type, pos) VALUES (11627, "luing", "luing", "m", "av");
INSERT INTO `wced_translation` (entryid, translation) VALUES (11627, "weak-kneed");
INSERT INTO `wced_entry` VALUES (11628, "luka1", "636", "<entry page=""636"" id=""11628""><form id=""luxka"" lang=""ceb"">lúka<sub>1</sub></form>
<hom role=""v""><pos>v</pos>
<sense n=""1""><number>1</number> <itype>[A; a]</itype><trans> <tr>uproot</tr>, pull s.t. out by the roots. </trans>
<eg><i lang=""ceb"">Átung lukáhun ang mga tanum nga way hinungdan,</i><trans> We’ll uproot the useless plants. </trans></eg>
</sense>
<sense n=""2""><number>2</number> <itype>[a3]</itype><trans> for two sisters to be married to two brothers. </trans>
<eg><i lang=""ceb"">Ang íyang duha ka anak dalága nalúka pagkaminyù sa magsúun,</i><trans> His two daughters were married to the two brothers. </trans></eg>
</sense>
<sense n=""3""><number>3</number> <itype>[A; a12]</itype><trans> dislodge from power, put one’s reign to an end. </trans>
<eg><i lang=""ceb"">Way makalúka ni Duránu sa únang puruk,</i><trans> No one can dislodge Durano from his hold on the first district. </trans></eg>
</sense></hom>
<hom role=""n""><pos>n</pos>
<sense n=""0""><trans> a case of marriage where brothers marry sisters. </trans>
</sense></hom>
<entry><form id=""lukahay"" lang=""ceb"">lukahay</form>
<hom role=""v""><pos>v</pos>
<sense n=""0""> <itype>[C23]</itype><trans> for brothers to marry sisters.
</trans>
</sense></hom></entry></entry>");
INSERT INTO `wced_head` (entryid, head, normalized_head, type, pos) VALUES (11628, "lúka", "luka", "s", "vn");
INSERT INTO `wced_head` (entryid, head, normalized_head, type, pos) VALUES (11628, "lukahay", "lukahay", "s", "v");
INSERT INTO `wced_translation` (entryid, translation) VALUES (11628, "uproot");
INSERT INTO `wced_entry` VALUES (11629, "luka2", "636", "<entry page=""636"" id=""11629""><form id=""luxka2"" lang=""ceb"">lúka<sub>2</sub></form>
<hom>
<sense n=""0""><trans> <xr lang=""ceb"" target=""#luxku"">= <sc>lúku</sc></xr> (female).
</trans>
</sense></hom></entry>");
INSERT INTO `wced_head` (entryid, head, normalized_head, type, pos) VALUES (11629, "lúka", "luka", "s", "");
INSERT INTO `wced_entry` VALUES (11630, "luka", "636", "<entry page=""636"" id=""11630""><form id=""lukaq"" lang=""ceb"">lukà</form>
<hom role=""n""><pos>n</pos>
<sense n=""0""><trans> short piece of bamboo tube, usually used as repository of documents, jewelry, or anything important. </trans>
</sense></hom>
<hom role=""v""><pos>v</pos>
<sense n=""0""> <itype>[A; c]</itype><trans> store s.t. in a <ix>lukà</ix> for safekeeping.
</trans>
</sense></hom></entry>");
INSERT INTO `wced_head` (entryid, head, normalized_head, type, pos) VALUES (11630, "lukà", "luka", "m", "nv");
INSERT INTO `wced_entry` VALUES (11631, "lukab", "636", "<entry page=""636"" id=""11631""><form id=""luxkab"" lang=""ceb"">lúkab</form>
<hom role=""v""><pos>v</pos>
<sense n=""1""><number>1</number> <itype>[A; a1]</itype><trans> <tr>pry open</tr>. </trans>
<eg><i lang=""ceb"">Hiraminta nga ilúkab sa salug,</i><trans> Tools to use in prying the floor up. </trans></eg>
</sense>
<sense n=""2""><number>2</number> <itype>[A; b5]</itype><trans> open a door or window shutter. </trans>
<eg><i lang=""ceb"">Nalúkab ang pultahan tungud sa kusug hángin,</i><trans> The door came open in the strong wind. </trans></eg>
<eg><i lang=""ceb"">Íyang gilukában (gilúkab) ang íyang tindáhan ug sayu,</i><trans> She opened her store early. </trans></eg>
</sense>
<sense n=""2a""><number>2a</number><trans> <tr>burglarize</tr>. </trans>
<eg><i lang=""ceb"">Gilúkab (gilukában) ang ílang upisína ug nawad-an silag tayipraytir,</i><trans> Their office was broken into and they lost a typewriter. </trans></eg>
</sense></hom>
<hom role=""n""><pos>n</pos>
<sense n=""0""><trans> <tr>opening</tr>. </trans>
<eg><i lang=""ceb"">Dakug lúkab ning tarúha,</i><trans> This kerosene can has a wide opening.
</trans></eg>
</sense></hom></entry>");
INSERT INTO `wced_head` (entryid, head, normalized_head, type, pos) VALUES (11631, "lúkab", "lukab", "m", "vn");
INSERT INTO `wced_translation` (entryid, translation) VALUES (11631, "pry open");
INSERT INTO `wced_translation` (entryid, translation) VALUES (11631, "burglarize");
INSERT INTO `wced_translation` (entryid, translation) VALUES (11631, "opening");
INSERT INTO `wced_entry` VALUES (11632, "lukad", "636", "<entry page=""636"" id=""11632""><form id=""luxkad"" lang=""ceb"">lúkad</form>
<hom role=""v""><pos>v</pos>
<sense n=""0""> <itype>[AB26; a1]</itype><trans> <tr>uproot</tr>, <tr>dig out</tr> from the ground. </trans>
<eg><i lang=""ceb"">Dalì malúkad (mulúkad) nang haligía kay dì lawum ang pagkalubung,</i><trans> That post will get uprooted because it’s not planted deep into the ground. </trans></eg>
<eg><i lang=""ceb"">Naglúkad silag mga sáhà sa ságing,</i><trans> They uprooted some banana shoots.
</trans></eg>
</sense></hom></entry>");
INSERT INTO `wced_head` (entryid, head, normalized_head, type, pos) VALUES (11632, "lúkad", "lukad", "m", "v");
INSERT INTO `wced_translation` (entryid, translation) VALUES (11632, "uproot");
INSERT INTO `wced_translation` (entryid, translation) VALUES (11632, "dig out");
INSERT INTO `wced_entry` VALUES (11633, "lukal", "636", "<entry page=""636"" id=""11633""><form id=""lukal"" lang=""ceb"">lukal</form>
<hom role=""n""><pos>n</pos>
<sense n=""0""><trans> <tr>local</tr>. </trans>
<eg><i lang=""ceb"">Iliksiyun nga lukal,</i><trans> Local elections. </trans></eg>
</sense></hom>
<entry><form id=""luxkal_mid_lukal_mid"" lang=""ceb""><abbr expan=""lúkal mid"">(←)</abbr><corr>,</corr> <abbr expan=""lukal"">—</abbr> mid</form>
<hom role=""n""><pos>n</pos>
<sense n=""0""><trans> locally made product.
</trans>
</sense></hom></entry></entry>");
INSERT INTO `wced_head` (entryid, head, normalized_head, type, pos) VALUES (11633, "lukal", "lukal", "m", "n");
INSERT INTO `wced_head` (entryid, head, normalized_head, type, pos) VALUES (11633, "lúkal mid", "lukal mid", "s", "n");
INSERT INTO `wced_head` (entryid, head, normalized_head, type, pos) VALUES (11633, "lukal mid", "lukal mid", "s", "n");
INSERT INTO `wced_translation` (entryid, translation) VALUES (11633, "local");
INSERT INTO `wced_entry` VALUES (11634, "lukaluka", "636", "<entry page=""636"" id=""11634""><form id=""lukaluxka"" lang=""ceb"">lukalúka</form>
<hom role=""n""><pos>n</pos>
<sense n=""0""><trans> the groin of animals, the area connecting the upper thigh and the body of the animal. </trans>
</sense></hom>
<hom role=""a""><pos>a</pos>
<sense n=""0""><trans> <tr>detachable</tr>. </trans>
<eg><i lang=""ceb"">Lukalúka ang mga tiil sa lamísa,</i><trans> The legs of the table are detachable.
</trans></eg>
</sense></hom></entry>");
INSERT INTO `wced_head` (entryid, head, normalized_head, type, pos) VALUES (11634, "lukalúka", "lukaluka", "m", "na");
INSERT INTO `wced_translation` (entryid, translation) VALUES (11634, "detachable");
INSERT INTO `wced_entry` VALUES (11635, "lukap", "636", "<entry page=""636"" id=""11635""><form id=""luxkap"" lang=""ceb"">lúkap</form>
<hom role=""n""><pos>n</pos>
<sense n=""0""><trans> nightmare in which a person is unable to move or make a sound. Failure to wake up is said to lead to death. </trans>
</sense></hom>
<hom role=""v""><pos>v</pos>
<sense n=""0""> <itype>[A12; a4]</itype><trans> cause, have such a nightmare. </trans>
<eg><i lang=""ceb"">Kanang hilabihang kabusug únà matúlug mauy makalúkap,</i><trans> Overeating before sleeping causes deathly nightmares.
</trans></eg>
</sense></hom></entry>");
INSERT INTO `wced_head` (entryid, head, normalized_head, type, pos) VALUES (11635, "lúkap", "lukap", "m", "nv");
INSERT INTO `wced_entry` VALUES (11636, "lukapa", "636", "<entry page=""636"" id=""11636""><form id=""lukaxpa"" lang=""ceb"">lukápa</form>
<hom role=""v""><pos>v</pos>
<sense n=""1""><number>1</number> <itype>[B26; b6]</itype><trans> <tr>stumble</tr>, be knocked down and hit the ground hard. </trans>
<eg><i lang=""ceb"">Milukápa (nalukápa) ang baksir,</i><trans> The boxer hit the deck hard. </trans></eg>
</sense>
<sense n=""2""><number>2</number> <itype>[B26]</itype><trans> <tr>fail</tr> in an exam or course. </trans>
<eg><i lang=""ceb"">Milukápa siya sa bár,</i><trans> He flunked in the bar exam. </trans></eg>
</sense>
<sense n=""3""><number>3</number> <itype>[B26]</itype><trans> fall from power, be <tr>ruined</tr>. </trans>
<eg><i lang=""ceb"">Nalukápa ang gahum sa ílang punduk sa pagkamatay sa ílang lídir,</i><trans> After the death of their leader, their party lost its power.
</trans></eg>
</sense></hom></entry>");
INSERT INTO `wced_head` (entryid, head, normalized_head, type, pos) VALUES (11636, "lukápa", "lukapa", "m", "v");
INSERT INTO `wced_translation` (entryid, translation) VALUES (11636, "stumble");
INSERT INTO `wced_translation` (entryid, translation) VALUES (11636, "fail");
INSERT INTO `wced_translation` (entryid, translation) VALUES (11636, "ruined");
INSERT INTO `wced_entry` VALUES (11637, "lukas", "636", "<entry page=""636"" id=""11637""><form id=""lukas"" lang=""ceb"">lukas</form>
<hom role=""v""><pos>v</pos>
<sense n=""0""> <itype>[A123P; b]</itype><trans> for laundry to become clean and white or for skin to become lighter in complexion. </trans>
<eg><i lang=""ceb"">Malukasan ang ímung pamánit ug dì ka magpainit,</i><trans> Your skin will become lighter if you stay out of the sun.
</trans></eg>
</sense></hom></entry>");
INSERT INTO `wced_head` (entryid, head, normalized_head, type, pos) VALUES (11637, "lukas", "lukas", "m", "v");
INSERT INTO `wced_entry` VALUES (11638, "lukat", "636", "<entry page=""636"" id=""11638""><form id=""lukat"" lang=""ceb"">lukat</form>
<hom role=""v""><pos>v</pos>
<sense n=""0""> <itype>[A; a]</itype><trans> </trans>
</sense>
<sense n=""1""><number>1</number><trans> <tr>redeem</tr> s.t. pawned or mortgaged. <pb n=""637""/></trans>
<eg><i lang=""ceb"">Marimáti ang singsing ug dì nímu lukatun,</i><trans> The ring will be foreclosed if you do not redeem it. </trans></eg>
</sense>
<sense n=""2""><number>2</number><trans> <tr>ransom</tr>. </trans>
<eg><i lang=""ceb"">Gilukat na ang gikidnap,</i><trans> The man that was kidnapped has been ransomed. </trans></eg>
</sense>
<sense n=""2a""><number>2a</number><trans> <tr>redeem</tr>, <tr>save</tr> (figurative). </trans>
<eg><i lang=""ceb"">Malukat ku ra gihápun siya sa íyang kalisud,</i><trans> I can save her from her difficulties. </trans></eg>
</sense>
<sense n=""2b""><number>2b</number><trans> <tr>redeem</tr>, <tr>compensate for</tr>. </trans>
<eg><i lang=""ceb"">Ang íyang kaligdung makalukat sa kalaksut sa íyang dagway,</i><trans> His good manners make up for his ugly face. </trans></eg>
</sense>
<sense n=""2c""><number>2c</number> <form id=""lukat_sa_signus"" lang=""ceb""><abbr expan=""lukat"">—</abbr> sa signus</form><trans> </trans>
</sense></hom>
<hom role=""v""><pos>v</pos>
<sense n=""0""> <itype>[A1; a12]</itype><trans> in folk belief, an occurrence or happening which spares a person’s life by taking s.o. who dies in his stead. </trans>
<eg><i lang=""ceb"">Gituhúan nga lukatun ang signus sa tag-íya sa íyang mga buhì,</i><trans> It is believed that domestic animals spare their owners from death by dying in their stead. </trans></eg>
</sense>
<sense n=""3""><number>3</number><trans> pay a fee and get s.t. back that one had fixed or reworked. </trans>
<eg><i lang=""ceb"">Lukata nag gipaáyu nímung rilu,</i><trans> Go pick up the watch you had repaired now. </trans></eg>
</sense>
<sense n=""4""><number>4</number><trans> pay for tokens of privilege like tickets, licenses, etc. </trans>
<eg><i lang=""ceb"">Mularga giyud ku kay nakalukat na kug tíkit,</i><trans> I’m really going to leave now because I already paid for my ticket. </trans></eg>
<eg><i lang=""ceb"">Díay písus ilukat ug sidula,</i><trans> Here is one peso to pay for a residence certificate. </trans></eg>
</sense>
<sense n=""5""><number>5</number> <form id=""lukat_ug_axway_lukat_ug_laxlis"" lang=""ceb""><abbr expan=""lukat"">—</abbr> ug áway, <abbr expan=""lukat ug lális"">lális</abbr></form><trans> <itype>[A12]</itype> get involved in a dispute or fight. </trans>
<eg><i lang=""ceb"">Ayawg tambag ánang lantúgì kay makalukat kag lális,</i><trans> Don’t give advice to people who are arguing because you will just get trouble for yourself. </trans></eg>
</sense></hom>
<hom role=""n""><pos>n</pos>
<sense n=""1""><number>1</number><trans> amount for redemption or ransom. </trans>
</sense>
<sense n=""2""><number>2</number><trans> fee for having s.t. made or repairs done. </trans>
</sense></hom>
<entry><form id=""lukaxtan"" lang=""ceb""><abbr expan=""lukátan"">-an(←)</abbr></form>
<hom>
<sense n=""0""><trans> <xr lang=""ceb"" target=""#lukat"">= <sc>lukat</sc>, <i lang=""ceb"">n</i>.</xr> </trans>
<eg><i lang=""ceb"">Pila may ákung lukátan (lukat) ning sinináa?</i><trans> How much do I pay to have this dress sewn?
</trans></eg>
</sense></hom></entry></entry>");
INSERT INTO `wced_head` (entryid, head, normalized_head, type, pos) VALUES (11638, "lukat", "lukat", "m", "vvn");
INSERT INTO `wced_head` (entryid, head, normalized_head, type, pos) VALUES (11638, "lukat sa signus", "lukat sa signus", "s", "");
INSERT INTO `wced_head` (entryid, head, normalized_head, type, pos) VALUES (11638, "lukat ug áway", "lukat ug away", "s", "");
INSERT INTO `wced_head` (entryid, head, normalized_head, type, pos) VALUES (11638, "lukat ug lális", "lukat ug lalis", "s", "");
INSERT INTO `wced_head` (entryid, head, normalized_head, type, pos) VALUES (11638, "lukátan", "lukatan", "s", "");
INSERT INTO `wced_translation` (entryid, translation) VALUES (11638, "redeem");
INSERT INTO `wced_translation` (entryid, translation) VALUES (11638, "ransom");
INSERT INTO `wced_translation` (entryid, translation) VALUES (11638, "save");
INSERT INTO `wced_translation` (entryid, translation) VALUES (11638, "compensate for");
INSERT INTO `wced_entry` VALUES (11639, "lukat", "637", "<entry page=""637"" id=""11639""><form id=""luxkat"" lang=""ceb"">lúkat</form>
<hom role=""v""><pos>v</pos>
<sense n=""0""> <itype>[AB12; a1]</itype><trans> <tr>uproot</tr> s.t., <tr>prying</tr> the roots out of the ground. </trans>
<eg><i lang=""ceb"">Ang bagyu mauy nakalúkat (nakapalúkat) sa lumbuy,</i><trans> The typhoon uprooted the <ix>lumbuy</ix> tree. </trans></eg>
<eg><i lang=""ceb"">Lukáta nang muhun ug ibalhin,</i><trans> Dig out that buried landmark and move it.
</trans></eg>
</sense></hom></entry>");
INSERT INTO `wced_head` (entryid, head, normalized_head, type, pos) VALUES (11639, "lúkat", "lukat", "m", "v");
INSERT INTO `wced_translation` (entryid, translation) VALUES (11639, "uproot");
INSERT INTO `wced_translation` (entryid, translation) VALUES (11639, "prying");
INSERT INTO `wced_entry` VALUES (11640, "lukay", "637", "<entry page=""637"" id=""11640""><form id=""lukay"" lang=""ceb"">lukay</form>
<hom role=""n""><pos>n</pos>
<sense n=""0""><trans> coconut palm leaves. </trans>
</sense></hom>
<entry><form id=""lukayluxkay"" lang=""ceb"">lukaylúkay</form>
<hom>
<sense n=""1""><number>1</number><trans> the bridge of the nose, including the central bony ridge that separates the nostrils. </trans>
</sense>
<sense n=""2""><number>2</number><trans> <xr lang=""ceb"" target=""#hanluluxkay"">= <sc>hanlulúkay</sc>.</xr> </trans>
</sense></hom></entry>
<entry><form id=""hanluluxkay"" lang=""ceb""><abbr expan=""hanlulúkay"">han-r-(←)</abbr></form>
<hom>
<sense n=""0""><trans> <ix>see</ix> <xr lang=""ceb"" target=""#hanluluxkay""><sc>hanlulúkay</sc>.</xr>
</trans>
</sense></hom></entry></entry>");
INSERT INTO `wced_head` (entryid, head, normalized_head, type, pos) VALUES (11640, "lukay", "lukay", "m", "n");
INSERT INTO `wced_head` (entryid, head, normalized_head, type, pos) VALUES (11640, "lukaylúkay", "lukaylukay", "s", "");
INSERT INTO `wced_head` (entryid, head, normalized_head, type, pos) VALUES (11640, "hanlulúkay", "hanlulukay", "s", "");
INSERT INTO `wced_entry` VALUES (11641, "lukba", "637", "<entry page=""637"" id=""11641""><form id=""lukba"" lang=""ceb"">lukba</form>
<hom role=""v""><pos>v</pos>
<sense n=""0""> <itype>[AB12; a]</itype><trans> uproot a finger or toenail. </trans>
<eg><i lang=""ceb"">Nagkalukba ang íyang kuku nga nalaswahan,</i><trans> His toenail that got scalded is falling off. </trans></eg>
<eg><i lang=""ceb"">Tug-an arun dì lukbáhun ímung kuku.</i><trans> Confess so they don’t pull your fingernails out.
</trans></eg>
</sense></hom></entry>");
INSERT INTO `wced_head` (entryid, head, normalized_head, type, pos) VALUES (11641, "lukba", "lukba", "m", "v");
INSERT INTO `wced_entry` VALUES (11642, "lukbun", "637", "<entry page=""637"" id=""11642""><form id=""lukbun"" lang=""ceb"">lukbun</form>
<hom>
<sense n=""0""><trans> <ix>see</ix> <xr lang=""ceb"" target=""#lubuk""><sc>lubuk</sc>.</xr>
</trans>
</sense></hom></entry>");
INSERT INTO `wced_head` (entryid, head, normalized_head, type, pos) VALUES (11642, "lukbun", "lukbun", "m", "");
INSERT INTO `wced_entry` VALUES (11643, "lukdu", "637", "<entry page=""637"" id=""11643""><form id=""lukdu"" lang=""ceb"">lukdu</form>
<hom role=""v""><pos>v</pos>
<sense n=""1""><number>1</number> <itype>[A; c1]</itype><trans> carry a load on the head. </trans>
<eg><i lang=""ceb"">Mas sayun pag lukdúhun (lukdúun, ilukdu) nákù ang duwang,</i><trans> It would be easier for me to carry the basin on my head. </trans></eg>
</sense>
<sense n=""2""><number>2</number> <itype>[c6]</itype><trans> for one to be so many years old. </trans>
<eg><i lang=""ceb"">Bísan pa sa katuígan nga íyang gilukdu batan-un siyang tan-áwun,</i><trans> He carries his years well. He still looks young. </trans></eg>
</sense>
<sense n=""3""><number>3</number> <form id=""lukdu_ug_kalbaxsaq"" lang=""ceb""><abbr expan=""lukdu"">—</abbr> ug kalbásà</form><trans> <itype>[A]</itype> be held back a grade. </trans>
<eg><i lang=""ceb"">Makalukdu ka giyug kalbásà ug dì ka magtuun,</i><trans> You will fail the grade if you don’t study.
</trans></eg>
</sense></hom></entry>");
INSERT INTO `wced_head` (entryid, head, normalized_head, type, pos) VALUES (11643, "lukdu", "lukdu", "m", "v");
INSERT INTO `wced_head` (entryid, head, normalized_head, type, pos) VALUES (11643, "lukdu ug kalbásà", "lukdu ug kalbasa", "s", "");
INSERT INTO `wced_entry` VALUES (11644, "lukdulukdu", "637", "<entry page=""637"" id=""11644""><form id=""lukdulukdu"" lang=""ceb"">lukdulukdu</form>
<hom role=""n""><pos>n</pos>
<sense n=""0""><trans> name given to many species of ornamental ferns.
</trans>
</sense></hom></entry>");
INSERT INTO `wced_head` (entryid, head, normalized_head, type, pos) VALUES (11644, "lukdulukdu", "lukdulukdu", "m", "n");
INSERT INTO `wced_entry` VALUES (11645, "lukgaw", "637", "<entry page=""637"" id=""11645""><form id=""lukgaw"" lang=""ceb"">lukgaw</form>
<hom role=""n""><pos>n</pos>
<sense n=""0""><trans> the slender-billed cuckoo dove: <bio>Macropygia phasianella</bio>.
</trans>
</sense></hom></entry>");
INSERT INTO `wced_head` (entryid, head, normalized_head, type, pos) VALUES (11645, "lukgaw", "lukgaw", "m", "n");
INSERT INTO `wced_entry` VALUES (11646, "lukguk", "637", "<entry page=""637"" id=""11646""><form id=""lukguk"" lang=""ceb"">lukguk</form>
<hom role=""a""><pos>a</pos>
<sense n=""0""><trans> <tr>one-testicled</tr>, having one testicle not descended. </trans>
<eg><i lang=""ceb"">Ang lukguk dì kapamabdus,</i><trans> A man with only one testicle cannot get a woman pregnant.
</trans></eg>
</sense></hom></entry>");
INSERT INTO `wced_head` (entryid, head, normalized_head, type, pos) VALUES (11646, "lukguk", "lukguk", "m", "a");
INSERT INTO `wced_translation` (entryid, translation) VALUES (11646, "one-testicled");
INSERT INTO `wced_entry` VALUES (11647, "lukim", "637", "<entry page=""637"" id=""11647""><form id=""lukim"" lang=""ceb"">lukim</form>
<hom role=""v""><pos>v</pos>
<sense n=""1""><number>1</number> <itype>[A; c6]</itype><trans> <tr>tuck in</tr>, put in between two hugging surfaces. </trans>
<eg><i lang=""ceb"">Si Nánay pay mulukim sa ákung púlu,</i><trans> Mother tucks my shirt in for me. </trans></eg>
<eg><i lang=""ceb"">Ilukim ang kwarta sa libru arun mahúping,</i><trans> Put the peso bill between the pages of the book to make it smooth. </trans></eg>
</sense>
<sense n=""2""><number>2</number> <itype>[c6]</itype><trans> give a little money to s.o. who would naturally refuse it in such a way that he will accept it (putting it into his pocket). </trans>
<eg><i lang=""ceb"">Ilukim lang ning písus dihà pára panigarilyu,</i><trans> Here’s a peso for cigarettes. </trans></eg>
</sense>
<sense n=""3""><number>3</number> <itype>[A; b(1)]</itype><trans> sew a fold into a garment. </trans>
<eg><i lang=""ceb"">Ákung gilukiman ang ákung sinínà kay taas ra kaáyu,</i><trans> I sewed a fold in my dress to make it shorter because it was too long.
</trans></eg>
</sense></hom></entry>");
INSERT INTO `wced_head` (entryid, head, normalized_head, type, pos) VALUES (11647, "lukim", "lukim", "m", "v");
INSERT INTO `wced_translation` (entryid, translation) VALUES (11647, "tuck in");
INSERT INTO `wced_entry` VALUES (11648, "lukimya", "637", "<entry page=""637"" id=""11648""><form id=""lukimya"" lang=""ceb"">lukimya</form>
<hom>
<sense n=""0""><trans> <xr lang=""ceb"" target=""#lyukimya"">= <sc>lyukimya</sc>.</xr>
</trans>
</sense></hom></entry>");
INSERT INTO `wced_head` (entryid, head, normalized_head, type, pos) VALUES (11648, "lukimya", "lukimya", "m", "");
INSERT INTO `wced_entry` VALUES (11649, "luking", "637", "<entry page=""637"" id=""11649""><form id=""luking"" lang=""ceb"">luking</form>
<hom role=""a""><pos>a</pos>
<sense n=""0""><trans> <tr>knock-kneed</tr>. </trans>
<eg><i lang=""ceb"">Dáan na siyang luking sa íyang pagkatáwu,</i><trans> She has been knock-kneed since birth.
</trans></eg>
</sense></hom></entry>");
INSERT INTO `wced_head` (entryid, head, normalized_head, type, pos) VALUES (11649, "luking", "luking", "m", "a");
INSERT INTO `wced_translation` (entryid, translation) VALUES (11649, "knock-kneed");
INSERT INTO `wced_entry` VALUES (11650, "lukip", "637", "<entry page=""637"" id=""11650""><form id=""lukip"" lang=""ceb"">lukip</form>
<hom role=""v""><pos>v</pos>
<sense n=""0""> <itype>[A; c]</itype><trans> <tr>enclose</tr> or <tr>insert</tr> s.t. in a letter. </trans>
<eg><i lang=""ceb"">Ilukip ring bayinti sa birtdi kard,</i><trans> Enclose this twenty-peso bill in the birthday card.
</trans></eg>
</sense></hom></entry>");
INSERT INTO `wced_head` (entryid, head, normalized_head, type, pos) VALUES (11650, "lukip", "lukip", "m", "v");
INSERT INTO `wced_translation` (entryid, translation) VALUES (11650, "enclose");
INSERT INTO `wced_translation` (entryid, translation) VALUES (11650, "insert");
INSERT INTO `wced_entry` VALUES (11651, "lukluk", "637", "<entry page=""637"" id=""11651""><form id=""lukluk"" lang=""ceb"">lukluk</form>
<hom role=""v""><pos>v</pos>
<sense n=""1""><number>1</number> <itype>[A3; c]</itype><trans> go, put into a tight or hidden place. </trans>
<eg><i lang=""ceb"">Sawang naglukluk sa kakugnan,</i><trans> A snake lurking in the grass. </trans></eg>
<eg><i lang=""ceb"">Ilukluk ang kwarta sa sikrítu,</i><trans> Put the money into your watch pocket. </trans></eg>
</sense>
<sense n=""2""><number>2</number> <itype>[A; c]</itype><trans> get s.o. into a job (slang). </trans>
<eg><i lang=""ceb"">Ang uyuan níyang kungrisman mauy naglukluk níya sa Kustum,</i><trans> His uncle who is a Congressman got him into the Customs. </trans></eg>
</sense></hom>
<hom role=""a""><pos>a</pos>
<sense n=""0""><trans> put in such a way that it is hidden or not easy to get at. </trans>
<eg><i lang=""ceb"">Lukluk kaáyung pagkabutang sa tutbrás sa iláwum sa bág,</i><trans> The toothbrush was put way in the bottom of the bag.
</trans></eg>
</sense></hom></entry>");
INSERT INTO `wced_head` (entryid, head, normalized_head, type, pos) VALUES (11651, "lukluk", "lukluk", "m", "va");
INSERT INTO `wced_entry` VALUES (11652, "lukmay", "637", "<entry page=""637"" id=""11652""><form id=""lukmay"" lang=""ceb"">lukmay</form>
<hom role=""v""><pos>v</pos>
<sense n=""1""><number>1</number> <itype>[AB12; a12]</itype><trans> for feelings to become or be made soft such that a person is persuaded. </trans>
<eg><i lang=""ceb"">Ang íyang tíngug mulukmay sa labing tig-a nga kasingkásing,</i><trans> Her voice will soften the hardest of hearts. </trans></eg>
<eg><i lang=""ceb"">Nagkalukmay ang íyang balatían sa tantu námung hinangyù,</i><trans> Our imploring is gradually softening his feelings. </trans></eg>
</sense>
<sense n=""2""><number>2</number> <itype>[B126N; c1]</itype><trans> be <tr>dejected</tr>. </trans>
<eg><i lang=""ceb"">Nanlukmay si Maryu pagkahibáwung nahagbung <pb n=""638""/>siya sa burd,</i><trans> Mario was dejected when he learned he had failed the board exam. </trans></eg>
</sense></hom>
<hom role=""a""><pos>a</pos>
<sense n=""0""><trans> having a dejected look. </trans>
</sense></hom>
<entry><form id=""malukmaxyun"" lang=""ceb""><abbr expan=""malukmáyun"">ma-un</abbr></form>
<hom role=""a""><pos>a</pos>
<sense n=""0""><trans> having the quality of softening or soothing feelings.
</trans>
</sense></hom></entry></entry>");
INSERT INTO `wced_head` (entryid, head, normalized_head, type, pos) VALUES (11652, "lukmay", "lukmay", "m", "va");
INSERT INTO `wced_head` (entryid, head, normalized_head, type, pos) VALUES (11652, "malukmáyun", "malukmayun", "s", "a");
INSERT INTO `wced_translation` (entryid, translation) VALUES (11652, "dejected");
INSERT INTO `wced_entry` VALUES (11653, "lukmuy", "638", "<entry page=""638"" id=""11653""><form id=""lukmuy"" lang=""ceb"">lukmuy</form>
<hom role=""a""><pos>a</pos>
<sense n=""0""><trans> having a crestfallen, dejected look on the face. </trans>
</sense></hom>
<hom role=""v""><pos>v</pos>
<sense n=""0""> <itype>[B126; c1]</itype><trans> get a dejected, crestfallen look on the face. </trans>
<eg><i lang=""ceb"">Malukmuy giyud si Nardu ug makahibáwu siyang nahagbung sa burd,</i><trans> Nardo will surely be crestfallen when he learns that he flunked the board examination.
</trans></eg>
</sense></hom></entry>");
INSERT INTO `wced_head` (entryid, head, normalized_head, type, pos) VALUES (11653, "lukmuy", "lukmuy", "m", "av");
INSERT INTO `wced_entry` VALUES (11654, "luksu", "638", "<entry page=""638"" id=""11654""><form id=""luksu"" lang=""ceb"">luksu</form>
<hom role=""v""><pos>v</pos>
<sense n=""1""><number>1</number> <itype>[A; a]</itype><trans> <tr>jump</tr>. </trans>
<eg><i lang=""ceb"">Miluksu ang ungguy sa kalípay,</i><trans> The monkey jumped up and down with joy. </trans></eg>
<eg><i lang=""ceb"">Luksúa lag kanal kay way latayan,</i><trans> Just jump over the ditch because there is no span. </trans></eg>
<eg><i lang=""ceb"">Bintánang íyang giluksúan,</i><trans> The window he jumped down from. </trans></eg>
</sense>
<sense n=""2""><number>2</number> <itype>[A2]</itype><trans> <tr>skip</tr> a grade in school. </trans>
<eg><i lang=""ceb"">Miluksu kanà siyag grádu mau nga naapsan ku níya,</i><trans> He skipped a grade in school so he has caught up with me now. </trans></eg>
</sense></hom>
<hom role=""n""><pos>n</pos>
<sense n=""0""><trans> distance or height jumped. </trans>
</sense></hom>
<entry><form id=""hiluksu_haluksu"" lang=""ceb""><abbr expan=""hiluksu"">hi-</abbr>/<abbr expan=""haluksu"">ha-</abbr></form>
<hom role=""v""><pos>v</pos>
<sense n=""0""> <itype>[B1256]</itype><trans> jump involuntarily. </trans>
<eg><i lang=""ceb"">Nahaluksu siya sa kakurat,</i><trans> He jumped involuntarily when he was startled.
</trans></eg>
</sense></hom></entry></entry>");
INSERT INTO `wced_head` (entryid, head, normalized_head, type, pos) VALUES (11654, "luksu", "luksu", "m", "vn");
INSERT INTO `wced_head` (entryid, head, normalized_head, type, pos) VALUES (11654, "hiluksu", "hiluksu", "s", "v");
INSERT INTO `wced_head` (entryid, head, normalized_head, type, pos) VALUES (11654, "haluksu", "haluksu", "s", "v");
INSERT INTO `wced_translation` (entryid, translation) VALUES (11654, "jump");
INSERT INTO `wced_translation` (entryid, translation) VALUES (11654, "skip");
INSERT INTO `wced_entry` VALUES (11655, "luktun", "638", "<entry page=""638"" id=""11655""><form id=""luktun"" lang=""ceb"">luktun</form>
<hom role=""n""><pos>n</pos>
<sense n=""0""><trans> young of a locust.
</trans>
</sense></hom></entry>");
INSERT INTO `wced_head` (entryid, head, normalized_head, type, pos) VALUES (11655, "luktun", "luktun", "m", "n");
INSERT INTO `wced_entry` VALUES (11656, "luku", "638", "<entry page=""638"" id=""11656""><form id=""luxku"" lang=""ceb"">lúku</form>
<hom role=""a""><pos>a</pos>
<sense n=""0""><trans> stupid in action. </trans>
<eg><i lang=""ceb"">Lúku. Ngánung mitug-an man ka nga wà ka pangutan-a?</i><trans> You fool! Why did you let on when nobody even asked you? </trans></eg>
</sense></hom>
<hom role=""v""><pos>v</pos>
<sense n=""0""> <itype>[AN2; a2]</itype><trans> <tr>make a fool</tr> of s.o. </trans>
<eg><i lang=""ceb"">Ilára tits. Lukúha si Lúla mu,</i><trans> Don’t try to fool me, buddy. Fool your grandmother. </trans></eg>
</sense></hom>
<entry><form id=""luxku_diamur"" lang=""ceb""><abbr expan=""lúku"">—</abbr> diamur</form>
<hom role=""a""><pos>a</pos>
<sense n=""0""><trans> gone crazy because of love. </trans>
</sense></hom>
<hom role=""v""><pos>v</pos>
<sense n=""0""> <itype>[B12]</itype><trans> <tr>go crazy</tr> from love. </trans>
<eg><i lang=""ceb"">Nalúku diamur ang ulitáwu sukad bulagi sa íyang trátu,</i><trans> The young man went crazy after his girl friend left him. </trans></eg>
</sense></hom></entry>
<entry><form id=""lukuluku"" lang=""ceb"">lukuluku</form>
<hom role=""a""><pos>a</pos>
<sense n=""0""><trans> somewhat <tr>stupid</tr> or <tr>foolish</tr>. </trans>
</sense></hom></entry>
<entry><form id=""kalukuxhan"" lang=""ceb"">kalukúhan</form>
<hom role=""n""><pos>n</pos>
<sense n=""0""><trans> foolish doings. </trans>
</sense></hom></entry>
<entry><form id=""mangluluku"" lang=""ceb""><abbr expan=""mangluluku"">maN-r-(→)</abbr></form>
<hom role=""n""><pos>n</pos>
<sense n=""0""><trans> one who makes a fool of people.
</trans>
</sense></hom></entry></entry>");
INSERT INTO `wced_head` (entryid, head, normalized_head, type, pos) VALUES (11656, "lúku", "luku", "m", "av");
INSERT INTO `wced_head` (entryid, head, normalized_head, type, pos) VALUES (11656, "lúku diamur", "luku diamur", "s", "av");
INSERT INTO `wced_head` (entryid, head, normalized_head, type, pos) VALUES (11656, "lukuluku", "lukuluku", "s", "a");
INSERT INTO `wced_head` (entryid, head, normalized_head, type, pos) VALUES (11656, "kalukúhan", "kalukuhan", "s", "n");
INSERT INTO `wced_head` (entryid, head, normalized_head, type, pos) VALUES (11656, "mangluluku", "mangluluku", "s", "n");
INSERT INTO `wced_translation` (entryid, translation) VALUES (11656, "make a fool");
INSERT INTO `wced_translation` (entryid, translation) VALUES (11656, "go crazy");
INSERT INTO `wced_translation` (entryid, translation) VALUES (11656, "stupid");
INSERT INTO `wced_translation` (entryid, translation) VALUES (11656, "foolish");
INSERT INTO `wced_entry` VALUES (11657, "luku", "638", "<entry page=""638"" id=""11657""><form id=""luxkuq"" lang=""ceb"">lúkù</form>
<hom role=""v""><pos>v</pos>
<sense n=""1""><number>1</number> <itype>[B6; c1]</itype><trans> be <tr>curled up</tr>. </trans>
<eg><i lang=""ceb"">Ilúkù (lukúa) ímung láwas arun masúd ka sa baril,</i><trans> Curl your body up so you can get into the barrel. </trans></eg>
</sense>
<sense n=""1a""><number>1a</number><trans> <tr>loaf</tr> in bed. </trans>
<eg><i lang=""ceb"">Bísag taas na ang adlaw naglúkù lang gihápun siya,</i><trans> The sun is high in the sky, but he is still lying around <corr sic=""on"">in</corr> bed. </trans></eg>
</sense>
<sense n=""2""><number>2</number> <itype>[B1256]</itype><trans> fall down in a curled up position. </trans>
<eg><i lang=""ceb"">Nalúkù (nahilúkù) siya sa kanal human ku patíri,</i><trans> He fell curled up in the ditch after I kicked him. </trans></eg>
</sense></hom>
<entry><form id=""lukuq"" lang=""ceb""><abbr expan=""lukù"">(→)</abbr></form>
<hom role=""n""><pos>n</pos>
<sense n=""0""><trans> piece of cloth formed into a ring used as a cushion when carrying a load on the head. </trans>
</sense></hom>
<hom role=""v""><pos>v</pos>
<sense n=""0""> <itype>[A; b]</itype><trans> place a cushion of coiled cloth on the head. </trans>
<eg><i lang=""ceb"">Kinahanglang maglukù ka ug dúna kay lukdúhun,</i><trans> You should put a cushion on your head when you carry a load on it. </trans></eg>
</sense></hom></entry>
<entry><form id=""lukuqluxkuq"" lang=""ceb"">lukùlúkù</form>
<hom role=""n""><pos>n</pos>
<sense n=""0""><trans> inside of the knee joints.
</trans>
</sense></hom></entry></entry>");
INSERT INTO `wced_head` (entryid, head, normalized_head, type, pos) VALUES (11657, "lúkù", "luku", "m", "v");
INSERT INTO `wced_head` (entryid, head, normalized_head, type, pos) VALUES (11657, "lukù", "luku", "s", "nv");
INSERT INTO `wced_head` (entryid, head, normalized_head, type, pos) VALUES (11657, "lukùlúkù", "lukuluku", "s", "n");
INSERT INTO `wced_translation` (entryid, translation) VALUES (11657, "curled up");
INSERT INTO `wced_translation` (entryid, translation) VALUES (11657, "loaf");
INSERT INTO `wced_entry` VALUES (11658, "lukub1", "638", "<entry page=""638"" id=""11658""><form id=""lukub"" lang=""ceb"">lukub<sub>1</sub></form>
<hom role=""v""><pos>v</pos>
<sense n=""0""> <itype>[A; b]</itype><trans> </trans>
</sense>
<sense n=""1""><number>1</number><trans> close and lock. </trans>
<eg><i lang=""ceb"">Grábi sad nímung nakalukub sa pwirta dì na man maabli,</i><trans> You sure bolted the door hard. I can’t get it open. </trans></eg>
</sense>
<sense n=""2""><number>2</number><trans> enclose s.t. in an area or by putting s.t. over it. </trans>
<eg><i lang=""ceb"">Pagsígig hílak kay lukban ta ka sa kasilyas,</i><trans> Go on, keep crying and I’ll lock you in the bathroom. </trans></eg>
<eg><i lang=""ceb"">Lukbi ang kan-un arun dì tugdúnan sa lángaw,</i><trans> Cover the rice so the flies won’t get on it. </trans></eg>
<eg><i lang=""ceb"">Gilukban ang lagwirtag paril,</i><trans> The garden was enclosed inside a wall. </trans></eg>
</sense></hom>
<hom role=""n""><pos>n</pos>
<sense n=""1""><number>1</number><trans> <tr>shutter</tr>. </trans>
</sense>
<sense n=""2""><number>2</number><trans> <tr>cover</tr>. </trans>
</sense>
<sense n=""3""><number>3</number><trans> space enclosed. </trans>
<eg><i lang=""ceb"">Túa si Máma sa lukub sa kwartu,</i><trans> Mother is inside the room. </trans></eg>
</sense>
<sense n=""4""><number>4</number><trans> k.o. fish corral for impounding fish in a receding tide.
</trans>
</sense></hom></entry>");
INSERT INTO `wced_head` (entryid, head, normalized_head, type, pos) VALUES (11658, "lukub", "lukub", "s", "vn");
INSERT INTO `wced_translation` (entryid, translation) VALUES (11658, "shutter");
INSERT INTO `wced_translation` (entryid, translation) VALUES (11658, "cover");
INSERT INTO `wced_entry` VALUES (11659, "lukub2", "638", "<entry page=""638"" id=""11659""><form id=""lukub2"" lang=""ceb"">lukub<sub>2</sub></form>
<hom role=""n""><pos>n</pos>
<sense n=""0""><trans> k.o. chisel with a curved (concave-convex) cutting edge. </trans>
<eg><i lang=""ceb"">Ang lukub mauy gamítun sa pagkúlit,</i><trans> The curved chisel is used for carving.
</trans></eg>
</sense></hom></entry>");
INSERT INTO `wced_head` (entryid, head, normalized_head, type, pos) VALUES (11659, "lukub", "lukub", "s", "n");
INSERT INTO `wced_entry` VALUES (11660, "lukub", "638", "<entry page=""638"" id=""11660""><form id=""luxkub"" lang=""ceb"">lúkub</form>
<hom role=""v""><pos>v</pos>
<sense n=""1""><number>1</number> <itype>[A1; b6(1)]</itype><trans> <tr>wrap up</tr> in s.t. flat. </trans>
<eg><i lang=""ceb"">Naglúkub ku sa hábul kay gitugnaw ku,</i><trans> I wrapped myself up in a blanket because I felt cold. </trans></eg>
</sense>
<sense n=""2""><number>2</number> <itype>[A; b]</itype><trans> for an atmospheric condition to <tr>engulf</tr> an area. </trans>
<eg><i lang=""ceb"">Milúkub ang kangitngit sa kalibútan,</i><trans> Darkness engulfed the world.
</trans></eg>
</sense></hom></entry>");
INSERT INTO `wced_head` (entryid, head, normalized_head, type, pos) VALUES (11660, "lúkub", "lukub", "m", "v");
INSERT INTO `wced_translation` (entryid, translation) VALUES (11660, "wrap up");
INSERT INTO `wced_translation` (entryid, translation) VALUES (11660, "engulf");
INSERT INTO `wced_entry` VALUES (11661, "lukublukub", "638", "<entry page=""638"" id=""11661""><form id=""lukublukub"" lang=""ceb"">lukublukub</form>
<hom role=""n""><pos>n</pos>
<sense n=""0""><trans> k.o. starfish with poisonous spines.
</trans>
</sense></hom></entry>");
INSERT INTO `wced_head` (entryid, head, normalized_head, type, pos) VALUES (11661, "lukublukub", "lukublukub", "m", "n");
INSERT INTO `wced_entry` VALUES (11662, "lukud", "638", "<entry page=""638"" id=""11662""><form id=""luxkud"" lang=""ceb"">lúkud</form>
<hom>
<sense n=""0""><trans> <xr lang=""ceb"" target=""#kuluxkud"">= <sc>kulúkud</sc>.</xr>
</trans>
</sense></hom></entry>");
INSERT INTO `wced_head` (entryid, head, normalized_head, type, pos) VALUES (11662, "lúkud", "lukud", "m", "");
INSERT INTO `wced_entry` VALUES (11663, "lukun", "638", "<entry page=""638"" id=""11663""><form id=""lukun"" lang=""ceb"">lukun</form>
<hom role=""n""><pos>n</pos>
<sense n=""0""><trans> k.o. large shrimp with short and small claws.
</trans>
</sense></hom></entry>");
INSERT INTO `wced_head` (entryid, head, normalized_head, type, pos) VALUES (11663, "lukun", "lukun", "m", "n");
INSERT INTO `wced_entry` VALUES (11664, "lukun", "638", "<entry page=""638"" id=""11664""><form id=""luxkun"" lang=""ceb"">lúkun</form>
<hom role=""v""><pos>v</pos>
<sense n=""0""> <itype>[AB456; a12]</itype><trans> <tr>coil up</tr>, coil s.t. up, usually in several coils. </trans>
<eg><i lang=""ceb"">Naglúkun siyag nuug arun himúung lukun paglukdu níya sa kahun,</i><trans> He rolled a piece of cloth into a coil to cushion the box he was carrying on his head. </trans></eg>
<eg><i lang=""ceb"">Dúnay sawa nga naglúkun sa tugkaran,</i><trans> There is a large snake coiled up in the yard. </trans></eg>
<eg><i lang=""ceb"">Lukúna ang hús ug hipúsa,</i><trans> Coil the hose and put it away. </trans></eg>
</sense></hom>
<entry><form id=""lukun"" lang=""ceb""><abbr expan=""lukun"">(→)</abbr></form>
<hom role=""n""><pos>n</pos>
<sense n=""1""><number>1</number><trans> s.t. <tr>coiled</tr>. </trans>
</sense>
<sense n=""2""><number>2</number><trans> piece of coiled cloth used as a cushion for carrying a load on the head. </trans>
</sense></hom></entry>
<entry><form id=""lukun_sa_buxlak"" lang=""ceb""><abbr expan=""lukun"">—</abbr> sa búlak</form>
<hom role=""n""><pos>n</pos>
<sense n=""0""><trans> <tr>wreath</tr>. </trans>
</sense></hom></entry>
<entry><form id=""lukunan"" lang=""ceb""><abbr expan=""lukunan"">-an</abbr></form>
<hom role=""n""><pos>n</pos>
<sense n=""0""><trans> inside of the knees. </trans>
</sense></hom></entry>
<entry><form id=""lukunluxkun"" lang=""ceb"">lukunlúkun</form>
<hom>
<sense n=""0""><trans> <xr lang=""ceb"" target=""#x-an"">= <sc><abbr expan=""lukunan"">-an</abbr></sc>.</xr>
</trans>
</sense></hom></entry></entry>");
INSERT INTO `wced_head` (entryid, head, normalized_head, type, pos) VALUES (11664, "lúkun", "lukun", "m", "v");
INSERT INTO `wced_head` (entryid, head, normalized_head, type, pos) VALUES (11664, "lukun", "lukun", "s", "n");
INSERT INTO `wced_head` (entryid, head, normalized_head, type, pos) VALUES (11664, "lukun sa búlak", "lukun sa bulak", "s", "n");
INSERT INTO `wced_head` (entryid, head, normalized_head, type, pos) VALUES (11664, "lukunan", "lukunan", "s", "n");
INSERT INTO `wced_head` (entryid, head, normalized_head, type, pos) VALUES (11664, "lukunlúkun", "lukunlukun", "s", "");
INSERT INTO `wced_translation` (entryid, translation) VALUES (11664, "coil up");
INSERT INTO `wced_translation` (entryid, translation) VALUES (11664, "coiled");
INSERT INTO `wced_translation` (entryid, translation) VALUES (11664, "wreath");
INSERT INTO `wced_entry` VALUES (11665, "lukung", "638", "<entry page=""638"" id=""11665""><form id=""luxkung"" lang=""ceb"">lúkung</form>
<hom role=""v""><pos>v</pos>
<sense n=""0""> <itype>[A; a12]</itype><trans> make a <tr>coil</tr>, form a circle from s.t. stiff. </trans>
<eg><i lang=""ceb"">Naglúkung kug alambring gihímung ríng,</i><trans> I coiled a piece of wire to make into a basketball ring. </trans></eg>
<eg><i lang=""ceb"">Lukúnga ang alambri ug isang-at,</i><trans> Coil the wire and hang it up. </trans></eg>
</sense></hom>
<entry><form id=""lukung"" lang=""ceb""><abbr expan=""lukung"">(→)</abbr></form>
<hom role=""n""><pos>n</pos>
<sense n=""0""><trans> s.t. <tr>coiled</tr>. </trans>
</sense></hom></entry>
<entry><form id=""lukung_sa_buxlak"" lang=""ceb""><abbr expan=""lukung"">—</abbr> sa búlak</form>
<hom role=""n""><pos>n</pos>
<sense n=""0""><trans> <tr>wreath</tr>. </trans>
</sense></hom></entry>
<entry><form id=""lukungluxkung"" lang=""ceb"">lukunglúkung</form>
<hom role=""n""><pos>n</pos>
<sense n=""0""><trans> inside of the knees.
</trans>
</sense></hom></entry></entry>");
INSERT INTO `wced_head` (entryid, head, normalized_head, type, pos) VALUES (11665, "lúkung", "lukung", "m", "v");
INSERT INTO `wced_head` (entryid, head, normalized_head, type, pos) VALUES (11665, "lukung", "lukung", "s", "n");
INSERT INTO `wced_head` (entryid, head, normalized_head, type, pos) VALUES (11665, "lukung sa búlak", "lukung sa bulak", "s", "n");
INSERT INTO `wced_head` (entryid, head, normalized_head, type, pos) VALUES (11665, "lukunglúkung", "lukunglukung", "s", "n");
INSERT INTO `wced_translation` (entryid, translation) VALUES (11665, "coil");
INSERT INTO `wced_translation` (entryid, translation) VALUES (11665, "coiled");
INSERT INTO `wced_translation` (entryid, translation) VALUES (11665, "wreath");
INSERT INTO `wced_entry` VALUES (11666, "lukup", "638", "<entry page=""638"" id=""11666""><form id=""lukup"" lang=""ceb"">lukup</form>
<hom role=""v""><pos>v</pos>
<sense n=""1""><number>1</number> <itype>[AB2; a12]</itype><trans> do s.t. to the entire area of s.t. </trans>
<eg><i lang=""ceb"">Mulukup sà kug súruy sa syudad,</i><trans> I will wander all over the city. </trans></eg>
<eg><i lang=""ceb"">Dì kang kalukup ug tanum sa lapad níyang yútà,</i><trans> You can’t plant every inch of his vast lands. </trans></eg>
<eg><i lang=""ceb"">Nagkalukup na sa lungsud ang pisti,</i><trans> The epidemic is spreading all over the town. </trans></eg>
<eg><i lang=""ceb"">Lukpag silhig ang sawug,</i><trans> Sweep the entire floor. </trans></eg>
</sense>
<sense n=""2""><number>2</number> <itype>[B1256; a12]</itype><trans> do s.t. to each and every <pb n=""639""/>one or thing. </trans>
<eg><i lang=""ceb"">Nalukup kug pangutána báhin nímu,</i><trans> I asked just about everybody where to find you. </trans></eg>
</sense>
<sense n=""3""><number>3</number> <itype>[B12]</itype><trans> be up to the ears in debt. </trans>
<eg><i lang=""ceb"">Nalukup na kining átung balhíbu sa útang,</i><trans> We’re up to the ears in debt (lit. every single hair of our body is in debt). </trans></eg>
</sense></hom>
<entry><form id=""lukupluxkup"" lang=""ceb"">lukuplúkup</form>
<hom role=""v""><pos>v</pos>
<sense n=""0""> <itype>[A12; a12]</itype><trans> go over almost the entire area of s.t. </trans>
<eg><i lang=""ceb"">Nalukuplúkup na níyag súruy ang mga dagkung syudad sa Amirika,</i><trans> He has gone to almost all the big cities in America.
</trans></eg>
</sense></hom></entry></entry>");
INSERT INTO `wced_head` (entryid, head, normalized_head, type, pos) VALUES (11666, "lukup", "lukup", "m", "v");
INSERT INTO `wced_head` (entryid, head, normalized_head, type, pos) VALUES (11666, "lukuplúkup", "lukuplukup", "s", "v");
INSERT INTO `wced_entry` VALUES (11667, "lukut1", "639", "<entry page=""639"" id=""11667""><form id=""lukut"" lang=""ceb"">lukut<sub>1</sub></form>
<hom role=""v""><pos>v</pos>
<sense n=""0""> <itype>[A2; b6]</itype><trans> leave a mark or cut into the flesh. </trans>
<eg><i lang=""ceb"">Milukut ang patiyan sa kabáyù,</i><trans> The bellyband cut into the horse’s flesh. </trans></eg>
<eg><i lang=""ceb"">Naluktan ang íyang kamut sa gapus,</i><trans> The bonds left a mark on his arms.
</trans></eg>
</sense></hom></entry>");
INSERT INTO `wced_head` (entryid, head, normalized_head, type, pos) VALUES (11667, "lukut", "lukut", "s", "v");
INSERT INTO `wced_entry` VALUES (11668, "lukut2", "639", "<entry page=""639"" id=""11668""><form id=""lukut2"" lang=""ceb"">lukut<sub>2</sub></form>
<hom role=""n""><pos>n</pos>
<sense n=""0""><trans> edible excretion from a k.o. sea cucumber called <ix>dungsul</ix>, similar in appearance to bean threads, but green, tightly curled up.
</trans>
</sense></hom></entry>");
INSERT INTO `wced_head` (entryid, head, normalized_head, type, pos) VALUES (11668, "lukut", "lukut", "s", "n");
INSERT INTO `wced_entry` VALUES (11669, "lukut", "639", "<entry page=""639"" id=""11669""><form id=""luxkut"" lang=""ceb"">lúkut</form>
<hom role=""v""><pos>v</pos>
<sense n=""1""><number>1</number> <itype>[AB; ac6]</itype><trans> <tr>roll up</tr>, cause s.t. to do so. </trans>
<eg><i lang=""ceb"">Mulúkut ang dáhun inigkaláyà,</i><trans> The leaf will roll up when it is withered. </trans></eg>
<eg><i lang=""ceb"">Lukúta ang banig inigmata nímu,</i><trans> Roll up the mat when you wake up. </trans></eg>
<eg><i lang=""ceb"">Ilúkut ang panaptun sa káhuy,</i><trans> Wrap the cloth around the wood. </trans></eg>
</sense>
<sense n=""1a""><number>1a</number> <form id=""luxkut_sa_banig"" lang=""ceb""><abbr expan=""lúkut"">—</abbr> sa banig</form><trans> </trans>
</sense></hom>
<hom role=""v""><pos>v</pos>
<sense n=""0""> <itype>[A; c1]</itype><trans> for political protegees to vacate a position when their political party loses. </trans>
</sense>
<sense n=""2""><number>2</number> <itype>[B126]</itype><trans> for the body to get rolled over by some force. </trans>
<eg><i lang=""ceb"">Nalúkut siya uban sa bawud,</i><trans> He rolled with the waves. </trans></eg>
</sense>
<sense n=""3""><number>3</number> <itype>[B126]</itype><trans> be beaten badly in a contest. </trans>
<eg><i lang=""ceb"">Nalúkut si Sirhing sa miáging iliksiyun,</i><trans> Serging was crushed during the last election. </trans></eg>
</sense></hom>
<entry><form id=""pangluxkut_pangaluxkut_lukutlukut"" lang=""ceb""><abbr expan=""panglúkut"">paN-</abbr>, <abbr expan=""pangalúkut"">panga-</abbr>, lukutlukut</form>
<hom role=""v""><pos>v</pos>
<sense n=""0""> <itype>[A3]</itype><trans> for dirt on the body to come off in rolls when scrubbed or rubbed. </trans>
<eg><i lang=""ceb"">À, nangalúkut (naglukutlukut, nanlúkut) man lang ágis íyang tagiptip nga gilúgud,</i><trans> My! How the dirt on his body comes off in rolls when you rub it!
</trans></eg>
</sense></hom></entry></entry>");
INSERT INTO `wced_head` (entryid, head, normalized_head, type, pos) VALUES (11669, "lúkut", "lukut", "m", "vv");
INSERT INTO `wced_head` (entryid, head, normalized_head, type, pos) VALUES (11669, "lúkut sa banig", "lukut sa banig", "s", "");
INSERT INTO `wced_head` (entryid, head, normalized_head, type, pos) VALUES (11669, "panglúkut", "panglukut", "s", "v");
INSERT INTO `wced_head` (entryid, head, normalized_head, type, pos) VALUES (11669, "pangalúkut", "pangalukut", "s", "v");
INSERT INTO `wced_head` (entryid, head, normalized_head, type, pos) VALUES (11669, "lukutlukut", "lukutlukut", "s", "v");
INSERT INTO `wced_translation` (entryid, translation) VALUES (11669, "roll up");
INSERT INTO `wced_entry` VALUES (11670, "lula", "639", "<entry page=""639"" id=""11670""><form id=""luxla"" lang=""ceb"">lúla</form>
<hom>
<sense n=""0""><trans> (not without <ix>l</ix>) title for grandmother or any woman old enough to be one’s grandmother. </trans>
</sense></hom>
<hom role=""v""><pos>v</pos>
<sense n=""0""> <itype>[A; a12]</itype><trans> call s.o. </trans>
<eg><i lang=""ceb"">lúla.</i></eg>
</sense></hom></entry>");
INSERT INTO `wced_head` (entryid, head, normalized_head, type, pos) VALUES (11670, "lúla", "lula", "m", "v");
INSERT INTO `wced_entry` VALUES (11671, "lulan", "639", "<entry page=""639"" id=""11671""><form id=""luxlan"" lang=""ceb"">lúlan</form>
<hom role=""v""><pos>v</pos>
<sense n=""0""> <itype>[A; c]</itype><trans> <tr>board</tr>, put on a vehicle. </trans>
<eg><i lang=""ceb"">Ilúlan ang bátà sa bisiklíta,</i><trans> Put the child on the bicycle. </trans></eg>
</sense></hom>
<hom role=""n""><pos>n</pos>
<sense n=""0""><trans> s.o. or s.t. aboard a vehicle.
</trans>
</sense></hom></entry>");
INSERT INTO `wced_head` (entryid, head, normalized_head, type, pos) VALUES (11671, "lúlan", "lulan", "m", "vn");
INSERT INTO `wced_translation` (entryid, translation) VALUES (11671, "board");
INSERT INTO `wced_entry` VALUES (11672, "lulaw", "639", "<entry page=""639"" id=""11672""><form id=""luxlaw"" lang=""ceb"">lúlaw</form>
<hom role=""v""><pos>v</pos>
<sense n=""0""> <itype>[B]</itype><trans> <tr>wake up</tr> late, stay in bed long. </trans>
<eg><i lang=""ceb"">Ngánung naglúlaw ka man, nag-unsa ka man gabíi?</i><trans> Why are you staying in bed long this morning? What did you do last night?
</trans></eg>
</sense></hom></entry>");
INSERT INTO `wced_head` (entryid, head, normalized_head, type, pos) VALUES (11672, "lúlaw", "lulaw", "m", "v");
INSERT INTO `wced_translation` (entryid, translation) VALUES (11672, "wake up");
INSERT INTO `wced_entry` VALUES (11673, "lulhu", "639", "<entry page=""639"" id=""11673""><form id=""lulhu"" lang=""ceb"">lulhu</form>
<hom role=""v""><pos>v</pos>
<sense n=""0""> <itype>[AN; c1]</itype><trans> <tr>roll up</tr> sleeves or pants. </trans>
<eg><i lang=""ceb"">Makig-áway sigúru siya kay nanglulhu man,</i><trans> He must be preparing to fight because he is rolling up his sleeves. </trans></eg>
<eg><i lang=""ceb"">Lulhúa (ilulhu) ímung karsúnis iniglabang nátù sa subà,</i><trans> Roll up your pants when we cross the stream.
</trans></eg>
</sense></hom></entry>");
INSERT INTO `wced_head` (entryid, head, normalized_head, type, pos) VALUES (11673, "lulhu", "lulhu", "m", "v");
INSERT INTO `wced_translation` (entryid, translation) VALUES (11673, "roll up");
INSERT INTO `wced_entry` VALUES (11674, "lulid", "639", "<entry page=""639"" id=""11674""><form id=""luxlid"" lang=""ceb"">lúlid</form>
<hom role=""n""><pos>n</pos>
<sense n=""0""><trans> crippled due to a deformity or underdevelopment of the legs. </trans>
</sense></hom>
<hom role=""v""><pos>v</pos>
<sense n=""0""> <itype>[B126]</itype><trans> become a cripple. </trans>
<eg><i lang=""ceb"">Nalúlid siya kay gitakbúyag pulyu,</i><trans> He was crippled after his bout with polio.
</trans></eg>
</sense></hom></entry>");
INSERT INTO `wced_head` (entryid, head, normalized_head, type, pos) VALUES (11674, "lúlid", "lulid", "m", "nv");
INSERT INTO `wced_entry` VALUES (11675, "lulinghayaw", "639", "<entry page=""639"" id=""11675""><form id=""lulinghaxyaw"" lang=""ceb"">lulingháyaw</form>
<hom role=""v""><pos>v</pos>
<sense n=""0""> <itype>[A; c]</itype><trans> take a <tr>trip</tr>, <tr>go out</tr> for leisure. </trans>
<eg><i lang=""ceb"">Ilulingháyaw nákù siya sa Hungkung,</i><trans> I’ll take her on a tour to <corr sic=""Hongkong"">Hong Kong</corr>. </trans></eg>
</sense></hom>
<hom role=""n""><pos>n</pos>
<sense n=""0""><trans> <tr>leisure</tr>.
</trans>
</sense></hom></entry>");
INSERT INTO `wced_head` (entryid, head, normalized_head, type, pos) VALUES (11675, "lulingháyaw", "lulinghayaw", "m", "vn");
INSERT INTO `wced_translation` (entryid, translation) VALUES (11675, "trip");
INSERT INTO `wced_translation` (entryid, translation) VALUES (11675, "go out");
INSERT INTO `wced_translation` (entryid, translation) VALUES (11675, "leisure");
INSERT INTO `wced_entry` VALUES (11676, "lulipap", "639", "<entry page=""639"" id=""11676""><form id=""lulipap"" lang=""ceb"">lulipap</form>
<hom role=""n""><pos>n</pos>
<sense n=""0""><trans> <tr>lollipop</tr>.
</trans>
</sense></hom></entry>");
INSERT INTO `wced_head` (entryid, head, normalized_head, type, pos) VALUES (11676, "lulipap", "lulipap", "m", "n");
INSERT INTO `wced_translation` (entryid, translation) VALUES (11676, "lollipop");
INSERT INTO `wced_entry` VALUES (11677, "lulu", "639", "<entry page=""639"" id=""11677""><form id=""luxlu"" lang=""ceb"">lúlu</form>
<hom>
<sense n=""0""><trans> (not without <ix>l</ix>) title for grandfather or any other man old enough to be one’s grandfather with whom one is close. </trans>
</sense></hom>
<hom role=""v""><pos>v</pos>
<sense n=""0""> <itype>[A; a12]</itype><trans> call s.o. grandpa.
</trans>
</sense></hom></entry>");
INSERT INTO `wced_head` (entryid, head, normalized_head, type, pos) VALUES (11677, "lúlu", "lulu", "m", "v");
INSERT INTO `wced_entry` VALUES (11678, "lulu", "639", "<entry page=""639"" id=""11678""><form id=""luqluq"" lang=""ceb"">lùlù</form>
<hom role=""v""><pos>v</pos>
<sense n=""1""><number>1</number> <itype>[A; abc]</itype><trans> <tr>masturbate</tr>. </trans>
<eg><i lang=""ceb"">Dì na muutug bísan pag lùlúun,</i><trans> I can’t get an erection, even if I masturbate. </trans></eg>
<eg><i lang=""ceb"">Ug dì ka kaiyut níya lùlúi na lang,</i><trans> If you can’t have her, just think of her while you abuse yourself (lit. masturbate for her). </trans></eg>
<eg><i lang=""ceb"">Ilùlù na lang ang ímung kahígal,</i><trans> Just masturbate your craving away. </trans></eg>
</sense>
<sense n=""2""><number>2</number> <itype>[A13; a12]</itype><trans> use equipment improperly. </trans>
<eg><i lang=""ceb"">Kinsa na puy naglùlù áning makinilyang nagubà na man pud?</i><trans> Who has been abusing my typewriter? It’s broken again. </trans></eg>
<eg><i lang=""ceb"">Hala, lùlúa arun makailis ka,</i><trans> Go on abuse it so you can buy me a new one. </trans></eg>
</sense></hom>
<hom role=""n""><pos>n</pos>
<sense n=""1""><number>1</number><trans> <tr>penis</tr> (coarse). </trans>
</sense>
<sense n=""2""><number>2</number> <form id=""luqluq_mu"" lang=""ceb""><abbr expan=""lùlù"">—</abbr> mu</form><trans> expression of disgust at a person. </trans>
<eg><i lang=""ceb"">Lùlù nímu, ingun kag mukúyug ka, wà man lagi,</i><trans> You SOB. You said you were coming along, but you didn’t. </trans></eg>
<eg><i lang=""ceb"">Diyis sa lùlù mu! Háin may kwartáhun ta run,</i><trans> Hell, if I’ll give you a dime. Where am I going to get the money from! </trans></eg>
</sense>
<sense n=""3""><number>3</number><trans> expression of disgust in general. </trans>
<eg><i lang=""ceb"">Lùlù! Pirmi lang patay way hárì,</i><trans> Shit! It’s always tails, never heads!
</trans></eg>
</sense></hom></entry>");
INSERT INTO `wced_head` (entryid, head, normalized_head, type, pos) VALUES (11678, "lùlù", "lulu", "m", "vn");
INSERT INTO `wced_head` (entryid, head, normalized_head, type, pos) VALUES (11678, "lùlù mu", "lulu mu", "s", "");
INSERT INTO `wced_translation` (entryid, translation) VALUES (11678, "masturbate");
INSERT INTO `wced_translation` (entryid, translation) VALUES (11678, "penis");
INSERT INTO `wced_entry` VALUES (11679, "lulut", "639", "<entry page=""639"" id=""11679""><form id=""luxlut"" lang=""ceb"">lúlut</form>
<hom role=""a""><pos>a</pos>
<sense n=""0""><trans> <tr>tender</tr> eyes or looks. </trans>
<eg><i lang=""ceb"">Lúlut nga mata sa inahan,</i><trans> A mother’s tender eyes. </trans></eg>
</sense></hom>
<hom role=""v""><pos>v</pos>
<sense n=""0""> <itype>[b8]</itype><trans> for s.o. to be tenderly loved. </trans>
<eg><i lang=""ceb"">Nalulútan giyud ning batáa sa mga ginikánan kay bugtung,</i><trans> The parents love this child dearly because he’s an only child.
</trans></eg>
</sense></hom></entry>");
INSERT INTO `wced_head` (entryid, head, normalized_head, type, pos) VALUES (11679, "lúlut", "lulut", "m", "av");
INSERT INTO `wced_translation` (entryid, translation) VALUES (11679, "tender");
INSERT INTO `wced_entry` VALUES (11680, "luluy", "639", "<entry page=""639"" id=""11680""><form id=""luxluy"" lang=""ceb"">lúluy</form>
<hom role=""a""><pos>a</pos>
<sense n=""0""><trans> sleepy, <tr>dull</tr> eyes. </trans>
</sense></hom>
<hom role=""v""><pos>v</pos>
<sense n=""0""> <itype>[A23B; b6]</itype><trans> for the eyes to become drooping or dull. </trans>
<eg><i lang=""ceb"">Mulúluy (malúluy) giyud ang mata ug way túg,</i><trans> Your eyes will start to droop if you have gone without sleep.
</trans></eg>
</sense></hom></entry>");
INSERT INTO `wced_head` (entryid, head, normalized_head, type, pos) VALUES (11680, "lúluy", "luluy", "m", "av");
INSERT INTO `wced_translation` (entryid, translation) VALUES (11680, "dull");
INSERT INTO `wced_entry` VALUES (11681, "luma", "639", "<entry page=""639"" id=""11681""><form id=""lumaq"" lang=""ceb"">lumà</form>
<hom role=""v""><pos>v</pos>
<sense n=""1""><number>1</number> <itype>[A23; b(1)]</itype><trans> for a liquid to <tr>seep through</tr> s.t. and stain it. </trans>
<eg><i lang=""ceb"">Milumà ang dugù sa bindáhi,</i><trans> Blood seeped through the bandage and stained it. </trans></eg>
<eg><i lang=""ceb"">Gilum-an nag buling ang kwilyu,</i><trans> Dirt has stained the collar where sweat seeped into the cloth. </trans></eg>
</sense>
<sense n=""2""><number>2</number> <itype>[b6]</itype><trans> <tr>leave a mark</tr>. </trans>
<eg><i lang=""ceb"">Milumà ang banig sa ímung nawung,</i><trans> The mat you were lying on has left marks on your face. </trans></eg>
</sense></hom>
<hom role=""n""><pos>n</pos>
<sense n=""1""><number>1</number><trans> stain or dirt carried by liquid. </trans>
</sense>
<sense n=""2""><number>2</number><trans> <tr>mark</tr>. </trans>
</sense></hom>
<entry><form id=""palumaq"" lang=""ceb""><abbr expan=""palumà"">pa-</abbr></form>
<hom role=""v""><pos>v</pos>
<sense n=""0""> <itype>[A; b6(1)]</itype><trans> <tr>trace</tr> on s.t. to reproduce a copy. </trans>
<eg><i lang=""ceb"">Mupalumà ku sa ímung drúwing,</i><trans> I’ll trace your drawing.
</trans></eg>
</sense></hom></entry></entry>");
INSERT INTO `wced_head` (entryid, head, normalized_head, type, pos) VALUES (11681, "lumà", "luma", "m", "vn");
INSERT INTO `wced_head` (entryid, head, normalized_head, type, pos) VALUES (11681, "palumà", "paluma", "s", "v");
INSERT INTO `wced_translation` (entryid, translation) VALUES (11681, "seep through");
INSERT INTO `wced_translation` (entryid, translation) VALUES (11681, "leave a mark");
INSERT INTO `wced_translation` (entryid, translation) VALUES (11681, "mark");
INSERT INTO `wced_translation` (entryid, translation) VALUES (11681, "trace");
INSERT INTO `wced_entry` VALUES (11682, "luma", "639", "<entry page=""639"" id=""11682""><form id=""luxmaq"" lang=""ceb"">lúmà</form>
<hom role=""v""><pos>v</pos>
<sense n=""0""> <itype>[B126]</itype><trans> be overshadowed by s.t. else, put into the background (used by speakers <pb n=""640""/>influenced by Tagalog). </trans>
<eg><i lang=""ceb"">Malúmà nang púlu nímug isul-ub ku tung ákung mahalun,</i><trans> Your sport shirt will be relegated to the background if I wear my expensive one.
</trans></eg>
</sense></hom></entry>");
INSERT INTO `wced_head` (entryid, head, normalized_head, type, pos) VALUES (11682, "lúmà", "luma", "m", "v");
INSERT INTO `wced_entry` VALUES (11683, "lumad", "640", "<entry page=""640"" id=""11683""><form id=""luxmad"" lang=""ceb"">lúmad</form>
<hom role=""v""><pos>v</pos>
<sense n=""0""> <itype>[A2; b(1)]</itype><trans> stay, stick long on.</trans>
<eg><i lang=""ceb""> Mulúmad kahà ku niánang trabahúa kun dì pa maáyu ug súhul?</i><trans> Would I stick to that job if the pay wasn’t good? </trans></eg>
</sense></hom>
<entry><form id=""lumad"" lang=""ceb""><abbr expan=""lumad"">(→)</abbr></form>
<hom role=""n""><pos>n</pos>
<sense n=""0""><trans> <tr>native</tr>, <tr>natural-born citizen</tr>. </trans>
</sense></hom></entry>
<entry><form id=""lumadnun"" lang=""ceb""><abbr expan=""lumadnun"">-nun</abbr></form>
<hom role=""n""><pos>n</pos>
<sense n=""0""><trans> of native origin, make, or quality. </trans>
<eg><i lang=""ceb"">Lumadnun nga sáyaw,</i><trans> Native dance.
</trans></eg>
</sense></hom></entry></entry>");
INSERT INTO `wced_head` (entryid, head, normalized_head, type, pos) VALUES (11683, "lúmad", "lumad", "m", "v");
INSERT INTO `wced_head` (entryid, head, normalized_head, type, pos) VALUES (11683, "lumad", "lumad", "s", "n");
INSERT INTO `wced_head` (entryid, head, normalized_head, type, pos) VALUES (11683, "lumadnun", "lumadnun", "s", "n");
INSERT INTO `wced_translation` (entryid, translation) VALUES (11683, "native");
INSERT INTO `wced_translation` (entryid, translation) VALUES (11683, "natural-born citizen");
INSERT INTO `wced_entry` VALUES (11684, "lumag", "640", "<entry page=""640"" id=""11684""><form id=""lumag"" lang=""ceb"">lumag</form>
<hom role=""v""><pos>v</pos>
<sense n=""1""><number>1</number> <itype>[B3(1); b6]</itype><trans> for dirt, color to come off s.t. soaked in water. </trans>
<eg><i lang=""ceb"">Mulumag (malumag) ang buling ug ímung ihúmul úsà ang mga bulingun,</i><trans> Some of the dirt will come out if the clothes are soaked in water. </trans></eg>
<eg><i lang=""ceb"">Naglumag ug kulur úbi ang itum sinínà,</i><trans> The black dress exuded violet color on the water. </trans></eg>
</sense>
<sense n=""2""><number>2</number> <itype>[B3]</itype><trans> for the results of bad behavior to come out. </trans>
<eg><i lang=""ceb"">Milumag na ang pagsígig súruy, mimabdus na siya,</i><trans> Now her habits of going out have <corr sic=""born"">borne</corr> fruit: she got pregnant. </trans></eg>
</sense></hom>
<hom role=""n""><pos>n</pos>
<sense n=""0""><trans> colored juice that is squeezed out from s.t. that fades.
</trans>
</sense></hom></entry>");
INSERT INTO `wced_head` (entryid, head, normalized_head, type, pos) VALUES (11684, "lumag", "lumag", "m", "vn");
INSERT INTO `wced_entry` VALUES (11685, "*lumaluma", "640", "<entry page=""640"" id=""11685""><form id=""xxlumaluma"" lang=""ceb"">*lumaluma</form>
<entry><form id=""palumaluma"" lang=""ceb""><abbr expan=""palumaluma"">pa-</abbr></form>
<hom role=""v""><pos>v</pos>
<sense n=""0""> <itype>[A3]</itype><trans> undertake to do s.t. one is incapable of doing. </trans>
<eg><i lang=""ceb"">Ayawg palumalumag áyu sa radiyu kay musamut hinúun nag kadáut,</i><trans> Don’t take it on yourself to try and fix the radio. It’ll just get worse. </trans></eg>
</sense></hom></entry>
<entry><form id=""palumalumahun_mapalumalumahun"" lang=""ceb"">palumalumahun, mapalumalumahun</form>
<hom role=""a""><pos>a</pos>
<sense n=""0""><trans> daring to take on s.t. which one may not be capable of doing.
</trans>
</sense></hom></entry></entry>");
INSERT INTO `wced_head` (entryid, head, normalized_head, type, pos) VALUES (11685, "lumaluma", "lumaluma", "s", "");
INSERT INTO `wced_head` (entryid, head, normalized_head, type, pos) VALUES (11685, "palumaluma", "palumaluma", "s", "v");
INSERT INTO `wced_head` (entryid, head, normalized_head, type, pos) VALUES (11685, "palumalumahun", "palumalumahun", "s", "a");
INSERT INTO `wced_head` (entryid, head, normalized_head, type, pos) VALUES (11685, "mapalumalumahun", "mapalumalumahun", "s", "a");
INSERT INTO `wced_entry` VALUES (11686, "lumat", "640", "<entry page=""640"" id=""11686""><form id=""lumat"" lang=""ceb"">lumat</form>
<hom role=""n""><pos>n</pos>
<sense n=""1""><number>1</number><trans> tubers left accidentally in the ground after the harvest which sprout again. </trans>
</sense>
<sense n=""2""><number>2</number><trans> trait that is inherited in a family. </trans>
</sense>
<sense n=""3""><number>3</number><trans> highly contagious skin eruptions or lesions on the soles of the feet which occur after an eruption of yaws (<ix>tabukaw</ix>). The <ix>lumat</ix> are roundish with small fleshy protuberances and continually emit watery pus. </trans>
</sense></hom>
<hom role=""v""><pos>v</pos>
<sense n=""1""><number>1</number> <itype>[A2; b6]</itype><trans> for tubers left in the ground by accident to sprout. </trans>
<eg><i lang=""ceb"">Mulumat ra gihápun ang mga unud sa úbing wà nátù makit-i,</i><trans> The yams we failed to find will sprout again. </trans></eg>
</sense>
<sense n=""2""><number>2</number> <itype>[A; b]</itype><trans> for a certain trait to be inherited. </trans>
<eg><i lang=""ceb"">Basta kalíwat ug búang mulumat giyud,</i><trans> If insanity runs in the family, it will sooner or later show in the children. </trans></eg>
<eg><i lang=""ceb"">Kinsa may gilumatan niíning íyang batásang ngil-ad?</i><trans> Who does she take after with her bad behavior? </trans></eg>
</sense>
<sense n=""3""><number>3</number> <itype>[A; b4]</itype><trans> for a bad character trait in a person to make its appearance. </trans>
<eg><i lang=""ceb"">Mulumat giyud ang íyang pagkamaldítu kun makainum,</i><trans> His mischievous ways come out when he takes a drink. </trans></eg>
</sense>
<sense n=""4""><number>4</number> <itype>[a4b4]</itype><trans> get <ix>lumat</ix>. </trans>
<eg><i lang=""ceb"">Gilumat (gilumatan) si Markus,</i><trans> Marcos has <ix>lumat.</ix>
</trans></eg>
</sense></hom></entry>");
INSERT INTO `wced_head` (entryid, head, normalized_head, type, pos) VALUES (11686, "lumat", "lumat", "m", "nv");
INSERT INTO `wced_entry` VALUES (11687, "lumawig", "640", "<entry page=""640"" id=""11687""><form id=""lumaxwig"" lang=""ceb"">lumáwig</form>
<hom>
<sense n=""0""><trans> <ix>see</ix> <xr lang=""ceb"" target=""#lawig""><sc>lawig</sc>.</xr>
</trans>
</sense></hom></entry>");
INSERT INTO `wced_head` (entryid, head, normalized_head, type, pos) VALUES (11687, "lumáwig", "lumawig", "m", "");
INSERT INTO `wced_entry` VALUES (11688, "lumay", "640", "<entry page=""640"" id=""11688""><form id=""lumay"" lang=""ceb"">lumay</form>
<hom role=""n""><pos>n</pos>
<sense n=""0""><trans> a magical love potion used to cause s.o. to be irresistibly drawn to the user. </trans>
</sense></hom>
<hom role=""v""><pos>v</pos>
<sense n=""1""><number>1</number> <itype>[A; b5]</itype><trans> use a love potion on s.o. </trans>
<eg><i lang=""ceb"">Kinsa guy mulumay ánang húmuk ug ilung,</i><trans> No need to use a love potion on her when she is so easy to conquer. </trans></eg>
</sense>
<sense n=""2""><number>2</number> <itype>[A; a1]</itype><trans> draw s.o. irresistibly with an attractive quality. </trans>
<eg><i lang=""ceb"">Ang íyang kabuútan mauy naglumay nákù ngadtu níya,</i><trans> Her good attributes made me irresistibly attracted to her. </trans></eg>
</sense></hom>
<entry><form id=""lumayan_lumaxyan"" lang=""ceb""><abbr expan=""lumayan"">-an</abbr>, <abbr expan=""lumáyan"">-an(←)</abbr></form>
<hom role=""a""><pos>a</pos>
<sense n=""0""><trans> having a <ix>lumay</ix>.
</trans>
</sense></hom></entry></entry>");
INSERT INTO `wced_head` (entryid, head, normalized_head, type, pos) VALUES (11688, "lumay", "lumay", "m", "nv");
INSERT INTO `wced_head` (entryid, head, normalized_head, type, pos) VALUES (11688, "lumayan", "lumayan", "s", "a");
INSERT INTO `wced_head` (entryid, head, normalized_head, type, pos) VALUES (11688, "lumáyan", "lumayan", "s", "a");
INSERT INTO `wced_entry` VALUES (11689, "*lumay", "640", "<entry page=""640"" id=""11689""><form id=""xxluxmay"" lang=""ceb"">*lúmay</form>
<entry><form id=""maluxmay"" lang=""ceb""><abbr expan=""malúmay"">ma-</abbr></form>
<hom role=""a""><pos>a</pos>
<sense n=""0""><trans> slow and <corr sic=""effemininate"">effeminate</corr> in speech. </trans>
<eg><i lang=""ceb"">Malúmay kaáyung musulti nà si Lusyu kay bayutun man gud,</i><trans> Lucio speaks slow like a girl because he is effeminate.
</trans></eg>
</sense></hom></entry></entry>");
INSERT INTO `wced_head` (entryid, head, normalized_head, type, pos) VALUES (11689, "lúmay", "lumay", "s", "");
INSERT INTO `wced_head` (entryid, head, normalized_head, type, pos) VALUES (11689, "malúmay", "malumay", "s", "a");
INSERT INTO `wced_entry` VALUES (11690, "lumba", "640", "<entry page=""640"" id=""11690""><form id=""lumbaq"" lang=""ceb"">lumbà</form>
<hom role=""v""><pos>v</pos>
<sense n=""1""><number>1</number> <itype>[A2C; ac3]</itype><trans> <tr>race</tr>, have a race. </trans>
<eg><i lang=""ceb"">Lumbáun nátù. Ang mangíkug muy mubangka,</i><trans> Let’s race it out. The one who is last will pay. </trans></eg>
<eg><i lang=""ceb"">Lumbáun nátù ang átung bakì,</i><trans> Let’s have our frogs race. </trans></eg>
</sense>
<sense n=""2""><number>2</number> <itype>[b8]</itype><trans> outrace. </trans>
<eg><i lang=""ceb"">Hilumbaan ku níyag kalígù kay wà siya manabun,</i><trans> He beat me bathing because he didn’t soap himself. </trans></eg>
</sense>
<sense n=""3""><number>3</number> <itype>[C23]</itype><trans> outdo each other, as if to see who can do it the more. </trans>
<eg><i lang=""ceb"">Naglumbà ug katúlug,</i><trans> They are sleeping as if they were trying to outdo each other. </trans></eg>
<eg><i lang=""ceb"">Naglumbà ug isturyag hambug,</i><trans> Outdo each other in telling tall stories. </trans></eg>
</sense></hom>
<hom role=""n""><pos>n</pos>
<sense n=""0""><trans> race. </trans>
</sense></hom>
<entry><form id=""lumbaaxnay"" lang=""ceb""><abbr expan=""lumbaánay"">-anay</abbr></form>
<hom role=""v""><pos>v</pos>
<sense n=""0""> <itype>[C; c3]</itype><trans> race with each other. </trans>
<eg><i lang=""ceb"">Naglumbaánay ang mga balud sa lapyahan,</i><trans> The waves are racing against each other to the shore. </trans></eg>
</sense></hom></entry>
<entry><form id=""kalumbaq"" lang=""ceb""><abbr expan=""kalumbà"">ka-</abbr></form>
<hom role=""n""><pos>n</pos>
<sense n=""0""><trans> one’s opponent in a race. </trans>
</sense></hom></entry>
<entry><form id=""lumbaaxnan"" lang=""ceb""><abbr expan=""lumbaánan"">-anan</abbr></form>
<hom role=""n""><pos>n</pos>
<sense n=""0""><trans> <tr>racetrack</tr>.
</trans>
</sense></hom></entry></entry>");
INSERT INTO `wced_head` (entryid, head, normalized_head, type, pos) VALUES (11690, "lumbà", "lumba", "m", "vn");
INSERT INTO `wced_head` (entryid, head, normalized_head, type, pos) VALUES (11690, "lumbaánay", "lumbaanay", "s", "v");
INSERT INTO `wced_head` (entryid, head, normalized_head, type, pos) VALUES (11690, "kalumbà", "kalumba", "s", "n");
INSERT INTO `wced_head` (entryid, head, normalized_head, type, pos) VALUES (11690, "lumbaánan", "lumbaanan", "s", "n");
INSERT INTO `wced_translation` (entryid, translation) VALUES (11690, "race");
INSERT INTO `wced_translation` (entryid, translation) VALUES (11690, "racetrack");
INSERT INTO `wced_entry` VALUES (11691, "lumbaglumbag", "640", "<entry page=""640"" id=""11691""><form id=""lumbaglumbag"" lang=""ceb"">lumbaglumbag</form>
<hom role=""v""><pos>v</pos>
<sense n=""0""> <itype>[ASP]</itype><trans> <tr>writhe</tr>, twist in pain. </trans>
<eg><i lang=""ceb"">Naglumbaglumbag siya sa kasakit sa íyang tiyan,</i><trans> He writhed in pain with his stomachache.
</trans></eg>
</sense></hom></entry>");
INSERT INTO `wced_head` (entryid, head, normalized_head, type, pos) VALUES (11691, "lumbaglumbag", "lumbaglumbag", "m", "v");
INSERT INTO `wced_translation` (entryid, translation) VALUES (11691, "writhe");
INSERT INTO `wced_entry` VALUES (11692, "lumbagu", "640", "<entry page=""640"" id=""11692""><form id=""lumbaxgu"" lang=""ceb"">lumbágu</form>
<hom role=""n""><pos>n</pos>
<sense n=""0""><trans> <tr>lumbago</tr>, a rheumatic pain in the joints of the lumbar region.
</trans>
</sense></hom></entry>");
INSERT INTO `wced_head` (entryid, head, normalized_head, type, pos) VALUES (11692, "lumbágu", "lumbagu", "m", "n");
INSERT INTO `wced_translation` (entryid, translation) VALUES (11692, "lumbago");
INSERT INTO `wced_entry` VALUES (11693, "lumban", "640", "<entry page=""640"" id=""11693""><form id=""lumban"" lang=""ceb"">lumban</form>
<hom role=""n""><pos>n</pos>
<sense n=""0""><trans> <tr>turban shells</tr>, k.o. edible univalve. </trans>
</sense></hom>
<entry><form id=""mata_ug_lumban"" lang=""ceb"">mata ug <abbr expan=""lumban"">—</abbr></form>
<hom>
<sense n=""0""><trans> the operculum of turban shells (which resembles an eye).
</trans>
</sense></hom></entry></entry>");
INSERT INTO `wced_head` (entryid, head, normalized_head, type, pos) VALUES (11693, "lumban", "lumban", "m", "n");
INSERT INTO `wced_head` (entryid, head, normalized_head, type, pos) VALUES (11693, "mata ug lumban", "mata ug lumban", "s", "");
INSERT INTO `wced_translation` (entryid, translation) VALUES (11693, "turban shells");
INSERT INTO `wced_entry` VALUES (11694, "lumbang", "640", "<entry page=""640"" id=""11694""><form id=""lumbang"" lang=""ceb"">lumbang</form>
<hom role=""n""><pos>n</pos>
<sense n=""0""><trans> large forest tree, cultivated for its fruit, the seed of which yields an oil similar to linseed oil: <bio>Aleurites moluccana</bio>.
</trans>
</sense></hom></entry>");
INSERT INTO `wced_head` (entryid, head, normalized_head, type, pos) VALUES (11694, "lumbang", "lumbang", "m", "n");
INSERT INTO `wced_entry` VALUES (11695, "lumbay", "640", "<entry page=""640"" id=""11695""><form id=""lumbay"" lang=""ceb"">lumbay</form>
<hom role=""n""><pos>n</pos>
<sense n=""1""><number>1</number><trans> row or column of units. </trans>
</sense>
<sense n=""2""><number>2</number><trans> k.o. tic-tac-toe game for two players. A square with nine dots (three on each side, one in the middle) is drawn and the players take turns putting down their stones on the dots. Whoever gets a row of three stones, wins. </trans>
</sense></hom>
<hom role=""v""><pos>v</pos>
<sense n=""1""><number>1</number> <itype>[A; ac]</itype><trans> queue up, fall in line facing in the direction of the line; do, put in a row. </trans>
<eg><i lang=""ceb"">Naglumbay ang daghang pumapálit ug prankíyu,</i><trans> Lots of people were queuing up to buy stamps. </trans></eg>
<eg><i lang=""ceb"">Naglumbay siya sa mga pyísa,</i><trans> He is lining up the spare parts. </trans></eg>
<eg><i lang=""ceb"">Lumbáya ang pagtanum sa humay,</i><trans> Plant the rice in rows. </trans></eg>
<eg><i lang=""ceb"">Ilumbay ning silya sa únang lumbay,</i><trans> Put this <pb n=""641""/>chair in the first row. </trans></eg>
</sense>
<sense n=""2""><number>2</number> <itype>[AC]</itype><trans> play <ix>lumbay</ix>. </trans>
</sense></hom>
<entry><form id=""lumbayan"" lang=""ceb""><abbr expan=""lumbayan"">-an(→)</abbr></form>
<hom role=""n""><pos>n</pos>
<sense n=""0""><trans> a board for playing <ix>lumbay</ix>.
</trans>
</sense></hom></entry></entry>");
INSERT INTO `wced_head` (entryid, head, normalized_head, type, pos) VALUES (11695, "lumbay", "lumbay", "m", "nv");
INSERT INTO `wced_head` (entryid, head, normalized_head, type, pos) VALUES (11695, "lumbayan", "lumbayan", "s", "n");
INSERT INTO `wced_entry` VALUES (11696, "lumbiya", "641", "<entry page=""641"" id=""11696""><form id=""lumbiya"" lang=""ceb"">lumbiya</form>
<hom role=""n""><pos>n</pos>
<sense n=""0""><trans> sago palm, the trunk of which is used to starch and the leaves for roofing: <bio>Metroxylon sagus</bio>.
</trans>
</sense></hom></entry>");
INSERT INTO `wced_head` (entryid, head, normalized_head, type, pos) VALUES (11696, "lumbiya", "lumbiya", "m", "n");
INSERT INTO `wced_entry` VALUES (11697, "lumbuy", "641", "<entry page=""641"" id=""11697""><form id=""lumbuy"" lang=""ceb"">lumbuy</form>
<hom>
<sense n=""0""><trans> <xr lang=""ceb"" target=""#lungbuy"">= <sc>lungbuy</sc>.</xr>
</trans>
</sense></hom></entry>");
INSERT INTO `wced_head` (entryid, head, normalized_head, type, pos) VALUES (11697, "lumbuy", "lumbuy", "m", "");
INSERT INTO `wced_entry` VALUES (11698, "lumi", "641", "<entry page=""641"" id=""11698""><form id=""luxmi"" lang=""ceb"">lúmi</form>
<hom role=""n""><pos>n</pos>
<sense n=""0""><trans> dish of long Chinese noodles, usually served in broth.
</trans>
</sense></hom></entry>");
INSERT INTO `wced_head` (entryid, head, normalized_head, type, pos) VALUES (11698, "lúmi", "lumi", "m", "n");
INSERT INTO `wced_entry` VALUES (11699, "lumi", "641", "<entry page=""641"" id=""11699""><form id=""lumiq"" lang=""ceb"">lumì</form>
<hom role=""n""><pos>n</pos>
<sense n=""0""><trans> <tr>crease</tr>, <tr>fold</tr>, <tr>wrinkles</tr>. </trans>
</sense></hom>
<hom role=""v""><pos>v</pos>
<sense n=""0""> <itype>[A; a]</itype><trans> get to be all wrinkled, creased. </trans>
<eg><i lang=""ceb"">Ayawg lumia nang bag-ung inutaw,</i><trans> Don’t wrinkle your newly ironed shirt. </trans></eg>
</sense></hom>
<entry><form id=""lumixun"" lang=""ceb""><abbr expan=""lumíun"">-un</abbr></form>
<hom role=""a""><pos>a</pos>
<sense n=""0""><trans> <tr>wrinkled</tr>, <tr>creased</tr>.
</trans>
</sense></hom></entry></entry>");
INSERT INTO `wced_head` (entryid, head, normalized_head, type, pos) VALUES (11699, "lumì", "lumi", "m", "nv");
INSERT INTO `wced_head` (entryid, head, normalized_head, type, pos) VALUES (11699, "lumíun", "lumiun", "s", "a");
INSERT INTO `wced_translation` (entryid, translation) VALUES (11699, "crease");
INSERT INTO `wced_translation` (entryid, translation) VALUES (11699, "fold");
INSERT INTO `wced_translation` (entryid, translation) VALUES (11699, "wrinkles");
INSERT INTO `wced_translation` (entryid, translation) VALUES (11699, "wrinkled");
INSERT INTO `wced_translation` (entryid, translation) VALUES (11699, "creased");
INSERT INTO `wced_entry` VALUES (11700, "lumid", "641", "<entry page=""641"" id=""11700""><form id=""luxmid"" lang=""ceb"">lúmid</form>
<hom role=""v""><pos>v</pos>
<sense n=""1""><number>1</number> <itype>[A; c]</itype><trans> wallow or roll in mud, flour, etc. </trans>
<eg><i lang=""ceb"">Ang bábuy mulúmid sa lápuk,</i><trans> Pigs roll in the mud. </trans></eg>
<eg><i lang=""ceb"">Ilúmid ang pinirítung ságing sa asúkar,</i><trans> Roll the fried bananas in the sugar. </trans></eg>
</sense>
<sense n=""2""><number>2</number> <itype>[B456]</itype><trans> roll in sin, vice. </trans>
<eg><i lang=""ceb"">Naglúmid sa salà ang mga babáying nagbaligyà sa ílang dungug,</i><trans> Women who sell their reputation are wallowing in sin.
</trans></eg>
</sense></hom></entry>");
INSERT INTO `wced_head` (entryid, head, normalized_head, type, pos) VALUES (11700, "lúmid", "lumid", "m", "v");
INSERT INTO `wced_entry` VALUES (11701, "luminarya", "641", "<entry page=""641"" id=""11701""><form id=""luminarya"" lang=""ceb"">luminarya</form>
<hom role=""n""><pos>n</pos>
<sense n=""0""><trans> numerous lighted candles placed along the streets during religious processions or in the church during services. </trans>
</sense></hom>
<hom role=""v""><pos>v</pos>
<sense n=""0""> <itype>[A; b]</itype><trans> light candles for a religious procession or church service.
</trans>
</sense></hom></entry>");
INSERT INTO `wced_head` (entryid, head, normalized_head, type, pos) VALUES (11701, "luminarya", "luminarya", "m", "nv");
INSERT INTO `wced_entry` VALUES (11702, "luming", "641", "<entry page=""641"" id=""11702""><form id=""luxming"" lang=""ceb"">lúming</form>
<hom role=""a""><pos>a</pos>
<sense n=""0""><trans> tender, soft voice or way of speaking. </trans>
</sense></hom>
<hom role=""v""><pos>v</pos>
<sense n=""0""> <itype>[B2; b6]</itype><trans> for the voice to become soft and tender. </trans>
<eg><i lang=""ceb"">Mulúming dáyun íyang tíngug ug ikasulti ang uyab,</i><trans> Her voice suddenly becomes tender when she speaks with her boy friend.
</trans></eg>
</sense></hom></entry>");
INSERT INTO `wced_head` (entryid, head, normalized_head, type, pos) VALUES (11702, "lúming", "luming", "m", "av");
INSERT INTO `wced_entry` VALUES (11703, "lumiru", "641", "<entry page=""641"" id=""11703""><form id=""lumiru"" lang=""ceb"">lumiru</form>
<hom>
<sense n=""0""><trans> <xr lang=""ceb"" target=""#numiru"">= <sc>numiru</sc>.</xr>
</trans>
</sense></hom></entry>");
INSERT INTO `wced_head` (entryid, head, normalized_head, type, pos) VALUES (11703, "lumiru", "lumiru", "m", "");
INSERT INTO `wced_entry` VALUES (11704, "lum-it", "641", "<entry page=""641"" id=""11704""><form id=""lum-it"" lang=""ceb"">lum-it</form>
<hom role=""n""><pos>n</pos>
<sense n=""0""><trans> <tr>crease</tr>, <tr>wrinkle</tr>. </trans>
<eg><i lang=""ceb"">Ang lum-it sa karsúnis nahíwì,</i><trans> The crease in the trousers came out crooked. </trans></eg>
</sense></hom>
<hom role=""v""><pos>v</pos>
<sense n=""0""> <itype>[AB126; a1]</itype><trans> crease, get creased. </trans>
<eg><i lang=""ceb"">Ayawg lum-íta ang bag-ung pinalansa nímung sayal,</i><trans> Don’t crease your skirt. You just ironed it. </trans></eg>
</sense></hom>
<hom role=""a""><pos>a</pos>
<sense n=""0""><trans> creased.
</trans>
</sense></hom></entry>");
INSERT INTO `wced_head` (entryid, head, normalized_head, type, pos) VALUES (11704, "lum-it", "lum-it", "m", "nva");
INSERT INTO `wced_translation` (entryid, translation) VALUES (11704, "crease");
INSERT INTO `wced_translation` (entryid, translation) VALUES (11704, "wrinkle");
INSERT INTO `wced_entry` VALUES (11705, "lumlum", "641", "<entry page=""641"" id=""11705""><form id=""lumlum"" lang=""ceb"">lumlum</form>
<hom role=""v""><pos>v</pos>
<sense n=""1""><number>1</number> <itype>[A; b(1)]</itype><trans> sit on eggs. </trans>
<eg><i lang=""ceb"">Wà pa mapisù ang gilumlúmang itlug,</i><trans> The eggs the hen was brooding have not hatched yet. </trans></eg>
</sense>
<sense n=""1a""><number>1a</number> <itype>[b]</itype><trans> sit on papers which need processing or attention. </trans>
<eg><i lang=""ceb"">Kadtung aplikisiyun nímu sa lún gilumlúman lang,</i><trans> They are just sitting on your application for a loan. </trans></eg>
</sense>
<sense n=""2""><number>2</number> <itype>[A13]</itype><trans> stay inside s.t. </trans>
<eg><i lang=""ceb"">Dúgay na siyang lumlum sa íla kay maúlaw nga mupakítà,</i><trans> He stayed cooped up in his house for a long time because he was ashamed to show himself. </trans></eg>
</sense>
<sense n=""2a""><number>2a</number> <itype>[A13]</itype><trans> for feelings to be in the breast. </trans>
<eg><i lang=""ceb"">Ang kasína nga naglumlum sa íyang dughan,</i><trans> Enviousness that is stored up in her heart. </trans></eg>
<eg><i lang=""ceb"">Naglumlum sa dughan ni Kaluy ang kamíngaw kang Plúra,</i><trans> Caloy feels loneliness for Flora.
</trans></eg>
</sense></hom></entry>");
INSERT INTO `wced_head` (entryid, head, normalized_head, type, pos) VALUES (11705, "lumlum", "lumlum", "m", "v");
INSERT INTO `wced_entry` VALUES (11706, "lumpag", "641", "<entry page=""641"" id=""11706""><form id=""lumpag"" lang=""ceb"">lumpag</form>
<hom role=""v""><pos>v</pos>
<sense n=""0""> <itype>[AB12; a]</itype><trans> </trans>
</sense>
<sense n=""1""><number>1</number><trans> <tr>crumble down</tr>; cause s.t. to do so. </trans>
<eg><i lang=""ceb"">Nagkalumpag na ang paril,</i><trans> The wall is crumbling. </trans></eg>
<eg><i lang=""ceb"">Hilumpagan ku sa kinamádang láta,</i><trans> The cans that were stacked up neatly came tumbling down on me. </trans></eg>
</sense>
<sense n=""2""><number>2</number><trans> bring to a downfall. </trans>
<eg><i lang=""ceb"">Ayawg lumpága ang íyang mga damgu,</i><trans> Do not destroy her hopes. </trans></eg>
<eg><i lang=""ceb"">Lumpágun nátù ang gahum sa impiryalismu,</i><trans> We shall overcome the power of imperialism.
</trans></eg>
</sense></hom></entry>");
INSERT INTO `wced_head` (entryid, head, normalized_head, type, pos) VALUES (11706, "lumpag", "lumpag", "m", "v");
INSERT INTO `wced_translation` (entryid, translation) VALUES (11706, "crumble down");
INSERT INTO `wced_entry` VALUES (11707, "lumpanug", "641", "<entry page=""641"" id=""11707""><form id=""lumpaxnug"" lang=""ceb"">lumpánug</form>
<hom role=""v""><pos>v</pos>
<sense n=""0""> <itype>[A23; b6]</itype><trans> flee suddenly and rapidly to a far place. </trans>
<eg><i lang=""ceb"">Milumpánug lagi pagkakità sa ákung pistúla,</i><trans> He sure got out of there fast when he saw my gun. </trans></eg>
<eg><i lang=""ceb"">Layù ang gilumpanúgan sa ákung hunàhúnà samtang namínaw sa diskursu,</i><trans> My mind wandered as I was listening to the speech.
</trans></eg>
</sense></hom></entry>");
INSERT INTO `wced_head` (entryid, head, normalized_head, type, pos) VALUES (11707, "lumpánug", "lumpanug", "m", "v");
INSERT INTO `wced_entry` VALUES (11708, "lumpat", "641", "<entry page=""641"" id=""11708""><form id=""lumpat"" lang=""ceb"">lumpat</form>
<hom role=""v""><pos>v</pos>
<sense n=""0""> <itype>[A2]</itype><trans> bounce up suddenly. </trans>
<eg><i lang=""ceb"">Milumpat ákung kasingkásing sa kahikurat,</i><trans> My heart leaped in sudden surprise. </trans></eg>
</sense></hom>
<entry><form id=""lumpatlumpat"" lang=""ceb"">lumpatlumpat</form>
<hom role=""v""><pos>v</pos>
<sense n=""0""> <itype>[A; b6]</itype><trans> bounce up and down. </trans>
<eg><i lang=""ceb"">Naglumpatlumpat ang dyíp sa batsihun nga dálan,</i><trans> The jeep was bouncing up and down on the bumpy road.
</trans></eg>
</sense></hom></entry></entry>");
INSERT INTO `wced_head` (entryid, head, normalized_head, type, pos) VALUES (11708, "lumpat", "lumpat", "m", "v");
INSERT INTO `wced_head` (entryid, head, normalized_head, type, pos) VALUES (11708, "lumpatlumpat", "lumpatlumpat", "s", "v");
INSERT INTO `wced_entry` VALUES (11709, "lumpayat", "641", "<entry page=""641"" id=""11709""><form id=""lumpayat"" lang=""ceb"">lumpayat</form>
<hom role=""v""><pos>v</pos>
<sense n=""1""><number>1</number> <itype>[A13; b6]</itype><trans> jump vigorously up and down. </trans>
<eg><i lang=""ceb"">Ngánung naglumpayat man ang mga bátà sa katri?</i><trans> Why are the children jumping up and down vigorously on the bed? </trans></eg>
</sense>
<sense n=""2""><number>2</number> <itype>[A; c]</itype><trans> jump up and down to get free, tug against s.t. that restricts movement. </trans>
<eg><i lang=""ceb"">Milumpayat ang ungguy sa halwa pagkakità sa ságing,</i><trans> The monkey jumped up and down in the cage upon seeing the banana. </trans></eg>
<eg><i lang=""ceb"">Naglumpayat ang irù sa huktanan pagkakità sa iring,</i><trans> The dog jumped up and down tugging against his leash upon seeing the cat.
</trans></eg>
</sense></hom></entry>");
INSERT INTO `wced_head` (entryid, head, normalized_head, type, pos) VALUES (11709, "lumpayat", "lumpayat", "m", "v");
INSERT INTO `wced_entry` VALUES (11710, "lumpi, lumping", "641", "<entry page=""641"" id=""11710""><form id=""lumpiq_lumping"" lang=""ceb"">lumpì, lumping</form>
<hom role=""a""><pos>a</pos>
<sense n=""0""><trans> <tr>dented</tr>, having a dent. </trans>
</sense></hom>
<hom role=""v""><pos>v</pos>
<sense n=""0""> <itype>[A3P; a]</itype><trans> <tr>dent</tr>. </trans>
<eg><i lang=""ceb"">Ayawg lumpínga ang táru nga igbabaligyà,</i><trans> Don’t dent the kerosene can we’re planning to sell. </trans></eg>
<eg><i lang=""ceb"">Lumpíngi ang kílid sa láta,</i><trans> Make a dent in the side of the can. </trans></eg>
</sense></hom>
<hom role=""n""><pos>n</pos>
<sense n=""0""><trans> <tr>dent</tr>.
</trans>
</sense></hom></entry>");
INSERT INTO `wced_head` (entryid, head, normalized_head, type, pos) VALUES (11710, "lumpì", "lumpi", "s", "avn");
INSERT INTO `wced_head` (entryid, head, normalized_head, type, pos) VALUES (11710, "lumping", "lumping", "s", "avn");
INSERT INTO `wced_translation` (entryid, translation) VALUES (11710, "dented");
INSERT INTO `wced_translation` (entryid, translation) VALUES (11710, "dent");
INSERT INTO `wced_entry` VALUES (11711, "lumpiya", "641", "<entry page=""641"" id=""11711""><form id=""lumpiyaq"" lang=""ceb"">lumpiyà</form>
<hom role=""n""><pos>n</pos>
<sense n=""0""><trans> <tr>egg roll</tr>, a dish consisting of a thin pancake filled with sauteed meat and vegetables. </trans>
</sense></hom>
<entry><form id=""lumpiyaq_nga_prisku"" lang=""ceb""><abbr expan=""lumpiyà"">—</abbr> nga prisku</form>
<hom>
<sense n=""0""><trans> an egg roll with the pancake soft and pliant. </trans>
</sense></hom></entry>
<entry><form id=""lumpiyaq_nga_prixtu"" lang=""ceb""><abbr expan=""lumpiyà"">—</abbr> nga prítu</form>
<hom>
<sense n=""0""><trans> an egg roll with the pancake fried crisp. </trans>
</sense></hom>
<hom role=""v""><pos>v</pos>
<sense n=""0""> <itype>[A; ac]</itype><trans> have, make egg rolls.
</trans>
</sense></hom></entry></entry>");
INSERT INTO `wced_head` (entryid, head, normalized_head, type, pos) VALUES (11711, "lumpiyà", "lumpiya", "m", "n");
INSERT INTO `wced_head` (entryid, head, normalized_head, type, pos) VALUES (11711, "lumpiyà nga prisku", "lumpiya nga prisku", "s", "");
INSERT INTO `wced_head` (entryid, head, normalized_head, type, pos) VALUES (11711, "lumpiyà nga prítu", "lumpiya nga pritu", "s", "v");
INSERT INTO `wced_translation` (entryid, translation) VALUES (11711, "egg roll");
INSERT INTO `wced_entry` VALUES (11712, "lumpu", "641", "<entry page=""641"" id=""11712""><form id=""lumpu"" lang=""ceb"">lumpu</form>
<hom role=""v""><pos>v</pos>
<sense n=""0""> <itype>[B126; a4]</itype><trans> feel tired and sleepy after taking a swim. </trans>
<eg><i lang=""ceb"">Gilumpu (nalumpu) ang bátà human malígù,</i><trans> The child felt tired and sleepy after taking a swim.
</trans></eg>
</sense></hom></entry>");
INSERT INTO `wced_head` (entryid, head, normalized_head, type, pos) VALUES (11712, "lumpu", "lumpu", "m", "v");
INSERT INTO `wced_entry` VALUES (11713, "lumpu", "641", "<entry page=""641"" id=""11713""><form id=""lumpuq"" lang=""ceb"">lumpù</form>
<hom role=""a""><pos>a</pos>
<sense n=""0""><trans> <tr>lame</tr>, <tr>cripple</tr>. </trans>
<eg><i lang=""ceb"">Dì siya makalakaw kay lumpù,</i><trans> He can’t walk because he is lame. </trans></eg>
</sense></hom>
<hom role=""v""><pos>v</pos>
<sense n=""0""> <itype>[B12; b5]</itype><trans> be, become lame.
</trans>
</sense></hom></entry>");
INSERT INTO `wced_head` (entryid, head, normalized_head, type, pos) VALUES (11713, "lumpù", "lumpu", "m", "av");
INSERT INTO `wced_translation` (entryid, translation) VALUES (11713, "lame");
INSERT INTO `wced_translation` (entryid, translation) VALUES (11713, "cripple");
INSERT INTO `wced_entry` VALUES (11714, "lumpung", "641", "<entry page=""641"" id=""11714""><form id=""lumpung"" lang=""ceb"">lumpung</form>
<hom role=""v""><pos>v</pos>
<sense n=""0""> <itype>[AC3; a]</itype><trans> </trans>
</sense>
<sense n=""1""><number>1</number><trans> for s.t. concave to fit or be made to fit snugly in s.t. else convex. </trans>
<eg><i lang=""ceb"">Lumpúnga ang mga básu arun sayun dad-un,</i><trans> <pb n=""642""/>Put the glasses inside of one another to make them easy to carry. </trans></eg>
<eg><i lang=""ceb"">Ilumpung ning basurahan sa láin,</i><trans> Put this trash can on top of the other. </trans></eg>
</sense>
<sense n=""2""><number>2</number><trans> for two or more things to be or to take place at the same time when they should not be overlapping. </trans>
<eg><i lang=""ceb"">Lisud nang maglumpung átung uyab kay gastu,</i><trans> It’s hard to have several girl friends at the same time because it’s expensive. </trans></eg>
<eg><i lang=""ceb"">Bísag lumpúngun mung duha, káya gihápun mu nákù,</i><trans> Even if it’s two against one, I can still beat you.
</trans></eg>
</sense></hom></entry>");
INSERT INTO `wced_head` (entryid, head, normalized_head, type, pos) VALUES (11714, "lumpung", "lumpung", "m", "v");
INSERT INTO `wced_entry` VALUES (11715, "lumput", "642", "<entry page=""642"" id=""11715""><form id=""lumput"" lang=""ceb"">lumput</form>
<hom role=""n""><pos>n</pos>
<sense n=""0""><trans> home-woven cloth of a checkered design and with a plain weave. </trans>
</sense></hom>
<hom role=""v""><pos>v</pos>
<sense n=""0""> <itype>[A13]</itype><trans> wear clothing of this weave.
</trans>
</sense></hom></entry>");
INSERT INTO `wced_head` (entryid, head, normalized_head, type, pos) VALUES (11715, "lumput", "lumput", "m", "nv");
INSERT INTO `wced_entry` VALUES (11716, "lumu", "642", "<entry page=""642"" id=""11716""><form id=""lumu"" lang=""ceb"">lumu</form>
<hom role=""a""><pos>a</pos>
<sense n=""0""><trans> <tr>tender</tr>, gentle in personality. </trans>
<eg><i lang=""ceb"">Lumu nga kasingkásing ni Hisus,</i><trans> Jesus’ tender heart. </trans></eg>
</sense></hom>
<hom role=""v""><pos>v</pos>
<sense n=""0""> <itype>[B2; b6]</itype><trans> become gentle, tender. </trans>
<eg><i lang=""ceb"">Nagkalumu íyang tíngug samtang nagkabugnaw ang íyang kasukù,</i><trans> His voice got gentler as his anger cooled off. </trans></eg>
</sense></hom>
<entry><form id=""luxmu"" lang=""ceb""><abbr expan=""lúmu"">(←)</abbr></form>
<hom role=""n""><pos>n</pos>
<sense n=""0""><trans> tenderloin cut of meat. </trans>
</sense></hom></entry>
<entry><form id=""malumu"" lang=""ceb""><abbr expan=""malumu"">ma-</abbr></form>
<hom>
<sense n=""0""><trans> <xr lang=""ceb"" target=""#lumu"">= <sc>lumu</sc>, <i lang=""ceb"">a</i>.</xr>
</trans>
</sense></hom></entry></entry>");
INSERT INTO `wced_head` (entryid, head, normalized_head, type, pos) VALUES (11716, "lumu", "lumu", "m", "av");
INSERT INTO `wced_head` (entryid, head, normalized_head, type, pos) VALUES (11716, "lúmu", "lumu", "s", "n");
INSERT INTO `wced_head` (entryid, head, normalized_head, type, pos) VALUES (11716, "malumu", "malumu", "s", "");
INSERT INTO `wced_translation` (entryid, translation) VALUES (11716, "tender");
INSERT INTO `wced_entry` VALUES (11717, "lumu", "642", "<entry page=""642"" id=""11717""><form id=""luxmuq"" lang=""ceb"">lúmù</form>
<hom role=""v""><pos>v</pos>
<sense n=""0""> <itype>[A; a1]</itype><trans> crush s.t. out of shape without breaking it. </trans>
<eg><i lang=""ceb"">Nalúmù ang munyíkang ákung natumban,</i><trans> The plastic doll that I stepped on got crushed out of shape. </trans></eg>
<eg><i lang=""ceb"">Ayaw lumúa nang láta kay ákung gamítun,</i><trans> Don’t crush that can because I’m going to use it.
</trans></eg>
</sense></hom></entry>");
INSERT INTO `wced_head` (entryid, head, normalized_head, type, pos) VALUES (11717, "lúmù", "lumu", "m", "v");
INSERT INTO `wced_entry` VALUES (11718, "lumud", "642", "<entry page=""642"" id=""11718""><form id=""lumud"" lang=""ceb"">lumud</form>
<hom role=""n""><pos>n</pos>
<sense n=""0""><trans> k.o. porpoise.
</trans>
</sense></hom></entry>");
INSERT INTO `wced_head` (entryid, head, normalized_head, type, pos) VALUES (11718, "lumud", "lumud", "m", "n");
INSERT INTO `wced_entry` VALUES (11719, "lumud", "642", "<entry page=""642"" id=""11719""><form id=""luxmud"" lang=""ceb"">lúmud</form>
<hom role=""v""><pos>v</pos>
<sense n=""0""> <itype>[A2C; c1]</itype><trans> </trans>
</sense>
<sense n=""1""><number>1</number><trans> be together with s.o. in a place designed for one. </trans>
<eg><i lang=""ceb"">Naglúmud silang tulu sa gamayng katri,</i><trans> The three of them slept together in a small bed. </trans></eg>
</sense>
<sense n=""2""><number>2</number><trans> stay with s.o. in the same house. </trans>
<eg><i lang=""ceb"">Nakalúmud ku níla ug unum ka búlan,</i><trans> I have lived with them for six months.
</trans></eg>
</sense></hom></entry>");
INSERT INTO `wced_head` (entryid, head, normalized_head, type, pos) VALUES (11719, "lúmud", "lumud", "m", "v");
INSERT INTO `wced_entry` VALUES (11720, "lumuk", "642", "<entry page=""642"" id=""11720""><form id=""lumuk"" lang=""ceb"">lumuk</form>
<hom role=""a""><pos>a</pos>
<sense n=""0""><trans> for the hair to be oily after oil has been applied to it. </trans>
</sense></hom>
<hom role=""v""><pos>v</pos>
<sense n=""0""> <itype>[B; a]</itype><trans> be, become oily. </trans>
<eg><i lang=""ceb"">Ákung lumukun ímung buhuk sa hisù kay ákung hingut-an,</i><trans> I’ll put lots of hair oil in your hair to get rid of the lice.
</trans></eg>
</sense></hom></entry>");
INSERT INTO `wced_head` (entryid, head, normalized_head, type, pos) VALUES (11720, "lumuk", "lumuk", "m", "av");
INSERT INTO `wced_entry` VALUES (11721, "lumun", "642", "<entry page=""642"" id=""11721""><form id=""luxmun"" lang=""ceb"">lúmun</form>
<hom role=""v""><pos>v</pos>
<sense n=""1""><number>1</number> <itype>[AC; c]</itype><trans> live, keep together. </trans>
<eg><i lang=""ceb"">Milúmun ang bátang ílu sa íyang tiyù,</i><trans> The orphaned child went to live with his uncle. </trans></eg>
<eg><i lang=""ceb"">Naglúmun sila bísag wà pa makasal,</i><trans> They lived together even though they weren’t married. </trans></eg>
<eg><i lang=""ceb"">Ayg ilúmun ang dunut nga mangga sa mga maáyu</i><trans>, Don’t put the rotten mangoes together with the good ones. </trans></eg>
</sense>
<sense n=""2""><number>2</number> <itype>[A; a12]</itype><trans> crumple or roll up a piece of cloth into a ball. </trans>
<eg><i lang=""ceb"">Naglúmun siyag nuug íyang gihímung tutuytútuy,</i><trans> She made a ball out of the cloth to make a false breast.
</trans></eg>
</sense></hom></entry>");
INSERT INTO `wced_head` (entryid, head, normalized_head, type, pos) VALUES (11721, "lúmun", "lumun", "m", "v");
INSERT INTO `wced_entry` VALUES (11722, "lumung", "642", "<entry page=""642"" id=""11722""><form id=""luxmung"" lang=""ceb"">lúmung</form>
<hom role=""v""><pos>v</pos>
<sense n=""0""> <itype>[A13; b6]</itype><trans> for water to collect and form a pool. </trans>
<eg><i lang=""ceb"">Naglúmung ang túbig sa tugkaran kay way kagwaan,</i><trans> The water formed a pool in the front yard because there was no way for it to exit.
</trans></eg>
</sense></hom></entry>");
INSERT INTO `wced_head` (entryid, head, normalized_head, type, pos) VALUES (11722, "lúmung", "lumung", "m", "v");
INSERT INTO `wced_entry` VALUES (11723, "lumus1", "642", "<entry page=""642"" id=""11723""><form id=""lumus"" lang=""ceb"">lumus<sub>1</sub></form>
<hom role=""v""><pos>v</pos>
<sense n=""1""><number>1</number> <itype>[AB16; b1]</itype><trans> <tr>drown</tr>, get drowned. </trans>
<eg><i lang=""ceb"">Naglumus siya kay nadispirádu,</i><trans> She drowned herself because she got frustrated in love. </trans></eg>
<eg><i lang=""ceb"">Gidaghanun sa tubà nga makalumus (makapalumus),</i><trans> Enough toddy to drown you. </trans></eg>
<eg><i lang=""ceb"">Lumsan tikaw sa subà, animála ka,</i><trans> I’ll drown you in the river, you beast! </trans></eg>
<eg><i lang=""ceb"">Subang nalumsan níya,</i><trans> The river he drowned in. </trans></eg>
</sense>
<sense n=""1a""><number>1a</number> <form id=""lumus_sa_sabaw"" lang=""ceb""><abbr expan=""lumus"">—</abbr> sa sabaw</form><trans> </trans>
</sense></hom>
<hom role=""v""><pos>v</pos>
<sense n=""0""> <itype>[B1256]</itype><trans> disappear into thin air (usually said of a father deserting a family). </trans>
<eg><i lang=""ceb"">Nalumus sa sabaw ang amahan niíning batáa,</i><trans> The father of this child disappeared into thin air. </trans></eg>
</sense>
<sense n=""2""><number>2</number> <itype>[B1256]</itype><trans> for an engine to get flooded with fuel. </trans>
<eg><i lang=""ceb"">Dì muandar ang makina kay nalumus,</i><trans> The engine won’t start because it’s flooded. </trans></eg>
</sense>
<sense n=""3""><number>3</number> <itype>[B126]</itype><trans> suffocate, choke in an embrace. </trans>
<eg><i lang=""ceb"">Hápit ku malumus sa íyang gakus,</i><trans> I almost suffocated to death in her embrace. </trans></eg>
</sense>
<sense n=""4""><number>4</number> <itype>[A2; b(1)]</itype><trans> overwhelm with feelings. </trans>
<eg><i lang=""ceb"">Kaguul nga milumus sa kasingkásing,</i><trans> A heart drowned in grief.
</trans></eg>
</sense></hom></entry>");
INSERT INTO `wced_head` (entryid, head, normalized_head, type, pos) VALUES (11723, "lumus", "lumus", "s", "vv");
INSERT INTO `wced_head` (entryid, head, normalized_head, type, pos) VALUES (11723, "lumus sa sabaw", "lumus sa sabaw", "s", "");
INSERT INTO `wced_translation` (entryid, translation) VALUES (11723, "drown");
INSERT INTO `wced_entry` VALUES (11724, "lumus2", "642", "<entry page=""642"" id=""11724""><form id=""lumus2"" lang=""ceb"">lumus<sub>2</sub></form>
<hom>
<sense n=""0""><trans> <xr lang=""ceb"" target=""#ung-ung"">= <sc>ung-ung</sc>, <i lang=""ceb"">n1.</i></xr>
</trans>
</sense></hom></entry>");
INSERT INTO `wced_head` (entryid, head, normalized_head, type, pos) VALUES (11724, "lumus", "lumus", "s", "");
INSERT INTO `wced_entry` VALUES (11725, "lumut", "642", "<entry page=""642"" id=""11725""><form id=""luxmut"" lang=""ceb"">lúmut</form>
<hom role=""n""><pos>n</pos>
<sense n=""0""><trans> general term for <tr>lichens</tr> or <tr>algae</tr> of the sort that attach themselves. </trans>
</sense></hom>
<hom role=""v""><pos>v</pos>
<sense n=""0""> <itype>[b4]</itype><trans> </trans>
</sense>
<sense n=""1""><number>1</number><trans> be covered with moss or seaweed. </trans>
<eg><i lang=""ceb"">Gilumútan ang lubut sa tangki,</i><trans> The water tank is covered with algae on the bottom. </trans></eg>
</sense>
<sense n=""2""><number>2</number><trans> be left idle (until moss covers it). </trans>
<eg><i lang=""ceb"">Gilumútan na lang siya, dága lang gihápun,</i><trans> The years have come and gone, but she remains single. </trans></eg>
</sense></hom>
<entry><form id=""lumuxtun"" lang=""ceb""><abbr expan=""lumútun"">-un</abbr></form>
<hom role=""a""><pos>a</pos>
<sense n=""0""><trans> covered with moss or green seaweeds. </trans>
</sense></hom></entry>
<entry><form id=""lumutlumut"" lang=""ceb"">lumutlumut</form>
<hom role=""n""><pos>n</pos>
<sense n=""0""><trans> tiny lichens which grow on the trunks of palms and other trees, or on the sides of water containers not cleaned, greenish in color.
</trans>
</sense></hom></entry></entry>");
INSERT INTO `wced_head` (entryid, head, normalized_head, type, pos) VALUES (11725, "lúmut", "lumut", "m", "nv");
INSERT INTO `wced_head` (entryid, head, normalized_head, type, pos) VALUES (11725, "lumútun", "lumutun", "s", "a");
INSERT INTO `wced_head` (entryid, head, normalized_head, type, pos) VALUES (11725, "lumutlumut", "lumutlumut", "s", "n");
INSERT INTO `wced_translation` (entryid, translation) VALUES (11725, "lichens");
INSERT INTO `wced_translation` (entryid, translation) VALUES (11725, "algae");
INSERT INTO `wced_entry` VALUES (11726, "lumuy, lumuy", "642", "<entry page=""642"" id=""11726""><form id=""lumuy_luxmuy"" lang=""ceb"">lumuy, lúmuy</form>
<hom role=""a""><pos>a</pos>
<sense n=""0""><trans> soft and delicate, not rigid. </trans>
<eg><i lang=""ceb"">Lúmuy (lumuy) ang buktun sa way trabáhu,</i><trans> One who doesn’t work has soft arms. </trans></eg>
<eg><i lang=""ceb"">Lumuy nga tsíku,</i><trans> A soft sapodilla. </trans></eg>
</sense></hom>
<hom role=""v""><pos>v</pos>
<sense n=""1""><number>1</number> <itype>[B2; b6]</itype><trans> become soft and delicate, not rigid. </trans>
</sense>
<sense n=""2""><number>2</number> <itype>[BN26]</itype><trans> become momentarily weak on experiencing a great emotion. </trans>
<eg><i lang=""ceb"">Nalúmuy ku pagkabatì nákung nakadaug ku sa swipstik,</i><trans> My legs gave way when I heard that I won the sweepstakes. </trans></eg>
</sense></hom>
<entry><form id=""lumuy"" lang=""ceb""><abbr expan=""lumuy"">(→)</abbr></form>
<hom role=""n""><pos>n</pos>
<sense n=""0""><trans> a breed of pigs that easily grows fat, and with soft and thin skin. </trans>
</sense></hom></entry>
<entry><form id=""lumyan"" lang=""ceb"">lumyan</form>
<hom role=""n""><pos>n</pos>
<sense n=""0""><trans> variety of jackfruit (<ix>nangkà</ix>) the flesh of which is soft, sweet, and juicy with no dry pulp.
</trans>
</sense></hom></entry></entry>");
INSERT INTO `wced_head` (entryid, head, normalized_head, type, pos) VALUES (11726, "lumuy", "lumuy", "s", "av");
INSERT INTO `wced_head` (entryid, head, normalized_head, type, pos) VALUES (11726, "lúmuy", "lumuy", "s", "av");
INSERT INTO `wced_head` (entryid, head, normalized_head, type, pos) VALUES (11726, "lumyan", "lumyan", "s", "n");
INSERT INTO `wced_entry` VALUES (11727, "lun1", "642", "<entry page=""642"" id=""11727""><form id=""luxn"" lang=""ceb"">lún<sub>1</sub></form>
<hom role=""n""><pos>n</pos>
<sense n=""0""><trans> <tr>lawn</tr>. </trans>
</sense></hom>
<entry><form id=""lunmaxwir"" lang=""ceb""><abbr expan=""lunmáwir"">-máwir</abbr></form>
<hom>
<sense n=""0""><trans> <tr>lawn mower</tr>. </trans>
</sense></hom>
<hom role=""v""><pos>v</pos>
<sense n=""0""> <itype>[A; a2]</itype><trans> cut the grass with a lawn mower. </trans>
<eg><i lang=""ceb"">Nindut nag lún kay ákung gilunmáwir,</i><trans> The lawn looks good now because I mowed it.
</trans></eg>
</sense></hom></entry></entry>");
INSERT INTO `wced_head` (entryid, head, normalized_head, type, pos) VALUES (11727, "lún", "lun", "s", "n");
INSERT INTO `wced_head` (entryid, head, normalized_head, type, pos) VALUES (11727, "lunmáwir", "lunmawir", "s", "v");
INSERT INTO `wced_translation` (entryid, translation) VALUES (11727, "lawn");
INSERT INTO `wced_translation` (entryid, translation) VALUES (11727, "lawn mower");
INSERT INTO `wced_entry` VALUES (11728, "lun2", "642", "<entry page=""642"" id=""11728""><form id=""luxn2"" lang=""ceb"">lún<sub>2</sub></form>
<hom role=""n""><pos>n</pos>
<sense n=""0""><trans> <tr>loan</tr> money from the bank. </trans>
</sense></hom>
<hom role=""v""><pos>v</pos>
<sense n=""0""> <itype>[A; b6]</itype><trans> loan from the bank. </trans>
<eg><i lang=""ceb"">Unsang bangkúha ang ímung gilúnan?</i><trans> What bank did you get your loan from?
</trans></eg>
</sense></hom></entry>");
INSERT INTO `wced_head` (entryid, head, normalized_head, type, pos) VALUES (11728, "lún", "lun", "s", "nv");
INSERT INTO `wced_translation` (entryid, translation) VALUES (11728, "loan");
INSERT INTO `wced_entry` VALUES (11729, "-l-un", "642", "<entry page=""642"" id=""11729""><form id=""x-l-un"" lang=""ceb"">-l-un</form>
<hom>
<sense n=""0""><trans> alternant for <ix>-unun</ix>, added to almost all the bases to which <ix>-unun</ix> is added, usually <pb n=""643""/>with no difference in meaning from <ix>-unun</ix>. </trans>
<eg><i lang=""ceb"">Kalan-un,</i><trans> Things to eat. </trans></eg>
<eg><i lang=""ceb"">Palalítun,</i><trans> Things to buy.
</trans></eg>
</sense></hom></entry>");
INSERT INTO `wced_head` (entryid, head, normalized_head, type, pos) VALUES (11729, "-l-un", "-l-un", "m", "");
INSERT INTO `wced_entry` VALUES (11730, "luna", "643", "<entry page=""643"" id=""11730""><form id=""luxna"" lang=""ceb"">lúna</form>
<hom role=""n""><pos>n</pos>
<sense n=""0""><trans> <tr>canvas</tr>. </trans>
<eg><i lang=""ceb"">Ang tulda hinímù sa lúna,</i><trans> The tent is made of canvas.
</trans></eg>
</sense></hom></entry>");
INSERT INTO `wced_head` (entryid, head, normalized_head, type, pos) VALUES (11730, "lúna", "luna", "m", "n");
INSERT INTO `wced_translation` (entryid, translation) VALUES (11730, "canvas");
INSERT INTO `wced_entry` VALUES (11731, "luna", "643", "<entry page=""643"" id=""11731""><form id=""lunaq"" lang=""ceb"">lunà</form>
<hom role=""n""><pos>n</pos>
<sense n=""0""><trans> <tr>vacant place</tr> or area; piece of land. </trans>
<eg><i lang=""ceb"">Dúna pay lunà sa yútà nga kabalayan,</i><trans> There is still space on the land to build a house. </trans></eg>
<eg><i lang=""ceb"">May lunà pa ba ku sa ímung kasingkásing?</i><trans> Do I still have a place in your heart? </trans></eg>
</sense></hom>
<entry><form id=""hilunaq_halunaq"" lang=""ceb""><abbr expan=""hilunà"">hi-</abbr>/<abbr expan=""halunà"">ha-</abbr></form>
<hom role=""v""><pos>v</pos>
<sense n=""0""> <itype>[B1256]</itype><trans> happen to be in a position. </trans>
</sense></hom></entry>
<entry><form id=""hiluxnaq_haluxnaq"" lang=""ceb""><abbr expan=""hilúnà"">hi-</abbr>/<abbr expan=""halúnà"">ha-(←)</abbr></form>
<hom role=""v""><pos>v</pos>
<sense n=""0""> <itype>[B1256]</itype><trans> </trans>
</sense>
<sense n=""1""><number>1</number><trans> be settled down to a place or position. </trans>
<eg><i lang=""ceb"">Dì ku mubalhin ug lingkuránan kay nahilúnà na ku diri,</i><trans> I won’t move to another seat because I am already settled here. </trans></eg>
</sense>
<sense n=""2""><number>2</number><trans> be at ease, not restless or nervous. </trans>
<eg><i lang=""ceb"">Wà siya mahilúnà nga nagpaábut sa nanganak níyang asáwa,</i><trans> He couldn’t sit still waiting for his wife to have her baby. </trans></eg>
</sense></hom></entry>
<entry><form id=""pahiluxnaq_pahaluxnaq"" lang=""ceb""><abbr expan=""pahilúnà"">pahi-</abbr>/<abbr expan=""pahalúnà"">paha-(←)</abbr></form>
<hom role=""v""><pos>v</pos>
<sense n=""0""> <itype>[A; c]</itype><trans> </trans>
</sense>
<sense n=""1""><number>1</number><trans> put oneself or s.t. in proper or convenient position. </trans>
<eg><i lang=""ceb"">Mipahilúnà siyag lingkud únà musúgud ug káun,</i><trans> He seated himself properly before he started to eat. </trans></eg>
<eg><i lang=""ceb"">Ipahilúnag maáyu ang karga sa bisiklíta,</i><trans> Put the load on the bicycle securely. </trans></eg>
</sense>
<sense n=""2""><number>2</number><trans> accommodate s.o. in a good position or job. </trans>
<eg><i lang=""ceb"">Ang manínuy níyang kunsihal mauy nagpahilúna níya sa sitihul,</i><trans> Her godfather, who was a councilor, got her a job in City Hall.
</trans></eg>
</sense></hom></entry></entry>");
INSERT INTO `wced_head` (entryid, head, normalized_head, type, pos) VALUES (11731, "lunà", "luna", "m", "n");
INSERT INTO `wced_head` (entryid, head, normalized_head, type, pos) VALUES (11731, "hilunà", "hiluna", "s", "v");
INSERT INTO `wced_head` (entryid, head, normalized_head, type, pos) VALUES (11731, "halunà", "haluna", "s", "v");
INSERT INTO `wced_head` (entryid, head, normalized_head, type, pos) VALUES (11731, "hilúnà", "hiluna", "s", "v");
INSERT INTO `wced_head` (entryid, head, normalized_head, type, pos) VALUES (11731, "halúnà", "haluna", "s", "v");
INSERT INTO `wced_head` (entryid, head, normalized_head, type, pos) VALUES (11731, "pahilúnà", "pahiluna", "s", "v");
INSERT INTO `wced_head` (entryid, head, normalized_head, type, pos) VALUES (11731, "pahalúnà", "pahaluna", "s", "v");
INSERT INTO `wced_translation` (entryid, translation) VALUES (11731, "vacant place");
INSERT INTO `wced_entry` VALUES (11732, "luna dimiyil", "643", "<entry page=""643"" id=""11732""><form id=""luxna_dimiyil"" lang=""ceb"">lúna dimiyil</form>
<hom role=""n""><pos>n</pos>
<sense n=""0""><trans> <tr>honeymoon</tr>. </trans>
</sense></hom>
<hom role=""v""><pos>v</pos>
<sense n=""0""> <itype>[A; b6(1)]</itype><trans> have a honeymoon.
</trans>
</sense></hom></entry>");
INSERT INTO `wced_head` (entryid, head, normalized_head, type, pos) VALUES (11732, "lúna dimiyil", "luna dimiyil", "m", "nv");
INSERT INTO `wced_translation` (entryid, translation) VALUES (11732, "honeymoon");
INSERT INTO `wced_entry` VALUES (11733, "lunag", "643", "<entry page=""643"" id=""11733""><form id=""lunag"" lang=""ceb"">lunag</form>
<hom role=""v""><pos>v</pos>
<sense n=""0""> <itype>[A2]</itype><trans> for the results of bad behavior to come out. </trans>
<eg><i lang=""ceb"">Milunag na giyud ang kalaag ánang bayhána. Gipamabdúsan,</i><trans> Now that woman’s propensity for gadding about has borne fruit. She got herself pregnant.
</trans></eg>
</sense></hom></entry>");
INSERT INTO `wced_head` (entryid, head, normalized_head, type, pos) VALUES (11733, "lunag", "lunag", "m", "v");
INSERT INTO `wced_entry` VALUES (11734, "lunang", "643", "<entry page=""643"" id=""11734""><form id=""luxnang"" lang=""ceb"">lúnang</form>
<hom role=""v""><pos>v</pos>
<sense n=""1""><number>1</number> <itype>[A; b6]</itype><trans> <tr>wallow</tr>. </trans>
<eg><i lang=""ceb"">Naglúnang ang gibunù sa kaugalíngung dugù,</i><trans> The murder victim is wallowing in his own blood. </trans></eg>
<eg><i lang=""ceb"">Ang gilunángan sa kábaw,</i><trans> The place the carabao wallows. </trans></eg>
</sense>
<sense n=""2""><number>2</number> <itype>[A]</itype><trans> be in a bad state to an excessive degree. </trans>
<eg><i lang=""ceb"">Ang kalibútan nga naglúnang sa kasal-ánan,</i><trans> The world that is wallowing in sin. </trans></eg>
<eg><i lang=""ceb"">Ang katawhan nga naglúnang sa katimáwà,</i><trans> People wallowing in poverty. </trans></eg>
</sense></hom>
<entry><form id=""luhangan"" lang=""ceb""><abbr expan=""luhangan"">-an(→)</abbr></form>
<hom role=""n""><pos>n</pos>
<sense n=""0""><trans> mud pool for the water buffalo to wallow in.
</trans>
</sense></hom></entry></entry>");
INSERT INTO `wced_head` (entryid, head, normalized_head, type, pos) VALUES (11734, "lúnang", "lunang", "m", "v");
INSERT INTO `wced_head` (entryid, head, normalized_head, type, pos) VALUES (11734, "luhangan", "luhangan", "s", "n");
INSERT INTO `wced_translation` (entryid, translation) VALUES (11734, "wallow");
INSERT INTO `wced_entry` VALUES (11735, "lunas", "643", "<entry page=""643"" id=""11735""><form id=""lunas"" lang=""ceb"">lunas</form>
<hom role=""n""><pos>n</pos>
<sense n=""0""><trans> k.o. smooth bamboo with a yellowish-green trunk: <bio>Bambusa vulgaris</bio>.
</trans>
</sense></hom></entry>");
INSERT INTO `wced_head` (entryid, head, normalized_head, type, pos) VALUES (11735, "lunas", "lunas", "m", "n");
INSERT INTO `wced_entry` VALUES (11736, "lun-as", "643", "<entry page=""643"" id=""11736""><form id=""lun-as"" lang=""ceb"">lun-as</form>
<hom role=""v""><pos>v</pos>
<sense n=""0""> <itype>[B12]</itype><trans> for plants or flowers to become withered, faded, or dried up. </trans>
<eg><i lang=""ceb"">Ang kaínit mauy nakalun-as (nakapalun-as) sa mga rúsas,</i><trans> The hot sun caused the rose plants to wither and dry up. </trans></eg>
<eg><i lang=""ceb"">Ilísi ang mga búlak nga nagkalun-as na,</i><trans> Replace those flowers since they are withering and fading.
</trans></eg>
</sense></hom></entry>");
INSERT INTO `wced_head` (entryid, head, normalized_head, type, pos) VALUES (11736, "lun-as", "lun-as", "m", "v");
INSERT INTO `wced_entry` VALUES (11737, "lunaw", "643", "<entry page=""643"" id=""11737""><form id=""lunaw"" lang=""ceb"">lunaw</form>
<hom role=""v""><pos>v</pos>
<sense n=""0""> <itype>[A; b6]</itype><trans> cook chopped sweet potatoes with water. </trans>
<eg><i lang=""ceb"">Maglunaw ku áring kamúti pára miryinda,</i><trans> I’ll boil chopped up sweet potatoes for my afternoon snack. </trans></eg>
</sense></hom>
<hom role=""n""><pos>n</pos>
<sense n=""0""><trans> chopped, boiled sweet potatoes. </trans>
</sense></hom>
<entry><form id=""linunaw"" lang=""ceb""><abbr expan=""linunaw"">-in-</abbr></form>
<hom>
<sense n=""0""><trans> <xr lang=""ceb"" target=""#lunaw"">= <sc>lunaw</sc>, <i lang=""ceb"">n</i>.</xr>
</trans>
</sense></hom></entry></entry>");
INSERT INTO `wced_head` (entryid, head, normalized_head, type, pos) VALUES (11737, "lunaw", "lunaw", "m", "vn");
INSERT INTO `wced_head` (entryid, head, normalized_head, type, pos) VALUES (11737, "linunaw", "linunaw", "s", "");
INSERT INTO `wced_entry` VALUES (11738, "lunay", "643", "<entry page=""643"" id=""11738""><form id=""lunay"" lang=""ceb"">lunay</form>
<hom role=""v""><pos>v</pos>
<sense n=""0""> <itype>[B2]</itype><trans> for pain or illness to subside. </trans>
<eg><i lang=""ceb"">Mulunay ang suul sa tiyan ug tambálan,</i><trans> The stomach ache will subside if you take medicine.
</trans></eg>
</sense></hom></entry>");
INSERT INTO `wced_head` (entryid, head, normalized_head, type, pos) VALUES (11738, "lunay", "lunay", "m", "v");
INSERT INTO `wced_entry` VALUES (11739, "lundag", "643", "<entry page=""643"" id=""11739""><form id=""lundag"" lang=""ceb"">lundag</form>
<hom role=""v""><pos>v</pos>
<sense n=""0""> <itype>[B; b]</itype><trans> sink to the bottom. </trans>
<eg><i lang=""ceb"">Manggáwas ta sa dì pa mulundag ang barku,</i><trans> Let’s go over the side before the boat sinks.
</trans></eg>
</sense></hom></entry>");
INSERT INTO `wced_head` (entryid, head, normalized_head, type, pos) VALUES (11739, "lundag", "lundag", "m", "v");
INSERT INTO `wced_entry` VALUES (11740, "lundris1", "643", "<entry page=""643"" id=""11740""><form id=""Lundris"" lang=""ceb"">Lundris<sub>1</sub></form>
<hom role=""n""><pos>n</pos>
<sense n=""0""><trans> <tr>London</tr>.
</trans>
</sense></hom></entry>");
INSERT INTO `wced_head` (entryid, head, normalized_head, type, pos) VALUES (11740, "Lundris", "lundris", "s", "n");
INSERT INTO `wced_translation` (entryid, translation) VALUES (11740, "London");
INSERT INTO `wced_entry` VALUES (11741, "lundris2", "643", "<entry page=""643"" id=""11741""><form id=""lundris2"" lang=""ceb"">lundris<sub>2</sub></form>
<hom>
<sense n=""0""><trans> <xr lang=""ceb"" target=""#alundris"">= <sc>alundris<sub>1</sub></sc>.</xr>
</trans>
</sense></hom></entry>");
INSERT INTO `wced_head` (entryid, head, normalized_head, type, pos) VALUES (11741, "lundris", "lundris", "s", "");
INSERT INTO `wced_entry` VALUES (11742, "lunduk1", "643", "<entry page=""643"" id=""11742""><form id=""lunduk"" lang=""ceb"">lunduk<sub>1</sub></form>
<hom role=""v""><pos>v</pos>
<sense n=""0""> <itype>[B345; b4]</itype><trans> for the wind to stop blowing. </trans>
<eg><i lang=""ceb"">Human sa bagyu milunduk ang hángin,</i><trans> The wind stopped blowing after the storm. </trans></eg>
<eg><i lang=""ceb"">Gilundúkan mi sa hángin sa lawud,</i><trans> We were becalmed in the middle of the sea.
</trans></eg>
</sense></hom></entry>");
INSERT INTO `wced_head` (entryid, head, normalized_head, type, pos) VALUES (11742, "lunduk", "lunduk", "s", "v");
INSERT INTO `wced_entry` VALUES (11743, "lunduk2", "643", "<entry page=""643"" id=""11743""><form id=""lunduk2"" lang=""ceb"">lunduk<sub>2</sub></form>
<hom role=""v""><pos>v</pos>
<sense n=""0""> <itype>[AB3(1)6; a2]</itype><trans> for things usually soft and having length to fall, settle down gathering in a heap; cause them to do so. </trans>
<eg><i lang=""ceb"">Milunduk (nalunduk) sa salug ang kurtína pagkaputul sa higut,</i><trans> The curtain fell down in a heap on the floor when the string snapped. </trans></eg>
<eg><i lang=""ceb"">Siyay naglunduk sa mga bulingun sa suuk,</i><trans> She heaped the dirty clothes in the corner. </trans></eg>
</sense></hom>
<hom role=""n""><pos>n</pos>
<sense n=""0""><trans> k.o. affliction where part of the intestine settles down into the scrotum. </trans>
</sense></hom>
<hom role=""a""><pos>a</pos>
<sense n=""0""><trans> having a large scrotum due to such an affliction.
</trans>
</sense></hom></entry>");
INSERT INTO `wced_head` (entryid, head, normalized_head, type, pos) VALUES (11743, "lunduk", "lunduk", "s", "vna");
INSERT INTO `wced_entry` VALUES (11744, "lunga1", "643", "<entry page=""643"" id=""11744""><form id=""lunga"" lang=""ceb"">lunga<sub>1</sub></form>
<hom role=""n""><pos>n</pos>
<sense n=""0""><trans> <tr>sesame seeds</tr> used for tidbit decorations or flavoring on sweets: <bio>Sesamium orientale</bio>.
</trans>
</sense></hom></entry>");
INSERT INTO `wced_head` (entryid, head, normalized_head, type, pos) VALUES (11744, "lunga", "lunga", "s", "n");
INSERT INTO `wced_translation` (entryid, translation) VALUES (11744, "sesame seeds");
INSERT INTO `wced_entry` VALUES (11745, "lunga2, lunga", "643", "<entry page=""643"" id=""11745""><form id=""lunga2_lungaq"" lang=""ceb"">lunga<sub>2</sub>, lungà</form>
<hom role=""v""><pos>v</pos>
<sense n=""1""><number>1</number> <itype>[A2C23; b(1)]</itype><trans> give up doing s.t. which one had been doing with great expenditure of effort. </trans>
<eg><i lang=""ceb"">Wà siya mulungag pangítà sa nawálang anak,</i><trans> He didn’t give up in his search for the lost child. </trans></eg>
<eg><i lang=""ceb"">Ayaw siya lung-i (lunghi) ug sugsū́g hangtud muhílak,</i><trans> Don’t stop your relentless teasing until she cries. </trans></eg>
</sense>
<sense n=""2""><number>2</number> <itype>[B26]</itype><trans> stop from bothering, subside. </trans>
<eg><i lang=""ceb"">Mulunga lang ang íyang húbak kun mutumar siyag tambal,</i><trans> Her asthma attacks do not stop until she takes her medicine. </trans></eg>
</sense></hom>
<hom role=""a""><pos>a</pos>
<sense n=""0""><trans> not persisting in one’s work, working off and on. </trans>
</sense></hom>
<entry><form id=""lungaxan"" lang=""ceb""><abbr expan=""lungáan"">-an(←)</abbr></form>
<hom>
<sense n=""0""><trans> <xr lang=""ceb"" target=""#lungaq"">= <sc>lungà</sc>, <i lang=""ceb"">a</i>.</xr>
</trans>
</sense></hom></entry></entry>");
INSERT INTO `wced_head` (entryid, head, normalized_head, type, pos) VALUES (11745, "lunga", "lunga", "s", "va");
INSERT INTO `wced_head` (entryid, head, normalized_head, type, pos) VALUES (11745, "lungà", "lunga", "s", "va");
INSERT INTO `wced_head` (entryid, head, normalized_head, type, pos) VALUES (11745, "lungáan", "lungaan", "s", "");
INSERT INTO `wced_entry` VALUES (11746, "lungab", "643", "<entry page=""643"" id=""11746""><form id=""luxngab"" lang=""ceb"">lúngab</form>
<hom role=""n""><pos>n</pos>
<sense n=""0""><trans> <tr>cave</tr>, <tr>pit</tr>, or any large hole in the ground. </trans>
</sense></hom>
<hom role=""v""><pos>v</pos>
<sense n=""0""> <itype>[AB12; b]</itype><trans> dig a cave or pit, become one.
</trans>
</sense></hom></entry>");
INSERT INTO `wced_head` (entryid, head, normalized_head, type, pos) VALUES (11746, "lúngab", "lungab", "m", "nv");
INSERT INTO `wced_translation` (entryid, translation) VALUES (11746, "cave");
INSERT INTO `wced_translation` (entryid, translation) VALUES (11746, "pit");
INSERT INTO `wced_entry` VALUES (11747, "lungag", "643", "<entry page=""643"" id=""11747""><form id=""luxngag"" lang=""ceb"">lúngag</form>
<hom role=""v""><pos>v</pos>
<sense n=""0""> <itype>[A; b]</itype><trans> dig, <tr>bore a hole</tr>. </trans>
<eg><i lang=""ceb"">Maglúngag kug pára kumpus pit,</i><trans> I will dig a hole for a compost pit. </trans></eg>
<eg><i lang=""ceb"">Nalúngag ang atup nga nahulgan sa lubi,</i><trans> The roof got a hole in it after a coconut fell through it. </trans></eg>
<eg><i lang=""ceb"">Lungági ang láta sa litsi,</i><trans> Punch a hole in the milk can. </trans></eg>
</sense></hom>
<entry><form id=""lungag"" lang=""ceb""><abbr expan=""lungag"">(→)</abbr></form>
<hom role=""n""><pos>n</pos>
<sense n=""1""><number>1</number><trans> <tr>hole</tr>. </trans>
<eg><i lang=""ceb"">Lungag sa dágum,</i><trans> Eye of a needle. </trans></eg>
<eg><i lang=""ceb"">Lungag sa ilung,</i><trans> Nostrils. </trans></eg>
</sense>
<sense n=""2""><number>2</number><trans> <tr>vagina</tr> (euphemism).
<pb n=""644""/>
</trans>
</sense></hom></entry></entry>");
INSERT INTO `wced_head` (entryid, head, normalized_head, type, pos) VALUES (11747, "lúngag", "lungag", "m", "v");
INSERT INTO `wced_head` (entryid, head, normalized_head, type, pos) VALUES (11747, "lungag", "lungag", "s", "n");
INSERT INTO `wced_translation` (entryid, translation) VALUES (11747, "bore a hole");
INSERT INTO `wced_translation` (entryid, translation) VALUES (11747, "hole");
INSERT INTO `wced_translation` (entryid, translation) VALUES (11747, "vagina");
INSERT INTO `wced_entry` VALUES (11748, "lung-ag", "644", "<entry page=""644"" id=""11748""><form id=""lung-ag"" lang=""ceb"">lung-ag</form>
<hom role=""v""><pos>v</pos>
<sense n=""0""> <itype>[A; a]</itype><trans> boil rice or any carbohydrate until the product is cooked and dry. </trans>
<eg><i lang=""ceb"">Lung-ága nang ságing hilaw pára pamáhaw,</i><trans> Cook the green bananas for breakfast. </trans></eg>
</sense></hom>
<entry><form id=""linug-ag"" lang=""ceb""><abbr expan=""linug-ag"">-in-</abbr></form>
<hom role=""n""><pos>n</pos>
<sense n=""1""><number>1</number><trans> staple being cooked. </trans>
<eg><i lang=""ceb"">Sigáig linung-ag,</i><trans> Turn up the fire under the rice. </trans></eg>
</sense>
<sense n=""2""><number>2</number><trans> cereals or carbohydrates prepared by boiling, as opposed to any other way. </trans>
<eg><i lang=""ceb"">Linung-ag ságing palita ayaw nang minantikaan,</i><trans> Buy the cooked bananas, not the fried ones.
</trans></eg>
</sense></hom></entry></entry>");
INSERT INTO `wced_head` (entryid, head, normalized_head, type, pos) VALUES (11748, "lung-ag", "lung-ag", "m", "v");
INSERT INTO `wced_head` (entryid, head, normalized_head, type, pos) VALUES (11748, "linug-ag", "linug-ag", "s", "n");
INSERT INTO `wced_entry` VALUES (11749, "lungas", "644", "<entry page=""644"" id=""11749""><form id=""lungas"" lang=""ceb"">lungas</form>
<hom role=""a""><pos>a</pos>
<sense n=""1""><number>1</number><trans> given to much playing and moving around. </trans>
</sense>
<sense n=""2""><number>2</number><trans> for females to be lacking in modesty and proper restraint. </trans>
</sense></hom>
<hom role=""v""><pos>v</pos>
<sense n=""1""><number>1</number> <itype>[B; b6]</itype><trans> move, play around vigorously. </trans>
<eg><i lang=""ceb"">Ayaw mu palábig lungas kay mangadagmà unyà mu,</i><trans> Don’t keep running about; you might stumble and fall. </trans></eg>
<eg><i lang=""ceb"">Magkalungas giyud ang bátà samtang magtubù,</i><trans> A child gets to be terribly active as it grows bigger. </trans></eg>
</sense>
<sense n=""2""><number>2</number> <itype>[B12; b6]</itype><trans> for females to become wanting in modesty and proper restraint. </trans>
<eg><i lang=""ceb"">Nalungas ílang anak kay nagpúnayg kuyugkúyug ánang hustis,</i><trans> Their daughter started to be immodest in her behavior because of her association with that hostess.
</trans></eg>
</sense></hom></entry>");
INSERT INTO `wced_head` (entryid, head, normalized_head, type, pos) VALUES (11749, "lungas", "lungas", "m", "av");
INSERT INTO `wced_entry` VALUES (11750, "lungay", "644", "<entry page=""644"" id=""11750""><form id=""lungay"" lang=""ceb"">lungay</form>
<hom role=""a""><pos>a</pos>
<sense n=""1""><number>1</number><trans> <tr>drooping</tr>, <tr>hanging loosely</tr>. </trans>
<eg><i lang=""ceb"">Ang puya lungay ug líug,</i><trans> A very young baby can’t hold its head up. </trans></eg>
</sense>
<sense n=""2""><number>2</number><trans> unable to stand or flex physically defective muscles, as if without bones. </trans>
<eg><i lang=""ceb"">Ang lungay nga bátà nagsígi lag higdà kay dì man makabángun,</i><trans> A crippled child lies in bed all his life for he cannot get up. </trans></eg>
</sense></hom>
<hom role=""v""><pos>v</pos>
<sense n=""1""><number>1</number> <itype>[B]</itype><trans> <tr>droop</tr>, hang in a drooping way. </trans>
<eg><i lang=""ceb"">Nalungay na ang ákung úlu sa kakatulugun,</i><trans> My head is drooping from sleepiness. </trans></eg>
<eg><i lang=""ceb"">Nagkalungay na ang sanga nga nabug-atan sa búnga,</i><trans> The branch is drooping down more and more because it is so laden with fruit. </trans></eg>
</sense>
<sense n=""2""><number>2</number> <itype>[B126]</itype><trans> turn out to have the defect of <ix>lungay, a2</ix>.
</trans>
</sense></hom></entry>");
INSERT INTO `wced_head` (entryid, head, normalized_head, type, pos) VALUES (11750, "lungay", "lungay", "m", "av");
INSERT INTO `wced_translation` (entryid, translation) VALUES (11750, "drooping");
INSERT INTO `wced_translation` (entryid, translation) VALUES (11750, "hanging loosely");
INSERT INTO `wced_translation` (entryid, translation) VALUES (11750, "droop");
INSERT INTO `wced_entry` VALUES (11751, "lungbuy", "644", "<entry page=""644"" id=""11751""><form id=""lungbuy"" lang=""ceb"">lungbuy</form>
<hom role=""n""><pos>n</pos>
<sense n=""1""><number>1</number><trans> small tree with elliptic leathery leaves 6–12 cm., bearing clusters of juicy, oval fruit, dark purple, 1.5–2 cm. long: <bio>Syzygium cumini</bio>. </trans>
</sense>
<sense n=""2""><number>2</number><trans> the blunt-nosed lead of small-arm bullets which resemble <ix>lungbuy</ix> fruits (slang). </trans>
</sense></hom>
<entry><form id=""linungbuy"" lang=""ceb""><abbr expan=""linungbuy"">-in-</abbr></form>
<hom>
<sense n=""0""><trans> having the color of <ix>lungbuy</ix>. </trans>
</sense></hom></entry>
<entry><form id=""laxpis_linungbuy"" lang=""ceb"">lápis <abbr expan=""linungbuy"">-in-</abbr></form>
<hom>
<sense n=""0""><trans> <tr>indelible pencil</tr>. </trans>
</sense></hom></entry>
<entry><form id=""lungbuxyun"" lang=""ceb""><abbr expan=""lungbúyun"">-un</abbr></form>
<hom role=""a""><pos>a</pos>
<sense n=""0""><trans> of the color of <ix>lungbuy</ix>.
</trans>
</sense></hom></entry></entry>");
INSERT INTO `wced_head` (entryid, head, normalized_head, type, pos) VALUES (11751, "lungbuy", "lungbuy", "m", "n");
INSERT INTO `wced_head` (entryid, head, normalized_head, type, pos) VALUES (11751, "linungbuy", "linungbuy", "s", "");
INSERT INTO `wced_head` (entryid, head, normalized_head, type, pos) VALUES (11751, "lápis linungbuy", "lapis linungbuy", "s", "");
INSERT INTO `wced_head` (entryid, head, normalized_head, type, pos) VALUES (11751, "lungbúyun", "lungbuyun", "s", "a");
INSERT INTO `wced_translation` (entryid, translation) VALUES (11751, "indelible pencil");
INSERT INTO `wced_entry` VALUES (11752, "lungdistans", "644", "<entry page=""644"" id=""11752""><form id=""lungdistans"" lang=""ceb"">lungdistans</form>
<hom role=""n""><pos>n</pos>
<sense n=""1""><number>1</number><trans> <tr>long-distance call</tr>. </trans>
</sense>
<sense n=""2""><number>2</number><trans> long-distance passenger bus or trip. </trans>
<eg><i lang=""ceb"">Magsakit ákung likud ug byáhing lungdistans,</i><trans> My back aches when I take long-distance trips. </trans></eg>
</sense>
<sense n=""3""><number>3</number><trans> long-distance shooting in basketball. </trans>
<eg><i lang=""ceb"">Maáyu siyang musiyát bísag lungdistans,</i><trans> He is good even in long-distance shots. </trans></eg>
</sense></hom>
<hom role=""v""><pos>v</pos>
<sense n=""1""><number>1</number> <itype>[A; c6]</itype><trans> call by long-distance. </trans>
</sense>
<sense n=""2""><number>2</number> <itype>[A; c6]</itype><trans> make a long shot in basketball. </trans>
</sense>
<sense n=""3""><number>3</number> <itype>[A; a12]</itype><trans> masturbate (from the notion that one is getting sexual gratification thinking of s.o. not present). </trans>
<eg><i lang=""ceb"">Gilungdistans níya si Maríya nga nalígù,</i><trans> He masturbated thinking of Maria taking a bath.
</trans></eg>
</sense></hom></entry>");
INSERT INTO `wced_head` (entryid, head, normalized_head, type, pos) VALUES (11752, "lungdistans", "lungdistans", "m", "nv");
INSERT INTO `wced_translation` (entryid, translation) VALUES (11752, "long-distance call");
INSERT INTO `wced_entry` VALUES (11753, "lunggu", "644", "<entry page=""644"" id=""11753""><form id=""lungguq"" lang=""ceb"">lunggù</form>
<hom role=""v""><pos>v</pos>
<sense n=""0""> <itype>[A; b]</itype><trans> <tr>decapitate</tr>. </trans>
<eg><i lang=""ceb"">Gilunggúan sa mga magahat ang misiyuníru,</i><trans> The headhunters beheaded the missionary.
</trans></eg>
</sense></hom></entry>");
INSERT INTO `wced_head` (entryid, head, normalized_head, type, pos) VALUES (11753, "lunggù", "lunggu", "m", "v");
INSERT INTO `wced_translation` (entryid, translation) VALUES (11753, "decapitate");
INSERT INTO `wced_entry` VALUES (11754, "lunggub", "644", "<entry page=""644"" id=""11754""><form id=""lunggub"" lang=""ceb"">lunggub</form>
<hom role=""v""><pos>v</pos>
<sense n=""0""> <itype>[A; a2]</itype><trans> <tr>grab</tr>, <tr>wrest</tr> s.t. away from s.o. </trans>
<eg><i lang=""ceb"">Ayawg lunggúba ning ritrátu kay nagtan-aw pa ku,</i><trans> Don’t grab the picture away because I am still looking at it.
</trans></eg>
</sense></hom></entry>");
INSERT INTO `wced_head` (entryid, head, normalized_head, type, pos) VALUES (11754, "lunggub", "lunggub", "m", "v");
INSERT INTO `wced_translation` (entryid, translation) VALUES (11754, "grab");
INSERT INTO `wced_translation` (entryid, translation) VALUES (11754, "wrest");
INSERT INTO `wced_entry` VALUES (11755, "lunggung1", "644", "<entry page=""644"" id=""11755""><form id=""lunggung"" lang=""ceb"">lunggung<sub>1</sub></form>
<hom role=""v""><pos>v</pos>
<sense n=""1""><number>1</number> <itype>[A3P; c1]</itype><trans> <tr>keep inside</tr>, <tr>imprison</tr>, <tr>lock up</tr>. </trans>
<eg><i lang=""ceb"">Daghang trabáhung milunggung nákù sa upisína,</i><trans> Lots of work kept me imprisoned in the office. </trans></eg>
<eg><i lang=""ceb"">Lunggúnga (ilunggung) ang mga bábuy sa álad,</i><trans> Lock the pigs up in a pen. </trans></eg>
</sense>
<sense n=""2""><number>2</number> <itype>[A; c1]</itype><trans> shake a container in the hand to shuffle things up. </trans>
<eg><i lang=""ceb"">Lunggúnga (ilunggung) únà sa kamut ang dáyis únà iitsa,</i><trans> Shake the dice in your hand before you throw them. </trans></eg>
</sense>
<sense n=""3""><number>3</number> <itype>[AC; b(1)]</itype><trans> bet on dice thrown from a container. The one who bets on the number which comes out wins. </trans>
</sense></hom>
<hom role=""n""><pos>n</pos>
<sense n=""0""><trans> game of dice of this sort. </trans>
</sense></hom>
<entry><form id=""lunggungan"" lang=""ceb""><abbr expan=""lunggungan"">-an(→)</abbr></form>
<hom role=""n""><pos>n</pos>
<sense n=""0""><trans> the container in which the dice are shaken.
</trans>
</sense></hom></entry></entry>");
INSERT INTO `wced_head` (entryid, head, normalized_head, type, pos) VALUES (11755, "lunggung", "lunggung", "s", "vn");
INSERT INTO `wced_head` (entryid, head, normalized_head, type, pos) VALUES (11755, "lunggungan", "lunggungan", "s", "n");
INSERT INTO `wced_translation` (entryid, translation) VALUES (11755, "keep inside");
INSERT INTO `wced_translation` (entryid, translation) VALUES (11755, "imprison");
INSERT INTO `wced_translation` (entryid, translation) VALUES (11755, "lock up");
INSERT INTO `wced_entry` VALUES (11756, "lunggung2", "644", "<entry page=""644"" id=""11756""><form id=""lunggung2"" lang=""ceb"">lunggung<sub>2</sub></form>
<hom role=""v""><pos>v</pos>
<sense n=""0""> <itype>[AN; a12]</itype><trans> <tr>cheat</tr> to gain. </trans>
<eg><i lang=""ceb"">Gilunggung ku sa tindírang migámit ug gantangang way aríyus,</i><trans> I was gypped by the vendor because she used uncertified measures. </trans></eg>
<eg><i lang=""ceb"">Gilunggung ku nímu kay dì kung kamaung mupúkir,</i><trans> You cheated me because I don’t know how to play poker.
</trans></eg>
</sense></hom></entry>");
INSERT INTO `wced_head` (entryid, head, normalized_head, type, pos) VALUES (11756, "lunggung", "lunggung", "s", "v");
INSERT INTO `wced_translation` (entryid, translation) VALUES (11756, "cheat");
INSERT INTO `wced_entry` VALUES (11757, "lungi", "644", "<entry page=""644"" id=""11757""><form id=""luxngiq"" lang=""ceb"">lúngì</form>
<hom role=""v""><pos>v</pos>
<sense n=""0""> <itype>[A; a]</itype><trans> wrench s.t. off to detach it. </trans>
<eg><i lang=""ceb"">Kinsay galúngì sa buktun sa munyíka?</i><trans> Who wrenched the arm off the doll? </trans></eg>
<eg><i lang=""ceb"">Lungía nang usa ka dawin ságing,</i><trans> Get me a banana from the bunch.
</trans></eg>
</sense></hom></entry>");
INSERT INTO `wced_head` (entryid, head, normalized_head, type, pos) VALUES (11757, "lúngì", "lungi", "m", "v");
INSERT INTO `wced_entry` VALUES (11758, "lungib", "644", "<entry page=""644"" id=""11758""><form id=""luxngib"" lang=""ceb"">lúngib</form>
<hom role=""n""><pos>n</pos>
<sense n=""0""><trans> cave. </trans>
</sense></hom>
<hom role=""v""><pos>v</pos>
<sense n=""0""> <itype>[B2; b6]</itype><trans> form a cave or hole in the side of a slope. </trans>
<eg><i lang=""ceb"">Nalúngib ang kílid sa bungtud nga gikwári,</i><trans> The side of the mountain that was quarried formed a cave.
</trans></eg>
</sense></hom></entry>");
INSERT INTO `wced_head` (entryid, head, normalized_head, type, pos) VALUES (11758, "lúngib", "lungib", "m", "nv");
INSERT INTO `wced_entry` VALUES (11759, "lungis", "644", "<entry page=""644"" id=""11759""><form id=""luxngis"" lang=""ceb"">lúngis</form>
<hom role=""v""><pos>v</pos>
<sense n=""0""> <itype>[A; a]</itype><trans> <tr>wrench off</tr>, twist s.t. off its attachment. </trans>
<eg><i lang=""ceb"">Mulúngis kug usa ka dawin sa ímung ságing,</i><trans> I’ll take a banana from your bunch.
</trans></eg>
</sense></hom></entry>");
INSERT INTO `wced_head` (entryid, head, normalized_head, type, pos) VALUES (11759, "lúngis", "lungis", "m", "v");
INSERT INTO `wced_translation` (entryid, translation) VALUES (11759, "wrench off");
INSERT INTO `wced_entry` VALUES (11760, "lungkab", "644", "<entry page=""644"" id=""11760""><form id=""lungkab"" lang=""ceb"">lungkab</form>
<hom role=""v""><pos>v</pos>
<sense n=""0""> <itype>[A; a1]</itype><trans> break s.t. open by prying so as to get into it. </trans>
<eg><i lang=""ceb"">Kawatan ang naglungkab sa ámung baul,</i><trans> A robber broke our trunk open. </trans></eg>
<eg><i lang=""ceb"">Lungkába ang kandádug way yáwi,</i><trans> Pry the lock open if there is no key.
</trans></eg>
</sense></hom></entry>");
INSERT INTO `wced_head` (entryid, head, normalized_head, type, pos) VALUES (11760, "lungkab", "lungkab", "m", "v");
INSERT INTO `wced_entry` VALUES (11761, "lungkaub", "644", "<entry page=""644"" id=""11761""><form id=""lungkaub"" lang=""ceb"">lungkaub</form>
<hom role=""n""><pos>n</pos>
<sense n=""0""><trans> <tr>thumping sound</tr>. </trans>
<eg><i lang=""ceb"">Ang lungkaub sa mga túnub,</i><trans> The thumping sound of footfalls. </trans></eg>
</sense></hom>
<hom role=""v""><pos>v</pos>
<sense n=""1""><number>1</number> <itype>[A]</itype><trans> make a thumping sound. </trans>
<eg><i lang=""ceb"">Naglungkaub ang mga balud nga mihasmag sa mga batu,</i><trans> The waves beat against the stone with a thudding sound. </trans></eg>
</sense>
<sense n=""2""><number>2</number> <itype>[A13]</itype><trans> throb vigorously in the depths of one’s feelings. </trans>
<eg><i lang=""ceb"">Ang kayugut nga naglungkaub sa íyang dughan,</i><trans> Anger that is raging in his heart. </trans></eg>
</sense></hom>
<entry><form id=""linungkab_linuxngkab"" lang=""ceb""><abbr expan=""linungkab"">-in-</abbr>, <abbr expan=""linúngkab"">-in-(←)</abbr></form>
<hom role=""n""><pos>n</pos>
<sense n=""0""><trans> heavy sound of thumping.
<pb n=""645""/>
</trans>
</sense></hom></entry></entry>");
INSERT INTO `wced_head` (entryid, head, normalized_head, type, pos) VALUES (11761, "lungkaub", "lungkaub", "m", "nv");
INSERT INTO `wced_head` (entryid, head, normalized_head, type, pos) VALUES (11761, "linungkab", "linungkab", "s", "n");
INSERT INTO `wced_head` (entryid, head, normalized_head, type, pos) VALUES (11761, "linúngkab", "linungkab", "s", "n");
INSERT INTO `wced_translation` (entryid, translation) VALUES (11761, "thumping sound");
INSERT INTO `wced_entry` VALUES (11762, "lungki", "645", "<entry page=""645"" id=""11762""><form id=""lungkiq"" lang=""ceb"">lungkì</form>
<hom role=""a""><pos>a</pos>
<sense n=""0""><trans> <tr>limping</tr>, partially disabled in the leg, usually permanently. </trans>
</sense></hom>
<hom role=""v""><pos>v</pos>
<sense n=""0""> <itype>[B16; c1]</itype><trans> walk with a limp. </trans>
<eg><i lang=""ceb"">Naáyu túud siya sa pulyu apan nalungkì giyud intáwun,</i><trans> He recovered from his polio, but now he walks with a limp.
</trans></eg>
</sense></hom></entry>");
INSERT INTO `wced_head` (entryid, head, normalized_head, type, pos) VALUES (11762, "lungkì", "lungki", "m", "av");
INSERT INTO `wced_translation` (entryid, translation) VALUES (11762, "limping");
INSERT INTO `wced_entry` VALUES (11763, "lunglayin", "645", "<entry page=""645"" id=""11763""><form id=""lunglayin"" lang=""ceb"">lunglayin</form>
<hom role=""n""><pos>n</pos>
<sense n=""0""><trans> <tr>longline fishing</tr>.
</trans>
</sense></hom></entry>");
INSERT INTO `wced_head` (entryid, head, normalized_head, type, pos) VALUES (11763, "lunglayin", "lunglayin", "m", "n");
INSERT INTO `wced_translation` (entryid, translation) VALUES (11763, "longline fishing");
INSERT INTO `wced_entry` VALUES (11764, "lungnik", "645", "<entry page=""645"" id=""11764""><form id=""lungnik"" lang=""ceb"">lungnik</form>
<hom role=""n""><pos>n</pos>
<sense n=""0""><trans> <tr>fifth of liquor</tr>. </trans>
</sense></hom>
<hom role=""v""><pos>v</pos>
<sense n=""1""><number>1</number> <itype>[B256]</itype><trans> be a fifth full. </trans>
<eg><i lang=""ceb"">Hápit mulungnik (malungnik) ang písu nga idibul nga íyang gipalit,</i><trans> He bought a peso’s worth of cooking oil which nearly filled a fifth. </trans></eg>
</sense>
<sense n=""2""><number>2</number> <itype>[c1]</itype><trans> make it a fifth of liquor. </trans>
<eg><i lang=""ceb"">Lungnikun (ilungnik) na lang kay daghan man tang manginum,</i><trans> Let us buy a fifth because a lot of us are going to drink.
</trans></eg>
</sense></hom></entry>");
INSERT INTO `wced_head` (entryid, head, normalized_head, type, pos) VALUES (11764, "lungnik", "lungnik", "m", "nv");
INSERT INTO `wced_translation` (entryid, translation) VALUES (11764, "fifth of liquor");
INSERT INTO `wced_entry` VALUES (11765, "lungnus", "645", "<entry page=""645"" id=""11765""><form id=""lungnus"" lang=""ceb"">lungnus</form>
<hom role=""n""><pos>n</pos>
<sense n=""0""><trans> <tr>long-nosed pliers</tr>.
</trans>
</sense></hom></entry>");
INSERT INTO `wced_head` (entryid, head, normalized_head, type, pos) VALUES (11765, "lungnus", "lungnus", "m", "n");
INSERT INTO `wced_translation` (entryid, translation) VALUES (11765, "long-nosed pliers");
INSERT INTO `wced_entry` VALUES (11766, "lungpli", "645", "<entry page=""645"" id=""11766""><form id=""lungpli"" lang=""ceb"">lungpli</form>
<hom role=""n""><pos>n</pos>
<sense n=""1""><number>1</number><trans> <tr>long-playing record</tr>. </trans>
</sense>
<sense n=""2""><number>2</number><trans> lengthy monologue in a conversation. </trans>
</sense></hom>
<hom role=""v""><pos>v</pos>
<sense n=""0""> <itype>[c1]</itype><trans> record s.t. on a long-playing record. </trans>
<eg><i lang=""ceb"">Lungplihun (ilungpli) ug diritsu ang ímung únang pláka,</i><trans> Make your first recording a long-playing record.
</trans></eg>
</sense></hom></entry>");
INSERT INTO `wced_head` (entryid, head, normalized_head, type, pos) VALUES (11766, "lungpli", "lungpli", "m", "nv");
INSERT INTO `wced_translation` (entryid, translation) VALUES (11766, "long-playing record");
INSERT INTO `wced_entry` VALUES (11767, "lungslib", "645", "<entry page=""645"" id=""11767""><form id=""lungslib"" lang=""ceb"">lungslib</form>
<hom role=""n""><pos>n</pos>
<sense n=""0""><trans> <tr>long-sleeved shirt</tr>. </trans>
</sense></hom>
<hom role=""v""><pos>v</pos>
<sense n=""0""> <itype>[A; c1]</itype><trans> wear, make into a long-sleeved shirt.
</trans>
</sense></hom></entry>");
INSERT INTO `wced_head` (entryid, head, normalized_head, type, pos) VALUES (11767, "lungslib", "lungslib", "m", "nv");
INSERT INTO `wced_translation` (entryid, translation) VALUES (11767, "long-sleeved shirt");
INSERT INTO `wced_entry` VALUES (11768, "lungsud", "645", "<entry page=""645"" id=""11768""><form id=""lungsud"" lang=""ceb"">lungsud</form>
<hom role=""n""><pos>n</pos>
<sense n=""1""><number>1</number><trans> <tr>town</tr>. </trans>
</sense>
<sense n=""2""><number>2</number><trans> <tr>citizenry</tr>. </trans>
<eg><i lang=""ceb"">Tunug na sa tibuuk lungsud nga gipaangkan siya,</i><trans> It has been bruited about town that she has had a child out of marriage. </trans></eg>
</sense></hom>
<entry><form id=""haxring_lungsud"" lang=""ceb"">háring <abbr expan=""lungsud"">—</abbr></form>
<hom role=""n""><pos>n</pos>
<sense n=""0""><trans> the <tr>electorate</tr>, sovereign people. </trans>
</sense></hom></entry>
<entry><form id=""kalungsuxran"" lang=""ceb"">kalungsúran</form>
<hom role=""n""><pos>n</pos>
<sense n=""0""><trans> <tr>towns</tr>. </trans>
</sense></hom></entry>
<entry><form id=""lungsuraxnun"" lang=""ceb"">lungsuránun</form>
<hom role=""n""><pos>n</pos>
<sense n=""0""><trans> local citizen. </trans>
</sense></hom></entry>
<entry><form id=""katagilungsud"" lang=""ceb""><abbr expan=""katagilungsud"">katagi-</abbr></form>
<hom role=""n""><pos>n</pos>
<sense n=""0""><trans> one from the same town. </trans>
</sense></hom></entry>
<entry><form id=""lungsudnun"" lang=""ceb""><abbr expan=""lungsudnun"">-nun</abbr></form>
<hom role=""a""><pos>a</pos>
<sense n=""1""><number>1</number><trans> pertaining to s.t. civic. </trans>
<eg><i lang=""ceb"">Katungdánang lungsudnun sa matag lungsuránun,</i><trans> Civic duty of each citizen. </trans></eg>
</sense>
<sense n=""2""><number>2</number><trans> pertaining to the town or municipality. </trans>
<eg><i lang=""ceb"">Mamahanding lungsudnun,</i><trans> Municipal treasurer. </trans></eg>
</sense></hom></entry>
<entry><form id=""makilungsud_makilungsudnun"" lang=""ceb""><abbr expan=""makilungsud"">maki-</abbr>, <abbr expan=""makilungsudnun"">maki-nun</abbr></form>
<hom role=""a""><pos>a</pos>
<sense n=""0""><trans> <tr>civic-minded</tr>.
</trans>
</sense></hom></entry></entry>");
INSERT INTO `wced_head` (entryid, head, normalized_head, type, pos) VALUES (11768, "lungsud", "lungsud", "m", "n");
INSERT INTO `wced_head` (entryid, head, normalized_head, type, pos) VALUES (11768, "háring lungsud", "haring lungsud", "s", "n");
INSERT INTO `wced_head` (entryid, head, normalized_head, type, pos) VALUES (11768, "kalungsúran", "kalungsuran", "s", "n");
INSERT INTO `wced_head` (entryid, head, normalized_head, type, pos) VALUES (11768, "lungsuránun", "lungsuranun", "s", "n");
INSERT INTO `wced_head` (entryid, head, normalized_head, type, pos) VALUES (11768, "katagilungsud", "katagilungsud", "s", "n");
INSERT INTO `wced_head` (entryid, head, normalized_head, type, pos) VALUES (11768, "lungsudnun", "lungsudnun", "s", "a");
INSERT INTO `wced_head` (entryid, head, normalized_head, type, pos) VALUES (11768, "makilungsud", "makilungsud", "s", "a");
INSERT INTO `wced_head` (entryid, head, normalized_head, type, pos) VALUES (11768, "makilungsudnun", "makilungsudnun", "s", "a");
INSERT INTO `wced_translation` (entryid, translation) VALUES (11768, "town");
INSERT INTO `wced_translation` (entryid, translation) VALUES (11768, "citizenry");
INSERT INTO `wced_translation` (entryid, translation) VALUES (11768, "electorate");
INSERT INTO `wced_translation` (entryid, translation) VALUES (11768, "towns");
INSERT INTO `wced_translation` (entryid, translation) VALUES (11768, "civic-minded");
INSERT INTO `wced_entry` VALUES (11769, "lungtad", "645", "<entry page=""645"" id=""11769""><form id=""lungtad"" lang=""ceb"">lungtad</form>
<hom role=""v""><pos>v</pos>
<sense n=""0""> <itype>[A2; b(1)]</itype><trans> </trans>
</sense>
<sense n=""1""><number>1</number><trans> <tr>last</tr> for a period of time. </trans>
<eg><i lang=""ceb"">Makalungtad ug dúgay ang isdà ug aysan,</i><trans> Fish will last long if you put them on ice. </trans></eg>
<eg><i lang=""ceb"">Wà lungtári ug tris díyas ang ákung puása,</i><trans> My fast didn’t last for three days. </trans></eg>
</sense>
<sense n=""2""><number>2</number><trans> stay with, at s.t. for a long time. </trans>
<eg><i lang=""ceb"">Dì mu lungtáran ug míd ánang inyung taras,</i><trans> No maid will stay long with you, the way you act. </trans></eg>
</sense></hom>
<entry><form id=""palungtad"" lang=""ceb""><abbr expan=""palungtad"">pa-</abbr></form>
<hom role=""v""><pos>v</pos>
<sense n=""0""> <itype>[A; c1]</itype><trans> make, cause to last. </trans>
<eg><i lang=""ceb"">Ayaw palungtára (ipalungtad) ug dúgay inyung dúmut,</i><trans> Don’t allow your desire for vengeance to last long. </trans></eg>
</sense></hom></entry>
<entry><form id=""malungtaxrun"" lang=""ceb"">malungtárun</form>
<hom role=""a""><pos>a</pos>
<sense n=""0""><trans> <tr>durable</tr>.
</trans>
</sense></hom></entry></entry>");
INSERT INTO `wced_head` (entryid, head, normalized_head, type, pos) VALUES (11769, "lungtad", "lungtad", "m", "v");
INSERT INTO `wced_head` (entryid, head, normalized_head, type, pos) VALUES (11769, "palungtad", "palungtad", "s", "v");
INSERT INTO `wced_head` (entryid, head, normalized_head, type, pos) VALUES (11769, "malungtárun", "malungtarun", "s", "a");
INSERT INTO `wced_translation` (entryid, translation) VALUES (11769, "last");
INSERT INTO `wced_translation` (entryid, translation) VALUES (11769, "durable");
INSERT INTO `wced_entry` VALUES (11770, "lung tibul", "645", "<entry page=""645"" id=""11770""><form id=""lung_tixbul"" lang=""ceb"">lung tíbul</form>
<hom role=""n""><pos>n</pos>
<sense n=""0""><trans> <tr>wedding</tr>, with reference to the banquet (colloquial). </trans>
<eg><i lang=""ceb"">Anus-a man ang lung tíbul?</i><trans> When are you getting hitched? </trans></eg>
</sense></hom>
<hom role=""v""><pos>v</pos>
<sense n=""0""> <itype>[A13]</itype><trans> get married.
</trans>
</sense></hom></entry>");
INSERT INTO `wced_head` (entryid, head, normalized_head, type, pos) VALUES (11770, "lung tíbul", "lung tibul", "m", "nv");
INSERT INTO `wced_translation` (entryid, translation) VALUES (11770, "wedding");
INSERT INTO `wced_entry` VALUES (11771, "lungulungu", "645", "<entry page=""645"" id=""11771""><form id=""lunguqlunguq"" lang=""ceb"">lungùlungù</form>
<hom role=""v""><pos>v</pos>
<sense n=""0""> <itype>[B46; c1]</itype><trans> for one’s head to sway or shake uncontrollably as when drunk or in old age. </trans>
<eg><i lang=""ceb"">Naglungùlungù na siya sa katigúlang,</i><trans> His head tremors due to old age.
</trans></eg>
</sense></hom></entry>");
INSERT INTO `wced_head` (entryid, head, normalized_head, type, pos) VALUES (11771, "lungùlungù", "lungulungu", "m", "v");
INSERT INTO `wced_entry` VALUES (11772, "lungun", "645", "<entry page=""645"" id=""11772""><form id=""lungun"" lang=""ceb"">lungun</form>
<hom role=""n""><pos>n</pos>
<sense n=""0""><trans> <tr>coffin</tr>. </trans>
</sense></hom>
<hom role=""v""><pos>v</pos>
<sense n=""0""> <itype>[c1]</itype><trans> bury in a coffin, as opposed to other modes of burial.
</trans>
</sense></hom></entry>");
INSERT INTO `wced_head` (entryid, head, normalized_head, type, pos) VALUES (11772, "lungun", "lungun", "m", "nv");
INSERT INTO `wced_translation` (entryid, translation) VALUES (11772, "coffin");
INSERT INTO `wced_entry` VALUES (11773, "lungutlungut", "645", "<entry page=""645"" id=""11773""><form id=""lungutlungut"" lang=""ceb"">lungutlungut</form>
<hom role=""v""><pos>v</pos>
<sense n=""0""> <itype>[B1456; b3]</itype><trans> be <tr>restless</tr>, moving about and talking in anger, exasperation, impatience to do s.t. </trans>
<eg><i lang=""ceb"">Naglungutlungut siyang makaapil sa banggà,</i><trans> He was restless in his impatience to take part in the contest. </trans></eg>
<eg><i lang=""ceb"">Ang gisibat níyang alkansíya mauy íyang gilungutlungutan,</i><trans> She rushed about in anger on account of her piggy bank which got stolen.
</trans></eg>
</sense></hom></entry>");
INSERT INTO `wced_head` (entryid, head, normalized_head, type, pos) VALUES (11773, "lungutlungut", "lungutlungut", "m", "v");
INSERT INTO `wced_translation` (entryid, translation) VALUES (11773, "restless");
INSERT INTO `wced_entry` VALUES (11774, "lunhat", "645", "<entry page=""645"" id=""11774""><form id=""lunhat"" lang=""ceb"">lunhat</form>
<hom role=""v""><pos>v</pos>
<sense n=""0""> <itype>[B126; a2b3]</itype><trans> have a <tr>relapse</tr>, most often said of sprains or fractures or illness thought to be derived from them. </trans>
<eg><i lang=""ceb"">Nalunhat íyang piang kay nagpúnay siyag lungas,</i><trans> His sprain came back because he kept moving around.
</trans></eg>
</sense></hom></entry>");
INSERT INTO `wced_head` (entryid, head, normalized_head, type, pos) VALUES (11774, "lunhat", "lunhat", "m", "v");
INSERT INTO `wced_translation` (entryid, translation) VALUES (11774, "relapse");
INSERT INTO `wced_entry` VALUES (11775, "lunhaw", "645", "<entry page=""645"" id=""11775""><form id=""lunhaw"" lang=""ceb"">lunhaw</form>
<hom role=""a""><pos>a</pos>
<sense n=""1""><number>1</number><trans> for growing things, not fruit, to be green. </trans>
<eg><i lang=""ceb"">Lunhaw nga sibsibánan,</i><trans> Green pastures. </trans></eg>
</sense>
<sense n=""2""><number>2</number><trans> <tr>recent</tr>, <tr>young</tr>. </trans>
<eg><i lang=""ceb"">Sa lunhawng kinabúhì sa kabatan-un wà pa níya masinátì ang kapakyásan,</i><trans> He was a callow youth, and had never experienced failure. </trans></eg>
</sense></hom>
<hom role=""v""><pos>v</pos>
<sense n=""1""><number>1</number> <itype>[B2; b6]</itype><trans> for growing things to be green and fresh. </trans>
<eg><i lang=""ceb"">Mulunhaw (malunhaw) ug bálik ang sagbut inig-abut sa ting-ulan,</i><trans> The grass will become green again when the rains return. </trans></eg>
</sense>
<sense n=""2""><number>2</number> <itype>[a12]</itype><trans> bring back s.t. to make it recent, young again. </trans>
<eg><i lang=""ceb"">Tam-is lunháwun ang malipáyun tang kabatan-un,</i><trans> It’s nice to reminisce on our happy childhood.
</trans></eg>
</sense></hom></entry>");
INSERT INTO `wced_head` (entryid, head, normalized_head, type, pos) VALUES (11775, "lunhaw", "lunhaw", "m", "av");
INSERT INTO `wced_translation` (entryid, translation) VALUES (11775, "recent");
INSERT INTO `wced_translation` (entryid, translation) VALUES (11775, "young");
INSERT INTO `wced_entry` VALUES (11776, "lunis1", "645", "<entry page=""645"" id=""11776""><form id=""Luxnis"" lang=""ceb"">Lúnis<sub>1</sub></form>
<hom role=""n""><pos>n</pos>
<sense n=""0""><trans> <tr>Monday</tr>. </trans>
</sense></hom>
<hom role=""v""><pos>v</pos>
<sense n=""0""><trans> <ix>see</ix> <xr lang=""ceb"" target=""#birnis""><sc>birnis</sc>.</xr> </trans>
</sense></hom>
<entry><form id=""palunis"" lang=""ceb""><abbr expan=""palunis"">pa-(→)</abbr></form>
<hom role=""n""><pos>n</pos>
<sense n=""0""><trans> work bee done on a Monday. </trans>
</sense></hom>
<hom role=""v""><pos>v</pos>
<sense n=""0""> <itype>[A; b6]</itype><trans> hold a work bee on a Monday. </trans>
<eg><i lang=""ceb"">Palunisi lang nang pagtúkud sa taytáyan,</i><trans> Have the bridge built by a Monday work bee.
</trans></eg>
</sense></hom></entry></entry>");
INSERT INTO `wced_head` (entryid, head, normalized_head, type, pos) VALUES (11776, "Lúnis", "lunis", "s", "nv");
INSERT INTO `wced_head` (entryid, head, normalized_head, type, pos) VALUES (11776, "palunis", "palunis", "s", "nv");
INSERT INTO `wced_translation` (entryid, translation) VALUES (11776, "Monday");
INSERT INTO `wced_entry` VALUES (11777, "lunis2", "645", "<entry page=""645"" id=""11777""><form id=""luxnis2"" lang=""ceb"">lúnis<sub>2</sub></form>
<hom role=""n""><pos>n</pos>
<sense n=""0""><trans> <tr>odd number</tr>.
</trans>
</sense></hom></entry>");
INSERT INTO `wced_head` (entryid, head, normalized_head, type, pos) VALUES (11777, "lúnis", "lunis", "s", "n");
INSERT INTO `wced_translation` (entryid, translation) VALUES (11777, "odd number");
INSERT INTO `wced_entry` VALUES (11778, "lunit", "645", "<entry page=""645"" id=""11778""><form id=""luxnit"" lang=""ceb"">lúnit</form>
<hom role=""v""><pos>v</pos>
<sense n=""0""> <itype>[A; a1b2]</itype><trans> <tr>tweak the ears</tr>. </trans>
<eg><i lang=""ceb"">Hinglunitan si Marta sa maistra kay nagtábì,</i><trans> The teacher tweaked Martha’s ears because she was talking. </trans></eg>
</sense></hom>
<hom role=""n""><pos>n</pos>
<sense n=""0""><trans> action of tweaking.
</trans>
</sense></hom></entry>");
INSERT INTO `wced_head` (entryid, head, normalized_head, type, pos) VALUES (11778, "lúnit", "lunit", "m", "vn");
INSERT INTO `wced_translation` (entryid, translation) VALUES (11778, "tweak the ears");
INSERT INTO `wced_entry` VALUES (11779, "lunlun", "645", "<entry page=""645"" id=""11779""><form id=""lunlun"" lang=""ceb"">lunlun</form>
<hom role=""a""><pos>a</pos>
<sense n=""0""><trans> <tr>all of one kind</tr>, no mixture. </trans>
<eg><i lang=""ceb"">Ang kinabúhì dì lunlun kalípay,</i><trans> Life is not all happiness. </trans></eg>
</sense></hom>
<hom role=""v""><pos>v</pos>
<sense n=""1""><number>1</number> <itype>[A1; c16]</itype><trans> have all in one kind, no mixture. </trans>
<eg><i lang=""ceb"">Sagúlig pinágud mais ang tablíya, ayawg ilunlun (lunlúna) nga kakaw,</i><trans> Mix some roasted corn in the chocolate tablet, don’t make it pure cacao. </trans></eg>
</sense>
<sense n=""2""><number>2</number> <itype>[A12C; b]</itype><trans> be all together in a place. </trans>
<eg><i lang=""ceb"">Dì ta makalunlun ug lingkud sa píkas lingkuránan kay kúlag hángin ang ligid,</i><trans> We can’t all stay on one side because the tire lacks air. </trans></eg>
<eg><i lang=""ceb"">Dì ta maglunlun dinhis píkas kay malúnud unyà ta,</i><trans> Let’s not huddle on one side of the boat because it might capsize.
</trans></eg>
</sense></hom></entry>");
INSERT INTO `wced_head` (entryid, head, normalized_head, type, pos) VALUES (11779, "lunlun", "lunlun", "m", "av");
INSERT INTO `wced_translation` (entryid, translation) VALUES (11779, "all of one kind");
INSERT INTO `wced_entry` VALUES (11780, "lunsay", "645", "<entry page=""645"" id=""11780""><form id=""lunsay"" lang=""ceb"">lunsay</form>
<hom role=""a""><pos>a</pos>
<sense n=""1""><number>1</number><trans> <tr>pure</tr>, <tr>unadulterated</tr>. </trans>
<eg><i lang=""ceb"">Lunsay nga gátas sa báka,</i><trans> Pure cow’s milk. </trans></eg>
<eg><i lang=""ceb"">Lunsayng kaputlì nga wà pa kamansáhi sa kasinatían,</i><trans> Unadulterated innocence that has not been <pb n=""646""/>polluted by experience. </trans></eg>
</sense>
<sense n=""2""><number>2</number><trans> simple, peaceful in way or outlook. </trans>
<eg><i lang=""ceb"">Lunsay kaáyu ang kinabúhing banikanhun,</i><trans> Farm life is very simple and peaceful. </trans></eg>
</sense></hom>
<hom role=""v""><pos>v</pos>
<sense n=""0""> <itype>[B1; c1]</itype><trans> be simple or peaceful in ways or outlook. </trans>
<eg><i lang=""ceb"">Ang maglunsay sa kinahanglan dílì magápus sa útang,</i><trans> One who is simple with his needs won’t get himself engulfed in debt. </trans></eg>
<eg><i lang=""ceb"">Malunsay ang átung pamuyù ug mubíyà ka sa súgal,</i><trans> Our life would get peaceful once you stop your gambling.
</trans></eg>
</sense></hom></entry>");
INSERT INTO `wced_head` (entryid, head, normalized_head, type, pos) VALUES (11780, "lunsay", "lunsay", "m", "av");
INSERT INTO `wced_translation` (entryid, translation) VALUES (11780, "pure");
INSERT INTO `wced_translation` (entryid, translation) VALUES (11780, "unadulterated");
INSERT INTO `wced_entry` VALUES (11781, "lunsing", "646", "<entry page=""646"" id=""11781""><form id=""lunsing"" lang=""ceb"">lunsing</form>
<hom role=""n""><pos>n</pos>
<sense n=""0""><trans> k.o. very small, yellow banana, particularly delicious and sweet, but not commercially grown.
</trans>
</sense></hom></entry>");
INSERT INTO `wced_head` (entryid, head, normalized_head, type, pos) VALUES (11781, "lunsing", "lunsing", "m", "n");
INSERT INTO `wced_entry` VALUES (11782, "lunsud", "646", "<entry page=""646"" id=""11782""><form id=""lunsud"" lang=""ceb"">lunsud</form>
<hom>
<sense n=""0""><trans> <xr lang=""ceb"" target=""#lungsud"">= <sc>lungsud</sc>.</xr>
</trans>
</sense></hom></entry>");
INSERT INTO `wced_head` (entryid, head, normalized_head, type, pos) VALUES (11782, "lunsud", "lunsud", "m", "");
INSERT INTO `wced_entry` VALUES (11783, "luntad", "646", "<entry page=""646"" id=""11783""><form id=""luntad"" lang=""ceb"">luntad</form>
<hom>
<sense n=""0""><trans> <xr lang=""ceb"" target=""#lungtad"">= <sc>lungtad</sc>.</xr>
</trans>
</sense></hom></entry>");
INSERT INTO `wced_head` (entryid, head, normalized_head, type, pos) VALUES (11783, "luntad", "luntad", "m", "");
INSERT INTO `wced_entry` VALUES (11784, "luntalunta", "646", "<entry page=""646"" id=""11784""><form id=""luntalunta"" lang=""ceb"">luntalunta</form>
<hom role=""v""><pos>v</pos>
<sense n=""0""> <itype>[A; c1]</itype><trans> leap up and down in joy or to get free. </trans>
<eg><i lang=""ceb"">Miluntalunta ang kabáyù sa pagkakità sa bayi,</i><trans> The horse struggled to get free when it saw the mare. </trans></eg>
<eg><i lang=""ceb"">Mahugnù ang lantay ug inyung luntaluntáhan,</i><trans> The bamboo bed will collapse if you jump up and down on it.
</trans></eg>
</sense></hom></entry>");
INSERT INTO `wced_head` (entryid, head, normalized_head, type, pos) VALUES (11784, "luntalunta", "luntalunta", "m", "v");
INSERT INTO `wced_entry` VALUES (11785, "luntud", "646", "<entry page=""646"" id=""11785""><form id=""luntud"" lang=""ceb"">luntud</form>
<hom role=""v""><pos>v</pos>
<sense n=""0""> <itype>[AC; ac]</itype><trans> for two things of about the same size to lie atop one another, cause them to do so. </trans>
<eg><i lang=""ceb"">Dì ka makaluntud ug libru sa Bibliya,</i><trans> You can’t put a book on top of the Bible. </trans></eg>
<eg><i lang=""ceb"">Nagluntud silag higdà sa gip-ut kaáyung bangkù,</i><trans> They lay on top of one another on the narrow bench. </trans></eg>
<eg><i lang=""ceb"">Luntúra nang duha ka malíta,</i><trans> Put those two suitcases on top of one another. </trans></eg>
</sense></hom>
<entry><form id=""luntudluntud"" lang=""ceb"">luntudluntud</form>
<hom role=""v""><pos>v</pos>
<sense n=""0""> <itype>[AC23; c1]</itype><trans> <tr>pile up</tr>, be <tr>piled up</tr>. </trans>
<eg><i lang=""ceb"">Nagluntudluntud ang mga sáku sa bugas,</i><trans> Sacks of rice are piled up.
</trans></eg>
</sense></hom></entry></entry>");
INSERT INTO `wced_head` (entryid, head, normalized_head, type, pos) VALUES (11785, "luntud", "luntud", "m", "v");
INSERT INTO `wced_head` (entryid, head, normalized_head, type, pos) VALUES (11785, "luntudluntud", "luntudluntud", "s", "v");
INSERT INTO `wced_translation` (entryid, translation) VALUES (11785, "pile up");
INSERT INTO `wced_translation` (entryid, translation) VALUES (11785, "piled up");
INSERT INTO `wced_entry` VALUES (11786, "lunu", "646", "<entry page=""646"" id=""11786""><form id=""lunu"" lang=""ceb"">lunu</form>
<hom role=""v""><pos>v</pos>
<sense n=""0""> <itype>[A3N; b6]</itype><trans> for an animal to shed its skin or shell. </trans>
<eg><i lang=""ceb"">Dinhay naglunu nga hálas dinhi kay dúnay lunu nga gibyáan,</i><trans> A snake must have shed its skin here because there’s an empty snakeskin left behind. </trans></eg>
</sense></hom>
<hom role=""n""><pos>n</pos>
<sense n=""0""><trans> skin or shell shed. </trans>
</sense></hom>
<entry><form id=""linunhan"" lang=""ceb"">linunhan</form>
<hom>
<sense n=""0""><trans> <xr lang=""ceb"" target=""#lunu"">= <sc>lunu</sc>, <i lang=""ceb"">n</i>.</xr>
</trans>
</sense></hom></entry></entry>");
INSERT INTO `wced_head` (entryid, head, normalized_head, type, pos) VALUES (11786, "lunu", "lunu", "m", "vn");
INSERT INTO `wced_head` (entryid, head, normalized_head, type, pos) VALUES (11786, "linunhan", "linunhan", "s", "");
INSERT INTO `wced_entry` VALUES (11787, "lun-ub", "646", "<entry page=""646"" id=""11787""><form id=""lun-ub"" lang=""ceb"">lun-ub</form>
<hom role=""v""><pos>v</pos>
<sense n=""0""> <itype>[AB2; a12]</itype><trans> for s.t. to get a big depression in it, cause it to do so. </trans>
<eg><i lang=""ceb"">Kinsay galun-ub sa palanggána? Gilingkúran tingáli,</i><trans> Who made a big dent in the basin? S.o. must have sat on it. </trans></eg>
<eg><i lang=""ceb"">Húmuk malun-ub ang hubun sa bátà,</i><trans> A child’s fontanel easily gets sunken. </trans></eg>
</sense></hom>
<hom role=""n""><pos>n</pos>
<sense n=""0""><trans> rather large depression.
</trans>
</sense></hom></entry>");
INSERT INTO `wced_head` (entryid, head, normalized_head, type, pos) VALUES (11787, "lun-ub", "lun-ub", "m", "vn");
INSERT INTO `wced_entry` VALUES (11788, "lunud1", "646", "<entry page=""646"" id=""11788""><form id=""luxnud"" lang=""ceb"">lúnud<sub>1</sub></form>
<hom role=""v""><pos>v</pos>
<sense n=""1""><number>1</number> <itype>[A; a]</itype><trans> <tr>sink s.t.</tr> </trans>
<eg><i lang=""ceb"">Ang maldítu mauy naglúnud sa sakayan nákung papil,</i><trans> The meany sunk my paper boat. </trans></eg>
</sense>
<sense n=""2""><number>2</number> <itype>[B12; c1]</itype><trans> <form id=""luxnud_ang_puhuxnan"" lang=""ceb""><abbr expan=""lúnud"">—</abbr> ang puhúnan</form> for capital to get used up. </trans>
<eg><i lang=""ceb"">Magkalunud ang puhúnan sa nigusyung way maáyung kwintáda,</i><trans> Business without proper accounting gradually exhausts capital. </trans></eg>
</sense></hom>
<entry><form id=""luxnud_ang_buwan"" lang=""ceb""><abbr expan=""lúnud"">—</abbr> ang buwan</form>
<hom role=""n""><pos>n</pos>
<sense n=""0""><trans> <tr>new moon</tr>. </trans>
<eg><i lang=""ceb"">Hunas run kaáyu kay lúnud ang buwan,</i><trans> We have an extra low tide today; it’s new moon. </trans></eg>
</sense></hom></entry>
<entry><form id=""lunud"" lang=""ceb""><abbr expan=""lunud"">(→)</abbr></form>
<hom role=""v""><pos>v</pos>
<sense n=""0""> <itype>[B26; b4]</itype><trans> for an illness to settle. It is believed that an illness to get better must come out in hives, rash, or the like, and if it does not do so, it settles, thus becoming worse. </trans>
<eg><i lang=""ceb"">Namatay siya kay nalunud (milunud) iyang dáp,</i><trans> He died because his measles didn’t come out. </trans></eg>
<eg><i lang=""ceb"">Nabákul siya dihang nalunuran sa íyang buti,</i><trans> He became a cripple after his smallpox sank. </trans></eg>
</sense></hom>
<hom role=""a""><pos>a</pos>
<sense n=""0""><trans> causing illnesses to sink. </trans>
<eg><i lang=""ceb"">Makamatay nang lunud nga hilánat,</i><trans> A fever that sinks can cause death. </trans></eg>
</sense></hom></entry>
<entry><form id=""udtung_lunud_ang_buxwan"" lang=""ceb"">udtung <abbr expan=""lunud"">—</abbr> ang búwan</form>
<hom>
<sense n=""0""><trans> half moon of the third quarter.
</trans>
</sense></hom></entry></entry>");
INSERT INTO `wced_head` (entryid, head, normalized_head, type, pos) VALUES (11788, "lúnud", "lunud", "s", "v");
INSERT INTO `wced_head` (entryid, head, normalized_head, type, pos) VALUES (11788, "lúnud ang puhúnan", "lunud ang puhunan", "s", "");
INSERT INTO `wced_head` (entryid, head, normalized_head, type, pos) VALUES (11788, "lúnud ang buwan", "lunud ang buwan", "s", "n");
INSERT INTO `wced_head` (entryid, head, normalized_head, type, pos) VALUES (11788, "lunud", "lunud", "s", "va");
INSERT INTO `wced_head` (entryid, head, normalized_head, type, pos) VALUES (11788, "udtung lunud ang búwan", "udtung lunud ang buwan", "s", "");
INSERT INTO `wced_translation` (entryid, translation) VALUES (11788, "sink s.t.");
INSERT INTO `wced_translation` (entryid, translation) VALUES (11788, "new moon");
INSERT INTO `wced_entry` VALUES (11789, "lunud2", "646", "<entry page=""646"" id=""11789""><form id=""luxnud2"" lang=""ceb"">lúnud<sub>2</sub></form>
<hom role=""v""><pos>v</pos>
<sense n=""1""><number>1</number> <itype>[A; c]</itype><trans> put s.t. together with s.t. else which is being processed. </trans>
<eg><i lang=""ceb"">Lundi nag bugas ang túbig,</i><trans> Put some rice into the water now. </trans></eg>
<eg><i lang=""ceb"">Ilúnud lag ímung bulingun sa ámù nga náa sa wásing masin,</i><trans> Just put your dirty laundry together with ours that’s already in the washing machine. </trans></eg>
</sense>
<sense n=""2""><number>2</number> <itype>[A; c6]</itype><trans> put in money, etc. to a pool. </trans>
<eg><i lang=""ceb"">Ilúnud ring ákung bayinti sa ímung pusta,</i><trans> Here’s my twenty pesos to put into your betting pool. </trans></eg>
</sense></hom>
<entry><form id=""luxnud_palit"" lang=""ceb""><abbr expan=""lúnud"">—</abbr> palit</form>
<hom role=""n""><pos>n</pos>
<sense n=""0""><trans> in cockfighting, a purchase of the cock where the owner is not paid, but the value of the cock is made part of the bet. The purchaser then proceeds to fight the cock. If the cock wins, the owner is paid double the purchase price and the purchaser keeps the cock. If the cock loses the owner is given nothing (since his purchase price was his bet). </trans>
</sense></hom></entry>
<entry><form id=""luxnud_paxtay"" lang=""ceb""><abbr expan=""lúnud"">—</abbr> pátay</form>
<hom role=""a""><pos>a</pos>
<sense n=""0""><trans> <tr>die-hard</tr>, <tr>inveterate</tr>. </trans>
<eg><i lang=""ceb"">Lúnud pátay (lunud pátay) nga Libiral,</i><trans> A die-hard Liberal. </trans></eg>
</sense></hom></entry>
<entry><form id=""linuxnud"" lang=""ceb""><abbr expan=""linúnud"">-in-</abbr></form>
<hom role=""n""><pos>n</pos>
<sense n=""0""><trans> way of cooking <ix>adúbu</ix> such that the meat is boiled first and then after it is boiled it is put into the bubbling fat. </trans>
</sense></hom>
<hom role=""v""><pos>v</pos>
<sense n=""0""> <itype>[A; c1]</itype><trans> make <ix>adúbu</ix> in this style.
</trans>
</sense></hom></entry></entry>");
INSERT INTO `wced_head` (entryid, head, normalized_head, type, pos) VALUES (11789, "lúnud", "lunud", "s", "v");
INSERT INTO `wced_head` (entryid, head, normalized_head, type, pos) VALUES (11789, "lúnud palit", "lunud palit", "s", "n");
INSERT INTO `wced_head` (entryid, head, normalized_head, type, pos) VALUES (11789, "lúnud pátay", "lunud patay", "s", "a");
INSERT INTO `wced_head` (entryid, head, normalized_head, type, pos) VALUES (11789, "linúnud", "linunud", "s", "nv");
INSERT INTO `wced_translation` (entryid, translation) VALUES (11789, "die-hard");
INSERT INTO `wced_translation` (entryid, translation) VALUES (11789, "inveterate");
INSERT INTO `wced_entry` VALUES (11790, "lunuglunug", "646", "<entry page=""646"" id=""11790""><form id=""lunuglunug"" lang=""ceb"">lunuglunug</form>
<hom role=""v""><pos>v</pos>
<sense n=""0""> <itype>[B146]</itype><trans> for the fat of meat, jelly, or the like to be soft, flabby, and quivering. </trans>
<eg><i lang=""ceb"">Naglunuglunug sa katambuk ang unud,</i><trans> The meat is soft and shaking like jelly because it’s all fat.
</trans></eg>
</sense></hom></entry>");
INSERT INTO `wced_head` (entryid, head, normalized_head, type, pos) VALUES (11790, "lunuglunug", "lunuglunug", "m", "v");
INSERT INTO `wced_entry` VALUES (11791, "lunuk", "646", "<entry page=""646"" id=""11791""><form id=""luxnuk"" lang=""ceb"">lúnuk</form>
<hom role=""n""><pos>n</pos>
<sense n=""1""><number>1</number><trans> brown, granular residue which remains after the oil has been cooked from the coconut. </trans>
</sense>
<sense n=""2""><number>2</number><trans> an old man who has lost his virility (humorous). </trans>
<eg><i lang=""ceb"">Mamána ka ánang lagas nga wà nay lána, lúnuk na lang,</i><trans> Are you going to marry that very old man, when he doesn’t have any oil (sperm) left? He’s all dried up. </trans></eg>
</sense></hom>
<hom role=""v""><pos>v</pos>
<sense n=""0""> <itype>[A2B12]</itype><trans> form granules like <ix>lúnuk</ix>. </trans>
<eg><i lang=""ceb"">Sigíhi ug ukay ug mulúnuk na ang tunù,</i><trans> Keep stirring when granules form in the coconut juice. </trans></eg>
<eg><i lang=""ceb"">Nalúnuk ang sabun nga íyang gilútù kay sayup ang timpla,</i><trans> The soap he cooked formed granules because he had the wrong mixture.
</trans></eg>
</sense></hom></entry>");
INSERT INTO `wced_head` (entryid, head, normalized_head, type, pos) VALUES (11791, "lúnuk", "lunuk", "m", "nv");
INSERT INTO `wced_entry` VALUES (11792, "lunup", "646", "<entry page=""646"" id=""11792""><form id=""luxnup"" lang=""ceb"">lúnup</form>
<hom role=""v""><pos>v</pos>
<sense n=""0""> <itype>[B456; b(1)]</itype><trans> </trans>
</sense>
<sense n=""1""><number>1</number><trans> <tr>flood</tr>. </trans>
<eg><i lang=""ceb"">Pirmi lang maglúnup sa Butwan kay gipamúril ang kakahuyan,</i><trans> There are always floods in Butuan because the mountains have been deforested. <pb n=""647""/></trans></eg>
</sense>
<sense n=""2""><number>2</number><trans> for an emotion to flood over one. </trans>
<eg><i lang=""ceb"">Gilunúpan siya sa túmang kalípay,</i><trans> He was overwhelmed with immense joy. </trans></eg>
</sense></hom>
<hom role=""n""><pos>n</pos>
<sense n=""0""><trans> <tr>flood</tr>. </trans>
<eg><i lang=""ceb"">Ang dakung lúnup sa tyimpu ni Nuwi,</i><trans> The great flood in Noah’s time.
</trans></eg>
</sense></hom></entry>");
INSERT INTO `wced_head` (entryid, head, normalized_head, type, pos) VALUES (11792, "lúnup", "lunup", "m", "vn");
INSERT INTO `wced_translation` (entryid, translation) VALUES (11792, "flood");
INSERT INTO `wced_entry` VALUES (11793, "lunus", "647", "<entry page=""647"" id=""11793""><form id=""luxnus"" lang=""ceb"">lúnus</form>
<hom role=""v""><pos>v</pos>
<sense n=""1""><number>1</number> <itype>[AB; a12]</itype><trans> for fruits, vegetables, root crops to soften; cause them to do so. </trans>
<eg><i lang=""ceb"">Mulúnus (malúnus) ang tawung nga dílì lutúun dáyun,</i><trans> Eggplants will soften and wither if you don’t cook them right away. </trans></eg>
<eg><i lang=""ceb"">Maglúnus kug ságing nga isugba,</i><trans> I’ll soften bananas for broiling. </trans></eg>
</sense>
<sense n=""2""><number>2</number> <itype>[B126]</itype><trans> get burned, heavily tanned from the sun. </trans>
<eg><i lang=""ceb"">Ang kaínit sa adlaw mauy nakalúnus (nakapalúnus) sa pánit sa mag-uúma,</i><trans> The heat of the sun scorched the farmer’s back. </trans></eg>
</sense>
<sense n=""3""><number>3</number> <itype>[B16; b4]</itype><trans> be <tr>starved</tr>, extremely <tr>hungry</tr> (as if withered). </trans>
<eg><i lang=""ceb"">À, lunúsan man sad ta sa gútum ug pinaábut nímu,</i><trans> I’m famished waiting for you. </trans></eg>
</sense></hom>
<hom role=""n""><pos>n</pos>
<sense n=""0""><trans> <tr>starvation</tr>. </trans>
</sense></hom>
<entry><form id=""luxnus"" lang=""ceb""><abbr expan=""lúnus"">(→)</abbr></form>
<hom role=""a""><pos>a</pos>
<sense n=""0""><trans> for fruits to be soft and withered. </trans>
<eg><i lang=""ceb"">Ságing nga lunus,</i><trans> Softly cooked bananas.
</trans></eg>
</sense></hom></entry></entry>");
INSERT INTO `wced_head` (entryid, head, normalized_head, type, pos) VALUES (11793, "lúnus", "lunus", "m", "vn");
INSERT INTO `wced_translation` (entryid, translation) VALUES (11793, "starved");
INSERT INTO `wced_translation` (entryid, translation) VALUES (11793, "hungry");
INSERT INTO `wced_translation` (entryid, translation) VALUES (11793, "starvation");
INSERT INTO `wced_entry` VALUES (11794, "lun-us", "647", "<entry page=""647"" id=""11794""><form id=""lun-us"" lang=""ceb"">lun-us</form>
<hom>
<sense n=""0""><trans> <xr lang=""ceb"" target=""#lusnuq"">= <sc>lusnù</sc>.</xr>
</trans>
</sense></hom></entry>");
INSERT INTO `wced_head` (entryid, head, normalized_head, type, pos) VALUES (11794, "lun-us", "lun-us", "m", "");
INSERT INTO `wced_entry` VALUES (11795, "lun-ut", "647", "<entry page=""647"" id=""11795""><form id=""lun-ut"" lang=""ceb"">lun-ut</form>
<hom role=""v""><pos>v</pos>
<sense n=""0""> <itype>[A2C; ac]</itype><trans> share a small space ordinarily occupied by one or two people. </trans>
<eg><i lang=""ceb"">Makiglun-ut siya nákug higdà kay tugnaw kunu,</i><trans> She wants me to sleep in her bed because she says it’s cold. </trans></eg>
<eg><i lang=""ceb"">Lun-úta lag mga bátà sa baksit,</i><trans> Just put the children together in the backseat.
</trans></eg>
</sense></hom></entry>");
INSERT INTO `wced_head` (entryid, head, normalized_head, type, pos) VALUES (11795, "lun-ut", "lun-ut", "m", "v");
INSERT INTO `wced_entry` VALUES (11796, "lunuy", "647", "<entry page=""647"" id=""11796""><form id=""lunuy"" lang=""ceb"">lunuy</form>
<hom role=""a""><pos>a</pos>
<sense n=""0""><trans> thoroughly soft and tender to touch. </trans>
</sense></hom>
<hom role=""v""><pos>v</pos>
<sense n=""0""> <itype>[B2; a]</itype><trans> become, make very soft and tender. </trans>
<eg><i lang=""ceb"">Nalunuy ang hinug ságing nga giban-ug,</i><trans> The ripe banana got very soft and tender because it got bruised. </trans></eg>
</sense></hom>
<entry><form id=""luxnuy"" lang=""ceb""><abbr expan=""lúnuy"">(←)</abbr></form>
<hom role=""v""><pos>v</pos>
<sense n=""0""> <itype>[BN]</itype><trans> become weak to the point of near collapse. </trans>
<eg><i lang=""ceb"">Mulúnuy (manglúnuy) ku basta gutmun,</i><trans> I become weak when I’m hungry. </trans></eg>
<eg><i lang=""ceb"">Nalúnuy dáyun ku pagkahibalu sa íyang kamatáyun,</i><trans> I felt weak all over when I learned of his death.
</trans></eg>
</sense></hom></entry></entry>");
INSERT INTO `wced_head` (entryid, head, normalized_head, type, pos) VALUES (11796, "lunuy", "lunuy", "m", "av");
INSERT INTO `wced_head` (entryid, head, normalized_head, type, pos) VALUES (11796, "lúnuy", "lunuy", "s", "v");
INSERT INTO `wced_entry` VALUES (11797, "lupa, lupa", "647", "<entry page=""647"" id=""11797""><form id=""lupa_lupaq"" lang=""ceb"">lupa, lupà</form>
<hom role=""v""><pos>v</pos>
<sense n=""0""> <itype>[B; b6]</itype><trans> be somewhat depressed below the surrounding land. </trans>
<eg><i lang=""ceb"">Giabunúhan níya ang mga dapit sa yútà nga naglupà,</i><trans> He filled up all the places in his land which were depressed. </trans></eg>
</sense></hom>
<hom role=""n""><pos>n</pos>
<sense n=""0""><trans> land that is below the level of the surrounding land. </trans>
<eg><i lang=""ceb"">Kanúnay bahaan ang íyang baul kay lupà man,</i><trans> His farm is always flooded because it is located in a depression.
</trans></eg>
</sense></hom></entry>");
INSERT INTO `wced_head` (entryid, head, normalized_head, type, pos) VALUES (11797, "lupa", "lupa", "s", "vn");
INSERT INTO `wced_head` (entryid, head, normalized_head, type, pos) VALUES (11797, "lupà", "lupa", "s", "vn");
INSERT INTO `wced_entry` VALUES (11798, "lupa", "647", "<entry page=""647"" id=""11798""><form id=""luxpaq"" lang=""ceb"">lúpà</form>
<hom role=""v""><pos>v</pos>
<sense n=""0""> <itype>[A]</itype><trans> for one that is misbehaving to do it all the more. </trans>
<eg><i lang=""ceb"">Human siya tambági sa pagsúgal, milúpà hinúun,</i><trans> After being cautioned about his gambling, he indulged in it all the more. </trans></eg>
<eg><i lang=""ceb"">Ayawg labáni nang batáa arun dì mulúpà,</i><trans> Don’t take that child’s part or he’ll misbehave all the more. </trans></eg>
</sense></hom>
<entry><form id=""luxpaq_ang_atay"" lang=""ceb""><abbr expan=""lúpà"">—</abbr> ang atay</form>
<hom role=""v""><pos>v</pos>
<sense n=""0""> <itype>[B246]</itype><trans> swell with pride. </trans>
<eg><i lang=""ceb"">Milúpà íyang atay pag-ingun nákung gwápu siya,</i><trans> He swelled with pride when I told him he was handsome.
</trans></eg>
</sense></hom></entry></entry>");
INSERT INTO `wced_head` (entryid, head, normalized_head, type, pos) VALUES (11798, "lúpà", "lupa", "m", "v");
INSERT INTO `wced_head` (entryid, head, normalized_head, type, pos) VALUES (11798, "lúpà ang atay", "lupa ang atay", "s", "v");
INSERT INTO `wced_entry` VALUES (11799, "lupad", "647", "<entry page=""647"" id=""11799""><form id=""lupad"" lang=""ceb"">lupad</form>
<hom role=""v""><pos>v</pos>
<sense n=""1""><number>1</number> <itype>[A; ac]</itype><trans> <tr>fly</tr>, take a plane, be sent flying. </trans>
<eg><i lang=""ceb"">Lupdun lang sa ubang langgam ang láing kuntininti,</i><trans> Some birds fly from one continent to another. </trans></eg>
<eg><i lang=""ceb"">Pugngi ímung kálù kay tingálig ilupad sa hángin,</i><trans> Hold on to your hat or the wind will blow it away. </trans></eg>
</sense>
<sense n=""2""><number>2</number> <itype>[B2456]</itype><trans> pass swiftly by. </trans>
<eg><i lang=""ceb"">Túling milupad ang mga túig,</i><trans> The years passed swiftly by. </trans></eg>
</sense>
<sense n=""3""><number>3</number> <itype>[b8]</itype><trans> fly into a rage. </trans>
<eg><i lang=""ceb"">Hingluparan kus maistra kay nayabu ang tintà,</i><trans> The teacher lost her temper at me because I spilled the ink. </trans></eg>
</sense>
<sense n=""4""><number>4</number> <itype>[A2]</itype><trans> <tr>travel</tr>, go s.w. (humorous, mildly derogatory). </trans>
<eg><i lang=""ceb"">Mau pa gánì pag-abut milupad sad dáyun,</i><trans> He just arrived then he immediately went away again. </trans></eg>
</sense></hom>
<hom role=""n""><pos>n</pos>
<sense n=""0""><trans> act of <tr>flying</tr>. </trans>
<eg><i lang=""ceb"">Kusug ang lupad sa dyit,</i><trans> The jet flies fast. </trans></eg>
</sense></hom>
<entry><form id=""kuxyug_sa_lupad_uban_sa_lupad"" lang=""ceb""><abbr expan=""kúyug sa lupad"">kúyug</abbr>, uban sa <abbr expan=""lupad"">—</abbr></form>
<hom role=""v""><pos>v</pos>
<sense n=""0""> <itype>[A; b6]</itype><trans> keep up with the latest fad, with the in thing. </trans>
<eg><i lang=""ceb"">Dì siya magpaiwit. Muuban giyud sa lupad (panlúpad) sa mga dátù,</i><trans> She does not want to be left behind. She keeps up with the rich. </trans></eg>
</sense></hom></entry>
<entry><form id=""mubuq_ug_lupad"" lang=""ceb"">mubù ug <abbr expan=""lupad"">—</abbr></form>
<hom>
<sense n=""0""><trans> <ix>see</ix> <xr lang=""ceb"" target=""#mubuq""><sc>mubù</sc>.</xr> </trans>
</sense></hom></entry>
<entry><form id=""luxpad"" lang=""ceb""><abbr expan=""lúpad"">(←)</abbr></form>
<hom role=""n""><pos>n</pos>
<sense n=""0""><trans> expanse of one’s travel. </trans>
<eg><i lang=""ceb"">Taas nag lúpad nang tawhána. Nakaabut nas Lundun,</i><trans> That man is widely travelled. He has gone to London. </trans></eg>
</sense></hom></entry>
<entry><form id=""taas_ug_lupad_taas_ug_luxpad"" lang=""ceb"">taas ug <abbr expan=""lupad"">—</abbr>, <abbr expan=""taas ug lúpad"">(←)</abbr></form>
<hom role=""a""><pos>a</pos>
<sense n=""1""><number>1</number><trans> always be out of one’s home and be at places where he is not supposed to be. </trans>
<eg><i lang=""ceb"">Taas ug lúpad (lupad) bayhána. Ásang bayli túa,</i><trans> This woman goes out too much. Wherever there’s dance, she is bound to be there. </trans></eg>
</sense>
<sense n=""2""><number>2</number><trans> travelling a lot. </trans>
<eg><i lang=""ceb"">Dì ba didtu kas Dábaw, nía na man sab lagi ka sa Manílà. Taása pud nímug lupad uy,</i><trans> You were in Davao, weren’t you, and now here you are in Manila. You sure do travel. </trans></eg>
</sense></hom></entry>
<entry><form id=""panglupad"" lang=""ceb""><abbr expan=""panglupad"">paN-</abbr></form>
<hom role=""n""><pos>n</pos>
<sense n=""0""><trans> act of flying (plural). †
</trans>
</sense></hom></entry></entry>");
INSERT INTO `wced_head` (entryid, head, normalized_head, type, pos) VALUES (11799, "lupad", "lupad", "m", "vn");
INSERT INTO `wced_head` (entryid, head, normalized_head, type, pos) VALUES (11799, "kúyug sa lupad", "kuyug sa lupad", "s", "v");
INSERT INTO `wced_head` (entryid, head, normalized_head, type, pos) VALUES (11799, "uban sa lupad", "uban sa lupad", "s", "v");
INSERT INTO `wced_head` (entryid, head, normalized_head, type, pos) VALUES (11799, "mubù ug lupad", "mubu ug lupad", "s", "");
INSERT INTO `wced_head` (entryid, head, normalized_head, type, pos) VALUES (11799, "lúpad", "lupad", "s", "n");
INSERT INTO `wced_head` (entryid, head, normalized_head, type, pos) VALUES (11799, "taas ug lupad", "taas ug lupad", "s", "a");
INSERT INTO `wced_head` (entryid, head, normalized_head, type, pos) VALUES (11799, "taas ug lúpad", "taas ug lupad", "s", "a");
INSERT INTO `wced_head` (entryid, head, normalized_head, type, pos) VALUES (11799, "panglupad", "panglupad", "s", "n");
INSERT INTO `wced_translation` (entryid, translation) VALUES (11799, "fly");
INSERT INTO `wced_translation` (entryid, translation) VALUES (11799, "travel");
INSERT INTO `wced_translation` (entryid, translation) VALUES (11799, "flying");
INSERT INTO `wced_entry` VALUES (11800, "lup-ad", "647", "<entry page=""647"" id=""11800""><form id=""lup-ad"" lang=""ceb"">lup-ad</form>
<hom role=""v""><pos>v</pos>
<sense n=""0""> <itype>[AN; b6]</itype><trans> <tr>spit saliva</tr>. </trans>
<eg><i lang=""ceb"">Kinsa ninyuy naglup-ad diri sa panghugasan?</i><trans> Which one of you spat in the sink? </trans></eg>
<eg><i lang=""ceb"">Gilup-aran ku níya,</i><trans> He spat on me. </trans></eg>
</sense></hom>
<entry><form id=""panglup-ad"" lang=""ceb""><abbr expan=""panglup-ad"">paN-</abbr></form>
<hom role=""v""><pos>v</pos>
<sense n=""0""> <itype>[A13]</itype><trans> keep spitting. </trans>
</sense></hom></entry>
<entry><form id=""lup-araxnan"" lang=""ceb"">lup-aránan</form>
<hom role=""n""><pos>n</pos>
<sense n=""0""><trans> <tr>spittoon</tr>.
</trans>
</sense></hom></entry></entry>");
INSERT INTO `wced_head` (entryid, head, normalized_head, type, pos) VALUES (11800, "lup-ad", "lup-ad", "m", "v");
INSERT INTO `wced_head` (entryid, head, normalized_head, type, pos) VALUES (11800, "panglup-ad", "panglup-ad", "s", "v");
INSERT INTO `wced_head` (entryid, head, normalized_head, type, pos) VALUES (11800, "lup-aránan", "lup-aranan", "s", "n");
INSERT INTO `wced_translation` (entryid, translation) VALUES (11800, "spit saliva");
INSERT INTO `wced_translation` (entryid, translation) VALUES (11800, "spittoon");
INSERT INTO `wced_entry` VALUES (11801, "lupak1", "647", "<entry page=""647"" id=""11801""><form id=""lupak"" lang=""ceb"">lupak<sub>1</sub></form>
<hom role=""v""><pos>v</pos>
<sense n=""0""> <itype>[A; a]</itype><trans> </trans>
</sense>
<sense n=""1""><number>1</number><trans> poke or pound repeatedly with the end of a stick. </trans>
<eg><i lang=""ceb"">Naglupak ku sa túbu nga nasampungan,</i><trans> I’m shoving a stick into the pipe that was stopped up. </trans></eg>
<eg><i lang=""ceb"">Lupakun ku kanang ilagà nga náa sa sulud,</i><trans> I’ll shove a stick into the hole to flush the rat out. </trans></eg>
</sense>
<sense n=""2""><number>2</number><trans> pound to mash or pulverize s.t. </trans>
<eg><i lang=""ceb"">Milupak siya sa humay,</i><trans> He pounded the rice. </trans></eg>
<eg><i lang=""ceb"">Maglupak tag ságing,</i><trans> We will mash bananas. </trans></eg>
</sense>
<sense n=""3""><number>3</number><trans> make <ix>lupak</ix>. </trans>
</sense></hom>
<hom role=""n""><pos>n</pos>
<sense n=""0""><trans> a k.o. sweet made out of pounded, cooked, unripe bananas, mixed with half-matured coconut, shredded, and sugared. </trans>
</sense></hom>
<entry><form id=""nilupak_linupak"" lang=""ceb""><abbr expan=""nilupak"">ni-</abbr>, <abbr expan=""linupak"">-in-</abbr></form>
<hom>
<sense n=""0""><trans> <xr lang=""ceb"" target=""#lupak"">= <sc>lupak</sc>.</xr>
</trans>
</sense></hom></entry></entry>");
INSERT INTO `wced_head` (entryid, head, normalized_head, type, pos) VALUES (11801, "lupak", "lupak", "s", "vn");
INSERT INTO `wced_head` (entryid, head, normalized_head, type, pos) VALUES (11801, "nilupak", "nilupak", "s", "");
INSERT INTO `wced_head` (entryid, head, normalized_head, type, pos) VALUES (11801, "linupak", "linupak", "s", "");
INSERT INTO `wced_entry` VALUES (11802, "lupak2", "647", "<entry page=""647"" id=""11802""><form id=""lupak2"" lang=""ceb"">lupak<sub>2</sub></form>
<hom role=""n""><pos>n</pos>
<sense n=""0""><trans> the young of the rudderfish (<ix>damagan</ix>, <ix>1</ix>).
</trans>
</sense></hom></entry>");
INSERT INTO `wced_head` (entryid, head, normalized_head, type, pos) VALUES (11802, "lupak", "lupak", "s", "n");
INSERT INTO `wced_entry` VALUES (11803, "lupasi", "647", "<entry page=""647"" id=""11803""><form id=""lupasiq"" lang=""ceb"">lupasì</form>
<hom role=""a""><pos>a</pos>
<sense n=""0""><trans> <tr>pallid</tr> in complexion. </trans>
<eg><i lang=""ceb"">Ang bátang bitúkun <pb n=""648""/>lupasì ug pamánit,</i><trans> A child infested with parasitic worms tends to have a pallid complexion. </trans></eg>
</sense></hom>
<hom role=""v""><pos>v</pos>
<sense n=""0""> <itype>[B]</itype><trans> for the complexion to become pale.
</trans>
</sense></hom></entry>");
INSERT INTO `wced_head` (entryid, head, normalized_head, type, pos) VALUES (11803, "lupasì", "lupasi", "m", "av");
INSERT INTO `wced_translation` (entryid, translation) VALUES (11803, "pallid");
INSERT INTO `wced_entry` VALUES (11804, "lupi", "648", "<entry page=""648"" id=""11804""><form id=""lupiq"" lang=""ceb"">lupì</form>
<hom role=""n""><pos>n</pos>
<sense n=""1""><number>1</number><trans> turned down corner of a page. </trans>
</sense>
<sense n=""2""><number>2</number><trans> <xr lang=""ceb"" target=""#alupiq"">= <sc>alupì</sc>.</xr> </trans>
</sense></hom>
<hom role=""v""><pos>v</pos>
<sense n=""0""> <itype>[A; c1]</itype><trans> turn down a corner of the leaf of a book. </trans>
<eg><i lang=""ceb"">Gilupian níya ang tumuy sa pahina nga íyang giundángan,</i><trans> She turned down the corner of the page where she stopped.
</trans></eg>
</sense></hom></entry>");
INSERT INTO `wced_head` (entryid, head, normalized_head, type, pos) VALUES (11804, "lupì", "lupi", "m", "nv");
INSERT INTO `wced_entry` VALUES (11805, "lupig", "648", "<entry page=""648"" id=""11805""><form id=""luxpig"" lang=""ceb"">lúpig</form>
<hom role=""a""><pos>a</pos>
<sense n=""0""><trans> <tr>inferior</tr>, <tr>outclassed</tr>. </trans>
<eg><i lang=""ceb"">Lúpig ku siyag ínum,</i><trans> He is no match for me when it comes to drinking. </trans></eg>
<eg><i lang=""ceb"">Lúpig pa nímuy buguy,</i><trans> You’re worse than a hoodlum. </trans></eg>
</sense></hom>
<entry><form id=""walay_luxpig"" lang=""ceb"">walay <abbr expan=""lúpig"">—</abbr></form>
<hom>
<sense n=""0""><trans> nothing is better than (lit. outclassed by). </trans>
<eg><i lang=""ceb"">Way lúpig sa mag-amping,</i><trans> There’s nothing better than being careful. </trans></eg>
<eg><i lang=""ceb"">Lúpig pa níyay galingan mukáun,</i><trans> He can consume more than a mill. </trans></eg>
</sense></hom>
<hom role=""v""><pos>v</pos>
<sense n=""1""><number>1</number> <itype>[A23S; a2b2]</itype><trans> <tr>overpower</tr>, <tr>outclass</tr>. </trans>
<eg><i lang=""ceb"">Way makalupig sa íyang katabian,</i><trans> Nobody can outdo her in talkativeness. </trans></eg>
<eg><i lang=""ceb"">Mubangka ku ug lupígun ku nímug bú,</i><trans> I will treat you if you beat me in arm wrestling. </trans></eg>
</sense>
<sense n=""2""><number>2</number> <itype>[AN; b(1)]</itype><trans> <tr>exploit</tr>, take advantage over s.o. by cheating. </trans>
<eg><i lang=""ceb"">Kusug siyang mulúpig (manlúpig) sa uban salig kay abugádu siya,</i><trans> Basing himself on his ability as a lawyer, he takes advantage of people. </trans></eg>
</sense></hom></entry>
<entry><form id=""malupixgun"" lang=""ceb""><abbr expan=""malupígun"">ma-un</abbr></form>
<hom role=""a""><pos>a</pos>
<sense n=""0""><trans> exploiting in a cruel way. </trans>
<eg><i lang=""ceb"">Malupígun ang mga Katsílà kaniadtu,</i><trans> The Spaniards were oppressive in former times. </trans></eg>
</sense></hom></entry>
<entry><form id=""pangluxpig"" lang=""ceb""><abbr expan=""panglúpig"">paN-</abbr></form>
<hom role=""n""><pos>n</pos>
<sense n=""0""><trans> taking advantage of s.o. and cheating him out of s.t.
</trans>
</sense></hom></entry></entry>");
INSERT INTO `wced_head` (entryid, head, normalized_head, type, pos) VALUES (11805, "lúpig", "lupig", "m", "a");
INSERT INTO `wced_head` (entryid, head, normalized_head, type, pos) VALUES (11805, "walay lúpig", "walay lupig", "s", "v");
INSERT INTO `wced_head` (entryid, head, normalized_head, type, pos) VALUES (11805, "malupígun", "malupigun", "s", "a");
INSERT INTO `wced_head` (entryid, head, normalized_head, type, pos) VALUES (11805, "panglúpig", "panglupig", "s", "n");
INSERT INTO `wced_translation` (entryid, translation) VALUES (11805, "inferior");
INSERT INTO `wced_translation` (entryid, translation) VALUES (11805, "outclassed");
INSERT INTO `wced_translation` (entryid, translation) VALUES (11805, "overpower");
INSERT INTO `wced_translation` (entryid, translation) VALUES (11805, "outclass");
INSERT INTO `wced_translation` (entryid, translation) VALUES (11805, "exploit");
INSERT INTO `wced_entry` VALUES (11806, "lupir", "648", "<entry page=""648"" id=""11806""><form id=""luxpir"" lang=""ceb"">lúpir</form>
<hom role=""n""><pos>n</pos>
<sense n=""0""><trans> <tr>sport jacket</tr>. </trans>
</sense></hom>
<hom role=""v""><pos>v</pos>
<sense n=""0""> <itype>[A; c]</itype><trans> wear a sport jacket.
</trans>
</sense></hom></entry>");
INSERT INTO `wced_head` (entryid, head, normalized_head, type, pos) VALUES (11806, "lúpir", "lupir", "m", "nv");
INSERT INTO `wced_translation` (entryid, translation) VALUES (11806, "sport jacket");
INSERT INTO `wced_entry` VALUES (11807, "lupis", "648", "<entry page=""648"" id=""11807""><form id=""luxpis"" lang=""ceb"">lúpis</form>
<hom role=""n""><pos>n</pos>
<sense n=""0""><trans> dried strips of abaca trunk or certain varieties of bananas which have not been processed into fibers, used for tying and other similar purposes.
</trans>
</sense></hom></entry>");
INSERT INTO `wced_head` (entryid, head, normalized_head, type, pos) VALUES (11807, "lúpis", "lupis", "m", "n");
INSERT INTO `wced_entry` VALUES (11808, "lup-it", "648", "<entry page=""648"" id=""11808""><form id=""lup-it"" lang=""ceb"">lup-it</form>
<hom role=""v""><pos>v</pos>
<sense n=""0""> <itype>[A; b]</itype><trans> press s.t. tight between two surfaces. </trans>
<eg><i lang=""ceb"">Naglup-it ug mga dáhung layà ang libru,</i><trans> The book has some dead leaves pressed inside it. </trans></eg>
</sense></hom>
<entry><form id=""palup-it"" lang=""ceb""><abbr expan=""palup-it"">pa-</abbr></form>
<hom role=""v""><pos>v</pos>
<sense n=""0""> <itype>[A; b]</itype><trans> put s.t. in between two flat surfaces so as to press it. </trans>
<eg><i lang=""ceb"">Pusturáwu siyang tan-áwun ug magpalup-it sa púlu,</i><trans> He looks good when he tucks his shirt in.
</trans></eg>
</sense></hom></entry></entry>");
INSERT INTO `wced_head` (entryid, head, normalized_head, type, pos) VALUES (11808, "lup-it", "lup-it", "m", "v");
INSERT INTO `wced_head` (entryid, head, normalized_head, type, pos) VALUES (11808, "palup-it", "palup-it", "s", "v");
INSERT INTO `wced_entry` VALUES (11809, "lupnis", "648", "<entry page=""648"" id=""11809""><form id=""lupnis"" lang=""ceb"">lupnis</form>
<hom>
<sense n=""0""><trans> <xr lang=""ceb"" target=""#luxpis"">= <sc>lúpis</sc>.</xr>
</trans>
</sense></hom></entry>");
INSERT INTO `wced_head` (entryid, head, normalized_head, type, pos) VALUES (11809, "lupnis", "lupnis", "m", "");
INSERT INTO `wced_entry` VALUES (11810, "lupu1", "648", "<entry page=""648"" id=""11810""><form id=""lupuq"" lang=""ceb"">lupù<sub>1</sub></form>
<hom role=""n""><pos>n</pos>
<sense n=""0""><trans> k.o. small blackish fish with lightly toxic dorsal spines, often found on the bottom in fresh or brackish waters: <bio>Gymnapistes niger</bio>.
</trans>
</sense></hom></entry>");
INSERT INTO `wced_head` (entryid, head, normalized_head, type, pos) VALUES (11810, "lupù", "lupu", "s", "n");
INSERT INTO `wced_entry` VALUES (11811, "lupu2", "648", "<entry page=""648"" id=""11811""><form id=""lupuq2"" lang=""ceb"">lupù<sub>2</sub></form>
<hom role=""v""><pos>v</pos>
<sense n=""0""> <itype>[A3P; b6(1)]</itype><trans> <tr>shut off</tr>, <tr>block</tr> a passage or flow. </trans>
<eg><i lang=""ceb"">Gúmun sa buhuk ang nakalupù (nakapalupù) sa labábu,</i><trans> The wash basin was stopped up by some hair. </trans></eg>
<eg><i lang=""ceb"">Ílang gilup-an (gilupuan) ang agiánan arun pagbanhig sa ílang mga kaáway,</i><trans> They blocked the way so that they could ambush their enemy. </trans></eg>
</sense></hom>
<hom role=""n""><pos>n</pos>
<sense n=""0""><trans> s.t. used to block the flow or passage.
</trans>
</sense></hom></entry>");
INSERT INTO `wced_head` (entryid, head, normalized_head, type, pos) VALUES (11811, "lupù", "lupu", "s", "vn");
INSERT INTO `wced_translation` (entryid, translation) VALUES (11811, "shut off");
INSERT INTO `wced_translation` (entryid, translation) VALUES (11811, "block");
INSERT INTO `wced_entry` VALUES (11812, "lupug1", "648", "<entry page=""648"" id=""11812""><form id=""luxpug"" lang=""ceb"">lúpug<sub>1</sub></form>
<hom role=""a""><pos>a</pos>
<sense n=""0""><trans> for the eyes to be smarting. </trans>
</sense></hom>
<hom role=""v""><pos>v</pos>
<sense n=""1""><number>1</number> <itype>[A123P; b4]</itype><trans> for the eyes to sting. </trans>
<eg><i lang=""ceb"">Bùbúig túbig ang bátà kay gilupúgan,</i><trans> Pour water on the child because his eyes are stinging. </trans></eg>
</sense>
<sense n=""2""><number>2</number> <itype>[B; b6]</itype><trans> for tears to fill the eyes and blur the vision. </trans>
<eg><i lang=""ceb"">Nalúpug ang íyang mga mata sa lúhà,</i><trans> Tears filled her eyes.
</trans></eg>
</sense></hom></entry>");
INSERT INTO `wced_head` (entryid, head, normalized_head, type, pos) VALUES (11812, "lúpug", "lupug", "s", "av");
INSERT INTO `wced_entry` VALUES (11813, "lupug2", "648", "<entry page=""648"" id=""11813""><form id=""luxpug2"" lang=""ceb"">lúpug<sub>2</sub></form>
<hom role=""v""><pos>v</pos>
<sense n=""0""> <itype>[A; a12b2]</itype><trans> chase, run after s.t. that is running. </trans>
<eg><i lang=""ceb"">Mulúpug nang irúag mudágan ka,</i><trans> That dog will chase you if you run. </trans></eg>
<eg><i lang=""ceb"">Lupúgun ta ka run ug dílì ka muari,</i><trans> I will run after you if you don’t come here. </trans></eg>
<eg><i lang=""ceb"">Hinglupugan siya kay nangáwat ug mangga,</i><trans> He got himself chased because he stole some mangoes.
</trans></eg>
</sense></hom></entry>");
INSERT INTO `wced_head` (entryid, head, normalized_head, type, pos) VALUES (11813, "lúpug", "lupug", "s", "v");
INSERT INTO `wced_entry` VALUES (11814, "lup-ug", "648", "<entry page=""648"" id=""11814""><form id=""lup-ug"" lang=""ceb"">lup-ug</form>
<hom role=""v""><pos>v</pos>
<sense n=""0""> <itype>[B26; b6]</itype><trans> slump down to one’s feet. </trans>
<eg><i lang=""ceb"">Nadismáyu siya ug nalup-ug (milup-ug) sa yútà,</i><trans> She fainted and slumped to the ground. </trans></eg>
<eg><i lang=""ceb"">Dihà ra hibuntagi ang hubug sa íyang gilup-úgan,</i><trans> Morning found the drunk lying where he had fallen.
</trans></eg>
</sense></hom></entry>");
INSERT INTO `wced_head` (entryid, head, normalized_head, type, pos) VALUES (11814, "lup-ug", "lup-ug", "m", "v");
INSERT INTO `wced_entry` VALUES (11815, "lupuk", "648", "<entry page=""648"" id=""11815""><form id=""luxpuk"" lang=""ceb"">lúpuk</form>
<hom role=""n""><pos>n</pos>
<sense n=""0""><trans> young <tr>locust</tr>.
</trans>
</sense></hom></entry>");
INSERT INTO `wced_head` (entryid, head, normalized_head, type, pos) VALUES (11815, "lúpuk", "lupuk", "m", "n");
INSERT INTO `wced_translation` (entryid, translation) VALUES (11815, "locust");
INSERT INTO `wced_entry` VALUES (11816, "lupus1", "648", "<entry page=""648"" id=""11816""><form id=""luxpus"" lang=""ceb"">lúpus<sub>1</sub></form>
<hom role=""v""><pos>v</pos>
<sense n=""0""> <itype>[B12]</itype><trans> for a person to be <tr>drenched</tr>. </trans>
<eg><i lang=""ceb"">Nalúpus siya sa singut,</i><trans> He was drenched in sweat. </trans></eg>
<eg><i lang=""ceb"">Diyútay rang túbig ikalígù. Dì gánì makalúpus,</i><trans> This isn’t enough water to bathe with. It won’t even get me wet.
</trans></eg>
</sense></hom></entry>");
INSERT INTO `wced_head` (entryid, head, normalized_head, type, pos) VALUES (11816, "lúpus", "lupus", "s", "v");
INSERT INTO `wced_translation` (entryid, translation) VALUES (11816, "drenched");
INSERT INTO `wced_entry` VALUES (11817, "lupus2", "648", "<entry page=""648"" id=""11817""><form id=""luxpus2"" lang=""ceb"">lúpus<sub>2</sub></form>
<hom role=""v""><pos>v</pos>
<sense n=""0""> <itype>[A; a12]</itype><trans> <tr>bully</tr>. </trans>
<eg><i lang=""ceb"">Lupúsun lang mi nímu kay dakù man ka,</i><trans> You bully us because you are bigger than us.
</trans></eg>
</sense></hom></entry>");
INSERT INTO `wced_head` (entryid, head, normalized_head, type, pos) VALUES (11817, "lúpus", "lupus", "s", "v");
INSERT INTO `wced_translation` (entryid, translation) VALUES (11817, "bully");
INSERT INTO `wced_entry` VALUES (11818, "luput", "648", "<entry page=""648"" id=""11818""><form id=""luput"" lang=""ceb"">luput</form>
<hom role=""v""><pos>v</pos>
<sense n=""0""> <itype>[B23(1); b4]</itype><trans> </trans>
</sense>
<sense n=""1""><number>1</number><trans> leave a mark on or injure the skin after winding, tying, etc. s.t. tightly on it. </trans>
<eg><i lang=""ceb"">Miluput ang písì sa tiil sa bábuy,</i><trans> The rope was tied so tight around the pig’s foot it left a mark. </trans></eg>
</sense>
<sense n=""2""><number>2</number><trans> leave a crease on a cloth upon folding or pressing. </trans>
<eg><i lang=""ceb"">Muluput (maluput) ang íyang inutawan,</i><trans> She irons creases into the clothes. </trans></eg>
</sense></hom>
<hom role=""n""><pos>n</pos>
<sense n=""1""><number>1</number><trans> mark left on the skin after tying s.t. tightly around it. </trans>
</sense>
<sense n=""2""><number>2</number><trans> crease, fold on a cloth.
</trans>
</sense></hom></entry>");
INSERT INTO `wced_head` (entryid, head, normalized_head, type, pos) VALUES (11818, "luput", "luput", "m", "vn");
INSERT INTO `wced_entry` VALUES (11819, "lup-ut1", "648", "<entry page=""648"" id=""11819""><form id=""lup-ut"" lang=""ceb"">lup-ut<sub>1</sub></form>
<hom>
<sense n=""0""><trans> <xr lang=""ceb"" target=""#luput"">= <sc>luput</sc>, <i lang=""ceb"">n1, v1.</i></xr>
</trans>
</sense></hom></entry>");
INSERT INTO `wced_head` (entryid, head, normalized_head, type, pos) VALUES (11819, "lup-ut", "lup-ut", "s", "");
INSERT INTO `wced_entry` VALUES (11820, "lup-ut2", "648", "<entry page=""648"" id=""11820""><form id=""lup-ut2"" lang=""ceb"">lup-ut<sub>2</sub></form>
<hom role=""v""><pos>v</pos>
<sense n=""0""> <itype>[AP; cP]</itype><trans> <tr>tuck s.t. in</tr> or under. </trans>
<eg><i lang=""ceb"">Ilup-ut (ipalup-ut) ang ímung púlu,</i><trans> Tuck your shirt in.
</trans></eg>
</sense></hom></entry>");
INSERT INTO `wced_head` (entryid, head, normalized_head, type, pos) VALUES (11820, "lup-ut", "lup-ut", "s", "v");
INSERT INTO `wced_translation` (entryid, translation) VALUES (11820, "tuck s.t. in");
INSERT INTO `wced_entry` VALUES (11821, "lup-ut3", "648", "<entry page=""648"" id=""11821""><form id=""lup-ut3"" lang=""ceb"">lup-ut<sub>3</sub></form>
<hom role=""v""><pos>v</pos>
<sense n=""0""> <itype>[A2C1; b6]</itype><trans> share a space for sitting or sleeping with s.o. </trans>
<eg><i lang=""ceb"">Dì ta makalup-ut sa tihíras,</i><trans> We can’t sleep together on one small cot. </trans></eg>
<eg><i lang=""ceb"">Naglup-ut ming duhag lingkud sa usa ka síya,</i><trans> We sat together in one chair.
</trans></eg>
</sense></hom></entry>");
INSERT INTO `wced_head` (entryid, head, normalized_head, type, pos) VALUES (11821, "lup-ut", "lup-ut", "s", "v");
INSERT INTO `wced_entry` VALUES (11822, "lupuy", "648", "<entry page=""648"" id=""11822""><form id=""lupuy"" lang=""ceb"">lupuy</form>
<hom role=""n""><pos>n</pos>
<sense n=""0""><trans> the fry of <ix>andúhaw</ix>.
</trans>
</sense></hom></entry>");
INSERT INTO `wced_head` (entryid, head, normalized_head, type, pos) VALUES (11822, "lupuy", "lupuy", "m", "n");
INSERT INTO `wced_entry` VALUES (11823, "lupyak", "648", "<entry page=""648"" id=""11823""><form id=""lupyak"" lang=""ceb"">lupyak</form>
<hom role=""v""><pos>v</pos>
<sense n=""0""> <itype>[AB2; b6]</itype><trans> </trans>
</sense>
<sense n=""1""><number>1</number><trans> get, make a <tr>dent</tr> in s.t. </trans>
<eg><i lang=""ceb"">Lupyákig gamay ang táru ágig timáan,</i><trans> Put a small dent into the kerosene can to mark it. </trans></eg>
</sense>
<sense n=""2""><number>2</number><trans> for earth to sink, cause it to do so. </trans>
<eg><i lang=""ceb"">Ang yútang giabúnu sa bangag mulupyak ug ulanun,</i><trans> The earth that was filled into the hole will collapse when it rains. </trans></eg>
</sense></hom>
<hom role=""a""><pos>a</pos>
<sense n=""0""><trans> <tr>sunken</tr>, <tr>dented</tr>. <pb n=""649""/></trans>
<eg><i lang=""ceb"">Lupyak ug áping ang níwang,</i><trans> A thin person has sunken cheeks.
</trans></eg>
</sense></hom></entry>");
INSERT INTO `wced_head` (entryid, head, normalized_head, type, pos) VALUES (11823, "lupyak", "lupyak", "m", "va");
INSERT INTO `wced_translation` (entryid, translation) VALUES (11823, "dent");
INSERT INTO `wced_translation` (entryid, translation) VALUES (11823, "sunken");
INSERT INTO `wced_translation` (entryid, translation) VALUES (11823, "dented");
INSERT INTO `wced_entry` VALUES (11824, "*lupyu", "649", "<entry page=""649"" id=""11824""><form id=""xxlupyuq"" lang=""ceb"">*lupyù</form>
<hom>
<sense n=""0""><trans> (from <ix>puyù</ix>) </trans>
</sense></hom>
<entry><form id=""lumulupyuq_mulupyuq"" lang=""ceb""><abbr expan=""lumulupyù"">-um-r-</abbr>, <abbr expan=""mulupyù"">mu-</abbr></form>
<hom role=""n""><pos>n</pos>
<sense n=""0""><trans> <tr>inhabitant</tr>, <tr>resident</tr> of a locality. </trans>
<eg><i lang=""ceb"">Ang kasagáran sa mga lumulupyù (mulupyù) dinhi mangingisdà,</i><trans> Most of the inhabitants here are fishermen.
</trans></eg>
</sense></hom></entry></entry>");
INSERT INTO `wced_head` (entryid, head, normalized_head, type, pos) VALUES (11824, "lupyù", "lupyu", "s", "");
INSERT INTO `wced_head` (entryid, head, normalized_head, type, pos) VALUES (11824, "lumulupyù", "lumulupyu", "s", "n");
INSERT INTO `wced_head` (entryid, head, normalized_head, type, pos) VALUES (11824, "mulupyù", "mulupyu", "s", "n");
INSERT INTO `wced_translation` (entryid, translation) VALUES (11824, "inhabitant");
INSERT INTO `wced_translation` (entryid, translation) VALUES (11824, "resident");
INSERT INTO `wced_entry` VALUES (11825, "lurang", "649", "<entry page=""649"" id=""11825""><form id=""lurang"" lang=""ceb"">lurang</form>
<hom role=""v""><pos>v</pos>
<sense n=""0""> <itype>[B24]</itype><trans> </trans>
</sense>
<sense n=""1""><number>1</number><trans> for a storm or some other natural force to <tr>abate</tr>. </trans>
<eg><i lang=""ceb"">Milurang na ang bagyu,</i><trans> The typhoon has let up. </trans></eg>
</sense>
<sense n=""2""><number>2</number><trans> for problems, anger, etc. to abate. </trans>
<eg><i lang=""ceb"">Wà giyuy paági nga makapalurang (makalurang) sa kagúbut sa midul-ist,</i><trans> There seems to be no solution to the trouble in the Middle East.
</trans></eg>
</sense></hom></entry>");
INSERT INTO `wced_head` (entryid, head, normalized_head, type, pos) VALUES (11825, "lurang", "lurang", "m", "v");
INSERT INTO `wced_translation` (entryid, translation) VALUES (11825, "abate");
INSERT INTO `wced_entry` VALUES (11826, "lurat", "649", "<entry page=""649"" id=""11826""><form id=""luxrat"" lang=""ceb"">lúrat</form>
<hom role=""v""><pos>v</pos>
<sense n=""0""> <itype>[A2S; c1P]</itype><trans> </trans>
</sense>
<sense n=""1""><number>1</number><trans> open the eyes wide. </trans>
<eg><i lang=""ceb"">Papyúnga ang mata sa minatay kay naglurat,</i><trans> Close the dead man’s eyes because they are wide open. </trans></eg>
<eg><i lang=""ceb"">Dì kang kakità? Luráta (ilúrat, paluráta, ipalúrat) ímung mata,</i><trans> You can’t see? Open your eyes wide. </trans></eg>
</sense>
<sense n=""2""><number>2</number><trans> <tr>glower</tr> at s.o. to show angry disapproval. </trans>
<eg><i lang=""ceb"">Gilurátan sa maistru ang mga istudiyanting nagtábì,</i><trans> The teacher glowered at the students who were talking. </trans></eg>
</sense></hom>
<hom role=""n""><pos>n</pos>
<sense n=""0""><trans> act of <tr>glowering</tr>. </trans>
<eg><i lang=""ceb"">Sa usa lang ka lúrat ni Tátay hílum ming tanan,</i><trans> Father can silence us with just one look. </trans></eg>
</sense></hom>
<entry><form id=""hiluxrat_haluxrat"" lang=""ceb""><abbr expan=""hilúrat"">hi-</abbr>/<abbr expan=""halúrat"">ha-</abbr></form>
<hom role=""v""><pos>v</pos>
<sense n=""0""> <itype>[B1256]</itype><trans> have one’s eyes pop wide open. </trans>
<eg><i lang=""ceb"">Nahalúrat siya sa kahibúlung,</i><trans> Her eyes opened wide in surprise.
</trans></eg>
</sense></hom></entry></entry>");
INSERT INTO `wced_head` (entryid, head, normalized_head, type, pos) VALUES (11826, "lúrat", "lurat", "m", "vn");
INSERT INTO `wced_head` (entryid, head, normalized_head, type, pos) VALUES (11826, "hilúrat", "hilurat", "s", "v");
INSERT INTO `wced_head` (entryid, head, normalized_head, type, pos) VALUES (11826, "halúrat", "halurat", "s", "v");
INSERT INTO `wced_translation` (entryid, translation) VALUES (11826, "glower");
INSERT INTO `wced_translation` (entryid, translation) VALUES (11826, "glowering");
INSERT INTO `wced_entry` VALUES (11827, "luray1", "649", "<entry page=""649"" id=""11827""><form id=""luxray"" lang=""ceb"">lúray<sub>1</sub></form>
<hom role=""v""><pos>v</pos>
<sense n=""0""> <itype>[B3(1)6]</itype><trans> for a top to wobble as it spins to a stop. </trans>
</sense></hom>
<hom role=""n""><pos>n</pos>
<sense n=""0""><trans> wobbling of a top as it spins to a stop.
</trans>
</sense></hom></entry>");
INSERT INTO `wced_head` (entryid, head, normalized_head, type, pos) VALUES (11827, "lúray", "luray", "s", "vn");
INSERT INTO `wced_entry` VALUES (11828, "luray2", "649", "<entry page=""649"" id=""11828""><form id=""luxray2"" lang=""ceb"">lúray<sub>2</sub></form>
<hom role=""v""><pos>v</pos>
<sense n=""0""> <itype>[B2; c1P]</itype><trans> for the voice to be affectionate with a slurring intonation. </trans>
<eg><i lang=""ceb"">Mulúray na gánì íyang tíngug dúna siyay ihangyù nímu,</i><trans> When her voice gets sweet, she has a request to make. </trans></eg>
</sense></hom>
<hom role=""a""><pos>a</pos>
<sense n=""0""><trans> affectionate with a slurring intonation. </trans>
</sense></hom>
<entry><form id=""pinaluxray"" lang=""ceb""><abbr expan=""pinalúray"">pina-</abbr></form>
<hom role=""a""><pos>a</pos>
<sense n=""0""><trans> with an affectionate, slurring intonation. </trans>
<eg><i lang=""ceb"">Pinalúray ang íyang tíngug nga mihanggat nákù sa pagpangatúlug,</i><trans> With an affectionate voice, she asked me to come to bed.
</trans></eg>
</sense></hom></entry></entry>");
INSERT INTO `wced_head` (entryid, head, normalized_head, type, pos) VALUES (11828, "lúray", "luray", "s", "va");
INSERT INTO `wced_head` (entryid, head, normalized_head, type, pos) VALUES (11828, "pinalúray", "pinaluray", "s", "a");
INSERT INTO `wced_entry` VALUES (11829, "lurir", "649", "<entry page=""649"" id=""11829""><form id=""luxrir"" lang=""ceb"">lúrir</form>
<hom>
<sense n=""0""><trans> <xr lang=""ceb"" target=""#ruxlir"">= <sc>rúlir</sc>.</xr>
</trans>
</sense></hom></entry>");
INSERT INTO `wced_head` (entryid, head, normalized_head, type, pos) VALUES (11829, "lúrir", "lurir", "m", "");
INSERT INTO `wced_entry` VALUES (11830, "luru", "649", "<entry page=""649"" id=""11830""><form id=""luru"" lang=""ceb"">luru</form>
<hom role=""v""><pos>v</pos>
<sense n=""0""> <itype>[B2N]</itype><trans> for hair to fall out. </trans>
<eg><i lang=""ceb"">Mangluru (muluru) ang buhuk basta kaspahun,</i><trans> If you have dandruff your hair will fall out. </trans></eg>
</sense></hom>
<entry><form id=""pangluru"" lang=""ceb""><abbr expan=""pangluru"">paN-</abbr></form>
<hom role=""n""><pos>n</pos>
<sense n=""0""><trans> falling hair.
</trans>
</sense></hom></entry></entry>");
INSERT INTO `wced_head` (entryid, head, normalized_head, type, pos) VALUES (11830, "luru", "luru", "m", "v");
INSERT INTO `wced_head` (entryid, head, normalized_head, type, pos) VALUES (11830, "pangluru", "pangluru", "s", "n");
INSERT INTO `wced_entry` VALUES (11831, "luru1", "649", "<entry page=""649"" id=""11831""><form id=""luxruq"" lang=""ceb"">lúrù<sub>1</sub></form>
<hom role=""v""><pos>v</pos>
<sense n=""1""><number>1</number> <itype>[B6]</itype><trans> be <tr>drooping</tr>. </trans>
<eg><i lang=""ceb"">Milúrù ang sangang namungíngi sa mga búnga,</i><trans> The branch was drooping, it was so laden with fruits. </trans></eg>
<eg><i lang=""ceb"">Nalúrù ang babáying gikuyapan sa simbahan,</i><trans> The lady fainted in church and sat there limp. </trans></eg>
</sense>
<sense n=""2""><number>2</number> <itype>[B126]</itype><trans> <tr>become dizzy</tr>. </trans>
<eg><i lang=""ceb"">Nalúrù ku sa bangkà kay bawud,</i><trans> I felt seasick in the boat because of the rough seas. </trans></eg>
<eg><i lang=""ceb"">Tyubíbu ang nakalúrù (nakapalúrù) níya,</i><trans> The merry-go-round made her dizzy.
</trans></eg>
</sense></hom></entry>");
INSERT INTO `wced_head` (entryid, head, normalized_head, type, pos) VALUES (11831, "lúrù", "luru", "s", "v");
INSERT INTO `wced_translation` (entryid, translation) VALUES (11831, "drooping");
INSERT INTO `wced_translation` (entryid, translation) VALUES (11831, "become dizzy");
INSERT INTO `wced_entry` VALUES (11832, "lurung", "649", "<entry page=""649"" id=""11832""><form id=""luxrung"" lang=""ceb"">lúrung</form>
<hom role=""v""><pos>v</pos>
<sense n=""0""> <itype>[B12; b3(1)]</itype><trans> get dizzy from motion or from being poisoned or nauseated. </trans>
<eg><i lang=""ceb"">Nalúrung ku humag tuyuktúyuk nákù,</i><trans> I got dizzy after I turned myself round and round. </trans></eg>
<eg><i lang=""ceb"">Ísug nga sigarilyu nga ákung nalurúngan,</i><trans> The strong cigarettes made me dizzy.
</trans></eg>
</sense></hom></entry>");
INSERT INTO `wced_head` (entryid, head, normalized_head, type, pos) VALUES (11832, "lúrung", "lurung", "m", "v");
INSERT INTO `wced_entry` VALUES (11833, "lus", "649", "<entry page=""649"" id=""11833""><form id=""luxs"" lang=""ceb"">lús</form>
<hom role=""v""><pos>v</pos>
<sense n=""0""> <itype>[A; c1]</itype><trans> lower the sail of a boat. </trans>
<eg><i lang=""ceb"">Lúsun (ilús) ang láyag ug línaw ang dágat,</i><trans> The sail is lowered when the sea is calm.
</trans></eg>
</sense></hom></entry>");
INSERT INTO `wced_head` (entryid, head, normalized_head, type, pos) VALUES (11833, "lús", "lus", "m", "v");
INSERT INTO `wced_entry` VALUES (11834, "lusa, lusa1", "649", "<entry page=""649"" id=""11834""><form id=""lusa_lusaq"" lang=""ceb"">lusa, lusà<sub>1</sub></form>
<hom role=""v""><pos>v</pos>
<sense n=""0""> <itype>[A13]</itype><trans> stare unseeingly into space, usually due to lack of interest, comprehension. </trans>
<eg><i lang=""ceb"">Unsay ímung gihunàhúnà nga naglusa na man lang nang ímung mata?</i><trans> What are you thinking about? You’re just staring blankly into space.
</trans></eg>
</sense></hom></entry>");
INSERT INTO `wced_head` (entryid, head, normalized_head, type, pos) VALUES (11834, "lusa", "lusa", "s", "v");
INSERT INTO `wced_head` (entryid, head, normalized_head, type, pos) VALUES (11834, "lusà", "lusa", "s", "v");
INSERT INTO `wced_entry` VALUES (11835, "lusa", "649", "<entry page=""649"" id=""11835""><form id=""luxsa"" lang=""ceb"">lúsa</form>
<hom role=""n""><pos>n</pos>
<sense n=""0""><trans> plate made of metal coated with enamel. </trans>
</sense></hom>
<hom role=""v""><pos>v</pos>
<sense n=""0""> <itype>[A13; b6]</itype><trans> eat from metal plates.
</trans>
</sense></hom></entry>");
INSERT INTO `wced_head` (entryid, head, normalized_head, type, pos) VALUES (11835, "lúsa", "lusa", "m", "nv");
INSERT INTO `wced_entry` VALUES (11836, "lusa2", "649", "<entry page=""649"" id=""11836""><form id=""lusaq2"" lang=""ceb"">lusà<sub>2</sub></form>
<hom role=""n""><pos>n</pos>
<sense n=""0""><trans> <tr>nit</tr>, the egg of a louse. </trans>
</sense></hom>
<hom role=""v""><pos>v</pos>
<sense n=""0""> <itype>[a4]</itype><trans> be infested with nits. </trans>
</sense></hom>
<entry><form id=""panglusaq"" lang=""ceb""><abbr expan=""panglusà"">paN-</abbr></form>
<hom role=""v""><pos>v</pos>
<sense n=""0""> <itype>[A2]</itype><trans> for lice to lay eggs. </trans>
</sense></hom></entry>
<entry><form id=""lusaxun"" lang=""ceb""><abbr expan=""lusáun"">-un</abbr></form>
<hom role=""a""><pos>a</pos>
<sense n=""0""><trans> full of nits. </trans>
</sense></hom>
<hom role=""v""><pos>v</pos>
<sense n=""0""> <itype>[B126]</itype><trans> be, become full of nits.
</trans>
</sense></hom></entry></entry>");
INSERT INTO `wced_head` (entryid, head, normalized_head, type, pos) VALUES (11836, "lusà", "lusa", "s", "nv");
INSERT INTO `wced_head` (entryid, head, normalized_head, type, pos) VALUES (11836, "panglusà", "panglusa", "s", "v");
INSERT INTO `wced_head` (entryid, head, normalized_head, type, pos) VALUES (11836, "lusáun", "lusaun", "s", "av");
INSERT INTO `wced_translation` (entryid, translation) VALUES (11836, "nit");
INSERT INTO `wced_entry` VALUES (11837, "lusad", "649", "<entry page=""649"" id=""11837""><form id=""luxsad"" lang=""ceb"">lúsad</form>
<hom role=""v""><pos>v</pos>
<sense n=""1""><number>1</number> <itype>[A; ac]</itype><trans> go, bring <tr>down</tr>, <tr>descend</tr>, <tr>dismount</tr>. </trans>
<eg><i lang=""ceb"">Lugar bay. Anhi lang ku lúsad,</i><trans> Stop, Driver. I’m going to get off here. </trans></eg>
<eg><i lang=""ceb"">Milúsad siya sa hagdanan,</i><trans> He went down the stairs. </trans></eg>
<eg><i lang=""ceb"">Patábang ug lúsad sa pyánu ngadtu sa sílung,</i><trans> Let some people help you bring the piano down. </trans></eg>
<eg><i lang=""ceb"">Lusára ang búla sa sílung,</i><trans> Go down and get the ball. </trans></eg>
<eg><i lang=""ceb"">Ang walang tiil mauy ilúsad pag-úna,</i><trans> Descend with the left foot first. </trans></eg>
</sense>
<sense n=""1a""><number>1a</number> <itype>[A2; a1c]</itype><trans> go, bring to the sea to fish, bathe. </trans>
<eg><i lang=""ceb"">Mag-íhaw mig bábuy ug maglúsad mig panágat,</i><trans> We slaughter a pig when we bring our fishing nets to the sea for the first time. </trans></eg>
</sense>
<sense n=""2""><number>2</number> <itype>[A; b]</itype><trans> launch one’s or s.o.’s political candidacy. </trans>
<eg><i lang=""ceb"">Kadaghan na siya makalúsad, karun pa giyud kadaug,</i><trans> He ran so many times, but this is the first time he won. </trans></eg>
</sense></hom>
<entry><form id=""lusaraxnan"" lang=""ceb"">lusaránan</form>
<hom role=""n""><pos>n</pos>
<sense n=""0""><trans> place one descends onto or over.
</trans>
</sense></hom></entry></entry>");
INSERT INTO `wced_head` (entryid, head, normalized_head, type, pos) VALUES (11837, "lúsad", "lusad", "m", "v");
INSERT INTO `wced_head` (entryid, head, normalized_head, type, pos) VALUES (11837, "lusaránan", "lusaranan", "s", "n");
INSERT INTO `wced_translation` (entryid, translation) VALUES (11837, "down");
INSERT INTO `wced_translation` (entryid, translation) VALUES (11837, "descend");
INSERT INTO `wced_translation` (entryid, translation) VALUES (11837, "dismount");
INSERT INTO `wced_entry` VALUES (11838, "lusak", "649", "<entry page=""649"" id=""11838""><form id=""lusak"" lang=""ceb"">lusak</form>
<hom role=""v""><pos>v</pos>
<sense n=""1""><number>1</number> <itype>[A; a]</itype><trans> pound s.t. by hitting it with the blunt end of a stick or with bombs. </trans>
<eg><i lang=""ceb"">Kusga paglusak ang halu nga náa sa lungag,</i><trans> Poke the monitor lizard that is in the hole hard with the end of the stick. </trans></eg>
<eg><i lang=""ceb"">Lusaka ang inad-ad nga báni pára sa bábuy,</i><trans> Pound the sliced banana stem with a pestle for the pig. </trans></eg>
<eg><i lang=""ceb"">Gilusak ang Hanuy sa mga bumba,</i><trans> Hanoi was pounded with bombs. </trans></eg>
</sense>
<sense n=""2""><number>2</number> <itype>[A; a]</itype><trans> make <ix>linusak</ix>. </trans>
</sense></hom>
<entry><form id=""nilusak_linusak"" lang=""ceb""><abbr expan=""nilusak"">ni-</abbr>, <abbr expan=""linusak"">-in-</abbr></form>
<hom role=""n""><pos>n</pos>
<sense n=""0""><trans> k.o. delicacy made of pounded cooked banana mixed with shredded coconut meat and sugar.
</trans>
</sense></hom></entry></entry>");
INSERT INTO `wced_head` (entryid, head, normalized_head, type, pos) VALUES (11838, "lusak", "lusak", "m", "v");
INSERT INTO `wced_head` (entryid, head, normalized_head, type, pos) VALUES (11838, "nilusak", "nilusak", "s", "n");
INSERT INTO `wced_head` (entryid, head, normalized_head, type, pos) VALUES (11838, "linusak", "linusak", "s", "n");
INSERT INTO `wced_entry` VALUES (11839, "lusay", "649", "<entry page=""649"" id=""11839""><form id=""lusay"" lang=""ceb"">lusay</form>
<hom role=""n""><pos>n</pos>
<sense n=""0""><trans> <tr>swollen lymph node</tr>. </trans>
</sense></hom>
<hom role=""v""><pos>v</pos>
<sense n=""0""> <itype>[B46; b4]</itype><trans> have a swelling in the lymph nodes. </trans>
<eg><i lang=""ceb"">Milusay (gilusayan) ang íyang búgan,</i><trans> She had a swollen lymph node in the groin. </trans></eg>
</sense></hom>
<entry><form id=""lusaylusay"" lang=""ceb"">lusaylusay</form>
<hom role=""n""><pos>n</pos>
<sense n=""0""><trans> small swollen lymph nodes. </trans>
</sense></hom>
<hom role=""v""><pos>v</pos>
<sense n=""0""> <itype>[B4; b(1)]</itype><trans> have a small swelling in the lymph nodes.
</trans>
</sense></hom></entry></entry>");
INSERT INTO `wced_head` (entryid, head, normalized_head, type, pos) VALUES (11839, "lusay", "lusay", "m", "nv");
INSERT INTO `wced_head` (entryid, head, normalized_head, type, pos) VALUES (11839, "lusaylusay", "lusaylusay", "s", "nv");
INSERT INTO `wced_translation` (entryid, translation) VALUES (11839, "swollen lymph node");
INSERT INTO `wced_entry` VALUES (11840, "lusay", "649", "<entry page=""649"" id=""11840""><form id=""luxsay"" lang=""ceb"">lúsay</form>
<hom role=""n""><pos>n</pos>
<sense n=""0""><trans> <tr>seaweed</tr>. </trans>
</sense></hom>
<entry><form id=""saxma_sa_luxsay"" lang=""ceb"">sáma sa <abbr expan=""lúsay"">—</abbr></form>
<hom>
<sense n=""0""><trans> not firm in one’s <pb n=""650""/>convictions (drifting like seaweeds). </trans>
</sense></hom></entry>
<entry><form id=""kalusayan"" lang=""ceb""><abbr expan=""kalusayan"">ka-an</abbr></form>
<hom role=""n""><pos>n</pos>
<sense n=""0""><trans> place where seaweeds abound.
</trans>
</sense></hom></entry></entry>");
INSERT INTO `wced_head` (entryid, head, normalized_head, type, pos) VALUES (11840, "lúsay", "lusay", "m", "n");
INSERT INTO `wced_head` (entryid, head, normalized_head, type, pos) VALUES (11840, "sáma sa lúsay", "sama sa lusay", "s", "");
INSERT INTO `wced_head` (entryid, head, normalized_head, type, pos) VALUES (11840, "kalusayan", "kalusayan", "s", "n");
INSERT INTO `wced_translation` (entryid, translation) VALUES (11840, "seaweed");
INSERT INTO `wced_entry` VALUES (11841, "lusba", "650", "<entry page=""650"" id=""11841""><form id=""lusbaq"" lang=""ceb"">lusbà</form>
<hom role=""v""><pos>v</pos>
<sense n=""1""><number>1</number> <itype>[APB2; a12]</itype><trans> for s.t. with an area to <tr>collapse</tr> or <tr>cave in</tr>. </trans>
<eg><i lang=""ceb"">Bumba ang naglusbà (nagpalusbà) sa atup sa simbahan,</i><trans> The bomb caused the roof of the church to collapse. </trans></eg>
<eg><i lang=""ceb"">Mulusbà (malusbà) ning salúga kun tungtúngan ug bayinti ka táwu,</i><trans> This floor will collapse if twenty persons stand on it. </trans></eg>
<eg><i lang=""ceb"">Lusbáa ang tayaung lubut sa baril,</i><trans> Knock out the rusty bottom of the barrel. </trans></eg>
</sense>
<sense n=""2""><number>2</number> <itype>[A; a1]</itype><trans> press s.t. rounded or bulging to level it off or flatten it. </trans>
<eg><i lang=""ceb"">Dì ka makalusbà sa búla sa baskitbul kun dì kuháan ug hángin,</i><trans> You cannot flatten a basketball if you do not let the air out.
</trans></eg>
</sense></hom></entry>");
INSERT INTO `wced_head` (entryid, head, normalized_head, type, pos) VALUES (11841, "lusbà", "lusba", "m", "v");
INSERT INTO `wced_translation` (entryid, translation) VALUES (11841, "collapse");
INSERT INTO `wced_translation` (entryid, translation) VALUES (11841, "cave in");
INSERT INTO `wced_entry` VALUES (11842, "lusbak1", "650", "<entry page=""650"" id=""11842""><form id=""lusbak"" lang=""ceb"">lusbak<sub>1</sub></form>
<hom role=""v""><pos>v</pos>
<sense n=""0""> <itype>[B26]</itype><trans> for a horizontal surface to give way or yield to pressure above it. </trans>
<eg><i lang=""ceb"">Mulusbak (malusbak) ang taklub sa kaban ug tungtúngan ug bug-at,</i><trans> The trunk lid will get a dent if s.t. heavy is put on top of it. </trans></eg>
</sense></hom>
<hom role=""n""><pos>n</pos>
<sense n=""0""><trans> shallow depression, dent. </trans>
<eg><i lang=""ceb"">Daghang lusbak sa karsáda kay dílì pinisun,</i><trans> The road has lots of holes because it has not been rolled.
</trans></eg>
</sense></hom></entry>");
INSERT INTO `wced_head` (entryid, head, normalized_head, type, pos) VALUES (11842, "lusbak", "lusbak", "s", "vn");
INSERT INTO `wced_entry` VALUES (11843, "lusbak2", "650", "<entry page=""650"" id=""11843""><form id=""lusbak2"" lang=""ceb"">lusbak<sub>2</sub></form>
<hom role=""v""><pos>v</pos>
<sense n=""0""> <itype>[A; a2]</itype><trans> cook very small fish in vinegar and garlic. </trans>
</sense></hom>
<entry><form id=""lusbakunun"" lang=""ceb""><abbr expan=""lusbakunun"">-unun</abbr></form>
<hom role=""n""><pos>n</pos>
<sense n=""0""><trans> very small fish to be cooked in such a manner. </trans>
</sense></hom></entry>
<entry><form id=""nilusbak_linusbak"" lang=""ceb""><abbr expan=""nilusbak"">ni-</abbr>, <abbr expan=""linusbak"">-in-</abbr></form>
<hom role=""n""><pos>n</pos>
<sense n=""0""><trans> dish of small fish cooked in vinegar.
</trans>
</sense></hom></entry></entry>");
INSERT INTO `wced_head` (entryid, head, normalized_head, type, pos) VALUES (11843, "lusbak", "lusbak", "s", "v");
INSERT INTO `wced_head` (entryid, head, normalized_head, type, pos) VALUES (11843, "lusbakunun", "lusbakunun", "s", "n");
INSERT INTO `wced_head` (entryid, head, normalized_head, type, pos) VALUES (11843, "nilusbak", "nilusbak", "s", "n");
INSERT INTO `wced_head` (entryid, head, normalized_head, type, pos) VALUES (11843, "linusbak", "linusbak", "s", "n");
INSERT INTO `wced_entry` VALUES (11844, "lusbu", "650", "<entry page=""650"" id=""11844""><form id=""lusbuq"" lang=""ceb"">lusbù</form>
<hom role=""v""><pos>v</pos>
<sense n=""0""> <itype>[B16]</itype><trans> </trans>
</sense>
<sense n=""1""><number>1</number><trans> <tr>sink</tr>, <tr>sag</tr>, get a <tr>dent</tr> on the top or simply give way. </trans>
<eg><i lang=""ceb"">Ayawg lingkúri ang táru kay malusbù,</i><trans> Don’t sit on the can because it will get a dent in it. </trans></eg>
<eg><i lang=""ceb"">Nalusbù ang tánil,</i><trans> The tunnel caved in. </trans></eg>
<eg><i lang=""ceb"">Ang kabug-at sa sulud mauy nakalusbù (nakapalusbù) sa bulsíta,</i><trans> The heavy contents caused the bottom of the paper bag to give way. </trans></eg>
</sense>
<sense n=""2""><number>2</number><trans> for a person to slump or the bones that hold him to get dislocated. </trans>
<eg><i lang=""ceb"">Nalusbù ákung háwak,</i><trans> I got a dislocated hip.
</trans></eg>
</sense></hom></entry>");
INSERT INTO `wced_head` (entryid, head, normalized_head, type, pos) VALUES (11844, "lusbù", "lusbu", "m", "v");
INSERT INTO `wced_translation` (entryid, translation) VALUES (11844, "sink");
INSERT INTO `wced_translation` (entryid, translation) VALUES (11844, "sag");
INSERT INTO `wced_translation` (entryid, translation) VALUES (11844, "dent");
INSERT INTO `wced_entry` VALUES (11845, "lusbug", "650", "<entry page=""650"" id=""11845""><form id=""lusbug"" lang=""ceb"">lusbug</form>
<hom role=""v""><pos>v</pos>
<sense n=""0""> <itype>[APB; c]</itype><trans> immerse oneself in s.t. </trans>
<eg><i lang=""ceb"">Milusbug siya sa túbig ug milanguy,</i><trans> She immersed herself in the water and swam. </trans></eg>
<eg><i lang=""ceb"">Ang lambay maglusbug sa balas,</i><trans> A sea crab buries itself in the sand.
</trans></eg>
</sense></hom></entry>");
INSERT INTO `wced_head` (entryid, head, normalized_head, type, pos) VALUES (11845, "lusbug", "lusbug", "m", "v");
INSERT INTO `wced_entry` VALUES (11846, "lusgus", "650", "<entry page=""650"" id=""11846""><form id=""lusgus"" lang=""ceb"">lusgus</form>
<hom role=""v""><pos>v</pos>
<sense n=""0""> <itype>[A1; a]</itype><trans> rub s.t. rough vigorously against s.t. to clean it. </trans>
<eg><i lang=""ceb"">Akuy naglusgus sa kasíli arun pagkúhà sa danglug,</i><trans> I rubbed the eel vigorously to get the slime off. </trans></eg>
<eg><i lang=""ceb"">Lusgúsa ug maáyu ang takuling sa kaldíru,</i><trans> Scrub the soot off the kettle.
</trans></eg>
</sense></hom></entry>");
INSERT INTO `wced_head` (entryid, head, normalized_head, type, pos) VALUES (11846, "lusgus", "lusgus", "m", "v");
INSERT INTO `wced_entry` VALUES (11847, "lusi", "650", "<entry page=""650"" id=""11847""><form id=""luxsiq"" lang=""ceb"">lúsì</form>
<hom role=""v""><pos>v</pos>
<sense n=""0""> <itype>[A; a1b2]</itype><trans> tweak or pinch with a twisting motion. </trans>
<eg><i lang=""ceb"">Milúsì kug usa ka dawin sa sipì nga ságing,</i><trans> I twisted off a banana from the bunch. </trans></eg>
<eg><i lang=""ceb"">Kagáhì mu karug úlu, lusíun ta giyud ka,</i><trans> How hard-headed you are. I’m going to tweak your ears. </trans></eg>
</sense></hom>
<entry><form id=""lusiq"" lang=""ceb""><abbr expan=""lusì"">(→)</abbr></form>
<hom role=""v""><pos>v</pos>
<sense n=""0""> <itype>[A1; a1]</itype><trans> </trans>
</sense>
<sense n=""1""><number>1</number><trans> work on an itchy foreskin by pinching, twisting and turning it inside out. </trans>
<eg><i lang=""ceb"">Ang mga bátang pisut maglusì kay katlan man,</i><trans> Uncircumcised boys rub their foreskin because it itches. </trans></eg>
</sense>
<sense n=""2""><number>2</number><trans> <xr lang=""ceb"" target=""#luqluq"">= <sc>lùlù</sc></xr> (humorous).
</trans>
</sense></hom></entry></entry>");
INSERT INTO `wced_head` (entryid, head, normalized_head, type, pos) VALUES (11847, "lúsì", "lusi", "m", "v");
INSERT INTO `wced_head` (entryid, head, normalized_head, type, pos) VALUES (11847, "lusì", "lusi", "s", "v");
INSERT INTO `wced_entry` VALUES (11848, "luslus", "650", "<entry page=""650"" id=""11848""><form id=""luslus"" lang=""ceb"">luslus</form>
<hom role=""v""><pos>v</pos>
<sense n=""1""><number>1</number> <itype>[A; c1]</itype><trans> for s.t. that wraps s.t. and is attached to it to slip off, esp. the foreskin. </trans>
<eg><i lang=""ceb"">Human na siya makaluslus sa unud gíkan sa mga bukug,</i><trans> She managed to slip the meat off the bones to which it had been attached. </trans></eg>
<eg><i lang=""ceb"">Naluslus na ang pánit sa íyang tintin, hustu nang tulíun,</i><trans> He can pull his foreskin back, so he’s ready to be circumcised. </trans></eg>
</sense>
<sense n=""2""><number>2</number> <itype>[A; a12]</itype><trans> use s.t. in a way that will destroy it. </trans>
<eg><i lang=""ceb"">Hala, luslúsa nang makinilya arun makailis ka,</i><trans> Go on and use that typewriter in such a way as to break it so you can buy me a new one. </trans></eg>
</sense>
<sense n=""3""><number>3</number> <itype>[AN; a]</itype><trans> <tr>swindle</tr>, make a fool of s.o. (coarse). </trans>
<eg><i lang=""ceb"">Giluslus ming Pidru. Inay ibáyad sa bangku ang kwartang gihátag námù, íya hinúung giláyas,</i><trans> Pedro swindled us. Instead of paying the money we gave him to the bank, he skipped out of town. </trans></eg>
</sense></hom>
<hom role=""n""><pos>n</pos>
<sense n=""1""><number>1</number><trans> <tr>penis</tr> (vulgar). </trans>
</sense></hom>
<entry><form id=""luslus_mu_nixya"" lang=""ceb""><abbr expan=""luslus"">—</abbr> mu, níya</form>
<hom>
<sense n=""1a""><number>1a</number><trans> expression of anger at s.o. </trans>
<eg><i lang=""ceb"">Luslus mu! Wà man gánì ku swildúi íni unyà kasab-ankasab-an pa,</i><trans> Damn! You scold me but I’m working for you without pay! </trans></eg>
</sense>
<sense n=""1b""><number>1b</number><trans> expression debunking s.o. </trans>
<eg><i lang=""ceb"">Maáyu sa luslus mu, nga húmuk rang mabálì!</i><trans> Good, my eye! It breaks so easily!
</trans></eg>
</sense></hom></entry></entry>");
INSERT INTO `wced_head` (entryid, head, normalized_head, type, pos) VALUES (11848, "luslus", "luslus", "m", "vn");
INSERT INTO `wced_head` (entryid, head, normalized_head, type, pos) VALUES (11848, "luslus mu", "luslus mu", "s", "");
INSERT INTO `wced_head` (entryid, head, normalized_head, type, pos) VALUES (11848, "níya", "niya", "s", "");
INSERT INTO `wced_translation` (entryid, translation) VALUES (11848, "swindle");
INSERT INTO `wced_translation` (entryid, translation) VALUES (11848, "penis");
INSERT INTO `wced_entry` VALUES (11849, "lusnu", "650", "<entry page=""650"" id=""11849""><form id=""lusnuq"" lang=""ceb"">lusnù</form>
<hom role=""v""><pos>v</pos>
<sense n=""1""><number>1</number> <itype>[B126; b8]</itype><trans> for a structure to <tr>collapse</tr>, <tr>crash down</tr>. </trans>
<eg><i lang=""ceb"">Nalusnù ang taytáyan pagbagyu,</i><trans> The bridge collapsed in the storm. </trans></eg>
</sense>
<sense n=""1a""><number>1a</number> <itype>[B1256]</itype><trans> for a person to collapse. </trans>
<eg><i lang=""ceb"">Nalusnù siya pagkadungug sa aksidinti,</i><trans> She collapsed upon hearing of the accident. </trans></eg>
</sense>
<sense n=""2""><number>2</number> <itype>[B12]</itype><trans> for feelings, hopes, and aspirations to collapse. </trans>
<eg><i lang=""ceb"">Nagkalusnù na ang ákung damgu sa kadaúgan,</i><trans> My hopes for victory are gradually crumbling.
</trans></eg>
</sense></hom></entry>");
INSERT INTO `wced_head` (entryid, head, normalized_head, type, pos) VALUES (11849, "lusnù", "lusnu", "m", "v");
INSERT INTO `wced_translation` (entryid, translation) VALUES (11849, "collapse");
INSERT INTO `wced_translation` (entryid, translation) VALUES (11849, "crash down");
INSERT INTO `wced_entry` VALUES (11850, "luspad", "650", "<entry page=""650"" id=""11850""><form id=""luspad"" lang=""ceb"">luspad</form>
<hom role=""a""><pos>a</pos>
<sense n=""0""><trans> <tr>pale</tr>, for a person to have lost his color. </trans>
</sense></hom>
<hom role=""v""><pos>v</pos>
<sense n=""0""> <itype>[BN; a]</itype><trans> be; become pale. </trans>
<eg><i lang=""ceb"">Nanluspad siya pagkadungug sa hukum,</i><trans> She paled when she heard the decision. </trans></eg>
</sense></hom>
<entry><form id=""lusparun"" lang=""ceb"">lusparun</form>
<hom role=""a""><pos>a</pos>
<sense n=""0""><trans> of a pale sort. </trans>
<eg><i lang=""ceb"">Ang lusparung kaháyag sa búlan,</i><trans> The pale light of the moon.
</trans></eg>
</sense></hom></entry></entry>");
INSERT INTO `wced_head` (entryid, head, normalized_head, type, pos) VALUES (11850, "luspad", "luspad", "m", "av");
INSERT INTO `wced_head` (entryid, head, normalized_head, type, pos) VALUES (11850, "lusparun", "lusparun", "s", "a");
INSERT INTO `wced_translation` (entryid, translation) VALUES (11850, "pale");
INSERT INTO `wced_entry` VALUES (11851, "luspi", "650", "<entry page=""650"" id=""11851""><form id=""luspiq"" lang=""ceb"">luspì</form>
<hom role=""a""><pos>a</pos>
<sense n=""0""><trans> <tr>pallid</tr> in complexion due to some physical deficiencies or sickness. </trans>
<eg><i lang=""ceb"">Luspì kaáyu ang masakitun,</i><trans> The sick man is very pale. </trans></eg>
</sense></hom>
<hom role=""v""><pos>v</pos>
<sense n=""0""> <itype>[B1; b6]</itype><trans> be, become pallid in complexion.
</trans>
</sense></hom></entry>");
INSERT INTO `wced_head` (entryid, head, normalized_head, type, pos) VALUES (11851, "luspì", "luspi", "m", "av");
INSERT INTO `wced_translation` (entryid, translation) VALUES (11851, "pallid");
INSERT INTO `wced_entry` VALUES (11852, "lusu", "650", "<entry page=""650"" id=""11852""><form id=""lusuq"" lang=""ceb"">lusù</form>
<hom role=""a""><pos>a</pos>
<sense n=""0""><trans> <tr>hypocrite</tr> (slang). </trans>
<eg><i lang=""ceb"">Ang lusù nga dakù daw santus giyud nga ímung iatúbang, apan mangtas diay,</i><trans> He is a terrible hypocrite. He looks like a paragon of virtue, but actually he’s a monster.
</trans></eg>
</sense></hom></entry>");
INSERT INTO `wced_head` (entryid, head, normalized_head, type, pos) VALUES (11852, "lusù", "lusu", "m", "a");
INSERT INTO `wced_translation` (entryid, translation) VALUES (11852, "hypocrite");
INSERT INTO `wced_entry` VALUES (11853, "lusu", "650", "<entry page=""650"" id=""11853""><form id=""luxsuq"" lang=""ceb"">lúsù</form>
<hom role=""n""><pos>n</pos>
<sense n=""1""><number>1</number><trans> <tr>penis</tr> (coarse). </trans>
</sense>
<sense n=""2""><number>2</number> <form id=""luxsuq_nixmu_luxsuq_nixya"" lang=""ceb""><abbr expan=""lúsù"">—</abbr> nímu, <abbr expan=""lúsù níya"">níya</abbr></form><trans> </trans>
</sense>
<sense n=""2a""><number>2a</number><trans> expression of anger at s.o. </trans>
<eg><i lang=""ceb"">Lúsù nímu, ikay naghulam sa libru unyà akuy paulíun!</i><trans> Nuts <pb n=""651""/>to you. You borrowed the book and you want me to return it! </trans></eg>
</sense>
<sense n=""2b""><number>2b</number><trans> expression of disbelief. </trans>
<eg><i lang=""ceb"">Lúsù níya. Ayaw ku níyag patuhúa,</i><trans> Hell! Don’t try to make me believe him.
</trans></eg>
</sense></hom></entry>");
INSERT INTO `wced_head` (entryid, head, normalized_head, type, pos) VALUES (11853, "lúsù", "lusu", "m", "n");
INSERT INTO `wced_head` (entryid, head, normalized_head, type, pos) VALUES (11853, "lúsù nímu", "lusu nimu", "s", "");
INSERT INTO `wced_head` (entryid, head, normalized_head, type, pos) VALUES (11853, "lúsù níya", "lusu niya", "s", "");
INSERT INTO `wced_translation` (entryid, translation) VALUES (11853, "penis");
INSERT INTO `wced_entry` VALUES (11854, "lusub", "651", "<entry page=""651"" id=""11854""><form id=""luxsub"" lang=""ceb"">lúsub</form>
<hom role=""v""><pos>v</pos>
<sense n=""0""> <itype>[A; b5]</itype><trans> <tr>attack</tr>, force one’s way into s.t. </trans>
<eg><i lang=""ceb"">Gilúsub (gilusúban) sa milù ang tangkal sa manuk,</i><trans> The civet broke into the chicken coop.
</trans></eg>
</sense></hom></entry>");
INSERT INTO `wced_head` (entryid, head, normalized_head, type, pos) VALUES (11854, "lúsub", "lusub", "m", "v");
INSERT INTO `wced_translation` (entryid, translation) VALUES (11854, "attack");
INSERT INTO `wced_entry` VALUES (11855, "lusug", "651", "<entry page=""651"" id=""11855""><form id=""lusug"" lang=""ceb"">lusug</form>
<hom role=""a""><pos>a</pos>
<sense n=""0""><trans> <tr>stout</tr>, <tr>corpulent</tr>, usually said of children. </trans>
</sense></hom>
<hom role=""v""><pos>v</pos>
<sense n=""0""> <itype>[B2; b6(1)]</itype><trans> grow stout. </trans>
<eg><i lang=""ceb"">Mulusug (malusug) ka ug mukáun kag kusug,</i><trans> You’ll grow stout if you eat a lot.
</trans></eg>
</sense></hom></entry>");
INSERT INTO `wced_head` (entryid, head, normalized_head, type, pos) VALUES (11855, "lusug", "lusug", "m", "av");
INSERT INTO `wced_translation` (entryid, translation) VALUES (11855, "stout");
INSERT INTO `wced_translation` (entryid, translation) VALUES (11855, "corpulent");
INSERT INTO `wced_entry` VALUES (11856, "lusug", "651", "<entry page=""651"" id=""11856""><form id=""luxsug"" lang=""ceb"">lúsug</form>
<hom role=""v""><pos>v</pos>
<sense n=""0""> <itype>[AC; c]</itype><trans> ride together in tandem, usually on s.t. most often ridden by one. </trans>
<eg><i lang=""ceb"">Unsa! Maglúsug ta ánang pyangguy nga kabáyù?</i><trans> What! Shall the two of us ride together on that scrawny horse?
</trans></eg>
</sense></hom></entry>");
INSERT INTO `wced_head` (entryid, head, normalized_head, type, pos) VALUES (11856, "lúsug", "lusug", "m", "v");
INSERT INTO `wced_entry` VALUES (11857, "lusuk", "651", "<entry page=""651"" id=""11857""><form id=""lusuk"" lang=""ceb"">lusuk</form>
<hom role=""n""><pos>n</pos>
<sense n=""1""><number>1</number><trans> clove or segment of any fruit that has segments. </trans>
<eg><i lang=""ceb"">Usa ka lusuk áhus,</i><trans> One garlic clove. </trans></eg>
</sense>
<sense n=""2""><number>2</number><trans> drops or beads of tears, perspiration, rain, and the like. </trans>
<eg><i lang=""ceb"">Pipila ka lusuk lúhà,</i><trans> Some drops of tears. </trans></eg>
<eg><i lang=""ceb"">Lusuk sa rusaryuhan,</i><trans> Rosary beads. </trans></eg>
</sense></hom>
<hom role=""v""><pos>v</pos>
<sense n=""1""><number>1</number> <itype>[A; a]</itype><trans> break off s.t. that comes in sections. </trans>
<eg><i lang=""ceb"">Lusuka úsà ang áhus úsà pa paníti,</i><trans> Split the garlic into cloves first before you peel it. </trans></eg>
</sense>
<sense n=""1a""><number>1a</number> <itype>[A; a]</itype><trans> gouge out an eye. </trans>
<eg><i lang=""ceb"">Luskun ku nang mata mu run,</i><trans> I’ll gouge out your eyes. </trans></eg>
</sense>
<sense n=""1b""><number>1b</number> <itype>[A13; a12]</itype><trans> wrench s.o.’s feelings. </trans>
<eg><i lang=""ceb"">Gilusuk ang íyang dughan sa túmang kakulbà,</i><trans> Her heart was wrenched with anxiety. </trans></eg>
</sense>
<sense n=""2""><number>2</number> <itype>[B2N]</itype><trans> form segments or similarly shaped things. </trans>
<eg><i lang=""ceb"">Milusuk (nanlusuk) ang mga lúhà sa íyang mga mata,</i><trans> Drops of tears formed in her eyes. </trans></eg>
</sense></hom>
<entry><form id=""linusuk"" lang=""ceb""><abbr expan=""linusuk"">-in-</abbr></form>
<hom role=""n""><pos>n</pos>
<sense n=""0""><trans> dangling earrings with little pellets at the bottom.
</trans>
</sense></hom></entry></entry>");
INSERT INTO `wced_head` (entryid, head, normalized_head, type, pos) VALUES (11857, "lusuk", "lusuk", "m", "nv");
INSERT INTO `wced_head` (entryid, head, normalized_head, type, pos) VALUES (11857, "linusuk", "linusuk", "s", "n");
INSERT INTO `wced_entry` VALUES (11858, "lusun", "651", "<entry page=""651"" id=""11858""><form id=""Lusun"" lang=""ceb"">Lusun</form>
<hom role=""n""><pos>n</pos>
<sense n=""0""><trans> <tr>Luzon</tr>, the largest island in the Philippines.
</trans>
</sense></hom></entry>");
INSERT INTO `wced_head` (entryid, head, normalized_head, type, pos) VALUES (11858, "Lusun", "lusun", "m", "n");
INSERT INTO `wced_translation` (entryid, translation) VALUES (11858, "Luzon");
INSERT INTO `wced_entry` VALUES (11859, "lusung", "651", "<entry page=""651"" id=""11859""><form id=""lusung"" lang=""ceb"">lusung</form>
<hom role=""n""><pos>n</pos>
<sense n=""1""><number>1</number><trans> large <tr>mortar</tr> for pounding rice. </trans>
</sense>
<sense n=""2""><number>2</number>
</sense></hom>
<hom role=""a""><pos>a</pos>
<sense n=""0""><trans> <tr>mortarful</tr>. </trans>
</sense></hom>
<hom role=""v""><pos>v</pos>
<sense n=""0""> <itype>[a12]</itype><trans> make into a mortar. </trans>
</sense></hom>
<entry><form id=""luxsung"" lang=""ceb""><abbr expan=""lúsung"">(←)</abbr><sub>1</sub></form>
<hom role=""v""><pos>v</pos>
<sense n=""0""> <itype>[A; c1]</itype><trans> pour grains into the mortar. </trans>
</sense>
<sense n=""2""><number>2</number><trans> lower a coffin into the burial pit. </trans>
</sense></hom>
<hom role=""n""><pos>n</pos>
<sense n=""0""><trans> <xr lang=""ceb"" target=""#lusung"">= <sc>lusung</sc>, <ix>2</ix>.</xr>
</trans>
</sense></hom></entry></entry>");
INSERT INTO `wced_head` (entryid, head, normalized_head, type, pos) VALUES (11859, "lusung", "lusung", "m", "nav");
INSERT INTO `wced_head` (entryid, head, normalized_head, type, pos) VALUES (11859, "lúsung", "lusung", "s", "vn");
INSERT INTO `wced_translation` (entryid, translation) VALUES (11859, "mortar");
INSERT INTO `wced_translation` (entryid, translation) VALUES (11859, "mortarful");
INSERT INTO `wced_entry` VALUES (11860, "lusung2", "651", "<entry page=""651"" id=""11860""><form id=""luxsung2"" lang=""ceb"">lúsung<sub>2</sub></form>
<hom role=""v""><pos>v</pos>
<sense n=""0""> <itype>[A; c1]</itype><trans> <tr>huddle</tr>, <tr>crowd close together</tr>. </trans>
<eg><i lang=""ceb"">Dì ta makalúsung íning gamayng barútu kay súd ra nig duha ka táwu,</i><trans> We can’t all ride in this small boat because it is only good for two people. </trans></eg>
<eg><i lang=""ceb"">Lusúnga (ilúsung) lang nang mga sinakung humay sa karumáta,</i><trans> Just pile those sacks of rice in the cart.
</trans></eg>
</sense></hom></entry>");
INSERT INTO `wced_head` (entryid, head, normalized_head, type, pos) VALUES (11860, "lúsung", "lusung", "s", "v");
INSERT INTO `wced_translation` (entryid, translation) VALUES (11860, "huddle");
INSERT INTO `wced_translation` (entryid, translation) VALUES (11860, "crowd close together");
INSERT INTO `wced_entry` VALUES (11861, "lusut", "651", "<entry page=""651"" id=""11861""><form id=""lusut"" lang=""ceb"">lusut</form>
<hom role=""v""><pos>v</pos>
<sense n=""1""><number>1</number> <itype>[A3P; ac]</itype><trans> <tr>pass</tr>, <tr>go through</tr>. </trans>
<eg><i lang=""ceb"">Milusut ang kumagkù sa gisiung midiyas,</i><trans> The big toe came out of the torn socks. </trans></eg>
<eg><i lang=""ceb"">Dílì giyud ku makalusut (makapalusut) ug hílu sa dágum,</i><trans> I can never thread a needle. </trans></eg>
<eg><i lang=""ceb"">Kanang kupúa lutsun gihápun sa tun-ug,</i><trans> Cold air can still pass through your cape. </trans></eg>
</sense>
<sense n=""2""><number>2</number> <itype>[A2]</itype><trans> go through, come out successful. </trans>
<eg><i lang=""ceb"">Magbluáwut ku basta makalusut sa burd,</i><trans> I’ll have a party if I hurdle the board exams. </trans></eg>
</sense>
<sense n=""3""><number>3</number> <itype>[A2; b(1)]</itype><trans> in basketball, drive through the defense. </trans>
<eg><i lang=""ceb"">Sayun ra kaáyung lusutan (lutsan) ang inyung dipinsa,</i><trans> It is very easy to drive through your defense. </trans></eg>
</sense></hom>
<entry><form id=""paluxsut"" lang=""ceb""><abbr expan=""palúsut"">pa-(←)</abbr></form>
<hom role=""v""><pos>v</pos>
<sense n=""0""> <itype>[A2; c]</itype><trans> squeeze in a witty remark in a conversation. </trans>
<eg><i lang=""ceb"">Maáyung mupalúsut nà siya,</i><trans> He is good in making funny remarks in a conversation. </trans></eg>
</sense></hom>
<hom role=""n""><pos>n</pos>
<sense n=""0""><trans> the act of squeezing in some witty remarks during a conversation. </trans>
</sense></hom></entry>
<entry><form id=""lutsanan"" lang=""ceb"">lutsanan</form>
<hom role=""n""><pos>n</pos>
<sense n=""0""><trans> a way out.
</trans>
</sense></hom></entry></entry>");
INSERT INTO `wced_head` (entryid, head, normalized_head, type, pos) VALUES (11861, "lusut", "lusut", "m", "v");
INSERT INTO `wced_head` (entryid, head, normalized_head, type, pos) VALUES (11861, "palúsut", "palusut", "s", "vn");
INSERT INTO `wced_head` (entryid, head, normalized_head, type, pos) VALUES (11861, "lutsanan", "lutsanan", "s", "n");
INSERT INTO `wced_translation` (entryid, translation) VALUES (11861, "pass");
INSERT INTO `wced_translation` (entryid, translation) VALUES (11861, "go through");
INSERT INTO `wced_entry` VALUES (11862, "lusyun", "651", "<entry page=""651"" id=""11862""><form id=""lusyun"" lang=""ceb"">lusyun</form>
<hom role=""n""><pos>n</pos>
<sense n=""0""><trans> <tr>lotion</tr> for use as a cosmetic or cleansing the skin. </trans>
</sense></hom>
<hom role=""v""><pos>v</pos>
<sense n=""0""> <itype>[A23; b]</itype><trans> use a certain k.o. lotion. </trans>
</sense></hom>
<entry><form id=""panglusyun"" lang=""ceb""><abbr expan=""panglusyun"">paN-</abbr></form>
<hom role=""v""><pos>v</pos>
<sense n=""0""> <itype>[A2; b6]</itype><trans> apply lotion on oneself.
</trans>
</sense></hom></entry></entry>");
INSERT INTO `wced_head` (entryid, head, normalized_head, type, pos) VALUES (11862, "lusyun", "lusyun", "m", "nv");
INSERT INTO `wced_head` (entryid, head, normalized_head, type, pos) VALUES (11862, "panglusyun", "panglusyun", "s", "v");
INSERT INTO `wced_translation` (entryid, translation) VALUES (11862, "lotion");
INSERT INTO `wced_entry` VALUES (11863, "luta1", "651", "<entry page=""651"" id=""11863""><form id=""luta"" lang=""ceb"">luta<sub>1</sub></form>
<hom role=""n""><pos>n</pos>
<sense n=""0""><trans> nosepiece that is made to pass through the hole in the nose of domestic animals to which a tether rope is attached. </trans>
</sense></hom>
<hom role=""v""><pos>v</pos>
<sense n=""1""><number>1</number> <itype>[A; a12]</itype><trans> make a nosepiece. </trans>
</sense>
<sense n=""2""><number>2</number> <itype>[A; b6(1)]</itype><trans> tie such a nosepiece onto s.t.
</trans>
</sense></hom></entry>");
INSERT INTO `wced_head` (entryid, head, normalized_head, type, pos) VALUES (11863, "luta", "luta", "s", "nv");
INSERT INTO `wced_entry` VALUES (11864, "luta2", "651", "<entry page=""651"" id=""11864""><form id=""luta2"" lang=""ceb"">luta<sub>2</sub></form>
<hom role=""n""><pos>n</pos>
<sense n=""0""><trans> <tr>joints</tr> in the body. </trans>
<eg><i lang=""ceb"">Haplási ang mga luta (lutaluta, lutáhan) ug lána arun mawálà ang pamául,</i><trans> Rub oil on the joints to relieve the pain. </trans></eg>
</sense></hom>
<entry><form id=""lutaluta_lutaluxta_lutaxhan"" lang=""ceb"">lutaluta, lutalúta, lutáhan</form>
<hom>
<sense n=""0""><trans> <xr lang=""ceb"" target=""#luta"">= <sc>luta</sc>.</xr>
</trans>
</sense></hom></entry></entry>");
INSERT INTO `wced_head` (entryid, head, normalized_head, type, pos) VALUES (11864, "luta", "luta", "s", "n");
INSERT INTO `wced_head` (entryid, head, normalized_head, type, pos) VALUES (11864, "lutaluta", "lutaluta", "s", "");
INSERT INTO `wced_head` (entryid, head, normalized_head, type, pos) VALUES (11864, "lutalúta", "lutaluta", "s", "");
INSERT INTO `wced_head` (entryid, head, normalized_head, type, pos) VALUES (11864, "lutáhan", "lutahan", "s", "");
INSERT INTO `wced_translation` (entryid, translation) VALUES (11864, "joints");
INSERT INTO `wced_entry` VALUES (11865, "luta, luta", "651", "<entry page=""651"" id=""11865""><form id=""luxta_lutaq"" lang=""ceb"">lúta, lutà</form>
<hom role=""n""><pos>n</pos>
<sense n=""0""><trans> <tr>imprints</tr> made by the pressure or weight of s.t. </trans>
<eg><i lang=""ceb"">Lúta sa ligid dihà sa lápuk,</i><trans> Tire marks in the mud. </trans></eg>
<eg><i lang=""ceb"">Lúta sa tudlù sa básu,</i><trans> Finger marks on the glass. </trans></eg>
</sense></hom>
<hom role=""v""><pos>v</pos>
<sense n=""0""> <itype>[B6; b(1)]</itype><trans> </trans>
</sense>
<sense n=""1""><number>1</number><trans> make an <tr>impression</tr>, mark on s.t. </trans>
<eg><i lang=""ceb"">Milutà (nalutà) ang íyang ngípun sa ákung buktun,</i><trans> Her teeth left their mark on my skin. </trans></eg>
</sense>
<sense n=""2""><number>2</number><trans> be visible through s.t. </trans>
<eg><i lang=""ceb"">Milutà ang mamisus sa íyang nipis nga bulsa,</i><trans> The peso bills were visible inside his shirt pocket.
</trans></eg>
</sense></hom></entry>");
INSERT INTO `wced_head` (entryid, head, normalized_head, type, pos) VALUES (11865, "lúta", "luta", "s", "nv");
INSERT INTO `wced_head` (entryid, head, normalized_head, type, pos) VALUES (11865, "lutà", "luta", "s", "nv");
INSERT INTO `wced_translation` (entryid, translation) VALUES (11865, "imprints");
INSERT INTO `wced_translation` (entryid, translation) VALUES (11865, "impression");
INSERT INTO `wced_entry` VALUES (11866, "*lutab", "651", "<entry page=""651"" id=""11866""><form id=""xxluxtab"" lang=""ceb"">*lútab</form>
<entry><form id=""lutaban_lutabun"" lang=""ceb""><abbr expan=""lutaban"">-an</abbr>, <abbr expan=""lutabun"">-un</abbr></form>
<hom role=""a""><pos>a</pos>
<sense n=""1""><number>1</number><trans> for fruits and sugar cane to be watery, lacking in sweetness. </trans>
</sense>
<sense n=""2""><number>2</number><trans> for <ix>nípà</ix> or lumber to be too soft or have a tendency to rot. </trans>
</sense></hom>
<hom role=""v""><pos>v</pos>
<sense n=""0""> <itype>[B12]</itype><trans> become watery and lacking in sweetness.
</trans>
</sense></hom></entry></entry>");
INSERT INTO `wced_head` (entryid, head, normalized_head, type, pos) VALUES (11866, "lútab", "lutab", "s", "");
INSERT INTO `wced_head` (entryid, head, normalized_head, type, pos) VALUES (11866, "lutaban", "lutaban", "s", "av");
INSERT INTO `wced_head` (entryid, head, normalized_head, type, pos) VALUES (11866, "lutabun", "lutabun", "s", "av");
INSERT INTO `wced_entry` VALUES (11867, "lutak", "651", "<entry page=""651"" id=""11867""><form id=""lutak"" lang=""ceb"">lutak</form>
<hom role=""n""><pos>n</pos>
<sense n=""0""><trans> <tr>crack</tr>, a break usually without complete separation of parts. </trans>
<eg><i lang=""ceb"">Náa nay gamayng lutak sa básu,</i><trans> There’s a slight crack on the glass. </trans></eg>
</sense></hom>
<hom role=""v""><pos>v</pos>
<sense n=""1""><number>1</number> <itype>[B3(1)6]</itype><trans> crack. </trans>
<eg><i lang=""ceb"">Ang yútà milutak sa paglínug,</i><trans> The earth cracked in the earthquake. </trans></eg>
</sense>
<sense n=""2""><number>2</number><trans> rack one’s brains. </trans>
<eg><i lang=""ceb"">Makalutak (makapalutak) sa úlu ning prublimáha,</i><trans> This problem can crack one’s brains.
</trans></eg>
</sense></hom></entry>");
INSERT INTO `wced_head` (entryid, head, normalized_head, type, pos) VALUES (11867, "lutak", "lutak", "m", "nv");
INSERT INTO `wced_translation` (entryid, translation) VALUES (11867, "crack");
INSERT INTO `wced_entry` VALUES (11868, "lutang", "651", "<entry page=""651"" id=""11868""><form id=""lutang"" lang=""ceb"">lutang</form>
<hom role=""v""><pos>v</pos>
<sense n=""0""> <itype>[A2]</itype><trans> surface in the water. </trans>
<eg><i lang=""ceb"">Ug walà mulutang ang bátang nalumus dílì untà makit-an,</i><trans> If the body of the boy who was drowned had not floated on the surface, it would never have been found. </trans></eg>
</sense></hom>
<entry><form id=""lutangluxtang"" lang=""ceb"">lutanglútang</form>
<hom role=""v""><pos>v</pos>
<sense n=""0""> <itype>[A13]</itype><trans> float freely in the water.
</trans>
</sense></hom></entry></entry>");
INSERT INTO `wced_head` (entryid, head, normalized_head, type, pos) VALUES (11868, "lutang", "lutang", "m", "v");
INSERT INTO `wced_head` (entryid, head, normalized_head, type, pos) VALUES (11868, "lutanglútang", "lutanglutang", "s", "v");
INSERT INTO `wced_entry` VALUES (11869, "lutang", "651", "<entry page=""651"" id=""11869""><form id=""luxtang"" lang=""ceb"">lútang</form>
<hom role=""v""><pos>v</pos>
<sense n=""1""><number>1</number> <itype>[A; a12]</itype><trans> <tr>heal</tr> s.t. completely. </trans>
<eg><i lang=""ceb"">Manghihilut mauy naglútang sa ákung piang,</i><trans> A bone setter set my dislocated bone. </trans></eg>
<eg><i lang=""ceb"">Gilútang sa tambálan ang ákung sakit,</i><trans> The folk doctor completely relieved me of my <pb n=""652""/>ailment. </trans></eg>
</sense>
<sense n=""2""><number>2</number> <itype>[AB12; a1]</itype><trans> <tr>solve</tr> or clear up a problem, esp. a financial problem. </trans>
<eg><i lang=""ceb"">Ang pagdaug ra sa swipstik ang makalútang (makapalútang) sa átung mga suliran,</i><trans> The sweepstakes are the only solution to our problems.
</trans></eg>
</sense></hom></entry>");
INSERT INTO `wced_head` (entryid, head, normalized_head, type, pos) VALUES (11869, "lútang", "lutang", "m", "v");
INSERT INTO `wced_translation` (entryid, translation) VALUES (11869, "heal");
INSERT INTO `wced_translation` (entryid, translation) VALUES (11869, "solve");
INSERT INTO `wced_entry` VALUES (11870, "lutariya", "652", "<entry page=""652"" id=""11870""><form id=""lutarixya"" lang=""ceb"">lutaríya</form>
<hom role=""n""><pos>n</pos>
<sense n=""1""><number>1</number><trans> <tr>lottery</tr>. </trans>
</sense>
<sense n=""2""><number>2</number><trans> k.o. bingo game played with many players, where the cards have the figures of the Spanish cards in place of numbers, which are covered when the corresponding card is drawn. </trans>
</sense></hom>
<hom role=""v""><pos>v</pos>
<sense n=""1""><number>1</number> <itype>[A]</itype><trans> hold a lottery. </trans>
</sense>
<sense n=""2""><number>2</number> <itype>[A; b6(1)]</itype><trans> play <ix>lutaríya</ix>.
</trans>
</sense></hom></entry>");
INSERT INTO `wced_head` (entryid, head, normalized_head, type, pos) VALUES (11870, "lutaríya", "lutariya", "m", "nv");
INSERT INTO `wced_translation` (entryid, translation) VALUES (11870, "lottery");
INSERT INTO `wced_entry` VALUES (11871, "lutas", "652", "<entry page=""652"" id=""11871""><form id=""lutas"" lang=""ceb"">lutas</form>
<hom role=""v""><pos>v</pos>
<sense n=""0""> <itype>[A; a12]</itype><trans> <tr>overcome</tr>, <tr>surmount</tr>. </trans>
<eg><i lang=""ceb"">Kinsay naglutas sa ímung galastuhan sa iskuylahan?</i><trans> Who shouldered all your expenses in school? </trans></eg>
<eg><i lang=""ceb"">Hápit na ku makalutas sa ákung pagtuun,</i><trans> I am almost through with my studies.
</trans></eg>
</sense></hom></entry>");
INSERT INTO `wced_head` (entryid, head, normalized_head, type, pos) VALUES (11871, "lutas", "lutas", "m", "v");
INSERT INTO `wced_translation` (entryid, translation) VALUES (11871, "overcome");
INSERT INTO `wced_translation` (entryid, translation) VALUES (11871, "surmount");
INSERT INTO `wced_entry` VALUES (11872, "lutas", "652", "<entry page=""652"" id=""11872""><form id=""luxtas"" lang=""ceb"">lútas</form>
<hom role=""v""><pos>v</pos>
<sense n=""1""><number>1</number> <itype>[A; a1]</itype><trans> <tr>wean</tr>. </trans>
<eg><i lang=""ceb"">Lutásun ang bátà ug manghúran na,</i><trans> A baby is weaned when the next child is born. </trans></eg>
</sense>
<sense n=""2""><number>2</number> <itype>[A; a12]</itype><trans> have a boy or girl friend five years or more younger than oneself. </trans>
<eg><i lang=""ceb"">Ganáhan siyang mulútas ug hayiskul sa íya nang pagkálids,</i><trans> He likes to go out with high-school girls though he is in college. </trans></eg>
</sense>
<sense n=""3""><number>3</number> <itype>[a3]</itype><trans> for a husband to be temporarily deprived of marital relations (humorous slang).
</trans>
</sense></hom></entry>");
INSERT INTO `wced_head` (entryid, head, normalized_head, type, pos) VALUES (11872, "lútas", "lutas", "m", "v");
INSERT INTO `wced_translation` (entryid, translation) VALUES (11872, "wean");
INSERT INTO `wced_entry` VALUES (11873, "lutaw", "652", "<entry page=""652"" id=""11873""><form id=""lutaw"" lang=""ceb"">lutaw</form>
<hom role=""v""><pos>v</pos>
<sense n=""1""><number>1</number> <itype>[A; b6]</itype><trans> <tr>float</tr>. </trans>
<eg><i lang=""ceb"">Ang asyíti mulutaw sa túbig,</i><trans> Oil floats on water. </trans></eg>
</sense>
<sense n=""1a""><number>1a</number> <itype>[AB]</itype><trans> move gracefully as if floating on air. </trans>
<eg><i lang=""ceb"">Nindut tan-áwun ang maglíap nga maglutaw,</i><trans> It is nice to see a basketball shot where the player just floats up to the basket as he sinks it in. </trans></eg>
</sense>
<sense n=""2""><number>2</number> <itype>[A2]</itype><trans> <tr>show</tr>, <tr>manifest</tr> itself. </trans>
<eg><i lang=""ceb"">Usa ka pahiyum milutaw sa íyang nawung,</i><trans> A smile showed on his face. </trans></eg>
</sense>
<sense n=""2a""><number>2a</number><trans> for a character trait, truth, and the like to come out. </trans>
<eg><i lang=""ceb"">Milutaw na ang tinúud níyang batásan,</i><trans> His real character now came out. </trans></eg>
<eg><i lang=""ceb"">Mulutaw ra ang tinúud,</i><trans> The truth will eventually come out. </trans></eg>
</sense>
<sense n=""2b""><number>2b</number> <form id=""lutaw_ang_ganansiya"" lang=""ceb""><abbr expan=""lutaw"">—</abbr> ang ganansiya</form><trans> <itype>[B3(1)4]</itype> for it to be clear that there is going to be a profit. </trans>
</sense>
<sense n=""3""><number>3</number> <itype>[A23]</itype><trans> for fish to come to the surface. </trans>
<eg><i lang=""ceb"">Andáma ang báling kay hápit na mulutaw ang bansíkul,</i><trans> Prepare the net because the mackerel are about to surface. </trans></eg>
</sense>
<sense n=""4""><number>4</number> <itype>[A2]</itype><trans> for fever or measles to come out and fully develop. </trans>
<eg><i lang=""ceb"">Walà nay kuyaw kun mulutaw (makalutaw) na ang dáp,</i><trans> There is no more danger once the measles rash appears. </trans></eg>
</sense>
<sense n=""5""><number>5</number> <form id=""lutaw_sa_haxngin"" lang=""ceb""><abbr expan=""lutaw"">—</abbr> sa hángin</form><trans> <itype>[A13]</itype> a lacking awareness of s.t. </trans>
<eg><i lang=""ceb"">Dílì mahímung maglutaw sa hángin ang átung mga anak sa kalisud sa pangwarta,</i><trans> Our children should know how hard it is to earn money. b having an uncertain outcome. </trans></eg>
<eg><i lang=""ceb"">Naglutaw pa sa hángin ang ákung numramyintu,</i><trans> My appointment is still up in the air. </trans></eg>
</sense></hom>
<hom role=""n""><pos>n</pos>
<sense n=""0""><trans> freeboard. </trans>
<eg><i lang=""ceb"">Lagmit ta malúnud kay gamay ang lutaw sa sakayan,</i><trans> We might sink because the boat has a small freeboard. </trans></eg>
</sense></hom>
<entry><form id=""lutaw_ug_duguq"" lang=""ceb""><abbr expan=""lutaw"">—</abbr> ug dugù</form>
<hom>
<sense n=""0""><trans> glowing with a healthy pink color. </trans>
<eg><i lang=""ceb"">Lutaw ug dugù ang mga dugung Katsílà,</i><trans> People who have Spanish blood have a healthy pinkish complexion. </trans></eg>
</sense></hom></entry>
<entry><form id=""lutaw_ang_ganansiya"" lang=""ceb""><abbr expan=""lutaw"">—</abbr> ang ganansiya</form>
<hom>
<sense n=""0""><trans> clearly affording a profit. </trans>
<eg><i lang=""ceb"">Lutaw ang ganansiya sa nigusyung bay-ansil,</i><trans> You clearly will make a profit in the buying and selling business. </trans></eg>
</sense></hom></entry>
<entry><form id=""luxtaw"" lang=""ceb""><abbr expan=""lútaw"">(←)</abbr></form>
<hom role=""n""><pos>n</pos>
<sense n=""0""><trans> low-lying place near the shore into which sea water enters, but separated from the main sea by a bar of dry land. </trans>
</sense></hom></entry>
<entry><form id=""palutaw"" lang=""ceb""><abbr expan=""palutaw"">pa-</abbr></form>
<hom role=""n""><pos>n</pos>
<sense n=""0""><trans> s.t. to hasten the coming out of a rash or fever. </trans>
</sense></hom></entry>
<entry><form id=""pinalutaw"" lang=""ceb""><abbr expan=""pinalutaw"">pina-</abbr></form>
<hom role=""n""><pos>n</pos>
<sense n=""0""><trans> a k.o. <tr>rice cake</tr> (<ix>bibingka</ix>) cooked by steam.
</trans>
</sense></hom></entry></entry>");
INSERT INTO `wced_head` (entryid, head, normalized_head, type, pos) VALUES (11873, "lutaw", "lutaw", "m", "vn");
INSERT INTO `wced_head` (entryid, head, normalized_head, type, pos) VALUES (11873, "lutaw ang ganansiya", "lutaw ang ganansiya", "s", "");
INSERT INTO `wced_head` (entryid, head, normalized_head, type, pos) VALUES (11873, "lutaw sa hángin", "lutaw sa hangin", "s", "");
INSERT INTO `wced_head` (entryid, head, normalized_head, type, pos) VALUES (11873, "lutaw ug dugù", "lutaw ug dugu", "s", "");
INSERT INTO `wced_head` (entryid, head, normalized_head, type, pos) VALUES (11873, "lútaw", "lutaw", "s", "n");
INSERT INTO `wced_head` (entryid, head, normalized_head, type, pos) VALUES (11873, "palutaw", "palutaw", "s", "n");
INSERT INTO `wced_head` (entryid, head, normalized_head, type, pos) VALUES (11873, "pinalutaw", "pinalutaw", "s", "n");
INSERT INTO `wced_translation` (entryid, translation) VALUES (11873, "float");
INSERT INTO `wced_translation` (entryid, translation) VALUES (11873, "show");
INSERT INTO `wced_translation` (entryid, translation) VALUES (11873, "manifest");
INSERT INTO `wced_translation` (entryid, translation) VALUES (11873, "rice cake");
INSERT INTO `wced_entry` VALUES (11874, "lutay", "652", "<entry page=""652"" id=""11874""><form id=""lutay"" lang=""ceb"">lutay</form>
<hom role=""a""><pos>a</pos>
<sense n=""0""><trans> for s.t. long to be <tr>supple</tr>. </trans>
<eg><i lang=""ceb"">Lutay kaáyug láwas ang misáyaw sa bali,</i><trans> The person who danced the ballet has a very supple body. </trans></eg>
</sense></hom>
<hom role=""v""><pos>v</pos>
<sense n=""0""> <itype>[B2; b6]</itype><trans> be <tr>pliant</tr>, easily bent. </trans>
<eg><i lang=""ceb"">Mulutay (malutay) ang lipak ug nipsun ang paglútì,</i><trans> Bamboo sticks will be pliant if they are stripped thin.
</trans></eg>
</sense></hom></entry>");
INSERT INTO `wced_head` (entryid, head, normalized_head, type, pos) VALUES (11874, "lutay", "lutay", "m", "av");
INSERT INTO `wced_translation` (entryid, translation) VALUES (11874, "supple");
INSERT INTO `wced_translation` (entryid, translation) VALUES (11874, "pliant");
INSERT INTO `wced_entry` VALUES (11875, "luthang", "652", "<entry page=""652"" id=""11875""><form id=""luthang"" lang=""ceb"">luthang</form>
<hom role=""n""><pos>n</pos>
<sense n=""1""><number>1</number><trans> <tr>popgun</tr> made of a small bamboo stem which shoots seeds or paper pellets. </trans>
</sense>
<sense n=""2""><number>2</number><trans> bamboo cannon that makes a loud retort using kerosene, used for noise-making during festive events. </trans>
</sense></hom>
<hom role=""v""><pos>v</pos>
<sense n=""0""> <itype>[A; a]</itype><trans> </trans>
</sense>
<sense n=""1""><number>1</number><trans> shoot with a native popgun or bamboo cannon. </trans>
</sense>
<sense n=""1a""><number>1a</number><trans> shoot s.o. with any gun. </trans>
<eg><i lang=""ceb"">Naprísu siya kay nakaluthang,</i><trans> He went to prison for shooting a man. </trans></eg>
</sense>
<sense n=""2""><number>2</number> <itype>[A1; a12]</itype><trans> make s.t. into a <ix>luthang</ix>. </trans>
</sense></hom>
<entry><form id=""luthangluthang"" lang=""ceb"">luthangluthang</form>
<hom role=""v""><pos>v</pos>
<sense n=""0""> <itype>[A12C2]</itype><trans> play games with <ix>luthangs</ix>.
</trans>
</sense></hom></entry></entry>");
INSERT INTO `wced_head` (entryid, head, normalized_head, type, pos) VALUES (11875, "luthang", "luthang", "m", "nv");
INSERT INTO `wced_head` (entryid, head, normalized_head, type, pos) VALUES (11875, "luthangluthang", "luthangluthang", "s", "v");
INSERT INTO `wced_translation` (entryid, translation) VALUES (11875, "popgun");
INSERT INTO `wced_entry` VALUES (11876, "luti", "652", "<entry page=""652"" id=""11876""><form id=""luxti"" lang=""ceb"">lúti</form>
<hom role=""n""><pos>n</pos>
<sense n=""0""><trans> <tr>lot</tr>, a parcel of land, usually residential. </trans>
</sense></hom>
<hom role=""v""><pos>v</pos>
<sense n=""1""><number>1</number> <itype>[A; a12]</itype><trans> divide land into lots for sale. </trans>
</sense>
<sense n=""2""><number>2</number> <itype>[A12]</itype><trans> obtain a lot.
</trans>
</sense></hom></entry>");
INSERT INTO `wced_head` (entryid, head, normalized_head, type, pos) VALUES (11876, "lúti", "luti", "m", "nv");
INSERT INTO `wced_translation` (entryid, translation) VALUES (11876, "lot");
INSERT INTO `wced_entry` VALUES (11877, "luti", "652", "<entry page=""652"" id=""11877""><form id=""luxtiq"" lang=""ceb"">lútì</form>
<hom role=""v""><pos>v</pos>
<sense n=""0""> <itype>[A; a]</itype><trans> split a piece of bamboo, rattan, or <ix>nítù</ix> into narrow strips. </trans>
<eg><i lang=""ceb"">Lutíun ang kawáyan pára himúung búbù,</i><trans> When they make a fish trap, they split narrow pieces of bamboo for it. </trans></eg>
</sense></hom>
<entry><form id=""linuxtiq"" lang=""ceb""><abbr expan=""linútì"">-in-</abbr></form>
<hom role=""n""><pos>n</pos>
<sense n=""0""><trans> thin strips of bamboo, rattan, or <ix>nítù</ix>.
</trans>
</sense></hom></entry></entry>");
INSERT INTO `wced_head` (entryid, head, normalized_head, type, pos) VALUES (11877, "lútì", "luti", "m", "v");
INSERT INTO `wced_head` (entryid, head, normalized_head, type, pos) VALUES (11877, "linútì", "linuti", "s", "n");
INSERT INTO `wced_entry` VALUES (11878, "lutiriya", "652", "<entry page=""652"" id=""11878""><form id=""lutirixya"" lang=""ceb"">lutiríya</form>
<hom>
<sense n=""0""><trans> <xr lang=""ceb"" target=""#lutarixya"">= <sc>lutaríya</sc>, <i lang=""ceb"">n1, v1.</i></xr>
</trans>
</sense></hom></entry>");
INSERT INTO `wced_head` (entryid, head, normalized_head, type, pos) VALUES (11878, "lutiríya", "lutiriya", "m", "");
INSERT INTO `wced_entry` VALUES (11879, "lutlut", "652", "<entry page=""652"" id=""11879""><form id=""lutlut"" lang=""ceb"">lutlut</form>
<hom role=""v""><pos>v</pos>
<sense n=""0""> <itype>[AB; c6]</itype><trans> squeeze s.t. extra into an area which has little room, be squeezed in. </trans>
<eg><i lang=""ceb"">Mulutlut lang ku áring mga karga arun lang makapaúlì ku,</i><trans> I will just sit here in between the cargo, just so I can get home. </trans></eg>
<eg><i lang=""ceb"">Unsang librúhang ímung gilutlútan sa sulat?</i><trans> What book did you put the letter in? </trans></eg>
<eg><i lang=""ceb"">Ilutlut lang ning lubi sa ilálum sa lingkuránan,</i><trans> Just squeeze these coconuts under the seats.
</trans></eg>
</sense></hom></entry>");
INSERT INTO `wced_head` (entryid, head, normalized_head, type, pos) VALUES (11879, "lutlut", "lutlut", "m", "v");
INSERT INTO `wced_entry` VALUES (11880, "lutu, lutu1", "652", "<entry page=""652"" id=""11880""><form id=""lutu_lutuq"" lang=""ceb"">lutu, lutù<sub>1</sub></form>
<hom role=""n""><pos>n</pos>
<sense n=""0""><trans> <tr>blister</tr> gotten by rubbing. </trans>
</sense></hom>
<hom role=""v""><pos>v</pos>
<sense n=""0""> <itype>[B23(1)6; b4]</itype><trans> develop or form blisters. </trans>
<eg><i lang=""ceb"">Milutu (giluthan) ang íyang tudlù sa paglinúbù sa mais,</i><trans> Blisters have formed on her fingers from shelling the corn.
<pb n=""653""/>
</trans></eg>
</sense></hom></entry>");
INSERT INTO `wced_head` (entryid, head, normalized_head, type, pos) VALUES (11880, "lutu", "lutu", "s", "nv");
INSERT INTO `wced_head` (entryid, head, normalized_head, type, pos) VALUES (11880, "lutù", "lutu", "s", "nv");
INSERT INTO `wced_translation` (entryid, translation) VALUES (11880, "blister");
INSERT INTO `wced_entry` VALUES (11881, "lutu", "653", "<entry page=""653"" id=""11881""><form id=""luxtu"" lang=""ceb"">lútu</form>
<hom role=""v""><pos>v</pos>
<sense n=""1""><number>1</number> <itype>[A; b3]</itype><trans> wear black clothes in mourning. </trans>
<eg><i lang=""ceb"">Kinsa may inyung gilutúhan?</i><trans> Whom are you mourning? </trans></eg>
</sense>
<sense n=""2""><number>2</number> <itype>[a12]</itype><trans> make, sew into mourning clothes. </trans>
</sense>
<sense n=""3""><number>3</number> <itype>[b(1)]</itype><trans> consider a member of the family or s.o. close to the family dead because of his rebellious or unforgiveable act. </trans>
<eg><i lang=""ceb"">Gilutúhan si Sunya sa íyang mga ginikánan kay nakigminyù siya sa ílang draybir,</i><trans> Sonia’s parents simply considered her dead when she married their driver. </trans></eg>
</sense></hom>
<hom role=""n""><pos>n</pos>
<sense n=""0""><trans> <tr>mourning clothes</tr>.
</trans>
</sense></hom></entry>");
INSERT INTO `wced_head` (entryid, head, normalized_head, type, pos) VALUES (11881, "lútu", "lutu", "m", "vn");
INSERT INTO `wced_translation` (entryid, translation) VALUES (11881, "mourning clothes");
INSERT INTO `wced_entry` VALUES (11882, "lutu2", "653", "<entry page=""653"" id=""11882""><form id=""lutuq2"" lang=""ceb"">lutù<sub>2</sub></form>
<hom role=""v""><pos>v</pos>
<sense n=""1""><number>1</number> <itype>[AB246N; a12P]</itype><trans> crack one’s knuckle(s); for the joints to crack. </trans>
<eg><i lang=""ceb"">Mulutù (manglutù) ang íyang lutáhan inigtindug níya,</i><trans> His joints crack when he stands up. </trans></eg>
</sense>
<sense n=""2""><number>2</number> <itype>[A13]</itype><trans> stay idle doing nothing, twiddling the thumbs, cracking the knuckles, and the like. </trans>
<eg><i lang=""ceb"">Naglutù lang. Walà makahunàhunà unsay maáyung kurìkuriun,</i><trans> He’s just twiddling his thumbs. He hasn’t thought of anything worthwhile to do. </trans></eg>
</sense>
<sense n=""2a""><number>2a</number> <itype>[A13; a12]</itype><trans> do things at a slow and lazy pace. </trans>
<eg><i lang=""ceb"">Ug lutuun nátù ang átung líhuk magabin-an ta,</i><trans> If we walk lazily, we will be overtaken by night. </trans></eg>
</sense></hom>
<hom role=""n""><pos>n</pos>
<sense n=""0""><trans> sound produced by cracking the joints.
</trans>
</sense></hom></entry>");
INSERT INTO `wced_head` (entryid, head, normalized_head, type, pos) VALUES (11882, "lutù", "lutu", "s", "vn");
INSERT INTO `wced_entry` VALUES (11883, "lutu", "653", "<entry page=""653"" id=""11883""><form id=""luxtuq"" lang=""ceb"">lútù</form>
<hom role=""v""><pos>v</pos>
<sense n=""1""><number>1</number> <itype>[AB12; a]</itype><trans> <tr>cook</tr>. </trans>
<eg><i lang=""ceb"">Humut ang nagkalutung inasal,</i><trans> The roast pig smelled delicious as it was cooking. </trans></eg>
<eg><i lang=""ceb"">Lutúun nátù ang kík,</i><trans> Let us cook the cake. </trans></eg>
</sense>
<sense n=""1a""><number>1a</number> <itype>[AB12; b6]</itype><trans> make ice products. </trans>
<eg><i lang=""ceb"">Gáhì na ang áyis, nalútù na diay,</i><trans> The ice has hardened; it is done. </trans></eg>
</sense>
<sense n=""2""><number>2</number> <itype>[AP; a1]</itype><trans> make s.t. tender. </trans>
<eg><i lang=""ceb"">Súkà ray mulútù (mupalútù) sa kinílaw,</i><trans> Vinegar can get the raw fish tender. </trans></eg>
<eg><i lang=""ceb"">Alkuhul ang naglútù sa atay niánang palaínum,</i><trans> Alcohol is giving that drunkard a tender liver. </trans></eg>
</sense>
<sense n=""3""><number>3</number> <form id=""luxtuq_daxan"" lang=""ceb""><abbr expan=""lútù"">—</abbr> dáan</form><trans> <itype>[a12]</itype> have the outcome pre-planned. </trans>
<eg><i lang=""ceb"">Ang banggà gilútù dáan sa mga maghuhúkum,</i><trans> The judges prejudged the contest. </trans></eg>
</sense>
<sense n=""4""><number>4</number> <itype>[B; c6]</itype><trans> become darkened. </trans>
<eg><i lang=""ceb"">Mulútù (malútù) ug samut ang ímung pánit ug magsígi kag painit,</i><trans> Your skin will become darker if you keep staying in the sun. </trans></eg>
</sense></hom>
<hom role=""n""><pos>n</pos>
<sense n=""1""><number>1</number><trans> cooked rice or corn grits. </trans>
<eg><i lang=""ceb"">Paghúkad ug lútù,</i><trans> Bring some cooked rice to the table. </trans></eg>
</sense>
<sense n=""2""><number>2</number><trans> manner of cooking. </trans>
<eg><i lang=""ceb"">Kináham ku ang lútung binisayà,</i><trans> I love Visayan cooking. </trans></eg>
</sense></hom>
<hom role=""a""><pos>a</pos>
<sense n=""1""><number>1</number><trans> done, cooked. </trans>
<eg><i lang=""ceb"">Ug lútù na ang kamúti átung kan-un,</i><trans> If the sweet potatoes are done, let’s eat them. </trans></eg>
</sense>
<sense n=""1a""><number>1a</number><trans> for ice to be frozen. </trans>
</sense>
<sense n=""2""><number>2</number><trans> dark in shade. </trans>
<eg><i lang=""ceb"">Ang blú sa dágat mas lútù ikumparar sa lángit,</i><trans> The blue of the sea is darker than the blue of the sky. </trans></eg>
</sense>
<sense n=""3""><number>3</number> <form id=""luxtuq_daxan"" lang=""ceb""><abbr expan=""lútù"">—</abbr> dáan</form><trans> <tr>prejudged</tr>. </trans>
<eg><i lang=""ceb"">Lútù na man dáan ang ákung grádu,</i><trans> My grades are fixed. </trans></eg>
</sense>
<sense n=""4""><number>4</number> <form id=""luxtuq_nga_makaw"" lang=""ceb""><abbr expan=""lútù"">—</abbr> nga makaw</form><trans> </trans>
</sense>
<sense n=""a""><number>a</number><trans> dish prepared for short-order cooking. </trans>
</sense>
<sense n=""b""><number>b</number><trans> shabbily made. </trans>
<eg><i lang=""ceb"">Lútung makaw ang pagkabúhat sa lamísa,</i><trans> The table was poorly made. </trans></eg>
</sense>
<sense n=""c""><number>c</number><trans> prejudged. </trans>
<eg><i lang=""ceb"">Lútung makaw ang kumbinsiyun,</i><trans> The convention was rigged. </trans></eg>
</sense></hom>
<entry><form id=""lutuq3"" lang=""ceb""><abbr expan=""lutù"">(→)</abbr><sub>3</sub></form>
<hom role=""a""><pos>a</pos>
<sense n=""1""><number>1</number><trans> well-fermented fish. </trans>
</sense>
<sense n=""2""><number>2</number><trans> <xr lang=""ceb"" target=""#luxtuq"">= <sc>lútù</sc>, <ix>1a</ix>.</xr> </trans>
</sense></hom>
<hom role=""v""><pos>v</pos>
<sense n=""0""> <itype>[b3]</itype><trans> become fermented fish paste. </trans>
<eg><i lang=""ceb"">Wà pa gánì makalutù ang ginamus nahurut na námug káun,</i><trans> The fish paste had not even gotten fermented before we ate it up. </trans></eg>
</sense></hom></entry>
<entry><form id=""niluxtuq_linuxtuq"" lang=""ceb""><abbr expan=""nilútù"">ni-</abbr>, <abbr expan=""linútù"">-in-</abbr></form>
<hom role=""n""><pos>n</pos>
<sense n=""0""><trans> food bought prepared. </trans>
<eg><i lang=""ceb"">Pagpalit ug linútù ug kabsan tag sud-an,</i><trans> Buy some carry-out food if we run short. </trans></eg>
</sense></hom></entry>
<entry><form id=""nilutuan_linutuan"" lang=""ceb""><abbr expan=""nilutuan"">ni-an(→)</abbr>, <abbr expan=""linutuan"">-in-an(→)</abbr></form>
<hom role=""n""><pos>n</pos>
<sense n=""0""><trans> manner of cooking. </trans>
</sense></hom></entry>
<entry><form id=""malutuq"" lang=""ceb""><abbr expan=""malutù"">ma-(→)</abbr></form>
<hom role=""n""><pos>n</pos>
<sense n=""0""><trans> boiled rice usually wrapped in banana leaves carried as one’s lunch. </trans>
</sense></hom>
<hom role=""v""><pos>v</pos>
<sense n=""1""><number>1</number> <itype>[A]</itype><trans> bring a lunch of this sort. </trans>
</sense>
<sense n=""2""><number>2</number> <itype>[A; a2]</itype><trans> prepare a lunch of this sort.
</trans>
</sense></hom></entry></entry>");
INSERT INTO `wced_head` (entryid, head, normalized_head, type, pos) VALUES (11883, "lútù", "lutu", "m", "vna");
INSERT INTO `wced_head` (entryid, head, normalized_head, type, pos) VALUES (11883, "lútù dáan", "lutu daan", "s", "");
INSERT INTO `wced_head` (entryid, head, normalized_head, type, pos) VALUES (11883, "lútù nga makaw", "lutu nga makaw", "s", "");
INSERT INTO `wced_head` (entryid, head, normalized_head, type, pos) VALUES (11883, "lutù", "lutu", "s", "av");
INSERT INTO `wced_head` (entryid, head, normalized_head, type, pos) VALUES (11883, "nilútù", "nilutu", "s", "n");
INSERT INTO `wced_head` (entryid, head, normalized_head, type, pos) VALUES (11883, "linútù", "linutu", "s", "n");
INSERT INTO `wced_head` (entryid, head, normalized_head, type, pos) VALUES (11883, "nilutuan", "nilutuan", "s", "n");
INSERT INTO `wced_head` (entryid, head, normalized_head, type, pos) VALUES (11883, "linutuan", "linutuan", "s", "n");
INSERT INTO `wced_head` (entryid, head, normalized_head, type, pos) VALUES (11883, "malutù", "malutu", "s", "nv");
INSERT INTO `wced_translation` (entryid, translation) VALUES (11883, "cook");
INSERT INTO `wced_translation` (entryid, translation) VALUES (11883, "prejudged");
INSERT INTO `wced_entry` VALUES (11884, "lutub", "653", "<entry page=""653"" id=""11884""><form id=""luxtub"" lang=""ceb"">lútub</form>
<hom role=""v""><pos>v</pos>
<sense n=""0""> <itype>[B2; b6]</itype><trans> </trans>
</sense>
<sense n=""1""><number>1</number><trans> form a blister from burning or rubbing. </trans>
<eg><i lang=""ceb"">Milútub (nalútub) ang ákung pasù,</i><trans> My burn formed a blister. </trans></eg>
</sense>
<sense n=""2""><number>2</number><trans> for blood to form a black spot under a finger- or toenail that has been injured. </trans>
<eg><i lang=""ceb"">Milútub ang dugù sa ákung tudlù nga hingdukdukan sa martilyu,</i><trans> Blood formed a black spot on my fingers where I had hit them with a hammer.
</trans></eg>
</sense></hom></entry>");
INSERT INTO `wced_head` (entryid, head, normalized_head, type, pos) VALUES (11884, "lútub", "lutub", "m", "v");
INSERT INTO `wced_entry` VALUES (11885, "lut-ud", "653", "<entry page=""653"" id=""11885""><form id=""lut-ud"" lang=""ceb"">lut-ud</form>
<hom role=""v""><pos>v</pos>
<sense n=""1""><number>1</number> <itype>[AC23; ac]</itype><trans> <tr>pile up</tr> on top of one another. </trans>
<eg><i lang=""ceb""><corr sic=""Naglùt-ud"">Naglut-ud</corr> ang mga plátu,</i><trans> The plates are stacked on top of one another. </trans></eg>
<eg><i lang=""ceb"">Lut-úra pagdala nang mga libru,</i><trans> Carry the books in a pile on top of one another. </trans></eg>
</sense>
<sense n=""2""><number>2</number> <itype>[B36]</itype><trans> pile up, <tr>accumulate</tr>. </trans>
<eg><i lang=""ceb"">Paspas uy kay naglut-ud na ning ímung mga buluhatun,</i><trans> Faster! Your work is piling up. </trans></eg>
</sense></hom>
<hom role=""n""><pos>n</pos>
<sense n=""1""><number>1</number><trans> s.t. <tr>stacked</tr> up. </trans>
<eg><i lang=""ceb"">Tulu ka lut-ud nga libru,</i><trans> Three stacks of books. </trans></eg>
</sense>
<sense n=""2""><number>2</number><trans> having several rows of petals. </trans>
<eg><i lang=""ceb"">Antuwángang lut-ud,</i><trans> Hibiscus with several rows of petals.
</trans></eg>
</sense></hom></entry>");
INSERT INTO `wced_head` (entryid, head, normalized_head, type, pos) VALUES (11885, "lut-ud", "lut-ud", "m", "vn");
INSERT INTO `wced_translation` (entryid, translation) VALUES (11885, "pile up");
INSERT INTO `wced_translation` (entryid, translation) VALUES (11885, "accumulate");
INSERT INTO `wced_translation` (entryid, translation) VALUES (11885, "stacked");
INSERT INTO `wced_entry` VALUES (11886, "lutuk", "653", "<entry page=""653"" id=""11886""><form id=""lutuk"" lang=""ceb"">lutuk</form>
<hom role=""v""><pos>v</pos>
<sense n=""1""><number>1</number> <itype>[A; a12]</itype><trans> put a finger into an orifice of s.t. living, usually to get at s.t. </trans>
<eg><i lang=""ceb"">Akuy mulutuk sa bàbà sa bátà arun makúhà ang singsing,</i><trans> I will reach into the child’s mouth to get the ring out. </trans></eg>
<eg><i lang=""ceb"">Luktun ku nang mata mu,</i><trans> I’ll poke out your eyes. </trans></eg>
</sense>
<sense n=""2""><number>2</number> <itype>[A; a]</itype><trans> squeeze and pull off the edible flesh of jackfruit. </trans>
<eg><i lang=""ceb"">Dì ku makalutuk sa súuy sa nangkà,</i><trans> I can’t take out the edible flesh of the jackfruit.
</trans></eg>
</sense></hom></entry>");
INSERT INTO `wced_head` (entryid, head, normalized_head, type, pos) VALUES (11886, "lutuk", "lutuk", "m", "v");
INSERT INTO `wced_entry` VALUES (11887, "lutuk", "653", "<entry page=""653"" id=""11887""><form id=""luxtuk"" lang=""ceb"">lútuk</form>
<hom role=""v""><pos>v</pos>
<sense n=""0""> <itype>[A; b6]</itype><trans> <tr>stare at</tr>. </trans>
<eg><i lang=""ceb"">Namula siyang gisalíhan nákug lútuk,</i><trans> She blushed when I kept staring at her.
</trans></eg>
</sense></hom></entry>");
INSERT INTO `wced_head` (entryid, head, normalized_head, type, pos) VALUES (11887, "lútuk", "lutuk", "m", "v");
INSERT INTO `wced_translation` (entryid, translation) VALUES (11887, "stare at");
INSERT INTO `wced_entry` VALUES (11888, "lutung", "653", "<entry page=""653"" id=""11888""><form id=""lutung"" lang=""ceb"">lutung</form>
<hom role=""a""><pos>a</pos>
<sense n=""0""><trans> for fruits to be <tr>very ripe</tr>, almost overripe. </trans>
</sense></hom>
<hom role=""v""><pos>v</pos>
<sense n=""0""> <itype>[B12]</itype><trans> be, become very ripe. </trans>
<eg><i lang=""ceb"">Mas lamì kan-un ang nangkà kun malutung na,</i><trans> Jackfruit is most delicious to eat when it is very ripe.
</trans></eg>
</sense></hom></entry>");
INSERT INTO `wced_head` (entryid, head, normalized_head, type, pos) VALUES (11888, "lutung", "lutung", "m", "av");
INSERT INTO `wced_translation` (entryid, translation) VALUES (11888, "very ripe");
INSERT INTO `wced_entry` VALUES (11889, "lutung", "653", "<entry page=""653"" id=""11889""><form id=""luxtung"" lang=""ceb"">lútung</form>
<hom role=""n""><pos>n</pos>
<sense n=""0""><trans> contraction of the uterus during labor. </trans>
</sense></hom>
<hom role=""v""><pos>v</pos>
<sense n=""0""> <itype>[A2]</itype><trans> for the uterus to contract during labor. </trans>
<eg><i lang=""ceb"">Maggahìgáhì ang pus-un sa umaának ug mulútung na,</i><trans> The stomach of a mother in labor hardens when her uterus is contracting.
</trans></eg>
</sense></hom></entry>");
INSERT INTO `wced_head` (entryid, head, normalized_head, type, pos) VALUES (11889, "lútung", "lutung", "m", "nv");
INSERT INTO `wced_entry` VALUES (11890, "lutup", "653", "<entry page=""653"" id=""11890""><form id=""lutup"" lang=""ceb"">lutup</form>
<hom role=""v""><pos>v</pos>
<sense n=""1""><number>1</number> <itype>[A23]</itype><trans> for s.t. to show through s.t. <pb n=""654""/>translucent that touches it. </trans>
<eg><i lang=""ceb"">Milutup ang íyang tútuy sa nipis níyang bláwus,</i><trans> Her breasts showed through her flimsy blouse. </trans></eg>
</sense>
<sense n=""2""><number>2</number> <itype>[A2; b(1)]</itype><trans> for s.t. to give off a reproduction on s.t. that touches it. </trans>
<eg><i lang=""ceb"">Milutup ang banig nga íyang gihigdáan dihà sa íyang bukubuku,</i><trans> The mat he lay on left an impression on his back. </trans></eg>
</sense>
<sense n=""2a""><number>2a</number><trans> leave a crease in cloth upon folding or pressing. </trans>
<eg><i lang=""ceb"">Naglutup ang pinil-an sa sinínà,</i><trans> There was a crease left on the dress where it was folded. </trans></eg>
</sense></hom>
<hom role=""n""><pos>n</pos>
<sense n=""1""><number>1</number><trans> mark, imprint on the skin. </trans>
</sense>
<sense n=""2""><number>2</number><trans> crease, fold on a cloth. </trans>
</sense></hom>
<entry><form id=""palutup"" lang=""ceb""><abbr expan=""palutup"">pa-</abbr></form>
<hom role=""n""><pos>n</pos>
<sense n=""1""><number>1</number><trans> reproduction of a picture made by rubbing it with a candle and then scratching a sheet of paper over it. </trans>
</sense>
<sense n=""2""><number>2</number><trans> <tr>tracing</tr>. </trans>
</sense></hom>
<hom role=""v""><pos>v</pos>
<sense n=""0""> <itype>[A; b6(1)]</itype><trans> reproduce a picture by rubbing or tracing.
</trans>
</sense></hom></entry></entry>");
INSERT INTO `wced_head` (entryid, head, normalized_head, type, pos) VALUES (11890, "lutup", "lutup", "m", "vn");
INSERT INTO `wced_head` (entryid, head, normalized_head, type, pos) VALUES (11890, "palutup", "palutup", "s", "nv");
INSERT INTO `wced_translation` (entryid, translation) VALUES (11890, "tracing");
INSERT INTO `wced_entry` VALUES (11891, "lutus1", "654", "<entry page=""654"" id=""11891""><form id=""luxtus"" lang=""ceb"">lútus<sub>1</sub></form>
<hom role=""v""><pos>v</pos>
<sense n=""1""><number>1</number> <itype>[A; ab2]</itype><trans> <tr>chase</tr> or <tr>run after</tr>. </trans>
<eg><i lang=""ceb"">Daghan kaáyung táwung milútus sa mangunguut,</i><trans> A lot of people were chasing the pickpocket. </trans></eg>
<eg><i lang=""ceb"">Bísag ása pa mutágù ang kriminal, lutúsun giyud sa baláud,</i><trans> No matter where the criminal hides, the law will go after him. </trans></eg>
</sense>
<sense n=""2""><number>2</number> <itype>[A; a12]</itype><trans> <tr>persecute</tr>. </trans>
<eg><i lang=""ceb"">Si Níru naglútus sa mga Kristiyánus,</i><trans> Nero persecuted the Christians.
</trans></eg>
</sense></hom></entry>");
INSERT INTO `wced_head` (entryid, head, normalized_head, type, pos) VALUES (11891, "lútus", "lutus", "s", "v");
INSERT INTO `wced_translation` (entryid, translation) VALUES (11891, "chase");
INSERT INTO `wced_translation` (entryid, translation) VALUES (11891, "run after");
INSERT INTO `wced_translation` (entryid, translation) VALUES (11891, "persecute");
INSERT INTO `wced_entry` VALUES (11892, "lutus2", "654", "<entry page=""654"" id=""11892""><form id=""luxtus2"" lang=""ceb"">lútus<sub>2</sub></form>
<hom role=""n""><pos>n</pos>
<sense n=""0""><trans> <tr>lotus</tr> plant cultivated for ornamental purposes, flowers esp. used for decorating altars: <bio>Nelumbium nelumbo</bio>.
</trans>
</sense></hom></entry>");
INSERT INTO `wced_head` (entryid, head, normalized_head, type, pos) VALUES (11892, "lútus", "lutus", "s", "n");
INSERT INTO `wced_translation` (entryid, translation) VALUES (11892, "lotus");
INSERT INTO `wced_entry` VALUES (11893, "lutuy", "654", "<entry page=""654"" id=""11893""><form id=""luxtuy"" lang=""ceb"">lútuy</form>
<hom role=""v""><pos>v</pos>
<sense n=""0""> <itype>[B2S3(1); b4]</itype><trans> for the skin to swell and form a blister from being burnt with s.t. hot or cold. </trans>
<eg><i lang=""ceb"">Milútuy ang ákung buktun nga napiksan sa ínit nga mantíka,</i><trans> Hot lard spattered on my arm and it swelled. </trans></eg>
</sense></hom>
<hom role=""n""><pos>n</pos>
<sense n=""0""><trans> swelling on the skin caused by heat or acid.
</trans>
</sense></hom></entry>");
INSERT INTO `wced_head` (entryid, head, normalized_head, type, pos) VALUES (11893, "lútuy", "lutuy", "m", "vn");
INSERT INTO `wced_entry` VALUES (11894, "lutya, lutya", "654", "<entry page=""654"" id=""11894""><form id=""lutya_lutyaq"" lang=""ceb"">lutya, lutyà</form>
<hom>
<sense n=""0""><trans> <xr lang=""ceb"" target=""#bisul"">= <sc>bisul</sc>.</xr>
</trans>
</sense></hom></entry>");
INSERT INTO `wced_head` (entryid, head, normalized_head, type, pos) VALUES (11894, "lutya", "lutya", "s", "");
INSERT INTO `wced_head` (entryid, head, normalized_head, type, pos) VALUES (11894, "lutyà", "lutya", "s", "");
INSERT INTO `wced_entry` VALUES (11895, "luub", "654", "<entry page=""654"" id=""11895""><form id=""luxub"" lang=""ceb"">lúub</form>
<hom role=""v""><pos>v</pos>
<sense n=""0""> <itype>[A; b(1)]</itype><trans> </trans>
</sense>
<sense n=""1""><number>1</number><trans> brood on eggs. </trans>
<eg><i lang=""ceb"">Luúban sa himungáan ang itlug,</i><trans> The hen will sit on the eggs. </trans></eg>
</sense>
<sense n=""1a""><number>1a</number><trans> stay around a place. </trans>
<eg><i lang=""ceb"">Dì ka ba pul-an ug lúub sa balay?</i><trans> Aren’t you sick of hanging around the house? </trans></eg>
</sense>
<sense n=""2""><number>2</number><trans> for emotions to be stored up in one. </trans>
<eg><i lang=""ceb"">Kasína nga naglúub sa ákung dughan,</i><trans> The envy that dwelt in my breast.
</trans></eg>
</sense></hom></entry>");
INSERT INTO `wced_head` (entryid, head, normalized_head, type, pos) VALUES (11895, "lúub", "luub", "m", "v");
INSERT INTO `wced_entry` VALUES (11896, "luud", "654", "<entry page=""654"" id=""11896""><form id=""luud"" lang=""ceb"">luud</form>
<hom role=""a""><pos>a</pos>
<sense n=""0""><trans> <tr>nauseous</tr>, causing nausea. </trans>
<eg><i lang=""ceb"">Luud kan-un ang pagkáung pan-us,</i><trans> Stale food is nauseous to eat. </trans></eg>
</sense></hom>
<hom role=""v""><pos>v</pos>
<sense n=""0""> <itype>[B2; a4]</itype><trans> become, feel nauseous. </trans>
<eg><i lang=""ceb"">Nagkaluud ang báhù sa kasilyas,</i><trans> The toilet is getting to smell more and more nauseous. </trans></eg>
<eg><i lang=""ceb"">Lud-un giyud kung mamínaw sa ímung mga pasálig,</i><trans> I really get nauseated listening to your promises. </trans></eg>
</sense></hom>
<entry><form id=""lud-axnun_lud-unun"" lang=""ceb"">lud-ánun, lud-unun</form>
<hom role=""a""><pos>a</pos>
<sense n=""0""><trans> easily given to feeling nauseous.
</trans>
</sense></hom></entry></entry>");
INSERT INTO `wced_head` (entryid, head, normalized_head, type, pos) VALUES (11896, "luud", "luud", "m", "av");
INSERT INTO `wced_head` (entryid, head, normalized_head, type, pos) VALUES (11896, "lud-ánun", "lud-anun", "s", "a");
INSERT INTO `wced_head` (entryid, head, normalized_head, type, pos) VALUES (11896, "lud-unun", "lud-unun", "s", "a");
INSERT INTO `wced_translation` (entryid, translation) VALUES (11896, "nauseous");
INSERT INTO `wced_entry` VALUES (11897, "*luud", "654", "<entry page=""654"" id=""11897""><form id=""xxluxud"" lang=""ceb"">*lúud</form>
<entry><form id=""pangluxud"" lang=""ceb""><abbr expan=""panglúud"">paN-</abbr></form>
<hom role=""v""><pos>v</pos>
<sense n=""0""> <itype>[A2; b3]</itype><trans> <tr>sulk</tr> by refraining from doing s.t. because of an offense or a wish not granted. </trans>
<eg><i lang=""ceb"">Dì na siya mukanta. Nanglúud nga wà pakpáki,</i><trans> She won’t sing any more. She is sulking because she didn’t get enough applause. </trans></eg>
</sense></hom></entry>
<entry><form id=""luuray"" lang=""ceb"">luuray</form>
<hom role=""v""><pos>v</pos>
<sense n=""0""> <itype>[C23]</itype><trans> take offense at each other and sulk. </trans>
<eg><i lang=""ceb"">Way mahímù ang átung kláb kay nagluuray ang mga upisyális,</i><trans> Our club won’t achieve anything because the officers are constantly taking offense at each other and refraining from doing things. </trans></eg>
</sense></hom></entry>
<entry><form id=""luuran"" lang=""ceb"">luuran</form>
<hom role=""a""><pos>a</pos>
<sense n=""0""><trans> easily given to sulking, withdrawing from an activity.
</trans>
</sense></hom></entry></entry>");
INSERT INTO `wced_head` (entryid, head, normalized_head, type, pos) VALUES (11897, "lúud", "luud", "s", "");
INSERT INTO `wced_head` (entryid, head, normalized_head, type, pos) VALUES (11897, "panglúud", "pangluud", "s", "v");
INSERT INTO `wced_head` (entryid, head, normalized_head, type, pos) VALUES (11897, "luuray", "luuray", "s", "v");
INSERT INTO `wced_head` (entryid, head, normalized_head, type, pos) VALUES (11897, "luuran", "luuran", "s", "a");
INSERT INTO `wced_translation` (entryid, translation) VALUES (11897, "sulk");
INSERT INTO `wced_entry` VALUES (11898, "luug", "654", "<entry page=""654"" id=""11898""><form id=""luug"" lang=""ceb"">luug</form>
<hom role=""a""><pos>a</pos>
<sense n=""1""><number>1</number><trans> <tr>savage</tr>, <tr>uncivilized</tr>. </trans>
</sense>
<sense n=""2""><number>2</number><trans> <tr>ignorant</tr>, lacking sophistication like a savage. </trans>
<eg><i lang=""ceb"">Ayg tudlùtudlúa nang mga trák. Luug ka man tingáli,</i><trans> Don’t point your finger at those vehicles. Are you ignorant? </trans></eg>
</sense></hom>
<hom role=""v""><pos>v</pos>
<sense n=""0""> <itype>[B12; a2]</itype><trans> be, become ignorant, unsophisticated. </trans>
<eg><i lang=""ceb"">Maluug kag adtu ka magpuyù sa búkid,</i><trans> You will grow up ignorant if you stay in the mountains. </trans></eg>
</sense></hom>
<entry><form id=""linuug"" lang=""ceb""><abbr expan=""linuug"">-in-</abbr></form>
<hom role=""a""><pos>a</pos>
<sense n=""0""><trans> in the manner of a savage. </trans>
<eg><i lang=""ceb"">Linuug nga búhat ang panglúgus,</i><trans> Rape is a savage act. </trans></eg>
</sense></hom>
<hom role=""v""><pos>v</pos>
<sense n=""0""> <itype>[A; c1]</itype><trans> act like a savage. </trans>
</sense></hom></entry>
<entry><form id=""luuxging"" lang=""ceb""><abbr expan=""luúging"">-ing(←)</abbr></form>
<hom>
<sense n=""0""><trans> <xr lang=""ceb"" target=""#luug"">= <sc>luug</sc>, <i lang=""ceb"">a2</i> (humorous euphemism).</xr>
</trans>
</sense></hom></entry></entry>");
INSERT INTO `wced_head` (entryid, head, normalized_head, type, pos) VALUES (11898, "luug", "luug", "m", "av");
INSERT INTO `wced_head` (entryid, head, normalized_head, type, pos) VALUES (11898, "linuug", "linuug", "s", "av");
INSERT INTO `wced_head` (entryid, head, normalized_head, type, pos) VALUES (11898, "luúging", "luuging", "s", "");
INSERT INTO `wced_translation` (entryid, translation) VALUES (11898, "savage");
INSERT INTO `wced_translation` (entryid, translation) VALUES (11898, "uncivilized");
INSERT INTO `wced_translation` (entryid, translation) VALUES (11898, "ignorant");
INSERT INTO `wced_entry` VALUES (11899, "luuk1", "654", "<entry page=""654"" id=""11899""><form id=""luxuk"" lang=""ceb"">lúuk<sub>1</sub></form>
<hom role=""v""><pos>v</pos>
<sense n=""1""><number>1</number> <itype>[A; a]</itype><trans> <tr>strangle</tr>, esp. with two hands. </trans>
<eg><i lang=""ceb"">Luúkun ta ka dihag musúkul ka,</i><trans> I’ll strangle you if you fight back. </trans></eg>
</sense>
<sense n=""2""><number>2</number> <itype>[AC2; a12]</itype><trans> neck, pet to the point of or nearly to the point of intercourse (slang). </trans>
<eg><i lang=""ceb"">Gilúuk bítaw nákù, sugut lagi,</i><trans> I got her over-excited, and you bet she gave in. </trans></eg>
</sense></hom>
<entry><form id=""mangluluuk"" lang=""ceb""><abbr expan=""mangluluuk"">maN-r-(→)</abbr></form>
<hom role=""n""><pos>n</pos>
<sense n=""0""><trans> <tr>strangler</tr>.
</trans>
</sense></hom></entry></entry>");
INSERT INTO `wced_head` (entryid, head, normalized_head, type, pos) VALUES (11899, "lúuk", "luuk", "s", "v");
INSERT INTO `wced_head` (entryid, head, normalized_head, type, pos) VALUES (11899, "mangluluuk", "mangluluuk", "s", "n");
INSERT INTO `wced_translation` (entryid, translation) VALUES (11899, "strangle");
INSERT INTO `wced_translation` (entryid, translation) VALUES (11899, "strangler");
INSERT INTO `wced_entry` VALUES (11900, "luuk2", "654", "<entry page=""654"" id=""11900""><form id=""luxuk2"" lang=""ceb"">lúuk<sub>2</sub></form>
<hom role=""n""><pos>n</pos>
<sense n=""0""><trans> <tr>bay</tr>. </trans>
<eg><i lang=""ceb"">Pagbagyu mitágù ang lantsa sa may lúuk,</i><trans> During the typhoon the launch took shelter in the bay. </trans></eg>
</sense></hom>
<entry><form id=""luukluxuk"" lang=""ceb"">luuklúuk</form>
<hom role=""v""><pos>v</pos>
<sense n=""1""><number>1</number> <itype>[A1]</itype><trans> eat food alone by oneself. </trans>
<eg><i lang=""ceb"">Siya ray nagluuklúuk ug káun sa íyang bálun,</i><trans> She was eating her lunch off in a corner by herself. </trans></eg>
</sense>
<sense n=""2""><number>2</number> <itype>[A13]</itype><trans> do the work alone by oneself without help from others. </trans>
<eg><i lang=""ceb"">Aku ra giyuy nagluuklúuk niíning trabahúa,</i><trans> I did this work all alone by myself. </trans></eg>
</sense></hom></entry>
<entry><form id=""kinaluukan"" lang=""ceb""><abbr expan=""kinaluukan"">kina-an(→)</abbr></form>
<hom role=""n""><pos>n</pos>
<sense n=""0""><trans> inmost part of a bay.
</trans>
</sense></hom></entry></entry>");
INSERT INTO `wced_head` (entryid, head, normalized_head, type, pos) VALUES (11900, "lúuk", "luuk", "s", "n");
INSERT INTO `wced_head` (entryid, head, normalized_head, type, pos) VALUES (11900, "luuklúuk", "luukluuk", "s", "v");
INSERT INTO `wced_head` (entryid, head, normalized_head, type, pos) VALUES (11900, "kinaluukan", "kinaluukan", "s", "n");
INSERT INTO `wced_translation` (entryid, translation) VALUES (11900, "bay");
INSERT INTO `wced_entry` VALUES (11901, "luum", "654", "<entry page=""654"" id=""11901""><form id=""luxum"" lang=""ceb"">lúum</form>
<hom role=""v""><pos>v</pos>
<sense n=""0""> <itype>[A; c]</itype><trans> put s.t. entirely into the mouth. </trans>
<eg><i lang=""ceb"">Íyang gilúum ang usa ka buuk pán,</i><trans> He put the whole piece of bread into his mouth. </trans></eg>
</sense></hom>
<entry><form id=""luum"" lang=""ceb""><abbr expan=""luum"">(→)</abbr></form>
<hom role=""v""><pos>v</pos>
<sense n=""1""><number>1</number> <itype>[A23]</itype><trans> hold one’s breath, stifle back one’s breath. </trans>
<eg><i lang=""ceb"">Napakung ang íyang bitíis ug miluum siya sa kasakit,</i><trans> He banged his shins and he held his breath in pain. </trans></eg>
</sense>
<sense n=""2""><number>2</number> <itype>[A; c6]</itype><trans> repress, keep to oneself or cry in a repressed way. </trans>
<eg><i lang=""ceb"">Miluum siyag hílak dihang ákù siyang gibyáan,</i><trans> She cried softly when I left her. </trans></eg>
<eg><i lang=""ceb"">Ayawg iluum ang ímung kayugut sa ímung amahan,</i><trans> Don’t repress your resentment at your father.
</trans></eg>
</sense></hom></entry></entry>");
INSERT INTO `wced_head` (entryid, head, normalized_head, type, pos) VALUES (11901, "lúum", "luum", "m", "v");
INSERT INTO `wced_head` (entryid, head, normalized_head, type, pos) VALUES (11901, "luum", "luum", "s", "v");
INSERT INTO `wced_entry` VALUES (11902, "luun", "654", "<entry page=""654"" id=""11902""><form id=""luxun"" lang=""ceb"">lúun</form>
<hom role=""v""><pos>v</pos>
<sense n=""0""> <itype>[A2C; ac]</itype><trans> </trans>
</sense>
<sense n=""1""><number>1</number><trans> share a space to occupy it. </trans>
<eg><i lang=""ceb"">Naglúun mig sakay sa kábaw,</i><trans> We rode on the carabao together. </trans></eg>
<eg><i lang=""ceb"">Dì mahímung luúnun ang duha ka himungáan sa usa ka pugaran,</i><trans> You can’t put two hens in one nest. </trans></eg>
</sense>
<sense n=""2""><number>2</number><trans> live together in the same house or room. </trans>
<eg><i lang=""ceb"">Ayaw silag ilúun sa ámung kwartu kay hugawan,</i><trans> <pb n=""655""/>Don’t let <corr sic=""him"">them</corr> stay with us in our room because <corr sic=""he is"">they are</corr> messy. </trans></eg>
</sense>
<sense n=""3""><number>3</number><trans> for an unmarried couple to live together. </trans>
<eg><i lang=""ceb"">Gilúun níyag íyang uyab,</i><trans> He brought his girl to live with him. </trans></eg>
</sense></hom>
<entry><form id=""luun"" lang=""ceb""><abbr expan=""luun"">(→)</abbr></form>
<hom role=""v""><pos>v</pos>
<sense n=""0""> <itype>[A; b]</itype><trans> put a buffer sheet over the mouth of a vessel between the mouth and the cover. </trans>
<eg><i lang=""ceb"">Lun-ig dáhun ang linung-ag kay hungaw ang takub,</i><trans> Put some leaves as a buffer for the pot of rice because the cover is not airtight. </trans></eg>
</sense></hom>
<hom role=""n""><pos>n</pos>
<sense n=""0""><trans> s.t. used as a buffer for a pot top. </trans>
</sense></hom></entry>
<entry><form id=""kaluxun"" lang=""ceb""><abbr expan=""kalúun"">ka-</abbr></form>
<hom role=""n""><pos>n</pos>
<sense n=""0""><trans> one whom one shares a space with.
</trans>
</sense></hom></entry></entry>");
INSERT INTO `wced_head` (entryid, head, normalized_head, type, pos) VALUES (11902, "lúun", "luun", "m", "v");
INSERT INTO `wced_head` (entryid, head, normalized_head, type, pos) VALUES (11902, "luun", "luun", "s", "vn");
INSERT INTO `wced_head` (entryid, head, normalized_head, type, pos) VALUES (11902, "kalúun", "kaluun", "s", "n");
INSERT INTO `wced_entry` VALUES (11903, "luup", "655", "<entry page=""655"" id=""11903""><form id=""luup"" lang=""ceb"">luup</form>
<hom role=""v""><pos>v</pos>
<sense n=""0""> <itype>[A; b]</itype><trans> shut off or block a passage or flow. </trans>
<eg><i lang=""ceb"">Ílang gilup-an ang sapà ug mga dagkung batu,</i><trans> They blocked one end of the stream with stones. </trans></eg>
</sense></hom>
<hom role=""n""><pos>n</pos>
<sense n=""0""><trans> s.t. used to shut off or block a passage or flow.
</trans>
</sense></hom></entry>");
INSERT INTO `wced_head` (entryid, head, normalized_head, type, pos) VALUES (11903, "luup", "luup", "m", "vn");
INSERT INTO `wced_entry` VALUES (11904, "luus", "655", "<entry page=""655"" id=""11904""><form id=""luus"" lang=""ceb"">luus</form>
<hom role=""v""><pos>v</pos>
<sense n=""0""> <itype>[A; b6]</itype><trans> </trans>
</sense>
<sense n=""1""><number>1</number><trans> be constantly doing s.t. </trans>
<eg><i lang=""ceb"">Dílì ka makaluus ug lingkud dinhi kay binatunan ka,</i><trans> You can’t constantly sit around because you are supposed to be the maid. </trans></eg>
<eg><i lang=""ceb"">Gilus-an níyag bása ang kúmiks,</i><trans> She did nothing but read the comics. </trans></eg>
</sense>
<sense n=""2""><number>2</number><trans> stay long in a place. </trans>
<eg><i lang=""ceb"">Dì ku muluus sa baryu,</i><trans> I will not stay in the village long.
</trans></eg>
</sense></hom></entry>");
INSERT INTO `wced_head` (entryid, head, normalized_head, type, pos) VALUES (11904, "luus", "luus", "m", "v");
INSERT INTO `wced_entry` VALUES (11905, "luuy1", "655", "<entry page=""655"" id=""11905""><form id=""luxuy"" lang=""ceb"">lúuy<sub>1</sub></form>
<hom role=""a""><pos>a</pos>
<sense n=""0""><trans> <tr>pitiful</tr>. </trans>
<eg><i lang=""ceb"">Lúuy kaáyu ang mga ílung tuwápus,</i><trans> Orphans are very pitiful. </trans></eg>
</sense></hom>
<hom role=""v""><pos>v</pos>
<sense n=""0""> <itype>[B1256; b5c]</itype><trans> have pity, mercy on s.o.; give s.t. out of pity. </trans>
<eg><i lang=""ceb"">Ayaw táwun kug patya, malúuy ka,</i><trans> Don’t kill me. Have mercy. </trans></eg>
<eg><i lang=""ceb"">Limus, Dung, kaluy-i (kaluy-a) ang kabus,</i><trans> Alms, lad. Have pity on the poor. </trans></eg>
<eg><i lang=""ceb"">Ihátag lag suklì ikalúuy lang nà sa draybir,</i><trans> Just give the change to the driver out of kindness. </trans></eg>
</sense></hom>
<entry><form id=""pakiluxuy_pakimaluxuy"" lang=""ceb""><abbr expan=""pakilúuy"">paki-</abbr>, <abbr expan=""pakimalúuy"">pakima-</abbr></form>
<hom role=""v""><pos>v</pos>
<sense n=""0""> <itype>[A; c]</itype><trans> </trans>
</sense>
<sense n=""1""><number>1</number><trans> beg for mercy. </trans>
<eg><i lang=""ceb"">Nagpakilúuy (nagpakimalúuy) sila sa asindírung hakug,</i><trans> They beg for mercy from the greedy landowner. </trans></eg>
</sense>
<sense n=""2""><number>2</number><trans> <tr>plead</tr>. </trans>
<eg><i lang=""ceb"">Mipakilúuy (mipakimalúuy) siya nga dì nákù byáan,</i><trans> She begged me not to leave her. </trans></eg>
</sense></hom>
<hom role=""n""><pos>n</pos>
<sense n=""0""><trans> pleading for mercy. </trans>
</sense></hom></entry>
<entry><form id=""kaluxuy"" lang=""ceb""><abbr expan=""kalúuy"">ka-</abbr></form>
<hom role=""n""><pos>n</pos>
<sense n=""0""><trans> <tr>pity</tr>, <tr>mercy</tr>. </trans>
<eg><i lang=""ceb"">Kalúuy sa Diyus,</i><trans> Thanks be to God. </trans></eg>
</sense></hom></entry>
<entry><form id=""maluluy-un"" lang=""ceb"">maluluy-un</form>
<hom role=""a""><pos>a</pos>
<sense n=""0""><trans> <tr>kind</tr>, <tr>merciful</tr>. </trans>
</sense></hom></entry>
<entry><form id=""makaluluxuy"" lang=""ceb"">makalulúuy</form>
<hom role=""a""><pos>a</pos>
<sense n=""0""><trans> inspiring pity.
</trans>
</sense></hom></entry></entry>");
INSERT INTO `wced_head` (entryid, head, normalized_head, type, pos) VALUES (11905, "lúuy", "luuy", "s", "av");
INSERT INTO `wced_head` (entryid, head, normalized_head, type, pos) VALUES (11905, "pakilúuy", "pakiluuy", "s", "vn");
INSERT INTO `wced_head` (entryid, head, normalized_head, type, pos) VALUES (11905, "pakimalúuy", "pakimaluuy", "s", "vn");
INSERT INTO `wced_head` (entryid, head, normalized_head, type, pos) VALUES (11905, "kalúuy", "kaluuy", "s", "n");
INSERT INTO `wced_head` (entryid, head, normalized_head, type, pos) VALUES (11905, "maluluy-un", "maluluy-un", "s", "a");
INSERT INTO `wced_head` (entryid, head, normalized_head, type, pos) VALUES (11905, "makalulúuy", "makaluluuy", "s", "a");
INSERT INTO `wced_translation` (entryid, translation) VALUES (11905, "pitiful");
INSERT INTO `wced_translation` (entryid, translation) VALUES (11905, "plead");
INSERT INTO `wced_translation` (entryid, translation) VALUES (11905, "pity");
INSERT INTO `wced_translation` (entryid, translation) VALUES (11905, "mercy");
INSERT INTO `wced_translation` (entryid, translation) VALUES (11905, "kind");
INSERT INTO `wced_translation` (entryid, translation) VALUES (11905, "merciful");
INSERT INTO `wced_entry` VALUES (11906, "luuy2", "655", "<entry page=""655"" id=""11906""><form id=""luxuy2"" lang=""ceb"">lúuy<sub>2</sub></form>
<hom role=""v""><pos>v</pos>
<sense n=""0""> <itype>[B3(1)6; bc1]</itype><trans> be, become <tr>stagnant</tr>. </trans>
<eg><i lang=""ceb"">Malúuy (mulúuy) ang túbig dinhi kay wà may kanal,</i><trans> Water stagnates here because there is no canal.
</trans></eg>
</sense></hom></entry>");
INSERT INTO `wced_head` (entryid, head, normalized_head, type, pos) VALUES (11906, "lúuy", "luuy", "s", "v");
INSERT INTO `wced_translation` (entryid, translation) VALUES (11906, "stagnant");
INSERT INTO `wced_entry` VALUES (11907, "luwa-", "655", "<entry page=""655"" id=""11907""><form id=""luwa-"" lang=""ceb"">luwa-</form>
<hom>
<sense n=""0""><trans> <ix>see also</ix> <xr lang=""ceb"" target=""#lula-""><sc>lula-</sc>.</xr>
</trans>
</sense></hom></entry>");
INSERT INTO `wced_head` (entryid, head, normalized_head, type, pos) VALUES (11907, "luwa-", "luwa-", "m", "");
INSERT INTO `wced_entry` VALUES (11908, "luwa1", "655", "<entry page=""655"" id=""11908""><form id=""luwa"" lang=""ceb"">luwa<sub>1</sub></form>
<hom>
<sense n=""0""><trans> a word of command for a carabao to halt. </trans>
</sense></hom>
<entry><form id=""paluwa"" lang=""ceb""><abbr expan=""paluwa"">pa-</abbr></form>
<hom role=""v""><pos>v</pos>
<sense n=""0""> <itype>[A; a12]</itype><trans> command a carabao to stop. </trans>
<eg><i lang=""ceb"">Paluwaha sà ang kábaw arun makapahúlay,</i><trans> Stop the carabao so it can take a rest.
</trans></eg>
</sense></hom></entry></entry>");
INSERT INTO `wced_head` (entryid, head, normalized_head, type, pos) VALUES (11908, "luwa", "luwa", "s", "");
INSERT INTO `wced_head` (entryid, head, normalized_head, type, pos) VALUES (11908, "paluwa", "paluwa", "s", "v");
INSERT INTO `wced_entry` VALUES (11909, "luwa2", "655", "<entry page=""655"" id=""11909""><form id=""luwa2"" lang=""ceb"">luwa<sub>2</sub></form>
<hom role=""v""><pos>v</pos>
<sense n=""0""> <itype>[A; ab2]</itype><trans> <tr>dismember</tr> a slaughtered animal. </trans>
<eg><i lang=""ceb"">Dalì siya nga nakaluwa sa kábaw nga giíhaw,</i><trans> He dismembered the slaughtered water buffalo in no time. </trans></eg>
</sense></hom>
<hom role=""n""><pos>n</pos>
<sense n=""0""><trans> piece cut off of a slaughtered animal.
</trans>
</sense></hom></entry>");
INSERT INTO `wced_head` (entryid, head, normalized_head, type, pos) VALUES (11909, "luwa", "luwa", "s", "vn");
INSERT INTO `wced_translation` (entryid, translation) VALUES (11909, "dismember");
INSERT INTO `wced_entry` VALUES (11910, "luwa", "655", "<entry page=""655"" id=""11910""><form id=""luxwa"" lang=""ceb"">lúwa</form>
<hom role=""n""><pos>n</pos>
<sense n=""0""><trans> k.o. poem, one of the forms used by the players in the <ix>murumúru</ix> play, consisting of short lines of around ten syllables, in rhyming couplets. </trans>
</sense></hom>
<hom role=""v""><pos>v</pos>
<sense n=""0""> <itype>[A; c]</itype><trans> </trans>
</sense>
<sense n=""1""><number>1</number><trans> recite the <ix>lúwa</ix>. </trans>
</sense>
<sense n=""2""><number>2</number><trans> recite any poem from memory.
</trans>
</sense></hom></entry>");
INSERT INTO `wced_head` (entryid, head, normalized_head, type, pos) VALUES (11910, "lúwa", "luwa", "m", "nv");
INSERT INTO `wced_entry` VALUES (11911, "luwa, luwa", "655", "<entry page=""655"" id=""11911""><form id=""luwaq_luxwaq"" lang=""ceb"">luwà, lúwà</form>
<hom role=""v""><pos>v</pos>
<sense n=""1""><number>1</number> <itype>[AN; c]</itype><trans> <tr>spit</tr> or eject from the mouth. </trans>
<eg><i lang=""ceb"">Giluwaan (gilud-an) níya ang sáwug,</i><trans> He spat on the floor. </trans></eg>
<eg><i lang=""ceb"">Iluwà nang kindi kay húgaw,</i><trans> Spit out that candy. It’s dirty. </trans></eg>
</sense>
<sense n=""1a""><number>1a</number> <itype>[AN; b(1)]</itype><trans> spit to express contempt. </trans>
<eg><i lang=""ceb"">Nakaluwà (nakapangluwà) ku dihang nanghambug siya,</i><trans> I couldn’t help spitting when he started to boast. </trans></eg>
</sense>
<sense n=""2""><number>2</number> <itype>[c6]</itype><trans> for a processing machine to expel a solid by-product. </trans>
<eg><i lang=""ceb"">Inigsúd sa tubu, ang iluwà sa makina bagásu,</i><trans> Sugarcane is fed into the crushers. Then it comes out as bagasse. </trans></eg>
</sense></hom>
<hom role=""n""><pos>n</pos>
<sense n=""1""><number>1</number><trans> <tr>spit</tr>, <tr>spittle</tr>. </trans>
</sense>
<sense n=""2""><number>2</number><trans> action of spitting. </trans>
</sense></hom>
<entry><form id=""maabut_sa_luwaq"" lang=""ceb"">maabut sa <abbr expan=""luwà"">—</abbr></form>
<hom>
<sense n=""0""><trans> near not far. </trans>
</sense></hom></entry>
<entry><form id=""lud-anan_luwaaxnan"" lang=""ceb"">lud-anan, <abbr expan=""luwaánan"">-anan</abbr></form>
<hom role=""n""><pos>n</pos>
<sense n=""0""><trans> <tr>spittoon</tr>.
</trans>
</sense></hom></entry></entry>");
INSERT INTO `wced_head` (entryid, head, normalized_head, type, pos) VALUES (11911, "luwà", "luwa", "s", "vn");
INSERT INTO `wced_head` (entryid, head, normalized_head, type, pos) VALUES (11911, "lúwà", "luwa", "s", "vn");
INSERT INTO `wced_head` (entryid, head, normalized_head, type, pos) VALUES (11911, "maabut sa luwà", "maabut sa luwa", "s", "");
INSERT INTO `wced_head` (entryid, head, normalized_head, type, pos) VALUES (11911, "lud-anan", "lud-anan", "s", "n");
INSERT INTO `wced_head` (entryid, head, normalized_head, type, pos) VALUES (11911, "luwaánan", "luwaanan", "s", "n");
INSERT INTO `wced_translation` (entryid, translation) VALUES (11911, "spit");
INSERT INTO `wced_translation` (entryid, translation) VALUES (11911, "spittle");
INSERT INTO `wced_translation` (entryid, translation) VALUES (11911, "spittoon");
INSERT INTO `wced_entry` VALUES (11912, "luwaluwa", "655", "<entry page=""655"" id=""11912""><form id=""luwaqluxwaq"" lang=""ceb"">luwàlúwà</form>
<hom role=""n""><pos>n</pos>
<sense n=""0""><trans> the reed suspender in a loom, two pieces of wood which suspend the reed (<ix>suluran</ix>) and allow it to swing back and forth, holding it in proper position with regard to the warp threads.
</trans>
</sense></hom></entry>");
INSERT INTO `wced_head` (entryid, head, normalized_head, type, pos) VALUES (11912, "luwàlúwà", "luwaluwa", "m", "n");
INSERT INTO `wced_entry` VALUES (11913, "luwag, luwag", "655", "<entry page=""655"" id=""11913""><form id=""luwag_luxwag"" lang=""ceb"">luwag, lúwag</form>
<hom role=""n""><pos>n</pos>
<sense n=""0""><trans> <tr>ladle</tr>. </trans>
</sense></hom>
<entry><form id=""duul_sa_luwag"" lang=""ceb"">duul sa <abbr expan=""luwag"">—</abbr></form>
<hom>
<sense n=""0""><trans> be close to influential people such that one has pull. </trans>
</sense></hom>
<hom role=""v""><pos>v</pos>
<sense n=""0""> <itype>[A2; a12]</itype><trans> make into, hit with, use a ladle.
</trans>
</sense></hom></entry></entry>");
INSERT INTO `wced_head` (entryid, head, normalized_head, type, pos) VALUES (11913, "luwag", "luwag", "s", "n");
INSERT INTO `wced_head` (entryid, head, normalized_head, type, pos) VALUES (11913, "lúwag", "luwag", "s", "n");
INSERT INTO `wced_head` (entryid, head, normalized_head, type, pos) VALUES (11913, "duul sa luwag", "duul sa luwag", "s", "v");
INSERT INTO `wced_translation` (entryid, translation) VALUES (11913, "ladle");
INSERT INTO `wced_entry` VALUES (11914, "luwak, luwak", "655", "<entry page=""655"" id=""11914""><form id=""luwak_luxwak"" lang=""ceb"">luwak, lúwak</form>
<hom role=""n""><pos>n</pos>
<sense n=""0""><trans> the other side of s.t. elevated. </trans>
<eg><i lang=""ceb"">Ang ílang dápit luwak niánang bungtúra,</i><trans> Their place is s.w. beyond that hill. </trans></eg>
</sense></hom>
<hom role=""v""><pos>v</pos>
<sense n=""0""> <itype>[A2; ac]</itype><trans> </trans>
</sense>
<sense n=""1""><number>1</number><trans> pass over a summit, go up to a pass and then come down, bring s.t. over a pass. </trans>
<eg><i lang=""ceb"">Gíkan dinhi muluwak ka pa ug duha ka bungtud,</i><trans> From here you have to climb over two hills. </trans></eg>
</sense>
<sense n=""2""><number>2</number><trans> climb up and over s.t. elevated in coming down towards the other side. </trans>
<eg><i lang=""ceb"">Makaluwak ang bátà sa abatan,</i><trans> The child can climb over the railing. </trans></eg>
<eg><i lang=""ceb"">Nakaluwak ning baúla ngadtu sa tapun,</i><trans> This field stretches over the mountain to the other side. </trans></eg>
</sense></hom>
<hom role=""n""><pos>n</pos>
<sense n=""0""><trans> other side of a mountain or elevation.
</trans>
</sense></hom></entry>");
INSERT INTO `wced_head` (entryid, head, normalized_head, type, pos) VALUES (11914, "luwak", "luwak", "s", "nvn");
INSERT INTO `wced_head` (entryid, head, normalized_head, type, pos) VALUES (11914, "lúwak", "luwak", "s", "nvn");
INSERT INTO `wced_entry` VALUES (11915, "luwang", "655", "<entry page=""655"" id=""11915""><form id=""luwang"" lang=""ceb"">luwang</form>
<hom role=""n""><pos>n</pos>
<sense n=""1""><number>1</number><trans> bilge, the rounded lower part of a ship’s hull or hold. </trans>
<eg><i lang=""ceb"">Ákung hinubígan ang luwang sa sakayan,</i><trans> I’ll bail out the water from the bilge of the boat. </trans></eg>
</sense>
<sense n=""2""><number>2</number><trans> quadrilateral section of a rice paddy bounded by dikes. </trans>
<eg><i lang=""ceb"">Tulu ra ka luwang ang ákung nadáru,</i><trans> I have plowed three sections of the rice paddy. </trans></eg>
</sense></hom>
<hom role=""v""><pos>v</pos>
<sense n=""1""><number>1</number> <itype>[A; a2]</itype><trans> divide the rice paddy into sections. </trans>
</sense>
<sense n=""2""><number>2</number> <itype>[c1]</itype><trans> harvest the rice partition by partition. </trans>
</sense></hom>
<entry><form id=""linuwang"" lang=""ceb""><abbr expan=""linuwang"">-in-</abbr></form>
<hom role=""a""><pos>a</pos>
<sense n=""0""><trans> by the section. </trans>
</sense></hom>
<hom role=""v""><pos>v</pos>
<sense n=""0""> <itype>[A; c1]</itype><trans> do by the section.
</trans>
</sense></hom></entry></entry>");
INSERT INTO `wced_head` (entryid, head, normalized_head, type, pos) VALUES (11915, "luwang", "luwang", "m", "nv");
INSERT INTO `wced_head` (entryid, head, normalized_head, type, pos) VALUES (11915, "linuwang", "linuwang", "s", "av");
INSERT INTO `wced_entry` VALUES (11916, "luwas1", "655", "<entry page=""655"" id=""11916""><form id=""luwas"" lang=""ceb"">luwas<sub>1</sub></form>
<hom role=""v""><pos>v</pos>
<sense n=""0""> <itype>[A3P; a1]</itype><trans> </trans>
</sense>
<sense n=""1""><number>1</number><trans> save, remove s.o. from harm. </trans>
<eg><i lang=""ceb"">Tambal ang nakaluwas (nakapaluwas) nímu,</i><trans> Medicine has saved your life. </trans></eg>
<eg><i lang=""ceb"">Ákung luwasun ang bátà sa balay nga nasúnug,</i><trans> I’ll <pb n=""656""/>save the child from the burning house. </trans></eg>
</sense>
<sense n=""1a""><number>1a</number><trans> save from sin and death. </trans>
<eg><i lang=""ceb"">Maluwas ta sa kalisud ug makatrabahu na ku,</i><trans> We will escape from our financial worries when I find a job. </trans></eg>
</sense></hom>
<hom role=""a""><pos>a</pos>
<sense n=""1""><number>1</number><trans> safe from danger. </trans>
</sense>
<sense n=""2""><number>2</number><trans> free from debt, discomfort. </trans>
</sense></hom>
<entry><form id=""kaluwaxsan"" lang=""ceb""><abbr expan=""kaluwásan"">ka-an(←)</abbr></form>
<hom role=""n""><pos>n</pos>
<sense n=""1""><number>1</number><trans> safety, preservation from destruction. </trans>
</sense>
<sense n=""2""><number>2</number><trans> salvation. </trans>
</sense>
<sense n=""3""><number>3</number><trans> freedom from difficulties, problems, etc. </trans>
</sense></hom></entry>
<entry><form id=""mangluluxwas"" lang=""ceb""><abbr expan=""manglulúwas"">maN-r-(←)</abbr></form>
<hom role=""n""><pos>n</pos>
<sense n=""0""><trans> <tr>saviour</tr>, esp. The Saviour, Jesus Christ.
</trans>
</sense></hom></entry></entry>");
INSERT INTO `wced_head` (entryid, head, normalized_head, type, pos) VALUES (11916, "luwas", "luwas", "s", "va");
INSERT INTO `wced_head` (entryid, head, normalized_head, type, pos) VALUES (11916, "kaluwásan", "kaluwasan", "s", "n");
INSERT INTO `wced_head` (entryid, head, normalized_head, type, pos) VALUES (11916, "manglulúwas", "mangluluwas", "s", "n");
INSERT INTO `wced_translation` (entryid, translation) VALUES (11916, "saviour");
INSERT INTO `wced_entry` VALUES (11917, "luwas2", "656", "<entry page=""656"" id=""11917""><form id=""luwas2"" lang=""ceb"">luwas<sub>2</sub></form>
<hom role=""v""><pos>v</pos>
<sense n=""0""><trans> <xr lang=""ceb"" target=""#hi-"">= <sc><abbr expan=""hiluwas"">hi-</abbr></sc>, <i lang=""ceb"">v</i>.</xr> </trans>
</sense></hom>
<entry><form id=""hiluwas_hilwas"" lang=""ceb""><abbr expan=""hiluwas"">hi-</abbr>, hilwas</form>
<hom role=""v""><pos>v</pos>
<sense n=""0""> <itype>[A12; a12]</itype><trans> </trans>
</sense>
<sense n=""1""><number>1</number><trans> <tr>articulate</tr>, pronounce words or letters. </trans>
<eg><i lang=""ceb"">Dì makahilwas ug íri ang Insik,</i><trans> The Chinese can’t pronounce an <ix>r</ix>. </trans></eg>
</sense>
<sense n=""2""><number>2</number><trans> utter taboo words. </trans>
<eg><i lang=""ceb"">Sa íyang kasukù, nakahilwas siyag mga púlung nga law-ay,</i><trans> In his anger he uttered profanity. </trans></eg>
</sense></hom>
<hom role=""a""><pos>a</pos>
<sense n=""0""><trans> well articulated. </trans>
<eg><i lang=""ceb"">Hilwas na kaáyug sinultihan ang bátà,</i><trans> The child can now speak very articulately. </trans></eg>
</sense></hom></entry>
<entry><form id=""linuwas_kaluwaxsan"" lang=""ceb""><abbr expan=""linuwas"">-in-(←)</abbr>, <abbr expan=""kaluwásan"">ka-an(←)</abbr></form>
<hom role=""n""><pos>n</pos>
<sense n=""0""><trans> one’s full name. </trans>
<eg><i lang=""ceb"">Idut ang íyang anggà apan Prídu ang íyang kaluwásan (linúwas),</i><trans> His nickname is Edot but his real name is Fredo.
</trans></eg>
</sense></hom></entry></entry>");
INSERT INTO `wced_head` (entryid, head, normalized_head, type, pos) VALUES (11917, "luwas", "luwas", "s", "v");
INSERT INTO `wced_head` (entryid, head, normalized_head, type, pos) VALUES (11917, "hiluwas", "hiluwas", "s", "va");
INSERT INTO `wced_head` (entryid, head, normalized_head, type, pos) VALUES (11917, "hilwas", "hilwas", "s", "va");
INSERT INTO `wced_head` (entryid, head, normalized_head, type, pos) VALUES (11917, "linuwas", "linuwas", "s", "n");
INSERT INTO `wced_head` (entryid, head, normalized_head, type, pos) VALUES (11917, "kaluwásan", "kaluwasan", "s", "n");
INSERT INTO `wced_translation` (entryid, translation) VALUES (11917, "articulate");
INSERT INTO `wced_entry` VALUES (11918, "luwat1", "656", "<entry page=""656"" id=""11918""><form id=""luwat"" lang=""ceb"">luwat<sub>1</sub></form>
<hom role=""v""><pos>v</pos>
<sense n=""1""><number>1</number> <itype>[A; b(1)]</itype><trans> <tr>quit</tr> a job. </trans>
<eg><i lang=""ceb"">Muaplay ku sa trabáhu nga ímung giluwatan,</i><trans> I’ll apply for the job you quit. </trans></eg>
</sense>
<sense n=""2""><number>2</number> <itype>[b2]</itype><trans> accidentally let go of s.t. </trans>
<eg><i lang=""ceb"">Hiluwatan níya ang mga plátu nga íyang gidala,</i><trans> She accidentally let go of the plates. </trans></eg>
</sense>
<sense n=""3""><number>3</number> <itype>[A2B236; b]</itype><trans> let out, cause to come out from within. </trans>
<eg><i lang=""ceb"">Nakaluwat siyag usa ka makahulugánung pahiyum,</i><trans> She gave forth a meaningful smile. </trans></eg>
<eg><i lang=""ceb"">Way usa ka púlung nga miluwat (naluwat) sa íyang bàbà,</i><trans> Not a single word came out of his mouth. </trans></eg>
</sense>
<sense n=""3a""><number>3a</number> <itype>[A; b(1)]</itype><trans> issue a press release, communiqué. </trans>
<eg><i lang=""ceb"">Mau ni ang balità nga giluwatan sa imbaháda,</i><trans> This is the news issued by the embassy. </trans></eg>
</sense>
<sense n=""3b""><number>3b</number> <itype>[A; b(1)]</itype><trans> issue for a purpose. </trans>
<eg><i lang=""ceb"">Miluwat ug kasugúan ang Prisidinti sa pagpadakup sa mga Huks,</i><trans> The President gave out orders to capture the Huks.
</trans></eg>
</sense></hom></entry>");
INSERT INTO `wced_head` (entryid, head, normalized_head, type, pos) VALUES (11918, "luwat", "luwat", "s", "v");
INSERT INTO `wced_translation` (entryid, translation) VALUES (11918, "quit");
INSERT INTO `wced_entry` VALUES (11919, "luwat2", "656", "<entry page=""656"" id=""11919""><form id=""luwat2"" lang=""ceb"">luwat<sub>2</sub></form>
<hom role=""v""><pos>v</pos>
<sense n=""0""> <itype>[A2; a]</itype><trans> climb up and over s.t. elevated and come down to the other side. </trans>
<eg><i lang=""ceb"">Miluwat siyag tulu ka bungtud paingun nganhi,</i><trans> He passed over three hills to get here. </trans></eg>
<eg><i lang=""ceb"">Luwatun sa bátà nang mubù mung abatan,</i><trans> The baby will climb over that low railing of yours.
</trans></eg>
</sense></hom></entry>");
INSERT INTO `wced_head` (entryid, head, normalized_head, type, pos) VALUES (11919, "luwat", "luwat", "s", "v");
INSERT INTO `wced_entry` VALUES (11920, "luwat3", "656", "<entry page=""656"" id=""11920""><form id=""luwat3"" lang=""ceb"">luwat<sub>3</sub></form>
<hom>
<sense n=""0""><trans> too, also (dialectal).
</trans>
</sense></hom></entry>");
INSERT INTO `wced_head` (entryid, head, normalized_head, type, pos) VALUES (11920, "luwat", "luwat", "s", "");
INSERT INTO `wced_entry` VALUES (11921, "luwis, luwist", "656", "<entry page=""656"" id=""11921""><form id=""luxwis_luxwist"" lang=""ceb"">lúwis, lúwist</form>
<hom role=""n""><pos>n</pos>
<sense n=""0""><trans> low waist, a style of trousers in which the waist line is cut comparatively low. </trans>
</sense></hom>
<hom role=""v""><pos>v</pos>
<sense n=""0""> <itype>[A; b6]</itype><trans> wear, make trousers in this style.
</trans>
</sense></hom></entry>");
INSERT INTO `wced_head` (entryid, head, normalized_head, type, pos) VALUES (11921, "lúwis", "luwis", "s", "nv");
INSERT INTO `wced_head` (entryid, head, normalized_head, type, pos) VALUES (11921, "lúwist", "luwist", "s", "nv");
INSERT INTO `wced_entry` VALUES (11922, "luy", "656", "<entry page=""656"" id=""11922""><form id=""lu5y"" lang=""ceb"">lū́y</form>
<hom>
<sense n=""0""><trans> <xr lang=""ceb"" target=""#luxluy"">= <sc>lúluy</sc>.</xr>
</trans>
</sense></hom></entry>");
INSERT INTO `wced_head` (entryid, head, normalized_head, type, pos) VALUES (11922, "lū́y", "luy", "m", "");
INSERT INTO `wced_entry` VALUES (11923, "luya", "656", "<entry page=""656"" id=""11923""><form id=""luxya"" lang=""ceb"">lúya</form>
<hom role=""a""><pos>a</pos>
<sense n=""1""><number>1</number><trans> <tr>weak</tr>, or lacking in strength of body or muscle. </trans>
<eg><i lang=""ceb"">Lúya kaáyu ku gíkang nasakit,</i><trans> I am very weak after my illness. </trans></eg>
</sense>
<sense n=""2""><number>2</number><trans> not active, aggressive enough. </trans>
<eg><i lang=""ceb"">Lúya man gud ka maung láin ang nadáwat,</i><trans> You were slow. That’s why s.o. else got the job. </trans></eg>
</sense>
<sense n=""3""><number>3</number><trans> weak in a subject. </trans>
<eg><i lang=""ceb"">Lúya kaáyu ku sa mát,</i><trans> I’m weak in math. </trans></eg>
</sense></hom>
<hom role=""v""><pos>v</pos>
<sense n=""0""> <itype>[A1B12S; a12]</itype><trans> be, become weak, tired out, make s.o. tired. </trans>
<eg><i lang=""ceb"">Dì kung katrabáhu kay nagluya ku,</i><trans> I can’t work because I’m weak. </trans></eg>
<eg><i lang=""ceb"">Nalúya kug dinágan,</i><trans> I got tired running. </trans></eg>
<eg><i lang=""ceb"">Luyáha ang isdà úsà kubráha ang pasul,</i><trans> Tire the fish out before you pull in the line. </trans></eg>
</sense></hom>
<entry><form id=""maluyaxhun_luyahun"" lang=""ceb"">maluyáhun, luyahun</form>
<hom role=""a""><pos>a</pos>
<sense n=""0""><trans> of a weak sort. </trans>
<eg><i lang=""ceb"">Luyahun (maluyáhun) nga tíngug,</i><trans> A feeble voice.
</trans></eg>
</sense></hom></entry></entry>");
INSERT INTO `wced_head` (entryid, head, normalized_head, type, pos) VALUES (11923, "lúya", "luya", "m", "av");
INSERT INTO `wced_head` (entryid, head, normalized_head, type, pos) VALUES (11923, "maluyáhun", "maluyahun", "s", "a");
INSERT INTO `wced_head` (entryid, head, normalized_head, type, pos) VALUES (11923, "luyahun", "luyahun", "s", "a");
INSERT INTO `wced_translation` (entryid, translation) VALUES (11923, "weak");
INSERT INTO `wced_entry` VALUES (11924, "luy-a", "656", "<entry page=""656"" id=""11924""><form id=""luy-a"" lang=""ceb"">luy-a</form>
<hom role=""n""><pos>n</pos>
<sense n=""0""><trans> <tr>ginger</tr>: <bio>Zingiber officinale</bio>. </trans>
</sense></hom>
<entry><form id=""luy-a_nga_tapul"" lang=""ceb""><abbr expan=""luy-a"">—</abbr> nga tapul</form>
<hom role=""n""><pos>n</pos>
<sense n=""0""><trans> k.o. purple ginger used medicinally. </trans>
</sense></hom>
<hom role=""v""><pos>v</pos>
<sense n=""0""> <itype>[A3; b6]</itype><trans> flavor with ginger. </trans>
</sense></hom></entry>
<entry><form id=""luy-aluy-a"" lang=""ceb"">luy-aluy-a</form>
<hom role=""n""><pos>n</pos>
<sense n=""0""><trans> k.o. herb similar to ginger: <bio>Zinziber zerumbet</bio>.
</trans>
</sense></hom></entry></entry>");
INSERT INTO `wced_head` (entryid, head, normalized_head, type, pos) VALUES (11924, "luy-a", "luy-a", "m", "n");
INSERT INTO `wced_head` (entryid, head, normalized_head, type, pos) VALUES (11924, "luy-a nga tapul", "luy-a nga tapul", "s", "nv");
INSERT INTO `wced_head` (entryid, head, normalized_head, type, pos) VALUES (11924, "luy-aluy-a", "luy-aluy-a", "s", "n");
INSERT INTO `wced_translation` (entryid, translation) VALUES (11924, "ginger");
INSERT INTO `wced_entry` VALUES (11925, "luyang", "656", "<entry page=""656"" id=""11925""><form id=""luxyang"" lang=""ceb"">lúyang</form>
<hom role=""n""><pos>n</pos>
<sense n=""0""><trans> sweet prepared of cooked plantains pounded and mixed with grated coconut and sugar. </trans>
</sense></hom>
<hom role=""v""><pos>v</pos>
<sense n=""0""> <itype>[A; a]</itype><trans> prepare this dish. </trans>
</sense></hom>
<entry><form id=""linuxyang_niluxyang"" lang=""ceb""><abbr expan=""linúyang"">-in-</abbr>, <abbr expan=""nilúyang"">ni-</abbr></form>
<hom>
<sense n=""0""><trans> <xr lang=""ceb"" target=""#luxyang"">= <sc>lúyang</sc>, <i lang=""ceb"">n</i>.</xr>
</trans>
</sense></hom></entry></entry>");
INSERT INTO `wced_head` (entryid, head, normalized_head, type, pos) VALUES (11925, "lúyang", "luyang", "m", "nv");
INSERT INTO `wced_head` (entryid, head, normalized_head, type, pos) VALUES (11925, "linúyang", "linuyang", "s", "");
INSERT INTO `wced_head` (entryid, head, normalized_head, type, pos) VALUES (11925, "nilúyang", "niluyang", "s", "");
INSERT INTO `wced_entry` VALUES (11926, "luyat, luyat", "656", "<entry page=""656"" id=""11926""><form id=""luyat_luxyat"" lang=""ceb"">luyat, lúyat</form>
<hom role=""a""><pos>a</pos>
<sense n=""1""><number>1</number><trans> lacking in fullness and firmness. </trans>
<eg><i lang=""ceb"">Luyat ra kaáyu ning unlána,</i><trans> This pillow is too soft. </trans></eg>
<eg><i lang=""ceb"">Luyat kaáyu kug láwas,</i><trans> I’m very flabby. </trans></eg>
</sense>
<sense n=""2""><number>2</number><trans> for bananas to be soft before getting mature. </trans>
<eg><i lang=""ceb"">Luyat kaáyu ang ságing kay linghud pagkapùpù,</i><trans> The bananas are soft because they were immature when they were cut down. </trans></eg>
</sense></hom>
<hom role=""v""><pos>v</pos>
<sense n=""0""> <itype>[B12; b6]</itype><trans> </trans>
</sense>
<sense n=""1""><number>1</number><trans> get to be <tr>soft</tr> and <tr>flabby</tr>. </trans>
</sense>
<sense n=""2""><number>2</number><trans> for bananas to get soft before maturity.
</trans>
</sense></hom></entry>");
INSERT INTO `wced_head` (entryid, head, normalized_head, type, pos) VALUES (11926, "luyat", "luyat", "s", "av");
INSERT INTO `wced_head` (entryid, head, normalized_head, type, pos) VALUES (11926, "lúyat", "luyat", "s", "av");
INSERT INTO `wced_translation` (entryid, translation) VALUES (11926, "soft");
INSERT INTO `wced_translation` (entryid, translation) VALUES (11926, "flabby");
INSERT INTO `wced_entry` VALUES (11927, "luyluy1", "656", "<entry page=""656"" id=""11927""><form id=""luyluy"" lang=""ceb"">luyluy<sub>1</sub></form>
<hom role=""a""><pos>a</pos>
<sense n=""0""><trans> <tr>drooping</tr>, hanging limply. </trans>
<eg><i lang=""ceb"">Luyluy na ang íyang buktun sa túmang kakápuy,</i><trans> His arms are limp from utter exhaustion. </trans></eg>
</sense></hom>
<hom role=""v""><pos>v</pos>
<sense n=""0""> <itype>[B; b6]</itype><trans> be, become drooping or limply hanging. </trans>
<eg><i lang=""ceb"">Nagluyluy na ang mga sanga sa káhuy nga nabug-atan sa búnga,</i><trans> The branches of the tree are bending under the weight of the fruits.
</trans></eg>
</sense></hom></entry>");
INSERT INTO `wced_head` (entryid, head, normalized_head, type, pos) VALUES (11927, "luyluy", "luyluy", "s", "av");
INSERT INTO `wced_translation` (entryid, translation) VALUES (11927, "drooping");
INSERT INTO `wced_entry` VALUES (11928, "luyluy2", "656", "<entry page=""656"" id=""11928""><form id=""luyluy2"" lang=""ceb"">luyluy<sub>2</sub></form>
<hom>
<sense n=""0""><trans> <xr lang=""ceb"" target=""#byatilis"">= <sc>byatilis</sc>.</xr>
</trans>
</sense></hom></entry>");
INSERT INTO `wced_head` (entryid, head, normalized_head, type, pos) VALUES (11928, "luyluy", "luyluy", "s", "");
INSERT INTO `wced_entry` VALUES (11929, "luyu", "656", "<entry page=""656"" id=""11929""><form id=""luyu"" lang=""ceb"">luyu</form>
<hom>
<sense n=""1""><number>1</number><trans> at the back of, <tr>behind</tr>. </trans>
<eg><i lang=""ceb"">Tágù luyu sa batu,</i><trans> Hide behind the rock. </trans></eg>
<eg><i lang=""ceb"">Anáa luyu sa pangánud ang adlaw,</i><trans> The sun is behind the clouds. </trans></eg>
</sense>
<sense n=""1a""><number>1a</number><trans> behind what is shown, as an action or attitude. </trans>
<eg><i lang=""ceb"">Luyu sa íyang pahiyum anáa ang pagbudhì,</i><trans> Treachery lurks behind her smile. </trans></eg>
</sense>
<sense n=""1b""><number>1b</number><trans> one’s back. </trans>
<eg><i lang=""ceb"">Kalúta ning ákung luyu,</i><trans> Scratch my back. </trans></eg>
</sense>
<sense n=""2""><number>2</number><trans> on the other side of. </trans>
<eg><i lang=""ceb"">Luyu sa panaptun,</i><trans> Reverse side of the cloth. </trans></eg>
<eg><i lang=""ceb"">Luyu nga dágat,</i><trans> Sea on the other side of the island. </trans></eg>
<eg><i lang=""ceb"">Luyu nga bulsa,</i><trans> Back pocket. </trans></eg>
<eg><i lang=""ceb"">Luyung dunggan,</i><trans> The other ear. </trans></eg>
<eg><i lang=""ceb"">Luyung kwartu,</i><trans> The adjacent room. </trans></eg>
</sense>
<sense n=""2a""><number>2a</number> <form id=""luyu_ug_luyu"" lang=""ceb""><abbr expan=""luyu"">—</abbr> ug <abbr expan=""luyu"">—</abbr></form><trans> both sides of. </trans>
<eg><i lang=""ceb"">Putì ang luyug luyu sa playwud,</i><trans> The plywood is white on both sides. </trans></eg>
</sense>
<sense n=""3""><number>3</number><trans> <tr>despite</tr>. </trans>
<eg><i lang=""ceb"">Luyu sa ákung pagsakripisyu way bili níla ang tanan,</i><trans> Despite the sacrifices I had made, they counted it all for nothing. </trans></eg>
</sense></hom>
<hom role=""v""><pos>v</pos>
<sense n=""0""> <itype>[A; c1]</itype><trans> assist s.o. in his work. </trans>
<eg><i lang=""ceb"">Nars ang miluyu sa duktǔr pag-upira,</i><trans> A nurse assisted the doctor in the operation. </trans></eg>
<eg><i lang=""ceb"">Ikaw lay ákung iluyu <pb n=""657""/>(luyuhun) sa trabáhu,</i><trans> I’ll have you be my assistant in my work. </trans></eg>
</sense></hom>
<entry><form id=""paluyu"" lang=""ceb""><abbr expan=""paluyu"">pa-</abbr></form>
<hom role=""v""><pos>v</pos>
<sense n=""1""><number>1</number> <itype>[A; c]</itype><trans> stay, put at the back. </trans>
<eg><i lang=""ceb"">Nagpaluyu ug lingkud ang mga mayukmuk,</i><trans> The small fry sat at the back. </trans></eg>
<eg><i lang=""ceb"">Ipaluyu nang ímung karga,</i><trans> Put your baggage at the back. </trans></eg>
</sense>
<sense n=""1a""><number>1a</number> <itype>[A13]</itype><trans> lurk, be behind s.t. as a cause. </trans>
<eg><i lang=""ceb"">Adúnay kahulugang nagpaluyu sa íyang pahiyum,</i><trans> There is a hidden meaning lurking behind her smile. </trans></eg>
</sense>
<sense n=""2""><number>2</number> <itype>[A; b(1)]</itype><trans> support from behind the scenes. </trans>
<eg><i lang=""ceb"">Ang kudita gipaluyuhan sa siay-i,</i><trans> The coup d’état was backed up by the CIA. </trans></eg>
</sense></hom></entry>
<entry><form id=""luyuluxyu"" lang=""ceb"">luyulúyu</form>
<hom role=""n""><pos>n</pos>
<sense n=""0""><trans> <tr>assistant</tr>. </trans>
</sense></hom></entry>
<entry><form id=""luyhaxnun_tagaluyu"" lang=""ceb"">luyhánun, <abbr expan=""tagaluyu"">taga-</abbr></form>
<hom role=""n""><pos>n</pos>
<sense n=""0""><trans> one living on the other side of the island. †
</trans>
</sense></hom></entry></entry>");
INSERT INTO `wced_head` (entryid, head, normalized_head, type, pos) VALUES (11929, "luyu", "luyu", "m", "v");
INSERT INTO `wced_head` (entryid, head, normalized_head, type, pos) VALUES (11929, "luyu ug luyu", "luyu ug luyu", "s", "");
INSERT INTO `wced_head` (entryid, head, normalized_head, type, pos) VALUES (11929, "paluyu", "paluyu", "s", "v");
INSERT INTO `wced_head` (entryid, head, normalized_head, type, pos) VALUES (11929, "luyulúyu", "luyuluyu", "s", "n");
INSERT INTO `wced_head` (entryid, head, normalized_head, type, pos) VALUES (11929, "luyhánun", "luyhanun", "s", "n");
INSERT INTO `wced_head` (entryid, head, normalized_head, type, pos) VALUES (11929, "tagaluyu", "tagaluyu", "s", "n");
INSERT INTO `wced_translation` (entryid, translation) VALUES (11929, "behind");
INSERT INTO `wced_translation` (entryid, translation) VALUES (11929, "despite");
INSERT INTO `wced_translation` (entryid, translation) VALUES (11929, "assistant");
INSERT INTO `wced_entry` VALUES (11930, "luyung", "657", "<entry page=""657"" id=""11930""><form id=""luxyung"" lang=""ceb"">lúyung</form>
<hom role=""v""><pos>v</pos>
<sense n=""1""><number>1</number> <itype>[A; c]</itype><trans> <tr>sow</tr> seeds in a seedbed. </trans>
</sense>
<sense n=""2""><number>2</number> <itype>[A; c]</itype><trans> <tr>transplant</tr>. </trans>
<eg><i lang=""ceb"">Ilúyung ang mangga ngadtu sa luyu,</i><trans> Transplant the mango tree in the back. </trans></eg>
</sense>
<sense n=""2a""><number>2a</number> <itype>[A; c1]</itype><trans> dump corpses into a big pit. </trans>
<eg><i lang=""ceb"">Mga sundálu ang naglúyung sa ílang gipamatay,</i><trans> The soldiers dumped the corpses of the people they massacred. </trans></eg>
</sense></hom>
<entry><form id=""luyung"" lang=""ceb""><abbr expan=""luyung"">(→)</abbr></form>
<hom role=""n""><pos>n</pos>
<sense n=""1""><number>1</number><trans> <tr>seedling</tr>. </trans>
<eg><i lang=""ceb"">Ang átung luyung hustu nang ibalhin,</i><trans> Our seedlings are ready to be transplanted. </trans></eg>
</sense>
<sense n=""2""><number>2</number><trans> s.t. transplanted. </trans>
</sense></hom></entry>
<entry><form id=""tagluxyung"" lang=""ceb""><abbr expan=""taglúyung"">tag-</abbr></form>
<hom role=""n""><pos>n</pos>
<sense n=""0""><trans> one who transplants.
</trans>
</sense></hom></entry></entry>");
INSERT INTO `wced_head` (entryid, head, normalized_head, type, pos) VALUES (11930, "lúyung", "luyung", "m", "v");
INSERT INTO `wced_head` (entryid, head, normalized_head, type, pos) VALUES (11930, "luyung", "luyung", "s", "n");
INSERT INTO `wced_head` (entryid, head, normalized_head, type, pos) VALUES (11930, "taglúyung", "tagluyung", "s", "n");
INSERT INTO `wced_translation` (entryid, translation) VALUES (11930, "sow");
INSERT INTO `wced_translation` (entryid, translation) VALUES (11930, "transplant");
INSERT INTO `wced_translation` (entryid, translation) VALUES (11930, "seedling");
INSERT INTO `wced_entry` VALUES (11931, "luyut", "657", "<entry page=""657"" id=""11931""><form id=""luxyut"" lang=""ceb"">lúyut</form>
<hom role=""v""><pos>v</pos>
<sense n=""0""> <itype>[B12]</itype><trans> for s.t. not firm to sag out of shape under a weight. </trans>
<eg><i lang=""ceb"">Nalúyut ang bakat nga ákung gilingkúran,</i><trans> The hamper I was sitting on sagged out of shape. </trans></eg>
<eg><i lang=""ceb"">Nagkaluyut ang dúyan nga pirming higdáan,</i><trans> The hammock is sagging out of shape because it is constantly used. </trans></eg>
</sense></hom>
<entry><form id=""luyut"" lang=""ceb""><abbr expan=""luyut"">(→)</abbr></form>
<hom role=""a""><pos>a</pos>
<sense n=""0""><trans> be out of shape.
</trans>
</sense></hom></entry></entry>");
INSERT INTO `wced_head` (entryid, head, normalized_head, type, pos) VALUES (11931, "lúyut", "luyut", "m", "v");
INSERT INTO `wced_head` (entryid, head, normalized_head, type, pos) VALUES (11931, "luyut", "luyut", "s", "a");
INSERT INTO `wced_entry` VALUES (11932, "lyabi1", "657", "<entry page=""657"" id=""11932""><form id=""lyaxbi"" lang=""ceb"">lyábi<sub>1</sub></form>
<hom>
<sense n=""0""><trans> <xr lang=""ceb"" target=""#yaxbi"">= <sc>yábi</sc>.</xr> </trans>
</sense></hom>
<entry><form id=""lyabixra_lyabixru"" lang=""ceb""><abbr expan=""lyabíra"">-ra</abbr>, <abbr expan=""lyabíru"">-ru</abbr></form>
<hom>
<sense n=""0""><trans> <xr lang=""ceb"" target=""#yabixra"">= <sc>yabíra</sc></xr>, <xr lang=""ceb"" target=""#yabixru""><sc>yabíru</sc>.</xr>
</trans>
</sense></hom></entry></entry>");
INSERT INTO `wced_head` (entryid, head, normalized_head, type, pos) VALUES (11932, "lyábi", "lyabi", "s", "");
INSERT INTO `wced_head` (entryid, head, normalized_head, type, pos) VALUES (11932, "lyabíra", "lyabira", "s", "");
INSERT INTO `wced_head` (entryid, head, normalized_head, type, pos) VALUES (11932, "lyabíru", "lyabiru", "s", "");
INSERT INTO `wced_entry` VALUES (11933, "lyabi2", "657", "<entry page=""657"" id=""11933""><form id=""lyaxbi2"" lang=""ceb"">lyábi<sub>2</sub></form>
<hom role=""n""><pos>n</pos>
<sense n=""1""><number>1</number><trans> lock in judo or wrestling. </trans>
</sense>
<sense n=""2""><number>2</number><trans> in Jai-alai, where one bets as to who comes out first and second place out of six players, bet twice: once that those numbers come out first and second place, respectively (e.g. 1 first place and 5 second place), and once that the same numbers come out in reverse order (i.e. 5 first place and 1 second place). Thus, one avoids betting on the right combination in the wrong order. </trans>
</sense></hom>
<hom role=""v""><pos>v</pos>
<sense n=""1""><number>1</number> <itype>[A; b4]</itype><trans> get a lock on s.o. </trans>
</sense>
<sense n=""2""><number>2</number> <itype>[A13; c1]</itype><trans> make a bet a <ix>lyábi</ix>.
</trans>
</sense></hom></entry>");
INSERT INTO `wced_head` (entryid, head, normalized_head, type, pos) VALUES (11933, "lyábi", "lyabi", "s", "nv");
INSERT INTO `wced_entry` VALUES (11934, "lyagay", "657", "<entry page=""657"" id=""11934""><form id=""lyaxgay"" lang=""ceb"">lyágay</form>
<hom role=""n""><pos>n</pos>
<sense n=""0""><trans> k.o. flying fish smaller than <ix>barúnguy</ix>.
</trans>
</sense></hom></entry>");
INSERT INTO `wced_head` (entryid, head, normalized_head, type, pos) VALUES (11934, "lyágay", "lyagay", "m", "n");
INSERT INTO `wced_entry` VALUES (11935, "lyamada", "657", "<entry page=""657"" id=""11935""><form id=""lyamaxda"" lang=""ceb"">lyamáda</form>
<hom role=""n""><pos>n</pos>
<sense n=""0""><trans> home service for a haircut and shave. </trans>
</sense></hom>
<hom role=""v""><pos>v</pos>
<sense n=""0""> <itype>[A; c1]</itype><trans> request home service for a haircut and shave.
</trans>
</sense></hom></entry>");
INSERT INTO `wced_head` (entryid, head, normalized_head, type, pos) VALUES (11935, "lyamáda", "lyamada", "m", "nv");
INSERT INTO `wced_entry` VALUES (11936, "lyamar", "657", "<entry page=""657"" id=""11936""><form id=""lyamar"" lang=""ceb"">lyamar</form>
<hom role=""v""><pos>v</pos>
<sense n=""1""><number>1</number> <itype>[A; c6]</itype><trans> <tr>summon</tr>, call s.o. to come or for s.t. to be brought. </trans>
<eg><i lang=""ceb"">Mulyamar ku ug lima ka saup arun patrabahúun sa pinsa,</i><trans> I will summon five tenants to work on the fence. </trans></eg>
<eg><i lang=""ceb"">Naglyamar na pagsúgud ang armi sa mga bayinti anyus,</i><trans> The army is beginning to draft the twenty-year olds. </trans></eg>
<eg><i lang=""ceb"">Ilyamar ku ug taksi,</i><trans> Call me a taxi. </trans></eg>
</sense>
<sense n=""2""><number>2</number> <itype>[A2; c]</itype><trans> speak to s.o. to ask for s.t. </trans>
<eg><i lang=""ceb"">Milyamar si Pidru nga manghulam siya ug kwarta nákù,</i><trans> Pedro called me to borrow money. </trans></eg>
</sense>
<sense n=""2a""><number>2a</number> <itype>[A]</itype><trans> signify one’s intention. </trans>
<eg><i lang=""ceb"">Milyamar ug pangasáwa ang ákung anak,</i><trans> My son signified his intention of getting married. </trans></eg>
</sense>
<sense n=""3""><number>3</number> <itype>[A2]</itype><trans> for a disease or mania to show signs of recurring. </trans>
<eg><i lang=""ceb"">Milyamar na sad ang ákung mata. Magkibídu na giyud ku niíni,</i><trans> My eyes are bothering me again. Now I really will have to wear eyeglasses. </trans></eg>
</sense>
<sense n=""3a""><number>3a</number> <form id=""lyamar_ang_tiyan"" lang=""ceb""><abbr expan=""lyamar"">—</abbr> ang tiyan</form><trans> <tr>feel hungry</tr>. </trans>
</sense>
<sense n=""4""><number>4</number> <itype>[A2]</itype><trans> for a gear to engage. </trans>
<eg><i lang=""ceb"">Dílì mulyamar ang primíra sa ákung mutur,</i><trans> My motorbike won’t go into first. </trans></eg>
</sense>
<sense n=""4a""><number>4a</number><trans> for one’s ability or strategy to produce results. </trans>
<eg><i lang=""ceb"">Walà mulyamar ang ákung lung syát,</i><trans> My long shots did not score. </trans></eg>
</sense>
<sense n=""5""><number>5</number> <itype>[A2]</itype><trans> for wind to change directions. </trans>
<eg><i lang=""ceb"">Milyamar ang hángin paingus habagatan,</i><trans> The wind changed directions to the south. </trans></eg>
</sense></hom>
<hom role=""n""><pos>n</pos>
<sense n=""0""><trans> <tr>summons</tr>, order to start doing s.t. </trans>
</sense></hom>
<entry><form id=""lyamadur"" lang=""ceb"">lyamadur</form>
<hom role=""n""><pos>n</pos>
<sense n=""0""><trans> one who calls for bets at a cockfight.
</trans>
</sense></hom></entry></entry>");
INSERT INTO `wced_head` (entryid, head, normalized_head, type, pos) VALUES (11936, "lyamar", "lyamar", "m", "vn");
INSERT INTO `wced_head` (entryid, head, normalized_head, type, pos) VALUES (11936, "lyamar ang tiyan", "lyamar ang tiyan", "s", "");
INSERT INTO `wced_head` (entryid, head, normalized_head, type, pos) VALUES (11936, "lyamadur", "lyamadur", "s", "n");
INSERT INTO `wced_translation` (entryid, translation) VALUES (11936, "summon");
INSERT INTO `wced_translation` (entryid, translation) VALUES (11936, "feel hungry");
INSERT INTO `wced_translation` (entryid, translation) VALUES (11936, "summons");
INSERT INTO `wced_entry` VALUES (11937, "lyawi", "657", "<entry page=""657"" id=""11937""><form id=""lyaxwi"" lang=""ceb"">lyáwi</form>
<hom>
<sense n=""0""><trans> <xr lang=""ceb"" target=""#yaxbi"">= <sc>yábi</sc>, <i lang=""ceb"">n1,</i> <i lang=""ceb"">v</i>.</xr>
</trans>
</sense></hom></entry>");
INSERT INTO `wced_head` (entryid, head, normalized_head, type, pos) VALUES (11937, "lyáwi", "lyawi", "m", "");
INSERT INTO `wced_entry` VALUES (11938, "lyukimya", "657", "<entry page=""657"" id=""11938""><form id=""lyukimya"" lang=""ceb"">lyukimya</form>
<hom role=""n""><pos>n</pos>
<sense n=""0""><trans> <tr>leukemia</tr>. </trans>
</sense></hom>
<hom role=""v""><pos>v</pos>
<sense n=""0""> <itype>[B1246; a4]</itype><trans> be afflicted with leukemia.
</trans>
</sense></hom></entry>");
INSERT INTO `wced_head` (entryid, head, normalized_head, type, pos) VALUES (11938, "lyukimya", "lyukimya", "m", "nv");
INSERT INTO `wced_translation` (entryid, translation) VALUES (11938, "leukemia");
INSERT INTO `wced_entry` VALUES (11939, "lyupis", "657", "<entry page=""657"" id=""11939""><form id=""lyuxpis"" lang=""ceb"">lyúpis</form>
<hom>
<sense n=""0""><trans> <xr lang=""ceb"" target=""#luxpis"">= <sc>lúpis</sc>.</xr>

</trans>
</sense></hom></entry>");
INSERT INTO `wced_head` (entryid, head, normalized_head, type, pos) VALUES (11939, "lyúpis", "lyupis", "m", "");
COMMIT;
