BEGIN TRANSACTION;
INSERT INTO `wced_entry` VALUES (11941, "ma", "657", "<entry page=""657"" id=""11941""><form id=""ma"" lang=""ceb"">ma</form>
<hom role=""n""><pos>n</pos>
<sense n=""0""><trans> short for the vocative of <ix>máma</ix>, ‘mother’.
</trans>
</sense></hom></entry>");
INSERT INTO `wced_head` (entryid, head, normalized_head, type, pos) VALUES (11941, "ma", "ma", "m", "n");
INSERT INTO `wced_entry` VALUES (11942, "ma", "657", "<entry page=""657"" id=""11942""><form id=""max"" lang=""ceb"">má</form>
<hom>
<sense n=""0""><trans> = <xr lang=""ceb"" target=""#mala""><sc>mala</sc></xr>.
</trans>
</sense></hom></entry>");
INSERT INTO `wced_head` (entryid, head, normalized_head, type, pos) VALUES (11942, "má", "ma", "m", "");
INSERT INTO `wced_entry` VALUES (11943, "ma", "657", "<entry page=""657"" id=""11943""><form id=""ma6"" lang=""ceb"">mā̀</form>
<hom role=""n""><pos>n</pos>
<sense n=""1""><number>1</number><trans> onomatopoetic word for the lowing sound of a cow or a water buffalo. </trans>
</sense>
<sense n=""2""><number>2</number><trans> a cow or water buffalo (child’s talk). </trans>
</sense></hom>
<hom role=""v""><pos>v</pos>
<sense n=""0""> <itype>[A; b6]</itype><trans> low, produce a lowing sound.
</trans>
</sense></hom></entry>");
INSERT INTO `wced_head` (entryid, head, normalized_head, type, pos) VALUES (11943, "mā̀", "ma", "m", "nv");
INSERT INTO `wced_entry` VALUES (11944, "ma-1", "657", "<entry page=""657"" id=""11944""><form id=""ma-"" lang=""ceb"">ma-<sub>1</sub></form>
<hom>
<sense n=""0""><trans> future verb affix. (<ix>Past</ix>: <bx>na-</bx>. <ix>Subjunctive</ix>: <bx>ma-</bx>.) </trans>
</sense>
<sense n=""1""><number>1</number><trans> potential of the direct passive. (<ix>See</ix> <bx>-un<sub>1</sub></bx> for meanings of the direct passive. See <ix>maka-</ix> for meanings of the potential.) </trans>
<eg><i lang=""ceb"">Mapalit nà nímu bísag ása,</i><trans> You can buy that anywhere. </trans></eg>
<eg><i lang=""ceb"">Wà ku pa mabása,</i><trans> I haven’t had a chance to read it. </trans></eg>
<eg><i lang=""ceb"">Uy! Dì man diay <pb n=""658""/>ákù ning nadá nákung pitáka,</i><trans> Heavens, I took s.o. else’s purse by mistake. </trans></eg>
</sense>
<sense n=""2""><number>2</number><trans> potential of the instrumental passive. (See <ix>i-<sub>1</sub></ix> for meanings of the instrumental passive.) </trans>
<eg><i lang=""ceb"">Dì ni mabaligyà kay mahal da kaáyu ang prisyu,</i><trans> You can’t sell this because it’s too expensive. </trans></eg>
<eg><i lang=""ceb"">Wà pa nákù mahátag níya kay wà pa siya muabut,</i><trans> I haven’t had a chance to give it to him because he hasn’t arrived. </trans></eg>
<eg><i lang=""ceb"">Halá! Nabungat ra ba nákù ang sikrítu,</i><trans> Oh God! I let out the secret. </trans></eg>
</sense>
<sense n=""3""><number>3</number><trans> <ix>active of stative verbs:</ix> may become [so-and-so]. </trans>
<eg><i lang=""ceb"">Ayaw nag hikápa. Magubà unyà nà,</i><trans> Don’t touch that. It might break. </trans></eg>
<eg><i lang=""ceb"">Ilhan nga mulubad nang panaptúna ug mapula ang túbig,</i><trans> You’ll know the cloth runs if the water turns red. </trans></eg>
<eg><i lang=""ceb"">Nawálà ang ákung singsing,</i><trans> My ring got lost. </trans></eg>
</sense>
<sense n=""3a""><number>3a</number><trans> <ix>with roots that refer to nonvolitional actions:</ix> [do]. </trans>
<eg><i lang=""ceb"">Matingála siya ug ngánu tu,</i><trans> He will be amazed at why it should be so. </trans></eg>
<eg><i lang=""ceb"">Wà ku mabaláka,</i><trans> I am not worried. </trans></eg>
<eg><i lang=""ceb"">Mahū́g unyà ka ug mabálì ang sanga,</i><trans> You will fall if the branch breaks. </trans></eg>
<eg><i lang=""ceb"">Ug matúlug na sila,</i><trans> When they are asleep. </trans></eg>
<eg><i lang=""ceb"">Mahadluk ku,</i><trans> I am afraid. </trans></eg>
<eg><i lang=""ceb"">Dì ka ba malúuy níya?</i><trans> Don’t you feel sorry for him? </trans></eg>
</sense>
<sense n=""3b""><number>3b</number><trans> <ix>with nouns:</ix> become [so-and-so]. </trans>
<eg><i lang=""ceb"">Ug maduktur ka na,</i><trans> When you get to be a doctor. </trans></eg>
</sense>
<sense n=""3c""><number>3c</number><trans> <ix>with nouns which refer to a place:</ix> wind up in [such-and-such] a place. </trans>
<eg><i lang=""ceb"">Malangit kag maimpirnu ba?</i><trans> Will you go to heaven or will you go to hell? </trans></eg>
<eg><i lang=""ceb"">Mauspital giyud kag pasagdan lang nà nímung sakíta,</i><trans> You’ll end up in the hospital if you let your sickness go. </trans></eg>
</sense>
<sense n=""3d""><number>3d</number><trans> with nouns referring to time: get to be [such-and-such] a time. </trans>
<eg><i lang=""ceb"">Ug maalas tris na gánì, mulakaw na ku,</i><trans> If it gets to be three o’clock, I’ll leave. </trans></eg>
<eg><i lang=""ceb"">Ug magabíi nag wà pa siya,</i><trans> If it gets to be nightfall and he hasn’t arrived. </trans></eg>
</sense>
<sense n=""3e""><number>3e</number><trans> (only with the future) when [such-and-such] a time or season comes about. </trans>
<eg><i lang=""ceb"">Magkítà ra silag mapista,</i><trans> They only see each other during fiestas. </trans></eg>
<eg><i lang=""ceb"">Tábù dinhi ug maduminggu,</i><trans> They hold market here on Sundays.
</trans></eg>
</sense></hom></entry>");
INSERT INTO `wced_head` (entryid, head, normalized_head, type, pos) VALUES (11944, "ma-", "ma-", "s", "");
INSERT INTO `wced_entry` VALUES (11945, "ma-2", "658", "<entry page=""658"" id=""11945""><form id=""ma-2"" lang=""ceb"">ma-<sub>2</sub></form>
<hom>
<sense n=""1""><number>1</number><trans> affix added to most adjective roots which do not refer to a measurement to form adjectives which mean ‘very [so-and-so]’. This formation is used in literary or formal styles. </trans>
<eg><i lang=""ceb"">Usa ka mapait nga pahíyum,</i><trans> A very bitter smile. </trans></eg>
</sense>
<sense n=""2""><number>2</number><trans> added to some verbs to form adjectives meaning [do]ing, usually with a short penult. </trans>
<eg><i lang=""ceb"">Bátang mahilak,</i><trans> A crybaby. </trans></eg>
<eg><i lang=""ceb"">Matulug,</i><trans> Of a sleepy sort. </trans></eg>
<eg><i lang=""ceb"">Matawa,</i><trans> Full of laughter.
</trans></eg>
</sense></hom></entry>");
INSERT INTO `wced_head` (entryid, head, normalized_head, type, pos) VALUES (11945, "ma-", "ma-", "s", "");
INSERT INTO `wced_entry` VALUES (11946, "ma-anun", "658", "<entry page=""658"" id=""11946""><form id=""ma-axnun"" lang=""ceb"">ma-ánun</form>
<hom>
<sense n=""0""><trans> alternant of <ix>ma-un</ix>, used with some bases in place of <ix>ma-un</ix>. </trans>
<eg><i lang=""ceb"">Masuk-ánun,</i><trans> Tending to get irritated.
</trans></eg>
</sense></hom></entry>");
INSERT INTO `wced_head` (entryid, head, normalized_head, type, pos) VALUES (11946, "ma-ánun", "ma-anun", "m", "");
INSERT INTO `wced_entry` VALUES (11947, "maas", "658", "<entry page=""658"" id=""11947""><form id=""maxas"" lang=""ceb"">máas</form>
<hom role=""a""><pos>a</pos>
<sense n=""0""><trans> <tr>old</tr>, <tr>aged</tr>. </trans>
<eg><i lang=""ceb"">Bisan máas na siya tisar gihápung mulakaw,</i><trans> He may be old, but he still walks erect. </trans></eg>
</sense></hom>
<hom role=""v""><pos>v</pos>
<sense n=""0""> <itype>[B]</itype><trans> <tr>become old</tr>. </trans>
<eg><i lang=""ceb"">Kun mumáas na ang kalbásà dílì na maútan,</i><trans> When a squash becomes too old, it is no longer good to eat.
</trans></eg>
</sense></hom></entry>");
INSERT INTO `wced_head` (entryid, head, normalized_head, type, pos) VALUES (11947, "máas", "maas", "m", "av");
INSERT INTO `wced_translation` (entryid, translation) VALUES (11947, "old");
INSERT INTO `wced_translation` (entryid, translation) VALUES (11947, "aged");
INSERT INTO `wced_translation` (entryid, translation) VALUES (11947, "become old");
INSERT INTO `wced_entry` VALUES (11948, "maayu", "658", "<entry page=""658"" id=""11948""><form id=""maaxyu"" lang=""ceb"">maáyu</form>
<hom>
<sense n=""0""><trans> <ix>see</ix> <xr lang=""ceb"" target=""#axyu""><sc>áyu</sc></xr>.
</trans>
</sense></hom></entry>");
INSERT INTO `wced_head` (entryid, head, normalized_head, type, pos) VALUES (11948, "maáyu", "maayu", "m", "");
INSERT INTO `wced_entry` VALUES (11949, "maba", "658", "<entry page=""658"" id=""11949""><form id=""mabaq"" lang=""ceb"">mabà</form>
<hom>
<sense n=""0""><trans> = <xr lang=""ceb"" target=""#mubuq""><sc>mubù</sc></xr>.
</trans>
</sense></hom></entry>");
INSERT INTO `wced_head` (entryid, head, normalized_head, type, pos) VALUES (11949, "mabà", "maba", "m", "");
INSERT INTO `wced_entry` VALUES (11950, "mabaw", "658", "<entry page=""658"" id=""11950""><form id=""mabaw"" lang=""ceb"">mabaw</form>
<hom role=""a""><pos>a</pos>
<sense n=""1""><number>1</number><trans> <tr>shallow</tr>. </trans>
<eg><i lang=""ceb"">Mabaw ra kaáyu nang ímung pangatarúngan,</i><trans> Your reasoning is very shallow. </trans></eg>
<eg><i lang=""ceb"">Dì kalanguyan nang subáa kay mabaw,</i><trans> You can’t swim in that river. It’s too shallow. </trans></eg>
<eg><i lang=""ceb"">Ang baskit nga mabaw ug lubut diyútayg sulud,</i><trans> A shallow basket holds little. </trans></eg>
<eg><i lang=""ceb"">Mabaw nga panaksan,</i><trans> Shallow bowl. </trans></eg>
</sense>
<sense n=""2""><number>2</number><trans> <ix>in set expressions:</ix> </trans>
</sense></hom>
<entry><form id=""mabaw_ug_lubut"" lang=""ceb""><abbr expan=""mabaw"" type=""lemma"">—</abbr> ug lubut</form>
<hom>
<sense n=""0""><trans> <tr>sensitive</tr> or quick to anger. </trans>
<eg><i lang=""ceb"">Muhílak diay bísag kumidiya ra. Kamabaw nímug lubut uy,</i><trans> Why did you cry when it was just a joke? How sensitive you are! </trans></eg>
</sense>
<sense n=""3""><number>3</number> <form id=""mabaw_ug_salabuxtan"" lang=""ceb""><abbr expan=""mabaw"" type=""lemma"">—</abbr> ug salabútan</form><trans> <tr>unintelligent</tr>. </trans>
<eg><i lang=""ceb"">Dúgay siyang kasabut kay mabaw rag salabútan,</i><trans> She doesn’t understand readily because she is unintelligent. </trans></eg>
</sense></hom>
<hom role=""v""><pos>v</pos>
<sense n=""0""> <itype>[B; b7c1]</itype><trans> become shallow. </trans>
<eg><i lang=""ceb"">Imabaw (mabwa) lang pagkálut ang tamnan ug kamúti,</i><trans> Just make the hole for the sweet potatoes shallow. </trans></eg>
</sense></hom></entry>
<entry><form id=""himabaw_hamabaw"" lang=""ceb""><abbr expan=""himabaw"" type=""lemma"">hi-</abbr>/<abbr expan=""hamabaw"" type=""lemma"">ha-(→)</abbr></form>
<hom>
<sense n=""0""><trans> <ix>see</ix> <xr lang=""ceb"" target=""#himaxbaw""><sc>himábaw</sc></xr> <ix>under</ix> <xr lang=""ceb"" target=""#babaw""><sc>babaw</sc></xr>. </trans>
</sense></hom></entry>
<entry><form id=""magbaw"" lang=""ceb""><abbr expan=""magbaw"" type=""lemma"">-g-</abbr></form>
<hom>
<sense n=""0""><trans> <tr>shallow</tr> (plural). </trans>
</sense></hom></entry>
<entry><form id=""imabaw"" lang=""ceb""><abbr expan=""imabaw"" type=""lemma"">i-</abbr></form>
<hom role=""n""><pos>n</pos>
<sense n=""0""><trans> place above s.t. </trans>
<eg><i lang=""ceb"">Imabaw sa kaban nákù gibutang ang libru,</i><trans> I put the book on top of the trunk. </trans></eg>
</sense></hom></entry>
<entry><form id=""minabaw_minagbaw"" lang=""ceb""><abbr expan=""minabaw"" type=""lemma"">-in-</abbr>, <abbr expan=""minagbaw"" type=""lemma"">-in-g-</abbr></form>
<hom role=""v""><pos>v</pos>
<sense n=""0""> <itype>[a12]</itype><trans> do in a shallow way. </trans>
<eg><i lang=""ceb"">Kun minagbáwun lang ni nátù pagsabut ang giisplikar sa maistru, dílì giyud ta makapasar,</i><trans> If you fail to understand (lit. understand shallowly) what the teacher explained, you won’t pass. </trans></eg>
</sense></hom></entry>
<entry><form id=""kamaxbaw"" lang=""ceb""><abbr expan=""kamábaw"" type=""lemma"">ka-(←)</abbr></form>
<hom role=""n""><pos>n</pos>
<sense n=""0""><trans> half brother, sister. </trans>
<eg><i lang=""ceb"">Kamábaw ku siya kay paríhu mig inahan,</i><trans> He is my half brother because we have the same mother. </trans></eg>
</sense></hom>
<hom role=""v""><pos>v</pos>
<sense n=""0""> <itype>[A23]</itype><trans> be half brothers, sisters.
</trans>
</sense></hom></entry></entry>");
INSERT INTO `wced_head` (entryid, head, normalized_head, type, pos) VALUES (11950, "mabaw", "mabaw", "m", "a");
INSERT INTO `wced_head` (entryid, head, normalized_head, type, pos) VALUES (11950, "mabaw ug lubut", "mabaw ug lubut", "s", "v");
INSERT INTO `wced_head` (entryid, head, normalized_head, type, pos) VALUES (11950, "mabaw ug salabútan", "mabaw ug salabutan", "s", "");
INSERT INTO `wced_head` (entryid, head, normalized_head, type, pos) VALUES (11950, "himabaw", "himabaw", "s", "");
INSERT INTO `wced_head` (entryid, head, normalized_head, type, pos) VALUES (11950, "hamabaw", "hamabaw", "s", "");
INSERT INTO `wced_head` (entryid, head, normalized_head, type, pos) VALUES (11950, "magbaw", "magbaw", "s", "");
INSERT INTO `wced_head` (entryid, head, normalized_head, type, pos) VALUES (11950, "imabaw", "imabaw", "s", "n");
INSERT INTO `wced_head` (entryid, head, normalized_head, type, pos) VALUES (11950, "minabaw", "minabaw", "s", "v");
INSERT INTO `wced_head` (entryid, head, normalized_head, type, pos) VALUES (11950, "minagbaw", "minagbaw", "s", "v");
INSERT INTO `wced_head` (entryid, head, normalized_head, type, pos) VALUES (11950, "kamábaw", "kamabaw", "s", "nv");
INSERT INTO `wced_translation` (entryid, translation) VALUES (11950, "shallow");
INSERT INTO `wced_translation` (entryid, translation) VALUES (11950, "sensitive");
INSERT INTO `wced_translation` (entryid, translation) VALUES (11950, "unintelligent");
INSERT INTO `wced_entry` VALUES (11951, "mabdus", "658", "<entry page=""658"" id=""11951""><form id=""mabdus"" lang=""ceb"">mabdus</form>
<hom role=""a""><pos>a</pos>
<sense n=""1""><number>1</number><trans> <tr>pregnant</tr>. </trans>
</sense>
<sense n=""2""><number>2</number><trans> for rice grains to be in the panicle. </trans>
<eg><i lang=""ceb"">Mabdus na ang humay,</i><trans> The rice grains are forming. </trans></eg>
</sense></hom>
<hom role=""v""><pos>v</pos>
<sense n=""1""><number>1</number> <itype>[B26]</itype><trans> get, make pregnant. </trans>
<eg><i lang=""ceb"">Mimabdus si Maríya kay hagithagitun kaáyu,</i><trans> Maria got pregnant because she was flirtatious. </trans></eg>
</sense>
<sense n=""1a""><number>1a</number> <itype>[A1; c]</itype><trans> carry in the womb. </trans>
<eg><i lang=""ceb"">Gimabdus nà siya pagkamatay sa íyang amahan,</i><trans> He was in his mother’s womb when his father died. </trans></eg>
</sense>
<sense n=""2""><number>2</number> <itype>[B]</itype><trans> for rice grains to form in the panicle. </trans>
</sense>
<sense n=""3""><number>3</number> <itype>[B1]</itype><trans> for borrowed things to have been kept too long. </trans>
<eg><i lang=""ceb"">Dúgay kaáyu nímung giúlì ang ákung libru. Mimabdus na nà,</i><trans> You kept my book too long (lit. so long that it got pregnant). </trans></eg>
</sense>
<sense n=""4""><number>4</number> <itype>[B1]</itype><trans> <form id=""mabdus_sa_pasaxlig"" lang=""ceb""><abbr expan=""mabdus"" type=""lemma"">—</abbr> sa pasálig</form> get fooled by assurances (lit. got pregnant because of promises). </trans>
<eg><i lang=""ceb"">Daghan nang mimabdus sa pasálig sa mga pulitiku,</i><trans> Many people have been fooled by the politician’s assurances. </trans></eg>
</sense></hom>
<entry><form id=""pamabdus"" lang=""ceb""><abbr expan=""pamabdus"" type=""lemma"">pa-</abbr></form>
<hom role=""v""><pos>v</pos>
<sense n=""0""> <itype>[A; c2]</itype><trans> get s.o. pregnant. </trans>
<eg><i lang=""ceb"">Gipamabdus (gipamabdúsan) si Maríya ni <pb n=""659""/>Pidru,</i><trans> Pedro got Maria pregnant.
</trans></eg>
</sense></hom></entry></entry>");
INSERT INTO `wced_head` (entryid, head, normalized_head, type, pos) VALUES (11951, "mabdus", "mabdus", "m", "av");
INSERT INTO `wced_head` (entryid, head, normalized_head, type, pos) VALUES (11951, "mabdus sa pasálig", "mabdus sa pasalig", "s", "");
INSERT INTO `wced_head` (entryid, head, normalized_head, type, pos) VALUES (11951, "pamabdus", "pamabdus", "s", "v");
INSERT INTO `wced_translation` (entryid, translation) VALUES (11951, "pregnant");
INSERT INTO `wced_entry` VALUES (11952, "mabgas", "659", "<entry page=""659"" id=""11952""><form id=""mabgas"" lang=""ceb"">mabgas</form>
<hom>
<sense n=""0""><trans> = <xr lang=""ceb"" target=""#malubgas""><sc>malubgas</sc></xr>.
</trans>
</sense></hom></entry>");
INSERT INTO `wced_head` (entryid, head, normalized_head, type, pos) VALUES (11952, "mabgas", "mabgas", "m", "");
INSERT INTO `wced_entry` VALUES (11953, "mabulu", "659", "<entry page=""659"" id=""11953""><form id=""mabuxlu"" lang=""ceb"">mabúlu</form>
<hom role=""n""><pos>n</pos>
<sense n=""0""><trans> k.o. medium-sized tree of the primary forest, cultivated for its fruit. The wood is hard and used for furniture, the heartwood being nearly black: <bio>Diospyros discolor</bio>.
</trans>
</sense></hom></entry>");
INSERT INTO `wced_head` (entryid, head, normalized_head, type, pos) VALUES (11953, "mabúlu", "mabulu", "m", "n");
INSERT INTO `wced_entry` VALUES (11954, "mad-as", "659", "<entry page=""659"" id=""11954""><form id=""mad-as"" lang=""ceb"">mad-as</form>
<hom role=""a""><pos>a</pos>
<sense n=""0""><trans> land that has dried up. </trans>
</sense></hom>
<hom role=""v""><pos>v</pos>
<sense n=""0""> <itype>[B1]</itype><trans> be, become dry land. </trans>
<eg><i lang=""ceb"">Nagmad-as ang pilapilan nga walà na makultibar,</i><trans> The rice paddies are dry after being left uncultivated.
</trans></eg>
</sense></hom></entry>");
INSERT INTO `wced_head` (entryid, head, normalized_head, type, pos) VALUES (11954, "mad-as", "mad-as", "m", "av");
INSERT INTO `wced_entry` VALUES (11955, "madil", "659", "<entry page=""659"" id=""11955""><form id=""maxdil"" lang=""ceb"">mádil</form>
<hom role=""n""><pos>n</pos>
<sense n=""0""><trans> <tr>fashion model</tr>. </trans>
</sense></hom>
<hom role=""v""><pos>v</pos>
<sense n=""1""><number>1</number> <itype>[A1; c]</itype><trans> model s.t. </trans>
</sense>
<sense n=""2""><number>2</number> <itype>[B156; a2]</itype><trans> be a fashion model. </trans>
</sense></hom>
<entry><form id=""madilun"" lang=""ceb""><abbr expan=""madilun"" type=""lemma"">-un(→)</abbr></form>
<hom role=""a""><pos>a</pos>
<sense n=""0""><trans> having a body like a model.
</trans>
</sense></hom></entry></entry>");
INSERT INTO `wced_head` (entryid, head, normalized_head, type, pos) VALUES (11955, "mádil", "madil", "m", "nv");
INSERT INTO `wced_head` (entryid, head, normalized_head, type, pos) VALUES (11955, "madilun", "madilun", "s", "a");
INSERT INTO `wced_translation` (entryid, translation) VALUES (11955, "fashion model");
INSERT INTO `wced_entry` VALUES (11956, "madrasta", "659", "<entry page=""659"" id=""11956""><form id=""madrasta"" lang=""ceb"">madrasta</form>
<hom role=""n""><pos>n</pos>
<sense n=""0""><trans> <tr>stepmother</tr>.
</trans>
</sense></hom></entry>");
INSERT INTO `wced_head` (entryid, head, normalized_head, type, pos) VALUES (11956, "madrasta", "madrasta", "m", "n");
INSERT INTO `wced_translation` (entryid, translation) VALUES (11956, "stepmother");
INSERT INTO `wced_entry` VALUES (11957, "madri1", "659", "<entry page=""659"" id=""11957""><form id=""madri"" lang=""ceb"">madri<sub>1</sub></form>
<hom role=""n""><pos>n</pos>
<sense n=""0""><trans> <tr>nun</tr>. </trans>
</sense></hom>
<entry><form id=""madri_dipamilya"" lang=""ceb""><abbr expan=""madri"" type=""lemma"">—</abbr> dipamilya</form>
<hom>
<sense n=""0""><trans> woman head of the family. </trans>
</sense></hom></entry>
<entry><form id=""madri_supiryuxra"" lang=""ceb""><abbr expan=""madri"" type=""lemma"">—</abbr> supiryúra</form>
<hom>
<sense n=""0""><trans> <tr>mother superior</tr>. </trans>
</sense></hom>
<hom role=""v""><pos>v</pos>
<sense n=""0""> <itype>[B156; a]</itype><trans> be, become a nun. </trans>
</sense></hom></entry>
<entry><form id=""pakamadri"" lang=""ceb""><abbr expan=""pakamadri"" type=""lemma"">paka-</abbr></form>
<hom role=""v""><pos>v</pos>
<sense n=""0""> <itype>[A; a12]</itype><trans> pretend to be a nun, treat like a nun. </trans>
</sense></hom></entry>
<entry><form id=""madrihun"" lang=""ceb"">madrihun</form>
<hom role=""a""><pos>a</pos>
<sense n=""0""><trans> having ways or traits of a nun. </trans>
<eg><i lang=""ceb"">Madrihun kaáyug nawung bayhána, inusinti kaáyug dagway,</i><trans> That woman is like a nun. Such an innocent face.
</trans></eg>
</sense></hom></entry></entry>");
INSERT INTO `wced_head` (entryid, head, normalized_head, type, pos) VALUES (11957, "madri", "madri", "s", "n");
INSERT INTO `wced_head` (entryid, head, normalized_head, type, pos) VALUES (11957, "madri dipamilya", "madri dipamilya", "s", "");
INSERT INTO `wced_head` (entryid, head, normalized_head, type, pos) VALUES (11957, "madri supiryúra", "madri supiryura", "s", "v");
INSERT INTO `wced_head` (entryid, head, normalized_head, type, pos) VALUES (11957, "pakamadri", "pakamadri", "s", "v");
INSERT INTO `wced_head` (entryid, head, normalized_head, type, pos) VALUES (11957, "madrihun", "madrihun", "s", "a");
INSERT INTO `wced_translation` (entryid, translation) VALUES (11957, "nun");
INSERT INTO `wced_translation` (entryid, translation) VALUES (11957, "mother superior");
INSERT INTO `wced_entry` VALUES (11958, "madri2", "659", "<entry page=""659"" id=""11958""><form id=""madri2"" lang=""ceb"">madri<sub>2</sub></form>
<hom role=""n""><pos>n</pos>
<sense n=""0""><trans> main frame of a door or window shutter. </trans>
</sense></hom>
<hom role=""v""><pos>v</pos>
<sense n=""0""> <itype>[c1]</itype><trans> make a main frame of a shutter.
</trans>
</sense></hom></entry>");
INSERT INTO `wced_head` (entryid, head, normalized_head, type, pos) VALUES (11958, "madri", "madri", "s", "nv");
INSERT INTO `wced_entry` VALUES (11959, "madri kakaw", "659", "<entry page=""659"" id=""11959""><form id=""madri_kakaw"" lang=""ceb"">madri kakaw</form>
<hom role=""n""><pos>n</pos>
<sense n=""0""><trans> small ornamental tree flowering profusely with pink or lavender blooms, used for firewood and fencing: <bio>Gliricidia sepium</bio>.
</trans>
</sense></hom></entry>");
INSERT INTO `wced_head` (entryid, head, normalized_head, type, pos) VALUES (11959, "madri kakaw", "madri kakaw", "m", "n");
INSERT INTO `wced_entry` VALUES (11960, "madri miya", "659", "<entry page=""659"" id=""11960""><form id=""madri_mixya"" lang=""ceb"">madri míya</form>
<hom>
<sense n=""0""><trans> an exclamation of alarm, surprise, or disgust mainly by speakers who have been under Spanish influence. </trans>
<eg><i lang=""ceb"">Madri míya, tingálig mahū́g nang bátà,</i><trans> My God! Watch out, the baby is going to fall. </trans></eg>
<eg><i lang=""ceb"">Madri míya! Nabúhat nímu tu!</i><trans> My God! You actually did that!
</trans></eg>
</sense></hom></entry>");
INSERT INTO `wced_head` (entryid, head, normalized_head, type, pos) VALUES (11960, "madri míya", "madri miya", "m", "");
INSERT INTO `wced_entry` VALUES (11961, "madrina", "659", "<entry page=""659"" id=""11961""><form id=""madrixna"" lang=""ceb"">madrína</form>
<hom role=""n""><pos>n</pos>
<sense n=""0""><trans> <tr>godmother</tr>, the female sponsor at one’s baptism, wedding, confirmation, or ordination. </trans>
</sense></hom>
<hom role=""v""><pos>v</pos>
<sense n=""0""> <itype>[B136; c1]</itype><trans> be, become the <ix>madrína</ix>.
</trans>
</sense></hom></entry>");
INSERT INTO `wced_head` (entryid, head, normalized_head, type, pos) VALUES (11961, "madrína", "madrina", "m", "nv");
INSERT INTO `wced_translation` (entryid, translation) VALUES (11961, "godmother");
INSERT INTO `wced_entry` VALUES (11962, "madyik", "659", "<entry page=""659"" id=""11962""><form id=""madyik"" lang=""ceb"">madyik</form>
<hom role=""n""><pos>n</pos>
<sense n=""1""><number>1</number><trans> <tr>magic</tr> involving supernatural powers. </trans>
</sense>
<sense n=""2""><number>2</number><trans> <tr>sleight-of-hand</tr> trick. </trans>
<eg><i lang=""ceb"">Nalingaw ang mga bátà sa ákung madyik,</i><trans> The children enjoyed my tricks. </trans></eg>
</sense></hom>
<hom role=""v""><pos>v</pos>
<sense n=""1""><number>1</number> <itype>[A1; a2]</itype><trans> <tr>practice magic</tr>. </trans>
</sense>
<sense n=""2""><number>2</number> <itype>[A; a]</itype><trans> <tr>steal</tr> s.t. small. </trans>
<eg><i lang=""ceb"">Huy, kinsay nagmadyik sa ákung bulpin diri?</i><trans> Hey, who swiped my ball point pen? </trans></eg>
</sense></hom>
<entry><form id=""madyikixru"" lang=""ceb""><abbr expan=""madyikíru"" type=""lemma"">-íru</abbr></form>
<hom role=""n""><pos>n</pos>
<sense n=""0""><trans> magician.
</trans>
</sense></hom></entry></entry>");
INSERT INTO `wced_head` (entryid, head, normalized_head, type, pos) VALUES (11962, "madyik", "madyik", "m", "nv");
INSERT INTO `wced_head` (entryid, head, normalized_head, type, pos) VALUES (11962, "madyikíru", "madyikiru", "s", "n");
INSERT INTO `wced_translation` (entryid, translation) VALUES (11962, "magic");
INSERT INTO `wced_translation` (entryid, translation) VALUES (11962, "sleight-of-hand");
INSERT INTO `wced_translation` (entryid, translation) VALUES (11962, "practice magic");
INSERT INTO `wced_translation` (entryid, translation) VALUES (11962, "steal");
INSERT INTO `wced_entry` VALUES (11963, "madyung1", "659", "<entry page=""659"" id=""11963""><form id=""madyung"" lang=""ceb"">madyung<sub>1</sub></form>
<hom role=""n""><pos>n</pos>
<sense n=""1""><number>1</number><trans> <tr>sandspurs</tr>, k.o. coarse grass growing about <measure reg=""30 cm"">1′</measure> that bears spikes with rows of round burrs, around ¼″ in diameter. </trans>
</sense>
<sense n=""2""><number>2</number><trans> the burrs of this grass. </trans>
</sense></hom>
<entry><form id=""kamadyung"" lang=""ceb""><abbr expan=""kamadyung"" type=""lemma"">ka-</abbr></form>
<hom role=""v""><pos>v</pos>
<sense n=""0""> <itype>[A13]</itype><trans> get sandspurs all over one.
</trans>
</sense></hom></entry></entry>");
INSERT INTO `wced_head` (entryid, head, normalized_head, type, pos) VALUES (11963, "madyung", "madyung", "s", "n");
INSERT INTO `wced_head` (entryid, head, normalized_head, type, pos) VALUES (11963, "kamadyung", "kamadyung", "s", "v");
INSERT INTO `wced_translation` (entryid, translation) VALUES (11963, "sandspurs");
INSERT INTO `wced_entry` VALUES (11964, "madyung2", "659", "<entry page=""659"" id=""11964""><form id=""madyung2"" lang=""ceb"">madyung<sub>2</sub></form>
<hom role=""n""><pos>n</pos>
<sense n=""0""><trans> <tr>mahjong</tr>. </trans>
</sense></hom>
<hom role=""a""><pos>a</pos>
<sense n=""0""><trans> win the mahjong set. </trans>
<eg><i lang=""ceb"">Pung! Madyung ku, Bingo!</i><trans> I get mahjong! </trans></eg>
</sense></hom>
<hom role=""v""><pos>v</pos>
<sense n=""1""><number>1</number> <itype>[A3; a]</itype><trans> play mahjong. </trans>
<eg><i lang=""ceb"">Dílì na lang ta magdúlag baráha. Madyúngun ta na lang ni,</i><trans> Let’s not play cards. Let’s just play mahjong. </trans></eg>
</sense>
<sense n=""2""><number>2</number> <itype>[A12]</itype><trans> win at mahjong. </trans>
<eg><i lang=""ceb"">Wà pa ku makamadyung,</i><trans> I haven’t gotten mahjong yet. </trans></eg>
</sense></hom>
<entry><form id=""madyungan"" lang=""ceb""><abbr expan=""madyungan"" type=""lemma"">-an(→)</abbr></form>
<hom role=""n""><pos>n</pos>
<sense n=""1""><number>1</number><trans> mahjong den. </trans>
</sense>
<sense n=""2""><number>2</number><trans> <tr>mahjong set</tr>. </trans>
</sense>
<sense n=""3""><number>3</number><trans> piece needed to get ‘mahjong’. </trans>
<eg><i lang=""ceb"">Ang madyungan ni Turuy tris sirkulu,</i><trans> Toroy is waiting for the three circle piece. </trans></eg>
</sense></hom></entry>
<entry><form id=""madyungixru_madyungixra"" lang=""ceb""><abbr expan=""madyungíru"" type=""lemma"">-íru</abbr>, <abbr expan=""madyungíra"" type=""lemma""><corr>-íra</corr></abbr></form>
<hom role=""a""><pos>a</pos>
<sense n=""0""><trans> mahjong addict.
</trans>
</sense></hom></entry></entry>");
INSERT INTO `wced_head` (entryid, head, normalized_head, type, pos) VALUES (11964, "madyung", "madyung", "s", "nav");
INSERT INTO `wced_head` (entryid, head, normalized_head, type, pos) VALUES (11964, "madyungan", "madyungan", "s", "n");
INSERT INTO `wced_head` (entryid, head, normalized_head, type, pos) VALUES (11964, "madyungíru", "madyungiru", "s", "a");
INSERT INTO `wced_head` (entryid, head, normalized_head, type, pos) VALUES (11964, "madyungíra", "madyungira", "s", "a");
INSERT INTO `wced_translation` (entryid, translation) VALUES (11964, "mahjong");
INSERT INTO `wced_translation` (entryid, translation) VALUES (11964, "mahjong set");
INSERT INTO `wced_entry` VALUES (11965, "madyurit", "659", "<entry page=""659"" id=""11965""><form id=""madyurit"" lang=""ceb"">madyurit</form>
<hom role=""n""><pos>n</pos>
<sense n=""0""><trans> <tr>drum majorette</tr>. </trans>
</sense></hom>
<hom role=""v""><pos>v</pos>
<sense n=""0""> <itype>[B16; a2]</itype><trans> be a majorette.
</trans>
</sense></hom></entry>");
INSERT INTO `wced_head` (entryid, head, normalized_head, type, pos) VALUES (11965, "madyurit", "madyurit", "m", "nv");
INSERT INTO `wced_translation` (entryid, translation) VALUES (11965, "drum majorette");
INSERT INTO `wced_entry` VALUES (11966, "mag-", "659", "<entry page=""659"" id=""11966""><form id=""mag-"" lang=""ceb"">mag-</form>
<hom>
<sense n=""0""><trans> durative active verbal affix, future. (<ix>Past</ix>: <bx>nag-</bx> <ix>or</ix> <bx>ga-</bx>. <ix>Subjunctive</ix>: <bx>mag-</bx>.) </trans>
<eg><i lang=""ceb"">Magmata sila árung urása,</i><trans> They are awake at this time. </trans></eg>
<eg><i lang=""ceb"">Nagmata (or gamata) pa ba kahà sila<corr sic="","">?</corr></i><trans> Do you think they are still awake? </trans></eg>
<eg><i lang=""ceb"">Walà na sila magmata,</i><trans> They are not awake any more. Verbs with <ix>mag-</ix>, <ix>nag-</ix> have the following meanings (as opposed to verbs with <ix>mi-</ix>, <ix>mu-</ix> — <ix>see</ix> <xr lang=""ceb"" target=""#mu-""><sc>mu-</sc></xr>): </trans></eg>
</sense>
<sense n=""1""><number>1</number><trans> action not necessarily intentional. </trans>
<eg><i lang=""ceb"">Walà siya magsulti,</i><trans> He didn’t say. </trans></eg>
<eg><i lang=""ceb"">Walà ku maghátag níya ánang librúha,</i><trans> I didn’t give him that book. </trans></eg>
</sense>
<sense n=""2""><number>2</number><trans> durative action, action or state continuing in time. </trans>
<eg><i lang=""ceb"">Wà na siya maghilak,</i><trans> He isn’t crying any more. </trans></eg>
<eg><i lang=""ceb"">Ug magtindug ang mga táwu sa atubángan, dì mi makakità,</i><trans> If the people in front are standing, we won’t be able to see. </trans></eg>
</sense>
<sense n=""2a""><number>2a</number><trans> added to nouns. </trans>
<eg><i lang=""ceb"">Ug magkalayu na ang kakugnan háyag kaáyu ang lángit,</i><trans> When the fields are ablaze, the skies light up. </trans></eg>
<eg><i lang=""ceb"">Human sa púlù ka gutlù, ang puthaw magbaga,</i><trans> After ten seconds the steel will glow. </trans></eg>
</sense>
<sense n=""3""><number>3</number><trans> <ix>added to verbs referring to a state:</ix> be in [such-and-such] a state. </trans>
<eg><i lang=""ceb"">Ug mag-abri ang pultahan, musulud giyud ang lángaw,</i><trans> If the door is open, the flies are sure to come in. </trans></eg>
<eg><i lang=""ceb"">Walà na magtuyuk ang ligid,</i><trans> The wheel is no longer turning. </trans></eg>
</sense>
<sense n=""3a""><number>3a</number><trans> <ix>added to adjectives</ix>: be [adj.]. </trans>
<eg><i lang=""ceb"">Magmalipáyun ta,</i><trans> Let us be happy. </trans></eg>
<eg><i lang=""ceb"">Mawà kay hitsúra ug magpula nang ímung nawung,</i><trans> You will not look good if your face is all red. </trans></eg>
</sense>
<sense n=""3b""><number>3b</number><trans> added to words referring to a state of the weather. </trans>
<eg><i lang=""ceb"">Atúa giyud siya sa dágat, magbálud kinig maglínaw,</i><trans> He is at sea, whether it is wavy or calm. </trans></eg>
<eg><i lang=""ceb"">Mag-ulan kag mag-ínit,</i><trans> Rain or shine (lit. whether you are rainy or shining). </trans></eg>
</sense>
<sense n=""4""><number>4</number><trans> <ix>referring to an action which redounded on the agent:</ix> do [so-and-so] to oneself. </trans>
<eg><i lang=""ceb"">Mag-ílis pa ku,</i><trans> I will change my clothes. </trans></eg>
<eg><i lang=""ceb"">Gustu kung maglumus,</i><trans> I want to drown myself. </trans></eg>
</sense>
<sense n=""4a""><number>4a</number><trans> <ix>added to nouns:</ix> become a [so-and-so]. </trans>
<eg><i lang=""ceb"">Magpárì ku,</i><trans> I will become a priest. </trans></eg>
<eg><i lang=""ceb"">Magsirkadur tingáli ning bataána,</i><trans> This child probably wants to become a trapeze artist. </trans></eg>
</sense>
<sense n=""5""><number>5</number><trans> referring to an action which two or more people did with each other. (Verbs with <ix>mag-</ix> of this sort always have penultimate stress.) </trans>
<eg><i lang=""ceb"">Didtu sila mag-ábut,</i><trans> They met in that place. </trans></eg>
<eg><i lang=""ceb"">Magsákay ta,</i><trans> <pb n=""660""/>Let us ride together. </trans></eg>
<eg><i lang=""ceb"">Ug maglagyù pagkabutang ang mga balay,</i><trans> If the houses are far apart from one another. </trans></eg>
</sense>
<sense n=""5a""><number>5a</number><trans> <ix>with nouns:</ix> be in the [noun] relation. </trans>
<eg><i lang=""ceb"">Magkumpári kami ug akuy pakugúsun sa íyang anak,</i><trans> We will be <ix>kumpári’s</ix> if I become his child’s godfather. </trans></eg>
<eg><i lang=""ceb"">Mag-amígu lang ta,</i><trans> Let’s be friends.
</trans></eg>
</sense></hom></entry>");
INSERT INTO `wced_head` (entryid, head, normalized_head, type, pos) VALUES (11966, "mag-", "mag-", "m", "");
INSERT INTO `wced_entry` VALUES (11967, "maga-", "660", "<entry page=""660"" id=""11967""><form id=""maga-"" lang=""ceb"">maga-</form>
<hom>
<sense n=""0""><trans> alternative form for <ix>mag-</ix> in meanings <ix>2, 2a, 3, 3a, 4</ix>. Words with <ix>maga-</ix> can substitute for the examples there given.
</trans>
</sense></hom></entry>");
INSERT INTO `wced_head` (entryid, head, normalized_head, type, pos) VALUES (11967, "maga-", "maga-", "m", "");
INSERT INTO `wced_entry` VALUES (11968, "magahat", "660", "<entry page=""660"" id=""11968""><form id=""Magahat"" lang=""ceb"">Magahat</form>
<hom role=""n""><pos>n</pos>
<sense n=""0""><trans> pagan non-Cebuano peoples in the mountains (applies to pagans in Negros and in Mindanao). </trans>
</sense></hom>
<hom role=""v""><pos>v</pos>
<sense n=""0""> <itype>[A13]</itype><trans> be very touchy. </trans>
<eg><i lang=""ceb"">Ug napildi ka ug dakù magmagahat diay ka?</i><trans> You are touchy just because you lost heavily?
</trans></eg>
</sense></hom></entry>");
INSERT INTO `wced_head` (entryid, head, normalized_head, type, pos) VALUES (11968, "Magahat", "magahat", "m", "nv");
INSERT INTO `wced_entry` VALUES (11969, "magalyanis", "660", "<entry page=""660"" id=""11969""><form id=""magalyaxnis"" lang=""ceb"">magalyánis</form>
<hom role=""n""><pos>n</pos>
<sense n=""0""><trans> downtown shopping district of Cebu (after the name of Magallanes Street, which formerly was the principal shopping street in Cebu).
</trans>
</sense></hom></entry>");
INSERT INTO `wced_head` (entryid, head, normalized_head, type, pos) VALUES (11969, "magalyánis", "magalyanis", "m", "n");
INSERT INTO `wced_entry` VALUES (11970, "magang, magang", "660", "<entry page=""660"" id=""11970""><form id=""magang_maxgang"" lang=""ceb"">magang, mágang</form>
<hom role=""v""><pos>v</pos>
<sense n=""0""> <itype>[BN]</itype><trans> for corn to flower. </trans>
<eg><i lang=""ceb"">Inigmagang sa mais, mugítib na ang lugas,</i><trans> When the corn flowers, the grains begin to develop.
</trans></eg>
</sense></hom></entry>");
INSERT INTO `wced_head` (entryid, head, normalized_head, type, pos) VALUES (11970, "magang", "magang", "s", "v");
INSERT INTO `wced_head` (entryid, head, normalized_head, type, pos) VALUES (11970, "mágang", "magang", "s", "v");
INSERT INTO `wced_entry` VALUES (11971, "magasin1", "660", "<entry page=""660"" id=""11971""><form id=""magasin"" lang=""ceb"">magasin<sub>1</sub></form>
<hom role=""n""><pos>n</pos>
<sense n=""0""><trans> <tr>magazine</tr>, <tr>periodical</tr>.
</trans>
</sense></hom></entry>");
INSERT INTO `wced_head` (entryid, head, normalized_head, type, pos) VALUES (11971, "magasin", "magasin", "s", "n");
INSERT INTO `wced_translation` (entryid, translation) VALUES (11971, "magazine");
INSERT INTO `wced_translation` (entryid, translation) VALUES (11971, "periodical");
INSERT INTO `wced_entry` VALUES (11972, "magasin2", "660", "<entry page=""660"" id=""11972""><form id=""magasin2"" lang=""ceb"">magasin<sub>2</sub></form>
<hom role=""n""><pos>n</pos>
<sense n=""0""><trans> <tr>ammunition clip</tr> for automatic firearms.
</trans>
</sense></hom></entry>");
INSERT INTO `wced_head` (entryid, head, normalized_head, type, pos) VALUES (11972, "magasin", "magasin", "s", "n");
INSERT INTO `wced_translation` (entryid, translation) VALUES (11972, "ammunition clip");
INSERT INTO `wced_entry` VALUES (11973, "magay", "660", "<entry page=""660"" id=""11973""><form id=""magay"" lang=""ceb"">magay</form>
<hom role=""n""><pos>n</pos>
<sense n=""0""><trans> <tr>maguey</tr>, cultivated as a source of sisal fiber: <bio>Agave cantala</bio> or <bio>sisalana</bio>. </trans>
</sense></hom>
<entry><form id=""maxgay"" lang=""ceb""><abbr expan=""mágay"" type=""lemma"">(←)</abbr></form>
<hom role=""v""><pos>v</pos>
<sense n=""0""> <itype>[A]</itype><trans> make into sisal hemp. </trans>
</sense></hom></entry>
<entry><form id=""magay_maxgay"" lang=""ceb"">magay mágay</form>
<hom role=""n""><pos>n</pos>
<sense n=""0""><trans> ornamental plant similar to the maguey but smaller in size: <bio>Sansevieria spp</bio>.
</trans>
</sense></hom></entry></entry>");
INSERT INTO `wced_head` (entryid, head, normalized_head, type, pos) VALUES (11973, "magay", "magay", "m", "n");
INSERT INTO `wced_head` (entryid, head, normalized_head, type, pos) VALUES (11973, "mágay", "magay", "s", "v");
INSERT INTO `wced_head` (entryid, head, normalized_head, type, pos) VALUES (11973, "magay mágay", "magay magay", "s", "n");
INSERT INTO `wced_translation` (entryid, translation) VALUES (11973, "maguey");
INSERT INTO `wced_entry` VALUES (11974, "magaya", "660", "<entry page=""660"" id=""11974""><form id=""magaya"" lang=""ceb"">magaya</form>
<hom>
<sense n=""0""><trans> = <xr lang=""ceb"" target=""#malagaya""><sc>malagaya</sc></xr>.
</trans>
</sense></hom></entry>");
INSERT INTO `wced_head` (entryid, head, normalized_head, type, pos) VALUES (11974, "magaya", "magaya", "m", "");
INSERT INTO `wced_entry` VALUES (11975, "magindanaw", "660", "<entry page=""660"" id=""11975""><form id=""Magindaxnaw"" lang=""ceb"">Magindánaw</form>
<hom role=""n""><pos>n</pos>
<sense n=""0""><trans> <tr>Muslims</tr> of Cotabato and Zamboanga del Sur.
</trans>
</sense></hom></entry>");
INSERT INTO `wced_head` (entryid, head, normalized_head, type, pos) VALUES (11975, "Magindánaw", "magindanaw", "m", "n");
INSERT INTO `wced_translation` (entryid, translation) VALUES (11975, "Muslims");
INSERT INTO `wced_entry` VALUES (11976, "magka-", "660", "<entry page=""660"" id=""11976""><form id=""magka-"" lang=""ceb"">magka-</form>
<hom>
<sense n=""0""><trans> <ix>durative active future for verbs referring to a state</ix>: be, becoming more and more [so-and-so]. (<ix>Past</ix>: <bx>nagka-</bx>. <ix>Subjunctive</ix>: <bx>magka-</bx>.) Verbs with this affix always have a stressed final syllable. </trans>
<eg><i lang=""ceb"">Imbis nga magkakusug, nagkahinay hinúun,</i><trans> Instead of getting faster and faster, it was getting slower and slower. </trans></eg>
<eg><i lang=""ceb"">Wà lagi magkaduul ang bapur nganhi, nagkalayù hinúun,</i><trans> The boat is not coming nearer. It’s actually getting further and further away.
</trans></eg>
</sense></hom></entry>");
INSERT INTO `wced_head` (entryid, head, normalized_head, type, pos) VALUES (11976, "magka-", "magka-", "m", "");
INSERT INTO `wced_entry` VALUES (11977, "magka-(←)", "660", "<entry page=""660"" id=""11977""><form id=""magka-lx"" lang=""ceb"">magka-(←)</form>
<hom>
<sense n=""0""><trans> potential active verb affix, future. (Past: <bx>nagka-</bx>. Subjunctive: <bx>magka-</bx>.) Used with verbs referring to mutual actions (cf. <ix>mag-<sub>1</sub>, 5</ix>) but otherwise paralleling the potential meanings listed under <ix>maka-</ix>. </trans>
</sense>
<sense n=""1""><number>1</number><trans> can [do] with each other. </trans>
<eg><i lang=""ceb"">Dì tang tanan magkasákay,</i><trans> We cannot all ride together. </trans></eg>
</sense>
<sense n=""2""><number>2</number><trans> manage to [do] with each other. </trans>
<eg><i lang=""ceb"">Wà mi magkasábut,</i><trans> We didn’t manage to come to an agreement. </trans></eg>
<eg><i lang=""ceb"">Nagkaábut sila sa tungàtúngà,</i><trans> They met in the middle. </trans></eg>
</sense>
<sense n=""3""><number>3</number><trans> happen to [do] with each other. </trans>
<eg><i lang=""ceb"">Ug magkakítà gánì ang ímung babáyig asáwa,</i><trans> If your mistress and your wife happen to run into each other.
</trans></eg>
</sense></hom></entry>");
INSERT INTO `wced_head` (entryid, head, normalized_head, type, pos) VALUES (11977, "magka-(←)", "magka-(←)", "m", "");
INSERT INTO `wced_entry` VALUES (11978, "mag-l-", "660", "<entry page=""660"" id=""11978""><form id=""mag-l-"" lang=""ceb"">mag-l-</form>
<hom>
<sense n=""0""><trans> alternant of <ix>mag-r-</ix>, and usually in competition with it, but with some roots only <ix>mag-r-</ix> is frequent or the form with <ix>mag-r-</ix> has acquired a different nuance. </trans>
<eg><i lang=""ceb"">Magbalantay,</i><trans> Watchman. </trans></eg>
<eg><i lang=""ceb"">Magbuluhat ug mga mwiblis,</i><trans> Furniture maker.
</trans></eg>
</sense></hom></entry>");
INSERT INTO `wced_head` (entryid, head, normalized_head, type, pos) VALUES (11978, "mag-l-", "mag-l-", "m", "");
INSERT INTO `wced_entry` VALUES (11979, "maglalatik", "660", "<entry page=""660"" id=""11979""><form id=""maglalatik"" lang=""ceb"">maglalatik</form>
<hom role=""n""><pos>n</pos>
<sense n=""0""><trans> k.o. folk dance in which half coconut shells are knocked to the rhythm of the accompanying music.
</trans>
</sense></hom></entry>");
INSERT INTO `wced_head` (entryid, head, normalized_head, type, pos) VALUES (11979, "maglalatik", "maglalatik", "m", "n");
INSERT INTO `wced_entry` VALUES (11980, "magnisya", "660", "<entry page=""660"" id=""11980""><form id=""magnisya"" lang=""ceb"">magnisya</form>
<hom role=""n""><pos>n</pos>
<sense n=""0""><trans> <tr>milk of magnesia</tr>. </trans>
</sense></hom>
<entry><form id=""magnisya_simpli"" lang=""ceb""><abbr expan=""magnisya"" type=""lemma"">—</abbr> simpli</form>
<hom>
<sense n=""0""><trans> a half dose of milk of magnesia (as opposed to <ix><abbr expan=""magnisya"" type=""lemma"">—</abbr> dubli</ix>, the full dose).
</trans>
</sense></hom></entry></entry>");
INSERT INTO `wced_head` (entryid, head, normalized_head, type, pos) VALUES (11980, "magnisya", "magnisya", "m", "n");
INSERT INTO `wced_head` (entryid, head, normalized_head, type, pos) VALUES (11980, "magnisya simpli", "magnisya simpli", "s", "");
INSERT INTO `wced_translation` (entryid, translation) VALUES (11980, "milk of magnesia");
INSERT INTO `wced_entry` VALUES (11981, "magnit", "660", "<entry page=""660"" id=""11981""><form id=""magnit"" lang=""ceb"">magnit</form>
<hom role=""n""><pos>n</pos>
<sense n=""1""><number>1</number><trans> <tr>magnet</tr>. </trans>
</sense>
<sense n=""2""><number>2</number><trans> kissing scene (slang—from the notion that the faces come together as if magnetized). </trans>
<eg><i lang=""ceb"">Daghang magnit ánang salidáha,</i><trans> There are plenty of kissing scenes in that movie. </trans></eg>
</sense>
<sense n=""3""><number>3</number> <form id=""syuxgar_magnit"" lang=""ceb"">syúgar <abbr expan=""magnit"" type=""lemma"">—</abbr></form><trans> <tr>sugar magnate</tr>. </trans>
</sense></hom>
<hom role=""v""><pos>v</pos>
<sense n=""0""> <itype>[A; a]</itype><trans> </trans>
</sense>
<sense n=""1""><number>1</number><trans> pick up with a magnet. </trans>
</sense>
<sense n=""2""><number>2</number><trans> <tr>swipe</tr>, <tr>steal</tr>, spirit away. </trans>
<eg><i lang=""ceb"">Kinsay nagmagnit sa ákung bálùn?</i><trans> Who swiped my lunch? </trans></eg>
</sense>
<sense n=""3""><number>3</number> <itype>[C]</itype><trans> kiss one another usually in a show (slang). </trans>
</sense></hom>
<hom role=""a""><pos>a</pos>
<sense n=""0""><trans> won over. </trans>
<eg><i lang=""ceb"">Inigkanta nímu, magnit na silang tanan,</i><trans> When you sing, they’ll all be won over.
</trans></eg>
</sense></hom></entry>");
INSERT INTO `wced_head` (entryid, head, normalized_head, type, pos) VALUES (11981, "magnit", "magnit", "m", "nva");
INSERT INTO `wced_head` (entryid, head, normalized_head, type, pos) VALUES (11981, "syúgar magnit", "syugar magnit", "s", "");
INSERT INTO `wced_translation` (entryid, translation) VALUES (11981, "magnet");
INSERT INTO `wced_translation` (entryid, translation) VALUES (11981, "sugar magnate");
INSERT INTO `wced_translation` (entryid, translation) VALUES (11981, "swipe");
INSERT INTO `wced_translation` (entryid, translation) VALUES (11981, "steal");
INSERT INTO `wced_entry` VALUES (11982, "mag-r-", "660", "<entry page=""660"" id=""11982""><form id=""mag-r-"" lang=""ceb"">mag-r-</form>
<hom role=""n""><pos>n</pos>
<sense n=""0""><trans> prefix added to verbs to form nouns which refer to one who does [verb] on a regular basis. </trans>
<eg><i lang=""ceb"">Magbabantay,</i><trans> Watchman. </trans></eg>
<eg><i lang=""ceb"">Magsusúlat,</i><trans> Writer. </trans></eg>
<eg><i lang=""ceb"">Magpapatigayun,</i><trans> Businessman. </trans></eg>
<eg><i lang=""ceb"">Magyuyutà,</i><trans> Landowner or farmer. </trans></eg>
<eg><i lang=""ceb"">Magbubúhat,</i><trans> The Creator (God) or one who does.
</trans></eg>
</sense></hom></entry>");
INSERT INTO `wced_head` (entryid, head, normalized_head, type, pos) VALUES (11982, "mag-r-", "mag-r-", "m", "n");
INSERT INTO `wced_entry` VALUES (11983, "magsuun", "660", "<entry page=""660"" id=""11983""><form id=""magsuxun"" lang=""ceb"">magsúun</form>
<hom>
<sense n=""0""><trans> <ix>see</ix> <xr lang=""ceb"" target=""#xxsuxun""><sc>*súun</sc></xr>.
</trans>
</sense></hom></entry>");
INSERT INTO `wced_head` (entryid, head, normalized_head, type, pos) VALUES (11983, "magsúun", "magsuun", "m", "");
INSERT INTO `wced_entry` VALUES (11984, "magtalisay", "660", "<entry page=""660"" id=""11984""><form id=""magtalisay"" lang=""ceb"">magtalisay</form>
<hom role=""n""><pos>n</pos>
<sense n=""0""><trans> k.o. tree similar in shape and appearance to the <ix>talísay</ix>, but with smaller leaves and harder wood: <bio>Terminalia sp</bio>.
</trans>
</sense></hom></entry>");
INSERT INTO `wced_head` (entryid, head, normalized_head, type, pos) VALUES (11984, "magtalisay", "magtalisay", "m", "n");
INSERT INTO `wced_entry` VALUES (11985, "magu", "660", "<entry page=""660"" id=""11985""><form id=""maxgu"" lang=""ceb"">mágu</form>
<hom role=""n""><pos>n</pos>
<sense n=""1""><number>1</number><trans> <tr>magi</tr>. </trans>
</sense>
<sense n=""2""><number>2</number><trans> s.o. <tr>outstanding</tr>, <tr>expert</tr>. </trans>
<eg><i lang=""ceb"">Mágu sa kinablit,</i><trans> A wizard at the guitar.
</trans></eg>
</sense></hom></entry>");
INSERT INTO `wced_head` (entryid, head, normalized_head, type, pos) VALUES (11985, "mágu", "magu", "m", "n");
INSERT INTO `wced_translation` (entryid, translation) VALUES (11985, "magi");
INSERT INTO `wced_translation` (entryid, translation) VALUES (11985, "outstanding");
INSERT INTO `wced_translation` (entryid, translation) VALUES (11985, "expert");
INSERT INTO `wced_entry` VALUES (11986, "magu", "660", "<entry page=""660"" id=""11986""><form id=""maxguq"" lang=""ceb"">mágù</form>
<hom role=""n""><pos>n</pos>
<sense n=""0""><trans> <tr>tarsier</tr>.
</trans>
</sense></hom></entry>");
INSERT INTO `wced_head` (entryid, head, normalized_head, type, pos) VALUES (11986, "mágù", "magu", "m", "n");
INSERT INTO `wced_translation` (entryid, translation) VALUES (11986, "tarsier");
INSERT INTO `wced_entry` VALUES (11987, "magus", "660", "<entry page=""660"" id=""11987""><form id=""magus"" lang=""ceb"">magus</form>
<hom>
<sense n=""0""><trans> = <xr lang=""ceb"" target=""#amagus""><sc>amagus</sc></xr>.
</trans>
</sense></hom></entry>");
INSERT INTO `wced_head` (entryid, head, normalized_head, type, pos) VALUES (11987, "magus", "magus", "m", "");
INSERT INTO `wced_entry` VALUES (11988, "maha", "660", "<entry page=""660"" id=""11988""><form id=""maxha"" lang=""ceb"">máha</form>
<hom role=""n""><pos>n</pos>
<sense n=""0""><trans> name given to various puddings and confections. </trans>
</sense></hom>
<entry><form id=""maxha_blangka"" lang=""ceb""><abbr expan=""máha"" type=""lemma"">—</abbr> blangka</form>
<hom>
<sense n=""0""><trans> pudding made of kernels of young corn and coconut milk or just plain milk. </trans>
</sense></hom></entry>
<entry><form id=""maxha_diuxbi"" lang=""ceb""><abbr expan=""máha"" type=""lemma"">—</abbr> diúbi</form>
<hom>
<sense n=""0""><trans> a pudding made of <ix>úbi</ix> and coconut milk. </trans>
</sense></hom></entry>
<entry><form id=""maxha_riyal"" lang=""ceb""><abbr expan=""máha"" type=""lemma"">—</abbr> riyal</form>
<hom>
<sense n=""0""><trans> candy made out of peanuts, milk, and sugar.
</trans>
</sense></hom></entry></entry>");
INSERT INTO `wced_head` (entryid, head, normalized_head, type, pos) VALUES (11988, "máha", "maha", "m", "n");
INSERT INTO `wced_head` (entryid, head, normalized_head, type, pos) VALUES (11988, "máha blangka", "maha blangka", "s", "");
INSERT INTO `wced_head` (entryid, head, normalized_head, type, pos) VALUES (11988, "máha diúbi", "maha diubi", "s", "");
INSERT INTO `wced_head` (entryid, head, normalized_head, type, pos) VALUES (11988, "máha riyal", "maha riyal", "s", "");
INSERT INTO `wced_entry` VALUES (11989, "mahal", "660", "<entry page=""660"" id=""11989""><form id=""mahal"" lang=""ceb"">mahal</form>
<hom role=""a""><pos>a</pos>
<sense n=""1""><number>1</number><trans> <tr>dear</tr>, <tr>expensive</tr>. </trans>
<eg><i lang=""ceb"">Mahal na kaáyu ang bugas karun,</i><trans> Rice is very expensive now. </trans></eg>
<eg><i lang=""ceb"">Magbáyad kag mahal sa ímung gibúhat,</i><trans> You shall pay dearly for what you have done. </trans></eg>
</sense>
<sense n=""2""><number>2</number><trans> <tr>beloved</tr>. </trans>
<eg><i lang=""ceb"">Siya ang ákung mahal (minahal) nga bána,</i><trans> He is my beloved husband. </trans></eg>
</sense>
<sense n=""3""><number>3</number><trans> blessed (address to saints). </trans>
<eg><i lang=""ceb"">Pasalamáti ang Mahal nga Birhin,</i><trans> Give thanks to the Blessed Virgin. </trans></eg>
</sense>
<sense n=""4""><number>4</number> <form id=""mahal_nga_adlaw"" lang=""ceb""><abbr expan=""mahal"" type=""lemma"">—</abbr> nga adlaw</form><trans> the days of the Lenten season. </trans>
</sense>
<sense n=""5""><number>5</number><trans> <ix>in set phrases</ix>: very little, almost without. </trans>
</sense></hom>
<entry><form id=""mahal_ug_pahixyum"" lang=""ceb""><abbr expan=""mahal"" type=""lemma"">—</abbr> ug pahíyum</form>
<hom>
<sense n=""0""><trans> stingy with <pb n=""661""/>the smiles. </trans>
</sense></hom></entry>
<entry><form id=""mahal_ug_tixngug"" lang=""ceb""><abbr expan=""mahal"" type=""lemma"">—</abbr> ug tíngug</form>
<hom>
<sense n=""0""><trans> weak-voiced. </trans>
</sense></hom>
<hom role=""v""><pos>v</pos>
<sense n=""1""><number>1</number> <itype>[B; ab7]</itype><trans> become expensive, go up in price. </trans>
<eg><i lang=""ceb"">Basta Amirkánu mupalit, mahalun giyug baligyà,</i><trans> For an American the price is always jacked up. </trans></eg>
</sense>
<sense n=""2""><number>2</number> <itype>[A; a12]</itype><trans> love. </trans>
<eg><i lang=""ceb"">Ang mga bayáni nagmahal sa ílang yútang natawhan,</i><trans> Heroes love their native land. </trans></eg>
<eg><i lang=""ceb"">Gimahal ku ikaw,</i><trans> I love you. </trans></eg>
</sense></hom></entry>
<entry><form id=""minahal"" lang=""ceb""><abbr expan=""minahal"" type=""lemma"">-in-</abbr></form>
<hom role=""n""><pos>n</pos>
<sense n=""0""><trans> <tr>beloved</tr>, dear one. </trans>
</sense></hom></entry>
<entry><form id=""kamahaxlan"" lang=""ceb""><abbr expan=""kamahálan"" type=""lemma"">ka-an(←)</abbr></form>
<hom role=""n""><pos>n</pos>
<sense n=""0""><trans> majesty (address to royalty). </trans>
<eg><i lang=""ceb"">Matúman ang ímung gihangyù, kamahálan,</i><trans> Your order will be fulfilled, Your Majesty. </trans></eg>
</sense></hom></entry>
<entry><form id=""malahaxlun_mahaxlun"" lang=""ceb""><abbr expan=""malahálun"" type=""lemma"">-l-un(←)</abbr>, <abbr expan=""mahálun"" type=""lemma"">-un(←)</abbr></form>
<hom role=""a""><pos>a</pos>
<sense n=""0""><trans> <tr>precious</tr>. </trans>
</sense></hom></entry>
<entry><form id=""mahalun"" lang=""ceb""><abbr expan=""mahalun"" type=""lemma"">-un</abbr></form>
<hom role=""a""><pos>a</pos>
<sense n=""0""><trans> dear or costly kind. </trans>
</sense></hom></entry>
<entry><form id=""mahinaxlun"" lang=""ceb""><abbr expan=""mahinálun"" type=""lemma"">ma-in-un(←)</abbr></form>
<hom role=""a""><pos>a</pos>
<sense n=""0""><trans> <tr>loving</tr>, <tr>affectionate</tr>.
</trans>
</sense></hom></entry></entry>");
INSERT INTO `wced_head` (entryid, head, normalized_head, type, pos) VALUES (11989, "mahal", "mahal", "m", "a");
INSERT INTO `wced_head` (entryid, head, normalized_head, type, pos) VALUES (11989, "mahal nga adlaw", "mahal nga adlaw", "s", "");
INSERT INTO `wced_head` (entryid, head, normalized_head, type, pos) VALUES (11989, "mahal ug pahíyum", "mahal ug pahiyum", "s", "");
INSERT INTO `wced_head` (entryid, head, normalized_head, type, pos) VALUES (11989, "mahal ug tíngug", "mahal ug tingug", "s", "v");
INSERT INTO `wced_head` (entryid, head, normalized_head, type, pos) VALUES (11989, "minahal", "minahal", "s", "n");
INSERT INTO `wced_head` (entryid, head, normalized_head, type, pos) VALUES (11989, "kamahálan", "kamahalan", "s", "n");
INSERT INTO `wced_head` (entryid, head, normalized_head, type, pos) VALUES (11989, "malahálun", "malahalun", "s", "a");
INSERT INTO `wced_head` (entryid, head, normalized_head, type, pos) VALUES (11989, "mahálun", "mahalun", "s", "a");
INSERT INTO `wced_head` (entryid, head, normalized_head, type, pos) VALUES (11989, "mahalun", "mahalun", "s", "a");
INSERT INTO `wced_head` (entryid, head, normalized_head, type, pos) VALUES (11989, "mahinálun", "mahinalun", "s", "a");
INSERT INTO `wced_translation` (entryid, translation) VALUES (11989, "dear");
INSERT INTO `wced_translation` (entryid, translation) VALUES (11989, "expensive");
INSERT INTO `wced_translation` (entryid, translation) VALUES (11989, "beloved");
INSERT INTO `wced_translation` (entryid, translation) VALUES (11989, "precious");
INSERT INTO `wced_translation` (entryid, translation) VALUES (11989, "loving");
INSERT INTO `wced_translation` (entryid, translation) VALUES (11989, "affectionate");
INSERT INTO `wced_entry` VALUES (11990, "mahan", "661", "<entry page=""661"" id=""11990""><form id=""mahan"" lang=""ceb"">mahan</form>
<hom>
<sense n=""0""><trans> = <xr lang=""ceb"" target=""#man_kahaq""><sc>man kahà</sc></xr> (dialectal). <ix>see</ix> <xr lang=""ceb"" target=""#man""><sc>man</sc></xr>.
</trans>
</sense></hom></entry>");
INSERT INTO `wced_head` (entryid, head, normalized_head, type, pos) VALUES (11990, "mahan", "mahan", "m", "");
INSERT INTO `wced_entry` VALUES (11991, "maharlika", "661", "<entry page=""661"" id=""11991""><form id=""maharlika"" lang=""ceb"">maharlika</form>
<hom role=""n""><pos>n</pos>
<sense n=""0""><trans> the name given to the native nobles in pre-Hispanic times.
</trans>
</sense></hom></entry>");
INSERT INTO `wced_head` (entryid, head, normalized_head, type, pos) VALUES (11991, "maharlika", "maharlika", "m", "n");
INSERT INTO `wced_entry` VALUES (11992, "mahay", "661", "<entry page=""661"" id=""11992""><form id=""maxhay"" lang=""ceb"">máhay</form>
<hom role=""n""><pos>n</pos>
<sense n=""0""><trans> feelings of hurt and <tr>regret</tr> at what s.o. did. </trans>
<eg><i lang=""ceb"">Arun walay máhay apúran ta kamung tanan,</i><trans> So there will be no hurt feelings, I’ll give you each one. </trans></eg>
</sense></hom>
<hom role=""v""><pos>v</pos>
<sense n=""0""> <itype>[A; b3c5]</itype><trans> have feelings of hurt. </trans>
<eg><i lang=""ceb"">Nagmáhay kung napalit ku tung sapatúsa,</i><trans> I’m sorry I bought those shoes. </trans></eg>
<eg><i lang=""ceb"">Ikay ákung gimaháyan sa nahitabù,</i><trans> I blame you for (lit. you are the reason I’m regretting) what happened. </trans></eg>
<eg><i lang=""ceb"">Gikamaháyan ta ka kay wà ka mudúaw nákù,</i><trans> You hurt me because you did not pay me a visit. </trans></eg>
</sense></hom>
<entry><form id=""walay_maxhay"" lang=""ceb"">walay <abbr expan=""máhay"" type=""lemma"">—</abbr></form>
<hom role=""v""><pos>v</pos>
<sense n=""0""> <itype>[A13]</itype><trans> there was nobody that felt bad, said in two situations: when people who attack on s.o. are beaten up instead (i.e., they cannot blame anyone but themselves), and when people who set on s.o. are unsuccessful (i.e., no one felt bad because they were successful).
</trans>
</sense></hom></entry></entry>");
INSERT INTO `wced_head` (entryid, head, normalized_head, type, pos) VALUES (11992, "máhay", "mahay", "m", "nv");
INSERT INTO `wced_head` (entryid, head, normalized_head, type, pos) VALUES (11992, "walay máhay", "walay mahay", "s", "v");
INSERT INTO `wced_translation` (entryid, translation) VALUES (11992, "regret");
INSERT INTO `wced_entry` VALUES (11993, "mahika", "661", "<entry page=""661"" id=""11993""><form id=""mahika"" lang=""ceb"">mahika</form>
<hom role=""n""><pos>n</pos>
<sense n=""0""><trans> <tr>magic</tr>.
</trans>
</sense></hom></entry>");
INSERT INTO `wced_head` (entryid, head, normalized_head, type, pos) VALUES (11993, "mahika", "mahika", "m", "n");
INSERT INTO `wced_translation` (entryid, translation) VALUES (11993, "magic");
INSERT INTO `wced_entry` VALUES (11994, "mahiku", "661", "<entry page=""661"" id=""11994""><form id=""mahiku"" lang=""ceb"">mahiku</form>
<hom role=""n""><pos>n</pos>
<sense n=""0""><trans> word referring to an unknown location when asking or giving a location, usually used in anger. </trans>
<eg><i lang=""ceb"">Lupad ngadtu sa mahiku, animála ka,</i><trans> Get out, I don’t care where, you beast. </trans></eg>
<eg><i lang=""ceb"">Ambut ásang mahikúha tu nákù ikabutang ang pisti nga hunsuy,</i><trans> I don’t know where the heck I left that blinkety-blank pipe.
</trans></eg>
</sense></hom></entry>");
INSERT INTO `wced_head` (entryid, head, normalized_head, type, pos) VALUES (11994, "mahiku", "mahiku", "m", "n");
INSERT INTO `wced_entry` VALUES (11995, "mahistradu", "661", "<entry page=""661"" id=""11995""><form id=""mahistraxdu"" lang=""ceb"">mahistrádu</form>
<hom role=""n""><pos>n</pos>
<sense n=""0""><trans> <tr>judge</tr>. </trans>
</sense></hom>
<hom role=""v""><pos>v</pos>
<sense n=""0""> <itype>[B156; a12]</itype><trans> be made, become a judge.
</trans>
</sense></hom></entry>");
INSERT INTO `wced_head` (entryid, head, normalized_head, type, pos) VALUES (11995, "mahistrádu", "mahistradu", "m", "nv");
INSERT INTO `wced_translation` (entryid, translation) VALUES (11995, "judge");
INSERT INTO `wced_entry` VALUES (11996, "mahugani", "661", "<entry page=""661"" id=""11996""><form id=""mahugani"" lang=""ceb"">mahugani</form>
<hom role=""n""><pos>n</pos>
<sense n=""0""><trans> <tr>mahogany</tr>.
</trans>
</sense></hom></entry>");
INSERT INTO `wced_head` (entryid, head, normalized_head, type, pos) VALUES (11996, "mahugani", "mahugani", "m", "n");
INSERT INTO `wced_translation` (entryid, translation) VALUES (11996, "mahogany");
INSERT INTO `wced_entry` VALUES (11997, "maigang", "661", "<entry page=""661"" id=""11997""><form id=""maigang"" lang=""ceb"">maigang</form>
<hom role=""n""><pos>n</pos>
<sense n=""0""><trans> medium to large tree of the primary forest, with fruit similar in flavor and taste to <ix>lungbuy</ix>: <bio>Eugenia polycephaloides</bio>.
</trans>
</sense></hom></entry>");
INSERT INTO `wced_head` (entryid, head, normalized_head, type, pos) VALUES (11997, "maigang", "maigang", "m", "n");
INSERT INTO `wced_entry` VALUES (11998, "mailuku", "661", "<entry page=""661"" id=""11998""><form id=""mailuxku"" lang=""ceb"">mailúku</form>
<hom>
<sense n=""0""><trans> = <xr lang=""ceb"" target=""#mamiluxku""><sc>mamilúku</sc></xr>.
</trans>
</sense></hom></entry>");
INSERT INTO `wced_head` (entryid, head, normalized_head, type, pos) VALUES (11998, "mailúku", "mailuku", "m", "");
INSERT INTO `wced_entry` VALUES (11999, "ma-in-un(←), ma-in-anun", "661", "<entry page=""661"" id=""11999""><form id=""ma-in-unlx_ma-in-axnun"" lang=""ceb"">ma-in-un(←), ma-in-ánun</form>
<hom>
<sense n=""0""><trans> alternant of <ix>ma-un</ix> used with some bases in place of <ix>ma-un</ix>. </trans>
<eg><i lang=""ceb"">Matinabángun,</i><trans> Helpful. </trans></eg>
<eg><i lang=""ceb"">Masinabtánun,</i><trans> Full of understanding.
</trans></eg>
</sense></hom></entry>");
INSERT INTO `wced_head` (entryid, head, normalized_head, type, pos) VALUES (11999, "ma-in-un(←)", "ma-in-un(←)", "s", "");
INSERT INTO `wced_head` (entryid, head, normalized_head, type, pos) VALUES (11999, "ma-in-ánun", "ma-in-anun", "s", "");
INSERT INTO `wced_entry` VALUES (12000, "mais", "661", "<entry page=""661"" id=""12000""><form id=""mais"" lang=""ceb"">mais</form>
<hom role=""n""><pos>n</pos>
<sense n=""1""><number>1</number><trans> <tr>maize</tr>, the <tr>corn</tr> plant or any part of it. </trans>
</sense>
<sense n=""1a""><number>1a</number> <form id=""bugas_mais"" lang=""ceb"">bugas <abbr expan=""mais"" type=""lemma"">—</abbr></form><trans> <tr>corn grits</tr>. </trans>
<eg><i lang=""ceb"">Mahal na ang prisyu sa bugas mais karun,</i><trans> The price of corn grits has increased. </trans></eg>
</sense></hom>
<hom role=""v""><pos>v</pos>
<sense n=""0""> <itype>[A1]</itype><trans> have corn grits as one’s staple food. </trans>
<eg><i lang=""ceb"">Nagmais lang mi kay barátu man kay sa humay,</i><trans> We had corn grits as our staple food because it is cheaper than rice. </trans></eg>
</sense></hom>
<entry><form id=""maixsan_kamaixsan_maixsal"" lang=""ceb""><abbr expan=""maísan"" type=""lemma"">-an</abbr>, <abbr expan=""kamaísan"" type=""lemma"">ka-an</abbr>, <abbr expan=""maísal"" type=""lemma"">-al</abbr></form>
<hom role=""n""><pos>n</pos>
<sense n=""0""><trans> <tr>cornfield</tr>. </trans>
</sense></hom>
<hom role=""v""><pos>v</pos>
<sense n=""0""> <itype>[A1; a12]</itype><trans> have a cornfield. </trans>
</sense></hom></entry>
<entry><form id=""maismaxis"" lang=""ceb"">maismáis</form>
<hom role=""n""><pos>n</pos>
<sense n=""1""><number>1</number><trans> ornamental plant similar to the corn plant, and growing up to <measure reg=""91 cm"">3′</measure>: <bio>Dracaena sanderiana</bio> and <bio><corr> D. </corr>fragrans</bio>. </trans>
</sense>
<sense n=""2""><number>2</number><trans> folding knife with a handle that is made of sheet metal, molded into the form of an ear of corn. </trans>
</sense>
<sense n=""3""><number>3</number><trans> name given to the largest species of flying fish (<ix>bangsi</ix>). </trans>
</sense></hom></entry>
<entry><form id=""maixsun"" lang=""ceb""><abbr expan=""maísun"" type=""lemma"">-un</abbr></form>
<hom>
<sense n=""0""><trans> = <xr lang=""ceb"" target=""#maismaxis""><sc>maismáis</sc></xr>, <ix>3</ix>.
</trans>
</sense></hom></entry></entry>");
INSERT INTO `wced_head` (entryid, head, normalized_head, type, pos) VALUES (12000, "mais", "mais", "m", "nv");
INSERT INTO `wced_head` (entryid, head, normalized_head, type, pos) VALUES (12000, "bugas mais", "bugas mais", "s", "");
INSERT INTO `wced_head` (entryid, head, normalized_head, type, pos) VALUES (12000, "maísan", "maisan", "s", "nv");
INSERT INTO `wced_head` (entryid, head, normalized_head, type, pos) VALUES (12000, "kamaísan", "kamaisan", "s", "nv");
INSERT INTO `wced_head` (entryid, head, normalized_head, type, pos) VALUES (12000, "maísal", "maisal", "s", "nv");
INSERT INTO `wced_head` (entryid, head, normalized_head, type, pos) VALUES (12000, "maismáis", "maismais", "s", "n");
INSERT INTO `wced_head` (entryid, head, normalized_head, type, pos) VALUES (12000, "maísun", "maisun", "s", "");
INSERT INTO `wced_translation` (entryid, translation) VALUES (12000, "maize");
INSERT INTO `wced_translation` (entryid, translation) VALUES (12000, "corn");
INSERT INTO `wced_translation` (entryid, translation) VALUES (12000, "corn grits");
INSERT INTO `wced_translation` (entryid, translation) VALUES (12000, "cornfield");
INSERT INTO `wced_entry` VALUES (12001, "maistra", "661", "<entry page=""661"" id=""12001""><form id=""maistra"" lang=""ceb"">maistra</form>
<hom role=""n""><pos>n</pos>
<sense n=""1""><number>1</number><trans> <tr>female teacher</tr>. </trans>
</sense>
<sense n=""1a""><number>1a</number><trans> term of address or title for a teacher. </trans>
<eg><i lang=""ceb"">Nía na si Maistra Lúling,</i><trans> Here is Mrs. Loling, the teacher. </trans></eg>
</sense>
<sense n=""2""><number>2</number><trans> education course. </trans>
<eg><i lang=""ceb"">Maistra ang gikúhang kursu ni Pirla,</i><trans> Perla is majoring in Education. </trans></eg>
</sense></hom>
<entry><form id=""maistra"" lang=""ceb""><abbr expan=""maistra"" type=""lemma"">(→)</abbr></form>
<hom>
<sense n=""0""><trans> <ix>voc.</ix> teacher, ma’am. </trans>
</sense></hom>
<hom role=""v""><pos>v</pos>
<sense n=""1""><number>1</number> <itype>[A; b6]</itype><trans> for a woman to teach. </trans>
<eg><i lang=""ceb"">Tunghaan nga gimaistráhan ni Sunya,</i><trans> The school where Sonia is teaching. </trans></eg>
</sense>
<sense n=""2""><number>2</number> <itype>[B156; a1]</itype><trans> be a (female) teacher. </trans>
<eg><i lang=""ceb"">Maistráhun ku ning ákung anak,</i><trans> I’ll make my daughter into a teacher. </trans></eg>
</sense></hom></entry>
<entry><form id=""ubra_maistra"" lang=""ceb"">ubra <abbr expan=""maistra"" type=""lemma"">—</abbr></form>
<hom>
<sense n=""0""><trans> <ix>see</ix> <xr lang=""ceb"" target=""#ubra""><sc>ubra</sc></xr>.
</trans>
</sense></hom></entry></entry>");
INSERT INTO `wced_head` (entryid, head, normalized_head, type, pos) VALUES (12001, "maistra", "maistra", "m", "n");
INSERT INTO `wced_head` (entryid, head, normalized_head, type, pos) VALUES (12001, "ubra maistra", "ubra maistra", "s", "");
INSERT INTO `wced_translation` (entryid, translation) VALUES (12001, "female teacher");
INSERT INTO `wced_entry` VALUES (12002, "maistru", "661", "<entry page=""661"" id=""12002""><form id=""maistru"" lang=""ceb"">maistru</form>
<hom role=""n""><pos>n</pos>
<sense n=""1, 1a""><number>1, 1a</number><trans> = <xr lang=""ceb"" target=""#maistra""><sc>maistra</sc></xr> (male). </trans>
</sense>
<sense n=""2""><number>2</number><trans> education course. </trans>
</sense>
<sense n=""3""><number>3</number><trans> the leader or <tr>instigator</tr> of activity, usually bad. </trans>
<eg><i lang=""ceb"">Ikay maistru sa tanang mga binúang,</i><trans> You are the instigator of all the foolishness. </trans></eg>
</sense>
<sense n=""4""><number>4</number><trans> band or orchestra master. </trans>
<eg><i lang=""ceb"">Pasakalyi, maistru, kay mukanta ku,</i><trans> Introduction, maestro. I shall sing now. </trans></eg>
</sense></hom>
<entry><form id=""maistru_axmu"" lang=""ceb""><abbr expan=""maistru"" type=""lemma"">—</abbr> ámu</form>
<hom>
<sense n=""0""><trans> <tr>boatswain</tr>. </trans>
</sense></hom></entry>
<entry><form id=""maistru_kusinixru"" lang=""ceb""><abbr expan=""maistru"" type=""lemma"">—</abbr> kusiníru</form>
<hom>
<sense n=""0""><trans> <tr>chief cook</tr>. </trans>
</sense></hom>
<hom role=""v""><pos>v</pos>
<sense n=""1""><number>1</number> <itype>[A; a]</itype><trans> <tr>teach</tr>. </trans>
</sense>
<sense n=""2""><number>2</number> <itype>[B6; a1]</itype><trans> be a <tr>teacher</tr>. †
</trans>
</sense></hom></entry></entry>");
INSERT INTO `wced_head` (entryid, head, normalized_head, type, pos) VALUES (12002, "maistru", "maistru", "m", "n");
INSERT INTO `wced_head` (entryid, head, normalized_head, type, pos) VALUES (12002, "maistru ámu", "maistru amu", "s", "");
INSERT INTO `wced_head` (entryid, head, normalized_head, type, pos) VALUES (12002, "maistru kusiníru", "maistru kusiniru", "s", "v");
INSERT INTO `wced_translation` (entryid, translation) VALUES (12002, "instigator");
INSERT INTO `wced_translation` (entryid, translation) VALUES (12002, "boatswain");
INSERT INTO `wced_translation` (entryid, translation) VALUES (12002, "chief cook");
INSERT INTO `wced_translation` (entryid, translation) VALUES (12002, "teach");
INSERT INTO `wced_translation` (entryid, translation) VALUES (12002, "teacher");
INSERT INTO `wced_entry` VALUES (12003, "maka-1", "661", "<entry page=""661"" id=""12003""><form id=""maka-"" lang=""ceb"">maka-<sub>1</sub></form>
<hom>
<sense n=""0""><trans> potential active verb affix, future. (<ix>Past</ix>: <bx>naka-</bx>. <ix>Subjunctive</ix>: <bx>maka-</bx>. <ix>Short form</ix>: <bx>ka-</bx>.) </trans>
<eg><i lang=""ceb"">Dì ku makaalsa (kaalsa) niánà,</i><trans> I cannot lift that. </trans></eg>
<eg><i lang=""ceb"">Nakatilaw (katilaw) na ku niánà,</i><trans> I have tried that. </trans></eg>
<eg><i lang=""ceb"">Wà ku makasakay (kasakay),</i><trans> I couldn’t get a ride. </trans></eg>
</sense>
<sense n=""1""><number>1</number><trans> refers to an action s.o. has the capability of doing. (Only the future form is used in this meaning.) </trans>
<eg><i lang=""ceb"">Makamau na kung mukinatsilà sa nag-idad kug diyis,</i><trans> I knew how to speak Spanish when I was ten years old. </trans></eg>
</sense>
<sense n=""2""><number>2</number><trans> refers to an action which one had the opportunity or managed to do. </trans>
<eg><i lang=""ceb"">Ug makaadtu ku sa inyu human sa paniudtu, muhapit ku,</i><trans> If I get a chance to go to your place after lunch, I’ll drop in. </trans></eg>
<eg><i lang=""ceb"">Wà ku makalakaw kay síging abut ang mga bisíta,</i><trans> I didn’t have a chance to go out because we kept having visitors. </trans></eg>
</sense>
<sense n=""2a""><number>2a</number><trans> <ix>with nouns:</ix> manage to get. </trans>
<eg><i lang=""ceb"">Ug trís ákung mahulbut run, makamadyung ku,</i><trans> If I draw a three, I will get mahjong. </trans></eg>
<eg><i lang=""ceb"">Niíning trabahúa hálus ta makasininà,</i><trans> With this work I can hardly earn enough to buy a shirt. </trans></eg>
</sense>
<sense n=""3""><number>3</number><trans> refers to an accidental or unintentional action. </trans>
<eg><i lang=""ceb"">Diriyut siya makaihì sa dihang gilatigu siya sa íyang <pb n=""662""/>inahan,</i><trans> Her mother whipped her so hard she nearly wet her pants. </trans></eg>
<eg><i lang=""ceb"">Makaingun kag nindut ug makakità ka,</i><trans> Once you see it, you won’t be able to help exclaiming at how beautiful it is.
</trans></eg>
</sense></hom></entry>");
INSERT INTO `wced_head` (entryid, head, normalized_head, type, pos) VALUES (12003, "maka-", "maka-", "s", "");
INSERT INTO `wced_entry` VALUES (12004, "maka-2", "662", "<entry page=""662"" id=""12004""><form id=""maka-2"" lang=""ceb"">maka-<sub>2</sub></form>
<hom>
<sense n=""0""><trans> <ix>short form</ix>: <bx>ka-<sub>4</sub></bx> </trans>
</sense></hom>
<hom role=""n""><pos>n</pos>
<sense n=""0""><trans> affix added to numbers to form words which mean [do so-and-so] many times. </trans>
<eg><i lang=""ceb"">Makapila (kapila) ku na ikaw ingna?</i><trans> How many times did I tell you? </trans></eg>
<eg><i lang=""ceb"">Makaduha na ku malígù didtu,</i><trans> I have gone swimming there twice. </trans></eg>
<eg><i lang=""ceb"">Makadaghan na ku mabiktima,</i><trans> I have been victimized many times.
</trans></eg>
</sense></hom></entry>");
INSERT INTO `wced_head` (entryid, head, normalized_head, type, pos) VALUES (12004, "maka-", "maka-", "s", "n");
INSERT INTO `wced_entry` VALUES (12005, "makahiya", "662", "<entry page=""662"" id=""12005""><form id=""makahiyaq"" lang=""ceb"">makahiyà</form>
<hom>
<sense n=""0""><trans> = <xr lang=""ceb"" target=""#kipiqkipiq""><sc>kipìkipì</sc></xr>. <ix>see</ix> <xr lang=""ceb"" target=""#kipiq""><sc>kipì</sc></xr>.
</trans>
</sense></hom></entry>");
INSERT INTO `wced_head` (entryid, head, normalized_head, type, pos) VALUES (12005, "makahiyà", "makahiya", "m", "");
INSERT INTO `wced_entry` VALUES (12006, "makalibri", "662", "<entry page=""662"" id=""12006""><form id=""makalibri"" lang=""ceb"">makalibri</form>
<hom>
<sense n=""0""><trans> = <xr lang=""ceb"" target=""#kalibri2""><sc>kalibri<sub>2</sub></sc></xr>.
</trans>
</sense></hom></entry>");
INSERT INTO `wced_head` (entryid, head, normalized_head, type, pos) VALUES (12006, "makalibri", "makalibri", "m", "");
INSERT INTO `wced_entry` VALUES (12007, "makan", "662", "<entry page=""662"" id=""12007""><form id=""makan"" lang=""ceb"">makan</form>
<hom role=""n""><pos>n</pos>
<sense n=""1""><number>1</number><trans> <tr>macan</tr>, k.o. large-grained rice of wet fields, highly prized for ordinary eating. </trans>
</sense>
<sense n=""2""><number>2</number><trans> k.o. very fat pig. </trans>
</sense></hom>
<hom role=""a""><pos>a</pos>
<sense n=""0""><trans> <tr>obese</tr>. </trans>
<eg><i lang=""ceb"">Gwapahun untang bayhána apan makan lang,</i><trans> She’s quite beautiful, only she’s fat.
</trans></eg>
</sense></hom></entry>");
INSERT INTO `wced_head` (entryid, head, normalized_head, type, pos) VALUES (12007, "makan", "makan", "m", "na");
INSERT INTO `wced_translation` (entryid, translation) VALUES (12007, "macan");
INSERT INTO `wced_translation` (entryid, translation) VALUES (12007, "obese");
INSERT INTO `wced_entry` VALUES (12008, "makapunu", "662", "<entry page=""662"" id=""12008""><form id=""makapunuq"" lang=""ceb"">makapunù</form>
<hom>
<sense n=""0""><trans> (from <ix>punù</ix>) </trans>
</sense></hom>
<hom role=""n""><pos>n</pos>
<sense n=""0""><trans> variety of coconut which produces ordinary fruit and once in a while fruit which are completely full of soft meat, slightly harder near the shell. The <ix>makapunù</ix> fruit is highly esteemed and is used for sweets.
</trans>
</sense></hom></entry>");
INSERT INTO `wced_head` (entryid, head, normalized_head, type, pos) VALUES (12008, "makapunù", "makapunu", "m", "n");
INSERT INTO `wced_entry` VALUES (12009, "maka-r-", "662", "<entry page=""662"" id=""12009""><form id=""maka-r-"" lang=""ceb"">maka-r-</form>
<hom>
<sense n=""0""><trans> affix added to verbs referring to a state to form adjectives which mean cause s.o. to get into [such-and-such] a state to a great extent. Forms with this affix usually have long penults. </trans>
<eg><i lang=""ceb"">Makasusúbung hitabù,</i><trans> A very saddening event. </trans></eg>
<eg><i lang=""ceb"">Makalulúuy,</i><trans> Inspiring pity. </trans></eg>
<eg><i lang=""ceb"">Makalalagut,</i><trans> Angering.
</trans></eg>
</sense></hom></entry>");
INSERT INTO `wced_head` (entryid, head, normalized_head, type, pos) VALUES (12009, "maka-r-", "maka-r-", "m", "");
INSERT INTO `wced_entry` VALUES (12010, "makaruni", "662", "<entry page=""662"" id=""12010""><form id=""makaruxni"" lang=""ceb"">makarúni</form>
<hom role=""n""><pos>n</pos>
<sense n=""0""><trans> <tr>macaroni</tr>. </trans>
</sense></hom>
<hom role=""v""><pos>v</pos>
<sense n=""0""> <itype>[A13]</itype><trans> cook a macaroni dish.
</trans>
</sense></hom></entry>");
INSERT INTO `wced_head` (entryid, head, normalized_head, type, pos) VALUES (12010, "makarúni", "makaruni", "m", "nv");
INSERT INTO `wced_translation` (entryid, translation) VALUES (12010, "macaroni");
INSERT INTO `wced_entry` VALUES (12011, "makaw", "662", "<entry page=""662"" id=""12011""><form id=""Makaw"" lang=""ceb"">Makaw</form>
<hom role=""n""><pos>n</pos>
<sense n=""1""><number>1</number><trans> Chinaman from Macao. </trans>
</sense>
<sense n=""2""><number>2</number><trans> Chinaman in a restaurant business (so called because many cooks in Chinese restaurants immigrated from Macao). </trans>
</sense></hom>
<entry><form id=""luxtung_Makaw"" lang=""ceb"">lútung <abbr expan=""Makaw"" type=""lemma"">—</abbr></form>
<hom>
<sense n=""0""><trans> <ix>see</ix> <xr lang=""ceb"" target=""#luxtuq""><sc>lútù</sc></xr>.
</trans>
</sense></hom></entry></entry>");
INSERT INTO `wced_head` (entryid, head, normalized_head, type, pos) VALUES (12011, "Makaw", "makaw", "m", "n");
INSERT INTO `wced_head` (entryid, head, normalized_head, type, pos) VALUES (12011, "lútung Makaw", "lutung makaw", "s", "");
INSERT INTO `wced_entry` VALUES (12012, "maki1", "662", "<entry page=""662"" id=""12012""><form id=""maxki"" lang=""ceb"">máki<sub>1</sub></form>
<hom role=""n""><pos>n</pos>
<sense n=""0""><trans> a large, enamel-coated, round, metal platter, <measure reg=""46 cm"">18″</measure> or so in diameter for holding cooked rice or corn.
</trans>
</sense></hom></entry>");
INSERT INTO `wced_head` (entryid, head, normalized_head, type, pos) VALUES (12012, "máki", "maki", "s", "n");
INSERT INTO `wced_entry` VALUES (12013, "maki2", "662", "<entry page=""662"" id=""12013""><form id=""maxki2"" lang=""ceb"">máki<sub>2</sub></form>
<hom role=""n""><pos>n</pos>
<sense n=""0""><trans> a Chinese dish of sliced meats, stewed and thickened with cornstarch.
</trans>
</sense></hom></entry>");
INSERT INTO `wced_head` (entryid, head, normalized_head, type, pos) VALUES (12013, "máki", "maki", "s", "n");
INSERT INTO `wced_entry` VALUES (12014, "makig-(←)", "662", "<entry page=""662"" id=""12014""><form id=""makig-lx"" lang=""ceb"">makig-(←)</form>
<hom>
<sense n=""0""><trans> prefix added to bases with a prefix <ix>pakig-</ix> to indicate future, volitional active forms. <ix>Past</ix>: <bx>nakig-</bx>. <ix>Subjunctive:</ix> <bx>makig-</bx>. No durative or potential forms. (<ix>See</ix> <xr lang=""ceb"" target=""#pakig-""><sc>pakig-</sc></xr> <ix>for meanings</ix>.) <ix>Short forms</ix>: <bx>kig-</bx> and <bx>tig-</bx>. </trans>
<eg><i lang=""ceb"">Makigkáun (kigkáun, tigkáun) siya nákù sa gawas,</i><trans> He wants to take me out to eat. </trans></eg>
<eg><i lang=""ceb"">Nakig-áway siyag dakung táwu,</i><trans> He picked a fight with a large person. </trans></eg>
<eg><i lang=""ceb"">Walà ku makigpustaánay níya,</i><trans> I did not challenge him to bet.
</trans></eg>
</sense></hom></entry>");
INSERT INTO `wced_head` (entryid, head, normalized_head, type, pos) VALUES (12014, "makig-(←)", "makig-(←)", "m", "");
INSERT INTO `wced_entry` VALUES (12015, "makina", "662", "<entry page=""662"" id=""12015""><form id=""makina"" lang=""ceb"">makina</form>
<hom role=""n""><pos>n</pos>
<sense n=""1""><number>1</number><trans> <tr>machine</tr>. </trans>
</sense>
<sense n=""2""><number>2</number><trans> engine. </trans>
<eg><i lang=""ceb"">Dílì na muandar ang makina sa awtu,</i><trans> The automobile engine won’t start. </trans></eg>
</sense>
<sense n=""3""><number>3</number><trans> sewing machine. </trans>
<eg><i lang=""ceb"">Ang makina kinahanglánun kaáyu sa sastri,</i><trans> A sewing machine is a necessity to a dressmaker. </trans></eg>
</sense>
<sense n=""4""><number>4</number> <form id=""makina_sa_bugas"" lang=""ceb""><abbr expan=""makina"" type=""lemma"">—</abbr> sa bugas</form><trans> corn, <tr>rice mill</tr>. </trans>
</sense></hom>
<entry><form id=""makina_dimutur"" lang=""ceb""><abbr expan=""makina"" type=""lemma"">—</abbr> dimutur</form>
<hom role=""n""><pos>n</pos>
<sense n=""0""><trans> motorized machine, engine. </trans>
</sense></hom>
<hom role=""v""><pos>v</pos>
<sense n=""0""> <itype>[a12]</itype><trans> </trans>
</sense>
<sense n=""1""><number>1</number><trans> do by machine. </trans>
<eg><i lang=""ceb"">Ayawg kinamuta nà pagtahì, makinaha nà,</i><trans> Don’t sew it with your hands. Do it by machine. </trans></eg>
</sense>
<sense n=""2""><number>2</number><trans> put an engine s.w.
</trans>
</sense></hom></entry></entry>");
INSERT INTO `wced_head` (entryid, head, normalized_head, type, pos) VALUES (12015, "makina", "makina", "m", "n");
INSERT INTO `wced_head` (entryid, head, normalized_head, type, pos) VALUES (12015, "makina sa bugas", "makina sa bugas", "s", "");
INSERT INTO `wced_head` (entryid, head, normalized_head, type, pos) VALUES (12015, "makina dimutur", "makina dimutur", "s", "nv");
INSERT INTO `wced_translation` (entryid, translation) VALUES (12015, "machine");
INSERT INTO `wced_translation` (entryid, translation) VALUES (12015, "rice mill");
INSERT INTO `wced_entry` VALUES (12016, "makinarya", "662", "<entry page=""662"" id=""12016""><form id=""makinarya"" lang=""ceb"">makinarya</form>
<hom role=""n""><pos>n</pos>
<sense n=""1""><number>1</number><trans> machinery, set of machinery put together for a specific use. </trans>
</sense>
<sense n=""2""><number>2</number><trans> machinery, set of activities or groups organized to accomplish s.t. </trans>
<eg><i lang=""ceb"">Ang makinarya sa Partídu Libiral,</i><trans> The machinery of the Liberal Party.

</trans></eg>
</sense></hom></entry>");
INSERT INTO `wced_head` (entryid, head, normalized_head, type, pos) VALUES (12016, "makinarya", "makinarya", "m", "n");
INSERT INTO `wced_entry` VALUES (12017, "makinilya", "662", "<entry page=""662"" id=""12017""><form id=""makinilya"" lang=""ceb"">makinilya</form>
<hom role=""n""><pos>n</pos>
<sense n=""1""><number>1</number><trans> typewriter. </trans>
</sense>
<sense n=""2""><number>2</number><trans> clipper to trim hair. </trans>
</sense>
<sense n=""3""><number>3</number><trans> windlass. </trans>
</sense></hom>
<hom role=""v""><pos>v</pos>
<sense n=""1""><number>1</number> <itype>[A; a2]</itype><trans> type. </trans>
<eg><i lang=""ceb"">Makinilyáhun giyud basta sulat nga aplikisiyun,</i><trans> Letters of application should be typed. </trans></eg>
</sense>
<sense n=""1a""><number>1a</number> <itype>[A; a12]</itype><trans> hit with a number of rapid blows, as if punching a typewriter. </trans>
<eg><i lang=""ceb"">Gimakinilya nákù siyag dyab,</i><trans> I hit him with a rapid-fire succession of jabs. </trans></eg>
</sense>
<sense n=""2""><number>2</number><trans> cut hair with a clipper. </trans>
</sense></hom>
<entry><form id=""makinilyaxdu_minakinilya"" lang=""ceb""><abbr expan=""makinilyádu"" type=""lemma"">-ádu</abbr>, <abbr expan=""minakinilya"" type=""lemma"">-in-</abbr></form>
<hom role=""a""><pos>a</pos>
<sense n=""0""><trans> typewritten.†
</trans>
</sense></hom></entry></entry>");
INSERT INTO `wced_head` (entryid, head, normalized_head, type, pos) VALUES (12017, "makinilya", "makinilya", "m", "nv");
INSERT INTO `wced_head` (entryid, head, normalized_head, type, pos) VALUES (12017, "makinilyádu", "makinilyadu", "s", "a");
INSERT INTO `wced_head` (entryid, head, normalized_head, type, pos) VALUES (12017, "minakinilya", "minakinilya", "s", "a");
INSERT INTO `wced_entry` VALUES (12018, "makinista", "662", "<entry page=""662"" id=""12018""><form id=""makinista"" lang=""ceb"">makinista</form>
<hom role=""n""><pos>n</pos>
<sense n=""0""><trans> engine man, machine operator. </trans>
</sense></hom>
<hom role=""v""><pos>v</pos>
<sense n=""0""> <itype>[B16; a2]</itype><trans> become an engine man.
</trans>
</sense></hom></entry>");
INSERT INTO `wced_head` (entryid, head, normalized_head, type, pos) VALUES (12018, "makinista", "makinista", "m", "nv");
INSERT INTO `wced_entry` VALUES (12019, "makinita", "662", "<entry page=""662"" id=""12019""><form id=""makinixta"" lang=""ceb"">makiníta</form>
<hom role=""n""><pos>n</pos>
<sense n=""1""><number>1</number><trans> process of embroidery done by pricking the needle over the design on the top side of the cloth until the whole design is completed, after which the design on the bottom side is trimmed. The top becomes the right side. </trans>
</sense>
<sense n=""2""><number>2</number><trans> needle for this sort of embroidery. </trans>
</sense></hom>
<hom role=""v""><pos>v</pos>
<sense n=""0""> <itype>[A; a2]</itype><trans> embroider in this method.
</trans>
</sense></hom></entry>");
INSERT INTO `wced_head` (entryid, head, normalized_head, type, pos) VALUES (12019, "makiníta", "makinita", "m", "nv");
INSERT INTO `wced_entry` VALUES (12020, "makmak", "662", "<entry page=""662"" id=""12020""><form id=""makmak"" lang=""ceb"">makmak</form>
<hom role=""v""><pos>v</pos>
<sense n=""1""><number>1</number> <itype>[A; a1]</itype><trans> pound s.t. hard with s.t. </trans>
<eg><i lang=""ceb"">Makmáka ang puthaw samtang ínit pa,</i><trans> Pound the iron while it is hot. </trans></eg>
</sense>
<sense n=""2""><number>2</number> <itype>[A; ab2]</itype><trans> beat severely, pound. </trans>
</sense>
<sense n=""2a""><number>2a</number> <form id=""makmak_ug_kasaxbaq_makmak_ug_sulti"" lang=""ceb""><abbr expan=""makmak"" type=""lemma"">—</abbr> ug kasábà, <abbr expan=""makmak ug sulti"" type=""lemma"">sulti</abbr></form><trans> <itype>[A; a12]</itype> scold severely, lambast. </trans>
<eg><i lang=""ceb"">Dì ka ángay mumakmak níyag kasábà kay dì ka ginikánan,</i><trans> You have no right to scold him severely because you are not his father.
</trans></eg>
</sense></hom></entry>");
INSERT INTO `wced_head` (entryid, head, normalized_head, type, pos) VALUES (12020, "makmak", "makmak", "m", "v");
INSERT INTO `wced_head` (entryid, head, normalized_head, type, pos) VALUES (12020, "makmak ug kasábà", "makmak ug kasaba", "s", "");
INSERT INTO `wced_head` (entryid, head, normalized_head, type, pos) VALUES (12020, "makmak ug sulti", "makmak ug sulti", "s", "");
INSERT INTO `wced_entry` VALUES (12021, "makra", "662", "<entry page=""662"" id=""12021""><form id=""makra"" lang=""ceb"">makra</form>
<hom>
<sense n=""0""><trans> = <xr lang=""ceb"" target=""#marka""><sc>marka</sc></xr>.
</trans>
</sense></hom></entry>");
INSERT INTO `wced_head` (entryid, head, normalized_head, type, pos) VALUES (12021, "makra", "makra", "m", "");
INSERT INTO `wced_entry` VALUES (12022, "maksut", "662", "<entry page=""662"" id=""12022""><form id=""maksut"" lang=""ceb"">maksut</form>
<hom>
<sense n=""0""><trans> = <xr lang=""ceb"" target=""#laksut""><sc>laksut</sc></xr>.
</trans>
</sense></hom></entry>");
INSERT INTO `wced_head` (entryid, head, normalized_head, type, pos) VALUES (12022, "maksut", "maksut", "m", "");
INSERT INTO `wced_entry` VALUES (12023, "maku", "662", "<entry page=""662"" id=""12023""><form id=""maxkuq"" lang=""ceb"">mákù</form>
<hom>
<sense n=""0""><trans> = <xr lang=""ceb"" target=""#dakuq""><sc>dakù</sc></xr> (dialectal). </trans>
</sense></hom>
<entry><form id=""maxkuq_dyamuq"" lang=""ceb""><abbr expan=""mákù"" type=""lemma"">—</abbr> dyamù</form>
<hom>
<sense n=""0""><trans> very big. </trans>
<eg><i lang=""ceb"">Mákù dyamù ang ílang báy,</i><trans> They have a huge house.
</trans></eg>
</sense></hom></entry></entry>");
INSERT INTO `wced_head` (entryid, head, normalized_head, type, pos) VALUES (12023, "mákù", "maku", "m", "");
INSERT INTO `wced_head` (entryid, head, normalized_head, type, pos) VALUES (12023, "mákù dyamù", "maku dyamu", "s", "");
INSERT INTO `wced_entry` VALUES (12024, "makupa", "662", "<entry page=""662"" id=""12024""><form id=""makuxpa"" lang=""ceb"">makúpa</form>
<hom role=""n""><pos>n</pos>
<sense n=""0""><trans> k.o. small tree cultivated for its red, top-shaped fruits, with white, spongy meat and a mild flavor, a large meaty variety of the <bio>Syzygium samarangense</bio>. The same genus as <ix>tambis,</ix> but much firmer of flesh.
</trans>
</sense></hom></entry>");
INSERT INTO `wced_head` (entryid, head, normalized_head, type, pos) VALUES (12024, "makúpa", "makupa", "m", "n");
INSERT INTO `wced_entry` VALUES (12025, "mal", "662", "<entry page=""662"" id=""12025""><form id=""mal"" lang=""ceb"">mal</form>
<hom role=""n""><pos>n</pos>
<sense n=""1""><number>1</number><trans> in billiards, a false shot causing one to lose his turn. </trans>
</sense>
<sense n=""2""><number>2</number><trans> unlucky number. </trans>
<eg><i lang=""ceb"">Daghang mahadluk sa numiru trísi kay mal kunu,</i><trans> Lots of people are afraid of thirteen because it is said to be an unlucky number. </trans></eg>
</sense></hom>
<hom role=""v""><pos>v</pos>
<sense n=""0""> <itype>[B126]</itype><trans> make a bad shot. </trans>
<eg><i lang=""ceb"">Mamal kag láin ang maigù sa bulamánu,</i><trans> You lose your turn if you hit <pb n=""663""/>the wrong ball. </trans></eg>
</sense></hom>
<entry><form id=""mal_numiru"" lang=""ceb""><abbr expan=""mal"" type=""lemma"">—</abbr> numiru</form>
<hom>
<sense n=""0""><trans> = <xr lang=""ceb"" target=""#mal""><sc>mal</sc></xr>, <i lang=""ceb"">n2.</i> </trans>
</sense></hom></entry>
<entry><form id=""mal_tiraxda"" lang=""ceb""><abbr expan=""mal"" type=""lemma"">—</abbr> tiráda</form>
<hom role=""n""><pos>n</pos>
<sense n=""0""><trans> in billiards, a shot that is not well executed. </trans>
<eg><i lang=""ceb"">Mal tiráda tung ímu kay layù ra kaáyu sa lungag ang ímung gitiráhan,</i><trans> That was a bad shot. The target ball was a mile from the pocket.
</trans></eg>
</sense></hom></entry></entry>");
INSERT INTO `wced_head` (entryid, head, normalized_head, type, pos) VALUES (12025, "mal", "mal", "m", "nv");
INSERT INTO `wced_head` (entryid, head, normalized_head, type, pos) VALUES (12025, "mal numiru", "mal numiru", "s", "");
INSERT INTO `wced_head` (entryid, head, normalized_head, type, pos) VALUES (12025, "mal tiráda", "mal tirada", "s", "n");
INSERT INTO `wced_entry` VALUES (12026, "mala", "663", "<entry page=""663"" id=""12026""><form id=""mala"" lang=""ceb"">mala</form>
<hom role=""a""><pos>a</pos>
<sense n=""1""><number>1</number><trans> <tr>dry</tr>, not wet. </trans>
<eg><i lang=""ceb"">Mala na ang mga hinayhay,</i><trans> The clothes that were hung up are dry now. </trans></eg>
</sense>
<sense n=""2""><number>2</number><trans> not displaying lively attention, <tr>disinterested</tr>. </trans>
<eg><i lang=""ceb"">Tingálig dì siya muapil kay mala siya ug tinubagan,</i><trans> He probably won’t participate because he gave a disinterested answer. </trans></eg>
</sense></hom>
<hom role=""v""><pos>v</pos>
<sense n=""1""><number>1</number> <itype>[APB; a2]</itype><trans> <tr>dry up</tr>, become <tr>dried</tr>. </trans>
<eg><i lang=""ceb"">Mimala ang mga sapà,</i><trans> The rivers dried up. </trans></eg>
<eg><i lang=""ceb"">Ang kaínit sa adlaw mauy mumala (mupamala) sa mga basakan,</i><trans> The heat of the sun will dry the rice fields up. </trans></eg>
<eg><i lang=""ceb"">Nag-úsik lang sa panahun ang nagmala (nagpamala) íning salúga,</i><trans> Whoever dried this floor off was just wasting his time. </trans></eg>
<eg><i lang=""ceb"">Tiil nga makamalag (makapamalag) basakan,</i><trans> Big feet (lit. that can dry up a rice paddy). </trans></eg>
<eg><i lang=""ceb"">Namad-an ug singut ang íyang bukubuku,</i><trans> The sweat on his back has dried up. </trans></eg>
</sense>
<sense n=""2""><number>2</number> <itype>[A13]</itype><trans> be <tr>uninteresting</tr>, <tr>boring</tr>. </trans>
<eg><i lang=""ceb"">Wà ku mutiwas sa sini kay nagmala lang,</i><trans> I did not see the movie to the end because it was boring. </trans></eg>
</sense>
<sense n=""2a""><number>2a</number> <itype>[b4]</itype><trans> <form id=""mala_sa_duguq"" lang=""ceb""><abbr expan=""mala"" type=""lemma"">—</abbr> sa dugù</form> become <tr>pale</tr>. </trans>
<eg><i lang=""ceb"">Pagpangutána sa pulis, gimad-an sa dugù ang nawung sa dalága,</i><trans> The lady’s face became pale when the policeman questioned her. </trans></eg>
</sense></hom>
<entry><form id=""mamala"" lang=""ceb""><abbr expan=""mamala"" type=""lemma"">ma-</abbr></form>
<hom role=""n""><pos>n</pos>
<sense n=""0""><trans> <tr>land</tr>. </trans>
<eg><i lang=""ceb"">Ang ubang bakì nagpuyù sa túbig, ug ang uban sa mamala,</i><trans> Some frogs live in water and some on land. </trans></eg>
</sense></hom></entry>
<entry><form id=""tilapya_sa_mamala"" lang=""ceb"">tilapya sa <abbr expan=""mamala"" type=""lemma"">ma-</abbr></form>
<hom role=""n""><pos>n</pos>
<sense n=""0""><trans> <tr>prostitute</tr> (humorous). </trans>
</sense></hom></entry>
<entry><form id=""kamadmalaan"" lang=""ceb""><abbr expan=""kamadmalaan"" type=""lemma"">kamad-an</abbr></form>
<hom role=""n""><pos>n</pos>
<sense n=""0""><trans> upland rice field.
</trans>
</sense></hom></entry></entry>");
INSERT INTO `wced_head` (entryid, head, normalized_head, type, pos) VALUES (12026, "mala", "mala", "m", "av");
INSERT INTO `wced_head` (entryid, head, normalized_head, type, pos) VALUES (12026, "mala sa dugù", "mala sa dugu", "s", "");
INSERT INTO `wced_head` (entryid, head, normalized_head, type, pos) VALUES (12026, "mamala", "mamala", "s", "n");
INSERT INTO `wced_head` (entryid, head, normalized_head, type, pos) VALUES (12026, "tilapya sa mamala", "tilapya sa mamala", "s", "n");
INSERT INTO `wced_head` (entryid, head, normalized_head, type, pos) VALUES (12026, "kamadmalaan", "kamadmalaan", "s", "n");
INSERT INTO `wced_translation` (entryid, translation) VALUES (12026, "dry");
INSERT INTO `wced_translation` (entryid, translation) VALUES (12026, "disinterested");
INSERT INTO `wced_translation` (entryid, translation) VALUES (12026, "dry up");
INSERT INTO `wced_translation` (entryid, translation) VALUES (12026, "dried");
INSERT INTO `wced_translation` (entryid, translation) VALUES (12026, "uninteresting");
INSERT INTO `wced_translation` (entryid, translation) VALUES (12026, "boring");
INSERT INTO `wced_translation` (entryid, translation) VALUES (12026, "pale");
INSERT INTO `wced_translation` (entryid, translation) VALUES (12026, "land");
INSERT INTO `wced_translation` (entryid, translation) VALUES (12026, "prostitute");
INSERT INTO `wced_entry` VALUES (12027, "malabagakay", "663", "<entry page=""663"" id=""12027""><form id=""malabagaxkay"" lang=""ceb"">malabagákay</form>
<hom role=""n""><pos>n</pos>
<sense n=""0""><trans> k.o. rattan used in house building.
</trans>
</sense></hom></entry>");
INSERT INTO `wced_head` (entryid, head, normalized_head, type, pos) VALUES (12027, "malabagákay", "malabagakay", "m", "n");
INSERT INTO `wced_entry` VALUES (12028, "malabanu", "663", "<entry page=""663"" id=""12028""><form id=""malabanu"" lang=""ceb"">malabanu</form>
<hom>
<sense n=""0""><trans> = <xr lang=""ceb"" target=""#gwayabanu""><sc>gwayabanu</sc></xr>.
</trans>
</sense></hom></entry>");
INSERT INTO `wced_head` (entryid, head, normalized_head, type, pos) VALUES (12028, "malabanu", "malabanu", "m", "");
INSERT INTO `wced_entry` VALUES (12029, "malabutang", "663", "<entry page=""663"" id=""12029""><form id=""malabutang"" lang=""ceb"">malabutang</form>
<hom role=""n""><pos>n</pos>
<sense n=""0""><trans> k.o. rattan used in construction.
</trans>
</sense></hom></entry>");
INSERT INTO `wced_head` (entryid, head, normalized_head, type, pos) VALUES (12029, "malabutang", "malabutang", "m", "n");
INSERT INTO `wced_entry` VALUES (12030, "malagaya", "663", "<entry page=""663"" id=""12030""><form id=""malagaya"" lang=""ceb"">malagaya</form>
<hom role=""n""><pos>n</pos>
<sense n=""0""><trans> k.o. white-husked rice with very small, roundish, white grains, used in preparation of medicinal rice cakes or mixed with medicinal plants in poultices.
</trans>
</sense></hom></entry>");
INSERT INTO `wced_head` (entryid, head, normalized_head, type, pos) VALUES (12030, "malagaya", "malagaya", "m", "n");
INSERT INTO `wced_entry` VALUES (12031, "malakanyan, malakanyang", "663", "<entry page=""663"" id=""12031""><form id=""Malakanyan_Malakanyang"" lang=""ceb"">Malakanyan, Malakanyang</form>
<hom role=""n""><pos>n</pos>
<sense n=""0""><trans> Malacañang, the Philippine Presidential Palace.
</trans>
</sense></hom></entry>");
INSERT INTO `wced_head` (entryid, head, normalized_head, type, pos) VALUES (12031, "Malakanyan", "malakanyan", "s", "n");
INSERT INTO `wced_head` (entryid, head, normalized_head, type, pos) VALUES (12031, "Malakanyang", "malakanyang", "s", "n");
INSERT INTO `wced_entry` VALUES (12032, "mal-am", "663", "<entry page=""663"" id=""12032""><form id=""mal-am"" lang=""ceb"">mal-am</form>
<hom role=""a""><pos>a</pos>
<sense n=""1""><number>1</number><trans> <tr>old</tr> in age. </trans>
</sense>
<sense n=""2""><number>2</number><trans> <tr>grown up</tr>, but not doing things befitting one’s age (derogatory). </trans>
<eg><i lang=""ceb"">Mal-am na, lubut gihápuy ilingkud,</i><trans> He is already grown but he hasn’t got anything upstairs (lit. all he does with his buttocks is sit on them—a readily understood circumlocution which avoids stating outright a hurtful truth).
</trans></eg>
</sense></hom></entry>");
INSERT INTO `wced_head` (entryid, head, normalized_head, type, pos) VALUES (12032, "mal-am", "mal-am", "m", "a");
INSERT INTO `wced_translation` (entryid, translation) VALUES (12032, "old");
INSERT INTO `wced_translation` (entryid, translation) VALUES (12032, "grown up");
INSERT INTO `wced_entry` VALUES (12033, "malangsi", "663", "<entry page=""663"" id=""12033""><form id=""malangsi"" lang=""ceb"">malangsi</form>
<hom role=""n""><pos>n</pos>
<sense n=""0""><trans> k.o. <tr>sardine</tr> or small herring, growing to <measure reg=""10 cm"">4″</measure> long and <measure reg=""2.6 cm"">1″</measure> wide.
</trans>
</sense></hom></entry>");
INSERT INTO `wced_head` (entryid, head, normalized_head, type, pos) VALUES (12033, "malangsi", "malangsi", "m", "n");
INSERT INTO `wced_translation` (entryid, translation) VALUES (12033, "sardine");
INSERT INTO `wced_entry` VALUES (12034, "malapati", "663", "<entry page=""663"" id=""12034""><form id=""malapati"" lang=""ceb"">malapati</form>
<hom role=""n""><pos>n</pos>
<sense n=""0""><trans> k.o. <tr>fish</tr>.
</trans>
</sense></hom></entry>");
INSERT INTO `wced_head` (entryid, head, normalized_head, type, pos) VALUES (12034, "malapati", "malapati", "m", "n");
INSERT INTO `wced_translation` (entryid, translation) VALUES (12034, "fish");
INSERT INTO `wced_entry` VALUES (12035, "malapi", "663", "<entry page=""663"" id=""12035""><form id=""malapi"" lang=""ceb"">malapi</form>
<hom>
<sense n=""0""><trans> (not without <ix>l</ix>) </trans>
</sense></hom>
<entry><form id=""kumpradur_di-"" lang=""ceb"">kumpradur di-</form>
<hom role=""n""><pos>n</pos>
<sense n=""0""><trans> one who buys goods which he knows the seller has no right to dispose of. </trans>
</sense></hom>
<hom role=""v""><pos>v</pos>
<sense n=""0""> <itype>[B1256]</itype><trans> be a buyer of stolen goods. </trans>
<eg><i lang=""ceb"">Makumpradur dimalapi giyud ka kun makapalit ka niánang kináwat,</i><trans> You’ll be a buyer of stolen goods if you buy that stolen article.
</trans></eg>
</sense></hom></entry></entry>");
INSERT INTO `wced_head` (entryid, head, normalized_head, type, pos) VALUES (12035, "malapi", "malapi", "m", "");
INSERT INTO `wced_head` (entryid, head, normalized_head, type, pos) VALUES (12035, "kumpradur di-", "kumpradur di-", "s", "nv");
INSERT INTO `wced_entry` VALUES (12036, "malapunti", "663", "<entry page=""663"" id=""12036""><form id=""malapunti"" lang=""ceb"">malapunti</form>
<hom role=""n""><pos>n</pos>
<sense n=""0""><trans> k.o. red deep-sea fish with big reddish scales, <measure reg=""61 cm"">2′</measure> by <measure reg=""15 cm"">6″</measure>, similar to a snapper, but with a filament projecting from the tip of the tail.
</trans>
</sense></hom></entry>");
INSERT INTO `wced_head` (entryid, head, normalized_head, type, pos) VALUES (12036, "malapunti", "malapunti", "m", "n");
INSERT INTO `wced_entry` VALUES (12037, "malarya", "663", "<entry page=""663"" id=""12037""><form id=""malarya"" lang=""ceb"">malarya</form>
<hom role=""n""><pos>n</pos>
<sense n=""0""><trans> <tr>malaria</tr>. </trans>
</sense></hom>
<hom role=""v""><pos>v</pos>
<sense n=""0""> <itype>[A123P; a4]</itype><trans> get, cause to get malaria. </trans>
<eg><i lang=""ceb"">Way lamuk nga makamalarya (makapamalarya) dinhi,</i><trans> There are no mosquitoes here that cause malaria. </trans></eg>
<eg><i lang=""ceb"">Tambáli ang gimalarya,</i><trans> Give medicine to the man with malaria. </trans></eg>
</sense></hom>
<entry><form id=""malaryahun"" lang=""ceb"">malaryahun</form>
<hom role=""a""><pos>a</pos>
<sense n=""0""><trans> having malaria.
</trans>
</sense></hom></entry></entry>");
INSERT INTO `wced_head` (entryid, head, normalized_head, type, pos) VALUES (12037, "malarya", "malarya", "m", "nv");
INSERT INTO `wced_head` (entryid, head, normalized_head, type, pos) VALUES (12037, "malaryahun", "malaryahun", "s", "a");
INSERT INTO `wced_translation` (entryid, translation) VALUES (12037, "malaria");
INSERT INTO `wced_entry` VALUES (12038, "malas", "663", "<entry page=""663"" id=""12038""><form id=""maxlas"" lang=""ceb"">málas</form>
<hom>
<sense n=""0""><trans> <ix>see</ix> <xr lang=""ceb"" target=""#dimaxlas""><sc>dimálas</sc></xr>.
</trans>
</sense></hom></entry>");
INSERT INTO `wced_head` (entryid, head, normalized_head, type, pos) VALUES (12038, "málas", "malas", "m", "");
INSERT INTO `wced_entry` VALUES (12039, "malasadu, malasawu", "663", "<entry page=""663"" id=""12039""><form id=""malasaxdu_malasaxwu"" lang=""ceb"">malasádu, malasáwu</form>
<hom role=""a""><pos>a</pos>
<sense n=""0""><trans> soft-boiled, half-cooked. </trans>
<eg><i lang=""ceb"">Malasádung itlug,</i><trans> Soft-boiled eggs. </trans></eg>
<eg><i lang=""ceb"">Ang atay malasádu nga pagkalútù,</i><trans> The liver was cooked rare. </trans></eg>
</sense></hom>
<hom role=""v""><pos>v</pos>
<sense n=""0""> <itype>[A1B26; a2]</itype><trans> come out soft, rare, cause to do so.
</trans>
</sense></hom></entry>");
INSERT INTO `wced_head` (entryid, head, normalized_head, type, pos) VALUES (12039, "malasádu", "malasadu", "s", "av");
INSERT INTO `wced_head` (entryid, head, normalized_head, type, pos) VALUES (12039, "malasáwu", "malasawu", "s", "av");
INSERT INTO `wced_entry` VALUES (12040, "malasugi, malasugi", "663", "<entry page=""663"" id=""12040""><form id=""malasugi_malasuxgi"" lang=""ceb"">malasugi, malasúgi</form>
<hom role=""n""><pos>n</pos>
<sense n=""0""><trans> swordfish or sailfish: <bio>Xiphias gladius</bio>, et al.
</trans>
</sense></hom></entry>");
INSERT INTO `wced_head` (entryid, head, normalized_head, type, pos) VALUES (12040, "malasugi", "malasugi", "s", "n");
INSERT INTO `wced_head` (entryid, head, normalized_head, type, pos) VALUES (12040, "malasúgi", "malasugi", "s", "n");
INSERT INTO `wced_entry` VALUES (12041, "malatalu", "663", "<entry page=""663"" id=""12041""><form id=""malataxlu"" lang=""ceb"">malatálu</form>
<hom role=""a""><pos>a</pos>
<sense n=""0""><trans> bananas that are almost full-grown (but still far from ripe). </trans>
<eg><i lang=""ceb"">Basta tinggutum tub-un na ang ságing bísag malatálu pa kaáyu,</i><trans> In times of famine they cut down the bananas even before they mature. </trans></eg>
</sense></hom>
<hom role=""v""><pos>v</pos>
<sense n=""0""> <itype>[B3; b6]</itype><trans> for bananas to reach this stage.
</trans>
</sense></hom></entry>");
INSERT INTO `wced_head` (entryid, head, normalized_head, type, pos) VALUES (12041, "malatálu", "malatalu", "m", "av");
INSERT INTO `wced_entry` VALUES (12042, "malatinduk", "663", "<entry page=""663"" id=""12042""><form id=""malatinduk"" lang=""ceb"">malatinduk</form>
<hom role=""n""><pos>n</pos>
<sense n=""0""><trans> mackerel scad, k.o. carangoid fish, but long and fleshy like a <ix>tinduk</ix> banana.
</trans>
</sense></hom></entry>");
INSERT INTO `wced_head` (entryid, head, normalized_head, type, pos) VALUES (12042, "malatinduk", "malatinduk", "m", "n");
INSERT INTO `wced_entry` VALUES (12043, "*malay", "663", "<entry page=""663"" id=""12043""><form id=""xxmaxlay"" lang=""ceb"">*málay</form>
<entry><form id=""walay_maxlay"" lang=""ceb"">walay <abbr expan=""málay"" type=""lemma"">—</abbr></form>
<hom>
<sense n=""0""><trans> innocently unaware, unknowing (slang). </trans>
<eg><i lang=""ceb"">Way málay ang asáwa nga may kabit ang íyang bána,</i><trans> The wife was unaware that her husband had a mistress. </trans></eg>
<eg><i lang=""ceb"">Wà silay málay nga gipitluk nag ílang manuk,</i><trans> They were unaware that their chicken had been stolen.
</trans></eg>
</sense></hom></entry></entry>");
INSERT INTO `wced_head` (entryid, head, normalized_head, type, pos) VALUES (12043, "málay", "malay", "s", "");
INSERT INTO `wced_head` (entryid, head, normalized_head, type, pos) VALUES (12043, "walay málay", "walay malay", "s", "");
INSERT INTO `wced_entry` VALUES (12044, "malayang", "663", "<entry page=""663"" id=""12044""><form id=""malaxyang"" lang=""ceb"">maláyang</form>
<hom role=""n""><pos>n</pos>
<sense n=""0""><trans> k.o. fine, white rice introduced by the PACD.
</trans>
</sense></hom></entry>");
INSERT INTO `wced_head` (entryid, head, normalized_head, type, pos) VALUES (12044, "maláyang", "malayang", "m", "n");
INSERT INTO `wced_entry` VALUES (12045, "malaypalay", "663", "<entry page=""663"" id=""12045""><form id=""malaypaxlay"" lang=""ceb"">malaypálay</form>
<hom role=""n""><pos>n</pos>
<sense n=""0""><trans> poisonous part of the viscera and skin of a pufferfish, which is removed before eating.
</trans>
</sense></hom></entry>");
INSERT INTO `wced_head` (entryid, head, normalized_head, type, pos) VALUES (12045, "malaypálay", "malaypalay", "m", "n");
INSERT INTO `wced_entry` VALUES (12046, "malayu", "663", "<entry page=""663"" id=""12046""><form id=""Malaxyu"" lang=""ceb"">Maláyu</form>
<hom role=""n""><pos>n</pos>
<sense n=""0""><trans> <tr>Malay</tr> in race. </trans>
</sense></hom>
<hom role=""a""><pos>a</pos>
<sense n=""0""><trans> tending to have the features of the Malayan race.
</trans>
</sense></hom></entry>");
INSERT INTO `wced_head` (entryid, head, normalized_head, type, pos) VALUES (12046, "Maláyu", "malayu", "m", "na");
INSERT INTO `wced_translation` (entryid, translation) VALUES (12046, "Malay");
INSERT INTO `wced_entry` VALUES (12047, "malbas", "663", "<entry page=""663"" id=""12047""><form id=""malbas"" lang=""ceb"">malbas</form>
<hom>
<sense n=""0""><trans> = <xr lang=""ceb"" target=""#marbas""><sc>marbas</sc></xr>.
</trans>
</sense></hom></entry>");
INSERT INTO `wced_head` (entryid, head, normalized_head, type, pos) VALUES (12047, "malbas", "malbas", "m", "");
INSERT INTO `wced_entry` VALUES (12048, "maldisiyun", "663", "<entry page=""663"" id=""12048""><form id=""maldisiyun"" lang=""ceb"">maldisiyun</form>
<hom role=""n""><pos>n</pos>
<sense n=""0""><trans> malediction, a curse. </trans>
</sense></hom>
<hom role=""v""><pos>v</pos>
<sense n=""0""> <itype>[A; b2c1]</itype><trans> curse. </trans>
<eg><i lang=""ceb"">Imaldisiyun (maldisiyunun) siya sa párì,</i><trans> The priest will pronounce a malediction on him.
</trans></eg>
</sense></hom></entry>");
INSERT INTO `wced_head` (entryid, head, normalized_head, type, pos) VALUES (12048, "maldisiyun", "maldisiyun", "m", "nv");
INSERT INTO `wced_entry` VALUES (12049, "maldita", "663", "<entry page=""663"" id=""12049""><form id=""maldixta"" lang=""ceb"">maldíta</form>
<hom>
<sense n=""0""><trans> = <xr lang=""ceb"" target=""#maldixtu""><sc>maldítu</sc></xr> (female).
</trans>
</sense></hom></entry>");
INSERT INTO `wced_head` (entryid, head, normalized_head, type, pos) VALUES (12049, "maldíta", "maldita", "m", "");
INSERT INTO `wced_entry` VALUES (12050, "malditu", "663", "<entry page=""663"" id=""12050""><form id=""maldixtu"" lang=""ceb"">maldítu</form>
<hom role=""a""><pos>a</pos>
<sense n=""1""><number>1</number><trans> naughty, evil. </trans>
<eg><i lang=""ceb"">Kadtung maldítung bátà ang nagpapilit sa babulgam sa ímung sinínà,</i><trans> That naughty child put bubble gum on your dress. </trans></eg>
<eg><i lang=""ceb"">Daghang maldítu <pb n=""664""/>sa piyir,</i><trans> There are lots of bad types at the waterfront. </trans></eg>
</sense>
<sense n=""2""><number>2</number><trans> having unexpected ability. </trans>
<eg><i lang=""ceb"">Maldítu! Natubag giyud ang dyakpat nga pangutána dà,</i><trans> He’s smart! He answered the jackpot question correctly. </trans></eg>
</sense></hom>
<entry><form id=""maldixtu_sa_babaxyi"" lang=""ceb""><abbr expan=""maldítu"" type=""lemma"">—</abbr> sa babáyi</form>
<hom>
<sense n=""0""><trans> one who deceives women. </trans>
</sense></hom>
<hom role=""v""><pos>v</pos>
<sense n=""0""> <itype>[B12; b6]</itype><trans> become <tr>naughty</tr>. </trans>
</sense></hom></entry>
<entry><form id=""minalditu"" lang=""ceb""><abbr expan=""minalditu"" type=""lemma"">-in-(→)</abbr></form>
<hom role=""a""><pos>a</pos>
<sense n=""0""><trans> in an evil way. </trans>
</sense></hom>
<hom role=""v""><pos>v</pos>
<sense n=""0""> <itype>[A; b]</itype><trans> do <tr>mischief</tr>, evil, philander. </trans>
<eg><i lang=""ceb"">Makamau nang muminalditu ang gamay kung anak,</i><trans> My little baby has already learned how to be naughty.
</trans></eg>
</sense></hom></entry></entry>");
INSERT INTO `wced_head` (entryid, head, normalized_head, type, pos) VALUES (12050, "maldítu", "malditu", "m", "a");
INSERT INTO `wced_head` (entryid, head, normalized_head, type, pos) VALUES (12050, "maldítu sa babáyi", "malditu sa babayi", "s", "v");
INSERT INTO `wced_head` (entryid, head, normalized_head, type, pos) VALUES (12050, "minalditu", "minalditu", "s", "av");
INSERT INTO `wced_translation` (entryid, translation) VALUES (12050, "naughty");
INSERT INTO `wced_translation` (entryid, translation) VALUES (12050, "mischief");
INSERT INTO `wced_entry` VALUES (12051, "mal-idukada", "664", "<entry page=""664"" id=""12051""><form id=""mal-idukaxda"" lang=""ceb"">mal-idukáda</form>
<hom>
<sense n=""0""><trans> = <xr lang=""ceb"" target=""#mal-idukaxdu""><sc>mal-idukádu</sc></xr> (female).
</trans>
</sense></hom></entry>");
INSERT INTO `wced_head` (entryid, head, normalized_head, type, pos) VALUES (12051, "mal-idukáda", "mal-idukada", "m", "");
INSERT INTO `wced_entry` VALUES (12052, "mal-idukadu", "664", "<entry page=""664"" id=""12052""><form id=""mal-idukaxdu"" lang=""ceb"">mal-idukádu</form>
<hom role=""a""><pos>a</pos>
<sense n=""0""><trans> <tr>ill-educated</tr>, <tr>ill-mannered</tr>. </trans>
</sense></hom>
<hom role=""v""><pos>v</pos>
<sense n=""0""> <itype>[B126; b6]</itype><trans> be ill-educated or bad-mannered.
</trans>
</sense></hom></entry>");
INSERT INTO `wced_head` (entryid, head, normalized_head, type, pos) VALUES (12052, "mal-idukádu", "mal-idukadu", "m", "av");
INSERT INTO `wced_translation` (entryid, translation) VALUES (12052, "ill-educated");
INSERT INTO `wced_translation` (entryid, translation) VALUES (12052, "ill-mannered");
INSERT INTO `wced_entry` VALUES (12053, "maligas", "664", "<entry page=""664"" id=""12053""><form id=""malixgas"" lang=""ceb"">malígas</form>
<hom>
<sense n=""0""><trans> = <xr lang=""ceb"" target=""#hulmixgas""><sc>hulmígas</sc></xr>.
</trans>
</sense></hom></entry>");
INSERT INTO `wced_head` (entryid, head, normalized_head, type, pos) VALUES (12053, "malígas", "maligas", "m", "");
INSERT INTO `wced_entry` VALUES (12054, "malignu", "664", "<entry page=""664"" id=""12054""><form id=""malignu"" lang=""ceb"">malignu</form>
<hom role=""n""><pos>n</pos>
<sense n=""0""><trans> spirits of departed people who have not entered heaven and are doing their penance (<ix>kundínu</ix>). If they are not prayed for they may inflict sickness as a reminder. </trans>
</sense></hom>
<entry><form id=""ispiritu_malignu"" lang=""ceb"">ispiritu <abbr expan=""malignu"" type=""lemma"">—</abbr></form>
<hom>
<sense n=""0""><trans> = <xr lang=""ceb"" target=""#malignu""><sc>malignu</sc></xr>. </trans>
</sense></hom>
<hom role=""v""><pos>v</pos>
<sense n=""0""> <itype>[A1; a4]</itype><trans> be sick with an illness sent by a <ix>malignu</ix>.
</trans>
</sense></hom></entry></entry>");
INSERT INTO `wced_head` (entryid, head, normalized_head, type, pos) VALUES (12054, "malignu", "malignu", "m", "n");
INSERT INTO `wced_head` (entryid, head, normalized_head, type, pos) VALUES (12054, "ispiritu malignu", "ispiritu malignu", "s", "v");
INSERT INTO `wced_entry` VALUES (12055, "malignu", "664", "<entry page=""664"" id=""12055""><form id=""malignuq"" lang=""ceb"">malignù</form>
<hom>
<sense n=""0""><trans> = <xr lang=""ceb"" target=""#karbalyas""><sc><corr sic=""karabalyas"">karbalyas</corr></sc></xr>.
</trans>
</sense></hom></entry>");
INSERT INTO `wced_head` (entryid, head, normalized_head, type, pos) VALUES (12055, "malignù", "malignu", "m", "");
INSERT INTO `wced_entry` VALUES (12056, "malimnu", "664", "<entry page=""664"" id=""12056""><form id=""malimnu"" lang=""ceb"">malimnu</form>
<hom>
<sense n=""0""><trans> = <xr lang=""ceb"" target=""#karbalyas""><sc><corr sic=""karabalyas"">karbalyas</corr></sc></xr>.
</trans>
</sense></hom></entry>");
INSERT INTO `wced_head` (entryid, head, normalized_head, type, pos) VALUES (12056, "malimnu", "malimnu", "m", "");
INSERT INTO `wced_entry` VALUES (12057, "malingka", "664", "<entry page=""664"" id=""12057""><form id=""malingka"" lang=""ceb"">malingka</form>
<hom>
<sense n=""0""><trans> <ix>see</ix> <xr lang=""ceb"" target=""#himalingka""><sc>himalingka</sc></xr>.
</trans>
</sense></hom></entry>");
INSERT INTO `wced_head` (entryid, head, normalized_head, type, pos) VALUES (12057, "malingka", "malingka", "m", "");
INSERT INTO `wced_entry` VALUES (12058, "malisya", "664", "<entry page=""664"" id=""12058""><form id=""malisya"" lang=""ceb"">malisya</form>
<hom role=""n""><pos>n</pos>
<sense n=""1""><number>1</number><trans> awareness of sex. </trans>
<eg><i lang=""ceb"">Dúna na siyay malisya kay dì na man maghúbù ug malígù,</i><trans> She is already aware of her sex because she won’t bathe in the nude any longer. </trans></eg>
</sense>
<sense n=""2""><number>2</number><trans> bad thoughts regarding sex. </trans>
<eg><i lang=""ceb"">Ug way malisya, ngánung miagik-ik man ka?</i><trans> If you are not harboring evil thoughts, why are you snickering? </trans></eg>
</sense>
<sense n=""3""><number>3</number><trans> <tr>ill will</tr>. </trans>
<eg><i lang=""ceb"">Way malisya ang ákung paghátag niíni,</i><trans> There’s no ill intent in my giving this to you. </trans></eg>
</sense>
<sense n=""4""><number>4</number><trans> <tr>bad omen</tr>, usually of death or misfortune. </trans>
</sense></hom>
<hom role=""v""><pos>v</pos>
<sense n=""0""> <itype>[A13; b]</itype><trans> send such an omen. </trans>
<eg><i lang=""ceb"">Nagmalisya siya únà mamatay. Nagpakítà únà siya sa íyang mga anak nga túa sa Amirika,</i><trans> He sent an omen before he died. He appeared to his children in America. </trans></eg>
</sense></hom>
<entry><form id=""malisyuxsa"" lang=""ceb"">malisyúsa</form>
<hom>
<sense n=""0""><trans> = <xr lang=""ceb"" target=""#malisyuxsu""><sc>malisyúsu</sc></xr> (female). </trans>
</sense></hom></entry>
<entry><form id=""malisyuxsu"" lang=""ceb"">malisyúsu</form>
<hom role=""a""><pos>a</pos>
<sense n=""1""><number>1</number><trans> conscious of sex in an unwholesome way. </trans>
<eg><i lang=""ceb"">Ngánung dì ka man pagúnit? Kamalisyúsu gud nímu!</i><trans> Why don’t you want me to touch your hands? How sex-conscious you are! </trans></eg>
</sense>
<sense n=""2""><number>2</number><trans> maliciously done, out of ill will. </trans>
<eg><i lang=""ceb"">Malisyúsung mga pasángil nga way gipasikáran,</i><trans> Malicious and baseless accusations. </trans></eg>
</sense></hom>
<hom role=""v""><pos>v</pos>
<sense n=""0""> <itype>[B12; a2]</itype><trans> </trans>
</sense>
<sense n=""1""><number>1</number><trans> be, become sex conscious in an unwholesome way. </trans>
</sense>
<sense n=""2""><number>2</number><trans> become malicious in behavior.
</trans>
</sense></hom></entry></entry>");
INSERT INTO `wced_head` (entryid, head, normalized_head, type, pos) VALUES (12058, "malisya", "malisya", "m", "nv");
INSERT INTO `wced_head` (entryid, head, normalized_head, type, pos) VALUES (12058, "malisyúsa", "malisyusa", "s", "");
INSERT INTO `wced_head` (entryid, head, normalized_head, type, pos) VALUES (12058, "malisyúsu", "malisyusu", "s", "av");
INSERT INTO `wced_translation` (entryid, translation) VALUES (12058, "ill will");
INSERT INTO `wced_translation` (entryid, translation) VALUES (12058, "bad omen");
INSERT INTO `wced_entry` VALUES (12059, "malit", "664", "<entry page=""664"" id=""12059""><form id=""maxlit"" lang=""ceb"">málit</form>
<hom role=""n""><pos>n</pos>
<sense n=""0""><trans> <tr>mallet</tr>.
</trans>
</sense></hom></entry>");
INSERT INTO `wced_head` (entryid, head, normalized_head, type, pos) VALUES (12059, "málit", "malit", "m", "n");
INSERT INTO `wced_translation` (entryid, translation) VALUES (12059, "mallet");
INSERT INTO `wced_entry` VALUES (12060, "malita", "664", "<entry page=""664"" id=""12060""><form id=""malixta"" lang=""ceb"">malíta</form>
<hom role=""n""><pos>n</pos>
<sense n=""0""><trans> <tr>suitcase</tr>. </trans>
</sense></hom>
<hom role=""v""><pos>v</pos>
<sense n=""0""> <itype>[A13]</itype><trans> carry a suitcase. </trans>
<eg><i lang=""ceb"">Magmalíta lang ku kay daghan kug dalhunun,</i><trans> I’ll take a suitcase because I have so many things to take.
</trans></eg>
</sense></hom></entry>");
INSERT INTO `wced_head` (entryid, head, normalized_head, type, pos) VALUES (12060, "malíta", "malita", "m", "nv");
INSERT INTO `wced_translation` (entryid, translation) VALUES (12060, "suitcase");
INSERT INTO `wced_entry` VALUES (12061, "malitin", "664", "<entry page=""664"" id=""12061""><form id=""malitin"" lang=""ceb"">malitin</form>
<hom role=""n""><pos>n</pos>
<sense n=""1""><number>1</number><trans> a leather bag designed to hold medicine and some medical instruments. </trans>
</sense>
<sense n=""2""><number>2</number><trans> a small suitcase.
</trans>
</sense></hom></entry>");
INSERT INTO `wced_head` (entryid, head, normalized_head, type, pos) VALUES (12061, "malitin", "malitin", "m", "n");
INSERT INTO `wced_entry` VALUES (12062, "malmal1", "664", "<entry page=""664"" id=""12062""><form id=""malmal"" lang=""ceb"">malmal<sub>1</sub></form>
<hom role=""v""><pos>v</pos>
<sense n=""0""> <itype>[B1256; a12]</itype><trans> be <tr>taught</tr>, <tr>rehearsed</tr>, or be <tr>inculcated</tr> to a high degree. </trans>
<eg><i lang=""ceb"">Namalmal mig maáyu sa ininglis kay Amirkánu ámung maistru,</i><trans> We were taught English thoroughly because our teacher was an American. </trans></eg>
<eg><i lang=""ceb"">Malmálun nátù ang bátà sa bili sa pagdagínut,</i><trans> We will inculcate the value of thrift in the children’s minds.
</trans></eg>
</sense></hom></entry>");
INSERT INTO `wced_head` (entryid, head, normalized_head, type, pos) VALUES (12062, "malmal", "malmal", "s", "v");
INSERT INTO `wced_translation` (entryid, translation) VALUES (12062, "taught");
INSERT INTO `wced_translation` (entryid, translation) VALUES (12062, "rehearsed");
INSERT INTO `wced_translation` (entryid, translation) VALUES (12062, "inculcated");
INSERT INTO `wced_entry` VALUES (12063, "malmal2", "664", "<entry page=""664"" id=""12063""><form id=""malmal2"" lang=""ceb"">malmal<sub>2</sub></form>
<hom role=""v""><pos>v</pos>
<sense n=""1""><number>1</number> <itype>[A; a1]</itype><trans> <tr>beat</tr> s.o. up, usually in the mouth. </trans>
<eg><i lang=""ceb"">Akuy mimalmal sa irù nga mikáun sa isdà,</i><trans> I gave the dog that ate the fish a sound beating. </trans></eg>
</sense>
<sense n=""2""><number>2</number> <itype>[A; a12]</itype><trans> use s.t. or <tr>scold</tr> s.o. abusively. </trans>
<eg><i lang=""ceb"">Natural nagubà ang makinilya kay gimalmal,</i><trans> Of course he broke the typewriter because he abused it. </trans></eg>
<eg><i lang=""ceb"">Malmálun kag kasábà bísag gamayng sayup,</i><trans> You get abusive scoldings for the slightest mistakes.
</trans></eg>
</sense></hom></entry>");
INSERT INTO `wced_head` (entryid, head, normalized_head, type, pos) VALUES (12063, "malmal", "malmal", "s", "v");
INSERT INTO `wced_translation` (entryid, translation) VALUES (12063, "beat");
INSERT INTO `wced_translation` (entryid, translation) VALUES (12063, "scold");
INSERT INTO `wced_entry` VALUES (12064, "malpagadur", "664", "<entry page=""664"" id=""12064""><form id=""malpagadur"" lang=""ceb"">malpagadur</form>
<hom role=""a""><pos>a</pos>
<sense n=""0""><trans> failing to pay one’s debts. </trans>
</sense></hom>
<hom role=""v""><pos>v</pos>
<sense n=""0""> <itype>[B1256]</itype><trans> get to be a defaulter in one’s debts. </trans>
<eg><i lang=""ceb"">Ug mamalpagadur ka, wà nay musálig pagpaútang nímu,</i><trans> If you become a bad debtor, no one will dare allow you credit. </trans></eg>
</sense></hom>
<entry><form id=""malpagaduxra"" lang=""ceb""><abbr expan=""malpagadúra"" type=""lemma"">-a(←)</abbr></form>
<hom>
<sense n=""0""><trans> = <xr lang=""ceb"" target=""#malpagadur""><sc>malpagadur</sc></xr> (female).
</trans>
</sense></hom></entry></entry>");
INSERT INTO `wced_head` (entryid, head, normalized_head, type, pos) VALUES (12064, "malpagadur", "malpagadur", "m", "av");
INSERT INTO `wced_head` (entryid, head, normalized_head, type, pos) VALUES (12064, "malpagadúra", "malpagadura", "s", "");
INSERT INTO `wced_entry` VALUES (12065, "maltabana", "664", "<entry page=""664"" id=""12065""><form id=""maltabaxna"" lang=""ceb"">maltabána</form>
<hom role=""n""><pos>n</pos>
<sense n=""0""><trans> glazed brown urn, about <measure reg=""61 cm"">2′</measure> high with a small mouth and handles at the shoulders. </trans>
</sense></hom>
<hom role=""v""><pos>v</pos>
<sense n=""0""> <itype>[A13; a12]</itype><trans> make into, put in glazed clay jars.
</trans>
</sense></hom></entry>");
INSERT INTO `wced_head` (entryid, head, normalized_head, type, pos) VALUES (12065, "maltabána", "maltabana", "m", "nv");
INSERT INTO `wced_entry` VALUES (12066, "maltratar", "664", "<entry page=""664"" id=""12066""><form id=""maltratar"" lang=""ceb"">maltratar</form>
<hom role=""v""><pos>v</pos>
<sense n=""0""> <itype>[A; a12]</itype><trans> <tr>maltreat</tr>, <tr>mistreat</tr>. </trans>
<eg><i lang=""ceb"">Maltratahun siya sa íyang amaáma,</i><trans> His stepfather will maltreat him.
</trans></eg>
</sense></hom></entry>");
INSERT INTO `wced_head` (entryid, head, normalized_head, type, pos) VALUES (12066, "maltratar", "maltratar", "m", "v");
INSERT INTO `wced_translation` (entryid, translation) VALUES (12066, "maltreat");
INSERT INTO `wced_translation` (entryid, translation) VALUES (12066, "mistreat");
INSERT INTO `wced_entry` VALUES (12067, "*malu", "664", "<entry page=""664"" id=""12067""><form id=""xxmaxlu"" lang=""ceb"">*málu</form>
<entry><form id=""maxlu_pa_ug"" lang=""ceb""><abbr expan=""málu"" type=""lemma"">—</abbr> pa ug</form>
<hom>
<sense n=""1""><number>1</number><trans> on the chance that [such-and-such<corr>]</corr> a good thing happen. </trans>
<eg><i lang=""ceb"">Palit tag swipstik, málu pag makaswirti,</i><trans> Let’s buy a sweepstake ticket. We might just win. </trans></eg>
</sense>
<sense n=""2""><number>2</number><trans> [so-and-so] isn’t bad, if that is what comes out. </trans>
<eg><i lang=""ceb"">Málu pa nà ug swildúhan kag bayinting adlaw?</i><trans> Would it be bad if you were paid twenty pesos a day?
</trans></eg>
</sense></hom></entry></entry>");
INSERT INTO `wced_head` (entryid, head, normalized_head, type, pos) VALUES (12067, "málu", "malu", "s", "");
INSERT INTO `wced_head` (entryid, head, normalized_head, type, pos) VALUES (12067, "málu pa ug", "malu pa ug", "s", "");
INSERT INTO `wced_entry` VALUES (12068, "malu1", "664", "<entry page=""664"" id=""12068""><form id=""maluq"" lang=""ceb"">malù<sub>1</sub></form>
<entry><form id=""maluq_dat."" lang=""ceb""><abbr expan=""malù"" type=""lemma"">—</abbr> <r>[dat.]</r></form>
<hom>
<sense n=""0""><trans> serves [dat.] right. </trans>
<eg><i lang=""ceb"">Malù nímu nga gipagirawut kay tapulan ka,</i><trans> Serves you right that you were fired because you are lazy.
</trans></eg>
</sense></hom></entry></entry>");
INSERT INTO `wced_head` (entryid, head, normalized_head, type, pos) VALUES (12068, "malù", "malu", "s", "");
INSERT INTO `wced_head` (entryid, head, normalized_head, type, pos) VALUES (12068, "malù [dat.]", "malu [dat.]", "s", "");
INSERT INTO `wced_entry` VALUES (12069, "malu2, malu1", "664", "<entry page=""664"" id=""12069""><form id=""maluq2_maxluq"" lang=""ceb"">malù<sub>2</sub>, málù<sub>1</sub></form>
<hom role=""n""><pos>n</pos>
<sense n=""0""><trans> pollen of corn. </trans>
</sense></hom>
<hom role=""v""><pos>v</pos>
<sense n=""0""> <itype>[A1]</itype><trans> grow pollen. </trans>
<eg><i lang=""ceb"">Dì na dúgayng masanggì ang mais basta magmalù na,</i><trans> It won’t be long before the corn can be harvested if there is pollen in the tassel.
</trans></eg>
</sense></hom></entry>");
INSERT INTO `wced_head` (entryid, head, normalized_head, type, pos) VALUES (12069, "malù", "malu", "s", "nv");
INSERT INTO `wced_head` (entryid, head, normalized_head, type, pos) VALUES (12069, "málù", "malu", "s", "nv");
INSERT INTO `wced_entry` VALUES (12070, "malu2", "664", "<entry page=""664"" id=""12070""><form id=""maxluq2"" lang=""ceb"">málù<sub>2</sub></form>
<hom role=""n""><pos>n</pos>
<sense n=""0""><trans> the one who is ‘it’ in the game of <ix>takyan</ix> or marbles. </trans>
</sense></hom>
<hom role=""v""><pos>v</pos>
<sense n=""0""> <itype>[A; a12]</itype><trans> make a person remain ‘it’ for a long time. </trans>
<eg><i lang=""ceb"">Malúun kug maáyu si Huwan pinaági sa pagpátid sa takyan ug layù,</i><trans> I’ll make Juan be ‘it’ for a long time by kicking the shuttlecock far away.
</trans></eg>
</sense></hom></entry>");
INSERT INTO `wced_head` (entryid, head, normalized_head, type, pos) VALUES (12070, "málù", "malu", "s", "nv");
INSERT INTO `wced_entry` VALUES (12071, "malubgas", "664", "<entry page=""664"" id=""12071""><form id=""malubgas"" lang=""ceb"">malubgas</form>
<hom role=""n""><pos>n</pos>
<sense n=""0""><trans> k.o. small anchovy with a dark blue dorsal region and silvery white on its ventral region, widely eaten preserved in salt.
<pb n=""665""/>
</trans>
</sense></hom></entry>");
INSERT INTO `wced_head` (entryid, head, normalized_head, type, pos) VALUES (12071, "malubgas", "malubgas", "m", "n");
INSERT INTO `wced_entry` VALUES (12072, "maluibun", "665", "<entry page=""665"" id=""12072""><form id=""maluixbun"" lang=""ceb"">maluíbun</form>
<hom role=""n""><pos>n</pos>
<sense n=""0""><trans> name given to ornamental climbing vines with dark green or yellow green cordate leaves, often grown indoors: <bio>Scindapsus aureus</bio> and <bio>Philodendron oxycardium</bio>.
</trans>
</sense></hom></entry>");
INSERT INTO `wced_head` (entryid, head, normalized_head, type, pos) VALUES (12072, "maluíbun", "maluibun", "m", "n");
INSERT INTO `wced_entry` VALUES (12073, "malung", "665", "<entry page=""665"" id=""12073""><form id=""maxlung"" lang=""ceb"">málung</form>
<hom role=""n""><pos>n</pos>
<sense n=""0""><trans> name of the sarong worn by the Muslims. </trans>
</sense></hom>
<hom role=""v""><pos>v</pos>
<sense n=""0""> <itype>[A13; b6(1)]</itype><trans> wear a <ix>málung.</ix> </trans>
</sense>
<sense n=""2""><number>2</number> <itype>[a2]</itype><trans> make into a <ix>málung.</ix>
</trans>
</sense></hom></entry>");
INSERT INTO `wced_head` (entryid, head, normalized_head, type, pos) VALUES (12073, "málung", "malung", "m", "nv");
INSERT INTO `wced_entry` VALUES (12074, "malunggay", "665", "<entry page=""665"" id=""12074""><form id=""malunggay"" lang=""ceb"">malunggay</form>
<hom>
<sense n=""0""><trans> = <xr lang=""ceb"" target=""#kalamunggay""><sc>kalamunggay</sc></xr>.
</trans>
</sense></hom></entry>");
INSERT INTO `wced_head` (entryid, head, normalized_head, type, pos) VALUES (12074, "malunggay", "malunggay", "m", "");
INSERT INTO `wced_entry` VALUES (12075, "malus1", "665", "<entry page=""665"" id=""12075""><form id=""maxlus"" lang=""ceb"">málus<sub>1</sub></form>
<hom role=""a""><pos>a</pos>
<sense n=""0""><trans> highly fermented salted fish paste. </trans>
<eg><i lang=""ceb"">Málus na ang ginamus,</i><trans> The salted fish paste is already highly fermented. </trans></eg>
</sense></hom>
<hom role=""v""><pos>v</pos>
<sense n=""1""><number>1</number> <itype>[AB2]</itype><trans> for salted fish to become highly fermented, cause it to do so. </trans>
</sense>
<sense n=""2""><number>2</number> <itype>[B]</itype><trans> develop a horrible smell. </trans>
<eg><i lang=""ceb"">Kalígù na kay nagkamálus ka na,</i><trans> Take a bath. You’re beginning to smell awful.
</trans></eg>
</sense></hom></entry>");
INSERT INTO `wced_head` (entryid, head, normalized_head, type, pos) VALUES (12075, "málus", "malus", "s", "av");
INSERT INTO `wced_entry` VALUES (12076, "malyiti", "665", "<entry page=""665"" id=""12076""><form id=""malyixti"" lang=""ceb"">malyíti</form>
<hom role=""n""><pos>n</pos>
<sense n=""0""><trans> gavel.
</trans>
</sense></hom></entry>");
INSERT INTO `wced_head` (entryid, head, normalized_head, type, pos) VALUES (12076, "malyíti", "malyiti", "m", "n");
INSERT INTO `wced_entry` VALUES (12077, "malyurka", "665", "<entry page=""665"" id=""12077""><form id=""malyurka"" lang=""ceb"">malyurka</form>
<hom role=""n""><pos>n</pos>
<sense n=""0""><trans> a k.o. liquor of low proof made from cane sugar, flavored with anise.
</trans>
</sense></hom></entry>");
INSERT INTO `wced_head` (entryid, head, normalized_head, type, pos) VALUES (12077, "malyurka", "malyurka", "m", "n");
INSERT INTO `wced_entry` VALUES (12078, "mam", "665", "<entry page=""665"" id=""12078""><form id=""maxm"" lang=""ceb"">mám</form>
<hom role=""n""><pos>n</pos>
<sense n=""1""><number>1</number><trans> ma’am, term of address to a teacher or woman of high station. </trans>
<eg><i lang=""ceb"">Maáyung buntag kanímu, mám,</i><trans> Good morning, Ma’am. </trans></eg>
</sense>
<sense n=""2""><number>2</number><trans> lady teacher. </trans>
<eg><i lang=""ceb"">Usa sa mga mám nákù sa hayiskul mau si Mis Agápay,</i><trans> One of my teachers in high school was Miss Agapay. </trans></eg>
</sense></hom>
<hom role=""v""><pos>v</pos>
<sense n=""0""> <itype>[A13; a12]</itype><trans> call s.o. Ma’am.
</trans>
</sense></hom></entry>");
INSERT INTO `wced_head` (entryid, head, normalized_head, type, pos) VALUES (12078, "mám", "mam", "m", "nv");
INSERT INTO `wced_entry` VALUES (12079, "mama1", "665", "<entry page=""665"" id=""12079""><form id=""maxma"" lang=""ceb"">máma<sub>1</sub></form>
<hom role=""n""><pos>n</pos>
<sense n=""0""><trans> mother. </trans>
</sense></hom>
<hom role=""v""><pos>v</pos>
<sense n=""0""> <itype>[B13; a12]</itype><trans> call s.o. </trans>
<eg><i lang=""ceb"">máma.</i></eg>
</sense></hom></entry>");
INSERT INTO `wced_head` (entryid, head, normalized_head, type, pos) VALUES (12079, "máma", "mama", "s", "nv");
INSERT INTO `wced_entry` VALUES (12080, "mama2", "665", "<entry page=""665"" id=""12080""><form id=""maxma2"" lang=""ceb"">máma<sub>2</sub></form>
<hom role=""n""><pos>n</pos>
<sense n=""0""><trans> mute. </trans>
</sense></hom>
<hom role=""v""><pos>v</pos>
<sense n=""0""> <itype>[B12]</itype><trans> become a mute. </trans>
<eg><i lang=""ceb"">Namáma nà siya tungud sa kalísang,</i><trans> He was struck dumb by his great fright.
</trans></eg>
</sense></hom></entry>");
INSERT INTO `wced_head` (entryid, head, normalized_head, type, pos) VALUES (12080, "máma", "mama", "s", "nv");
INSERT INTO `wced_entry` VALUES (12081, "mama", "665", "<entry page=""665"" id=""12081""><form id=""mamaq"" lang=""ceb"">mamà</form>
<hom role=""n""><pos>n</pos>
<sense n=""1""><number>1</number><trans> chew of betel nut (<ix>búnga</ix>) and piper betel leaves (<ix>búyù</ix>) with lime (<ix>ápug</ix>) and optionally tobacco. </trans>
</sense>
<sense n=""2""><number>2</number><trans> action of chewing. </trans>
</sense></hom>
<hom role=""v""><pos>v</pos>
<sense n=""0""> <itype>[AC12; a12]</itype><trans> chew betel nut. </trans>
<eg><i lang=""ceb"">Dì ku makamamà kay hálang,</i><trans> I can’t chew betel because it burns the tongue. </trans></eg>
</sense></hom>
<entry><form id=""mamaq_ug_duguq"" lang=""ceb""><abbr expan=""mamà"" type=""lemma"">—</abbr> ug dugù</form>
<hom role=""v""><pos>v</pos>
<sense n=""0""> <itype>[A13; c]</itype><trans> get a bloody mouth (lit. chew blood). </trans>
<eg><i lang=""ceb"">Magmamà ka giyug dugù ug hisumbagan ta ka,</i><trans> You will have a bloody mouth if I punch you. </trans></eg>
</sense></hom></entry>
<entry><form id=""mam-anan_malam-an"" lang=""ceb"">mam-anan, malam-an</form>
<hom role=""n""><pos>n</pos>
<sense n=""0""><trans> container for the lime, betel nut, and betel leaf. </trans>
</sense></hom></entry>
<entry><form id=""malam-un"" lang=""ceb"">malam-un</form>
<hom role=""n""><pos>n</pos>
<sense n=""0""><trans> set of complete ingredients ready for chewing. </trans>
</sense></hom></entry>
<entry><form id=""hingmamaq"" lang=""ceb""><abbr expan=""hingmamà"" type=""lemma"">hiN-</abbr></form>
<hom role=""a""><pos>a</pos>
<sense n=""0""><trans> fond of chewing betel.
</trans>
</sense></hom></entry></entry>");
INSERT INTO `wced_head` (entryid, head, normalized_head, type, pos) VALUES (12081, "mamà", "mama", "m", "nv");
INSERT INTO `wced_head` (entryid, head, normalized_head, type, pos) VALUES (12081, "mamà ug dugù", "mama ug dugu", "s", "v");
INSERT INTO `wced_head` (entryid, head, normalized_head, type, pos) VALUES (12081, "mam-anan", "mam-anan", "s", "n");
INSERT INTO `wced_head` (entryid, head, normalized_head, type, pos) VALUES (12081, "malam-an", "malam-an", "s", "n");
INSERT INTO `wced_head` (entryid, head, normalized_head, type, pos) VALUES (12081, "malam-un", "malam-un", "s", "n");
INSERT INTO `wced_head` (entryid, head, normalized_head, type, pos) VALUES (12081, "hingmamà", "hingmama", "s", "a");
INSERT INTO `wced_entry` VALUES (12082, "mamadur", "665", "<entry page=""665"" id=""12082""><form id=""mamadur"" lang=""ceb"">mamadur</form>
<hom role=""n""><pos>n</pos>
<sense n=""0""><trans> breast pump. </trans>
</sense></hom>
<hom role=""v""><pos>v</pos>
<sense n=""0""> <itype>[b]</itype><trans> use a breast pump.
</trans>
</sense></hom></entry>");
INSERT INTO `wced_head` (entryid, head, normalized_head, type, pos) VALUES (12082, "mamadur", "mamadur", "m", "nv");
INSERT INTO `wced_entry` VALUES (12083, "mamam", "665", "<entry page=""665"" id=""12083""><form id=""maxmam"" lang=""ceb"">mámam</form>
<hom role=""n""><pos>n</pos>
<sense n=""1""><number>1</number><trans> baby talk for <ix>inum</ix> ‘drink’. </trans>
</sense>
<sense n=""2""><number>2</number><trans> drinking spree (humorous slang). </trans>
</sense></hom>
<hom role=""v""><pos>v</pos>
<sense n=""1""><number>1</number> <itype>[A]</itype><trans> drink (baby talk). </trans>
</sense>
<sense n=""2""><number>2</number> <itype>[AC; a]</itype><trans> hold a drinking spree. </trans>
<eg><i lang=""ceb"">Puwa na ang tápay, nakamámam tingáli,</i><trans> His ears are red. He must have had s.t. to drink.
</trans></eg>
</sense></hom></entry>");
INSERT INTO `wced_head` (entryid, head, normalized_head, type, pos) VALUES (12083, "mámam", "mamam", "m", "nv");
INSERT INTO `wced_entry` VALUES (12084, "mamay", "665", "<entry page=""665"" id=""12084""><form id=""mamay"" lang=""ceb"">mamay</form>
<hom role=""n""><pos>n</pos>
<sense n=""1""><number>1</number><trans> wet nurse. </trans>
</sense>
<sense n=""2""><number>2</number><trans> any nursemaid. </trans>
</sense></hom>
<hom role=""v""><pos>v</pos>
<sense n=""1""><number>1</number> <itype>[A; a]</itype><trans> wet-nurse. </trans>
<eg><i lang=""ceb"">Gimamay ang bátà nga ílu,</i><trans> The orphaned infant was wet-nursed. </trans></eg>
</sense>
<sense n=""2""><number>2</number> <itype>[A; a]</itype><trans> take care of a child. </trans>
<eg><i lang=""ceb"">Siyay nagmamay sa tanan námung mga bátà,</i><trans> She took care of all our children.
</trans></eg>
</sense></hom></entry>");
INSERT INTO `wced_head` (entryid, head, normalized_head, type, pos) VALUES (12084, "mamay", "mamay", "m", "nv");
INSERT INTO `wced_entry` VALUES (12085, "mambad", "665", "<entry page=""665"" id=""12085""><form id=""mambad"" lang=""ceb"">mambad</form>
<hom>
<sense n=""0""><trans> = <xr lang=""ceb"" target=""#manbad""><sc>manbad</sc></xr>.
</trans>
</sense></hom></entry>");
INSERT INTO `wced_head` (entryid, head, normalized_head, type, pos) VALUES (12085, "mambad", "mambad", "m", "");
INSERT INTO `wced_entry` VALUES (12086, "mambu", "665", "<entry page=""665"" id=""12086""><form id=""mambu"" lang=""ceb"">mambu</form>
<hom role=""n""><pos>n</pos>
<sense n=""0""><trans> mambo, a Latin American dance and its music. </trans>
</sense></hom>
<hom role=""v""><pos>v</pos>
<sense n=""1""><number>1</number> <itype>[A; a12]</itype><trans> dance the mambo. </trans>
</sense>
<sense n=""2""><number>2</number> <itype>[c1]</itype><trans> play music in mambo rhythm.
</trans>
</sense></hom></entry>");
INSERT INTO `wced_head` (entryid, head, normalized_head, type, pos) VALUES (12086, "mambu", "mambu", "m", "nv");
INSERT INTO `wced_entry` VALUES (12087, "mami1", "665", "<entry page=""665"" id=""12087""><form id=""maxmi"" lang=""ceb"">mámi<sub>1</sub></form>
<hom role=""n""><pos>n</pos>
<sense n=""0""><trans> mommy. </trans>
</sense></hom>
<hom role=""v""><pos>v</pos>
<sense n=""0""> <itype>[A3; a12]</itype><trans> call s.o. mommy.
</trans>
</sense></hom></entry>");
INSERT INTO `wced_head` (entryid, head, normalized_head, type, pos) VALUES (12087, "mámi", "mami", "s", "nv");
INSERT INTO `wced_entry` VALUES (12088, "mami2", "665", "<entry page=""665"" id=""12088""><form id=""maxmi2"" lang=""ceb"">mámi<sub>2</sub></form>
<hom>
<sense n=""0""><trans> <corr><pos>n</pos> </corr>a Chinese dish consisting of soup and narrow egg noodles with meat. </trans>
</sense></hom>
<hom role=""v""><pos>v</pos>
<sense n=""0""> <itype>[A; a]</itype><trans> make <ix>mámi</ix>.
</trans>
</sense></hom></entry>");
INSERT INTO `wced_head` (entryid, head, normalized_head, type, pos) VALUES (12088, "mámi", "mami", "s", "v");
INSERT INTO `wced_entry` VALUES (12089, "mamiluku", "665", "<entry page=""665"" id=""12089""><form id=""mamiluxku"" lang=""ceb"">mamilúku</form>
<hom role=""n""><pos>n</pos>
<sense n=""0""><trans> child’s sunsuit, a one-piece romper with short pants and no sleeves. </trans>
</sense></hom>
<hom role=""v""><pos>v</pos>
<sense n=""1""><number>1</number> <itype>[A; a]</itype><trans> wear a sunsuit. </trans>
</sense>
<sense n=""2""><number>2</number> <itype>[c16]</itype><trans> make into a sunsuit.
</trans>
</sense></hom></entry>");
INSERT INTO `wced_head` (entryid, head, normalized_head, type, pos) VALUES (12089, "mamilúku", "mamiluku", "m", "nv");
INSERT INTO `wced_entry` VALUES (12090, "maming", "665", "<entry page=""665"" id=""12090""><form id=""maming"" lang=""ceb"">maming</form>
<hom>
<sense n=""0""><trans> = <xr lang=""ceb"" target=""#lubayluxbay""><sc>lubaylúbay</sc></xr>, <i lang=""ceb"">n</i>. <ix>see</ix> <xr lang=""ceb"" target=""#lubay""><sc>lubay</sc></xr>.
</trans>
</sense></hom></entry>");
INSERT INTO `wced_head` (entryid, head, normalized_head, type, pos) VALUES (12090, "maming", "maming", "m", "");
INSERT INTO `wced_entry` VALUES (12091, "mampud", "665", "<entry page=""665"" id=""12091""><form id=""mampud"" lang=""ceb"">mampud</form>
<hom>
<sense n=""0""><trans> short for <ix>mánu man pud</ix>. <ix>see</ix> <xr lang=""ceb"" target=""#ngaxnu""><sc>ngánu</sc></xr> <ix>and</ix> <xr lang=""ceb"" target=""#upud""><sc>upud</sc></xr>.
</trans>
</sense></hom></entry>");
INSERT INTO `wced_head` (entryid, head, normalized_head, type, pos) VALUES (12091, "mampud", "mampud", "m", "");
INSERT INTO `wced_entry` VALUES (12092, "mampur", "665", "<entry page=""665"" id=""12092""><form id=""Mampur"" lang=""ceb"">Mampur</form>
<hom role=""n""><pos>n</pos>
<sense n=""0""><trans> Montford, a person who is said to have lived in olden times. </trans>
</sense></hom>
<entry><form id=""karaxan_pa_ni_Mampur"" lang=""ceb"">karáan pa ni <abbr expan=""Mampur"" type=""lemma"">—</abbr></form>
<hom>
<sense n=""0""><trans> older than Montford. </trans>
<eg><i lang=""ceb"">Tabas sa íyang bistídu nga karáan pa ni Mampur,</i><trans> Style of dress that dates back to Montford’s time. </trans></eg>
</sense></hom></entry>
<entry><form id=""panahun_pa_ni_Mampur"" lang=""ceb"">panahun pa ni <abbr expan=""Mampur"" type=""lemma"">—</abbr></form>
<hom>
<sense n=""0""><trans> very old, from Montford’s time. </trans>
<eg><i lang=""ceb"">Sa panahun pa ni Mampur ang ákung radiyu ug wà pa giyud magubà,</i><trans> My radio is as old as the hills and still in fine shape. </trans></eg>
<eg><i lang=""ceb"">Sa panahun pa ni Mampur nang kumidiyáha,</i><trans> That joke is as old as the hills.
</trans></eg>
</sense></hom></entry></entry>");
INSERT INTO `wced_head` (entryid, head, normalized_head, type, pos) VALUES (12092, "Mampur", "mampur", "m", "n");
INSERT INTO `wced_head` (entryid, head, normalized_head, type, pos) VALUES (12092, "karáan pa ni Mampur", "karaan pa ni mampur", "s", "");
INSERT INTO `wced_head` (entryid, head, normalized_head, type, pos) VALUES (12092, "panahun pa ni Mampur", "panahun pa ni mampur", "s", "");
INSERT INTO `wced_entry` VALUES (12093, "mamsa1", "665", "<entry page=""665"" id=""12093""><form id=""mamsaq"" lang=""ceb"">mamsà<sub>1</sub></form>
<hom role=""n""><pos>n</pos>
<sense n=""1""><number>1</number><trans> name given to the large species of <bio>Caranx</bio>, a highly-prized food fish. </trans>
</sense>
<sense n=""2""><number>2</number> <form id=""dakung_mamsaq"" lang=""ceb"">dakung <abbr expan=""mamsà"" type=""lemma"">—</abbr></form><trans> influential, important person.
</trans>
</sense></hom></entry>");
INSERT INTO `wced_head` (entryid, head, normalized_head, type, pos) VALUES (12093, "mamsà", "mamsa", "s", "n");
INSERT INTO `wced_head` (entryid, head, normalized_head, type, pos) VALUES (12093, "dakung mamsà", "dakung mamsa", "s", "");
INSERT INTO `wced_entry` VALUES (12094, "mamsa2", "665", "<entry page=""665"" id=""12094""><form id=""mamsaq2"" lang=""ceb"">mamsà<sub>2</sub></form>
<hom role=""n""><pos>n</pos>
<sense n=""0""><trans> schoolteacher, humorous word play on <ix>mám</ix>. </trans>
<eg><i lang=""ceb"">Ayaw mug sábà kay náa na si Mamsà,</i><trans> Everybody shut up. The teacher is coming. </trans></eg>
</sense></hom>
<hom role=""v""><pos>v</pos>
<sense n=""0""> <itype>[B126]</itype><trans> be a schoolmarm.
</trans>
</sense></hom></entry>");
INSERT INTO `wced_head` (entryid, head, normalized_head, type, pos) VALUES (12094, "mamsà", "mamsa", "s", "nv");
INSERT INTO `wced_entry` VALUES (12095, "mamun1", "665", "<entry page=""665"" id=""12095""><form id=""mamun"" lang=""ceb"">mamun<sub>1</sub></form>
<hom role=""n""><pos>n</pos>
<sense n=""0""><trans> k.o. sponge cake. </trans>
</sense></hom>
<hom role=""v""><pos>v</pos>
<sense n=""0""> <itype>[A; a12]</itype><trans> make, make into <ix>mamun.</ix>
</trans>
</sense></hom></entry>");
INSERT INTO `wced_head` (entryid, head, normalized_head, type, pos) VALUES (12095, "mamun", "mamun", "s", "nv");
INSERT INTO `wced_entry` VALUES (12096, "mamun2", "665", "<entry page=""665"" id=""12096""><form id=""mamun2"" lang=""ceb"">mamun<sub>2</sub></form>
<hom role=""n""><pos>n</pos>
<sense n=""0""><trans> k.o. fruit tree similar to a <ix>gwayabanu</ix> but with a smaller and rounder fruit: <bio><corr sic=""Anona"">Annona</corr> sp</bio>.
</trans>
</sense></hom></entry>");
INSERT INTO `wced_head` (entryid, head, normalized_head, type, pos) VALUES (12096, "mamun", "mamun", "s", "n");
INSERT INTO `wced_entry` VALUES (12097, "mamurd, mamurds", "665", "<entry page=""665"" id=""12097""><form id=""maxmurd_maxmurds"" lang=""ceb"">mámurd, mámurds</form>
<hom role=""a""><pos>a</pos>
<sense n=""1""><number>1</number><trans> marbles without a flaw. </trans>
</sense>
<sense n=""2""><number>2</number><trans> for girls to be well-rounded and smooth-skinned. </trans>
<eg><i lang=""ceb"">Mámurds kaáyu ang trátu ni Bin,</i><trans> Ben’s girl friend is very beautiful. </trans></eg>
</sense></hom>
<entry><form id=""mamuray"" lang=""ceb"">mamuray</form>
<hom role=""v""><pos>v</pos>
<sense n=""0""> <itype>[C2]</itype><trans> compare which is the smoothest, most well-rounded. </trans>
<eg><i lang=""ceb"">Mamuray tag dyúlin,</i><trans> Let’s compare our marbles to see which is the smoothest and best rounded.
</trans></eg>
</sense></hom></entry></entry>");
INSERT INTO `wced_head` (entryid, head, normalized_head, type, pos) VALUES (12097, "mámurd", "mamurd", "s", "a");
INSERT INTO `wced_head` (entryid, head, normalized_head, type, pos) VALUES (12097, "mámurds", "mamurds", "s", "a");
INSERT INTO `wced_head` (entryid, head, normalized_head, type, pos) VALUES (12097, "mamuray", "mamuray", "s", "v");
INSERT INTO `wced_entry` VALUES (12098, "man", "665", "<entry page=""665"" id=""12098""><form id=""man"" lang=""ceb"">man</form>
<hom>
<sense n=""1""><number>1</number><trans> because. </trans>
<eg><i lang=""ceb"">Kay ang íya dapit man sa dáhun, mamúnga dáyun,</i><trans> Because his part was the part with the leaves, it would bear fruit quickly. </trans></eg>
</sense></hom>
<entry><form id=""man_ugud"" lang=""ceb""><abbr expan=""man"" type=""lemma"">—</abbr> ugud</form>
<hom>
<sense n=""0""><trans> because (giving an explanation). </trans>
<eg><i lang=""ceb"">Namatay ang tanum kay wà man gud bùbúi,</i><trans> The plant died because no one watered it. </trans></eg>
</sense>
<sense n=""2""><number>2</number><trans> <ix>after an interrogative:</ix> particle to make the question not abrupt. </trans>
<eg><i lang=""ceb"">Háin man siya?</i><trans> <pb n=""666""/>Could you tell me where he is? </trans></eg>
</sense>
<sense n=""3""><number>3</number><trans> particle with a statement contradicting a previous statement or presumption. </trans>
<eg><i lang=""ceb"">Dì man nà mau,</i><trans> That’s not the one. </trans></eg>
</sense>
<sense n=""4""><number>4</number><trans> particle with a statement giving information. </trans>
<eg><i lang=""ceb"">Nía man si Pidru karung buntága,</i><trans> Oh, Pedro is here this morning. </trans></eg>
</sense></hom></entry>
<entry><form id=""man_diay"" lang=""ceb""><abbr expan=""man"" type=""lemma"">—</abbr> diay</form>
<hom>
<sense n=""0""><trans> I notice that. </trans>
<eg><i lang=""ceb"">Nindut man diay ka kaáyung mukanta!</i><trans> Oh, I see you sing very beautifully. </trans></eg>
</sense></hom></entry>
<entry><form id=""man_kahaq"" lang=""ceb""><abbr expan=""man"" type=""lemma"">—</abbr> kahà</form>
<hom>
<sense n=""0""><trans> [so-and-so] apparently is the case. </trans>
<eg><i lang=""ceb"">Kami man kahay muluhud, anus-a man ang kasal?</i><trans> We are supposed to sponsor you, so when is the wedding going to be? </trans></eg>
<eg><i lang=""ceb"">Dì lang ka tagáan. Dì man kahà ka gustu,</i><trans> I won’t give you any. You apparently won’t want any, anyway. </trans></eg>
</sense></hom></entry>
<entry><form id=""man_lagi"" lang=""ceb""><abbr expan=""man"" type=""lemma"">—</abbr> lagi</form>
<hom>
<sense n=""0""><trans> I notice [so-and-so] is the case, nevertheless. </trans>
<eg><i lang=""ceb"">Ingun siya dì ka muanhi. Nía ka man lagi,</i><trans> He said you weren’t coming, but here you are! </trans></eg>
</sense>
<sense n=""5""><number>5</number><trans> in other phrases: </trans>
</sense></hom></entry>
<entry><form id=""ingun_man"" lang=""ceb"">ingun <abbr expan=""man"" type=""lemma"">—</abbr></form>
<hom>
<sense n=""0""><trans> as well as. </trans>
<eg><i lang=""ceb"">Mubuhis ang tagasyudad ingun man ang tagabaryu,</i><trans> The city people, as well as the barrio folks, pay taxes. </trans></eg>
</sense></hom></entry>
<entry><form id=""mau_man_gaxniq"" lang=""ceb"">mau <abbr expan=""man"" type=""lemma"">—</abbr> gánì</form>
<hom>
<sense n=""0""><trans> that’s why, despite what you would expect ... </trans>
<eg><i lang=""ceb"">Mau man gánì nga namula ang ákung pánit kay nabulad ku,</i><trans> I have red skin, despite what you would expect, because I was out in the sun. </trans></eg>
</sense></hom></entry>
<entry><form id=""na_man"" lang=""ceb"">na <abbr expan=""man"" type=""lemma"">—</abbr></form>
<hom>
<sense n=""0""><trans> <ix>see</ix> <xr lang=""ceb"" target=""#na""><sc>na</sc></xr>, <ix>4.</ix> </trans>
</sense></hom></entry>
<entry><form id=""paxla_man_run"" lang=""ceb"">pála <abbr expan=""man"" type=""lemma"">—</abbr> run</form>
<hom>
<sense n=""0""><trans> that’s flattery. </trans>
<eg><i lang=""ceb"">Pála man run ug dì pa tinúud,</i><trans> That would have been flattery if it were not true. </trans></eg>
</sense></hom></entry>
<entry><form id=""tuxud_man"" lang=""ceb"">túud <abbr expan=""man"" type=""lemma"">—</abbr></form>
<hom>
<sense n=""0""><trans> and so, as one would expect. </trans>
<eg><i lang=""ceb"">Túud man miabut dáyun ang pulis,</i><trans> And so, as one would expect, the police immediately arrived.
</trans></eg>
</sense></hom></entry></entry>");
INSERT INTO `wced_head` (entryid, head, normalized_head, type, pos) VALUES (12098, "man", "man", "m", "");
INSERT INTO `wced_head` (entryid, head, normalized_head, type, pos) VALUES (12098, "man ugud", "man ugud", "s", "");
INSERT INTO `wced_head` (entryid, head, normalized_head, type, pos) VALUES (12098, "man diay", "man diay", "s", "");
INSERT INTO `wced_head` (entryid, head, normalized_head, type, pos) VALUES (12098, "man kahà", "man kaha", "s", "");
INSERT INTO `wced_head` (entryid, head, normalized_head, type, pos) VALUES (12098, "man lagi", "man lagi", "s", "");
INSERT INTO `wced_head` (entryid, head, normalized_head, type, pos) VALUES (12098, "ingun man", "ingun man", "s", "");
INSERT INTO `wced_head` (entryid, head, normalized_head, type, pos) VALUES (12098, "mau man gánì", "mau man gani", "s", "");
INSERT INTO `wced_head` (entryid, head, normalized_head, type, pos) VALUES (12098, "na man", "na man", "s", "");
INSERT INTO `wced_head` (entryid, head, normalized_head, type, pos) VALUES (12098, "pála man run", "pala man run", "s", "");
INSERT INTO `wced_head` (entryid, head, normalized_head, type, pos) VALUES (12098, "túud man", "tuud man", "s", "");
INSERT INTO `wced_entry` VALUES (12099, "man-", "666", "<entry page=""666"" id=""12099""><form id=""maN-"" lang=""ceb"">maN-</form>
<hom>
<sense n=""0""><trans> <ix>(see p. xvi for the meaning of the symbol N)</ix> prefix added to bases with a prefix <bx>paN-</bx> to indicate future volitional active forms. (<ix>past</ix> <bx>naN-;</bx> <ix>subjunctive</ix> <bx>maN-</bx>. <ix>Durative forms: future and subjunctive</ix> <bx>magpaN-(→);</bx> <ix>past</ix> <bx>nagpaN-(→)</bx>. <ix>Potential active: future and subjunctive</ix> <bx>makapaN-</bx>; <ix>past</ix> <bx>nakapaN-</bx>.) </trans>
<eg><i lang=""ceb"">Mangutána ta kun háin siya,</i><trans> Let us ask where he is. </trans></eg>
<eg><i lang=""ceb"">Wà siya mangutána,</i><trans> He didn’t ask. </trans></eg>
<eg><i lang=""ceb"">Nangutána ku piru way tubag,</i><trans> I asked but there was no answer. </trans></eg>
<eg><i lang=""ceb"">Nagpanguput siya sa kahadluk,</i><trans> He held on with all his might for fright. </trans></eg>
<eg><i lang=""ceb"">Walà ku makapangutána,</i><trans> I didn’t get a chance to ask. </trans></eg>
<eg><i lang=""ceb"">Makapangasáwa ka na,</i><trans> You can get married now.
</trans></eg>
</sense></hom></entry>");
INSERT INTO `wced_head` (entryid, head, normalized_head, type, pos) VALUES (12099, "maN-", "man-", "m", "");
INSERT INTO `wced_entry` VALUES (12100, "mana, mana1", "666", "<entry page=""666"" id=""12100""><form id=""mana_maxna"" lang=""ceb"">mana, mána<sub>1</sub></form>
<hom role=""n""><pos>n</pos>
<sense n=""0""><trans> a title of respect to a female older than the speaker. </trans>
</sense></hom>
<hom role=""v""><pos>v</pos>
<sense n=""0""> <itype>[A13; a12]</itype><trans> call s.o. </trans>
<eg><i lang=""ceb"">mána.</i></eg>
</sense></hom></entry>");
INSERT INTO `wced_head` (entryid, head, normalized_head, type, pos) VALUES (12100, "mana", "mana", "s", "nv");
INSERT INTO `wced_head` (entryid, head, normalized_head, type, pos) VALUES (12100, "mána", "mana", "s", "nv");
INSERT INTO `wced_entry` VALUES (12101, "mana2", "666", "<entry page=""666"" id=""12101""><form id=""maxna2"" lang=""ceb"">mána<sub>2</sub></form>
<hom role=""n""><pos>n</pos>
<sense n=""0""><trans> k.o. cultivated tree, the bark and leaves of which are used for spices.
</trans>
</sense></hom></entry>");
INSERT INTO `wced_head` (entryid, head, normalized_head, type, pos) VALUES (12101, "mána", "mana", "s", "n");
INSERT INTO `wced_entry` VALUES (12102, "managing", "666", "<entry page=""666"" id=""12102""><form id=""manaxging"" lang=""ceb"">manáging</form>
<hom role=""n""><pos>n</pos>
<sense n=""0""><trans> k.o. white parrot, the racket-tailed parrot: <bio>Prioniturus discurus</bio>.
</trans>
</sense></hom></entry>");
INSERT INTO `wced_head` (entryid, head, normalized_head, type, pos) VALUES (12102, "manáging", "managing", "m", "n");
INSERT INTO `wced_entry` VALUES (12103, "manalabtan", "666", "<entry page=""666"" id=""12103""><form id=""manalabtan"" lang=""ceb"">manalabtan</form>
<hom>
<sense n=""0""><trans> <ix>see</ix> <xr lang=""ceb"" target=""#sabat""><sc>sabat</sc></xr>.
</trans>
</sense></hom></entry>");
INSERT INTO `wced_head` (entryid, head, normalized_head, type, pos) VALUES (12103, "manalabtan", "manalabtan", "m", "");
INSERT INTO `wced_entry` VALUES (12104, "manamu", "666", "<entry page=""666"" id=""12104""><form id=""manaxmuq"" lang=""ceb"">manámù</form>
<hom>
<sense n=""0""><trans> short for <xr lang=""ceb"" target=""#amahan_naxmuq""><sc>amahan námù</sc></xr> </trans>
</sense></hom>
<hom role=""n""><pos>n</pos>
<sense n=""0""><trans> the Lord’s Prayer.
</trans>
</sense></hom></entry>");
INSERT INTO `wced_head` (entryid, head, normalized_head, type, pos) VALUES (12104, "manámù", "manamu", "m", "n");
INSERT INTO `wced_entry` VALUES (12105, "mananabtan", "666", "<entry page=""666"" id=""12105""><form id=""mananabtan"" lang=""ceb"">mananabtan</form>
<hom>
<sense n=""0""><trans> <ix>see</ix> <xr lang=""ceb"" target=""#sabat""><sc>sabat</sc></xr>.
</trans>
</sense></hom></entry>");
INSERT INTO `wced_head` (entryid, head, normalized_head, type, pos) VALUES (12105, "mananabtan", "mananabtan", "m", "");
INSERT INTO `wced_entry` VALUES (12106, "manananggal", "666", "<entry page=""666"" id=""12106""><form id=""manananggal"" lang=""ceb"">manananggal</form>
<hom>
<sense n=""0""><trans> = <xr lang=""ceb"" target=""#anananggal""><sc>anananggal</sc></xr>.
</trans>
</sense></hom></entry>");
INSERT INTO `wced_head` (entryid, head, normalized_head, type, pos) VALUES (12106, "manananggal", "manananggal", "m", "");
INSERT INTO `wced_entry` VALUES (12107, "mananangkuy", "666", "<entry page=""666"" id=""12107""><form id=""mananangkuy"" lang=""ceb"">mananangkuy</form>
<hom role=""n""><pos>n</pos>
<sense n=""0""><trans> folk doctor (general term). </trans>
</sense></hom>
<hom role=""v""><pos>v</pos>
<sense n=""0""> <itype>[B13; a12]</itype><trans> become a healer.
</trans>
</sense></hom></entry>");
INSERT INTO `wced_head` (entryid, head, normalized_head, type, pos) VALUES (12107, "mananangkuy", "mananangkuy", "m", "nv");
INSERT INTO `wced_entry` VALUES (12108, "mananap", "666", "<entry page=""666"" id=""12108""><form id=""mananap"" lang=""ceb"">mananap</form>
<hom role=""n""><pos>n</pos>
<sense n=""0""><trans> <tr>animal</tr>, <tr>beast</tr>, <tr>insect</tr>. </trans>
</sense></hom>
<hom role=""a""><pos>a</pos>
<sense n=""0""><trans> brute, having the feelings of a beast. </trans>
<eg><i lang=""ceb"">Ikawng mananápa ka. Ngánung gibun-ug man nímu ang ákung anak?</i><trans> You beast. Why did you beat my son? </trans></eg>
</sense></hom>
<entry><form id=""minananap"" lang=""ceb""><abbr expan=""minananap"" type=""lemma"">-in-</abbr></form>
<hom role=""a""><pos>a</pos>
<sense n=""0""><trans> <tr>beastly</tr>.
</trans>
</sense></hom></entry></entry>");
INSERT INTO `wced_head` (entryid, head, normalized_head, type, pos) VALUES (12108, "mananap", "mananap", "m", "na");
INSERT INTO `wced_head` (entryid, head, normalized_head, type, pos) VALUES (12108, "minananap", "minananap", "s", "a");
INSERT INTO `wced_translation` (entryid, translation) VALUES (12108, "animal");
INSERT INTO `wced_translation` (entryid, translation) VALUES (12108, "beast");
INSERT INTO `wced_translation` (entryid, translation) VALUES (12108, "insect");
INSERT INTO `wced_translation` (entryid, translation) VALUES (12108, "beastly");
INSERT INTO `wced_entry` VALUES (12109, "manan-aw", "666", "<entry page=""666"" id=""12109""><form id=""manan-aw"" lang=""ceb"">manan-aw</form>
<hom role=""n""><pos>n</pos>
<sense n=""0""><trans> general name for ornamental air orchids.
</trans>
</sense></hom></entry>");
INSERT INTO `wced_head` (entryid, head, normalized_head, type, pos) VALUES (12109, "manan-aw", "manan-aw", "m", "n");
INSERT INTO `wced_entry` VALUES (12110, "manandis", "666", "<entry page=""666"" id=""12110""><form id=""manandis"" lang=""ceb"">manandis</form>
<hom role=""a""><pos>a</pos>
<sense n=""0""><trans> henpecked husband. </trans>
</sense></hom>
<hom role=""v""><pos>v</pos>
<sense n=""0""> <itype>[B2]</itype><trans> become henpecked.
</trans>
</sense></hom></entry>");
INSERT INTO `wced_head` (entryid, head, normalized_head, type, pos) VALUES (12110, "manandis", "manandis", "m", "av");
INSERT INTO `wced_entry` VALUES (12111, "manang, manang", "666", "<entry page=""666"" id=""12111""><form id=""manang_maxnang"" lang=""ceb"">manang, mánang</form>
<hom role=""n""><pos>n</pos>
<sense n=""1""><number>1</number><trans> title for elder sister. </trans>
</sense>
<sense n=""2""><number>2</number><trans> title given to any woman older than the speaker. </trans>
</sense></hom>
<hom role=""v""><pos>v</pos>
<sense n=""0""> <itype>[A13; a12]</itype><trans> call s.o. <ix>manang.</ix> </trans>
</sense></hom>
<entry><form id=""manang"" lang=""ceb""><abbr expan=""manang"" type=""lemma"">(→)</abbr></form>
<hom>
<sense n=""0""><trans> voc. form. <ix>short form:</ix> <bx>nang.</bx>
</trans>
</sense></hom></entry></entry>");
INSERT INTO `wced_head` (entryid, head, normalized_head, type, pos) VALUES (12111, "manang", "manang", "s", "nv");
INSERT INTO `wced_head` (entryid, head, normalized_head, type, pos) VALUES (12111, "mánang", "manang", "s", "nv");
INSERT INTO `wced_entry` VALUES (12112, "mananggiti", "666", "<entry page=""666"" id=""12112""><form id=""mananggixti"" lang=""ceb"">mananggíti</form>
<hom role=""n""><pos>n</pos>
<sense n=""0""><trans> toddy gatherer. </trans>
</sense></hom>
<hom role=""v""><pos>v</pos>
<sense n=""0""> <itype>[B156]</itype><trans> be, become a toddy gatherer.
</trans>
</sense></hom></entry>");
INSERT INTO `wced_head` (entryid, head, normalized_head, type, pos) VALUES (12112, "mananggíti", "mananggiti", "m", "nv");
INSERT INTO `wced_entry` VALUES (12113, "mananuy", "666", "<entry page=""666"" id=""12113""><form id=""manaxnuy"" lang=""ceb"">manánuy</form>
<hom role=""a""><pos>a</pos>
<sense n=""0""><trans> sweet-sounding, melodious. </trans>
<eg><i lang=""ceb"">Ang manánuyng tíngug sa langgam,</i><trans> The sweet, melodious voice of the bird.
</trans></eg>
</sense></hom></entry>");
INSERT INTO `wced_head` (entryid, head, normalized_head, type, pos) VALUES (12113, "manánuy", "mananuy", "m", "a");
INSERT INTO `wced_entry` VALUES (12114, "manatad", "666", "<entry page=""666"" id=""12114""><form id=""manaxtad"" lang=""ceb"">manátad</form>
<hom role=""n""><pos>n</pos>
<sense n=""0""><trans> k.o. dove: the green-winged ground dove: <bio>Chalcophaps indica</bio>. </trans>
</sense></hom>
<entry><form id=""tuxlin_pa_sa_manaxtad"" lang=""ceb"">túlin pa sa <abbr expan=""manátad"" type=""lemma"">—</abbr></form>
<hom>
<sense n=""0""><trans> very swift.
</trans>
</sense></hom></entry></entry>");
INSERT INTO `wced_head` (entryid, head, normalized_head, type, pos) VALUES (12114, "manátad", "manatad", "m", "n");
INSERT INTO `wced_head` (entryid, head, normalized_head, type, pos) VALUES (12114, "túlin pa sa manátad", "tulin pa sa manatad", "s", "");
INSERT INTO `wced_entry` VALUES (12115, "manau, manaul1", "666", "<entry page=""666"" id=""12115""><form id=""manau_manaul"" lang=""ceb"">manau, manaul<sub>1</sub></form>
<hom role=""n""><pos>n</pos>
<sense n=""0""><trans> k.o. parasitic air plant, with long linear lanceolate leaves radiating from the center: <bio>Asplenium nidus</bio>.
</trans>
</sense></hom></entry>");
INSERT INTO `wced_head` (entryid, head, normalized_head, type, pos) VALUES (12115, "manau", "manau", "s", "n");
INSERT INTO `wced_head` (entryid, head, normalized_head, type, pos) VALUES (12115, "manaul", "manaul", "s", "n");
INSERT INTO `wced_entry` VALUES (12116, "manaul2", "666", "<entry page=""666"" id=""12116""><form id=""manaul2"" lang=""ceb"">manaul<sub>2</sub></form>
<hom role=""n""><pos>n</pos>
<sense n=""0""><trans> the white-breasted sea eagle: <bio>Haliaetus leucogaster</bio>.
</trans>
</sense></hom></entry>");
INSERT INTO `wced_head` (entryid, head, normalized_head, type, pos) VALUES (12116, "manaul", "manaul", "s", "n");
INSERT INTO `wced_entry` VALUES (12117, "manay, manay", "666", "<entry page=""666"" id=""12117""><form id=""manay_maxnay"" lang=""ceb"">manay, mánay</form>
<hom role=""n""><pos>n</pos>
<sense n=""0""><trans> title for a female much older than the speaker. </trans>
</sense></hom>
<hom role=""v""><pos>v</pos>
<sense n=""0""> <itype>[A13; a12]</itype><trans> call s.o. <ix>manáy.</ix> </trans>
</sense></hom>
<entry><form id=""manay"" lang=""ceb""><abbr expan=""manay"" type=""lemma"">(→)</abbr></form>
<hom>
<sense n=""0""><trans> voc. form.
</trans>
</sense></hom></entry></entry>");
INSERT INTO `wced_head` (entryid, head, normalized_head, type, pos) VALUES (12117, "manay", "manay", "s", "nv");
INSERT INTO `wced_head` (entryid, head, normalized_head, type, pos) VALUES (12117, "mánay", "manay", "s", "nv");
INSERT INTO `wced_entry` VALUES (12118, "man-ay", "666", "<entry page=""666"" id=""12118""><form id=""maN-ay"" lang=""ceb"">maN-ay</form>
<hom>
<sense n=""0""><trans> regional alternant of <ix>maN-r-.</ix>
</trans>
</sense></hom></entry>");
INSERT INTO `wced_head` (entryid, head, normalized_head, type, pos) VALUES (12118, "maN-ay", "man-ay", "m", "");
INSERT INTO `wced_entry` VALUES (12119, "manbad", "666", "<entry page=""666"" id=""12119""><form id=""manbad"" lang=""ceb"">manbad</form>
<hom>
<sense n=""0""><trans> (from <ix>subad</ix>) </trans>
</sense></hom>
<hom role=""n""><pos>n</pos>
<sense n=""1""><number>1</number><trans> any large deep-sea fish. </trans>
</sense>
<sense n=""2""><number>2</number><trans> usurer. </trans>
<eg><i lang=""ceb"">Nadátù siya kay mambad nga dakù,</i><trans> He became rich because he was a great usurer. </trans></eg>
</sense>
<sense n=""3""><number>3</number> <form id=""dakung_manbad"" lang=""ceb"">dakung <abbr expan=""manbad"" type=""lemma"">—</abbr></form><trans> an important person of great influence. </trans>
<eg><i lang=""ceb"">Si Lawril dakung mambad sa pulitika,</i><trans> Laurel is a big figure in politics. </trans></eg>
</sense></hom>
<hom role=""a""><pos>a</pos>
<sense n=""1""><number>1</number><trans> fierce and grasping. </trans>
<eg><i lang=""ceb"">Púru mga mambad ang tagaadwána. Padug-un ka giyud ug táman,</i><trans> The customs people are voracious beasts. They’ll bleed you dry. </trans></eg>
</sense>
<sense n=""2""><number>2</number><trans> fierce, termagant woman. </trans>
<eg><i lang=""ceb"">Túa na pud, gitapuk-an na pud si Tiryu sa íyang mambad nga asáwa,</i><trans> There goes Terio’s shrewish wife at him again. </trans></eg>
</sense>
<sense n=""3""><number>3</number><trans> s.o. that is dangerous to women. </trans>
<eg><i lang=""ceb"">Ayawg túu níya kay mambad nà sa mga babáyi,</i><trans> Don’t believe him because he is dangerous to women. </trans></eg>
</sense></hom>
<entry><form id=""kamanbad"" lang=""ceb""><abbr expan=""kamanbad"" type=""lemma"">ka-</abbr></form>
<hom role=""n""><pos>n</pos>
<sense n=""0""><trans> quality of being fierce and grasping. </trans>
<eg><i lang=""ceb"">Ang kamambad sa pamingkúngan,</i><trans> The fierceness of a hammerhead shark.
</trans></eg>
</sense></hom></entry></entry>");
INSERT INTO `wced_head` (entryid, head, normalized_head, type, pos) VALUES (12119, "manbad", "manbad", "m", "na");
INSERT INTO `wced_head` (entryid, head, normalized_head, type, pos) VALUES (12119, "dakung manbad", "dakung manbad", "s", "");
INSERT INTO `wced_head` (entryid, head, normalized_head, type, pos) VALUES (12119, "kamanbad", "kamanbad", "s", "n");
INSERT INTO `wced_entry` VALUES (12120, "mandalusa", "666", "<entry page=""666"" id=""12120""><form id=""mandaluxsa"" lang=""ceb"">mandalúsa</form>
<hom>
<sense n=""0""><trans> = <xr lang=""ceb"" target=""#salimbaxngun""><sc>salimbángun</sc></xr>.
</trans>
</sense></hom></entry>");
INSERT INTO `wced_head` (entryid, head, normalized_head, type, pos) VALUES (12120, "mandalúsa", "mandalusa", "m", "");
INSERT INTO `wced_entry` VALUES (12121, "mandaluyung", "666", "<entry page=""666"" id=""12121""><form id=""Mandaluxyung"" lang=""ceb"">Mandalúyung</form>
<hom role=""n""><pos>n</pos>
<sense n=""0""><trans> a district in Rizal, Luzon. </trans>
</sense></hom>
<entry><form id=""tagamandaluxyung_gixkan_sa_Mandaluxyung"" lang=""ceb""><abbr expan=""tagamandalúyung"" type=""lemma"">taga-</abbr>, gíkan sa <abbr expan=""Mandalúyung"" type=""lemma"">—</abbr></form>
<hom>
<sense n=""0""><trans> <tr>crazy</tr> (lit. one who has been a patient at the mental hospital in <pb n=""667""/>Mandaluyong).
</trans>
</sense></hom></entry></entry>");
INSERT INTO `wced_head` (entryid, head, normalized_head, type, pos) VALUES (12121, "Mandalúyung", "mandaluyung", "m", "n");
INSERT INTO `wced_head` (entryid, head, normalized_head, type, pos) VALUES (12121, "tagamandalúyung", "tagamandaluyung", "s", "");
INSERT INTO `wced_head` (entryid, head, normalized_head, type, pos) VALUES (12121, "gíkan sa Mandalúyung", "gikan sa mandaluyung", "s", "");
INSERT INTO `wced_translation` (entryid, translation) VALUES (12121, "crazy");
INSERT INTO `wced_entry` VALUES (12122, "mandamyintu diaristu", "667", "<entry page=""667"" id=""12122""><form id=""mandamyintu_diaristu"" lang=""ceb"">mandamyintu diaristu</form>
<hom>
<sense n=""0""><trans> warrant of arrest.
</trans>
</sense></hom></entry>");
INSERT INTO `wced_head` (entryid, head, normalized_head, type, pos) VALUES (12122, "mandamyintu diaristu", "mandamyintu diaristu", "m", "");
INSERT INTO `wced_entry` VALUES (12123, "mandar", "667", "<entry page=""667"" id=""12123""><form id=""manda4r"" lang=""ceb"">mandǎr</form>
<hom role=""n""><pos>n</pos>
<sense n=""1""><number>1</number><trans> command; word or phrase esp. in set form by which a command is given. </trans>
<eg><i lang=""ceb"">Ang mandǎr sa kapitan pagpahúnung ug tíru,</i><trans> The captain’s command to cease fire. </trans></eg>
</sense>
<sense n=""2""><number>2</number><trans> order, a serving of food in a public eating place. </trans>
<eg><i lang=""ceb"">Unsa man tuy ímung mandǎr, pipsi u kuk?</i><trans> What did you order, Pepsi or Coke? </trans></eg>
</sense></hom>
<hom role=""v""><pos>v</pos>
<sense n=""0""> <itype>[A; c]</itype><trans> </trans>
</sense>
<sense n=""1""><number>1</number><trans> command, give an order to. </trans>
</sense>
<sense n=""1a""><number>1a</number><trans> command, order people around. </trans>
<eg><i lang=""ceb"">Nagmandǎr na sad ang tapulan,</i><trans> The lazy lout is giving orders again. </trans></eg>
</sense>
<sense n=""2""><number>2</number><trans> order, request a serving to be brought. </trans>
<eg><i lang=""ceb"">Nakamandǎr na ba mu?</i><trans> Have you ordered? </trans></eg>
</sense></hom>
<entry><form id=""mandasiyun"" lang=""ceb"">mandasiyun</form>
<hom role=""n""><pos>n</pos>
<sense n=""0""><trans> command. </trans>
<eg><i lang=""ceb"">Ang mga ultimu mutúman sa mandasiyun sa kábu,</i><trans> The privates follow the commands of the corporal. </trans></eg>
</sense></hom>
<hom role=""a""><pos>a</pos>
<sense n=""0""><trans> liking to give orders. </trans>
<eg><i lang=""ceb"">Mandasiyun kaáyu nang ákung maguwang unyà dì mutábang sa trabáhu,</i><trans> My older brother loves to give orders, and yet he doesn’t help with the work.
</trans></eg>
</sense></hom></entry></entry>");
INSERT INTO `wced_head` (entryid, head, normalized_head, type, pos) VALUES (12123, "mandǎr", "mandar", "m", "nv");
INSERT INTO `wced_head` (entryid, head, normalized_head, type, pos) VALUES (12123, "mandasiyun", "mandasiyun", "s", "na");
INSERT INTO `wced_entry` VALUES (12124, "mandasiyun", "667", "<entry page=""667"" id=""12124""><form id=""mandasiyun"" lang=""ceb"">mandasiyun</form>
<hom>
<sense n=""0""><trans> <ix>see</ix> <xr lang=""ceb"" target=""#manda4r""><sc>mandǎr</sc></xr>.
</trans>
</sense></hom></entry>");
INSERT INTO `wced_head` (entryid, head, normalized_head, type, pos) VALUES (12124, "mandasiyun", "mandasiyun", "m", "");
INSERT INTO `wced_entry` VALUES (12125, "manday", "667", "<entry page=""667"" id=""12125""><form id=""manday"" lang=""ceb"">manday</form>
<hom>
<sense n=""1""><number>1</number><trans> it’s too late to be of use. </trans>
<eg><i lang=""ceb"">Manday human na ang baratilyu,</i><trans> It’s too late. The sale is over. </trans></eg>
</sense>
<sense n=""1a""><number>1a</number><trans> just when s.t. happens that is too late or inconvenient, s.t. else happens. </trans>
<eg><i lang=""ceb"">Manday wà tay kwarta mu puy idaut sa mga bátà,</i><trans> Just when we are broke, the children get sick. </trans></eg>
<eg><i lang=""ceb"">Manday human ka nag káun mu pay ipanangpit,</i><trans> You invite me to eat only after you’re done? </trans></eg>
<eg><i lang=""ceb"">Manday lumalarga na aku mu pay pagkaíla námù,</i><trans> We got acquainted just as we were about to leave town. </trans></eg>
</sense>
<sense n=""2""><number>2</number> <form id=""manday_untaq"" lang=""ceb""><abbr expan=""manday"" type=""lemma"">—</abbr> untà</form><trans> instead of doing what was expected. </trans>
<eg><i lang=""ceb"">Manday untà masukù siya, mipahíyum hinúun,</i><trans> Instead of he getting angry, he smiled. </trans></eg>
</sense>
<sense n=""2a""><number>2a</number><trans> although, despite the fact that. </trans>
<eg><i lang=""ceb"">Manday daghang anak, gastadur hinúun,</i><trans> Although she has lots of children, she spends money like mad.†
</trans></eg>
</sense></hom></entry>");
INSERT INTO `wced_head` (entryid, head, normalized_head, type, pos) VALUES (12125, "manday", "manday", "m", "");
INSERT INTO `wced_head` (entryid, head, normalized_head, type, pos) VALUES (12125, "manday untà", "manday unta", "s", "");
INSERT INTO `wced_entry` VALUES (12126, "mandi, manding", "667", "<entry page=""667"" id=""12126""><form id=""mandi_manding"" lang=""ceb"">mandi, manding</form>
<hom role=""n""><pos>n</pos>
<sense n=""0""><trans> a title of address for an elder sister or female relative much older than the speaker. </trans>
</sense></hom>
<hom role=""v""><pos>v</pos>
<sense n=""0""> <itype>[B2; a12]</itype><trans> call s.o. </trans>
<eg><i lang=""ceb"">manding.</i></eg>
</sense></hom></entry>");
INSERT INTO `wced_head` (entryid, head, normalized_head, type, pos) VALUES (12126, "mandi", "mandi", "s", "nv");
INSERT INTO `wced_head` (entryid, head, normalized_head, type, pos) VALUES (12126, "manding", "manding", "s", "nv");
INSERT INTO `wced_entry` VALUES (12127, "mandu", "667", "<entry page=""667"" id=""12127""><form id=""manduq"" lang=""ceb"">mandù</form>
<hom role=""v""><pos>v</pos>
<sense n=""1""><number>1</number> <itype>[A; b6(1)]</itype><trans> give an order, command. </trans>
<eg><i lang=""ceb"">Gimandúan ang mga tríni pagdágan líbut sa kampu,</i><trans> The trainees were ordered to run around the camp. </trans></eg>
</sense>
<sense n=""2""><number>2</number> <itype>[A; b6]</itype><trans> rule or reign. </trans>
<eg><i lang=""ceb"">Siya ang hára nga mimandù sa pangílin,</i><trans> She was the queen that reigned over the fiesta. </trans></eg>
</sense>
<sense n=""3""><number>3</number> <itype>[A3; b6]</itype><trans> prevail. </trans>
<eg><i lang=""ceb"">Human sa makusug nga litì ug bagyu mimandù ang túmang kalínaw,</i><trans> After the fierce thunderstorm, quiet prevailed. </trans></eg>
</sense></hom>
<hom role=""n""><pos>n</pos>
<sense n=""1""><number>1</number><trans> order, command. </trans>
<eg><i lang=""ceb"">Tumána ang ákung mandù,</i><trans> Carry out my order. </trans></eg>
</sense></hom>
<entry><form id=""magmamanduq"" lang=""ceb""><abbr expan=""magmamandù"" type=""lemma"">mag-r-</abbr></form>
<hom role=""n""><pos>n</pos>
<sense n=""0""><trans> <tr>ruler</tr>, <tr>commander</tr>. </trans>
</sense></hom></entry>
<entry><form id=""mamanduxun"" lang=""ceb""><abbr expan=""mamandúun"" type=""lemma"">ma-un</abbr></form>
<hom role=""a""><pos>a</pos>
<sense n=""0""><trans> commanding. </trans>
<eg><i lang=""ceb"">‘Lakaw,’ tíngug ni Aldu nga mamandúun,</i><trans> ‘Go!’ said Aldo in a commanding voice. </trans></eg>
</sense></hom></entry>
<entry><form id=""kamanduxan"" lang=""ceb""><abbr expan=""kamandúan"" type=""lemma"">ka-an</abbr></form>
<hom role=""n""><pos>n</pos>
<sense n=""0""><trans> area over which s.o. rules. </trans>
<eg><i lang=""ceb"">Ang kamandúan sa armi pinangulúhan ni Hiniral Riyis,</i><trans> The Army Command is headed by General Reyes.
</trans></eg>
</sense></hom></entry></entry>");
INSERT INTO `wced_head` (entryid, head, normalized_head, type, pos) VALUES (12127, "mandù", "mandu", "m", "vn");
INSERT INTO `wced_head` (entryid, head, normalized_head, type, pos) VALUES (12127, "magmamandù", "magmamandu", "s", "n");
INSERT INTO `wced_head` (entryid, head, normalized_head, type, pos) VALUES (12127, "mamandúun", "mamanduun", "s", "a");
INSERT INTO `wced_head` (entryid, head, normalized_head, type, pos) VALUES (12127, "kamandúan", "kamanduan", "s", "n");
INSERT INTO `wced_translation` (entryid, translation) VALUES (12127, "ruler");
INSERT INTO `wced_translation` (entryid, translation) VALUES (12127, "commander");
INSERT INTO `wced_entry` VALUES (12128, "mandunggu", "667", "<entry page=""667"" id=""12128""><form id=""mandunggu"" lang=""ceb"">mandunggu</form>
<hom role=""n""><pos>n</pos>
<sense n=""0""><trans> beef tripes. </trans>
</sense></hom>
<entry><form id=""mandunggaxda"" lang=""ceb"">mandunggáda</form>
<hom role=""n""><pos>n</pos>
<sense n=""0""><trans> dish made of blood and the internal organs of beef. </trans>
</sense></hom>
<hom role=""v""><pos>v</pos>
<sense n=""0""> <itype>[A12; a12]</itype><trans> make, make into a dish of blood and internal organs of beef.
</trans>
</sense></hom></entry></entry>");
INSERT INTO `wced_head` (entryid, head, normalized_head, type, pos) VALUES (12128, "mandunggu", "mandunggu", "m", "n");
INSERT INTO `wced_head` (entryid, head, normalized_head, type, pos) VALUES (12128, "mandunggáda", "mandunggada", "s", "nv");
INSERT INTO `wced_entry` VALUES (12129, "manga", "667", "<entry page=""667"" id=""12129""><form id=""manga"" lang=""ceb"">manga</form>
<hom>
<sense n=""0""><trans> <ix>always written</ix> <bx>mga.</bx> </trans>
</sense>
<sense n=""1""><number>1</number><trans> particle optionally placed preceding a noun or adjective to indicate plurals, but referring only to things that are not all exactly alike. </trans>
<eg><i lang=""ceb"">Ang mga istudiyanti nanambung sa míting,</i><trans> The various students attended the meeting. </trans></eg>
<eg><i lang=""ceb"">Mga karáan kining mga libru,</i><trans> These are all old books. </trans></eg>
</sense>
<sense n=""1a""><number>1a</number><trans> particle preceding the name for parts of the body of which there are more than one. </trans>
<eg><i lang=""ceb"">Sakit ákung mga mata,</i><trans> My eyes hurt. </trans></eg>
</sense>
<sense n=""2""><number>2</number><trans> preceding a form referring to time, measurement: about, approximately. </trans>
<eg><i lang=""ceb"">Mga alas utsu,</i><trans> At around eight o’clock. </trans></eg>
<eg><i lang=""ceb"">Mupalit kug kutsi, tingáli mga Iníru,</i><trans> I will buy a car, probably around January. </trans></eg>
<eg><i lang=""ceb"">Mga duha ka búwan kanhi,</i><trans> About two months ago. </trans></eg>
<eg><i lang=""ceb"">Mga duha ka pulgáda,</i><trans> About two inches. </trans></eg>
<eg><i lang=""ceb"">Mga dus písus,</i><trans> Around two pesos.
</trans></eg>
</sense></hom></entry>");
INSERT INTO `wced_head` (entryid, head, normalized_head, type, pos) VALUES (12129, "manga", "manga", "m", "");
INSERT INTO `wced_entry` VALUES (12130, "mangagat, mangagat", "667", "<entry page=""667"" id=""12130""><form id=""mangagat_mangaxgat"" lang=""ceb"">mangagat, mangágat</form>
<hom role=""n""><pos>n</pos>
<sense n=""0""><trans> snapper, name given to most species of <bio>Lutianus</bio>.
</trans>
</sense></hom></entry>");
INSERT INTO `wced_head` (entryid, head, normalized_head, type, pos) VALUES (12130, "mangagat", "mangagat", "s", "n");
INSERT INTO `wced_head` (entryid, head, normalized_head, type, pos) VALUES (12130, "mangágat", "mangagat", "s", "n");
INSERT INTO `wced_entry` VALUES (12131, "mangagaw", "667", "<entry page=""667"" id=""12131""><form id=""mangaxgaw"" lang=""ceb"">mangágaw</form>
<hom role=""n""><pos>n</pos>
<sense n=""0""><trans> k.o. annual, stiff-haired herb, much-branched from the base, with small flowers in dense axilliary clusters. The stem yields a white milky sap which is used to cure fevers: <bio>Euphorbia pilulifera</bio> and <bio>hirta</bio>.
</trans>
</sense></hom></entry>");
INSERT INTO `wced_head` (entryid, head, normalized_head, type, pos) VALUES (12131, "mangágaw", "mangagaw", "m", "n");
INSERT INTO `wced_entry` VALUES (12132, "mangga", "667", "<entry page=""667"" id=""12132""><form id=""mangga"" lang=""ceb"">mangga</form>
<hom role=""n""><pos>n</pos>
<sense n=""0""><trans> <tr>mango</tr>: <bio>Mangifera indica</bio>. </trans>
</sense></hom>
<entry><form id=""manggaxhun"" lang=""ceb"">manggáhun</form>
<hom role=""a""><pos>a</pos>
<sense n=""1""><number>1</number><trans> plump in cheeks. </trans>
</sense>
<sense n=""2""><number>2</number><trans> having red splotches like some varieties of mangoes. </trans>
</sense></hom></entry>
<entry><form id=""manggahan"" lang=""ceb"">manggahan</form>
<hom role=""n""><pos>n</pos>
<sense n=""0""><trans> mango orchard. </trans>
</sense></hom>
<hom role=""v""><pos>v</pos>
<sense n=""0""> <itype>[A13]</itype><trans> grow mangoes.
</trans>
</sense></hom></entry></entry>");
INSERT INTO `wced_head` (entryid, head, normalized_head, type, pos) VALUES (12132, "mangga", "mangga", "m", "n");
INSERT INTO `wced_head` (entryid, head, normalized_head, type, pos) VALUES (12132, "manggáhun", "manggahun", "s", "a");
INSERT INTO `wced_head` (entryid, head, normalized_head, type, pos) VALUES (12132, "manggahan", "manggahan", "s", "nv");
INSERT INTO `wced_translation` (entryid, translation) VALUES (12132, "mango");
INSERT INTO `wced_entry` VALUES (12133, "manggad", "667", "<entry page=""667"" id=""12133""><form id=""manggad"" lang=""ceb"">manggad</form>
<hom role=""n""><pos>n</pos>
<sense n=""1""><number>1</number><trans> prized position, treasure, riches, wealth. </trans>
<eg><i lang=""ceb"">Náa sa baul ibutang ang ílang manggad,</i><trans> Their treasures are placed inside a trunk. </trans></eg>
</sense>
<sense n=""2""><number>2</number><trans> dry goods. </trans>
<eg><i lang=""ceb"">Nabasà ang mga manggad nga íyang gisúruy,</i><trans> The dry goods he was peddling got wet. </trans></eg>
</sense></hom>
<hom role=""v""><pos>v</pos>
<sense n=""1""><number>1</number> <itype>[AB; c]</itype><trans> treasure, hold s.t. dear. </trans>
<eg><i lang=""ceb"">Wà sila magmanggad sa kabílin sa ílang katigulángan,</i><trans> They do not value the things their ancestors left them. </trans></eg>
<eg><i lang=""ceb"">Manggára (imanggad) ang íyang mga púlung,</i><trans> Treasure his words. </trans></eg>
</sense>
<sense n=""2""><number>2</number> <itype>[A]</itype><trans> care for with devotion, lavish attention. </trans>
<eg><i lang=""ceb"">Way mumanggad sa ákung mga tanum ug mubyáhi ku,</i><trans> No one will tend to my plants if I go on a trip. </trans></eg>
</sense></hom>
<entry><form id=""manggaraxnun"" lang=""ceb"">manggaránun</form>
<hom role=""a""><pos>a</pos>
<sense n=""0""><trans> wealthy, rich. </trans>
<eg><i lang=""ceb"">Lagmit sa mga manggaránun mga garbúsu,</i><trans> The rich are usually arrogant.
</trans></eg>
</sense></hom></entry></entry>");
INSERT INTO `wced_head` (entryid, head, normalized_head, type, pos) VALUES (12133, "manggad", "manggad", "m", "nv");
INSERT INTO `wced_head` (entryid, head, normalized_head, type, pos) VALUES (12133, "manggaránun", "manggaranun", "s", "a");
INSERT INTO `wced_entry` VALUES (12134, "manggas", "667", "<entry page=""667"" id=""12134""><form id=""manggas"" lang=""ceb"">manggas</form>
<hom role=""n""><pos>n</pos>
<sense n=""1""><number>1</number><trans> sleeve, cuff. </trans>
<eg><i lang=""ceb"">Íyang gilúkut ang manggas sa íyang kamisadintru,</i><trans> He rolled <pb n=""668""/>up his shirt sleeves. </trans></eg>
</sense>
<sense n=""2""><number>2</number><trans> bottom of trousers. </trans>
<eg><i lang=""ceb"">Bukad ug manggas ang bilbátum,</i><trans> Bell-bottom trousers have wide trouser legs. </trans></eg>
</sense></hom>
<hom role=""v""><pos>v</pos>
<sense n=""0""> <itype>[A; a]</itype><trans> provide with sleeves or cuffs.
</trans>
</sense></hom></entry>");
INSERT INTO `wced_head` (entryid, head, normalized_head, type, pos) VALUES (12134, "manggas", "manggas", "m", "nv");
INSERT INTO `wced_entry` VALUES (12135, "manggatus", "668", "<entry page=""668"" id=""12135""><form id=""manggaxtus"" lang=""ceb"">manggátus</form>
<hom>
<sense n=""0""><trans> <ix>see</ix> <xr lang=""ceb"" target=""#gatus""><sc>gatus</sc></xr>.
</trans>
</sense></hom></entry>");
INSERT INTO `wced_head` (entryid, head, normalized_head, type, pos) VALUES (12135, "manggátus", "manggatus", "m", "");
INSERT INTO `wced_entry` VALUES (12136, "manggi-", "668", "<entry page=""668"" id=""12136""><form id=""manggi-"" lang=""ceb"">manggi-</form>
<hom>
<sense n=""0""><trans> the <corr sic=""futural"">future</corr> volitional active form of verbs with a prefix <xr lang=""ceb"" target=""#panggi-""><sc>panggi-</sc></xr>. <xr lang=""ceb"" target=""#past""><sc>past</sc></xr>: <bx>nanggi-</bx>. </trans>
<eg><i lang=""ceb"">Didtu sila sa sála manggidáma,</i><trans> They were in the living room playing checkers.
</trans></eg>
</sense></hom></entry>");
INSERT INTO `wced_head` (entryid, head, normalized_head, type, pos) VALUES (12136, "manggi-", "manggi-", "m", "");
INSERT INTO `wced_entry` VALUES (12137, "manggilis", "668", "<entry page=""668"" id=""12137""><form id=""manggilis"" lang=""ceb"">manggilis</form>
<hom role=""n""><pos>n</pos>
<sense n=""0""><trans> k.o. sweet potato with light reddish peelings and white meat. Its rather dry meat makes it good eating.
</trans>
</sense></hom></entry>");
INSERT INTO `wced_head` (entryid, head, normalized_head, type, pos) VALUES (12137, "manggilis", "manggilis", "m", "n");
INSERT INTO `wced_entry` VALUES (12138, "manggi-un(←)", "668", "<entry page=""668"" id=""12138""><form id=""manggi-unlx"" lang=""ceb"">manggi-un(←)</form>
<hom>
<sense n=""0""><trans> alternant of <ix>ma-un</ix> used with some bases instead of <ix>ma-un</ix>. </trans>
<eg><i lang=""ceb"">Manggihatágun,</i><trans> Generous.
</trans></eg>
</sense></hom></entry>");
INSERT INTO `wced_head` (entryid, head, normalized_head, type, pos) VALUES (12138, "manggi-un(←)", "manggi-un(←)", "m", "");
INSERT INTO `wced_entry` VALUES (12139, "manggu", "668", "<entry page=""668"" id=""12139""><form id=""manggu"" lang=""ceb"">manggu</form>
<hom role=""n""><pos>n</pos>
<sense n=""0""><trans> handle of a pick, ax or a similar tool. </trans>
</sense></hom>
<hom role=""v""><pos>v</pos>
<sense n=""0""> <itype>[b6(1)]</itype><trans> make a handle of this sort.
</trans>
</sense></hom></entry>");
INSERT INTO `wced_head` (entryid, head, normalized_head, type, pos) VALUES (12139, "manggu", "manggu", "m", "nv");
INSERT INTO `wced_entry` VALUES (12140, "manggulimbaw", "668", "<entry page=""668"" id=""12140""><form id=""manggulimbaw"" lang=""ceb"">manggulimbaw</form>
<hom role=""n""><pos>n</pos>
<sense n=""0""><trans> k.o. shrimp growing to <measure reg=""3.8 cm"">1½″</measure> with one claw bigger than the other.
</trans>
</sense></hom></entry>");
INSERT INTO `wced_head` (entryid, head, normalized_head, type, pos) VALUES (12140, "manggulimbaw", "manggulimbaw", "m", "n");
INSERT INTO `wced_entry` VALUES (12141, "manggustan", "668", "<entry page=""668"" id=""12141""><form id=""manggustan"" lang=""ceb"">manggustan</form>
<hom role=""n""><pos>n</pos>
<sense n=""0""><trans> <tr>mangosteen</tr>.
</trans>
</sense></hom></entry>");
INSERT INTO `wced_head` (entryid, head, normalized_head, type, pos) VALUES (12141, "manggustan", "manggustan", "m", "n");
INSERT INTO `wced_translation` (entryid, translation) VALUES (12141, "mangosteen");
INSERT INTO `wced_entry` VALUES (12142, "manghud", "668", "<entry page=""668"" id=""12142""><form id=""manghud"" lang=""ceb"">manghud</form>
<hom role=""n""><pos>n</pos>
<sense n=""0""><trans> younger brother, sister. </trans>
</sense></hom>
<hom role=""a""><pos>a</pos>
<sense n=""1""><number>1</number><trans> younger in age than s.o. else. </trans>
<eg><i lang=""ceb"">Manghud ka nákug duha ka túig,</i><trans> You are two years younger than I am. </trans></eg>
</sense>
<sense n=""2""><number>2</number><trans> less in intensity. </trans>
<eg><i lang=""ceb"">Ang íyang pátid manghud lag diyútay sa pátid sa kabáyung simarun,</i><trans> His kick was just a little less than a wild horse’s. </trans></eg>
<eg><i lang=""ceb"">Ang ímung tíngug manghud lag diyútay sa hunghung,</i><trans> Your voice is just a little softer than a whisper. </trans></eg>
</sense></hom>
<hom role=""v""><pos>v</pos>
<sense n=""0""> <itype>[A1; b(1)]</itype><trans> have a younger brother or sister. </trans>
<eg><i lang=""ceb"">Pilay idad sa nagmanghud ning batáa?</i><trans> How old is the child just before this one? </trans></eg>
<eg><i lang=""ceb"">Anus-a man nà siya manghúri?</i><trans> When are you going to have another baby (lit. when is he going to have a younger brother or sister)? </trans></eg>
</sense></hom>
<entry><form id=""igmanghud"" lang=""ceb""><abbr expan=""igmanghud"" type=""lemma"">ig-</abbr></form>
<hom role=""n""><pos>n</pos>
<sense n=""0""><trans> younger brother or sister. </trans>
<eg><i lang=""ceb"">Kanang mga gagmayng bátà pulus níya igmanghud,</i><trans> Those little children are all his younger brothers and sisters. </trans></eg>
</sense></hom></entry>
<entry><form id=""kamanghuxran_kinamanghuxran"" lang=""ceb"">kamanghúran, kinamanghúran</form>
<hom role=""n""><pos>n</pos>
<sense n=""0""><trans> youngest child.
</trans>
</sense></hom></entry></entry>");
INSERT INTO `wced_head` (entryid, head, normalized_head, type, pos) VALUES (12142, "manghud", "manghud", "m", "nav");
INSERT INTO `wced_head` (entryid, head, normalized_head, type, pos) VALUES (12142, "igmanghud", "igmanghud", "s", "n");
INSERT INTO `wced_head` (entryid, head, normalized_head, type, pos) VALUES (12142, "kamanghúran", "kamanghuran", "s", "n");
INSERT INTO `wced_head` (entryid, head, normalized_head, type, pos) VALUES (12142, "kinamanghúran", "kinamanghuran", "s", "n");
INSERT INTO `wced_entry` VALUES (12143, "mangkay", "668", "<entry page=""668"" id=""12143""><form id=""mangkay"" lang=""ceb"">mangkay</form>
<hom role=""n""><pos>n</pos>
<sense n=""0""><trans> old maid. </trans>
<eg><i lang=""ceb"">Dílì tanang mangkay masulub-un,</i><trans> Not all spinsters are lonely. </trans></eg>
</sense></hom>
<hom role=""v""><pos>v</pos>
<sense n=""0""> <itype>[B1; c1]</itype><trans> become an old maid.
</trans>
</sense></hom></entry>");
INSERT INTO `wced_head` (entryid, head, normalized_head, type, pos) VALUES (12143, "mangkay", "mangkay", "m", "nv");
INSERT INTO `wced_entry` VALUES (12144, "mangkimangki", "668", "<entry page=""668"" id=""12144""><form id=""mangkimangki"" lang=""ceb"">mangkimangki</form>
<hom role=""n""><pos>n</pos>
<sense n=""0""><trans> fast dance characterized by monkey-like movements of the hands. </trans>
</sense></hom>
<hom role=""v""><pos>v</pos>
<sense n=""0""> <itype>[A]</itype><trans> dance the <ix>mangkimangki</ix>.
</trans>
</sense></hom></entry>");
INSERT INTO `wced_head` (entryid, head, normalized_head, type, pos) VALUES (12144, "mangkimangki", "mangkimangki", "m", "nv");
INSERT INTO `wced_entry` VALUES (12145, "mangku", "668", "<entry page=""668"" id=""12145""><form id=""mangku"" lang=""ceb"">mangku</form>
<hom role=""n""><pos>n</pos>
<sense n=""0""><trans> s.o. with an arm deformity characterized by being twisted at the elbow. </trans>
</sense></hom>
<hom role=""v""><pos>v</pos>
<sense n=""0""> <itype>[B12]</itype><trans> have a deformed arm. </trans>
<eg><i lang=""ceb"">Namangku siya dihang napíang íyang síku,</i><trans> He got a deformed arm when he broke his elbow.
</trans></eg>
</sense></hom></entry>");
INSERT INTO `wced_head` (entryid, head, normalized_head, type, pos) VALUES (12145, "mangku", "mangku", "m", "nv");
INSERT INTO `wced_entry` VALUES (12146, "mangku", "668", "<entry page=""668"" id=""12146""><form id=""mangkuq"" lang=""ceb"">mangkù</form>
<hom role=""n""><pos>n</pos>
<sense n=""0""><trans> k.o. small mackerel with a maximum width of <measure reg=""7.7 cm"">3″</measure>.
</trans>
</sense></hom></entry>");
INSERT INTO `wced_head` (entryid, head, normalized_head, type, pos) VALUES (12146, "mangkù", "mangku", "m", "n");
INSERT INTO `wced_entry` VALUES (12147, "mangkumu", "668", "<entry page=""668"" id=""12147""><form id=""mangkumu"" lang=""ceb"">mangkumu</form>
<hom>
<sense n=""0""><trans> = † <xr lang=""ceb"" target=""#magkunu""><sc>magkunu</sc></xr>.
</trans>
</sense></hom></entry>");
INSERT INTO `wced_head` (entryid, head, normalized_head, type, pos) VALUES (12147, "mangkumu", "mangkumu", "m", "");
INSERT INTO `wced_entry` VALUES (12148, "mangliw, mangluy", "668", "<entry page=""668"" id=""12148""><form id=""mangliw_mangluy"" lang=""ceb"">mangliw, mangluy</form>
<hom>
<sense n=""0""><trans> = <xr lang=""ceb"" target=""#amamangluy""><sc>amamangluy</sc></xr>.
</trans>
</sense></hom></entry>");
INSERT INTO `wced_head` (entryid, head, normalized_head, type, pos) VALUES (12148, "mangliw", "mangliw", "s", "");
INSERT INTO `wced_head` (entryid, head, normalized_head, type, pos) VALUES (12148, "mangluy", "mangluy", "s", "");
INSERT INTO `wced_entry` VALUES (12149, "mangnu, mangnu", "668", "<entry page=""668"" id=""12149""><form id=""mangnu_mangnuq"" lang=""ceb"">mangnu, mangnù</form>
<hom role=""v""><pos>v</pos>
<sense n=""1""><number>1</number> <itype>[A12; b2]</itype><trans> <tr>remember</tr>. </trans>
<eg><i lang=""ceb"">Hatági kug diyútay nga panahun tingálig mamangnuan (himangnuan) ku,</i><trans> Give me a little time. Maybe I will remember it. </trans></eg>
</sense>
<sense n=""2""><number>2</number> <itype>[AP]</itype><trans> cause to notice, be aware of. </trans>
<eg><i lang=""ceb"">Ang pagbagting sa rilu mauy nagmangnù (nagpamangnù) nákù nga udtu na,</i><trans> The ringing of the clock reminded me that it was already noon. </trans></eg>
</sense>
<sense n=""2a""><number>2a</number> <itype>[A]</itype><trans> be careful. </trans>
<eg><i lang=""ceb"">Magmangnù (magmangnù) ka kanúnay arun dì ka masayup,</i><trans> Be careful so that you won’t commit any mistakes. </trans></eg>
</sense>
<sense n=""3""><number>3</number> <itype>[A12; b2]</itype><trans> come to. </trans>
<eg><i lang=""ceb"">Didtu na siya makamangnù sa huspital,</i><trans> He regained consciousness in the hospital. </trans></eg>
</sense></hom>
<entry><form id=""pahimangnu"" lang=""ceb""><abbr expan=""pahimangnu"" type=""lemma"">pahi-</abbr></form>
<hom role=""v""><pos>v</pos>
<sense n=""0""> <itype>[A; b6(1)]</itype><trans> advise, instruct s.o. not to do s.t. </trans>
<eg><i lang=""ceb"">Gipahimangnúan ku siya nga dílì pasudlag ínit ang pridyidir,</i><trans> I have warned him against putting anything hot into the refrigerator. </trans></eg>
</sense></hom>
<hom role=""n""><pos>n</pos>
<sense n=""0""><trans> <tr>instruction against</tr>.
</trans>
</sense></hom></entry></entry>");
INSERT INTO `wced_head` (entryid, head, normalized_head, type, pos) VALUES (12149, "mangnu", "mangnu", "s", "v");
INSERT INTO `wced_head` (entryid, head, normalized_head, type, pos) VALUES (12149, "mangnù", "mangnu", "s", "v");
INSERT INTO `wced_head` (entryid, head, normalized_head, type, pos) VALUES (12149, "pahimangnu", "pahimangnu", "s", "vn");
INSERT INTO `wced_translation` (entryid, translation) VALUES (12149, "remember");
INSERT INTO `wced_translation` (entryid, translation) VALUES (12149, "instruction against");
INSERT INTO `wced_entry` VALUES (12150, "mangsi", "668", "<entry page=""668"" id=""12150""><form id=""mangsi"" lang=""ceb"">mangsi</form>
<hom>
<sense n=""0""><trans> = <xr lang=""ceb"" target=""#malangsi""><sc>malangsi</sc></xr>.
</trans>
</sense></hom></entry>");
INSERT INTO `wced_head` (entryid, head, normalized_head, type, pos) VALUES (12150, "mangsi", "mangsi", "m", "");
INSERT INTO `wced_entry` VALUES (12151, "mangtas", "668", "<entry page=""668"" id=""12151""><form id=""mangtas"" lang=""ceb"">mangtas</form>
<hom role=""n""><pos>n</pos>
<sense n=""1""><number>1</number><trans> cruel, <tr>fierce beast</tr>. </trans>
<eg><i lang=""ceb"">Ang táwung nalúnud gikaun sa usa ka mangtas sa dágat,</i><trans> The drowning man was eaten up by the shark (lit. fierce beast of the sea). </trans></eg>
</sense>
<sense n=""2""><number>2</number><trans> fierce, <tr>heartless</tr> in character. </trans>
<eg><i lang=""ceb"">Dílì makamaung malúuy sa pubri kanang mangtas nga adunáhan,</i><trans> That heartless rich man does not know pity for the poor. </trans></eg>
<eg><i lang=""ceb"">Mangtas nga katalagman,</i><trans> A fearful calamity. </trans></eg>
</sense></hom>
<hom role=""v""><pos>v</pos>
<sense n=""0""> <itype>[B2; b6]</itype><trans> be, become fierce and devoid of tender feelings.
</trans>
</sense></hom></entry>");
INSERT INTO `wced_head` (entryid, head, normalized_head, type, pos) VALUES (12151, "mangtas", "mangtas", "m", "nv");
INSERT INTO `wced_translation` (entryid, translation) VALUES (12151, "fierce beast");
INSERT INTO `wced_translation` (entryid, translation) VALUES (12151, "heartless");
INSERT INTO `wced_entry` VALUES (12152, "mangu", "668", "<entry page=""668"" id=""12152""><form id=""manguq"" lang=""ceb"">mangù</form>
<hom role=""a""><pos>a</pos>
<sense n=""0""><trans> <tr>brainless</tr>, <tr>dull</tr>, <tr>stupid</tr>. </trans>
<eg><i lang=""ceb"">Mangù ka man kahà kay dì ka man kasabut,</i><trans> You must be brainless because you don’t understand. </trans></eg>
</sense></hom>
<hom role=""v""><pos>v</pos>
<sense n=""0""> <itype>[B23; b6]</itype><trans> be, become stupid.
</trans>
</sense></hom></entry>");
INSERT INTO `wced_head` (entryid, head, normalized_head, type, pos) VALUES (12152, "mangù", "mangu", "m", "av");
INSERT INTO `wced_translation` (entryid, translation) VALUES (12152, "brainless");
INSERT INTO `wced_translation` (entryid, translation) VALUES (12152, "dull");
INSERT INTO `wced_translation` (entryid, translation) VALUES (12152, "stupid");
INSERT INTO `wced_entry` VALUES (12153, "mangyan", "668", "<entry page=""668"" id=""12153""><form id=""Mangyan"" lang=""ceb"">Mangyan</form>
<hom role=""n""><pos>n</pos>
<sense n=""0""><trans> non-Christian natives of Mindoro.
</trans>
</sense></hom></entry>");
INSERT INTO `wced_head` (entryid, head, normalized_head, type, pos) VALUES (12153, "Mangyan", "mangyan", "m", "n");
INSERT INTO `wced_entry` VALUES (12154, "manhak", "668", "<entry page=""668"" id=""12154""><form id=""manhak"" lang=""ceb"">manhak</form>
<hom role=""n""><pos>n</pos>
<sense n=""0""><trans> k.o. bird.
</trans>
</sense></hom></entry>");
INSERT INTO `wced_head` (entryid, head, normalized_head, type, pos) VALUES (12154, "manhak", "manhak", "m", "n");
INSERT INTO `wced_entry` VALUES (12155, "mani", "668", "<entry page=""668"" id=""12155""><form id=""mani"" lang=""ceb"">mani</form>
<hom role=""n""><pos>n</pos>
<sense n=""0""><trans> <tr>peanuts</tr>. </trans>
</sense></hom>
<entry><form id=""mani_sa_kasuy"" lang=""ceb""><abbr expan=""mani"" type=""lemma"">—</abbr> sa kasuy</form>
<hom role=""a""><pos>a</pos>
<sense n=""0""><trans> the edible nuts of the cashew. </trans>
</sense></hom></entry>
<entry><form id=""manimani"" lang=""ceb"">manimani</form>
<hom>
<sense n=""1""><number>1</number><trans> k.o. creeping herb similar to purslane (<ix>ulasíman</ix>) in appearance, used as pig feed. </trans>
</sense>
<sense n=""2""><number>2</number><trans> k.o. <ix>balat</ix> found a few inches beneath the sand along the shore. It roughly resembles a peanut.
</trans>
</sense></hom></entry></entry>");
INSERT INTO `wced_head` (entryid, head, normalized_head, type, pos) VALUES (12155, "mani", "mani", "m", "n");
INSERT INTO `wced_head` (entryid, head, normalized_head, type, pos) VALUES (12155, "mani sa kasuy", "mani sa kasuy", "s", "a");
INSERT INTO `wced_head` (entryid, head, normalized_head, type, pos) VALUES (12155, "manimani", "manimani", "s", "");
INSERT INTO `wced_translation` (entryid, translation) VALUES (12155, "peanuts");
INSERT INTO `wced_entry` VALUES (12156, "*mani", "668", "<entry page=""668"" id=""12156""><form id=""xxmaxni"" lang=""ceb"">*máni</form>
<hom role=""n""><pos>n</pos></hom>
<entry><form id=""dinuwin_maxni_gud_maxni"" lang=""ceb""><abbr expan=""dinuwin máni"" type=""lemma"">dinuwin</abbr>, gud <abbr expan=""máni"" type=""lemma"">—</abbr></form>
<hom>
<sense n=""0""><trans> during World War II, the name given to the prewar money as opposed to the Japanese <ix>kurà</ix> and the <ix>imirdyinsi máni</ix>. </trans>
</sense></hom></entry>
<entry><form id=""girilya_maxni"" lang=""ceb"">girilya <abbr expan=""máni"" type=""lemma"">—</abbr></form>
<hom>
<sense n=""0""><trans> money issued by the guerilla authorities during the war. </trans>
</sense></hom></entry>
<entry><form id=""imirdyinsi_maxni"" lang=""ceb"">imirdyinsi <abbr expan=""máni"" type=""lemma"">—</abbr></form>
<hom>
<sense n=""0""><trans> the emergency money issued after the outbreak of hostilities and prior to the Japanese occupation. </trans>
</sense></hom></entry>
<entry><form id=""maxni_urdir"" lang=""ceb""><abbr expan=""máni"" type=""lemma"">—</abbr> urdir</form>
<hom>
<sense n=""0""><trans> <tr>money order</tr>.
</trans>
</sense></hom></entry></entry>");
INSERT INTO `wced_head` (entryid, head, normalized_head, type, pos) VALUES (12156, "máni", "mani", "s", "n");
INSERT INTO `wced_head` (entryid, head, normalized_head, type, pos) VALUES (12156, "dinuwin máni", "dinuwin mani", "s", "");
INSERT INTO `wced_head` (entryid, head, normalized_head, type, pos) VALUES (12156, "gud máni", "gud mani", "s", "");
INSERT INTO `wced_head` (entryid, head, normalized_head, type, pos) VALUES (12156, "girilya máni", "girilya mani", "s", "");
INSERT INTO `wced_head` (entryid, head, normalized_head, type, pos) VALUES (12156, "imirdyinsi máni", "imirdyinsi mani", "s", "");
INSERT INTO `wced_head` (entryid, head, normalized_head, type, pos) VALUES (12156, "máni urdir", "mani urdir", "s", "");
INSERT INTO `wced_translation` (entryid, translation) VALUES (12156, "money order");
INSERT INTO `wced_entry` VALUES (12157, "manibila", "668", "<entry page=""668"" id=""12157""><form id=""manibila"" lang=""ceb"">manibila</form>
<hom>
<sense n=""0""><trans> = <xr lang=""ceb"" target=""#manubixla""><sc>manubíla</sc></xr>.
</trans>
</sense></hom></entry>");
INSERT INTO `wced_head` (entryid, head, normalized_head, type, pos) VALUES (12157, "manibila", "manibila", "m", "");
INSERT INTO `wced_entry` VALUES (12158, "manids", "668", "<entry page=""668"" id=""12158""><form id=""maxnids"" lang=""ceb"">mánids</form>
<hom role=""v""><pos>v</pos>
<sense n=""0""> <itype>[A]</itype><trans> manage a business. </trans>
</sense></hom>
<entry><form id=""manidsir"" lang=""ceb""><abbr expan=""manidsir"" type=""lemma"">-ir(→)</abbr></form>
<hom>
<sense n=""0""><trans> <tr>manager</tr>. </trans>
</sense></hom></entry>
<entry><form id=""manidsir_hiniral"" lang=""ceb""><abbr expan=""manidsir"" type=""lemma"">-ir(→)</abbr> hiniral</form>
<hom role=""n""><pos>n</pos>
<sense n=""0""><trans> <tr>general manager</tr>. </trans>
</sense></hom>
<hom role=""n""><pos>n</pos>
<sense n=""0""><trans> manager of a business or boxer. </trans>
</sense></hom>
<hom role=""v""><pos>v</pos>
<sense n=""0""> <itype>[AB156]</itype><trans> be, become manager.
</trans>
</sense></hom></entry></entry>");
INSERT INTO `wced_head` (entryid, head, normalized_head, type, pos) VALUES (12158, "mánids", "manids", "m", "v");
INSERT INTO `wced_head` (entryid, head, normalized_head, type, pos) VALUES (12158, "manidsir", "manidsir", "s", "");
INSERT INTO `wced_head` (entryid, head, normalized_head, type, pos) VALUES (12158, "manidsir hiniral", "manidsir hiniral", "s", "nnv");
INSERT INTO `wced_translation` (entryid, translation) VALUES (12158, "manager");
INSERT INTO `wced_translation` (entryid, translation) VALUES (12158, "general manager");
INSERT INTO `wced_entry` VALUES (12159, "manihu", "668", "<entry page=""668"" id=""12159""><form id=""manixhu"" lang=""ceb"">maníhu</form>
<hom role=""v""><pos>v</pos>
<sense n=""0""> <itype>[A; a2]</itype><trans> </trans>
</sense>
<sense n=""1""><number>1</number><trans> drive a motor vehicle. </trans>
<eg><i lang=""ceb"">Ambi, aku lay mumaníhu sa dyíp,</i><trans> Let me drive the jeep. </trans></eg>
</sense>
<sense n=""2""><number>2</number><trans> operate or manipulate a contraption. </trans>
<eg><i lang=""ceb"">Makamaníhu man nà siyag dagkung <pb n=""669""/>makina,</i><trans> He can operate big machines. </trans></eg>
</sense>
<sense n=""3""><number>3</number><trans> manage to make s.t. operate. </trans>
<eg><i lang=""ceb"">Manihúa ra ring pawuntin pin ug makahímù ka bag paági,</i><trans> Try fooling around with this fountain pen and see if you can make it write. </trans></eg>
</sense>
<sense n=""3a""><number>3a</number><trans> see to it that s.t. gets done. </trans>
<eg><i lang=""ceb"">Aku lay mumaníhu arun magmalampúsun ang átung prugráma,</i><trans> I’ll see to it that our program is successful. </trans></eg>
</sense>
<sense n=""3b""><number>3b</number><trans> manage to do s.t. in a roundabout or underhanded way, where the usual methods won’t work. </trans>
<eg><i lang=""ceb"">Makamaníhu ka ba pagpasulud nákù sa trabáhu?</i><trans> Can you manage to get me into the job? </trans></eg>
</sense>
<sense n=""3c""><number>3c</number><trans> do s.t. surreptitiously or secretly. </trans>
<eg><i lang=""ceb"">Lingawun ku ang tindíra manihúa pud ang káha,</i><trans> While I keep the store clerk busy, you take care of the cash register.
</trans></eg>
</sense></hom></entry>");
INSERT INTO `wced_head` (entryid, head, normalized_head, type, pos) VALUES (12159, "maníhu", "manihu", "m", "v");
INSERT INTO `wced_entry` VALUES (12160, "maniit", "669", "<entry page=""669"" id=""12160""><form id=""maniit"" lang=""ceb"">maniit</form>
<hom role=""n""><pos>n</pos>
<sense n=""0""><trans> k.o. edible, small crab of shallow waters with a thick shell and strong pincers. </trans>
</sense></hom>
<hom role=""a""><pos>a</pos>
<sense n=""0""><trans> <tr>quarrelsome</tr>, esp. said of women.
</trans>
</sense></hom></entry>");
INSERT INTO `wced_head` (entryid, head, normalized_head, type, pos) VALUES (12160, "maniit", "maniit", "m", "na");
INSERT INTO `wced_translation` (entryid, translation) VALUES (12160, "quarrelsome");
INSERT INTO `wced_entry` VALUES (12161, "manikin", "669", "<entry page=""669"" id=""12161""><form id=""manikin"" lang=""ceb"">manikin</form>
<hom role=""n""><pos>n</pos>
<sense n=""0""><trans> <tr>mannequin</tr>.
</trans>
</sense></hom></entry>");
INSERT INTO `wced_head` (entryid, head, normalized_head, type, pos) VALUES (12161, "manikin", "manikin", "m", "n");
INSERT INTO `wced_translation` (entryid, translation) VALUES (12161, "mannequin");
INSERT INTO `wced_entry` VALUES (12162, "manikiyur", "669", "<entry page=""669"" id=""12162""><form id=""manikiyur"" lang=""ceb"">manikiyur</form>
<hom role=""n""><pos>n</pos>
<sense n=""0""><trans> <tr>nail polish</tr>. </trans>
</sense></hom>
<hom role=""v""><pos>v</pos>
<sense n=""0""> <itype>[A; b]</itype><trans> <tr>manicure</tr>. </trans>
</sense></hom>
<entry><form id=""manikiyurista"" lang=""ceb""><abbr expan=""manikiyurista"" type=""lemma"">-ista</abbr></form>
<hom role=""n""><pos>n</pos>
<sense n=""0""><trans> a <tr>manicurist</tr>. </trans>
</sense></hom>
<hom role=""v""><pos>v</pos>
<sense n=""0""> <itype>[B156; a12]</itype><trans> be a manicurist.
</trans>
</sense></hom></entry></entry>");
INSERT INTO `wced_head` (entryid, head, normalized_head, type, pos) VALUES (12162, "manikiyur", "manikiyur", "m", "nv");
INSERT INTO `wced_head` (entryid, head, normalized_head, type, pos) VALUES (12162, "manikiyurista", "manikiyurista", "s", "nv");
INSERT INTO `wced_translation` (entryid, translation) VALUES (12162, "nail polish");
INSERT INTO `wced_translation` (entryid, translation) VALUES (12162, "manicure");
INSERT INTO `wced_translation` (entryid, translation) VALUES (12162, "manicurist");
INSERT INTO `wced_entry` VALUES (12163, "manila, manila1", "669", "<entry page=""669"" id=""12163""><form id=""Manixla_Manixlaq"" lang=""ceb"">Maníla, Manílà<sub>1</sub></form>
<hom role=""n""><pos>n</pos>
<sense n=""0""><trans> <tr>Manila</tr>, the largest city in the Philippines. </trans>
</sense></hom>
<entry><form id=""Manixla_buy"" lang=""ceb""><abbr expan=""Maníla"" type=""lemma"">—</abbr> buy</form>
<hom>
<sense n=""0""><trans> boy who has grown up in Manila and is, therefore, sophisticated. </trans>
</sense></hom></entry>
<entry><form id=""Manixla_pixpar"" lang=""ceb""><abbr expan=""Maníla"" type=""lemma"">—</abbr> pípar</form>
<hom>
<sense n=""0""><trans> <tr>Manila paper</tr>. </trans>
</sense></hom>
<hom role=""v""><pos>v</pos>
<sense n=""0""> <itype>[B1256]</itype><trans> be in Manila. </trans>
</sense></hom></entry>
<entry><form id=""manilan-un"" lang=""ceb"">manilan-un</form>
<hom role=""n""><pos>n</pos>
<sense n=""0""><trans> from Manila, of the Manila type. </trans>
</sense></hom></entry>
<entry><form id=""manilinyu_manilinya"" lang=""ceb"">manilinyu, <abbr expan=""manilinya"" type=""lemma"">-a</abbr></form>
<hom role=""n""><pos>n</pos>
<sense n=""0""><trans> one from Manila.
</trans>
</sense></hom></entry></entry>");
INSERT INTO `wced_head` (entryid, head, normalized_head, type, pos) VALUES (12163, "Maníla", "manila", "s", "n");
INSERT INTO `wced_head` (entryid, head, normalized_head, type, pos) VALUES (12163, "Manílà", "manila", "s", "n");
INSERT INTO `wced_head` (entryid, head, normalized_head, type, pos) VALUES (12163, "Maníla buy", "manila buy", "s", "");
INSERT INTO `wced_head` (entryid, head, normalized_head, type, pos) VALUES (12163, "Maníla pípar", "manila pipar", "s", "v");
INSERT INTO `wced_head` (entryid, head, normalized_head, type, pos) VALUES (12163, "manilan-un", "manilan-un", "s", "n");
INSERT INTO `wced_head` (entryid, head, normalized_head, type, pos) VALUES (12163, "manilinyu", "manilinyu", "s", "n");
INSERT INTO `wced_head` (entryid, head, normalized_head, type, pos) VALUES (12163, "manilinya", "manilinya", "s", "n");
INSERT INTO `wced_translation` (entryid, translation) VALUES (12163, "Manila");
INSERT INTO `wced_translation` (entryid, translation) VALUES (12163, "Manila paper");
INSERT INTO `wced_entry` VALUES (12164, "manila2", "669", "<entry page=""669"" id=""12164""><form id=""manixlaq2"" lang=""ceb"">manílà<sub>2</sub></form>
<hom role=""n""><pos>n</pos>
<sense n=""0""><trans> k.o. striped grouper: <bio>Grammistes sexlineatus</bio>.
</trans>
</sense></hom></entry>");
INSERT INTO `wced_head` (entryid, head, normalized_head, type, pos) VALUES (12164, "manílà", "manila", "s", "n");
INSERT INTO `wced_entry` VALUES (12165, "manin-", "669", "<entry page=""669"" id=""12165""><form id=""maniN-"" lang=""ceb"">maniN-</form>
<hom>
<sense n=""0""><trans> future volitional prefix of verbs with the base <bx>paniN-</bx>. (<ix>Past</ix>: <bx>naniN-</bx>. <ix>Subjunctive</ix>: <bx>maniN-</bx>.) </trans>
<eg><i lang=""ceb"">Manimalus giyud ku,</i><trans> I will get revenge. </trans></eg>
<eg><i lang=""ceb"">Walà ku manimúhì sa ákung gikuptan,</i><trans> I didn’t let go what I was holding on to.
</trans></eg>
</sense></hom></entry>");
INSERT INTO `wced_head` (entryid, head, normalized_head, type, pos) VALUES (12165, "maniN-", "manin-", "m", "");
INSERT INTO `wced_entry` VALUES (12166, "maninay", "669", "<entry page=""669"" id=""12166""><form id=""manixnay"" lang=""ceb"">manínay</form>
<hom role=""n""><pos>n</pos>
<sense n=""0""><trans> <tr>godmother</tr>, the female sponsor at one’s wedding, and, by extension, the sponsor at one’s baptism, confirmation, or ordination. </trans>
</sense></hom>
<hom role=""v""><pos>v</pos>
<sense n=""0""> <itype>[A; a]</itype><trans> become one’s godmother.
</trans>
</sense></hom></entry>");
INSERT INTO `wced_head` (entryid, head, normalized_head, type, pos) VALUES (12166, "manínay", "maninay", "m", "nv");
INSERT INTO `wced_translation` (entryid, translation) VALUES (12166, "godmother");
INSERT INTO `wced_entry` VALUES (12167, "maniniyut", "669", "<entry page=""669"" id=""12167""><form id=""maninixyut"" lang=""ceb"">maniníyut</form>
<hom role=""n""><pos>n</pos>
<sense n=""0""><trans> <tr>photographer</tr>. Word play on <ix>maniníyat</ix> to make it sound humorously risqué (recalling <ix>iyut</ix>, the taboo word for sexual intercourse).
</trans>
</sense></hom></entry>");
INSERT INTO `wced_head` (entryid, head, normalized_head, type, pos) VALUES (12167, "maniníyut", "maniniyut", "m", "n");
INSERT INTO `wced_translation` (entryid, translation) VALUES (12167, "photographer");
INSERT INTO `wced_entry` VALUES (12168, "maninuy", "669", "<entry page=""669"" id=""12168""><form id=""manixnuy"" lang=""ceb"">manínuy</form>
<hom role=""n""><pos>n</pos>
<sense n=""0""><trans> <tr>godfather</tr>, the sponsor at one’s wedding, and, by extension, at one’s baptism, confirmation, or ordination. </trans>
</sense></hom>
<hom role=""v""><pos>v</pos>
<sense n=""0""> <itype>[A; a]</itype><trans> become one’s godfather.
</trans>
</sense></hom></entry>");
INSERT INTO `wced_head` (entryid, head, normalized_head, type, pos) VALUES (12168, "manínuy", "maninuy", "m", "nv");
INSERT INTO `wced_translation` (entryid, translation) VALUES (12168, "godfather");
INSERT INTO `wced_entry` VALUES (12169, "manistil", "669", "<entry page=""669"" id=""12169""><form id=""manistil"" lang=""ceb"">manistil</form>
<hom>
<sense n=""0""><trans> = <xr lang=""ceb"" target=""#mistil""><sc>mistil</sc></xr>.
</trans>
</sense></hom></entry>");
INSERT INTO `wced_head` (entryid, head, normalized_head, type, pos) VALUES (12169, "manistil", "manistil", "m", "");
INSERT INTO `wced_entry` VALUES (12170, "maniubra", "669", "<entry page=""669"" id=""12170""><form id=""maniubra"" lang=""ceb"">maniubra</form>
<hom role=""n""><pos>n</pos>
<sense n=""1""><number>1</number><trans> <tr>maneuver</tr>, skillful handling of a vehicle. </trans>
</sense>
<sense n=""2""><number>2</number><trans> s.t. done in a secret and underhanded way. </trans>
<eg><i lang=""ceb"">Maniubra sa pulitika,</i><trans> A political maneuver. </trans></eg>
</sense></hom>
<hom role=""v""><pos>v</pos>
<sense n=""0""> <itype>[A; c1]</itype><trans> </trans>
</sense>
<sense n=""1""><number>1</number><trans> maneuver s.t. skillfully. </trans>
<eg><i lang=""ceb"">Maniubráha (imaniubra) pag-áyu ang sakayan arun dílì masángad,</i><trans> Manipulate the boat skillfully so that it won’t run aground. </trans></eg>
</sense>
<sense n=""2""><number>2</number><trans> contrive s.t. skillfully in an underhanded way. </trans>
<eg><i lang=""ceb"">Nakalusut dáyun ang ákung lún sa bangku kay gimaniubrag maáyu sa ákung amígu,</i><trans> My loan went through OK because my friend maneuvered it skillfully.
</trans></eg>
</sense></hom></entry>");
INSERT INTO `wced_head` (entryid, head, normalized_head, type, pos) VALUES (12170, "maniubra", "maniubra", "m", "nv");
INSERT INTO `wced_translation` (entryid, translation) VALUES (12170, "maneuver");
INSERT INTO `wced_entry` VALUES (12171, "mankumunidad", "669", "<entry page=""669"" id=""12171""><form id=""mankumunidad"" lang=""ceb"">mankumunidad</form>
<hom role=""n""><pos>n</pos>
<sense n=""0""><trans> <tr>commonwealth</tr>. </trans>
</sense></hom>
<hom role=""v""><pos>v</pos>
<sense n=""0""> <itype>[B1256]</itype><trans> become a commonwealth.
</trans>
</sense></hom></entry>");
INSERT INTO `wced_head` (entryid, head, normalized_head, type, pos) VALUES (12171, "mankumunidad", "mankumunidad", "m", "nv");
INSERT INTO `wced_translation` (entryid, translation) VALUES (12171, "commonwealth");
INSERT INTO `wced_entry` VALUES (12172, "man-l-", "669", "<entry page=""669"" id=""12172""><form id=""maN-l-"" lang=""ceb"">maN-l-</form>
<hom>
<sense n=""1""><number>1</number><trans> = <xr lang=""ceb"" target=""#man-r-""><sc>maN-r-</sc></xr>, but used only regionally. </trans>
</sense>
<sense n=""2""><number>2</number><trans> affix added to verbs referring to sorcery, praying, and other relations with the supernatural to form nouns which mean one who engages in this activity. </trans>
<eg><i lang=""ceb"">Manalagnà,</i><trans> <tr>Seer</tr>. </trans></eg>
<eg><i lang=""ceb"">Manalabtan,</i><trans> <tr>Leader</tr> in prayers. </trans></eg>
<eg><i lang=""ceb"">Mamalaktul,</i><trans> One who practices the sorcery called <ix>paktul</ix>.
</trans></eg>
</sense></hom></entry>");
INSERT INTO `wced_head` (entryid, head, normalized_head, type, pos) VALUES (12172, "maN-l-", "man-l-", "m", "");
INSERT INTO `wced_translation` (entryid, translation) VALUES (12172, "Seer");
INSERT INTO `wced_translation` (entryid, translation) VALUES (12172, "Leader");
INSERT INTO `wced_entry` VALUES (12173, "manla", "669", "<entry page=""669"" id=""12173""><form id=""manlaq"" lang=""ceb"">manlà</form>
<hom role=""n""><pos>n</pos>
<sense n=""0""><trans> k.o. edible crustacean similar to a prawn but with pincers. It burrows under soft mud in swampy places.
</trans>
</sense></hom></entry>");
INSERT INTO `wced_head` (entryid, head, normalized_head, type, pos) VALUES (12173, "manlà", "manla", "m", "n");
INSERT INTO `wced_entry` VALUES (12174, "manlawud", "669", "<entry page=""669"" id=""12174""><form id=""manlawud"" lang=""ceb"">manlawud</form>
<hom>
<sense n=""0""><trans> (from <ix>lawud</ix>) </trans>
</sense></hom>
<hom role=""n""><pos>n</pos>
<sense n=""0""><trans> name given to fishes that are found in deep waters.
</trans>
</sense></hom></entry>");
INSERT INTO `wced_head` (entryid, head, normalized_head, type, pos) VALUES (12174, "manlawud", "manlawud", "m", "n");
INSERT INTO `wced_entry` VALUES (12175, "manlulunda", "669", "<entry page=""669"" id=""12175""><form id=""manlulundaq"" lang=""ceb"">manlulundà</form>
<hom>
<sense n=""0""><trans> = <xr lang=""ceb"" target=""#manulunda""><sc>manulunda</sc></xr>.
</trans>
</sense></hom></entry>");
INSERT INTO `wced_head` (entryid, head, normalized_head, type, pos) VALUES (12175, "manlulundà", "manlulunda", "m", "");
INSERT INTO `wced_entry` VALUES (12176, "manlut1", "669", "<entry page=""669"" id=""12176""><form id=""manlut"" lang=""ceb"">manlut<sub>1</sub></form>
<hom>
<sense n=""0""><trans> = <xr lang=""ceb"" target=""#banlut""><sc>banlut</sc></xr>.
</trans>
</sense></hom></entry>");
INSERT INTO `wced_head` (entryid, head, normalized_head, type, pos) VALUES (12176, "manlut", "manlut", "s", "");
INSERT INTO `wced_entry` VALUES (12177, "manlut2", "669", "<entry page=""669"" id=""12177""><form id=""manlut2"" lang=""ceb"">manlut<sub>2</sub></form>
<hom role=""n""><pos>n</pos>
<sense n=""0""><trans> k.o. large, green grasshopper.
</trans>
</sense></hom></entry>");
INSERT INTO `wced_head` (entryid, head, normalized_head, type, pos) VALUES (12177, "manlut", "manlut", "s", "n");
INSERT INTO `wced_entry` VALUES (12178, "man-r-", "669", "<entry page=""669"" id=""12178""><form id=""maN-r-"" lang=""ceb"">maN-r-</form>
<hom>
<sense n=""0""><trans> affix added to verb bases to form a noun referring to a person who does [such-and-such] as an occupation. It is most commonly added to roots which form verbs by the addition of paN-. </trans>
<eg><i lang=""ceb"">Mangingisdà,</i><trans> <tr>Fisherman</tr>. </trans></eg>
<eg><i lang=""ceb"">Mananabang,</i><trans> <tr>Midwife</tr>. </trans></eg>
<eg><i lang=""ceb"">Manunúnud,</i><trans> <tr>Heir</tr>.
</trans></eg>
</sense></hom></entry>");
INSERT INTO `wced_head` (entryid, head, normalized_head, type, pos) VALUES (12178, "maN-r-", "man-r-", "m", "");
INSERT INTO `wced_translation` (entryid, translation) VALUES (12178, "Fisherman");
INSERT INTO `wced_translation` (entryid, translation) VALUES (12178, "Midwife");
INSERT INTO `wced_translation` (entryid, translation) VALUES (12178, "Heir");
INSERT INTO `wced_entry` VALUES (12179, "man-r-ay", "669", "<entry page=""669"" id=""12179""><form id=""maN-r-ay"" lang=""ceb"">maN-r-ay</form>
<hom>
<sense n=""0""><trans> regional alternant of <ix>maN-r-</ix>.
</trans>
</sense></hom></entry>");
INSERT INTO `wced_head` (entryid, head, normalized_head, type, pos) VALUES (12179, "maN-r-ay", "man-r-ay", "m", "");
INSERT INTO `wced_entry` VALUES (12180, "mansa", "669", "<entry page=""669"" id=""12180""><form id=""mansa"" lang=""ceb"">mansa</form>
<hom role=""n""><pos>n</pos>
<sense n=""1""><number>1</number><trans> <tr>stain</tr>. </trans>
<eg><i lang=""ceb"">Dílì makúhà ang mansa sa tubà,</i><trans> Stains from palm toddy won’t come out. </trans></eg>
</sense>
<sense n=""2""><number>2</number><trans> moral blemish, <tr>dishonor</tr>. </trans>
<eg><i lang=""ceb"">Walay mansa ang ákung ngálan,</i><trans> My name is unsullied. </trans></eg>
</sense></hom>
<hom role=""v""><pos>v</pos>
<sense n=""0""> <itype>[A; b25]</itype><trans> </trans>
</sense>
<sense n=""1""><number>1</number><trans> <tr>stain</tr>. </trans>
</sense>
<sense n=""2""><number>2</number><trans> stain one’s honor. </trans>
<eg><i lang=""ceb"">Kaputlì nga walà pa kamansáhi sa kasinatían,</i><trans> Purity that has not been stained by experience. </trans></eg>
</sense></hom>
<entry><form id=""mansaxdu"" lang=""ceb""><abbr expan=""mansádu"" type=""lemma"">-du</abbr></form>
<hom role=""a""><pos>a</pos>
<sense n=""1""><number>1</number><trans> <tr>stained</tr>. </trans>
<eg><i lang=""ceb"">Dì giyud nà siya musul-ub ug sinínà nga mansádu,</i><trans> She never wears stained clothes. </trans></eg>
</sense>
<sense n=""2""><number>2</number><trans> easily stained. </trans>
<eg><i lang=""ceb"">Mansádu kaáyu ang sinínà nga putì,</i><trans> A white dress easily gets dirty. </trans></eg>
</sense></hom></entry>
<entry><form id=""mansahun"" lang=""ceb"">mansahun</form>
<hom role=""a""><pos>a</pos>
<sense n=""1""><number>1</number><trans> having stains. </trans>
</sense>
<sense n=""2""><number>2</number><trans> panty stained with blood. </trans>
<eg><i lang=""ceb"">Iladlad pag-áyu ang mga mansahun,</i><trans> Bleach those stained panties very well.
</trans></eg>
</sense></hom></entry></entry>");
INSERT INTO `wced_head` (entryid, head, normalized_head, type, pos) VALUES (12180, "mansa", "mansa", "m", "nv");
INSERT INTO `wced_head` (entryid, head, normalized_head, type, pos) VALUES (12180, "mansádu", "mansadu", "s", "a");
INSERT INTO `wced_head` (entryid, head, normalized_head, type, pos) VALUES (12180, "mansahun", "mansahun", "s", "a");
INSERT INTO `wced_translation` (entryid, translation) VALUES (12180, "stain");
INSERT INTO `wced_translation` (entryid, translation) VALUES (12180, "dishonor");
INSERT INTO `wced_translation` (entryid, translation) VALUES (12180, "stained");
INSERT INTO `wced_entry` VALUES (12181, "mansanas", "669", "<entry page=""669"" id=""12181""><form id=""mansaxnas"" lang=""ceb"">mansánas</form>
<hom role=""n""><pos>n</pos>
<sense n=""0""><trans> <tr>apple</tr>.
</trans>
</sense></hom></entry>");
INSERT INTO `wced_head` (entryid, head, normalized_head, type, pos) VALUES (12181, "mansánas", "mansanas", "m", "n");
INSERT INTO `wced_translation` (entryid, translation) VALUES (12181, "apple");
INSERT INTO `wced_entry` VALUES (12182, "mansanilya", "669", "<entry page=""669"" id=""12182""><form id=""mansanilya"" lang=""ceb"">mansanilya</form>
<hom role=""n""><pos>n</pos>
<sense n=""0""><trans> k.o. perennial aromatic herb cultivated for ornamental and medicinal purposes: <bio>Chrysanthemum indicum</bio>.
</trans>
</sense></hom></entry>");
INSERT INTO `wced_head` (entryid, head, normalized_head, type, pos) VALUES (12182, "mansanilya", "mansanilya", "m", "n");
INSERT INTO `wced_entry` VALUES (12183, "mansanitas", "669", "<entry page=""669"" id=""12183""><form id=""mansanixtas"" lang=""ceb"">mansanítas</form>
<hom role=""n""><pos>n</pos>
<sense n=""0""><trans> small spreading tree of waste spaces, the bast fibers of which make rope in times of scarcity: <bio>Muntingia calabura</bio>.
</trans>
</sense></hom></entry>");
INSERT INTO `wced_head` (entryid, head, normalized_head, type, pos) VALUES (12183, "mansanítas", "mansanitas", "m", "n");
INSERT INTO `wced_entry` VALUES (12184, "mansibadu", "669", "<entry page=""669"" id=""12184""><form id=""mansibaxdu"" lang=""ceb"">mansibádu</form>
<hom role=""n""><pos>n</pos>
<sense n=""0""><trans> <tr>common-law couple</tr>. </trans>
</sense></hom>
<hom role=""v""><pos>v</pos>
<sense n=""0""> <itype>[B16; a12]</itype><trans> live as man and wife without the benefit of a church wedding.
</trans>
</sense></hom></entry>");
INSERT INTO `wced_head` (entryid, head, normalized_head, type, pos) VALUES (12184, "mansibádu", "mansibadu", "m", "nv");
INSERT INTO `wced_translation` (entryid, translation) VALUES (12184, "common-law couple");
INSERT INTO `wced_entry` VALUES (12185, "mansinitas", "669", "<entry page=""669"" id=""12185""><form id=""mansinixtas"" lang=""ceb"">mansinítas</form>
<hom>
<sense n=""0""><trans> = <xr lang=""ceb"" target=""#mansanixtas""><sc>mansanítas</sc></xr>.
</trans>
</sense></hom></entry>");
INSERT INTO `wced_head` (entryid, head, normalized_head, type, pos) VALUES (12185, "mansinítas", "mansinitas", "m", "");
INSERT INTO `wced_entry` VALUES (12186, "mansiyun", "669", "<entry page=""669"" id=""12186""><form id=""mansiyun"" lang=""ceb"">mansiyun</form>
<hom role=""n""><pos>n</pos>
<sense n=""0""><trans> <tr>mansion</tr>.
<pb n=""670""/>
</trans>
</sense></hom></entry>");
INSERT INTO `wced_head` (entryid, head, normalized_head, type, pos) VALUES (12186, "mansiyun", "mansiyun", "m", "n");
INSERT INTO `wced_translation` (entryid, translation) VALUES (12186, "mansion");
INSERT INTO `wced_entry` VALUES (12187, "mansu", "670", "<entry page=""670"" id=""12187""><form id=""mansu"" lang=""ceb"">mansu</form>
<hom role=""v""><pos>v</pos>
<sense n=""0""> <itype>[A; a]</itype><trans> </trans>
</sense>
<sense n=""1""><number>1</number><trans> break in a work animal. </trans>
<eg><i lang=""ceb"">Si Dyígu ray makamansu ning kabayúa,</i><trans> Only Diego can tame this horse. </trans></eg>
</sense>
<sense n=""2""><number>2</number><trans> <tr>train</tr>, <tr>discipline</tr> s.o. </trans>
<eg><i lang=""ceb"">Namansu sa párì ang walay hibangkaágan nga bátà,</i><trans> The priest trained the child that was innocent of all knowledge. </trans></eg>
</sense>
<sense n=""2a""><number>2a</number><trans> give s.o. a lot of work to do. </trans>
<eg><i lang=""ceb"">Kining batáa namansu sa mga trabáhu sa balay,</i><trans> The household chores were dumped on the child. </trans></eg>
</sense></hom>
<entry><form id=""mansuhan_mansuhaxnan"" lang=""ceb"">mansuhan, mansuhánan</form>
<hom role=""n""><pos>n</pos>
<sense n=""0""><trans> <tr>training ground</tr>.
</trans>
</sense></hom></entry></entry>");
INSERT INTO `wced_head` (entryid, head, normalized_head, type, pos) VALUES (12187, "mansu", "mansu", "m", "v");
INSERT INTO `wced_head` (entryid, head, normalized_head, type, pos) VALUES (12187, "mansuhan", "mansuhan", "s", "n");
INSERT INTO `wced_head` (entryid, head, normalized_head, type, pos) VALUES (12187, "mansuhánan", "mansuhanan", "s", "n");
INSERT INTO `wced_translation` (entryid, translation) VALUES (12187, "train");
INSERT INTO `wced_translation` (entryid, translation) VALUES (12187, "discipline");
INSERT INTO `wced_translation` (entryid, translation) VALUES (12187, "training ground");
INSERT INTO `wced_entry` VALUES (12188, "mantaga", "670", "<entry page=""670"" id=""12188""><form id=""mantaxgaq"" lang=""ceb"">mantágà</form>
<hom>
<sense n=""0""><trans> = <xr lang=""ceb"" target=""#mantalaxgaq""><sc>mantalágà</sc></xr>.
</trans>
</sense></hom></entry>");
INSERT INTO `wced_head` (entryid, head, normalized_head, type, pos) VALUES (12188, "mantágà", "mantaga", "m", "");
INSERT INTO `wced_entry` VALUES (12189, "mantala", "670", "<entry page=""670"" id=""12189""><form id=""mantaxlaq"" lang=""ceb"">mantálà</form>
<hom>
<sense n=""0""><trans> (not without <ix>l</ix>) </trans>
</sense></hom>
<hom role=""v""><pos>v</pos>
<sense n=""1""><number>1</number> <itype>[A13]</itype><trans> <tr>herald</tr>, <tr>announce</tr>. </trans>
<eg><i lang=""ceb"">Ang tuktugáuk sa sunuy nagmantálà sa umaábut nga kabuntágun,</i><trans> The crowing of the rooster announces the approaching morning. </trans></eg>
</sense>
<sense n=""2""><number>2</number> <itype>[A; c]</itype><trans> <tr>publish</tr> in a magazine or newspaper. </trans>
<eg><i lang=""ceb"">Gimantálà sa mantaláan ang umaábut nílang kasal,</i><trans> Their approaching wedding was published in the papers. </trans></eg>
</sense>
<sense n=""3""><number>3</number> <itype>[A13]</itype><trans> <tr>advertise</tr>. </trans>
<eg><i lang=""ceb"">Mga lúhà nga nagmantálà sa ákung kapildíhan,</i><trans> Tears that advertised my defeat. </trans></eg>
</sense></hom>
<entry><form id=""mantalaan_pangmantalaan"" lang=""ceb""><abbr expan=""mantalaan"" type=""lemma"">-an</abbr>, <abbr expan=""pangmantalaan"" type=""lemma"">paN-an</abbr></form>
<hom role=""n""><pos>n</pos>
<sense n=""1""><number>1</number><trans> <tr>newspaper</tr>, <tr>magazine</tr>. </trans>
</sense>
<sense n=""2""><number>2</number><trans> <tr>press</tr>. </trans>
</sense></hom></entry>
<entry><form id=""magmamantaxlaq"" lang=""ceb""><abbr expan=""magmamantálà"" type=""lemma"">mag-r-</abbr></form>
<hom role=""n""><pos>n</pos>
<sense n=""0""><trans> <tr>publisher</tr>. </trans>
</sense></hom></entry>
<entry><form id=""tagapangmantaxlaq"" lang=""ceb""><abbr expan=""tagapangmantálà"" type=""lemma"">tagapaN-</abbr></form>
<hom role=""n""><pos>n</pos>
<sense n=""0""><trans> <tr>press relations officer</tr>. </trans>
</sense></hom></entry>
<entry><form id=""tigmantaxlaq"" lang=""ceb""><abbr expan=""tigmantálà"" type=""lemma"">tig-</abbr></form>
<hom role=""n""><pos>n</pos>
<sense n=""1""><number>1</number><trans> advertising man. </trans>
<eg><i lang=""ceb"">Milíhuk ang tigmantálà sa bag-ung kumpaníya,</i><trans> The new company’s ad man worked hard. </trans></eg>
</sense>
<sense n=""2""><number>2</number><trans> an <tr>announcer</tr>, s.o. or s.t. who or that spreads talk or news around. </trans>
<eg><i lang=""ceb"">Kanang bayhána mauy tigmantálà sa tanang mahinabù dinhi,</i><trans> That woman is the person who spreads the gossip of all that is going on around here. </trans></eg>
</sense>
<sense n=""3""><number>3</number><trans> <tr>publisher</tr>.
</trans>
</sense></hom></entry></entry>");
INSERT INTO `wced_head` (entryid, head, normalized_head, type, pos) VALUES (12189, "mantálà", "mantala", "m", "v");
INSERT INTO `wced_head` (entryid, head, normalized_head, type, pos) VALUES (12189, "mantalaan", "mantalaan", "s", "n");
INSERT INTO `wced_head` (entryid, head, normalized_head, type, pos) VALUES (12189, "pangmantalaan", "pangmantalaan", "s", "n");
INSERT INTO `wced_head` (entryid, head, normalized_head, type, pos) VALUES (12189, "magmamantálà", "magmamantala", "s", "n");
INSERT INTO `wced_head` (entryid, head, normalized_head, type, pos) VALUES (12189, "tagapangmantálà", "tagapangmantala", "s", "n");
INSERT INTO `wced_head` (entryid, head, normalized_head, type, pos) VALUES (12189, "tigmantálà", "tigmantala", "s", "n");
INSERT INTO `wced_translation` (entryid, translation) VALUES (12189, "herald");
INSERT INTO `wced_translation` (entryid, translation) VALUES (12189, "announce");
INSERT INTO `wced_translation` (entryid, translation) VALUES (12189, "publish");
INSERT INTO `wced_translation` (entryid, translation) VALUES (12189, "advertise");
INSERT INTO `wced_translation` (entryid, translation) VALUES (12189, "newspaper");
INSERT INTO `wced_translation` (entryid, translation) VALUES (12189, "magazine");
INSERT INTO `wced_translation` (entryid, translation) VALUES (12189, "press");
INSERT INTO `wced_translation` (entryid, translation) VALUES (12189, "publisher");
INSERT INTO `wced_translation` (entryid, translation) VALUES (12189, "press relations officer");
INSERT INTO `wced_translation` (entryid, translation) VALUES (12189, "announcer");
INSERT INTO `wced_entry` VALUES (12190, "mantalaga", "670", "<entry page=""670"" id=""12190""><form id=""mantalaxgaq"" lang=""ceb"">mantalágà</form>
<hom role=""n""><pos>n</pos>
<sense n=""0""><trans> <tr>giant octopus</tr>.
</trans>
</sense></hom></entry>");
INSERT INTO `wced_head` (entryid, head, normalized_head, type, pos) VALUES (12190, "mantalágà", "mantalaga", "m", "n");
INSERT INTO `wced_translation` (entryid, translation) VALUES (12190, "giant octopus");
INSERT INTO `wced_entry` VALUES (12191, "mantas", "670", "<entry page=""670"" id=""12191""><form id=""mantas"" lang=""ceb"">mantas</form>
<hom>
<sense n=""0""><trans> = <xr lang=""ceb"" target=""#mangtas""><sc>mangtas</sc></xr>.
</trans>
</sense></hom></entry>");
INSERT INTO `wced_head` (entryid, head, normalized_head, type, pos) VALUES (12191, "mantas", "mantas", "m", "");
INSERT INTO `wced_entry` VALUES (12192, "mantianak", "670", "<entry page=""670"" id=""12192""><form id=""mantiaxnak"" lang=""ceb"">mantiának</form>
<hom>
<sense n=""0""><trans> = <xr lang=""ceb"" target=""#mantiyaxnak""><sc>mantiyának</sc></xr>.
</trans>
</sense></hom></entry>");
INSERT INTO `wced_head` (entryid, head, normalized_head, type, pos) VALUES (12192, "mantiának", "mantianak", "m", "");
INSERT INTO `wced_entry` VALUES (12193, "mantiaw", "670", "<entry page=""670"" id=""12193""><form id=""mantixaw"" lang=""ceb"">mantíaw</form>
<hom>
<sense n=""0""><trans> interjection showing dismay and displeasure, but to be taken lightly. </trans>
<eg><i lang=""ceb"">Mantíaw ning batáa, muulì lag mukáun,</i><trans> My! This child never comes home except to eat.
</trans></eg>
</sense></hom></entry>");
INSERT INTO `wced_head` (entryid, head, normalized_head, type, pos) VALUES (12193, "mantíaw", "mantiaw", "m", "");
INSERT INTO `wced_entry` VALUES (12194, "mantika", "670", "<entry page=""670"" id=""12194""><form id=""mantixkaq"" lang=""ceb"">mantíkà</form>
<hom role=""n""><pos>n</pos>
<sense n=""1""><number>1</number><trans> <tr>lard</tr>, fat from flesh. </trans>
</sense>
<sense n=""1a""><number>1a</number> <form id=""luxpig_pay_mantixkaq_kun_matuxlug"" lang=""ceb"">lúpig pay <abbr expan=""mantíkà"" type=""lemma"">—</abbr> kun matúlug</form><trans> tending to sleep deeply (lit. better at sleeping than lard). </trans>
</sense>
<sense n=""2""><number>2</number><trans> <tr>cooking oil</tr>. </trans>
</sense></hom>
<entry><form id=""bugnaw_ug_mantixkaq"" lang=""ceb"">bugnaw ug <abbr expan=""mantíkà"" type=""lemma"">—</abbr></form>
<hom>
<sense n=""0""><trans> derisive reference to one who has indolent habits or is a slowpoke. </trans>
</sense></hom></entry>
<entry><form id=""mantikaq"" lang=""ceb""><abbr expan=""mantikà"" type=""lemma"">(→)</abbr></form>
<hom role=""v""><pos>v</pos>
<sense n=""1""><number>1</number> <itype>[A; b]</itype><trans> fry in lard. </trans>
<eg><i lang=""ceb"">Mantikai ang báhaw,</i><trans> Fry the leftover food. </trans></eg>
</sense>
<sense n=""2""><number>2</number> <itype>[A]</itype><trans> exude lard or oil. </trans>
<eg><i lang=""ceb"">Haúna dáyun kun mumantikà na ang tambuk,</i><trans> Take the pan out of the fire when lard comes out of the pork fat. </trans></eg>
</sense>
<sense n=""3""><number>3</number> <itype>[A]</itype><trans> for public transportation to move slowly and sluggishly at times that there are few passengers. </trans>
<eg><i lang=""ceb"">Wà giyuy pasahíru. Nagmantikà ang trák sa dálan,</i><trans> There are few passengers, and the bus is moving slowly down the street empty. </trans></eg>
</sense></hom></entry>
<entry><form id=""minantikaxan"" lang=""ceb""><abbr expan=""minantikáan"" type=""lemma"">-in-an</abbr></form>
<hom role=""n""><pos>n</pos>
<sense n=""0""><trans> food fried in oil. </trans>
</sense></hom></entry>
<entry><form id=""mantikaxun"" lang=""ceb""><abbr expan=""mantikáun"" type=""lemma"">-un</abbr></form>
<hom role=""a""><pos>a</pos>
<sense n=""1""><number>1</number><trans> <tr>greasy</tr>. </trans>
<eg><i lang=""ceb"">Sud-an nga mantikáun,</i><trans> Greasy food. </trans></eg>
</sense>
<sense n=""2""><number>2</number><trans> <tr>obese</tr>. </trans>
<eg><i lang=""ceb"">Babáying mantikáun,</i><trans> An obese woman.
</trans></eg>
</sense></hom></entry></entry>");
INSERT INTO `wced_head` (entryid, head, normalized_head, type, pos) VALUES (12194, "mantíkà", "mantika", "m", "n");
INSERT INTO `wced_head` (entryid, head, normalized_head, type, pos) VALUES (12194, "lúpig pay mantíkà kun matúlug", "lupig pay mantika kun matulug", "s", "");
INSERT INTO `wced_head` (entryid, head, normalized_head, type, pos) VALUES (12194, "bugnaw ug mantíkà", "bugnaw ug mantika", "s", "");
INSERT INTO `wced_head` (entryid, head, normalized_head, type, pos) VALUES (12194, "mantikà", "mantika", "s", "v");
INSERT INTO `wced_head` (entryid, head, normalized_head, type, pos) VALUES (12194, "minantikáan", "minantikaan", "s", "n");
INSERT INTO `wced_head` (entryid, head, normalized_head, type, pos) VALUES (12194, "mantikáun", "mantikaun", "s", "a");
INSERT INTO `wced_translation` (entryid, translation) VALUES (12194, "lard");
INSERT INTO `wced_translation` (entryid, translation) VALUES (12194, "cooking oil");
INSERT INTO `wced_translation` (entryid, translation) VALUES (12194, "greasy");
INSERT INTO `wced_translation` (entryid, translation) VALUES (12194, "obese");
INSERT INTO `wced_entry` VALUES (12195, "mantika dikakaw", "670", "<entry page=""670"" id=""12195""><form id=""mantixka_dikakaw"" lang=""ceb"">mantíka dikakaw</form>
<hom role=""n""><pos>n</pos>
<sense n=""0""><trans> <tr>cocoa butter</tr>.
</trans>
</sense></hom></entry>");
INSERT INTO `wced_head` (entryid, head, normalized_head, type, pos) VALUES (12195, "mantíka dikakaw", "mantika dikakaw", "m", "n");
INSERT INTO `wced_translation` (entryid, translation) VALUES (12195, "cocoa butter");
INSERT INTO `wced_entry` VALUES (12196, "mantikilya", "670", "<entry page=""670"" id=""12196""><form id=""mantikilya"" lang=""ceb"">mantikilya</form>
<hom role=""n""><pos>n</pos>
<sense n=""0""><trans> <tr>butter</tr> or <tr>margarine</tr>. </trans>
</sense></hom>
<hom role=""v""><pos>v</pos>
<sense n=""0""> <itype>[A; c]</itype><trans> spread butter on s.t.
</trans>
</sense></hom></entry>");
INSERT INTO `wced_head` (entryid, head, normalized_head, type, pos) VALUES (12196, "mantikilya", "mantikilya", "m", "nv");
INSERT INTO `wced_translation` (entryid, translation) VALUES (12196, "butter");
INSERT INTO `wced_translation` (entryid, translation) VALUES (12196, "margarine");
INSERT INTO `wced_entry` VALUES (12197, "mantil", "670", "<entry page=""670"" id=""12197""><form id=""mantil"" lang=""ceb"">mantil</form>
<hom role=""n""><pos>n</pos>
<sense n=""0""><trans> <tr>tablecloth</tr>. </trans>
</sense></hom>
<hom role=""v""><pos>v</pos>
<sense n=""1""><number>1</number> <itype>[A; b]</itype><trans> put, use a tablecloth. </trans>
</sense>
<sense n=""2""><number>2</number> <itype>[a12]</itype><trans> make into a tablecloth.
</trans>
</sense></hom></entry>");
INSERT INTO `wced_head` (entryid, head, normalized_head, type, pos) VALUES (12197, "mantil", "mantil", "m", "nv");
INSERT INTO `wced_translation` (entryid, translation) VALUES (12197, "tablecloth");
INSERT INTO `wced_entry` VALUES (12198, "mantilya", "670", "<entry page=""670"" id=""12198""><form id=""mantilya"" lang=""ceb"">mantilya</form>
<hom role=""n""><pos>n</pos>
<sense n=""0""><trans> veil used to cover a woman’s head in church. </trans>
</sense></hom>
<hom role=""v""><pos>v</pos>
<sense n=""1""><number>1</number> <itype>[A; b]</itype><trans> wear a veil. </trans>
</sense>
<sense n=""2""><number>2</number> <itype>[a12]</itype><trans> make into a veil.
</trans>
</sense></hom></entry>");
INSERT INTO `wced_head` (entryid, head, normalized_head, type, pos) VALUES (12198, "mantilya", "mantilya", "m", "nv");
INSERT INTO `wced_entry` VALUES (12199, "mantilyina", "670", "<entry page=""670"" id=""12199""><form id=""mantilyixna"" lang=""ceb"">mantilyína</form>
<hom role=""n""><pos>n</pos>
<sense n=""0""><trans> <tr>head covering</tr> for wearing inside a church. </trans>
</sense></hom>
<hom role=""v""><pos>v</pos>
<sense n=""0""> <itype>[A; c]</itype><trans> wear a head covering in church.
</trans>
</sense></hom></entry>");
INSERT INTO `wced_head` (entryid, head, normalized_head, type, pos) VALUES (12199, "mantilyína", "mantilyina", "m", "nv");
INSERT INTO `wced_translation` (entryid, translation) VALUES (12199, "head covering");
INSERT INTO `wced_entry` VALUES (12200, "mantinil, mantinir", "670", "<entry page=""670"" id=""12200""><form id=""mantinil_mantinir"" lang=""ceb"">mantinil, mantinir</form>
<hom role=""v""><pos>v</pos>
<sense n=""0""> <itype>[A3; c]</itype><trans> <tr>make do with</tr>, content oneself with s.t. less than the best. </trans>
<eg><i lang=""ceb"">Magmantinil lang tag amútig way bugas,</i><trans> We’ll make do with sweet potatoes if there’s no rice. </trans></eg>
<eg><i lang=""ceb"">Nagmantinil lang siyag pangarga,</i><trans> He just took a temporary job as a stevedore. </trans></eg>
<eg><i lang=""ceb"">Mantiniri (mantinihi) lag kawáyan pára halígi ang balay,</i><trans> Just use bamboo for the meantime as a post for the house. </trans></eg>
</sense></hom>
<entry><form id=""minantinil"" lang=""ceb""><abbr expan=""minantinil"" type=""lemma"">-in-</abbr></form>
<hom role=""a""><pos>a</pos>
<sense n=""0""><trans> of makeshift or second choice sort.
</trans>
</sense></hom></entry></entry>");
INSERT INTO `wced_head` (entryid, head, normalized_head, type, pos) VALUES (12200, "mantinil", "mantinil", "s", "v");
INSERT INTO `wced_head` (entryid, head, normalized_head, type, pos) VALUES (12200, "mantinir", "mantinir", "s", "v");
INSERT INTO `wced_head` (entryid, head, normalized_head, type, pos) VALUES (12200, "minantinil", "minantinil", "s", "a");
INSERT INTO `wced_translation` (entryid, translation) VALUES (12200, "make do with");
INSERT INTO `wced_entry` VALUES (12201, "mantiw", "670", "<entry page=""670"" id=""12201""><form id=""mantiw"" lang=""ceb"">mantiw</form>
<hom role=""a""><pos>a</pos>
<sense n=""0""><trans> <tr>tall and lanky</tr>. </trans>
</sense></hom>
<hom role=""v""><pos>v</pos>
<sense n=""0""> <itype>[B; b6]</itype><trans> be, become, make lanky.
</trans>
</sense></hom></entry>");
INSERT INTO `wced_head` (entryid, head, normalized_head, type, pos) VALUES (12201, "mantiw", "mantiw", "m", "av");
INSERT INTO `wced_translation` (entryid, translation) VALUES (12201, "tall and lanky");
INSERT INTO `wced_entry` VALUES (12202, "mantiyanak", "670", "<entry page=""670"" id=""12202""><form id=""mantiyaxnak"" lang=""ceb"">mantiyának</form>
<hom role=""n""><pos>n</pos>
<sense n=""0""><trans> supernatural being which preys on newborn infants. It drinks the blood from childbirth and tries to get at the newborn baby’s liver. If the baby dies, he drinks the mother’s milk without her knowledge and kills her thereby. It is pictured the size of a baby, with horns and fangs, with long pointed ears, dirty brown in color and angular in features. It has the ability to walk, change its appearance, and make itself invisible.
</trans>
</sense></hom></entry>");
INSERT INTO `wced_head` (entryid, head, normalized_head, type, pos) VALUES (12202, "mantiyának", "mantiyanak", "m", "n");
INSERT INTO `wced_entry` VALUES (12203, "mantsa", "670", "<entry page=""670"" id=""12203""><form id=""mantsa"" lang=""ceb"">mantsa</form>
<hom>
<sense n=""0""><trans> = <xr lang=""ceb"" target=""#mansa""><sc>mansa</sc></xr>.
</trans>
</sense></hom></entry>");
INSERT INTO `wced_head` (entryid, head, normalized_head, type, pos) VALUES (12203, "mantsa", "mantsa", "m", "");
INSERT INTO `wced_entry` VALUES (12204, "mantsinitas", "670", "<entry page=""670"" id=""12204""><form id=""mantsinixtas"" lang=""ceb"">mantsinítas</form>
<hom>
<sense n=""0""><trans> = <xr lang=""ceb"" target=""#mansanixtas""><sc>mansanítas</sc></xr>.
</trans>
</sense></hom></entry>");
INSERT INTO `wced_head` (entryid, head, normalized_head, type, pos) VALUES (12204, "mantsinítas", "mantsinitas", "m", "");
INSERT INTO `wced_entry` VALUES (12205, "mantsusu", "670", "<entry page=""670"" id=""12205""><form id=""mantsuxsu"" lang=""ceb"">mantsúsu</form>
<hom role=""a""><pos>a</pos>
<sense n=""0""><trans> easily soiled or stained. </trans>
<eg><i lang=""ceb"">Mantsúsu kaáyu ang putì nga bistídu,</i><trans> White clothing gets soiled easily. </trans></eg>
</sense></hom>
<hom role=""v""><pos>v</pos>
<sense n=""0""> <itype>[A3P; b6]</itype><trans> be, become easily soiled.
</trans>
</sense></hom></entry>");
INSERT INTO `wced_head` (entryid, head, normalized_head, type, pos) VALUES (12205, "mantsúsu", "mantsusu", "m", "av");
INSERT INTO `wced_entry` VALUES (12206, "manu1", "670", "<entry page=""670"" id=""12206""><form id=""maxnu"" lang=""ceb"">mánu<sub>1</sub></form>
<hom role=""v""><pos>v</pos>
<sense n=""0""> <itype>[AC2; a]</itype><trans> in ball games, play off one with another to determine who plays first or whose play it is. </trans>
<eg><i lang=""ceb"">Átung manúhun ug kinsay mayur,</i><trans> I’ll play it off with you to see who starts the game. </trans></eg>
</sense></hom>
<hom role=""n""><pos>n</pos>
<sense n=""0""><trans> act of determining the order of who plays first. </trans>
</sense></hom>
<entry><form id=""manuhan"" lang=""ceb"">manuhan</form>
<hom role=""n""><pos>n</pos>
<sense n=""0""><trans> a line from which s.t. is tossed to determine who is first.
</trans>
</sense></hom></entry></entry>");
INSERT INTO `wced_head` (entryid, head, normalized_head, type, pos) VALUES (12206, "mánu", "manu", "s", "vn");
INSERT INTO `wced_head` (entryid, head, normalized_head, type, pos) VALUES (12206, "manuhan", "manuhan", "s", "n");
INSERT INTO `wced_entry` VALUES (12207, "manu2", "670", "<entry page=""670"" id=""12207""><form id=""maxnu2"" lang=""ceb"">mánu<sub>2</sub></form>
<hom role=""n""><pos>n</pos>
<sense n=""0""><trans> title of address for a male older than the speaker. </trans>
</sense></hom>
<hom role=""v""><pos>v</pos>
<sense n=""0""> <itype>[A; a12]</itype><trans> call s.o. <ix>mánu</ix>.
</trans>
</sense></hom></entry>");
INSERT INTO `wced_head` (entryid, head, normalized_head, type, pos) VALUES (12207, "mánu", "manu", "s", "nv");
INSERT INTO `wced_entry` VALUES (12208, "manu3", "670", "<entry page=""670"" id=""12208""><form id=""maxnu3"" lang=""ceb"">mánu<sub>3</sub></form>
<hom role=""n""><pos>n</pos>
<sense n=""0""><trans> hand of dried tobacco leaves containing 100 leaves. </trans>
</sense></hom>
<hom role=""v""><pos>v</pos>
<sense n=""0""> <itype>[A; a12]</itype><trans> bind tobacco leaves into hands.
</trans>
</sense></hom></entry>");
INSERT INTO `wced_head` (entryid, head, normalized_head, type, pos) VALUES (12208, "mánu", "manu", "s", "nv");
INSERT INTO `wced_entry` VALUES (12209, "manu4", "670", "<entry page=""670"" id=""12209""><form id=""maxnu4"" lang=""ceb"">mánu<sub>4</sub></form>
<hom>
<sense n=""0""><trans> = <xr lang=""ceb"" target=""#ngaxnu""><sc>ngánu</sc></xr>.
</trans>
</sense></hom></entry>");
INSERT INTO `wced_head` (entryid, head, normalized_head, type, pos) VALUES (12209, "mánu", "manu", "s", "");
INSERT INTO `wced_entry` VALUES (12210, "*manu5", "670", "<entry page=""670"" id=""12210""><form id=""xxmaxnu5"" lang=""ceb"">*mánu<sub>5</sub></form>
<hom>
<sense n=""0""><trans> <ix>see</ix> <xr lang=""ceb"" target=""#dimaxnu""><sc>dimánu</sc></xr>, <xr lang=""ceb"" target=""#dimaxnu""><sc>armas <abbr expan=""dimánu"" type=""lemma"">di-</abbr></sc></xr>, <xr lang=""ceb"" target=""#dimaxnu""><sc>bula <abbr expan=""dimánu"" type=""lemma"">di-</abbr></sc></xr>, <xr lang=""ceb"" target=""#buyna_--""><sc>buyna —</sc></xr>, <xr lang=""ceb"" target=""#maxnu""><sc>sigunda <abbr expan=""mánu"" type=""lemma"">—</abbr></sc></xr>. </trans>
</sense></hom>
<entry><form id=""manumaxnu"" lang=""ceb"">manumánu</form>
<hom role=""v""><pos>v</pos>
<sense n=""0""> <itype>[AC2; c1]</itype><trans> do s.t. by human strength, hands alone. </trans>
<eg><i lang=""ceb"">Manumanúhun (imanumánu) lang ni nátug <pb n=""671""/>bira ang awtu,</i><trans> Let’s just push this car by hand. </trans></eg>
</sense></hom>
<hom role=""n""><pos>n</pos>
<sense n=""0""><trans> fight with the hands. †
</trans>
</sense></hom></entry></entry>");
INSERT INTO `wced_head` (entryid, head, normalized_head, type, pos) VALUES (12210, "mánu", "manu", "s", "");
INSERT INTO `wced_head` (entryid, head, normalized_head, type, pos) VALUES (12210, "manumánu", "manumanu", "s", "vn");
INSERT INTO `wced_entry` VALUES (12211, "manubig", "671", "<entry page=""671"" id=""12211""><form id=""manuxbig"" lang=""ceb"">manúbig</form>
<hom>
<sense n=""0""><trans> (from <ix>túbig</ix>) </trans>
</sense></hom>
<hom role=""n""><pos>n</pos>
<sense n=""0""><trans> k.o. crab of swamps and rivers lighter in color than the <ix>kágang</ix>.
</trans>
</sense></hom></entry>");
INSERT INTO `wced_head` (entryid, head, normalized_head, type, pos) VALUES (12211, "manúbig", "manubig", "m", "n");
INSERT INTO `wced_entry` VALUES (12212, "manubila", "671", "<entry page=""671"" id=""12212""><form id=""manubixla"" lang=""ceb"">manubíla</form>
<hom role=""n""><pos>n</pos>
<sense n=""0""><trans> a mechanism one manipulates to steer: steering wheel, handle bars, etc. </trans>
</sense></hom>
<hom role=""v""><pos>v</pos>
<sense n=""0""> <itype>[c1]</itype><trans> make a steering mechanism.
</trans>
</sense></hom></entry>");
INSERT INTO `wced_head` (entryid, head, normalized_head, type, pos) VALUES (12212, "manubíla", "manubila", "m", "nv");
INSERT INTO `wced_entry` VALUES (12213, "manubu, manubu", "671", "<entry page=""671"" id=""12213""><form id=""Manuxbu_Manuxbuq"" lang=""ceb"">Manúbu, Manúbù</form>
<hom role=""n""><pos>n</pos>
<sense n=""0""><trans> name of an ethnic group in the mountains of eastern Mindanao.
</trans>
</sense></hom></entry>");
INSERT INTO `wced_head` (entryid, head, normalized_head, type, pos) VALUES (12213, "Manúbu", "manubu", "s", "n");
INSERT INTO `wced_head` (entryid, head, normalized_head, type, pos) VALUES (12213, "Manúbù", "manubu", "s", "n");
INSERT INTO `wced_entry` VALUES (12214, "manugimpu, manugimpul", "671", "<entry page=""671"" id=""12214""><form id=""manugimpu_manugimpul"" lang=""ceb"">manugimpu, manugimpul</form>
<hom role=""n""><pos>n</pos>
<sense n=""0""><trans> k.o. parasitic plant which attaches itself to trees. It extends out a vine-like trunk which clings and covers the host.
</trans>
</sense></hom></entry>");
INSERT INTO `wced_head` (entryid, head, normalized_head, type, pos) VALUES (12214, "manugimpu", "manugimpu", "s", "n");
INSERT INTO `wced_head` (entryid, head, normalized_head, type, pos) VALUES (12214, "manugimpul", "manugimpul", "s", "n");
INSERT INTO `wced_entry` VALUES (12215, "manuk", "671", "<entry page=""671"" id=""12215""><form id=""manuk"" lang=""ceb"">manuk</form>
<hom role=""n""><pos>n</pos>
<sense n=""1""><number>1</number><trans> <tr>chicken</tr>. </trans>
<eg><i lang=""ceb"">Pinirítung manuk,</i><trans> Fried chicken. </trans></eg>
</sense>
<sense n=""1a""><number>1a</number> <form id=""layuq_ra_sa_tinaxi_sa_manuk"" lang=""ceb"">layù ra sa tinái sa <abbr expan=""manuk"" type=""lemma"">—</abbr></form><trans> </trans>
</sense>
<sense n=""1a1""><number>1a1</number><trans> off the subject, not to the point. (Lit. far from the chicken’s intestines.) </trans>
</sense>
<sense n=""1a2""><number>1a2</number><trans> wound of no consequence, harmless scratch. </trans>
</sense>
<sense n=""2""><number>2</number><trans> <tr>gamecock</tr>. </trans>
</sense>
<sense n=""2a""><number>2a</number><trans> a protegé involved in any race or competition: politics, boxing, love, et al. </trans>
<eg><i lang=""ceb"">Napildi ang íyang manuk,</i><trans> His candidate (protegé) was defeated. </trans></eg>
</sense></hom>
<hom role=""v""><pos>v</pos>
<sense n=""1""><number>1</number> <itype>[A1]</itype><trans> have chicken for one’s meal. </trans>
</sense>
<sense n=""2""><number>2</number> <itype>[A; a12]</itype><trans> make s.o. one’s protegé, candidate in a competition. </trans>
<eg><i lang=""ceb"">Akuy mumanuk nímu ug dì ba sugut dáyun nang bayhána,</i><trans> If I put you up as a candidate that girl will surely accept you. </trans></eg>
<eg><i lang=""ceb"">Midaug siya kay gimanuk mang Sirhing,</i><trans> He got elected because he was a protege of Serging’s. </trans></eg>
</sense></hom>
<entry><form id=""manukan_manuxkan"" lang=""ceb""><abbr expan=""manukan"" type=""lemma"">-an</abbr>, <abbr expan=""manúkan"" type=""lemma"">-an(←)</abbr></form>
<hom role=""n""><pos>n</pos>
<sense n=""1""><number>1</number><trans> <tr>poultry business</tr>. </trans>
</sense>
<sense n=""2""><number>2</number><trans> one who has lots of chickens. </trans>
</sense></hom>
<hom role=""v""><pos>v</pos>
<sense n=""0""> <itype>[A1]</itype><trans> have a poultry business. </trans>
</sense></hom></entry>
<entry><form id=""minanuk"" lang=""ceb""><abbr expan=""minanuk"" type=""lemma"">-in-</abbr></form>
<hom role=""a""><pos>a</pos>
<sense n=""0""><trans> sleeping half-awake because of insomnia or because of a need to remain conscious. </trans>
</sense></hom>
<hom role=""v""><pos>v</pos>
<sense n=""0""> <itype>[A; c1]</itype><trans> sleep in such manner. </trans>
<eg><i lang=""ceb"">Magminanuk kug katū́g paghuwat sa pirs trip,</i><trans> I’m just going to nap because I have to make it to the first trip. </trans></eg>
</sense></hom></entry>
<entry><form id=""manuxkun"" lang=""ceb""><abbr expan=""manúkun"" type=""lemma"">-un(←)</abbr></form>
<hom role=""a""><pos>a</pos>
<sense n=""0""><trans> slightly cross-eyed. </trans>
<eg><i lang=""ceb"">Gwápa untang bayhána, ugáling manúkun lang,</i><trans> That girl is beautiful, but she is cross-eyed. </trans></eg>
</sense></hom>
<hom role=""n""><pos>n</pos>
<sense n=""0""><trans> = <xr lang=""ceb"" target=""#lukgaw""><sc>lukgaw</sc></xr>. </trans>
</sense></hom></entry>
<entry><form id=""manukun"" lang=""ceb""><abbr expan=""manukun"" type=""lemma"">-un</abbr></form>
<hom role=""a""><pos>a</pos>
<sense n=""0""><trans> = <xr lang=""ceb"" target=""#manuxkun""><sc><abbr expan=""manúkun"" type=""lemma"">-un(←)</abbr></sc></xr>, <i lang=""ceb"">a</i>. </trans>
</sense></hom>
<hom role=""n""><pos>n</pos>
<sense n=""0""><trans> the cow-nosed ray, so called because it moves like a bird in the water: <bio>Rhinoptera javanica</bio>.
</trans>
</sense></hom></entry></entry>");
INSERT INTO `wced_head` (entryid, head, normalized_head, type, pos) VALUES (12215, "manuk", "manuk", "m", "nv");
INSERT INTO `wced_head` (entryid, head, normalized_head, type, pos) VALUES (12215, "layù ra sa tinái sa manuk", "layu ra sa tinai sa manuk", "s", "");
INSERT INTO `wced_head` (entryid, head, normalized_head, type, pos) VALUES (12215, "manukan", "manukan", "s", "nv");
INSERT INTO `wced_head` (entryid, head, normalized_head, type, pos) VALUES (12215, "manúkan", "manukan", "s", "nv");
INSERT INTO `wced_head` (entryid, head, normalized_head, type, pos) VALUES (12215, "minanuk", "minanuk", "s", "av");
INSERT INTO `wced_head` (entryid, head, normalized_head, type, pos) VALUES (12215, "manúkun", "manukun", "s", "an");
INSERT INTO `wced_head` (entryid, head, normalized_head, type, pos) VALUES (12215, "manukun", "manukun", "s", "an");
INSERT INTO `wced_translation` (entryid, translation) VALUES (12215, "chicken");
INSERT INTO `wced_translation` (entryid, translation) VALUES (12215, "gamecock");
INSERT INTO `wced_translation` (entryid, translation) VALUES (12215, "poultry business");
INSERT INTO `wced_entry` VALUES (12216, "manukmanuk", "671", "<entry page=""671"" id=""12216""><form id=""manukmaxnuk"" lang=""ceb"">manukmánuk</form>
<hom role=""n""><pos>n</pos>
<sense n=""1""><number>1</number><trans> wind coming in strong gusts. </trans>
</sense>
<sense n=""2""><number>2</number><trans> weather vane. </trans>
</sense></hom>
<hom role=""v""><pos>v</pos>
<sense n=""0""> <itype>[B456; b4]</itype><trans> be caught in gusting winds. </trans>
<eg><i lang=""ceb"">Piligrung ilawud ug magmanukmánuk ang hángin,</i><trans> It’s dangerous to set sail in gusty weather.
</trans></eg>
</sense></hom></entry>");
INSERT INTO `wced_head` (entryid, head, normalized_head, type, pos) VALUES (12216, "manukmánuk", "manukmanuk", "m", "nv");
INSERT INTO `wced_entry` VALUES (12217, "manukulu", "671", "<entry page=""671"" id=""12217""><form id=""manukuxlu"" lang=""ceb"">manukúlu</form>
<hom role=""n""><pos>n</pos>
<sense n=""0""><trans> <tr>monocle</tr>. </trans>
</sense></hom>
<hom role=""v""><pos>v</pos>
<sense n=""1""><number>1</number> <itype>[A1]</itype><trans> wear a monocle. </trans>
</sense>
<sense n=""2""><number>2</number> <itype>[A12]</itype><trans> get a monocle.
</trans>
</sense></hom></entry>");
INSERT INTO `wced_head` (entryid, head, normalized_head, type, pos) VALUES (12217, "manukúlu", "manukulu", "m", "nv");
INSERT INTO `wced_translation` (entryid, translation) VALUES (12217, "monocle");
INSERT INTO `wced_entry` VALUES (12218, "manul", "671", "<entry page=""671"" id=""12218""><form id=""manul"" lang=""ceb"">manul</form>
<hom role=""n""><pos>n</pos>
<sense n=""0""><trans> variety of jasmine of the same species as <ix>sampagíta</ix> but with double petals and rounded leaves: <bio>Jasmimum spp</bio>.
</trans>
</sense></hom></entry>");
INSERT INTO `wced_head` (entryid, head, normalized_head, type, pos) VALUES (12218, "manul", "manul", "m", "n");
INSERT INTO `wced_entry` VALUES (12219, "manulunda, manulunda", "671", "<entry page=""671"" id=""12219""><form id=""manulunda_manulundaq"" lang=""ceb"">manulunda, manulundà</form>
<hom role=""n""><pos>n</pos>
<sense n=""0""><trans> <tr>angel</tr>. </trans>
<eg><i lang=""ceb"">Daw manulundà ang íyang kaanyag,</i><trans> She has the beauty of an angel.
</trans></eg>
</sense></hom></entry>");
INSERT INTO `wced_head` (entryid, head, normalized_head, type, pos) VALUES (12219, "manulunda", "manulunda", "s", "n");
INSERT INTO `wced_head` (entryid, head, normalized_head, type, pos) VALUES (12219, "manulundà", "manulunda", "s", "n");
INSERT INTO `wced_translation` (entryid, translation) VALUES (12219, "angel");
INSERT INTO `wced_entry` VALUES (12220, "manumbaga", "671", "<entry page=""671"" id=""12220""><form id=""manumbaxga"" lang=""ceb"">manumbága</form>
<hom>
<sense n=""0""><trans> = <xr lang=""ceb"" target=""#tinumbaxga""><sc>tinumbága</sc></xr>. <ix>see</ix> <xr lang=""ceb"" target=""#tumbaxga""><sc>tumbága</sc></xr>.
</trans>
</sense></hom></entry>");
INSERT INTO `wced_head` (entryid, head, normalized_head, type, pos) VALUES (12220, "manumbága", "manumbaga", "m", "");
INSERT INTO `wced_entry` VALUES (12221, "manung, manung", "671", "<entry page=""671"" id=""12221""><form id=""manung_maxnung"" lang=""ceb"">manung, mánung</form>
<hom role=""n""><pos>n</pos>
<sense n=""1""><number>1</number><trans> title for an elder brother. </trans>
</sense>
<sense n=""2""><number>2</number><trans> title of respect for a man older than the speaker. </trans>
</sense></hom>
<hom role=""v""><pos>v</pos>
<sense n=""0""> <itype>[A; a12]</itype><trans> call s.o. <ix>mánung</ix>. </trans>
</sense></hom>
<entry><form id=""manung"" lang=""ceb""><abbr expan=""manung"" type=""lemma"">(→)</abbr></form>
<hom>
<sense n=""0""><trans> voc. form. <ix>Short form</ix>: <bx>nung</bx>.
</trans>
</sense></hom></entry></entry>");
INSERT INTO `wced_head` (entryid, head, normalized_head, type, pos) VALUES (12221, "manung", "manung", "s", "nv");
INSERT INTO `wced_head` (entryid, head, normalized_head, type, pos) VALUES (12221, "mánung", "manung", "s", "nv");
INSERT INTO `wced_entry` VALUES (12222, "manunggal", "671", "<entry page=""671"" id=""12222""><form id=""manunggal"" lang=""ceb"">manunggal</form>
<hom role=""n""><pos>n</pos>
<sense n=""0""><trans> k.o. tree.
</trans>
</sense></hom></entry>");
INSERT INTO `wced_head` (entryid, head, normalized_head, type, pos) VALUES (12222, "manunggal", "manunggal", "m", "n");
INSERT INTO `wced_entry` VALUES (12223, "manunggul", "671", "<entry page=""671"" id=""12223""><form id=""manunggul"" lang=""ceb"">manunggul</form>
<hom role=""n""><pos>n</pos>
<sense n=""0""><trans> k.o. limestone found in tidal flats, rough and irregular in surface, grey on the outside, but white on the inside. It is used for road surfacing, stone walls, or wherever a porous stone is desirable.
</trans>
</sense></hom></entry>");
INSERT INTO `wced_head` (entryid, head, normalized_head, type, pos) VALUES (12223, "manunggul", "manunggul", "m", "n");
INSERT INTO `wced_entry` VALUES (12224, "manus", "671", "<entry page=""671"" id=""12224""><form id=""maxnus"" lang=""ceb"">mánus</form>
<hom>
<sense n=""0""><trans> = <xr lang=""ceb"" target=""#amaxnus""><sc>amánus</sc></xr>.
</trans>
</sense></hom></entry>");
INSERT INTO `wced_head` (entryid, head, normalized_head, type, pos) VALUES (12224, "mánus", "manus", "m", "");
INSERT INTO `wced_entry` VALUES (12225, "manutu", "671", "<entry page=""671"" id=""12225""><form id=""manuxtu"" lang=""ceb"">manútu</form>
<hom>
<sense n=""0""><trans> = <xr lang=""ceb"" target=""#maxnu3""><sc>mánu<sub>3</sub></sc></xr>.
</trans>
</sense></hom></entry>");
INSERT INTO `wced_head` (entryid, head, normalized_head, type, pos) VALUES (12225, "manútu", "manutu", "m", "");
INSERT INTO `wced_entry` VALUES (12226, "manuy", "671", "<entry page=""671"" id=""12226""><form id=""maxnuy"" lang=""ceb"">mánuy</form>
<hom role=""n""><pos>n</pos>
<sense n=""1""><number>1</number><trans> title for an elder brother or uncle. </trans>
</sense>
<sense n=""2""><number>2</number><trans> expression used by a person who has been defeated in a scuffle to indicate submission. </trans>
<eg><i lang=""ceb"">Hala, mánuy arun dílì ku lubáun ning ímung buktun,</i><trans> Go on, say ‘uncle’ so I won’t twist your arm. </trans></eg>
</sense></hom>
<hom role=""v""><pos>v</pos>
<sense n=""0""> <itype>[A; a12]</itype><trans> call s.o. <ix>mánuy</ix>. </trans>
</sense></hom>
<entry><form id=""manuy"" lang=""ceb""><abbr expan=""manuy"" type=""lemma"">(→)</abbr></form>
<hom>
<sense n=""0""><trans> voc. form. <ix>Short form</ix>: <bx>nuy</bx>.
</trans>
</sense></hom></entry></entry>");
INSERT INTO `wced_head` (entryid, head, normalized_head, type, pos) VALUES (12226, "mánuy", "manuy", "m", "nv");
INSERT INTO `wced_head` (entryid, head, normalized_head, type, pos) VALUES (12226, "manuy", "manuy", "s", "");
INSERT INTO `wced_entry` VALUES (12227, "manwal", "671", "<entry page=""671"" id=""12227""><form id=""manwal"" lang=""ceb"">manwal</form>
<hom role=""n""><pos>n</pos>
<sense n=""0""><trans> <tr>manual</tr>, <tr>handbook</tr>.
</trans>
</sense></hom></entry>");
INSERT INTO `wced_head` (entryid, head, normalized_head, type, pos) VALUES (12227, "manwal", "manwal", "m", "n");
INSERT INTO `wced_translation` (entryid, translation) VALUES (12227, "manual");
INSERT INTO `wced_translation` (entryid, translation) VALUES (12227, "handbook");
INSERT INTO `wced_entry` VALUES (12228, "manya", "671", "<entry page=""671"" id=""12228""><form id=""manya"" lang=""ceb"">manya</form>
<hom role=""n""><pos>n</pos>
<sense n=""1""><number>1</number><trans> fit of bad temper. </trans>
<eg><i lang=""ceb"">Ang paghilakhílak ánang batáa manya lang nà,</i><trans> That child’s persistent crying is just a tantrum. </trans></eg>
</sense>
<sense n=""2""><number>2</number><trans> <tr>caprice</tr>, <tr>fancy</tr>. </trans>
<eg><i lang=""ceb"">Manya lang tung pagpapalit níyag láing sapátus,</i><trans> His asking for another pair of shoes was just out of caprice. </trans></eg>
</sense></hom>
<hom role=""a""><pos>a</pos>
<sense n=""0""><trans> for a horse to tend to balk, move slow. </trans>
</sense></hom>
<hom role=""v""><pos>v</pos>
<sense n=""1""><number>1</number> <itype>[B; c1]</itype><trans> throw a <tr>tantrum</tr>, act like a spoiled brat. </trans>
</sense>
<sense n=""2""><number>2</number> <itype>[A; b6]</itype><trans> for a horse to throw a fit or just balk. </trans>
<eg><i lang=""ceb"">Dinhà giyud sa kinasang-an ang kabáyù magmanya, ug wà mulíhuk bísag unsáug búnal,</i><trans> The horse balked right in the middle of the crossing and wouldn’t move no matter how hard it was whipped. </trans></eg>
</sense>
<sense n=""3""><number>3</number> <itype>[A; b5c1]</itype><trans> <tr>move slowly</tr>. </trans>
<eg><i lang=""ceb"">Ang mumanya ug tambung sa lamísa dì masalinan,</i><trans> If you dilly-dally in getting to the table, nothing will be left for you.
</trans></eg>
</sense></hom></entry>");
INSERT INTO `wced_head` (entryid, head, normalized_head, type, pos) VALUES (12228, "manya", "manya", "m", "nav");
INSERT INTO `wced_translation` (entryid, translation) VALUES (12228, "caprice");
INSERT INTO `wced_translation` (entryid, translation) VALUES (12228, "fancy");
INSERT INTO `wced_translation` (entryid, translation) VALUES (12228, "tantrum");
INSERT INTO `wced_translation` (entryid, translation) VALUES (12228, "move slowly");
INSERT INTO `wced_entry` VALUES (12229, "manyak", "671", "<entry page=""671"" id=""12229""><form id=""manyak"" lang=""ceb"">manyak</form>
<hom role=""a""><pos>a</pos>
<sense n=""0""><trans> having an uncontrollable urge to do things, esp. sexual. </trans>
</sense></hom>
<hom role=""v""><pos>v</pos>
<sense n=""0""> <itype>[B12; b6]</itype><trans> be, become a <tr>maniac</tr>. </trans>
<eg><i lang=""ceb"">Namanyak siya human makatilaw ug kausa,</i><trans> She became a nympho after her first experience. </trans></eg>
<eg><i lang=""ceb"">Ngánung namanyak man siya sa pangáwat nga sapían man?</i><trans> Why did she become a kleptomaniac when she is so rich?
</trans></eg>
</sense></hom></entry>");
INSERT INTO `wced_head` (entryid, head, normalized_head, type, pos) VALUES (12229, "manyak", "manyak", "m", "av");
INSERT INTO `wced_translation` (entryid, translation) VALUES (12229, "maniac");
INSERT INTO `wced_entry` VALUES (12230, "manyampuk", "671", "<entry page=""671"" id=""12230""><form id=""manyampuk"" lang=""ceb"">manyampuk</form>
<hom>
<sense n=""0""><trans> = <xr lang=""ceb"" target=""#laxwung""><sc>láwung</sc></xr>.
</trans>
</sense></hom></entry>");
INSERT INTO `wced_head` (entryid, head, normalized_head, type, pos) VALUES (12230, "manyampuk", "manyampuk", "m", "");
INSERT INTO `wced_entry` VALUES (12231, "*manyana", "671", "<entry page=""671"" id=""12231""><form id=""xxmanyaxna"" lang=""ceb"">*manyána</form>
<entry><form id=""manyaxna_ka_lang_manyaxna_ka_purin"" lang=""ceb""><abbr expan=""manyána"" type=""lemma"">—</abbr> ka lang, <abbr expan=""manyána ka purin"" type=""lemma"">ka purin</abbr></form>
<hom>
<sense n=""0""><trans> you’re out of it, you don’t know what’s going on. </trans>
<eg><i lang=""ceb"">Manyána ka lang (purin). Nagkúyug ímung trátug láin,</i><trans> You don’t know what’s going on. Your boy friend is going out with other girls.
</trans></eg>
</sense></hom></entry></entry>");
INSERT INTO `wced_head` (entryid, head, normalized_head, type, pos) VALUES (12231, "manyána", "manyana", "s", "");
INSERT INTO `wced_head` (entryid, head, normalized_head, type, pos) VALUES (12231, "manyána ka lang", "manyana ka lang", "s", "");
INSERT INTO `wced_head` (entryid, head, normalized_head, type, pos) VALUES (12231, "manyána ka purin", "manyana ka purin", "s", "");
INSERT INTO `wced_entry` VALUES (12232, "manyang", "671", "<entry page=""671"" id=""12232""><form id=""manyang"" lang=""ceb"">manyang</form>
<hom role=""n""><pos>n</pos>
<sense n=""0""><trans> hard liquor distilled from fermented water obtained from the bud of the nipa palm.
</trans>
</sense></hom></entry>");
INSERT INTO `wced_head` (entryid, head, normalized_head, type, pos) VALUES (12232, "manyang", "manyang", "m", "n");
INSERT INTO `wced_entry` VALUES (12233, "mapa", "671", "<entry page=""671"" id=""12233""><form id=""maxpa"" lang=""ceb"">mápa</form>
<hom role=""n""><pos>n</pos>
<sense n=""0""><trans> <tr>map</tr>. </trans>
</sense></hom>
<hom role=""v""><pos>v</pos>
<sense n=""1""><number>1</number> <itype>[A; b(1)]</itype><trans> plan a course of action, esp. in committing a crime. </trans>
<eg><i lang=""ceb"">Nagmápa sila unsáun pagtúlis ang tindáhan,</i><trans> They <pb n=""672""/>are planning how to rob the store. </trans></eg>
</sense>
<sense n=""2""><number>2</number> <itype>[B36; b]</itype><trans> for dirt or stains to form a map-like configuration on s.t. </trans>
<eg><i lang=""ceb"">Mimápa ang íyang buling sa líug,</i><trans> The dirt formed map-like configurations on his neck. </trans></eg>
<eg><i lang=""ceb"">Gimapáhan sa tintà ang ímung bulsa,</i><trans> The ink has formed a map-like configuration on your pocket.
</trans></eg>
</sense></hom></entry>");
INSERT INTO `wced_head` (entryid, head, normalized_head, type, pos) VALUES (12233, "mápa", "mapa", "m", "nv");
INSERT INTO `wced_translation` (entryid, translation) VALUES (12233, "map");
INSERT INTO `wced_entry` VALUES (12234, "maping1", "672", "<entry page=""672"" id=""12234""><form id=""maxping"" lang=""ceb"">máping<sub>1</sub></form>
<hom>
<sense n=""0""><trans> = <xr lang=""ceb"" target=""#maxpa""><sc>mápa</sc></xr>, <i lang=""ceb"">v1.</i>
</trans>
</sense></hom></entry>");
INSERT INTO `wced_head` (entryid, head, normalized_head, type, pos) VALUES (12234, "máping", "maping", "s", "");
INSERT INTO `wced_entry` VALUES (12235, "mapunti", "672", "<entry page=""672"" id=""12235""><form id=""mapunti"" lang=""ceb"">mapunti</form>
<hom>
<sense n=""0""><trans> = <xr lang=""ceb"" target=""#malapunti""><sc>malapunti</sc></xr>.
</trans>
</sense></hom></entry>");
INSERT INTO `wced_head` (entryid, head, normalized_head, type, pos) VALUES (12235, "mapunti", "mapunti", "m", "");
INSERT INTO `wced_entry` VALUES (12236, "mar.", "672", "<entry page=""672"" id=""12236""><form id=""Mar."" lang=""ceb"">Mar.</form>
<hom role=""n""><pos>n</pos>
<sense n=""0""><trans> abbreviation for <ix>Marsu</ix> ‘March’.
</trans>
</sense></hom></entry>");
INSERT INTO `wced_head` (entryid, head, normalized_head, type, pos) VALUES (12236, "Mar.", "mar.", "m", "n");
INSERT INTO `wced_entry` VALUES (12237, "marabal", "672", "<entry page=""672"" id=""12237""><form id=""marabal"" lang=""ceb"">marabal</form>
<hom role=""a""><pos>a</pos>
<sense n=""0""><trans> person or animal that has grown very large. </trans>
<eg><i lang=""ceb"">Kadakung marabal sa ilipanti,</i><trans> What a giant that elephant is! </trans></eg>
<eg><i lang=""ceb"">Kadakung marabal ning batáa,</i><trans> What a giant this child has gotten to be.
</trans></eg>
</sense></hom></entry>");
INSERT INTO `wced_head` (entryid, head, normalized_head, type, pos) VALUES (12237, "marabal", "marabal", "m", "a");
INSERT INTO `wced_entry` VALUES (12238, "marabilyas", "672", "<entry page=""672"" id=""12238""><form id=""marabilyas"" lang=""ceb"">marabilyas</form>
<hom role=""n""><pos>n</pos>
<sense n=""0""><trans> a k.o. ornamental bush often called <ix>alas kwatru</ix> because its flowers open at around four o’clock in the afternoon: <bio>Mirabilis jalapa</bio>.
</trans>
</sense></hom></entry>");
INSERT INTO `wced_head` (entryid, head, normalized_head, type, pos) VALUES (12238, "marabilyas", "marabilyas", "m", "n");
INSERT INTO `wced_entry` VALUES (12239, "marabya", "672", "<entry page=""672"" id=""12239""><form id=""marabya"" lang=""ceb"">marabya</form>
<hom>
<sense n=""0""><trans> = <xr lang=""ceb"" target=""#murabya""><sc>murabya</sc></xr>.
</trans>
</sense></hom></entry>");
INSERT INTO `wced_head` (entryid, head, normalized_head, type, pos) VALUES (12239, "marabya", "marabya", "m", "");
INSERT INTO `wced_entry` VALUES (12240, "maragabit", "672", "<entry page=""672"" id=""12240""><form id=""maragaxbit"" lang=""ceb"">maragábit</form>
<hom role=""n""><pos>n</pos>
<sense n=""0""><trans> k.o. rice suitable for planting in uplands or in paddies.
</trans>
</sense></hom></entry>");
INSERT INTO `wced_head` (entryid, head, normalized_head, type, pos) VALUES (12240, "maragábit", "maragabit", "m", "n");
INSERT INTO `wced_entry` VALUES (12241, "maragati", "672", "<entry page=""672"" id=""12241""><form id=""maragaxti"" lang=""ceb"">maragáti</form>
<hom role=""n""><pos>n</pos>
<sense n=""0""><trans> k.o. fishing whereby a line with several hooks baited only with decoys is dragged behind a boat.
</trans>
</sense></hom></entry>");
INSERT INTO `wced_head` (entryid, head, normalized_head, type, pos) VALUES (12241, "maragáti", "maragati", "m", "n");
INSERT INTO `wced_entry` VALUES (12242, "marakas", "672", "<entry page=""672"" id=""12242""><form id=""maraxkas"" lang=""ceb"">marákas</form>
<hom role=""n""><pos>n</pos>
<sense n=""0""><trans> <tr>maracas</tr>. </trans>
</sense></hom>
<hom role=""v""><pos>v</pos>
<sense n=""0""> <itype>[A3; a]</itype><trans> play the maracas, make into maracas.
</trans>
</sense></hom></entry>");
INSERT INTO `wced_head` (entryid, head, normalized_head, type, pos) VALUES (12242, "marákas", "marakas", "m", "nv");
INSERT INTO `wced_translation` (entryid, translation) VALUES (12242, "maracas");
INSERT INTO `wced_entry` VALUES (12243, "maral", "672", "<entry page=""672"" id=""12243""><form id=""maral"" lang=""ceb"">maral</form>
<hom role=""n""><pos>n</pos>
<sense n=""0""><trans> k.o. carnivorous civet, dark gray in color, having a very offensive odor.
</trans>
</sense></hom></entry>");
INSERT INTO `wced_head` (entryid, head, normalized_head, type, pos) VALUES (12243, "maral", "maral", "m", "n");
INSERT INTO `wced_entry` VALUES (12244, "maram", "672", "<entry page=""672"" id=""12244""><form id=""maxram"" lang=""ceb"">máram</form>
<hom>
<sense n=""0""><trans> = <xr lang=""ceb"" target=""#maxrang""><sc>márang</sc></xr>.
</trans>
</sense></hom></entry>");
INSERT INTO `wced_head` (entryid, head, normalized_head, type, pos) VALUES (12244, "máram", "maram", "m", "");
INSERT INTO `wced_entry` VALUES (12245, "marama, marama", "672", "<entry page=""672"" id=""12245""><form id=""maramaq_maraxmaq"" lang=""ceb"">maramà, marámà</form>
<hom role=""a""><pos>a</pos>
<sense n=""0""><trans> <tr>tough</tr>, <tr>roughneck</tr>. </trans>
<eg><i lang=""ceb"">Ang marámà nga táwu ísug ug walay gikahadlúkan,</i><trans> A tough guy is rough and is not afraid of anyone. </trans></eg>
</sense></hom>
<hom role=""v""><pos>v</pos>
<sense n=""0""> <itype>[B12]</itype><trans> be tough and bad.
</trans>
</sense></hom></entry>");
INSERT INTO `wced_head` (entryid, head, normalized_head, type, pos) VALUES (12245, "maramà", "marama", "s", "av");
INSERT INTO `wced_head` (entryid, head, normalized_head, type, pos) VALUES (12245, "marámà", "marama", "s", "av");
INSERT INTO `wced_translation` (entryid, translation) VALUES (12245, "tough");
INSERT INTO `wced_translation` (entryid, translation) VALUES (12245, "roughneck");
INSERT INTO `wced_entry` VALUES (12246, "maranaw", "672", "<entry page=""672"" id=""12246""><form id=""Maranaw"" lang=""ceb"">Maranaw</form>
<hom role=""n""><pos>n</pos>
<sense n=""0""><trans> Lanao Muslims.
</trans>
</sense></hom></entry>");
INSERT INTO `wced_head` (entryid, head, normalized_head, type, pos) VALUES (12246, "Maranaw", "maranaw", "m", "n");
INSERT INTO `wced_entry` VALUES (12247, "marang", "672", "<entry page=""672"" id=""12247""><form id=""marang"" lang=""ceb"">marang</form>
<hom>
<sense n=""0""><trans> = <xr lang=""ceb"" target=""#malasugi""><sc>malasugi</sc></xr>.
</trans>
</sense></hom></entry>");
INSERT INTO `wced_head` (entryid, head, normalized_head, type, pos) VALUES (12247, "marang", "marang", "m", "");
INSERT INTO `wced_entry` VALUES (12248, "marang", "672", "<entry page=""672"" id=""12248""><form id=""maxrang"" lang=""ceb"">márang</form>
<hom role=""n""><pos>n</pos>
<sense n=""0""><trans> k.o. large fruit tree, bearing fruit similar to the jackfruit (<ix>nangkà</ix>), but smaller and sweeter. Not commonly cultivated except in Mindanao: <bio>Artocarpus odoratissima</bio>.
</trans>
</sense></hom></entry>");
INSERT INTO `wced_head` (entryid, head, normalized_head, type, pos) VALUES (12248, "márang", "marang", "m", "n");
INSERT INTO `wced_entry` VALUES (12249, "marapita", "672", "<entry page=""672"" id=""12249""><form id=""marapixta"" lang=""ceb"">marapíta</form>
<hom role=""n""><pos>n</pos>
<sense n=""0""><trans> variety of banana with thick green peelings, 20 cm. long and </trans>
</sense>
<sense n=""5""><number>5</number><trans> cm. wide coming to what looks like a nipple at the end, eaten cooked.
</trans>
</sense></hom></entry>");
INSERT INTO `wced_head` (entryid, head, normalized_head, type, pos) VALUES (12249, "marapíta", "marapita", "m", "n");
INSERT INTO `wced_entry` VALUES (12250, "maratun", "672", "<entry page=""672"" id=""12250""><form id=""maratun"" lang=""ceb"">maratun</form>
<hom role=""n""><pos>n</pos>
<sense n=""1""><number>1</number><trans> <tr>marathon</tr> race. </trans>
</sense>
<sense n=""2""><number>2</number><trans> any long-distance or endurance contest. </trans>
</sense></hom>
<hom role=""v""><pos>v</pos>
<sense n=""0""> <itype>[C2; c1]</itype><trans> hold a marathon, compete in a marathon.
</trans>
</sense></hom></entry>");
INSERT INTO `wced_head` (entryid, head, normalized_head, type, pos) VALUES (12250, "maratun", "maratun", "m", "nv");
INSERT INTO `wced_translation` (entryid, translation) VALUES (12250, "marathon");
INSERT INTO `wced_entry` VALUES (12251, "marbas", "672", "<entry page=""672"" id=""12251""><form id=""marbas"" lang=""ceb"">marbas</form>
<hom role=""n""><pos>n</pos>
<sense n=""0""><trans> k.o. half-woody herb of waste places, with numerous medicinal uses: <bio>Abutilon indicum</bio>.
</trans>
</sense></hom></entry>");
INSERT INTO `wced_head` (entryid, head, normalized_head, type, pos) VALUES (12251, "marbas", "marbas", "m", "n");
INSERT INTO `wced_entry` VALUES (12252, "margarin, margarina", "672", "<entry page=""672"" id=""12252""><form id=""margarin_margarixna"" lang=""ceb"">margarin, margarína</form>
<hom role=""n""><pos>n</pos>
<sense n=""0""><trans> <tr>margarine</tr>. </trans>
</sense></hom>
<hom role=""v""><pos>v</pos>
<sense n=""0""> <itype>[A; b]</itype><trans> put margarine on s.t.
</trans>
</sense></hom></entry>");
INSERT INTO `wced_head` (entryid, head, normalized_head, type, pos) VALUES (12252, "margarin", "margarin", "s", "nv");
INSERT INTO `wced_head` (entryid, head, normalized_head, type, pos) VALUES (12252, "margarína", "margarina", "s", "nv");
INSERT INTO `wced_translation` (entryid, translation) VALUES (12252, "margarine");
INSERT INTO `wced_entry` VALUES (12253, "margati", "672", "<entry page=""672"" id=""12253""><form id=""margaxti"" lang=""ceb"">margáti</form>
<hom role=""n""><pos>n</pos>
<sense n=""0""><trans> system of planting rice which has increased the yield, whereby the bed is more carefully prepared and the seedlings planted further apart than is traditionally done.
</trans>
</sense></hom></entry>");
INSERT INTO `wced_head` (entryid, head, normalized_head, type, pos) VALUES (12253, "margáti", "margati", "m", "n");
INSERT INTO `wced_entry` VALUES (12254, "mari", "672", "<entry page=""672"" id=""12254""><form id=""mari"" lang=""ceb"">mari</form>
<hom>
<sense n=""0""><trans> = <xr lang=""ceb"" target=""#kumaxri""><sc>kumári</sc></xr>.
</trans>
</sense></hom></entry>");
INSERT INTO `wced_head` (entryid, head, normalized_head, type, pos) VALUES (12254, "mari", "mari", "m", "");
INSERT INTO `wced_entry` VALUES (12255, "maribagu", "672", "<entry page=""672"" id=""12255""><form id=""maribaxgu"" lang=""ceb"">maribágu</form>
<hom role=""n""><pos>n</pos>
<sense n=""0""><trans> k.o. shrub of the seashore: <bio>Hibiscus tiliaceus</bio>.
</trans>
</sense></hom></entry>");
INSERT INTO `wced_head` (entryid, head, normalized_head, type, pos) VALUES (12255, "maribágu", "maribagu", "m", "n");
INSERT INTO `wced_entry` VALUES (12256, "maribuhuk", "672", "<entry page=""672"" id=""12256""><form id=""maribuhuk"" lang=""ceb"">maribuhuk</form>
<hom>
<sense n=""0""><trans> = <xr lang=""ceb"" target=""#aguxhu""><sc>agúhu</sc></xr>.
</trans>
</sense></hom></entry>");
INSERT INTO `wced_head` (entryid, head, normalized_head, type, pos) VALUES (12256, "maribuhuk", "maribuhuk", "m", "");
INSERT INTO `wced_entry` VALUES (12257, "mariguld", "672", "<entry page=""672"" id=""12257""><form id=""mariguld"" lang=""ceb"">mariguld</form>
<hom>
<sense n=""0""><trans> = <xr lang=""ceb"" target=""#ahixtu""><sc>ahítu</sc></xr>.
</trans>
</sense></hom></entry>");
INSERT INTO `wced_head` (entryid, head, normalized_head, type, pos) VALUES (12257, "mariguld", "mariguld", "m", "");
INSERT INTO `wced_entry` VALUES (12258, "marihwana", "672", "<entry page=""672"" id=""12258""><form id=""marihwaxna"" lang=""ceb"">marihwána</form>
<hom role=""n""><pos>n</pos>
<sense n=""0""><trans> <tr>marijuana</tr>.
</trans>
</sense></hom></entry>");
INSERT INTO `wced_head` (entryid, head, normalized_head, type, pos) VALUES (12258, "marihwána", "marihwana", "m", "n");
INSERT INTO `wced_translation` (entryid, translation) VALUES (12258, "marijuana");
INSERT INTO `wced_entry` VALUES (12259, "marik", "672", "<entry page=""672"" id=""12259""><form id=""maxrik"" lang=""ceb"">márik</form>
<hom role=""n""><pos>n</pos>
<sense n=""0""><trans> <tr>pickax</tr>. </trans>
</sense></hom>
<hom role=""v""><pos>v</pos>
<sense n=""0""> <itype>[A; a]</itype><trans> do s.t. with a pickax.
</trans>
</sense></hom></entry>");
INSERT INTO `wced_head` (entryid, head, normalized_head, type, pos) VALUES (12259, "márik", "marik", "m", "nv");
INSERT INTO `wced_translation` (entryid, translation) VALUES (12259, "pickax");
INSERT INTO `wced_entry` VALUES (12260, "marika", "672", "<entry page=""672"" id=""12260""><form id=""marika"" lang=""ceb"">marika</form>
<hom>
<sense n=""0""><trans> = <xr lang=""ceb"" target=""#umari_ka""><sc>umari ka</sc></xr>. <ix>see</ix> <xr lang=""ceb"" target=""#ari""><sc>ari</sc></xr>.
</trans>
</sense></hom></entry>");
INSERT INTO `wced_head` (entryid, head, normalized_head, type, pos) VALUES (12260, "marika", "marika", "m", "");
INSERT INTO `wced_entry` VALUES (12261, "marina", "672", "<entry page=""672"" id=""12261""><form id=""marixna"" lang=""ceb"">marína</form>
<hom role=""n""><pos>n</pos>
<sense n=""0""><trans> collar in a woman’s dress. </trans>
<eg><i lang=""ceb"">Taúri unyag marína ang ákung sinínà,</i><trans> Attach a collar to my dress. </trans></eg>
</sense></hom>
<hom role=""v""><pos>v</pos>
<sense n=""1""><number>1</number> <itype>[b6(1)]</itype><trans> attach, make a collar. </trans>
</sense>
<sense n=""2""><number>2</number> <itype>[a12]</itype><trans> make into a collar.
</trans>
</sense></hom></entry>");
INSERT INTO `wced_head` (entryid, head, normalized_head, type, pos) VALUES (12261, "marína", "marina", "m", "nv");
INSERT INTO `wced_entry` VALUES (12262, "marinira", "672", "<entry page=""672"" id=""12262""><form id=""marinixra"" lang=""ceb"">mariníra</form>
<hom role=""n""><pos>n</pos>
<sense n=""0""><trans> sailor’s collar or the middy collar on a woman’s dress. </trans>
</sense></hom>
<hom role=""v""><pos>v</pos>
<sense n=""0""> <itype>[A; c]</itype><trans> make a middy collar.
</trans>
</sense></hom></entry>");
INSERT INTO `wced_head` (entryid, head, normalized_head, type, pos) VALUES (12262, "mariníra", "marinira", "m", "nv");
INSERT INTO `wced_entry` VALUES (12263, "marinu", "672", "<entry page=""672"" id=""12263""><form id=""marixnu"" lang=""ceb"">marínu</form>
<hom role=""n""><pos>n</pos>
<sense n=""0""><trans> <tr>sailor</tr> on a merchant ship or in the navy or soldier assigned on a boat. </trans>
</sense></hom>
<hom role=""v""><pos>v</pos>
<sense n=""0""> <itype>[B156]</itype><trans> be a sailor. </trans>
<eg><i lang=""ceb"">Magmarínu kang dagatun ka man?</i><trans> You want to be a sailor even if you easily get seasick? </trans></eg>
</sense></hom>
<entry><form id=""asul_marixnu"" lang=""ceb"">asul <abbr expan=""marínu"" type=""lemma"">—</abbr></form>
<hom>
<sense n=""0""><trans> <tr>navy blue</tr>. </trans>
</sense></hom></entry>
<entry><form id=""marinixru"" lang=""ceb"">mariníru</form>
<hom>
<sense n=""0""><trans> = <xr lang=""ceb"" target=""#marixnu""><sc>marínu</sc></xr>.
</trans>
</sense></hom></entry></entry>");
INSERT INTO `wced_head` (entryid, head, normalized_head, type, pos) VALUES (12263, "marínu", "marinu", "m", "nv");
INSERT INTO `wced_head` (entryid, head, normalized_head, type, pos) VALUES (12263, "asul marínu", "asul marinu", "s", "");
INSERT INTO `wced_head` (entryid, head, normalized_head, type, pos) VALUES (12263, "mariníru", "mariniru", "s", "");
INSERT INTO `wced_translation` (entryid, translation) VALUES (12263, "sailor");
INSERT INTO `wced_translation` (entryid, translation) VALUES (12263, "navy blue");
INSERT INTO `wced_entry` VALUES (12264, "maripusa", "672", "<entry page=""672"" id=""12264""><form id=""maripuxsa"" lang=""ceb"">maripúsa</form>
<hom role=""n""><pos>n</pos>
<sense n=""0""><trans> a k.o. orchid that has flowers that look like white butterflies, branching in sprays: <bio>Phalaenopsis amabilis</bio>.
</trans>
</sense></hom></entry>");
INSERT INTO `wced_head` (entryid, head, normalized_head, type, pos) VALUES (12264, "maripúsa", "maripusa", "m", "n");
INSERT INTO `wced_entry` VALUES (12265, "marisi", "672", "<entry page=""672"" id=""12265""><form id=""marixsi"" lang=""ceb"">marísi</form>
<hom>
<sense n=""0""><trans> = <xr lang=""ceb"" target=""#mirixsi""><sc>mirísi</sc></xr>.
</trans>
</sense></hom></entry>");
INSERT INTO `wced_head` (entryid, head, normalized_head, type, pos) VALUES (12265, "marísi", "marisi", "m", "");
INSERT INTO `wced_entry` VALUES (12266, "mariya", "672", "<entry page=""672"" id=""12266""><form id=""Marixya"" lang=""ceb"">Maríya</form>
<hom>
<sense n=""0""><trans> <ix>name</ix> <tr>Mary</tr>. </trans>
</sense></hom>
<entry><form id=""Marixya_klaxra"" lang=""ceb""><abbr expan=""Maríya"" type=""lemma"">—</abbr> klára</form>
<hom>
<sense n=""1""><number>1</number><trans> character in Rizal’s Noli Me Tangere who embodied the traditionally praised feminine virtues of modesty and shyness. </trans>
</sense>
<sense n=""2""><number>2</number><trans> traditional nineteenth century costume with a full skirt and low-cut blouse worn with a triangularly-folded kerchief. </trans>
</sense></hom>
<hom role=""v""><pos>v</pos>
<sense n=""0""> <itype>[A; c16]</itype><trans> behave like or act the role of Maria Clara. </trans>
</sense>
<sense n=""2""><number>2</number><trans> wear the Maria Clara. </trans>
</sense></hom></entry>
<entry><form id=""Marixya_Santisima"" lang=""ceb""><abbr expan=""Maríya"" type=""lemma"">—</abbr> Santisima</form>
<hom role=""n""><pos>n</pos>
<sense n=""0""><trans> The Blessed Virgin Mary. </trans>
</sense></hom></entry>
<entry><form id=""Santa_Marixya"" lang=""ceb"">Santa <abbr expan=""Maríya"" type=""lemma"">—</abbr></form>
<hom role=""n""><pos>n</pos>
<sense n=""0""><trans> mildly profane exclamation of discomfiture. </trans>
</sense></hom></entry>
<entry><form id=""buhuk_ni_Marixya"" lang=""ceb"">buhuk ni <abbr expan=""Maríya"" type=""lemma"">—</abbr></form>
<hom>
<sense n=""0""><trans> = <xr lang=""ceb"" target=""#maribuhuk""><sc>maribuhuk</sc></xr>. <ix>see</ix> <xr lang=""ceb"" target=""#aguxhuq""><sc>agúhù</sc></xr>. †
</trans>
</sense></hom></entry></entry>");
INSERT INTO `wced_head` (entryid, head, normalized_head, type, pos) VALUES (12266, "Maríya", "mariya", "m", "");
INSERT INTO `wced_head` (entryid, head, normalized_head, type, pos) VALUES (12266, "Maríya klára", "mariya klara", "s", "v");
INSERT INTO `wced_head` (entryid, head, normalized_head, type, pos) VALUES (12266, "Maríya Santisima", "mariya santisima", "s", "n");
INSERT INTO `wced_head` (entryid, head, normalized_head, type, pos) VALUES (12266, "Santa Maríya", "santa mariya", "s", "n");
INSERT INTO `wced_head` (entryid, head, normalized_head, type, pos) VALUES (12266, "buhuk ni Maríya", "buhuk ni mariya", "s", "");
INSERT INTO `wced_translation` (entryid, translation) VALUES (12266, "Mary");
INSERT INTO `wced_entry` VALUES (12267, "mariya buhuk", "672", "<entry page=""672"" id=""12267""><form id=""marixya_buhuk"" lang=""ceb"">maríya buhuk</form>
<hom>
<sense n=""0""><trans> = <xr lang=""ceb"" target=""#maribuhuk""><sc>maribuhuk</sc></xr>. <ix>see</ix> <xr lang=""ceb"" target=""#aguxhuq""><sc>agúhù</sc></xr>.
</trans>
</sense></hom></entry>");
INSERT INTO `wced_head` (entryid, head, normalized_head, type, pos) VALUES (12267, "maríya buhuk", "mariya buhuk", "m", "");
INSERT INTO `wced_entry` VALUES (12268, "mariyal", "672", "<entry page=""672"" id=""12268""><form id=""mariyal"" lang=""ceb"">mariyal</form>
<hom>
<sense n=""0""><trans> = <xr lang=""ceb"" target=""#maxha_riyal""><sc>máha riyal</sc></xr>. <ix>see</ix> <xr lang=""ceb"" target=""#maxha""><sc>máha</sc></xr>.
</trans>
</sense></hom></entry>");
INSERT INTO `wced_head` (entryid, head, normalized_head, type, pos) VALUES (12268, "mariyal", "mariyal", "m", "");
INSERT INTO `wced_entry` VALUES (12269, "marka", "672", "<entry page=""672"" id=""12269""><form id=""marka"" lang=""ceb"">marka</form>
<hom role=""n""><pos>n</pos>
<sense n=""1""><number>1</number><trans> a visible trace or impression on a surface. </trans>
<eg><i lang=""ceb"">Dúnay mga marka sa tiil sa kawatan didtu,</i><trans> The burglar left footprints over there. </trans></eg>
</sense>
<sense n=""2""><number>2</number><trans> a <tr>brand</tr>, <tr>label</tr> or <tr>sign</tr> printed, written, or stamped on s.t. </trans>
<eg><i lang=""ceb"">Unsay marka ánang ribintadúra?</i><trans> What brand are those firecrackers? </trans></eg>
</sense>
<sense n=""3""><number>3</number><trans> grade in school. </trans>
<eg><i lang=""ceb"">Pagtuun pag-áyu arun muísa ang marka mu sa klási,</i><trans> Study hard so that your grades will get better. </trans></eg>
</sense></hom>
<hom role=""v""><pos>v</pos>
<sense n=""1""><number>1</number> <itype>[A; b]</itype><trans> put a mark on. </trans>
<eg><i lang=""ceb"">Kinsay nagmarka áning ákung libru?</i><trans> Who put a mark in my book? </trans></eg>
<eg><i lang=""ceb"">Markáhan sa mga inspiktur ang karni únà ibaligyà,</i><trans> The meat inspectors will first stamp a mark on the meat before having it sold. </trans></eg>
</sense>
<sense n=""2""><number>2</number> <itype>[A]</itype><trans> for a meter to give an indication, read. </trans>
<eg><i lang=""ceb"">Nagmarka nag utsinta ang dágan sa awtu,</i><trans> The speedometer already read eighty. </trans></eg>
</sense>
<sense n=""3""><number>3</number> <itype>[b]</itype><trans> be eyed for a purpose. <pb n=""673""/></trans>
<eg><i lang=""ceb"">Gimarkáhang patyun,</i><trans> Marked for assassination. </trans></eg>
<eg><i lang=""ceb"">Sapátus nga gimarkáhan níyang palitun,</i><trans> Shoes which he has long been having his eye on. </trans></eg>
</sense></hom>
<entry><form id=""marka_bulkan"" lang=""ceb""><abbr expan=""marka"" type=""lemma"">—</abbr> bulkan</form>
<hom role=""n""><pos>n</pos>
<sense n=""0""><trans> twenty-peso bill (slang—so called from the picture of Mount Mayon that was on the back of the bill in former times). </trans>
</sense></hom></entry>
<entry><form id=""marka_dimunyu"" lang=""ceb""><abbr expan=""marka"" type=""lemma"">—</abbr> dimunyu</form>
<hom role=""n""><pos>n</pos>
<sense n=""0""><trans> strong liquor, so called from a brand of strong liquor which has the picture of the devil on it. </trans>
</sense></hom></entry>
<entry><form id=""marka_kalabixra"" lang=""ceb""><abbr expan=""marka"" type=""lemma"">—</abbr> kalabíra</form>
<hom role=""n""><pos>n</pos>
<sense n=""0""><trans> the skull markings on the container of highly poisonous matter. </trans>
</sense></hom>
<hom role=""v""><pos>v</pos>
<sense n=""0""> <itype>[B26N]</itype><trans> be dead (slang). </trans>
<eg><i lang=""ceb"">Biyà sa ínum arun dì ka mamarka kalabíra ug sayu,</i><trans> Stop drinking or you will die young.
</trans></eg>
</sense></hom></entry></entry>");
INSERT INTO `wced_head` (entryid, head, normalized_head, type, pos) VALUES (12269, "marka", "marka", "m", "nv");
INSERT INTO `wced_head` (entryid, head, normalized_head, type, pos) VALUES (12269, "marka bulkan", "marka bulkan", "s", "n");
INSERT INTO `wced_head` (entryid, head, normalized_head, type, pos) VALUES (12269, "marka dimunyu", "marka dimunyu", "s", "n");
INSERT INTO `wced_head` (entryid, head, normalized_head, type, pos) VALUES (12269, "marka kalabíra", "marka kalabira", "s", "nv");
INSERT INTO `wced_translation` (entryid, translation) VALUES (12269, "brand");
INSERT INTO `wced_translation` (entryid, translation) VALUES (12269, "label");
INSERT INTO `wced_translation` (entryid, translation) VALUES (12269, "sign");
INSERT INTO `wced_entry` VALUES (12270, "markir", "673", "<entry page=""673"" id=""12270""><form id=""markir"" lang=""ceb"">markir</form>
<hom role=""n""><pos>n</pos>
<sense n=""1""><number>1</number><trans> marker or piece of paper to keep track of the lines. </trans>
</sense>
<sense n=""2""><number>2</number><trans> marker put s.w. to indicate a location.
</trans>
</sense></hom></entry>");
INSERT INTO `wced_head` (entryid, head, normalized_head, type, pos) VALUES (12270, "markir", "markir", "m", "n");
INSERT INTO `wced_entry` VALUES (12271, "markis", "673", "<entry page=""673"" id=""12271""><form id=""markis"" lang=""ceb"">markis</form>
<hom role=""n""><pos>n</pos>
<sense n=""0""><trans> <tr>marquis</tr>. </trans>
</sense></hom>
<hom role=""v""><pos>v</pos>
<sense n=""0""> <itype>[AB156; a12]</itype><trans> be made or become a marquis. </trans>
</sense></hom>
<entry><form id=""markixsa"" lang=""ceb""><abbr expan=""markísa"" type=""lemma"">-a(←)</abbr></form>
<hom role=""n""><pos>n</pos>
<sense n=""0""><trans> <tr>marchioness</tr>.
</trans>
</sense></hom></entry></entry>");
INSERT INTO `wced_head` (entryid, head, normalized_head, type, pos) VALUES (12271, "markis", "markis", "m", "nv");
INSERT INTO `wced_head` (entryid, head, normalized_head, type, pos) VALUES (12271, "markísa", "markisa", "s", "n");
INSERT INTO `wced_translation` (entryid, translation) VALUES (12271, "marquis");
INSERT INTO `wced_translation` (entryid, translation) VALUES (12271, "marchioness");
INSERT INTO `wced_entry` VALUES (12272, "*markit", "673", "<entry page=""673"" id=""12272""><form id=""xxmarkit"" lang=""ceb"">*markit</form>
<entry><form id=""may_walay_markit"" lang=""ceb"">may (walay) <abbr expan=""markit"" type=""lemma"">—</abbr></form>
<hom>
<sense n=""0""><trans> <tr>marriageable</tr> (not) marriageable. </trans>
<eg><i lang=""ceb"">Minyù nang tawhána, wà na nay markit,</i><trans> That man is already married. He is not available any more. </trans></eg>
</sense></hom></entry>
<entry><form id=""walaq_ang_markit"" lang=""ceb"">walà ang <abbr expan=""markit"" type=""lemma"">—</abbr></form>
<hom role=""v""><pos>v</pos>
<sense n=""0""> <itype>[B126; a12]</itype><trans> get to be unavailable for marriage or considered so to be.
</trans>
</sense></hom></entry></entry>");
INSERT INTO `wced_head` (entryid, head, normalized_head, type, pos) VALUES (12272, "markit", "markit", "s", "");
INSERT INTO `wced_head` (entryid, head, normalized_head, type, pos) VALUES (12272, "may (walay) markit", "may (walay) markit", "s", "");
INSERT INTO `wced_head` (entryid, head, normalized_head, type, pos) VALUES (12272, "walà ang markit", "wala ang markit", "s", "v");
INSERT INTO `wced_translation` (entryid, translation) VALUES (12272, "marriageable");
INSERT INTO `wced_entry` VALUES (12273, "marku1", "673", "<entry page=""673"" id=""12273""><form id=""marku"" lang=""ceb"">marku<sub>1</sub></form>
<hom role=""n""><pos>n</pos>
<sense n=""0""><trans> <tr>wall stud</tr>. </trans>
</sense></hom>
<hom role=""v""><pos>v</pos>
<sense n=""0""> <itype>[A; a]</itype><trans> make a wall stud.
</trans>
</sense></hom></entry>");
INSERT INTO `wced_head` (entryid, head, normalized_head, type, pos) VALUES (12273, "marku", "marku", "s", "nv");
INSERT INTO `wced_translation` (entryid, translation) VALUES (12273, "wall stud");
INSERT INTO `wced_entry` VALUES (12274, "marku2", "673", "<entry page=""673"" id=""12274""><form id=""marku2"" lang=""ceb"">marku<sub>2</sub></form>
<hom role=""n""><pos>n</pos>
<sense n=""0""><trans> <tr>breasts</tr>. </trans>
<eg><i lang=""ceb"">Nagbitay ang mga marku sa babáyi, mu rag búnga sa kapáyas,</i><trans> The woman’s breasts are hanging like papayas. </trans></eg>
</sense></hom>
<hom role=""v""><pos>v</pos>
<sense n=""0""> <itype>[A; a]</itype><trans> nudge s.o. in the breast.
</trans>
</sense></hom></entry>");
INSERT INTO `wced_head` (entryid, head, normalized_head, type, pos) VALUES (12274, "marku", "marku", "s", "nv");
INSERT INTO `wced_translation` (entryid, translation) VALUES (12274, "breasts");
INSERT INTO `wced_entry` VALUES (12275, "markut", "673", "<entry page=""673"" id=""12275""><form id=""markut"" lang=""ceb"">markut</form>
<hom role=""v""><pos>v</pos>
<sense n=""0""> <itype>[A; b]</itype><trans> propagate plants by marcotting. </trans>
</sense></hom>
<hom role=""n""><pos>n</pos>
<sense n=""0""><trans> propagation of plants by marcotting.
</trans>
</sense></hom></entry>");
INSERT INTO `wced_head` (entryid, head, normalized_head, type, pos) VALUES (12275, "markut", "markut", "m", "vn");
INSERT INTO `wced_entry` VALUES (12276, "marmul", "673", "<entry page=""673"" id=""12276""><form id=""marmul"" lang=""ceb"">marmul</form>
<hom role=""n""><pos>n</pos>
<sense n=""0""><trans> <tr>marble</tr>. </trans>
<eg><i lang=""ceb"">Dúwang nga marmul,</i><trans> A marble font. </trans></eg>
</sense></hom>
<hom role=""v""><pos>v</pos>
<sense n=""0""> <itype>[A12; a1]</itype><trans> have marble, make into marble.
</trans>
</sense></hom></entry>");
INSERT INTO `wced_head` (entryid, head, normalized_head, type, pos) VALUES (12276, "marmul", "marmul", "m", "nv");
INSERT INTO `wced_translation` (entryid, translation) VALUES (12276, "marble");
INSERT INTO `wced_entry` VALUES (12277, "marpil", "673", "<entry page=""673"" id=""12277""><form id=""marpil"" lang=""ceb"">marpil</form>
<hom role=""n""><pos>n</pos>
<sense n=""0""><trans> <tr>false teeth</tr>. </trans>
</sense></hom>
<hom role=""v""><pos>v</pos>
<sense n=""1""><number>1</number> <itype>[A1; b6]</itype><trans> have false teeth. </trans>
<eg><i lang=""ceb"">Kinahanglang marpílan ang ímung pangag,</i><trans> You should have a bridge made for your missing tooth. </trans></eg>
</sense>
<sense n=""2""><number>2</number> <itype>[A; a]</itype><trans> make into false teeth.
</trans>
</sense></hom></entry>");
INSERT INTO `wced_head` (entryid, head, normalized_head, type, pos) VALUES (12277, "marpil", "marpil", "m", "nv");
INSERT INTO `wced_translation` (entryid, translation) VALUES (12277, "false teeth");
INSERT INTO `wced_entry` VALUES (12278, "marsanti", "673", "<entry page=""673"" id=""12278""><form id=""marsanti"" lang=""ceb"">marsanti</form>
<hom>
<sense n=""0""><trans> = <xr lang=""ceb"" target=""#martsanti""><sc>martsanti</sc></xr>.
</trans>
</sense></hom></entry>");
INSERT INTO `wced_head` (entryid, head, normalized_head, type, pos) VALUES (12278, "marsanti", "marsanti", "m", "");
INSERT INTO `wced_entry` VALUES (12279, "marsiku", "673", "<entry page=""673"" id=""12279""><form id=""marsixku"" lang=""ceb"">marsíku</form>
<hom>
<sense n=""0""><trans> = <xr lang=""ceb"" target=""#amursixku""><sc>amursíku</sc></xr>.
</trans>
</sense></hom></entry>");
INSERT INTO `wced_head` (entryid, head, normalized_head, type, pos) VALUES (12279, "marsíku", "marsiku", "m", "");
INSERT INTO `wced_entry` VALUES (12280, "marsiyal", "673", "<entry page=""673"" id=""12280""><form id=""marsiyal"" lang=""ceb"">marsiyal</form>
<hom role=""n""><pos>n</pos>
<sense n=""0""><trans> <tr>marshall</tr>, a military commander. </trans>
<eg><i lang=""ceb"">Mag-una ang marsiyal ug may paráda,</i><trans> The marshall leads a parade. </trans></eg>
</sense></hom>
<hom role=""v""><pos>v</pos>
<sense n=""0""> <itype>[A; b6]</itype><trans> be, become a marshall.
</trans>
</sense></hom></entry>");
INSERT INTO `wced_head` (entryid, head, normalized_head, type, pos) VALUES (12280, "marsiyal", "marsiyal", "m", "nv");
INSERT INTO `wced_translation` (entryid, translation) VALUES (12280, "marshall");
INSERT INTO `wced_entry` VALUES (12281, "marsu", "673", "<entry page=""673"" id=""12281""><form id=""Marsu"" lang=""ceb"">Marsu</form>
<hom role=""n""><pos>n</pos>
<sense n=""0""><trans> <tr>March</tr>. <ix>see</ix> <xr lang=""ceb"" target=""#abril""><sc>abril</sc></xr> </trans>
<eg><i lang=""ceb"">for verb forms.</i></eg>
</sense></hom></entry>");
INSERT INTO `wced_head` (entryid, head, normalized_head, type, pos) VALUES (12281, "Marsu", "marsu", "m", "n");
INSERT INTO `wced_translation` (entryid, translation) VALUES (12281, "March");
INSERT INTO `wced_entry` VALUES (12282, "marsutu", "673", "<entry page=""673"" id=""12282""><form id=""marsuxtu"" lang=""ceb"">marsútu</form>
<hom role=""n""><pos>n</pos>
<sense n=""0""><trans> k.o. suiting material of high quality (from the brand name Marsotto). </trans>
</sense></hom>
<hom role=""v""><pos>v</pos>
<sense n=""0""> <itype>[A1]</itype><trans> wear clothing made of this cloth.
</trans>
</sense></hom></entry>");
INSERT INTO `wced_head` (entryid, head, normalized_head, type, pos) VALUES (12282, "marsútu", "marsutu", "m", "nv");
INSERT INTO `wced_entry` VALUES (12283, "martabana", "673", "<entry page=""673"" id=""12283""><form id=""martabaxna"" lang=""ceb"">martabána</form>
<hom>
<sense n=""0""><trans> = <xr lang=""ceb"" target=""#maltabaxna""><sc>maltabána</sc></xr>.
</trans>
</sense></hom></entry>");
INSERT INTO `wced_head` (entryid, head, normalized_head, type, pos) VALUES (12283, "martabána", "martabana", "m", "");
INSERT INTO `wced_entry` VALUES (12284, "marti", "673", "<entry page=""673"" id=""12284""><form id=""Marti"" lang=""ceb"">Marti</form>
<hom role=""n""><pos>n</pos>
<sense n=""0""><trans> <tr>Mars</tr>.
</trans>
</sense></hom></entry>");
INSERT INTO `wced_head` (entryid, head, normalized_head, type, pos) VALUES (12284, "Marti", "marti", "m", "n");
INSERT INTO `wced_translation` (entryid, translation) VALUES (12284, "Mars");
INSERT INTO `wced_entry` VALUES (12285, "martilyu", "673", "<entry page=""673"" id=""12285""><form id=""martilyu"" lang=""ceb"">martilyu</form>
<hom role=""n""><pos>n</pos>
<sense n=""0""><trans> <tr>hammer</tr>. </trans>
</sense></hom>
<entry><form id=""martilyu_dikabra"" lang=""ceb""><abbr expan=""martilyu"" type=""lemma"">—</abbr> dikabra</form>
<hom role=""n""><pos>n</pos>
<sense n=""0""><trans> <tr>claw hammer</tr>. </trans>
</sense></hom></entry>
<entry><form id=""martilyu_dibuxla"" lang=""ceb""><abbr expan=""martilyu"" type=""lemma"">—</abbr> dibúla</form>
<hom role=""n""><pos>n</pos>
<sense n=""0""><trans> <tr>ball peen hammer</tr>. </trans>
</sense></hom>
<hom role=""v""><pos>v</pos>
<sense n=""0""> <itype>[A; a1]</itype><trans> hammer. </trans>
<eg><i lang=""ceb"">Martilyúha ang tabla arun matangtang,</i><trans> Hit the piece of wood with a hammer to get it off.
</trans></eg>
</sense></hom></entry></entry>");
INSERT INTO `wced_head` (entryid, head, normalized_head, type, pos) VALUES (12285, "martilyu", "martilyu", "m", "n");
INSERT INTO `wced_head` (entryid, head, normalized_head, type, pos) VALUES (12285, "martilyu dikabra", "martilyu dikabra", "s", "n");
INSERT INTO `wced_head` (entryid, head, normalized_head, type, pos) VALUES (12285, "martilyu dibúla", "martilyu dibula", "s", "nv");
INSERT INTO `wced_translation` (entryid, translation) VALUES (12285, "hammer");
INSERT INTO `wced_translation` (entryid, translation) VALUES (12285, "claw hammer");
INSERT INTO `wced_translation` (entryid, translation) VALUES (12285, "ball peen hammer");
INSERT INTO `wced_entry` VALUES (12286, "martiniku", "673", "<entry page=""673"" id=""12286""><form id=""martinixku"" lang=""ceb"">martiníku</form>
<hom>
<sense n=""0""><trans> = <xr lang=""ceb"" target=""#bartunixku""><sc>bartuníku</sc></xr>.
</trans>
</sense></hom></entry>");
INSERT INTO `wced_head` (entryid, head, normalized_head, type, pos) VALUES (12286, "martiníku", "martiniku", "m", "");
INSERT INTO `wced_entry` VALUES (12287, "martir", "673", "<entry page=""673"" id=""12287""><form id=""martir"" lang=""ceb"">martir</form>
<hom role=""n""><pos>n</pos>
<sense n=""1""><number>1</number><trans> <tr>martyr</tr>. </trans>
</sense></hom>
<entry><form id=""martir_sa_Gulguxta"" lang=""ceb""><abbr expan=""martir"" type=""lemma"">—</abbr> sa Gulgúta</form>
<hom>
<sense n=""0""><trans> <tr>Jesus Christ</tr>. </trans>
</sense>
<sense n=""2""><number>2</number><trans> one who has suffered like a martyr. </trans>
<eg><i lang=""ceb"">Si Lusíla usa ka martir tungud kay gisákit siyag maáyu sa íyang bána,</i><trans> Lucila is a martyr because she is tortured by her husband. </trans></eg>
</sense></hom>
<hom role=""v""><pos>v</pos>
<sense n=""0""> <itype>[Ab16]</itype><trans> make s.o. suffer like a martyr.
</trans>
</sense></hom></entry></entry>");
INSERT INTO `wced_head` (entryid, head, normalized_head, type, pos) VALUES (12287, "martir", "martir", "m", "n");
INSERT INTO `wced_head` (entryid, head, normalized_head, type, pos) VALUES (12287, "martir sa Gulgúta", "martir sa gulguta", "s", "v");
INSERT INTO `wced_translation` (entryid, translation) VALUES (12287, "martyr");
INSERT INTO `wced_translation` (entryid, translation) VALUES (12287, "Jesus Christ");
INSERT INTO `wced_entry` VALUES (12288, "martis", "673", "<entry page=""673"" id=""12288""><form id=""Martis"" lang=""ceb"">Martis</form>
<hom role=""n""><pos>n</pos>
<sense n=""0""><trans> <tr>Tuesday</tr>. <ix>See</ix> <xr lang=""ceb"" target=""#birnis""><sc>birnis</sc></xr> <ix>for verb forms</ix>. </trans>
</sense></hom>
<entry><form id=""Martis_Santu"" lang=""ceb""><abbr expan=""Martis"" type=""lemma"">—</abbr> Santu</form>
<hom>
<sense n=""0""><trans> the Tuesday of the Holy Week.
</trans>
</sense></hom></entry></entry>");
INSERT INTO `wced_head` (entryid, head, normalized_head, type, pos) VALUES (12288, "Martis", "martis", "m", "n");
INSERT INTO `wced_head` (entryid, head, normalized_head, type, pos) VALUES (12288, "Martis Santu", "martis santu", "s", "");
INSERT INTO `wced_translation` (entryid, translation) VALUES (12288, "Tuesday");
INSERT INTO `wced_entry` VALUES (12289, "*marts", "673", "<entry page=""673"" id=""12289""><form id=""xxmarts"" lang=""ceb"">*marts</form>
<entry><form id=""un_yur_marts_sagitsit_gu"" lang=""ceb"">un yur <abbr expan=""marts"" type=""lemma"">—</abbr>, sagitsit, gu</form>
<hom>
<sense n=""0""><trans> command in a race: On your mark, get set, go!
</trans>
</sense></hom></entry></entry>");
INSERT INTO `wced_head` (entryid, head, normalized_head, type, pos) VALUES (12289, "marts", "marts", "s", "");
INSERT INTO `wced_head` (entryid, head, normalized_head, type, pos) VALUES (12289, "un yur marts", "un yur marts", "s", "");
INSERT INTO `wced_head` (entryid, head, normalized_head, type, pos) VALUES (12289, "sagitsit", "sagitsit", "s", "");
INSERT INTO `wced_head` (entryid, head, normalized_head, type, pos) VALUES (12289, "gu", "gu", "s", "");
INSERT INTO `wced_entry` VALUES (12290, "martsa", "673", "<entry page=""673"" id=""12290""><form id=""martsa"" lang=""ceb"">martsa</form>
<hom role=""v""><pos>v</pos>
<sense n=""1""><number>1</number> <itype>[A; b6]</itype><trans> <tr>march</tr>. </trans>
</sense>
<sense n=""1a""><number>1a</number><trans> attend one’s graduation exercises. </trans>
</sense>
<sense n=""2""><number>2</number> <itype>[A; c1]</itype><trans> dance a march or play a march number. </trans>
</sense></hom>
<hom role=""n""><pos>n</pos>
<sense n=""0""><trans> speed of an automotive transmission used at higher speed. </trans>
<eg><i lang=""ceb"">Kwarta, kinta martsa,</i><trans> Fourth, fifth gear.
</trans></eg>
</sense></hom></entry>");
INSERT INTO `wced_head` (entryid, head, normalized_head, type, pos) VALUES (12290, "martsa", "martsa", "m", "vn");
INSERT INTO `wced_translation` (entryid, translation) VALUES (12290, "march");
INSERT INTO `wced_entry` VALUES (12291, "martsanti", "673", "<entry page=""673"" id=""12291""><form id=""martsanti"" lang=""ceb"">martsanti</form>
<hom role=""n""><pos>n</pos>
<sense n=""0""><trans> middleman, one who buys and sells commodities between producers and retailers.
</trans>
</sense></hom></entry>");
INSERT INTO `wced_head` (entryid, head, normalized_head, type, pos) VALUES (12291, "martsanti", "martsanti", "m", "n");
INSERT INTO `wced_entry` VALUES (12292, "martuniku", "673", "<entry page=""673"" id=""12292""><form id=""martunixku"" lang=""ceb"">martuníku</form>
<hom>
<sense n=""0""><trans> = <xr lang=""ceb"" target=""#bartunixku""><sc>bartuníku</sc></xr>.
</trans>
</sense></hom></entry>");
INSERT INTO `wced_head` (entryid, head, normalized_head, type, pos) VALUES (12292, "martuníku", "martuniku", "m", "");
INSERT INTO `wced_entry` VALUES (12293, "marubya", "673", "<entry page=""673"" id=""12293""><form id=""marubya"" lang=""ceb"">marubya</form>
<hom>
<sense n=""0""><trans> = <xr lang=""ceb"" target=""#murabya""><sc>murabya</sc></xr>.
</trans>
</sense></hom></entry>");
INSERT INTO `wced_head` (entryid, head, normalized_head, type, pos) VALUES (12293, "marubya", "marubya", "m", "");
INSERT INTO `wced_entry` VALUES (12294, "marunung", "673", "<entry page=""673"" id=""12294""><form id=""maruxnung"" lang=""ceb"">marúnung</form>
<hom role=""a""><pos>a</pos>
<sense n=""1""><number>1</number><trans> wise to the ways of the world. </trans>
<eg><i lang=""ceb"">Dì nà maílad kay marúnung nà,</i><trans> He knows what’s coming off. You can’t fool him. </trans></eg>
</sense>
<sense n=""2""><number>2</number><trans> have proficient knowledge or skill in s.t. </trans>
<eg><i lang=""ceb"">Katubag si Pidru sa lisud nga pangutána. Marúnung giyud,</i><trans> Peter was able to answer the questions. He certainly is bright. </trans></eg>
</sense></hom>
<hom role=""v""><pos>v</pos>
<sense n=""0""> <itype>[B12]</itype><trans> be, become sly or crafty. </trans>
</sense></hom>
<entry><form id=""minarunung"" lang=""ceb""><abbr expan=""minarunung"" type=""lemma"">-in-(→)</abbr></form>
<hom role=""v""><pos>v</pos>
<sense n=""0""> <itype>[A; c1]</itype><trans> do s.t. in a cunning, sly way<corr>.</corr> </trans>
<eg><i lang=""ceb"">Minarununga (iminarunung) sad nà pagpaági arun ka makabalus,</i><trans> Be cunning about it so you can get revenge.
</trans></eg>
</sense></hom></entry></entry>");
INSERT INTO `wced_head` (entryid, head, normalized_head, type, pos) VALUES (12294, "marúnung", "marunung", "m", "av");
INSERT INTO `wced_head` (entryid, head, normalized_head, type, pos) VALUES (12294, "minarunung", "minarunung", "s", "v");
INSERT INTO `wced_entry` VALUES (12295, "maruy", "673", "<entry page=""673"" id=""12295""><form id=""maruy"" lang=""ceb"">maruy</form>
<hom>
<sense n=""0""><trans> = <xr lang=""ceb"" target=""#miruy""><sc>miruy</sc></xr>.
</trans>
</sense></hom></entry>");
INSERT INTO `wced_head` (entryid, head, normalized_head, type, pos) VALUES (12295, "maruy", "maruy", "m", "");
INSERT INTO `wced_entry` VALUES (12296, "maruya", "673", "<entry page=""673"" id=""12296""><form id=""maruxya"" lang=""ceb"">marúya</form>
<hom role=""n""><pos>n</pos>
<sense n=""0""><trans> name given to a variety of sweets, all of which are formed into rounded patties and fried: </trans>
</sense>
<sense n=""1""><number>1</number><trans> made of ground rice. </trans>
</sense>
<sense n=""2""><number>2</number><trans> made of sliced bananas. (= <xr lang=""ceb"" target=""#bangdaybangday""><sc>bangdaybangday</sc></xr>). </trans>
</sense>
<sense n=""3""><number>3</number><trans> made of shredded sweet potatoes (= <xr lang=""ceb"" target=""#bitsubitsu""><sc>bitsubitsu</sc></xr>). </trans>
</sense></hom>
<hom role=""v""><pos>v</pos>
<sense n=""0""> <itype>[A; a]</itype><trans> make <ix>marúya</ix>.
</trans>
</sense></hom></entry>");
INSERT INTO `wced_head` (entryid, head, normalized_head, type, pos) VALUES (12296, "marúya", "maruya", "m", "nv");
INSERT INTO `wced_entry` VALUES (12297, "maryanas", "673", "<entry page=""673"" id=""12297""><form id=""maryaxnas"" lang=""ceb"">maryánas</form>
<hom>
<sense n=""0""><trans> = <xr lang=""ceb"" target=""#biyatilis""><sc>biyatilis</sc></xr>.
</trans>
</sense></hom></entry>");
INSERT INTO `wced_head` (entryid, head, normalized_head, type, pos) VALUES (12297, "maryánas", "maryanas", "m", "");
INSERT INTO `wced_entry` VALUES (12298, "maryusip", "673", "<entry page=""673"" id=""12298""><form id=""Maryuxsip"" lang=""ceb"">Maryúsip</form>
<hom>
<sense n=""0""><trans> <ix>see</ix> <xr lang=""ceb"" target=""#hisusmaryusip""><sc>hisusmaryusip</sc></xr>.
</trans>
</sense></hom></entry>");
INSERT INTO `wced_head` (entryid, head, normalized_head, type, pos) VALUES (12298, "Maryúsip", "maryusip", "m", "");
INSERT INTO `wced_entry` VALUES (12299, "*mas", "673", "<entry page=""673"" id=""12299""><form id=""xxmas"" lang=""ceb"">*mas</form>
<hom>
<sense n=""1""><number>1</number> <form id=""mas_adj."" lang=""ceb""><abbr expan=""mas"" type=""lemma"">—</abbr> <r>[adj.]</r></form><trans> <tr>more</tr> [adj.]. </trans>
<eg><i lang=""ceb"">Ang ákung balay mas gamay sa imúha,</i><trans> My house is smaller than your house. </trans></eg>
<eg><i lang=""ceb"">Mas maáyu nga pritúhun ni kay sa tanukun,</i><trans> It is much better to fry this than to boil it. </trans></eg>
</sense>
<sense n=""2""><number>2</number> <form id=""mas_baxli"" lang=""ceb""><abbr expan=""mas"" type=""lemma"">—</abbr> báli</form><trans> it is better to [do]. </trans>
<eg><i lang=""ceb"">Mas báli ihátag kay sa hulaman nga dílì iúlì,</i><trans> I would rather give s.t. away than lend it and not get it back.
</trans></eg>
</sense></hom></entry>");
INSERT INTO `wced_head` (entryid, head, normalized_head, type, pos) VALUES (12299, "mas", "mas", "s", "");
INSERT INTO `wced_head` (entryid, head, normalized_head, type, pos) VALUES (12299, "mas [adj.]", "mas [adj.]", "s", "");
INSERT INTO `wced_head` (entryid, head, normalized_head, type, pos) VALUES (12299, "mas báli", "mas bali", "s", "");
INSERT INTO `wced_translation` (entryid, translation) VALUES (12299, "more");
INSERT INTO `wced_entry` VALUES (12300, "masa1", "673", "<entry page=""673"" id=""12300""><form id=""maxsa"" lang=""ceb"">mása<sub>1</sub></form>
<hom role=""v""><pos>v</pos>
<sense n=""0""> <itype>[A; a]</itype><trans> mix solids with a little liquid. </trans>
<eg><i lang=""ceb"">Kinsay mumása sa simintu?</i><trans> Who’ll mix the cement? </trans></eg>
<eg><i lang=""ceb"">Masáha na nang himúung dúnat,</i><trans> Mix the dough for the doughnuts now. </trans></eg>
</sense></hom>
<hom role=""n""><pos>n</pos>
<sense n=""1""><number>1</number><trans> dough or other mixture of solids with water. </trans>
</sense>
<sense n=""2""><number>2</number><trans> proportions, things that make up a <pb n=""674""/>mixture. </trans>
<eg><i lang=""ceb"">Ang másang gigámit tris dus,</i><trans> They use a mixture in proportions of three to two. </trans></eg>
</sense></hom>
<entry><form id=""masahan"" lang=""ceb"">masahan</form>
<hom role=""n""><pos>n</pos>
<sense n=""0""><trans> place to mix dough or similar mixtures.
</trans>
</sense></hom></entry></entry>");
INSERT INTO `wced_head` (entryid, head, normalized_head, type, pos) VALUES (12300, "mása", "masa", "s", "vn");
INSERT INTO `wced_head` (entryid, head, normalized_head, type, pos) VALUES (12300, "masahan", "masahan", "s", "n");
INSERT INTO `wced_entry` VALUES (12301, "masa2", "674", "<entry page=""674"" id=""12301""><form id=""maxsa2"" lang=""ceb"">mása<sub>2</sub></form>
<hom role=""n""><pos>n</pos>
<sense n=""0""><trans> the masses, common people. </trans>
</sense></hom>
<entry><form id=""maxsa_kumun"" lang=""ceb""><abbr expan=""mása"" type=""lemma"">—</abbr> kumun</form>
<hom role=""n""><pos>n</pos>
<sense n=""1""><number>1</number><trans> common masses. </trans>
</sense>
<sense n=""2""><number>2</number><trans> property owned in common by heirs.
</trans>
</sense></hom></entry></entry>");
INSERT INTO `wced_head` (entryid, head, normalized_head, type, pos) VALUES (12301, "mása", "masa", "s", "n");
INSERT INTO `wced_head` (entryid, head, normalized_head, type, pos) VALUES (12301, "mása kumun", "masa kumun", "s", "n");
INSERT INTO `wced_entry` VALUES (12302, "masahi", "674", "<entry page=""674"" id=""12302""><form id=""masaxhi"" lang=""ceb"">masáhi</form>
<hom role=""v""><pos>v</pos>
<sense n=""0""> <itype>[A; b]</itype><trans> <tr>massage</tr>. </trans>
<eg><i lang=""ceb"">Masahían ta nang ímung páang gipamaúlan,</i><trans> Let’s massage your sore legs. </trans></eg>
</sense></hom>
<hom role=""n""><pos>n</pos>
<sense n=""0""><trans> <tr>massage</tr>. </trans>
</sense></hom>
<entry><form id=""masahista"" lang=""ceb""><abbr expan=""masahista"" type=""lemma"">-sta</abbr></form>
<hom role=""n""><pos>n</pos>
<sense n=""0""><trans> <tr>masseur</tr>, <tr>masseuse</tr>. </trans>
</sense></hom>
<hom role=""v""><pos>v</pos>
<sense n=""0""> <itype>[B156; a12]</itype><trans> be, become a masseur.
</trans>
</sense></hom></entry></entry>");
INSERT INTO `wced_head` (entryid, head, normalized_head, type, pos) VALUES (12302, "masáhi", "masahi", "m", "vn");
INSERT INTO `wced_head` (entryid, head, normalized_head, type, pos) VALUES (12302, "masahista", "masahista", "s", "nv");
INSERT INTO `wced_translation` (entryid, translation) VALUES (12302, "massage");
INSERT INTO `wced_translation` (entryid, translation) VALUES (12302, "masseur");
INSERT INTO `wced_translation` (entryid, translation) VALUES (12302, "masseuse");
INSERT INTO `wced_entry` VALUES (12303, "masamung", "674", "<entry page=""674"" id=""12303""><form id=""masaxmung"" lang=""ceb"">masámung</form>
<hom role=""n""><pos>n</pos>
<sense n=""0""><trans> a man who is married into one’s immediate family—i.e., is married to one’s sister or daughter. </trans>
<eg><i lang=""ceb"">Masámung si Íki námù kay naminyù siyang Maríyang ákung manghud. Masámung sad siya sa ákung ginikánan,</i><trans> Eke is a <ix>masámung</ix> to us because he married my sister Maria. He’s also my parents’ <ix>masámung</ix>. </trans></eg>
</sense></hom>
<hom role=""v""><pos>v</pos>
<sense n=""0""> <itype>[A12; a12]</itype><trans> get as a son- or brother-in-law; be, become this relation.
</trans>
</sense></hom></entry>");
INSERT INTO `wced_head` (entryid, head, normalized_head, type, pos) VALUES (12303, "masámung", "masamung", "m", "nv");
INSERT INTO `wced_entry` VALUES (12304, "masang", "674", "<entry page=""674"" id=""12304""><form id=""maxsang"" lang=""ceb"">másang</form>
<hom role=""v""><pos>v</pos>
<sense n=""0""> <itype>[A23; c1]</itype><trans> hit s.t. directly with full impact. </trans>
<eg><i lang=""ceb"">Mimásang sa ákung nawung ang íyang kúmù,</i><trans> His fist smashed into my face. </trans></eg>
<eg><i lang=""ceb"">Imásang (masánga) ang garapun sa pusti,</i><trans> Smash the glass jar against the post.
</trans></eg>
</sense></hom></entry>");
INSERT INTO `wced_head` (entryid, head, normalized_head, type, pos) VALUES (12304, "másang", "masang", "m", "v");
INSERT INTO `wced_entry` VALUES (12305, "masariyal", "674", "<entry page=""674"" id=""12305""><form id=""masariyal"" lang=""ceb"">masariyal</form>
<hom>
<sense n=""0""><trans> = <xr lang=""ceb"" target=""#maxha_riyal""><sc>máha riyal</sc></xr>. <ix>see</ix> <xr lang=""ceb"" target=""#maxha""><sc>máha</sc></xr>.
</trans>
</sense></hom></entry>");
INSERT INTO `wced_head` (entryid, head, normalized_head, type, pos) VALUES (12305, "masariyal", "masariyal", "m", "");
INSERT INTO `wced_entry` VALUES (12306, "masi", "674", "<entry page=""674"" id=""12306""><form id=""maxsi"" lang=""ceb"">mási</form>
<hom role=""n""><pos>n</pos>
<sense n=""0""><trans> k.o. sweet made from mashed taro or ground sticky rice formed into balls with peanuts. </trans>
</sense></hom>
<hom role=""v""><pos>v</pos>
<sense n=""0""> <itype>[A; c1]</itype><trans> make <ix>mási</ix>.
</trans>
</sense></hom></entry>");
INSERT INTO `wced_head` (entryid, head, normalized_head, type, pos) VALUES (12306, "mási", "masi", "m", "nv");
INSERT INTO `wced_entry` VALUES (12307, "*masig1", "674", "<entry page=""674"" id=""12307""><form id=""xxmasig"" lang=""ceb"">*masig<sub>1</sub></form>
<entry><form id=""masig_ka_noun"" lang=""ceb""><abbr expan=""masig"" type=""lemma"">—</abbr> ka <r>[<ix>noun</ix>]</r></form>
<hom>
<sense n=""0""><trans> each of two or more in a group. </trans>
<eg><i lang=""ceb"">Nahiyusan ang masig ka ligid,</i><trans> All of the wheels had a flat tire. </trans></eg>
<eg><i lang=""ceb"">Nagdápat ang ílang masig ka áping,</i><trans> Their two cheeks touched.
</trans></eg>
</sense></hom></entry></entry>");
INSERT INTO `wced_head` (entryid, head, normalized_head, type, pos) VALUES (12307, "masig", "masig", "s", "");
INSERT INTO `wced_head` (entryid, head, normalized_head, type, pos) VALUES (12307, "masig ka [noun]", "masig ka [noun]", "s", "");
INSERT INTO `wced_entry` VALUES (12308, "masig2", "674", "<entry page=""674"" id=""12308""><form id=""masig2"" lang=""ceb"">masig<sub>2</sub></form>
<hom>
<sense n=""0""><trans> short for <ix>maskin ug</ix>. <ix>See</ix> <xr lang=""ceb"" target=""#bixsan""><sc>bísan</sc></xr>.
</trans>
</sense></hom></entry>");
INSERT INTO `wced_head` (entryid, head, normalized_head, type, pos) VALUES (12308, "masig", "masig", "s", "");
INSERT INTO `wced_entry` VALUES (12309, "masimasi", "674", "<entry page=""674"" id=""12309""><form id=""masimasi"" lang=""ceb"">masimasi</form>
<hom role=""v""><pos>v</pos>
<sense n=""0""> <itype>[A; b5]</itype><trans> hurry s.o. to work. </trans>
<eg><i lang=""ceb"">Ug náay magmasimasi nátug patrabáhu, dì na hinúun tang katunung,</i><trans> We make mistakes if we are always pressed to hurry our work. </trans></eg>
<eg><i lang=""ceb"">Dílì kaáyu haum ang sinínà kay gimasimasi (gimasimasihan) man ang sastri ug pahuman,</i><trans> The dress does not fit well because the dressmaker was pressed to finish it hurriedly. </trans></eg>
</sense></hom>
<entry><form id=""kamasimasi"" lang=""ceb""><abbr expan=""kamasimasi"" type=""lemma"">ka-</abbr></form>
<hom role=""v""><pos>v</pos>
<sense n=""0""> <itype>[A13]</itype><trans> be pressed to work in a frenzy. </trans>
<eg><i lang=""ceb"">Magkamasimasi mig panlútù basta pyista, mau nga dì mi makalingawlíngaw,</i><trans> We get so busy cooking during fiestas we can’t enjoy ourselves.
</trans></eg>
</sense></hom></entry></entry>");
INSERT INTO `wced_head` (entryid, head, normalized_head, type, pos) VALUES (12309, "masimasi", "masimasi", "m", "v");
INSERT INTO `wced_head` (entryid, head, normalized_head, type, pos) VALUES (12309, "kamasimasi", "kamasimasi", "s", "v");
INSERT INTO `wced_entry` VALUES (12310, "masimasi", "674", "<entry page=""674"" id=""12310""><form id=""masimaxsi"" lang=""ceb"">masimási</form>
<hom role=""n""><pos>n</pos>
<sense n=""0""><trans> mashi-mashi, a k.o. dance. </trans>
</sense></hom>
<hom role=""v""><pos>v</pos>
<sense n=""0""> <itype>[A]</itype><trans> dance the mashi-mashi.
</trans>
</sense></hom></entry>");
INSERT INTO `wced_head` (entryid, head, normalized_head, type, pos) VALUES (12310, "masimási", "masimasi", "m", "nv");
INSERT INTO `wced_entry` VALUES (12311, "masin-gan", "674", "<entry page=""674"" id=""12311""><form id=""masin-gan"" lang=""ceb"">masin-gan</form>
<hom>
<sense n=""0""><trans> = <xr lang=""ceb"" target=""#masinggan""><sc>masinggan</sc></xr>.
</trans>
</sense></hom></entry>");
INSERT INTO `wced_head` (entryid, head, normalized_head, type, pos) VALUES (12311, "masin-gan", "masin-gan", "m", "");
INSERT INTO `wced_entry` VALUES (12312, "masinggan", "674", "<entry page=""674"" id=""12312""><form id=""masinggan"" lang=""ceb"">masinggan</form>
<hom role=""n""><pos>n</pos>
<sense n=""1""><number>1</number><trans> <tr>machine gun</tr>. </trans>
</sense>
<sense n=""2""><number>2</number><trans> k.o. rapid-firing bamboo popgun. </trans>
</sense></hom>
<hom role=""v""><pos>v</pos>
<sense n=""0""> <itype>[A; a12]</itype><trans> shoot with a machine gun. </trans>
</sense></hom>
<entry><form id=""minasinggan"" lang=""ceb""><abbr expan=""minasinggan"" type=""lemma"">-in-</abbr></form>
<hom role=""a""><pos>a</pos>
<sense n=""0""><trans> like a machine gun. </trans>
<eg><i lang=""ceb"">Kasábang minasinggan,</i><trans> Scolding like a burst of machine gun fire.
</trans></eg>
</sense></hom></entry></entry>");
INSERT INTO `wced_head` (entryid, head, normalized_head, type, pos) VALUES (12312, "masinggan", "masinggan", "m", "nv");
INSERT INTO `wced_head` (entryid, head, normalized_head, type, pos) VALUES (12312, "minasinggan", "minasinggan", "s", "a");
INSERT INTO `wced_translation` (entryid, translation) VALUES (12312, "machine gun");
INSERT INTO `wced_entry` VALUES (12313, "masitas", "674", "<entry page=""674"" id=""12313""><form id=""masixtas"" lang=""ceb"">masítas</form>
<hom role=""n""><pos>n</pos>
<sense n=""0""><trans> small ornamental plants, a flower pot with a plant in it. </trans>
</sense></hom>
<entry><form id=""masixtas_sa_ingkantu"" lang=""ceb""><abbr expan=""masítas"" type=""lemma"">—</abbr> sa ingkantu</form>
<hom>
<sense n=""0""><trans> = <xr lang=""ceb"" target=""#lukdulukdu""><sc>lukdulukdu</sc></xr>. </trans>
</sense></hom>
<hom role=""v""><pos>v</pos>
<sense n=""0""> <itype>[A12]</itype><trans> obtain ornamental plants. </trans>
</sense></hom></entry>
<entry><form id=""masitasan"" lang=""ceb""><abbr expan=""masitasan"" type=""lemma"">-an(→)</abbr></form>
<hom role=""n""><pos>n</pos>
<sense n=""0""><trans> <tr>flower pot</tr>. </trans>
</sense></hom></entry>
<entry><form id=""masitixra"" lang=""ceb"">masitíra</form>
<hom role=""n""><pos>n</pos>
<sense n=""0""><trans> flower pot.
</trans>
</sense></hom></entry></entry>");
INSERT INTO `wced_head` (entryid, head, normalized_head, type, pos) VALUES (12313, "masítas", "masitas", "m", "n");
INSERT INTO `wced_head` (entryid, head, normalized_head, type, pos) VALUES (12313, "masítas sa ingkantu", "masitas sa ingkantu", "s", "v");
INSERT INTO `wced_head` (entryid, head, normalized_head, type, pos) VALUES (12313, "masitasan", "masitasan", "s", "n");
INSERT INTO `wced_head` (entryid, head, normalized_head, type, pos) VALUES (12313, "masitíra", "masitira", "s", "n");
INSERT INTO `wced_translation` (entryid, translation) VALUES (12313, "flower pot");
INSERT INTO `wced_entry` VALUES (12314, "masiyar", "674", "<entry page=""674"" id=""12314""><form id=""masiyar"" lang=""ceb"">masiyar</form>
<hom role=""v""><pos>v</pos>
<sense n=""0""> <itype>[A; c1]</itype><trans> </trans>
</sense>
<sense n=""1""><number>1</number><trans> offer, quote a price in selling. </trans>
<eg><i lang=""ceb"">Ug mumasiyar siya sa kálù ug písus, palita,</i><trans> If he offers the hat for a peso, buy it. </trans></eg>
</sense>
<sense n=""2""><number>2</number><trans> bet money on s.t. </trans>
<eg><i lang=""ceb"">Áning manúka mumasiyar ku ug mil písus,</i><trans> On this cock I will bet a thousand pesos. </trans></eg>
</sense></hom>
<entry><form id=""masyaxda"" lang=""ceb"">masyáda</form>
<hom role=""n""><pos>n</pos>
<sense n=""1""><number>1</number><trans> the amount placed as bet. </trans>
<eg><i lang=""ceb"">Gatus ang ákung masyáda apan sitinta ray gidáwat,</i><trans> I wanted to bet one hundred, but they only accepted seventy. </trans></eg>
</sense>
<sense n=""2""><number>2</number><trans> total amount of money bet by both sides. </trans>
</sense>
<sense n=""3""><number>3</number><trans> fee paid in playing a set of bowling, tennis, pingpong, and the like. </trans>
</sense></hom>
<hom role=""v""><pos>v</pos>
<sense n=""0""> <itype>[A; b]</itype><trans> pay this fee. </trans>
</sense></hom></entry>
<entry><form id=""masyadur"" lang=""ceb"">masyadur</form>
<hom role=""n""><pos>n</pos>
<sense n=""0""><trans> the person in cockfighting who calls out bets offered and matches them with other bets.
</trans>
</sense></hom></entry></entry>");
INSERT INTO `wced_head` (entryid, head, normalized_head, type, pos) VALUES (12314, "masiyar", "masiyar", "m", "v");
INSERT INTO `wced_head` (entryid, head, normalized_head, type, pos) VALUES (12314, "masyáda", "masyada", "s", "nv");
INSERT INTO `wced_head` (entryid, head, normalized_head, type, pos) VALUES (12314, "masyadur", "masyadur", "s", "n");
INSERT INTO `wced_entry` VALUES (12315, "maskada", "674", "<entry page=""674"" id=""12315""><form id=""maskaxda"" lang=""ceb"">maskáda</form>
<hom role=""n""><pos>n</pos>
<sense n=""0""><trans> bits of tobacco for chewing. </trans>
</sense></hom>
<hom role=""v""><pos>v</pos>
<sense n=""0""> <itype>[A; a]</itype><trans> chew tobacco.
</trans>
</sense></hom></entry>");
INSERT INTO `wced_head` (entryid, head, normalized_head, type, pos) VALUES (12315, "maskáda", "maskada", "m", "nv");
INSERT INTO `wced_entry` VALUES (12316, "maskara", "674", "<entry page=""674"" id=""12316""><form id=""maskara"" lang=""ceb"">maskara</form>
<hom role=""n""><pos>n</pos>
<sense n=""0""><trans> <tr>mask</tr>. </trans>
</sense></hom>
<hom role=""v""><pos>v</pos>
<sense n=""0""> <itype>[A; b]</itype><trans> wear a mask.
</trans>
</sense></hom></entry>");
INSERT INTO `wced_head` (entryid, head, normalized_head, type, pos) VALUES (12316, "maskara", "maskara", "m", "nv");
INSERT INTO `wced_translation` (entryid, translation) VALUES (12316, "mask");
INSERT INTO `wced_entry` VALUES (12317, "maski, maskin", "674", "<entry page=""674"" id=""12317""><form id=""maski_maskin"" lang=""ceb"">maski, maskin</form>
<hom>
<sense n=""0""><trans> = <xr lang=""ceb"" target=""#bixsan""><sc>bísan</sc></xr>.
</trans>
</sense></hom></entry>");
INSERT INTO `wced_head` (entryid, head, normalized_head, type, pos) VALUES (12317, "maski", "maski", "s", "");
INSERT INTO `wced_head` (entryid, head, normalized_head, type, pos) VALUES (12317, "maskin", "maskin", "s", "");
INSERT INTO `wced_entry` VALUES (12318, "maskipap, maskipaps", "674", "<entry page=""674"" id=""12318""><form id=""maskipap_maskipaps"" lang=""ceb"">maskipap, maskipaps</form>
<hom role=""n""><pos>n</pos>
<sense n=""0""><trans> k.o. popular dance. </trans>
</sense></hom>
<hom role=""v""><pos>v</pos>
<sense n=""0""> <itype>[A]</itype><trans> do this dance.
</trans>
</sense></hom></entry>");
INSERT INTO `wced_head` (entryid, head, normalized_head, type, pos) VALUES (12318, "maskipap", "maskipap", "s", "nv");
INSERT INTO `wced_head` (entryid, head, normalized_head, type, pos) VALUES (12318, "maskipaps", "maskipaps", "s", "nv");
INSERT INTO `wced_entry` VALUES (12319, "maskirid bul", "674", "<entry page=""674"" id=""12319""><form id=""maskirid_bul"" lang=""ceb"">maskirid bul</form>
<hom role=""n""><pos>n</pos>
<sense n=""0""><trans> <tr>masquerade ball</tr>. </trans>
</sense></hom>
<hom role=""v""><pos>v</pos>
<sense n=""0""> <itype>[A1; c1]</itype><trans> hold a masquerade ball.
</trans>
</sense></hom></entry>");
INSERT INTO `wced_head` (entryid, head, normalized_head, type, pos) VALUES (12319, "maskirid bul", "maskirid bul", "m", "nv");
INSERT INTO `wced_translation` (entryid, translation) VALUES (12319, "masquerade ball");
INSERT INTO `wced_entry` VALUES (12320, "maskulada", "674", "<entry page=""674"" id=""12320""><form id=""maskulaxda"" lang=""ceb"">maskuláda</form>
<hom>
<sense n=""0""><trans> = <xr lang=""ceb"" target=""#muskulaxdu""><sc>muskuládu</sc></xr> (female).
</trans>
</sense></hom></entry>");
INSERT INTO `wced_head` (entryid, head, normalized_head, type, pos) VALUES (12320, "maskuláda", "maskulada", "m", "");
INSERT INTO `wced_entry` VALUES (12321, "maskuladu", "674", "<entry page=""674"" id=""12321""><form id=""maskulaxdu"" lang=""ceb"">maskuládu</form>
<hom>
<sense n=""0""><trans> = <xr lang=""ceb"" target=""#muskulaxdu""><sc>muskuládu</sc></xr>.
</trans>
</sense></hom></entry>");
INSERT INTO `wced_head` (entryid, head, normalized_head, type, pos) VALUES (12321, "maskuládu", "maskuladu", "m", "");
INSERT INTO `wced_entry` VALUES (12322, "masputitu, masputitus", "674", "<entry page=""674"" id=""12322""><form id=""masputixtu_masputixtus"" lang=""ceb"">masputítu, masputítus</form>
<hom role=""n""><pos>n</pos>
<sense n=""0""><trans> k.o. dance, the mashed potatoes. </trans>
</sense></hom>
<hom role=""v""><pos>v</pos>
<sense n=""0""> <itype>[A]</itype><trans> do this dance.
</trans>
</sense></hom></entry>");
INSERT INTO `wced_head` (entryid, head, normalized_head, type, pos) VALUES (12322, "masputítu", "masputitu", "s", "nv");
INSERT INTO `wced_head` (entryid, head, normalized_head, type, pos) VALUES (12322, "masputítus", "masputitus", "s", "nv");
INSERT INTO `wced_entry` VALUES (12323, "*mastir", "674", "<entry page=""674"" id=""12323""><form id=""xxmastir"" lang=""ceb"">*mastir</form>
<entry><form id=""mastir_kaxtir"" lang=""ceb""><abbr expan=""mastir"" type=""lemma"">—</abbr> kátir</form>
<hom role=""n""><pos>n</pos>
<sense n=""0""><trans> <tr>master cutter</tr> of a tailoring shop. </trans>
</sense></hom></entry>
<entry><form id=""mastir_ki"" lang=""ceb""><abbr expan=""mastir"" type=""lemma"">—</abbr> ki</form>
<hom role=""n""><pos>n</pos>
<sense n=""0""><trans> <tr>master key</tr>. </trans>
</sense></hom></entry>
<entry><form id=""mastir_mayind"" lang=""ceb""><abbr expan=""mastir"" type=""lemma"">—</abbr> mayind</form>
<hom role=""n""><pos>n</pos>
<sense n=""0""><trans> <tr>mastermind</tr>. </trans>
</sense></hom>
<hom role=""v""><pos>v</pos>
<sense n=""0""> <itype>[A; a2]</itype><trans> be the mastermind. </trans>
<eg><i lang=""ceb"">Pulis ang nagmastirmayind sa túlis,</i><trans> A cop masterminded the robbery.
</trans></eg>
</sense></hom></entry></entry>");
INSERT INTO `wced_head` (entryid, head, normalized_head, type, pos) VALUES (12323, "mastir", "mastir", "s", "");
INSERT INTO `wced_head` (entryid, head, normalized_head, type, pos) VALUES (12323, "mastir kátir", "mastir katir", "s", "n");
INSERT INTO `wced_head` (entryid, head, normalized_head, type, pos) VALUES (12323, "mastir ki", "mastir ki", "s", "n");
INSERT INTO `wced_head` (entryid, head, normalized_head, type, pos) VALUES (12323, "mastir mayind", "mastir mayind", "s", "nv");
INSERT INTO `wced_translation` (entryid, translation) VALUES (12323, "master cutter");
INSERT INTO `wced_translation` (entryid, translation) VALUES (12323, "master key");
INSERT INTO `wced_translation` (entryid, translation) VALUES (12323, "mastermind");
INSERT INTO `wced_entry` VALUES (12324, "masturbisyun", "674", "<entry page=""674"" id=""12324""><form id=""masturbisyun"" lang=""ceb"">masturbisyun</form>
<hom role=""n""><pos>n</pos>
<sense n=""0""><trans> k.o. dance wherein both hands are alternately used as if masturbating. </trans>
</sense></hom>
<hom role=""v""><pos>v</pos>
<sense n=""0""> <itype>[A]</itype><trans> do the masturbation dance.
</trans>
</sense></hom></entry>");
INSERT INTO `wced_head` (entryid, head, normalized_head, type, pos) VALUES (12324, "masturbisyun", "masturbisyun", "m", "nv");
INSERT INTO `wced_entry` VALUES (12325, "masu", "674", "<entry page=""674"" id=""12325""><form id=""maxsu"" lang=""ceb"">másu</form>
<hom role=""n""><pos>n</pos>
<sense n=""0""><trans> <tr>sledge hammer</tr>. </trans>
</sense></hom>
<hom role=""v""><pos>v</pos>
<sense n=""0""> <itype>[A; a1]</itype><trans> do s.t. with, make into a sledge hammer.
</trans>
</sense></hom></entry>");
INSERT INTO `wced_head` (entryid, head, normalized_head, type, pos) VALUES (12325, "másu", "masu", "m", "nv");
INSERT INTO `wced_translation` (entryid, translation) VALUES (12325, "sledge hammer");
INSERT INTO `wced_entry` VALUES (12326, "mas-uk", "674", "<entry page=""674"" id=""12326""><form id=""mas-uk"" lang=""ceb"">mas-uk</form>
<hom role=""v""><pos>v</pos>
<sense n=""0""> <itype>[B126]</itype><trans> <tr>die</tr>, be <tr>killed</tr>. </trans>
<eg><i lang=""ceb"">Nakrás ang ayruplánu ug namas-uk ang pilútu,</i><trans> The plane crashed and the pilot got killed.
</trans></eg>
</sense></hom></entry>");
INSERT INTO `wced_head` (entryid, head, normalized_head, type, pos) VALUES (12326, "mas-uk", "mas-uk", "m", "v");
INSERT INTO `wced_translation` (entryid, translation) VALUES (12326, "die");
INSERT INTO `wced_translation` (entryid, translation) VALUES (12326, "killed");
INSERT INTO `wced_entry` VALUES (12327, "masun", "674", "<entry page=""674"" id=""12327""><form id=""masun"" lang=""ceb"">masun</form>
<hom role=""n""><pos>n</pos>
<sense n=""0""><trans> <tr>freemason</tr>. </trans>
</sense></hom>
<hom role=""v""><pos>v</pos>
<sense n=""0""> <itype>[B156]</itype><trans> become a freemason.
</trans>
</sense></hom></entry>");
INSERT INTO `wced_head` (entryid, head, normalized_head, type, pos) VALUES (12327, "masun", "masun", "m", "nv");
INSERT INTO `wced_translation` (entryid, translation) VALUES (12327, "freemason");
INSERT INTO `wced_entry` VALUES (12328, "masuy", "674", "<entry page=""674"" id=""12328""><form id=""masuy"" lang=""ceb"">masuy</form>
<hom role=""n""><pos>n</pos>
<sense n=""0""><trans> brand of mild liquor taken for medicinal purposes or for pleasure. </trans>
</sense></hom>
<entry><form id=""bixnu_uy_masuy"" lang=""ceb"">bínu uy <abbr expan=""masuy"" type=""lemma"">—</abbr></form>
<hom>
<sense n=""0""><trans> = <xr lang=""ceb"" target=""#masuy""><sc>masuy</sc></xr>.
</trans>
</sense></hom></entry></entry>");
INSERT INTO `wced_head` (entryid, head, normalized_head, type, pos) VALUES (12328, "masuy", "masuy", "m", "n");
INSERT INTO `wced_head` (entryid, head, normalized_head, type, pos) VALUES (12328, "bínu uy masuy", "binu uy masuy", "s", "");
INSERT INTO `wced_entry` VALUES (12329, "masyada", "674", "<entry page=""674"" id=""12329""><form id=""masyaxda"" lang=""ceb"">masyáda</form>
<hom>
<sense n=""0""><trans> <ix>see</ix> <xr lang=""ceb"" target=""#masiyar""><sc>masiyar</sc></xr>.
</trans>
</sense></hom></entry>");
INSERT INTO `wced_head` (entryid, head, normalized_head, type, pos) VALUES (12329, "masyáda", "masyada", "m", "");
INSERT INTO `wced_entry` VALUES (12330, "masyadu", "674", "<entry page=""674"" id=""12330""><form id=""masyaxdu"" lang=""ceb"">masyádu</form>
<hom role=""a""><pos>a</pos>
<sense n=""1""><number>1</number><trans> being too much of s.t. </trans>
<eg><i lang=""ceb"">Kini si Tunyu masyádu na, dúgayng mukáun ug dì pa manghúgas sa plátu,</i><trans> This Tonio is too much; he eats late and doesn’t even do the dishes. </trans></eg>
</sense>
<sense n=""2""><number>2</number><trans> how very. </trans>
<eg><i lang=""ceb"">Masyádu kamahal!</i><trans> How very expensive!
</trans></eg>
</sense></hom></entry>");
INSERT INTO `wced_head` (entryid, head, normalized_head, type, pos) VALUES (12330, "masyádu", "masyadu", "m", "a");
INSERT INTO `wced_entry` VALUES (12331, "masyadur", "674", "<entry page=""674"" id=""12331""><form id=""masyadur"" lang=""ceb"">masyadur</form>
<hom>
<sense n=""0""><trans> <ix>see</ix> <xr lang=""ceb"" target=""#masiyar""><sc>masiyar</sc></xr>.
</trans>
</sense></hom></entry>");
INSERT INTO `wced_head` (entryid, head, normalized_head, type, pos) VALUES (12331, "masyadur", "masyadur", "m", "");
INSERT INTO `wced_entry` VALUES (12332, "masyaw", "674", "<entry page=""674"" id=""12332""><form id=""masyaw"" lang=""ceb"">masyaw</form>
<hom role=""n""><pos>n</pos>
<sense n=""0""><trans> <tr>yellow corn</tr>.
<pb n=""675""/>
</trans>
</sense></hom></entry>");
INSERT INTO `wced_head` (entryid, head, normalized_head, type, pos) VALUES (12332, "masyaw", "masyaw", "m", "n");
INSERT INTO `wced_translation` (entryid, translation) VALUES (12332, "yellow corn");
INSERT INTO `wced_entry` VALUES (12333, "mat", "675", "<entry page=""675"" id=""12333""><form id=""mat"" lang=""ceb"">mat</form>
<hom role=""n""><pos>n</pos>
<sense n=""0""><trans> <tr>mat</tr> for gymnastics.
</trans>
</sense></hom></entry>");
INSERT INTO `wced_head` (entryid, head, normalized_head, type, pos) VALUES (12333, "mat", "mat", "m", "n");
INSERT INTO `wced_translation` (entryid, translation) VALUES (12333, "mat");
INSERT INTO `wced_entry` VALUES (12334, "mat", "675", "<entry page=""675"" id=""12334""><form id=""maxt"" lang=""ceb"">mát</form>
<hom role=""n""><pos>n</pos>
<sense n=""0""><trans> <tr>math</tr>, a subject in school.
</trans>
</sense></hom></entry>");
INSERT INTO `wced_head` (entryid, head, normalized_head, type, pos) VALUES (12334, "mát", "mat", "m", "n");
INSERT INTO `wced_translation` (entryid, translation) VALUES (12334, "math");
INSERT INTO `wced_entry` VALUES (12335, "mata", "675", "<entry page=""675"" id=""12335""><form id=""mata"" lang=""ceb"">mata</form>
<hom role=""n""><pos>n</pos>
<sense n=""1""><number>1</number><trans> <tr>eyes</tr>. </trans>
<eg><i lang=""ceb"">Nagluhang mga mata,</i><trans> Eyes filled with tears. </trans></eg>
</sense>
<sense n=""1a""><number>1a</number> <form id=""tawutaxwu_sa_mata"" lang=""ceb"">tawutáwu sa <abbr expan=""mata"" type=""lemma"">—</abbr></form><trans> the <tr>pupil</tr> of the eyes. </trans>
</sense>
<sense n=""2""><number>2</number><trans> <tr>eyeglasses</tr>. </trans>
<eg><i lang=""ceb"">Nangítà ku sa ákung mata,</i><trans> I’m looking for my glasses. </trans></eg>
</sense>
<sense n=""3""><number>3</number><trans> eyelets in the shoes. </trans>
</sense>
<sense n=""4""><number>4</number> any growth or structure in some way similar to the eyes. <form id=""mata_sa_baxling"" lang=""ceb""><abbr expan=""mata"" type=""lemma"">—</abbr> sa báling</form><trans> mesh of the net. <form id=""mata_sa_baskit"" lang=""ceb""><abbr expan=""mata"" type=""lemma"">—</abbr> sa baskit</form> mesh of the basket. <form id=""mata_sa_lubi"" lang=""ceb""><abbr expan=""mata"" type=""lemma"">—</abbr> sa lubi</form> two spots in the coconut shell which resemble human eyes. <form id=""mata_sa_gaxbi"" lang=""ceb""><abbr expan=""mata"" type=""lemma"">—</abbr> sa gábi</form> a button-like outgrowth on the flesh of the taro rootstock. <form id=""mata_sa_ug_lumban"" lang=""ceb""><abbr expan=""mata"" type=""lemma"">—</abbr> sa, ug lumban</form> an eye-like operculum found in turban shells. <form id=""mata_sa_pinya"" lang=""ceb""><abbr expan=""mata"" type=""lemma"">—</abbr> sa pinya</form> eyes of the pineapple, the hollow cavity found on the surface of the flesh of the pineapple fruit which contains seeds. </trans>
</sense></hom>
<entry><form id=""matag_tikiq"" lang=""ceb""><abbr expan=""matag"" type=""lemma"">-g</abbr> tikì</form>
<hom role=""n""><pos>n</pos>
<sense n=""0""><trans> small boil that has come to a head. </trans>
</sense>
<sense n=""5""><number>5</number> <form id=""mata_sa_ulitaxwu_dalaxga"" lang=""ceb""><abbr expan=""mata"" type=""lemma"">—</abbr> sa ulitáwu (dalága)</form><trans> expression used when playing with children to make them blink their eyes. </trans>
</sense>
<sense n=""6""><number>6</number><trans> = <xr lang=""ceb"" target=""#ay4""><sc>ay<sub>4</sub></sc></xr>. </trans>
</sense>
<sense n=""7""><number>7</number> <form id=""matambaxka"" lang=""ceb""><abbr expan=""matambáka"" type=""lemma"">-mbáka</abbr></form><trans> = <xr lang=""ceb"" target=""#mat-an""><sc>mat-an</sc></xr>, <ix>5</ix> (lit. cow-eyes). </trans>
</sense></hom>
<hom role=""v""><pos>v</pos>
<sense n=""1""><number>1</number> <itype>[a12]</itype><trans> hit in the eye. </trans>
<eg><i lang=""ceb"">Mat-a pag-igù ang mantágà,</i><trans> Hit the giant octopus on the eyes. </trans></eg>
</sense>
<sense n=""2""><number>2</number> <itype>[A; a2b23]</itype><trans> wake up, be awake. </trans>
<eg><i lang=""ceb"">Ngánung mimata ka mag sayu?</i><trans> Why did you wake up early? </trans></eg>
<eg><i lang=""ceb"">Nagmata ka na ba?</i><trans> Are you awake now? </trans></eg>
</sense>
<sense n=""2a""><number>2a</number> <form id=""mata_ug_buntag"" lang=""ceb""><abbr expan=""mata"" type=""lemma"">—</abbr> ug buntag</form><trans> <itype>[A13]</itype> be unaware of what’s going on (lit. be awake only in the morning). </trans>
<eg><i lang=""ceb"">Nagmata ka lag buntag sa gibúhat sa ímung asáwa,</i><trans> You don’t seem to know what’s going on with your wife. </trans></eg>
</sense>
<sense n=""2b""><number>2b</number> <form id=""himat-an_hikatulgan"" lang=""ceb"">himat-an, hikatulgan</form><trans> have s.t. constantly in one’s mind, awake or asleep. </trans>
<eg><i lang=""ceb"">Himat-an hikatulgan ku ang ákung prublíma,</i><trans> I am constantly thinking about my problem, day and night. </trans></eg>
</sense>
<sense n=""3""><number>3</number> <itype>[b8]</itype><trans> for a child to become aware of his surroundings. </trans>
<eg><i lang=""ceb"">Ang íyang namat-an nga pagmatutù mau ang kang Iyù Sinun,</i><trans> The first parent he ever knew was Uncle Senon. </trans></eg>
</sense>
<sense n=""3a""><number>3a</number><trans> be born s.w. (lit. aware of light). </trans>
<eg><i lang=""ceb"">Kining dapíta ang ákung namat-ag maháyag,</i><trans> This is the place I was born. </trans></eg>
</sense>
<sense n=""4""><number>4</number> <itype>[A; a12]</itype><trans> for fats to liquify. </trans>
<eg><i lang=""ceb"">Mumata ang mantíkà kun inítun,</i><trans> The lard will liquify when you heat it. </trans></eg>
</sense></hom></entry>
<entry><form id=""mata_pubri"" lang=""ceb""><abbr expan=""mata"" type=""lemma"">—</abbr> pubri</form>
<hom role=""a""><pos>a</pos>
<sense n=""0""><trans> looking down upon others as not one’s equal. </trans>
<eg><i lang=""ceb"">Mata pubri kaáyu. Dì mutagad sa mga kabus,</i><trans> She looks down on others and pays no attention to the poor. </trans></eg>
</sense></hom></entry>
<entry><form id=""maxta"" lang=""ceb""><abbr expan=""máta"" type=""lemma"">(←)</abbr></form>
<hom role=""v""><pos>v</pos>
<sense n=""1""><number>1</number> <itype>[A2; a12]</itype><trans> estimate a measurement by inspection. </trans>
<eg><i lang=""ceb"">Wà nay kinahanglan ug pulgadíra, matáun na lang,</i><trans> You don’t need a measuring stick. You can estimate it just by inspection. </trans></eg>
</sense>
<sense n=""1a""><number>1a</number><trans> look for s.t. simply with the eyes. </trans>
<eg><i lang=""ceb"">Matáun lang ang imbaw,</i><trans> You can find clams by just looking at the water. </trans></eg>
</sense>
<sense n=""2""><number>2</number> <itype>[AC; a1]</itype><trans> say frankly, tell face to face. </trans>
<eg><i lang=""ceb"">Nagkamáta ang duha ka kandidátu sa platapurma,</i><trans> The two candidates had it out face to face on the platform. </trans></eg>
<eg><i lang=""ceb"">Matáhun tikag sulti,</i><trans> I’ll talk to you frankly. </trans></eg>
</sense>
<sense n=""3""><number>3</number> <itype>[A13]</itype><trans> for bivalves to be active, as manifested by their being open or bubbling. </trans>
<eg><i lang=""ceb"">Magmáta na gáning mga imbaw sayun ra pagtultul,</i><trans> When the clams are active it is easy to locate them. </trans></eg>
</sense></hom></entry>
<entry><form id=""matamata"" lang=""ceb"">matamata</form>
<hom role=""v""><pos>v</pos>
<sense n=""0""> <itype>[a4]</itype><trans> </trans>
</sense>
<sense n=""1""><number>1</number><trans> see an illusion, mirage. </trans>
<eg><i lang=""ceb"">Gimatamata ug busay ang táwu sa disyirtu,</i><trans> The man in the desert saw a mirage, a waterfall. </trans></eg>
</sense>
<sense n=""2""><number>2</number><trans> be unable to choose or decide wisely because of bedazzlement. </trans>
<eg><i lang=""ceb"">Wà giyud ku kapílì. Gimatamata ku sa kadaghang palítun,</i><trans> I wasn’t able to choose because there were so many beautiful things to buy. </trans></eg>
</sense></hom></entry>
<entry><form id=""matamaxta"" lang=""ceb"">matamáta</form>
<hom>
<sense n=""0""><trans> = <xr lang=""ceb"" target=""#maxta""><sc>máta</sc></xr>, <i lang=""ceb"">v1.</i> </trans>
</sense></hom></entry>
<entry><form id=""higmata_hagmata"" lang=""ceb""><abbr expan=""higmata"" type=""lemma"">hig-</abbr>/<abbr expan=""hagmata"" type=""lemma"">hag-</abbr></form>
<hom role=""v""><pos>v</pos>
<sense n=""0""> <itype>[B1256]</itype><trans> </trans>
</sense>
<sense n=""1""><number>1</number><trans> wake up accidentally. </trans>
<eg><i lang=""ceb"">Nahigmata ku kay sábà,</i><trans> I woke up because it was so noisy. </trans></eg>
</sense>
<sense n=""2""><number>2</number><trans> become aware of s.t. </trans>
<eg><i lang=""ceb"">Karun pa ku mahigmata sa íyang kabangis,</i><trans> For the first time I became aware of what a terrible person he was. </trans></eg>
</sense></hom></entry>
<entry><form id=""mat-an"" lang=""ceb"">mat-an</form>
<hom role=""a""><pos>a</pos>
<sense n=""1""><number>1</number><trans> having eyes or an eye-like configuration. </trans>
</sense>
<sense n=""2""><number>2</number><trans> artful, wily, cunning. </trans>
<eg><i lang=""ceb"">Ang mga Insik mat-an kaáyu sa nigusyu,</i><trans> Chinese are very shrewd in business. </trans></eg>
</sense>
<sense n=""3""><number>3</number> <form id=""mat-ay_balixli_dunggaxnay_gabixi"" lang=""ceb"">mat-ay balíli, dunggánay gabíi</form><trans> the walls have ears. (Lit. the grass has eyes and the night has ears.) </trans>
<eg><i lang=""ceb"">Hináya ang inyung sulti kay mat-an ra bay balíli ug dunggánay gabíi,</i><trans> Talk quietly because the walls have ears. </trans></eg>
</sense>
<sense n=""4""><number>4</number> <form id=""mat-an_pa_sa_pinya"" lang=""ceb"">mat-an pa sa pinya</form><trans> </trans>
</sense></hom>
<hom role=""a""><pos>a</pos>
<sense n=""0""><trans> wily, cunning (having more eyes than a pineapple). </trans>
<eg><i lang=""ceb"">Dì ka kaílad ni Dyú kay mat-an pa nà sa pinya,</i><trans> You can’t fool Joe. He is very alert. </trans></eg>
</sense></hom>
<hom role=""n""><pos>n</pos>
<sense n=""0""><trans> k.o. fish with huge eyes: <bio>Selar crumenophthalmos</bio>. </trans>
</sense></hom></entry>
<entry><form id=""pangmata"" lang=""ceb""><abbr expan=""pangmata"" type=""lemma"">paN-</abbr></form>
<hom>
<sense n=""0""><trans> = <xr lang=""ceb"" target=""#ay4""><sc>ay<sub>4</sub></sc></xr>. </trans>
</sense></hom></entry>
<entry><form id=""tagimata_taglimata_tagumata"" lang=""ceb""><abbr expan=""tagimata"" type=""lemma"">tagi-</abbr>, <abbr expan=""taglimata"" type=""lemma"">tagli-</abbr>, <abbr expan=""tagumata"" type=""lemma"">tagu-</abbr></form>
<hom role=""n""><pos>n</pos>
<sense n=""0""><trans> k.o. eye infection. </trans>
</sense></hom>
<hom role=""v""><pos>v</pos>
<sense n=""0""> <itype>[A123P; a4]</itype><trans> get this infection.
</trans>
</sense></hom></entry></entry>");
INSERT INTO `wced_head` (entryid, head, normalized_head, type, pos) VALUES (12335, "mata", "mata", "m", "n");
INSERT INTO `wced_head` (entryid, head, normalized_head, type, pos) VALUES (12335, "tawutáwu sa mata", "tawutawu sa mata", "s", "");
INSERT INTO `wced_head` (entryid, head, normalized_head, type, pos) VALUES (12335, "mata sa báling", "mata sa baling", "s", "");
INSERT INTO `wced_head` (entryid, head, normalized_head, type, pos) VALUES (12335, "mata sa baskit", "mata sa baskit", "s", "");
INSERT INTO `wced_head` (entryid, head, normalized_head, type, pos) VALUES (12335, "mata sa lubi", "mata sa lubi", "s", "");
INSERT INTO `wced_head` (entryid, head, normalized_head, type, pos) VALUES (12335, "mata sa gábi", "mata sa gabi", "s", "");
INSERT INTO `wced_head` (entryid, head, normalized_head, type, pos) VALUES (12335, "mata sa", "mata sa", "s", "");
INSERT INTO `wced_head` (entryid, head, normalized_head, type, pos) VALUES (12335, "ug lumban", "ug lumban", "s", "");
INSERT INTO `wced_head` (entryid, head, normalized_head, type, pos) VALUES (12335, "mata sa pinya", "mata sa pinya", "s", "");
INSERT INTO `wced_head` (entryid, head, normalized_head, type, pos) VALUES (12335, "matag tikì", "matag tiki", "s", "nv");
INSERT INTO `wced_head` (entryid, head, normalized_head, type, pos) VALUES (12335, "mata sa ulitáwu (dalága)", "mata sa ulitawu (dalaga)", "s", "");
INSERT INTO `wced_head` (entryid, head, normalized_head, type, pos) VALUES (12335, "matambáka", "matambaka", "s", "");
INSERT INTO `wced_head` (entryid, head, normalized_head, type, pos) VALUES (12335, "mata ug buntag", "mata ug buntag", "s", "");
INSERT INTO `wced_head` (entryid, head, normalized_head, type, pos) VALUES (12335, "himat-an", "himat-an", "s", "");
INSERT INTO `wced_head` (entryid, head, normalized_head, type, pos) VALUES (12335, "hikatulgan", "hikatulgan", "s", "");
INSERT INTO `wced_head` (entryid, head, normalized_head, type, pos) VALUES (12335, "mata pubri", "mata pubri", "s", "a");
INSERT INTO `wced_head` (entryid, head, normalized_head, type, pos) VALUES (12335, "máta", "mata", "s", "v");
INSERT INTO `wced_head` (entryid, head, normalized_head, type, pos) VALUES (12335, "matamata", "matamata", "s", "v");
INSERT INTO `wced_head` (entryid, head, normalized_head, type, pos) VALUES (12335, "matamáta", "matamata", "s", "");
INSERT INTO `wced_head` (entryid, head, normalized_head, type, pos) VALUES (12335, "higmata", "higmata", "s", "v");
INSERT INTO `wced_head` (entryid, head, normalized_head, type, pos) VALUES (12335, "hagmata", "hagmata", "s", "v");
INSERT INTO `wced_head` (entryid, head, normalized_head, type, pos) VALUES (12335, "mat-an", "mat-an", "s", "aan");
INSERT INTO `wced_head` (entryid, head, normalized_head, type, pos) VALUES (12335, "mat-ay balíli", "mat-ay balili", "s", "");
INSERT INTO `wced_head` (entryid, head, normalized_head, type, pos) VALUES (12335, "dunggánay gabíi", "dungganay gabii", "s", "");
INSERT INTO `wced_head` (entryid, head, normalized_head, type, pos) VALUES (12335, "mat-an pa sa pinya", "mat-an pa sa pinya", "s", "");
INSERT INTO `wced_head` (entryid, head, normalized_head, type, pos) VALUES (12335, "pangmata", "pangmata", "s", "");
INSERT INTO `wced_head` (entryid, head, normalized_head, type, pos) VALUES (12335, "tagimata", "tagimata", "s", "nv");
INSERT INTO `wced_head` (entryid, head, normalized_head, type, pos) VALUES (12335, "taglimata", "taglimata", "s", "nv");
INSERT INTO `wced_head` (entryid, head, normalized_head, type, pos) VALUES (12335, "tagumata", "tagumata", "s", "nv");
INSERT INTO `wced_translation` (entryid, translation) VALUES (12335, "eyes");
INSERT INTO `wced_translation` (entryid, translation) VALUES (12335, "pupil");
INSERT INTO `wced_translation` (entryid, translation) VALUES (12335, "eyeglasses");
INSERT INTO `wced_entry` VALUES (12336, "matada", "675", "<entry page=""675"" id=""12336""><form id=""mataxda"" lang=""ceb"">matáda</form>
<hom role=""v""><pos>v</pos>
<sense n=""1""><number>1</number> <itype>[A; a]</itype><trans> divide the meat into portions. </trans>
</sense>
<sense n=""2""><number>2</number> <itype>[c16]</itype><trans> sell meat by the portion. </trans>
</sense></hom>
<entry><form id=""minataxda"" lang=""ceb""><abbr expan=""minatáda"" type=""lemma"">-in-</abbr></form>
<hom>
<sense n=""0""><trans> = <xr lang=""ceb"" target=""#mataxda""><sc>matáda</sc></xr>, <i lang=""ceb"">v2.</i>
</trans>
</sense></hom></entry></entry>");
INSERT INTO `wced_head` (entryid, head, normalized_head, type, pos) VALUES (12336, "matáda", "matada", "m", "v");
INSERT INTO `wced_head` (entryid, head, normalized_head, type, pos) VALUES (12336, "minatáda", "minatada", "s", "");
INSERT INTO `wced_entry` VALUES (12337, "matadira", "675", "<entry page=""675"" id=""12337""><form id=""matadixra"" lang=""ceb"">matadíra</form>
<hom>
<sense n=""0""><trans> = <xr lang=""ceb"" target=""#matadixru""><sc>matadíru</sc></xr> (female).
</trans>
</sense></hom></entry>");
INSERT INTO `wced_head` (entryid, head, normalized_head, type, pos) VALUES (12337, "matadíra", "matadira", "m", "");
INSERT INTO `wced_entry` VALUES (12338, "matadiru1", "675", "<entry page=""675"" id=""12338""><form id=""matadixru"" lang=""ceb"">matadíru<sub>1</sub></form>
<hom role=""n""><pos>n</pos>
<sense n=""1""><number>1</number><trans> <tr>butcher</tr>, one who slaughters and cuts up animals. </trans>
</sense>
<sense n=""2""><number>2</number><trans> butcher who sells meat. </trans>
</sense></hom>
<hom role=""v""><pos>v</pos>
<sense n=""0""> <itype>[B156; a]</itype><trans> work as a butcher.
</trans>
</sense></hom></entry>");
INSERT INTO `wced_head` (entryid, head, normalized_head, type, pos) VALUES (12338, "matadíru", "matadiru", "s", "nv");
INSERT INTO `wced_translation` (entryid, translation) VALUES (12338, "butcher");
INSERT INTO `wced_entry` VALUES (12339, "matadiru2", "675", "<entry page=""675"" id=""12339""><form id=""matadixru2"" lang=""ceb"">matadíru<sub>2</sub></form>
<hom role=""a""><pos>a</pos>
<sense n=""0""><trans> <tr>clever</tr>, skillfully shrewd in deception and trickery. </trans>
<eg><i lang=""ceb"">Ayawg kumpiyansahi nang tawhána kay matadíru kaáyu nà sa baráha,</i><trans> Don’t trust that man because he’s very cunning in card games. </trans></eg>
</sense></hom>
<hom role=""v""><pos>v</pos>
<sense n=""0""> <itype>[B1; b6]</itype><trans> become <tr>cunning</tr>.
</trans>
</sense></hom></entry>");
INSERT INTO `wced_head` (entryid, head, normalized_head, type, pos) VALUES (12339, "matadíru", "matadiru", "s", "av");
INSERT INTO `wced_translation` (entryid, translation) VALUES (12339, "clever");
INSERT INTO `wced_translation` (entryid, translation) VALUES (12339, "cunning");
INSERT INTO `wced_entry` VALUES (12340, "matadur", "675", "<entry page=""675"" id=""12340""><form id=""matadur"" lang=""ceb"">matadur</form>
<hom role=""n""><pos>n</pos>
<sense n=""1""><number>1</number><trans> = <xr lang=""ceb"" target=""#matadixru_2""><sc>matadíru<hi rend=""sub"">1, 2</hi></sc></xr>. </trans>
</sense>
<sense n=""2""><number>2</number><trans> <tr>matador</tr>. </trans>
</sense>
<sense n=""3""><number>3</number><trans> <tr>killer</tr>, <tr>fierce</tr>. </trans>
<eg><i lang=""ceb"">Manuk nga matadur,</i><trans> A killer gamecock. </trans></eg>
</sense></hom>
<hom role=""v""><pos>v</pos>
<sense n=""0""> <itype>[B156; a12]</itype><trans> be, become a matador.
</trans>
</sense></hom></entry>");
INSERT INTO `wced_head` (entryid, head, normalized_head, type, pos) VALUES (12340, "matadur", "matadur", "m", "nv");
INSERT INTO `wced_translation` (entryid, translation) VALUES (12340, "matador");
INSERT INTO `wced_translation` (entryid, translation) VALUES (12340, "killer");
INSERT INTO `wced_translation` (entryid, translation) VALUES (12340, "fierce");
INSERT INTO `wced_entry` VALUES (12341, "matag", "675", "<entry page=""675"" id=""12341""><form id=""matag"" lang=""ceb"">matag</form>
<hom>
<sense n=""1a""><number>1a</number> <form id=""matag_word_referring_to_time_or_day"" lang=""ceb""><abbr expan=""matag"" type=""lemma"">—</abbr> <r>[<ix>word referring to time or day</ix>]</r></form><trans> <tr>every</tr>. </trans>
<eg><i lang=""ceb"">Bisitáhan ku níya matag adlaw,</i><trans> He visits me every day. </trans></eg>
</sense>
<sense n=""1b""><number>1b</number> <form id=""matag_verb_base"" lang=""ceb""><abbr expan=""matag"" type=""lemma"">—</abbr> <r>[<ix>verb base</ix>]</r></form><trans> every time [so-and-so] is done. </trans>
<eg><i lang=""ceb"">Usa ka bandihádu ang <pb n=""676""/>mahurut níya matag káun,</i><trans> Each time he ate he consumed a platter of rice. </trans></eg>
</sense></hom>
<entry><form id=""matag_karun_ug_unyaq"" lang=""ceb""><abbr expan=""matag"" type=""lemma"">—</abbr> karun ug unyà</form>
<hom>
<sense n=""0""><trans> every now and then. </trans>
<eg><i lang=""ceb"">Tan-áwa ang linat-an matag karun ug unyà,</i><trans> Take a look at the stew every now and then. </trans></eg>
</sense></hom></entry>
<entry><form id=""matag_usa_dat."" lang=""ceb""><abbr expan=""matag"" type=""lemma"">—</abbr> usa <r>[<ix>dat.</ix>]</r></form>
<hom>
<sense n=""0""><trans> each and every one of [dat.]. </trans>
<eg><i lang=""ceb"">Matag usa níla muámut ug singku písus,</i><trans> Each and every one of them will contribute five pesos.
</trans></eg>
</sense></hom></entry></entry>");
INSERT INTO `wced_head` (entryid, head, normalized_head, type, pos) VALUES (12341, "matag", "matag", "m", "");
INSERT INTO `wced_head` (entryid, head, normalized_head, type, pos) VALUES (12341, "matag [word referring to time or day]", "matag [word referring to time or day]", "s", "");
INSERT INTO `wced_head` (entryid, head, normalized_head, type, pos) VALUES (12341, "matag [verb base]", "matag [verb base]", "s", "");
INSERT INTO `wced_head` (entryid, head, normalized_head, type, pos) VALUES (12341, "matag karun ug unyà", "matag karun ug unya", "s", "");
INSERT INTO `wced_head` (entryid, head, normalized_head, type, pos) VALUES (12341, "matag usa [dat.]", "matag usa [dat.]", "s", "");
INSERT INTO `wced_translation` (entryid, translation) VALUES (12341, "every");
INSERT INTO `wced_entry` VALUES (12342, "matalak-un, matak-anun", "676", "<entry page=""676"" id=""12342""><form id=""matalak-un_matak-axnun"" lang=""ceb"">matalak-un, matak-ánun</form>
<hom>
<sense n=""0""><trans> <ix>see</ix> <xr lang=""ceb"" target=""#taka""><sc>taka</sc></xr>.
</trans>
</sense></hom></entry>");
INSERT INTO `wced_head` (entryid, head, normalized_head, type, pos) VALUES (12342, "matalak-un", "matalak-un", "s", "");
INSERT INTO `wced_head` (entryid, head, normalized_head, type, pos) VALUES (12342, "matak-ánun", "matak-anun", "s", "");
INSERT INTO `wced_entry` VALUES (12343, "matang1", "676", "<entry page=""676"" id=""12343""><form id=""matang"" lang=""ceb"">matang<sub>1</sub></form>
<hom>
<sense n=""0""><trans> humorous euphemism for <xr lang=""ceb"" target=""#matay""><sc>matay</sc></xr>, exclamation.
</trans>
</sense></hom></entry>");
INSERT INTO `wced_head` (entryid, head, normalized_head, type, pos) VALUES (12343, "matang", "matang", "s", "");
INSERT INTO `wced_entry` VALUES (12344, "matang2, matang", "676", "<entry page=""676"" id=""12344""><form id=""matang2_maxtang"" lang=""ceb"">matang<sub>2</sub>, mátang</form>
<hom role=""a""><pos>a</pos>
<sense n=""0""><trans> <tr>kind</tr>. </trans>
<eg><i lang=""ceb"">Ipiktíbu kining matánga sa midisína,</i><trans> This k.o. medicine is effective. </trans></eg>
<eg><i lang=""ceb"">Makasayaw siya sa tanang mátang sa tugtug,</i><trans> She can dance to all kinds of music. </trans></eg>
</sense></hom>
<entry><form id=""kamaxtang"" lang=""ceb""><abbr expan=""kamátang"" type=""lemma"">ka-(←)</abbr></form>
<hom role=""a""><pos>a</pos>
<sense n=""0""><trans> of the same kind, alike. </trans>
<eg><i lang=""ceb"">Túa ra ang íyang kamátang nga mga mugbug lupad,</i><trans> That’s where you find her k.o. people, prostitutes.
</trans></eg>
</sense></hom></entry></entry>");
INSERT INTO `wced_head` (entryid, head, normalized_head, type, pos) VALUES (12344, "matang", "matang", "s", "a");
INSERT INTO `wced_head` (entryid, head, normalized_head, type, pos) VALUES (12344, "mátang", "matang", "s", "a");
INSERT INTO `wced_head` (entryid, head, normalized_head, type, pos) VALUES (12344, "kamátang", "kamatang", "s", "a");
INSERT INTO `wced_translation` (entryid, translation) VALUES (12344, "kind");
INSERT INTO `wced_entry` VALUES (12345, "matansa", "676", "<entry page=""676"" id=""12345""><form id=""matansa"" lang=""ceb"">matansa</form>
<hom role=""v""><pos>v</pos>
<sense n=""0""> <itype>[A; a]</itype><trans> <tr>butcher</tr> an animal, <tr>slaughter</tr> it or cut it up. </trans>
</sense></hom>
<hom role=""n""><pos>n</pos>
<sense n=""0""><trans> fee paid to the market authority for approval to slaughter animals.
</trans>
</sense></hom></entry>");
INSERT INTO `wced_head` (entryid, head, normalized_head, type, pos) VALUES (12345, "matansa", "matansa", "m", "vn");
INSERT INTO `wced_translation` (entryid, translation) VALUES (12345, "butcher");
INSERT INTO `wced_translation` (entryid, translation) VALUES (12345, "slaughter");
INSERT INTO `wced_entry` VALUES (12346, "matansira, matansiru", "676", "<entry page=""676"" id=""12346""><form id=""matansixra_matansixru"" lang=""ceb"">matansíra, matansíru</form>
<hom>
<sense n=""0""><trans> = <xr lang=""ceb"" target=""#matadixra""><sc>matadíra</sc></xr>, <xr lang=""ceb"" target=""#matadixru""><sc>matadíru</sc></xr>.
</trans>
</sense></hom></entry>");
INSERT INTO `wced_head` (entryid, head, normalized_head, type, pos) VALUES (12346, "matansíra", "matansira", "s", "");
INSERT INTO `wced_head` (entryid, head, normalized_head, type, pos) VALUES (12346, "matansíru", "matansiru", "s", "");
INSERT INTO `wced_entry` VALUES (12347, "matay", "676", "<entry page=""676"" id=""12347""><form id=""matay"" lang=""ceb"">matay</form>
<hom role=""v""><pos>v</pos>
<sense n=""1""><number>1</number> <itype>[B126; b3(1)4(1)c5]</itype><trans> <tr>die</tr>. </trans>
<eg><i lang=""ceb"">Namatay si Simyun sa tísis,</i><trans> Simeon died of tuberculosis. </trans></eg>
<eg><i lang=""ceb"">Sakit nga makamatay,</i><trans> A disease that kills. </trans></eg>
<eg><i lang=""ceb"">Katigúlang ang íyang namatyan (gikamatyan),</i><trans> He died of old age. </trans></eg>
<eg><i lang=""ceb"">Namatyan silag bag-ung inanak,</i><trans> They lost a newly-born child. </trans></eg>
<eg><i lang=""ceb"">Ikamatay nákù ang ímung pagbíyà,</i><trans> If you leave me I will die. </trans></eg>
</sense>
<sense n=""2""><number>2</number> <itype>[B126]</itype><trans> stop functioning. </trans>
<eg><i lang=""ceb"">Namatay ang rilu,</i><trans> The watch stopped. </trans></eg>
<eg><i lang=""ceb"">Namatay ang makina taliwā̀ sa lawud,</i><trans> The engine went dead in the middle of the sea. </trans></eg>
<eg><i lang=""ceb"">Namatay ang sugà pagbutu sa pyús,</i><trans> The light went out when the fuse blew. </trans></eg>
</sense>
<sense n=""2a""><number>2a</number> <itype>[B12]</itype><trans> for the moon to be in its invisible phase. <ix>exclamation</ix> </trans>
</sense>
<sense n=""1""><number>1</number><trans> of displeasure. </trans>
<eg><i lang=""ceb"">Matay! Kabahù,</i><trans> Jesus! What a smell! </trans></eg>
<eg><i lang=""ceb"">Matayng mahála,</i><trans> How expensive it is! </trans></eg>
</sense>
<sense n=""2""><number>2</number><trans> swearing as to the truth of s.t. </trans>
<eg><i lang=""ceb"">Matay! Ug wà pa ka, patay tà ku run,</i><trans> Believe me. If it hadn’t been for you, I’d be dead now. </trans></eg>
<eg><i lang=""ceb"">Tinúud lagi nà. Matay pa,</i><trans> It’s true, so help me God. </trans></eg>
</sense></hom>
<entry><form id=""kamaxtay"" lang=""ceb""><abbr expan=""kamátay"" type=""lemma"">ka-(←)</abbr></form>
<hom role=""v""><pos>v</pos>
<sense n=""0""> <itype>[C2]</itype><trans> for people to be killing each other. </trans>
<eg><i lang=""ceb"">Nagkamátay lang kanúnay ang mga nanagkaáway didtu sa Byitnam,</i><trans> There is a lot of killing in this war in Vietnam. </trans></eg>
</sense></hom>
<hom role=""n""><pos>n</pos>
<sense n=""0""><trans> mass death, killing on a vast scale. </trans>
<eg><i lang=""ceb"">Mahitabù ang kamátay tungud sa típus,</i><trans> Typhus can mean mass death. </trans></eg>
</sense></hom></entry>
<entry><form id=""pakamatay"" lang=""ceb""><abbr expan=""pakamatay"" type=""lemma"">paka-</abbr></form>
<hom role=""v""><pos>v</pos>
<sense n=""0""> <itype>[A13; b6]</itype><trans> </trans>
</sense>
<sense n=""1""><number>1</number><trans> die for a cause. </trans>
<eg><i lang=""ceb"">Gipakamatyan níya ang yútang natawhan,</i><trans> He gave his life for his country. </trans></eg>
</sense>
<sense n=""1a""><number>1a</number><trans> commit suicide. </trans>
<eg><i lang=""ceb"">Magpakamatay siya kun mapakyas,</i><trans> He will kill himself if he fails. </trans></eg>
</sense>
<sense n=""2""><number>2</number> <itype>[a12]</itype><trans> allow s.o. to die. </trans>
<eg><i lang=""ceb"">Pakamatyun lang mi ninyu sa gútum?</i><trans> Will you let us die of hunger? </trans></eg>
</sense>
<sense n=""3""><number>3</number> <itype>[b6]</itype><trans> allow dirt to get deeply engrained. </trans>
<eg><i lang=""ceb"">Ang linadlad nga pakamatyan sa sabun kúling maputì,</i><trans> If you bleach clothes under the sun without sprinkling (lit. allow the soap to die in the bleaching), it will never get white. </trans></eg>
</sense></hom></entry>
<entry><form id=""pangamaxtay"" lang=""ceb""><abbr expan=""pangamátay"" type=""lemma"">panga-(←)</abbr></form>
<hom role=""v""><pos>v</pos>
<sense n=""0""> <itype>[A23]</itype><trans> die (plural). </trans>
<eg><i lang=""ceb"">Nangamátay ang ákung mga manuk,</i><trans> My chickens died. </trans></eg>
</sense></hom></entry>
<entry><form id=""sa_tanang_nangamaxtay"" lang=""ceb"">sa tanang <abbr expan=""nangamátay"" type=""lemma"">nanga-</abbr></form>
<hom>
<sense n=""0""><trans> more [so-and-so] than anyone else (said of bad traits). </trans>
<eg><i lang=""ceb"">Tapulan ka sa tanang nangamátay,</i><trans> You’re the laziest of the lazy. </trans></eg>
</sense></hom></entry>
<entry><form id=""himatayun_nga_buxlan"" lang=""ceb""><abbr expan=""himatayun"" type=""lemma"">hi-un</abbr> nga búlan</form>
<hom role=""n""><pos>n</pos>
<sense n=""0""><trans> <tr>last quarter</tr>. </trans>
</sense></hom></entry>
<entry><form id=""bispiras_sa_himatayun"" lang=""ceb"">bispiras sa <abbr expan=""himatayun"" type=""lemma"">hi-un</abbr></form>
<hom>
<sense n=""0""><trans> the last day the moon can be seen before the new moon (<ix>patay ang búwan</ix>). </trans>
</sense></hom></entry>
<entry><form id=""himalatyun"" lang=""ceb"">himalatyun</form>
<hom role=""a""><pos>a</pos>
<sense n=""0""><trans> dying. </trans>
<eg><i lang=""ceb"">Lúya na kaáyu ang himatyun níyang inahan,</i><trans> His dying mother is already very weak. </trans></eg>
<eg><i lang=""ceb"">Himatyun na ang sugà kay wà nay gás,</i><trans> The lamp is dying down because the kerosene is all gone. </trans></eg>
</sense></hom></entry>
<entry><form id=""minatay"" lang=""ceb""><abbr expan=""minatay"" type=""lemma"">-in-</abbr></form>
<hom role=""n""><pos>n</pos>
<sense n=""0""><trans> human <tr>corpse</tr>. </trans>
</sense></hom></entry>
<entry><form id=""adlaw_sa_minatay"" lang=""ceb"">adlaw sa <abbr expan=""minatay"" type=""lemma"">—</abbr></form>
<hom>
<sense n=""0""><trans> <tr>All Souls’ Day</tr>. </trans>
</sense></hom></entry>
<entry><form id=""minaxtay"" lang=""ceb""><abbr expan=""minátay"" type=""lemma"">-in-(←)</abbr></form>
<hom role=""v""><pos>v</pos>
<sense n=""0""> <itype>[A; b3c]</itype><trans> cry loudly, <tr>wail</tr>, usually over the dead. </trans>
<eg><i lang=""ceb"">Ngánung nagminátay ka man, namatyan ka?</i><trans> Why are you wailing so loud? Did s.o. die? </trans></eg>
</sense></hom>
<hom role=""n""><pos>n</pos>
<sense n=""0""><trans> loud <tr>wailing</tr>. </trans>
</sense></hom></entry>
<entry><form id=""kamatay"" lang=""ceb""><abbr expan=""kamatay"" type=""lemma"">ka-</abbr></form>
<hom>
<sense n=""0""><trans> expression of strong <tr>anger</tr> or <tr>disgust</tr>. </trans>
<eg><i lang=""ceb"">Kamatay, wà giyud masúd ang tris dà, Damn!</i><trans> The number three ball didn’t go into the pocket! </trans></eg>
</sense></hom></entry>
<entry><form id=""kalamatyan_kinamatyan"" lang=""ceb"">kalamatyan, kinamatyan</form>
<hom role=""n""><pos>n</pos>
<sense n=""0""><trans> a fatal spot in the body. </trans>
<eg><i lang=""ceb"">Kalamatyan ang kasingkásing,</i><trans> The heart is a fatal spot in the body. </trans></eg>
</sense></hom></entry>
<entry><form id=""kamatayun"" lang=""ceb""><abbr expan=""kamatayun"" type=""lemma"">ka-un(→)</abbr></form>
<hom role=""n""><pos>n</pos>
<sense n=""0""><trans> <tr>death</tr>. </trans>
<eg><i lang=""ceb"">Kalit nga kamatáyun,</i><trans> <tr>Sudden death</tr>. </trans></eg>
</sense></hom></entry>
<entry><form id=""kinamatayun"" lang=""ceb""><abbr expan=""kinamatayun"" type=""lemma"">kina-un</abbr></form>
<hom role=""a""><pos>a</pos>
<sense n=""0""><trans> as if one is about to die. </trans>
<eg><i lang=""ceb"">Ngánung kinamatyun nang ímung trabáhu? Wà na bay ugma?</i><trans> Why are you working as if you were going to die? Is there going to be no tomorrow? </trans></eg>
</sense></hom></entry>
<entry><form id=""magmalaxtay"" lang=""ceb""><abbr expan=""magmalátay"" type=""lemma"">mag-l-(←)</abbr></form>
<hom role=""n""><pos>n</pos>
<sense n=""0""><trans> about to die. </trans>
<eg><i lang=""ceb"">Lawus na ang dáhun sa mangga kay magmalátay man,</i><trans> The leaves on the mango tree are withering because they are dying. †
</trans></eg>
</sense></hom></entry></entry>");
INSERT INTO `wced_head` (entryid, head, normalized_head, type, pos) VALUES (12347, "matay", "matay", "m", "v");
INSERT INTO `wced_head` (entryid, head, normalized_head, type, pos) VALUES (12347, "kamátay", "kamatay", "s", "vn");
INSERT INTO `wced_head` (entryid, head, normalized_head, type, pos) VALUES (12347, "pakamatay", "pakamatay", "s", "v");
INSERT INTO `wced_head` (entryid, head, normalized_head, type, pos) VALUES (12347, "pangamátay", "pangamatay", "s", "v");
INSERT INTO `wced_head` (entryid, head, normalized_head, type, pos) VALUES (12347, "sa tanang nangamátay", "sa tanang nangamatay", "s", "");
INSERT INTO `wced_head` (entryid, head, normalized_head, type, pos) VALUES (12347, "himatayun nga búlan", "himatayun nga bulan", "s", "n");
INSERT INTO `wced_head` (entryid, head, normalized_head, type, pos) VALUES (12347, "bispiras sa himatayun", "bispiras sa himatayun", "s", "");
INSERT INTO `wced_head` (entryid, head, normalized_head, type, pos) VALUES (12347, "himalatyun", "himalatyun", "s", "a");
INSERT INTO `wced_head` (entryid, head, normalized_head, type, pos) VALUES (12347, "minatay", "minatay", "s", "n");
INSERT INTO `wced_head` (entryid, head, normalized_head, type, pos) VALUES (12347, "adlaw sa minatay", "adlaw sa minatay", "s", "");
INSERT INTO `wced_head` (entryid, head, normalized_head, type, pos) VALUES (12347, "minátay", "minatay", "s", "vn");
INSERT INTO `wced_head` (entryid, head, normalized_head, type, pos) VALUES (12347, "kamatay", "kamatay", "s", "");
INSERT INTO `wced_head` (entryid, head, normalized_head, type, pos) VALUES (12347, "kalamatyan", "kalamatyan", "s", "n");
INSERT INTO `wced_head` (entryid, head, normalized_head, type, pos) VALUES (12347, "kinamatyan", "kinamatyan", "s", "n");
INSERT INTO `wced_head` (entryid, head, normalized_head, type, pos) VALUES (12347, "kamatayun", "kamatayun", "s", "n");
INSERT INTO `wced_head` (entryid, head, normalized_head, type, pos) VALUES (12347, "kinamatayun", "kinamatayun", "s", "a");
INSERT INTO `wced_head` (entryid, head, normalized_head, type, pos) VALUES (12347, "magmalátay", "magmalatay", "s", "n");
INSERT INTO `wced_translation` (entryid, translation) VALUES (12347, "die");
INSERT INTO `wced_translation` (entryid, translation) VALUES (12347, "last quarter");
INSERT INTO `wced_translation` (entryid, translation) VALUES (12347, "corpse");
INSERT INTO `wced_translation` (entryid, translation) VALUES (12347, "All Souls’ Day");
INSERT INTO `wced_translation` (entryid, translation) VALUES (12347, "wail");
INSERT INTO `wced_translation` (entryid, translation) VALUES (12347, "wailing");
INSERT INTO `wced_translation` (entryid, translation) VALUES (12347, "anger");
INSERT INTO `wced_translation` (entryid, translation) VALUES (12347, "disgust");
INSERT INTO `wced_translation` (entryid, translation) VALUES (12347, "death");
INSERT INTO `wced_translation` (entryid, translation) VALUES (12347, "Sudden death");
INSERT INTO `wced_entry` VALUES (12348, "mati", "676", "<entry page=""676"" id=""12348""><form id=""maxti"" lang=""ceb"">máti</form>
<hom role=""v""><pos>v</pos>
<sense n=""0""> <itype>[A; a12]</itype><trans> <tr>checkmate</tr> in chess. </trans>
<eg><i lang=""ceb"">Bantayi ang hárì kay matíhun tikaw,</i><trans> Watch the king because I’m going to checkmate you. </trans></eg>
</sense></hom>
<hom role=""n""><pos>n</pos>
<sense n=""0""><trans> <tr>checkmate</tr>.
</trans>
</sense></hom></entry>");
INSERT INTO `wced_head` (entryid, head, normalized_head, type, pos) VALUES (12348, "máti", "mati", "m", "vn");
INSERT INTO `wced_translation` (entryid, translation) VALUES (12348, "checkmate");
INSERT INTO `wced_entry` VALUES (12349, "matikmatik", "676", "<entry page=""676"" id=""12349""><form id=""matikmaxtik"" lang=""ceb"">matikmátik</form>
<hom role=""v""><pos>v</pos>
<sense n=""0""> <itype>[A3; a12]</itype><trans> do s.t. with careful reckoning and planning. </trans>
<eg><i lang=""ceb"">Aku lay magmatikmátik ug paági nga mabáwì ang yútà,</i><trans> I will find means to get the lot back. </trans></eg>
<eg><i lang=""ceb"">Matikmatíka pag-áyu arun dì ka maalkansi,</i><trans> Figure it carefully so you don’t lose.
</trans></eg>
</sense></hom></entry>");
INSERT INTO `wced_head` (entryid, head, normalized_head, type, pos) VALUES (12349, "matikmátik", "matikmatik", "m", "v");
INSERT INTO `wced_entry` VALUES (12350, "matikud", "676", "<entry page=""676"" id=""12350""><form id=""matikud"" lang=""ceb"">matikud</form>
<hom role=""v""><pos>v</pos>
<sense n=""0""> <itype>[A12; b8]</itype><trans> <tr>notice</tr>, <tr>become aware of</tr> s.t. </trans>
<eg><i lang=""ceb"">Karun pa aku makamatikud sa dakù kung sayup,</i><trans> I just realized what a big mistake I had made. </trans></eg>
<eg><i lang=""ceb"">Wà ku mamatikdi ang ímung pag-abut,</i><trans> I didn’t notice your arrival.
</trans></eg>
</sense></hom></entry>");
INSERT INTO `wced_head` (entryid, head, normalized_head, type, pos) VALUES (12350, "matikud", "matikud", "m", "v");
INSERT INTO `wced_translation` (entryid, translation) VALUES (12350, "notice");
INSERT INTO `wced_translation` (entryid, translation) VALUES (12350, "become aware of");
INSERT INTO `wced_entry` VALUES (12351, "matimati", "676", "<entry page=""676"" id=""12351""><form id=""matimaxti"" lang=""ceb"">matimáti</form>
<hom>
<sense n=""0""><trans> <tr>wait</tr> for a while. </trans>
<eg><i lang=""ceb"">Matimáti úsà kay náa pay átung paabútun,</i><trans> Wait awhile. We are expecting some more people to come. </trans></eg>
</sense></hom>
<hom role=""v""><pos>v</pos>
<sense n=""1""><number>1</number> <itype>[c1]</itype><trans> finish slowly. </trans>
<eg><i lang=""ceb"">Átù lang ning matimatíhun <pb n=""677""/>(imatimáti) pagkáun arun dúgay mahurut,</i><trans> Let us eat it slowly so it can last a little longer. </trans></eg>
</sense>
<sense n=""2""><number>2</number> <itype>[A; c1]</itype><trans> make do with less equipment, or give s.t. less attention, disregarding the quality of the work. </trans>
<eg><i lang=""ceb"">Matimatíhun ku lang nig kinamut ang drúwing bísag way rúlir,</i><trans> I’ll just make a rough drawing by hand because there is no ruler.
</trans></eg>
</sense></hom></entry>");
INSERT INTO `wced_head` (entryid, head, normalized_head, type, pos) VALUES (12351, "matimáti", "matimati", "m", "v");
INSERT INTO `wced_translation` (entryid, translation) VALUES (12351, "wait");
INSERT INTO `wced_entry` VALUES (12352, "matimatiks", "677", "<entry page=""677"" id=""12352""><form id=""matimaxtiks"" lang=""ceb"">matimátiks</form>
<hom role=""n""><pos>n</pos>
<sense n=""0""><trans> <tr>mathematics</tr>.
</trans>
</sense></hom></entry>");
INSERT INTO `wced_head` (entryid, head, normalized_head, type, pos) VALUES (12352, "matimátiks", "matimatiks", "m", "n");
INSERT INTO `wced_translation` (entryid, translation) VALUES (12352, "mathematics");
INSERT INTO `wced_entry` VALUES (12353, "mating", "677", "<entry page=""677"" id=""12353""><form id=""mating"" lang=""ceb"">mating</form>
<hom>
<sense n=""0""><trans> humorous euphemism for <xr lang=""ceb"" target=""#matay""><sc>matay</sc></xr>, exclamation of displeasure. </trans>
<eg><i lang=""ceb"">Mating bug-áta ning ákung dá!</i><trans> My! How heavy this is!
</trans></eg>
</sense></hom></entry>");
INSERT INTO `wced_head` (entryid, head, normalized_head, type, pos) VALUES (12353, "mating", "mating", "m", "");
INSERT INTO `wced_entry` VALUES (12354, "matiriyal1", "677", "<entry page=""677"" id=""12354""><form id=""matiriyal"" lang=""ceb"">matiriyal<sub>1</sub></form>
<hom role=""n""><pos>n</pos>
<sense n=""0""><trans> particle or trace of truth in feelings and emotion. </trans>
<eg><i lang=""ceb"">May matiriyal sa katinuúran ang íyang púlung,</i><trans> His words have some particles of truth. </trans></eg>
</sense></hom>
<hom role=""v""><pos>v</pos>
<sense n=""0""> <itype>[A]</itype><trans> for feelings and emotions to start developing. </trans>
<eg><i lang=""ceb"">Mimatiriyal ang íyang pagdúda dihang kanúnay nang higabin-ag paúlì ang bána,</i><trans> She developed suspicions when her husband started always coming home late nights. </trans></eg>
<eg><i lang=""ceb"">Nakamatiriyal ang gugma sa ílang duha ka kasingkásing,</i><trans> Love sprouted in their hearts.
</trans></eg>
</sense></hom></entry>");
INSERT INTO `wced_head` (entryid, head, normalized_head, type, pos) VALUES (12354, "matiriyal", "matiriyal", "s", "nv");
INSERT INTO `wced_entry` VALUES (12355, "matiriyal2", "677", "<entry page=""677"" id=""12355""><form id=""matiriyal2"" lang=""ceb"">matiriyal<sub>2</sub></form>
<hom role=""n""><pos>n</pos>
<sense n=""0""><trans> person’s capability for a certain position. </trans>
<eg><i lang=""ceb"">Maáyu siyang matiriyal pagkaprisidinti,</i><trans> He is a good presidential timber.
</trans></eg>
</sense></hom></entry>");
INSERT INTO `wced_head` (entryid, head, normalized_head, type, pos) VALUES (12355, "matiriyal", "matiriyal", "s", "n");
INSERT INTO `wced_entry` VALUES (12356, "matirniti", "677", "<entry page=""677"" id=""12356""><form id=""matirniti"" lang=""ceb"">matirniti</form>
<hom role=""n""><pos>n</pos>
<sense n=""1""><number>1</number><trans> <tr>maternity clinic</tr>. </trans>
</sense>
<sense n=""2""><number>2</number><trans> <tr>maternity dress</tr>. </trans>
</sense></hom>
<hom role=""v""><pos>v</pos>
<sense n=""1""><number>1</number> <itype>[A13; c16]</itype><trans> wear, make a maternity dress. </trans>
</sense>
<sense n=""2""><number>2</number> <itype>[B1256]</itype><trans> wind up in the maternity clinic—i.e. have a baby out of wedlock. </trans>
<eg><i lang=""ceb"">Mamatirniti ka giyung bayhána kag mag-unauna ka sa mga láki,</i><trans> You’ll end up in a maternity clinic if you are forward with men. </trans></eg>
</sense></hom>
<entry><form id=""matirniti_lib"" lang=""ceb""><abbr expan=""matirniti"" type=""lemma"">—</abbr> lib</form>
<hom>
<sense n=""0""><trans> <tr>maternity leave</tr>.
</trans>
</sense></hom></entry></entry>");
INSERT INTO `wced_head` (entryid, head, normalized_head, type, pos) VALUES (12356, "matirniti", "matirniti", "m", "nv");
INSERT INTO `wced_head` (entryid, head, normalized_head, type, pos) VALUES (12356, "matirniti lib", "matirniti lib", "s", "");
INSERT INTO `wced_translation` (entryid, translation) VALUES (12356, "maternity clinic");
INSERT INTO `wced_translation` (entryid, translation) VALUES (12356, "maternity dress");
INSERT INTO `wced_translation` (entryid, translation) VALUES (12356, "maternity leave");
INSERT INTO `wced_entry` VALUES (12357, "matiryalis", "677", "<entry page=""677"" id=""12357""><form id=""matiryaxlis"" lang=""ceb"">matiryális</form>
<hom role=""n""><pos>n</pos>
<sense n=""0""><trans> materials used for constructing. </trans>
</sense></hom>
<entry><form id=""matiryaxlis_pwirtis"" lang=""ceb""><abbr expan=""matiryális"" type=""lemma"">—</abbr> pwirtis</form>
<hom>
<sense n=""1""><number>1</number><trans> durable materials for construction. </trans>
</sense>
<sense n=""2""><number>2</number><trans> for a woman to be well-built. </trans>
<eg><i lang=""ceb"">Maáyung pangasaw-un kay matiryális pwirtis,</i><trans> She’s a good prospect because she is well built.
</trans></eg>
</sense></hom></entry></entry>");
INSERT INTO `wced_head` (entryid, head, normalized_head, type, pos) VALUES (12357, "matiryális", "matiryalis", "m", "n");
INSERT INTO `wced_head` (entryid, head, normalized_head, type, pos) VALUES (12357, "matiryális pwirtis", "matiryalis pwirtis", "s", "");
INSERT INTO `wced_entry` VALUES (12358, "matmat1", "677", "<entry page=""677"" id=""12358""><form id=""matmat"" lang=""ceb"">matmat<sub>1</sub></form>
<hom role=""v""><pos>v</pos>
<sense n=""1""><number>1</number> <itype>[A; a1]</itype><trans> <tr>unravel</tr>, undo s.t. all tangled. </trans>
<eg><i lang=""ceb"">Aku ray mumatmat sa hílu nga nagubut,</i><trans> I’ll unravel the tangled thread. </trans></eg>
</sense>
<sense n=""2""><number>2</number> <itype>[A; c]</itype><trans> recount a story, events. </trans>
<eg><i lang=""ceb"">Ákung imatmat sa husgádu ang nahitabù,</i><trans> I’ll tell the judge what happened.
</trans></eg>
</sense></hom></entry>");
INSERT INTO `wced_head` (entryid, head, normalized_head, type, pos) VALUES (12358, "matmat", "matmat", "s", "v");
INSERT INTO `wced_translation` (entryid, translation) VALUES (12358, "unravel");
INSERT INTO `wced_entry` VALUES (12359, "matmat2", "677", "<entry page=""677"" id=""12359""><form id=""matmat2"" lang=""ceb"">matmat<sub>2</sub></form>
<hom>
<sense n=""0""><trans> = <xr lang=""ceb"" target=""#alimatmat""><sc>alimatmat</sc></xr>.
</trans>
</sense></hom></entry>");
INSERT INTO `wced_head` (entryid, head, normalized_head, type, pos) VALUES (12359, "matmat", "matmat", "s", "");
INSERT INTO `wced_entry` VALUES (12360, "matnga", "677", "<entry page=""677"" id=""12360""><form id=""matngaq"" lang=""ceb"">matngà</form>
<hom role=""v""><pos>v</pos>
<sense n=""0""> <itype>[A; a12]</itype><trans> be hit full in the area intended with a big impact. </trans>
<eg><i lang=""ceb"">Namatngà pagkaigù ang langgam sa batu,</i><trans> The stone hit the bird squarely. </trans></eg>
</sense></hom>
<hom role=""a""><pos>a</pos>
<sense n=""0""><trans> hit square. </trans>
<eg><i lang=""ceb"">Matngà giyud pagkaigù ang lansang nga gimartilyu,</i><trans> He hit the nail square on the head.
</trans></eg>
</sense></hom></entry>");
INSERT INTO `wced_head` (entryid, head, normalized_head, type, pos) VALUES (12360, "matngà", "matnga", "m", "va");
INSERT INTO `wced_entry` VALUES (12361, "matngun", "677", "<entry page=""677"" id=""12361""><form id=""matngun"" lang=""ceb"">matngun</form>
<hom role=""v""><pos>v</pos>
<sense n=""1""><number>1</number> <itype>[A13; b(1)]</itype><trans> take care of by observing precautions, handle carefully. </trans>
<eg><i lang=""ceb"">Magmatngun ka arun dì ka madisgrasya,</i><trans> Be careful so you don’t meet an accident. </trans></eg>
</sense>
<sense n=""2""><number>2</number> <itype>[A1; b(1)]</itype><trans> pay attention, heed. </trans>
<eg><i lang=""ceb"">Wà mu magmatngun sa ákung tambag, ha?</i><trans> You didn’t heed my advice, did you? </trans></eg>
</sense>
<sense n=""3""><number>3</number> <itype>[A12; b8]</itype><trans> be aware of, realize. </trans>
<eg><i lang=""ceb"">Nakamatngun siya nga walà na ang íyang pitáka,</i><trans> He noticed that his wallet was gone. </trans></eg>
<eg><i lang=""ceb"">Namatngunan na níya nga walà diay salà ang bátà,</i><trans> He has just realized that the child was innocent. </trans></eg>
</sense></hom>
<entry><form id=""matngun_ug_buut"" lang=""ceb""><abbr expan=""matngun"" type=""lemma"">—</abbr> ug buut</form>
<hom role=""v""><pos>v</pos>
<sense n=""1""><number>1</number> <itype>[A; b8]</itype><trans> be aware of, reach the age of reason. </trans>
<eg><i lang=""ceb"">Dinhi na ku ning baláya sukad ku makamatngun ug buut,</i><trans> I have lived in this house since I saw light. </trans></eg>
</sense>
<sense n=""2""><number>2</number> <itype>[A12]</itype><trans> regain consciousness. </trans>
<eg><i lang=""ceb"">Didtu na siya makamatngun ug buut sa uspital,</i><trans> He regained consciousness in the hospital. </trans></eg>
</sense></hom></entry>
<entry><form id=""pahimatngun"" lang=""ceb""><abbr expan=""pahimatngun"" type=""lemma"">pahi-</abbr></form>
<hom role=""v""><pos>v</pos>
<sense n=""0""> <itype>[A; c]</itype><trans> <tr>advise</tr> and <tr>admonish</tr>. </trans>
<eg><i lang=""ceb"">Pahitmangúni siya báhin sa íyang pag-inum,</i><trans> Advise him about his drinking. </trans></eg>
</sense></hom>
<hom role=""n""><pos>n</pos>
<sense n=""0""><trans> <tr>admonishment</tr>. </trans>
</sense></hom></entry>
<entry><form id=""kahimatngun"" lang=""ceb""><abbr expan=""kahimatngun"" type=""lemma"">kahi-</abbr></form>
<hom role=""n""><pos>n</pos>
<sense n=""0""><trans> <tr>awareness</tr> of s.t.
</trans>
</sense></hom></entry></entry>");
INSERT INTO `wced_head` (entryid, head, normalized_head, type, pos) VALUES (12361, "matngun", "matngun", "m", "v");
INSERT INTO `wced_head` (entryid, head, normalized_head, type, pos) VALUES (12361, "matngun ug buut", "matngun ug buut", "s", "v");
INSERT INTO `wced_head` (entryid, head, normalized_head, type, pos) VALUES (12361, "pahimatngun", "pahimatngun", "s", "vn");
INSERT INTO `wced_head` (entryid, head, normalized_head, type, pos) VALUES (12361, "kahimatngun", "kahimatngun", "s", "n");
INSERT INTO `wced_translation` (entryid, translation) VALUES (12361, "advise");
INSERT INTO `wced_translation` (entryid, translation) VALUES (12361, "admonish");
INSERT INTO `wced_translation` (entryid, translation) VALUES (12361, "admonishment");
INSERT INTO `wced_translation` (entryid, translation) VALUES (12361, "awareness");
INSERT INTO `wced_entry` VALUES (12362, "matraka", "677", "<entry page=""677"" id=""12362""><form id=""matraxka"" lang=""ceb"">matráka</form>
<hom role=""n""><pos>n</pos>
<sense n=""0""><trans> grager, used as a noisemaker in the procession on Good Friday. </trans>
</sense></hom>
<entry><form id=""matrakaxhun_ug_baqbaq"" lang=""ceb"">matrakáhun ug bàbà</form>
<hom>
<sense n=""0""><trans> talking like a machine gun. </trans>
<eg><i lang=""ceb"">Báhu ning tabian matrakáhun ug bàbà,</i><trans> This gossip! Her mouth goes like a machine gun.
</trans></eg>
</sense></hom></entry></entry>");
INSERT INTO `wced_head` (entryid, head, normalized_head, type, pos) VALUES (12362, "matráka", "matraka", "m", "n");
INSERT INTO `wced_head` (entryid, head, normalized_head, type, pos) VALUES (12362, "matrakáhun ug bàbà", "matrakahun ug baba", "s", "");
INSERT INTO `wced_entry` VALUES (12363, "matridu", "677", "<entry page=""677"" id=""12363""><form id=""matrixdu"" lang=""ceb"">matrídu</form>
<hom>
<sense n=""0""><trans> = <xr lang=""ceb"" target=""#matrixru""><sc>matríru</sc></xr>.
</trans>
</sense></hom></entry>");
INSERT INTO `wced_head` (entryid, head, normalized_head, type, pos) VALUES (12363, "matrídu", "matridu", "m", "");
INSERT INTO `wced_entry` VALUES (12364, "matrikula", "677", "<entry page=""677"" id=""12364""><form id=""matrikula"" lang=""ceb"">matrikula</form>
<hom role=""n""><pos>n</pos>
<sense n=""0""><trans> school fees. </trans>
</sense></hom>
<hom role=""v""><pos>v</pos>
<sense n=""0""> <itype>[c6]</itype><trans> pay <tr>tuition</tr>.
</trans>
</sense></hom></entry>");
INSERT INTO `wced_head` (entryid, head, normalized_head, type, pos) VALUES (12364, "matrikula", "matrikula", "m", "nv");
INSERT INTO `wced_translation` (entryid, translation) VALUES (12364, "tuition");
INSERT INTO `wced_entry` VALUES (12365, "matrimunyal", "677", "<entry page=""677"" id=""12365""><form id=""matrimunyal"" lang=""ceb"">matrimunyal</form>
<hom role=""n""><pos>n</pos>
<sense n=""0""><trans> <tr>double bed</tr>.
</trans>
</sense></hom></entry>");
INSERT INTO `wced_head` (entryid, head, normalized_head, type, pos) VALUES (12365, "matrimunyal", "matrimunyal", "m", "n");
INSERT INTO `wced_translation` (entryid, translation) VALUES (12365, "double bed");
INSERT INTO `wced_entry` VALUES (12366, "matrira", "677", "<entry page=""677"" id=""12366""><form id=""matrixra"" lang=""ceb"">matríra</form>
<hom>
<sense n=""0""><trans> = <xr lang=""ceb"" target=""#matrixru""><sc>matríru</sc></xr> (female).
</trans>
</sense></hom></entry>");
INSERT INTO `wced_head` (entryid, head, normalized_head, type, pos) VALUES (12366, "matríra", "matrira", "m", "");
INSERT INTO `wced_entry` VALUES (12367, "matriru", "677", "<entry page=""677"" id=""12367""><form id=""matrixru"" lang=""ceb"">matríru</form>
<hom role=""a""><pos>a</pos>
<sense n=""1""><number>1</number><trans> <tr>wise</tr> to the ways of the world. </trans>
<eg><i lang=""ceb"">Dì na nà siya matuntu kay matríru,</i><trans> You can’t pull a fast one on him. He’s wise to the ways of the world. </trans></eg>
</sense>
<sense n=""2""><number>2</number><trans> <tr>wise</tr>, <tr>tricky</tr>. </trans>
<eg><i lang=""ceb"">Matríru ang mga matansíru kay dílì hustu ang timbangan,</i><trans> The meat sellers are very tricky because the scales are not honest. </trans></eg>
</sense>
<sense n=""3""><number>3</number><trans> for game to be shy and not easily approached by persons. </trans>
</sense></hom>
<hom role=""v""><pos>v</pos>
<sense n=""0""> <itype>[B1]</itype><trans> be, become wise to the ways of the world or tricky.
</trans>
</sense></hom></entry>");
INSERT INTO `wced_head` (entryid, head, normalized_head, type, pos) VALUES (12367, "matríru", "matriru", "m", "av");
INSERT INTO `wced_translation` (entryid, translation) VALUES (12367, "wise");
INSERT INTO `wced_translation` (entryid, translation) VALUES (12367, "tricky");
INSERT INTO `wced_entry` VALUES (12368, "matris1", "677", "<entry page=""677"" id=""12368""><form id=""matris"" lang=""ceb"">matris<sub>1</sub></form>
<hom role=""n""><pos>n</pos>
<sense n=""0""><trans> <tr>uterus</tr>.
</trans>
</sense></hom></entry>");
INSERT INTO `wced_head` (entryid, head, normalized_head, type, pos) VALUES (12368, "matris", "matris", "s", "n");
INSERT INTO `wced_translation` (entryid, translation) VALUES (12368, "uterus");
INSERT INTO `wced_entry` VALUES (12369, "matris2", "677", "<entry page=""677"" id=""12369""><form id=""matris2"" lang=""ceb"">matris<sub>2</sub></form>
<hom role=""n""><pos>n</pos>
<sense n=""0""><trans> <tr>mattress</tr>.
</trans>
</sense></hom></entry>");
INSERT INTO `wced_head` (entryid, head, normalized_head, type, pos) VALUES (12369, "matris", "matris", "s", "n");
INSERT INTO `wced_translation` (entryid, translation) VALUES (12369, "mattress");
INSERT INTO `wced_entry` VALUES (12370, "matruna", "677", "<entry page=""677"" id=""12370""><form id=""matruxna"" lang=""ceb"">matrúna</form>
<hom role=""n""><pos>n</pos>
<sense n=""1""><number>1</number><trans> the head <tr>maid</tr> in a wealthy household, the one in charge of running the household. </trans>
</sense>
<sense n=""2""><number>2</number><trans> <tr>housemother</tr> of a women’s dormitory or boarding house. </trans>
</sense></hom>
<hom role=""a""><pos>a</pos>
<sense n=""0""><trans> <tr>matronly-looking</tr>, old, and slightly stout. </trans>
</sense></hom>
<hom role=""v""><pos>v</pos>
<sense n=""0""> <itype>[B136; c16]</itype><trans> be, become a house mother or head maid; get to be <tr>matronly</tr> in appearance.
</trans>
</sense></hom></entry>");
INSERT INTO `wced_head` (entryid, head, normalized_head, type, pos) VALUES (12370, "matrúna", "matruna", "m", "nav");
INSERT INTO `wced_translation` (entryid, translation) VALUES (12370, "maid");
INSERT INTO `wced_translation` (entryid, translation) VALUES (12370, "housemother");
INSERT INTO `wced_translation` (entryid, translation) VALUES (12370, "matronly-looking");
INSERT INTO `wced_translation` (entryid, translation) VALUES (12370, "matronly");
INSERT INTO `wced_entry` VALUES (12371, "mats", "677", "<entry page=""677"" id=""12371""><form id=""mats"" lang=""ceb"">mats</form>
<hom role=""v""><pos>v</pos>
<sense n=""0""> <itype>[B; c6]</itype><trans> for wearing apparel to match. </trans>
<eg><i lang=""ceb"">Mimats ang ímung sapátus sa pitáka,</i><trans> Your shoes match your purse.
</trans></eg>
</sense></hom></entry>");
INSERT INTO `wced_head` (entryid, head, normalized_head, type, pos) VALUES (12371, "mats", "mats", "m", "v");
INSERT INTO `wced_entry` VALUES (12372, "matsa", "677", "<entry page=""677"" id=""12372""><form id=""matsa"" lang=""ceb"">matsa</form>
<hom role=""v""><pos>v</pos>
<sense n=""0""> <itype>[A1; c1]</itype><trans> do s.t. in a relaxed and unhurried manner. </trans>
<eg><i lang=""ceb"">Ayaw matsaha (imatsa) nang ímung linaktan ug sugúun ka,</i><trans> Don’t take it so slow when you are told to do s.t.
</trans></eg>
</sense></hom></entry>");
INSERT INTO `wced_head` (entryid, head, normalized_head, type, pos) VALUES (12372, "matsa", "matsa", "m", "v");
INSERT INTO `wced_entry` VALUES (12373, "matsing1", "677", "<entry page=""677"" id=""12373""><form id=""matsing"" lang=""ceb"">matsing<sub>1</sub></form>
<hom role=""n""><pos>n</pos>
<sense n=""0""><trans> small monkey. </trans>
</sense></hom>
<hom role=""a""><pos>a</pos>
<sense n=""1""><number>1</number><trans> like a monkey in appearance. </trans>
</sense>
<sense n=""2""><number>2</number><trans> <tr>mischievous</tr>. </trans>
<eg><i lang=""ceb"">Matsing kaáyu ning batáa u, lukup lag panúngug sa uban,</i><trans> This child is mischievous. He keeps on teasing the others. </trans></eg>
</sense></hom>
<hom role=""v""><pos>v</pos>
<sense n=""0""> <itype>[B145]</itype><trans> look ugly <pb n=""678""/>like a monkey. </trans>
<eg><i lang=""ceb"">Nagmatsing lang nang dagway mu,</i><trans> You have a monkey’s face.
</trans></eg>
</sense></hom></entry>");
INSERT INTO `wced_head` (entryid, head, normalized_head, type, pos) VALUES (12373, "matsing", "matsing", "s", "nav");
INSERT INTO `wced_translation` (entryid, translation) VALUES (12373, "mischievous");
INSERT INTO `wced_entry` VALUES (12374, "matsing2", "678", "<entry page=""678"" id=""12374""><form id=""matsing2"" lang=""ceb"">matsing<sub>2</sub></form>
<hom role=""n""><pos>n</pos>
<sense n=""0""><trans> matching type exam.
</trans>
</sense></hom></entry>");
INSERT INTO `wced_head` (entryid, head, normalized_head, type, pos) VALUES (12374, "matsing", "matsing", "s", "n");
INSERT INTO `wced_entry` VALUES (12375, "matsuy", "678", "<entry page=""678"" id=""12375""><form id=""matsuy"" lang=""ceb"">matsuy</form>
<hom>
<sense n=""0""><trans> humorous euphemism for <xr lang=""ceb"" target=""#matay""><sc>matay</sc></xr>, exclamation of displeasure. </trans>
<eg><i lang=""ceb"">Matsuy ning batáa, langas kaáyu,</i><trans> My! What a nuisance this child is.
</trans></eg>
</sense></hom></entry>");
INSERT INTO `wced_head` (entryid, head, normalized_head, type, pos) VALUES (12375, "matsuy", "matsuy", "m", "");
INSERT INTO `wced_entry` VALUES (12376, "matud [gen.]", "678", "<entry page=""678"" id=""12376""><form id=""maxtud_gen."" lang=""ceb"">mátud <r>[<i lang=""ceb"">gen.</i>]</r></form>
<hom>
<sense n=""0""><trans> according to what [so-and-so] says. </trans>
<eg><i lang=""ceb"">Mátud níya, maáyu kanang klási,</i><trans> According to him that is a good kind. </trans></eg>
<eg><i lang=""ceb"">‘Adtu na ta,’ mátud níya,</i><trans> He said, ‘Let’s go.’
</trans></eg>
</sense></hom></entry>");
INSERT INTO `wced_head` (entryid, head, normalized_head, type, pos) VALUES (12376, "mátud [gen.]", "matud [gen.]", "m", "");
INSERT INTO `wced_entry` VALUES (12377, "matuli", "678", "<entry page=""678"" id=""12377""><form id=""matuliq"" lang=""ceb"">matulì</form>
<hom role=""n""><pos>n</pos>
<sense n=""0""><trans> k.o. <ix>balat</ix> (sea cucumber).
</trans>
</sense></hom></entry>");
INSERT INTO `wced_head` (entryid, head, normalized_head, type, pos) VALUES (12377, "matulì", "matuli", "m", "n");
INSERT INTO `wced_entry` VALUES (12378, "matumat", "678", "<entry page=""678"" id=""12378""><form id=""matuxmat"" lang=""ceb"">matúmat</form>
<hom role=""v""><pos>v</pos>
<sense n=""0""> <itype>[C; bc3]</itype><trans> engage in a friendly, casual chat. </trans>
<eg><i lang=""ceb"">Dì ku makigmatúmat nímug dúgay kay nagdalì ku,</i><trans> I can’t chat with you for long because I’m in a hurry.
</trans></eg>
</sense></hom></entry>");
INSERT INTO `wced_head` (entryid, head, normalized_head, type, pos) VALUES (12378, "matúmat", "matumat", "m", "v");
INSERT INTO `wced_entry` VALUES (12379, "matun", "678", "<entry page=""678"" id=""12379""><form id=""matun"" lang=""ceb"">matun</form>
<hom role=""n""><pos>n</pos>
<sense n=""0""><trans> <tr>ruffian</tr>, <tr>tough guy</tr>. </trans>
<eg><i lang=""ceb"">Daghang istambay nga matun sa piyir,</i><trans> There are many ruffians hanging around at the pier. </trans></eg>
</sense></hom>
<hom role=""v""><pos>v</pos>
<sense n=""0""> <itype>[B2; b6]</itype><trans> be, become a tough guy.
</trans>
</sense></hom></entry>");
INSERT INTO `wced_head` (entryid, head, normalized_head, type, pos) VALUES (12379, "matun", "matun", "m", "nv");
INSERT INTO `wced_translation` (entryid, translation) VALUES (12379, "ruffian");
INSERT INTO `wced_translation` (entryid, translation) VALUES (12379, "tough guy");
INSERT INTO `wced_entry` VALUES (12380, "matutu", "678", "<entry page=""678"" id=""12380""><form id=""matutuq"" lang=""ceb"">matutù</form>
<hom role=""v""><pos>v</pos>
<sense n=""0""> <itype>[A; a12]</itype><trans> </trans>
</sense>
<sense n=""1""><number>1</number><trans> take care of a child. </trans>
<eg><i lang=""ceb"">Kinsay nagmatutù sa ímung anak samtang walà ka?</i><trans> Who took care of your child when you were gone? </trans></eg>
</sense>
<sense n=""2""><number>2</number><trans> <tr>rear</tr>, <tr>bring up</tr>. </trans>
<eg><i lang=""ceb"">Akuy nagmatutù kaníla hangtud sa ílang pagkaulitáwu,</i><trans> I reared the boys until they were teen-agers. </trans></eg>
</sense>
<sense n=""2a""><number>2a</number> <itype>[A; b5c]</itype><trans> inculcate with s.t. </trans>
<eg><i lang=""ceb"">Matutua (matutui) ang mga tinun-an sa nasyunalismu,</i><trans> Teach the pupils nationalism. </trans></eg>
</sense>
<sense n=""3""><number>3</number><trans> nurture a feeling. </trans>
<eg><i lang=""ceb"">May gimatutù siyang pagdumut álang kanákù,</i><trans> He is nursing a grudge against me. </trans></eg>
</sense></hom>
<hom role=""n""><pos>n</pos>
<sense n=""0""><trans> <tr>care</tr>, <tr>guidance</tr>. </trans>
<eg><i lang=""ceb"">Matutù sa inahan,</i><trans> Mother’s guidance.
</trans></eg>
</sense></hom></entry>");
INSERT INTO `wced_head` (entryid, head, normalized_head, type, pos) VALUES (12380, "matutù", "matutu", "m", "vn");
INSERT INTO `wced_translation` (entryid, translation) VALUES (12380, "rear");
INSERT INTO `wced_translation` (entryid, translation) VALUES (12380, "bring up");
INSERT INTO `wced_translation` (entryid, translation) VALUES (12380, "care");
INSERT INTO `wced_translation` (entryid, translation) VALUES (12380, "guidance");
INSERT INTO `wced_entry` VALUES (12381, "matyag", "678", "<entry page=""678"" id=""12381""><form id=""matyag"" lang=""ceb"">matyag</form>
<hom role=""v""><pos>v</pos>
<sense n=""0""> <itype>[A; a12b2]</itype><trans> <tr>observe</tr>, watch to <tr>see</tr>. </trans>
<eg><i lang=""ceb"">Siyay mumatyag sa kamaisan nga dì kan-un sa mga amù,</i><trans> He will watch the cornfield to see if the monkeys are getting at it. </trans></eg>
<eg><i lang=""ceb"">Nakamatyag ka nag táwung giupirahan?</i><trans> Have you ever watched a person being operated on? <ix>see also</ix> <xr lang=""ceb"" target=""#batyag""><sc>batyag</sc></xr>.
</trans></eg>
</sense></hom></entry>");
INSERT INTO `wced_head` (entryid, head, normalized_head, type, pos) VALUES (12381, "matyag", "matyag", "m", "v");
INSERT INTO `wced_translation` (entryid, translation) VALUES (12381, "observe");
INSERT INTO `wced_translation` (entryid, translation) VALUES (12381, "see");
INSERT INTO `wced_entry` VALUES (12382, "matyanak", "678", "<entry page=""678"" id=""12382""><form id=""matyanak"" lang=""ceb"">matyanak</form>
<hom>
<sense n=""0""><trans> = <xr lang=""ceb"" target=""#mantiyaxnak""><sc>mantiyának</sc></xr>.
</trans>
</sense></hom></entry>");
INSERT INTO `wced_head` (entryid, head, normalized_head, type, pos) VALUES (12382, "matyanak", "matyanak", "m", "");
INSERT INTO `wced_entry` VALUES (12383, "mau", "678", "<entry page=""678"" id=""12383""><form id=""mau"" lang=""ceb"">mau</form>
<hom>
<sense n=""0""><trans> <ix>short forms</ix>: <bx>mu, maw</bx> is, are, was, were. </trans>
</sense>
<sense n=""1a""><number>1a</number><trans> preceding subject in sentences with nominal predicates. </trans>
<eg><i lang=""ceb"">Kadtung íyang gisulti mau ang nakapalágut nákù,</i><trans> What he said was what angered me. </trans></eg>
<eg><i lang=""ceb"">Ang kangihit sa tambal muy nakapataas sa prisyu,</i><trans> The scarcity of medicine is what made prices high. </trans></eg>
</sense>
<sense n=""1b""><number>1b</number><trans> <ix>with no subject:</ix> it’s [predicate] which is the one. </trans>
<eg><i lang=""ceb"">Nagtúu giyud aku nga kanà mau,</i><trans> I believe that that is the one. </trans></eg>
<eg><i lang=""ceb"">Ug mau kanà, ang útang maimpas sunud búlan,</i><trans> If that is the case, the debt will be paid off next month. </trans></eg>
<eg><i lang=""ceb"">Ang ímung tubag dílì mau,</i><trans> Your answer is not right. </trans></eg>
</sense></hom>
<entry><form id=""mau_bixtaw"" lang=""ceb""><abbr expan=""mau"" type=""lemma"">—</abbr> bítaw</form>
<hom>
<sense n=""0""><trans> that is so. </trans>
<eg><i lang=""ceb"">Kadakung trabáhu nu? Mau bítaw,</i><trans> What a big job, isn’t it? It certainly is! </trans></eg>
</sense></hom></entry>
<entry><form id=""mau_kaaxyu"" lang=""ceb""><abbr expan=""mau"" type=""lemma"">—</abbr> kaáyu</form>
<hom>
<sense n=""0""><trans> the very one. </trans>
<eg><i lang=""ceb"">Mau ni? Mau kaáyu,</i><trans> Is this the one? Yes it is the very one. </trans></eg>
</sense></hom></entry>
<entry><form id=""mau_gayud"" lang=""ceb""><abbr expan=""mau"" type=""lemma"">—</abbr> gayud</form>
<hom>
<sense n=""0""><trans> that is the way it is. </trans>
<eg><i lang=""ceb"">Mau giyud nà siya ug mahubug,</i><trans> That is the way he is when drunk. </trans></eg>
</sense></hom></entry>
<entry><form id=""mau_gihaxpun"" lang=""ceb""><abbr expan=""mau"" type=""lemma"">—</abbr> gihápun</form>
<hom>
<sense n=""0""><trans> it’s (it was) as usual. </trans>
<eg><i lang=""ceb"">Ang atup sa ámung balay mau gihápun, nípà,</i><trans> The roof of our house is the usual kind—of palm thatch. </trans></eg>
</sense></hom></entry>
<entry><form id=""mau_lang"" lang=""ceb""><abbr expan=""mau"" type=""lemma"">—</abbr> lang</form>
<hom>
<sense n=""0""><trans> <ix>see</ix> <xr lang=""ceb"" target=""#laxmang""><sc>lámang</sc></xr>, <ix>2c1</ix>. </trans>
</sense></hom></entry>
<entry><form id=""mau_kini_ug_kini_mau_kanaq_ug_kanaq"" lang=""ceb""><abbr expan=""mau"" type=""lemma"">—</abbr> kini ug kini, <abbr expan=""mau"" type=""lemma"">—</abbr> kanà ug kanà</form>
<hom>
<sense n=""0""><trans> <ix>in giving excuses, reasons or alibis:</ix> it is because of this, because of that. </trans>
</sense>
<sense n=""1c""><number>1c</number><trans> <ix>in response to a question as to the identification of s.t.:</ix> yes, it is the one. </trans>
<eg><i lang=""ceb"">Mau ba ni ang imúha? Dílì mau,</i><trans> Is this yours? No, that is not the one. </trans></eg>
<eg><i lang=""ceb"">Si Pidru na ba nà? Mau na,</i><trans> Is that Peter now? It’s him all right. </trans></eg>
</sense>
<sense n=""1d""><number>1d</number><trans> yes, that is the case, said esp. in response to negative comments. </trans>
<eg><i lang=""ceb"">‘Kusug siyang manghulam mu rag kamaung muúlì.’—‘Mau,’</i><trans> ‘She likes to borrow things as if she knew enough to return them (which she doesn’t).’—‘Yes, that is so.’ </trans></eg>
</sense>
<sense n=""1e""><number>1e</number> <form id=""mau_nang_mau_na_sa_ginhaxwang_verb"" lang=""ceb""><abbr expan=""mau"" type=""lemma"">—</abbr> nang, <abbr expan=""mau"" type=""lemma"">—</abbr> na sa ginháwang <r>[<ix>verb</ix>]</r></form><trans> doing one’s best, tiring oneself out doing [verb]. </trans>
<eg><i lang=""ceb"">Mau na nga pangítà nákù, (<r>or</r> mau na sa ginháwa nákung pangítà) ug sápì apan kamu nagsígi lang ug ínum,</i><trans> I wear myself out earning money, and all you do is drink. </trans></eg>
</sense>
<sense n=""1f""><number>1f</number> <form id=""mau_ra_pud_nuxun"" lang=""ceb""><abbr expan=""mau"" type=""lemma"">—</abbr> ra pud núun</form><trans> that’s the only thing that’s wrong with it. </trans>
<eg><i lang=""ceb"">‘Dì man pasulayan sa dì pa mapalit.’—‘Mau ra pud núun,’</i><trans> ‘It’s good, but you can’t try it out before you buy it.’—‘That’s the only thing that is wrong with it.’ </trans></eg>
</sense>
<sense n=""1g""><number>1g</number> <form id=""mauy_ang_pag-verb_i-verb"" lang=""ceb""><abbr expan=""mauy"" type=""lemma"">-y</abbr> (ang) pag-<r>[<ix>verb</ix>]</r>, i-<r>[<ix>verb</ix>]</r></form><trans> is the time [so-and-so] happens. </trans>
<eg><i lang=""ceb"">Mauy ipanangpit níya manday human na,</i><trans> He calls you after he’s finished eating. </trans></eg>
<eg><i lang=""ceb"">Pag-adtu níya mau say pag-adtu nákù,</i><trans> When he went was the time I went, too. </trans></eg>
</sense>
<sense n=""1g1""><number>1g1</number> <form id=""mau_pa"" lang=""ceb""><abbr expan=""mau"" type=""lemma"">—</abbr> pa</form><trans> <ix>see</ix> <xr lang=""ceb"" target=""#pa-""><sc>pa-</sc></xr>, <i lang=""ceb"">2e, 8b.</i> </trans>
</sense>
<sense n=""1h""><number>1h</number> <form id=""mau_nga_noun"" lang=""ceb""><abbr expan=""mau"" type=""lemma"">—</abbr> nga <r>[<ix>noun</ix>]</r></form><trans> the aforementioned, said. </trans>
<eg><i lang=""ceb"">Wà ku makaila sa maung táwu,</i><trans> I don’t know that particular person. </trans></eg>
</sense>
<sense n=""1i""><number>1i</number> <form id=""mau_pay_..._mau_pay"" lang=""ceb""><abbr expan=""mau"" type=""lemma"">—</abbr> pay ... <abbr expan=""mau"" type=""lemma"">—</abbr> pay</form><trans> even though [such-and-such] is the case, [so-and-so] is true of the same person anyway. </trans>
<eg><i lang=""ceb"">Mu pay mangáyù mu pay mangísug,</i><trans> He asks a favor, and yet he has the nerve to get angry. </trans></eg>
</sense>
<sense n=""2""><number>2</number> <form id=""mau_nga_sentence"" lang=""ceb""><abbr expan=""mau"" type=""lemma"">—</abbr> nga <r>[<ix>sentence</ix>]</r></form><trans> therefore, consequently. </trans>
<eg><i lang=""ceb"">Sígi kung praktis, mau nà nga maáyu kung mubayli,</i><trans> I always practice. That’s why I dance well. </trans></eg>
<eg><i lang=""ceb"">Sa ámù kanúnay nga mangísug si Máma. Mau gánì nga dílì layhang mupaúlì si Pápa,</i><trans> Mother is always angry at home. That is why even Dad doesn’t like to go home. </trans></eg>
</sense>
<sense n=""3""><number>3</number> <form id=""mau_ra"" lang=""ceb""><abbr expan=""mau"" type=""lemma"">—</abbr> ra</form><trans> no more, that’s all. </trans>
<eg><i lang=""ceb"">‘Adúna pay láin?’—‘Mau ra,’</i><trans> ‘Is there any more?’—‘That’s all there is.’ </trans></eg>
</sense>
<sense n=""3a""><number>3a</number> <form id=""mau_ra_nga"" lang=""ceb""><abbr expan=""mau"" type=""lemma"">—</abbr> ra nga</form><trans> the same. </trans>
<eg><i lang=""ceb"">Mau rang klasíha nà. Purus tagdiyis,</i><trans> Those are of the same class. They are all ten cents apiece. </trans></eg>
</sense>
<sense n=""4""><number>4</number> <form id=""mau_ra_ug"" lang=""ceb""><abbr expan=""mau"" type=""lemma"">—</abbr> ra ug</form><trans> </trans>
</sense>
<sense n=""4a""><number>4a</number><trans> it seems. </trans>
<eg><i lang=""ceb"">Mu rag láin nà,</i><trans> It seems to be a different one. <pb n=""679""/></trans></eg>
</sense>
<sense n=""4b""><number>4b</number><trans> rather. </trans>
<eg><i lang=""ceb"">Mu rag giuhaw ku,</i><trans> I am rather thirsty. </trans></eg>
<eg><i lang=""ceb"">Ang báhù dílì mangga, mau rag nangkà hinúun,</i><trans> The smell is not that of the mango, it is rather like that of the jackfruit. </trans></eg>
<eg><i lang=""ceb"">Mau ra ug nahuwasan na ku sa ákung kakulbà,</i><trans> I feel a bit relieved from my fright. </trans></eg>
</sense>
<sense n=""4c""><number>4c</number><trans> as if [so-and-so] were the case. </trans>
<eg><i lang=""ceb"">Nagpaduludiskursu siya mu rag si kinsa,</i><trans> He took it upon himself to give a speech as though he were s.o. </trans></eg>
</sense></hom>
<hom role=""v""><pos>v</pos>
<sense n=""1""><number>1</number> <itype>[B1256]</itype><trans> turn out to be correct. </trans>
<eg><i lang=""ceb"">Gisulaysuláyan kug duut ang usa sa mga timbri, namau bayà,</i><trans> I tried pressing one of the buttons at random. It happened to be the right one. </trans></eg>
</sense>
<sense n=""2""><number>2</number> <itype>[A13]</itype><trans> be the same. </trans>
<eg><i lang=""ceb"">Bísan ug atbang ta sa pulitika magmau lang gihápun ang átung pagbinatiay,</i><trans> Though we are opponents in politics, our feelings towards each other are still the same. </trans></eg>
</sense></hom></entry>
<entry><form id=""kamau"" lang=""ceb""><abbr expan=""kamau"" type=""lemma"">ka-</abbr></form>
<hom role=""v""><pos>v</pos>
<sense n=""0""> <itype>[B1256; b8]</itype><trans> know how to do s.t. </trans>
<eg><i lang=""ceb"">Makamau kang musulat?</i><trans> Do you know how to write? </trans></eg>
<eg><i lang=""ceb"">Wà kuy nakamauhan,</i><trans> I don’t know anything. </trans></eg>
</sense></hom></entry>
<entry><form id=""dimaxu"" lang=""ceb""><abbr expan=""dimáu"" type=""lemma"">di-(←)</abbr></form>
<hom>
<sense n=""0""><trans> <ix>see</ix> <xr lang=""ceb"" target=""#dimaxu""><sc>dimáu</sc></xr>. </trans>
</sense></hom></entry>
<entry><form id=""pakamau"" lang=""ceb""><abbr expan=""pakamau"" type=""lemma"">paka-</abbr></form>
<hom role=""v""><pos>v</pos>
<sense n=""0""> <itype>[A13; a12]</itype><trans> pretend, consider s.t. as right or the one. </trans>
<eg><i lang=""ceb"">Ngánung pakamauhun man nímu nga ang ákù man ni?</i><trans> Why do you insist this is the very one, when it is mine? </trans></eg>
</sense></hom></entry>
<entry><form id=""maumaxu"" lang=""ceb"">maumáu</form>
<hom role=""v""><pos>v</pos>
<sense n=""0""> <itype>[A; a12]</itype><trans> </trans>
</sense>
<sense n=""1""><number>1</number><trans> make temporary repairs by just trying things out, make do with s.t. less than what is really needed. </trans>
<eg><i lang=""ceb"">Ug maáyu kang mumaumáu ug áyu, mudágan giyud nang mutúra,</i><trans> If you are good at fiddling around with your motorcycle, at least it will run. </trans></eg>
</sense>
<sense n=""2""><number>2</number><trans> fabricate, make s.t. not real. </trans>
<eg><i lang=""ceb"">Sa mga kumunista ang Diyus usa ka maumáu,</i><trans> To the communists, God is a figment of man’s imagination. </trans></eg>
</sense></hom></entry>
<entry><form id=""maumaxu_na_sa_ginhaxwa"" lang=""ceb"">maumáu na sa ginháwa</form>
<hom>
<sense n=""0""><trans> = <xr lang=""ceb"" target=""#mau""><sc>mau</sc></xr>, </trans>
<eg><i lang=""ceb"">1e.</i></eg>
</sense></hom></entry></entry>");
INSERT INTO `wced_head` (entryid, head, normalized_head, type, pos) VALUES (12383, "mau", "mau", "m", "");
INSERT INTO `wced_head` (entryid, head, normalized_head, type, pos) VALUES (12383, "mau bítaw", "mau bitaw", "s", "");
INSERT INTO `wced_head` (entryid, head, normalized_head, type, pos) VALUES (12383, "mau kaáyu", "mau kaayu", "s", "");
INSERT INTO `wced_head` (entryid, head, normalized_head, type, pos) VALUES (12383, "mau gayud", "mau gayud", "s", "");
INSERT INTO `wced_head` (entryid, head, normalized_head, type, pos) VALUES (12383, "mau gihápun", "mau gihapun", "s", "");
INSERT INTO `wced_head` (entryid, head, normalized_head, type, pos) VALUES (12383, "mau lang", "mau lang", "s", "");
INSERT INTO `wced_head` (entryid, head, normalized_head, type, pos) VALUES (12383, "mau kini ug kini", "mau kini ug kini", "s", "v");
INSERT INTO `wced_head` (entryid, head, normalized_head, type, pos) VALUES (12383, "mau kanà ug kanà", "mau kana ug kana", "s", "v");
INSERT INTO `wced_head` (entryid, head, normalized_head, type, pos) VALUES (12383, "mau nang", "mau nang", "s", "");
INSERT INTO `wced_head` (entryid, head, normalized_head, type, pos) VALUES (12383, "mau na sa ginháwang [verb]", "mau na sa ginhawang [verb]", "s", "");
INSERT INTO `wced_head` (entryid, head, normalized_head, type, pos) VALUES (12383, "mau ra pud núun", "mau ra pud nuun", "s", "");
INSERT INTO `wced_head` (entryid, head, normalized_head, type, pos) VALUES (12383, "mauy (ang) pag-[verb]", "mauy (ang) pag-[verb]", "s", "");
INSERT INTO `wced_head` (entryid, head, normalized_head, type, pos) VALUES (12383, "i-[verb]", "i-[verb]", "s", "");
INSERT INTO `wced_head` (entryid, head, normalized_head, type, pos) VALUES (12383, "mau pa", "mau pa", "s", "");
INSERT INTO `wced_head` (entryid, head, normalized_head, type, pos) VALUES (12383, "mau nga [noun]", "mau nga [noun]", "s", "");
INSERT INTO `wced_head` (entryid, head, normalized_head, type, pos) VALUES (12383, "mau pay ... mau pay", "mau pay ... mau pay", "s", "");
INSERT INTO `wced_head` (entryid, head, normalized_head, type, pos) VALUES (12383, "mau nga [sentence]", "mau nga [sentence]", "s", "");
INSERT INTO `wced_head` (entryid, head, normalized_head, type, pos) VALUES (12383, "mau ra", "mau ra", "s", "");
INSERT INTO `wced_head` (entryid, head, normalized_head, type, pos) VALUES (12383, "mau ra nga", "mau ra nga", "s", "");
INSERT INTO `wced_head` (entryid, head, normalized_head, type, pos) VALUES (12383, "mau ra ug", "mau ra ug", "s", "");
INSERT INTO `wced_head` (entryid, head, normalized_head, type, pos) VALUES (12383, "kamau", "kamau", "s", "v");
INSERT INTO `wced_head` (entryid, head, normalized_head, type, pos) VALUES (12383, "dimáu", "dimau", "s", "");
INSERT INTO `wced_head` (entryid, head, normalized_head, type, pos) VALUES (12383, "pakamau", "pakamau", "s", "v");
INSERT INTO `wced_head` (entryid, head, normalized_head, type, pos) VALUES (12383, "maumáu", "maumau", "s", "v");
INSERT INTO `wced_head` (entryid, head, normalized_head, type, pos) VALUES (12383, "maumáu na sa ginháwa", "maumau na sa ginhawa", "s", "");
INSERT INTO `wced_entry` VALUES (12384, "ma-un(←)", "679", "<entry page=""679"" id=""12384""><form id=""ma-unlx"" lang=""ceb"">ma-un(←)</form>
<hom>
<sense n=""0""><trans> affix added to verbs and adjectives to form adjectives which mean ‘having the characteristic of doing or becoming [so-and-so]’. </trans>
<eg><i lang=""ceb"">Malipáyun,</i><trans> <tr>Happy</tr>. </trans></eg>
<eg><i lang=""ceb"">Maluyáhung tíngug,</i><trans> In a weak voice. </trans></eg>
<eg><i lang=""ceb"">Mapangilyupúung naghangyù sa Prisidinti nga luwasun ang íyang anak,</i><trans> With pleas she implored the President to spare her son. </trans></eg>
<eg><i lang=""ceb"">Mapasalígung balità,</i><trans> Reassuring news. </trans></eg>
<eg><i lang=""ceb"">Matuhùtuhúun,</i><trans> <tr>Gullible</tr>, <tr>superstitious</tr>.
</trans></eg>
</sense></hom></entry>");
INSERT INTO `wced_head` (entryid, head, normalized_head, type, pos) VALUES (12384, "ma-un(←)", "ma-un(←)", "m", "");
INSERT INTO `wced_translation` (entryid, translation) VALUES (12384, "Happy");
INSERT INTO `wced_translation` (entryid, translation) VALUES (12384, "Gullible");
INSERT INTO `wced_translation` (entryid, translation) VALUES (12384, "superstitious");
INSERT INTO `wced_entry` VALUES (12385, "maung", "679", "<entry page=""679"" id=""12385""><form id=""maung"" lang=""ceb"">maung</form>
<hom role=""n""><pos>n</pos>
<sense n=""0""><trans> blue <tr>denim</tr>. </trans>
</sense></hom>
<hom role=""v""><pos>v</pos>
<sense n=""0""> <itype>[A12]</itype><trans> wear blue denim.
</trans>
</sense></hom></entry>");
INSERT INTO `wced_head` (entryid, head, normalized_head, type, pos) VALUES (12385, "maung", "maung", "m", "nv");
INSERT INTO `wced_translation` (entryid, translation) VALUES (12385, "denim");
INSERT INTO `wced_entry` VALUES (12386, "mauraura", "679", "<entry page=""679"" id=""12386""><form id=""maurauxra"" lang=""ceb"">mauraúra</form>
<hom>
<sense n=""0""><trans> somewhat similar. </trans>
<eg><i lang=""ceb"">Ang ibid mauraúra sa halu ug hitsúra, gáling may sílik lang sa líug,</i><trans> The agamid lizard is somewhat similar to the monitor lizard, only it has a crest on its neck.
</trans></eg>
</sense></hom></entry>");
INSERT INTO `wced_head` (entryid, head, normalized_head, type, pos) VALUES (12386, "mauraúra", "mauraura", "m", "");
INSERT INTO `wced_entry` VALUES (12387, "maut", "679", "<entry page=""679"" id=""12387""><form id=""maut"" lang=""ceb"">maut</form>
<hom role=""a""><pos>a</pos>
<sense n=""0""><trans> <tr>hypocrite</tr>, one who puts up a praiseworthy, but completely false front. </trans>
<eg><i lang=""ceb"">Pagkamaut bayhána, manugilun nga hingatag piru labihan diayng hakúga,</i><trans> What a hypocrite that woman is. She claims to be generous but actually she is a terrible tightwad. </trans></eg>
</sense></hom>
<hom role=""v""><pos>v</pos>
<sense n=""0""> <itype>[B12]</itype><trans> be, become a hypocrite. </trans>
</sense></hom>
<entry><form id=""minaut"" lang=""ceb""><abbr expan=""minaut"" type=""lemma"">-in-</abbr></form>
<hom role=""a""><pos>a</pos>
<sense n=""0""><trans> <tr>hypocritical</tr>. </trans>
</sense></hom>
<hom role=""v""><pos>v</pos>
<sense n=""0""> <itype>[A13; c1]</itype><trans> act hypocritically. </trans>
<eg><i lang=""ceb"">Ayawg minaut kay nasáyud mi sa ímung pagkatáwu,</i><trans> Don’t be hypocritical. We know what you are.
</trans></eg>
</sense></hom></entry></entry>");
INSERT INTO `wced_head` (entryid, head, normalized_head, type, pos) VALUES (12387, "maut", "maut", "m", "av");
INSERT INTO `wced_head` (entryid, head, normalized_head, type, pos) VALUES (12387, "minaut", "minaut", "s", "av");
INSERT INTO `wced_translation` (entryid, translation) VALUES (12387, "hypocrite");
INSERT INTO `wced_translation` (entryid, translation) VALUES (12387, "hypocritical");
INSERT INTO `wced_entry` VALUES (12388, "maut", "679", "<entry page=""679"" id=""12388""><form id=""maxut"" lang=""ceb"">máut</form>
<hom>
<sense n=""0""><trans> (from <ix>daut</ix>) </trans>
</sense></hom>
<hom role=""a""><pos>a</pos>
<sense n=""1""><number>1</number><trans> <tr>not good</tr>, <tr>substandard</tr> in quality. </trans>
<eg><i lang=""ceb"">Máut ning ripridyiritúra kay dì muayis,</i><trans> This refrigerator is no good because it won’t produce ice. </trans></eg>
</sense>
<sense n=""2""><number>2</number><trans> <tr>unfavorable</tr> condition or state. </trans>
<eg><i lang=""ceb"">Mubagyu tingáli kay máut man ang panahun,</i><trans> There seems to be a typhoon because the weather is bad. </trans></eg>
</sense>
<sense n=""3""><number>3</number><trans> <tr>unpleasant</tr> in ways. </trans>
<eg><i lang=""ceb"">Máut ug batásan,</i><trans> <tr>Disagreeable</tr> in his ways. </trans></eg>
<eg><i lang=""ceb"">Máut bayà nang mamalíkas,</i><trans> It’s bad to curse. </trans></eg>
</sense>
<sense n=""4""><number>4</number><trans> unpleasant in looks, smell, and the like. </trans>
<eg><i lang=""ceb"">Máut kaáyu árung bahúa uy,</i><trans> What a bad smell! </trans></eg>
</sense></hom>
<hom role=""v""><pos>v</pos>
<sense n=""0""> <itype>[B; a1]</itype><trans> be, become bad, ugly, unpleasant to the senses, etc. </trans>
</sense></hom>
<entry><form id=""kamaxut"" lang=""ceb""><abbr expan=""kamáut"" type=""lemma"">ka-</abbr></form>
<hom role=""n""><pos>n</pos>
<sense n=""0""><trans> <tr>badness</tr>, <tr>ugliness</tr>, <tr>defectiveness</tr>.
</trans>
</sense></hom></entry></entry>");
INSERT INTO `wced_head` (entryid, head, normalized_head, type, pos) VALUES (12388, "máut", "maut", "m", "av");
INSERT INTO `wced_head` (entryid, head, normalized_head, type, pos) VALUES (12388, "kamáut", "kamaut", "s", "n");
INSERT INTO `wced_translation` (entryid, translation) VALUES (12388, "not good");
INSERT INTO `wced_translation` (entryid, translation) VALUES (12388, "substandard");
INSERT INTO `wced_translation` (entryid, translation) VALUES (12388, "unfavorable");
INSERT INTO `wced_translation` (entryid, translation) VALUES (12388, "unpleasant");
INSERT INTO `wced_translation` (entryid, translation) VALUES (12388, "Disagreeable");
INSERT INTO `wced_translation` (entryid, translation) VALUES (12388, "badness");
INSERT INTO `wced_translation` (entryid, translation) VALUES (12388, "ugliness");
INSERT INTO `wced_translation` (entryid, translation) VALUES (12388, "defectiveness");
INSERT INTO `wced_entry` VALUES (12389, "mawu-", "679", "<entry page=""679"" id=""12389""><form id=""mawu-"" lang=""ceb"">mawu-</form>
<hom>
<sense n=""0""><trans> <ix>for words with</ix> <bx>mawu-</bx> <ix>see also</ix> <xr lang=""ceb"" target=""#malu-""><sc>malu-</sc></xr>.
</trans>
</sense></hom></entry>");
INSERT INTO `wced_head` (entryid, head, normalized_head, type, pos) VALUES (12389, "mawu-", "mawu-", "m", "");
INSERT INTO `wced_entry` VALUES (12390, "mawungmawung", "679", "<entry page=""679"" id=""12390""><form id=""mawungmaxwung"" lang=""ceb"">mawungmáwung</form>
<hom role=""v""><pos>v</pos>
<sense n=""0""> <itype>[A; c1]</itype><trans> cover up, hide one’s feeling. </trans>
<eg><i lang=""ceb"">Dúnay mga táwu nga makamau giyung mumawungmáwung sa ílang kaguul,</i><trans> There are people who know how to hide their grief.
</trans></eg>
</sense></hom></entry>");
INSERT INTO `wced_head` (entryid, head, normalized_head, type, pos) VALUES (12390, "mawungmáwung", "mawungmawung", "m", "v");
INSERT INTO `wced_entry` VALUES (12391, "mawutpis", "679", "<entry page=""679"" id=""12391""><form id=""mawutpis"" lang=""ceb"">mawutpis</form>
<hom role=""n""><pos>n</pos>
<sense n=""1""><number>1</number><trans> boxer’s <tr>mouthpiece</tr>. </trans>
</sense></hom>
<hom role=""v""><pos>v</pos>
<sense n=""0""> <itype>[A13]</itype><trans> wear a mouthpiece.
</trans>
</sense></hom></entry>");
INSERT INTO `wced_head` (entryid, head, normalized_head, type, pos) VALUES (12391, "mawutpis", "mawutpis", "m", "nv");
INSERT INTO `wced_translation` (entryid, translation) VALUES (12391, "mouthpiece");
INSERT INTO `wced_entry` VALUES (12392, "maw-uy", "679", "<entry page=""679"" id=""12392""><form id=""maw-uy"" lang=""ceb"">maw-uy</form>
<hom role=""a""><pos>a</pos>
<sense n=""0""><trans> <tr>arousing pity</tr>, touching. </trans>
<eg><i lang=""ceb"">Maw-uy kaáyung tan-áwun ang bátà nga makalilímus,</i><trans> The child beggar was a pitiful sight.
</trans></eg>
</sense></hom></entry>");
INSERT INTO `wced_head` (entryid, head, normalized_head, type, pos) VALUES (12392, "maw-uy", "maw-uy", "m", "a");
INSERT INTO `wced_translation` (entryid, translation) VALUES (12392, "arousing pity");
INSERT INTO `wced_entry` VALUES (12393, "may", "679", "<entry page=""679"" id=""12393""><form id=""may"" lang=""ceb"">may</form>
<hom>
<sense n=""1""><number>1</number><trans> there is, are, was<corr>,</corr> were. </trans>
<eg><i lang=""ceb"">May tulu ka táwung nangítà nímu,</i><trans> There were three persons looking for you. </trans></eg>
<eg><i lang=""ceb"">Kun may isúgù,</i><trans> At your service (lit. if there is an order to give). </trans></eg>
</sense>
<sense n=""2""><number>2</number><trans> <tr>have</tr>. </trans>
<eg><i lang=""ceb"">May sigarilyu ka dihà?</i><trans> Do you have any cigarettes on you? </trans></eg>
</sense>
<sense n=""2a""><number>2a</number> <form id=""may_pagka-"" lang=""ceb"">may pagka-</form><trans> be somewhat. </trans>
<eg><i lang=""ceb"">May pagkatabian ni si Áning,</i><trans> Aning is somewhat talkative. </trans></eg>
</sense>
<sense n=""2b""><number>2b</number> <form id=""may_idad"" lang=""ceb""><abbr expan=""may"" type=""lemma"">—</abbr> idad</form><trans> be of age. </trans>
<eg><i lang=""ceb"">May idad na siya ug makabutar na,</i><trans> He is already of age and he can vote now. </trans></eg>
</sense>
<sense n=""3""><number>3</number><trans> near a place. </trans>
<eg><i lang=""ceb"">Didtu siya magtindug sa may pultahan,</i><trans> He was standing there by the door. </trans></eg>
</sense>
<sense n=""4""><number>4</number><trans> some, [so-and-so] long ago, </trans>
<eg><i lang=""ceb"">May duha ka búwan na níyang trabáhu dinhi,</i><trans> He’s been working here for about two months now. </trans></eg>
</sense>
<sense n=""4a""><number>4a</number> <form id=""may_mga"" lang=""ceb""><abbr expan=""may"" type=""lemma"">—</abbr> mga</form><trans> at about [such-and-such] a time. </trans>
<eg><i lang=""ceb"">Didtu siya sa may mga alas kwatru,</i><trans> He was there at around four. </trans></eg>
</sense></hom>
<entry><form id=""may_laxin_pa"" lang=""ceb""><abbr expan=""may"" type=""lemma"">—</abbr> láin pa</form>
<hom>
<sense n=""0""><trans> yes, of course (is there anything or anyone else). </trans>
<eg><i lang=""ceb"">Siya giyuy nagkúhà sa libru kay siya ra may dihà. May láin pa?</i><trans> He must have taken the book because he was the only one there. Who else could have? </trans></eg>
<eg><i lang=""ceb"">Kan-un giyud ni níya. May láin pa?</i><trans> He’ll eat this, don’t worry. Would he fail to do so!
<pb n=""680""/>
</trans></eg>
</sense></hom></entry></entry>");
INSERT INTO `wced_head` (entryid, head, normalized_head, type, pos) VALUES (12393, "may", "may", "m", "");
INSERT INTO `wced_head` (entryid, head, normalized_head, type, pos) VALUES (12393, "may pagka-", "may pagka-", "s", "");
INSERT INTO `wced_head` (entryid, head, normalized_head, type, pos) VALUES (12393, "may idad", "may idad", "s", "");
INSERT INTO `wced_head` (entryid, head, normalized_head, type, pos) VALUES (12393, "may mga", "may mga", "s", "");
INSERT INTO `wced_head` (entryid, head, normalized_head, type, pos) VALUES (12393, "may láin pa", "may lain pa", "s", "");
INSERT INTO `wced_translation` (entryid, translation) VALUES (12393, "have");
INSERT INTO `wced_entry` VALUES (12394, "maya", "680", "<entry page=""680"" id=""12394""><form id=""maxya"" lang=""ceb"">máya</form>
<hom role=""n""><pos>n</pos>
<sense n=""0""><trans> k.o. small bird found in rice fields, the chestnut mannikin: <bio>Lonchura malacca</bio>. </trans>
</sense></hom>
<entry><form id=""maxya_nga_bungul"" lang=""ceb""><abbr expan=""máya"" type=""lemma"">—</abbr> nga bungul</form>
<hom role=""n""><pos>n</pos>
<sense n=""0""><trans> k.o. brown-colored <ix>maya</ix> which is believed to be deaf because it is not easily disturbed or afraid of noise.
</trans>
</sense></hom></entry></entry>");
INSERT INTO `wced_head` (entryid, head, normalized_head, type, pos) VALUES (12394, "máya", "maya", "m", "n");
INSERT INTO `wced_head` (entryid, head, normalized_head, type, pos) VALUES (12394, "máya nga bungul", "maya nga bungul", "s", "n");
INSERT INTO `wced_entry` VALUES (12395, "maya", "680", "<entry page=""680"" id=""12395""><form id=""mayaq"" lang=""ceb"">mayà</form>
<hom role=""a""><pos>a</pos>
<sense n=""0""><trans> <tr>happy</tr> and <tr>cheerful</tr> in appearance. </trans>
</sense></hom>
<hom role=""v""><pos>v</pos>
<sense n=""0""> <itype>[B4; c16]</itype><trans> be, become <tr>gay</tr>. </trans>
<eg><i lang=""ceb"">Pagmayà kay adlaw nímu run,</i><trans> Be cheerful. Today is your birthday. </trans></eg>
<eg><i lang=""ceb"">Imayà (mayaa) nang inyung panagway kay litratúhan na ta,</i><trans> Put on a cheerful expression because they are going to take our picture. </trans></eg>
</sense></hom>
<entry><form id=""kamayaq"" lang=""ceb""><abbr expan=""kamayà"" type=""lemma"">ka-</abbr></form>
<hom role=""n""><pos>n</pos>
<sense n=""0""><trans> <tr>cheerfulness</tr>.
</trans>
</sense></hom></entry></entry>");
INSERT INTO `wced_head` (entryid, head, normalized_head, type, pos) VALUES (12395, "mayà", "maya", "m", "av");
INSERT INTO `wced_head` (entryid, head, normalized_head, type, pos) VALUES (12395, "kamayà", "kamaya", "s", "n");
INSERT INTO `wced_translation` (entryid, translation) VALUES (12395, "happy");
INSERT INTO `wced_translation` (entryid, translation) VALUES (12395, "cheerful");
INSERT INTO `wced_translation` (entryid, translation) VALUES (12395, "gay");
INSERT INTO `wced_translation` (entryid, translation) VALUES (12395, "cheerfulness");
INSERT INTO `wced_entry` VALUES (12396, "mayaman", "680", "<entry page=""680"" id=""12396""><form id=""mayaxman"" lang=""ceb"">mayáman</form>
<hom role=""a""><pos>a</pos>
<sense n=""0""><trans> <tr>rich</tr>, <tr>moneyed</tr> (colloquial). </trans>
<eg><i lang=""ceb"">Mayáman kaáyu ku run kay bag-ung swildu,</i><trans> I am very rich now because I have just received my pay.
</trans></eg>
</sense></hom></entry>");
INSERT INTO `wced_head` (entryid, head, normalized_head, type, pos) VALUES (12396, "mayáman", "mayaman", "m", "a");
INSERT INTO `wced_translation` (entryid, translation) VALUES (12396, "rich");
INSERT INTO `wced_translation` (entryid, translation) VALUES (12396, "moneyed");
INSERT INTO `wced_entry` VALUES (12397, "mayamaya, mayamaya", "680", "<entry page=""680"" id=""12397""><form id=""mayamaya_mayamaxya"" lang=""ceb"">mayamaya, mayamáya</form>
<hom role=""n""><pos>n</pos>
<sense n=""0""><trans> red snapper, <bio>Lutianus spp</bio>.
</trans>
</sense></hom></entry>");
INSERT INTO `wced_head` (entryid, head, normalized_head, type, pos) VALUES (12397, "mayamaya", "mayamaya", "s", "n");
INSERT INTO `wced_head` (entryid, head, normalized_head, type, pos) VALUES (12397, "mayamáya", "mayamaya", "s", "n");
INSERT INTO `wced_entry` VALUES (12398, "mayana", "680", "<entry page=""680"" id=""12398""><form id=""mayaxnaq"" lang=""ceb"">mayánà</form>
<hom role=""n""><pos>n</pos>
<sense n=""0""><trans> k.o. ornamental herbs with variously colored green and purple leaves which have medicinal uses: <bio>Coleus blumei</bio>.
</trans>
</sense></hom></entry>");
INSERT INTO `wced_head` (entryid, head, normalized_head, type, pos) VALUES (12398, "mayánà", "mayana", "m", "n");
INSERT INTO `wced_entry` VALUES (12399, "mayaus", "680", "<entry page=""680"" id=""12399""><form id=""mayaxus"" lang=""ceb"">mayáus</form>
<hom role=""n""><pos>n</pos>
<sense n=""0""><trans> k.o. thin-bodied slipmouth (<ix>palutput</ix>).
</trans>
</sense></hom></entry>");
INSERT INTO `wced_head` (entryid, head, normalized_head, type, pos) VALUES (12399, "mayáus", "mayaus", "m", "n");
INSERT INTO `wced_entry` VALUES (12400, "maybay", "680", "<entry page=""680"" id=""12400""><form id=""maybay"" lang=""ceb"">maybay</form>
<hom role=""n""><pos>n</pos>
<sense n=""0""><trans> k.o. large, light green, cooking banana, only a little smaller than the <ix>tinduk</ix>.
</trans>
</sense></hom></entry>");
INSERT INTO `wced_head` (entryid, head, normalized_head, type, pos) VALUES (12400, "maybay", "maybay", "m", "n");
INSERT INTO `wced_entry` VALUES (12401, "mayhu, mayhum", "680", "<entry page=""680"" id=""12401""><form id=""mayhu_mayhum"" lang=""ceb"">mayhu, mayhum</form>
<hom>
<sense n=""0""><trans> (from <ix>humay</ix>) </trans>
</sense></hom>
<hom role=""n""><pos>n</pos>
<sense n=""0""><trans> rice (humorous slang). </trans>
<eg><i lang=""ceb"">Ayay! Mayhum diay karun ang átung kan-un,</i><trans> Goody. We are going to have rice today. </trans></eg>
</sense></hom>
<hom role=""v""><pos>v</pos>
<sense n=""0""> <itype>[A1]</itype><trans> eat rice as one’s staple.
</trans>
</sense></hom></entry>");
INSERT INTO `wced_head` (entryid, head, normalized_head, type, pos) VALUES (12401, "mayhu", "mayhu", "s", "nv");
INSERT INTO `wced_head` (entryid, head, normalized_head, type, pos) VALUES (12401, "mayhum", "mayhum", "s", "nv");
INSERT INTO `wced_entry` VALUES (12402, "mayik", "680", "<entry page=""680"" id=""12402""><form id=""mayik"" lang=""ceb"">mayik</form>
<hom role=""n""><pos>n</pos>
<sense n=""1""><number>1</number><trans> <tr>microphone</tr>. </trans>
</sense>
<sense n=""2""><number>2</number><trans> <tr>sound system</tr> with an amplifier. </trans>
<eg><i lang=""ceb"">Mayik ang ílang gigámit sa bayli kay mahal ang musiku,</i><trans> They used a sound system for the dance because an orchestra would be too expensive. </trans></eg>
</sense></hom>
<hom role=""v""><pos>v</pos>
<sense n=""0""> <itype>[A1]</itype><trans> use a mike or sound system.
</trans>
</sense></hom></entry>");
INSERT INTO `wced_head` (entryid, head, normalized_head, type, pos) VALUES (12402, "mayik", "mayik", "m", "nv");
INSERT INTO `wced_translation` (entryid, translation) VALUES (12402, "microphone");
INSERT INTO `wced_translation` (entryid, translation) VALUES (12402, "sound system");
INSERT INTO `wced_entry` VALUES (12403, "maylab", "680", "<entry page=""680"" id=""12403""><form id=""maylab"" lang=""ceb"">maylab</form>
<hom role=""n""><pos>n</pos>
<sense n=""0""><trans> one’s <tr>sweetheart</tr> or loved one (humorous). </trans>
<eg><i lang=""ceb"">Ímu nang maylab ang ímung kúyug?</i><trans> Was that your sweetheart that was with you?
</trans></eg>
</sense></hom></entry>");
INSERT INTO `wced_head` (entryid, head, normalized_head, type, pos) VALUES (12403, "maylab", "maylab", "m", "n");
INSERT INTO `wced_translation` (entryid, translation) VALUES (12403, "sweetheart");
INSERT INTO `wced_entry` VALUES (12404, "maymay", "680", "<entry page=""680"" id=""12404""><form id=""maymay"" lang=""ceb"">maymay</form>
<hom role=""v""><pos>v</pos>
<sense n=""0""> <itype>[A; b]</itype><trans> <tr>advise</tr>, <tr>admonish</tr> s.o. in a nice tone. </trans>
<eg><i lang=""ceb"">Maymáyi siyang dílì na maghubughúbug,</i><trans> Advise and encourage him not to get drunk any more. </trans></eg>
</sense></hom>
<hom role=""n""><pos>n</pos>
<sense n=""0""><trans> <tr>advice</tr> or <tr>admonition</tr>. </trans>
</sense></hom>
<entry><form id=""pamaymay"" lang=""ceb""><abbr expan=""pamaymay"" type=""lemma"">pa-</abbr></form>
<hom role=""v""><pos>v</pos>
<sense n=""0""> <itype>[A3]</itype><trans> listen to advice. </trans>
<eg><i lang=""ceb"">Ang táwung dì magpamaymay háyan mahitabù,</i><trans> A person who does not listen to advice is likely to get into trouble. </trans></eg>
</sense></hom></entry>
<entry><form id=""pamaymayun"" lang=""ceb""><abbr expan=""pamaymayun"" type=""lemma"">ma-un</abbr></form>
<hom role=""a""><pos>a</pos>
<sense n=""0""><trans> <tr>admonishing</tr>.
</trans>
</sense></hom></entry></entry>");
INSERT INTO `wced_head` (entryid, head, normalized_head, type, pos) VALUES (12404, "maymay", "maymay", "m", "vn");
INSERT INTO `wced_head` (entryid, head, normalized_head, type, pos) VALUES (12404, "pamaymay", "pamaymay", "s", "v");
INSERT INTO `wced_head` (entryid, head, normalized_head, type, pos) VALUES (12404, "pamaymayun", "pamaymayun", "s", "a");
INSERT INTO `wced_translation` (entryid, translation) VALUES (12404, "advise");
INSERT INTO `wced_translation` (entryid, translation) VALUES (12404, "admonish");
INSERT INTO `wced_translation` (entryid, translation) VALUES (12404, "advice");
INSERT INTO `wced_translation` (entryid, translation) VALUES (12404, "admonition");
INSERT INTO `wced_translation` (entryid, translation) VALUES (12404, "admonishing");
INSERT INTO `wced_entry` VALUES (12405, "maynur", "680", "<entry page=""680"" id=""12405""><form id=""maynur"" lang=""ceb"">maynur</form>
<hom role=""n""><pos>n</pos>
<sense n=""0""><trans> one’s minor subject. </trans>
</sense></hom>
<hom role=""v""><pos>v</pos>
<sense n=""0""> <itype>[A; a2]</itype><trans> take as one’s minor.
</trans>
</sense></hom></entry>");
INSERT INTO `wced_head` (entryid, head, normalized_head, type, pos) VALUES (12405, "maynur", "maynur", "m", "nv");
INSERT INTO `wced_entry` VALUES (12406, "maypay", "680", "<entry page=""680"" id=""12406""><form id=""maypaxy"" lang=""ceb"">maypáy</form>
<hom>
<sense n=""0""><trans> = <xr lang=""ceb"" target=""#malaypaxlay""><sc>malaypálay</sc></xr>.
</trans>
</sense></hom></entry>");
INSERT INTO `wced_head` (entryid, head, normalized_head, type, pos) VALUES (12406, "maypáy", "maypay", "m", "");
INSERT INTO `wced_entry` VALUES (12407, "mayrun", "680", "<entry page=""680"" id=""12407""><form id=""mayrun"" lang=""ceb"">mayrun</form>
<hom role=""a""><pos>a</pos>
<sense n=""0""><trans> <tr>having money</tr> (colloquial). </trans>
<eg><i lang=""ceb"">Mayrun tingáli ni dà, kay nangimbitar man,</i><trans> You’re probably in the clover today since you’re inviting us.
</trans></eg>
</sense></hom></entry>");
INSERT INTO `wced_head` (entryid, head, normalized_head, type, pos) VALUES (12407, "mayrun", "mayrun", "m", "a");
INSERT INTO `wced_translation` (entryid, translation) VALUES (12407, "having money");
INSERT INTO `wced_entry` VALUES (12408, "maytir", "680", "<entry page=""680"" id=""12408""><form id=""maytir"" lang=""ceb"">maytir</form>
<hom role=""n""><pos>n</pos>
<sense n=""0""><trans> <tr>miter joint</tr>. </trans>
</sense></hom>
<entry><form id=""maytir_baks"" lang=""ceb""><abbr expan=""maytir"" type=""lemma"">—</abbr> baks</form>
<hom>
<sense n=""0""><trans> <tr>miter box</tr>.
</trans>
</sense></hom></entry></entry>");
INSERT INTO `wced_head` (entryid, head, normalized_head, type, pos) VALUES (12408, "maytir", "maytir", "m", "n");
INSERT INTO `wced_head` (entryid, head, normalized_head, type, pos) VALUES (12408, "maytir baks", "maytir baks", "s", "");
INSERT INTO `wced_translation` (entryid, translation) VALUES (12408, "miter joint");
INSERT INTO `wced_translation` (entryid, translation) VALUES (12408, "miter box");
INSERT INTO `wced_entry` VALUES (12409, "mayu", "680", "<entry page=""680"" id=""12409""><form id=""Maxyu"" lang=""ceb"">Máyu</form>
<hom role=""n""><pos>n</pos>
<sense n=""0""><trans> <tr>May</tr>. <ix>see</ix> <xr lang=""ceb"" target=""#abril""><sc>abril</sc></xr> <ix>for verb forms:</ix> </trans>
</sense></hom>
<entry><form id=""pluxris_di_Maxyu"" lang=""ceb"">plúris di <abbr expan=""Máyu"" type=""lemma"">—</abbr></form>
<hom>
<sense n=""0""><trans> <ix>see</ix> <xr lang=""ceb"" target=""#pluxris""><sc>plúris</sc></xr>.
</trans>
</sense></hom></entry></entry>");
INSERT INTO `wced_head` (entryid, head, normalized_head, type, pos) VALUES (12409, "Máyu", "mayu", "m", "n");
INSERT INTO `wced_head` (entryid, head, normalized_head, type, pos) VALUES (12409, "plúris di Máyu", "pluris di mayu", "s", "");
INSERT INTO `wced_translation` (entryid, translation) VALUES (12409, "May");
INSERT INTO `wced_entry` VALUES (12410, "mayukmuk", "680", "<entry page=""680"" id=""12410""><form id=""mayukmuk"" lang=""ceb"">mayukmuk</form>
<hom role=""n""><pos>n</pos>
<sense n=""1""><number>1</number><trans> <tr>powdery soil</tr>. </trans>
<eg><i lang=""ceb"">Ayaw pagdúlà sa mayukmuk kay abug kaáyu,</i><trans> Don’t play with the powdery soil because it’s very dusty. </trans></eg>
</sense>
<sense n=""1a""><number>1a</number><trans> <tr>river sediment</tr>. </trans>
<eg><i lang=""ceb"">Ang mayukmuk sa subà nadala sa bahà,</i><trans> The river sediment was carried off by the flood. </trans></eg>
</sense>
<sense n=""2""><number>2</number><trans> small fry: little children, anything small or lower in class. </trans>
<eg><i lang=""ceb"">Basta mga mayukmuk lagmit way púl,</i><trans> If you are a small fry you have no influence. </trans></eg>
<eg><i lang=""ceb"">Nangatū́g na ang mga mayukmuk,</i><trans> The kids are all asleep now. </trans></eg>
</sense></hom>
<hom role=""v""><pos>v</pos>
<sense n=""0""> <itype>[b2]</itype><trans> get powdered soil on one. </trans>
</sense></hom>
<entry><form id=""kamayukmuk"" lang=""ceb""><abbr expan=""kamayukmuk"" type=""lemma"">ka-</abbr></form>
<hom role=""v""><pos>v</pos>
<sense n=""0""> <itype>[A13]</itype><trans> get powdery soil all over one.
</trans>
</sense></hom></entry></entry>");
INSERT INTO `wced_head` (entryid, head, normalized_head, type, pos) VALUES (12410, "mayukmuk", "mayukmuk", "m", "nv");
INSERT INTO `wced_head` (entryid, head, normalized_head, type, pos) VALUES (12410, "kamayukmuk", "kamayukmuk", "s", "v");
INSERT INTO `wced_translation` (entryid, translation) VALUES (12410, "powdery soil");
INSERT INTO `wced_translation` (entryid, translation) VALUES (12410, "river sediment");
INSERT INTO `wced_entry` VALUES (12411, "mayung", "680", "<entry page=""680"" id=""12411""><form id=""maxyung"" lang=""ceb"">máyung</form>
<hom role=""a""><pos>a</pos>
<sense n=""0""><trans> for the weather to be somewhat <tr>overcast</tr>, <tr>sunless</tr>. </trans>
</sense></hom>
<hom role=""v""><pos>v</pos>
<sense n=""0""> <itype>[B]</itype><trans> be, become overcast. </trans>
<eg><i lang=""ceb"">Maáyu rung ipasíyu sa bátà kay nagmáyung na,</i><trans> It’s a fine time to take the baby for a stroll. It is a little overcast.
</trans></eg>
</sense></hom></entry>");
INSERT INTO `wced_head` (entryid, head, normalized_head, type, pos) VALUES (12411, "máyung", "mayung", "m", "av");
INSERT INTO `wced_translation` (entryid, translation) VALUES (12411, "overcast");
INSERT INTO `wced_translation` (entryid, translation) VALUES (12411, "sunless");
INSERT INTO `wced_entry` VALUES (12412, "may-ung", "680", "<entry page=""680"" id=""12412""><form id=""may-ung"" lang=""ceb"">may-ung</form>
<hom role=""v""><pos>v</pos>
<sense n=""1""><number>1</number> <itype>[C3; c6]</itype><trans> have a <tr>resemblance</tr>, make things <tr>look alike</tr>. </trans>
<eg><i lang=""ceb"">Magkamay-ung ug panagway ang mag-ágaw,</i><trans> The cousins have a resemblance. </trans></eg>
<eg><i lang=""ceb"">Imay-ung ang ímung nawung sa kang Dulpi nga kataw-anan,</i><trans> Make your face like Dolphy’s funny face. </trans></eg>
</sense>
<sense n=""2""><number>2</number> <itype>[A12; b8]</itype><trans> recognize, be familiar to s.o. </trans>
<eg><i lang=""ceb"">Mu rag nakamay-ung ku sa ági niíning sulat,</i><trans> I think I recognize the handwriting in this letter. </trans></eg>
</sense>
<sense n=""3""><number>3</number> <itype>[A12; b2]</itype><trans> notice s.t. </trans>
<eg><i lang=""ceb"">Namay-ungan níya nga may táwung misulud,</i><trans> She noticed a man entering. </trans></eg>
</sense></hom>
<entry><form id=""kamay-ung"" lang=""ceb""><abbr expan=""kamay-ung"" type=""lemma"">ka-</abbr></form>
<hom role=""n""><pos>n</pos>
<sense n=""0""><trans> s.t. which resembles s.t. else. </trans>
<eg><i lang=""ceb"">Kamay-ung ang ímung panagway ánang artistáha,</i><trans> You have a resemblance to that actor.
</trans></eg>
</sense></hom></entry></entry>");
INSERT INTO `wced_head` (entryid, head, normalized_head, type, pos) VALUES (12412, "may-ung", "may-ung", "m", "v");
INSERT INTO `wced_head` (entryid, head, normalized_head, type, pos) VALUES (12412, "kamay-ung", "kamay-ung", "s", "n");
INSERT INTO `wced_translation` (entryid, translation) VALUES (12412, "resemblance");
INSERT INTO `wced_translation` (entryid, translation) VALUES (12412, "look alike");
INSERT INTO `wced_entry` VALUES (12413, "mayunis, mayunisa", "680", "<entry page=""680"" id=""12413""><form id=""mayunis_mayunixsa"" lang=""ceb"">mayunis, mayunísa</form>
<hom role=""n""><pos>n</pos>
<sense n=""0""><trans> <tr>mayonnaise</tr>. </trans>
</sense></hom>
<hom role=""v""><pos>v</pos>
<sense n=""0""> <itype>[b]</itype><trans> put, use mayonnaise.
</trans>
</sense></hom></entry>");
INSERT INTO `wced_head` (entryid, head, normalized_head, type, pos) VALUES (12413, "mayunis", "mayunis", "s", "nv");
INSERT INTO `wced_head` (entryid, head, normalized_head, type, pos) VALUES (12413, "mayunísa", "mayunisa", "s", "nv");
INSERT INTO `wced_translation` (entryid, translation) VALUES (12413, "mayonnaise");
INSERT INTO `wced_entry` VALUES (12414, "mayur", "680", "<entry page=""680"" id=""12414""><form id=""mayur"" lang=""ceb"">mayur</form>
<hom role=""n""><pos>n</pos>
<sense n=""1""><number>1</number><trans> municipal or city <tr>mayor</tr>. </trans>
</sense>
<sense n=""2""><number>2</number><trans> in a game, the one who has the first play or turn. </trans>
</sense>
<sense n=""3""><number>3</number><trans> <tr>major chord or key</tr>. </trans>
<eg><i lang=""ceb"">Du mayur,</i><trans> C major. </trans></eg>
</sense></hom>
<entry><form id=""mayur_diidad"" lang=""ceb""><abbr expan=""mayur"" type=""lemma"">—</abbr> diidad</form>
<hom role=""a""><pos>a</pos>
<sense n=""0""><trans> of legal age. </trans>
</sense></hom>
<hom role=""v""><pos>v</pos>
<sense n=""0""> <itype>[B256]</itype><trans> be of legal age. </trans>
</sense></hom></entry>
<entry><form id=""mayur_duxma"" lang=""ceb""><abbr expan=""mayur"" type=""lemma"">—</abbr> dúma</form>
<hom>
<sense n=""0""><trans> = <xr lang=""ceb"" target=""#mayur""><sc><abbr expan=""mayur"" type=""lemma"">—</abbr> dúmu</sc></xr> (female). </trans>
</sense></hom></entry>
<entry><form id=""mayur_duxmu"" lang=""ceb""><abbr expan=""mayur"" type=""lemma"">—</abbr> dúmu</form>
<hom>
<sense n=""0""><trans> <tr>majordomo</tr> of an estate, hotel, ship, or other large institutions requiring a chief steward. </trans>
</sense></hom>
<hom role=""v""><pos>v</pos>
<sense n=""0""> <itype>[B156]</itype><trans> be, become the majordomo. <ix>For other phrases with</ix> <bx>mayur</bx> <ix>as the first word, see the entry under the second word.</ix> </trans>
</sense></hom>
<hom role=""v""><pos>v</pos>
<sense n=""0""> <itype>[A3; a2]</itype><trans> be, become mayor. </trans>
<eg><i lang=""ceb"">Si Talyuks ang átung mayurun sa syudad,</i><trans> Let’s make Talyux the mayor in the city. </trans></eg>
</sense></hom></entry>
<entry><form id=""maxyur"" lang=""ceb""><abbr expan=""máyur"" type=""lemma"">(←)</abbr></form>
<hom role=""v""><pos>v</pos>
<sense n=""0""> <itype>[A2C2; ac3]</itype><trans> play off against one another to see who goes first in the game. </trans>
<eg><i lang=""ceb"">Átung mayúrun kun kinsay muúnag lábay sa búla,</i><trans> Let’s play it off to determine who will be the first to throw the ball.
</trans></eg>
</sense></hom></entry></entry>");
INSERT INTO `wced_head` (entryid, head, normalized_head, type, pos) VALUES (12414, "mayur", "mayur", "m", "n");
INSERT INTO `wced_head` (entryid, head, normalized_head, type, pos) VALUES (12414, "mayur diidad", "mayur diidad", "s", "av");
INSERT INTO `wced_head` (entryid, head, normalized_head, type, pos) VALUES (12414, "mayur dúma", "mayur duma", "s", "");
INSERT INTO `wced_head` (entryid, head, normalized_head, type, pos) VALUES (12414, "mayur dúmu", "mayur dumu", "s", "vv");
INSERT INTO `wced_head` (entryid, head, normalized_head, type, pos) VALUES (12414, "máyur", "mayur", "s", "v");
INSERT INTO `wced_translation` (entryid, translation) VALUES (12414, "mayor");
INSERT INTO `wced_translation` (entryid, translation) VALUES (12414, "major chord or key");
INSERT INTO `wced_translation` (entryid, translation) VALUES (12414, "majordomo");
INSERT INTO `wced_entry` VALUES (12415, "mayuriya", "680", "<entry page=""680"" id=""12415""><form id=""mayurixya"" lang=""ceb"">mayuríya</form>
<hom role=""n""><pos>n</pos>
<sense n=""0""><trans> <tr>majority</tr> of a body convened. </trans>
<eg><i lang=""ceb"">Mibutar ang mayuríya sa musiyun,</i><trans> The majority voted for the motion. </trans></eg>
<eg><i lang=""ceb"">Si Usminya nakakuhag singkuwinta bútus nga mayuríya,</i><trans> Osmeña got a majority of fifty votes. </trans></eg>
</sense></hom>
<hom role=""v""><pos>v</pos>
<sense n=""0""> <itype>[A]</itype><trans> <pb n=""681""/>get a majority of votes.
</trans>
</sense></hom></entry>");
INSERT INTO `wced_head` (entryid, head, normalized_head, type, pos) VALUES (12415, "mayuríya", "mayuriya", "m", "nv");
INSERT INTO `wced_translation` (entryid, translation) VALUES (12415, "majority");
INSERT INTO `wced_entry` VALUES (12416, "mayuru", "681", "<entry page=""681"" id=""12416""><form id=""mayuruq"" lang=""ceb"">mayurù</form>
<hom role=""n""><pos>n</pos>
<sense n=""0""><trans> k.o. white upland rice with long and slender grains, harvested after six months.
</trans>
</sense></hom></entry>");
INSERT INTO `wced_head` (entryid, head, normalized_head, type, pos) VALUES (12416, "mayurù", "mayuru", "m", "n");
INSERT INTO `wced_entry` VALUES (12417, "mayuskula", "681", "<entry page=""681"" id=""12417""><form id=""mayuskula"" lang=""ceb"">mayuskula</form>
<hom role=""n""><pos>n</pos>
<sense n=""0""><trans> majuscule.
</trans>
</sense></hom></entry>");
INSERT INTO `wced_head` (entryid, head, normalized_head, type, pos) VALUES (12417, "mayuskula", "mayuskula", "m", "n");
INSERT INTO `wced_entry` VALUES (12418, "mga", "681", "<entry page=""681"" id=""12418""><form id=""mga"" lang=""ceb"">mga</form>
<hom>
<sense n=""0""><trans> abbreviation for <xr lang=""ceb"" target=""#manga""><sc>manga</sc></xr>.
</trans>
</sense></hom></entry>");
INSERT INTO `wced_head` (entryid, head, normalized_head, type, pos) VALUES (12418, "mga", "mga", "m", "");
INSERT INTO `wced_entry` VALUES (12419, "mi1", "681", "<entry page=""681"" id=""12419""><form id=""mi"" lang=""ceb"">mi<sub>1</sub></form>
<hom>
<sense n=""0""><trans> <ix>see</ix> <xr lang=""ceb"" target=""#kami""><sc>kami</sc></xr>.
</trans>
</sense></hom></entry>");
INSERT INTO `wced_head` (entryid, head, normalized_head, type, pos) VALUES (12419, "mi", "mi", "s", "");
INSERT INTO `wced_entry` VALUES (12420, "mi2", "681", "<entry page=""681"" id=""12420""><form id=""mi2"" lang=""ceb"">mi<sub>2</sub></form>
<hom role=""n""><pos>n</pos>
<sense n=""0""><trans> the note <tr>mi</tr>. </trans>
</sense></hom>
<entry><form id=""mi_mayur"" lang=""ceb""><abbr expan=""mi"" type=""lemma"">—</abbr> mayur</form>
<hom>
<sense n=""0""><trans> E major. </trans>
</sense></hom></entry>
<entry><form id=""mi_minur"" lang=""ceb""><abbr expan=""mi"" type=""lemma"">—</abbr> minur</form>
<hom>
<sense n=""0""><trans> E minor.
</trans>
</sense></hom></entry></entry>");
INSERT INTO `wced_head` (entryid, head, normalized_head, type, pos) VALUES (12420, "mi", "mi", "s", "n");
INSERT INTO `wced_head` (entryid, head, normalized_head, type, pos) VALUES (12420, "mi mayur", "mi mayur", "s", "");
INSERT INTO `wced_head` (entryid, head, normalized_head, type, pos) VALUES (12420, "mi minur", "mi minur", "s", "");
INSERT INTO `wced_translation` (entryid, translation) VALUES (12420, "mi");
INSERT INTO `wced_entry` VALUES (12421, "mi", "681", "<entry page=""681"" id=""12421""><form id=""mi6"" lang=""ceb"">mī̀</form>
<hom role=""n""><pos>n</pos>
<sense n=""1""><number>1</number><trans> representation for the sound made by a goat. </trans>
</sense>
<sense n=""2""><number>2</number><trans> <tr>goat</tr> (slang). </trans>
<eg><i lang=""ceb"">Mukáun kug mī̀ piru dì kug aw-aw,</i><trans> I eat goat meat but not dog.
</trans></eg>
</sense></hom></entry>");
INSERT INTO `wced_head` (entryid, head, normalized_head, type, pos) VALUES (12421, "mī̀", "mi", "m", "n");
INSERT INTO `wced_translation` (entryid, translation) VALUES (12421, "goat");
INSERT INTO `wced_entry` VALUES (12422, "mi-", "681", "<entry page=""681"" id=""12422""><form id=""mi-"" lang=""ceb"">mi-</form>
<hom>
<sense n=""0""><trans> past punctual active verbal prefix. <ix>see</ix> <xr lang=""ceb"" target=""#mu-""><sc>mu-</sc></xr>.
</trans>
</sense></hom></entry>");
INSERT INTO `wced_head` (entryid, head, normalized_head, type, pos) VALUES (12422, "mi-", "mi-", "m", "");
INSERT INTO `wced_entry` VALUES (12423, "mid", "681", "<entry page=""681"" id=""12423""><form id=""mixd"" lang=""ceb"">míd</form>
<hom role=""n""><pos>n</pos>
<sense n=""0""><trans> a female household help. </trans>
</sense></hom>
<hom role=""v""><pos>v</pos>
<sense n=""0""> <itype>[B156; a12]</itype><trans> be, become a <tr>maid</tr>. </trans>
</sense></hom>
<entry><form id=""pamixd"" lang=""ceb""><abbr expan=""pamíd"" type=""lemma"">pa-</abbr></form>
<hom role=""v""><pos>v</pos>
<sense n=""0""> <itype>[A]</itype><trans> hire oneself out as a maid.
</trans>
</sense></hom></entry></entry>");
INSERT INTO `wced_head` (entryid, head, normalized_head, type, pos) VALUES (12423, "míd", "mid", "m", "nv");
INSERT INTO `wced_head` (entryid, head, normalized_head, type, pos) VALUES (12423, "pamíd", "pamid", "s", "v");
INSERT INTO `wced_translation` (entryid, translation) VALUES (12423, "maid");
INSERT INTO `wced_entry` VALUES (12424, "midal", "681", "<entry page=""681"" id=""12424""><form id=""mixdal"" lang=""ceb"">mídal</form>
<hom role=""n""><pos>n</pos>
<sense n=""0""><trans> <tr>medal</tr>. </trans>
<eg><i lang=""ceb"">Nakadawat ug mídal ang balidikturyan,</i><trans> The valedictorian was awarded a medal. </trans></eg>
</sense></hom>
<hom role=""v""><pos>v</pos>
<sense n=""0""> <itype>[A12; b(1)]</itype><trans> receive a medal. </trans>
</sense></hom>
<entry><form id=""bruns_guld_silbir_mixdal"" lang=""ceb"">bruns, guld, silbir <abbr expan=""mídal"" type=""lemma"">—</abbr></form>
<hom role=""n""><pos>n</pos>
<sense n=""0""><trans> bronze, gold, silver medal. </trans>
</sense></hom></entry>
<entry><form id=""midalixst"" lang=""ceb""><abbr expan=""midalíst"" type=""lemma"">-ist(→)</abbr></form>
<hom role=""n""><pos>n</pos>
<sense n=""0""><trans> gold, bronze, silver <tr>medalist</tr>. </trans>
</sense></hom>
<hom role=""v""><pos>v</pos>
<sense n=""0""> <itype>[B1256]</itype><trans> become a medal awardee.
</trans>
</sense></hom></entry></entry>");
INSERT INTO `wced_head` (entryid, head, normalized_head, type, pos) VALUES (12424, "mídal", "midal", "m", "nv");
INSERT INTO `wced_head` (entryid, head, normalized_head, type, pos) VALUES (12424, "bruns", "bruns", "s", "n");
INSERT INTO `wced_head` (entryid, head, normalized_head, type, pos) VALUES (12424, "guld", "guld", "s", "n");
INSERT INTO `wced_head` (entryid, head, normalized_head, type, pos) VALUES (12424, "silbir mídal", "silbir midal", "s", "n");
INSERT INTO `wced_head` (entryid, head, normalized_head, type, pos) VALUES (12424, "midalíst", "midalist", "s", "nv");
INSERT INTO `wced_translation` (entryid, translation) VALUES (12424, "medal");
INSERT INTO `wced_translation` (entryid, translation) VALUES (12424, "medalist");
INSERT INTO `wced_entry` VALUES (12425, "midalya", "681", "<entry page=""681"" id=""12425""><form id=""midalya"" lang=""ceb"">midalya</form>
<hom role=""n""><pos>n</pos>
<sense n=""1""><number>1</number><trans> medal. </trans>
</sense>
<sense n=""2""><number>2</number><trans> religious medal worn by devotees. </trans>
</sense>
<sense n=""2a""><number>2a</number><trans> dried <ix>palutput</ix>, so called because of its resemblance to a medal (humorous). </trans>
</sense></hom>
<hom role=""v""><pos>v</pos>
<sense n=""0""> <itype>[A1; c]</itype><trans> wear, win, award s.o. a medal.
</trans>
</sense></hom></entry>");
INSERT INTO `wced_head` (entryid, head, normalized_head, type, pos) VALUES (12425, "midalya", "midalya", "m", "nv");
INSERT INTO `wced_entry` VALUES (12426, "midalyun", "681", "<entry page=""681"" id=""12426""><form id=""midalyun"" lang=""ceb"">midalyun</form>
<hom role=""n""><pos>n</pos>
<sense n=""0""><trans> <tr>medallion</tr>. </trans>
</sense></hom>
<hom role=""v""><pos>v</pos>
<sense n=""0""> <itype>[A1; c]</itype><trans> wear, put a medallion on s.o.
</trans>
</sense></hom></entry>");
INSERT INTO `wced_head` (entryid, head, normalized_head, type, pos) VALUES (12426, "midalyun", "midalyun", "m", "nv");
INSERT INTO `wced_translation` (entryid, translation) VALUES (12426, "medallion");
INSERT INTO `wced_entry` VALUES (12427, "midi", "681", "<entry page=""681"" id=""12427""><form id=""mixdi"" lang=""ceb"">mídi</form>
<hom role=""n""><pos>n</pos>
<sense n=""0""><trans> <tr>midi skirt</tr>. </trans>
</sense></hom>
<hom role=""v""><pos>v</pos>
<sense n=""1""><number>1</number> <itype>[A13]</itype><trans> wear a midi dress. </trans>
</sense>
<sense n=""2""><number>2</number> <itype>[c1]</itype><trans> make a midi dress.
</trans>
</sense></hom></entry>");
INSERT INTO `wced_head` (entryid, head, normalized_head, type, pos) VALUES (12427, "mídi", "midi", "m", "nv");
INSERT INTO `wced_translation` (entryid, translation) VALUES (12427, "midi skirt");
INSERT INTO `wced_entry` VALUES (12428, "midida", "681", "<entry page=""681"" id=""12428""><form id=""midixda"" lang=""ceb"">midída</form>
<hom role=""n""><pos>n</pos>
<sense n=""0""><trans> cloth tape measure used in dressmaking.
</trans>
</sense></hom></entry>");
INSERT INTO `wced_head` (entryid, head, normalized_head, type, pos) VALUES (12428, "midída", "midida", "m", "n");
INSERT INTO `wced_entry` VALUES (12429, "midikal", "681", "<entry page=""681"" id=""12429""><form id=""midikal"" lang=""ceb"">midikal</form>
<hom role=""a""><pos>a</pos>
<sense n=""0""><trans> connected with the practice or study of medicine.
</trans>
</sense></hom></entry>");
INSERT INTO `wced_head` (entryid, head, normalized_head, type, pos) VALUES (12429, "midikal", "midikal", "m", "a");
INSERT INTO `wced_entry` VALUES (12430, "midikilyu", "681", "<entry page=""681"" id=""12430""><form id=""midikilyu"" lang=""ceb"">midikilyu</form>
<hom>
<sense n=""0""><trans> = <xr lang=""ceb"" target=""#miriku""><sc>miriku</sc></xr>.
</trans>
</sense></hom></entry>");
INSERT INTO `wced_head` (entryid, head, normalized_head, type, pos) VALUES (12430, "midikilyu", "midikilyu", "m", "");
INSERT INTO `wced_entry` VALUES (12431, "midiku", "681", "<entry page=""681"" id=""12431""><form id=""midiku"" lang=""ceb"">midiku</form>
<hom role=""n""><pos>n</pos>
<sense n=""0""><trans> <tr>physician</tr>, <tr>doctor</tr>. </trans>
</sense></hom>
<entry><form id=""midiku_ligal"" lang=""ceb""><abbr expan=""midiku"" type=""lemma"">—</abbr> ligal</form>
<hom role=""n""><pos>n</pos>
<sense n=""0""><trans> legal physician who certifies the medical facts surrounding a death.
</trans>
</sense></hom></entry></entry>");
INSERT INTO `wced_head` (entryid, head, normalized_head, type, pos) VALUES (12431, "midiku", "midiku", "m", "n");
INSERT INTO `wced_head` (entryid, head, normalized_head, type, pos) VALUES (12431, "midiku ligal", "midiku ligal", "s", "n");
INSERT INTO `wced_translation` (entryid, translation) VALUES (12431, "physician");
INSERT INTO `wced_translation` (entryid, translation) VALUES (12431, "doctor");
INSERT INTO `wced_entry` VALUES (12432, "mid-in dyapan", "681", "<entry page=""681"" id=""12432""><form id=""mid-in_dyapan"" lang=""ceb"">mid-in dyapan</form>
<hom role=""n""><pos>n</pos>
<sense n=""1""><number>1</number><trans> <tr>shoddy</tr> in workmanship or quality. </trans>
</sense>
<sense n=""2""><number>2</number><trans> <tr>weakling</tr>, <tr>sickly</tr>. </trans>
<eg><i lang=""ceb"">Tambuk tan-áwun apan mid-in dyapan. Dalì rang mayasmì,</i><trans> She looks fat, but she is weak. She easily gets sick.
</trans></eg>
</sense></hom></entry>");
INSERT INTO `wced_head` (entryid, head, normalized_head, type, pos) VALUES (12432, "mid-in dyapan", "mid-in dyapan", "m", "n");
INSERT INTO `wced_translation` (entryid, translation) VALUES (12432, "shoddy");
INSERT INTO `wced_translation` (entryid, translation) VALUES (12432, "weakling");
INSERT INTO `wced_translation` (entryid, translation) VALUES (12432, "sickly");
INSERT INTO `wced_entry` VALUES (12433, "midisin", "681", "<entry page=""681"" id=""12433""><form id=""midisin"" lang=""ceb"">midisin</form>
<hom role=""n""><pos>n</pos>
<sense n=""0""><trans> course of medicine. </trans>
</sense></hom>
<entry><form id=""midisin_kabinit"" lang=""ceb""><abbr expan=""midisin"" type=""lemma"">—</abbr> kabinit</form>
<hom role=""n""><pos>n</pos>
<sense n=""0""><trans> <tr>medicine cabinet</tr>. </trans>
</sense></hom></entry>
<entry><form id=""midisin_bag"" lang=""ceb""><abbr expan=""midisin"" type=""lemma"">—</abbr> bag</form>
<hom role=""n""><pos>n</pos>
<sense n=""0""><trans> <tr>medicine bag</tr>.
</trans>
</sense></hom></entry></entry>");
INSERT INTO `wced_head` (entryid, head, normalized_head, type, pos) VALUES (12433, "midisin", "midisin", "m", "n");
INSERT INTO `wced_head` (entryid, head, normalized_head, type, pos) VALUES (12433, "midisin kabinit", "midisin kabinit", "s", "n");
INSERT INTO `wced_head` (entryid, head, normalized_head, type, pos) VALUES (12433, "midisin bag", "midisin bag", "s", "n");
INSERT INTO `wced_translation` (entryid, translation) VALUES (12433, "medicine cabinet");
INSERT INTO `wced_translation` (entryid, translation) VALUES (12433, "medicine bag");
INSERT INTO `wced_entry` VALUES (12434, "midisina", "681", "<entry page=""681"" id=""12434""><form id=""midisixna"" lang=""ceb"">midisína</form>
<hom role=""n""><pos>n</pos>
<sense n=""1""><number>1</number><trans> <tr>medicine</tr>. </trans>
<eg><i lang=""ceb"">Pagpalit ug midisína sa butíka,</i><trans> Buy medicine at the drugstore. </trans></eg>
</sense>
<sense n=""2""><number>2</number><trans> chemical for the processing of s.t. </trans>
<eg><i lang=""ceb"">Midisína sa kulung,</i><trans> Chemicals for a permanent wave. </trans></eg>
</sense>
<sense n=""3""><number>3</number><trans> course in medical school.
</trans>
</sense></hom></entry>");
INSERT INTO `wced_head` (entryid, head, normalized_head, type, pos) VALUES (12434, "midisína", "midisina", "m", "n");
INSERT INTO `wced_translation` (entryid, translation) VALUES (12434, "medicine");
INSERT INTO `wced_entry` VALUES (12435, "midiya", "681", "<entry page=""681"" id=""12435""><form id=""midiya"" lang=""ceb"">midiya</form>
<hom>
<sense n=""0""><trans> <tr>half</tr>. </trans>
<eg><i lang=""ceb"">Midiya pulgáda ang gibag-un,</i><trans> Half an inch thick. </trans></eg>
<eg><i lang=""ceb"">Midiya ang bátà sa sinihan,</i><trans> A child pays half fare in the movies. </trans></eg>
<eg><i lang=""ceb"">Midiya kílu nga karni,</i><trans> Half a kilo of meat. i- thirty minutes after the hour. </trans></eg>
<eg><i lang=""ceb"">Alas dus imidiya,</i><trans> Two thirty. </trans></eg>
</sense></hom>
<hom role=""v""><pos>v</pos>
<sense n=""0""> <itype>[B56]</itype><trans> get to be to the half hour. </trans>
<eg><i lang=""ceb"">‘Alas singku na ba?’—‘Mumidiya na hinúun,’</i><trans> ‘Is it already five o’clock?’—‘It is nearly five thirty.’ </trans></eg>
</sense></hom>
<entry><form id=""midiya_agwa"" lang=""ceb""><abbr expan=""midiya"" type=""lemma"">—</abbr> agwa</form>
<hom role=""n""><pos>n</pos>
<sense n=""0""><trans> a roof projecting beyond the wall at a downward angle over the whole length or width of a house, or just over a window or door. </trans>
</sense></hom>
<hom role=""v""><pos>v</pos>
<sense n=""0""> <itype>[A; b]</itype><trans> add an overhang. </trans>
</sense></hom></entry>
<entry><form id=""midiya_bangku"" lang=""ceb""><abbr expan=""midiya"" type=""lemma"">—</abbr> bangku</form>
<hom role=""n""><pos>n</pos>
<sense n=""0""><trans> wind coming at a forty-five degree angle from directly in back of a boat. </trans>
<eg><i lang=""ceb"">Pabur gihápun sa sakayan ang hángin nga midiya bangku,</i><trans> A wind which comes from the back but at an angle is still favorable to sailboats. </trans></eg>
</sense></hom></entry>
<entry><form id=""midiya_dixya"" lang=""ceb""><abbr expan=""midiya"" type=""lemma"">—</abbr> díya</form>
<hom role=""n""><pos>n</pos>
<sense n=""0""><trans> half day. </trans>
<eg><i lang=""ceb"">Midiya díya ra ang trabáhu basta Sabadu,</i><trans> We work half-day on Saturdays. </trans></eg>
</sense></hom>
<hom role=""v""><pos>v</pos>
<sense n=""0""> <itype>[A; c16]</itype><trans> do s.t. half-day. </trans>
</sense></hom></entry>
<entry><form id=""midiya_nutsi"" lang=""ceb""><abbr expan=""midiya"" type=""lemma"">—</abbr> nutsi</form>
<hom role=""n""><pos>n</pos>
<sense n=""0""><trans> the dinner served at midnight on Christmas. </trans>
</sense></hom></entry>
<entry><form id=""midiya_paxga"" lang=""ceb""><abbr expan=""midiya"" type=""lemma"">—</abbr> pága</form>
<hom role=""n""><pos>n</pos>
<sense n=""0""><trans> <tr>half fare</tr>. </trans>
</sense></hom></entry>
<entry><form id=""midiya_taxwu"" lang=""ceb""><abbr expan=""midiya"" type=""lemma"">—</abbr> táwu</form>
<hom role=""n""><pos>n</pos>
<sense n=""0""><trans> s.o. who is extraordinarily short. </trans>
</sense></hom></entry>
<entry><form id=""midiyamidiya"" lang=""ceb"">midiyamidiya</form>
<hom role=""v""><pos>v</pos>
<sense n=""0""> <itype>[b(1)]</itype><trans> do s.t. in a moderate way. </trans>
<eg><i lang=""ceb"">Midiyamidiyáhi lang pagpadágan arun dílì ta madisgrasya,</i><trans> Drive at a moderate rate so we don’t meet an accident. </trans></eg>
<eg><i lang=""ceb"">Midiyamidiyáhi ug hugut ang twirka arun dílì maharùs,</i><trans> Tighten the screw moderately so it won’t get stripped. </trans></eg>
</sense></hom></entry>
<entry><form id=""midiyahan"" lang=""ceb"">midiyahan</form>
<hom role=""n""><pos>n</pos>
<sense n=""1""><number>1</number><trans> a fifth, so called because it contains half the volume of a bottle which formerly was in wide use. </trans>
</sense>
<sense n=""2""><number>2</number><trans> small train station between two main stations where a train can stop to take on or discharge passengers or freight but cannot issue tickets. †
</trans>
</sense></hom></entry></entry>");
INSERT INTO `wced_head` (entryid, head, normalized_head, type, pos) VALUES (12435, "midiya", "midiya", "m", "v");
INSERT INTO `wced_head` (entryid, head, normalized_head, type, pos) VALUES (12435, "midiya agwa", "midiya agwa", "s", "nv");
INSERT INTO `wced_head` (entryid, head, normalized_head, type, pos) VALUES (12435, "midiya bangku", "midiya bangku", "s", "n");
INSERT INTO `wced_head` (entryid, head, normalized_head, type, pos) VALUES (12435, "midiya díya", "midiya diya", "s", "nv");
INSERT INTO `wced_head` (entryid, head, normalized_head, type, pos) VALUES (12435, "midiya nutsi", "midiya nutsi", "s", "n");
INSERT INTO `wced_head` (entryid, head, normalized_head, type, pos) VALUES (12435, "midiya pága", "midiya paga", "s", "n");
INSERT INTO `wced_head` (entryid, head, normalized_head, type, pos) VALUES (12435, "midiya táwu", "midiya tawu", "s", "n");
INSERT INTO `wced_head` (entryid, head, normalized_head, type, pos) VALUES (12435, "midiyamidiya", "midiyamidiya", "s", "v");
INSERT INTO `wced_head` (entryid, head, normalized_head, type, pos) VALUES (12435, "midiyahan", "midiyahan", "s", "n");
INSERT INTO `wced_translation` (entryid, translation) VALUES (12435, "half");
INSERT INTO `wced_translation` (entryid, translation) VALUES (12435, "half fare");
INSERT INTO `wced_entry` VALUES (12436, "midiyas", "681", "<entry page=""681"" id=""12436""><form id=""midiyas"" lang=""ceb"">midiyas</form>
<hom role=""n""><pos>n</pos>
<sense n=""1""><number>1</number><trans> <tr>socks</tr>, <tr>stockings</tr>. </trans>
</sense>
<sense n=""2""><number>2</number><trans> <tr>condom</tr> (humorous euphemism). </trans>
</sense></hom>
<hom role=""v""><pos>v</pos>
<sense n=""1""><number>1</number> <itype>[A; b]</itype><trans> put on, wear socks, stockings. </trans>
</sense>
<sense n=""2""><number>2</number> <itype>[A; c]</itype><trans> use a condom. </trans>
</sense></hom>
<entry><form id=""midiyaxsan"" lang=""ceb""><abbr expan=""midiyásan"" type=""lemma"">-an(←)</abbr></form>
<hom role=""n""><pos>n</pos>
<sense n=""0""><trans> for an animal to have a different color on its legs so that it looks as if it is wearing stockings.
</trans>
</sense></hom></entry></entry>");
INSERT INTO `wced_head` (entryid, head, normalized_head, type, pos) VALUES (12436, "midiyas", "midiyas", "m", "nv");
INSERT INTO `wced_head` (entryid, head, normalized_head, type, pos) VALUES (12436, "midiyásan", "midiyasan", "s", "n");
INSERT INTO `wced_translation` (entryid, translation) VALUES (12436, "socks");
INSERT INTO `wced_translation` (entryid, translation) VALUES (12436, "stockings");
INSERT INTO `wced_translation` (entryid, translation) VALUES (12436, "condom");
INSERT INTO `wced_entry` VALUES (12437, "midiyu", "681", "<entry page=""681"" id=""12437""><form id=""midiyu"" lang=""ceb"">midiyu</form>
<entry><form id=""midiyu_adj."" lang=""ceb""><abbr expan=""midiyu"" type=""lemma"">—</abbr> <r>[adj.]</r></form>
<hom>
<sense n=""0""><trans> <tr>somewhat</tr>, <tr>a little bit</tr>. </trans>
<eg><i lang=""ceb"">Midiyu hubug ka dà,</i><trans> You’re a little bit drunk. </trans></eg>
<eg><i lang=""ceb"">Midiyu língin ang purma,</i><trans> It is somewhat roundish in shape.
</trans></eg>
</sense></hom></entry></entry>");
INSERT INTO `wced_head` (entryid, head, normalized_head, type, pos) VALUES (12437, "midiyu", "midiyu", "m", "");
INSERT INTO `wced_head` (entryid, head, normalized_head, type, pos) VALUES (12437, "midiyu [adj.]", "midiyu [adj.]", "s", "");
INSERT INTO `wced_translation` (entryid, translation) VALUES (12437, "somewhat");
INSERT INTO `wced_translation` (entryid, translation) VALUES (12437, "a little bit");
INSERT INTO `wced_entry` VALUES (12438, "midiyus", "681", "<entry page=""681"" id=""12438""><form id=""midiyus"" lang=""ceb"">midiyus</form>
<hom role=""n""><pos>n</pos>
<sense n=""1""><number>1</number><trans> <tr>makeshift</tr> or <tr>temporary</tr> means to accomplish s.t. </trans>
<eg><i lang=""ceb"">Pangitáan ta nig midiyus arun muandǎr ang makina,</i><trans> Let’s look for some temporary way we can get this engine to run. </trans></eg>
</sense>
<sense n=""2""><number>2</number><trans> means of resolving a problem. </trans>
<eg><i lang=""ceb"">Kadtung íyang labad sa úlu midiyus lang tu sa paglikay sa trabáhu,</i><trans> His headache was just an excuse to get out of doing work. </trans></eg>
<eg><i lang=""ceb"">Wà kuy láing midiyus gawas sa pagpangútang,</i><trans> I have no other way of resolving the problem except borrowing money. </trans></eg>
<eg><i lang=""ceb"">Ang labing maáyung midiyus sa ímung ubu,</i><trans> The best remedy for your cough.
</trans></eg>
</sense></hom></entry>");
INSERT INTO `wced_head` (entryid, head, normalized_head, type, pos) VALUES (12438, "midiyus", "midiyus", "m", "n");
INSERT INTO `wced_translation` (entryid, translation) VALUES (12438, "makeshift");
INSERT INTO `wced_translation` (entryid, translation) VALUES (12438, "temporary");
INSERT INTO `wced_entry` VALUES (12439, "midtik", "681", "<entry page=""681"" id=""12439""><form id=""midtik"" lang=""ceb"">midtik</form>
<hom role=""n""><pos>n</pos>
<sense n=""1""><number>1</number><trans> Medical Technology course. </trans>
<eg><i lang=""ceb"">Ang íyang gikúhà midtik,</i><trans> He is taking up Med. Tech. </trans></eg>
</sense>
<sense n=""2""><number>2</number><trans> <tr>housemaid</tr> (humorous and depreciatory word play on míd). </trans>
<eg><i lang=""ceb"">Naíbug ka ánang midtik man nà?</i><trans> Did you fall for that girl <pb n=""682""/>when she’s just a maid?
</trans></eg>
</sense></hom></entry>");
INSERT INTO `wced_head` (entryid, head, normalized_head, type, pos) VALUES (12439, "midtik", "midtik", "m", "n");
INSERT INTO `wced_translation` (entryid, translation) VALUES (12439, "housemaid");
INSERT INTO `wced_entry` VALUES (12440, "midtirm", "682", "<entry page=""682"" id=""12440""><form id=""midtirm"" lang=""ceb"">midtirm</form>
<hom role=""n""><pos>n</pos>
<sense n=""0""><trans> <tr>mid-term exams</tr>. </trans>
</sense></hom>
<hom role=""v""><pos>v</pos>
<sense n=""0""> <itype>[A1]</itype><trans> have the mid-term exams.
</trans>
</sense></hom></entry>");
INSERT INTO `wced_head` (entryid, head, normalized_head, type, pos) VALUES (12440, "midtirm", "midtirm", "m", "nv");
INSERT INTO `wced_translation` (entryid, translation) VALUES (12440, "mid-term exams");
INSERT INTO `wced_entry` VALUES (12441, "mid-ub-anur", "682", "<entry page=""682"" id=""12441""><form id=""mid-ub-axnur"" lang=""ceb"">mid-ub-ánur</form>
<hom role=""n""><pos>n</pos>
<sense n=""0""><trans> <tr>maid of honor</tr> at a wedding. </trans>
</sense></hom>
<hom role=""v""><pos>v</pos>
<sense n=""0""> <itype>[A12; c6]</itype><trans> be, become the maid of honor.
</trans>
</sense></hom></entry>");
INSERT INTO `wced_head` (entryid, head, normalized_head, type, pos) VALUES (12441, "mid-ub-ánur", "mid-ub-anur", "m", "nv");
INSERT INTO `wced_translation` (entryid, translation) VALUES (12441, "maid of honor");
INSERT INTO `wced_entry` VALUES (12442, "midul kard", "682", "<entry page=""682"" id=""12442""><form id=""mixdul_kard"" lang=""ceb"">mídul kard</form>
<hom role=""n""><pos>n</pos>
<sense n=""0""><trans> name given to the pieces in mahjong from </trans>
</sense>
<sense n=""2""><number>2</number><trans> through </trans>
</sense>
<sense n=""8""><number>8</number><trans> as compared to the <ix>tirminális</ix> (1 and 9).
</trans>
</sense></hom></entry>");
INSERT INTO `wced_head` (entryid, head, normalized_head, type, pos) VALUES (12442, "mídul kard", "midul kard", "m", "n");
INSERT INTO `wced_entry` VALUES (12443, "midwayip", "682", "<entry page=""682"" id=""12443""><form id=""midwayip"" lang=""ceb"">midwayip</form>
<hom role=""n""><pos>n</pos>
<sense n=""1""><number>1</number><trans> trained <tr>midwife</tr>. </trans>
</sense>
<sense n=""2""><number>2</number><trans> course of midwifery. </trans>
</sense>
<sense n=""3""><number>3</number><trans> maid (humorous, deprecatory word play on <ix>míd</ix>). </trans>
</sense></hom>
<hom role=""v""><pos>v</pos>
<sense n=""0""> <itype>[B156; a12]</itype><trans> be, become a midwife. </trans>
</sense></hom>
<entry><form id=""midwayipiri"" lang=""ceb""><abbr expan=""midwayipiri"" type=""lemma"">-iri</abbr></form>
<hom role=""n""><pos>n</pos>
<sense n=""0""><trans> <tr>midwifery</tr>.
</trans>
</sense></hom></entry></entry>");
INSERT INTO `wced_head` (entryid, head, normalized_head, type, pos) VALUES (12443, "midwayip", "midwayip", "m", "nv");
INSERT INTO `wced_head` (entryid, head, normalized_head, type, pos) VALUES (12443, "midwayipiri", "midwayipiri", "s", "n");
INSERT INTO `wced_translation` (entryid, translation) VALUES (12443, "midwife");
INSERT INTO `wced_translation` (entryid, translation) VALUES (12443, "midwifery");
INSERT INTO `wced_entry` VALUES (12444, "midyur", "682", "<entry page=""682"" id=""12444""><form id=""midyur"" lang=""ceb"">midyur</form>
<hom role=""n""><pos>n</pos>
<sense n=""1""><number>1</number><trans> major in the military or police force. </trans>
</sense>
<sense n=""2""><number>2</number><trans> major field of study in an academic course. </trans>
<eg><i lang=""ceb"">Sáyans ang íyang midyur,</i><trans> She is a science major. </trans></eg>
</sense></hom>
<hom role=""v""><pos>v</pos>
<sense n=""1""><number>1</number> <itype>[B126; a12]</itype><trans> be, make s.o. a major. </trans>
</sense>
<sense n=""2""><number>2</number> <itype>[A; c16]</itype><trans> take a certain course as one’s major.
</trans>
</sense></hom></entry>");
INSERT INTO `wced_head` (entryid, head, normalized_head, type, pos) VALUES (12444, "midyur", "midyur", "m", "nv");
INSERT INTO `wced_entry` VALUES (12445, "migkap", "682", "<entry page=""682"" id=""12445""><form id=""migkap"" lang=""ceb"">migkap</form>
<hom role=""v""><pos>v</pos>
<sense n=""0""> <itype>[B146]</itype><trans> be <tr>slothfully inactive</tr>. </trans>
<eg><i lang=""ceb"">Ang táwung magmigkap dì madúgay niíning trabahúa,</i><trans> A person who loafs will not last long on this job.
</trans></eg>
</sense></hom></entry>");
INSERT INTO `wced_head` (entryid, head, normalized_head, type, pos) VALUES (12445, "migkap", "migkap", "m", "v");
INSERT INTO `wced_translation` (entryid, translation) VALUES (12445, "slothfully inactive");
INSERT INTO `wced_entry` VALUES (12446, "migkat", "682", "<entry page=""682"" id=""12446""><form id=""migkat"" lang=""ceb"">migkat</form>
<hom>
<sense n=""0""><trans> = <xr lang=""ceb"" target=""#migkap""><sc>migkap</sc></xr>.
</trans>
</sense></hom></entry>");
INSERT INTO `wced_head` (entryid, head, normalized_head, type, pos) VALUES (12446, "migkat", "migkat", "m", "");
INSERT INTO `wced_entry` VALUES (12447, "migrupunu", "682", "<entry page=""682"" id=""12447""><form id=""migrupunu"" lang=""ceb"">migrupunu</form>
<hom>
<sense n=""0""><trans> = <xr lang=""ceb"" target=""#mikrupunu""><sc>mikrupunu</sc></xr>.
</trans>
</sense></hom></entry>");
INSERT INTO `wced_head` (entryid, head, normalized_head, type, pos) VALUES (12447, "migrupunu", "migrupunu", "m", "");
INSERT INTO `wced_entry` VALUES (12448, "mihihi", "682", "<entry page=""682"" id=""12448""><form id=""mihihiq"" lang=""ceb"">mihihì</form>
<hom>
<sense n=""0""><trans> = <xr lang=""ceb"" target=""#bahiqhiq""><sc>bahìhì</sc></xr>.
</trans>
</sense></hom></entry>");
INSERT INTO `wced_head` (entryid, head, normalized_head, type, pos) VALUES (12448, "mihihì", "mihihi", "m", "");
INSERT INTO `wced_entry` VALUES (12449, "mihimihi", "682", "<entry page=""682"" id=""12449""><form id=""mihiqmihiq"" lang=""ceb"">mihìmihì</form>
<hom role=""v""><pos>v</pos>
<sense n=""0""> <itype>[A; b6]</itype><trans> for a child to whimper or cry softly from discomfort or naughtiness. </trans>
<eg><i lang=""ceb"">Nagmihìmihì na sab si Bíbi. Katulgun tingáli,</i><trans> Baby is whimpering again. She probably is sleepy. </trans></eg>
<eg><i lang=""ceb"">Ayaw kug mihìmihii ug dúna kay pangayúun,</i><trans> Don’t whimper at me if you want s.t.
</trans></eg>
</sense></hom></entry>");
INSERT INTO `wced_head` (entryid, head, normalized_head, type, pos) VALUES (12449, "mihìmihì", "mihimihi", "m", "v");
INSERT INTO `wced_entry` VALUES (12450, "mihit", "682", "<entry page=""682"" id=""12450""><form id=""mihit"" lang=""ceb"">mihit</form>
<hom>
<sense n=""0""><trans> = <xr lang=""ceb"" target=""#nihit""><sc>nihit</sc></xr>.
</trans>
</sense></hom></entry>");
INSERT INTO `wced_head` (entryid, head, normalized_head, type, pos) VALUES (12450, "mihit", "mihit", "m", "");
INSERT INTO `wced_entry` VALUES (12451, "mihuras", "682", "<entry page=""682"" id=""12451""><form id=""mihuxras"" lang=""ceb"">mihúras</form>
<hom role=""n""><pos>n</pos>
<sense n=""1""><number>1</number><trans> <tr>improvements</tr>. </trans>
<eg><i lang=""ceb"">Ang Mayur walay nahímung mihúras hangtud karun,</i><trans> The Mayor has not made any improvements to this day. </trans></eg>
<eg><i lang=""ceb"">Kining mangga usa lang sa daghang mihúras niíning yutáa,</i><trans> This mango tree is only one of the many improvements on this land. </trans></eg>
</sense>
<sense n=""1a""><number>1a</number><trans> favor of a financial nature. </trans>
<eg><i lang=""ceb"">Unsang mga mihúras ang ímung nahátag kaníya nga dakù man siyag útang buut nímu?</i><trans> What have you done for him that he owes you a debt of gratitude? </trans></eg>
</sense>
<sense n=""2""><number>2</number><trans> <tr>virtues</tr>, <tr>good qualities</tr>. </trans>
<eg><i lang=""ceb"">Unsa may mga mihúras niánang bayhána nga nakagustu man ka níya?</i><trans> What are the good qualities that made you like that woman? </trans></eg>
</sense>
<sense n=""3""><number>3</number><trans> <tr>assets</tr>. </trans>
<eg><i lang=""ceb"">Kanang magtiayúna dakù kaáyug mihúras nga ikabílin sa ílang mga anak,</i><trans> That couple has a large number of possessions to leave their children. </trans></eg>
</sense></hom>
<hom role=""v""><pos>v</pos>
<sense n=""0""> <itype>[A12]</itype><trans> make improvements. </trans>
<eg><i lang=""ceb"">Dílì makamihúras kaaáyu ang mayur sa íyang lungsud kun kuntra partídu siya sa administrasiyun,</i><trans> A town mayor can make few improvements in his municipality if he is not aligned with the administration.
</trans></eg>
</sense></hom></entry>");
INSERT INTO `wced_head` (entryid, head, normalized_head, type, pos) VALUES (12451, "mihúras", "mihuras", "m", "nv");
INSERT INTO `wced_translation` (entryid, translation) VALUES (12451, "improvements");
INSERT INTO `wced_translation` (entryid, translation) VALUES (12451, "virtues");
INSERT INTO `wced_translation` (entryid, translation) VALUES (12451, "good qualities");
INSERT INTO `wced_translation` (entryid, translation) VALUES (12451, "assets");
INSERT INTO `wced_entry` VALUES (12452, "mik", "682", "<entry page=""682"" id=""12452""><form id=""mixk"" lang=""ceb"">mík</form>
<hom role=""n""><pos>n</pos>
<sense n=""1""><number>1</number><trans> a Mexican copper coin worth one-hundredth of the Mexican peso. Formerly circulated, it is now used only as offerings to spirits or used topically for medicinal purposes. </trans>
</sense>
<sense n=""2""><number>2</number><trans> <tr>fake coin</tr>.
</trans>
</sense></hom></entry>");
INSERT INTO `wced_head` (entryid, head, normalized_head, type, pos) VALUES (12452, "mík", "mik", "m", "n");
INSERT INTO `wced_translation` (entryid, translation) VALUES (12452, "fake coin");
INSERT INTO `wced_entry` VALUES (12453, "mika", "682", "<entry page=""682"" id=""12453""><form id=""mikaq"" lang=""ceb"">mikà</form>
<hom role=""a""><pos>a</pos>
<sense n=""0""><trans> <tr>idle</tr>, not doing things. </trans>
</sense></hom>
<hom role=""v""><pos>v</pos>
<sense n=""0""> <itype>[B145]</itype><trans> </trans>
</sense>
<sense n=""1""><number>1</number><trans> sit around lazily. </trans>
<eg><i lang=""ceb"">Magmikà lang ang babáying way hibangkaágan sa panimalay,</i><trans> A girl who knows nothing about household work sits around lazily. </trans></eg>
</sense>
<sense n=""2""><number>2</number><trans> go about in low spirits. </trans>
<eg><i lang=""ceb"">Unsay nahitabù nga nagmikà ka man?</i><trans> What happened that you are in such low spirits?
</trans></eg>
</sense></hom></entry>");
INSERT INTO `wced_head` (entryid, head, normalized_head, type, pos) VALUES (12453, "mikà", "mika", "m", "av");
INSERT INTO `wced_translation` (entryid, translation) VALUES (12453, "idle");
INSERT INTO `wced_entry` VALUES (12454, "mikanikal", "682", "<entry page=""682"" id=""12454""><form id=""mikanikal"" lang=""ceb"">mikanikal</form>
<hom role=""n""><pos>n</pos>
<sense n=""0""><trans> course of mechanic engineering. </trans>
</sense></hom>
<entry><form id=""mikanikal_indyinir"" lang=""ceb""><abbr expan=""mikanikal"" type=""lemma"">—</abbr> indyinir</form>
<hom role=""n""><pos>n</pos>
<sense n=""0""><trans> <tr>mechanical engineer</tr>. </trans>
</sense></hom></entry>
<entry><form id=""mikanikal_indyinixring"" lang=""ceb""><abbr expan=""mikanikal"" type=""lemma"">—</abbr> indyiníring</form>
<hom>
<sense n=""0""><trans> = <xr lang=""ceb"" target=""#mikanikal""><sc>mikanikal</sc></xr>.
</trans>
</sense></hom></entry></entry>");
INSERT INTO `wced_head` (entryid, head, normalized_head, type, pos) VALUES (12454, "mikanikal", "mikanikal", "m", "n");
INSERT INTO `wced_head` (entryid, head, normalized_head, type, pos) VALUES (12454, "mikanikal indyinir", "mikanikal indyinir", "s", "n");
INSERT INTO `wced_head` (entryid, head, normalized_head, type, pos) VALUES (12454, "mikanikal indyiníring", "mikanikal indyiniring", "s", "");
INSERT INTO `wced_translation` (entryid, translation) VALUES (12454, "mechanical engineer");
INSERT INTO `wced_entry` VALUES (12455, "mikaniku", "682", "<entry page=""682"" id=""12455""><form id=""mikaniku"" lang=""ceb"">mikaniku</form>
<hom role=""n""><pos>n</pos>
<sense n=""0""><trans> <tr>mechanic</tr>. </trans>
</sense></hom>
<hom role=""v""><pos>v</pos>
<sense n=""0""> <itype>[B156; a2b8]</itype><trans> be, become a mechanic.
</trans>
</sense></hom></entry>");
INSERT INTO `wced_head` (entryid, head, normalized_head, type, pos) VALUES (12455, "mikaniku", "mikaniku", "m", "nv");
INSERT INTO `wced_translation` (entryid, translation) VALUES (12455, "mechanic");
INSERT INTO `wced_entry` VALUES (12456, "mikanismu", "682", "<entry page=""682"" id=""12456""><form id=""mikanismu"" lang=""ceb"">mikanismu</form>
<hom role=""n""><pos>n</pos>
<sense n=""0""><trans> <tr>mechanism</tr>, the workings of a machine.
</trans>
</sense></hom></entry>");
INSERT INTO `wced_head` (entryid, head, normalized_head, type, pos) VALUES (12456, "mikanismu", "mikanismu", "m", "n");
INSERT INTO `wced_translation` (entryid, translation) VALUES (12456, "mechanism");
INSERT INTO `wced_entry` VALUES (12457, "mik-ap1", "682", "<entry page=""682"" id=""12457""><form id=""mik-ap"" lang=""ceb"">mik-ap<sub>1</sub></form>
<hom role=""v""><pos>v</pos>
<sense n=""0""> <itype>[A; b]</itype><trans> make up a lacking subject or part of a subject in school. </trans>
<eg><i lang=""ceb"">Kinahángang mik-ápan ang absin,</i><trans> You have to make up your absences.
</trans></eg>
</sense></hom></entry>");
INSERT INTO `wced_head` (entryid, head, normalized_head, type, pos) VALUES (12457, "mik-ap", "mik-ap", "s", "v");
INSERT INTO `wced_entry` VALUES (12458, "mik-ap2", "682", "<entry page=""682"" id=""12458""><form id=""mik-ap2"" lang=""ceb"">mik-ap<sub>2</sub></form>
<hom role=""n""><pos>n</pos>
<sense n=""0""><trans> <tr>make-up</tr>, <tr>cosmetics</tr>. </trans>
<eg><i lang=""ceb"">Bagà siyag mik-ap,</i><trans> She had heavy make-up on. </trans></eg>
</sense></hom>
<hom role=""v""><pos>v</pos>
<sense n=""0""> <itype>[A; b]</itype><trans> put make-up on s.o. or on oneself.
</trans>
</sense></hom></entry>");
INSERT INTO `wced_head` (entryid, head, normalized_head, type, pos) VALUES (12458, "mik-ap", "mik-ap", "s", "nv");
INSERT INTO `wced_translation` (entryid, translation) VALUES (12458, "make-up");
INSERT INTO `wced_translation` (entryid, translation) VALUES (12458, "cosmetics");
INSERT INTO `wced_entry` VALUES (12459, "miki", "682", "<entry page=""682"" id=""12459""><form id=""mixki"" lang=""ceb"">míki</form>
<hom role=""n""><pos>n</pos>
<sense n=""1""><number>1</number><trans> k.o. large yellow noodle made of wheat flour. </trans>
</sense>
<sense n=""2""><number>2</number><trans> dish made of such noodles. </trans>
</sense></hom>
<hom role=""v""><pos>v</pos>
<sense n=""1""><number>1</number> <itype>[A; a2]</itype><trans> make, make into noodles. </trans>
</sense>
<sense n=""2""><number>2</number> <itype>[A13; b(1)]</itype><trans> prepare a dish of noodles.
</trans>
</sense></hom></entry>");
INSERT INTO `wced_head` (entryid, head, normalized_head, type, pos) VALUES (12459, "míki", "miki", "m", "nv");
INSERT INTO `wced_entry` VALUES (12460, "mikrubyu", "682", "<entry page=""682"" id=""12460""><form id=""mikrubyu"" lang=""ceb"">mikrubyu</form>
<hom role=""n""><pos>n</pos>
<sense n=""0""><trans> <tr>microbes</tr>.
</trans>
</sense></hom></entry>");
INSERT INTO `wced_head` (entryid, head, normalized_head, type, pos) VALUES (12460, "mikrubyu", "mikrubyu", "m", "n");
INSERT INTO `wced_translation` (entryid, translation) VALUES (12460, "microbes");
INSERT INTO `wced_entry` VALUES (12461, "mikru krum", "682", "<entry page=""682"" id=""12461""><form id=""mikru_kruxm"" lang=""ceb"">mikru krúm</form>
<hom role=""n""><pos>n</pos>
<sense n=""0""><trans> <tr>mercurochrome</tr>.
</trans>
</sense></hom></entry>");
INSERT INTO `wced_head` (entryid, head, normalized_head, type, pos) VALUES (12461, "mikru krúm", "mikru krum", "m", "n");
INSERT INTO `wced_translation` (entryid, translation) VALUES (12461, "mercurochrome");
INSERT INTO `wced_entry` VALUES (12462, "mikrupunu", "682", "<entry page=""682"" id=""12462""><form id=""mikrupunu"" lang=""ceb"">mikrupunu</form>
<hom role=""n""><pos>n</pos>
<sense n=""0""><trans> <tr>microphone</tr>. </trans>
</sense></hom>
<hom role=""v""><pos>v</pos>
<sense n=""0""> <itype>[A13]</itype><trans> use a microphone.
</trans>
</sense></hom></entry>");
INSERT INTO `wced_head` (entryid, head, normalized_head, type, pos) VALUES (12462, "mikrupunu", "mikrupunu", "m", "nv");
INSERT INTO `wced_translation` (entryid, translation) VALUES (12462, "microphone");
INSERT INTO `wced_entry` VALUES (12463, "mikruskupyu", "682", "<entry page=""682"" id=""12463""><form id=""mikruskupyu"" lang=""ceb"">mikruskupyu</form>
<hom role=""n""><pos>n</pos>
<sense n=""0""><trans> <tr>microscope</tr>. </trans>
</sense></hom>
<hom role=""v""><pos>v</pos>
<sense n=""0""> <itype>[A1; b6]</itype><trans> look at with a microscope.
</trans>
</sense></hom></entry>");
INSERT INTO `wced_head` (entryid, head, normalized_head, type, pos) VALUES (12463, "mikruskupyu", "mikruskupyu", "m", "nv");
INSERT INTO `wced_translation` (entryid, translation) VALUES (12463, "microscope");
INSERT INTO `wced_entry` VALUES (12464, "mikskla", "682", "<entry page=""682"" id=""12464""><form id=""mikskla"" lang=""ceb"">mikskla</form>
<hom role=""v""><pos>v</pos>
<sense n=""1""><number>1</number> <itype>[A; a]</itype><trans> <tr>mix</tr> solids or liquids. </trans>
<eg><i lang=""ceb"">Mikskláha ang pintal ug túbig,</i><trans> Mix the paint and the water together. </trans></eg>
<eg><i lang=""ceb"">Mikskláhi ug pulug ang minása nga simintu,</i><trans> Mix dye into the cement mixture. </trans></eg>
</sense>
<sense n=""1a""><number>1a</number> <itype>[A1]</itype><trans> prepare s.t. that has to be mixed. </trans>
<eg><i lang=""ceb"">Nakamikskla ka na ba ug ilimnun?</i><trans> Have you prepared (mixed) the drinks? </trans></eg>
</sense></hom>
<hom role=""n""><pos>n</pos>
<sense n=""0""><trans> <tr>mixture</tr>, proportion in which s.t. is mixed. </trans>
<eg><i lang=""ceb"">Ispísung mikskla,</i><trans> A thick mixture.
</trans></eg>
</sense></hom></entry>");
INSERT INTO `wced_head` (entryid, head, normalized_head, type, pos) VALUES (12464, "mikskla", "mikskla", "m", "vn");
INSERT INTO `wced_translation` (entryid, translation) VALUES (12464, "mix");
INSERT INTO `wced_translation` (entryid, translation) VALUES (12464, "mixture");
INSERT INTO `wced_entry` VALUES (12465, "mil", "682", "<entry page=""682"" id=""12465""><form id=""mil"" lang=""ceb"">mil</form>
<hom role=""n""><pos>n</pos>
<sense n=""0""><trans> <tr>thousand</tr>. </trans>
<eg><i lang=""ceb"">Ang balur sa ákung awtu trayinta mil,</i><trans> My car is worth thirty thousand pesos. </trans></eg>
</sense></hom>
<hom role=""v""><pos>v</pos>
<sense n=""0""><trans> <ix>see</ix> <xr lang=""ceb"" target=""#disiutsu""><sc>disiutsu</sc></xr>. </trans>
</sense></hom>
<entry><form id=""mil_uxnu_dusyintus_etc."" lang=""ceb""><abbr expan=""mil"" type=""lemma"">—</abbr> únu, dusyintus, etc.</form>
<hom>
<sense n=""0""><trans> One thousand one, two, etc. </trans>
</sense></hom></entry>
<entry><form id=""milmixl"" lang=""ceb"">milmíl</form>
<hom role=""a""><pos>a</pos>
<sense n=""0""><trans> valued in thousands. </trans>
<eg><i lang=""ceb"">Dì ku makaabut pagpalit niánang mga milmíl nga kantidad,</i><trans> I cannot afford to buy things that cost in three figures.
</trans></eg>
</sense></hom></entry></entry>");
INSERT INTO `wced_head` (entryid, head, normalized_head, type, pos) VALUES (12465, "mil", "mil", "m", "nv");
INSERT INTO `wced_head` (entryid, head, normalized_head, type, pos) VALUES (12465, "mil únu", "mil unu", "s", "");
INSERT INTO `wced_head` (entryid, head, normalized_head, type, pos) VALUES (12465, "dusyintus", "dusyintus", "s", "");
INSERT INTO `wced_head` (entryid, head, normalized_head, type, pos) VALUES (12465, "etc.", "etc.", "s", "");
INSERT INTO `wced_head` (entryid, head, normalized_head, type, pos) VALUES (12465, "milmíl", "milmil", "s", "a");
INSERT INTO `wced_translation` (entryid, translation) VALUES (12465, "thousand");
INSERT INTO `wced_entry` VALUES (12466, "mil", "682", "<entry page=""682"" id=""12466""><form id=""mixl"" lang=""ceb"">míl</form>
<hom role=""v""><pos>v</pos>
<sense n=""0""> <itype>[A; c6]</itype><trans> post in the mail. </trans>
<eg><i lang=""ceb"">Imíl ba kining suwáta?</i><trans> Shall I mail this letter?
</trans></eg>
</sense></hom></entry>");
INSERT INTO `wced_head` (entryid, head, normalized_head, type, pos) VALUES (12466, "míl", "mil", "m", "v");
INSERT INTO `wced_entry` VALUES (12467, "milagru", "682", "<entry page=""682"" id=""12467""><form id=""milagru"" lang=""ceb"">milagru</form>
<hom role=""n""><pos>n</pos>
<sense n=""1""><number>1</number><trans> <tr>miracle</tr>. </trans>
<eg><i lang=""ceb"">Milagru ray makaluwas sa masakitun,</i><trans> Only a miracle can save the sick man. </trans></eg>
</sense>
<sense n=""2""><number>2</number> <form id=""milagru_ug"" lang=""ceb""><abbr expan=""milagru"" type=""lemma"">—</abbr> ug</form><trans> it would be a miracle if [so-and-so] were to happen. </trans>
<eg><i lang=""ceb"">Milagrug mutúgut <pb n=""683""/>si Pápa mu pagpatan-aw nímug sini,</i><trans> It will be a snowy day in May before your father will let you go to the show. </trans></eg>
</sense></hom>
<hom role=""v""><pos>v</pos>
<sense n=""1""><number>1</number> <itype>[A; b6]</itype><trans> perform miracles. </trans>
</sense>
<sense n=""2""><number>2</number> <itype>[A1]</itype><trans> do s.t. which is completely unexpected. </trans>
<eg><i lang=""ceb"">Nagmilagru uruyng tihik nga nanghátag,</i><trans> A miracle! The cheapskate is giving out money. </trans></eg>
</sense></hom>
<entry><form id=""milagrusa"" lang=""ceb""><abbr expan=""milagrusa"" type=""lemma"">-sa</abbr></form>
<hom>
<sense n=""0""><trans> = <xr lang=""ceb"" target=""#milagruxsu""><sc>milagrúsu</sc></xr> (female). </trans>
</sense></hom></entry>
<entry><form id=""milagrusu"" lang=""ceb""><abbr expan=""milagrusu"" type=""lemma"">-su</abbr></form>
<hom role=""a""><pos>a</pos>
<sense n=""0""><trans> <tr>miraculous</tr>. </trans>
<eg><i lang=""ceb"">Ang milagrúsung birhin sa Patíma,</i><trans> The miraculous Virgin of Fatima. </trans></eg>
</sense></hom>
<hom role=""v""><pos>v</pos>
<sense n=""0""> <itype>[B1246]</itype><trans> be, become miraculous.
</trans>
</sense></hom></entry></entry>");
INSERT INTO `wced_head` (entryid, head, normalized_head, type, pos) VALUES (12467, "milagru", "milagru", "m", "nv");
INSERT INTO `wced_head` (entryid, head, normalized_head, type, pos) VALUES (12467, "milagru ug", "milagru ug", "s", "");
INSERT INTO `wced_head` (entryid, head, normalized_head, type, pos) VALUES (12467, "milagrusa", "milagrusa", "s", "");
INSERT INTO `wced_head` (entryid, head, normalized_head, type, pos) VALUES (12467, "milagrusu", "milagrusu", "s", "av");
INSERT INTO `wced_translation` (entryid, translation) VALUES (12467, "miracle");
INSERT INTO `wced_translation` (entryid, translation) VALUES (12467, "miraculous");
INSERT INTO `wced_entry` VALUES (12468, "milamila", "683", "<entry page=""683"" id=""12468""><form id=""milaqmilaq"" lang=""ceb"">milàmilà</form>
<hom role=""v""><pos>v</pos>
<sense n=""0""> <itype>[B146; a4]</itype><trans> for eyes to be watery, full of pus. </trans>
<eg><i lang=""ceb"">Gimilàmilà (nagmilàmilà) ang mata sa palahúbug,</i><trans> The drunkard’s eyes are all watery.
</trans></eg>
</sense></hom></entry>");
INSERT INTO `wced_head` (entryid, head, normalized_head, type, pos) VALUES (12468, "milàmilà", "milamila", "m", "v");
INSERT INTO `wced_entry` VALUES (12469, "milangkuliya, milangkuliya", "683", "<entry page=""683"" id=""12469""><form id=""milangkuliya_milangkulixya"" lang=""ceb"">milangkuliya, milangkulíya</form>
<hom role=""v""><pos>v</pos>
<sense n=""0""> <itype>[A13; a4]</itype><trans> feel <tr>melancholic</tr>, esp. from homesickness. </trans>
<eg><i lang=""ceb"">Gimilangkulíya nà siya sa íyang trátung túa sa Amirika,</i><trans> She is homesick for her boy friend in the States.
</trans></eg>
</sense></hom></entry>");
INSERT INTO `wced_head` (entryid, head, normalized_head, type, pos) VALUES (12469, "milangkuliya", "milangkuliya", "s", "v");
INSERT INTO `wced_head` (entryid, head, normalized_head, type, pos) VALUES (12469, "milangkulíya", "milangkuliya", "s", "v");
INSERT INTO `wced_translation` (entryid, translation) VALUES (12469, "melancholic");
INSERT INTO `wced_entry` VALUES (12470, "milaru", "683", "<entry page=""683"" id=""12470""><form id=""milaxru"" lang=""ceb"">miláru</form>
<hom role=""n""><pos>n</pos>
<sense n=""0""><trans> thick syrup from brown sugar. </trans>
</sense></hom>
<hom role=""v""><pos>v</pos>
<sense n=""0""> <itype>[A; a]</itype><trans> make thick brown-sugar syrup.
</trans>
</sense></hom></entry>");
INSERT INTO `wced_head` (entryid, head, normalized_head, type, pos) VALUES (12470, "miláru", "milaru", "m", "nv");
INSERT INTO `wced_entry` VALUES (12471, "milbaks", "683", "<entry page=""683"" id=""12471""><form id=""milbaks"" lang=""ceb"">milbaks</form>
<hom role=""n""><pos>n</pos>
<sense n=""0""><trans> <tr>mailbox</tr>.
</trans>
</sense></hom></entry>");
INSERT INTO `wced_head` (entryid, head, normalized_head, type, pos) VALUES (12471, "milbaks", "milbaks", "m", "n");
INSERT INTO `wced_translation` (entryid, translation) VALUES (12471, "mailbox");
INSERT INTO `wced_entry` VALUES (12472, "milibiki", "683", "<entry page=""683"" id=""12472""><form id=""milibiki"" lang=""ceb"">milibiki</form>
<hom role=""n""><pos>n</pos>
<sense n=""0""><trans> brace, a carpentry tool used for boring wood. </trans>
</sense></hom>
<hom role=""v""><pos>v</pos>
<sense n=""0""> <itype>[A; a12]</itype><trans> use this tool.
</trans>
</sense></hom></entry>");
INSERT INTO `wced_head` (entryid, head, normalized_head, type, pos) VALUES (12472, "milibiki", "milibiki", "m", "nv");
INSERT INTO `wced_entry` VALUES (12473, "miligramu", "683", "<entry page=""683"" id=""12473""><form id=""miligraxmu"" lang=""ceb"">miligrámu</form>
<hom role=""n""><pos>n</pos>
<sense n=""0""><trans> <tr>milligram</tr>.
</trans>
</sense></hom></entry>");
INSERT INTO `wced_head` (entryid, head, normalized_head, type, pos) VALUES (12473, "miligrámu", "miligramu", "m", "n");
INSERT INTO `wced_translation` (entryid, translation) VALUES (12473, "milligram");
INSERT INTO `wced_entry` VALUES (12474, "miliguy", "683", "<entry page=""683"" id=""12474""><form id=""miliguy"" lang=""ceb"">miliguy</form>
<hom>
<sense n=""0""><trans> = <xr lang=""ceb"" target=""#kawatkawat""><sc>kawatkawat</sc></xr>. <ix>see</ix> <xr lang=""ceb"" target=""#kaxwat""><sc>káwat</sc></xr>.
</trans>
</sense></hom></entry>");
INSERT INTO `wced_head` (entryid, head, normalized_head, type, pos) VALUES (12474, "miliguy", "miliguy", "m", "");
INSERT INTO `wced_entry` VALUES (12475, "milimitru", "683", "<entry page=""683"" id=""12475""><form id=""milimitru"" lang=""ceb"">milimitru</form>
<hom role=""n""><pos>n</pos>
<sense n=""0""><trans> <tr>millimeter</tr>.
</trans>
</sense></hom></entry>");
INSERT INTO `wced_head` (entryid, head, normalized_head, type, pos) VALUES (12475, "milimitru", "milimitru", "m", "n");
INSERT INTO `wced_translation` (entryid, translation) VALUES (12475, "millimeter");
INSERT INTO `wced_entry` VALUES (12476, "milindris", "683", "<entry page=""683"" id=""12476""><form id=""milindris"" lang=""ceb"">milindris</form>
<hom role=""n""><pos>n</pos>
<sense n=""0""><trans> k.o. ornamental shrub with white, pink, or purplish flowers growing on small terminal panicles: <bio>Lagerstroemia indica</bio>.
</trans>
</sense></hom></entry>");
INSERT INTO `wced_head` (entryid, head, normalized_head, type, pos) VALUES (12476, "milindris", "milindris", "m", "n");
INSERT INTO `wced_entry` VALUES (12477, "milisya", "683", "<entry page=""683"" id=""12477""><form id=""milisya"" lang=""ceb"">milisya</form>
<hom role=""n""><pos>n</pos>
<sense n=""0""><trans> collective term for Filipino recruits during World War I. </trans>
</sense></hom>
<entry><form id=""milisyaun"" lang=""ceb""><abbr expan=""milisyaun"" type=""lemma"">-nu</abbr></form>
<hom role=""n""><pos>n</pos>
<sense n=""0""><trans> member of the Filipino militia. </trans>
</sense></hom>
<hom role=""v""><pos>v</pos>
<sense n=""0""> <itype>[B156; c1]</itype><trans> become a member of the Philippine militia.
</trans>
</sense></hom></entry></entry>");
INSERT INTO `wced_head` (entryid, head, normalized_head, type, pos) VALUES (12477, "milisya", "milisya", "m", "n");
INSERT INTO `wced_head` (entryid, head, normalized_head, type, pos) VALUES (12477, "milisyaun", "milisyaun", "s", "nv");
INSERT INTO `wced_entry` VALUES (12478, "militar", "683", "<entry page=""683"" id=""12478""><form id=""militar"" lang=""ceb"">militar</form>
<hom role=""n""><pos>n</pos>
<sense n=""0""><trans> the <tr>military</tr>, <tr>soldiers</tr>. </trans>
<eg><i lang=""ceb"">Nanghilabut ang militar sa iliksiyun,</i><trans> The military interfered with the election. </trans></eg>
</sense></hom>
<entry><form id=""pwirsa_militar"" lang=""ceb"">pwirsa <abbr expan=""militar"" type=""lemma"">—</abbr></form>
<hom>
<sense n=""0""><trans> <tr>military force</tr>. </trans>
</sense></hom></entry>
<entry><form id=""saluxdu_militar"" lang=""ceb"">salúdu <abbr expan=""militar"" type=""lemma"">—</abbr></form>
<hom>
<sense n=""0""><trans> <tr>military salute</tr>. </trans>
</sense></hom></entry>
<entry><form id=""upisyal_militar"" lang=""ceb"">upisyal <abbr expan=""militar"" type=""lemma"">—</abbr></form>
<hom>
<sense n=""0""><trans> <tr>military officials</tr>. </trans>
</sense></hom>
<hom role=""v""><pos>v</pos>
<sense n=""1""><number>1</number> <itype>[A1; b6]</itype><trans> wear a military uniform. </trans>
<eg><i lang=""ceb"">Gimilitaran ang sundálung namatay,</i><trans> The soldier who died was dressed in a military uniform. </trans></eg>
</sense>
<sense n=""2""><number>2</number> <itype>[B1356; c1]</itype><trans> become a military man. </trans>
</sense>
<sense n=""3""><number>3</number> <itype>[c1]</itype><trans> be done in a military manner. </trans>
<eg><i lang=""ceb"">Militarun (imilitar) ang kasal sa ákung manghud kay níbi may íyang pamanhunun,</i><trans> My younger sister will be married in a military wedding because the groom is a navy man.
</trans></eg>
</sense></hom></entry></entry>");
INSERT INTO `wced_head` (entryid, head, normalized_head, type, pos) VALUES (12478, "militar", "militar", "m", "n");
INSERT INTO `wced_head` (entryid, head, normalized_head, type, pos) VALUES (12478, "pwirsa militar", "pwirsa militar", "s", "");
INSERT INTO `wced_head` (entryid, head, normalized_head, type, pos) VALUES (12478, "salúdu militar", "saludu militar", "s", "");
INSERT INTO `wced_head` (entryid, head, normalized_head, type, pos) VALUES (12478, "upisyal militar", "upisyal militar", "s", "v");
INSERT INTO `wced_translation` (entryid, translation) VALUES (12478, "military");
INSERT INTO `wced_translation` (entryid, translation) VALUES (12478, "soldiers");
INSERT INTO `wced_translation` (entryid, translation) VALUES (12478, "military force");
INSERT INTO `wced_translation` (entryid, translation) VALUES (12478, "military salute");
INSERT INTO `wced_translation` (entryid, translation) VALUES (12478, "military officials");
INSERT INTO `wced_entry` VALUES (12479, "*milk", "683", "<entry page=""683"" id=""12479""><form id=""xxmilk"" lang=""ceb"">*milk</form>
<entry><form id=""pawdir_milk"" lang=""ceb"">pawdir <abbr expan=""milk"" type=""lemma"">—</abbr></form>
<hom role=""n""><pos>n</pos>
<sense n=""0""><trans> <tr>powdered milk</tr>.
</trans>
</sense></hom></entry></entry>");
INSERT INTO `wced_head` (entryid, head, normalized_head, type, pos) VALUES (12479, "milk", "milk", "s", "");
INSERT INTO `wced_head` (entryid, head, normalized_head, type, pos) VALUES (12479, "pawdir milk", "pawdir milk", "s", "n");
INSERT INTO `wced_translation` (entryid, translation) VALUES (12479, "powdered milk");
INSERT INTO `wced_entry` VALUES (12480, "milma", "683", "<entry page=""683"" id=""12480""><form id=""milma"" lang=""ceb"">milma</form>
<hom role=""v""><pos>v</pos>
<sense n=""0""> <itype>[B; a]</itype><trans> <tr>lessen</tr>, <tr>slow down</tr>. </trans>
<eg><i lang=""ceb"">Bísan tigúlang na siya wà mumilma ang íyang kusug,</i><trans> Even when he was old, his strength did not decrease. </trans></eg>
<eg><i lang=""ceb"">Nagmilma na ang dágan sa trák,</i><trans> The truck slowed down. </trans></eg>
<eg><i lang=""ceb"">Hilánat ang nakamilma sa íyang gána sa pagkáun,</i><trans> Fever has lessened his appetite. </trans></eg>
<eg><i lang=""ceb"">Milmáhan ta ang paggastugastu,</i><trans> We will go slow on spending. </trans></eg>
<eg><i lang=""ceb"">Unsa kahay imilma ku niánang íyang pagkahimabáyi,</i><trans> I wonder what I can do to discourage his amorous activities.
</trans></eg>
</sense></hom></entry>");
INSERT INTO `wced_head` (entryid, head, normalized_head, type, pos) VALUES (12480, "milma", "milma", "m", "v");
INSERT INTO `wced_translation` (entryid, translation) VALUES (12480, "lessen");
INSERT INTO `wced_translation` (entryid, translation) VALUES (12480, "slow down");
INSERT INTO `wced_entry` VALUES (12481, "milu", "683", "<entry page=""683"" id=""12481""><form id=""miluq"" lang=""ceb"">milù</form>
<hom role=""n""><pos>n</pos>
<sense n=""0""><trans> k.o. civet similar to the <ix>maral</ix>, but lighter in color and not so odorous.
</trans>
</sense></hom></entry>");
INSERT INTO `wced_head` (entryid, head, normalized_head, type, pos) VALUES (12481, "milù", "milu", "m", "n");
INSERT INTO `wced_entry` VALUES (12482, "milun, milun", "683", "<entry page=""683"" id=""12482""><form id=""milun_mixlun"" lang=""ceb"">milun, mílun</form>
<hom role=""n""><pos>n</pos>
<sense n=""0""><trans> <tr>cantaloupe</tr>: <bio>Cucumis melo</bio>.
</trans>
</sense></hom></entry>");
INSERT INTO `wced_head` (entryid, head, normalized_head, type, pos) VALUES (12482, "milun", "milun", "s", "n");
INSERT INTO `wced_head` (entryid, head, normalized_head, type, pos) VALUES (12482, "mílun", "milun", "s", "n");
INSERT INTO `wced_translation` (entryid, translation) VALUES (12482, "cantaloupe");
INSERT INTO `wced_entry` VALUES (12483, "milung", "683", "<entry page=""683"" id=""12483""><form id=""milung"" lang=""ceb"">milung</form>
<hom role=""v""><pos>v</pos>
<sense n=""0""> <itype>[B126]</itype><trans> feel disappointed and embarrassed that s.t. expected did not turn out to be or happen. </trans>
<eg><i lang=""ceb"">Dà, namilung lagi sila kay walà man diay salída sa sini, labun pa, walà na giyud maniudtu,</i><trans> They were embarrassed and disappointed. There was no movie that day, and they had gone without even eating lunch.
</trans></eg>
</sense></hom></entry>");
INSERT INTO `wced_head` (entryid, head, normalized_head, type, pos) VALUES (12483, "milung", "milung", "m", "v");
INSERT INTO `wced_entry` VALUES (12484, "milya", "683", "<entry page=""683"" id=""12484""><form id=""milya"" lang=""ceb"">milya</form>
<hom role=""n""><pos>n</pos>
<sense n=""0""><trans> <tr>mile</tr>. </trans>
</sense></hom>
<hom role=""v""><pos>v</pos>
<sense n=""0""> <itype>[B256]</itype><trans> be, get to be about one mile. </trans>
<eg><i lang=""ceb"">Mumilya giyud ang gilay-un,</i><trans> The distance is about a mile. </trans></eg>
</sense></hom>
<entry><form id=""milyahi"" lang=""ceb""><abbr expan=""milyahi"" type=""lemma"">-hi</abbr></form>
<hom role=""n""><pos>n</pos>
<sense n=""0""><trans> <tr>mileage</tr>.
</trans>
</sense></hom></entry></entry>");
INSERT INTO `wced_head` (entryid, head, normalized_head, type, pos) VALUES (12484, "milya", "milya", "m", "nv");
INSERT INTO `wced_head` (entryid, head, normalized_head, type, pos) VALUES (12484, "milyahi", "milyahi", "s", "n");
INSERT INTO `wced_translation` (entryid, translation) VALUES (12484, "mile");
INSERT INTO `wced_translation` (entryid, translation) VALUES (12484, "mileage");
INSERT INTO `wced_entry` VALUES (12485, "milyun", "683", "<entry page=""683"" id=""12485""><form id=""milyun"" lang=""ceb"">milyun</form>
<hom role=""n""><pos>n</pos>
<sense n=""0""><trans> <tr>million</tr>. </trans>
</sense></hom>
<hom role=""v""><pos>v</pos>
<sense n=""0""><trans> <ix>see</ix> <xr lang=""ceb"" target=""#disiutsu""><sc>disiutsu</sc></xr>. </trans>
</sense></hom>
<entry><form id=""milyun_daxlar_ismayil"" lang=""ceb""><abbr expan=""milyun"" type=""lemma"">—</abbr> dálar ismayil</form>
<hom role=""n""><pos>n</pos>
<sense n=""0""><trans> a million dollar smile. </trans>
</sense></hom></entry>
<entry><form id=""milyun_daxlar_ligs"" lang=""ceb""><abbr expan=""milyun"" type=""lemma"">—</abbr> dálar ligs</form>
<hom role=""n""><pos>n</pos>
<sense n=""0""><trans> shapely legs. </trans>
</sense></hom></entry>
<entry><form id=""milyunarya"" lang=""ceb""><abbr expan=""milyunarya"" type=""lemma"">-arya</abbr></form>
<hom>
<sense n=""0""><trans> = <xr lang=""ceb"" target=""#milyunaryu""><sc>milyunaryu</sc></xr> (female). </trans>
</sense></hom></entry>
<entry><form id=""milyunaryu"" lang=""ceb""><abbr expan=""milyunaryu"" type=""lemma"">-aryu</abbr></form>
<hom role=""n""><pos>n</pos>
<sense n=""0""><trans> <tr>millionaire</tr>. </trans>
</sense></hom>
<hom role=""v""><pos>v</pos>
<sense n=""0""> <itype>[B16]</itype><trans> be, become a <tr>millionaire</tr>.
</trans>
</sense></hom></entry></entry>");
INSERT INTO `wced_head` (entryid, head, normalized_head, type, pos) VALUES (12485, "milyun", "milyun", "m", "nv");
INSERT INTO `wced_head` (entryid, head, normalized_head, type, pos) VALUES (12485, "milyun dálar ismayil", "milyun dalar ismayil", "s", "n");
INSERT INTO `wced_head` (entryid, head, normalized_head, type, pos) VALUES (12485, "milyun dálar ligs", "milyun dalar ligs", "s", "n");
INSERT INTO `wced_head` (entryid, head, normalized_head, type, pos) VALUES (12485, "milyunarya", "milyunarya", "s", "");
INSERT INTO `wced_head` (entryid, head, normalized_head, type, pos) VALUES (12485, "milyunaryu", "milyunaryu", "s", "nv");
INSERT INTO `wced_translation` (entryid, translation) VALUES (12485, "million");
INSERT INTO `wced_translation` (entryid, translation) VALUES (12485, "millionaire");
INSERT INTO `wced_entry` VALUES (12486, "milyun plawir", "683", "<entry page=""683"" id=""12486""><form id=""milyun_plaxwir"" lang=""ceb"">milyun pláwir</form>
<hom role=""n""><pos>n</pos>
<sense n=""0""><trans> k.o. low, ornamental shrub with large, rounded, hairy leaves and clusters of blue or pinkish flowers: <bio>Hydrangea macrophylla</bio>.
</trans>
</sense></hom></entry>");
INSERT INTO `wced_head` (entryid, head, normalized_head, type, pos) VALUES (12486, "milyun pláwir", "milyun plawir", "m", "n");
INSERT INTO `wced_entry` VALUES (12487, "mimbru", "683", "<entry page=""683"" id=""12487""><form id=""mimbru"" lang=""ceb"">mimbru</form>
<hom role=""n""><pos>n</pos>
<sense n=""0""><trans> <tr>member</tr>. </trans>
<eg><i lang=""ceb"">Mimbru sa simbahan,</i><trans> Church member. </trans></eg>
</sense></hom>
<hom role=""v""><pos>v</pos>
<sense n=""0""> <itype>[B156; c16]</itype><trans> be, make a <tr>member</tr>. </trans>
</sense></hom>
<entry><form id=""pamimbru"" lang=""ceb""><abbr expan=""pamimbru"" type=""lemma"">pa-</abbr></form>
<hom role=""v""><pos>v</pos>
<sense n=""0""> <itype>[A3]</itype><trans> join s.t. to become a <tr>member</tr>.
</trans>
</sense></hom></entry></entry>");
INSERT INTO `wced_head` (entryid, head, normalized_head, type, pos) VALUES (12487, "mimbru", "mimbru", "m", "nv");
INSERT INTO `wced_head` (entryid, head, normalized_head, type, pos) VALUES (12487, "pamimbru", "pamimbru", "s", "v");
INSERT INTO `wced_translation` (entryid, translation) VALUES (12487, "member");
INSERT INTO `wced_entry` VALUES (12488, "mimi", "683", "<entry page=""683"" id=""12488""><form id=""mixmi"" lang=""ceb"">mími</form>
<hom>
<sense n=""0""><trans> baby talk for: </trans>
</sense>
<sense n=""1""><number>1</number><trans> going to sleep. </trans>
</sense>
<sense n=""2""><number>2</number><trans> drinking. </trans>
</sense></hom>
<hom role=""v""><pos>v</pos>
<sense n=""0""> <itype>[A23]</itype><trans> sleep or drink.
</trans>
</sense></hom></entry>");
INSERT INTO `wced_head` (entryid, head, normalized_head, type, pos) VALUES (12488, "mími", "mimi", "m", "v");
INSERT INTO `wced_entry` VALUES (12489, "miming", "683", "<entry page=""683"" id=""12489""><form id=""mixming"" lang=""ceb"">míming</form>
<hom role=""n""><pos>n</pos>
<sense n=""0""><trans> term of endearment for a cat.
</trans>
</sense></hom></entry>");
INSERT INTO `wced_head` (entryid, head, normalized_head, type, pos) VALUES (12489, "míming", "miming", "m", "n");
INSERT INTO `wced_entry` VALUES (12490, "mimis1", "683", "<entry page=""683"" id=""12490""><form id=""mixmis"" lang=""ceb"">mímis<sub>1</sub></form>
<hom role=""v""><pos>v</pos>
<sense n=""0""> <itype>[c]</itype><trans> <tr>rub</tr> s.t. violently on s.t. </trans>
<eg><i lang=""ceb"">Gimímis sa iring ang ilagang gitangag dihas yútà,</i><trans> The cat rubbed the rat it was holding in its mouth on the ground.
</trans></eg>
</sense></hom></entry>");
INSERT INTO `wced_head` (entryid, head, normalized_head, type, pos) VALUES (12490, "mímis", "mimis", "s", "v");
INSERT INTO `wced_translation` (entryid, translation) VALUES (12490, "rub");
INSERT INTO `wced_entry` VALUES (12491, "mimis2", "683", "<entry page=""683"" id=""12491""><form id=""mixmis2"" lang=""ceb"">mímis<sub>2</sub></form>
<hom role=""n""><pos>n</pos>
<sense n=""1""><number>1</number><trans> a variety of first-class rice having white, smooth, shiny, slender, and long grains. </trans>
</sense>
<sense n=""2""><number>2</number><trans> any first-class white rice.
</trans>
</sense></hom></entry>");
INSERT INTO `wced_head` (entryid, head, normalized_head, type, pos) VALUES (12491, "mímis", "mimis", "s", "n");
INSERT INTO `wced_entry` VALUES (12492, "mimu, mimurandum", "683", "<entry page=""683"" id=""12492""><form id=""mixmu_mimurandum"" lang=""ceb"">mímu, mimurandum</form>
<hom role=""n""><pos>n</pos>
<sense n=""0""><trans> <tr>memorandum</tr>.
</trans>
</sense></hom></entry>");
INSERT INTO `wced_head` (entryid, head, normalized_head, type, pos) VALUES (12492, "mímu", "mimu", "s", "n");
INSERT INTO `wced_head` (entryid, head, normalized_head, type, pos) VALUES (12492, "mimurandum", "mimurandum", "s", "n");
INSERT INTO `wced_translation` (entryid, translation) VALUES (12492, "memorandum");
INSERT INTO `wced_entry` VALUES (12493, "mimurayis", "683", "<entry page=""683"" id=""12493""><form id=""mimuraxyis"" lang=""ceb"">mimuráyis</form>
<hom role=""v""><pos>v</pos>
<sense n=""1""><number>1</number> <itype>[A; a12]</itype><trans> <tr>memorize</tr>. </trans>
</sense>
<sense n=""2""><number>2</number> <itype>[a12]</itype><trans> skip a meal. </trans>
<eg><i lang=""ceb"">Gimimuráyis ku ang paniudtu,</i><trans> I skipped lunch.
</trans></eg>
</sense></hom></entry>");
INSERT INTO `wced_head` (entryid, head, normalized_head, type, pos) VALUES (12493, "mimuráyis", "mimurayis", "m", "v");
INSERT INTO `wced_translation` (entryid, translation) VALUES (12493, "memorize");
INSERT INTO `wced_entry` VALUES (12494, "mimurya", "683", "<entry page=""683"" id=""12494""><form id=""mimurya"" lang=""ceb"">mimurya</form>
<hom role=""v""><pos>v</pos>
<sense n=""1""><number>1</number> <itype>[A; a12]</itype><trans> <tr>memorize</tr>. </trans>
</sense>
<sense n=""2""><number>2</number> <itype>[a12]</itype><trans> skip a meal. </trans>
<eg><i lang=""ceb"">Gimimurya námù ámung pamáhaw sa ámung byáhi,</i><trans> We skipped our breakfast during our trip.
</trans></eg>
</sense></hom></entry>");
INSERT INTO `wced_head` (entryid, head, normalized_head, type, pos) VALUES (12494, "mimurya", "mimurya", "m", "v");
INSERT INTO `wced_translation` (entryid, translation) VALUES (12494, "memorize");
INSERT INTO `wced_entry` VALUES (12495, "mimyu", "683", "<entry page=""683"" id=""12495""><form id=""mimyu"" lang=""ceb"">mimyu</form>
<hom>
<sense n=""0""><trans> = <xr lang=""ceb"" target=""#mimyugrap""><sc>mimyugrap</sc></xr>.
</trans>
</sense></hom></entry>");
INSERT INTO `wced_head` (entryid, head, normalized_head, type, pos) VALUES (12495, "mimyu", "mimyu", "m", "");
INSERT INTO `wced_entry` VALUES (12496, "mimyugrap", "683", "<entry page=""683"" id=""12496""><form id=""mimyugrap"" lang=""ceb"">mimyugrap</form>
<hom role=""v""><pos>v</pos>
<sense n=""0""> <itype>[A; a12]</itype><trans> <tr>mimeograph</tr>. </trans>
<eg><i lang=""ceb"">Magmimyugrap ku sa prugráma,</i><trans> I am going to mimeograph the program. </trans></eg>
</sense></hom>
<entry><form id=""tigmimyugrap"" lang=""ceb""><abbr expan=""tigmimyugrap"" type=""lemma"">tig-</abbr></form>
<hom role=""n""><pos>n</pos>
<sense n=""0""><trans> <tr>mimeographer</tr>.
</trans>
</sense></hom></entry></entry>");
INSERT INTO `wced_head` (entryid, head, normalized_head, type, pos) VALUES (12496, "mimyugrap", "mimyugrap", "m", "v");
INSERT INTO `wced_head` (entryid, head, normalized_head, type, pos) VALUES (12496, "tigmimyugrap", "tigmimyugrap", "s", "n");
INSERT INTO `wced_translation` (entryid, translation) VALUES (12496, "mimeograph");
INSERT INTO `wced_translation` (entryid, translation) VALUES (12496, "mimeographer");
INSERT INTO `wced_entry` VALUES (12497, "mina1", "683", "<entry page=""683"" id=""12497""><form id=""mixna"" lang=""ceb"">mína<sub>1</sub></form>
<hom role=""n""><pos>n</pos>
<sense n=""1""><number>1</number><trans> <tr>mine</tr>, mineral deposit. </trans>
</sense>
<sense n=""2""><number>2</number><trans> explosive mine. </trans>
</sense></hom>
<hom role=""v""><pos>v</pos>
<sense n=""0""> <itype>[A; a2]</itype><trans> mine a mineral deposit. </trans>
</sense></hom>
<entry><form id=""minahan"" lang=""ceb"">minahan</form>
<hom role=""n""><pos>n</pos>
<sense n=""0""><trans> <tr>mine</tr>. </trans>
<eg><i lang=""ceb"">Túa siya magtrabáhu sa minahan,</i><trans> He is working in the mine. </trans></eg>
</sense></hom></entry>
<entry><form id=""minahun"" lang=""ceb"">minahun</form>
<hom role=""n""><pos>n</pos>
<sense n=""0""><trans> mineral deposit to be mined.
<pb n=""684""/>
</trans>
</sense></hom></entry></entry>");
INSERT INTO `wced_head` (entryid, head, normalized_head, type, pos) VALUES (12497, "mína", "mina", "s", "nv");
INSERT INTO `wced_head` (entryid, head, normalized_head, type, pos) VALUES (12497, "minahan", "minahan", "s", "n");
INSERT INTO `wced_head` (entryid, head, normalized_head, type, pos) VALUES (12497, "minahun", "minahun", "s", "n");
INSERT INTO `wced_translation` (entryid, translation) VALUES (12497, "mine");
INSERT INTO `wced_entry` VALUES (12498, "mina2", "684", "<entry page=""684"" id=""12498""><form id=""mixna2"" lang=""ceb"">mína<sub>2</sub></form>
<hom role=""n""><pos>n</pos>
<sense n=""0""><trans> situation in pool wherein two or more balls are in contact with each other and the one in the back is directly in line with one of the pocket holes, so that it is almost certain that the ball or balls in front will be knocked into the hole. </trans>
<eg><i lang=""ceb"">Sigurádung masúd nang utsu kay mína man,</i><trans> The eight ball will surely go into the hole because they are directly aligned.
</trans></eg>
</sense></hom></entry>");
INSERT INTO `wced_head` (entryid, head, normalized_head, type, pos) VALUES (12498, "mína", "mina", "s", "n");
INSERT INTO `wced_entry` VALUES (12499, "minandis", "684", "<entry page=""684"" id=""12499""><form id=""minandis"" lang=""ceb"">minandis</form>
<hom>
<sense n=""0""><trans> = <xr lang=""ceb"" target=""#manandis""><sc>manandis</sc></xr>.
</trans>
</sense></hom></entry>");
INSERT INTO `wced_head` (entryid, head, normalized_head, type, pos) VALUES (12499, "minandis", "minandis", "m", "");
INSERT INTO `wced_entry` VALUES (12500, "mindanaw", "684", "<entry page=""684"" id=""12500""><form id=""Mindanaw"" lang=""ceb"">Mindanaw</form>
<hom role=""n""><pos>n</pos>
<sense n=""0""><trans> <tr>Mindanao</tr>.
</trans>
</sense></hom></entry>");
INSERT INTO `wced_head` (entryid, head, normalized_head, type, pos) VALUES (12500, "Mindanaw", "mindanaw", "m", "n");
INSERT INTO `wced_translation` (entryid, translation) VALUES (12500, "Mindanao");
INSERT INTO `wced_entry` VALUES (12501, "ming-", "684", "<entry page=""684"" id=""12501""><form id=""ming-"" lang=""ceb"">ming-</form>
<hom>
<sense n=""0""><trans> = <xr lang=""ceb"" target=""#mi-""><sc>mi-</sc></xr>.
</trans>
</sense></hom></entry>");
INSERT INTO `wced_head` (entryid, head, normalized_head, type, pos) VALUES (12501, "ming-", "ming-", "m", "");
INSERT INTO `wced_entry` VALUES (12502, "ming", "684", "<entry page=""684"" id=""12502""><form id=""mixng"" lang=""ceb"">míng</form>
<hom role=""n""><pos>n</pos>
<sense n=""1""><number>1</number><trans> sound used to call cats. </trans>
</sense>
<sense n=""2""><number>2</number><trans> baby talk for a cat.
</trans>
</sense></hom></entry>");
INSERT INTO `wced_head` (entryid, head, normalized_head, type, pos) VALUES (12502, "míng", "ming", "m", "n");
INSERT INTO `wced_entry` VALUES (12503, "mingaw", "684", "<entry page=""684"" id=""12503""><form id=""mixngaw"" lang=""ceb"">míngaw</form>
<hom role=""a""><pos>a</pos>
<sense n=""1""><number>1</number><trans> <tr>lonely</tr>, <tr>deserted</tr>. </trans>
<eg><i lang=""ceb"">Míngaw ang balay, kay nanáug ang tanan,</i><trans> The house is deserted because everyone went out. </trans></eg>
</sense>
<sense n=""2""><number>2</number><trans> <tr>lonely</tr> in feeling. </trans>
<eg><i lang=""ceb"">Míngaw ang syudad ug istranyu ka,</i><trans> A city is a lonely place for a stranger. </trans></eg>
</sense></hom>
<hom role=""v""><pos>v</pos>
<sense n=""1""><number>1</number> <itype>[B; b6]</itype><trans> be lonely, quiet. </trans>
<eg><i lang=""ceb"">Nagmingaw ka man gud, ikaw ra bang usa?</i><trans> You seem to be lonely. Are you alone? </trans></eg>
</sense>
<sense n=""2""><number>2</number> <itype>[a4b3]</itype><trans> feel <tr>homesick</tr>, miss s.o. </trans>
<eg><i lang=""ceb"">Wà ka ba mingáwa (mingawa) sa ímung mga bátà?</i><trans> Didn’t you miss your children? </trans></eg>
<eg><i lang=""ceb"">Buut akung magpaduul gayud sa namingáwan (gikamingáwan) kung asáwa,</i><trans> I want very much to be near my wife whom I miss so much. </trans></eg>
</sense></hom>
<entry><form id=""mixngaw_sa_gunting"" lang=""ceb""><abbr expan=""míngaw"" type=""lemma"">—</abbr> sa gunting</form>
<hom role=""v""><pos>v</pos>
<sense n=""0""> <itype>[a12]</itype><trans> for hair to be uncut (humorous). </trans>
<eg><i lang=""ceb"">Ang buhuk sa mga Bítuls gimíngaw sa gunting,</i><trans> The Beatles’ hair is lonely for the scissors. </trans></eg>
</sense></hom></entry>
<entry><form id=""kamixngaw"" lang=""ceb""><abbr expan=""kamíngaw"" type=""lemma"">ka-</abbr></form>
<hom role=""n""><pos>n</pos>
<sense n=""0""><trans> <tr>loneliness</tr>, <tr>homesickness</tr>. </trans>
</sense></hom></entry>
<entry><form id=""mamixngaw"" lang=""ceb""><abbr expan=""mamíngaw"" type=""lemma"">ma-</abbr></form>
<hom role=""a""><pos>a</pos>
<sense n=""0""><trans> <tr>quiet</tr>, <tr>silent</tr>. </trans>
<eg><i lang=""ceb"">Mamíngaw nga kagabhíun,</i><trans> Quiet night. </trans></eg>
</sense></hom></entry>
<entry><form id=""mamingaxwun"" lang=""ceb""><abbr expan=""mamingáwun"" type=""lemma"">ma-un</abbr></form>
<hom role=""a""><pos>a</pos>
<sense n=""0""><trans> <tr>lonely</tr>. </trans>
<eg><i lang=""ceb"">Mamingáwun kaáyu siya sukad mamatay ang íyang bána,</i><trans> She has been lonely since her husband died. </trans></eg>
</sense></hom></entry>
<entry><form id=""kamingaxwan"" lang=""ceb""><abbr expan=""kamingáwan"" type=""lemma"">ka-an</abbr></form>
<hom role=""a""><pos>a</pos>
<sense n=""0""><trans> lonely, deserted place. </trans>
<eg><i lang=""ceb"">Nagtubù siya sa kamingáwan sa kabukíran,</i><trans> He grew up in the lonely mountains.
</trans></eg>
</sense></hom></entry></entry>");
INSERT INTO `wced_head` (entryid, head, normalized_head, type, pos) VALUES (12503, "míngaw", "mingaw", "m", "av");
INSERT INTO `wced_head` (entryid, head, normalized_head, type, pos) VALUES (12503, "míngaw sa gunting", "mingaw sa gunting", "s", "v");
INSERT INTO `wced_head` (entryid, head, normalized_head, type, pos) VALUES (12503, "kamíngaw", "kamingaw", "s", "n");
INSERT INTO `wced_head` (entryid, head, normalized_head, type, pos) VALUES (12503, "mamíngaw", "mamingaw", "s", "a");
INSERT INTO `wced_head` (entryid, head, normalized_head, type, pos) VALUES (12503, "mamingáwun", "mamingawun", "s", "a");
INSERT INTO `wced_head` (entryid, head, normalized_head, type, pos) VALUES (12503, "kamingáwan", "kamingawan", "s", "a");
INSERT INTO `wced_translation` (entryid, translation) VALUES (12503, "lonely");
INSERT INTO `wced_translation` (entryid, translation) VALUES (12503, "deserted");
INSERT INTO `wced_translation` (entryid, translation) VALUES (12503, "homesick");
INSERT INTO `wced_translation` (entryid, translation) VALUES (12503, "loneliness");
INSERT INTO `wced_translation` (entryid, translation) VALUES (12503, "homesickness");
INSERT INTO `wced_translation` (entryid, translation) VALUES (12503, "quiet");
INSERT INTO `wced_translation` (entryid, translation) VALUES (12503, "silent");
INSERT INTO `wced_entry` VALUES (12504, "minghuy", "684", "<entry page=""684"" id=""12504""><form id=""minghuy"" lang=""ceb"">minghuy</form>
<hom>
<sense n=""0""><trans> = <xr lang=""ceb"" target=""#pinghuy""><sc>pinghuy</sc></xr>.
</trans>
</sense></hom></entry>");
INSERT INTO `wced_head` (entryid, head, normalized_head, type, pos) VALUES (12504, "minghuy", "minghuy", "m", "");
INSERT INTO `wced_entry` VALUES (12505, "mingkay", "684", "<entry page=""684"" id=""12505""><form id=""mingkay"" lang=""ceb"">mingkay</form>
<hom role=""n""><pos>n</pos>
<sense n=""0""><trans> endearing term for a cat.
</trans>
</sense></hom></entry>");
INSERT INTO `wced_head` (entryid, head, normalized_head, type, pos) VALUES (12505, "mingkay", "mingkay", "m", "n");
INSERT INTO `wced_entry` VALUES (12506, "mingming", "684", "<entry page=""684"" id=""12506""><form id=""mingming"" lang=""ceb"">mingming</form>
<hom>
<sense n=""0""><trans> = <xr lang=""ceb"" target=""#mixng""><sc>míng</sc></xr>.
</trans>
</sense></hom></entry>");
INSERT INTO `wced_head` (entryid, head, normalized_head, type, pos) VALUES (12506, "mingming", "mingming", "m", "");
INSERT INTO `wced_entry` VALUES (12507, "mini", "684", "<entry page=""684"" id=""12507""><form id=""miniq"" lang=""ceb"">minì</form>
<hom role=""a""><pos>a</pos>
<sense n=""1""><number>1</number><trans> <tr>unintelligent</tr>. </trans>
<eg><i lang=""ceb"">Lisud ikasulti ning minì kay láin ug tubag,</i><trans> It is difficult to talk with an unintelligent person because he can’t answer to the point. </trans></eg>
</sense>
<sense n=""2""><number>2</number><trans> <tr>fake</tr>, <tr>counterfeit</tr>. </trans>
<eg><i lang=""ceb"">Kwartang minì,</i><trans> Counterfeit money. </trans></eg>
<eg><i lang=""ceb"">Diplúmang minì,</i><trans> Fake diploma.
</trans></eg>
</sense></hom></entry>");
INSERT INTO `wced_head` (entryid, head, normalized_head, type, pos) VALUES (12507, "minì", "mini", "m", "a");
INSERT INTO `wced_translation` (entryid, translation) VALUES (12507, "unintelligent");
INSERT INTO `wced_translation` (entryid, translation) VALUES (12507, "fake");
INSERT INTO `wced_translation` (entryid, translation) VALUES (12507, "counterfeit");
INSERT INTO `wced_entry` VALUES (12508, "min-ibin, min-ibint", "684", "<entry page=""684"" id=""12508""><form id=""min-ibin_min-ibint"" lang=""ceb"">min-ibin, min-ibint</form>
<hom role=""n""><pos>n</pos>
<sense n=""0""><trans> main event in boxing. </trans>
</sense></hom>
<hom role=""v""><pos>v</pos>
<sense n=""0""> <itype>[A13]</itype><trans> hold a main event. †
</trans>
</sense></hom></entry>");
INSERT INTO `wced_head` (entryid, head, normalized_head, type, pos) VALUES (12508, "min-ibin", "min-ibin", "s", "nv");
INSERT INTO `wced_head` (entryid, head, normalized_head, type, pos) VALUES (12508, "min-ibint", "min-ibint", "s", "nv");
INSERT INTO `wced_entry` VALUES (12509, "minimu2, minimum", "684", "<entry page=""684"" id=""12509""><form id=""minimu2_minimum"" lang=""ceb"">minimu<sub>2</sub>, minimum</form>
<hom role=""n""><pos>n</pos>
<sense n=""0""><trans> <tr>minimum wage</tr>. </trans>
<eg><i lang=""ceb"">Sayis ang adlaw ang minimu karun,</i><trans> The minimum wage is six pesos a day. </trans></eg>
</sense></hom>
<hom role=""v""><pos>v</pos>
<sense n=""0""> <itype>[A; c1]</itype><trans> pay a minimum wage.
</trans>
</sense></hom></entry>");
INSERT INTO `wced_head` (entryid, head, normalized_head, type, pos) VALUES (12509, "minimu", "minimu", "s", "nv");
INSERT INTO `wced_head` (entryid, head, normalized_head, type, pos) VALUES (12509, "minimum", "minimum", "s", "nv");
INSERT INTO `wced_translation` (entryid, translation) VALUES (12509, "minimum wage");
INSERT INTO `wced_entry` VALUES (12510, "minindyaytis", "684", "<entry page=""684"" id=""12510""><form id=""minindyaytis"" lang=""ceb"">minindyaytis</form>
<hom role=""n""><pos>n</pos>
<sense n=""0""><trans> <tr>meningitis</tr>. </trans>
</sense></hom>
<hom role=""v""><pos>v</pos>
<sense n=""0""> <itype>[a4]</itype><trans> be afflicted with meningitis.
</trans>
</sense></hom></entry>");
INSERT INTO `wced_head` (entryid, head, normalized_head, type, pos) VALUES (12510, "minindyaytis", "minindyaytis", "m", "nv");
INSERT INTO `wced_translation` (entryid, translation) VALUES (12510, "meningitis");
INSERT INTO `wced_entry` VALUES (12511, "miniral, miniralis", "684", "<entry page=""684"" id=""12511""><form id=""miniral_miniraxlis"" lang=""ceb"">miniral, minirális</form>
<hom role=""n""><pos>n</pos>
<sense n=""0""><trans> <tr>minerals</tr>. </trans>
<eg><i lang=""ceb"">Miniral nga gikinahanglan sa láwas,</i><trans> Minerals which the body requires. </trans></eg>
<eg><i lang=""ceb"">Ang yútà sa Sibu tugub sa mga miniral,</i><trans> The lands in Cebu are rich in minerals.
</trans></eg>
</sense></hom></entry>");
INSERT INTO `wced_head` (entryid, head, normalized_head, type, pos) VALUES (12511, "miniral", "miniral", "s", "n");
INSERT INTO `wced_head` (entryid, head, normalized_head, type, pos) VALUES (12511, "minirális", "miniralis", "s", "n");
INSERT INTO `wced_translation` (entryid, translation) VALUES (12511, "minerals");
INSERT INTO `wced_entry` VALUES (12512, "minirba", "684", "<entry page=""684"" id=""12512""><form id=""minirba"" lang=""ceb"">minirba</form>
<hom role=""n""><pos>n</pos>
<sense n=""0""><trans> hand-fed printing press (so called from the trade name, Minerva).
</trans>
</sense></hom></entry>");
INSERT INTO `wced_head` (entryid, head, normalized_head, type, pos) VALUES (12512, "minirba", "minirba", "m", "n");
INSERT INTO `wced_entry` VALUES (12513, "miniru", "684", "<entry page=""684"" id=""12513""><form id=""minixru"" lang=""ceb"">miníru</form>
<hom role=""n""><pos>n</pos>
<sense n=""0""><trans> <tr>miner</tr>. </trans>
</sense></hom>
<hom role=""v""><pos>v</pos>
<sense n=""0""> <itype>[B1456]</itype><trans> be a miner.
</trans>
</sense></hom></entry>");
INSERT INTO `wced_head` (entryid, head, normalized_head, type, pos) VALUES (12513, "miníru", "miniru", "m", "nv");
INSERT INTO `wced_translation` (entryid, translation) VALUES (12513, "miner");
INSERT INTO `wced_entry` VALUES (12514, "miniskirt", "684", "<entry page=""684"" id=""12514""><form id=""miniskirt"" lang=""ceb"">miniskirt</form>
<hom role=""n""><pos>n</pos>
<sense n=""0""><trans> <tr>miniskirt</tr>, k.o. skirt that hugs the hips and is <measure reg=""10–13 cm"">2–5″</measure> above the knee. </trans>
</sense></hom>
<hom role=""v""><pos>v</pos>
<sense n=""0""> <itype>[A]</itype><trans> wear a miniskirt.
</trans>
</sense></hom></entry>");
INSERT INTO `wced_head` (entryid, head, normalized_head, type, pos) VALUES (12514, "miniskirt", "miniskirt", "m", "nv");
INSERT INTO `wced_translation` (entryid, translation) VALUES (12514, "miniskirt");
INSERT INTO `wced_entry` VALUES (12515, "ministil", "684", "<entry page=""684"" id=""12515""><form id=""ministil"" lang=""ceb"">ministil</form>
<hom>
<sense n=""0""><trans> <ix>see</ix> <xr lang=""ceb"" target=""#mistil""><sc>mistil</sc></xr>.
</trans>
</sense></hom></entry>");
INSERT INTO `wced_head` (entryid, head, normalized_head, type, pos) VALUES (12515, "ministil", "ministil", "m", "");
INSERT INTO `wced_entry` VALUES (12516, "ministiryu", "684", "<entry page=""684"" id=""12516""><form id=""ministiryu"" lang=""ceb"">ministiryu</form>
<hom role=""n""><pos>n</pos>
<sense n=""0""><trans> divine or religious <tr>ministration</tr>. </trans>
<eg><i lang=""ceb"">Ang ministiryu sa iglisya álang sa kalibútan,</i><trans> The church’s ministry is to the whole world.
</trans></eg>
</sense></hom></entry>");
INSERT INTO `wced_head` (entryid, head, normalized_head, type, pos) VALUES (12516, "ministiryu", "ministiryu", "m", "n");
INSERT INTO `wced_translation` (entryid, translation) VALUES (12516, "ministration");
INSERT INTO `wced_entry` VALUES (12517, "ministru", "684", "<entry page=""684"" id=""12517""><form id=""ministru"" lang=""ceb"">ministru</form>
<hom role=""n""><pos>n</pos>
<sense n=""1""><number>1</number><trans> <tr>minister</tr>, usually of a Protestant church. </trans>
</sense>
<sense n=""2""><number>2</number><trans> minister to a head of state. </trans>
</sense></hom>
<entry><form id=""primir_ministru"" lang=""ceb"">primir <abbr expan=""ministru"" type=""lemma"">—</abbr></form>
<hom>
<sense n=""0""><trans> <tr>prime minister</tr>. </trans>
</sense></hom>
<hom role=""v""><pos>v</pos>
<sense n=""0""> <itype>[B156; a12]</itype><trans> be a church minister or minister to a head of state.
</trans>
</sense></hom></entry></entry>");
INSERT INTO `wced_head` (entryid, head, normalized_head, type, pos) VALUES (12517, "ministru", "ministru", "m", "n");
INSERT INTO `wced_head` (entryid, head, normalized_head, type, pos) VALUES (12517, "primir ministru", "primir ministru", "s", "v");
INSERT INTO `wced_translation` (entryid, translation) VALUES (12517, "minister");
INSERT INTO `wced_translation` (entryid, translation) VALUES (12517, "prime minister");
INSERT INTO `wced_entry` VALUES (12518, "mins", "684", "<entry page=""684"" id=""12518""><form id=""mixns"" lang=""ceb"">míns</form>
<hom role=""n""><pos>n</pos>
<sense n=""0""><trans> <tr>menstruation</tr>. </trans>
</sense></hom>
<hom role=""v""><pos>v</pos>
<sense n=""0""> <itype>[A13; a4]</itype><trans> have menstruation. </trans>
<eg><i lang=""ceb"">Ayaw kalígug magmíns (minsun) ka,</i><trans> Don’t bathe if you’re menstruating.
</trans></eg>
</sense></hom></entry>");
INSERT INTO `wced_head` (entryid, head, normalized_head, type, pos) VALUES (12518, "míns", "mins", "m", "nv");
INSERT INTO `wced_translation` (entryid, translation) VALUES (12518, "menstruation");
INSERT INTO `wced_entry` VALUES (12519, "minsahi", "684", "<entry page=""684"" id=""12519""><form id=""minsaxhi"" lang=""ceb"">minsáhi</form>
<hom role=""n""><pos>n</pos>
<sense n=""1""><number>1</number><trans> message left for s.o. </trans>
<eg><i lang=""ceb"">Nagbílin bag minsáhi ang mitilipunu nákù?</i><trans> Did the man who called me leave a message? </trans></eg>
</sense>
<sense n=""2""><number>2</number><trans> <tr>message</tr>. </trans>
<eg><i lang=""ceb"">Ang minsáhi sa Santu Pápa,</i><trans> The Pope’s message. </trans></eg>
</sense></hom>
<entry><form id=""minsahiru"" lang=""ceb""><abbr expan=""minsahiru"" type=""lemma"">-ru</abbr></form>
<hom role=""n""><pos>n</pos>
<sense n=""0""><trans> <tr>messenger</tr>. </trans>
</sense></hom>
<hom role=""v""><pos>v</pos>
<sense n=""0""> <itype>[B156; a2]</itype><trans> be, become a messenger.
</trans>
</sense></hom></entry></entry>");
INSERT INTO `wced_head` (entryid, head, normalized_head, type, pos) VALUES (12519, "minsáhi", "minsahi", "m", "n");
INSERT INTO `wced_head` (entryid, head, normalized_head, type, pos) VALUES (12519, "minsahiru", "minsahiru", "s", "nv");
INSERT INTO `wced_translation` (entryid, translation) VALUES (12519, "message");
INSERT INTO `wced_translation` (entryid, translation) VALUES (12519, "messenger");
INSERT INTO `wced_entry` VALUES (12520, "mintal", "684", "<entry page=""684"" id=""12520""><form id=""mintal"" lang=""ceb"">mintal</form>
<hom role=""n""><pos>n</pos>
<sense n=""0""><trans> <tr>mental hospital</tr>. </trans>
</sense></hom>
<hom role=""v""><pos>v</pos>
<sense n=""0""> <itype>[B1256]</itype><trans> wind up in a mental hospital. </trans>
<eg><i lang=""ceb"">Ayaw pagpalábig hunàhúnà sa ímung prublíma kay mamintal ka unyà,</i><trans> Don’t worry too much about your problem or you’ll wind up in the loony bin.
</trans></eg>
</sense></hom></entry>");
INSERT INTO `wced_head` (entryid, head, normalized_head, type, pos) VALUES (12520, "mintal", "mintal", "m", "nv");
INSERT INTO `wced_translation` (entryid, translation) VALUES (12520, "mental hospital");
INSERT INTO `wced_entry` VALUES (12521, "mintalidad", "684", "<entry page=""684"" id=""12521""><form id=""mintalidad"" lang=""ceb"">mintalidad</form>
<hom role=""n""><pos>n</pos>
<sense n=""0""><trans> <tr>mentality</tr>, <tr>mental ability</tr> or way of thinking. </trans>
<eg><i lang=""ceb"">Mubù kaáyug mintalidad ang mga bátà sa ákung klási,</i><trans> The children in my class are of a low mental ability. </trans></eg>
<eg><i lang=""ceb"">Mau nay mintalidad sa mga batan-un karun,</i><trans> That’s the way young people think these days.
</trans></eg>
</sense></hom></entry>");
INSERT INTO `wced_head` (entryid, head, normalized_head, type, pos) VALUES (12521, "mintalidad", "mintalidad", "m", "n");
INSERT INTO `wced_translation` (entryid, translation) VALUES (12521, "mentality");
INSERT INTO `wced_translation` (entryid, translation) VALUES (12521, "mental ability");
INSERT INTO `wced_entry` VALUES (12522, "mintira", "684", "<entry page=""684"" id=""12522""><form id=""mintira"" lang=""ceb"">mintira</form>
<hom role=""a""><pos>a</pos>
<sense n=""0""><trans> pronouncing words with phonemes metathesized, e.g. <ix>balyu</ix> for <ix>baylu, sùdan</ix> for <ix>sud-an</ix>, etc. </trans>
</sense></hom>
<hom role=""v""><pos>v</pos>
<sense n=""0""> <itype>[B; c1]</itype><trans> pronounce words with phonemes reversed. </trans>
<eg><i lang=""ceb"">Nagmintíra ang íyang ubang púlung kay natakdan sa mga taga Simala,</i><trans> He pronounces some of his words with the sounds reversed because his speech is influenced by the Simala speech.
</trans></eg>
</sense></hom></entry>");
INSERT INTO `wced_head` (entryid, head, normalized_head, type, pos) VALUES (12522, "mintira", "mintira", "m", "av");
INSERT INTO `wced_entry` VALUES (12523, "mintiryu", "684", "<entry page=""684"" id=""12523""><form id=""mintiryu"" lang=""ceb"">mintiryu</form>
<hom role=""n""><pos>n</pos>
<sense n=""0""><trans> <tr>cemetery</tr>. </trans>
</sense></hom>
<hom role=""v""><pos>v</pos>
<sense n=""0""> <itype>[B1256]</itype><trans> <tr>die</tr> (lit. go to the cemetery). </trans>
<eg><i lang=""ceb"">Sa ímung kabágis mamintiryu giyud kag sayu,</i><trans> You are such a ruffian you won’t live long.
</trans></eg>
</sense></hom></entry>");
INSERT INTO `wced_head` (entryid, head, normalized_head, type, pos) VALUES (12523, "mintiryu", "mintiryu", "m", "nv");
INSERT INTO `wced_translation` (entryid, translation) VALUES (12523, "cemetery");
INSERT INTO `wced_translation` (entryid, translation) VALUES (12523, "die");
INSERT INTO `wced_entry` VALUES (12524, "mintras", "684", "<entry page=""684"" id=""12524""><form id=""mintras"" lang=""ceb"">mintras</form>
<hom>
<sense n=""0""><trans> while, during or the time that. </trans>
<eg><i lang=""ceb"">Mintras naghulat ka, pagkalingawg basabása dihà,</i><trans> While you are waiting, just amuse yourself reading. </trans></eg>
<eg><i lang=""ceb"">Paglípay mintras búhì pa,</i><trans> Enjoy yourself while you’re still alive. </trans></eg>
</sense></hom>
<entry><form id=""mintras_tantu"" lang=""ceb""><abbr expan=""mintras"" type=""lemma"">—</abbr> tantu</form>
<hom>
<sense n=""1""><number>1</number><trans> = <xr lang=""ceb"" target=""#mintras""><sc>mintras</sc></xr>. </trans>
</sense>
<sense n=""2""><number>2</number><trans> for the time being. </trans>
<eg><i lang=""ceb"">Lápis lay gamíta mintras tantu nga wà tay bulpin,</i><trans> Just use a pencil for the time being since <pb n=""685""/>we have no ball point pen.
</trans></eg>
</sense></hom></entry></entry>");
INSERT INTO `wced_head` (entryid, head, normalized_head, type, pos) VALUES (12524, "mintras", "mintras", "m", "");
INSERT INTO `wced_head` (entryid, head, normalized_head, type, pos) VALUES (12524, "mintras tantu", "mintras tantu", "s", "");
INSERT INTO `wced_entry` VALUES (12525, "mintul", "685", "<entry page=""685"" id=""12525""><form id=""mintul"" lang=""ceb"">mintul</form>
<hom role=""n""><pos>n</pos>
<sense n=""0""><trans> <tr>mentholated candy</tr>.
</trans>
</sense></hom></entry>");
INSERT INTO `wced_head` (entryid, head, normalized_head, type, pos) VALUES (12525, "mintul", "mintul", "m", "n");
INSERT INTO `wced_translation` (entryid, translation) VALUES (12525, "mentholated candy");
INSERT INTO `wced_entry` VALUES (12526, "minu", "685", "<entry page=""685"" id=""12526""><form id=""mixnuq"" lang=""ceb"">mínù</form>
<hom role=""n""><pos>n</pos></hom>
<hom role=""a""><pos>a</pos>
<sense n=""0""><trans> magic spell cast by supernatural inhabitants of forested areas on persons wandering in their area. The victim is caused to see mirages and loses his way. The mirage may consist of trails diverging from the main path or thick underbush, so that the trail vanishes, or a person whom the traveler follows and then vanishes. The spell may last for days but can be counteracted if the victim removes his clothing and puts it back on inside out. </trans>
</sense></hom>
<hom role=""v""><pos>v</pos>
<sense n=""0""> <itype>[a4]</itype><trans> be lost because of the <ix>mínù</ix> spell.
</trans>
</sense></hom></entry>");
INSERT INTO `wced_head` (entryid, head, normalized_head, type, pos) VALUES (12526, "mínù", "minu", "m", "nav");
INSERT INTO `wced_entry` VALUES (12527, "minudu", "685", "<entry page=""685"" id=""12527""><form id=""minuxdu"" lang=""ceb"">minúdu</form>
<hom role=""a""><pos>a</pos>
<sense n=""0""><trans> sold in small quantities. </trans>
<eg><i lang=""ceb"">Binaskit giyud ang sambag, dílì minúdu,</i><trans> You have to buy the tamarinds by the basket; you can’t buy just a few. </trans></eg>
</sense></hom>
<hom role=""v""><pos>v</pos>
<sense n=""0""> <itype>[A; c1]</itype><trans> sell in small quantity or amount. </trans>
</sense></hom>
<entry><form id=""paminuxdu"" lang=""ceb""><abbr expan=""paminúdu"" type=""lemma"">pa-</abbr></form>
<hom role=""v""><pos>v</pos>
<sense n=""0""> <itype>[c6]</itype><trans> for a young woman to engage in sex occasionally. </trans>
<eg><i lang=""ceb"">Ayaw ipaminúdu ang ímung pagkababáyi,</i><trans> Don’t sell your virtue bit by bit (i.e. don’t give in to sexual advances).
</trans></eg>
</sense></hom></entry></entry>");
INSERT INTO `wced_head` (entryid, head, normalized_head, type, pos) VALUES (12527, "minúdu", "minudu", "m", "av");
INSERT INTO `wced_head` (entryid, head, normalized_head, type, pos) VALUES (12527, "paminúdu", "paminudu", "s", "v");
INSERT INTO `wced_entry` VALUES (12528, "minuldi", "685", "<entry page=""685"" id=""12528""><form id=""minuldi"" lang=""ceb"">minuldi</form>
<hom>
<sense n=""0""><trans> <ix>see</ix> <xr lang=""ceb"" target=""#muldi""><sc>muldi</sc></xr>.
</trans>
</sense></hom></entry>");
INSERT INTO `wced_head` (entryid, head, normalized_head, type, pos) VALUES (12528, "minuldi", "minuldi", "m", "");
INSERT INTO `wced_entry` VALUES (12529, "minunga", "685", "<entry page=""685"" id=""12529""><form id=""minuxnga"" lang=""ceb"">minúnga</form>
<hom>
<sense n=""0""><trans> = <xr lang=""ceb"" target=""#binuxnga""><sc>binúnga</sc></xr>.
</trans>
</sense></hom></entry>");
INSERT INTO `wced_head` (entryid, head, normalized_head, type, pos) VALUES (12529, "minúnga", "minunga", "m", "");
INSERT INTO `wced_entry` VALUES (12530, "min-upis", "685", "<entry page=""685"" id=""12530""><form id=""min-uxpis"" lang=""ceb"">min-úpis</form>
<hom role=""n""><pos>n</pos>
<sense n=""0""><trans> <tr>main office</tr>.
</trans>
</sense></hom></entry>");
INSERT INTO `wced_head` (entryid, head, normalized_head, type, pos) VALUES (12530, "min-úpis", "min-upis", "m", "n");
INSERT INTO `wced_translation` (entryid, translation) VALUES (12530, "main office");
INSERT INTO `wced_entry` VALUES (12531, "minur1", "685", "<entry page=""685"" id=""12531""><form id=""minur"" lang=""ceb"">minur<sub>1</sub></form>
<hom role=""n""><pos>n</pos>
<sense n=""1""><number>1</number><trans> in <tr>low gear</tr> or speed. </trans>
<eg><i lang=""ceb"">Gibutang ku sa minur ang mútur,</i><trans> I put the motorcycle at low gear. </trans></eg>
</sense>
<sense n=""2""><number>2</number><trans> for engines to be revolving at slow speed, idling speed. </trans>
</sense></hom>
<hom role=""v""><pos>v</pos>
<sense n=""0""> <itype>[B6; b7c]</itype><trans> for an engine to slow down. </trans>
<eg><i lang=""ceb"">Wà siya muminur sa kurbáda,</i><trans> He didn’t slow down at the curve. </trans></eg>
<eg><i lang=""ceb"">Ningminur ang dágan sa makina kay way gasulína,</i><trans> The engine slowed down because it ran out of gasoline. </trans></eg>
</sense></hom>
<entry><form id=""minurmixnur"" lang=""ceb"">minurmínur</form>
<hom role=""v""><pos>v</pos>
<sense n=""0""> <itype>[b7]</itype><trans> decrease the intensity of, or the amount of work. </trans>
<eg><i lang=""ceb"">Minurminúri lang ang ímung káun arun dílì ka mutambuk,</i><trans> Decrease your food intake so that you will not grow fat.
</trans></eg>
</sense></hom></entry></entry>");
INSERT INTO `wced_head` (entryid, head, normalized_head, type, pos) VALUES (12531, "minur", "minur", "s", "nv");
INSERT INTO `wced_head` (entryid, head, normalized_head, type, pos) VALUES (12531, "minurmínur", "minurminur", "s", "v");
INSERT INTO `wced_translation` (entryid, translation) VALUES (12531, "low gear");
INSERT INTO `wced_entry` VALUES (12532, "minur2", "685", "<entry page=""685"" id=""12532""><form id=""minur2"" lang=""ceb"">minur<sub>2</sub></form>
<hom role=""n""><pos>n</pos>
<sense n=""1""><number>1</number><trans> <tr>minor key</tr>. </trans>
</sense>
<sense n=""2""><number>2</number><trans> <tr>minor chord</tr>. </trans>
</sense>
<sense n=""3""><number>3</number><trans> songs in a minor key.
</trans>
</sense></hom></entry>");
INSERT INTO `wced_head` (entryid, head, normalized_head, type, pos) VALUES (12532, "minur", "minur", "s", "n");
INSERT INTO `wced_translation` (entryid, translation) VALUES (12532, "minor key");
INSERT INTO `wced_translation` (entryid, translation) VALUES (12532, "minor chord");
INSERT INTO `wced_entry` VALUES (12533, "minur diidad", "685", "<entry page=""685"" id=""12533""><form id=""minur_diidad"" lang=""ceb"">minur diidad</form>
<hom role=""n""><pos>n</pos>
<sense n=""0""><trans> <tr>minor in age</tr>.
</trans>
</sense></hom></entry>");
INSERT INTO `wced_head` (entryid, head, normalized_head, type, pos) VALUES (12533, "minur diidad", "minur diidad", "m", "n");
INSERT INTO `wced_translation` (entryid, translation) VALUES (12533, "minor in age");
INSERT INTO `wced_entry` VALUES (12534, "minuriya", "685", "<entry page=""685"" id=""12534""><form id=""minurixya"" lang=""ceb"">minuríya</form>
<hom role=""n""><pos>n</pos>
<sense n=""0""><trans> <tr>minority</tr>.
</trans>
</sense></hom></entry>");
INSERT INTO `wced_head` (entryid, head, normalized_head, type, pos) VALUES (12534, "minuríya", "minuriya", "m", "n");
INSERT INTO `wced_translation` (entryid, translation) VALUES (12534, "minority");
INSERT INTO `wced_entry` VALUES (12535, "minus", "685", "<entry page=""685"" id=""12535""><form id=""mixnus"" lang=""ceb"">mínus</form>
<hom role=""a""><pos>a</pos>
<sense n=""1""><number>1</number><trans> <tr>few</tr>, <tr>less in quantity</tr>. </trans>
<eg><i lang=""ceb"">Mínus ang abut run kay húlaw,</i><trans> The yield is lower this time because of the long drought. </trans></eg>
<eg><i lang=""ceb"">Mínus kaáyu ang pumapálit ánang klasíhas panaptun,</i><trans> Few buy that kind of cloth. </trans></eg>
</sense>
<sense n=""2""><number>2</number><trans> <tr>low</tr>. </trans>
<eg><i lang=""ceb"">Mínus ang grádu,</i><trans> Having low marks. </trans></eg>
</sense>
<sense n=""3""><number>3</number><trans> <tr>inferior in quality</tr>. </trans>
<eg><i lang=""ceb"">Ayawg palit íni kay mínus kaáyung klasíha,</i><trans> Don’t buy this because it’s an inferior sort. </trans></eg>
</sense>
<sense n=""4""><number>4</number><trans> <tr>slow in comprehension</tr>. </trans>
<eg><i lang=""ceb"">Ikaw kay mínus ka, dílì dáyun makasabut,</i><trans> Because you are slow in comprehension you don’t get it right. </trans></eg>
</sense></hom>
<hom role=""v""><pos>v</pos>
<sense n=""0""> <itype>[APB6; b7]</itype><trans> <tr>lower</tr> or <tr>reduce</tr>; be less, get scarce. </trans>
<eg><i lang=""ceb"">Dílì giyud mumínus (mamínus) sa kinyintus ang ákung kítà,</i><trans> My income will not be less than five hundred pesos. </trans></eg>
</sense></hom>
<entry><form id=""minus"" lang=""ceb""><abbr expan=""minus"" type=""lemma"">(→)</abbr></form>
<hom role=""v""><pos>v</pos>
<sense n=""0""> <itype>[A12; b]</itype><trans> look down haughtily on s.t. </trans>
<eg><i lang=""ceb"">Nakaminus ka nákù nga biyà may ímung ihátag?</i><trans> Do you look down on me since you give me the rejects? </trans></eg>
<eg><i lang=""ceb"">Gikaminusan níla ang ímung trabáhu,</i><trans> They look down on the kind of job you have.
</trans></eg>
</sense></hom></entry></entry>");
INSERT INTO `wced_head` (entryid, head, normalized_head, type, pos) VALUES (12535, "mínus", "minus", "m", "av");
INSERT INTO `wced_head` (entryid, head, normalized_head, type, pos) VALUES (12535, "minus", "minus", "s", "v");
INSERT INTO `wced_translation` (entryid, translation) VALUES (12535, "few");
INSERT INTO `wced_translation` (entryid, translation) VALUES (12535, "less in quantity");
INSERT INTO `wced_translation` (entryid, translation) VALUES (12535, "low");
INSERT INTO `wced_translation` (entryid, translation) VALUES (12535, "inferior in quality");
INSERT INTO `wced_translation` (entryid, translation) VALUES (12535, "slow in comprehension");
INSERT INTO `wced_translation` (entryid, translation) VALUES (12535, "lower");
INSERT INTO `wced_translation` (entryid, translation) VALUES (12535, "reduce");
INSERT INTO `wced_entry` VALUES (12536, "minuskula", "685", "<entry page=""685"" id=""12536""><form id=""minuskula"" lang=""ceb"">minuskula</form>
<hom role=""n""><pos>n</pos>
<sense n=""0""><trans> <tr>lower case letters</tr>.
</trans>
</sense></hom></entry>");
INSERT INTO `wced_head` (entryid, head, normalized_head, type, pos) VALUES (12536, "minuskula", "minuskula", "m", "n");
INSERT INTO `wced_translation` (entryid, translation) VALUES (12536, "lower case letters");
INSERT INTO `wced_entry` VALUES (12537, "minutiru", "685", "<entry page=""685"" id=""12537""><form id=""minutixru"" lang=""ceb"">minutíru</form>
<hom role=""n""><pos>n</pos>
<sense n=""0""><trans> <tr>minute hand</tr> of a clock.
</trans>
</sense></hom></entry>");
INSERT INTO `wced_head` (entryid, head, normalized_head, type, pos) VALUES (12537, "minutíru", "minutiru", "m", "n");
INSERT INTO `wced_translation` (entryid, translation) VALUES (12537, "minute hand");
INSERT INTO `wced_entry` VALUES (12538, "minutu", "685", "<entry page=""685"" id=""12538""><form id=""minuxtu"" lang=""ceb"">minútu</form>
<hom role=""n""><pos>n</pos>
<sense n=""0""><trans> <tr>minute</tr>. </trans>
<eg><i lang=""ceb"">Lima na lang ka minútu sa dílì pa ang alas singku,</i><trans> It is five minutes before five o’clock. </trans></eg>
</sense></hom>
<entry><form id=""minuxtus"" lang=""ceb""><abbr expan=""minútus"" type=""lemma"">-s</abbr></form>
<hom>
<sense n=""0""><trans> <tr>minutes</tr> (used after the numbers of Spanish origin). </trans>
<eg><i lang=""ceb"">Dus minútus,</i><trans> Two minutes. <ix>see also</ix> <xr lang=""ceb"" target=""#unminuxtu""><sc>unminútu</sc></xr>.
</trans></eg>
</sense></hom></entry></entry>");
INSERT INTO `wced_head` (entryid, head, normalized_head, type, pos) VALUES (12538, "minútu", "minutu", "m", "n");
INSERT INTO `wced_head` (entryid, head, normalized_head, type, pos) VALUES (12538, "minútus", "minutus", "s", "");
INSERT INTO `wced_translation` (entryid, translation) VALUES (12538, "minute");
INSERT INTO `wced_translation` (entryid, translation) VALUES (12538, "minutes");
INSERT INTO `wced_entry` VALUES (12539, "minyak, minyat", "685", "<entry page=""685"" id=""12539""><form id=""minyak_minyat"" lang=""ceb"">minyak, minyat</form>
<hom role=""n""><pos>n</pos>
<sense n=""0""><trans> k.o. small musk shrew.
</trans>
</sense></hom></entry>");
INSERT INTO `wced_head` (entryid, head, normalized_head, type, pos) VALUES (12539, "minyak", "minyak", "s", "n");
INSERT INTO `wced_head` (entryid, head, normalized_head, type, pos) VALUES (12539, "minyat", "minyat", "s", "n");
INSERT INTO `wced_entry` VALUES (12540, "minyu", "685", "<entry page=""685"" id=""12540""><form id=""minyuq"" lang=""ceb"">minyù</form>
<hom role=""a""><pos>a</pos>
<sense n=""0""><trans> <tr>married</tr>. </trans>
<eg><i lang=""ceb"">Pagdagínut na kay minyù ka na,</i><trans> Be thrifty because you’re married now. </trans></eg>
<eg><i lang=""ceb"">Daghan sa mga minyù nga nanagbúlag,</i><trans> Many married couples have separated. </trans></eg>
</sense></hom>
<hom role=""v""><pos>v</pos>
<sense n=""0""> <itype>[B16C; ab]</itype><trans> get married. </trans>
<eg><i lang=""ceb"">Gustu na si Rumulítu nga magminyù,</i><trans> Romulito wants to get married now. </trans></eg>
<eg><i lang=""ceb"">Ug maminyù na ku,</i><trans> When I am married. </trans></eg>
<eg><i lang=""ceb"">Makigminyù na ang ákung trátu,</i><trans> My girl friend wants to get married now. </trans></eg>
<eg><i lang=""ceb"">Minyúun (paminyúun) sila arun dì magkawatkawat sa gawas,</i><trans> Let’s let them get married so they won’t be meeting outside in secret. </trans></eg>
<eg><i lang=""ceb"">Gipaburusan siya, piru wà minyúi,</i><trans> He made her pregnant but did not marry her. </trans></eg>
</sense></hom>
<entry><form id=""kaminyuxun"" lang=""ceb""><abbr expan=""kaminyúun"" type=""lemma"">ka-un</abbr></form>
<hom role=""n""><pos>n</pos>
<sense n=""0""><trans> <tr>marriage</tr>. </trans>
<eg><i lang=""ceb"">Gihiúsa sila sa kaminyúun,</i><trans> They were united in marriage. </trans></eg>
<eg><i lang=""ceb"">Kinabúhì sa kaminyúun,</i><trans> Married life. </trans></eg>
</sense></hom></entry>
<entry><form id=""magmilinyuq"" lang=""ceb""><abbr expan=""magmilinyù"" type=""lemma"">mag-l-</abbr></form>
<hom role=""n""><pos>n</pos>
<sense n=""0""><trans> about to get married.
</trans>
</sense></hom></entry></entry>");
INSERT INTO `wced_head` (entryid, head, normalized_head, type, pos) VALUES (12540, "minyù", "minyu", "m", "av");
INSERT INTO `wced_head` (entryid, head, normalized_head, type, pos) VALUES (12540, "kaminyúun", "kaminyuun", "s", "n");
INSERT INTO `wced_head` (entryid, head, normalized_head, type, pos) VALUES (12540, "magmilinyù", "magmilinyu", "s", "n");
INSERT INTO `wced_translation` (entryid, translation) VALUES (12540, "married");
INSERT INTO `wced_translation` (entryid, translation) VALUES (12540, "marriage");
INSERT INTO `wced_entry` VALUES (12541, "mira", "685", "<entry page=""685"" id=""12541""><form id=""mixra"" lang=""ceb"">míra</form>
<hom role=""n""><pos>n</pos>
<sense n=""0""><trans> <tr>myrrh</tr>.
</trans>
</sense></hom></entry>");
INSERT INTO `wced_head` (entryid, head, normalized_head, type, pos) VALUES (12541, "míra", "mira", "m", "n");
INSERT INTO `wced_translation` (entryid, translation) VALUES (12541, "myrrh");
INSERT INTO `wced_entry` VALUES (12542, "mirakul", "685", "<entry page=""685"" id=""12542""><form id=""mirakul"" lang=""ceb"">mirakul</form>
<hom role=""a""><pos>a</pos>
<sense n=""0""><trans> persons short in height (humorous—so called from miracle rice, a newly developed variety of rice which ripens rapidly). </trans>
</sense></hom>
<entry><form id=""mirakul_rayis"" lang=""ceb""><abbr expan=""mirakul"" type=""lemma"">—</abbr> rayis</form>
<hom role=""n""><pos>n</pos>
<sense n=""0""><trans> <tr>miracle rice</tr>.
</trans>
</sense></hom></entry></entry>");
INSERT INTO `wced_head` (entryid, head, normalized_head, type, pos) VALUES (12542, "mirakul", "mirakul", "m", "a");
INSERT INTO `wced_head` (entryid, head, normalized_head, type, pos) VALUES (12542, "mirakul rayis", "mirakul rayis", "s", "n");
INSERT INTO `wced_translation` (entryid, translation) VALUES (12542, "miracle rice");
INSERT INTO `wced_entry` VALUES (12543, "miramira", "685", "<entry page=""685"" id=""12543""><form id=""miramixra"" lang=""ceb"">miramíra</form>
<hom role=""v""><pos>v</pos>
<sense n=""0""> <itype>[A; b]</itype><trans> wave the fingers at s.o. in anger. </trans>
<eg><i lang=""ceb"">Gimiramiráhan ku níya, mu rag si kinsang dunyáha,</i><trans> She waved her fingers at me as if she were some grand señora.
</trans></eg>
</sense></hom></entry>");
INSERT INTO `wced_head` (entryid, head, normalized_head, type, pos) VALUES (12543, "miramíra", "miramira", "m", "v");
INSERT INTO `wced_entry` VALUES (12544, "mirasul", "685", "<entry page=""685"" id=""12544""><form id=""mirasul"" lang=""ceb"">mirasul</form>
<hom role=""n""><pos>n</pos>
<sense n=""0""><trans> <tr>sunflower</tr>: <bio>Helianthus annuus</bio>.
</trans>
</sense></hom></entry>");
INSERT INTO `wced_head` (entryid, head, normalized_head, type, pos) VALUES (12544, "mirasul", "mirasul", "m", "n");
INSERT INTO `wced_translation` (entryid, translation) VALUES (12544, "sunflower");
INSERT INTO `wced_entry` VALUES (12545, "mirida", "685", "<entry page=""685"" id=""12545""><form id=""mirixda"" lang=""ceb"">mirída</form>
<hom role=""n""><pos>n</pos>
<sense n=""0""><trans> <tr>bad omen</tr>, usually portending death of s.o. far away. </trans>
</sense></hom>
<hom role=""v""><pos>v</pos>
<sense n=""0""> <itype>[A13; b(1)]</itype><trans> for a portent of death to appear. </trans>
<eg><i lang=""ceb"">Pagkamatay ni Pidil sa Manílà nagmirída sa íla kay may itum nga alibangbang nga nagtuyuktúyuk,</i><trans> When Fidel died, there was an omen that appeared to them: a black butterfly fluttering about in their house.
</trans></eg>
</sense></hom></entry>");
INSERT INTO `wced_head` (entryid, head, normalized_head, type, pos) VALUES (12545, "mirída", "mirida", "m", "nv");
INSERT INTO `wced_translation` (entryid, translation) VALUES (12545, "bad omen");
INSERT INTO `wced_entry` VALUES (12546, "mirigurawun", "685", "<entry page=""685"" id=""12546""><form id=""miriguraxwun"" lang=""ceb"">miriguráwun</form>
<hom role=""n""><pos>n</pos>
<sense n=""0""><trans> a children’s game in which all the participants hold hands to form a circle; then they let the circle turn singing at the same time.
</trans>
</sense></hom></entry>");
INSERT INTO `wced_head` (entryid, head, normalized_head, type, pos) VALUES (12546, "miriguráwun", "mirigurawun", "m", "n");
INSERT INTO `wced_entry` VALUES (12547, "mirkanu", "685", "<entry page=""685"" id=""12547""><form id=""mirkaxnu"" lang=""ceb"">mirkánu</form>
<hom>
<sense n=""0""><trans> = <xr lang=""ceb"" target=""#amirikaxnu""><sc>amirikánu</sc></xr>.
</trans>
</sense></hom></entry>");
INSERT INTO `wced_head` (entryid, head, normalized_head, type, pos) VALUES (12547, "mirkánu", "mirkanu", "m", "");
INSERT INTO `wced_entry` VALUES (12548, "miriku", "685", "<entry page=""685"" id=""12548""><form id=""miriku"" lang=""ceb"">miriku</form>
<hom role=""n""><pos>n</pos>
<sense n=""0""><trans> folk doctor that treats illnesses of natural or supernatural cause. </trans>
</sense></hom>
<hom role=""v""><pos>v</pos>
<sense n=""1""><number>1</number> <itype>[B156; b(1)]</itype><trans> be, become a folk doctor. </trans>
</sense>
<sense n=""2""><number>2</number> <itype>[A; c1]</itype><trans> <pb n=""686""/>have a sickness treated by a folk doctor. </trans>
<eg><i lang=""ceb"">Imiriku (mirikuha) kanang ímung buyagbuyag,</i><trans> Have a folk doctor take care of that skin ailment. </trans></eg>
</sense></hom>
<entry><form id=""pamiriku"" lang=""ceb""><abbr expan=""pamiriku"" type=""lemma"">pa-</abbr></form>
<hom role=""v""><pos>v</pos>
<sense n=""0""> <itype>[A; c]</itype><trans> go to a folk doctor for treatment.
</trans>
</sense></hom></entry></entry>");
INSERT INTO `wced_head` (entryid, head, normalized_head, type, pos) VALUES (12548, "miriku", "miriku", "m", "nv");
INSERT INTO `wced_head` (entryid, head, normalized_head, type, pos) VALUES (12548, "pamiriku", "pamiriku", "s", "v");
INSERT INTO `wced_entry` VALUES (12549, "mirinda", "686", "<entry page=""686"" id=""12549""><form id=""mirinda"" lang=""ceb"">mirinda</form>
<hom>
<sense n=""0""><trans> = <xr lang=""ceb"" target=""#miryinda""><sc>miryinda</sc></xr>.
</trans>
</sense></hom></entry>");
INSERT INTO `wced_head` (entryid, head, normalized_head, type, pos) VALUES (12549, "mirinda", "mirinda", "m", "");
INSERT INTO `wced_entry` VALUES (12550, "miringgi1", "686", "<entry page=""686"" id=""12550""><form id=""miringgi"" lang=""ceb"">miringgi<sub>1</sub></form>
<hom role=""n""><pos>n</pos>
<sense n=""0""><trans> <tr>meringue</tr>. </trans>
</sense></hom>
<hom role=""v""><pos>v</pos>
<sense n=""0""> <itype>[A; a]</itype><trans> make meringue, put meringue on s.t.
</trans>
</sense></hom></entry>");
INSERT INTO `wced_head` (entryid, head, normalized_head, type, pos) VALUES (12550, "miringgi", "miringgi", "s", "nv");
INSERT INTO `wced_translation` (entryid, translation) VALUES (12550, "meringue");
INSERT INTO `wced_entry` VALUES (12551, "mirisi", "686", "<entry page=""686"" id=""12551""><form id=""mirixsi"" lang=""ceb"">mirísi</form>
<hom>
<sense n=""0""><trans> expression indicating that s.o. got his just desserts. </trans>
<eg><i lang=""ceb"">Mirísi nga nahúlug ka kay kiat man,</i><trans> That’s what you get when you won’t sit still. Now you fell.
</trans></eg>
</sense></hom></entry>");
INSERT INTO `wced_head` (entryid, head, normalized_head, type, pos) VALUES (12551, "mirísi", "mirisi", "m", "");
INSERT INTO `wced_entry` VALUES (12552, "miritu", "686", "<entry page=""686"" id=""12552""><form id=""miritu"" lang=""ceb"">miritu</form>
<hom role=""n""><pos>n</pos>
<sense n=""0""><trans> <tr>merit</tr>, praiseworthy quality. </trans>
<eg><i lang=""ceb"">Way miritu ang ímung paghátag ug hinábang ug ímung gikabug-at sa buut,</i><trans> There is no merit in giving help with strings attached.
</trans></eg>
</sense></hom></entry>");
INSERT INTO `wced_head` (entryid, head, normalized_head, type, pos) VALUES (12552, "miritu", "miritu", "m", "n");
INSERT INTO `wced_translation` (entryid, translation) VALUES (12552, "merit");
INSERT INTO `wced_entry` VALUES (12553, "mirkadu", "686", "<entry page=""686"" id=""12553""><form id=""mirkaxdu"" lang=""ceb"">mirkádu</form>
<hom role=""n""><pos>n</pos>
<sense n=""0""><trans> <tr>market</tr>. </trans>
<eg><i lang=""ceb"">Mamalit kug útan ug sibúyas sa mirkádu,</i><trans> I will buy vegetables and onions in the market. </trans></eg>
</sense></hom>
<hom role=""v""><pos>v</pos>
<sense n=""1""><number>1</number> <itype>[A1N; a12]</itype><trans> go shopping. </trans>
<eg><i lang=""ceb"">Mangmirkádu (magmirkádu) tag sayu,</i><trans> Let’s do our shopping early. </trans></eg>
<eg><i lang=""ceb"">Isdà lay ákung mirkadúhun kay náa na man ang tanan,</i><trans> All I’ll buy is fish because we’ve got everything else. </trans></eg>
</sense>
<sense n=""2""><number>2</number> <itype>[B1; a1]</itype><trans> make into, become a market. </trans>
<eg><i lang=""ceb"">Gimirkadúhan ang iskwátir irya,</i><trans> A market has been put up in the squatter’s area.
</trans></eg>
</sense></hom></entry>");
INSERT INTO `wced_head` (entryid, head, normalized_head, type, pos) VALUES (12553, "mirkádu", "mirkadu", "m", "nv");
INSERT INTO `wced_translation` (entryid, translation) VALUES (12553, "market");
INSERT INTO `wced_entry` VALUES (12554, "mirkana, mirkanu", "686", "<entry page=""686"" id=""12554""><form id=""mirkaxna_mirkaxnu"" lang=""ceb"">mirkána, mirkánu</form>
<hom>
<sense n=""0""><trans> = <xr lang=""ceb"" target=""#amirkaxna""><sc>amirkána</sc></xr>, <xr lang=""ceb"" target=""#amirkaxnu""><sc>amirkánu</sc></xr>.
</trans>
</sense></hom></entry>");
INSERT INTO `wced_head` (entryid, head, normalized_head, type, pos) VALUES (12554, "mirkána", "mirkana", "s", "");
INSERT INTO `wced_head` (entryid, head, normalized_head, type, pos) VALUES (12554, "mirkánu", "mirkanu", "s", "");
INSERT INTO `wced_entry` VALUES (12555, "mirkulis", "686", "<entry page=""686"" id=""12555""><form id=""Mirkulis"" lang=""ceb"">Mirkulis</form>
<hom role=""n""><pos>n</pos>
<sense n=""0""><trans> <tr>Wednesday</tr>. <ix>see</ix> <xr lang=""ceb"" target=""#birnis""><sc>birnis</sc></xr> <ix>for verb forms</ix>. </trans>
</sense></hom>
<entry><form id=""Mirkulis_Santu"" lang=""ceb""><abbr expan=""Mirkulis"" type=""lemma"">—</abbr> Santu</form>
<hom>
<sense n=""0""><trans> Wednesday of the Holy Week.
</trans>
</sense></hom></entry></entry>");
INSERT INTO `wced_head` (entryid, head, normalized_head, type, pos) VALUES (12555, "Mirkulis", "mirkulis", "m", "n");
INSERT INTO `wced_head` (entryid, head, normalized_head, type, pos) VALUES (12555, "Mirkulis Santu", "mirkulis santu", "s", "");
INSERT INTO `wced_translation` (entryid, translation) VALUES (12555, "Wednesday");
INSERT INTO `wced_entry` VALUES (12556, "mirkyur krum, mirkyuru krum", "686", "<entry page=""686"" id=""12556""><form id=""mirkyur_kruxm_mirkyuru_kruxm"" lang=""ceb"">mirkyur krúm, mirkyuru krúm</form>
<hom>
<sense n=""0""><trans> = <xr lang=""ceb"" target=""#mikru_kruxm""><sc>mikru krúm</sc></xr>.
</trans>
</sense></hom></entry>");
INSERT INTO `wced_head` (entryid, head, normalized_head, type, pos) VALUES (12556, "mirkyur krúm", "mirkyur krum", "s", "");
INSERT INTO `wced_head` (entryid, head, normalized_head, type, pos) VALUES (12556, "mirkyuru krúm", "mirkyuru krum", "s", "");
INSERT INTO `wced_entry` VALUES (12557, "mirma", "686", "<entry page=""686"" id=""12557""><form id=""mirma"" lang=""ceb"">mirma</form>
<hom role=""v""><pos>v</pos>
<sense n=""0""> <itype>[B]</itype><trans> for the body to reduce. </trans>
<eg><i lang=""ceb"">Mumirma ang ímung láwas ug wà kay tulug,</i><trans> You will lose weight if you lack sleep.
</trans></eg>
</sense></hom></entry>");
INSERT INTO `wced_head` (entryid, head, normalized_head, type, pos) VALUES (12557, "mirma", "mirma", "m", "v");
INSERT INTO `wced_entry` VALUES (12558, "mirtiyulit", "686", "<entry page=""686"" id=""12558""><form id=""mirtiyulit"" lang=""ceb"">mirtiyulit</form>
<hom role=""n""><pos>n</pos>
<sense n=""0""><trans> <tr>merthiolate</tr>.
</trans>
</sense></hom></entry>");
INSERT INTO `wced_head` (entryid, head, normalized_head, type, pos) VALUES (12558, "mirtiyulit", "mirtiyulit", "m", "n");
INSERT INTO `wced_translation` (entryid, translation) VALUES (12558, "merthiolate");
INSERT INTO `wced_entry` VALUES (12559, "mirun", "686", "<entry page=""686"" id=""12559""><form id=""mirun"" lang=""ceb"">mirun</form>
<hom role=""n""><pos>n</pos>
<sense n=""1""><number>1</number><trans> spectator in table games. </trans>
</sense>
<sense n=""2""><number>2</number><trans> one who goes to cockfights but doesn’t pay admission and attaches himself to people on the outside that want to bet, helping them place their bets. </trans>
</sense>
<sense n=""3""><number>3</number><trans> one who eats without paying, mooching off others or who rides, enters, or engages in any other activity without paying. </trans>
</sense>
<sense n=""4""><number>4</number><trans> anyone who asks for handouts shamelessly, though perfectly able to support himself. </trans>
</sense></hom>
<hom role=""v""><pos>v</pos>
<sense n=""0""> <itype>[B6; c1]</itype><trans> </trans>
</sense>
<sense n=""1""><number>1</number><trans> be a <tr>spectator</tr>. </trans>
</sense>
<sense n=""2""><number>2</number><trans> act as the <ix>mirun</ix> for gamblers. </trans>
<eg><i lang=""ceb"">Gimirun nà siya sa mga tahur,</i><trans> The professional gamblers use him to help place their bets. </trans></eg>
</sense>
<sense n=""3""><number>3</number><trans> get to act like a <tr>moocher</tr>. </trans>
<eg><i lang=""ceb"">Mamirun kag magtsinílas sa simbahan,</i><trans> You will be no better than a moocher if you wear slippers to church.
</trans></eg>
</sense></hom></entry>");
INSERT INTO `wced_head` (entryid, head, normalized_head, type, pos) VALUES (12559, "mirun", "mirun", "m", "nv");
INSERT INTO `wced_translation` (entryid, translation) VALUES (12559, "spectator");
INSERT INTO `wced_translation` (entryid, translation) VALUES (12559, "moocher");
INSERT INTO `wced_entry` VALUES (12560, "miruy", "686", "<entry page=""686"" id=""12560""><form id=""miruy"" lang=""ceb"">miruy</form>
<hom role=""a""><pos>a</pos>
<sense n=""0""><trans> having lost all one’s money in betting. </trans>
<eg><i lang=""ceb"">Miruy na ku ug mapildi ning katapúsan kung kwarta,</i><trans> I’ll go home in a barrel if I lose this last piece of money. </trans></eg>
</sense></hom>
<hom role=""v""><pos>v</pos>
<sense n=""0""> <itype>[B126; a12]</itype><trans> lose all one’s money in betting. </trans>
<eg><i lang=""ceb"">Miruyun ka lang ánang mga tawhána,</i><trans> You will just lose all your money to those men.
</trans></eg>
</sense></hom></entry>");
INSERT INTO `wced_head` (entryid, head, normalized_head, type, pos) VALUES (12560, "miruy", "miruy", "m", "av");
INSERT INTO `wced_entry` VALUES (12561, "miryinda", "686", "<entry page=""686"" id=""12561""><form id=""miryinda"" lang=""ceb"">miryinda</form>
<hom role=""n""><pos>n</pos>
<sense n=""0""><trans> light meal taken between lunch and supper. </trans>
</sense></hom>
<hom role=""v""><pos>v</pos>
<sense n=""0""> <itype>[A; c]</itype><trans> take one’s afternoon snack. </trans>
</sense></hom>
<entry><form id=""miryinda_sixna"" lang=""ceb""><abbr expan=""miryinda"" type=""lemma"">—</abbr> sína</form>
<hom role=""n""><pos>n</pos>
<sense n=""0""><trans> a light supper given in the afternoon. </trans>
</sense></hom>
<hom role=""v""><pos>v</pos>
<sense n=""0""> <itype>[A13]</itype><trans> have a merienda cena.
</trans>
</sense></hom></entry></entry>");
INSERT INTO `wced_head` (entryid, head, normalized_head, type, pos) VALUES (12561, "miryinda", "miryinda", "m", "nv");
INSERT INTO `wced_head` (entryid, head, normalized_head, type, pos) VALUES (12561, "miryinda sína", "miryinda sina", "s", "nv");
INSERT INTO `wced_entry` VALUES (12562, "mis1", "686", "<entry page=""686"" id=""12562""><form id=""mis"" lang=""ceb"">mis<sub>1</sub></form>
<hom role=""n""><pos>n</pos>
<sense n=""1""><number>1</number><trans> Miss, a title of high respect for an unmarried woman, e.g. term used to address a nurse. </trans>
</sense>
<sense n=""2""><number>2</number><trans> <tr>muse</tr>, <tr>beauty queen</tr>. </trans>
</sense></hom>
<hom role=""v""><pos>v</pos>
<sense n=""0""> <itype>[B16; c1]</itype><trans> be, become a muse, beauty queen.
</trans>
</sense></hom></entry>");
INSERT INTO `wced_head` (entryid, head, normalized_head, type, pos) VALUES (12562, "mis", "mis", "s", "nv");
INSERT INTO `wced_translation` (entryid, translation) VALUES (12562, "muse");
INSERT INTO `wced_translation` (entryid, translation) VALUES (12562, "beauty queen");
INSERT INTO `wced_entry` VALUES (12563, "mis2", "686", "<entry page=""686"" id=""12563""><form id=""mis2"" lang=""ceb"">mis<sub>2</sub></form>
<hom role=""n""><pos>n</pos>
<sense n=""0""><trans> <tr>month</tr>, used only after <ix>un</ix> or <ix>usa ka</ix> ‘one’. </trans>
<eg><i lang=""ceb"">Un (usa ka) mis,</i><trans> One month. </trans></eg>
</sense></hom>
<hom role=""v""><pos>v</pos>
<sense n=""0""> <itype>[B256]</itype><trans> be a month. </trans>
<eg><i lang=""ceb"">Hápit na mumis sukad sa íyang paggíkan,</i><trans> It’s almost a month now since she left. </trans></eg>
</sense></hom>
<entry><form id=""mixsis"" lang=""ceb""><abbr expan=""mísis"" type=""lemma"">-is(←)</abbr></form>
<hom>
<sense n=""0""><trans> = <xr lang=""ceb"" target=""#mis2""><sc>mis<sub>2</sub></sc></xr> (plural). </trans>
<eg><i lang=""ceb"">Dus (duha ka) mísis,</i><trans> Two months.
</trans></eg>
</sense></hom></entry></entry>");
INSERT INTO `wced_head` (entryid, head, normalized_head, type, pos) VALUES (12563, "mis", "mis", "s", "nv");
INSERT INTO `wced_head` (entryid, head, normalized_head, type, pos) VALUES (12563, "mísis", "misis", "s", "");
INSERT INTO `wced_translation` (entryid, translation) VALUES (12563, "month");
INSERT INTO `wced_entry` VALUES (12564, "misa1", "686", "<entry page=""686"" id=""12564""><form id=""mixsa"" lang=""ceb"">mísa<sub>1</sub></form>
<hom role=""n""><pos>n</pos>
<sense n=""0""><trans> mass in the church. </trans>
</sense></hom>
<entry><form id=""mixsa_diaginaldu_mixsa_digalyu"" lang=""ceb""><abbr expan=""mísa"" type=""lemma"">—</abbr> diaginaldu, <abbr expan=""mísa digalyu"" type=""lemma"">digalyu</abbr></form>
<hom>
<sense n=""0""><trans> nine consecutive dawn masses ending on Christmas Eve. </trans>
</sense></hom></entry>
<entry><form id=""mixsa_digrasya"" lang=""ceb""><abbr expan=""mísa"" type=""lemma"">—</abbr> digrasya</form>
<hom>
<sense n=""0""><trans> <tr>thanksgiving mass</tr>. </trans>
</sense></hom></entry>
<entry><form id=""mixsa_ditris"" lang=""ceb""><abbr expan=""mísa"" type=""lemma"">—</abbr> ditris</form>
<hom>
<sense n=""0""><trans> mass officiated by three priests. </trans>
</sense></hom></entry>
<entry><form id=""mixsa_griguryaxna"" lang=""ceb""><abbr expan=""mísa"" type=""lemma"">—</abbr> griguryána</form>
<hom>
<sense n=""0""><trans> mass said for one hundred successive days for the soul of a departed person. </trans>
</sense></hom></entry>
<entry><form id=""mixsa_ispisiyal"" lang=""ceb""><abbr expan=""mísa"" type=""lemma"">—</abbr> ispisiyal</form>
<hom>
<sense n=""0""><trans> any special mass. </trans>
</sense></hom></entry>
<entry><form id=""mixsa_kantaxda"" lang=""ceb""><abbr expan=""mísa"" type=""lemma"">—</abbr> kantáda</form>
<hom>
<sense n=""0""><trans> mass that is sung. </trans>
</sense></hom></entry>
<entry><form id=""mixsa_kumun"" lang=""ceb""><abbr expan=""mísa"" type=""lemma"">—</abbr> kumun</form>
<hom>
<sense n=""0""><trans> mass said for a number of dead people at once. </trans>
</sense></hom></entry>
<entry><form id=""mixsa_kunsilibraxda"" lang=""ceb""><abbr expan=""mísa"" type=""lemma"">—</abbr> kunsilibráda</form>
<hom>
<sense n=""0""><trans> mass celebrated by more than one priest. </trans>
</sense></hom></entry>
<entry><form id=""mixsa_mayur"" lang=""ceb""><abbr expan=""mísa"" type=""lemma"">—</abbr> mayur</form>
<hom>
<sense n=""0""><trans> high mass with incense. </trans>
</sense></hom></entry>
<entry><form id=""mixsa_puntipikal"" lang=""ceb""><abbr expan=""mísa"" type=""lemma"">—</abbr> puntipikal</form>
<hom>
<sense n=""0""><trans> <tr>pontifical mass</tr>. </trans>
</sense></hom></entry>
<entry><form id=""mixsa_rikim"" lang=""ceb""><abbr expan=""mísa"" type=""lemma"">—</abbr> rikim</form>
<hom>
<sense n=""0""><trans> requiem mass. </trans>
</sense></hom></entry>
<entry><form id=""mixsa_risaxda"" lang=""ceb""><abbr expan=""mísa"" type=""lemma"">—</abbr> risáda</form>
<hom>
<sense n=""0""><trans> <tr>low mass</tr>. </trans>
</sense></hom></entry>
<entry><form id=""mixsa_sulimni"" lang=""ceb""><abbr expan=""mísa"" type=""lemma"">—</abbr> sulimni</form>
<hom>
<sense n=""0""><trans> high mass with a special offering, usually offered for the patron saint of a place. </trans>
</sense></hom>
<hom role=""v""><pos>v</pos>
<sense n=""0""> <itype>[A; b]</itype><trans> say mass. </trans>
</sense></hom></entry>
<entry><form id=""pamixsa"" lang=""ceb""><abbr expan=""pamísa"" type=""lemma"">pa-</abbr></form>
<hom>
<sense n=""0""> <itype>[A; b]</itype><trans> have a mass offered. </trans>
</sense></hom>
<hom role=""n""><pos>n</pos>
<sense n=""1""><number>1</number><trans> mass offered. </trans>
<eg><i lang=""ceb"">Maghatud kug pamísa sa simbahan pára sa kalag sa ákung inahan,</i><trans> I will make a mass offering for the soul of my mother. </trans></eg>
</sense>
<sense n=""2""><number>2</number><trans> amount given to have a mass said.
</trans>
</sense></hom></entry></entry>");
INSERT INTO `wced_head` (entryid, head, normalized_head, type, pos) VALUES (12564, "mísa", "misa", "s", "n");
INSERT INTO `wced_head` (entryid, head, normalized_head, type, pos) VALUES (12564, "mísa diaginaldu", "misa diaginaldu", "s", "");
INSERT INTO `wced_head` (entryid, head, normalized_head, type, pos) VALUES (12564, "mísa digalyu", "misa digalyu", "s", "");
INSERT INTO `wced_head` (entryid, head, normalized_head, type, pos) VALUES (12564, "mísa digrasya", "misa digrasya", "s", "");
INSERT INTO `wced_head` (entryid, head, normalized_head, type, pos) VALUES (12564, "mísa ditris", "misa ditris", "s", "");
INSERT INTO `wced_head` (entryid, head, normalized_head, type, pos) VALUES (12564, "mísa griguryána", "misa griguryana", "s", "");
INSERT INTO `wced_head` (entryid, head, normalized_head, type, pos) VALUES (12564, "mísa ispisiyal", "misa ispisiyal", "s", "");
INSERT INTO `wced_head` (entryid, head, normalized_head, type, pos) VALUES (12564, "mísa kantáda", "misa kantada", "s", "");
INSERT INTO `wced_head` (entryid, head, normalized_head, type, pos) VALUES (12564, "mísa kumun", "misa kumun", "s", "");
INSERT INTO `wced_head` (entryid, head, normalized_head, type, pos) VALUES (12564, "mísa kunsilibráda", "misa kunsilibrada", "s", "");
INSERT INTO `wced_head` (entryid, head, normalized_head, type, pos) VALUES (12564, "mísa mayur", "misa mayur", "s", "");
INSERT INTO `wced_head` (entryid, head, normalized_head, type, pos) VALUES (12564, "mísa puntipikal", "misa puntipikal", "s", "");
INSERT INTO `wced_head` (entryid, head, normalized_head, type, pos) VALUES (12564, "mísa rikim", "misa rikim", "s", "");
INSERT INTO `wced_head` (entryid, head, normalized_head, type, pos) VALUES (12564, "mísa risáda", "misa risada", "s", "");
INSERT INTO `wced_head` (entryid, head, normalized_head, type, pos) VALUES (12564, "mísa sulimni", "misa sulimni", "s", "v");
INSERT INTO `wced_head` (entryid, head, normalized_head, type, pos) VALUES (12564, "pamísa", "pamisa", "s", "n");
INSERT INTO `wced_translation` (entryid, translation) VALUES (12564, "thanksgiving mass");
INSERT INTO `wced_translation` (entryid, translation) VALUES (12564, "pontifical mass");
INSERT INTO `wced_translation` (entryid, translation) VALUES (12564, "low mass");
INSERT INTO `wced_entry` VALUES (12565, "misa2", "686", "<entry page=""686"" id=""12565""><form id=""mixsa2"" lang=""ceb"">mísa<sub>2</sub></form>
<hom role=""n""><pos>n</pos>
<sense n=""0""><trans> <tr>billiard table</tr>. </trans>
<eg><i lang=""ceb"">Maáyung pagkaníbil ang mísa. Tul-id kaáyu ang dágan sa búla,</i><trans> The billiard table is good and level. The ball rolls straight. </trans></eg>
</sense></hom>
<entry><form id=""sarhintu_dimixsa"" lang=""ceb"">sarhintu <abbr expan=""dimísa"" type=""lemma"">di-</abbr></form>
<hom role=""n""><pos>n</pos>
<sense n=""0""><trans> <tr>desk sergeant</tr>. </trans>
</sense></hom></entry>
<entry><form id=""misaxda"" lang=""ceb""><abbr expan=""misáda"" type=""lemma"">-da</abbr></form>
<hom role=""n""><pos>n</pos>
<sense n=""0""><trans> amount paid for the use of game facilities, usually based per game. </trans>
<eg><i lang=""ceb"">Bayinti sintábus ang misáda sa bilyar,</i><trans> Each game you pay twenty centavos. </trans></eg>
</sense></hom>
<hom role=""v""><pos>v</pos>
<sense n=""0""> <itype>[A; b6(1)]</itype><trans> pay the <ix>misáda</ix>.
</trans>
</sense></hom></entry></entry>");
INSERT INTO `wced_head` (entryid, head, normalized_head, type, pos) VALUES (12565, "mísa", "misa", "s", "n");
INSERT INTO `wced_head` (entryid, head, normalized_head, type, pos) VALUES (12565, "sarhintu dimísa", "sarhintu dimisa", "s", "n");
INSERT INTO `wced_head` (entryid, head, normalized_head, type, pos) VALUES (12565, "misáda", "misada", "s", "nv");
INSERT INTO `wced_translation` (entryid, translation) VALUES (12565, "billiard table");
INSERT INTO `wced_translation` (entryid, translation) VALUES (12565, "desk sergeant");
INSERT INTO `wced_entry` VALUES (12566, "misal, misal", "686", "<entry page=""686"" id=""12566""><form id=""misal_mixsal"" lang=""ceb"">misal, mísal</form>
<hom role=""n""><pos>n</pos>
<sense n=""0""><trans> <tr>missal</tr>. </trans>
</sense></hom>
<hom role=""v""><pos>v</pos>
<sense n=""0""> <itype>[A13]</itype><trans> bring, use a missal in church.
</trans>
</sense></hom></entry>");
INSERT INTO `wced_head` (entryid, head, normalized_head, type, pos) VALUES (12566, "misal", "misal", "s", "nv");
INSERT INTO `wced_head` (entryid, head, normalized_head, type, pos) VALUES (12566, "mísal", "misal", "s", "nv");
INSERT INTO `wced_translation` (entryid, translation) VALUES (12566, "missal");
INSERT INTO `wced_entry` VALUES (12567, "misay", "686", "<entry page=""686"" id=""12567""><form id=""misay"" lang=""ceb"">misay</form>
<hom role=""n""><pos>n</pos>
<sense n=""0""><trans> <tr>pet cat</tr>.
</trans>
</sense></hom></entry>");
INSERT INTO `wced_head` (entryid, head, normalized_head, type, pos) VALUES (12567, "misay", "misay", "m", "n");
INSERT INTO `wced_translation` (entryid, translation) VALUES (12567, "pet cat");
INSERT INTO `wced_entry` VALUES (12568, "misbuy", "686", "<entry page=""686"" id=""12568""><form id=""misbuy"" lang=""ceb"">misbuy</form>
<hom role=""n""><pos>n</pos>
<sense n=""0""><trans> <tr>messboy</tr> on a boat. </trans>
</sense></hom>
<hom role=""v""><pos>v</pos>
<sense n=""0""> <itype>[B156; a2]</itype><trans> be, become a messboy, make s.o. a messboy.
</trans>
</sense></hom></entry>");
INSERT INTO `wced_head` (entryid, head, normalized_head, type, pos) VALUES (12568, "misbuy", "misbuy", "m", "nv");
INSERT INTO `wced_translation` (entryid, translation) VALUES (12568, "messboy");
INSERT INTO `wced_entry` VALUES (12569, "misik", "686", "<entry page=""686"" id=""12569""><form id=""misik"" lang=""ceb"">misik</form>
<hom role=""v""><pos>v</pos>
<sense n=""1""><number>1</number> <itype>[a3]</itype><trans> for s.t. to be <tr>misplaced</tr>. </trans>
<eg><i lang=""ceb"">Namisik ang ákung papil nga gitrabáhu,</i><trans> I misplaced the paper I was working on. </trans></eg>
</sense>
<sense n=""2""><number>2</number> <form id=""walay_misik"" lang=""ceb"">walay <abbr expan=""misik"" type=""lemma"">—</abbr></form><trans> </trans>
</sense></hom>
<hom role=""v""><pos>v</pos>
<sense n=""0""> <itype>[c6]</itype><trans> nothing was missed, s.t. happened to all. </trans>
<eg><i lang=""ceb"">Way namisik níla, nakadawat silang tanan ug latigu,</i><trans> Not one of them was spared. <pb n=""687""/>They all got whipped. </trans></eg>
<eg><i lang=""ceb"">Way imisik níla sa pagkáun nga ibutang sa lamísa,</i><trans> They did not miss a morsel of the food left on the table.
</trans></eg>
</sense></hom></entry>");
INSERT INTO `wced_head` (entryid, head, normalized_head, type, pos) VALUES (12569, "misik", "misik", "m", "vv");
INSERT INTO `wced_head` (entryid, head, normalized_head, type, pos) VALUES (12569, "walay misik", "walay misik", "s", "");
INSERT INTO `wced_translation` (entryid, translation) VALUES (12569, "misplaced");
INSERT INTO `wced_entry` VALUES (12570, "misimis", "687", "<entry page=""687"" id=""12570""><form id=""misixmis"" lang=""ceb"">misímis</form>
<hom role=""v""><pos>v</pos>
<sense n=""0""> <itype>[A; c1]</itype><trans> attack s.t. with utter abandon and intense violence. </trans>
<eg><i lang=""ceb"">Kinsa may nagmisímis niíning bag-ung piryudiku?</i><trans> Who crumpled this newspaper till it is utterly ruined? </trans></eg>
<eg><i lang=""ceb"">Gimisímis sa iring ang ilagà nga íyang nadakpan,</i><trans> The cat picked up the mouse it caught and moved it about violently.
</trans></eg>
</sense></hom></entry>");
INSERT INTO `wced_head` (entryid, head, normalized_head, type, pos) VALUES (12570, "misímis", "misimis", "m", "v");
INSERT INTO `wced_entry` VALUES (12571, "misimus", "687", "<entry page=""687"" id=""12571""><form id=""misimus"" lang=""ceb"">misimus</form>
<hom>
<sense n=""0""><trans> = <xr lang=""ceb"" target=""#musimus""><sc>musimus</sc></xr>.
</trans>
</sense></hom></entry>");
INSERT INTO `wced_head` (entryid, head, normalized_head, type, pos) VALUES (12571, "misimus", "misimus", "m", "");
INSERT INTO `wced_entry` VALUES (12572, "misirabli", "687", "<entry page=""687"" id=""12572""><form id=""misirabli"" lang=""ceb"">misirabli</form>
<hom role=""a""><pos>a</pos>
<sense n=""0""><trans> <tr>miserable</tr>. </trans>
<eg><i lang=""ceb"">Misirabling kahimtang sa prísu,</i><trans> The prisoners are in a miserable condition. </trans></eg>
</sense></hom>
<hom role=""v""><pos>v</pos>
<sense n=""0""> <itype>[B1; c1]</itype><trans> be, become miserable, look miserable. </trans>
<eg><i lang=""ceb"">Misirabli ang pamilya sukad abandunaha sa amahan,</i><trans> The family has been miserable since the father abandoned them.
</trans></eg>
</sense></hom></entry>");
INSERT INTO `wced_head` (entryid, head, normalized_head, type, pos) VALUES (12572, "misirabli", "misirabli", "m", "av");
INSERT INTO `wced_translation` (entryid, translation) VALUES (12572, "miserable");
INSERT INTO `wced_entry` VALUES (12573, "misirinubis", "687", "<entry page=""687"" id=""12573""><form id=""misirinuxbis"" lang=""ceb"">misirinúbis</form>
<hom>
<sense n=""0""><trans> Cebuano pronunciation of <ix>miserere nobis</ix> in the litany of the Rosary.
</trans>
</sense></hom></entry>");
INSERT INTO `wced_head` (entryid, head, normalized_head, type, pos) VALUES (12573, "misirinúbis", "misirinubis", "m", "");
INSERT INTO `wced_entry` VALUES (12574, "misis1", "687", "<entry page=""687"" id=""12574""><form id=""mixsis"" lang=""ceb"">mísis<sub>1</sub></form>
<hom>
<sense n=""0""><trans> <ix>see</ix> <sc>mis<sub>2</sub></sc>.
</trans>
</sense></hom></entry>");
INSERT INTO `wced_head` (entryid, head, normalized_head, type, pos) VALUES (12574, "mísis", "misis", "s", "");
INSERT INTO `wced_entry` VALUES (12575, "misis2", "687", "<entry page=""687"" id=""12575""><form id=""mixsis2"" lang=""ceb"">mísis<sub>2</sub></form>
<hom role=""n""><pos>n</pos>
<sense n=""1""><number>1</number><trans> <tr>Mrs</tr>., title given to a married woman. </trans>
</sense>
<sense n=""2""><number>2</number><trans> one’s wife. </trans>
<eg><i lang=""ceb"">Siya ang mísis ni Tínung,</i><trans> This is Tinong’s wife. </trans></eg>
</sense></hom>
<hom role=""v""><pos>v</pos>
<sense n=""0""> <itype>[a12]</itype><trans> call s.o. Mrs.; be, become Mrs. </trans>
</sense></hom>
<entry><form id=""misis"" lang=""ceb""><abbr expan=""misis"" type=""lemma"">(→)</abbr></form>
<hom>
<sense n=""0""><trans> voc. <ix>short form:</ix> <bx>sis</bx>. </trans>
<eg><i lang=""ceb"">Ása ka, sis?</i><trans> Where are you going, Ma’am?
</trans></eg>
</sense></hom></entry></entry>");
INSERT INTO `wced_head` (entryid, head, normalized_head, type, pos) VALUES (12575, "mísis", "misis", "s", "nv");
INSERT INTO `wced_head` (entryid, head, normalized_head, type, pos) VALUES (12575, "misis", "misis", "s", "");
INSERT INTO `wced_translation` (entryid, translation) VALUES (12575, "Mrs");
INSERT INTO `wced_entry` VALUES (12576, "misita", "687", "<entry page=""687"" id=""12576""><form id=""misixta"" lang=""ceb"">misíta</form>
<hom>
<sense n=""0""><trans> = <xr lang=""ceb"" target=""#lamisixta""><sc>lamisíta</sc></xr>.
</trans>
</sense></hom></entry>");
INSERT INTO `wced_head` (entryid, head, normalized_head, type, pos) VALUES (12576, "misíta", "misita", "m", "");
INSERT INTO `wced_entry` VALUES (12577, "misitas", "687", "<entry page=""687"" id=""12577""><form id=""misixtas"" lang=""ceb"">misítas</form>
<hom>
<sense n=""0""><trans> = <xr lang=""ceb"" target=""#masixtas""><sc>masítas</sc></xr>. </trans>
</sense></hom>
<entry><form id=""misitasan"" lang=""ceb"">misitasan</form>
<hom>
<sense n=""0""><trans> = <xr lang=""ceb"" target=""#masitasan""><sc>masitasan</sc></xr>.
</trans>
</sense></hom></entry></entry>");
INSERT INTO `wced_head` (entryid, head, normalized_head, type, pos) VALUES (12577, "misítas", "misitas", "m", "");
INSERT INTO `wced_head` (entryid, head, normalized_head, type, pos) VALUES (12577, "misitasan", "misitasan", "s", "");
INSERT INTO `wced_entry` VALUES (12578, "misitira", "687", "<entry page=""687"" id=""12578""><form id=""misitixra"" lang=""ceb"">misitíra</form>
<hom>
<sense n=""0""><trans> = <xr lang=""ceb"" target=""#masitixra""><sc>masitíra</sc></xr>. <ix>see</ix> <xr lang=""ceb"" target=""#masixtas""><sc>masítas</sc></xr>.
</trans>
</sense></hom></entry>");
INSERT INTO `wced_head` (entryid, head, normalized_head, type, pos) VALUES (12578, "misitíra", "misitira", "m", "");
INSERT INTO `wced_entry` VALUES (12579, "misiyas", "687", "<entry page=""687"" id=""12579""><form id=""misixyas"" lang=""ceb"">misíyas</form>
<hom role=""n""><pos>n</pos>
<sense n=""0""><trans> <tr>Messiah</tr>. </trans>
<eg><i lang=""ceb"">Si Kristu ang Misíyas,</i><trans> Christ, the Messiah.
</trans></eg>
</sense></hom></entry>");
INSERT INTO `wced_head` (entryid, head, normalized_head, type, pos) VALUES (12579, "misíyas", "misiyas", "m", "n");
INSERT INTO `wced_translation` (entryid, translation) VALUES (12579, "Messiah");
INSERT INTO `wced_entry` VALUES (12580, "misiyun", "687", "<entry page=""687"" id=""12580""><form id=""misiyun"" lang=""ceb"">misiyun</form>
<hom role=""n""><pos>n</pos>
<sense n=""1""><number>1</number><trans> a series of special exercises getting the people in an area to fulfill their church obligations. </trans>
<eg><i lang=""ceb"">Magsúgud na karung adláwa ang misiyun sa simbahan,</i><trans> The church mission will start today. </trans></eg>
</sense>
<sense n=""2""><number>2</number><trans> foreign missionary. </trans>
<eg><i lang=""ceb"">Misiyun ang nagdala ánang simbahána,</i><trans> A missionary is running that church. </trans></eg>
</sense>
<sense n=""3""><number>3</number><trans> mission for which s.o. is being sent. </trans>
<eg><i lang=""ceb"">Unsay ímung misiyun pag-adtu sa Amirika?</i><trans> What is your purpose in going to America? </trans></eg>
</sense></hom>
<hom role=""v""><pos>v</pos>
<sense n=""0""> <itype>[A; b6]</itype><trans> hold a church mission s.w. to get the parishioners to fulfill their religious obligations. </trans>
</sense></hom>
<entry><form id=""misiyunary_misiyunixru"" lang=""ceb""><abbr expan=""misiyunary"" type=""lemma"">-aryu</abbr>, <abbr expan=""misiyuníru"" type=""lemma"">-íru</abbr></form>
<hom role=""n""><pos>n</pos>
<sense n=""0""><trans> <tr>missionary</tr>. </trans>
</sense></hom>
<hom role=""v""><pos>v</pos>
<sense n=""0""> <itype>[B156]</itype><trans> be, become a missionary.
</trans>
</sense></hom></entry></entry>");
INSERT INTO `wced_head` (entryid, head, normalized_head, type, pos) VALUES (12580, "misiyun", "misiyun", "m", "nv");
INSERT INTO `wced_head` (entryid, head, normalized_head, type, pos) VALUES (12580, "misiyunary", "misiyunary", "s", "nv");
INSERT INTO `wced_head` (entryid, head, normalized_head, type, pos) VALUES (12580, "misiyuníru", "misiyuniru", "s", "nv");
INSERT INTO `wced_translation` (entryid, translation) VALUES (12580, "missionary");
INSERT INTO `wced_entry` VALUES (12581, "miskinu", "687", "<entry page=""687"" id=""12581""><form id=""miskixnu"" lang=""ceb"">miskínu</form>
<hom role=""a""><pos>a</pos>
<sense n=""0""><trans> in <tr>small quantities</tr>, <tr>scarce</tr>. </trans>
<eg><i lang=""ceb"">Miskínu ang túbig tungud sa húlaw,</i><trans> There’s very little water because of the drought. </trans></eg>
<eg><i lang=""ceb"">Miskínu ang taksi dinhing dapíta,</i><trans> Taxis are scarce in this area. </trans></eg>
<eg><i lang=""ceb"">Miskínu sila mupakáun sa ílang mga kasíra,</i><trans> They feed their boarders in a niggardly way. </trans></eg>
</sense></hom>
<hom role=""v""><pos>v</pos>
<sense n=""0""> <itype>[AB; c1]</itype><trans> get to be scarce, small in quantities. </trans>
<eg><i lang=""ceb"">Mumiskínu (mamiskínu) ang ímung ginastuhan ug maminyù ka,</i><trans> You won’t spend on such a big scale once you get married.
</trans></eg>
</sense></hom></entry>");
INSERT INTO `wced_head` (entryid, head, normalized_head, type, pos) VALUES (12581, "miskínu", "miskinu", "m", "av");
INSERT INTO `wced_translation` (entryid, translation) VALUES (12581, "small quantities");
INSERT INTO `wced_translation` (entryid, translation) VALUES (12581, "scarce");
INSERT INTO `wced_entry` VALUES (12582, "miskla", "687", "<entry page=""687"" id=""12582""><form id=""miskla"" lang=""ceb"">miskla</form>
<hom>
<sense n=""0""><trans> = <xr lang=""ceb"" target=""#mikskla""><sc>mikskla</sc></xr>.
</trans>
</sense></hom></entry>");
INSERT INTO `wced_head` (entryid, head, normalized_head, type, pos) VALUES (12582, "miskla", "miskla", "m", "");
INSERT INTO `wced_entry` VALUES (12583, "mismis", "687", "<entry page=""687"" id=""12583""><form id=""mismis"" lang=""ceb"">mismis</form>
<hom role=""n""><pos>n</pos>
<sense n=""0""><trans> particles of yellowish substance sticking to the face after sleep, hardened mucus from the eyes or mouth. </trans>
</sense></hom>
<hom role=""v""><pos>v</pos>
<sense n=""0""> <itype>[A123P; a4]</itype><trans> cause, have such substances on the face. </trans>
<eg><i lang=""ceb"">Panghilam-us kay gimismis ka,</i><trans> Wash your face because you have mucus on your face.
</trans></eg>
</sense></hom></entry>");
INSERT INTO `wced_head` (entryid, head, normalized_head, type, pos) VALUES (12583, "mismis", "mismis", "m", "nv");
INSERT INTO `wced_entry` VALUES (12584, "mismu", "687", "<entry page=""687"" id=""12584""><form id=""mismu"" lang=""ceb"">mismu</form>
<hom>
<sense n=""1""><number>1</number><trans> <ix>with nouns or pronouns referring to a person:</ix> even [so-and-so]. </trans>
<eg><i lang=""ceb"">Sa klin-ap wik ang mismu nga mga tituládu manilhig,</i><trans> During Clean-up Week even white collar workers sweep. </trans></eg>
<eg><i lang=""ceb"">Aku mismu many milútù niíni,</i><trans> I cooked this myself. </trans></eg>
</sense></hom>
<entry><form id=""walay_mismu"" lang=""ceb"">walay <abbr expan=""mismu"" type=""lemma"">—</abbr></form>
<hom>
<sense n=""0""><trans> not even this little bit. </trans>
<eg><i lang=""ceb"">Way mismung usa ka dakù ang íyang gitábang nákù,</i><trans> He didn’t even give me a single penny in help. </trans></eg>
</sense>
<sense n=""2""><number>2</number><trans> <ix>with forms referring to a place:</ix> right in [such-and-such] a place. </trans>
<eg><i lang=""ceb"">Sa Maníla mismu may mga Huk,</i><trans> There are Huks right in Manila. </trans></eg>
<eg><i lang=""ceb"">Didtu mismu siya mamatay,</i><trans> He died right in that place. </trans></eg>
</sense>
<sense n=""2a""><number>2a</number> <form id=""karun_mismu_awra_mismu"" lang=""ceb""><abbr expan=""karun mismu"" type=""lemma"">karun</abbr>, awra <abbr expan=""mismu"" type=""lemma"">—</abbr></form><trans> right this very moment. </trans>
<eg><i lang=""ceb"">Karun mismu nag-íhap na sila sa mga balúta,</i><trans> Right this very moment they are counting the ballots.
</trans></eg>
</sense></hom></entry></entry>");
INSERT INTO `wced_head` (entryid, head, normalized_head, type, pos) VALUES (12584, "mismu", "mismu", "m", "");
INSERT INTO `wced_head` (entryid, head, normalized_head, type, pos) VALUES (12584, "walay mismu", "walay mismu", "s", "");
INSERT INTO `wced_head` (entryid, head, normalized_head, type, pos) VALUES (12584, "karun mismu", "karun mismu", "s", "");
INSERT INTO `wced_head` (entryid, head, normalized_head, type, pos) VALUES (12584, "awra mismu", "awra mismu", "s", "");
INSERT INTO `wced_entry` VALUES (12585, "mistik", "687", "<entry page=""687"" id=""12585""><form id=""mistixk"" lang=""ceb"">mistík</form>
<hom role=""n""><pos>n</pos>
<sense n=""0""><trans> <tr>mistake</tr>. </trans>
</sense></hom>
<hom role=""v""><pos>v</pos>
<sense n=""0""> <itype>[B126; a12]</itype><trans> make a mistake in school or on one’s paper.
</trans>
</sense></hom></entry>");
INSERT INTO `wced_head` (entryid, head, normalized_head, type, pos) VALUES (12585, "mistík", "mistik", "m", "nv");
INSERT INTO `wced_translation` (entryid, translation) VALUES (12585, "mistake");
INSERT INTO `wced_entry` VALUES (12586, "mistil", "687", "<entry page=""687"" id=""12586""><form id=""mistil"" lang=""ceb"">mistil</form>
<hom>
<sense n=""0""><trans> need to, have to do (used only negatively or in questions). </trans>
<eg><i lang=""ceb"">Mistil pa ba nà nímu buhátun?</i><trans> Must you do that? </trans></eg>
<eg><i lang=""ceb"">Dì na siya mistil sultíhan,</i><trans> He does not need to be told. </trans></eg>
</sense></hom>
<entry><form id=""ministil"" lang=""ceb""><abbr expan=""ministil"" type=""lemma"">-in-</abbr></form>
<hom>
<sense n=""0""><trans> = <xr lang=""ceb"" target=""#mistil""><sc>mistil</sc></xr>.
</trans>
</sense></hom></entry></entry>");
INSERT INTO `wced_head` (entryid, head, normalized_head, type, pos) VALUES (12586, "mistil", "mistil", "m", "");
INSERT INTO `wced_head` (entryid, head, normalized_head, type, pos) VALUES (12586, "ministil", "ministil", "s", "");
INSERT INTO `wced_entry` VALUES (12587, "mistir", "687", "<entry page=""687"" id=""12587""><form id=""mistir"" lang=""ceb"">mistir</form>
<hom role=""n""><pos>n</pos>
<sense n=""1""><number>1</number><trans> title for a <tr>gentleman</tr>. </trans>
</sense>
<sense n=""2""><number>2</number><trans> <tr>husband</tr>. </trans>
<eg><i lang=""ceb"">Háin man magtrabáhu ang ímung mistir?</i><trans> Where is your husband working? </trans></eg>
</sense>
<sense n=""3""><number>3</number><trans> title for the winner of a contest among men, as Mr. Universe. </trans>
</sense></hom>
<hom role=""v""><pos>v</pos>
<sense n=""1""><number>1</number> <itype>[A3; a12]</itype><trans> call s.o. Mr. </trans>
</sense>
<sense n=""2""><number>2</number> <itype>[B156; c6]</itype><trans> be, become Mr. [so-and-so]. </trans>
<eg><i lang=""ceb"">Kun gustu kang mamistir Pilipins pagbarbil,</i><trans> If you want to become a Mr. Philippines, practice weight lifting. </trans></eg>
</sense></hom>
<entry><form id=""misti4r"" lang=""ceb""><abbr expan=""mistǐr"" type=""lemma"">(→)</abbr></form>
<hom>
<sense n=""0""><trans> voc. </trans>
<eg><i lang=""ceb"">Ása ka Mistǐr?</i><trans> Where are you going, Sir?
</trans></eg>
</sense></hom></entry></entry>");
INSERT INTO `wced_head` (entryid, head, normalized_head, type, pos) VALUES (12587, "mistir", "mistir", "m", "nv");
INSERT INTO `wced_head` (entryid, head, normalized_head, type, pos) VALUES (12587, "mistǐr", "mistir", "s", "");
INSERT INTO `wced_translation` (entryid, translation) VALUES (12587, "gentleman");
INSERT INTO `wced_translation` (entryid, translation) VALUES (12587, "husband");
INSERT INTO `wced_entry` VALUES (12588, "mistiri tyun", "687", "<entry page=""687"" id=""12588""><form id=""mistiri_tyuxn"" lang=""ceb"">mistiri tyún</form>
<hom role=""n""><pos>n</pos>
<sense n=""0""><trans> mystery tune contest on the radio.
</trans>
</sense></hom></entry>");
INSERT INTO `wced_head` (entryid, head, normalized_head, type, pos) VALUES (12588, "mistiri tyún", "mistiri tyun", "m", "n");
INSERT INTO `wced_entry` VALUES (12589, "mistiryu", "687", "<entry page=""687"" id=""12589""><form id=""mistiryu"" lang=""ceb"">mistiryu</form>
<hom role=""n""><pos>n</pos>
<sense n=""0""><trans> mystery, one of the fifteen events in the lives of Jesus and Mary serving as a subject for meditation during the saying of the rosary. </trans>
<eg><i lang=""ceb"">Mistiryu sa Himáyà, Kalípay, Kasákit,</i><trans> The Glorious, Joyful, Sorrowful Mysteries. </trans></eg>
</sense>
<sense n=""2""><number>2</number><trans> mystery, s.t. that is difficult to understand. </trans>
</sense></hom>
<entry><form id=""mistiryuxsa"" lang=""ceb""><abbr expan=""mistiryúsa"" type=""lemma"">-sa</abbr></form>
<hom>
<sense n=""0""><trans> = <xr lang=""ceb"" target=""#mistiryuxsu""><sc>mistiryúsu</sc></xr> (female). </trans>
</sense></hom></entry>
<entry><form id=""mistiryuxsu"" lang=""ceb""><abbr expan=""mistiryúsu"" type=""lemma"">-su</abbr></form>
<hom role=""a""><pos>a</pos>
<sense n=""0""><trans> mysterious. </trans>
<eg><i lang=""ceb"">Usa ka mistiryúsung istranyu ang nagluwas nákù,</i><trans> A mysterious stranger rescued me. </trans></eg>
</sense></hom>
<hom role=""v""><pos>v</pos>
<sense n=""0""> <itype>[B12]</itype><trans> get mysterious. </trans>
<eg><i lang=""ceb"">Nagkamistiryúsu na hinúun ang íyang kamatáyun,</i><trans> His death is getting to become more and more of a mystery.
</trans></eg>
</sense></hom></entry></entry>");
INSERT INTO `wced_head` (entryid, head, normalized_head, type, pos) VALUES (12589, "mistiryu", "mistiryu", "m", "n");
INSERT INTO `wced_head` (entryid, head, normalized_head, type, pos) VALUES (12589, "mistiryúsa", "mistiryusa", "s", "");
INSERT INTO `wced_head` (entryid, head, normalized_head, type, pos) VALUES (12589, "mistiryúsu", "mistiryusu", "s", "av");
INSERT INTO `wced_entry` VALUES (12590, "mistisa", "687", "<entry page=""687"" id=""12590""><form id=""mistixsa"" lang=""ceb"">mistísa</form>
<hom role=""n""><pos>n</pos>
<sense n=""1""><number>1</number><trans> woman of mixed blood. </trans>
<eg><i lang=""ceb"">Mistísa Insik,</i><trans> Woman with Chinese blood. </trans></eg>
</sense>
<sense n=""2""><number>2</number><trans> k.o. light-skinned cooking banana. </trans>
</sense>
<sense n=""3""><number>3</number><trans> drink of <pb n=""688""/>beer, coke, and cheap hard liquor. </trans>
</sense></hom>
<entry><form id=""mistixsa_dris"" lang=""ceb""><abbr expan=""mistísa"" type=""lemma"">—</abbr> dris</form>
<hom role=""n""><pos>n</pos>
<sense n=""0""><trans> a modern version of the old Filipina dress (<ix>sáyang pinarawhan</ix>) which may lack the <ix>panuylu</ix> or long skirt (<ix>íkug</ix>) or the stiff sleeves (<ix>paráwu</ix>). </trans>
</sense></hom></entry>
<entry><form id=""mistisahun"" lang=""ceb"">mistisahun</form>
<hom role=""a""><pos>a</pos>
<sense n=""0""><trans> having Caucasian features. </trans>
</sense></hom></entry>
<entry><form id=""mistisilya"" lang=""ceb"">mistisilya</form>
<hom role=""a""><pos>a</pos>
<sense n=""0""><trans> having some mestiza blood or features.
</trans>
</sense></hom></entry></entry>");
INSERT INTO `wced_head` (entryid, head, normalized_head, type, pos) VALUES (12590, "mistísa", "mistisa", "m", "n");
INSERT INTO `wced_head` (entryid, head, normalized_head, type, pos) VALUES (12590, "mistísa dris", "mistisa dris", "s", "n");
INSERT INTO `wced_head` (entryid, head, normalized_head, type, pos) VALUES (12590, "mistisahun", "mistisahun", "s", "a");
INSERT INTO `wced_head` (entryid, head, normalized_head, type, pos) VALUES (12590, "mistisilya", "mistisilya", "s", "a");
INSERT INTO `wced_entry` VALUES (12591, "mistisu", "688", "<entry page=""688"" id=""12591""><form id=""mistixsu"" lang=""ceb"">mistísu</form>
<hom role=""n""><pos>n</pos>
<sense n=""1""><number>1</number><trans> person of mixed blood. </trans>
</sense>
<sense n=""1a""><number>1a</number><trans> person with Caucasian features, considered to be handsome. </trans>
</sense>
<sense n=""2""><number>2</number><trans> animal of mixed breed. </trans>
</sense></hom>
<hom role=""v""><pos>v</pos>
<sense n=""0""> <itype>[B126; b6]</itype><trans> be, become mestizo. </trans>
</sense></hom>
<entry><form id=""mistixsu_baluxlang_bangus_patsang"" lang=""ceb""><abbr expan=""mistísu"" type=""lemma"">—</abbr> balúlang, bangus, patsang</form>
<hom role=""n""><pos>n</pos>
<sense n=""0""><trans> a word of ridicule for an ugly mestizo. </trans>
</sense></hom></entry>
<entry><form id=""mistisuhun"" lang=""ceb"">mistisuhun</form>
<hom role=""a""><pos>a</pos>
<sense n=""0""><trans> looking like a person with Caucasian blood. </trans>
</sense></hom></entry>
<entry><form id=""ministisu"" lang=""ceb""><abbr expan=""ministisu"" type=""lemma"">-in-(→)</abbr></form>
<hom role=""n""><pos>n</pos>
<sense n=""0""><trans> k.o. working knife (<ix>búlu</ix>) with a square end, longer than the usual <ix>búlu</ix> but shorter than the <ix>sundang</ix>.
</trans>
</sense></hom></entry></entry>");
INSERT INTO `wced_head` (entryid, head, normalized_head, type, pos) VALUES (12591, "mistísu", "mistisu", "m", "nv");
INSERT INTO `wced_head` (entryid, head, normalized_head, type, pos) VALUES (12591, "mistísu balúlang", "mistisu balulang", "s", "n");
INSERT INTO `wced_head` (entryid, head, normalized_head, type, pos) VALUES (12591, "bangus", "bangus", "s", "n");
INSERT INTO `wced_head` (entryid, head, normalized_head, type, pos) VALUES (12591, "patsang", "patsang", "s", "n");
INSERT INTO `wced_head` (entryid, head, normalized_head, type, pos) VALUES (12591, "mistisuhun", "mistisuhun", "s", "a");
INSERT INTO `wced_head` (entryid, head, normalized_head, type, pos) VALUES (12591, "ministisu", "ministisu", "s", "n");
INSERT INTO `wced_entry` VALUES (12592, "mistra", "688", "<entry page=""688"" id=""12592""><form id=""mistra"" lang=""ceb"">mistra</form>
<hom>
<sense n=""0""><trans> = <xr lang=""ceb"" target=""#maistra""><sc>maistra</sc></xr>, <i lang=""ceb"">1.</i>
</trans>
</sense></hom></entry>");
INSERT INTO `wced_head` (entryid, head, normalized_head, type, pos) VALUES (12592, "mistra", "mistra", "m", "");
INSERT INTO `wced_entry` VALUES (12593, "mistru", "688", "<entry page=""688"" id=""12593""><form id=""mistru"" lang=""ceb"">mistru</form>
<hom>
<sense n=""0""><trans> = <xr lang=""ceb"" target=""#maistru""><sc>maistru</sc></xr>, <i lang=""ceb"">1.</i>
</trans>
</sense></hom></entry>");
INSERT INTO `wced_head` (entryid, head, normalized_head, type, pos) VALUES (12593, "mistru", "mistru", "m", "");
INSERT INTO `wced_entry` VALUES (12594, "miswa1", "688", "<entry page=""688"" id=""12594""><form id=""miswa"" lang=""ceb"">miswa<sub>1</sub></form>
<hom role=""n""><pos>n</pos>
<sense n=""0""><trans> fine, brittle, thread-like noodles of white flour. </trans>
</sense></hom>
<hom role=""v""><pos>v</pos>
<sense n=""0""> <itype>[A1; b(1)]</itype><trans> make a dish of <ix>miswa</ix>.
</trans>
</sense></hom></entry>");
INSERT INTO `wced_head` (entryid, head, normalized_head, type, pos) VALUES (12594, "miswa", "miswa", "s", "nv");
INSERT INTO `wced_entry` VALUES (12595, "miswa2", "688", "<entry page=""688"" id=""12595""><form id=""miswa2"" lang=""ceb"">miswa<sub>2</sub></form>
<hom role=""n""><pos>n</pos>
<sense n=""0""><trans> humorous term of address for young ladies, used intimately without affixing the name. </trans>
<eg><i lang=""ceb"">Huy, Miswa, dalì na,</i><trans> Miss, Miss. Come here. </trans></eg>
<eg><i lang=""ceb"">Nía nang mga miswa,</i><trans> Here comes the girls.
</trans></eg>
</sense></hom></entry>");
INSERT INTO `wced_head` (entryid, head, normalized_head, type, pos) VALUES (12595, "miswa", "miswa", "s", "n");
INSERT INTO `wced_entry` VALUES (12596, "misyunibirs", "688", "<entry page=""688"" id=""12596""><form id=""misyunibirs"" lang=""ceb"">misyunibirs</form>
<hom role=""n""><pos>n</pos>
<sense n=""0""><trans> <tr>Miss Universe</tr>. </trans>
</sense></hom>
<hom role=""v""><pos>v</pos>
<sense n=""1""><number>1</number> <itype>[B16]</itype><trans> be, become Miss Universe. </trans>
</sense>
<sense n=""2""><number>2</number> <itype>[A12; b8]</itype><trans> get a Miss Universe winner. </trans>
<eg><i lang=""ceb"">Nakamisyunibirs (namisyunibirsan) na ang Pilipínas,</i><trans> The Philippines has produced a Miss Universe.
</trans></eg>
</sense></hom></entry>");
INSERT INTO `wced_head` (entryid, head, normalized_head, type, pos) VALUES (12596, "misyunibirs", "misyunibirs", "m", "nv");
INSERT INTO `wced_translation` (entryid, translation) VALUES (12596, "Miss Universe");
INSERT INTO `wced_entry` VALUES (12597, "mitad", "688", "<entry page=""688"" id=""12597""><form id=""mitad"" lang=""ceb"">mitad</form>
<hom role=""n""><pos>n</pos>
<sense n=""0""><trans> half the number or size of s.t. </trans>
<eg><i lang=""ceb"">Ang mitad sa karni kang Piduy,</i><trans> Half the piece of meat belongs to Pete. </trans></eg>
</sense></hom>
<hom role=""v""><pos>v</pos>
<sense n=""0""> <itype>[b6]</itype><trans> in a game, give s.o. a handicap of half the number of points. </trans>
<eg><i lang=""ceb"">Arun lang magkadúlà ta mitaran ta ka,</i><trans> Just so we can play I will give you a handicap of half the number of points.
</trans></eg>
</sense></hom></entry>");
INSERT INTO `wced_head` (entryid, head, normalized_head, type, pos) VALUES (12597, "mitad", "mitad", "m", "nv");
INSERT INTO `wced_entry` VALUES (12598, "mital", "688", "<entry page=""688"" id=""12598""><form id=""mixtal"" lang=""ceb"">mítal</form>
<hom role=""n""><pos>n</pos>
<sense n=""0""><trans> <tr>metal</tr>. </trans>
<eg><i lang=""ceb"">Palábad nga mítal,</i><trans> Metal propeller.
</trans></eg>
</sense></hom></entry>");
INSERT INTO `wced_head` (entryid, head, normalized_head, type, pos) VALUES (12598, "mítal", "mital", "m", "n");
INSERT INTO `wced_translation` (entryid, translation) VALUES (12598, "metal");
INSERT INTO `wced_entry` VALUES (12599, "mitalika", "688", "<entry page=""688"" id=""12599""><form id=""mitalika"" lang=""ceb"">mitalika</form>
<hom>
<sense n=""0""><trans> <ix>see</ix> <xr lang=""ceb"" target=""#tixla""><sc>tíla</sc></xr>.
</trans>
</sense></hom></entry>");
INSERT INTO `wced_head` (entryid, head, normalized_head, type, pos) VALUES (12599, "mitalika", "mitalika", "m", "");
INSERT INTO `wced_entry` VALUES (12600, "mitaliku", "688", "<entry page=""688"" id=""12600""><form id=""mitaliku"" lang=""ceb"">mitaliku</form>
<hom role=""a""><pos>a</pos>
<sense n=""0""><trans> <tr>metallic</tr>. </trans>
<eg><i lang=""ceb"">Hílu nga mitaliku,</i><trans> Metallic thread.
</trans></eg>
</sense></hom></entry>");
INSERT INTO `wced_head` (entryid, head, normalized_head, type, pos) VALUES (12600, "mitaliku", "mitaliku", "m", "a");
INSERT INTO `wced_translation` (entryid, translation) VALUES (12600, "metallic");
INSERT INTO `wced_entry` VALUES (12601, "mitamita1", "688", "<entry page=""688"" id=""12601""><form id=""mitaqmitaq"" lang=""ceb"">mitàmità<sub>1</sub></form>
<hom role=""v""><pos>v</pos>
<sense n=""0""> <itype>[A; b6]</itype><trans> act childishly by crying or threatening when demands are not met, complaining all the time, and the like. </trans>
<eg><i lang=""ceb"">Ug dúna kay gustu ayawg mitàmità kay dakù ka na,</i><trans> If you want s.t. don’t just scream. You’re too big for that.
</trans></eg>
</sense></hom></entry>");
INSERT INTO `wced_head` (entryid, head, normalized_head, type, pos) VALUES (12601, "mitàmità", "mitamita", "s", "v");
INSERT INTO `wced_entry` VALUES (12602, "mitamita2", "688", "<entry page=""688"" id=""12602""><form id=""mitaqmitaq2"" lang=""ceb"">mitàmità<sub>2</sub></form>
<hom role=""v""><pos>v</pos>
<sense n=""0""> <itype>[A; b6]</itype><trans> pick at food, eat without appetite. </trans>
<eg><i lang=""ceb"">Magmitàmità siyag káun ug way sud-an,</i><trans> She only picks at the food if there’s no food to go with the rice. </trans></eg>
</sense></hom>
<entry><form id=""mitaqmitaxun"" lang=""ceb""><abbr expan=""mitàmitáun"" type=""lemma"">-un</abbr></form>
<hom role=""a""><pos>a</pos>
<sense n=""0""><trans> always without appetite in eating, given to picking at food.
</trans>
</sense></hom></entry></entry>");
INSERT INTO `wced_head` (entryid, head, normalized_head, type, pos) VALUES (12602, "mitàmità", "mitamita", "s", "v");
INSERT INTO `wced_head` (entryid, head, normalized_head, type, pos) VALUES (12602, "mitàmitáun", "mitamitaun", "s", "a");
INSERT INTO `wced_entry` VALUES (12603, "mithi", "688", "<entry page=""688"" id=""12603""><form id=""mithiq"" lang=""ceb"">mithì</form>
<hom role=""n""><pos>n</pos>
<sense n=""0""><trans> <tr>ideals</tr>, <tr>virtues</tr>. </trans>
<eg><i lang=""ceb"">Unsay ímung mga mithì sa kinabúhì?</i><trans> What are your ideals in life? </trans></eg>
</sense></hom>
<hom role=""v""><pos>v</pos>
<sense n=""0""> <itype>[a12]</itype><trans> have s.t. as one’s ideal, cherish. </trans>
<eg><i lang=""ceb"">Ibaligyà hasta kalag tungud sa gimithì nga kalampúsan,</i><trans> They sell their souls to attain the success they so desire. </trans></eg>
</sense></hom>
<entry><form id=""pakamithiq"" lang=""ceb""><abbr expan=""pakamithì"" type=""lemma"">paka-</abbr></form>
<hom>
<sense n=""0""><trans> = <xr lang=""ceb"" target=""#mithiq""><sc>mithì</sc></xr>, <i lang=""ceb"">v</i>.
</trans>
</sense></hom></entry></entry>");
INSERT INTO `wced_head` (entryid, head, normalized_head, type, pos) VALUES (12603, "mithì", "mithi", "m", "nv");
INSERT INTO `wced_head` (entryid, head, normalized_head, type, pos) VALUES (12603, "pakamithì", "pakamithi", "s", "");
INSERT INTO `wced_translation` (entryid, translation) VALUES (12603, "ideals");
INSERT INTO `wced_translation` (entryid, translation) VALUES (12603, "virtues");
INSERT INTO `wced_entry` VALUES (12604, "miti, mitimiti, mitilmitil", "688", "<entry page=""688"" id=""12604""><form id=""miti_mitimixti_mitilmixtil"" lang=""ceb"">miti, mitimíti, mitilmítil</form>
<hom>
<sense n=""0""><trans> = <xr lang=""ceb"" target=""#mitirmixtir""><sc>mitirmítir</sc></xr>.
</trans>
</sense></hom></entry>");
INSERT INTO `wced_head` (entryid, head, normalized_head, type, pos) VALUES (12604, "miti", "miti", "s", "");
INSERT INTO `wced_head` (entryid, head, normalized_head, type, pos) VALUES (12604, "mitimíti", "mitimiti", "s", "");
INSERT INTO `wced_head` (entryid, head, normalized_head, type, pos) VALUES (12604, "mitilmítil", "mitilmitil", "s", "");
INSERT INTO `wced_entry` VALUES (12605, "miting", "688", "<entry page=""688"" id=""12605""><form id=""mixting"" lang=""ceb"">míting</form>
<hom role=""n""><pos>n</pos>
<sense n=""1""><number>1</number><trans> <tr>meeting</tr> convened. </trans>
</sense>
<sense n=""2""><number>2</number><trans> political meeting or rally. </trans>
</sense></hom>
<entry><form id=""mixting_diabansi"" lang=""ceb""><abbr expan=""míting"" type=""lemma"">—</abbr> diabansi</form>
<hom>
<sense n=""0""><trans> political rally the night before an election. </trans>
</sense></hom>
<hom role=""v""><pos>v</pos>
<sense n=""0""> <itype>[A2C2; ab]</itype><trans> hold a meeting. </trans>
</sense></hom></entry>
<entry><form id=""mixtinganan"" lang=""ceb""><abbr expan=""mítinganan"" type=""lemma"">-anan</abbr></form>
<hom role=""n""><pos>n</pos>
<sense n=""0""><trans> place for holding meetings.
</trans>
</sense></hom></entry></entry>");
INSERT INTO `wced_head` (entryid, head, normalized_head, type, pos) VALUES (12605, "míting", "miting", "m", "n");
INSERT INTO `wced_head` (entryid, head, normalized_head, type, pos) VALUES (12605, "míting diabansi", "miting diabansi", "s", "v");
INSERT INTO `wced_head` (entryid, head, normalized_head, type, pos) VALUES (12605, "mítinganan", "mitinganan", "s", "n");
INSERT INTO `wced_translation` (entryid, translation) VALUES (12605, "meeting");
INSERT INTO `wced_entry` VALUES (12606, "mitirmitir", "688", "<entry page=""688"" id=""12606""><form id=""mitirmixtir"" lang=""ceb"">mitirmítir</form>
<hom role=""v""><pos>v</pos>
<sense n=""0""> <itype>[A; a]</itype><trans> put a limit to or limit one’s acts. </trans>
<eg><i lang=""ceb"">Ása mumitirmítir ug sulti si Máma ug manuyù,</i><trans> Mama does not mince words when she is angry. </trans></eg>
<eg><i lang=""ceb"">Karung panahúna kinahanglan nga magmitirmítir ug sinud-anan,</i><trans> In these times it is necessary to limit our food consumption. </trans></eg>
</sense></hom>
<hom role=""a""><pos>a</pos>
<sense n=""0""><trans> being done in a scarce, limited way.
</trans>
</sense></hom></entry>");
INSERT INTO `wced_head` (entryid, head, normalized_head, type, pos) VALUES (12606, "mitirmítir", "mitirmitir", "m", "va");
INSERT INTO `wced_entry` VALUES (12607, "mitkan", "688", "<entry page=""688"" id=""12607""><form id=""mitkan"" lang=""ceb"">mitkan</form>
<hom role=""n""><pos>n</pos>
<sense n=""0""><trans> <tr>mess kit</tr>, commonly used as a lunch box. </trans>
</sense></hom>
<hom role=""v""><pos>v</pos>
<sense n=""0""> <itype>[A1; c6]</itype><trans> put s.t. in a mess kit.
</trans>
</sense></hom></entry>");
INSERT INTO `wced_head` (entryid, head, normalized_head, type, pos) VALUES (12607, "mitkan", "mitkan", "m", "nv");
INSERT INTO `wced_translation` (entryid, translation) VALUES (12607, "mess kit");
INSERT INTO `wced_entry` VALUES (12608, "mitmit", "688", "<entry page=""688"" id=""12608""><form id=""mitmit"" lang=""ceb"">mitmit</form>
<hom role=""v""><pos>v</pos>
<sense n=""0""> <itype>[B46; a4]</itype><trans> for the eyes to be full of yellowish discharge. </trans>
<eg><i lang=""ceb"">Nagmitmit (gimitmit) íyang mata sa mútà,</i><trans> His eyes are full of eye discharge.
</trans></eg>
</sense></hom></entry>");
INSERT INTO `wced_head` (entryid, head, normalized_head, type, pos) VALUES (12608, "mitmit", "mitmit", "m", "v");
INSERT INTO `wced_entry` VALUES (12609, "mitna", "688", "<entry page=""688"" id=""12609""><form id=""mitnaq"" lang=""ceb"">mitnà</form>
<hom role=""n""><pos>n</pos>
<sense n=""0""><trans> <tr>minute</tr>. </trans>
<eg><i lang=""ceb"">Pipila ka mitnà ang nanglábay únà ku makatíngug,</i><trans> Several minutes elapsed before I could say a word.
</trans></eg>
</sense></hom></entry>");
INSERT INTO `wced_head` (entryid, head, normalized_head, type, pos) VALUES (12609, "mitnà", "mitna", "m", "n");
INSERT INTO `wced_translation` (entryid, translation) VALUES (12609, "minute");
INSERT INTO `wced_entry` VALUES (12610, "mitru", "688", "<entry page=""688"" id=""12610""><form id=""mitru"" lang=""ceb"">mitru</form>
<hom role=""n""><pos>n</pos>
<sense n=""1""><number>1</number><trans> <tr>taxi meter</tr>. </trans>
</sense>
<sense n=""2""><number>2</number><trans> <tr>meter</tr> (not used after the numbers of Spanish origin). </trans>
<eg><i lang=""ceb"">Duha ka mitru (mitrus),</i><trans> Two meters. </trans></eg>
</sense></hom>
<entry><form id=""mitrus"" lang=""ceb""><abbr expan=""mitrus"" type=""lemma"">-s</abbr></form>
<hom>
<sense n=""0""><trans> <tr>meters</tr>. </trans>
<eg><i lang=""ceb"">Dus mitrus,</i><trans> Two meters. </trans></eg>
</sense></hom>
<hom role=""v""><pos>v</pos>
<sense n=""0""> <itype>[A3; c1]</itype><trans> measure by the meters. </trans>
</sense></hom></entry>
<entry><form id=""mitrusan_mitruhan"" lang=""ceb"">mitrusan, mitruhan</form>
<hom role=""n""><pos>n</pos>
<sense n=""0""><trans> measuring stick or tape.
</trans>
</sense></hom></entry></entry>");
INSERT INTO `wced_head` (entryid, head, normalized_head, type, pos) VALUES (12610, "mitru", "mitru", "m", "n");
INSERT INTO `wced_head` (entryid, head, normalized_head, type, pos) VALUES (12610, "mitrus", "mitrus", "s", "v");
INSERT INTO `wced_head` (entryid, head, normalized_head, type, pos) VALUES (12610, "mitrusan", "mitrusan", "s", "n");
INSERT INTO `wced_head` (entryid, head, normalized_head, type, pos) VALUES (12610, "mitruhan", "mitruhan", "s", "n");
INSERT INTO `wced_translation` (entryid, translation) VALUES (12610, "taxi meter");
INSERT INTO `wced_translation` (entryid, translation) VALUES (12610, "meter");
INSERT INTO `wced_translation` (entryid, translation) VALUES (12610, "meters");
INSERT INTO `wced_entry` VALUES (12611, "mitsa1", "688", "<entry page=""688"" id=""12611""><form id=""mitsa"" lang=""ceb"">mitsa<sub>1</sub></form>
<hom role=""n""><pos>n</pos>
<sense n=""0""><trans> small cylindrical tin can of around <measure reg=""110 to 170 grams"">4–6 oz.</measure> in a size used for kerosene lamps. </trans>
<eg><i lang=""ceb"">Mitsa nga punug sinsilyu,</i><trans> A tin can filled with coins. </trans></eg>
</sense></hom>
<entry><form id=""mitsahan"" lang=""ceb"">mitsahan</form>
<hom role=""n""><pos>n</pos>
<sense n=""0""><trans> kerosene lamp made out of small empty tin cans.
</trans>
</sense></hom></entry></entry>");
INSERT INTO `wced_head` (entryid, head, normalized_head, type, pos) VALUES (12611, "mitsa", "mitsa", "s", "n");
INSERT INTO `wced_head` (entryid, head, normalized_head, type, pos) VALUES (12611, "mitsahan", "mitsahan", "s", "n");
INSERT INTO `wced_entry` VALUES (12612, "mitsa2", "688", "<entry page=""688"" id=""12612""><form id=""mitsa2"" lang=""ceb"">mitsa<sub>2</sub></form>
<hom role=""n""><pos>n</pos>
<sense n=""0""><trans> <tr>wick</tr>, <tr>fuse</tr> of explosive. </trans>
<eg><i lang=""ceb"">Mubù ra ang mitsa sa dinamíta. Maung mibutu dáyun,</i><trans> The dynamite has too short a wick. That is why it exploded immediately. </trans></eg>
</sense></hom>
<hom role=""v""><pos>v</pos>
<sense n=""0""> <itype>[A; c1]</itype><trans> use, make as a dynamite wick.
</trans>
</sense></hom></entry>");
INSERT INTO `wced_head` (entryid, head, normalized_head, type, pos) VALUES (12612, "mitsa", "mitsa", "s", "nv");
INSERT INTO `wced_translation` (entryid, translation) VALUES (12612, "wick");
INSERT INTO `wced_translation` (entryid, translation) VALUES (12612, "fuse");
INSERT INTO `wced_entry` VALUES (12613, "mitsadu", "688", "<entry page=""688"" id=""12613""><form id=""mitsaxdu"" lang=""ceb"">mitsádu</form>
<hom role=""n""><pos>n</pos>
<sense n=""0""><trans> dish consisting of round of beef into which strips of pork fat have been inserted stewed with spices to tender, served sliced with tomato sauce.
</trans>
</sense></hom></entry>");
INSERT INTO `wced_head` (entryid, head, normalized_head, type, pos) VALUES (12613, "mitsádu", "mitsadu", "m", "n");
INSERT INTO `wced_entry` VALUES (12614, "mitsilin", "688", "<entry page=""688"" id=""12614""><form id=""mitsilin"" lang=""ceb"">mitsilin</form>
<hom role=""n""><pos>n</pos>
<sense n=""0""><trans> cement used for patching rubber (so called from the brand name). </trans>
</sense></hom>
<hom role=""v""><pos>v</pos>
<sense n=""0""> <itype>[A13; a2]</itype><trans> patch with rubber cement.
</trans>
</sense></hom></entry>");
INSERT INTO `wced_head` (entryid, head, normalized_head, type, pos) VALUES (12614, "mitsilin", "mitsilin", "m", "nv");
INSERT INTO `wced_entry` VALUES (12615, "mituaku", "688", "<entry page=""688"" id=""12615""><form id=""mituaxku"" lang=""ceb"">mituáku</form>
<hom>
<sense n=""0""><trans> <ix>short for:</ix> <bx>Mitúu Aku</bx> The <tr>Apostles’ Creed</tr>.
</trans>
</sense></hom></entry>");
INSERT INTO `wced_head` (entryid, head, normalized_head, type, pos) VALUES (12615, "mituáku", "mituaku", "m", "");
INSERT INTO `wced_translation` (entryid, translation) VALUES (12615, "Apostles’ Creed");
INSERT INTO `wced_entry` VALUES (12616, "mitudu", "688", "<entry page=""688"" id=""12616""><form id=""mitudu"" lang=""ceb"">mitudu</form>
<hom role=""n""><pos>n</pos>
<sense n=""1""><number>1</number><trans> method of teaching, learning in music. </trans>
<eg><i lang=""ceb"">Mitudu sa sista,</i><trans> Method of learning how to play the guitar. </trans></eg>
</sense>
<sense n=""2""><number>2</number><trans> being methodical. </trans>
<eg><i lang=""ceb"">Way mitudu ang pagpanglimpiyu,</i><trans> You <pb n=""689""/>aren’t being methodical in your cleaning.
</trans></eg>
</sense></hom></entry>");
INSERT INTO `wced_head` (entryid, head, normalized_head, type, pos) VALUES (12616, "mitudu", "mitudu", "m", "n");
INSERT INTO `wced_entry` VALUES (12617, "mituluhiya", "689", "<entry page=""689"" id=""12617""><form id=""mituluhixya"" lang=""ceb"">mituluhíya</form>
<hom role=""n""><pos>n</pos>
<sense n=""0""><trans> <tr>mythology</tr>.
</trans>
</sense></hom></entry>");
INSERT INTO `wced_head` (entryid, head, normalized_head, type, pos) VALUES (12617, "mituluhíya", "mituluhiya", "m", "n");
INSERT INTO `wced_translation` (entryid, translation) VALUES (12617, "mythology");
INSERT INTO `wced_entry` VALUES (12618, "miunmiun", "689", "<entry page=""689"" id=""12618""><form id=""miunmixun"" lang=""ceb"">miunmíun</form>
<hom role=""v""><pos>v</pos>
<sense n=""0""> <itype>[A; b5]</itype><trans> </trans>
</sense>
<sense n=""1""><number>1</number><trans> be careful in using money or consuming goods. </trans>
<eg><i lang=""ceb"">Magmiunmíun ta sa bugas arun mulungtad,</i><trans> We must economize on our rice so it will last. </trans></eg>
</sense>
<sense n=""2""><number>2</number><trans> hold back one’s temper or feelings, restrain oneself. </trans>
<eg><i lang=""ceb"">Ayawg imiunmíun ang ímung kaguul arun dílì ka masakit,</i><trans> Don’t suppress your grief so that you will not get ill.
</trans></eg>
</sense></hom></entry>");
INSERT INTO `wced_head` (entryid, head, normalized_head, type, pos) VALUES (12618, "miunmíun", "miunmiun", "m", "v");
INSERT INTO `wced_entry` VALUES (12619, "*miya", "689", "<entry page=""689"" id=""12619""><form id=""xxmixya"" lang=""ceb"">*míya</form>
<entry><form id=""ixha_mixya"" lang=""ceb"">íha <abbr expan=""míya"" type=""lemma"">—</abbr></form>
<hom>
<sense n=""0""><trans> my darling girl. </trans>
<eg><i lang=""ceb"">Uy, íha míya dì nà mau ang ímung nadá. Iúlì nà,</i><trans> Oh, honey, you took the wrong one. Put it back! <ix>see also</ix> <xr lang=""ceb"" target=""#madri""><sc>madri</sc></xr>.
</trans></eg>
</sense></hom></entry></entry>");
INSERT INTO `wced_head` (entryid, head, normalized_head, type, pos) VALUES (12619, "míya", "miya", "s", "");
INSERT INTO `wced_head` (entryid, head, normalized_head, type, pos) VALUES (12619, "íha míya", "iha miya", "s", "");
INSERT INTO `wced_entry` VALUES (12620, "miyaw", "689", "<entry page=""689"" id=""12620""><form id=""miyaw"" lang=""ceb"">miyaw</form>
<hom role=""n""><pos>n</pos>
<sense n=""1""><number>1</number><trans> <tr>meow</tr> of a cat. </trans>
</sense>
<sense n=""2""><number>2</number><trans> cat in baby talk. </trans>
</sense></hom>
<entry><form id=""mixyaw"" lang=""ceb""><abbr expan=""míyaw"" type=""lemma"">(←)</abbr></form>
<hom role=""v""><pos>v</pos>
<sense n=""0""> <itype>[A]</itype><trans> cry meow. </trans>
<eg><i lang=""ceb"">Kusug mumíyaw ang iring nga mangúlag,</i><trans> A cat in heat cries loud.
</trans></eg>
</sense></hom></entry></entry>");
INSERT INTO `wced_head` (entryid, head, normalized_head, type, pos) VALUES (12620, "miyaw", "miyaw", "m", "n");
INSERT INTO `wced_head` (entryid, head, normalized_head, type, pos) VALUES (12620, "míyaw", "miyaw", "s", "v");
INSERT INTO `wced_translation` (entryid, translation) VALUES (12620, "meow");
INSERT INTO `wced_entry` VALUES (12621, "miyur", "689", "<entry page=""689"" id=""12621""><form id=""mixyur"" lang=""ceb"">míyur</form>
<hom role=""n""><pos>n</pos>
<sense n=""0""><trans> <tr>mayor</tr>.
</trans>
</sense></hom></entry>");
INSERT INTO `wced_head` (entryid, head, normalized_head, type, pos) VALUES (12621, "míyur", "miyur", "m", "n");
INSERT INTO `wced_translation` (entryid, translation) VALUES (12621, "mayor");
INSERT INTO `wced_entry` VALUES (12622, "mlbn.", "689", "<entry page=""689"" id=""12622""><form id=""Mlbn."" lang=""ceb"">Mlbn.</form>
<hom role=""n""><pos>n</pos>
<sense n=""0""><trans> abbreviation for <ix>manlalában</ix>. <ix>see</ix> <xr lang=""ceb"" target=""#laxban""><sc>lában</sc></xr>.
</trans>
</sense></hom></entry>");
INSERT INTO `wced_head` (entryid, head, normalized_head, type, pos) VALUES (12622, "Mlbn.", "mlbn.", "m", "n");
INSERT INTO `wced_entry` VALUES (12623, "mm", "689", "<entry page=""689"" id=""12623""><form id=""mm"" lang=""ceb"">mm</form>
<hom>
<sense n=""1""><number>1</number><trans> sound made prior to plunging into one’s speech. </trans>
<eg><i lang=""ceb"">Mm, kinsa tu?</i><trans> Umm, who was it now? </trans></eg>
</sense>
<sense n=""2""><number>2</number><trans> sound emitted in showing approval of s.t. tasted or smelled. <ix>see also</ix> <xr lang=""ceb"" target=""#um""><sc>um</sc></xr>.
</trans>
</sense></hom></entry>");
INSERT INTO `wced_head` (entryid, head, normalized_head, type, pos) VALUES (12623, "mm", "mm", "m", "");
INSERT INTO `wced_entry` VALUES (12624, "mr.", "689", "<entry page=""689"" id=""12624""><form id=""Mr."" lang=""ceb"">Mr.</form>
<hom role=""n""><pos>n</pos>
<sense n=""0""><trans> abbreviation for <ix>Mistir</ix>.
</trans>
</sense></hom></entry>");
INSERT INTO `wced_head` (entryid, head, normalized_head, type, pos) VALUES (12624, "Mr.", "mr.", "m", "n");
INSERT INTO `wced_entry` VALUES (12625, "mu1", "689", "<entry page=""689"" id=""12625""><form id=""mu"" lang=""ceb"">mu<sub>1</sub></form>
<hom>
<sense n=""0""><trans> <ix>see</ix> <xr lang=""ceb"" target=""#axmuq""><sc>ámù</sc></xr>.
</trans>
</sense></hom></entry>");
INSERT INTO `wced_head` (entryid, head, normalized_head, type, pos) VALUES (12625, "mu", "mu", "s", "");
INSERT INTO `wced_entry` VALUES (12626, "mu2", "689", "<entry page=""689"" id=""12626""><form id=""mu2"" lang=""ceb"">mu<sub>2</sub></form>
<hom>
<sense n=""0""><trans> <ix>see</ix> <xr lang=""ceb"" target=""#ikaw""><sc>ikaw</sc></xr>.
</trans>
</sense></hom></entry>");
INSERT INTO `wced_head` (entryid, head, normalized_head, type, pos) VALUES (12626, "mu", "mu", "s", "");
INSERT INTO `wced_entry` VALUES (12627, "mu3", "689", "<entry page=""689"" id=""12627""><form id=""mu3"" lang=""ceb"">mu<sub>3</sub></form>
<hom>
<sense n=""0""><trans> <ix>see</ix> <xr lang=""ceb"" target=""#kamu""><sc>kamu</sc></xr>.
</trans>
</sense></hom></entry>");
INSERT INTO `wced_head` (entryid, head, normalized_head, type, pos) VALUES (12627, "mu", "mu", "s", "");
INSERT INTO `wced_entry` VALUES (12628, "mu4", "689", "<entry page=""689"" id=""12628""><form id=""mu4"" lang=""ceb"">mu<sub>4</sub></form>
<hom>
<sense n=""0""><trans> = <xr lang=""ceb"" target=""#mau""><sc>mau</sc></xr>.
</trans>
</sense></hom></entry>");
INSERT INTO `wced_head` (entryid, head, normalized_head, type, pos) VALUES (12628, "mu", "mu", "s", "");
INSERT INTO `wced_entry` VALUES (12629, "mu", "689", "<entry page=""689"" id=""12629""><form id=""mu6"" lang=""ceb"">mū̀</form>
<hom>
<sense n=""0""><trans> = <xr lang=""ceb"" target=""#muxluq""><sc>múlù</sc></xr>.
</trans>
</sense></hom></entry>");
INSERT INTO `wced_head` (entryid, head, normalized_head, type, pos) VALUES (12629, "mū̀", "mu", "m", "");
INSERT INTO `wced_entry` VALUES (12630, "mu-", "689", "<entry page=""689"" id=""12630""><form id=""mu-"" lang=""ceb"">mu-</form>
<hom>
<sense n=""0""><trans> punctual active verbal prefix, future. (<ix>Past</ix>: <bx>mi-</bx> <ix>or</ix> <bx>ni-</bx> <ix>or</ix> <bx>ming-</bx>. <ix>Subjunctive</ix>: <bx>mu-</bx>.) </trans>
<eg><i lang=""ceb"">Muadtu ku didtu ugmà,</i><trans> I will go there tomorrow. </trans></eg>
<eg><i lang=""ceb"">Miadtu (niadtu, ning-adtu, ming-adtu) ku didtu gahápun,</i><trans> I went there yesterday. </trans></eg>
<eg><i lang=""ceb"">Walà ku muadtu didtu,</i><trans> I did not go there. Verbs with <ix>mu-</ix>, </trans></eg>
<eg><i lang=""ceb"">mi-</i><trans> have the following meanings (as opposed to verbs with <ix>nag-</ix>, </trans></eg>
<eg><i lang=""ceb"">mag-;</i><trans> <ix>see</ix> <xr lang=""ceb"" target=""#mag-""><sc>mag-</sc></xr>). </trans></eg>
</sense>
<sense n=""1""><number>1</number><trans> volitional action. </trans>
<eg><i lang=""ceb"">Walà siya musulti,</i><trans> He wouldn’t (refused to) say. </trans></eg>
<eg><i lang=""ceb"">Gipapaháwà siya kay walà muhátag sa báhin,</i><trans> He was evicted because he refused to give the landowner his share. </trans></eg>
</sense>
<sense n=""2""><number>2</number><trans> action which is non-durative. </trans>
<eg><i lang=""ceb"">Muhílak siyag kusiun,</i><trans> He will burst out crying if he is pinched. </trans></eg>
<eg><i lang=""ceb"">Mumata mi sa alas singku káda buntag,</i><trans> We wake up every morning at five. </trans></eg>
<eg><i lang=""ceb"">Mutindug mi ug musulud siya,</i><trans> We will get up if he comes in. </trans></eg>
</sense>
<sense n=""2a""><number>2a</number><trans> added to nouns to form verbs of this meaning. </trans>
<eg><i lang=""ceb"">Mukaláyu ang kakugnan,</i><trans> The grasslands will burst into flames. </trans></eg>
</sense>
<sense n=""3""><number>3</number><trans> <ix>added to verbs referring to state:</ix> come into [such-and-such] a state, become [so-and-so]. </trans>
<eg><i lang=""ceb"">Muabri ang pultahan,</i><trans> The door will open (come open). </trans></eg>
<eg><i lang=""ceb"">Mutúyuk ang galingan,</i><trans> The mill will turn. </trans></eg>
</sense>
<sense n=""3a""><number>3a</number><trans> <ix>added to adj.</ix>: become [adj.]. </trans>
<eg><i lang=""ceb"">Mugamay ímung láwas ug dì ka mukáun,</i><trans> You will get thin if you don’t eat. </trans></eg>
<eg><i lang=""ceb"">Mupula ímung ngábil ug ímung lipistíkan,</i><trans> Your lips will become red if you put lipstick on them. </trans></eg>
</sense>
<sense n=""3b""><number>3b</number><trans> <ix>added to roots referring to measurements:</ix> become [so-and-so] much. </trans>
<eg><i lang=""ceb"">Ug mualas utsu na gánì, lakaw na lang,</i><trans> If it gets to be eight o’clock, just go on ahead. </trans></eg>
<eg><i lang=""ceb"">Muduha na ka túig,</i><trans> It is almost two years now. (Lit. It will become two years.) </trans></eg>
<eg><i lang=""ceb"">Mutúhud ang túbig,</i><trans> The water is nearly knee-deep (lit. will become knee-deep). </trans></eg>
</sense>
<sense n=""3c""><number>3c</number><trans> <ix>added to verbs referring to capability:</ix> be capable of [do]ing. </trans>
<eg><i lang=""ceb"">Kining sakayána mukarga ug lima ka táwu,</i><trans> This boat will hold five people. </trans></eg>
<eg><i lang=""ceb"">Kining dyípa musakay ug dúsi ka buuk,</i><trans> This jeep can carry a dozen people. </trans></eg>
</sense>
<sense n=""4""><number>4</number><trans> <ix>added to verbs or adjectives referring to manner:</ix> [do] in [such-and-such] a way. </trans>
<eg><i lang=""ceb"">Mukusug siyag katáwa,</i><trans> He will laugh loudly. </trans></eg>
<eg><i lang=""ceb"">Maáyu siyang mulútù,</i><trans> He cooks well. </trans></eg>
</sense>
<sense n=""5""><number>5</number><trans> <ix>added to nouns referring to a place:</ix> go to [such-and-such] a place. </trans>
<eg><i lang=""ceb"">Mugráhi ang taksi run,</i><trans> The taxi is headed for the garage. </trans></eg>
<eg><i lang=""ceb"">Mulawud siya bísan magbagyu,</i><trans> He will go to sea, even in the typhoon.
</trans></eg>
</sense></hom></entry>");
INSERT INTO `wced_head` (entryid, head, normalized_head, type, pos) VALUES (12630, "mu-", "mu-", "m", "");
INSERT INTO `wced_entry` VALUES (12631, "mub", "689", "<entry page=""689"" id=""12631""><form id=""muxb"" lang=""ceb"">múb</form>
<hom role=""n""><pos>n</pos>
<sense n=""0""><trans> move in chess and the like. </trans>
<eg><i lang=""ceb"">Ákù pang múb ha,</i><trans> It’s my move, all right? </trans></eg>
</sense></hom>
<hom role=""v""><pos>v</pos>
<sense n=""0""> <itype>[A; c]</itype><trans> make a move. </trans>
<eg><i lang=""ceb"">Dugáya sad nímung mumúb, uy,</i><trans> Heavens, how long does it take you to move?
</trans></eg>
</sense></hom></entry>");
INSERT INTO `wced_head` (entryid, head, normalized_head, type, pos) VALUES (12631, "múb", "mub", "m", "nv");
INSERT INTO `wced_entry` VALUES (12632, "mubgas", "689", "<entry page=""689"" id=""12632""><form id=""mubgas"" lang=""ceb"">mubgas</form>
<hom>
<sense n=""0""><trans> = <xr lang=""ceb"" target=""#malubgas""><sc>malubgas</sc></xr>.
</trans>
</sense></hom></entry>");
INSERT INTO `wced_head` (entryid, head, normalized_head, type, pos) VALUES (12632, "mubgas", "mubgas", "m", "");
INSERT INTO `wced_entry` VALUES (12633, "mubil", "689", "<entry page=""689"" id=""12633""><form id=""muxbil"" lang=""ceb"">múbil</form>
<hom role=""n""><pos>n</pos>
<sense n=""1""><number>1</number><trans> <tr>mobile patrol</tr>. </trans>
<eg><i lang=""ceb"">Pag-abut sa múbil nanágan ang mga sugarul,</i><trans> When the mobile patrol arrived, the gamblers disappeared. </trans></eg>
</sense>
<sense n=""2""><number>2</number><trans> Mobil oil gasoline station. </trans>
</sense></hom>
<entry><form id=""muxbil_patrul"" lang=""ceb""><abbr expan=""múbil"" type=""lemma"">—</abbr> patrul</form>
<hom>
<sense n=""0""><trans> = <xr lang=""ceb"" target=""#muxbil""><sc>múbil</sc></xr>, <i lang=""ceb"">1.</i>
</trans>
</sense></hom></entry></entry>");
INSERT INTO `wced_head` (entryid, head, normalized_head, type, pos) VALUES (12633, "múbil", "mubil", "m", "n");
INSERT INTO `wced_head` (entryid, head, normalized_head, type, pos) VALUES (12633, "múbil patrul", "mubil patrul", "s", "");
INSERT INTO `wced_translation` (entryid, translation) VALUES (12633, "mobile patrol");
INSERT INTO `wced_entry` VALUES (12634, "mubu", "689", "<entry page=""689"" id=""12634""><form id=""mubuq"" lang=""ceb"">mubù</form>
<hom role=""a""><pos>a</pos>
<sense n=""1""><number>1</number><trans> <tr>short</tr>, <tr>brief</tr>. </trans>
<eg><i lang=""ceb"">Mubù nga sirmun,</i><trans> A brief sermon. </trans></eg>
</sense>
<sense n=""2""><number>2</number><trans> short in height or quantity. </trans>
<eg><i lang=""ceb"">Mubù si Napuliyun,</i><trans> Napoleon was a short man. </trans></eg>
<eg><i lang=""ceb"">Mubù ang mga sinínà karun,</i><trans> Dresses are short nowadays. </trans></eg>
</sense>
<sense n=""3""><number>3</number><trans> <tr>low</tr>. </trans>
<eg><i lang=""ceb"">Mubù ang lamísa pára sa mga bátà,</i><trans> The tables for the children are low. </trans></eg>
</sense>
<sense n=""3a""><number>3a</number><trans> low in price, grade. </trans>
<eg><i lang=""ceb"">Pilía nang tinda nga mubù ra ug prisyu,</i><trans> Choose low-priced goods. </trans></eg>
<eg><i lang=""ceb"">Mubù ug grádu ang buluk,</i><trans> The dull child got a low grade. </trans></eg>
</sense>
<sense n=""4""><number>4</number><trans> <ix>in phrases:</ix> having little. </trans>
</sense></hom>
<entry><form id=""mubuq_ug_buut"" lang=""ceb""><abbr expan=""mubù"" type=""lemma"">—</abbr> ug buut</form>
<hom>
<sense n=""0""><trans> in a bad mood. </trans>
<eg><i lang=""ceb"">Ayaw nag samuksamuka kay mubù run nag buut,</i><trans> Don’t disturb him because he is in a bad mood now. </trans></eg>
</sense></hom></entry>
<entry><form id=""mubuq_ug_ginhaxwa"" lang=""ceb""><abbr expan=""mubù"" type=""lemma"">—</abbr> ug ginháwa</form>
<hom>
<sense n=""0""><trans> short-winded. </trans>
</sense></hom></entry>
<entry><form id=""mubuq_ug_idukasiyun"" lang=""ceb""><abbr expan=""mubù"" type=""lemma"">—</abbr> ug idukasiyun</form>
<hom>
<sense n=""0""><trans> having little education. </trans>
<eg><i lang=""ceb"">Mubù siyag idukasiyun maung way batásan,</i><trans> He’s just ignorant. That’s why he is ill-mannered. </trans></eg>
</sense></hom></entry>
<entry><form id=""mubuq_ug_laxnat"" lang=""ceb""><abbr expan=""mubù"" type=""lemma"">—</abbr> ug lánat</form>
<hom>
<sense n=""0""><trans> lacking endurance. </trans>
<eg><i lang=""ceb"">Mubù ra siyag lánat sa lánguy,</i><trans> He cannot swim very far. </trans></eg>
</sense></hom></entry>
<entry><form id=""mubuq_ug_lupad"" lang=""ceb""><abbr expan=""mubù"" type=""lemma"">—</abbr> ug lupad</form>
<hom>
<sense n=""0""><trans> like a prostitute. </trans>
<eg><i lang=""ceb"">Ang mga babáying mubù ug lupad tinámay sa katilingban,</i><trans> Women of easy virtue are held in contempt by the community. <pb n=""690""/></trans></eg>
</sense></hom></entry>
<entry><form id=""mubuq_ug_paminsar"" lang=""ceb""><abbr expan=""mubù"" type=""lemma"">—</abbr> ug paminsar</form>
<hom>
<sense n=""0""><trans> lacking thinking power. </trans>
<eg><i lang=""ceb"">Mubù nà siyag paminsar. Maung gigastu ang puhúnan,</i><trans> He didn’t think very hard and that is why he spent his capital. </trans></eg>
</sense></hom></entry>
<entry><form id=""mubuq_ug_panlantaw"" lang=""ceb""><abbr expan=""mubù"" type=""lemma"">—</abbr> ug panlantaw</form>
<hom>
<sense n=""0""><trans> lacking foresight. </trans>
</sense></hom></entry>
<entry><form id=""mubuq_ug_pasinsiya"" lang=""ceb""><abbr expan=""mubù"" type=""lemma"">—</abbr> ug pasinsiya</form>
<hom>
<sense n=""0""><trans> lacking patience. </trans>
</sense></hom></entry>
<entry><form id=""mubuq_ug_tinan-awan"" lang=""ceb""><abbr expan=""mubù"" type=""lemma"">—</abbr> ug tinan-awan</form>
<hom>
<sense n=""0""><trans> nearsighted. </trans>
</sense></hom></entry>
<entry><form id=""mubuq_ug_tubul"" lang=""ceb""><abbr expan=""mubù"" type=""lemma"">—</abbr> ug tubul</form>
<hom>
<sense n=""0""><trans> sensitive, easy to take offense. </trans>
<eg><i lang=""ceb"">Kamubù nímug tubul uy. Dì man ka kakumidiyáhan,</i><trans> You’re too sensitive. It’s impossible to make a joke with you. </trans></eg>
</sense></hom></entry>
<entry><form id=""mubuq_ug_tul-an"" lang=""ceb""><abbr expan=""mubù"" type=""lemma"">—</abbr> ug tul-an</form>
<hom>
<sense n=""0""><trans> having short limbs. </trans>
</sense>
<sense n=""5""><number>5</number><trans> low in pitch. </trans>
<eg><i lang=""ceb"">Mubù siyag tíngug,</i><trans> She has a low voice. </trans></eg>
</sense></hom>
<hom role=""v""><pos>v</pos>
<sense n=""1""><number>1</number> <itype>[B1; ab7]</itype><trans> be brief, concise. </trans>
<eg><i lang=""ceb"">Mub-a ang ímung tubag,</i><trans> Make your answer short. </trans></eg>
</sense>
<sense n=""2""><number>2</number> <itype>[AB; b7c1]</itype><trans> become low, make s.t. low. </trans>
<eg><i lang=""ceb"">Imubù (mub-a) lang pagtábas ang ákung sayal,</i><trans> Just cut my skirt short. </trans></eg>
<eg><i lang=""ceb"">Mub-i ning ákung buhuk dapit sa kílid,</i><trans> Cut my hair short on the sides. </trans></eg>
</sense></hom></entry>
<entry><form id=""hamubuq"" lang=""ceb""><abbr expan=""hamubù"" type=""lemma"">ha-</abbr></form>
<hom role=""a""><pos>a</pos>
<sense n=""0""><trans> short. </trans>
</sense></hom></entry>
<entry><form id=""mugbuq"" lang=""ceb""><abbr expan=""mugbù"" type=""lemma"">-g-</abbr></form>
<hom role=""a""><pos>a</pos>
<sense n=""0""><trans> <tr>short</tr> (plural). </trans>
<eg><i lang=""ceb"">Sa mugbù pa ang lubi,</i><trans> In olden times (when the coconuts were still short). </trans></eg>
</sense></hom></entry>
<entry><form id=""minubuq"" lang=""ceb""><abbr expan=""minubù"" type=""lemma"">-in-</abbr></form>
<hom role=""n""><pos>n</pos>
<sense n=""0""><trans> <tr>shortenings</tr>. </trans>
<eg><i lang=""ceb"">Ang yúbi mauy minubù sa University of the Visayas,</i><trans> U.V. is short for the University of the Visayas.
</trans></eg>
</sense></hom></entry></entry>");
INSERT INTO `wced_head` (entryid, head, normalized_head, type, pos) VALUES (12634, "mubù", "mubu", "m", "a");
INSERT INTO `wced_head` (entryid, head, normalized_head, type, pos) VALUES (12634, "mubù ug buut", "mubu ug buut", "s", "");
INSERT INTO `wced_head` (entryid, head, normalized_head, type, pos) VALUES (12634, "mubù ug ginháwa", "mubu ug ginhawa", "s", "");
INSERT INTO `wced_head` (entryid, head, normalized_head, type, pos) VALUES (12634, "mubù ug idukasiyun", "mubu ug idukasiyun", "s", "");
INSERT INTO `wced_head` (entryid, head, normalized_head, type, pos) VALUES (12634, "mubù ug lánat", "mubu ug lanat", "s", "");
INSERT INTO `wced_head` (entryid, head, normalized_head, type, pos) VALUES (12634, "mubù ug lupad", "mubu ug lupad", "s", "");
INSERT INTO `wced_head` (entryid, head, normalized_head, type, pos) VALUES (12634, "mubù ug paminsar", "mubu ug paminsar", "s", "");
INSERT INTO `wced_head` (entryid, head, normalized_head, type, pos) VALUES (12634, "mubù ug panlantaw", "mubu ug panlantaw", "s", "");
INSERT INTO `wced_head` (entryid, head, normalized_head, type, pos) VALUES (12634, "mubù ug pasinsiya", "mubu ug pasinsiya", "s", "");
INSERT INTO `wced_head` (entryid, head, normalized_head, type, pos) VALUES (12634, "mubù ug tinan-awan", "mubu ug tinan-awan", "s", "");
INSERT INTO `wced_head` (entryid, head, normalized_head, type, pos) VALUES (12634, "mubù ug tubul", "mubu ug tubul", "s", "");
INSERT INTO `wced_head` (entryid, head, normalized_head, type, pos) VALUES (12634, "mubù ug tul-an", "mubu ug tul-an", "s", "v");
INSERT INTO `wced_head` (entryid, head, normalized_head, type, pos) VALUES (12634, "hamubù", "hamubu", "s", "a");
INSERT INTO `wced_head` (entryid, head, normalized_head, type, pos) VALUES (12634, "mugbù", "mugbu", "s", "a");
INSERT INTO `wced_head` (entryid, head, normalized_head, type, pos) VALUES (12634, "minubù", "minubu", "s", "n");
INSERT INTO `wced_translation` (entryid, translation) VALUES (12634, "short");
INSERT INTO `wced_translation` (entryid, translation) VALUES (12634, "brief");
INSERT INTO `wced_translation` (entryid, translation) VALUES (12634, "low");
INSERT INTO `wced_translation` (entryid, translation) VALUES (12634, "shortenings");
INSERT INTO `wced_entry` VALUES (12635, "muda", "690", "<entry page=""690"" id=""12635""><form id=""muxda"" lang=""ceb"">múda</form>
<hom role=""n""><pos>n</pos>
<sense n=""0""><trans> <tr>mode</tr>, current <tr>fashion</tr>. </trans>
<eg><i lang=""ceb"">Múda karun ang mugbù nga sinínà,</i><trans> Short dresses are the style these days. </trans></eg>
</sense></hom>
<hom role=""v""><pos>v</pos>
<sense n=""0""> <itype>[B1; c1]</itype><trans> be in fashion.
</trans>
</sense></hom></entry>");
INSERT INTO `wced_head` (entryid, head, normalized_head, type, pos) VALUES (12635, "múda", "muda", "m", "nv");
INSERT INTO `wced_translation` (entryid, translation) VALUES (12635, "mode");
INSERT INTO `wced_translation` (entryid, translation) VALUES (12635, "fashion");
INSERT INTO `wced_entry` VALUES (12636, "mudilu", "690", "<entry page=""690"" id=""12636""><form id=""mudixlu"" lang=""ceb"">mudílu</form>
<hom role=""n""><pos>n</pos>
<sense n=""1""><number>1</number><trans> <tr>fashion model</tr>, one who poses for photographers or artists. </trans>
</sense>
<sense n=""2""><number>2</number><trans> <tr>style</tr> or <tr>design</tr>. </trans>
</sense>
<sense n=""3""><number>3</number><trans> model to emulate. </trans>
<eg><i lang=""ceb"">Mudílu sa maáyung pamatásan,</i><trans> A paragon of good behavior. </trans></eg>
</sense>
<sense n=""4""><number>4</number><trans> a small copy, model of s.t. </trans>
<eg><i lang=""ceb"">Mudílu sa ayruplánu,</i><trans> Model airplane. </trans></eg>
</sense></hom>
<hom role=""v""><pos>v</pos>
<sense n=""0""> <itype>[A; c6]</itype><trans> work as a model that poses.
</trans>
</sense></hom></entry>");
INSERT INTO `wced_head` (entryid, head, normalized_head, type, pos) VALUES (12636, "mudílu", "mudilu", "m", "nv");
INSERT INTO `wced_translation` (entryid, translation) VALUES (12636, "fashion model");
INSERT INTO `wced_translation` (entryid, translation) VALUES (12636, "style");
INSERT INTO `wced_translation` (entryid, translation) VALUES (12636, "design");
INSERT INTO `wced_entry` VALUES (12637, "mudipikar", "690", "<entry page=""690"" id=""12637""><form id=""mudipikar"" lang=""ceb"">mudipikar</form>
<hom role=""v""><pos>v</pos>
<sense n=""0""> <itype>[A; c1]</itype><trans> modify s.t. to adopt it for a new use. </trans>
<eg><i lang=""ceb"">Mudipikahun nátù ning silyang himúung tuwangtúwang,</i><trans> Let’s modify this chair to turn it into a rocking chair.
</trans></eg>
</sense></hom></entry>");
INSERT INTO `wced_head` (entryid, head, normalized_head, type, pos) VALUES (12637, "mudipikar", "mudipikar", "m", "v");
INSERT INTO `wced_entry` VALUES (12638, "mudiradur", "690", "<entry page=""690"" id=""12638""><form id=""mudiradur"" lang=""ceb"">mudiradur</form>
<hom role=""n""><pos>n</pos>
<sense n=""0""><trans> in the United Church of Christ in the Philippines (a merging of several Protestant sects), the executive head of a conference composed of several local congregations in a certain area. </trans>
</sense></hom>
<hom role=""v""><pos>v</pos>
<sense n=""0""> <itype>[B156; a2]</itype><trans> be the moderator.
</trans>
</sense></hom></entry>");
INSERT INTO `wced_head` (entryid, head, normalized_head, type, pos) VALUES (12638, "mudiradur", "mudiradur", "m", "nv");
INSERT INTO `wced_entry` VALUES (12639, "mudirn", "690", "<entry page=""690"" id=""12639""><form id=""muxdirn"" lang=""ceb"">múdirn</form>
<hom role=""n""><pos>n</pos>
<sense n=""0""><trans> modern dance of the late sixties and seventies. </trans>
</sense></hom>
<hom role=""v""><pos>v</pos>
<sense n=""0""> <itype>[A23]</itype><trans> dance a modern dance.
</trans>
</sense></hom></entry>");
INSERT INTO `wced_head` (entryid, head, normalized_head, type, pos) VALUES (12639, "múdirn", "mudirn", "m", "nv");
INSERT INTO `wced_entry` VALUES (12640, "mudirnu", "690", "<entry page=""690"" id=""12640""><form id=""mudirnu"" lang=""ceb"">mudirnu</form>
<hom role=""a""><pos>a</pos>
<sense n=""0""><trans> <tr>modern</tr>. </trans>
<eg><i lang=""ceb"">Mudirnung paági sa panguma,</i><trans> Modern farming methods. </trans></eg>
</sense></hom>
<hom role=""v""><pos>v</pos>
<sense n=""0""> <itype>[B12; a12]</itype><trans> be, become modern; make s.o. or s.t. modern.
</trans>
</sense></hom></entry>");
INSERT INTO `wced_head` (entryid, head, normalized_head, type, pos) VALUES (12640, "mudirnu", "mudirnu", "m", "av");
INSERT INTO `wced_translation` (entryid, translation) VALUES (12640, "modern");
INSERT INTO `wced_entry` VALUES (12641, "mudista", "690", "<entry page=""690"" id=""12641""><form id=""mudista"" lang=""ceb"">mudista</form>
<hom role=""n""><pos>n</pos>
<sense n=""0""><trans> <tr>seamstress</tr>, usually one who sews very ordinary clothes. </trans>
</sense></hom>
<hom role=""v""><pos>v</pos>
<sense n=""0""> <itype>[B156; a12]</itype><trans> be, become a seamstress.
</trans>
</sense></hom></entry>");
INSERT INTO `wced_head` (entryid, head, normalized_head, type, pos) VALUES (12641, "mudista", "mudista", "m", "nv");
INSERT INTO `wced_translation` (entryid, translation) VALUES (12641, "seamstress");
INSERT INTO `wced_entry` VALUES (12642, "mudmud", "690", "<entry page=""690"" id=""12642""><form id=""mudmud"" lang=""ceb"">mudmud</form>
<hom role=""v""><pos>v</pos>
<sense n=""1""><number>1</number> <itype>[A; c]</itype><trans> press or bury one’s face hard against s.t. </trans>
<eg><i lang=""ceb"">Mihilak siya ug mimudmud sa íyang nawung sa unlan,</i><trans> She cried and buried her face in the pillow. </trans></eg>
</sense>
<sense n=""2""><number>2</number> <itype>[A; c6]</itype><trans> put s.o. in a tight situation. </trans>
<eg><i lang=""ceb"">Gimudmud siya sa labihang kapit-us,</i><trans> He was oppressed by extreme poverty.
</trans></eg>
</sense></hom></entry>");
INSERT INTO `wced_head` (entryid, head, normalized_head, type, pos) VALUES (12642, "mudmud", "mudmud", "m", "v");
INSERT INTO `wced_entry` VALUES (12643, "mudtu", "690", "<entry page=""690"" id=""12643""><form id=""mudtu"" lang=""ceb"">mudtu</form>
<hom>
<sense n=""0""><trans> = <xr lang=""ceb"" target=""#udtu""><sc>udtu</sc></xr> (except with <ix>hiN-</ix> and doubling).
</trans>
</sense></hom></entry>");
INSERT INTO `wced_head` (entryid, head, normalized_head, type, pos) VALUES (12643, "mudtu", "mudtu", "m", "");
INSERT INTO `wced_entry` VALUES (12644, "mudu", "690", "<entry page=""690"" id=""12644""><form id=""muxdu"" lang=""ceb"">múdu</form>
<hom role=""a""><pos>a</pos>
<sense n=""0""><trans> liking as evinced by pleasant behavior. </trans>
<eg><i lang=""ceb"">Wà ka ba kamatngun nga si Kurdapya may múdu nímu?</i><trans> Have you not noticed that Cordapia has a liking for you?
</trans></eg>
</sense></hom></entry>");
INSERT INTO `wced_head` (entryid, head, normalized_head, type, pos) VALUES (12644, "múdu", "mudu", "m", "a");
INSERT INTO `wced_entry` VALUES (12645, "mud-uk", "690", "<entry page=""690"" id=""12645""><form id=""mud-uk"" lang=""ceb"">mud-uk</form>
<hom role=""a""><pos>a</pos>
<sense n=""0""><trans> having an <tr>unsmiling</tr>, <tr>sour expression</tr>. </trans>
</sense></hom>
<hom role=""v""><pos>v</pos>
<sense n=""0""> <itype>[A; c1]</itype><trans> have a sour look on the face from being in a bad mood. </trans>
<eg><i lang=""ceb"">Dílì giyud nang batáang makamaung mumud-uk bísag kasab-an,</i><trans> That child never looks angry even when he is scolded. </trans></eg>
</sense></hom>
<entry><form id=""mud-uxkun"" lang=""ceb""><abbr expan=""mud-úkun"" type=""lemma"">-un</abbr></form>
<hom role=""a""><pos>a</pos>
<sense n=""0""><trans> of an <tr>unsmiling</tr>, angry sort.
</trans>
</sense></hom></entry></entry>");
INSERT INTO `wced_head` (entryid, head, normalized_head, type, pos) VALUES (12645, "mud-uk", "mud-uk", "m", "av");
INSERT INTO `wced_head` (entryid, head, normalized_head, type, pos) VALUES (12645, "mud-úkun", "mud-ukun", "s", "a");
INSERT INTO `wced_translation` (entryid, translation) VALUES (12645, "unsmiling");
INSERT INTO `wced_translation` (entryid, translation) VALUES (12645, "sour expression");
INSERT INTO `wced_entry` VALUES (12646, "mudus", "690", "<entry page=""690"" id=""12646""><form id=""muxdus"" lang=""ceb"">múdus</form>
<hom role=""n""><pos>n</pos>
<sense n=""0""><trans> <tr>procedure</tr>, <tr>system</tr>. </trans>
<eg><i lang=""ceb"">Karáang múdus sa panguma ang íyang gigámit,</i><trans> He uses old methods of farming. </trans></eg>
<eg><i lang=""ceb"">Mau kanà ang ílang múdus pag-ílad sa táwu,</i><trans> That is their procedure for swindling people. †
</trans></eg>
</sense></hom></entry>");
INSERT INTO `wced_head` (entryid, head, normalized_head, type, pos) VALUES (12646, "múdus", "mudus", "m", "n");
INSERT INTO `wced_translation` (entryid, translation) VALUES (12646, "procedure");
INSERT INTO `wced_translation` (entryid, translation) VALUES (12646, "system");
INSERT INTO `wced_entry` VALUES (12647, "mug-aw", "690", "<entry page=""690"" id=""12647""><form id=""mug-aw"" lang=""ceb"">mug-aw</form>
<hom role=""v""><pos>v</pos>
<sense n=""0""> <itype>[B1256]</itype><trans> feel lonely and empty when parted from a dear one. </trans>
<eg><i lang=""ceb"">Namug-aw sila pagkahibalu nílang gitában nag ílang anak,</i><trans> They had a lonely and empty feeling when they heard that their daughter had eloped. </trans></eg>
<eg><i lang=""ceb"">Namug-aw man lang tag hinulat nímu,</i><trans> I felt so lonely waiting for you.
</trans></eg>
</sense></hom></entry>");
INSERT INTO `wced_head` (entryid, head, normalized_head, type, pos) VALUES (12647, "mug-aw", "mug-aw", "m", "v");
INSERT INTO `wced_entry` VALUES (12648, "mugmug", "690", "<entry page=""690"" id=""12648""><form id=""mugmug"" lang=""ceb"">mugmug</form>
<hom>
<sense n=""0""><trans> = <xr lang=""ceb"" target=""#limugmug""><sc>limugmug</sc></xr>.
</trans>
</sense></hom></entry>");
INSERT INTO `wced_head` (entryid, head, normalized_head, type, pos) VALUES (12648, "mugmug", "mugmug", "m", "");
INSERT INTO `wced_entry` VALUES (12649, "mugna", "690", "<entry page=""690"" id=""12649""><form id=""mugnaq"" lang=""ceb"">mugnà</form>
<hom role=""v""><pos>v</pos>
<sense n=""0""> <itype>[A; a2]</itype><trans> <tr>create</tr>, bring into existence. </trans>
<eg><i lang=""ceb"">Kinsay nagmugnà sa kasámuk dinhi?</i><trans> Who created a disturbance here? </trans></eg>
<eg><i lang=""ceb"">Gimugnà sa Amirika ang mga mangilngig nga paági sa pagpatay,</i><trans> America has created terrifying devices to kill people. </trans></eg>
<eg><i lang=""ceb"">Gimugnáan ku níya ug usa ka kanta sa gugma,</i><trans> He composed a love song for me. </trans></eg>
</sense></hom>
<hom role=""n""><pos>n</pos>
<sense n=""0""><trans> <tr>creation</tr>. </trans>
<eg><i lang=""ceb"">Ang kalibútan mugnà sa Diyus,</i><trans> The earth is God’s creation. </trans></eg>
</sense></hom>
<entry><form id=""magmumugnaq"" lang=""ceb""><abbr expan=""magmumugnà"" type=""lemma"">mag-r-</abbr></form>
<hom role=""n""><pos>n</pos>
<sense n=""0""><trans> <tr>creator</tr>. </trans>
</sense></hom></entry>
<entry><form id=""tigmugnaq_tagmugnaq"" lang=""ceb""><abbr expan=""tigmugnà"" type=""lemma"">tig-</abbr>, <abbr expan=""tagmugnà"" type=""lemma"">tag-</abbr></form>
<hom role=""n""><pos>n</pos>
<sense n=""0""><trans> <tr>creator</tr>, originator of a certain thing. </trans>
<eg><i lang=""ceb"">Si Baldu ang tagmugnà sa pagpalusut sa mga kuntrabandu,</i><trans> Baldo is the one who thought up ways of smuggling contraband goods.
</trans></eg>
</sense></hom></entry></entry>");
INSERT INTO `wced_head` (entryid, head, normalized_head, type, pos) VALUES (12649, "mugnà", "mugna", "m", "vn");
INSERT INTO `wced_head` (entryid, head, normalized_head, type, pos) VALUES (12649, "magmumugnà", "magmumugna", "s", "n");
INSERT INTO `wced_head` (entryid, head, normalized_head, type, pos) VALUES (12649, "tigmugnà", "tigmugna", "s", "n");
INSERT INTO `wced_head` (entryid, head, normalized_head, type, pos) VALUES (12649, "tagmugnà", "tagmugna", "s", "n");
INSERT INTO `wced_translation` (entryid, translation) VALUES (12649, "create");
INSERT INTO `wced_translation` (entryid, translation) VALUES (12649, "creation");
INSERT INTO `wced_translation` (entryid, translation) VALUES (12649, "creator");
INSERT INTO `wced_entry` VALUES (12650, "mugtuk", "690", "<entry page=""690"" id=""12650""><form id=""mugtuk"" lang=""ceb"">mugtuk</form>
<hom role=""a""><pos>a</pos>
<sense n=""0""><trans> <tr>frowning</tr>, <tr>scowling</tr> of face. </trans>
<eg><i lang=""ceb"">Kinsay ganáhan makig-úban níya nga mugtuk kaáyug náwung?</i><trans> Who cares for her company when she has such a frowning face? </trans></eg>
</sense></hom>
<hom role=""v""><pos>v</pos>
<sense n=""0""> <itype>[B; c1]</itype><trans> look gloomy, sad, pouting. </trans>
<eg><i lang=""ceb"">Nagmugtuk siya kay gipugus pagpatrabáhu,</i><trans> He pouted because he was being forced to work. </trans></eg>
<eg><i lang=""ceb"">Nagmugtuk ang íyang nawung kay gipapha siya sa trabáhu,</i><trans> He has a dejected look because he was fired from his job.
</trans></eg>
</sense></hom></entry>");
INSERT INTO `wced_head` (entryid, head, normalized_head, type, pos) VALUES (12650, "mugtuk", "mugtuk", "m", "av");
INSERT INTO `wced_translation` (entryid, translation) VALUES (12650, "frowning");
INSERT INTO `wced_translation` (entryid, translation) VALUES (12650, "scowling");
INSERT INTO `wced_entry` VALUES (12651, "mug-ut", "690", "<entry page=""690"" id=""12651""><form id=""mug-ut"" lang=""ceb"">mug-ut</form>
<hom>
<sense n=""0""><trans> = <xr lang=""ceb"" target=""#mud-uk""><sc>mud-uk</sc></xr>.
</trans>
</sense></hom></entry>");
INSERT INTO `wced_head` (entryid, head, normalized_head, type, pos) VALUES (12651, "mug-ut", "mug-ut", "m", "");
INSERT INTO `wced_entry` VALUES (12652, "*muhir", "690", "<entry page=""690"" id=""12652""><form id=""xxmuhir"" lang=""ceb"">*muhir</form>
<entry><form id=""babaxying_muhir"" lang=""ceb"">babáying <abbr expan=""muhir"" type=""lemma"">—</abbr></form>
<hom>
<sense n=""0""><trans> derogatory, but meaningless, reference to a woman (from the analogy of phrases of the form <ix>babáying</ix> [<ix>adj.</ix>], which mean ‘woman doing s.t. improper’—<pb n=""691""/>e.g. <ix>babáying kiat</ix> ‘flirt’, whereas <ix>muhir</ix> [from Spanish] has no meaning by itself.) </trans>
<eg><i lang=""ceb"">Nía na pud magsamuksamuk nang babáying muhir,</i><trans> Here comes that female again, making a nuisance of herself.
</trans></eg>
</sense></hom></entry></entry>");
INSERT INTO `wced_head` (entryid, head, normalized_head, type, pos) VALUES (12652, "muhir", "muhir", "s", "");
INSERT INTO `wced_head` (entryid, head, normalized_head, type, pos) VALUES (12652, "babáying muhir", "babaying muhir", "s", "");
INSERT INTO `wced_entry` VALUES (12653, "muhun", "691", "<entry page=""691"" id=""12653""><form id=""muhun"" lang=""ceb"">muhun</form>
<hom role=""n""><pos>n</pos>
<sense n=""1""><number>1</number><trans> concrete land marker buried in the ground. </trans>
</sense>
<sense n=""2""><number>2</number><trans> penis (humorous). </trans>
</sense></hom>
<hom role=""v""><pos>v</pos>
<sense n=""0""> <itype>[A; b]</itype><trans> post land markers.
</trans>
</sense></hom></entry>");
INSERT INTO `wced_head` (entryid, head, normalized_head, type, pos) VALUES (12653, "muhun", "muhun", "m", "nv");
INSERT INTO `wced_entry` VALUES (12654, "mukasin", "691", "<entry page=""691"" id=""12654""><form id=""mukasin"" lang=""ceb"">mukasin</form>
<hom role=""n""><pos>n</pos>
<sense n=""0""><trans> <tr>moccasin shoes</tr>, shoe that has no heel and is made of soft leather. </trans>
</sense></hom>
<hom role=""v""><pos>v</pos>
<sense n=""0""> <itype>[A; b]</itype><trans> wear moccasins.
</trans>
</sense></hom></entry>");
INSERT INTO `wced_head` (entryid, head, normalized_head, type, pos) VALUES (12654, "mukasin", "mukasin", "m", "nv");
INSERT INTO `wced_translation` (entryid, translation) VALUES (12654, "moccasin shoes");
INSERT INTO `wced_entry` VALUES (12655, "mukda", "691", "<entry page=""691"" id=""12655""><form id=""mukda"" lang=""ceb"">mukda</form>
<hom role=""v""><pos>v</pos>
<sense n=""0""> <itype>[A12; b2]</itype><trans> </trans>
</sense>
<sense n=""1""><number>1</number><trans> suddenly realize s.t. so as to get startled. </trans>
<eg><i lang=""ceb"">Dihà na ku makamukda nga wà kuy kwarta pagbáyad nákù,</i><trans> I suddenly realized I had no money when I was about to pay. </trans></eg>
<eg><i lang=""ceb"">Namukdahan ku pagkadungug sa balità,</i><trans> I was stunned by the news. </trans></eg>
</sense>
<sense n=""2""><number>2</number><trans> be caught in the act. </trans>
<eg><i lang=""ceb"">Himukdahan ang mga sugarul sa pulis,</i><trans> The police caught the gamblers red-handed.
</trans></eg>
</sense></hom></entry>");
INSERT INTO `wced_head` (entryid, head, normalized_head, type, pos) VALUES (12655, "mukda", "mukda", "m", "v");
INSERT INTO `wced_entry` VALUES (12656, "muku", "691", "<entry page=""691"" id=""12656""><form id=""muxku"" lang=""ceb"">múku</form>
<hom role=""n""><pos><corr sic=""v"">n</corr></pos>
<sense n=""0""><trans> variety of cooking banana, growing in bunches with fewer hands and shorter individual pieces than the <ix>kardába</ix>, but firm of flesh and round.
</trans>
</sense></hom></entry>");
INSERT INTO `wced_head` (entryid, head, normalized_head, type, pos) VALUES (12656, "múku", "muku", "m", "n");
INSERT INTO `wced_entry` VALUES (12657, "*mukuy", "691", "<entry page=""691"" id=""12657""><form id=""xxmuxkuy"" lang=""ceb"">*múkuy</form>
<hom>
<sense n=""0""><trans> = <xr lang=""ceb"" target=""#sagmuxkuy""><sc>sagmúkuy</sc></xr>.
</trans>
</sense></hom></entry>");
INSERT INTO `wced_head` (entryid, head, normalized_head, type, pos) VALUES (12657, "múkuy", "mukuy", "s", "");
INSERT INTO `wced_entry` VALUES (12658, "mul", "691", "<entry page=""691"" id=""12658""><form id=""mul"" lang=""ceb"">mul</form>
<hom role=""n""><pos>n</pos>
<sense n=""0""><trans> mould or pattern for making a hat the right size. </trans>
</sense></hom>
<hom role=""v""><pos>v</pos>
<sense n=""0""> <itype>[A; a1]</itype><trans> use, make a head mould.
</trans>
</sense></hom></entry>");
INSERT INTO `wced_head` (entryid, head, normalized_head, type, pos) VALUES (12658, "mul", "mul", "m", "nv");
INSERT INTO `wced_entry` VALUES (12659, "mula", "691", "<entry page=""691"" id=""12659""><form id=""muxla"" lang=""ceb"">múla</form>
<hom role=""n""><pos>n</pos>
<sense n=""0""><trans> large breed of horse, reddish-brown in color.
</trans>
</sense></hom></entry>");
INSERT INTO `wced_head` (entryid, head, normalized_head, type, pos) VALUES (12659, "múla", "mula", "m", "n");
INSERT INTO `wced_entry` VALUES (12660, "mulasis", "691", "<entry page=""691"" id=""12660""><form id=""mulaxsis"" lang=""ceb"">mulásis</form>
<hom role=""n""><pos>n</pos>
<sense n=""0""><trans> <tr>molasses</tr>.
</trans>
</sense></hom></entry>");
INSERT INTO `wced_head` (entryid, head, normalized_head, type, pos) VALUES (12660, "mulásis", "mulasis", "m", "n");
INSERT INTO `wced_translation` (entryid, translation) VALUES (12660, "molasses");
INSERT INTO `wced_entry` VALUES (12661, "muldi", "691", "<entry page=""691"" id=""12661""><form id=""muldi"" lang=""ceb"">muldi</form>
<hom role=""n""><pos>n</pos>
<sense n=""1""><number>1</number><trans> <tr>mold</tr> for forming s.t. </trans>
<eg><i lang=""ceb"">Muldi sa halublak,</i><trans> Mold for making hollow blocks. </trans></eg>
</sense>
<sense n=""2""><number>2</number><trans> piece of s.t. shaped by a mold. </trans>
<eg><i lang=""ceb"">Pila ang muldi sa bibingka?</i><trans> How much are the rice cakes apiece? </trans></eg>
</sense>
<sense n=""3""><number>3</number><trans> anything that is made in large quantities in the same size and shape, such as spare parts. </trans>
</sense></hom>
<hom role=""v""><pos>v</pos>
<sense n=""0""> <itype>[A1; a]</itype><trans> mold for s.t., make s.t. with a mold. </trans>
</sense></hom>
<entry><form id=""muldihan"" lang=""ceb"">muldihan</form>
<hom>
<sense n=""0""><trans> = <xr lang=""ceb"" target=""#muldi""><sc>muldi</sc></xr>, <i lang=""ceb"">n1.</i> </trans>
</sense></hom></entry>
<entry><form id=""minuldi"" lang=""ceb""><abbr expan=""minuldi"" type=""lemma"">-in-</abbr></form>
<hom role=""n""><pos>n</pos>
<sense n=""0""><trans> <tr>printing</tr>, <tr>block letters</tr>. </trans>
</sense></hom>
<hom role=""v""><pos>v</pos>
<sense n=""0""> <itype>[A; c16]</itype><trans> print, write in block letters.
</trans>
</sense></hom></entry></entry>");
INSERT INTO `wced_head` (entryid, head, normalized_head, type, pos) VALUES (12661, "muldi", "muldi", "m", "nv");
INSERT INTO `wced_head` (entryid, head, normalized_head, type, pos) VALUES (12661, "muldihan", "muldihan", "s", "");
INSERT INTO `wced_head` (entryid, head, normalized_head, type, pos) VALUES (12661, "minuldi", "minuldi", "s", "nv");
INSERT INTO `wced_translation` (entryid, translation) VALUES (12661, "mold");
INSERT INTO `wced_translation` (entryid, translation) VALUES (12661, "printing");
INSERT INTO `wced_translation` (entryid, translation) VALUES (12661, "block letters");
INSERT INTO `wced_entry` VALUES (12662, "mulignu", "691", "<entry page=""691"" id=""12662""><form id=""mulignuq"" lang=""ceb"">mulignù</form>
<hom>
<sense n=""0""><trans> = <xr lang=""ceb"" target=""#karabalyas""><sc>karabalyas</sc></xr>.
</trans>
</sense></hom></entry>");
INSERT INTO `wced_head` (entryid, head, normalized_head, type, pos) VALUES (12662, "mulignù", "mulignu", "m", "");
INSERT INTO `wced_entry` VALUES (12663, "mulinu", "691", "<entry page=""691"" id=""12663""><form id=""mulixnu"" lang=""ceb"">mulínu</form>
<hom role=""n""><pos>n</pos>
<sense n=""0""><trans> a small hand-cranked mill. </trans>
</sense></hom>
<hom role=""v""><pos>v</pos>
<sense n=""0""> <itype>[A; a12]</itype><trans> grind s.t. in a grinder. </trans>
<eg><i lang=""ceb"">Maáyung mulinúhun dáyun ang kapi human ug sanlag,</i><trans> You should grind the coffee beans immediately after roasting them.
</trans></eg>
</sense></hom></entry>");
INSERT INTO `wced_head` (entryid, head, normalized_head, type, pos) VALUES (12663, "mulínu", "mulinu", "m", "nv");
INSERT INTO `wced_entry` VALUES (12664, "mulistiya", "691", "<entry page=""691"" id=""12664""><form id=""mulistiya"" lang=""ceb"">mulistiya</form>
<hom role=""v""><pos>v</pos>
<sense n=""1""><number>1</number> <itype>[A; b5]</itype><trans> <tr>molest</tr>, <tr>bother</tr> s.o. </trans>
<eg><i lang=""ceb"">Ipadakup kanang táwung nagmulistiya kanímu,</i><trans> Have that man who molested you arrested. </trans></eg>
</sense>
<sense n=""2""><number>2</number> <itype>[A; ac]</itype><trans> inconvenience, bother s.o. asking a favor. </trans>
<eg><i lang=""ceb"">Ayaw kug mulistiyáhag hulamhúlam ug kwarta,</i><trans> Don’t you bother me by borrowing money. </trans></eg>
<eg><i lang=""ceb"">Unsa na say ímung imulistiya nákù?</i><trans> What are you going to bother me with this time?
</trans></eg>
</sense></hom></entry>");
INSERT INTO `wced_head` (entryid, head, normalized_head, type, pos) VALUES (12664, "mulistiya", "mulistiya", "m", "v");
INSERT INTO `wced_translation` (entryid, translation) VALUES (12664, "molest");
INSERT INTO `wced_translation` (entryid, translation) VALUES (12664, "bother");
INSERT INTO `wced_entry` VALUES (12665, "mulitsing", "691", "<entry page=""691"" id=""12665""><form id=""mulitsing"" lang=""ceb"">mulitsing</form>
<hom>
<sense n=""0""><trans> = <xr lang=""ceb"" target=""#muritsing""><sc>muritsing</sc></xr>.
</trans>
</sense></hom></entry>");
INSERT INTO `wced_head` (entryid, head, normalized_head, type, pos) VALUES (12665, "mulitsing", "mulitsing", "m", "");
INSERT INTO `wced_entry` VALUES (12666, "mulmul1", "691", "<entry page=""691"" id=""12666""><form id=""mulmul"" lang=""ceb"">mulmul<sub>1</sub></form>
<hom role=""n""><pos>n</pos>
<sense n=""0""><trans> general name given to parrot fish: <bio>Scarus spp</bio>.
</trans>
</sense></hom></entry>");
INSERT INTO `wced_head` (entryid, head, normalized_head, type, pos) VALUES (12666, "mulmul", "mulmul", "s", "n");
INSERT INTO `wced_entry` VALUES (12667, "mulmul2", "691", "<entry page=""691"" id=""12667""><form id=""mulmul2"" lang=""ceb"">mulmul<sub>2</sub></form>
<hom role=""n""><pos>n</pos>
<sense n=""0""><trans> chicken feather coloration, ranging from light tan to reddish brown with a yellowish tinge.
</trans>
</sense></hom></entry>");
INSERT INTO `wced_head` (entryid, head, normalized_head, type, pos) VALUES (12667, "mulmul", "mulmul", "s", "n");
INSERT INTO `wced_entry` VALUES (12668, "multa", "691", "<entry page=""691"" id=""12668""><form id=""multa"" lang=""ceb"">multa</form>
<hom role=""n""><pos>n</pos>
<sense n=""0""><trans> <tr>fine</tr>. </trans>
<eg><i lang=""ceb"">Adúnay multa sa mangíhì dinhi,</i><trans> Whoever urinates here will be fined. </trans></eg>
</sense></hom>
<hom role=""v""><pos>v</pos>
<sense n=""1""><number>1</number> <itype>[A; b6(1)]</itype><trans> pay a fine. </trans>
<eg><i lang=""ceb"">Ngánung mumulta man ku nga wà man ku makalápas sa baláud?</i><trans> Why should I pay a fine when I haven’t broken the law? </trans></eg>
</sense>
<sense n=""2""><number>2</number> <itype>[A; c]</itype><trans> impose a fine. </trans>
<eg><i lang=""ceb"">Multáhan ang muabsin sa parti,</i><trans> Anyone who is absent from the party will be fined.
</trans></eg>
</sense></hom></entry>");
INSERT INTO `wced_head` (entryid, head, normalized_head, type, pos) VALUES (12668, "multa", "multa", "m", "nv");
INSERT INTO `wced_translation` (entryid, translation) VALUES (12668, "fine");
INSERT INTO `wced_entry` VALUES (12669, "multibaytamins", "691", "<entry page=""691"" id=""12669""><form id=""multibaytamins"" lang=""ceb"">multibaytamins</form>
<hom role=""n""><pos>n</pos>
<sense n=""0""><trans> multi vitamin tablets.
</trans>
</sense></hom></entry>");
INSERT INTO `wced_head` (entryid, head, normalized_head, type, pos) VALUES (12669, "multibaytamins", "multibaytamins", "m", "n");
INSERT INTO `wced_entry` VALUES (12670, "multiplay", "691", "<entry page=""691"" id=""12670""><form id=""multiplay"" lang=""ceb"">multiplay</form>
<hom role=""v""><pos>v</pos>
<sense n=""0""> <itype>[A; c1]</itype><trans> multiply, do the operation of multiplication. </trans>
<eg><i lang=""ceb"">Ang mga hay-iskul karun dì pa gihápun makamaung mumultiplay,</i><trans> High school students nowadays don’t even know how to do multiplication.
</trans></eg>
</sense></hom></entry>");
INSERT INTO `wced_head` (entryid, head, normalized_head, type, pos) VALUES (12670, "multiplay", "multiplay", "m", "v");
INSERT INTO `wced_entry` VALUES (12671, "multiplikar", "691", "<entry page=""691"" id=""12671""><form id=""multiplikar"" lang=""ceb"">multiplikar</form>
<hom>
<sense n=""0""><trans> = <xr lang=""ceb"" target=""#multiplay""><sc>multiplay</sc></xr>. </trans>
</sense></hom>
<entry><form id=""multiplikasiyun"" lang=""ceb"">multiplikasiyun</form>
<hom role=""n""><pos>n</pos>
<sense n=""0""><trans> multiplication.
</trans>
</sense></hom></entry></entry>");
INSERT INTO `wced_head` (entryid, head, normalized_head, type, pos) VALUES (12671, "multiplikar", "multiplikar", "m", "");
INSERT INTO `wced_head` (entryid, head, normalized_head, type, pos) VALUES (12671, "multiplikasiyun", "multiplikasiyun", "s", "n");
INSERT INTO `wced_entry` VALUES (12672, "multu", "691", "<entry page=""691"" id=""12672""><form id=""multu"" lang=""ceb"">multu</form>
<hom role=""n""><pos>n</pos>
<sense n=""0""><trans> <tr>ghost</tr> of a dead person. </trans>
<eg><i lang=""ceb"">Gipakítà siya sa multu,</i><trans> The ghost appeared to him. </trans></eg>
</sense></hom>
<hom role=""v""><pos>v</pos>
<sense n=""0""> <itype>[A13; a2]</itype><trans> for ghosts to appear. </trans>
<eg><i lang=""ceb"">Nagmultu ang kalag ni Krispin sa ikakwarinta díyas human siya mamatay,</i><trans> The ghost of Crispin appeared on the fortieth day after his death. </trans></eg>
<eg><i lang=""ceb"">Ang balay nga gimultúhan sa namatay,</i><trans> The house where the soul of the deceased appeared.

</trans></eg>
</sense></hom></entry>");
INSERT INTO `wced_head` (entryid, head, normalized_head, type, pos) VALUES (12672, "multu", "multu", "m", "nv");
INSERT INTO `wced_translation` (entryid, translation) VALUES (12672, "ghost");
INSERT INTO `wced_entry` VALUES (12673, "mulu", "691", "<entry page=""691"" id=""12673""><form id=""muluq"" lang=""ceb"">mulù</form>
<hom role=""v""><pos>v</pos>
<sense n=""0""> <itype>[A; bc]</itype><trans> complain about grievances or what one feels. </trans>
<eg><i lang=""ceb"">Nagmulù ang mga saup kay gagmay rag ílang mabáhin,</i><trans> The tenants are grumbling because they got a small share. </trans></eg>
<eg><i lang=""ceb"">Ayaw imulù nákù ang ímung sakit. Didtu sa duktur,</i><trans> Don’t tell me your complaints. Tell it to a doctor. </trans></eg>
</sense></hom>
<hom role=""n""><pos>n</pos>
<sense n=""0""><trans> complaint about what one feels. </trans>
</sense></hom>
<entry><form id=""mudmuluaxnun"" lang=""ceb""><abbr expan=""mudmuluánun"" type=""lemma"">mud-ánun</abbr></form>
<hom role=""a""><pos>a</pos>
<sense n=""0""><trans> given to much complaining and grumbling.
</trans>
</sense></hom></entry></entry>");
INSERT INTO `wced_head` (entryid, head, normalized_head, type, pos) VALUES (12673, "mulù", "mulu", "m", "vn");
INSERT INTO `wced_head` (entryid, head, normalized_head, type, pos) VALUES (12673, "mudmuluánun", "mudmuluanun", "s", "a");
INSERT INTO `wced_entry` VALUES (12674, "mulyi1", "691", "<entry page=""691"" id=""12674""><form id=""mulyi"" lang=""ceb"">mulyi<sub>1</sub></form>
<hom role=""n""><pos>n</pos>
<sense n=""0""><trans> <tr>pier</tr>, <tr>wharf</tr>. </trans>
<eg><i lang=""ceb"">Nagkargadur siya sa mulyi,</i><trans> He is working as a stevedore at the pier. </trans></eg>
</sense></hom>
<hom role=""v""><pos>v</pos>
<sense n=""0""> <itype>[a12]</itype><trans> make into a wharf, pier.
</trans>
</sense></hom></entry>");
INSERT INTO `wced_head` (entryid, head, normalized_head, type, pos) VALUES (12674, "mulyi", "mulyi", "s", "nv");
INSERT INTO `wced_translation` (entryid, translation) VALUES (12674, "pier");
INSERT INTO `wced_translation` (entryid, translation) VALUES (12674, "wharf");
INSERT INTO `wced_entry` VALUES (12675, "mulyi2", "691", "<entry page=""691"" id=""12675""><form id=""mulyi2"" lang=""ceb"">mulyi<sub>2</sub></form>
<hom role=""n""><pos>n</pos>
<sense n=""0""><trans> <tr>spring</tr>, tightly coiled wire that rebounds. </trans>
</sense></hom>
<hom role=""v""><pos>v</pos>
<sense n=""0""> <itype>[A1; a]</itype><trans> attach, use as a spring.
</trans>
</sense></hom></entry>");
INSERT INTO `wced_head` (entryid, head, normalized_head, type, pos) VALUES (12675, "mulyi", "mulyi", "s", "nv");
INSERT INTO `wced_translation` (entryid, translation) VALUES (12675, "spring");
INSERT INTO `wced_entry` VALUES (12676, "mulyi3", "691", "<entry page=""691"" id=""12676""><form id=""mulyi3"" lang=""ceb"">mulyi<sub>3</sub></form>
<hom role=""v""><pos>v</pos>
<sense n=""0""> <itype>[A; a12]</itype><trans> sharpen a thin-bladed instrument. </trans>
<eg><i lang=""ceb"">Kinsay mumulyi niíning bulang?</i><trans> Who will sharpen this gaff? </trans></eg>
<eg><i lang=""ceb"">Mulyíhun ta ning mga habulan nga bulang,</i><trans> Let’s sharpen the blades of these dull gaffs. </trans></eg>
</sense></hom>
<entry><form id=""mulyihan"" lang=""ceb"">mulyihan</form>
<hom role=""n""><pos>n</pos>
<sense n=""0""><trans> k.o. grindstone used to hone thin-bladed instruments.
</trans>
</sense></hom></entry></entry>");
INSERT INTO `wced_head` (entryid, head, normalized_head, type, pos) VALUES (12676, "mulyi", "mulyi", "s", "v");
INSERT INTO `wced_head` (entryid, head, normalized_head, type, pos) VALUES (12676, "mulyihan", "mulyihan", "s", "n");
INSERT INTO `wced_entry` VALUES (12677, "mulyinu", "691", "<entry page=""691"" id=""12677""><form id=""mulyixnu"" lang=""ceb"">mulyínu</form>
<hom role=""n""><pos>n</pos>
<sense n=""0""><trans> <tr>mill</tr> consisting of a large stone turned by a draft animal.
</trans>
</sense></hom></entry>");
INSERT INTO `wced_head` (entryid, head, normalized_head, type, pos) VALUES (12677, "mulyínu", "mulyinu", "m", "n");
INSERT INTO `wced_translation` (entryid, translation) VALUES (12677, "mill");
INSERT INTO `wced_entry` VALUES (12678, "mumhu", "691", "<entry page=""691"" id=""12678""><form id=""mumhu"" lang=""ceb"">mumhu</form>
<hom role=""n""><pos>n</pos>
<sense n=""0""><trans> little particles of cooked rice or corn that fall next to the plate when eating. </trans>
</sense></hom>
<entry><form id=""kamumhu"" lang=""ceb""><abbr expan=""kamumhu"" type=""lemma"">ka-</abbr></form>
<hom role=""v""><pos>v</pos>
<sense n=""0""> <itype>[A13]</itype><trans> be full of morsels of rice. </trans>
</sense></hom></entry>
<entry><form id=""mumhuun"" lang=""ceb"">mumhuun</form>
<hom role=""a""><pos>a</pos>
<sense n=""0""><trans> full of morsels of rice or corn.
</trans>
</sense></hom></entry></entry>");
INSERT INTO `wced_head` (entryid, head, normalized_head, type, pos) VALUES (12678, "mumhu", "mumhu", "m", "n");
INSERT INTO `wced_head` (entryid, head, normalized_head, type, pos) VALUES (12678, "kamumhu", "kamumhu", "s", "v");
INSERT INTO `wced_head` (entryid, head, normalized_head, type, pos) VALUES (12678, "mumhuun", "mumhuun", "s", "a");
INSERT INTO `wced_entry` VALUES (12679, "mumintu", "691", "<entry page=""691"" id=""12679""><form id=""mumintu"" lang=""ceb"">mumintu</form>
<hom role=""n""><pos>n</pos>
<sense n=""0""><trans> <tr>moment</tr>. </trans>
<eg><i lang=""ceb"">Mga mumintu sa kinabúhì nga dì níya hingkalimtan,</i><trans> Moments in his life which he cannot forget. <ix>see also</ix> <pb n=""692""/><xr lang=""ceb"" target=""#unmumintu""><sc>unmumintu</sc></xr>.
</trans></eg>
</sense></hom></entry>");
INSERT INTO `wced_head` (entryid, head, normalized_head, type, pos) VALUES (12679, "mumintu", "mumintu", "m", "n");
INSERT INTO `wced_translation` (entryid, translation) VALUES (12679, "moment");
INSERT INTO `wced_entry` VALUES (12680, "mumu", "692", "<entry page=""692"" id=""12680""><form id=""muxmu"" lang=""ceb"">múmu</form>
<hom role=""n""><pos>n</pos>
<sense n=""0""><trans> <tr>muumuu</tr>. </trans>
</sense></hom>
<hom role=""v""><pos>v</pos>
<sense n=""0""> <itype>[A; c]</itype><trans> wear, make into a muumuu.
</trans>
</sense></hom></entry>");
INSERT INTO `wced_head` (entryid, head, normalized_head, type, pos) VALUES (12680, "múmu", "mumu", "m", "nv");
INSERT INTO `wced_translation` (entryid, translation) VALUES (12680, "muumuu");
INSERT INTO `wced_entry` VALUES (12681, "mumu", "692", "<entry page=""692"" id=""12681""><form id=""mumuq"" lang=""ceb"">mumù</form>
<hom role=""a""><pos>a</pos>
<sense n=""0""><trans> having as much of s.t. as one could want. </trans>
<eg><i lang=""ceb"">Mumù sa pagpanggà ang bugtung,</i><trans> An only child has love lavished on him. </trans></eg>
</sense></hom>
<hom role=""v""><pos>v</pos>
<sense n=""0""> <itype>[B12]</itype><trans> get to have as much of s.t. as one would want. </trans>
<eg><i lang=""ceb"">Nagkamumù mi sa pagkáun sa nagkadatù mi,</i><trans> We were getting to have all the food we want as we got richer.
</trans></eg>
</sense></hom></entry>");
INSERT INTO `wced_head` (entryid, head, normalized_head, type, pos) VALUES (12681, "mumù", "mumu", "m", "av");
INSERT INTO `wced_entry` VALUES (12682, "mumu", "692", "<entry page=""692"" id=""12682""><form id=""muqmuq"" lang=""ceb"">mùmù</form>
<hom role=""v""><pos>v</pos>
<sense n=""0""> <itype>[A; c]</itype><trans> bump the mouth against s.t. </trans>
<eg><i lang=""ceb"">Nagdugù ang ngábil sa bátà kay namùmù sa lamísa,</i><trans> The child’s lip is bleeding because he bumped it against the table.
</trans></eg>
</sense></hom></entry>");
INSERT INTO `wced_head` (entryid, head, normalized_head, type, pos) VALUES (12682, "mùmù", "mumu", "m", "v");
INSERT INTO `wced_entry` VALUES (12683, "mumug", "692", "<entry page=""692"" id=""12683""><form id=""muxmug"" lang=""ceb"">múmug</form>
<hom>
<sense n=""0""><trans> = <xr lang=""ceb"" target=""#limugmug""><sc>limugmug</sc></xr>.
</trans>
</sense></hom></entry>");
INSERT INTO `wced_head` (entryid, head, normalized_head, type, pos) VALUES (12683, "múmug", "mumug", "m", "");
INSERT INTO `wced_entry` VALUES (12684, "mumuy", "692", "<entry page=""692"" id=""12684""><form id=""muxmuy"" lang=""ceb"">múmuy</form>
<hom role=""n""><pos>n</pos>
<sense n=""0""><trans> pet name for a monkey. </trans>
<eg><i lang=""ceb"">Gipakáun níyag ságing ang múmuy,</i><trans> He fed the monkey a banana.
</trans></eg>
</sense></hom></entry>");
INSERT INTO `wced_head` (entryid, head, normalized_head, type, pos) VALUES (12684, "múmuy", "mumuy", "m", "n");
INSERT INTO `wced_entry` VALUES (12685, "munamuna", "692", "<entry page=""692"" id=""12685""><form id=""munamuxna"" lang=""ceb"">munamúna</form>
<hom role=""a""><pos>a</pos>
<sense n=""0""><trans> doing s.t. to the best of one’s ability, with maximum effort. </trans>
<eg><i lang=""ceb"">Munamúna giyud nákung dágan apan wà giyud kung kaapas,</i><trans> I ran as fast as I could but I couldn’t overtake her. </trans></eg>
<eg><i lang=""ceb"">Náay ákung tinígum apan munamúna sab nákung dagínut,</i><trans> I have saved some money, but with great sacrifice.
</trans></eg>
</sense></hom></entry>");
INSERT INTO `wced_head` (entryid, head, normalized_head, type, pos) VALUES (12685, "munamúna", "munamuna", "m", "a");
INSERT INTO `wced_entry` VALUES (12686, "munarkiya", "692", "<entry page=""692"" id=""12686""><form id=""munarkixya"" lang=""ceb"">munarkíya</form>
<hom role=""n""><pos>n</pos>
<sense n=""0""><trans> <tr>monarchy</tr>.
</trans>
</sense></hom></entry>");
INSERT INTO `wced_head` (entryid, head, normalized_head, type, pos) VALUES (12686, "munarkíya", "munarkiya", "m", "n");
INSERT INTO `wced_translation` (entryid, translation) VALUES (12686, "monarchy");
INSERT INTO `wced_entry` VALUES (12687, "munastiryu", "692", "<entry page=""692"" id=""12687""><form id=""munastiryu"" lang=""ceb"">munastiryu</form>
<hom role=""n""><pos>n</pos>
<sense n=""0""><trans> <tr>monastery</tr>, <tr>nunnery</tr>.
</trans>
</sense></hom></entry>");
INSERT INTO `wced_head` (entryid, head, normalized_head, type, pos) VALUES (12687, "munastiryu", "munastiryu", "m", "n");
INSERT INTO `wced_translation` (entryid, translation) VALUES (12687, "monastery");
INSERT INTO `wced_translation` (entryid, translation) VALUES (12687, "nunnery");
INSERT INTO `wced_entry` VALUES (12688, "munay", "692", "<entry page=""692"" id=""12688""><form id=""muxnay"" lang=""ceb"">múnay</form>
<hom role=""n""><pos>n</pos>
<sense n=""0""><trans> k.o. bread made with more eggs and butter than ordinary bread and covered with a thin layer of beaten eggs which is baked onto it.
</trans>
</sense></hom></entry>");
INSERT INTO `wced_head` (entryid, head, normalized_head, type, pos) VALUES (12688, "múnay", "munay", "m", "n");
INSERT INTO `wced_entry` VALUES (12689, "mundu1", "692", "<entry page=""692"" id=""12689""><form id=""mundu"" lang=""ceb"">mundu<sub>1</sub></form>
<hom>
<sense n=""0""><trans> = <xr lang=""ceb"" target=""#baul_mundu""><sc>baul mundu</sc></xr>.
</trans>
</sense></hom></entry>");
INSERT INTO `wced_head` (entryid, head, normalized_head, type, pos) VALUES (12689, "mundu", "mundu", "s", "");
INSERT INTO `wced_entry` VALUES (12690, "mundu2, munduy", "692", "<entry page=""692"" id=""12690""><form id=""mundu2_munduy"" lang=""ceb"">mundu<sub>2</sub>, munduy</form>
<hom role=""n""><pos>n</pos>
<sense n=""0""><trans> small, thin-skinned, but very full and compact variety of cooking banana.
</trans>
</sense></hom></entry>");
INSERT INTO `wced_head` (entryid, head, normalized_head, type, pos) VALUES (12690, "mundu", "mundu", "s", "n");
INSERT INTO `wced_head` (entryid, head, normalized_head, type, pos) VALUES (12690, "munduy", "munduy", "s", "n");
INSERT INTO `wced_entry` VALUES (12691, "munga", "692", "<entry page=""692"" id=""12691""><form id=""mungaq"" lang=""ceb"">mungà</form>
<hom role=""n""><pos>n</pos>
<sense n=""0""><trans> <tr>mother hen</tr><corr>.</corr> </trans>
</sense></hom>
<hom role=""v""><pos>v</pos>
<sense n=""0""> <itype>[A1; a12]</itype><trans> raise a mother hen. </trans>
<eg><i lang=""ceb"">Mungaa ang hingitlug,</i><trans> Make the hens that are good layers into mother hens. </trans></eg>
</sense></hom>
<entry><form id=""mungaxan"" lang=""ceb""><abbr expan=""mungáan"" type=""lemma"">-an(←)</abbr></form>
<hom>
<sense n=""0""><trans> = <xr lang=""ceb"" target=""#himungaxan""><sc>himungáan</sc></xr>. <ix>see</ix> <xr lang=""ceb"" target=""#buxnga""><sc>búnga</sc></xr>.
</trans>
</sense></hom></entry></entry>");
INSERT INTO `wced_head` (entryid, head, normalized_head, type, pos) VALUES (12691, "mungà", "munga", "m", "nv");
INSERT INTO `wced_head` (entryid, head, normalized_head, type, pos) VALUES (12691, "mungáan", "mungaan", "s", "");
INSERT INTO `wced_translation` (entryid, translation) VALUES (12691, "mother hen");
INSERT INTO `wced_entry` VALUES (12692, "*mungalung", "692", "<entry page=""692"" id=""12692""><form id=""xxmungaxlung"" lang=""ceb"">*mungálung</form>
<entry><form id=""himungaxlung_hamungaxlung"" lang=""ceb""><abbr expan=""himungálung"" type=""lemma"">hi-</abbr>/<abbr expan=""hamungálung"" type=""lemma"">ha-</abbr></form>
<hom role=""v""><pos>v</pos>
<sense n=""0""> <itype>[B1236; b8]</itype><trans> </trans>
</sense>
<sense n=""1""><number>1</number><trans> <tr>be aware</tr>. </trans>
<eg><i lang=""ceb"">Sa pagkahimungáwung nákug buut, nawálà na sila,</i><trans> When I came to, they were gone. </trans></eg>
<eg><i lang=""ceb"">Wà ku makahimungáwung nga nawálà ákung singsing,</i><trans> I wasn’t aware that my ring was gone. </trans></eg>
</sense>
<sense n=""2""><number>2</number><trans> remember a face vaguely. </trans>
<eg><i lang=""ceb"">Wà ku makahimungáwung sa íyang dagway,</i><trans> I couldn’t place his face. </trans></eg>
</sense>
<sense n=""3""><number>3</number><trans> get a good enough look at a face to recognize it. </trans>
<eg><i lang=""ceb"">Wà ku makahimungáwung sa íyang dagway kay ngitngit,</i><trans> I couldn’t recognize his face because it was dark. </trans></eg>
</sense></hom></entry>
<entry><form id=""pahimunaxlung"" lang=""ceb""><abbr expan=""pahimunálung"" type=""lemma"">pahi-</abbr></form>
<hom role=""v""><pos>v</pos>
<sense n=""0""> <itype>[A; a]</itype><trans> bring s.o. to his senses. </trans>
<eg><i lang=""ceb"">Ug wà makapahimungáwung nákù ang ákung mga anak, mapatay ku siya,</i><trans> If my children hadn’t brought me to my senses, I would have killed him.
</trans></eg>
</sense></hom></entry></entry>");
INSERT INTO `wced_head` (entryid, head, normalized_head, type, pos) VALUES (12692, "mungálung", "mungalung", "s", "");
INSERT INTO `wced_head` (entryid, head, normalized_head, type, pos) VALUES (12692, "himungálung", "himungalung", "s", "v");
INSERT INTO `wced_head` (entryid, head, normalized_head, type, pos) VALUES (12692, "hamungálung", "hamungalung", "s", "v");
INSERT INTO `wced_head` (entryid, head, normalized_head, type, pos) VALUES (12692, "pahimunálung", "pahimunalung", "s", "v");
INSERT INTO `wced_translation` (entryid, translation) VALUES (12692, "be aware");
INSERT INTO `wced_entry` VALUES (12693, "*mungawmungaw", "692", "<entry page=""692"" id=""12693""><form id=""xxmungawmuxngaw"" lang=""ceb"">*mungawmúngaw</form>
<entry><form id=""pamungawmuxngaw"" lang=""ceb""><abbr expan=""pamungawmúngaw"" type=""lemma"">pa-</abbr></form>
<hom role=""v""><pos>v</pos>
<sense n=""0""> <itype>[A]</itype><trans> pretend not to know or be aware. </trans>
<eg><i lang=""ceb"">Nagpamungawmúngaw siyang wà kahibáwu nga nakadaug siya sa swipstik,</i><trans> He pretended not to know that he had won a prize in the sweepstakes.
</trans></eg>
</sense></hom></entry></entry>");
INSERT INTO `wced_head` (entryid, head, normalized_head, type, pos) VALUES (12693, "mungawmúngaw", "mungawmungaw", "s", "");
INSERT INTO `wced_head` (entryid, head, normalized_head, type, pos) VALUES (12693, "pamungawmúngaw", "pamungawmungaw", "s", "v");
INSERT INTO `wced_entry` VALUES (12694, "*mungawung", "692", "<entry page=""692"" id=""12694""><form id=""xxmungaxwung"" lang=""ceb"">*mungáwung</form>
<hom>
<sense n=""0""><trans> = <xr lang=""ceb"" target=""#xxmungaxlung""><sc>*mungálung</sc></xr>.
</trans>
</sense></hom></entry>");
INSERT INTO `wced_head` (entryid, head, normalized_head, type, pos) VALUES (12694, "mungáwung", "mungawung", "s", "");
INSERT INTO `wced_entry` VALUES (12695, "munggus", "692", "<entry page=""692"" id=""12695""><form id=""munggus"" lang=""ceb"">munggus</form>
<hom role=""n""><pos>n</pos>
<sense n=""0""><trans> <tr>mung bean</tr>, stewed like lentils or made into bean sprouts: <bio>Phaseolus aureus</bio>. </trans>
</sense></hom>
<hom role=""v""><pos>v</pos>
<sense n=""0""> <itype>[A13; b6]</itype><trans> prepare a dish of mung beans. </trans>
<eg><i lang=""ceb"">Nindut munggusan ang bulad bulinaw,</i><trans> Dried anchovies goes well if cooked with mung beans.
</trans></eg>
</sense></hom></entry>");
INSERT INTO `wced_head` (entryid, head, normalized_head, type, pos) VALUES (12695, "munggus", "munggus", "m", "nv");
INSERT INTO `wced_translation` (entryid, translation) VALUES (12695, "mung bean");
INSERT INTO `wced_entry` VALUES (12696, "mungha", "692", "<entry page=""692"" id=""12696""><form id=""mungha"" lang=""ceb"">mungha</form>
<hom role=""n""><pos>n</pos>
<sense n=""0""><trans> <tr>cenobite nun</tr>. </trans>
</sense></hom>
<hom role=""v""><pos>v</pos>
<sense n=""0""> <itype>[B156]</itype><trans> </trans>
</sense>
<sense n=""1""><number>1</number><trans> be a cenobite nun. </trans>
</sense>
<sense n=""2""><number>2</number><trans> cloister oneself like a nun.
</trans>
</sense></hom></entry>");
INSERT INTO `wced_head` (entryid, head, normalized_head, type, pos) VALUES (12696, "mungha", "mungha", "m", "nv");
INSERT INTO `wced_translation` (entryid, translation) VALUES (12696, "cenobite nun");
INSERT INTO `wced_entry` VALUES (12697, "munghi", "692", "<entry page=""692"" id=""12697""><form id=""munghi"" lang=""ceb"">munghi</form>
<hom role=""n""><pos>n</pos>
<sense n=""0""><trans> <tr>cenobite monk</tr>. </trans>
</sense></hom>
<hom role=""v""><pos>v</pos>
<sense n=""0""> <itype>[B156]</itype><trans> be, become a monk.
</trans>
</sense></hom></entry>");
INSERT INTO `wced_head` (entryid, head, normalized_head, type, pos) VALUES (12697, "munghi", "munghi", "m", "nv");
INSERT INTO `wced_translation` (entryid, translation) VALUES (12697, "cenobite monk");
INSERT INTO `wced_entry` VALUES (12698, "mungit", "692", "<entry page=""692"" id=""12698""><form id=""mungit"" lang=""ceb"">mungit</form>
<hom role=""n""><pos>n</pos>
<sense n=""1""><number>1</number><trans> k.o. edible fish of the rocks of an unusually strong smell. </trans>
</sense>
<sense n=""2""><number>2</number><trans> allusion to s.o. who smells bad. </trans>
<eg><i lang=""ceb"">Kalígù uy nanimáhù ka mang mungit,</i><trans> Wash yourself, man. You smell like a <ix>mungit</ix> fish.
</trans></eg>
</sense></hom></entry>");
INSERT INTO `wced_head` (entryid, head, normalized_head, type, pos) VALUES (12698, "mungit", "mungit", "m", "n");
INSERT INTO `wced_entry` VALUES (12699, "mungkadu kuluni", "692", "<entry page=""692"" id=""12699""><form id=""mungkaxdu_kuluni"" lang=""ceb"">mungkádu kuluni</form>
<hom role=""n""><pos>n</pos>
<sense n=""0""><trans> colony of members of a religious brotherhood, so called after their founder Hilario C. Moncado. </trans>
</sense></hom>
<entry><form id=""mungkadista"" lang=""ceb"">mungkadista</form>
<hom role=""n""><pos>n</pos>
<sense n=""0""><trans> a follower of Moncado.
</trans>
</sense></hom></entry></entry>");
INSERT INTO `wced_head` (entryid, head, normalized_head, type, pos) VALUES (12699, "mungkádu kuluni", "mungkadu kuluni", "m", "n");
INSERT INTO `wced_head` (entryid, head, normalized_head, type, pos) VALUES (12699, "mungkadista", "mungkadista", "s", "n");
INSERT INTO `wced_entry` VALUES (12700, "munha, munhi", "692", "<entry page=""692"" id=""12700""><form id=""munha_munhi"" lang=""ceb"">munha, munhi</form>
<hom>
<sense n=""0""><trans> = <xr lang=""ceb"" target=""#mungha""><sc>mungha</sc></xr>, <xr lang=""ceb"" target=""#munghi""><sc>munghi</sc></xr>.
</trans>
</sense></hom></entry>");
INSERT INTO `wced_head` (entryid, head, normalized_head, type, pos) VALUES (12700, "munha", "munha", "s", "");
INSERT INTO `wced_head` (entryid, head, normalized_head, type, pos) VALUES (12700, "munhi", "munhi", "s", "");
INSERT INTO `wced_entry` VALUES (12701, "*munisipal", "692", "<entry page=""692"" id=""12701""><form id=""xxmunisipal"" lang=""ceb"">*munisipal</form>
<entry><form id=""hunta_munisipal_kunsixhu_munisipal"" lang=""ceb""><abbr expan=""hunta munisipal"" type=""lemma"">hunta</abbr>, kunsíhu <abbr expan=""munisipal"" type=""lemma"">—</abbr></form>
<hom role=""n""><pos>n</pos>
<sense n=""0""><trans> municipal board.
</trans>
</sense></hom></entry></entry>");
INSERT INTO `wced_head` (entryid, head, normalized_head, type, pos) VALUES (12701, "munisipal", "munisipal", "s", "");
INSERT INTO `wced_head` (entryid, head, normalized_head, type, pos) VALUES (12701, "hunta munisipal", "hunta munisipal", "s", "n");
INSERT INTO `wced_head` (entryid, head, normalized_head, type, pos) VALUES (12701, "kunsíhu munisipal", "kunsihu munisipal", "s", "n");
INSERT INTO `wced_entry` VALUES (12702, "munisipyu", "692", "<entry page=""692"" id=""12702""><form id=""munisipyu"" lang=""ceb"">munisipyu</form>
<hom role=""n""><pos>n</pos>
<sense n=""1""><number>1</number><trans> <tr>municipal building</tr> in a town. </trans>
</sense>
<sense n=""2""><number>2</number><trans> town not as big as a city. </trans>
</sense></hom>
<hom role=""v""><pos>v</pos>
<sense n=""0""> <itype>[B126; a12]</itype><trans> be, become a <tr>municipality</tr>.
</trans>
</sense></hom></entry>");
INSERT INTO `wced_head` (entryid, head, normalized_head, type, pos) VALUES (12702, "munisipyu", "munisipyu", "m", "nv");
INSERT INTO `wced_translation` (entryid, translation) VALUES (12702, "municipal building");
INSERT INTO `wced_translation` (entryid, translation) VALUES (12702, "municipality");
INSERT INTO `wced_entry` VALUES (12703, "munitur", "692", "<entry page=""692"" id=""12703""><form id=""munitur"" lang=""ceb"">munitur</form>
<hom role=""n""><pos>n</pos>
<sense n=""0""><trans> <tr>monitor</tr>, a student chosen to help a teacher with order, attendance, and other non-teaching chores. </trans>
</sense></hom>
<hom role=""v""><pos>v</pos>
<sense n=""0""> <itype>[B126; a12]</itype><trans> be, become a monitor, make s.o. the monitor.
</trans>
</sense></hom></entry>");
INSERT INTO `wced_head` (entryid, head, normalized_head, type, pos) VALUES (12703, "munitur", "munitur", "m", "nv");
INSERT INTO `wced_translation` (entryid, translation) VALUES (12703, "monitor");
INSERT INTO `wced_entry` VALUES (12704, "muntada", "692", "<entry page=""692"" id=""12704""><form id=""muntaxda"" lang=""ceb"">muntáda</form>
<hom role=""v""><pos>v</pos>
<sense n=""1""><number>1</number> <itype>[A; c]</itype><trans> <tr>mount</tr>, set s.t. up resting on s.t. </trans>
<eg><i lang=""ceb"">Nagmuntáda sila sa mga kanyun ibabaw sa kútà,</i><trans> They are mounting the cannons on the upper walls of the fort. </trans></eg>
</sense>
<sense n=""2""><number>2</number> <itype>[A]</itype><trans> be mounted, put up s.w. </trans>
<eg><i lang=""ceb"">Nagmuntáda ang bátà sa kúna,</i><trans> The baby is lying flat on the crib.
</trans></eg>
</sense></hom></entry>");
INSERT INTO `wced_head` (entryid, head, normalized_head, type, pos) VALUES (12704, "muntáda", "muntada", "m", "v");
INSERT INTO `wced_translation` (entryid, translation) VALUES (12704, "mount");
INSERT INTO `wced_entry` VALUES (12705, "muntar", "692", "<entry page=""692"" id=""12705""><form id=""munta4r"" lang=""ceb"">muntǎr</form>
<hom role=""v""><pos>v</pos>
<sense n=""1""><number>1</number> <itype>[A; c]</itype><trans> set s.t. up, install s.t. for use. </trans>
<eg><i lang=""ceb"">Wà pa ku makamuntǎr sa utáwan,</i><trans> I have not set the ironing board up yet. </trans></eg>
<eg><i lang=""ceb"">Gimuntǎr na ang ilibítur,</i><trans> The elevator has been installed. </trans></eg>
</sense>
<sense n=""2""><number>2</number> <itype>[A2]</itype><trans> mount, get on a saddle. </trans>
<eg><i lang=""ceb"">Dì ku makamuntǎr sa silyíta sa bisiklíta kay hábug,</i><trans> I can not get on the bicycle seat because it’s too high. </trans></eg>
</sense>
<sense n=""3""><number>3</number><trans> for male animals to copulate. </trans>
<eg><i lang=""ceb"">Dílì mumuntǎr ang butù kay walà bigái,</i><trans> The male won’t mount because he isn’t sexed up.
</trans></eg>
</sense></hom></entry>");
INSERT INTO `wced_head` (entryid, head, normalized_head, type, pos) VALUES (12705, "muntǎr", "muntar", "m", "v");
INSERT INTO `wced_entry` VALUES (12706, "munti1", "692", "<entry page=""692"" id=""12706""><form id=""munti"" lang=""ceb"">munti<sub>1</sub></form>
<hom role=""n""><pos>n</pos>
<sense n=""0""><trans> = <xr lang=""ceb"" target=""#muntingluxpaq""><sc>muntinglúpà</sc></xr>.
</trans>
</sense></hom></entry>");
INSERT INTO `wced_head` (entryid, head, normalized_head, type, pos) VALUES (12706, "munti", "munti", "s", "n");
INSERT INTO `wced_entry` VALUES (12707, "munti2", "692", "<entry page=""692"" id=""12707""><form id=""munti2"" lang=""ceb"">munti<sub>2</sub></form>
<hom role=""n""><pos>n</pos>
<sense n=""0""><trans> <tr>monte</tr>, k.o. card game. </trans>
</sense></hom>
<hom role=""v""><pos>v</pos>
<sense n=""0""> <itype>[A2C; b6]</itype><trans> play monte.
</trans>
</sense></hom></entry>");
INSERT INTO `wced_head` (entryid, head, normalized_head, type, pos) VALUES (12707, "munti", "munti", "s", "nv");
INSERT INTO `wced_translation` (entryid, translation) VALUES (12707, "monte");
INSERT INTO `wced_entry` VALUES (12708, "muntinglupa", "692", "<entry page=""692"" id=""12708""><form id=""muntingluxpaq"" lang=""ceb"">muntinglúpà</form>
<hom role=""n""><pos>n</pos>
<sense n=""0""><trans> <corr sic=""Muntinglupa"">Muntinlupa</corr>, national penitentiary of the Philippines. </trans>
</sense></hom>
<hom role=""v""><pos>v</pos>
<sense n=""0""> <itype>[B1256]</itype><trans> be sent to <corr sic=""Muntinglupa"">Muntinlupa</corr>.
<pb n=""693""/>
</trans>
</sense></hom></entry>");
INSERT INTO `wced_head` (entryid, head, normalized_head, type, pos) VALUES (12708, "muntinglúpà", "muntinglupa", "m", "nv");
INSERT INTO `wced_entry` VALUES (12709, "muntura", "693", "<entry page=""693"" id=""12709""><form id=""muntuxra"" lang=""ceb"">muntúra</form>
<hom role=""n""><pos>n</pos>
<sense n=""1""><number>1</number><trans> <tr>saddle</tr>. </trans>
<eg><i lang=""ceb"">Lisud ang magkabayù nga way muntúra,</i><trans> It’s difficult to ride a horse without a saddle. </trans></eg>
</sense>
<sense n=""2""><number>2</number><trans> seat of a bicycle. </trans>
</sense></hom>
<hom role=""v""><pos>v</pos>
<sense n=""0""> <itype>[c]</itype><trans> <tr>mount s.t. on s.t.</tr>, usually so as to put it in full view. </trans>
<eg><i lang=""ceb"">Kamira nga gimuntúra ibabaw sa lamísa,</i><trans> A camera mounted on top of the table. </trans></eg>
</sense></hom>
<entry><form id=""pamuntuxra"" lang=""ceb""><abbr expan=""pamuntúra"" type=""lemma"">pa-</abbr></form>
<hom role=""v""><pos>v</pos>
<sense n=""0""> <itype>[A3]</itype><trans> place conspicuously s.w. </trans>
<eg><i lang=""ceb"">À, náa man giyus úna magpamuntúra, mu ra mag hárì,</i><trans> Hm, how he dared take a seat right in the front, as if he were a king!
</trans></eg>
</sense></hom></entry></entry>");
INSERT INTO `wced_head` (entryid, head, normalized_head, type, pos) VALUES (12709, "muntúra", "muntura", "m", "nv");
INSERT INTO `wced_head` (entryid, head, normalized_head, type, pos) VALUES (12709, "pamuntúra", "pamuntura", "s", "v");
INSERT INTO `wced_translation` (entryid, translation) VALUES (12709, "saddle");
INSERT INTO `wced_translation` (entryid, translation) VALUES (12709, "mount s.t. on s.t.");
INSERT INTO `wced_entry` VALUES (12710, "munumintu", "693", "<entry page=""693"" id=""12710""><form id=""munumintu"" lang=""ceb"">munumintu</form>
<hom>
<sense n=""0""><trans> = <xr lang=""ceb"" target=""#munyumintu2""><sc>munyumintu<sub>2</sub></sc></xr>.
</trans>
</sense></hom></entry>");
INSERT INTO `wced_head` (entryid, head, normalized_head, type, pos) VALUES (12710, "munumintu", "munumintu", "m", "");
INSERT INTO `wced_entry` VALUES (12711, "munyika", "693", "<entry page=""693"" id=""12711""><form id=""munyixka"" lang=""ceb"">munyíka</form>
<hom role=""n""><pos>n</pos>
<sense n=""0""><trans> <tr>doll</tr>. </trans>
</sense></hom>
<hom role=""v""><pos>v</pos>
<sense n=""1""><number>1</number> <itype>[A13; c6]</itype><trans> play with dolls. </trans>
</sense>
<sense n=""2""><number>2</number> <itype>[A12]</itype><trans> obtain a doll. </trans>
</sense>
<sense n=""3""><number>3</number> <itype>[a12]</itype><trans> make into a doll. </trans>
</sense></hom>
<entry><form id=""munyixka_nga_nuug"" lang=""ceb""><abbr expan=""munyíka"" type=""lemma"">—</abbr> nga nuug</form>
<hom role=""n""><pos>n</pos>
<sense n=""0""><trans> <tr>rag doll</tr>.
</trans>
</sense></hom></entry></entry>");
INSERT INTO `wced_head` (entryid, head, normalized_head, type, pos) VALUES (12711, "munyíka", "munyika", "m", "nv");
INSERT INTO `wced_head` (entryid, head, normalized_head, type, pos) VALUES (12711, "munyíka nga nuug", "munyika nga nuug", "s", "n");
INSERT INTO `wced_translation` (entryid, translation) VALUES (12711, "doll");
INSERT INTO `wced_translation` (entryid, translation) VALUES (12711, "rag doll");
INSERT INTO `wced_entry` VALUES (12712, "munyumintu1", "693", "<entry page=""693"" id=""12712""><form id=""munyumintu"" lang=""ceb"">munyumintu<sub>1</sub></form>
<hom role=""n""><pos>n</pos>
<sense n=""0""><trans> monument. </trans>
</sense></hom>
<hom role=""v""><pos>v</pos>
<sense n=""0""> <itype>[A13; b(1)]</itype><trans> set up a monument.
</trans>
</sense></hom></entry>");
INSERT INTO `wced_head` (entryid, head, normalized_head, type, pos) VALUES (12712, "munyumintu", "munyumintu", "s", "nv");
INSERT INTO `wced_entry` VALUES (12713, "munyumintu2", "693", "<entry page=""693"" id=""12713""><form id=""munyumintu2"" lang=""ceb"">munyumintu<sub>2</sub></form>
<hom role=""n""><pos>n</pos>
<sense n=""0""><trans> small marker of cement to indicate the corners of land boundaries. </trans>
</sense></hom>
<hom role=""v""><pos>v</pos>
<sense n=""0""> <itype>[A; a2]</itype><trans> put a cement marker up.
</trans>
</sense></hom></entry>");
INSERT INTO `wced_head` (entryid, head, normalized_head, type, pos) VALUES (12713, "munyumintu", "munyumintu", "s", "nv");
INSERT INTO `wced_entry` VALUES (12714, "mur", "693", "<entry page=""693"" id=""12714""><form id=""muxr"" lang=""ceb"">múr</form>
<hom>
<sense n=""0""><trans> (from <ix>murtál</ix>) I <tr>swear</tr>, it’s true. </trans>
<eg><i lang=""ceb"">Tinúud laging gipalitan kag sinínà, múr,</i><trans> I swear to God, she bought you a dress. </trans></eg>
</sense></hom>
<entry><form id=""muxr_pa"" lang=""ceb""><abbr expan=""múr"" type=""lemma"">—</abbr> pa</form>
<hom>
<sense n=""0""><trans> I swear, it’s true.
</trans>
</sense></hom></entry></entry>");
INSERT INTO `wced_head` (entryid, head, normalized_head, type, pos) VALUES (12714, "múr", "mur", "m", "");
INSERT INTO `wced_head` (entryid, head, normalized_head, type, pos) VALUES (12714, "múr pa", "mur pa", "s", "");
INSERT INTO `wced_translation` (entryid, translation) VALUES (12714, "swear");
INSERT INTO `wced_entry` VALUES (12715, "mura", "693", "<entry page=""693"" id=""12715""><form id=""mura"" lang=""ceb"">mura</form>
<hom>
<sense n=""0""><trans> = <xr lang=""ceb"" target=""#mau_ra""><sc>mau ra</sc></xr>. <ix>see</ix> <xr lang=""ceb"" target=""#mau""><sc>mau</sc></xr>.
</trans>
</sense></hom></entry>");
INSERT INTO `wced_head` (entryid, head, normalized_head, type, pos) VALUES (12715, "mura", "mura", "m", "");
INSERT INTO `wced_entry` VALUES (12716, "mura", "693", "<entry page=""693"" id=""12716""><form id=""muxra"" lang=""ceb"">múra</form>
<hom role=""n""><pos>n</pos>
<sense n=""0""><trans> <tr>muslim woman</tr>.
</trans>
</sense></hom></entry>");
INSERT INTO `wced_head` (entryid, head, normalized_head, type, pos) VALUES (12716, "múra", "mura", "m", "n");
INSERT INTO `wced_translation` (entryid, translation) VALUES (12716, "muslim woman");
INSERT INTO `wced_entry` VALUES (12717, "murabya", "693", "<entry page=""693"" id=""12717""><form id=""murabya"" lang=""ceb"">murabya</form>
<hom role=""n""><pos>n</pos>
<sense n=""0""><trans> variety of banana.
</trans>
</sense></hom></entry>");
INSERT INTO `wced_head` (entryid, head, normalized_head, type, pos) VALUES (12717, "murabya", "murabya", "m", "n");
INSERT INTO `wced_entry` VALUES (12718, "muradu", "693", "<entry page=""693"" id=""12718""><form id=""muraxdu"" lang=""ceb"">murádu</form>
<hom role=""a""><pos>a</pos>
<sense n=""0""><trans> reddish purple. </trans>
</sense></hom>
<hom role=""n""><pos>n</pos>
<sense n=""0""><trans> = <xr lang=""ceb"" target=""#amuraxdu""><sc>amurádu</sc></xr>. </trans>
</sense></hom>
<hom role=""v""><pos>v</pos>
<sense n=""0""> <itype>[a12]</itype><trans> color s.t. reddish purple.
</trans>
</sense></hom></entry>");
INSERT INTO `wced_head` (entryid, head, normalized_head, type, pos) VALUES (12718, "murádu", "muradu", "m", "anv");
INSERT INTO `wced_entry` VALUES (12719, "mural", "693", "<entry page=""693"" id=""12719""><form id=""mural"" lang=""ceb"">mural</form>
<hom role=""n""><pos>n</pos>
<sense n=""1""><number>1</number><trans> <tr>morale</tr>. </trans>
<eg><i lang=""ceb"">Makadáut sa mural sa sundáwu,</i><trans> Can destroy the soldiers’ morale. </trans></eg>
</sense>
<sense n=""2""><number>2</number><trans> <tr>moral</tr> or moral lesson.
</trans>
</sense></hom></entry>");
INSERT INTO `wced_head` (entryid, head, normalized_head, type, pos) VALUES (12719, "mural", "mural", "m", "n");
INSERT INTO `wced_translation` (entryid, translation) VALUES (12719, "morale");
INSERT INTO `wced_translation` (entryid, translation) VALUES (12719, "moral");
INSERT INTO `wced_entry` VALUES (12720, "muralidad", "693", "<entry page=""693"" id=""12720""><form id=""muralidad"" lang=""ceb"">muralidad</form>
<hom role=""n""><pos>n</pos>
<sense n=""0""><trans> <tr>morality</tr>, moral conduct. </trans>
<eg><i lang=""ceb"">Mubù na kaáyu ang muralidad sa mga táwu karun,</i><trans> The current generation does not conform to high standards of morality.
</trans></eg>
</sense></hom></entry>");
INSERT INTO `wced_head` (entryid, head, normalized_head, type, pos) VALUES (12720, "muralidad", "muralidad", "m", "n");
INSERT INTO `wced_translation` (entryid, translation) VALUES (12720, "morality");
INSERT INTO `wced_entry` VALUES (12721, "muralista", "693", "<entry page=""693"" id=""12721""><form id=""muralista"" lang=""ceb"">muralista</form>
<hom role=""n""><pos>n</pos>
<sense n=""0""><trans> one who is a stickler for moral propriety.
</trans>
</sense></hom></entry>");
INSERT INTO `wced_head` (entryid, head, normalized_head, type, pos) VALUES (12721, "muralista", "muralista", "m", "n");
INSERT INTO `wced_entry` VALUES (12722, "murdir", "693", "<entry page=""693"" id=""12722""><form id=""murdir"" lang=""ceb"">murdir</form>
<hom role=""v""><pos>v</pos>
<sense n=""0""> <itype>[a12]</itype><trans> murder, corrupt a language, song. </trans>
<eg><i lang=""ceb"">Gimurdir ni Nína ang ispíling sa ákung ngálan,</i><trans> Nena murdered the spelling of my name.
</trans></eg>
</sense></hom></entry>");
INSERT INTO `wced_head` (entryid, head, normalized_head, type, pos) VALUES (12722, "murdir", "murdir", "m", "v");
INSERT INTO `wced_entry` VALUES (12723, "murgi", "693", "<entry page=""693"" id=""12723""><form id=""murgi"" lang=""ceb"">murgi</form>
<hom role=""n""><pos>n</pos>
<sense n=""0""><trans> <tr>morgue</tr>. </trans>
</sense></hom>
<hom role=""v""><pos>v</pos>
<sense n=""0""> <itype>[c1]</itype><trans> be kept in a morgue. </trans>
<eg><i lang=""ceb"">Murgihun (imurgi) na lang ang minatay samtang maghulat kun kinsay mukúhà,</i><trans> The body will be kept in the morgue while they wait for s.o. to claim it.
</trans></eg>
</sense></hom></entry>");
INSERT INTO `wced_head` (entryid, head, normalized_head, type, pos) VALUES (12723, "murgi", "murgi", "m", "nv");
INSERT INTO `wced_translation` (entryid, translation) VALUES (12723, "morgue");
INSERT INTO `wced_entry` VALUES (12724, "murina", "693", "<entry page=""693"" id=""12724""><form id=""murixna"" lang=""ceb"">murína</form>
<hom>
<sense n=""0""><trans> = <xr lang=""ceb"" target=""#murixnu""><sc>murínu</sc></xr> (female).
</trans>
</sense></hom></entry>");
INSERT INTO `wced_head` (entryid, head, normalized_head, type, pos) VALUES (12724, "murína", "murina", "m", "");
INSERT INTO `wced_entry` VALUES (12725, "murinu", "693", "<entry page=""693"" id=""12725""><form id=""murixnu"" lang=""ceb"">murínu</form>
<hom role=""a""><pos>a</pos>
<sense n=""0""><trans> brown or dark-brown in complexion. </trans>
</sense></hom>
<hom role=""v""><pos>v</pos>
<sense n=""0""> <itype>[B125]</itype><trans> be, become brown in complexion.
</trans>
</sense></hom></entry>");
INSERT INTO `wced_head` (entryid, head, normalized_head, type, pos) VALUES (12725, "murínu", "murinu", "m", "av");
INSERT INTO `wced_entry` VALUES (12726, "muritsing", "693", "<entry page=""693"" id=""12726""><form id=""muritsing"" lang=""ceb"">muritsing</form>
<hom role=""v""><pos>v</pos>
<sense n=""0""> <itype>[B12; b6]</itype><trans> be smeared, spotted with dirt, grimy. </trans>
<eg><i lang=""ceb"">Mauy nakamuritsing (nakapamuritsing) sa ákung sinínà ang úling nga ákung gidala,</i><trans> The charcoal which I was carrying soiled my dress. </trans></eg>
</sense></hom>
<entry><form id=""kamuritsing"" lang=""ceb""><abbr expan=""kamuritsing"" type=""lemma"">ka-</abbr></form>
<hom>
<sense n=""0""> <itype>[A13]</itype><trans> be smeared all over. </trans>
<eg><i lang=""ceb"">Nagkamuritsing man lang nang nawung mu sa sikwáti,</i><trans> Your face is all besmeared with chocolate.
</trans></eg>
</sense></hom></entry></entry>");
INSERT INTO `wced_head` (entryid, head, normalized_head, type, pos) VALUES (12726, "muritsing", "muritsing", "m", "v");
INSERT INTO `wced_head` (entryid, head, normalized_head, type, pos) VALUES (12726, "kamuritsing", "kamuritsing", "s", "");
INSERT INTO `wced_entry` VALUES (12727, "murkun", "693", "<entry page=""693"" id=""12727""><form id=""murkun"" lang=""ceb"">murkun</form>
<hom role=""n""><pos>n</pos>
<sense n=""0""><trans> dish made of ground meat mixed with spices and wrapped in the leaf fat or thinly sliced pork or beef, and boiled and then fried. </trans>
</sense></hom>
<hom role=""v""><pos>v</pos>
<sense n=""0""> <itype>[A13]</itype><trans> make, have <ix>murkun</ix>.
</trans>
</sense></hom></entry>");
INSERT INTO `wced_head` (entryid, head, normalized_head, type, pos) VALUES (12727, "murkun", "murkun", "m", "nv");
INSERT INTO `wced_entry` VALUES (12728, "murpina", "693", "<entry page=""693"" id=""12728""><form id=""murpixna"" lang=""ceb"">murpína</form>
<hom role=""n""><pos>n</pos>
<sense n=""0""><trans> <tr>morphine</tr>.
</trans>
</sense></hom></entry>");
INSERT INTO `wced_head` (entryid, head, normalized_head, type, pos) VALUES (12728, "murpína", "murpina", "m", "n");
INSERT INTO `wced_translation` (entryid, translation) VALUES (12728, "morphine");
INSERT INTO `wced_entry` VALUES (12729, "mursiku, mursikus", "693", "<entry page=""693"" id=""12729""><form id=""mursixku_mursixkus"" lang=""ceb"">mursíku, mursíkus</form>
<hom>
<sense n=""0""><trans> = <xr lang=""ceb"" target=""#amursixku""><sc>amursíku</sc></xr>.
</trans>
</sense></hom></entry>");
INSERT INTO `wced_head` (entryid, head, normalized_head, type, pos) VALUES (12729, "mursíku", "mursiku", "s", "");
INSERT INTO `wced_head` (entryid, head, normalized_head, type, pos) VALUES (12729, "mursíkus", "mursikus", "s", "");
INSERT INTO `wced_entry` VALUES (12730, "murtal1", "693", "<entry page=""693"" id=""12730""><form id=""murtal"" lang=""ceb"">murtal<sub>1</sub></form>
<hom role=""a""><pos>a</pos>
<sense n=""1""><number>1</number><trans> <tr>mortal sin</tr>. </trans>
<eg><i lang=""ceb"">Ayawg pangáwat kay salà kanang murtal,</i><trans> Do not steal because that is a mortal sin. </trans></eg>
</sense>
<sense n=""2""><number>2</number><trans> I swear, it’s true. </trans>
<eg><i lang=""ceb"">Wà lagi ku mamakak, murtal (murtal sin) pa,</i><trans> I am not lying, I swear. </trans></eg>
</sense></hom>
<entry><form id=""murtal_sin"" lang=""ceb""><abbr expan=""murtal"" type=""lemma"">—</abbr> sin</form>
<hom>
<sense n=""0""><trans> = <xr lang=""ceb"" target=""#murtal""><sc>murtal</sc></xr>, <i lang=""ceb"">2.</i>
</trans>
</sense></hom></entry></entry>");
INSERT INTO `wced_head` (entryid, head, normalized_head, type, pos) VALUES (12730, "murtal", "murtal", "s", "a");
INSERT INTO `wced_head` (entryid, head, normalized_head, type, pos) VALUES (12730, "murtal sin", "murtal sin", "s", "");
INSERT INTO `wced_translation` (entryid, translation) VALUES (12730, "mortal sin");
INSERT INTO `wced_entry` VALUES (12731, "murtal2", "693", "<entry page=""693"" id=""12731""><form id=""murtal2"" lang=""ceb"">murtal<sub>2</sub></form>
<hom role=""n""><pos>n</pos>
<sense n=""0""><trans> <tr>mortar cannons</tr>. </trans>
<eg><i lang=""ceb"">Murtal ang gamítun pagbungkag sa kaáway,</i><trans> They use mortars to scatter the enemy. </trans></eg>
</sense></hom>
<hom role=""v""><pos>v</pos>
<sense n=""0""> <itype>[A; a]</itype><trans> fire a mortar cannon on.
</trans>
</sense></hom></entry>");
INSERT INTO `wced_head` (entryid, head, normalized_head, type, pos) VALUES (12731, "murtal", "murtal", "s", "nv");
INSERT INTO `wced_translation` (entryid, translation) VALUES (12731, "mortar cannons");
INSERT INTO `wced_entry` VALUES (12732, "murtar sin", "693", "<entry page=""693"" id=""12732""><form id=""murtar_sin"" lang=""ceb"">murtar sin</form>
<hom>
<sense n=""0""><trans> = <xr lang=""ceb"" target=""#murtal""><sc>murtal<sub>1</sub></sc></xr>, <i lang=""ceb"">a2.</i>
</trans>
</sense></hom></entry>");
INSERT INTO `wced_head` (entryid, head, normalized_head, type, pos) VALUES (12732, "murtar sin", "murtar sin", "m", "");
INSERT INTO `wced_entry` VALUES (12733, "muru", "693", "<entry page=""693"" id=""12733""><form id=""muru"" lang=""ceb"">muru</form>
<hom role=""a""><pos>a</pos>
<sense n=""0""><trans> <tr>pouting</tr>, <tr>unsmiling</tr> face. </trans>
</sense></hom>
<hom role=""v""><pos>v</pos>
<sense n=""0""> <itype>[B46; c1]</itype><trans> having a sour face in displeasure. </trans>
<eg><i lang=""ceb"">Nagmuru ang babáying nasukù,</i><trans> The angry woman is frowning.
</trans></eg>
</sense></hom></entry>");
INSERT INTO `wced_head` (entryid, head, normalized_head, type, pos) VALUES (12733, "muru", "muru", "m", "av");
INSERT INTO `wced_translation` (entryid, translation) VALUES (12733, "pouting");
INSERT INTO `wced_translation` (entryid, translation) VALUES (12733, "unsmiling");
INSERT INTO `wced_entry` VALUES (12734, "murumuru", "693", "<entry page=""693"" id=""12734""><form id=""murumuxru"" lang=""ceb"">murumúru</form>
<hom role=""n""><pos>n</pos>
<sense n=""1""><number>1</number><trans> play in verse, dramatizing noble deeds of royalty, performed on an elaborate and lavish scale on the feast day of a patron saint. </trans>
</sense>
<sense n=""2""><number>2</number><trans> s.t. put on merely as a show, not with serious purpose. </trans>
<eg><i lang=""ceb"">Usa lang nà ka murumúru ang imbistigasiyun sa kahugáwan sa Arsii,</i><trans> The investigation of the Rice Administration scandals is all a big show. </trans></eg>
</sense></hom>
<hom role=""v""><pos>v</pos>
<sense n=""0""> <itype>[A1; c1]</itype><trans> hold a Moro-Moro play.
</trans>
</sense></hom></entry>");
INSERT INTO `wced_head` (entryid, head, normalized_head, type, pos) VALUES (12734, "murumúru", "murumuru", "m", "nv");
INSERT INTO `wced_entry` VALUES (12735, "murun", "693", "<entry page=""693"" id=""12735""><form id=""murun"" lang=""ceb"">murun</form>
<hom role=""n""><pos>n</pos>
<sense n=""0""><trans> k.o. torch made from a section of bamboo around 3 cm. in diameter with a neck and fuelled with kerosene. </trans>
</sense></hom>
<hom role=""v""><pos>v</pos>
<sense n=""0""> <itype>[A13; a12]</itype><trans> make, make into a torch of this sort.
</trans>
</sense></hom></entry>");
INSERT INTO `wced_head` (entryid, head, normalized_head, type, pos) VALUES (12735, "murun", "murun", "m", "nv");
INSERT INTO `wced_entry` VALUES (12736, "murus", "693", "<entry page=""693"" id=""12736""><form id=""muxrus"" lang=""ceb"">múrus</form>
<hom role=""n""><pos>n</pos>
<sense n=""1""><number>1</number><trans> <tr>Muslim</tr> (derogatory reference). </trans>
</sense>
<sense n=""2""><number>2</number><trans> unbaptized infant (humorous). </trans>
</sense></hom>
<entry><form id=""minurus_minuxrus"" lang=""ceb""><abbr expan=""minurus"" type=""lemma"">-in-</abbr>, <abbr expan=""minúrus"" type=""lemma"">-in-(←)</abbr></form>
<hom role=""a""><pos>a</pos>
<sense n=""0""><trans> doing things like the Moros: </trans>
</sense>
<sense n=""1""><number>1</number><trans> speak the language of the Moros. </trans>
</sense>
<sense n=""2""><number>2</number><trans> fight, settle arguments like the Moros. </trans>
</sense>
<sense n=""3""><number>3</number><trans> setting outrageously high prices. </trans>
</sense>
<sense n=""4""><number>4</number><trans> traitorous, stabbing in the back. </trans>
</sense></hom>
<hom role=""v""><pos>v</pos>
<sense n=""0""> <itype>[A; c1]</itype><trans> do s.t. like the Moros. </trans>
</sense></hom></entry>
<entry><form id=""kamurusan"" lang=""ceb""><abbr expan=""kamurusan"" type=""lemma"">ka-an</abbr></form>
<hom role=""n""><pos>n</pos>
<sense n=""0""><trans> place where many Muslims live.
</trans>
</sense></hom></entry></entry>");
INSERT INTO `wced_head` (entryid, head, normalized_head, type, pos) VALUES (12736, "múrus", "murus", "m", "n");
INSERT INTO `wced_head` (entryid, head, normalized_head, type, pos) VALUES (12736, "minurus", "minurus", "s", "av");
INSERT INTO `wced_head` (entryid, head, normalized_head, type, pos) VALUES (12736, "minúrus", "minurus", "s", "av");
INSERT INTO `wced_head` (entryid, head, normalized_head, type, pos) VALUES (12736, "kamurusan", "kamurusan", "s", "n");
INSERT INTO `wced_translation` (entryid, translation) VALUES (12736, "Muslim");
INSERT INTO `wced_entry` VALUES (12737, "murusu", "693", "<entry page=""693"" id=""12737""><form id=""muruxsu"" lang=""ceb"">murúsu</form>
<hom>
<sense n=""0""><trans> = <xr lang=""ceb"" target=""#amuruxsu""><sc>amurúsu</sc></xr>.
</trans>
</sense></hom></entry>");
INSERT INTO `wced_head` (entryid, head, normalized_head, type, pos) VALUES (12737, "murúsu", "murusu", "m", "");
INSERT INTO `wced_entry` VALUES (12738, "muryumuryu", "693", "<entry page=""693"" id=""12738""><form id=""muryumuryu"" lang=""ceb"">muryumuryu</form>
<hom role=""n""><pos>n</pos>
<sense n=""0""><trans> a notorious red light and slum district near the waterfront of Cebu City.
</trans>
</sense></hom></entry>");
INSERT INTO `wced_head` (entryid, head, normalized_head, type, pos) VALUES (12738, "muryumuryu", "muryumuryu", "m", "n");
INSERT INTO `wced_entry` VALUES (12739, "mus", "693", "<entry page=""693"" id=""12739""><form id=""mus"" lang=""ceb"">mus</form>
<hom role=""n""><pos>n</pos>
<sense n=""0""><trans> k.o. soil with heavy humus content used by florists.
</trans>
</sense></hom></entry>");
INSERT INTO `wced_head` (entryid, head, normalized_head, type, pos) VALUES (12739, "mus", "mus", "m", "n");
INSERT INTO `wced_entry` VALUES (12740, "musa", "693", "<entry page=""693"" id=""12740""><form id=""muxsa"" lang=""ceb"">músa</form>
<hom role=""n""><pos>n</pos>
<sense n=""1""><number>1</number><trans> <tr>muse</tr>, a <tr>beauty queen</tr>. </trans>
<eg><i lang=""ceb"">Si Bilin ang nahímung músa sa klási,</i><trans> Belen became the class muse. </trans></eg>
</sense>
<sense n=""2""><number>2</number><trans> in a benefit dance where girls are auctioned off to dancing partners, the girl who gets the highest amount of money. </trans>
</sense></hom>
<hom role=""v""><pos>v</pos>
<sense n=""0""> <itype>[B1256; a2]</itype><trans> be, become a muse; make s.o. the muse.
</trans>
</sense></hom></entry>");
INSERT INTO `wced_head` (entryid, head, normalized_head, type, pos) VALUES (12740, "músa", "musa", "m", "nv");
INSERT INTO `wced_translation` (entryid, translation) VALUES (12740, "muse");
INSERT INTO `wced_translation` (entryid, translation) VALUES (12740, "beauty queen");
INSERT INTO `wced_entry` VALUES (12741, "musgut", "693", "<entry page=""693"" id=""12741""><form id=""musgut"" lang=""ceb"">musgut</form>
<hom role=""v""><pos>v</pos>
<sense n=""0""> <itype>[A; c1]</itype><trans> <tr>pout</tr> and <tr>frown</tr> from annoyance. </trans>
<eg><i lang=""ceb"">Mimusgut siya nga ákung gisúgù,</i><trans> She frowned when I sent her on an errand. </trans></eg>
</sense></hom>
<entry><form id=""musgutan"" lang=""ceb""><abbr expan=""musgutan"" type=""lemma"">-un(→)</abbr></form>
<hom role=""a""><pos>a</pos>
<sense n=""0""><trans> always frowning in countenance.
<pb n=""694""/>
</trans>
</sense></hom></entry></entry>");
INSERT INTO `wced_head` (entryid, head, normalized_head, type, pos) VALUES (12741, "musgut", "musgut", "m", "v");
INSERT INTO `wced_head` (entryid, head, normalized_head, type, pos) VALUES (12741, "musgutan", "musgutan", "s", "a");
INSERT INTO `wced_translation` (entryid, translation) VALUES (12741, "pout");
INSERT INTO `wced_translation` (entryid, translation) VALUES (12741, "frown");
INSERT INTO `wced_entry` VALUES (12742, "musi", "694", "<entry page=""694"" id=""12742""><form id=""musiq"" lang=""ceb"">musì</form>
<hom role=""n""><pos>n</pos>
<sense n=""0""><trans> name given to an edible k.o. pufferfish with no spines.
</trans>
</sense></hom></entry>");
INSERT INTO `wced_head` (entryid, head, normalized_head, type, pos) VALUES (12742, "musì", "musi", "m", "n");
INSERT INTO `wced_entry` VALUES (12743, "musika", "694", "<entry page=""694"" id=""12743""><form id=""musika"" lang=""ceb"">musika</form>
<hom role=""n""><pos>n</pos>
<sense n=""0""><trans> <tr>music</tr>.
</trans>
</sense></hom></entry>");
INSERT INTO `wced_head` (entryid, head, normalized_head, type, pos) VALUES (12743, "musika", "musika", "m", "n");
INSERT INTO `wced_translation` (entryid, translation) VALUES (12743, "music");
INSERT INTO `wced_entry` VALUES (12744, "musikal", "694", "<entry page=""694"" id=""12744""><form id=""musikal"" lang=""ceb"">musikal</form>
<hom role=""n""><pos><corr sic=""a"">n</corr></pos>
<sense n=""0""><trans> <tr>musical film</tr>.
</trans>
</sense></hom></entry>");
INSERT INTO `wced_head` (entryid, head, normalized_head, type, pos) VALUES (12744, "musikal", "musikal", "m", "n");
INSERT INTO `wced_translation` (entryid, translation) VALUES (12744, "musical film");
INSERT INTO `wced_entry` VALUES (12745, "musiku", "694", "<entry page=""694"" id=""12745""><form id=""musiku"" lang=""ceb"">musiku</form>
<hom role=""n""><pos>n</pos>
<sense n=""0""><trans> <tr>music band</tr>. </trans>
<eg><i lang=""ceb"">Mitukar ang musiku ug usa ka martsa,</i><trans> The band played a march. </trans></eg>
</sense></hom>
<hom role=""v""><pos>v</pos>
<sense n=""0""> <itype>[b6]</itype><trans> provide a band. </trans>
</sense></hom>
<entry><form id=""musikixra"" lang=""ceb"">musikíra</form>
<hom>
<sense n=""0""><trans> = <xr lang=""ceb"" target=""#musikixru""><sc>musikíru</sc></xr> (female). </trans>
</sense></hom></entry>
<entry><form id=""musikixru"" lang=""ceb"">musikíru</form>
<hom role=""n""><pos>n</pos>
<sense n=""1""><number>1</number><trans> <tr>musician</tr>. </trans>
</sense>
<sense n=""2""><number>2</number><trans> member of a band. </trans>
</sense></hom>
<hom role=""v""><pos>v</pos>
<sense n=""0""> <itype>[B156]</itype><trans> be a musician or member of a band.
</trans>
</sense></hom></entry></entry>");
INSERT INTO `wced_head` (entryid, head, normalized_head, type, pos) VALUES (12745, "musiku", "musiku", "m", "nv");
INSERT INTO `wced_head` (entryid, head, normalized_head, type, pos) VALUES (12745, "musikíra", "musikira", "s", "");
INSERT INTO `wced_head` (entryid, head, normalized_head, type, pos) VALUES (12745, "musikíru", "musikiru", "s", "nv");
INSERT INTO `wced_translation` (entryid, translation) VALUES (12745, "music band");
INSERT INTO `wced_translation` (entryid, translation) VALUES (12745, "musician");
INSERT INTO `wced_entry` VALUES (12746, "musimus", "694", "<entry page=""694"" id=""12746""><form id=""musimus"" lang=""ceb"">musimus</form>
<hom role=""a""><pos>a</pos>
<sense n=""0""><trans> being of the poorest and lowest class (derogatory term). </trans>
<eg><i lang=""ceb"">Musimus giyud nga pagkatáwu dì kahibawu mugámit ug kutsára,</i><trans> He was born in a stable. He doesn’t even know how to use a spoon. </trans></eg>
</sense></hom>
<hom role=""v""><pos>v</pos>
<sense n=""0""> <itype>[B126; b6]</itype><trans> be, become lowly and looked down upon. </trans>
<eg><i lang=""ceb"">Ug mutumpang ka ánang way grádu, mamusimus ka sad,</i><trans> If you step into the gutter to fight with that ignoramus, you’ll bring yourself down to his level.
</trans></eg>
</sense></hom></entry>");
INSERT INTO `wced_head` (entryid, head, normalized_head, type, pos) VALUES (12746, "musimus", "musimus", "m", "av");
INSERT INTO `wced_entry` VALUES (12747, "muskatil", "694", "<entry page=""694"" id=""12747""><form id=""muskatil"" lang=""ceb"">muskatil</form>
<hom role=""n""><pos>n</pos>
<sense n=""0""><trans> <tr>muscatel</tr> wine.
</trans>
</sense></hom></entry>");
INSERT INTO `wced_head` (entryid, head, normalized_head, type, pos) VALUES (12747, "muskatil", "muskatil", "m", "n");
INSERT INTO `wced_translation` (entryid, translation) VALUES (12747, "muscatel");
INSERT INTO `wced_entry` VALUES (12748, "muskit", "694", "<entry page=""694"" id=""12748""><form id=""muskit"" lang=""ceb"">muskit</form>
<hom role=""n""><pos>n</pos>
<sense n=""1""><number>1</number><trans> a ship cook’s helper. </trans>
<eg><i lang=""ceb"">Ang muskit mauy katábang sa kusiníru,</i><trans> The ship cook’s helper gives the cook assistance. </trans></eg>
</sense>
<sense n=""2""><number>2</number><trans> cook who is hired or just offers his services for a special occasion. </trans>
<eg><i lang=""ceb"">Mau nay ámung muskit káda pyista,</i><trans> He is our cook every fiesta. </trans></eg>
</sense>
<sense n=""3""><number>3</number><trans> the one who is it (the server) in a game of <ix>takyan</ix> or marbles. </trans>
</sense></hom>
<hom role=""v""><pos>v</pos>
<sense n=""1""><number>1</number> <itype>[B136; a2]</itype><trans> be, become a cook for a special occasion. </trans>
</sense>
<sense n=""2""><number>2</number> <itype>[A; a12]</itype><trans> make a person remain it for a long time. </trans>
<eg><i lang=""ceb"">Muskítun kug maáyu si Pidru. Lagyuun nákug pátid ang takyan,</i><trans> I’ll make Pedro be it for a long time. I’ll kick the shuttlecock far away.
</trans></eg>
</sense></hom></entry>");
INSERT INTO `wced_head` (entryid, head, normalized_head, type, pos) VALUES (12748, "muskit", "muskit", "m", "nv");
INSERT INTO `wced_entry` VALUES (12749, "muskitiru", "694", "<entry page=""694"" id=""12749""><form id=""muskitixru"" lang=""ceb"">muskitíru</form>
<hom role=""n""><pos>n</pos>
<sense n=""0""><trans> <tr>mosquito net</tr>. </trans>
</sense></hom>
<hom role=""v""><pos>v</pos>
<sense n=""0""> <itype>[A; a]</itype><trans> put up, use a mosquito net; make into a mosquito net. </trans>
<eg><i lang=""ceb"">Magmuskitíru ta kay daghang namuk,</i><trans> We have to put up a mosquito net because there are lots of mosquitoes. </trans></eg>
</sense></hom>
<entry><form id=""muskitixru_ug_tabla"" lang=""ceb""><abbr expan=""muskitíru"" type=""lemma"">—</abbr> ug tabla</form>
<hom role=""v""><pos>v</pos>
<sense n=""0""> <itype>[A13]</itype><trans> be dead (lit. wearing a wooden mosquito net). </trans>
<eg><i lang=""ceb"">Ug dì ka muhúnung ug ínum magmuskitíru kag tabla,</i><trans> If you don’t stop drinking, you will wind up in a coffin (wearing a wooden mosquito net).
</trans></eg>
</sense></hom></entry></entry>");
INSERT INTO `wced_head` (entryid, head, normalized_head, type, pos) VALUES (12749, "muskitíru", "muskitiru", "m", "nv");
INSERT INTO `wced_head` (entryid, head, normalized_head, type, pos) VALUES (12749, "muskitíru ug tabla", "muskitiru ug tabla", "s", "v");
INSERT INTO `wced_translation` (entryid, translation) VALUES (12749, "mosquito net");
INSERT INTO `wced_entry` VALUES (12750, "muskubadu", "694", "<entry page=""694"" id=""12750""><form id=""muskubaxdu"" lang=""ceb"">muskubádu</form>
<hom role=""n""><pos>n</pos>
<sense n=""0""><trans> raw, <tr>unrefined sugar</tr>.
</trans>
</sense></hom></entry>");
INSERT INTO `wced_head` (entryid, head, normalized_head, type, pos) VALUES (12750, "muskubádu", "muskubadu", "m", "n");
INSERT INTO `wced_translation` (entryid, translation) VALUES (12750, "unrefined sugar");
INSERT INTO `wced_entry` VALUES (12751, "muskuladu, muskulawu", "694", "<entry page=""694"" id=""12751""><form id=""muskulaxdu_muskulaxwu"" lang=""ceb"">muskuládu, muskuláwu</form>
<hom role=""a""><pos>a</pos>
<sense n=""0""><trans> <tr>muscular</tr>, <tr>brawny</tr>. </trans>
<eg><i lang=""ceb"">Dì siya musúkul nímu kay muskuládu ka,</i><trans> He won’t fight with you because you are brawny. </trans></eg>
</sense></hom>
<hom role=""v""><pos>v</pos>
<sense n=""0""> <itype>[B1256]</itype><trans> be, become muscular.
</trans>
</sense></hom></entry>");
INSERT INTO `wced_head` (entryid, head, normalized_head, type, pos) VALUES (12751, "muskuládu", "muskuladu", "s", "av");
INSERT INTO `wced_head` (entryid, head, normalized_head, type, pos) VALUES (12751, "muskuláwu", "muskulawu", "s", "av");
INSERT INTO `wced_translation` (entryid, translation) VALUES (12751, "muscular");
INSERT INTO `wced_translation` (entryid, translation) VALUES (12751, "brawny");
INSERT INTO `wced_entry` VALUES (12752, "musmus", "694", "<entry page=""694"" id=""12752""><form id=""musmus"" lang=""ceb"">musmus</form>
<hom role=""v""><pos>v</pos>
<sense n=""1""><number>1</number> <itype>[A; c6]</itype><trans> push s.o.’s face hard against s.t. </trans>
<eg><i lang=""ceb"">Imusmus ku nang nawung mu sa bungbung,</i><trans> I’m going to push your face against the wall. </trans></eg>
</sense>
<sense n=""2""><number>2</number> <itype>[B1256]</itype><trans> fall down hard hitting one’s face on s.t. </trans>
<eg><i lang=""ceb"">Nadalispang siya ug namusmus sa lápuk,</i><trans> He slipped and fell down face first in the mud.
</trans></eg>
</sense></hom></entry>");
INSERT INTO `wced_head` (entryid, head, normalized_head, type, pos) VALUES (12752, "musmus", "musmus", "m", "v");
INSERT INTO `wced_entry` VALUES (12753, "mus na", "694", "<entry page=""694"" id=""12753""><form id=""mus_na"" lang=""ceb"">mus na</form>
<hom>
<sense n=""0""><trans> <ix>short for</ix> <xr lang=""ceb"" target=""#baxmus_na""><sc>bámus na</sc></xr>. <ix>see</ix> <xr lang=""ceb"" target=""#baxmus""><sc>bámus</sc></xr>.
</trans>
</sense></hom></entry>");
INSERT INTO `wced_head` (entryid, head, normalized_head, type, pos) VALUES (12753, "mus na", "mus na", "m", "");
INSERT INTO `wced_entry` VALUES (12754, "mustasa", "694", "<entry page=""694"" id=""12754""><form id=""mustaxsa"" lang=""ceb"">mustása</form>
<hom role=""n""><pos>n</pos>
<sense n=""0""><trans> <tr>mustard</tr>, commonly raised as a vegetable: <bio>Brassica integrifolia</bio>.
</trans>
</sense></hom></entry>");
INSERT INTO `wced_head` (entryid, head, normalized_head, type, pos) VALUES (12754, "mustása", "mustasa", "m", "n");
INSERT INTO `wced_translation` (entryid, translation) VALUES (12754, "mustard");
INSERT INTO `wced_entry` VALUES (12755, "mustra", "694", "<entry page=""694"" id=""12755""><form id=""mustra"" lang=""ceb"">mustra</form>
<hom role=""n""><pos>n</pos>
<sense n=""0""><trans> explanation by example, showing how s.t. is or works. </trans>
<eg><i lang=""ceb"">Mustra kun unsáun pagbúhat ang plánu sa balay,</i><trans> A demonstration on how to make the plans of a house. </trans></eg>
<eg><i lang=""ceb"">Mustra lang kini. Dílì ibaligyà,</i><trans> This is just a sample for display. It is not for sale. </trans></eg>
</sense></hom>
<hom role=""v""><pos>v</pos>
<sense n=""0""> <itype>[A; c]</itype><trans> demonstrate how to do s.t. </trans>
</sense></hom>
<entry><form id=""mustradur"" lang=""ceb""><abbr expan=""mustradur"" type=""lemma"">-dur(→)</abbr></form>
<hom role=""n""><pos>n</pos>
<sense n=""0""><trans> mannequin or showcase used to display.
</trans>
</sense></hom></entry></entry>");
INSERT INTO `wced_head` (entryid, head, normalized_head, type, pos) VALUES (12755, "mustra", "mustra", "m", "nv");
INSERT INTO `wced_head` (entryid, head, normalized_head, type, pos) VALUES (12755, "mustradur", "mustradur", "s", "n");
INSERT INTO `wced_entry` VALUES (12756, "musu", "694", "<entry page=""694"" id=""12756""><form id=""muxsu"" lang=""ceb"">músu</form>
<hom role=""v""><pos>v</pos>
<sense n=""1""><number>1</number> <itype>[A; b]</itype><trans> hire oneself out to do a piece of work. </trans>
<eg><i lang=""ceb"">Bugas ang gisúhul sa nagmúsu ug gúna,</i><trans> The man who did the weeding was given rice in compensation. </trans></eg>
</sense>
<sense n=""2""><number>2</number> <itype>[c2]</itype><trans> hire a work animal. </trans>
<eg><i lang=""ceb"">Íyang karabaw mauy átung imúsu (musúhan) sa dáru,</i><trans> We will hire his carabao. </trans></eg>
</sense></hom>
<hom role=""n""><pos>n</pos>
<sense n=""0""><trans> s.o. or s.t. hired out. </trans>
</sense></hom>
<entry><form id=""pamuxsu"" lang=""ceb""><abbr expan=""pamúsu"" type=""lemma"">pa-</abbr></form>
<hom role=""v""><pos>v</pos>
<sense n=""1""><number>1</number> <itype>[A; a]</itype><trans> hire s.o. </trans>
</sense>
<sense n=""2""><number>2</number> <itype>[A; c]</itype><trans> hire one’s work animal out to s.o. else.
</trans>
</sense></hom></entry></entry>");
INSERT INTO `wced_head` (entryid, head, normalized_head, type, pos) VALUES (12756, "músu", "musu", "m", "vn");
INSERT INTO `wced_head` (entryid, head, normalized_head, type, pos) VALUES (12756, "pamúsu", "pamusu", "s", "v");
INSERT INTO `wced_entry` VALUES (12757, "musuliyu", "694", "<entry page=""694"" id=""12757""><form id=""musulixyu"" lang=""ceb"">musulíyu</form>
<hom role=""n""><pos>n</pos>
<sense n=""0""><trans> <tr>mausoleum</tr>.
</trans>
</sense></hom></entry>");
INSERT INTO `wced_head` (entryid, head, normalized_head, type, pos) VALUES (12757, "musulíyu", "musuliyu", "m", "n");
INSERT INTO `wced_translation` (entryid, translation) VALUES (12757, "mausoleum");
INSERT INTO `wced_entry` VALUES (12758, "musyun", "694", "<entry page=""694"" id=""12758""><form id=""musyun"" lang=""ceb"">musyun</form>
<hom role=""n""><pos>n</pos>
<sense n=""0""><trans> motion in a meeting of a voting body. </trans>
</sense></hom>
<hom role=""v""><pos>v</pos>
<sense n=""0""> <itype>[A; c6]</itype><trans> make a motion.
</trans>
</sense></hom></entry>");
INSERT INTO `wced_head` (entryid, head, normalized_head, type, pos) VALUES (12758, "musyun", "musyun", "m", "nv");
INSERT INTO `wced_entry` VALUES (12759, "muta", "694", "<entry page=""694"" id=""12759""><form id=""muxtaq"" lang=""ceb"">mútà</form>
<hom role=""n""><pos>n</pos>
<sense n=""0""><trans> dried pus or mucous secretion in the eyes. </trans>
</sense></hom>
<hom role=""v""><pos>v</pos>
<sense n=""0""> <itype>[B126]</itype><trans> become this secretion in the eyes. </trans>
<eg><i lang=""ceb"">Ang abug sa mata mamútà,</i><trans> If dust gets into the eyes it will turn into pus. </trans></eg>
</sense></hom>
<entry><form id=""mutaq"" lang=""ceb""><abbr expan=""mutà"" type=""lemma"">(→)</abbr></form>
<hom role=""v""><pos>v</pos>
<sense n=""0""> <itype>[B146; a4]</itype><trans> be filled with this secretion. </trans>
<eg><i lang=""ceb"">Nagmutà (gimutà) ang mata sa gipiskat,</i><trans> The man with the sore eyes has dried pus in his eyes. </trans></eg>
</sense></hom></entry>
<entry><form id=""himuxtaq"" lang=""ceb""><abbr expan=""himútà"" type=""lemma"">hi-</abbr></form>
<hom role=""v""><pos>v</pos>
<sense n=""0""> <itype>[A; b]</itype><trans> remove the <ix>mútà</ix> from the eyes. </trans>
</sense></hom></entry>
<entry><form id=""panghimuxtaq"" lang=""ceb""><abbr expan=""panghimútà"" type=""lemma"">paNhi-</abbr></form>
<hom role=""v""><pos>v</pos>
<sense n=""0""> <itype>[A2; b]</itype><trans> remove pus from one’s eyes. </trans>
</sense></hom></entry>
<entry><form id=""himutaan"" lang=""ceb""><abbr expan=""himutaan"" type=""lemma"">hi-an(→)</abbr></form>
<hom role=""n""><pos>n</pos>
<sense n=""0""><trans> the corner of the eye where the <ix>mútà</ix> is deposited. </trans>
</sense></hom></entry>
<entry><form id=""mutaun"" lang=""ceb""><abbr expan=""mutaun"" type=""lemma"">-un(→)</abbr></form>
<hom role=""a""><pos>a</pos>
<sense n=""0""><trans> full of <ix>mútà</ix>.
</trans>
</sense></hom></entry></entry>");
INSERT INTO `wced_head` (entryid, head, normalized_head, type, pos) VALUES (12759, "mútà", "muta", "m", "nv");
INSERT INTO `wced_head` (entryid, head, normalized_head, type, pos) VALUES (12759, "mutà", "muta", "s", "v");
INSERT INTO `wced_head` (entryid, head, normalized_head, type, pos) VALUES (12759, "himútà", "himuta", "s", "v");
INSERT INTO `wced_head` (entryid, head, normalized_head, type, pos) VALUES (12759, "panghimútà", "panghimuta", "s", "v");
INSERT INTO `wced_head` (entryid, head, normalized_head, type, pos) VALUES (12759, "himutaan", "himutaan", "s", "n");
INSERT INTO `wced_head` (entryid, head, normalized_head, type, pos) VALUES (12759, "mutaun", "mutaun", "s", "a");
INSERT INTO `wced_entry` VALUES (12760, "mutibu", "694", "<entry page=""694"" id=""12760""><form id=""mutixbu"" lang=""ceb"">mutíbu</form>
<hom role=""n""><pos>n</pos>
<sense n=""0""><trans> <tr>motive</tr>. </trans>
<eg><i lang=""ceb"">Pangabubhu ang mutíbu sa pagpatay,</i><trans> Jealousy was the motive for the murder.
</trans></eg>
</sense></hom></entry>");
INSERT INTO `wced_head` (entryid, head, normalized_head, type, pos) VALUES (12760, "mutíbu", "mutibu", "m", "n");
INSERT INTO `wced_translation` (entryid, translation) VALUES (12760, "motive");
INSERT INTO `wced_entry` VALUES (12761, "mutil", "694", "<entry page=""694"" id=""12761""><form id=""mutil"" lang=""ceb"">mutil</form>
<hom role=""n""><pos>n</pos>
<sense n=""0""><trans> <tr>motel</tr> or <tr>cabins</tr>, usually used for illicit romance.
</trans>
</sense></hom></entry>");
INSERT INTO `wced_head` (entryid, head, normalized_head, type, pos) VALUES (12761, "mutil", "mutil", "m", "n");
INSERT INTO `wced_translation` (entryid, translation) VALUES (12761, "motel");
INSERT INTO `wced_translation` (entryid, translation) VALUES (12761, "cabins");
INSERT INTO `wced_entry` VALUES (12762, "mutimuti", "694", "<entry page=""694"" id=""12762""><form id=""mutimuti"" lang=""ceb"">mutimuti</form>
<hom>
<sense n=""0""><trans> = <xr lang=""ceb"" target=""#kamukaxmu""><sc>kamukámu</sc></xr>.
</trans>
</sense></hom></entry>");
INSERT INTO `wced_head` (entryid, head, normalized_head, type, pos) VALUES (12762, "mutimuti", "mutimuti", "m", "");
INSERT INTO `wced_entry` VALUES (12763, "mutsatsa", "694", "<entry page=""694"" id=""12763""><form id=""mutsatsa"" lang=""ceb"">mutsatsa</form>
<hom>
<sense n=""0""><trans> = <xr lang=""ceb"" target=""#mutsatsu""><sc>mutsatsu</sc></xr> (female), <ix>n, v1.</ix>
</trans>
</sense></hom></entry>");
INSERT INTO `wced_head` (entryid, head, normalized_head, type, pos) VALUES (12763, "mutsatsa", "mutsatsa", "m", "");
INSERT INTO `wced_entry` VALUES (12764, "mutsatsu", "694", "<entry page=""694"" id=""12764""><form id=""mutsatsu"" lang=""ceb"">mutsatsu</form>
<hom role=""n""><pos>n</pos>
<sense n=""1""><number>1</number><trans> <tr>male servant</tr>, <tr>houseboy</tr>. </trans>
</sense>
<sense n=""2""><number>2</number><trans> in children’s games, the loser who serves out a penalty. </trans>
</sense></hom>
<hom role=""v""><pos>v</pos>
<sense n=""1""><number>1</number> <itype>[B126; a2]</itype><trans> be, become a <tr>servant</tr>. </trans>
</sense>
<sense n=""2""><number>2</number> <itype>[A12]</itype><trans> hire or have s.o. as a servant. </trans>
<eg><i lang=""ceb"">Nakamutsatsu mig kawatan,</i><trans> We got a thief as a servant. </trans></eg>
</sense></hom>
<entry><form id=""pamutsatsu"" lang=""ceb""><abbr expan=""pamutsatsu"" type=""lemma"">pa-</abbr></form>
<hom role=""v""><pos>v</pos>
<sense n=""0""> <itype>[A1]</itype><trans> hire oneself out as a servant. </trans>
<eg><i lang=""ceb"">Didtu siya sa Manílà magpamutsatsu,</i><trans> He worked as a servant in Manila. </trans></eg>
</sense></hom></entry>
<entry><form id=""pakamutsatsu"" lang=""ceb""><abbr expan=""pakamutsatsu"" type=""lemma"">paka-</abbr></form>
<hom role=""v""><pos>v</pos>
<sense n=""0""> <itype>[A13; a12]</itype><trans> consider, treat like a houseboy.
</trans>
</sense></hom></entry></entry>");
INSERT INTO `wced_head` (entryid, head, normalized_head, type, pos) VALUES (12764, "mutsatsu", "mutsatsu", "m", "nv");
INSERT INTO `wced_head` (entryid, head, normalized_head, type, pos) VALUES (12764, "pamutsatsu", "pamutsatsu", "s", "v");
INSERT INTO `wced_head` (entryid, head, normalized_head, type, pos) VALUES (12764, "pakamutsatsu", "pakamutsatsu", "s", "v");
INSERT INTO `wced_translation` (entryid, translation) VALUES (12764, "male servant");
INSERT INTO `wced_translation` (entryid, translation) VALUES (12764, "houseboy");
INSERT INTO `wced_translation` (entryid, translation) VALUES (12764, "servant");
INSERT INTO `wced_entry` VALUES (12765, "mutsu", "694", "<entry page=""694"" id=""12765""><form id=""mutsu"" lang=""ceb"">mutsu</form>
<hom role=""a""><pos>a</pos>
<sense n=""0""><trans> being temporarily rich (colloquial). </trans>
<eg><i lang=""ceb"">Daghan kug amígu basta mutsu ka,</i><trans> You will have lots of friends as long as you’re in the clover. </trans></eg>
</sense></hom>
<entry><form id=""mutsu_dinixru"" lang=""ceb""><abbr expan=""mutsu"" type=""lemma"">—</abbr> diníru</form>
<hom>
<sense n=""0""><trans> having lots of money. </trans>
</sense></hom>
<hom role=""v""><pos>v</pos>
<sense n=""0""> <itype>[B1256]</itype><trans> have lots of money. </trans>
<eg><i lang=""ceb"">Mamutsu lang tag tingswildu,</i><trans> We are rich only on payday.
</trans></eg>
</sense></hom></entry></entry>");
INSERT INTO `wced_head` (entryid, head, normalized_head, type, pos) VALUES (12765, "mutsu", "mutsu", "m", "a");
INSERT INTO `wced_head` (entryid, head, normalized_head, type, pos) VALUES (12765, "mutsu diníru", "mutsu diniru", "s", "v");
INSERT INTO `wced_entry` VALUES (12766, "mutu, mutu", "694", "<entry page=""694"" id=""12766""><form id=""mutu_mutuq"" lang=""ceb"">mutu, mutù</form>
<hom role=""n""><pos>n</pos>
<sense n=""0""><trans> <tr>mound</tr>, <tr>hill</tr>. </trans>
<eg><i lang=""ceb"">Túa sa luyung <pb n=""695""/>mutu ang ámung balángay,</i><trans> Our town lies beyond that hill.
</trans></eg>
</sense></hom></entry>");
INSERT INTO `wced_head` (entryid, head, normalized_head, type, pos) VALUES (12766, "mutu", "mutu", "s", "n");
INSERT INTO `wced_head` (entryid, head, normalized_head, type, pos) VALUES (12766, "mutù", "mutu", "s", "n");
INSERT INTO `wced_translation` (entryid, translation) VALUES (12766, "mound");
INSERT INTO `wced_translation` (entryid, translation) VALUES (12766, "hill");
INSERT INTO `wced_entry` VALUES (12767, "mut-uk", "695", "<entry page=""695"" id=""12767""><form id=""mut-uk"" lang=""ceb"">mut-uk</form>
<hom>
<sense n=""0""><trans> (from <ix>but-uk</ix>) </trans>
</sense></hom>
<hom role=""v""><pos>v</pos>
<sense n=""0""> <itype>[b2]</itype><trans> be dumbfounded, be struck speechless because of the sudden impact of words or events. </trans>
<eg><i lang=""ceb"">Hingmut-ukan (namut-ukan) ku sa ímung nutisya kay mu rag dì katuúhan ang nahitabù,</i><trans> I was struck dumb by your news because it sounded unbelievable.
</trans></eg>
</sense></hom></entry>");
INSERT INTO `wced_head` (entryid, head, normalized_head, type, pos) VALUES (12767, "mut-uk", "mut-uk", "m", "v");
INSERT INTO `wced_entry` VALUES (12768, "mutumutu1", "695", "<entry page=""695"" id=""12768""><form id=""mutuqmuxtuq"" lang=""ceb"">mutùmútù<sub>1</sub></form>
<hom>
<sense n=""0""><trans> = <xr lang=""ceb"" target=""#tumuqtuxmuq""><sc>tumùtúmù</sc></xr>.
</trans>
</sense></hom></entry>");
INSERT INTO `wced_head` (entryid, head, normalized_head, type, pos) VALUES (12768, "mutùmútù", "mutumutu", "s", "");
INSERT INTO `wced_entry` VALUES (12769, "mutumutu2", "695", "<entry page=""695"" id=""12769""><form id=""mutuqmuxtuq2"" lang=""ceb"">mutùmútù<sub>2</sub></form>
<hom role=""v""><pos>v</pos>
<sense n=""0""> <itype>[A12; a12]</itype><trans> <tr>estimate</tr>, <tr>calculate approximately</tr>. </trans>
<eg><i lang=""ceb"">Mutùmutúa lang unsa kadaghana ang gikinahanglan,</i><trans> Just estimate how many we need.
</trans></eg>
</sense></hom></entry>");
INSERT INTO `wced_head` (entryid, head, normalized_head, type, pos) VALUES (12769, "mutùmútù", "mutumutu", "s", "v");
INSERT INTO `wced_translation` (entryid, translation) VALUES (12769, "estimate");
INSERT INTO `wced_translation` (entryid, translation) VALUES (12769, "calculate approximately");
INSERT INTO `wced_entry` VALUES (12770, "mutun", "695", "<entry page=""695"" id=""12770""><form id=""mutun"" lang=""ceb"">mutun</form>
<hom role=""n""><pos>n</pos>
<sense n=""0""><trans> block, a metal or wooden case containing a pulley or pulleys. </trans>
</sense></hom>
<hom role=""v""><pos>v</pos>
<sense n=""0""> <itype>[A13; a2]</itype><trans> attach a block to s.t.; haul out s.t. by means of a block.
</trans>
</sense></hom></entry>");
INSERT INTO `wced_head` (entryid, head, normalized_head, type, pos) VALUES (12770, "mutun", "mutun", "m", "nv");
INSERT INTO `wced_entry` VALUES (12771, "mutung", "695", "<entry page=""695"" id=""12771""><form id=""mutung"" lang=""ceb"">mutung</form>
<hom role=""a""><pos>a</pos>
<sense n=""0""><trans> for an animal in a group or flock to be fierce and domineering over the others. </trans>
</sense></hom>
<hom role=""v""><pos>v</pos>
<sense n=""0""> <itype>[B1]</itype><trans> gain supremacy over others. </trans>
<eg><i lang=""ceb"">Ang sunuy nagmutung sa pultri,</i><trans> The cock is the boss of the chicken yard. †
</trans></eg>
</sense></hom></entry>");
INSERT INTO `wced_head` (entryid, head, normalized_head, type, pos) VALUES (12771, "mutung", "mutung", "m", "av");
INSERT INTO `wced_entry` VALUES (12772, "mutur", "695", "<entry page=""695"" id=""12772""><form id=""mutur"" lang=""ceb"">mutur</form>
<hom role=""n""><pos>n</pos>
<sense n=""1""><number>1</number><trans> <tr>engine</tr>, <tr>motor</tr>. </trans>
<eg><i lang=""ceb"">Nadáut ang mutur sa tiprikurdir,</i><trans> The motor of the tape recorder got broken. </trans></eg>
</sense>
<sense n=""2""><number>2</number><trans> <tr>motorcycle</tr>. </trans>
</sense>
<sense n=""3""><number>3</number><trans> corn or rice mill. </trans>
<eg><i lang=""ceb"">Túa siya sa mutur nagpagaling ug mais,</i><trans> He is at the corn mill to have the corn milled. </trans></eg>
</sense></hom>
<entry><form id=""muturbayik_mutursaykul"" lang=""ceb""><abbr expan=""muturbayik"" type=""lemma"">-bayik</abbr>, <abbr expan=""mutursaykul"" type=""lemma"">-saykul</abbr></form>
<hom role=""n""><pos>n</pos>
<sense n=""0""><trans> <tr>motorbike</tr>, <tr>motorcycle</tr>. </trans>
</sense></hom>
<hom role=""v""><pos>v</pos>
<sense n=""1""><number>1</number> <itype>[c]</itype><trans> put s.t. as an engine; use s.t. as an engine. </trans>
</sense>
<sense n=""2""><number>2</number> <itype>[A; a12]</itype><trans> go by motorcycle. </trans>
</sense></hom></entry>
<entry><form id=""dimutur"" lang=""ceb""><abbr expan=""dimutur"" type=""lemma"">di-</abbr></form>
<hom>
<sense n=""0""><trans> motorized, having a motor. </trans>
</sense></hom></entry>
<entry><form id=""muturista"" lang=""ceb""><abbr expan=""muturista"" type=""lemma"">-ista</abbr></form>
<hom role=""n""><pos>n</pos>
<sense n=""0""><trans> <tr>motorist</tr>, <tr>driver</tr>.
</trans>
</sense></hom></entry></entry>");
INSERT INTO `wced_head` (entryid, head, normalized_head, type, pos) VALUES (12772, "mutur", "mutur", "m", "n");
INSERT INTO `wced_head` (entryid, head, normalized_head, type, pos) VALUES (12772, "muturbayik", "muturbayik", "s", "nv");
INSERT INTO `wced_head` (entryid, head, normalized_head, type, pos) VALUES (12772, "mutursaykul", "mutursaykul", "s", "nv");
INSERT INTO `wced_head` (entryid, head, normalized_head, type, pos) VALUES (12772, "dimutur", "dimutur", "s", "");
INSERT INTO `wced_head` (entryid, head, normalized_head, type, pos) VALUES (12772, "muturista", "muturista", "s", "n");
INSERT INTO `wced_translation` (entryid, translation) VALUES (12772, "engine");
INSERT INTO `wced_translation` (entryid, translation) VALUES (12772, "motor");
INSERT INTO `wced_translation` (entryid, translation) VALUES (12772, "motorcycle");
INSERT INTO `wced_translation` (entryid, translation) VALUES (12772, "motorbike");
INSERT INTO `wced_translation` (entryid, translation) VALUES (12772, "motorist");
INSERT INTO `wced_translation` (entryid, translation) VALUES (12772, "driver");
INSERT INTO `wced_entry` VALUES (12773, "mutursaykul, mutursiklu", "695", "<entry page=""695"" id=""12773""><form id=""mutursaykul_mutursiklu"" lang=""ceb"">mutursaykul, mutursiklu</form>
<hom role=""n""><pos>n</pos>
<sense n=""0""><trans> <tr>motorcycle</tr>.
</trans>
</sense></hom></entry>");
INSERT INTO `wced_head` (entryid, head, normalized_head, type, pos) VALUES (12773, "mutursaykul", "mutursaykul", "s", "n");
INSERT INTO `wced_head` (entryid, head, normalized_head, type, pos) VALUES (12773, "mutursiklu", "mutursiklu", "s", "n");
INSERT INTO `wced_translation` (entryid, translation) VALUES (12773, "motorcycle");
INSERT INTO `wced_entry` VALUES (12774, "mutya", "695", "<entry page=""695"" id=""12774""><form id=""mutyaq"" lang=""ceb"">mutyà</form>
<hom role=""n""><pos>n</pos>
<sense n=""1""><number>1</number><trans> precious gem with magical properties. </trans>
<eg><i lang=""ceb"">May mutyà nà siya búsà dílì dutlan,</i><trans> He has a charm and so he is invulnerable. </trans></eg>
</sense>
<sense n=""1a""><number>1a</number> <form id=""mutyaq_sa_saxging_tinduk"" lang=""ceb""><abbr expan=""mutyà"" type=""lemma"">—</abbr> sa ságing tinduk</form><trans> </trans>
</sense></hom>
<hom role=""n""><pos>n</pos>
<sense n=""0""><trans> in folk belief, a precious stone which falls from the blossom of a <ix>tinduk</ix> banana when it opens at midnight on a moonless night. Supernatural beings in the form of powerful monsters watch for this stone to fall. If a man obtains this stone, he is endowed with magical powers but he must wrest it from the supernatural beings who are also after it. </trans>
</sense>
<sense n=""2""><number>2</number><trans> anything precious or valued highly. </trans>
<eg><i lang=""ceb"">Ang bugtung níyang mutyà dinhi sa kalibútan mau ang íyang anak,</i><trans> Her only treasure here on earth is her child. </trans></eg>
</sense>
<sense n=""2a""><number>2a</number> <form id=""daw_may_mutyang_gisapnay_nagsapnay_ug_mutyaq"" lang=""ceb"">daw may <abbr expan=""mutyang"" type=""lemma"">-ng</abbr> gisapnay, nagsapnay ug <abbr expan=""mutyà"" type=""lemma"">—</abbr></form><trans> being extraordinarily careful in handling s.t. (as if one were carrying a precious gem). </trans>
<eg><i lang=""ceb"">Ampíngi ang ímung dungug sáma sa mutyang sinapnay,</i><trans> Guard your honor like a jewel. </trans></eg>
</sense>
<sense n=""2b""><number>2b</number><trans> <tr>treasured</tr>, most <tr>valued</tr>. </trans>
</sense></hom>
<entry><form id=""mutyaq_sa_mga_mata"" lang=""ceb""><abbr expan=""mutyà"" type=""lemma"">—</abbr> sa mga mata</form>
<hom>
<sense n=""0""><trans> apple of one’s eye. </trans>
</sense></hom>
<hom role=""v""><pos>v</pos>
<sense n=""0""> <itype>[A12; b(1)]</itype><trans> possess a precious gem having a charm. </trans>
</sense></hom></entry>
<entry><form id=""pakamutyaq"" lang=""ceb""><abbr expan=""pakamutyà"" type=""lemma"">paka-</abbr></form>
<hom role=""v""><pos>v</pos>
<sense n=""0""> <itype>[A13; a12]</itype><trans> consider, treat as a precious gem.
</trans>
</sense></hom></entry></entry>");
INSERT INTO `wced_head` (entryid, head, normalized_head, type, pos) VALUES (12774, "mutyà", "mutya", "m", "nn");
INSERT INTO `wced_head` (entryid, head, normalized_head, type, pos) VALUES (12774, "mutyà sa ságing tinduk", "mutya sa saging tinduk", "s", "");
INSERT INTO `wced_head` (entryid, head, normalized_head, type, pos) VALUES (12774, "daw may mutyang gisapnay", "daw may mutyang gisapnay", "s", "");
INSERT INTO `wced_head` (entryid, head, normalized_head, type, pos) VALUES (12774, "nagsapnay ug mutyà", "nagsapnay ug mutya", "s", "");
INSERT INTO `wced_head` (entryid, head, normalized_head, type, pos) VALUES (12774, "mutyà sa mga mata", "mutya sa mga mata", "s", "v");
INSERT INTO `wced_head` (entryid, head, normalized_head, type, pos) VALUES (12774, "pakamutyà", "pakamutya", "s", "v");
INSERT INTO `wced_translation` (entryid, translation) VALUES (12774, "treasured");
INSERT INTO `wced_translation` (entryid, translation) VALUES (12774, "valued");
INSERT INTO `wced_entry` VALUES (12775, "muu", "695", "<entry page=""695"" id=""12775""><form id=""muu"" lang=""ceb"">muu</form>
<hom>
<sense n=""0""><trans> = <xr lang=""ceb"" target=""#mau""><sc>mau</sc></xr>.
</trans>
</sense></hom></entry>");
INSERT INTO `wced_head` (entryid, head, normalized_head, type, pos) VALUES (12775, "muu", "muu", "m", "");
INSERT INTO `wced_entry` VALUES (12776, "muuk", "695", "<entry page=""695"" id=""12776""><form id=""muxuk"" lang=""ceb"">múuk</form>
<hom role=""v""><pos>v</pos>
<sense n=""1""><number>1</number> <itype>[A1]</itype><trans> be asleep soundly. </trans>
<eg><i lang=""ceb"">Magmúuk ug katúlug ang bátà human digúa,</i><trans> A baby sleeps soundly after you bathe it. </trans></eg>
</sense>
<sense n=""2""><number>2</number> <itype>[A1; b(1)]</itype><trans> stay in bed due to inactivity. </trans>
<eg><i lang=""ceb"">Magmúuk lang siya kanúnay sa banig bísag udtu na,</i><trans> She is always staying in bed, even if the sun is up. </trans></eg>
</sense>
<sense n=""3""><number>3</number> <itype>[A13]</itype><trans> be so that air cannot get at it. </trans>
<eg><i lang=""ceb"">Ug magmúuk ang ímung samad, dílì mamaáyug dalì,</i><trans> If your wound is wrapped up so air cannot get at it, it will take a long time to get better. </trans></eg>
</sense></hom>
<entry><form id=""muukmuxuk_ug_kataxwa"" lang=""ceb"">muukmúuk ug katáwa</form>
<hom role=""v""><pos>v</pos>
<sense n=""0""> <itype>[A; b3]</itype><trans> roll with laughter, suppressing the sound. </trans>
<eg><i lang=""ceb"">Nagmuukmúuk mi pagkatáwa sa ámung maistrung wà makapamutúnis,</i><trans> We practically exploded with laughter at our teacher because he hadn’t buttoned his pants. </trans></eg>
</sense></hom></entry>
<entry><form id=""muukan_palamuxuk"" lang=""ceb""><abbr expan=""muukan"" type=""lemma"">-an(→)</abbr>, <abbr expan=""palamúuk"" type=""lemma"">pala-</abbr></form>
<hom role=""a""><pos>a</pos>
<sense n=""0""><trans> <tr>sleepyhead</tr>.
</trans>
</sense></hom></entry></entry>");
INSERT INTO `wced_head` (entryid, head, normalized_head, type, pos) VALUES (12776, "múuk", "muuk", "m", "v");
INSERT INTO `wced_head` (entryid, head, normalized_head, type, pos) VALUES (12776, "muukmúuk ug katáwa", "muukmuuk ug katawa", "s", "v");
INSERT INTO `wced_head` (entryid, head, normalized_head, type, pos) VALUES (12776, "muukan", "muukan", "s", "a");
INSERT INTO `wced_head` (entryid, head, normalized_head, type, pos) VALUES (12776, "palamúuk", "palamuuk", "s", "a");
INSERT INTO `wced_translation` (entryid, translation) VALUES (12776, "sleepyhead");
INSERT INTO `wced_entry` VALUES (12777, "muung", "695", "<entry page=""695"" id=""12777""><form id=""muung"" lang=""ceb"">muung</form>
<hom role=""n""><pos>n</pos>
<sense n=""0""><trans> k.o. cardinal fish: name given to numerous small, red, lightly-scaled fish of the family <bio>Apogonidae</bio>.
</trans>
</sense></hom></entry>");
INSERT INTO `wced_head` (entryid, head, normalized_head, type, pos) VALUES (12777, "muung", "muung", "m", "n");
INSERT INTO `wced_entry` VALUES (12778, "muut, muut", "695", "<entry page=""695"" id=""12778""><form id=""muut_muxut"" lang=""ceb"">muut, múut</form>
<hom>
<sense n=""0""><trans> (from <ix>buut</ix>) </trans>
</sense></hom>
<hom role=""a""><pos>a</pos>
<sense n=""0""><trans> <tr>funny</tr>, extremely <tr>laughable</tr>. </trans>
<eg><i lang=""ceb"">Muut kaáyu si Dulpi mudala ug kumidiya,</i><trans> Dolphy is very funny in a comedian’s role. </trans></eg>
</sense></hom>
<hom role=""v""><pos>v</pos>
<sense n=""1""><number>1</number> <itype>[B12; a2]</itype><trans> be <tr>funny</tr>, <tr>hilarious</tr>. </trans>
<eg><i lang=""ceb"">Muúta nang ímung mga líhuk arun mangatáwa sila,</i><trans> Make your actions funny so that they will laugh. </trans></eg>
</sense>
<sense n=""2""><number>2</number> <itype>[B1256]</itype><trans> be, become amused at s.t. funny. </trans>
<eg><i lang=""ceb"">Namuut ku sa íyang kumidiya,</i><trans> I was amused at her jokes. </trans></eg>
</sense></hom>
<entry><form id=""paramuxut"" lang=""ceb""><abbr expan=""paramúut"" type=""lemma"">para-(←)</abbr></form>
<hom role=""a""><pos>a</pos>
<sense n=""0""><trans> <tr>funny</tr>, <tr>laughable</tr>. </trans>
<eg><i lang=""ceb"">Ang mga salída ni Dyíri Líwis pulus paramúut,</i><trans> Jerry Lewis’s films are all funny.
</trans></eg>
</sense></hom></entry></entry>");
INSERT INTO `wced_head` (entryid, head, normalized_head, type, pos) VALUES (12778, "muut", "muut", "s", "av");
INSERT INTO `wced_head` (entryid, head, normalized_head, type, pos) VALUES (12778, "múut", "muut", "s", "av");
INSERT INTO `wced_head` (entryid, head, normalized_head, type, pos) VALUES (12778, "paramúut", "paramuut", "s", "a");
INSERT INTO `wced_translation` (entryid, translation) VALUES (12778, "funny");
INSERT INTO `wced_translation` (entryid, translation) VALUES (12778, "laughable");
INSERT INTO `wced_translation` (entryid, translation) VALUES (12778, "hilarious");
INSERT INTO `wced_entry` VALUES (12779, "muwaybuway", "695", "<entry page=""695"" id=""12779""><form id=""muwaybuway"" lang=""ceb"">muwaybuway</form>
<hom>
<sense n=""0""><trans> = <xr lang=""ceb"" target=""#buraybuxray""><sc>buraybúray</sc></xr>.
</trans>
</sense></hom></entry>");
INSERT INTO `wced_head` (entryid, head, normalized_head, type, pos) VALUES (12779, "muwaybuway", "muwaybuway", "m", "");
INSERT INTO `wced_entry` VALUES (12780, "muy", "695", "<entry page=""695"" id=""12780""><form id=""muy"" lang=""ceb"">muy</form>
<hom>
<sense n=""1""><number>1</number><trans> <ix>exclamation initial to a sentence:</ix> My! How very. </trans>
<eg><i lang=""ceb"">Muy hináya pud nímu nga musulat!</i><trans> How slow you write! </trans></eg>
</sense>
<sense n=""2""><number>2</number><trans> exclamation expressing deep disgruntlement or dissatisfaction. </trans>
<eg><i lang=""ceb"">Muy! Ug magsígi ning gastúha, makapútu,</i><trans> My! If these expenses go on, it will make us go bankrupt.
</trans></eg>
</sense></hom></entry>");
INSERT INTO `wced_head` (entryid, head, normalized_head, type, pos) VALUES (12780, "muy", "muy", "m", "");
INSERT INTO `wced_entry` VALUES (12781, "muy", "695", "<entry page=""695"" id=""12781""><form id=""muqy"" lang=""ceb"">mùy</form>
<hom>
<sense n=""0""><trans> = <xr lang=""ceb"" target=""#muy""><sc>muy</sc></xr>, <i lang=""ceb"">2.</i>
</trans>
</sense></hom></entry>");
INSERT INTO `wced_head` (entryid, head, normalized_head, type, pos) VALUES (12781, "mùy", "muy", "m", "");
INSERT INTO `wced_entry` VALUES (12782, "*muyu", "695", "<entry page=""695"" id=""12782""><form id=""xxmuyuq"" lang=""ceb"">*muyù</form>
<entry><form id=""higmuyuq_hagmuyuq"" lang=""ceb""><abbr expan=""higmuyù"" type=""lemma"">hig-</abbr>/<abbr expan=""hagmuyù"" type=""lemma"">hag-</abbr></form>
<hom>
<sense n=""0""><trans> = <xr lang=""ceb"" target=""#hisagmuyuqhasagmuyuq""><sc><abbr expan=""hisagmuyù"" type=""lemma"">hisag-</abbr>/<abbr expan=""hasagmuyù"" type=""lemma"">hasag-</abbr></sc></xr>. <ix>see</ix> <xr lang=""ceb"" target=""#sagmuyuq""><sc>sagmuyù</sc></xr>.
</trans>
</sense></hom></entry></entry>");
INSERT INTO `wced_head` (entryid, head, normalized_head, type, pos) VALUES (12782, "muyù", "muyu", "s", "");
INSERT INTO `wced_head` (entryid, head, normalized_head, type, pos) VALUES (12782, "higmuyù", "higmuyu", "s", "");
INSERT INTO `wced_head` (entryid, head, normalized_head, type, pos) VALUES (12782, "hagmuyù", "hagmuyu", "s", "");
INSERT INTO `wced_entry` VALUES (12783, "mwiblis", "695", "<entry page=""695"" id=""12783""><form id=""mwiblis"" lang=""ceb"">mwiblis</form>
<hom role=""n""><pos>n</pos>
<sense n=""0""><trans> <tr>furniture</tr>. </trans>
</sense></hom>
<hom role=""v""><pos>v</pos>
<sense n=""0""> <itype>[A12]</itype><trans> get furniture.
</trans>
</sense></hom></entry>");
INSERT INTO `wced_head` (entryid, head, normalized_head, type, pos) VALUES (12783, "mwiblis", "mwiblis", "m", "nv");
INSERT INTO `wced_translation` (entryid, translation) VALUES (12783, "furniture");
INSERT INTO `wced_entry` VALUES (12784, "mwilyi", "695", "<entry page=""695"" id=""12784""><form id=""mwilyi"" lang=""ceb"">mwilyi</form>
<hom>
<sense n=""0""><trans> = <xr lang=""ceb"" target=""#mulyi_2_3""><sc>mulyi<sub>1, 2, 3</sub></sc></xr>.
</trans>
</sense></hom></entry>");
INSERT INTO `wced_head` (entryid, head, normalized_head, type, pos) VALUES (12784, "mwilyi", "mwilyi", "m", "");
INSERT INTO `wced_entry` VALUES (12785, "mwistra", "695", "<entry page=""695"" id=""12785""><form id=""mwistra"" lang=""ceb"">mwistra</form>
<hom>
<sense n=""0""><trans> = <xr lang=""ceb"" target=""#mustra""><sc>mustra</sc></xr>. </trans>
</sense></hom>
<entry><form id=""mwistradur"" lang=""ceb""><abbr expan=""mwistradur"" type=""lemma"">-dur</abbr></form>
<hom>
<sense n=""0""><trans> = <xr lang=""ceb"" target=""#mustradur""><sc>mustradur</sc></xr>.
</trans>
</sense></hom></entry></entry>");
INSERT INTO `wced_head` (entryid, head, normalized_head, type, pos) VALUES (12785, "mwistra", "mwistra", "m", "");
INSERT INTO `wced_head` (entryid, head, normalized_head, type, pos) VALUES (12785, "mwistradur", "mwistradur", "s", "");
INSERT INTO `wced_entry` VALUES (12786, "myapi", "695", "<entry page=""695"" id=""12786""><form id=""myaxpi"" lang=""ceb"">myápi</form>
<hom>
<sense n=""0""><trans> = <xr lang=""ceb"" target=""#pyaxpi""><sc>pyápi</sc></xr>.
</trans>
</sense></hom></entry>");
INSERT INTO `wced_head` (entryid, head, normalized_head, type, pos) VALUES (12786, "myápi", "myapi", "m", "");
INSERT INTO `wced_entry` VALUES (12787, "myaus", "695", "<entry page=""695"" id=""12787""><form id=""myaxus"" lang=""ceb"">myáus</form>
<hom>
<sense n=""0""><trans> = <xr lang=""ceb"" target=""#mayaxus""><sc>mayáus</sc></xr>.
</trans>
</sense></hom></entry>");
INSERT INTO `wced_head` (entryid, head, normalized_head, type, pos) VALUES (12787, "myáus", "myaus", "m", "");
INSERT INTO `wced_entry` VALUES (12788, "myimbru", "695", "<entry page=""695"" id=""12788""><form id=""myimbru"" lang=""ceb"">myimbru</form>
<hom>
<sense n=""0""><trans> = <xr lang=""ceb"" target=""#mimbru""><sc>mimbru</sc></xr>.
</trans>
</sense></hom></entry>");
INSERT INTO `wced_head` (entryid, head, normalized_head, type, pos) VALUES (12788, "myimbru", "myimbru", "m", "");
INSERT INTO `wced_entry` VALUES (12789, "myintras", "695", "<entry page=""695"" id=""12789""><form id=""myintras"" lang=""ceb"">myintras</form>
<hom>
<sense n=""0""><trans> = <xr lang=""ceb"" target=""#mintras""><sc>mintras</sc></xr>.
</trans>
</sense></hom></entry>");
INSERT INTO `wced_head` (entryid, head, normalized_head, type, pos) VALUES (12789, "myintras", "myintras", "m", "");
INSERT INTO `wced_entry` VALUES (12790, "myirkulis", "695", "<entry page=""695"" id=""12790""><form id=""Myirkulis"" lang=""ceb"">Myirkulis</form>
<hom>
<sense n=""0""><trans> = <xr lang=""ceb"" target=""#mirkulis""><sc>mirkulis</sc></xr>.
</trans>
</sense></hom></entry>");
INSERT INTO `wced_head` (entryid, head, normalized_head, type, pos) VALUES (12790, "Myirkulis", "myirkulis", "m", "");
INSERT INTO `wced_entry` VALUES (12791, "myusik", "695", "<entry page=""695"" id=""12791""><form id=""myuxsik"" lang=""ceb"">myúsik</form>
<hom role=""n""><pos>n</pos>
<sense n=""1""><number>1</number><trans> piece of music being played. </trans>
<eg><i lang=""ceb"">Dúnay myúsik sa intirmisyun sa sini,</i><trans> There’s music during the intermission in the movies. </trans></eg>
</sense>
<sense n=""2""><number>2</number><trans> music as a course. </trans>
</sense>
<sense n=""3""><number>3</number><trans> go, word uttered <pb n=""696""/>by a conductor of a passenger vehicle to signal the driver to drive off. </trans>
<eg><i lang=""ceb"">Dihang misinggit ang kunduktur ug myúsik, mipabulhut dáyun ang draybir,</i><trans> When the conductor shouted ‘music, maestro’, the driver immediately took off.


</trans></eg>
</sense></hom></entry>");
INSERT INTO `wced_head` (entryid, head, normalized_head, type, pos) VALUES (12791, "myúsik", "myusik", "m", "n");
COMMIT;
